step,action0,action1,action2,action3,action4,action5,state0,state1,state2,state3,state4,state5,state6,state7,state8,state9,state10,state11,state12,state13,state14,state15,state16,
0,0.00262082,0,0.526778,0.760987,0.991329,-0.00259488,1.24705,-0.00479347,-0.00341365,0.00196694,0.0027216,-0.00144531,-0.000367506,0.00282558,0.00440308,0.00365566,0.00247703,0.00289711,0.00153624,0.00359938,0.0023934,0.00365938,0.00324194,
1,-0.00111701,0,0.456686,0.763695,0.991329,-0.324654,1.24634,0.002043,0.00631131,-0.00366344,0.0357401,0.00500847,0.00311466,0.00229817,0.10996,-0.180693,0.776874,1.08193,-0.796172,8.06088,0.724062,0.452099,0.167956,
2,-0.00354223,0,0.479492,0.765459,0.991329,-0.0795611,1.24448,0.00647876,0.0122521,-0.00919464,0.125088,0.0092251,0.00662367,-0.0136134,0.077445,-0.282932,0.362505,0.461653,-0.589282,10,0.370235,0.419155,-4.14235,
3,-0.00455822,0,0.483174,0.766355,0.991329,0.1023,1.24161,0.00833705,0.0144193,-0.0126998,0.265471,0.0113697,0.0096205,-0.0492978,0.0720441,-0.433321,0.121991,0.11504,-0.239498,10,0.188427,0.332651,-4.79086,
4,-0.00481735,0,0.471362,0.766817,0.991329,0.216989,1.23744,0.00881101,0.0145136,-0.0117422,0.459056,0.0124773,0.0118767,-0.0796217,0.0892184,-0.605315,0.0114122,-0.0709764,0.574668,10,0.100887,0.237205,-2.81719,
5,-0.00481519,0,0.448547,0.767087,0.991329,0.269842,1.23194,0.00880706,0.0135151,-0.00150252,0.707832,0.0131244,0.0134277,-0.0881222,0.121193,-0.760692,-0.0022509,-0.167391,2.11912,10,0.0683953,0.157207,0.636428,
6,-0.00405508,0,0.500459,0.766925,0.991329,0.328235,1.22606,0.00741678,0.0126119,0.0114377,0.949351,0.0127364,0.0142676,-0.0710117,0.046074,-0.672166,-0.172947,-0.145165,1.0448,10,-0.0165956,0.0812078,3.4427,
7,-0.00359627,0,0.488033,0.767058,0.991329,0.273185,1.22071,0.00657759,0.0108187,0.0164538,1.04792,0.0130545,0.0148475,-0.0273714,0.0648468,-0.684631,-0.0495657,-0.313151,0.285807,6.12521,0.0809187,0.0661713,7.55775,
8,-0.00348987,0,0.476322,0.767401,0.991329,0.276725,1.21495,0.00638298,0.00763626,0.0170047,1.0658,0.0138773,0.0153869,0.0473809,0.0820607,-0.761944,-0.0126922,-0.476695,-0.0996268,-0.795194,0.117972,0.0689138,10,
9,-0.00337832,0,0.475594,0.767794,0.991329,0.271812,1.20857,0.00617897,0.00337898,0.0154969,1.0455,0.0148215,0.0159154,0.150388,0.0831159,-0.719874,-0.0264405,-0.451177,-0.203084,-3.77296,0.0672708,0.0256627,10,
10,-0.00346645,0,0.4697,0.767624,0.991329,0.0793968,1.2047,0.00634016,0.00185183,0.0142989,1.01095,0.0144121,0.0154948,0.252353,0.0915998,-0.289223,0.0678976,0.0167286,-0.117787,-4.65698,-0.1482,-0.107801,10,
11,-0.00387026,0,0.466465,0.766972,0.991329,-0.0366765,1.20342,0.00707872,0.00293778,0.0133905,0.973436,0.0128482,0.0146159,0.342463,0.0962105,-0.0575084,0.115704,0.22595,-0.113146,-4.61154,-0.23095,-0.107284,10,
12,-0.00440843,0,0.468364,0.766173,0.991329,-0.0889728,1.20347,0.00806307,0.00508002,0.0124505,0.938337,0.0109354,0.0139244,0.417126,0.0935074,0.0566571,0.128669,0.294052,-0.120659,-4.11629,-0.240853,-0.0674055,8.33481,
13,-0.004956,0,0.473635,0.765407,0.991329,-0.103171,1.20415,0.00906459,0.00744182,0.0114752,0.90801,0.00910146,0.0135554,0.475106,0.0859483,0.10376,0.120065,0.288429,-0.121378,-3.45405,-0.214361,-0.0277835,6.23594,
14,-0.00543881,0,0.48054,0.764759,0.991329,-0.0967432,1.20504,0.00994768,0.00959994,0.0105289,0.883101,0.0075499,0.0134544,0.517221,0.0759128,0.114625,0.0993449,0.247459,-0.114074,-2.78016,-0.172018,0.000306122,4.33733,
15,-0.00581828,0,0.487764,0.76426,0.991329,-0.0803904,1.20593,0.0106418,0.0113667,0.00966301,0.863359,0.00635791,0.0135262,0.545301,0.0652476,0.107478,0.0732499,0.193078,-0.102006,-2.17077,-0.125553,0.0164605,2.70722,
16,-0.00608136,0,0.494428,0.763913,0.991329,-0.0605933,1.20674,0.011123,0.0126884,0.00890192,0.848123,0.00553028,0.0136876,0.561494,0.0552524,0.0926864,0.0464694,0.137537,-0.0884084,-1.65565,-0.0815023,0.0236032,1.35412,
17,-0.00623088,0,0.50011,0.763706,0.991329,-0.0409638,1.20741,0.0113964,0.013583,0.00824787,0.836611,0.0050347,0.0138818,0.567923,0.0466088,0.0759165,0.0216323,0.0869517,-0.0755243,-1.23917,-0.0428544,0.0252574,0.259064,
18,-0.00627808,0,0.504683,0.763617,0.991329,-0.0232804,1.20796,0.0114828,0.0141014,0.00768953,0.828061,0.00482375,0.0140778,0.566518,0.0395654,0.060058,-0.00010078,0.0437561,-0.0645816,-0.913126,-0.0104726,0.0243456,-0.608059,
19,-0.00623814,0,0.508117,0.763627,0.991329,-0.00838459,1.20838,0.0114097,0.0143064,0.00720957,0.821801,0.00484668,0.0142628,0.558948,0.0342269,0.0463156,-0.0180865,0.00859325,-0.0559219,-0.664126,0.0156013,0.0226048,-1.2842,
20,-0.00612772,0,0.510482,0.763714,0.991329,0.00354256,1.2087,0.0112078,0.0142608,0.00678992,0.817272,0.00505508,0.0144346,0.54659,0.0305234,0.0350171,-0.0322586,-0.0189884,-0.0494407,-0.477783,0.0359416,0.0210537,-1.80573,
21,-0.00596296,0,0.511905,0.763861,0.991329,0.0126896,1.20895,0.0109064,0.0140215,0.00641434,0.814028,0.00540636,0.0145971,0.530547,0.0282847,0.0260516,-0.0429062,-0.0399665,-0.0448247,-0.340733,0.0514001,0.0201797,-2.20546,
22,-0.00575828,0,0.512535,0.764054,0.991329,0.0194801,1.20912,0.010532,0.0136368,0.00606932,0.811722,0.00586525,0.0147563,0.511682,0.0272904,0.0190025,-0.0505239,-0.0555585,-0.0417319,-0.241494,0.0629562,0.0201604,-2.51031,
23,-0.00552563,0,0.512525,0.764279,0.991329,0.02451,1.20925,0.0101065,0.0131443,0.00574374,0.810089,0.00640483,0.0149195,0.49068,0.0273062,0.0131666,-0.0557122,-0.0670835,-0.0398918,-0.170675,0.0716556,0.0210226,-2.73915,
24,-0.00527465,0,0.511976,0.764531,0.991329,0.028079,1.20934,0.00964744,0.0125726,0.00542909,0.808935,0.00700493,0.0150924,0.468085,0.0281731,0.00836492,-0.0589058,-0.0754511,-0.0389217,-0.120828,0.0781191,0.0224708,-2.90877,
25,-0.00501336,0,0.510963,0.7648,0.991329,0.0303378,1.20939,0.00916952,0.0119443,0.0051199,0.808115,0.00764928,0.0152784,0.444307,0.0297674,0.00465167,-0.0604329,-0.0812997,-0.0384661,-0.0862298,0.0827383,0.024185,-3.0349,
26,-0.00474838,0,0.509562,0.765083,0.991329,0.0314489,1.20942,0.00868485,0.0112775,0.00481311,0.807525,0.0083245,0.0154787,0.419639,0.0319655,0.0020304,-0.0606051,-0.0851701,-0.0382816,-0.0625761,0.0858665,0.0259652,-3.13141,
27,-0.00448495,0,0.507852,0.765373,0.991329,0.0316255,1.20942,0.00820302,0.0105859,0.00450715,0.807092,0.00902009,0.0156933,0.39427,0.0346404,0.000384696,-0.0597395,-0.0875608,-0.0382331,-0.0466776,0.0878633,0.0277183,-3.20941,
28,-0.00422696,0,0.505903,0.765669,0.991329,0.0311087,1.20942,0.00773114,0.00987948,0.00420124,0.806762,0.00972836,0.0159219,0.368318,0.0376741,-0.000492554,-0.0581382,-0.0889201,-0.0382587,-0.0361973,0.0890712,0.0294056,-3.27706,
29,-0.00397705,0,0.503775,0.765968,0.991329,0.0301278,1.20942,0.00727406,0.00916504,0.0038949,0.806501,0.0104442,0.0161637,0.341843,0.0409708,-0.000838554,-0.0560573,-0.0896214,-0.0383349,-0.0294434,0.0897797,0.0310026,-3.33969,
30,-0.00373691,0,0.501508,0.766269,0.991329,0.0288691,1.20941,0.00683482,0.00844664,0.00358777,0.806282,0.0111645,0.016418,0.314873,0.0444635,-0.000868467,-0.053688,-0.0899476,-0.0384517,-0.0252102,0.0902053,0.0324832,-3.40042,
31,-0.0035075,0,0.499126,0.766571,0.991329,0.0274616,1.2094,0.00641524,0.00772644,0.00327956,0.806091,0.0118875,0.0166835,0.287418,0.0481141,-0.000746891,-0.0511512,-0.0900908,-0.0386009,-0.0226545,0.0904889,0.0338195,-3.46079,
32,-0.00328943,0,0.496636,0.766873,0.991329,0.0259804,1.2094,0.00601638,0.00700542,0.00297007,0.805915,0.0126126,0.0169591,0.259478,0.0519076,-0.00058221,-0.0485072,-0.0901662,-0.0387718,-0.0212,0.0907098,0.034989,-3.52143,
33,-0.00308311,0,0.494037,0.767176,0.991329,0.0244591,1.2094,0.00563902,0.00628385,0.00265916,0.805747,0.0133393,0.0172434,0.231051,0.055844,-0.000434929,-0.045774,-0.0902331,-0.0389527,-0.020462,0.0909051,0.0359815,-3.58254,
34,-0.00288895,0,0.491322,0.76748,0.991329,0.0229052,1.20939,0.00528389,0.00556168,0.00234679,0.805583,0.0140675,0.0175349,0.202133,0.0599308,-0.000331133,-0.0429463,-0.0903159,-0.039133,-0.0201897,0.0910884,0.0368015,-3.64417,
35,-0.00270709,0,0.48852,0.767784,0.991329,0.0213873,1.20939,0.00495126,0.00483841,0.00203286,0.80542,0.0147976,0.0178327,0.172723,0.0641218,-0.000254304,-0.0401669,-0.0905241,-0.0393525,-0.0202342,0.0913903,0.0375592,-3.70516,
36,-0.00253728,0,0.485621,0.76809,0.991329,0.0198935,1.20939,0.00464069,0.00411294,0.00171702,0.805256,0.0155306,0.0181362,0.14283,0.0684299,-0.000204004,-0.0374139,-0.0908536,-0.0396042,-0.0204719,0.0917896,0.0382301,-3.76483,
37,-0.00237782,0,0.482997,0.768395,0.991329,0.0194112,1.20939,0.00434902,0.00338733,0.00138835,0.80509,0.0162646,0.0184437,0.112463,0.0723051,-0.000177653,-0.0365697,-0.0896208,-0.0462117,-0.0204305,0.0908956,0.038254,-3.8248,
38,-0.00220423,0,0.481481,0.768687,0.991329,0.0233938,1.20939,0.00403154,0.00267825,0.000934515,0.804929,0.0169667,0.0187406,0.0816331,0.0745328,-0.000170901,-0.0442286,-0.0892244,-0.0673009,-0.0193451,0.0833768,0.0354723,-3.88174,
39,-0.00198748,0,0.479794,0.768945,0.991329,0.0291776,1.20938,0.00363509,0.00194849,0.000314753,0.804781,0.0175856,0.0190024,0.0505539,0.0770043,-0.000246954,-0.0552824,-0.0936066,-0.087797,-0.0175326,0.070979,0.029885,-3.88795,
40,-0.00172604,0,0.477294,0.769158,0.991329,0.0337647,1.20938,0.00315692,0.0011864,-0.000467674,0.804647,0.0180988,0.0192134,0.0197055,0.0806493,-0.000390963,-0.0640355,-0.0965504,-0.108106,-0.0156555,0.0573787,0.02304,-3.82445,
41,-0.00143546,0,0.473904,0.769328,0.991329,0.0360031,1.20938,0.00262545,0.000417606,-0.0014156,0.804526,0.0185059,0.0193702,-0.0104171,0.0855594,-0.000550208,-0.0683325,-0.0949176,-0.129286,-0.014367,0.0446809,0.0164638,-3.70656,
42,-0.00114372,0,0.467296,0.769457,0.991329,0.0257212,1.20937,0.00209186,-0.000301289,-0.00254096,0.804411,0.0188168,0.0194765,-0.0391111,0.0950285,-0.00035223,-0.0490882,-0.0684269,-0.152496,-0.0140284,0.0314351,0.00756808,-3.0865,
43,-0.00113612,0,0.452006,0.769534,0.991329,-0.0218381,1.20937,0.00207796,-0.000421898,-0.00387218,0.804289,0.0190026,0.0194816,-0.0555193,0.116442,0.000410999,0.0406055,0.0337812,-0.181145,-0.0158953,0.017088,-0.00357245,-1.19505,
44,-0.00144822,0,0.444323,0.769582,0.991329,-0.0503175,1.20938,0.00264879,0.000186117,-0.00547191,0.804126,0.0191186,0.0194779,-0.0607543,0.126951,0.00102328,0.0941306,0.0961749,-0.195895,-0.0239351,0.0086004,0.00146558,-0.214125,
45,-0.00190623,0,0.438925,0.76958,0.991329,-0.0609438,1.20939,0.00348649,0.000819425,-0.00665951,0.803898,0.019114,0.019508,-0.060346,0.134241,0.00134645,0.113969,0.0605419,-0.100546,-0.0315368,-0.00757934,0.00575246,0.259872,
46,-0.00243607,0,0.436219,0.769546,0.991329,-0.0680989,1.2094,0.00445557,0.0011696,-0.00712465,0.803629,0.0190314,0.0195741,-0.0573462,0.137866,0.00120805,0.127667,0.0292434,-0.0205388,-0.0341988,-0.0113359,0.0104844,0.459201,
47,-0.00301531,0,0.435947,0.769513,0.991329,-0.07252,1.20941,0.005515,0.00131843,-0.0070587,0.803359,0.0189516,0.0196755,-0.053406,0.13823,0.000847249,0.136404,0.00953167,0.033053,-0.0326525,-0.00793999,0.0144454,0.510263,
48,-0.0036216,0,0.437467,0.769496,0.991329,-0.0742351,1.20941,0.00662392,0.00134225,-0.00665104,0.803114,0.0189098,0.019802,-0.0493841,0.136196,0.000399389,0.140092,-0.00253692,0.0658431,-0.0281456,-0.00241485,0.0167659,0.488285,
49,-0.00423449,0,0.440152,0.769496,0.991329,-0.0737257,1.20942,0.00774492,0.00129096,-0.00604661,0.802914,0.0189118,0.0199395,-0.0456754,0.132591,-6.45999e-05,0.139569,-0.00957673,0.0830647,-0.0219023,0.00275646,0.0173209,0.436457,
50,-0.004838,0,0.443476,0.769512,0.991329,-0.0716146,1.20941,0.00884878,0.00119756,-0.00535164,0.802768,0.0189501,0.020075,-0.0424169,0.128101,-0.000502678,0.135978,-0.0132805,0.0891476,-0.0149932,0.00658071,0.0164011,0.377837,
51,-0.00542119,0,0.44704,0.769538,0.991329,-0.0684987,1.20941,0.00991547,0.00108393,-0.00464028,0.802677,0.0190128,0.0201986,-0.0396137,0.123254,-0.000888246,0.130431,-0.0147807,0.0876925,-0.00824765,0.00886088,0.0144578,0.323417,
52,-0.0059776,0,0.450565,0.76957,0.991329,-0.0648766,1.2094,0.0109332,0.000964421,-0.00396108,0.802638,0.019088,0.020304,-0.0372127,0.118425,-0.0012057,0.123862,-0.0148531,0.0815121,-0.00222804,0.00978051,0.0119479,0.277379,
53,-0.00650441,0,0.453876,0.769602,0.991329,-0.0611351,1.20939,0.0118968,0.000848464,-0.00334334,0.802643,0.0191663,0.0203883,-0.0351434,0.113859,-0.00144887,0.117002,-0.0139329,0.0725699,0.00275261,0.00968663,0.00926078,0.24034,
54,-0.00700154,0,0.456879,0.769633,0.991329,-0.0575379,1.20938,0.0128061,0.000742973,-0.00280363,0.802682,0.019241,0.0204515,-0.0333376,0.109691,-0.0016194,0.110352,-0.0122889,0.0622018,0.0065798,0.00892907,0.00668175,0.211294,
55,-0.00747059,0,0.459529,0.769661,0.991329,-0.0542333,1.20936,0.013664,0.000652381,-0.00234875,0.802748,0.019308,0.020495,-0.0317374,0.105991,-0.00172509,0.104201,-0.0102635,0.0515186,0.0092779,0.00777299,0.00438104,0.188712,
56,-0.00791411,0,0.461814,0.769685,0.991329,-0.0512987,1.20935,0.0144753,0.000578464,-0.00197768,0.802831,0.0193647,0.0205216,-0.0302975,0.102784,-0.0017781,0.0987031,-0.00816341,0.0413534,0.0109607,0.00642219,0.0024418,0.171095,
57,-0.00833514,0,0.463745,0.769704,0.991329,-0.0487659,1.20933,0.0152454,0.000520898,-0.00168395,0.802924,0.0194104,0.0205343,-0.0289834,0.100063,-0.00179226,0.0939314,-0.00620401,0.0322449,0.0117889,0.00503221,0.000888407,0.157178,
58,-0.00873691,0,0.465347,0.769718,0.991329,-0.0466361,1.20932,0.0159804,0.00047801,-0.00145783,0.80302,0.0194453,0.0205361,-0.0277697,0.0977964,-0.00178087,0.0898989,-0.00451037,0.0244796,0.0119387,0.0037147,-0.000292156,0.145976,
59,-0.00912259,0,0.466653,0.769728,0.991329,-0.044888,1.20931,0.0166859,0.00044737,-0.00128801,0.803115,0.0194701,0.0205299,-0.0266377,0.0959429,-0.00175608,0.0865753,-0.00315156,0.0181725,0.0115807,0.00253915,-0.00113626,0.136769,
60,-0.00949519,0,0.467701,0.769735,0.991329,-0.0434886,1.20929,0.0173674,0.000426234,-0.00116289,0.803206,0.0194862,0.0205182,-0.0255735,0.094453,-0.00172796,0.0839069,-0.00213344,0.0132874,0.0108688,0.0015462,-0.00169093,0.129051,
61,-0.0098574,0,0.468528,0.769739,0.991329,-0.0423977,1.20928,0.01803,0.000412017,-0.00107162,0.803289,0.0194952,0.0205031,-0.0245667,0.0932744,-0.00170317,0.0818239,-0.0014161,0.00967977,0.0099335,0.000752504,-0.00200641,0.122472,
62,-0.0102116,0,0.469171,0.76974,0.991329,-0.041571,1.20926,0.018678,0.000402528,-0.00100473,0.803365,0.0194987,0.0204863,-0.0236091,0.0923556,-0.00168557,0.0802459,-0.000945568,0.00715795,0.00888014,0.000153795,-0.00213271,0.116795,
63,-0.0105599,0,0.469665,0.76974,0.991329,-0.0409631,1.20925,0.0193151,0.000396006,-0.00095435,0.803432,0.0194981,0.0204691,-0.0226941,0.0916491,-0.00167693,0.0790893,-0.000667877,0.00551926,0.00778987,-0.000268584,-0.00211685,0.111863,
64,-0.0109039,0,0.47004,0.769739,0.991329,-0.0405311,1.20924,0.0199443,0.000391107,-0.000914202,0.80349,0.0194947,0.0204525,-0.0218162,0.0911129,-0.00167769,0.0782732,-0.000534673,0.00456989,0.006722,-0.000541067,-0.0020007,0.107564,
65,-0.0112449,0,0.470321,0.769736,0.991329,-0.0402338,1.20922,0.0205681,0.000386837,-0.000879493,0.80354,0.0194897,0.0204371,-0.0209708,0.0907103,-0.00168751,0.0777199,-0.000506078,0.00413132,0.00571714,-0.000691824,-0.00181905,0.103735,
66,-0.0115839,0,0.47053,0.769734,0.991329,-0.0400367,1.20921,0.0211883,0.000382494,-0.000846768,0.803582,0.0194838,0.0204234,-0.0201547,0.0904116,-0.00170556,0.0773633,-0.000548946,0.00405098,0.00480066,-0.000749544,-0.00160127,0.100283,
67,-0.0119217,0,0.470681,0.769732,0.991329,-0.0399134,1.2092,0.0218063,0.000377619,-0.000813663,0.803617,0.0194778,0.0204115,-0.0193647,0.0901945,-0.00173085,0.077153,-0.000635925,0.00420892,0.00398538,-0.000741486,-0.00137107,0.0972347,
68,-0.0122588,0,0.470787,0.769729,0.991329,-0.0398442,1.20918,0.022423,0.000371946,-0.000778651,0.803647,0.019472,0.0204014,-0.0185974,0.0900426,-0.00176228,0.0770508,-0.000746058,0.00451429,0.00327421,-0.000690833,-0.00114542,0.0946345,
69,-0.0125957,0,0.470857,0.769727,0.991329,-0.0398143,1.20917,0.0230392,0.000365352,-0.000740834,0.80367,0.0194667,0.0203931,-0.0178491,0.0899433,-0.00179882,0.0770279,-0.000864502,0.00490051,0.00266317,-0.000615841,-0.000935154,0.0925039,
70,-0.0129326,0,0.470895,0.769725,0.991329,-0.0398128,1.20915,0.0236555,0.00035781,-0.000699763,0.803689,0.0194621,0.0203863,-0.017116,0.0898879,-0.00183956,0.0770626,-0.00098164,0.00532048,0.00214399,-0.000530005,-0.000746299,0.0908305,
71,-0.0132697,0,0.470908,0.769723,0.991329,-0.0398312,1.20914,0.0242723,0.000349356,-0.000655306,0.803705,0.0194581,0.020381,-0.0163947,0.0898695,-0.00188374,0.0771386,-0.00109193,0.00574222,0.00170621,-0.000442714,-0.000581396,0.0895732,
72,-0.0136072,0,0.470898,0.769722,0.991329,-0.0398638,1.20912,0.0248898,0.000340057,-0.000607537,0.803717,0.0194549,0.020377,-0.0156819,0.0898836,-0.00193076,0.0772442,-0.00119275,0.00614519,0.00133862,-0.000360066,-0.000440666,0.0886732,
73,-0.0139452,0,0.470868,0.769721,0.991329,-0.0399064,1.20911,0.0255082,0.00032999,-0.000556659,0.803726,0.0194523,0.0203739,-0.0149752,0.0899269,-0.00198017,0.0773712,-0.00128339,0.00651732,0.0010302,-0.000285663,-0.000322883,0.0880656,
74,-0.0142838,0,0.470819,0.76972,0.991329,-0.0399563,1.20909,0.0261277,0.000319237,-0.000502945,0.803733,0.0194502,0.0203717,-0.0142723,0.0899974,-0.00203163,0.0775142,-0.00136425,0.00685263,0.000770702,-0.000221296,-0.000225998,0.087688,
75,-0.0146231,0,0.470752,0.769719,0.991329,-0.040012,1.20908,0.0267484,0.000307872,-0.0004467,0.803739,0.0194486,0.0203702,-0.0135718,0.0900938,-0.00208491,0.0776701,-0.00143633,0.00714949,0.00055091,-0.000167501,-0.00014755,0.0874855,
76,-0.014963,0,0.470667,0.769719,0.991329,-0.040073,1.20906,0.0273704,0.000295959,-0.000388227,0.803742,0.0194474,0.0203693,-0.0128723,0.0902155,-0.00213989,0.0778376,-0.00150084,0.00740912,0.000362792,-0.000123984,-8.49429e-05,0.0874135,
77,-0.0153038,0,0.470564,0.769719,0.991329,-0.0401391,1.20904,0.0279937,0.000283556,-0.000327813,0.803744,0.0194465,0.0203688,-0.012173,0.0903623,-0.00219647,0.0780166,-0.00155901,0.00763462,0.000199497,-8.99352e-05,-3.56234e-05,0.087437,
78,-0.0156453,0,0.470444,0.769718,0.991329,-0.0402109,1.20902,0.0286186,0.000270707,-0.000265714,0.803745,0.0194459,0.0203687,-0.0114732,0.0905344,-0.00225463,0.0782078,-0.00161199,0.00783012,5.53037e-05,-6.42641e-05,2.80688e-06,0.0875307,
79,-0.0159876,0,0.470306,0.769718,0.991329,-0.040289,1.20901,0.029245,0.000257451,-0.000202153,0.803745,0.0194454,0.0203689,-0.0107725,0.0907319,-0.00231439,0.0784124,-0.0016608,0.00800022,-7.44667e-05,-4.57564e-05,3.25221e-05,0.0876762,
80,-0.0163309,0,0.47015,0.769718,0.991329,-0.0403742,1.20899,0.0298732,0.000243816,-0.000137314,0.803744,0.0194451,0.0203692,-0.0100704,0.0909551,-0.00237577,0.078632,-0.00170631,0.00814957,-0.000193567,-3.31874e-05,5.54341e-05,0.0878615,
81,-0.0166752,0,0.469976,0.769718,0.991329,-0.0404673,1.20897,0.0305031,0.000229826,-7.13444e-05,0.803742,0.0194448,0.0203697,-0.00936679,0.0912045,-0.00243885,0.0788681,-0.00174925,0.00828259,-0.000304947,-2.53945e-05,7.31778e-05,0.0880788,
82,-0.0170206,0,0.469783,0.769718,0.991329,-0.040569,1.20895,0.031135,0.0002155,-4.35978e-06,0.803739,0.0194446,0.0203704,-0.00866129,0.0914802,-0.00250371,0.0791222,-0.00179025,0.0084033,-0.00041087,-2.13205e-05,8.71143e-05,0.0883235,
83,-0.0173651,0,0.469795,0.769717,0.991329,-0.0402201,1.20893,0.0317654,0.000206845,4.67237e-05,0.803736,0.019442,0.0203701,-0.00795444,0.0914632,-0.0025562,0.0785056,-0.000413782,0.00450619,-0.000325318,-0.000605748,-0.000150804,0.0884232,
84,-0.0177075,0,0.469678,0.769714,0.991329,-0.0400453,1.20891,0.032392,0.00020677,7.2664e-05,0.803734,0.0194353,0.0203679,-0.00724405,0.0916315,-0.00262577,0.0782297,0.000337672,0.0021959,-0.000269199,-0.00101977,-0.00036841,0.0891464,
85,-0.0180494,0,0.469462,0.76971,0.991329,-0.0400171,1.20889,0.0330177,0.000210982,8.48801e-05,0.803731,0.0194259,0.0203643,-0.00652748,0.0919395,-0.00270149,0.0782355,0.00069561,0.000981614,-0.000291259,-0.00127944,-0.000519123,0.0899537,
86,-0.0183918,0,0.469181,0.769705,0.991329,-0.0400915,1.20886,0.0336442,0.000217128,9.02e-05,0.803729,0.019415,0.0203597,-0.00580512,0.0923416,-0.00277777,0.0784361,0.000842236,0.000413479,-0.000387337,-0.00142843,-0.000600856,0.0906065,
87,-0.0187354,0,0.468855,0.769701,0.991329,-0.0402346,1.20884,0.0342729,0.000223966,9.25872e-05,0.803725,0.0194032,0.0203548,-0.00507843,0.0928073,-0.00285324,0.0787667,0.000880624,0.000212552,-0.000534417,-0.00150306,-0.000627486,0.0910654,
88,-0.0190805,0,0.468497,0.769695,0.991329,-0.0404224,1.20882,0.0349045,0.00023088,9.42425e-05,0.80372,0.0193909,0.0203498,-0.00434876,0.0933176,-0.00292851,0.079182,0.000867691,0.000208847,-0.000707884,-0.00153113,-0.00061675,0.0913793,
89,-0.0194277,0,0.468117,0.76969,0.991329,-0.0406385,1.20879,0.0355398,0.000237595,9.63034e-05,0.803713,0.0193786,0.020345,-0.00361695,0.0938604,-0.00300446,0.0796518,0.000833997,0.000301208,-0.000888435,-0.00153249,-0.000584449,0.091619,
90,-0.0197769,0,0.467718,0.769685,0.991329,-0.0408727,1.20877,0.0361789,0.000244014,9.92829e-05,0.803705,0.0193663,0.0203405,-0.00288336,0.0944284,-0.00308085,0.0801568,0.000795468,0.000431271,-0.00106371,-0.00152046,-0.000542256,0.0918423,
91,-0.0201284,0,0.467304,0.76968,0.991329,-0.0411188,1.20874,0.0368222,0.000250133,0.000103341,0.803696,0.0193542,0.0203363,-0.00214791,0.0950171,-0.00315776,0.0806848,0.000759645,0.000567141,-0.00122667,-0.00150347,-0.000498008,0.0920909,
92,-0.0204822,0,0.466878,0.769675,0.991329,-0.0413729,1.20872,0.0374697,0.000255986,0.000108454,0.803685,0.0193422,0.0203325,-0.00141029,0.0956241,-0.00323559,0.0812291,0.000729522,0.000692805,-0.00137419,-0.00148649,-0.000456426,0.0923899,
93,-0.0208385,0,0.466438,0.76967,0.991329,-0.0416329,1.20869,0.0381217,0.000261624,0.000114506,0.803673,0.0193303,0.020329,-0.000670053,0.0962482,-0.00331473,0.0817858,0.000705779,0.000801452,-0.00150588,-0.00147218,-0.000419928,0.0927504,
94,-0.0211972,0,0.465987,0.769665,0.991329,-0.0418979,1.20867,0.0387782,0.000267096,0.000121353,0.803661,0.0193185,0.0203258,7.33179e-05,0.0968887,-0.00339553,0.0823533,0.000688011,0.000891359,-0.00162296,-0.00146171,-0.000389384,0.0931732,
95,-0.0215583,0,0.465524,0.76966,0.991329,-0.0421675,1.20864,0.0394392,0.000272447,0.000128847,0.803647,0.0193067,0.0203228,0.0008203,0.0975456,-0.00347821,0.0829311,0.000675394,0.00096342,-0.00172745,-0.00145537,-0.000364721,0.0936533,
96,-0.021922,0,0.465049,0.769656,0.991329,-0.0424416,1.20861,0.0401049,0.000277715,0.000136854,0.803633,0.019295,0.02032,0.00157132,0.0982187,-0.00356289,0.0835192,0.000667011,0.00101971,-0.00182161,-0.00145296,-0.000345355,0.0941828,
97,-0.0222883,0,0.464562,0.769651,0.991329,-0.0427204,1.20858,0.0407754,0.000282929,0.000145256,0.803617,0.0192834,0.0203173,0.00232674,0.0989082,-0.00364964,0.084118,0.000662018,0.00106269,-0.00190762,-0.00145406,-0.00033049,0.0947532,
98,-0.0226573,0,0.464063,0.769646,0.991329,-0.0430043,1.20855,0.0414506,0.000288113,0.000153957,0.803602,0.0192716,0.0203147,0.00308686,0.0996142,-0.00373849,0.084728,0.000659698,0.00109475,-0.00198741,-0.00145816,-0.000319293,0.0953567,
99,-0.0230289,0,0.463551,0.769641,0.991329,-0.0432934,1.20852,0.0421309,0.000293288,0.000162879,0.803585,0.0192599,0.0203122,0.00385191,0.100337,-0.00382943,0.0853497,0.000659475,0.00111807,-0.00206258,-0.0014648,-0.000310992,0.095987,
100,-0.0234032,0,0.463027,0.769636,0.991329,-0.0435881,1.20849,0.0428161,0.000298467,0.000171959,0.803568,0.0192481,0.0203097,0.00462209,0.101076,-0.00392248,0.0859835,0.000660898,0.00113448,-0.00213441,-0.00147353,-0.000304929,0.0966392,
101,-0.0237804,0,0.462491,0.769631,0.991329,-0.0438884,1.20846,0.0435065,0.000303663,0.000181149,0.80355,0.0192362,0.0203073,0.00539755,0.101832,-0.00401765,0.0866299,0.000663624,0.0011455,-0.00220385,-0.001484,-0.000300565,0.0973099,
102,-0.0241604,0,0.461942,0.769626,0.991329,-0.0441946,1.20843,0.044202,0.000308885,0.000190409,0.803532,0.0192242,0.020305,0.00617844,0.102604,-0.00411497,0.0872891,0.000667388,0.00115236,-0.00227163,-0.00149593,-0.00029748,0.0979968,
103,-0.0245432,0,0.461381,0.769621,0.991329,-0.0445068,1.20839,0.0449029,0.00031414,0.000199712,0.803513,0.0192121,0.0203026,0.00696488,0.103393,-0.00421448,0.0879613,0.000671993,0.00115602,-0.00233827,-0.0015091,-0.000295359,0.0986984,
104,-0.0249291,0,0.460808,0.769616,0.991329,-0.044825,1.20836,0.0456093,0.000319434,0.000209034,0.803494,0.0191999,0.0203003,0.00775698,0.104198,-0.00431621,0.0886468,0.000677286,0.00115723,-0.00240413,-0.00152333,-0.000293969,0.099414,
105,-0.0253179,0,0.460222,0.769611,0.991329,-0.0451493,1.20832,0.0463211,0.000324773,0.000218358,0.803474,0.0191876,0.0202979,0.00855486,0.10502,-0.00442023,0.0893456,0.000683146,0.00115656,-0.00246945,-0.00153851,-0.000293151,0.100143,
106,-0.0257098,0,0.459624,0.769606,0.991329,-0.0454797,1.20829,0.0470386,0.00033016,0.000227671,0.803454,0.0191752,0.0202956,0.00935861,0.105858,-0.00452658,0.0900578,0.000689479,0.00115445,-0.00253441,-0.00155455,-0.000292792,0.100886,
107,-0.0261049,0,0.459013,0.769601,0.991329,-0.0458162,1.20825,0.0477619,0.000335599,0.000236962,0.803433,0.0191626,0.0202933,0.0101684,0.106712,-0.00463532,0.0907834,0.000696205,0.00115124,-0.0025991,-0.00157138,-0.000292823,0.101642,
108,-0.0265031,0,0.45839,0.769595,0.991329,-0.0461587,1.20821,0.048491,0.000341093,0.000246225,0.803412,0.0191499,0.020291,0.0109842,0.107583,-0.00474651,0.0915225,0.000703259,0.00114716,-0.00266361,-0.00158897,-0.0002932,0.102412,
109,-0.0269046,0,0.457755,0.76959,0.991329,-0.0465072,1.20818,0.0492261,0.000346644,0.000255453,0.80339,0.019137,0.0202886,0.0118062,0.10847,-0.00486022,0.0922749,0.000710585,0.00114241,-0.00272798,-0.00160729,-0.000293898,0.103195,
110,-0.0273094,0,0.457107,0.769585,0.991329,-0.0468618,1.20814,0.0499673,0.000352255,0.000264641,0.803368,0.019124,0.0202863,0.0126346,0.109373,-0.00497651,0.0930408,0.000718134,0.00113711,-0.00279225,-0.00162631,-0.000294908,0.103992,
111,-0.0277175,0,0.456447,0.769579,0.991329,-0.0472222,1.2081,0.0507146,0.000357926,0.000273784,0.803345,0.0191109,0.020284,0.0134694,0.110292,-0.00509543,0.09382,0.00072586,0.00113136,-0.00285645,-0.00164605,-0.000296226,0.104802,
112,-0.0281291,0,0.455774,0.769574,0.991329,-0.0475886,1.20805,0.0514682,0.000363659,0.000282881,0.803321,0.0190976,0.0202816,0.0143107,0.111227,-0.00521705,0.0946126,0.000733725,0.00112525,-0.00292062,-0.00166648,-0.000297853,0.105626,
113,-0.0285441,0,0.455089,0.769568,0.991329,-0.0479609,1.20801,0.0522282,0.000369455,0.000291927,0.803297,0.0190841,0.0202792,0.0151587,0.112178,-0.00534144,0.0954185,0.00074169,0.00111881,-0.00298479,-0.00168763,-0.000299795,0.106463,
114,-0.0289627,0,0.454391,0.769562,0.991329,-0.0483391,1.20797,0.0529947,0.000375315,0.000300922,0.803273,0.0190704,0.0202768,0.0160134,0.113145,-0.00546865,0.0962377,0.000749723,0.00111209,-0.00304899,-0.00170948,-0.000302057,0.107314,
115,-0.0293848,0,0.453681,0.769557,0.991329,-0.048723,1.20793,0.0537679,0.000381239,0.000309861,0.803248,0.0190566,0.0202744,0.0168749,0.114129,-0.00559875,0.0970703,0.000757791,0.00110513,-0.00311327,-0.00173205,-0.000304643,0.108178,
116,-0.0298106,0,0.452958,0.769551,0.991329,-0.0491128,1.20788,0.0545477,0.000387228,0.000318745,0.803222,0.0190426,0.020272,0.0177434,0.115128,-0.0057318,0.0979162,0.000765863,0.00109794,-0.00317766,-0.00175535,-0.00030756,0.109055,
117,-0.0302402,0,0.452222,0.769545,0.991329,-0.0495084,1.20783,0.0553344,0.00039328,0.00032757,0.803196,0.0190284,0.0202696,0.018619,0.116143,-0.00586789,0.0987755,0.000773907,0.00109054,-0.00324221,-0.00177938,-0.000310811,0.109945,
118,-0.0306735,0,0.451474,0.769539,0.991329,-0.0499097,1.20779,0.0561279,0.000399396,0.000336335,0.803169,0.019014,0.0202671,0.0195017,0.117175,-0.00600706,0.0996482,0.000781896,0.00108296,-0.00330698,-0.00180415,-0.000314399,0.110848,
119,-0.0311106,0,0.450712,0.769533,0.991329,-0.0503168,1.20774,0.0569286,0.000405575,0.000345039,0.803142,0.0189993,0.0202646,0.0203917,0.118223,-0.00614941,0.100534,0.000789799,0.0010752,-0.00337201,-0.00182969,-0.000318328,0.111763,
120,-0.0315516,0,0.449938,0.769527,0.991329,-0.0507297,1.20769,0.0577363,0.000411817,0.000353681,0.803115,0.0189845,0.0202621,0.0212891,0.119287,-0.00629499,0.101434,0.000797585,0.00106727,-0.00343735,-0.00185599,-0.000322599,0.11269,
121,-0.0319965,0,0.44915,0.76952,0.991329,-0.0511483,1.20764,0.0585513,0.00041812,0.000362259,0.803087,0.0189695,0.0202595,0.0221939,0.120367,-0.00644388,0.102347,0.000805226,0.0010592,-0.00350305,-0.00188307,-0.000327214,0.11363,
122,-0.0324454,0,0.448349,0.769514,0.991329,-0.0515728,1.20758,0.0593737,0.000424484,0.000370771,0.803058,0.0189543,0.0202569,0.0231063,0.121464,-0.00659616,0.103274,0.000812737,0.001051,-0.00356917,-0.00191097,-0.000332197,0.114582,
123,-0.0328984,0,0.447535,0.769508,0.991329,-0.0520031,1.20753,0.0602035,0.000430907,0.000379218,0.803029,0.0189388,0.0202542,0.0240264,0.122578,-0.00675192,0.104214,0.00082023,0.00104275,-0.00363576,-0.0019398,-0.000337606,0.115553,
124,-0.0333555,0,0.446707,0.769501,0.991329,-0.0524394,1.20748,0.0610409,0.00043739,0.0003876,0.802999,0.0189231,0.0202515,0.0249543,0.123708,-0.00691123,0.105169,0.000827772,0.0010345,-0.00370288,-0.00196965,-0.000343448,0.116546,
125,-0.0338168,0,0.445865,0.769494,0.991329,-0.0528817,1.20742,0.061886,0.000443933,0.000395915,0.802969,0.0189071,0.0202488,0.0258902,0.124855,-0.00707418,0.106138,0.000835369,0.00102628,-0.00377061,-0.00200053,-0.00034971,0.117559,
126,-0.0342823,0,0.445009,0.769488,0.991329,-0.05333,1.20736,0.062739,0.000450536,0.000404165,0.802938,0.0188909,0.020246,0.0268343,0.12602,-0.00724085,0.107122,0.000842991,0.00101811,-0.00383897,-0.00203249,-0.000356382,0.118595,
127,-0.0347521,0,0.444139,0.769481,0.991329,-0.0537844,1.2073,0.0635998,0.000457201,0.00041235,0.802906,0.0188744,0.0202431,0.0277868,0.127201,-0.00741133,0.108119,0.000850588,0.00100998,-0.00390802,-0.00206554,-0.000363465,0.119651,
128,-0.0352263,0,0.443255,0.769474,0.991329,-0.0542447,1.20724,0.0644687,0.000463925,0.00042047,0.802874,0.0188577,0.0202402,0.0287478,0.1284,-0.00758572,0.109132,0.0008581,0.00100191,-0.00397778,-0.0020997,-0.000370966,0.120727,
129,-0.0357049,0,0.442356,0.769467,0.991329,-0.0547111,1.20718,0.0653457,0.000470709,0.000428526,0.802842,0.0188407,0.0202373,0.0297175,0.129617,-0.0077641,0.110159,0.000865465,0.000993873,-0.00404829,-0.00213499,-0.0003789,0.121822,
130,-0.036188,0,0.441442,0.76946,0.991329,-0.0551836,1.20712,0.066231,0.00047755,0.000436518,0.802809,0.0188234,0.0202342,0.030696,0.130851,-0.00794659,0.1112,0.000872626,0.000985877,-0.00411957,-0.00217144,-0.000387284,0.122937,
131,-0.0366757,0,0.440514,0.769452,0.991329,-0.0556621,1.20706,0.0671247,0.000484448,0.000444446,0.802775,0.0188058,0.0202311,0.0316835,0.132103,-0.00813327,0.112257,0.00087953,0.000977914,-0.00419167,-0.00220908,-0.000396134,0.12407,
132,-0.037168,0,0.439571,0.769445,0.991329,-0.0561467,1.20699,0.0680269,0.000491399,0.00045231,0.80274,0.0187879,0.0202279,0.0326802,0.133373,-0.00832424,0.113328,0.000886131,0.00096998,-0.00426462,-0.00224792,-0.000405466,0.125221,
133,-0.0376649,0,0.438612,0.769437,0.991329,-0.0566374,1.20692,0.0689378,0.000498402,0.000460111,0.802706,0.0187696,0.0202247,0.0336861,0.134661,-0.00851963,0.114414,0.000892386,0.000962071,-0.00433847,-0.002288,-0.000415293,0.12639,
134,-0.0381666,0,0.437638,0.76943,0.991329,-0.0571343,1.20685,0.0698574,0.000505453,0.000467849,0.80267,0.0187511,0.0202214,0.0347014,0.135968,-0.00871952,0.115516,0.000898371,0.000954138,-0.00441328,-0.00232929,-0.000425603,0.127577,
135,-0.0386731,0,0.436648,0.769422,0.991329,-0.0576377,1.20678,0.0707858,0.000512553,0.000475522,0.802634,0.0187322,0.020218,0.0357263,0.137293,-0.00892405,0.116633,0.000904847,0.000945846,-0.00448913,-0.00237132,-0.000436218,0.128782,
136,-0.0391845,0,0.435641,0.769414,0.991329,-0.0581479,1.20671,0.0717233,0.000519709,0.000483127,0.802597,0.018713,0.0202145,0.0367609,0.138638,-0.00913331,0.117768,0.000912401,0.000936973,-0.00456613,-0.00241374,-0.000446954,0.130004,
137,-0.0397009,0,0.434619,0.769406,0.991329,-0.058665,1.20664,0.0726699,0.00052693,0.000490658,0.80256,0.0186934,0.0202109,0.0378053,0.140002,-0.00934742,0.118919,0.000921167,0.000927518,-0.00464438,-0.00245649,-0.000457723,0.131243,
138,-0.0402222,0,0.433579,0.769397,0.991329,-0.059189,1.20656,0.0736258,0.000534226,0.000498112,0.802522,0.0186735,0.0202072,0.0388597,0.141385,-0.0095665,0.120087,0.000931045,0.000917591,-0.00472393,-0.0024996,-0.000468516,0.132499,
139,-0.0407487,0,0.432523,0.769389,0.991329,-0.05972,1.20648,0.0745911,0.000541604,0.000505485,0.802483,0.0186533,0.0202034,0.0399242,0.142788,-0.00979066,0.121272,0.000941788,0.000907517,-0.00480481,-0.00254317,-0.000479361,0.133772,
140,-0.0412804,0,0.431449,0.76938,0.991329,-0.0602581,1.20641,0.0755659,0.000549069,0.000512781,0.802444,0.0186327,0.0201996,0.0409989,0.144211,-0.0100201,0.122475,0.000952781,0.000898788,-0.00488711,-0.00258705,-0.000490215,0.135063,
141,-0.0418173,0,0.430358,0.769372,0.991329,-0.0608035,1.20632,0.0765505,0.000556621,0.000520018,0.802404,0.0186117,0.0201957,0.0420841,0.145655,-0.0102548,0.123696,0.000963603,0.000892491,-0.00497091,-0.00263114,-0.000501029,0.136371,
142,-0.0423595,0,0.429249,0.769363,0.991329,-0.0613563,1.20624,0.0775449,0.000564259,0.000527214,0.802363,0.0185904,0.0201917,0.0431797,0.147119,-0.0104951,0.124936,0.000974176,0.000888775,-0.00505626,-0.00267545,-0.000511805,0.137697,
143,-0.0429072,0,0.428121,0.769354,0.991329,-0.0619165,1.20616,0.0785492,0.00057198,0.00053439,0.802322,0.0185687,0.0201876,0.0442861,0.148604,-0.010741,0.126194,0.000984594,0.000887309,-0.00514315,-0.00272008,-0.000522586,0.139041,
144,-0.0434603,0,0.426975,0.769345,0.991329,-0.062484,1.20607,0.0795638,0.000579785,0.000541561,0.80228,0.0185467,0.0201834,0.0454033,0.150111,-0.0109927,0.12747,0.000995008,0.00088759,-0.00523157,-0.00276513,-0.000533439,0.140404,
145,-0.044019,0,0.425811,0.769335,0.991329,-0.0630589,1.20598,0.0805886,0.000587673,0.00054874,0.802237,0.0185243,0.0201791,0.0465314,0.151638,-0.0112503,0.128765,0.00100556,0.000889119,-0.00532151,-0.00281074,-0.000544437,0.141785,
146,-0.0445833,0,0.424627,0.769326,0.991329,-0.0636412,1.20589,0.0816238,0.000595646,0.000555935,0.802193,0.0185016,0.0201748,0.0476706,0.153188,-0.0115139,0.130079,0.00101637,0.000891493,-0.00541297,-0.00285702,-0.000555646,0.143186,
147,-0.0451534,0,0.423424,0.769316,0.991329,-0.064231,1.2058,0.0826696,0.000603706,0.000563151,0.802149,0.0184784,0.0201703,0.0488212,0.154759,-0.0117839,0.131412,0.0010275,0.00089442,-0.00550596,-0.00290405,-0.00056712,0.144606,
148,-0.0457293,0,0.422201,0.769306,0.991329,-0.0648282,1.2057,0.0837262,0.000611857,0.000570392,0.802104,0.0184549,0.0201658,0.0499831,0.156353,-0.0120602,0.132764,0.00103901,0.000897718,-0.00560055,-0.00295193,-0.0005789,0.146046,
149,-0.0463111,0,0.420957,0.769296,0.991329,-0.0654329,1.2056,0.0847936,0.000620101,0.000577661,0.802058,0.018431,0.0201611,0.0511567,0.157969,-0.0123431,0.134136,0.00105091,0.000901289,-0.00569677,-0.00300069,-0.000591011,0.147506,
150,-0.0468988,0,0.419693,0.769286,0.991329,-0.0660453,1.2055,0.0858721,0.000628442,0.00058496,0.802012,0.0184067,0.0201564,0.052342,0.159609,-0.0126327,0.135528,0.00106324,0.00090509,-0.00579472,-0.00305038,-0.000603465,0.148987,
151,-0.0474926,0,0.418408,0.769276,0.991329,-0.0666655,1.2054,0.0869618,0.000636883,0.000592289,0.801964,0.018382,0.0201516,0.0535392,0.161272,-0.0129292,0.136939,0.00107599,0.000909118,-0.00589446,-0.00310103,-0.000616265,0.150489,
152,-0.0480926,0,0.417101,0.769266,0.991329,-0.0672935,1.2053,0.0880629,0.000645428,0.000599652,0.801916,0.0183569,0.0201466,0.0547485,0.162959,-0.0132328,0.138371,0.00108919,0.000913385,-0.00599608,-0.00315264,-0.000629411,0.152012,
153,-0.0486988,0,0.415773,0.769255,0.991329,-0.0679295,1.20519,0.0891755,0.000654079,0.000607051,0.801867,0.0183314,0.0201416,0.0559701,0.16467,-0.0135437,0.139825,0.00110286,0.000917911,-0.00609967,-0.00320523,-0.000642895,0.153556,
154,-0.0493113,0,0.414422,0.769244,0.991329,-0.0685736,1.20508,0.0902999,0.000662842,0.000614486,0.801817,0.0183055,0.0201364,0.0572041,0.166406,-0.0138621,0.141299,0.00111703,0.00092272,-0.00620531,-0.0032588,-0.000656709,0.155122,
155,-0.0499302,0,0.413048,0.769233,0.991329,-0.069226,1.20497,0.0914361,0.00067172,0.000621962,0.801766,0.0182791,0.0201312,0.0584507,0.168167,-0.0141882,0.142795,0.00113173,0.00092783,-0.00631308,-0.00331335,-0.000670843,0.15671,
156,-0.0505557,0,0.41165,0.769222,0.991329,-0.0698868,1.20485,0.0925844,0.000680718,0.00062948,0.801714,0.0182523,0.0201258,0.0597101,0.169954,-0.0145221,0.144313,0.001147,0.000933259,-0.00642305,-0.00336889,-0.000685289,0.15832,
157,-0.0511877,0,0.410229,0.769211,0.991329,-0.070556,1.20474,0.0937449,0.000689839,0.000637042,0.801662,0.018225,0.0201203,0.0609825,0.171766,-0.0148642,0.145854,0.00116288,0.00093902,-0.00653532,-0.00342541,-0.000700036,0.159953,
158,-0.0518264,0,0.408783,0.769199,0.991329,-0.0712339,1.20462,0.0949178,0.000699091,0.000644652,0.801608,0.0181973,0.0201147,0.062268,0.173605,-0.0152145,0.147418,0.00117943,0.000945126,-0.00664995,-0.0034829,-0.000715075,0.161609,
159,-0.052472,0,0.407312,0.769188,0.991329,-0.0719207,1.20449,0.0961033,0.000708477,0.000652313,0.801554,0.0181691,0.020109,0.0635668,0.175472,-0.0155734,0.149005,0.0011967,0.000951587,-0.00676703,-0.00354135,-0.000730396,0.163288,
160,-0.0531244,0,0.405816,0.769176,0.991329,-0.0726163,1.20437,0.0973016,0.000718004,0.000660027,0.801499,0.0181404,0.0201031,0.0648791,0.177365,-0.0159411,0.150617,0.00121475,0.000958415,-0.00688662,-0.00360076,-0.00074599,0.16499,
161,-0.0537839,0,0.404294,0.769164,0.991329,-0.0733211,1.20424,0.098513,0.000727678,0.000667797,0.801442,0.0181113,0.0200971,0.0662052,0.179287,-0.0163178,0.152252,0.00123366,0.000965621,-0.00700881,-0.00366112,-0.000761843,0.166716,
162,-0.0544504,0,0.402744,0.769151,0.991329,-0.0740352,1.2041,0.0997374,0.000737508,0.000675627,0.801385,0.0180816,0.020091,0.0675451,0.181237,-0.0167038,0.153913,0.00125348,0.000973216,-0.00713367,-0.00372239,-0.000777943,0.168467,
163,-0.0551242,0,0.401168,0.769139,0.991329,-0.0747586,1.20397,0.100975,0.000747499,0.000683519,0.801326,0.0180515,0.0200848,0.0688992,0.183217,-0.0170993,0.155599,0.00127432,0.000981212,-0.00726129,-0.00378455,-0.000794276,0.170242,
164,-0.0558053,0,0.399563,0.769126,0.991329,-0.0754917,1.20383,0.102227,0.000757661,0.000691477,0.801267,0.0180209,0.0200784,0.0702675,0.185226,-0.0175046,0.157311,0.00129625,0.000989623,-0.00739175,-0.00384759,-0.000810824,0.172042,
165,-0.0564938,0,0.39793,0.769113,0.991329,-0.0762346,1.20369,0.103492,0.000768003,0.000699504,0.801207,0.0179897,0.0200719,0.0716503,0.187265,-0.01792,0.159049,0.00131939,0.000998463,-0.00752513,-0.00391145,-0.000827565,0.173868,
166,-0.0571898,0,0.396268,0.7691,0.991329,-0.0769874,1.20354,0.104771,0.000778535,0.000707604,0.801145,0.0179581,0.0200653,0.0730479,0.189334,-0.0183457,0.160815,0.00134384,0.00100775,-0.00766152,-0.0039761,-0.000844478,0.175719,
167,-0.0578935,0,0.394576,0.769086,0.991329,-0.0777504,1.2034,0.106065,0.000789267,0.00071578,0.801082,0.0179259,0.0200585,0.0744603,0.191435,-0.0187821,0.162608,0.00136974,0.00101749,-0.00780101,-0.00404147,-0.000861532,0.177597,
168,-0.058605,0,0.392853,0.769073,0.991329,-0.0785237,1.20324,0.107373,0.000800213,0.000724036,0.801018,0.0178932,0.0200516,0.0758879,0.193568,-0.0192294,0.16443,0.00139723,0.0010277,-0.00794369,-0.00410751,-0.000878696,0.179502,
169,-0.0593244,0,0.391099,0.769059,0.991329,-0.0793077,1.20309,0.108695,0.000811385,0.000732376,0.800953,0.01786,0.0200446,0.0773307,0.195733,-0.019688,0.166281,0.00142647,0.0010384,-0.00808966,-0.00417413,-0.00089593,0.181433,
170,-0.0600518,0,0.389313,0.769045,0.991329,-0.0801024,1.20293,0.110033,0.000822798,0.000740805,0.800887,0.0178262,0.0200374,0.0787892,0.197932,-0.0201582,0.168161,0.00145765,0.00104961,-0.00823903,-0.00424125,-0.00091319,0.183393,
171,-0.0607874,0,0.387493,0.769031,0.991329,-0.0809082,1.20277,0.111386,0.000834469,0.000749325,0.80082,0.0177919,0.0200301,0.0802634,0.200164,-0.0206403,0.170072,0.00149098,0.00106133,-0.0083919,-0.00430875,-0.000930421,0.18538,
172,-0.0615312,0,0.385641,0.769016,0.991329,-0.0817252,1.2026,0.112754,0.000846415,0.000757941,0.800751,0.017757,0.0200226,0.0817536,0.20243,-0.0211346,0.172014,0.0015267,0.00107358,-0.00854837,-0.00437651,-0.000947563,0.187395,
173,-0.0622835,0,0.383754,0.769001,0.991329,-0.0825538,1.20243,0.114138,0.000858657,0.000766658,0.800681,0.0177217,0.0200151,0.08326,0.204732,-0.0216416,0.173988,0.00156508,0.00108638,-0.00870856,-0.00444436,-0.000964543,0.18944,
174,-0.0630443,0,0.381831,0.768987,0.991329,-0.0833943,1.20225,0.115537,0.000871217,0.00077548,0.80061,0.0176857,0.0200073,0.0847829,0.207069,-0.0221615,0.175995,0.00160645,0.00109974,-0.00887259,-0.00451214,-0.000981273,0.191513,
175,-0.0638138,0,0.379873,0.768971,0.991329,-0.0842469,1.20207,0.116953,0.000884121,0.000784412,0.800537,0.0176492,0.0199995,0.0863225,0.209443,-0.0226948,0.178035,0.00165116,0.00111365,-0.00904059,-0.00457961,-0.000997655,0.193616,
176,-0.0645921,0,0.377878,0.768956,0.991329,-0.0851119,1.20189,0.118386,0.000897397,0.000793457,0.800463,0.0176122,0.0199915,0.087879,0.211853,-0.0232418,0.18011,0.00169964,0.00112811,-0.00921269,-0.00464654,-0.00101357,0.195749,
177,-0.0653793,0,0.375844,0.76894,0.991329,-0.0859898,1.2017,0.119835,0.000911076,0.000802621,0.800387,0.0175747,0.0199834,0.0894527,0.214302,-0.023803,0.182221,0.00175239,0.00114313,-0.00938902,-0.00471261,-0.00102887,0.197912,
178,-0.0661758,0,0.373772,0.768925,0.991329,-0.0868809,1.20151,0.121301,0.000925196,0.000811908,0.80031,0.0175366,0.0199752,0.0910438,0.216789,-0.0243788,0.184368,0.00180999,0.00115867,-0.00956973,-0.00477747,-0.0010434,0.200106,
179,-0.0669815,0,0.371661,0.768908,0.991329,-0.0877857,1.20131,0.122785,0.000939797,0.000821322,0.800232,0.017498,0.0199668,0.0926525,0.219315,-0.0249695,0.186553,0.00187312,0.00117472,-0.00975498,-0.00484068,-0.00105696,0.202331,
180,-0.0677966,0,0.369509,0.768892,0.991329,-0.0887046,1.20111,0.124286,0.000954927,0.000830866,0.800152,0.0174589,0.0199584,0.0942792,0.221882,-0.0255757,0.188777,0.00194259,0.00119121,-0.00994494,-0.00490174,-0.00106931,0.204587,
181,-0.0686213,0,0.367315,0.768876,0.991329,-0.0896382,1.2009,0.125805,0.000970641,0.000840545,0.800071,0.0174193,0.0199499,0.095924,0.224489,-0.0261978,0.191042,0.00201935,0.00120806,-0.0101398,-0.00496003,-0.00108017,0.206875,
182,-0.0694559,0,0.365078,0.768859,0.991329,-0.0905871,1.20069,0.127342,0.000987001,0.00085036,0.799988,0.0173793,0.0199413,0.0975873,0.227138,-0.0268362,0.193349,0.00210458,0.00122516,-0.0103397,-0.00501481,-0.0010892,0.209194,
183,-0.0703004,0,0.362797,0.768842,0.991329,-0.091552,1.20047,0.128898,0.00100408,0.000860313,0.799903,0.0173389,0.0199326,0.0992692,0.229829,-0.0274914,0.1957,0.00219962,0.00124237,-0.0105449,-0.00506519,-0.00109599,0.211544,
184,-0.071155,0,0.360472,0.768825,0.991329,-0.092532,1.20025,0.130473,0.00102195,0.000870408,0.799817,0.017298,0.0199239,0.10097,0.232563,-0.028164,0.198093,0.00230172,0.00126082,-0.0107554,-0.00511303,-0.00110114,0.213926,
185,-0.07202,0,0.358102,0.768808,0.991329,-0.0935242,1.20002,0.132067,0.00104064,0.000880666,0.799728,0.0172568,0.0199151,0.10269,0.235341,-0.0288543,0.200523,0.00240268,0.00128318,-0.0109708,-0.00516369,-0.00110687,0.216344,
186,-0.0728954,0,0.355686,0.768791,0.991329,-0.0945272,1.19979,0.133681,0.00106011,0.000891123,0.799639,0.0172152,0.0199063,0.104429,0.238162,-0.0295629,0.202989,0.00249835,0.00131068,-0.0111904,-0.00521989,-0.00111481,0.218801,
187,-0.0737814,0,0.353223,0.768773,0.991329,-0.0955408,1.19955,0.135315,0.00108032,0.000901824,0.799547,0.017173,0.0198975,0.106189,0.241028,-0.0302906,0.20549,0.00258751,0.00134361,-0.0114141,-0.0052824,-0.0011258,0.221302,
188,-0.0746781,0,0.35071,0.768755,0.991329,-0.0965655,1.1993,0.136969,0.00110122,0.00091281,0.799453,0.0171304,0.0198885,0.107968,0.24394,-0.031038,0.208027,0.00267043,0.00138192,-0.011642,-0.00535106,-0.00113997,0.22385,
189,-0.0755858,0,0.34814,0.768738,0.991329,-0.0976138,1.19905,0.138643,0.00112273,0.000924097,0.799358,0.0170871,0.0198794,0.109768,0.246908,-0.031798,0.21062,0.00273317,0.00141316,-0.011885,-0.00541364,-0.00115216,0.226404,
190,-0.0765048,0,0.345491,0.768719,0.991329,-0.0987215,1.1988,0.140338,0.00114447,0.000935475,0.79926,0.0170436,0.0198703,0.111588,0.249956,-0.0325508,0.213322,0.00273546,0.00141152,-0.0121634,-0.00543284,-0.00114556,0.228843,
191,-0.0774355,0,0.342774,0.768701,0.991329,-0.0998701,1.19853,0.142056,0.00116609,0.000946818,0.79916,0.0170001,0.0198613,0.113427,0.253069,-0.0333134,0.21611,0.00270411,0.00140731,-0.0124596,-0.00542295,-0.00112161,0.231212,
192,-0.0783782,0,0.339998,0.768683,0.991329,-0.101046,1.19826,0.143796,0.00118737,0.000958159,0.799058,0.0169567,0.0198526,0.115285,0.256237,-0.0340982,0.218968,0.00265448,0.00141145,-0.0127631,-0.00539527,-0.0010856,0.233578,
193,-0.0793332,0,0.337166,0.768665,0.991329,-0.10224,1.19799,0.145559,0.00120821,0.000969575,0.798953,0.0169135,0.0198441,0.117162,0.259457,-0.0349134,0.221886,0.00259521,0.00142614,-0.0130675,-0.00535797,-0.00104316,0.236,
194,-0.0803008,0,0.33428,0.768647,0.991329,-0.103448,1.1977,0.147346,0.00122855,0.00098115,0.798846,0.0168707,0.0198361,0.119058,0.262725,-0.0357635,0.224856,0.00253128,0.00145053,-0.0133697,-0.00531671,-0.000998854,0.238519,
195,-0.0812811,0,0.331339,0.76863,0.991329,-0.104667,1.19741,0.149156,0.00124837,0.000992956,0.798736,0.0168282,0.0198284,0.120976,0.266041,-0.0366511,0.227876,0.0024656,0.0014832,-0.0136687,-0.00527519,-0.000955787,0.24116,
196,-0.0822743,0,0.328343,0.768612,0.991329,-0.105894,1.19712,0.150991,0.00126766,0.00100505,0.798624,0.016786,0.019821,0.122914,0.269406,-0.0375766,0.230943,0.00239994,0.00152305,-0.0139653,-0.00523577,-0.000915771,0.24393,
197,-0.0832807,0,0.325287,0.768595,0.991329,-0.107138,1.19681,0.152851,0.00128643,0.00101748,0.79851,0.0167442,0.0198139,0.124876,0.272824,-0.0385306,0.234063,0.00232991,0.0015603,-0.0142645,-0.00519566,-0.000877952,0.246783,
198,-0.0843007,0,0.322081,0.768578,0.991329,-0.108553,1.1965,0.154737,0.0013041,0.0010298,0.798392,0.016703,0.0198073,0.126857,0.276395,-0.0393153,0.237384,0.00211496,0.00148975,-0.0146297,-0.00503935,-0.000796185,0.248671,
199,-0.0853353,0,0.318724,0.768561,0.991329,-0.110145,1.19618,0.15665,0.00131945,0.00104119,0.798272,0.0166637,0.0198016,0.128848,0.280117,-0.0399467,0.240931,0.00175277,0.00133463,-0.0150658,-0.00474515,-0.000644089,0.249512,
200,-0.0863898,0,0.314169,0.768548,0.991329,-0.113267,1.19586,0.1586,0.00132503,0.00104514,0.798142,0.0166321,0.0197997,0.130857,0.285141,-0.0418788,0.248415,-0.00164346,-0.00149745,-0.0180877,-0.00206251,0.000594725,0.256173,
201,-0.0874868,0,0.30875,0.768549,0.991329,-0.117804,1.19552,0.160629,0.00129009,0.00101865,0.79798,0.0166345,0.0198139,0.132934,0.291078,-0.0442399,0.258953,-0.00690919,-0.004824,-0.0214124,0.00268648,0.0028765,0.263094,
202,-0.0886277,0,0.303604,0.768566,0.991329,-0.122321,1.19516,0.162741,0.00121622,0.000971763,0.797797,0.0166744,0.019847,0.135038,0.296679,-0.0457172,0.268786,-0.0113839,-0.00671992,-0.0235033,0.00724114,0.0052543,0.263657,
203,-0.0898086,0,0.298824,0.768597,0.991329,-0.126556,1.19479,0.164927,0.00110955,0.000913541,0.797601,0.016749,0.0198986,0.13713,0.301848,-0.0465431,0.277587,-0.015115,-0.00771738,-0.0246211,0.01132,0.00744971,0.260371,
204,-0.0910247,0,0.294451,0.76864,0.991329,-0.130346,1.19441,0.167178,0.000975861,0.000849999,0.797399,0.0168537,0.0199663,0.139188,0.30655,-0.0469474,0.285215,-0.0181393,-0.00808782,-0.0249445,0.0147648,0.00929166,0.255326,
205,-0.0922704,0,0.290503,0.768694,0.991329,-0.133421,1.19404,0.169486,0.000819996,0.000785495,0.797198,0.0169828,0.0200468,0.141205,0.310774,-0.0471264,0.291293,-0.0210912,-0.00789951,-0.0246485,0.0171637,0.010573,0.250172,
206,-0.0935343,0,0.286996,0.768751,0.991329,-0.1347,1.19366,0.171828,0.000625094,0.000727244,0.797002,0.0171189,0.0201321,0.143188,0.314508,-0.0472265,0.293837,-0.0280657,-0.00654552,-0.0239907,0.0165287,0.0105084,0.246665,
207,-0.0948039,0,0.283637,0.768802,0.991329,-0.134891,1.19328,0.174181,0.000362996,0.000682501,0.796812,0.0172419,0.0202122,0.145158,0.31807,-0.0475333,0.294434,-0.037509,-0.00464793,-0.0229872,0.0141372,0.00938628,0.246925,
208,-0.0960741,0,0.280215,0.768844,0.991329,-0.134659,1.1929,0.176536,2.12464e-05,0.000653194,0.79663,0.0173427,0.0202806,0.147148,0.321684,-0.0481787,0.294469,-0.0477578,-0.0027617,-0.021842,0.0111281,0.0077036,0.250913,
209,-0.0973441,0,0.276616,0.768876,0.991329,-0.134394,1.19251,0.178892,-0.000402444,0.000637844,0.796458,0.0174192,0.0203347,0.149181,0.325471,-0.0491713,0.294707,-0.0578799,-0.00119453,-0.0207925,0.00812316,0.00586351,0.257519,
210,-0.0986159,0,0.272787,0.768898,0.991329,-0.134305,1.19211,0.181252,-0.000904976,0.000633312,0.796293,0.0174727,0.0203744,0.151272,0.32948,-0.0504599,0.295514,-0.0674209,-6.44166e-05,-0.0200045,0.00542744,0.00413393,0.265487,
211,-0.0998921,0,0.268715,0.768912,0.991329,-0.134489,1.1917,0.183622,-0.00148091,0.000636081,0.796133,0.0175063,0.0204012,0.15343,0.333725,-0.0519718,0.297018,-0.0762221,0.000641183,-0.0195546,0.00315937,0.00266072,0.273786,
212,-0.101176,0,0.264408,0.768919,0.991329,-0.13497,1.19128,0.186006,-0.00212427,0.000643059,0.795975,0.0175236,0.0204175,0.155652,0.338194,-0.0536353,0.299215,-0.0842911,0.00100601,-0.0194478,0.00133324,0.00149874,0.281719,
213,-0.10247,0,0.259883,0.768921,0.991329,-0.135735,1.19084,0.18841,-0.00282953,0.000651941,0.795816,0.0175279,0.0204258,0.157934,0.342866,-0.0553901,0.302031,-0.0917148,0.00113619,-0.0196435,-8.95498e-05,0.000643875,0.288897,
214,-0.103777,0,0.255164,0.768919,0.991329,-0.13675,1.19039,0.190839,-0.00359196,0.000661252,0.795655,0.0175223,0.0204284,0.16027,0.347713,-0.0571919,0.305369,-0.0986058,0.00112875,-0.0200781,-0.00116977,5.9188e-05,0.295171,
215,-0.105098,0,0.250275,0.768913,0.991329,-0.137975,1.18993,0.193296,-0.00440776,0.000670203,0.79549,0.0175092,0.0204273,0.162652,0.352709,-0.0590125,0.309129,-0.105073,0.00105711,-0.0206823,-0.00197302,-0.000306393,0.300558,
216,-0.106436,0,0.245239,0.768905,0.991329,-0.139368,1.18945,0.195785,-0.0052739,0.000678488,0.795319,0.0174905,0.020424,0.165073,0.357828,-0.0608373,0.313217,-0.111207,0.000968866,-0.0213912,-0.00256064,-0.00050602,0.305173,
217,-0.107791,0,0.240076,0.768896,0.991329,-0.14089,1.18895,0.198307,-0.00618803,0.000686092,0.795142,0.0174678,0.0204196,0.167529,0.363047,-0.0626628,0.317556,-0.11708,0.000890023,-0.0221504,-0.0029856,-0.000588088,0.309184,
218,-0.109165,0,0.234804,0.768885,0.991329,-0.142506,1.18845,0.200865,-0.0071483,0.000693142,0.794959,0.0174422,0.0204149,0.170015,0.368348,-0.0644932,0.322085,-0.122745,0.000831334,-0.0229177,-0.00329131,-0.000593044,0.31277,
219,-0.110558,0,0.229436,0.768874,0.991329,-0.14419,1.18792,0.20346,-0.00815317,0.00069981,0.794769,0.0174146,0.0204104,0.172529,0.373717,-0.0663379,0.326757,-0.128237,0.000794316,-0.0236635,-0.00351197,-0.00055252,0.316105,
220,-0.111971,0,0.223983,0.768862,0.991329,-0.145919,1.18738,0.206092,-0.0092014,0.000706261,0.794574,0.0173854,0.0204062,0.175068,0.379141,-0.0682085,0.331538,-0.133583,0.000775834,-0.0243689,-0.00367367,-0.000489824,0.319341,
221,-0.113404,0,0.218452,0.768849,0.991329,-0.147676,1.18683,0.208764,-0.0102919,0.000712622,0.794374,0.0173551,0.0204027,0.177634,0.384612,-0.0701175,0.336403,-0.138797,0.000771132,-0.025024,-0.00379572,-0.000421107,0.322602,
222,-0.114857,0,0.212849,0.768836,0.991329,-0.149448,1.18626,0.211474,-0.0114236,0.000718987,0.794168,0.0173239,0.0203996,0.180226,0.390125,-0.072077,0.341337,-0.143889,0.000775545,-0.025626,-0.00389204,-0.000356756,0.325984,
223,-0.11633,0,0.207176,0.768823,0.991329,-0.151225,1.18568,0.214224,-0.0125955,0.000725413,0.793958,0.017292,0.0203971,0.182846,0.395677,-0.0740974,0.34633,-0.148865,0.000785291,-0.0261767,-0.0039724,-0.000302773,0.329554,
224,-0.117824,0,0.201436,0.768809,0.991329,-0.153002,1.18508,0.217014,-0.0138069,0.00073193,0.793743,0.0172595,0.0203949,0.185495,0.401266,-0.0761872,0.351376,-0.153728,0.00079768,-0.0266811,-0.00404341,-0.000261988,0.333355,
225,-0.119339,0,0.195627,0.768795,0.991329,-0.154775,1.18446,0.219845,-0.0150567,0.000738553,0.793525,0.0172264,0.020393,0.188175,0.406891,-0.0783531,0.356474,-0.158478,0.000811016,-0.0271463,-0.00410943,-0.000235074,0.33741,
226,-0.120876,0,0.18975,0.768781,0.991329,-0.156542,1.18382,0.222717,-0.0163441,0.000745284,0.793303,0.0171928,0.0203912,0.19089,0.412554,-0.0805997,0.361623,-0.163114,0.000824373,-0.0275798,-0.00417321,-0.000221328,0.341724,
227,-0.122433,0,0.183801,0.768767,0.991329,-0.158302,1.18317,0.22563,-0.0176681,0.000752124,0.793077,0.0171587,0.0203895,0.193639,0.418256,-0.08293,0.366824,-0.167636,0.000837362,-0.0279896,-0.00423641,-0.000219269,0.34629,
228,-0.124012,0,0.177779,0.768753,0.991329,-0.160055,1.1825,0.228585,-0.0190278,0.000759067,0.792848,0.0171241,0.0203878,0.196426,0.423998,-0.0853456,0.372079,-0.172043,0.000849921,-0.0283827,-0.00429992,-0.000227053,0.351095,
229,-0.125612,0,0.171681,0.768738,0.991329,-0.161804,1.18181,0.231582,-0.0204224,0.000766111,0.792616,0.017089,0.020386,0.199253,0.429784,-0.0878469,0.377389,-0.176332,0.000862166,-0.0287659,-0.00436422,-0.000242758,0.356115,
230,-0.127235,0,0.165503,0.768723,0.991329,-0.163548,1.18109,0.234622,-0.0218508,0.000773255,0.792381,0.0170533,0.020384,0.20212,0.435615,-0.0904337,0.382758,-0.180502,0.000874295,-0.0291445,-0.00442946,-0.000264567,0.361329,
231,-0.128879,0,0.159244,0.768708,0.991329,-0.165289,1.18036,0.237705,-0.0233121,0.000780498,0.792143,0.0170171,0.0203818,0.20503,0.441495,-0.0931054,0.388186,-0.184551,0.000886526,-0.0295234,-0.00449567,-0.000290868,0.366711,
232,-0.130545,0,0.152899,0.768693,0.991329,-0.167028,1.1796,0.240832,-0.0248053,0.000787841,0.791902,0.0169804,0.0203794,0.207984,0.447425,-0.0958613,0.393678,-0.188477,0.000899065,-0.0299062,-0.00456281,-0.000320301,0.372238,
233,-0.132234,0,0.146466,0.768678,0.991329,-0.168768,1.17882,0.244003,-0.0263294,0.000795289,0.791658,0.0169431,0.0203767,0.210982,0.453408,-0.0987007,0.399234,-0.19228,0.0009121,-0.0302959,-0.00463079,-0.000351771,0.37789,
234,-0.133946,0,0.139942,0.768662,0.991329,-0.17051,1.17802,0.247219,-0.0278835,0.000802845,0.791411,0.0169053,0.0203738,0.214026,0.459447,-0.101623,0.404858,-0.195957,0.000925796,-0.0306945,-0.00469956,-0.000384431,0.383647,
235,-0.13568,0,0.133323,0.768646,0.991329,-0.172253,1.1772,0.25048,-0.0294665,0.000810516,0.79116,0.0168669,0.0203707,0.217116,0.465544,-0.104629,0.410551,-0.199507,0.000940298,-0.0311037,-0.00476906,-0.00041766,0.389494,
236,-0.137437,0,0.126608,0.76863,0.991329,-0.174001,1.17635,0.253787,-0.0310774,0.000818309,0.790906,0.0168279,0.0203672,0.220254,0.471701,-0.107718,0.416315,-0.202929,0.000955736,-0.0315245,-0.00483928,-0.000451026,0.395419,
237,-0.139218,0,0.119793,0.768613,0.991329,-0.175753,1.17548,0.25714,-0.0327151,0.000826231,0.790648,0.0167884,0.0203635,0.223439,0.477921,-0.110891,0.422153,-0.206221,0.000972234,-0.0319575,-0.0049102,-0.000484251,0.401415,
238,-0.141023,0,0.112876,0.768597,0.991329,-0.17751,1.17458,0.26054,-0.0343787,0.000834292,0.790387,0.0167483,0.0203595,0.226672,0.484204,-0.11415,0.428067,-0.209383,0.000989909,-0.0324032,-0.00498185,-0.000517179,0.407474,
239,-0.142851,0,0.105854,0.76858,0.991329,-0.179272,1.17365,0.263988,-0.0360671,0.000842501,0.790122,0.0167076,0.0203553,0.229954,0.490554,-0.117496,0.43406,-0.212414,0.00100888,-0.0328617,-0.00505425,-0.000549744,0.413594,
240,-0.144703,0,0.0987245,0.768562,0.991329,-0.181041,1.1727,0.267484,-0.0377792,0.000850869,0.789853,0.0166663,0.0203508,0.233285,0.496973,-0.120931,0.440133,-0.215313,0.00102928,-0.033333,-0.00512746,-0.000581947,0.419775,
241,-0.14658,0,0.0914849,0.768545,0.991329,-0.182816,1.17171,0.271029,-0.039514,0.000859409,0.789581,0.0166244,0.020346,0.236666,0.503462,-0.124459,0.446289,-0.218079,0.00105124,-0.0338171,-0.00520152,-0.000613826,0.426016,
242,-0.148481,0,0.0841328,0.768527,0.991329,-0.184597,1.1707,0.274623,-0.0412704,0.000868134,0.789305,0.0165819,0.020341,0.240097,0.510023,-0.128081,0.452532,-0.220712,0.00107491,-0.034314,-0.00527648,-0.000645449,0.432322,
243,-0.150407,0,0.0766656,0.768509,0.991329,-0.186386,1.16967,0.278268,-0.0430474,0.000877057,0.789024,0.0165388,0.0203357,0.243579,0.516659,-0.131802,0.458863,-0.223212,0.00110045,-0.0348235,-0.0053524,-0.000676893,0.438695,
244,-0.152358,0,0.0690807,0.768491,0.991329,-0.188181,1.1686,0.281964,-0.0448438,0.000886195,0.788739,0.0164951,0.0203302,0.247112,0.523371,-0.135624,0.465285,-0.225578,0.00112807,-0.0353456,-0.00542932,-0.000708237,0.445141,
245,-0.154335,0,0.0613756,0.768473,0.991329,-0.189984,1.1675,0.285712,-0.0466587,0.000895565,0.78845,0.0164508,0.0203244,0.250697,0.530161,-0.139552,0.471803,-0.227812,0.00115799,-0.0358803,-0.0055073,-0.000739554,0.451664,
246,-0.156337,0,0.0535477,0.768454,0.991329,-0.191794,1.16636,0.289512,-0.0484909,0.000905187,0.788157,0.0164058,0.0203184,0.254335,0.537033,-0.143589,0.478418,-0.229912,0.00119046,-0.0364276,-0.00558637,-0.000770911,0.458269,
247,-0.158366,0,0.0455943,0.768435,0.991329,-0.193612,1.1652,0.293365,-0.0503393,0.000915083,0.787859,0.0163602,0.0203121,0.258025,0.543987,-0.147738,0.485134,-0.231881,0.00122579,-0.0369874,-0.00566658,-0.000802362,0.464961,
248,-0.160421,0,0.0375128,0.768416,0.991329,-0.195438,1.164,0.297273,-0.0522031,0.000925276,0.787556,0.0163139,0.0203055,0.26177,0.551027,-0.152005,0.491954,-0.233718,0.00126434,-0.0375599,-0.00574796,-0.000833949,0.471747,
249,-0.162503,0,0.0293005,0.768396,0.991329,-0.197272,1.16277,0.301235,-0.054081,0.000935794,0.787249,0.0162669,0.0202987,0.265569,0.558154,-0.156394,0.498883,-0.235424,0.00130654,-0.0381452,-0.00583055,-0.000865706,0.478631,
250,-0.164612,0,0.0209548,0.768376,0.991329,-0.199114,1.1615,0.305254,-0.0559721,0.000946669,0.786937,0.0162193,0.0202917,0.269424,0.56537,-0.160908,0.505923,-0.237001,0.0013529,-0.0387434,-0.00591438,-0.000897655,0.485618,
251,-0.166748,0,0.0122276,0.768356,0.991329,-0.201137,1.16019,0.309329,-0.0578889,0.000958898,0.78627,0.016171,0.0202843,0.273325,0.572891,-0.165146,0.513113,-0.241854,0.00161791,-0.12751,-0.00600932,-0.000939971,0.490528,
252,-0.168913,0,0.00304668,0.768336,0.991329,-0.20338,1.15886,0.313463,-0.059864,0.000974153,0.784361,0.0161218,0.0202767,0.277255,0.580774,-0.169034,0.520482,-0.251525,0.00207867,-0.348704,-0.00610941,-0.000973362,0.492767,
253,-0.171106,0,-0.0065197,0.768315,0.991329,-0.205788,1.15749,0.317656,-0.0619355,0.000993507,0.780134,0.0160719,0.0202689,0.281194,0.588961,-0.172721,0.528029,-0.265886,0.00262839,-0.706345,-0.00620319,-0.000982065,0.493004,
254,-0.173329,0,-0.0163947,0.768294,0.991329,-0.208306,1.1561,0.32191,-0.0641399,0.00101753,0.772488,0.0160213,0.0202611,0.285128,0.597383,-0.176325,0.535737,-0.284613,0.00324036,-1.20302,-0.00628268,-0.000968927,0.491889,
255,-0.175581,0,-0.0264826,0.768273,0.991329,-0.210884,1.15467,0.326226,-0.0665095,0.00104673,0.760307,0.0159701,0.0202535,0.28905,0.605959,-0.179929,0.543568,-0.307049,0.00391825,-1.83949,-0.00633922,-0.000944942,0.489949,
256,-0.177864,0,-0.036657,0.768251,0.991329,-0.21347,1.15322,0.330606,-0.0690699,0.00108173,0.742478,0.0159185,0.0202461,0.292954,0.614583,-0.183573,0.551451,-0.332081,0.00469127,-2.6141,-0.00636191,-0.0009235,0.48754,
257,-0.180176,0,-0.0467472,0.76823,0.991329,-0.21601,1.15174,0.335048,-0.0718354,0.0011235,0.717914,0.015867,0.0202388,0.296837,0.623112,-0.187259,0.559279,-0.358019,0.00561584,-3.52217,-0.00633719,-0.000917735,0.484853,
258,-0.182517,0,-0.0565225,0.768208,0.991329,-0.218436,1.15022,0.339552,-0.0748041,0.00117353,0.685581,0.0158159,0.0202314,0.300698,0.631355,-0.190962,0.566897,-0.382487,0.00676183,-4.55536,-0.00624904,-0.000939738,0.481973,
259,-0.184886,0,-0.0656778,0.768188,0.991329,-0.220662,1.14868,0.344115,-0.0779521,0.00123388,0.644528,0.0157658,0.0202237,0.304536,0.639058,-0.194637,0.574099,-0.402362,0.00819781,-5.7011,-0.00608022,-0.00100079,0.478966,
260,-0.18728,0,-0.073824,0.768167,0.991329,-0.222571,1.14711,0.348734,-0.0812277,0.00130706,0.593923,0.0157174,0.0202153,0.308351,0.645901,-0.198247,0.580623,-0.413785,0.0099732,-6.9424,-0.00581475,-0.00111201,0.476009,
261,-0.189696,0,-0.0804907,0.768148,0.991329,-0.224014,1.14551,0.353401,-0.0845455,0.00139584,0.533088,0.0156716,0.0202057,0.312144,0.651493,-0.201778,0.58616,-0.412305,0.0120966,-8.25808,-0.00544162,-0.00128505,0.473526,
262,-0.192128,0,-0.0851447,0.768131,0.991329,-0.224809,1.14388,0.358107,-0.0877835,0.00150279,0.461528,0.0156292,0.0201943,0.315922,0.655393,-0.205267,0.590369,-0.39318,0.014512,-9.62366,-0.00495971,-0.00153247,0.472302,
263,-0.194571,0,-0.0872319,0.768115,0.991329,-0.224748,1.14223,0.362841,-0.0907818,0.00162968,0.378955,0.015591,0.0201805,0.319702,0.657142,-0.208814,0.592908,-0.351836,0.0170794,-10,-0.00438302,-0.00186748,0.473547,
264,-0.197017,0,-0.0862395,0.768101,0.991329,-0.223617,1.14054,0.367587,-0.093347,0.00177679,0.28529,0.0155576,0.0201636,0.323509,0.65631,-0.212592,0.593475,-0.284453,0.019567,-10,-0.00374494,-0.00230287,0.478867,
265,-0.199452,0,-0.0715984,0.768093,0.991329,-0.218999,1.13883,0.372318,-0.0952349,0.00197076,0.193842,0.015538,0.0201428,0.3274,0.644033,-0.217047,0.58758,-0.189696,0.0315259,-7.9497,-9.10851e-05,-0.0026907,0.49832,
266,-0.201859,0,-0.0672342,0.768089,0.991329,-0.214241,1.13705,0.377004,-0.0967273,0.00219314,0.155192,0.015529,0.0201184,0.331563,0.640366,-0.226701,0.585283,-0.195271,0.0215309,-2.36531,-0.00275649,-0.00328124,0.540614,
267,-0.204266,0,-0.0721781,0.768073,0.991329,-0.211997,1.13519,0.381696,-0.0984191,0.00231077,0.148312,0.0154897,0.0200875,0.336058,0.644519,-0.237115,0.588537,-0.22577,0.00876419,0.297848,-0.00658576,-0.00425701,0.580659,
268,-0.206687,0,-0.0783732,0.768047,0.991329,-0.211358,1.13326,0.386424,-0.100288,0.00235522,0.155897,0.0154275,0.0200496,0.340823,0.649718,-0.2459,0.59376,-0.237048,0.00320929,1.41922,-0.00845871,-0.00504352,0.608481,
269,-0.209127,0,-0.0838752,0.768017,0.991329,-0.211534,1.13127,0.391195,-0.102155,0.00237773,0.168957,0.015357,0.0200071,0.34576,0.65433,-0.252937,0.5993,-0.226167,0.00269222,1.75806,-0.00881683,-0.00542387,0.62446,
270,-0.211585,0,-0.0889242,0.767988,0.991329,-0.212113,1.12922,0.39601,-0.103874,0.00240477,0.183049,0.0152865,0.0199632,0.350787,0.658559,-0.258743,0.60473,-0.201979,0.00393154,1.72644,-0.00857753,-0.00544183,0.631834,
271,-0.214061,0,-0.0940061,0.76796,0.991329,-0.212923,1.12713,0.400868,-0.105374,0.00244269,0.196172,0.0152185,0.0199202,0.355849,0.662812,-0.263821,0.610081,-0.172194,0.00526262,1.54076,-0.00825653,-0.00522721,0.633701,
272,-0.216555,0,-0.0994704,0.767932,0.991329,-0.213903,1.125,0.40577,-0.106631,0.00248961,0.207581,0.0151527,0.0198795,0.360912,0.667382,-0.268544,0.615508,-0.141804,0.00614125,1.31019,-0.00805319,-0.00489863,0.632362,
273,-0.219067,0,-0.10553,0.767905,0.991329,-0.215041,1.12283,0.410715,-0.107652,0.00254165,0.21715,0.0150879,0.0198416,0.365957,0.672447,-0.273181,0.621184,-0.113846,0.00655043,1.08646,-0.00800107,-0.00453671,0.629389,
274,-0.221598,0,-0.112251,0.767878,0.991329,-0.216333,1.12063,0.415708,-0.108465,0.00259579,0.225034,0.015023,0.0198065,0.370974,0.67806,-0.277905,0.627228,-0.0897732,0.00668199,0.890958,-0.00805649,-0.00418608,0.625782,
275,-0.22415,0,-0.119593,0.767851,0.991329,-0.217762,1.11839,0.42075,-0.109103,0.00265065,0.23149,0.0149575,0.0197742,0.375961,0.684189,-0.282827,0.633686,-0.0699903,0.00674389,0.729686,-0.00815874,-0.00386697,0.622189,
276,-0.226724,0,-0.127465,0.767823,0.991329,-0.219298,1.11611,0.425846,-0.109599,0.00270629,0.236789,0.0148911,0.0197443,0.380921,0.690757,-0.288019,0.640554,-0.054384,0.00686893,0.60147,-0.00826254,-0.00358649,0.619053,
277,-0.229321,0,-0.135777,0.767795,0.991329,-0.22091,1.11378,0.430998,-0.109986,0.00276339,0.241181,0.0148239,0.0197164,0.385859,0.697688,-0.293527,0.6478,-0.0426949,0.00711105,0.502194,-0.00834376,-0.00334651,0.616677,
278,-0.231943,0,-0.144387,0.767767,0.991329,-0.222565,1.11141,0.436209,-0.110293,0.00282315,0.244877,0.0147563,0.0196904,0.39078,0.704866,-0.299337,0.655348,-0.0341115,0.0075196,0.42651,-0.00837872,-0.003147,0.615134,
279,-0.234591,0,-0.153197,0.767739,0.991329,-0.224245,1.10899,0.441482,-0.110541,0.00288679,0.248044,0.0146886,0.0196657,0.395692,0.71221,-0.305397,0.663121,-0.0279183,0.00806513,0.368834,-0.00836822,-0.00298692,0.614294,
280,-0.237265,0,-0.162168,0.767711,0.991329,-0.225955,1.10653,0.446818,-0.110748,0.00295514,0.250796,0.0146211,0.0196422,0.400598,0.71969,-0.311606,0.671059,-0.023575,0.00868205,0.321896,-0.00832533,-0.00286258,0.613741,
281,-0.239966,0,-0.171409,0.767683,0.991329,-0.227772,1.10401,0.452217,-0.110926,0.0030285,0.253196,0.0145542,0.0196197,0.405495,0.727397,-0.317486,0.678967,-0.0207301,0.0093059,0.280534,-0.00823684,-0.0027361,0.611575,
282,-0.242692,0,-0.181211,0.767655,0.991329,-0.229994,1.10145,0.457679,-0.111084,0.00310681,0.255277,0.014488,0.0195982,0.410355,0.735576,-0.322346,0.686951,-0.018723,0.00991249,0.24194,-0.00812496,-0.00263672,0.604186,
283,-0.245444,0,-0.191825,0.767628,0.991329,-0.232939,1.09886,0.463206,-0.111228,0.00319005,0.257049,0.0144228,0.0195774,0.415122,0.744439,-0.325614,0.695239,-0.0168512,0.0105233,0.202752,-0.00801132,-0.00256299,0.587934,
284,-0.248225,0,-0.203504,0.767601,0.991329,-0.236952,1.09625,0.468803,-0.111355,0.00327836,0.258487,0.0143585,0.0195572,0.419708,0.754205,-0.32669,0.704108,-0.0143982,0.0111654,0.158121,-0.00789501,-0.00246835,0.558913,
285,-0.251035,0,-0.216256,0.767575,0.991329,-0.242076,1.09364,0.474471,-0.111459,0.00337218,0.259532,0.0142954,0.0195385,0.424,0.764885,-0.325145,0.713352,-0.0111929,0.0118769,0.104337,-0.00772811,-0.00222267,0.514783,
286,-0.253875,0,-0.230106,0.767549,0.991329,-0.248374,1.09106,0.480215,-0.111533,0.00347211,0.260098,0.0142339,0.0195226,0.427869,0.776511,-0.320546,0.722798,-0.00704854,0.0126654,0.0381412,-0.0075,-0.00179219,0.453412,
287,-0.256747,0,-0.245097,0.767525,0.991329,-0.255921,1.08853,0.486035,-0.11157,0.00357875,0.260073,0.0141744,0.019511,0.43117,0.789131,-0.312449,0.732296,-0.00176924,0.0135267,-0.0433294,-0.00721355,-0.00118047,0.372731,
288,-0.259648,0,-0.261278,0.767501,0.991329,-0.264807,1.08608,0.49193,-0.11156,0.00369267,0.259326,0.0141175,0.0195052,0.433738,0.802806,-0.300384,0.741698,0.00484685,0.014454,-0.142678,-0.0068739,-0.000401025,0.270644,
289,-0.262579,0,-0.278701,0.767478,0.991329,-0.275122,1.08374,0.497899,-0.11149,0.00381436,0.257701,0.0140636,0.0195063,0.435394,0.817602,-0.283852,0.750842,0.0130067,0.0154423,-0.262374,-0.00648379,0.0005342,0.144981,
290,-0.265537,0,-0.297416,0.767457,0.991329,-0.286955,1.08156,0.503941,-0.111348,0.00394432,0.255029,0.0140131,0.0195157,0.43594,0.833593,-0.262323,0.759537,0.0229212,0.0164894,-0.404841,-0.00604199,0.00161867,-0.00651479,
291,-0.26852,0,-0.317462,0.767438,0.991329,-0.30038,1.07957,0.510049,-0.111119,0.00408302,0.251115,0.0139663,0.0195346,0.43516,0.85085,-0.235228,0.767538,0.0348032,0.0175959,-0.572516,-0.00554317,0.0028515,-0.186175,
292,-0.271524,0,-0.33886,0.76742,0.991329,-0.315447,1.07782,0.516217,-0.110786,0.00423095,0.245749,0.0139239,0.0195641,0.43282,0.869441,-0.201964,0.774531,0.0488631,0.018764,-0.767877,-0.00497841,0.00423595,-0.396365,
293,-0.274545,0,-0.361603,0.767404,0.991329,-0.332159,1.07636,0.522436,-0.110331,0.00438861,0.238699,0.0138863,0.0196055,0.428665,0.889425,-0.161898,0.780106,0.0653021,0.0199968,-0.993447,-0.00433597,0.00577713,-0.639427,
294,-0.277575,0,-0.385646,0.767391,0.991329,-0.350455,1.07526,0.528692,-0.109734,0.00455653,0.229713,0.0138543,0.0196601,0.422424,0.910842,-0.114372,0.78373,0.0843039,0.021297,-1.25178,-0.00360217,0.00747905,-0.917591,
295,-0.280606,0,-0.410898,0.76738,0.991329,-0.370182,1.07457,0.534967,-0.108975,0.00473525,0.21852,0.0138287,0.0197292,0.413808,0.933703,-0.0587199,0.784725,0.106023,0.0226655,-1.54542,-0.00276251,0.0093411,-1.23287,
296,-0.283626,0,-0.437207,0.767373,0.991329,-0.391065,1.07435,0.541237,-0.10803,0.00492531,0.204826,0.0138103,0.0198139,0.402512,0.957986,0.00571297,0.782236,0.130573,0.0241009,-1.87686,-0.00180291,0.0113539,-1.58695,
297,-0.286619,0,-0.464359,0.767369,0.991329,-0.412676,1.07469,0.54747,-0.106877,0.0051272,0.18832,0.0138002,0.0199154,0.388224,0.983618,0.0795397,0.775216,0.157972,0.0255922,-2.24849,-0.000713243,0.0134943,-1.98102,
298,-0.289566,0,-0.49211,0.767368,0.991329,-0.434408,1.07566,0.553624,-0.105495,0.00534114,0.168673,0.0137994,0.0200345,0.370619,1.01051,0.16328,0.762429,0.187786,0.0270882,-2.66251,0.000500845,0.0157204,-2.41569,
299,-0.292442,0,-0.520093,0.767372,0.991329,-0.455436,1.07735,0.559647,-0.103865,0.00556722,0.145535,0.0138088,0.0201715,0.349375,1.03845,0.257358,0.742395,0.219929,0.0286166,-3.12117,0.00185309,0.0179652,-2.8909,
300,-0.295217,0,-0.547864,0.767381,0.991329,-0.474697,1.07982,0.565476,-0.101969,0.00580572,0.118544,0.0138297,0.0203262,0.324172,1.06712,0.362029,0.713403,0.254332,0.0301836,-3.62647,0.0033446,0.0201325,-3.40581,
301,-0.297854,0,-0.574924,0.767395,0.991329,-0.490874,1.08318,0.571031,-0.0997893,0.00605683,0.0873202,0.013863,0.0204972,0.2947,1.09611,0.477305,0.673551,0.29079,0.0317683,-4.17991,0.00495834,0.0220908,-3.95868,
302,-0.30031,0,-0.600732,0.767414,0.991329,-0.502385,1.0875,0.576216,-0.0973113,0.00632054,0.0514755,0.0139095,0.020682,0.260666,1.12487,0.60289,0.620793,0.329018,0.033341,-4.78242,0.00666171,0.0236694,-4.54692,
303,-0.302532,0,-0.62472,0.767439,0.991329,-0.507356,1.09286,0.580921,-0.0945218,0.00659658,0.0106176,0.0139698,0.0208767,0.221805,1.15274,0.738102,0.553015,0.368731,0.0348741,-5.43411,0.00840721,0.0246553,-5.16708,
304,-0.304463,0,-0.646292,0.76747,0.991329,-0.503581,1.09934,0.585016,-0.0914098,0.00688453,-0.0356412,0.0140438,0.021075,0.177879,1.17888,0.881784,0.468128,0.409791,0.0363538,-6.13367,0.0101328,0.0247884,-5.81476,
305,-0.306036,0,-0.665773,0.767506,0.991329,-0.488731,1.107,0.58836,-0.0878943,0.00717918,-0.0955697,0.0141293,0.0212685,0.128631,1.20348,1.03324,0.364462,0.458766,0.0375868,-7.59322,0.0116803,0.0237475,-6.49089,
306,-0.307178,0,-0.680419,0.767547,0.991329,-0.459201,1.11588,0.590791,-0.0840769,0.00748972,-0.157046,0.0142284,0.0214466,0.0739959,1.22267,1.18768,0.239914,0.497146,0.0393055,-7.85317,0.0132028,0.0212262,-7.17465,
307,-0.307812,0,-0.690883,0.767592,0.991329,-0.41208,1.126,0.592141,-0.0799281,0.00781199,-0.222115,0.0143372,0.0215943,0.0138739,1.23679,1.34335,0.0937293,0.542059,0.040688,-8.45994,0.0142819,0.0166358,-7.8662,
308,-0.307857,0,-0.696715,0.76764,0.991329,-0.344537,1.13736,0.592237,-0.0754078,0.00814221,-0.292991,0.0144512,0.0216927,-0.0517435,1.24482,1.49552,-0.0737131,0.589123,0.0412836,-9.29986,0.0145748,0.009488,-8.55333,
309,-0.307234,0,-0.696784,0.767687,0.991329,-0.254777,1.1499,0.590909,-0.0703321,0.00847981,-0.379941,0.014565,0.0217187,-0.122814,1.24492,1.63982,-0.261793,0.657442,0.0419107,-10,0.0141528,-0.000707923,-9.22588,
310,-0.305873,0,-0.688845,0.767731,0.991329,-0.144767,1.16353,0.588013,-0.0647682,0.0088215,-0.475161,0.0146707,0.021646,-0.199034,1.23402,1.7679,-0.467067,0.742731,0.0433564,-10,0.0131048,-0.0143459,-9.8558,
311,-0.303714,0,-0.671357,0.767769,0.991329,-0.0216296,1.17808,0.583428,-0.0584893,0.00916902,-0.583643,0.0147613,0.0214477,-0.280005,1.21072,1.87124,-0.683858,0.84056,0.0438662,-10,0.010769,-0.0312524,-10,
312,-0.300739,0,-0.643384,0.767796,0.991329,0.0965311,1.19335,0.577124,-0.0510795,0.00952328,-0.711804,0.0148258,0.0210933,-0.365017,1.17529,1.9436,-0.890989,1.01581,0.044477,-10,0.00604622,-0.0533405,-10,
313,-0.29714,0,-0.58864,0.767777,0.991329,0.131728,1.20872,0.569526,-0.0410947,0.00677353,-0.859064,0.0147811,0.0205193,-0.447631,1.11125,1.83675,-0.984789,1.41497,-1.27601,-10,-0.0278964,-0.0840672,-9.43937,
314,-0.2934,0,-0.568963,0.76762,0.991329,0.110848,1.22261,0.561658,-0.0295907,-0.00888967,-0.928544,0.0144041,0.0197802,-0.513162,1.08962,1.64185,-0.971852,1.40533,-2.41579,-4.72417,-0.0620441,-0.0974251,-6.98796,
315,-0.289777,0,-0.580606,0.767393,0.991329,0.0832836,1.23509,0.554065,-0.0192242,-0.0292058,-0.946276,0.0138595,0.0190214,-0.561305,1.10234,1.48049,-0.921048,1.15769,-2.53331,-0.251977,-0.0716496,-0.0910649,-5.06858,
316,-0.286358,0,-0.605145,0.767162,0.991329,0.0597019,1.24637,0.546925,-0.0113935,-0.0479516,-0.939099,0.0133047,0.0183643,-0.596369,1.12991,1.34171,-0.862243,0.78474,-2.08312,1.75168,-0.0661374,-0.0735045,-3.70891,
317,-0.283145,0,-0.633907,0.766962,0.991329,0.0450157,1.2566,0.540237,-0.00684319,-0.0617867,-0.921756,0.0128262,0.0178641,-0.622404,1.16374,1.21899,-0.809774,0.344672,-1.34083,2.43404,-0.0535205,-0.0526451,-2.80642,
318,-0.280108,0,-0.662959,0.766808,0.991329,0.039713,1.2659,0.533934,-0.005964,-0.0690619,-0.901927,0.012457,0.0175227,-0.642363,1.19986,1.10648,-0.766914,-0.129081,-0.462706,2.45389,-0.0393247,-0.0339811,-2.18651,
319,-0.277214,0,-0.690662,0.766699,0.991329,0.0421423,1.27432,0.527946,-0.00893671,-0.0690635,-0.883299,0.0121958,0.0173102,-0.657789,1.23649,0.99884,-0.731017,-0.615988,0.467217,2.17778,-0.02666,-0.0201894,-1.67105,
320,-0.274448,0,-0.716425,0.766628,0.991329,0.0501125,1.28189,0.522236,-0.0158108,-0.061569,-0.867372,0.0120245,0.017185,-0.668934,1.27286,0.891699,-0.697297,-1.103,1.40605,1.80129,-0.0168054,-0.0117538,-1.11492,
321,-0.27181,0,-0.740055,0.766584,0.991329,0.0617537,1.28858,0.516804,-0.0265513,-0.0466012,-0.854508,0.0119196,0.0171073,-0.675058,1.30857,0.78172,-0.661061,-1.58161,2.33287,1.42233,-0.00988389,-0.0078783,-0.415386,
322,-0.269318,0,-0.761438,0.766559,0.991329,0.075892,1.29438,0.511686,-0.0410672,-0.0243024,-0.844527,0.0118596,0.017046,-0.674749,1.34322,0.66648,-0.618825,-2.04613,3.23729,1.08466,-0.00541755,-0.00725793,0.493336,
323,-0.266993,0,-0.763888,0.766551,0.991329,0.0962183,1.29924,0.50692,-0.0589141,0.00449002,-0.837006,0.0118392,0.0169802,-0.666215,1.34735,0.565711,-0.590558,-2.10659,3.33866,0.825747,0.0113506,-0.00893573,1.5924,
324,-0.264603,0,-0.718305,0.766651,0.991329,0.133152,1.30361,0.502032,-0.0714591,0.0223899,-0.831057,0.0120805,0.0168915,-0.648504,1.27562,0.522184,-0.630515,-1.13667,1.33977,0.658382,0.0404573,-0.0120589,2.83992,
325,-0.262114,0,-0.695095,0.766781,0.991329,0.163898,1.30749,0.496952,-0.0783329,0.0284292,-0.826344,0.0123918,0.0167654,-0.618181,1.24258,0.445378,-0.637645,-0.642467,0.287984,0.51924,0.0349477,-0.0177929,4.73694,
326,-0.259644,0,-0.686298,0.766874,0.991329,0.190455,1.31066,0.491922,-0.0824207,0.0284317,-0.822661,0.0126146,0.0165988,-0.570725,1.23056,0.345295,-0.619585,-0.414403,-0.220862,0.40285,0.0209082,-0.0219534,7.11339,
327,-0.257263,0,-0.684344,0.766923,0.991329,0.219123,1.31297,0.487083,-0.0853513,0.0256906,-0.819834,0.0127306,0.0164142,-0.502852,1.22793,0.229995,-0.592915,-0.339775,-0.4284,0.306275,0.00920139,-0.0223045,9.83238,
328,-0.254968,0,-0.68323,0.766941,0.991329,0.257645,1.3143,0.482427,-0.0880992,0.0219975,-0.817706,0.0127744,0.0162423,-0.411924,1.22643,0.104313,-0.577033,-0.362893,-0.47663,0.228445,0.00314368,-0.0186527,10,
329,-0.252674,0,-0.677973,0.766949,0.991329,0.314724,1.3146,0.477784,-0.0913476,0.0182698,-0.816126,0.0127931,0.0161119,-0.294977,1.21942,-0.0294066,-0.5944,-0.46412,-0.447105,0.168995,0.0030095,-0.0115137,10,
330,-0.250193,0,-0.663028,0.766965,0.991329,0.400653,1.3138,0.472771,-0.0957401,0.0149301,-0.814945,0.012833,0.0160503,-0.147604,1.19995,-0.169795,-0.676446,-0.652585,-0.385201,0.127771,0.00868926,-0.000568969,10,
331,-0.247167,0,-0.629334,0.767012,0.991329,0.526517,1.31185,0.466673,-0.102123,0.0121302,-0.814012,0.0129447,0.0160968,0.0373823,1.15824,-0.313786,-0.876726,-0.971014,-0.315117,0.10515,0.0215253,0.0170879,10,
332,-0.242939,0,-0.558077,0.767119,0.991329,0.694379,1.30876,0.458176,-0.111884,0.00988033,-0.813165,0.0132028,0.0163346,0.271933,1.07793,-0.450152,-1.29656,-1.51508,-0.249268,0.103099,0.0463271,0.0498308,10,
333,-0.236269,0,-0.409466,0.767345,0.991329,0.867591,1.30472,0.444828,-0.12749,0.00811561,-0.812208,0.0137438,0.016954,0.575786,0.932396,-0.541291,-2.12408,-2.46343,-0.194921,0.126931,0.0938539,0.115751,10,
334,-0.22577,0,-0.312377,0.767735,0.991329,0.913892,1.30072,0.423958,-0.150959,0.00623599,-0.810929,0.0146802,0.0183072,0.936181,0.846458,-0.36843,-2.67493,-2.85344,-0.376904,0.161411,0.100422,0.207832,10,
335,-0.216131,0,-0.428072,0.767893,0.991329,0.836057,1.29828,0.404935,-0.17095,0.00327635,-0.809411,0.0150595,0.0195788,1.11663,0.949497,-0.282281,-2.08551,-2.20869,-0.290775,0.212818,0.000430621,0.0991577,10,
336,-0.20856,0,-0.497519,0.767816,0.991329,0.763742,1.29588,0.390086,-0.186986,0.001594,-0.8079,0.0148749,0.0199808,1.1654,1.01584,-0.326197,-1.66813,-1.84333,-0.141961,0.168703,-0.037128,0.0114097,1.03548,
337,-0.202207,0,-0.526998,0.767695,0.991329,0.727694,1.293,0.377681,-0.200989,0.000839014,-0.806853,0.0145824,0.0199062,1.14945,1.04548,-0.395853,-1.46399,-1.68795,-0.0548851,0.099983,-0.0323373,-0.0233963,-4.26576,
338,-0.19635,0,-0.533943,0.767616,0.991329,0.725406,1.28953,0.366291,-0.214354,0.000623716,-0.806296,0.0143948,0.0196817,1.106,1.05262,-0.472567,-1.40189,-1.67219,-0.00309324,0.0453912,-0.0144353,-0.0299909,-6.19612,
339,-0.190546,0,-0.528765,0.767598,0.991329,0.742752,1.28543,0.355046,-0.227935,0.000716213,-0.806073,0.0143514,0.0194539,1.05488,1.04729,-0.554518,-1.41918,-1.73242,0.022087,0.0141807,0.00240204,-0.0263194,-6.38866,
340,-0.184562,0,-0.517723,0.767628,0.991329,0.767432,1.28065,0.343491,-0.242152,0.000919419,-0.806012,0.014422,0.0192666,1.00592,1.03605,-0.641329,-1.4739,-1.82592,0.026636,0.0027427,0.0138022,-0.0206437,-5.77157,
341,-0.178296,0,-0.50476,0.767686,0.991329,0.792276,1.27516,0.331435,-0.257176,0.00112157,-0.805985,0.0145617,0.0191227,0.963335,1.02303,-0.732073,-1.54124,-1.93158,0.0236753,0.00386943,0.0198581,-0.0156412,-4.85489,
342,-0.171723,0,-0.491882,0.767758,0.991329,0.81421,1.26893,0.318836,-0.273051,0.00129233,-0.80592,0.014734,0.0190147,0.928345,1.01029,-0.825388,-1.60843,-2.03731,0.019109,0.0110866,0.0222375,-0.0116609,-3.90333,
343,-0.164857,0,-0.4799,0.767834,0.991329,0.832451,1.26195,0.30572,-0.289749,0.00142443,-0.805789,0.0149164,0.0189354,0.90066,0.998585,-0.920047,-1.66996,-2.13662,0.0141585,0.0199446,0.0226221,-0.00841243,-3.04094,
344,-0.157722,0,-0.469044,0.767909,0.991329,0.847198,1.2542,0.292142,-0.307206,0.00151756,-0.805591,0.0150981,0.0188802,0.879344,0.988107,-1.01523,-1.72416,-2.22724,0.00944929,0.0279436,0.0221899,-0.00561045,-2.3141,
345,-0.150349,0,-0.459283,0.767983,0.991329,0.858959,1.2457,0.278159,-0.325353,0.00157505,-0.805336,0.0152756,0.0188461,0.863271,0.978778,-1.11047,-1.77114,-2.30902,0.00528572,0.0340083,0.0216171,-0.00311334,-1.72881,
346,-0.142765,0,-0.450489,0.768056,0.991329,0.868258,1.23644,0.263826,-0.344121,0.00160181,-0.805042,0.0154492,0.018831,0.851352,0.970447,-1.20559,-1.81175,-2.38269,0.00177824,0.0379329,0.0212188,-0.000886044,-1.27217,
347,-0.135021,0,-0.529048,0.768112,0.991329,0.868501,1.22648,0.24924,-0.363677,0.00137476,-0.80404,0.0155857,0.0188268,0.842623,1.04758,-1.24338,-1.80391,-2.6495,-0.181329,0.621538,-0.00796291,-0.00374569,-0.935658,
348,-0.127619,0,-0.728359,0.76799,0.991329,0.847362,1.21687,0.235343,-0.387967,0.000244936,-0.794733,0.0152908,0.0187626,0.836126,1.29059,-1.16522,-1.67278,-3.35189,-0.071542,1.56045,-0.0521343,-0.0105943,-0.696805,
349,-0.120738,0,-0.828179,0.767818,0.991329,0.823907,1.20791,0.22246,-0.416125,0.000518933,-0.782472,0.0148793,0.0186691,0.831259,1.47148,-1.07923,-1.55297,-3.63124,0.118902,1.42685,-0.0458134,-0.0118588,-0.525314,
350,-0.114306,0,-0.881405,0.767701,0.991329,0.800058,1.19965,0.210447,-0.445155,0.00170317,-0.773547,0.0145969,0.01858,0.827556,1.61096,-0.989195,-1.45444,-3.59715,0.162428,0.756,-0.024567,-0.0100774,-0.403886,
351,-0.108252,0,-0.915179,0.767651,0.991329,0.774889,1.1921,0.199164,-0.473314,0.00307361,-0.771433,0.0144771,0.0185109,0.824673,1.73445,-0.897331,-1.36906,-3.4292,0.17584,-0.255525,-0.00659234,-0.0071408,-0.318313,
352,-0.104092,0,-0.964011,0.767511,0.991329,0.458767,1.18595,0.191426,-0.49587,0.00451367,-0.783159,0.0141428,0.0113685,0.818314,2.0496,-0.649825,-0.482163,-2.12009,0.180176,-2.66387,-0.0773992,-1.48071,-0.898806,
353,-0.104727,0,-0.981543,0.767203,0.991329,-0.171955,1.18109,0.192605,-0.506563,0.0039525,-0.801194,0.0134031,0.00185836,0.807586,2.30471,-0.575571,0.745038,-0.604238,-0.321185,-1.73342,-0.09626,-0.810822,-1.32233,
354,-0.11021,0,-0.986774,0.766948,0.991329,-0.601426,1.17696,0.20281,-0.505416,-0.000981478,-0.812047,0.0127915,0.00151088,0.77581,2.43874,-0.459071,1.65971,0.725958,-0.874076,-1.0355,-0.0394064,0.483525,-6.21009,
355,-0.117244,0,-0.983517,0.767052,0.991329,-0.615372,1.174,0.215931,-0.497795,-0.0102145,-0.818493,0.013041,0.00550925,0.696225,2.34957,-0.285296,1.57736,1.11952,-1.40769,-0.610978,0.088087,0.507438,-10,
356,-0.123413,0,-0.977599,0.767459,0.991329,-0.553787,1.17236,0.227463,-0.488333,-0.0231024,-0.822259,0.0140173,0.00952042,0.558894,2.22919,-0.12468,1.27755,1.20673,-1.79675,-0.352582,0.147596,0.489443,-10,
357,-0.12801,0,-0.968462,0.767981,0.991329,-0.430589,1.17194,0.236076,-0.479081,-0.038529,-0.824394,0.0152689,0.0132182,0.3656,2.09899,0.0181283,0.856182,1.07958,-2.04801,-0.195092,0.16141,0.433822,-10,
358,-0.131347,0,-0.967389,0.76843,0.991329,-0.499099,1.17248,0.242336,-0.470287,-0.0553281,-0.825528,0.0163471,0.0161261,0.150105,2.08644,0.09919,0.958336,1.34957,-2.12391,-0.0970145,0.0799017,0.257935,-10,
359,-0.136421,0,-0.971413,0.768563,0.991329,-0.6616,1.17341,0.251874,-0.457199,-0.0722451,-0.826051,0.0166669,0.0176199,0.0396475,2.13602,0.131337,1.40221,1.89201,-2.09601,-0.0394379,0.0115163,0.133375,-8.47162,
360,-0.143022,0,-0.971693,0.768576,0.991329,-0.749091,1.17474,0.26431,-0.440179,-0.0891455,-0.826252,0.016699,0.0185675,-0.00197455,2.13975,0.200167,1.68117,2.3335,-2.12332,-0.0134514,0.00127288,0.109271,-2.63598,
361,-0.150449,0,-0.969322,0.768596,0.991329,-0.790684,1.1767,0.278348,-0.420191,-0.106272,-0.826308,0.0167465,0.0194785,-0.0119244,2.10939,0.290538,1.80647,2.63758,-2.15232,-0.00179222,0.0118096,0.118655,-0.244441,
362,-0.158114,0,-0.964759,0.768656,0.991329,-0.806125,1.17943,0.292887,-0.39833,-0.123498,-0.826295,0.0168916,0.0204803,-0.0109593,2.05743,0.391015,1.81272,2.80785,-2.14811,0.00413346,0.0242166,0.130056,0.276295,
363,-0.165594,0,-0.95819,0.768749,0.991329,-0.805891,1.18297,0.307127,-0.375577,-0.14049,-0.826242,0.0171157,0.0215375,-0.0100545,1.99395,0.495176,1.73714,2.86654,-2.09422,0.00833599,0.0312813,0.13242,-0.153632,
364,-0.172614,0,-0.949742,0.768855,0.991329,-0.79521,1.18735,0.320541,-0.352721,-0.156827,-0.826155,0.0173694,0.0225701,-0.0145337,1.92612,0.599271,1.61029,2.838,-1.98456,0.0126031,0.0318799,0.124597,-1.01102,
365,-0.179012,0,-0.939585,0.768953,0.991329,-0.776716,1.19255,0.332812,-0.330374,-0.172058,-0.826029,0.0176062,0.0235064,-0.0265576,1.85862,0.700853,1.45425,2.74247,-1.81858,0.0176251,0.0274273,0.109207,-2.00939,
366,-0.184706,0,-0.927972,0.769031,0.991329,-0.751776,1.19855,0.343769,-0.309008,-0.185744,-0.825859,0.0177938,0.0242995,-0.0465981,1.7943,0.798141,1.2837,2.59505,-1.59875,0.0235188,0.0199677,0.0895729,-3.00125,
367,-0.189663,0,-0.915241,0.769082,0.991329,-0.721111,1.2053,0.353337,-0.288992,-0.197469,-0.825638,0.0179158,0.0249273,-0.0742943,1.73472,0.889726,1.10792,2.40657,-1.32918,0.0300869,0.0113133,0.0684666,-3.91872,
368,-0.193879,0,-0.901785,0.769104,0.991329,-0.685113,1.21275,0.361499,-0.27062,-0.206857,-0.825362,0.0179682,0.0253862,-0.108935,1.68062,0.974398,0.932432,2.18464,-1.01481,0.0369666,0.00276601,0.0477797,-4.73785,
369,-0.197368,0,-0.888015,0.769099,0.991329,-0.644023,1.22085,0.368269,-0.254139,-0.213568,-0.825031,0.0179555,0.0256843,-0.149719,1.63221,1.05104,0.760328,1.93468,-0.660951,0.0437304,-0.00488415,0.0286,-5.45729,
370,-0.200153,0,-0.874317,0.76907,0.991329,-0.598053,1.22953,0.373682,-0.239755,-0.217309,-0.824648,0.0178864,0.025836,-0.195879,1.58938,1.11857,0.593235,1.66066,-0.272912,0.0499615,-0.0112557,0.0114147,-6.0859,
371,-0.202259,0,-0.861028,0.769022,0.991329,-0.547487,1.23871,0.377783,-0.227648,-0.217827,-0.824218,0.0177719,0.0258578,-0.246736,1.55182,1.17585,0.431952,1.36564,0.144186,0.0553085,-0.0162527,-0.00368058,-6.63579,
372,-0.203714,0,-0.848418,0.76896,0.991329,-0.492765,1.2483,0.38062,-0.217975,-0.214909,-0.823749,0.0176225,0.0257661,-0.301709,1.51912,1.22175,0.276913,1.05218,0.585571,0.0595168,-0.0199563,-0.0168114,-7.11871,
373,-0.204547,0,-0.836691,0.768888,0.991329,-0.43453,1.2582,0.382244,-0.210875,-0.208378,-0.823253,0.017448,0.0255758,-0.360303,1.49087,1.25504,0.128491,0.722579,1.04694,0.0624396,-0.0225417,-0.028199,-7.54437,
374,-0.204786,0,-0.825992,0.768808,0.991329,-0.373652,1.26832,0.38271,-0.206467,-0.198088,-0.822739,0.0172565,0.0252998,-0.422089,1.46664,1.27452,-0.0127972,0.379096,1.52455,0.0640291,-0.0242201,-0.0380771,-7.91983,
375,-0.204462,0,-0.816423,0.768724,0.991329,-0.311186,1.27854,0.382078,-0.204854,-0.183923,-0.822218,0.0170544,0.0249497,-0.486687,1.44606,1.27899,-0.146163,0.0240441,2.01533,0.0643152,-0.0252023,-0.0466459,-8.24942,
376,-0.20361,0,-0.808065,0.768637,0.991329,-0.248293,1.28872,0.380416,-0.206118,-0.165787,-0.8217,0.0168465,0.0245353,-0.553738,1.42885,1.26731,-0.27046,-0.340136,2.51691,0.0633766,-0.0256797,-0.0540558,-8.5348,
377,-0.202269,0,-0.801,0.76855,0.991329,-0.186142,1.29875,0.377802,-0.210322,-0.1436,-0.821195,0.0166363,0.0240657,-0.622887,1.41481,1.23845,-0.384113,-0.710816,3.02773,0.0613115,-0.0258191,-0.0604164,-8.77495,
378,-0.200486,0,-0.795336,0.768462,0.991329,-0.125821,1.30847,0.37433,-0.217507,-0.117292,-0.820712,0.0164258,0.023549,-0.693761,1.40385,1.19151,-0.485038,-1.08508,3.54695,0.0582084,-0.0257661,-0.0658207,-8.96597,
379,-0.198317,0,-0.79123,0.768375,0.991329,-0.0682981,1.31774,0.370112,-0.227688,-0.0867969,-0.820258,0.0162162,0.0229927,-0.765942,1.39607,1.1258,-0.570546,-1.45956,4.07428,0.0541198,-0.0256497,-0.0703719,-9.10073,
380,-0.196512,0,-0.842044,0.768196,0.991329,-0.20764,1.32615,0.366605,-0.240054,-0.0514465,-0.819834,0.0157871,0.0219235,-0.826446,1.50353,0.956924,-0.22928,-1.58644,4.79889,0.0519147,-0.0843199,-0.19975,-4.9916,
381,-0.196003,0,-0.863273,0.767926,0.991329,-0.265636,1.33317,0.365618,-0.253539,-0.0104144,-0.819571,0.0151375,0.0204015,-0.851143,1.55792,0.801733,-0.0304762,-1.78549,5.44335,0.0167446,-0.0739552,-0.172559,-1.55888,
382,-0.19602,0,-0.833335,0.76778,0.991329,-0.271269,1.33932,0.365651,-0.263328,0.0247358,-0.819295,0.0147877,0.0192106,-0.856135,1.48312,0.755364,0.0119155,-0.422542,2.83861,0.0607073,-0.0115877,-0.124461,0.103348,
383,-0.196044,0,-0.805115,0.767792,0.991329,-0.250792,1.34521,0.365696,-0.262319,0.0386605,-0.818715,0.0148151,0.0184159,-0.851945,1.42293,0.714358,-0.00447854,0.55936,0.856426,0.0739129,0.0126306,-0.0752932,0.833547,
384,-0.195962,0,-0.787697,0.76784,0.991329,-0.217432,1.3507,0.365539,-0.255781,0.0410491,-0.818135,0.0149319,0.0179764,-0.844042,1.38949,0.655581,-0.0366221,1.01006,-0.137267,0.066205,0.0145886,-0.0366935,1.08314,
385,-0.195735,0,-0.777306,0.767881,0.991329,-0.176769,1.35567,0.365098,-0.246937,0.0379317,-0.817651,0.0150309,0.0177933,-0.835199,1.37063,0.585411,-0.0742148,1.1654,-0.574795,0.05282,0.00974664,-0.0110529,1.09671,
386,-0.195351,0,-0.771269,0.767904,0.991329,-0.132138,1.36005,0.364352,-0.237547,0.0326431,-0.817276,0.0150862,0.0177697,-0.826723,1.36002,0.508816,-0.112331,1.16375,-0.712217,0.0401517,0.00426519,0.00371598,1.00649,
387,-0.194812,0,-0.767781,0.767911,0.991329,-0.0854593,1.3638,0.363307,-0.228519,0.0269342,-0.816994,0.0151029,0.0178314,-0.819138,1.35399,0.42895,-0.148969,1.08463,-0.698262,0.0301578,0.000206222,0.0107815,0.881336,
388,-0.194126,0,-0.765671,0.767908,0.991329,-0.0378159,1.36691,0.361977,-0.220278,0.0216472,-0.816782,0.0150942,0.0179286,-0.812573,1.35038,0.347617,-0.183591,0.972351,-0.616906,0.0229352,-0.00209834,0.013009,0.754991,
389,-0.1933,0,-0.764215,0.767899,0.991329,0.0101572,1.36936,0.360377,-0.212984,0.0171201,-0.816619,0.0150732,0.0180317,-0.80697,1.34791,0.265782,-0.216305,0.850552,-0.513635,0.0179791,-0.00295491,0.0125481,0.642224,
390,-0.192353,0,-0.763719,0.767888,0.991329,0.0559741,1.37116,0.358542,-0.206645,0.0134255,-0.816488,0.0150465,0.0181184,-0.801729,1.34707,0.182334,-0.242314,0.734966,-0.411343,0.0148751,-0.00353183,0.00928375,0.667346,
391,-0.191371,0,-0.768149,0.767868,0.991329,0.0872955,1.37224,0.356642,-0.201097,0.0105119,-0.816373,0.0149982,0.0181339,-0.792967,1.35462,0.0882821,-0.231832,0.654501,-0.319571,0.0136073,-0.00783602,-0.00371158,1.51794,
392,-0.190489,0,-0.775692,0.767834,0.991329,0.10751,1.37254,0.354936,-0.196067,0.00827335,-0.816278,0.0149165,0.018047,-0.775257,1.36777,-0.0128516,-0.194191,0.605105,-0.242831,0.010333,-0.0117507,-0.0159711,2.90053,
393,-0.189796,0,-0.784532,0.76779,0.991329,0.121394,1.37202,0.353596,-0.191343,0.00658646,-0.816221,0.0148122,0.0178823,-0.745251,1.38366,-0.118525,-0.141065,0.577029,-0.181439,0.00459046,-0.0136007,-0.023377,4.5887,
394,-0.189335,0,-0.793272,0.767745,0.991329,0.133569,1.37063,0.352704,-0.186796,0.0053344,-0.816217,0.0147026,0.0176809,-0.701054,1.39993,-0.227389,-0.0832911,0.55931,-0.133748,-0.00246437,-0.0132147,-0.0255193,6.44533,
395,-0.189107,0,-0.80099,0.767703,0.991329,0.147901,1.36837,0.352262,-0.182385,0.00441681,-0.816269,0.0146033,0.0174794,-0.64153,1.41479,-0.339101,-0.0297178,0.541867,-0.0974232,-0.00930657,-0.0111253,-0.0236771,8.41738,
396,-0.189079,0,-0.807083,0.767671,0.991329,0.167634,1.36519,0.352209,-0.178142,0.00375242,-0.81637,0.014525,0.0173025,-0.565701,1.42687,-0.454014,0.0122478,0.515573,-0.0700999,-0.0146939,-0.00798456,-0.0194617,10,
397,-0.189189,0,-0.811018,0.767649,0.991329,0.196021,1.36108,0.352421,-0.174175,0.00327787,-0.816504,0.014474,0.0171634,-0.472276,1.43486,-0.572879,0.0350199,0.470981,-0.0496858,-0.0178377,-0.00421251,-0.0140696,10,
398,-0.189337,0,-0.812045,0.767641,0.991329,0.237222,1.356,0.352708,-0.170676,0.00294511,-0.81665,0.0144549,0.0170688,-0.359254,1.43697,-0.696573,0.0284203,0.396044,-0.0344596,-0.0182904,0.000184531,-0.00795729,10,
399,-0.189372,0,-0.808798,0.76765,0.991329,0.297455,1.34991,0.352774,-0.167957,0.00271834,-0.816787,0.0144746,0.0170253,-0.223478,1.43034,-0.825773,-0.023973,0.272476,-0.0230746,-0.0157082,0.00575871,-0.000659763,10,
400,-0.189047,0,-0.798486,0.76768,0.991329,0.38621,1.34276,0.352147,-0.166521,0.00257114,-0.816885,0.0145473,0.0170479,-0.0599468,1.40991,-0.960223,-0.151321,0.0692962,-0.0145445,-0.00955395,0.0139174,0.0095964,10,
401,-0.187949,0,-0.774841,0.767746,0.991329,0.51586,1.33451,0.350026,-0.167212,0.00248341,-0.816911,0.0147047,0.0171747,0.139396,1.36627,-1.09661,-0.40857,-0.26977,-0.00830625,0.00128664,0.0276908,0.0270243,10,
402,-0.185336,0,-0.722258,0.767875,0.991329,0.691289,1.3252,0.344983,-0.171505,0.00243666,-0.816814,0.0150157,0.0174973,0.387887,1.28145,-1.22176,-0.902678,-0.850224,-0.00461476,0.0190845,0.0535011,0.0610453,10,
403,-0.179835,0,-0.600282,0.768128,0.991329,0.873044,1.31507,0.334393,-0.182021,0.00240191,-0.81651,0.0156237,0.0182199,0.707789,1.12436,-1.29107,-1.82866,-1.85336,-0.00610664,0.0482286,0.103429,0.129784,10,
404,-0.171713,0,-0.586206,0.768447,0.991329,0.85008,1.30562,0.318817,-0.196463,0.00087214,-0.815961,0.0163893,0.01954,1.01193,1.10854,-1.0617,-1.72592,-1.39688,-0.362981,0.0778303,0.0535273,0.154333,10,
405,-0.165688,0,-0.654659,0.768481,0.991329,0.745886,1.29735,0.307305,-0.20508,-0.00180136,-0.815216,0.016472,0.0203387,1.13177,1.18932,-1.03045,-1.18121,-0.836911,-0.240504,0.105867,-0.0237222,0.0483324,7.28758,
406,-0.161512,0,-0.698891,0.768355,0.991329,0.662162,1.28892,0.299349,-0.21086,-0.00241117,-0.814492,0.0161672,0.0204499,1.15133,1.24785,-1.0826,-0.844177,-0.661105,0.108023,0.0774628,-0.0453601,-0.0117649,-1.3167,
407,-0.158346,0,-0.722124,0.768213,0.991329,0.621062,1.27998,0.293327,-0.216276,0.000100097,-0.814062,0.0158274,0.0202609,1.1234,1.28125,-1.15503,-0.686697,-0.708675,0.494934,0.0358181,-0.0365131,-0.0308079,-5.07451,
408,-0.155611,0,-0.813583,0.768097,0.991329,0.575788,1.27077,0.288134,-0.222142,0.00245719,-0.8132,0.0155493,0.0199875,1.07691,1.44014,-1.06684,-0.58178,-1.06385,0.0659032,0.33548,-0.0577427,-0.0403073,-6.24942,
409,-0.153455,0,-0.906153,0.767869,0.991329,0.494764,1.26312,0.284043,-0.233885,0.00280142,-0.809736,0.0150002,0.0196432,1.02678,1.69735,-0.860515,-0.454624,-1.78446,0.0354448,0.488767,-0.0678783,-0.0432343,-6.1319,
410,-0.151684,0,-0.93757,0.767686,0.991329,0.442494,1.25679,0.280688,-0.249649,0.00313406,-0.806118,0.0145629,0.0193215,0.980189,1.84661,-0.734534,-0.393955,-2.11378,0.047467,0.394695,-0.0392157,-0.0362752,-5.44983,
411,-0.150065,0,-0.950327,0.76761,0.991329,0.4216,1.25119,0.277621,-0.267211,0.00353146,-0.803695,0.0143784,0.0190706,0.940023,1.93042,-0.675714,-0.37908,-2.25736,0.0489691,0.206614,-0.00797499,-0.0263412,-4.57367,
412,-0.148441,0,-0.955994,0.767624,0.991329,0.425234,1.24585,0.274548,-0.285556,0.00387833,-0.802829,0.0144126,0.0188989,0.906997,1.97503,-0.666321,-0.393042,-2.32169,0.0358184,0.0149911,0.0147288,-0.0168331,-3.68983,
413,-0.146718,0,-0.958509,0.767697,0.991329,0.444372,1.24044,0.271291,-0.304288,0.00408572,-0.80335,0.0145888,0.0187967,0.880768,1.99678,-0.690822,-0.4234,-2.35991,0.0155265,-0.136116,0.0276765,-0.00909905,-2.88656,
414,-0.144846,0,-0.959518,0.7678,0.991329,0.471313,1.23474,0.267754,-0.323312,0.00412689,-0.804865,0.0148359,0.0187481,0.860519,2.0059,-0.737263,-0.461554,-2.39678,-0.00472053,-0.233413,0.0328998,-0.00342613,-2.19944,
415,-0.142804,0,-0.959802,0.767911,0.991329,0.500701,1.22861,0.2639,-0.342655,0.00402212,-0.806949,0.015103,0.0187372,0.845275,2.00851,-0.797012,-0.502074,-2.44053,-0.0204799,-0.280151,0.0330847,0.000386123,-1.63579,
416,-0.14059,0,-0.959795,0.768018,0.991329,0.52925,1.22197,0.259725,-0.362381,0.00381481,-0.809241,0.015359,0.0187506,0.834068,2.00844,-0.864091,-0.541629,-2.4925,-0.0302936,-0.287316,0.0304194,0.00270975,-1.18817,
417,-0.138211,0,-0.959754,0.768113,0.991329,0.555214,1.21478,0.255243,-0.382552,0.0035518,-0.811475,0.0155877,0.018778,0.826023,2.00806,-0.934582,-0.578302,-2.55119,-0.0345582,-0.267723,0.0264463,0.00394055,-0.842213,
418,-0.135682,0,-0.959822,0.768195,0.991329,0.577888,1.20701,0.250483,-0.40321,0.00327277,-0.813484,0.0157829,0.0188121,0.820394,2.00869,-1.00614,-0.61114,-2.61414,-0.0345523,-0.23305,0.0221697,0.00443478,-0.581186,
419,-0.133018,0,-0.959992,0.768262,0.991329,0.597396,1.19868,0.245476,-0.42438,0.00300413,-0.815195,0.0159454,0.0188483,0.816567,2.01026,-1.07836,-0.640184,-2.67889,-0.0322626,-0.194698,0.018349,0.00453302,-0.388472,
420,-0.130231,0,-0.959327,0.768321,0.991329,0.616242,1.18974,0.240243,-0.446056,0.00274844,-0.81666,0.0160856,0.0188859,0.81406,2.00415,-1.15951,-0.67004,-2.73726,-0.0336112,-0.183335,0.0177648,0.00505235,-0.247581,
421,-0.127468,0,-0.96505,0.768365,0.991329,0.530887,1.18022,0.235059,-0.467726,0.00233415,-0.818121,0.0161931,0.0183619,0.811625,2.06052,-1.15431,-0.429064,-2.39741,-0.154517,-0.190082,-0.0141568,-0.451488,-0.851632,
422,-0.127947,0,-0.981359,0.768172,0.991329,-0.0150905,1.17181,0.235957,-0.481008,-0.000501337,-0.819702,0.0157293,0.0135593,0.799743,2.30081,-0.958027,0.650825,-0.942219,-0.532454,-0.197132,-0.0891908,-0.55055,-1.53436,
423,-0.13216,0,-0.9854,0.767935,0.991329,-0.378299,1.16509,0.243864,-0.483792,-0.00685103,-0.821244,0.015159,0.0104859,0.772374,2.39837,-0.731961,1.26447,0.162608,-1.02665,-0.183481,-0.0495698,-0.235354,-4.95292,
424,-0.138025,0,-0.985039,0.767891,0.991329,-0.516014,1.1602,0.254893,-0.479466,-0.0171447,-0.822611,0.0150532,0.0097907,0.709256,2.38848,-0.498249,1.44671,0.850637,-1.51857,-0.15636,0.018987,0.0365135,-10,
425,-0.144028,0,-0.982365,0.768047,0.991329,-0.537494,1.1571,0.266209,-0.471102,-0.0309496,-0.823735,0.0154288,0.0108393,0.597659,2.32271,-0.281829,1.34907,1.18908,-1.90951,-0.124346,0.0700012,0.205554,-10,
426,-0.149202,0,-0.977583,0.768328,0.991329,-0.486499,1.15563,0.275989,-0.461181,-0.0473471,-0.8246,0.0161041,0.01284,0.433144,2.22891,-0.0896567,1.0714,1.25351,-2.17234,-0.0929376,0.0955763,0.282169,-10,
427,-0.153372,0,-0.976406,0.768611,0.991329,-0.541065,1.15549,0.283886,-0.450923,-0.0651713,-0.825219,0.0167825,0.0150141,0.235475,2.2092,0.0230845,1.12398,1.49096,-2.23167,-0.0616198,0.0444309,0.218275,-10,
428,-0.15904,0,-0.979135,0.768645,0.991329,-0.684593,1.1558,0.294646,-0.436971,-0.0826337,-0.8256,0.0168651,0.0164039,0.127475,2.25671,0.0515359,1.54094,1.9638,-2.12358,-0.0352385,-0.0130248,0.140986,-8.44634,
429,-0.166113,0,-0.979538,0.768586,0.991329,-0.762127,1.15645,0.308117,-0.419685,-0.0993703,-0.825828,0.0167226,0.0174842,0.0848217,2.26431,0.112537,1.80313,2.33105,-2.05615,-0.0225933,-0.0181785,0.131795,-2.88405,
430,-0.173957,0,-0.978383,0.768545,0.991329,-0.800443,1.15768,0.323112,-0.399983,-0.115563,-0.82598,0.0166244,0.0185807,0.0724765,2.24297,0.195194,1.9259,2.57137,-1.98734,-0.0158687,-0.00525013,0.141394,-0.577011,
431,-0.182041,0,-0.976042,0.768551,0.991329,-0.816204,1.15962,0.338635,-0.378868,-0.131082,-0.826087,0.0166394,0.0197471,0.0707731,2.20332,0.289289,1.94046,2.68966,-1.88744,-0.011223,0.00881728,0.148229,-0.0493539,
432,-0.189981,0,-0.972734,0.768596,0.991329,-0.818445,1.16233,0.353953,-0.357235,-0.14562,-0.826159,0.0167469,0.0209296,0.0692376,2.15395,0.388649,1.87969,2.70585,-1.74229,-0.00708216,0.0176123,0.145656,-0.434119,
433,-0.197527,0,-0.968627,0.768659,0.991329,-0.811816,1.16584,0.368577,-0.335811,-0.158794,-0.826198,0.0168991,0.0220525,0.06273,2.10096,0.489523,1.77054,2.64155,-1.54699,-0.00290294,0.0201918,0.134097,-1.23606,
434,-0.204525,0,-0.963884,0.768722,0.991329,-0.7987,1.17016,0.382201,-0.315163,-0.170203,-0.826201,0.0170509,0.0230555,0.04911,2.04829,0.589476,1.63248,2.51493,-1.30168,0.0014099,0.0178945,0.11645,-2.18266,
435,-0.210892,0,-0.958673,0.768772,0.991329,-0.780289,1.17526,0.394651,-0.29573,-0.179458,-0.82617,0.0171712,0.0239027,0.0278478,1.99825,0.6868,1.47851,2.33975,-1.00915,0.00576152,0.0126208,0.0958258,-3.13278,
436,-0.216588,0,-0.953159,0.768802,0.991329,-0.757111,1.18113,0.405835,-0.277859,-0.186198,-0.826103,0.017243,0.0245808,-0.000787158,1.95201,0.780191,1.3168,2.1259,-0.67358,0.00998659,0.00605445,0.0746508,-4.02094,
437,-0.2216,0,-0.947496,0.76881,0.991329,-0.729287,1.18772,0.415712,-0.261828,-0.190098,-0.826004,0.0172614,0.0250921,-0.0361856,1.91006,0.868553,1.15221,1.88037,-0.299734,0.0139116,-0.000590342,0.0544915,-4.82364,
438,-0.225929,0,-0.941811,0.768796,0.991329,-0.696684,1.195,0.424271,-0.247871,-0.190871,-0.825875,0.0172289,0.0254485,-0.0776465,1.87237,0.950864,0.987389,1.6081,0.107439,0.0173913,-0.00657174,0.0361684,-5.53905,
439,-0.229582,0,-0.936198,0.768765,0.991329,-0.659026,1.20291,0.431516,-0.236187,-0.18827,-0.82572,0.0171524,0.0256659,-0.1245,1.83866,1.02608,0.823693,1.31262,0.543062,0.0203302,-0.0115281,0.0199561,-6.17521,
440,-0.232571,0,-0.930713,0.768718,0.991329,-0.615994,1.21138,0.437458,-0.22695,-0.182085,-0.825544,0.0170407,0.0257612,-0.176154,1.80849,1.09304,0.661741,0.996572,1.00248,0.0226914,-0.0153675,0.00577496,-6.74324,
441,-0.234909,0,-0.925374,0.768661,0.991329,-0.567345,1.22035,0.442115,-0.220315,-0.172145,-0.825351,0.0169024,0.0257493,-0.232106,1.78133,1.15046,0.501878,0.662128,1.48133,0.0244957,-0.0181699,-0.00665408,-7.25374,
442,-0.236607,0,-0.920175,0.768595,0.991329,-0.513044,1.22974,0.445504,-0.216423,-0.158309,-0.825146,0.016745,0.0256429,-0.291932,1.75668,1.19685,0.344491,0.311239,1.97567,0.0258106,-0.0201102,-0.0176927,-7.7151,
443,-0.23768,0,-0.915089,0.768524,0.991329,-0.453382,1.23945,0.447647,-0.215396,-0.140467,-0.824932,0.0165747,0.0254515,-0.35526,1.73406,1.23056,0.190242,-0.0541422,2.48206,0.0267333,-0.0214024,-0.0276991,-8.13282,
444,-0.238144,0,-0.910086,0.76845,0.991329,-0.389071,1.24937,0.448573,-0.217344,-0.118534,-0.824711,0.0163957,0.0251822,-0.421754,1.71306,1.24983,0.0402179,-0.431926,2.99769,0.0273697,-0.02226,-0.0369674,-8.50949,
445,-0.238019,0,-0.905136,0.768373,0.991329,-0.321253,1.25938,0.448324,-0.222355,-0.0924446,-0.824486,0.0162107,0.0248402,-0.491087,1.69339,1.2528,-0.103973,-0.819795,3.52043,0.0278135,-0.02287,-0.0456901,-8.84494,
446,-0.237333,0,-0.900232,0.768294,0.991329,-0.251419,1.26935,0.446953,-0.2305,-0.0621474,-0.824258,0.0160211,0.0244295,-0.562919,1.67484,1.2377,-0.240154,-1.21512,4.04897,0.0281286,-0.02338,-0.0539473,-9.13642,
447,-0.236123,0,-0.895389,0.768213,0.991329,-0.18124,1.27911,0.444536,-0.241827,-0.0275991,-0.824029,0.0158273,0.0239541,-0.636883,1.65738,1.20285,-0.365543,-1.61487,4.58266,0.0283361,-0.0238965,-0.0617245,-9.37862,
448,-0.234414,0,-0.877818,0.768141,0.991329,-0.0978727,1.28855,0.441128,-0.255665,0.00983839,-0.823756,0.0156534,0.0234192,-0.712707,1.59989,1.18142,-0.515255,-1.42791,3.92705,0.0628049,-0.00464156,-0.0681173,-9.69626,
449,-0.231909,0,-0.839069,0.768174,0.991329,-0.00293027,1.29808,0.43614,-0.26244,0.0305387,-0.822971,0.0157332,0.0228364,-0.792133,1.49645,1.18512,-0.694151,-0.367184,1.50002,0.117466,0.00979684,-0.0908632,-9.82118,
450,-0.229911,0,-0.856228,0.768065,0.991329,-0.135352,1.30693,0.432168,-0.261397,0.0369659,-0.821907,0.0154711,0.0214007,-0.84475,1.53906,1.04109,-0.391234,0.47873,0.247004,0.136801,-0.0499669,-0.201941,-3.88809,
451,-0.228609,0,-0.860295,0.767888,0.991329,-0.176873,1.31481,0.429584,-0.255872,0.036213,-0.82094,0.0150471,0.0198944,-0.862256,1.54984,0.931993,-0.264638,0.854044,-0.354924,0.103048,-0.0528349,-0.167704,-0.837405,
452,-0.227702,0,-0.863087,0.767727,0.991329,-0.189692,1.32187,0.427785,-0.248341,0.0322464,-0.820274,0.0146605,0.0187694,-0.862463,1.55741,0.83504,-0.193287,0.999201,-0.593134,0.064476,-0.0427982,-0.113209,0.595138,
453,-0.226993,0,-0.864526,0.767606,0.991329,-0.180625,1.32819,0.42638,-0.240242,0.0272289,-0.81989,0.0143705,0.0180665,-0.855024,1.56137,0.745083,-0.163831,1.00887,-0.639115,0.0334693,-0.0297516,-0.0645028,1.16395,
454,-0.226342,0,-0.864928,0.767527,0.991329,-0.156097,1.33381,0.425089,-0.232395,0.0222647,-0.819713,0.0141809,0.0177011,-0.844978,1.56248,0.659365,-0.162909,0.944188,-0.592055,0.0126935,-0.0181014,-0.0291623,1.29671,
455,-0.225654,0,-0.864604,0.767482,0.991329,-0.12106,1.33875,0.423727,-0.22523,0.017854,-0.819664,0.0140735,0.0175647,-0.834778,1.56159,0.576223,-0.180061,0.842688,-0.507379,0.000817495,-0.00924805,-0.00685252,1.22847,
456,-0.224873,0,-0.86379,0.767462,0.991329,-0.0791283,1.34303,0.422182,-0.218948,0.014167,-0.819682,0.0140255,0.0175641,-0.825484,1.55934,0.494616,-0.207884,0.726348,-0.414516,-0.00461167,-0.00318116,0.00540191,1.08343,
457,-0.223967,0,-0.862651,0.767459,0.991329,-0.0328895,1.34666,0.420388,-0.213613,0.0112044,-0.819726,0.0140167,0.0176324,-0.817435,1.55622,0.413886,-0.241463,0.607322,-0.327834,-0.0059297,0.000641263,0.0108682,0.923505,
458,-0.222917,0,-0.861302,0.767465,0.991329,0.0158128,1.34965,0.418314,-0.209219,0.00888887,-0.81977,0.0140317,0.0177264,-0.810623,1.55256,0.333631,-0.277704,0.491775,-0.253256,-0.00494342,0.00286099,0.0122348,0.776597,
459,-0.221737,0,-0.860584,0.767474,0.991329,0.0619531,1.35199,0.415982,-0.205698,0.00711718,-0.819799,0.0140542,0.0178091,-0.80404,1.55062,0.25063,-0.30548,0.389624,-0.191913,-0.00258518,0.0027633,0.00864257,0.868203,
460,-0.220513,0,-0.86268,0.767475,0.991329,0.0942021,1.35362,0.413568,-0.202857,0.00578855,-0.819806,0.0140552,0.017819,-0.793383,1.5563,0.156442,-0.297295,0.32269,-0.142396,0.000613543,-0.00191149,-0.00442292,1.79033,
461,-0.219378,0,-0.866644,0.767459,0.991329,0.115802,1.35446,0.411329,-0.200434,0.00481061,-0.819795,0.0140178,0.0177261,-0.773148,1.56727,0.0544103,-0.261865,0.284591,-0.103939,0.00194386,-0.00663953,-0.0167104,3.25878,
462,-0.21842,0,-0.871423,0.767431,0.991329,0.131516,1.35447,0.40944,-0.198239,0.0041013,-0.819784,0.0139505,0.017555,-0.739849,1.5809,-0.0529496,-0.210724,0.264607,-0.0748831,0.00102753,-0.00943858,-0.0241402,5.0527,
463,-0.21768,0,-0.87615,0.767398,0.991329,0.146103,1.3536,0.407984,-0.196171,0.00359312,-0.819787,0.0138705,0.0173471,-0.691413,1.59485,-0.164267,-0.154978,0.251317,-0.0533266,-0.00134728,-0.00993385,-0.0262728,7.03946,
464,-0.21716,0,-0.880205,0.767366,0.991329,0.163721,1.35182,0.40696,-0.194218,0.00323348,-0.819811,0.0137944,0.0171393,-0.626485,1.60723,-0.279189,-0.104157,0.234168,-0.0374837,-0.00407557,-0.00853422,-0.0243375,9.17176,
465,-0.216822,0,-0.883128,0.767341,0.991329,0.188125,1.34911,0.406296,-0.192451,0.002983,-0.819854,0.0137347,0.0169572,-0.543809,1.61639,-0.398082,-0.0668656,0.203152,-0.0258461,-0.00619538,-0.0058123,-0.0198822,10,
466,-0.216594,0,-0.884445,0.767327,0.991329,0.223371,1.34543,0.405846,-0.191023,0.00281309,-0.819908,0.0137003,0.0168156,-0.441707,1.62059,-0.521709,-0.0527122,0.147068,-0.0172228,-0.00702268,-0.00211013,-0.0140021,10,
467,-0.216354,0,-0.88344,0.767326,0.991329,0.274862,1.34074,0.405375,-0.190193,0.0027035,-0.819961,0.0136989,0.0167237,-0.317608,1.61738,-0.650873,-0.0754197,0.0504757,-0.0107193,-0.00608608,0.00270558,-0.00694696,10,
468,-0.215911,0,-0.878746,0.767345,0.991329,0.35059,1.33499,0.404504,-0.190378,0.00264008,-0.819996,0.0137425,0.0166933,-0.167458,1.60273,-0.785847,-0.157998,-0.111447,-0.00570437,-0.00296475,0.00949893,0.00221385,10,
469,-0.214943,0,-0.867411,0.767391,0.991329,0.461781,1.32813,0.4026,-0.192261,0.0026127,-0.819992,0.0138542,0.0167506,0.0152221,1.56942,-0.924958,-0.34254,-0.382451,-0.00182814,0.00291893,0.0203987,0.0163376,10,
470,-0.212882,0,-0.842224,0.767487,0.991329,0.618368,1.32016,0.398553,-0.197014,0.00261228,-0.819921,0.0140843,0.016959,0.241017,1.50396,-1.06031,-0.710139,-0.843761,0.000756711,0.0125284,0.0400869,0.042161,10,
471,-0.208683,0,-0.783393,0.767677,0.991329,0.80485,1.3112,0.390325,-0.206711,0.00262345,-0.819742,0.0145395,0.0174667,0.527572,1.38158,-1.16426,-1.41683,-1.64403,0.000437217,0.0273707,0.078321,0.0942115,10,
472,-0.20075,0,-0.695665,0.768031,0.991329,0.903148,1.30192,0.374843,-0.22404,0.00233892,-0.819414,0.0153896,0.0185841,0.886365,1.24337,-1.05086,-2.17222,-2.24173,-0.217123,0.0312652,0.111089,0.19144,10,
473,-0.192943,0,-0.748678,0.768238,0.991329,0.819959,1.29432,0.359686,-0.238485,-0.000345256,-0.819036,0.0158865,0.0198559,1.09296,1.32226,-0.902414,-1.60356,-1.454,-0.328439,0.0641486,0.0130693,0.105401,10,
474,-0.187321,0,-0.791873,0.768179,0.991329,0.729068,1.28704,0.348813,-0.248541,-0.0018212,-0.818552,0.0157465,0.0202956,1.15601,1.39728,-0.931027,-1.15311,-1.12953,-0.0023185,0.0578197,-0.0384402,0.0138704,2.3077,
475,-0.183102,0,-0.815664,0.768035,0.991329,0.672845,1.27932,0.340679,-0.257375,-6.93114e-05,-0.818216,0.0154,0.0202239,1.14736,1.44447,-1.00128,-0.911649,-1.12159,0.452852,0.029547,-0.0433638,-0.0246846,-3.64759,
476,-0.179506,0,-0.815766,0.767928,0.991329,0.658889,1.27106,0.333761,-0.265562,0.00268668,-0.818032,0.0151431,0.0199801,1.10721,1.44469,-1.0654,-0.838534,-0.942202,0.223993,0.0180608,-0.0208846,-0.0331028,-5.95025,
477,-0.176005,0,-0.811295,0.767891,0.991329,0.670223,1.26225,0.32704,-0.272871,0.00383409,-0.81792,0.0150533,0.0197257,1.05717,1.43542,-1.13799,-0.85201,-0.904919,0.0784535,0.0104288,-0.00300261,-0.0296166,-6.34228,
478,-0.172345,0,-0.805153,0.767901,0.991329,0.691971,1.25283,0.320025,-0.280261,0.00412959,-0.817847,0.0150784,0.0195131,1.00814,1.42301,-1.21775,-0.90594,-0.952742,0.0043386,0.00777008,0.00790334,-0.0236112,-5.82253,
479,-0.168415,0,-0.798658,0.767938,0.991329,0.71521,1.24275,0.312511,-0.288213,0.00400804,-0.81778,0.0151671,0.0193466,0.964962,1.41025,-1.30251,-0.973843,-1.0393,-0.0297674,0.00874616,0.013194,-0.0182887,-4.94529,
480,-0.164188,0,-0.802059,0.767986,0.991329,0.733416,1.23199,0.304446,-0.29692,0.00370893,-0.817696,0.0152827,0.019218,0.9292,1.41688,-1.37664,-1.03385,-1.18688,-0.0656204,0.0404403,0.00847377,-0.0153225,-4.00522,
481,-0.160136,0,-0.922041,0.767851,0.991329,0.687894,1.22174,0.29673,-0.310954,0.00278313,-0.815528,0.0149584,0.0190333,0.900534,1.76534,-1.19758,-0.896803,-2.22561,-0.0911832,0.433779,-0.0687572,-0.0278092,-3.17385,
482,-0.156609,0,-0.956905,0.767621,0.991329,0.645009,1.21266,0.290027,-0.330982,0.00238669,-0.811824,0.0144048,0.0188084,0.878021,1.98276,-1.08447,-0.785756,-2.71424,-0.0121907,0.4569,-0.0621666,-0.0268363,-2.47091,
483,-0.153463,0,-0.969444,0.767464,0.991329,0.61614,1.20423,0.284058,-0.3536,0.00249242,-0.808697,0.0140288,0.0186215,0.860596,2.11089,-1.03313,-0.713656,-2.90893,0.031858,0.310746,-0.0307025,-0.0193661,-1.90119,
484,-0.150537,0,-0.974599,0.767416,0.991329,0.604028,1.196,0.278515,-0.377176,0.00280244,-0.806986,0.0139135,0.0185033,0.84726,2.18092,-1.03061,-0.677886,-2.97275,0.0409708,0.116958,0.000659124,-0.0102443,-1.44743,
485,-0.147695,0,-0.976716,0.767459,0.991329,0.605821,1.18765,0.273138,-0.401045,0.00309192,-0.806774,0.0140177,0.0184553,0.837172,2.21428,-1.06321,-0.670814,-2.99171,0.0292368,-0.057031,0.023559,-0.00212851,-1.0879,
486,-0.144833,0,-0.977358,0.767563,0.991329,0.616736,1.17893,0.26773,-0.425028,0.00325052,-0.807767,0.014267,0.0184642,0.829654,2.22507,-1.11945,-0.684212,-3.0055,0.0101398,-0.181869,0.0370798,0.00391247,-0.803887,
487,-0.142445,0,-0.983834,0.767644,0.991329,0.426872,1.16998,0.263223,-0.447851,0.00309051,-0.809674,0.0144617,0.0163611,0.820982,2.35732,-1.06454,-0.201914,-2.40915,-0.0836502,-0.308243,-0.0148417,-0.859697,-1.79925,
488,-0.144062,0,-0.991198,0.767465,0.991329,-0.168306,1.16202,0.266275,-0.461418,0.00156123,-0.812445,0.0140321,0.0099868,0.799535,2.61172,-0.931138,0.933718,-1.02528,-0.284984,-0.365917,-0.0775643,-0.618066,-3.00444,
489,-0.149374,0,-0.992809,0.767293,0.991329,-0.481424,1.15538,0.276313,-0.465295,-0.00239743,-0.815357,0.0136198,0.00689168,0.755489,2.70254,-0.736909,1.50914,-0.0282606,-0.683358,-0.352813,-0.0233002,-0.188519,-7.68449,
490,-0.156126,0,-0.99258,0.767344,0.991329,-0.580822,1.15036,0.28911,-0.462929,-0.00962794,-0.81801,0.0137412,0.00674935,0.666859,2.68816,-0.522081,1.64031,0.553264,-1.10338,-0.30681,0.0490003,0.121238,-10,
491,-0.162772,0,-0.991341,0.767598,0.991329,-0.577177,1.14704,0.301747,-0.457349,-0.0198896,-0.820242,0.0143515,0.00849535,0.522869,2.61894,-0.312328,1.48262,0.792651,-1.44563,-0.250597,0.0987849,0.292925,-10,
492,-0.168407,0,-0.990116,0.76796,0.991329,-0.573836,1.14531,0.312495,-0.450832,-0.0324133,-0.822022,0.0152204,0.0111208,0.324008,2.56125,-0.143033,1.34578,0.944669,-1.64198,-0.194411,0.091968,0.319372,-10,
493,-0.175094,0,-0.991394,0.768121,0.991329,-0.72445,1.1443,0.325291,-0.440923,-0.0452557,-0.823351,0.0156054,0.0132494,0.190622,2.62166,-0.113492,1.8231,1.48883,-1.55161,-0.139776,0.0168658,0.22577,-10,
494,-0.183372,0,-0.991724,0.768143,0.991329,-0.801119,1.14363,0.341199,-0.427236,-0.0574677,-0.824311,0.0156589,0.014955,0.134097,2.63901,-0.0542908,2.12776,1.90437,-1.49739,-0.10181,0.00192343,0.203522,-4.11642,
495,-0.192549,0,-0.991481,0.768158,0.991329,-0.83854,1.14352,0.358921,-0.410789,-0.0692538,-0.825013,0.0156959,0.0165754,0.114674,2.62613,0.0280118,2.28109,2.18286,-1.44514,-0.0749819,0.00910347,0.200964,-1.17638,
496,-0.202047,0,-0.990829,0.768206,0.991329,-0.854673,1.14412,0.377371,-0.392663,-0.0805063,-0.825531,0.0158101,0.0181746,0.109687,2.59372,0.123286,2.31547,2.32996,-1.36391,-0.0553521,0.0196624,0.197225,-0.309307,
497,-0.211446,0,-0.989866,0.768283,0.991329,-0.858602,1.14552,0.395737,-0.373822,-0.0909327,-0.825912,0.0159942,0.0197126,0.106799,2.55051,0.225311,2.26546,2.36701,-1.23885,-0.0406177,0.0261615,0.185846,-0.535075,
498,-0.220461,0,-0.988661,0.768371,0.991329,-0.854761,1.14774,0.413464,-0.355048,-0.10016,-0.82619,0.0162074,0.0211276,0.0997398,2.50278,0.330299,2.15974,2.31732,-1.06463,-0.0293596,0.0270933,0.167124,-1.28575,
499,-0.228917,0,-0.987273,0.768455,0.991329,-0.845299,1.1508,0.430195,-0.336954,-0.107794,-0.826388,0.0164088,0.0223713,0.0857051,2.4546,0.435794,2.0192,2.20049,-0.841114,-0.0206475,0.023516,0.143751,-2.24306,
500,-0.236712,0,-0.985755,0.768522,0.991329,-0.83118,1.1547,0.445712,-0.320012,-0.113451,-0.826524,0.0165695,0.0234185,0.063791,2.40838,0.540085,1.85787,2.03132,-0.570907,-0.013848,0.0172052,0.118617,-3.23795,
501,-0.243791,0,-0.984154,0.768566,0.991329,-0.812696,1.15943,0.459886,-0.304596,-0.116772,-0.826612,0.0166742,0.0242648,0.0340655,2.36533,0.641882,1.68459,1.82041,-0.258027,-0.0085196,0.00979409,0.0939483,-4.18882,
502,-0.25013,0,-0.982508,0.768585,0.991329,-0.78969,1.16496,0.472645,-0.291009,-0.117436,-0.826661,0.0167195,0.0249199,-0.00296719,2.32593,0.740104,1.50459,1.57521,0.0928274,-0.00434644,0.00247464,0.0711203,-5.0636,
503,-0.255718,0,-0.980845,0.76858,0.991329,-0.761674,1.17125,0.483948,-0.279502,-0.115157,-0.826681,0.0167091,0.0254015,-0.046663,2.29012,0.833736,1.32074,1.30086,0.476729,-0.00109211,-0.00402651,0.0507759,-5.85665,
504,-0.260553,0,-0.979179,0.768556,0.991329,-0.727896,1.17827,0.493771,-0.270294,-0.109691,-0.826678,0.0166512,0.0257299,-0.0963896,2.25754,0.921694,1.13442,1.00092,0.888809,0.0014331,-0.00936631,0.0330193,-6.57488,
505,-0.264635,0,-0.977509,0.768516,0.991329,-0.687419,1.18597,0.502096,-0.26358,-0.10083,-0.826657,0.0165554,0.025925,-0.151591,2.22764,1.00272,0.946188,0.677831,1.32449,0.00339442,-0.0134804,0.0176011,-7.22969,
506,-0.267965,0,-0.975822,0.768464,0.991329,-0.639227,1.19428,0.50891,-0.259538,-0.0884023,-0.826622,0.016431,0.0260036,-0.211805,2.19981,1.07526,0.756299,0.333261,1.77973,0.00494538,-0.0164898,0.00406345,-7.83246,
507,-0.270543,0,-0.974091,0.768404,0.991329,-0.582411,1.20313,0.514201,-0.258334,-0.0722634,-0.826576,0.0162859,0.0259782,-0.27665,2.17338,1.13739,0.565107,-0.0316445,2.25132,0.00623195,-0.0186274,-0.00814956,-8.39207,
508,-0.272373,0,-0.972285,0.768337,0.991329,-0.516431,1.21242,0.517962,-0.260129,-0.052291,-0.826519,0.0161259,0.0258569,-0.345803,2.14776,1.18675,0.373405,-0.416117,2.7372,0.00738897,-0.0201825,-0.0196041,-8.91378,
509,-0.273457,0,-0.970366,0.768266,0.991329,-0.441438,1.22205,0.520194,-0.265076,-0.0283732,-0.826453,0.0159543,0.0256437,-0.418965,2.12244,1.22053,0.182714,-0.819635,3.23684,0.00852969,-0.0214567,-0.0307979,-9.39874,
510,-0.273807,0,-0.968297,0.76819,0.991329,-0.358541,1.23188,0.520915,-0.273327,-0.000395514,-0.826378,0.0157722,0.0253391,-0.495832,2.09704,1.23551,-0.00450965,-1.24176,3.7515,0.00973081,-0.022725,-0.0420862,-9.84396,
511,-0.273267,0,-0.957753,0.768174,0.991329,-0.234107,1.24209,0.519803,-0.279613,0.0207461,-0.826015,0.0157341,0.0249474,-0.577317,1.9901,1.31706,-0.279072,-0.379939,1.61866,0.0695849,0.00790901,-0.0518541,-10,
512,-0.271698,0,-0.94818,0.768196,0.991329,-0.108644,1.25274,0.516573,-0.280879,0.0283461,-0.825388,0.0157853,0.0244503,-0.663759,1.91487,1.33909,-0.528128,-0.00642795,0.414255,0.0798221,0.00340232,-0.0675642,-10,
513,-0.26924,0,-0.940167,0.768178,0.991329,0.00143816,1.26333,0.511525,-0.280505,0.0290094,-0.824765,0.0157419,0.0238118,-0.753657,1.86217,1.30539,-0.731947,0.0626073,-0.173606,0.0725745,-0.0130924,-0.0867848,-10,
514,-0.266468,0,-0.943177,0.768048,0.991329,-0.0390791,1.27324,0.505846,-0.279622,0.0265058,-0.824195,0.0154315,0.0227447,-0.829338,1.88107,1.15246,-0.616284,0.196606,-0.410762,0.0692692,-0.0687325,-0.187406,-6.20889,
515,-0.264421,0,-0.947992,0.767782,0.991329,-0.104101,1.28186,0.50166,-0.277498,0.0228728,-0.823707,0.014792,0.0211435,-0.859964,1.91355,1.0079,-0.440738,0.319021,-0.478033,0.05173,-0.084053,-0.198066,-1.91858,
516,-0.262931,0,-0.950835,0.76752,0.991329,-0.135395,1.28944,0.498618,-0.274747,0.019079,-0.823381,0.0141628,0.0197168,-0.865912,1.9342,0.892624,-0.330004,0.356021,-0.460896,0.0306612,-0.0708468,-0.154731,0.17182,
517,-0.261761,0,-0.952276,0.767318,0.991329,-0.138753,1.29618,0.496233,-0.271971,0.0155984,-0.823207,0.0136793,0.0186893,-0.860393,1.94514,0.793977,-0.274188,0.329173,-0.405461,0.0139884,-0.0498616,-0.102823,1.06984,
518,-0.260727,0,-0.952813,0.767186,0.991329,-0.121677,1.30217,0.494126,-0.269588,0.0126232,-0.823143,0.0133613,0.0180477,-0.850418,1.94931,0.704848,-0.258107,0.261098,-0.33766,0.00320178,-0.0303261,-0.0596248,1.35283,
519,-0.2597,0,-0.952787,0.767111,0.991329,-0.0904508,1.30747,0.492035,-0.267854,0.0101918,-0.823144,0.0131821,0.0177008,-0.839503,1.9491,0.621055,-0.268371,0.169293,-0.271051,-0.00259368,-0.0153362,-0.0291552,1.34145,
520,-0.258596,0,-0.952416,0.767078,0.991329,-0.0498248,1.31212,0.489791,-0.266908,0.0082659,-0.823175,0.0131034,0.0175503,-0.829242,1.94622,0.540101,-0.294895,0.0657417,-0.211906,-0.0048777,-0.00512372,-0.0100626,1.20746,
521,-0.257367,0,-0.951838,0.767072,0.991329,-0.00326989,1.31612,0.487295,-0.266811,0.00677516,-0.823215,0.01309,0.0175167,-0.82023,1.94178,0.460515,-0.330682,-0.0419912,-0.162405,-0.00500655,0.0011799,0.000569198,1.03833,
522,-0.255986,0,-0.95114,0.767083,0.991329,0.0467213,1.31948,0.484491,-0.267576,0.00564132,-0.823252,0.0131152,0.0175439,-0.812562,1.93649,0.381453,-0.371164,-0.149497,-0.122574,-0.00400083,0.0046844,0.0055981,0.875049,
523,-0.254501,0,-0.95126,0.767093,0.991329,0.0855338,1.32218,0.481482,-0.269097,0.00479553,-0.823273,0.0131401,0.0175522,-0.803082,1.93739,0.291281,-0.380753,-0.229531,-0.0903337,-0.00147667,0.00184634,-0.00244764,1.49131,
524,-0.253039,0,-0.952162,0.76709,0.991329,0.112562,1.3241,0.478522,-0.271142,0.0041788,-0.823274,0.0131319,0.0174772,-0.785929,1.94426,0.190761,-0.358572,-0.280365,-0.0651394,0.000897671,-0.00320066,-0.014344,2.78892,
525,-0.251706,0,-0.953506,0.767071,0.991329,0.132027,1.3252,0.475828,-0.273508,0.00373783,-0.823261,0.0130871,0.0173186,-0.756636,1.95476,0.0828826,-0.314993,-0.310675,-0.0461457,0.00224686,-0.00721007,-0.023314,4.52224,
526,-0.250567,0,-0.954961,0.767043,0.991329,0.148819,1.32541,0.473527,-0.276073,0.00342786,-0.823241,0.0130193,0.017109,-0.712384,1.96647,-0.030425,-0.261527,-0.331548,-0.032154,0.00261338,-0.00903024,-0.0273052,6.52445,
527,-0.249641,0,-0.95626,0.767012,0.991329,0.167537,1.32469,0.471657,-0.278806,0.00321394,-0.823221,0.0129458,0.0168866,-0.651336,1.97727,-0.148376,-0.208785,-0.354156,-0.0219431,0.00243729,-0.00869508,-0.0267783,8.71695,
528,-0.248905,0,-0.957198,0.766986,0.991329,0.192412,1.32301,0.470175,-0.281763,0.00307036,-0.823203,0.0128817,0.0166813,-0.571967,1.98528,-0.271093,-0.166481,-0.389445,-0.0144439,0.0022254,-0.00668097,-0.0230758,10,
529,-0.248301,0,-0.957574,0.766968,0.991329,0.227864,1.32033,0.468957,-0.285091,0.00297908,-0.823184,0.0128385,0.016513,-0.472479,1.98854,-0.399259,-0.145071,-0.449549,-0.00880313,0.00240145,-0.00338617,-0.0173844,10,
530,-0.247718,0,-0.957103,0.766962,0.991329,0.2795,1.3166,0.467783,-0.289052,0.00292807,-0.823161,0.0128258,0.0163944,-0.350264,1.98446,-0.533702,-0.158836,-0.550761,-0.00438498,0.00327943,0.00121337,-0.0101435,10,
531,-0.246975,0,-0.955261,0.766975,0.991329,0.35532,1.31176,0.466286,-0.29407,0.00290954,-0.823126,0.0128566,0.0163396,-0.201289,1.96894,-0.674736,-0.231157,-0.718705,-0.000759817,0.0050939,0.00788244,-0.000596621,10,
532,-0.245761,0,-0.950914,0.767016,0.991329,0.466298,1.30576,0.463843,-0.300842,0.00291828,-0.82307,0.0129546,0.0163759,-0.0191522,1.93479,-0.8206,-0.404428,-0.997813,0.00225137,0.00801733,0.0186988,0.0139982,10,
533,-0.243525,0,-0.941221,0.767106,0.991329,0.621847,1.2986,0.459351,-0.310558,0.00294875,-0.822983,0.0131702,0.0165672,0.206553,1.86867,-0.962909,-0.760121,-1.46936,0.00429321,0.0120207,0.0384006,0.0403179,10,
534,-0.239244,0,-0.917852,0.76729,0.991329,0.806383,1.29039,0.450774,-0.325302,0.00298672,-0.822858,0.0136125,0.0170616,0.49309,1.74618,-1.07248,-1.45559,-2.27974,0.00331296,0.0160937,0.0771673,0.0929349,10,
535,-0.23119,0,-0.873017,0.767654,0.991329,0.918269,1.28179,0.434711,-0.348123,0.00280789,-0.822715,0.0144844,0.0181706,0.859588,1.58555,-0.973862,-2.37216,-3.05159,-0.211304,0.00197321,0.128683,0.197849,10,
536,-0.22264,0,-0.895909,0.767933,0.991329,0.846558,1.27504,0.417765,-0.368526,-0.00047574,-0.822739,0.0151546,0.0195643,1.08776,1.65921,-0.776978,-1.8331,-2.15321,-0.442852,-0.00105811,0.0325384,0.121309,10,
537,-0.21622,0,-0.915186,0.76792,0.991329,0.76406,1.2688,0.40511,-0.384045,-0.00282919,-0.822747,0.0151246,0.0200968,1.16116,1.73448,-0.800532,-1.36814,-1.80621,-0.0948873,0.000801268,-0.0301803,0.0211817,3.13865,
538,-0.211227,0,-0.925309,0.767791,0.991329,0.712735,1.26211,0.395308,-0.398337,-0.00160133,-0.822767,0.0148137,0.0200588,1.15674,1.78101,-0.874991,-1.11475,-1.81361,0.417998,-0.00442193,-0.041914,-0.0229019,-3.36411,
539,-0.206902,0,-0.926988,0.767674,0.991329,0.699086,1.2548,0.386843,-0.412989,0.00277936,-0.822798,0.0145333,0.0198195,1.11763,1.78933,-0.947174,-1.02863,-1.75515,0.43937,0.00379257,-0.0238548,-0.0336157,-5.94,
540,-0.202675,0,-0.924166,0.767631,0.991329,0.711191,1.24695,0.378594,-0.426537,0.00509743,-0.822728,0.0144294,0.0195573,1.06711,1.77546,-1.01748,-1.04438,-1.65962,0.168415,0.011805,-0.00389112,-0.0308415,-6.45578,
541,-0.198271,0,-0.920697,0.76764,0.991329,0.733479,1.2385,0.370023,-0.439853,0.00581719,-0.822621,0.0144517,0.0193352,1.01696,1.75909,-1.09732,-1.10315,-1.68373,0.0278037,0.013811,0.00790038,-0.024695,-5.97856,
542,-0.193574,0,-0.917069,0.767678,0.991329,0.757081,1.22937,0.360908,-0.453625,0.00573598,-0.822508,0.0145423,0.0191615,0.972508,1.7427,-1.18389,-1.17677,-1.766,-0.0389799,0.0140109,0.01359,-0.0190222,-5.10307,
543,-0.188555,0,-0.913542,0.767728,0.991329,0.778031,1.21954,0.351197,-0.468165,0.00529857,-0.822395,0.0146624,0.0190285,0.935543,1.72744,-1.27463,-1.2508,-1.87156,-0.0654369,0.0138264,0.0155989,-0.0145409,-4.14352,
544,-0.183225,0,-0.910215,0.767781,0.991329,0.795174,1.20897,0.340915,-0.483578,0.00474262,-0.822283,0.0147904,0.0189273,0.906046,1.71359,-1.36756,-1.31901,-1.9821,-0.0710072,0.0136047,0.0158281,-0.0109876,-3.25189,
545,-0.177609,0,-0.907096,0.767834,0.991329,0.808604,1.19766,0.330117,-0.499863,0.00418703,-0.822174,0.0149175,0.0188521,0.883183,1.70106,-1.46137,-1.37959,-2.08891,-0.066665,0.013371,0.015473,-0.00800762,-2.48955,
546,-0.171739,0,-0.904148,0.767886,0.991329,0.818821,1.18559,0.318866,-0.516974,0.00368473,-0.822066,0.0150417,0.0187992,0.865845,1.68958,-1.55535,-1.43275,-2.18852,-0.0583848,0.0131013,0.0151501,-0.00539216,-1.86995,
547,-0.165641,0,-0.901325,0.767937,0.991329,0.82637,1.17277,0.307215,-0.534851,0.00325343,-0.821961,0.0151643,0.0187661,0.852919,1.6789,-1.64915,-1.47949,-2.28013,-0.0492547,0.0127931,0.0150988,-0.00306582,-1.3834,
548,-0.15962,0,-0.922522,0.767969,0.991329,0.776883,1.15961,0.29575,-0.552259,0.00225142,-0.82192,0.01524,0.0161051,0.84215,1.76761,-1.52167,-1.21358,-1.71449,-0.386303,-0.0188048,-0.0109,-1.34038,-1.50865,
549,-0.156378,0,-0.959342,0.767837,0.991329,0.470133,1.14881,0.289589,-0.559742,-0.00360964,-0.822273,0.0149231,0.00097824,0.830883,2.00429,-1.19309,-0.264275,-0.110653,-1.05447,-0.0607261,-0.0673522,-2.02465,-1.26415,
550,-0.157776,0,-0.979766,0.767544,0.991329,-0.185243,1.14042,0.292245,-0.553387,-0.0144571,-0.822899,0.0142218,-0.0118099,0.821535,2.26868,-0.911265,0.955221,1.71687,-1.64292,-0.0892491,-0.104199,-1.00732,-1.03245,
551,-0.165168,0,-0.990479,0.767133,0.991329,-0.80558,1.13421,0.306314,-0.53058,-0.0300845,-0.823684,0.013236,-0.0095014,0.798008,2.57741,-0.668093,2.58606,3.95771,-2.20005,-0.100787,-0.13978,1.70757,-4.74547,
552,-0.178517,0,-0.991285,0.766791,0.991329,-0.900324,1.13011,0.331861,-0.491014,-0.0505018,-0.824511,0.0124158,0.0136679,0.720969,2.61608,-0.33728,3.04736,5.13835,-2.86015,-0.100288,0.0193287,2.55245,-10,
553,-0.189369,0,-0.985574,0.767166,0.991329,-0.819884,1.12896,0.352769,-0.450855,-0.0755402,-0.825277,0.0133155,0.02838,0.576303,2.40325,0.0312497,2.1639,4.83702,-3.34003,-0.0879803,0.179969,1.26213,-10,
554,-0.196302,0,-0.975333,0.767853,0.991329,-0.645237,1.13019,0.366198,-0.414954,-0.102662,-0.825869,0.0149623,0.0354386,0.360077,2.19215,0.267965,1.24114,4.1704,-3.41869,-0.061467,0.212883,0.563706,-10,
555,-0.20165,0,-0.975203,0.768337,0.991329,-0.694896,1.13257,0.376597,-0.381112,-0.129079,-0.826226,0.0161254,0.0375859,0.185219,2.19012,0.322824,1.36864,4.28872,-3.17035,-0.0301911,0.088949,0.0369286,-10,
556,-0.207563,0,-0.975202,0.768511,0.991329,-0.742049,1.13537,0.388135,-0.346327,-0.153287,-0.826392,0.0165425,0.0368332,0.102963,2.19011,0.374809,1.51332,4.40065,-2.87508,-0.0131287,0.0232408,-0.189993,-6.64604,
557,-0.213968,0,-0.974725,0.768535,0.991329,-0.77535,1.13862,0.400685,-0.310837,-0.175,-0.826462,0.0165994,0.0349881,0.0671339,2.18283,0.437935,1.61517,4.45876,-2.5469,-0.0052279,-0.00426575,-0.253761,-2.83992,
558,-0.220631,0,-0.973636,0.768504,0.991329,-0.793589,1.14241,0.4138,-0.275219,-0.193915,-0.826489,0.0165263,0.0329861,0.0508851,2.16674,0.510286,1.6534,4.43148,-2.17547,-0.00184925,-0.0115518,-0.239416,-1.51041,
559,-0.227292,0,-0.972036,0.768465,0.991329,-0.799527,1.1468,0.426973,-0.24019,-0.209653,-0.826496,0.0164328,0.031237,0.0394516,2.14436,0.587948,1.63136,4.31283,-1.75292,-0.000264193,-0.0106846,-0.195894,-1.49488,
560,-0.233732,0,-0.970101,0.768433,0.991329,-0.795887,1.15182,0.439769,-0.206455,-0.221795,-0.826493,0.0163553,0.0298622,0.0252823,2.11908,0.667635,1.5613,4.11043,-1.27703,0.000820494,-0.00814568,-0.148187,-2.11477,
561,-0.239786,0,-0.968016,0.768408,0.991329,-0.784495,1.15748,0.451858,-0.174635,-0.229921,-0.826481,0.0162946,0.0288453,0.00496011,2.09372,0.746851,1.45648,3.83663,-0.749964,0.00186776,-0.00664328,-0.10712,-2.99076,
562,-0.245345,0,-0.965944,0.768385,0.991329,-0.766401,1.16376,0.463008,-0.145248,-0.233642,-0.826461,0.016239,0.0281169,-0.0226752,2.07021,0.823646,1.32819,3.50416,-0.176642,0.00292677,-0.00680945,-0.0760001,-3.92255,
563,-0.25034,0,-0.964011,0.768358,0.991329,-0.742126,1.17064,0.473068,-0.118717,-0.232613,-0.826432,0.0161762,0.0275969,-0.0576338,2.0496,0.896378,1.18508,3.12445,0.43643,0.00388086,-0.00834693,-0.054599,-4.81353,
564,-0.25473,0,-0.962296,0.768326,0.991329,-0.71186,1.17808,0.481946,-0.095378,-0.226546,-0.826396,0.0160975,0.0272135,-0.0994063,2.03228,0.963558,1.0333,2.70733,1.08179,0.0045863,-0.0106767,-0.041328,-5.6247,
565,-0.258497,0,-0.960829,0.768285,0.991329,-0.675591,1.18603,0.48959,-0.0754968,-0.215215,-0.826357,0.0159988,0.0269092,-0.147304,2.0181,1.02373,0.877041,2.26127,1.75128,0.00494458,-0.0132502,-0.034317,-6.34704,
566,-0.261636,0,-0.959593,0.768235,0.991329,-0.633221,1.19443,0.495977,-0.0592736,-0.19846,-0.826315,0.0158798,0.0266406,-0.200631,2.00658,1.07542,0.719078,1.79382,2.43614,0.00493334,-0.0156683,-0.0318892,-6.98541,
567,-0.264147,0,-0.958533,0.768178,0.991329,-0.584661,1.2032,0.501101,-0.0468508,-0.176197,-0.826275,0.0157428,0.0263767,-0.258751,1.997,1.11708,0.561263,1.31213,3.12693,0.00461106,-0.0177013,-0.0327205,-7.54956,
568,-0.26604,0,-0.957571,0.768115,0.991329,-0.529948,1.21225,0.504969,-0.038314,-0.148416,-0.826239,0.0155912,0.0260954,-0.321111,1.98851,1.14707,0.404981,0.823337,3.81362,0.00410503,-0.0192639,-0.035844,-8.04945,
569,-0.267324,0,-0.956616,0.768047,0.991329,-0.469343,1.2215,0.507599,-0.033691,-0.115192,-0.826206,0.0154289,0.0257813,-0.387228,1.98029,1.1637,0.251504,0.334784,4.48577,0.003589,-0.0203759,-0.0405854,-8.49297,
570,-0.268017,0,-0.955577,0.767976,0.991329,-0.403416,1.23081,0.509018,-0.0329498,-0.0766805,-0.826177,0.0152589,0.0254232,-0.456675,1.97155,1.16527,0.102265,-0.145974,5.13314,0.00325478,-0.0211236,-0.0464769,-8.8852,
571,-0.268139,0,-0.954373,0.767903,0.991329,-0.333068,1.24008,0.509269,-0.0359981,-0.033118,-0.82615,0.0150838,0.0250135,-0.52905,1.96169,1.15013,-0.040941,-0.611461,5.74649,0.00328045,-0.0216285,-0.0531761,-9.22821,
572,-0.267694,0,-0.945346,0.767842,0.991329,-0.244354,1.24919,0.508357,-0.0418339,0.0134809,-0.826069,0.0149366,0.0245467,-0.604096,1.89533,1.15746,-0.219883,-0.331207,4.86046,0.045243,0.00389999,-0.0605694,-9.64157,
573,-0.266311,0,-0.918655,0.767923,0.991329,-0.114527,1.25871,0.505523,-0.0385947,0.0389896,-0.825386,0.0151302,0.0240153,-0.683494,1.74978,1.2143,-0.487562,0.97627,1.83052,0.106857,0.0343154,-0.0681453,-10,
574,-0.263973,0,-0.896164,0.768017,0.991329,0.0012729,1.26839,0.500744,-0.0281273,0.0466319,-0.824465,0.0153555,0.0233888,-0.766489,1.66012,1.20126,-0.704045,1.54873,0.260632,0.11392,0.0199727,-0.0835007,-10,
575,-0.261707,0,-0.906548,0.767936,0.991329,-0.11443,1.2774,0.496122,-0.0133843,0.0453964,-0.823545,0.0151611,0.0220239,-0.833267,1.69889,1.04165,-0.430509,2.10759,-0.469925,0.111394,-0.0586015,-0.22519,-5.31878,
576,-0.260232,0,-0.904661,0.767618,0.991329,-0.0279072,1.2852,0.493118,0.00430331,0.0403023,-0.822773,0.0143982,0.0202843,-0.859081,1.69155,0.921498,-0.546125,2.00515,-0.72603,0.086107,-0.351375,-0.209919,-1.55294,
577,-0.256345,0,-0.886901,0.764772,0.991329,0.384562,1.2923,0.48522,0.0156615,0.0345418,-0.822121,0.00758103,0.0186383,-0.862971,1.62855,0.851517,-1.33775,0.93552,-0.703412,0.0741664,-1.23952,-0.195935,0.339423,
578,-0.250286,0,-0.885874,0.759415,0.991329,0.552255,1.29854,0.472959,0.0204637,0.0291828,-0.821528,-0.00518163,0.0169296,-0.834074,1.6252,0.706248,-1.67138,0.327666,-0.631293,0.0716408,-1.88619,-0.222024,6.82495,
579,-0.243455,0,-0.89248,0.752168,0.991329,0.616033,1.30342,0.459211,0.0216463,0.024496,-0.820974,-0.0223172,0.0150549,-0.742612,1.64726,0.509873,-1.73421,0.00656793,-0.538898,0.0655656,-2.34152,-0.235689,10,
580,-0.236645,0,-0.895337,0.743799,0.991329,0.641208,1.30661,0.445579,0.0210319,0.0205657,-0.820497,-0.0419386,0.0132485,-0.577747,1.65719,0.288618,-1.65933,-0.137183,-0.444184,0.0539639,-2.49974,-0.207127,10,
581,-0.230224,0,-0.887858,0.735481,0.991329,0.654096,1.30802,0.432791,0.0197235,0.0173672,-0.820114,-0.0612757,0.0118377,-0.342322,1.6317,0.0644939,-1.53463,-0.176927,-0.357031,0.0418353,-2.25709,-0.139567,10,
582,-0.22428,0,-0.865101,0.728786,0.991329,0.663193,1.30771,0.421008,0.0183473,0.0148178,-0.81981,-0.0767382,0.0110867,-0.041851,1.56296,-0.134088,-1.41491,-0.160505,-0.282384,0.033203,-1.51543,-0.044309,10,
583,-0.218976,0,-0.868812,0.725853,0.991329,0.577247,1.30642,0.410536,0.0171427,0.00815989,-0.819814,-0.0834838,0.0111706,0.321608,1.57339,-0.145226,-1.14096,-0.145633,-1.67662,-0.0490509,0.000120587,0.0668926,10,
584,-0.215089,0,-0.871912,0.729619,0.991329,0.413398,1.30545,0.402888,0.0160817,-0.00858967,-0.820552,-0.074819,0.0122225,0.751596,1.58232,-0.087525,-0.771385,-0.117282,-2.31308,-0.129436,2.28038,0.195082,10,
585,-0.213055,0,-0.934792,0.737865,0.991329,0.0206655,1.30616,0.398893,0.0151165,-0.0248067,-0.82173,-0.0557479,0.0141469,1.08214,1.83068,0.195089,-0.190809,-0.132099,-1.65616,-0.144283,2.2768,0.216836,10,
586,-0.213709,0,-0.961427,0.745482,0.991329,-0.338015,1.30777,0.400176,0.0140081,-0.0341611,-0.822846,-0.0380065,0.015356,1.19923,2.02381,0.179353,0.528081,-0.141501,-0.588968,-0.122974,2.24792,0.0900336,6.17185,
587,-0.217457,0,-0.974123,0.75382,0.991329,-0.61874,1.30881,0.407545,0.0129145,-0.0331238,-0.823699,-0.018425,0.0157289,1.20601,2.17385,0.0747784,1.31309,-0.12904,0.846413,-0.0906463,2.71162,0.0125338,-3.24621,
588,-0.224217,0,-0.98072,0.763535,0.991329,-0.708352,1.30901,0.420884,0.0116189,-0.0206574,-0.824359,0.0046269,0.0156904,1.14066,2.28756,-0.00772616,1.68393,-0.528354,2.19869,-0.0726518,2.63814,0.00718374,-10,
589,-0.229242,0,-0.980629,0.769667,0.991329,-0.437309,1.30899,0.430841,0.00136694,0.000443831,-0.82488,0.0193228,0.0160738,0.990018,2.28572,0.0147811,0.880838,-1.85091,2.9018,-0.0554529,1.18553,0.0815751,-10,
590,-0.231228,0,-0.973667,0.77227,0.991329,-0.11177,1.30948,0.434787,-0.0130177,0.0162207,-0.825038,0.025597,0.0169342,0.771016,2.16719,0.108259,0.133987,-1.79357,1.20676,0.00263477,0.459155,0.130953,-10,
591,-0.230204,0,-0.963493,0.773111,0.991329,0.260122,1.31054,0.432752,-0.0286569,0.0218718,-0.824917,0.0276292,0.018062,0.526465,2.04428,0.150747,-0.617131,-2.13767,0.305042,0.0219438,0.0896994,0.146062,-10,
592,-0.226323,0,-0.950423,0.773062,0.991329,0.557509,1.31153,0.425052,-0.0478123,0.0223418,-0.82467,0.0275111,0.0190598,0.298195,1.93113,0.0897451,-1.2615,-2.6327,-0.131706,0.0360488,-0.0994548,0.0988334,-10,
593,-0.220357,0,-0.940357,0.772542,0.991329,0.711657,1.31161,0.413258,-0.0705618,0.0204574,-0.824308,0.0262537,0.0194581,0.122141,1.86333,-0.0779218,-1.63155,-3.01515,-0.309668,0.0506763,-0.204157,0.00188426,-10,
594,-0.213489,0,-0.938267,0.771764,0.991329,0.770256,1.31007,0.399746,-0.0955124,0.0177437,-0.823856,0.0243761,0.0190603,0.0224397,1.85072,-0.311746,-1.70603,-3.1899,-0.353977,0.0592695,-0.257178,-0.0942021,-7.1615,
595,-0.206688,0,-0.941579,0.770886,0.991329,0.78751,1.30654,0.386426,-0.121249,0.0149593,-0.823382,0.0222577,0.0180524,0.0107777,1.87091,-0.571558,-1.61182,-3.23557,-0.335503,0.057494,-0.265447,-0.147789,4.21844,
596,-0.200271,0,-0.944122,0.770048,0.991329,0.802111,1.30092,0.373911,-0.147362,0.0124401,-0.82296,0.0202393,0.0168497,0.0903089,1.88722,-0.830763,-1.53747,-3.3143,-0.291965,0.0475078,-0.233267,-0.142805,10,
597,-0.193746,0,-0.940046,0.769375,0.991329,0.844549,1.2933,0.361241,-0.174861,0.010301,-0.822631,0.0186193,0.0159171,0.260893,1.86143,-1.06754,-1.68491,-3.61402,-0.242859,0.0344517,-0.16681,-0.0810566,10,
598,-0.185746,0,-0.919865,0.768973,0.991329,0.917895,1.28398,0.345775,-0.206332,0.00854012,-0.822402,0.0176531,0.0156828,0.526034,1.75527,-1.24688,-2.27471,-4.34078,-0.199081,0.0215305,-0.0699771,0.0317667,10,
599,-0.1742,0,-0.877676,0.76893,0.991329,0.960108,1.27385,0.323579,-0.245131,0.00674616,-0.82229,0.0175508,0.0165603,0.882793,1.59946,-1.17009,-3.00299,-4.89462,-0.436353,-0.0112047,0.0201658,0.190856,10,
600,-0.162829,0,-0.893816,0.768906,0.991329,0.923307,1.26529,0.301856,-0.280305,0.00172521,-0.822422,0.0174933,0.0179745,1.09068,1.65187,-1.02377,-2.4148,-3.98873,-0.687751,-0.0143444,-0.0385377,0.136371,10,
601,-0.153725,0,-0.909952,0.768719,0.991329,0.879323,1.25702,0.284555,-0.310236,-0.00315768,-0.822515,0.0170422,0.0187117,1.15491,1.71252,-1.05645,-1.94984,-3.5679,-0.491073,-0.0077201,-0.0668394,0.0548278,2.45225,
602,-0.146081,0,-0.918338,0.768506,0.991329,0.849654,1.24828,0.270087,-0.338229,-0.00583581,-0.822582,0.0165318,0.0189727,1.14748,1.74835,-1.13331,-1.69927,-3.47517,-0.163604,-0.00803289,-0.057361,0.0163651,-3.49512,
603,-0.139132,0,-0.921843,0.768353,0.991329,0.838352,1.23886,0.256977,-0.366318,-0.00570327,-0.822657,0.0161639,0.0190442,1.10857,1.76441,-1.22375,-1.59819,-3.57332,0.203966,-0.0100198,-0.0345267,0.0041405,-5.79534,
604,-0.13239,0,-0.92276,0.768277,0.991329,0.839466,1.22868,0.244295,-0.395655,-0.00256798,-0.822742,0.0159805,0.0190666,1.05972,1.76874,-1.32238,-1.58284,-3.7757,0.584136,-0.0106554,-0.0126865,0.00215869,-6.20174,
605,-0.125579,0,-0.919001,0.76827,0.991329,0.847655,1.21771,0.23152,-0.426325,0.00258296,-0.822795,0.0159637,0.0190852,1.0117,1.75134,-1.41639,-1.62172,-3.79488,0.495069,0.00251389,0.00923634,0.0022477,-5.71057,
606,-0.11851,0,-0.912948,0.768327,0.991329,0.858041,1.20601,0.218294,-0.45634,0.00517091,-0.822721,0.0161004,0.0191048,0.96928,1.72493,-1.50937,-1.68618,-3.72822,0.184291,0.013336,0.022281,0.00251845,-4.86618,
607,-0.111142,0,-0.907768,0.76841,0.991329,0.866879,1.19354,0.204547,-0.486177,0.00592368,-0.822595,0.0163013,0.0191266,0.934021,1.70372,-1.60857,-1.75082,-3.74106,0.0226535,0.0168152,0.0264102,0.00274683,-3.95328,
608,-0.104429,0,-0.933666,0.768444,0.991329,0.773431,1.18166,0.192052,-0.512422,0.00344107,-0.822634,0.0163808,0.0120416,0.900721,1.82442,-1.28136,-1.22765,-2.55356,-0.76903,-0.0318103,-0.0158269,-1.94545,-4.13535,
609,-0.101176,0,-0.961487,0.768301,0.991329,0.413976,1.17289,0.186007,-0.525846,-0.00713781,-0.823125,0.0160391,-0.00539322,0.871679,2.02439,-0.925983,-0.231096,-0.755247,-1.92273,-0.086607,-0.068769,-2.07368,-3.11424,
610,-0.102743,0,-0.978522,0.768023,0.991329,-0.293048,1.16694,0.188917,-0.523777,-0.0269006,-0.823932,0.0153719,-0.0179287,0.849699,2.24547,-0.590485,0.993385,1.23426,-2.87901,-0.101719,-0.099031,-0.855794,-2.34912,
611,-0.110673,0,-0.98924,0.767624,0.991329,-0.86565,1.16347,0.203674,-0.504052,-0.0530241,-0.824732,0.0144123,-0.0125926,0.811939,2.5249,-0.304371,2.72174,3.67106,-3.58493,-0.0944939,-0.138259,2.29891,-7.02863,
612,-0.124875,0,-0.988251,0.767305,0.991329,-0.926043,1.16233,0.230201,-0.466702,-0.0848085,-0.825468,0.0136468,0.015772,0.714174,2.48785,0.0279194,3.06551,4.7794,-4.31675,-0.0848504,0.0412504,3.06266,-10,
613,-0.135498,0,-0.973948,0.767781,0.991329,-0.815434,1.16388,0.250138,-0.430675,-0.121392,-0.826075,0.0147899,0.0333,0.546136,2.17127,0.33012,1.90809,4.15398,-4.75516,-0.0640087,0.214179,1.48482,-10,
614,-0.141264,0,-0.945144,0.768564,0.991329,-0.570832,1.16738,0.260996,-0.400684,-0.159987,-0.826461,0.0166691,0.0413299,0.30456,1.89398,0.541131,0.816265,3.33987,-4.87317,-0.0351657,0.243038,0.613528,-10,
615,-0.144151,0,-0.936856,0.76917,0.991329,-0.567513,1.17208,0.266442,-0.374791,-0.19841,-0.826575,0.0181279,0.0435714,0.0673836,1.84245,0.620664,0.750099,3.32751,-4.71504,0.00256176,0.108068,-0.0119655,-10,
616,-0.147792,0,-0.937885,0.769356,0.991329,-0.650968,1.17723,0.27332,-0.347289,-0.235194,-0.826449,0.0185742,0.0420983,-0.0478472,1.84846,0.66629,0.969595,3.54358,-4.47289,0.0255294,0.0147066,-0.309444,-9.25066,
617,-0.15228,0,-0.93658,0.769335,0.991329,-0.711576,1.18281,0.281815,-0.31817,-0.269956,-0.826216,0.0185238,0.0392322,-0.096637,1.84085,0.729485,1.14281,3.72032,-4.21046,0.0314922,-0.0207979,-0.383992,-3.66007,
618,-0.157311,0,-0.932103,0.769253,0.991329,-0.744774,1.18896,0.291361,-0.288006,-0.30248,-0.825964,0.0183259,0.0362503,-0.115622,1.8159,0.807027,1.22968,3.80206,-3.91348,0.0308342,-0.0256439,-0.352401,-1.47994,
619,-0.162513,0,-0.924616,0.769177,0.991329,-0.756132,1.19576,0.301254,-0.25763,-0.332442,-0.825721,0.0181443,0.0337002,-0.12528,1.77764,0.892485,1.23137,3.77524,-3.57062,0.0295551,-0.0186999,-0.283253,-1.13993,
620,-0.167559,0,-0.914538,0.769129,0.991329,-0.751086,1.20325,0.310876,-0.227878,-0.359463,-0.825479,0.0180281,0.0317266,-0.136304,1.73169,0.981073,1.16484,3.64952,-3.17884,0.030161,-0.0101274,-0.211318,-1.71476,
621,-0.172206,0,-0.902373,0.769105,0.991329,-0.732956,1.21145,0.319759,-0.199471,-0.383162,-0.825221,0.017971,0.0302846,-0.153727,1.68283,1.06941,1.04935,3.44221,-2.74089,0.033212,-0.00410411,-0.151113,-2.68264,
622,-0.176287,0,-0.888691,0.769096,0.991329,-0.703458,1.22035,0.327579,-0.172991,-0.403192,-0.824928,0.0179479,0.0292603,-0.179456,1.63445,1.15481,0.901336,3.17072,-2.26268,0.0383403,-0.00153107,-0.106554,-3.76368,
623,-0.179698,0,-0.874094,0.769089,0.991329,-0.663447,1.22991,0.33413,-0.148888,-0.419261,-0.824588,0.0179327,0.0285305,-0.213771,1.58872,1.23485,0.733373,2.84992,-1.75156,0.0448036,-0.00186617,-0.076746,-4.81808,
624,-0.182381,0,-0.859178,0.769078,0.991329,-0.613493,1.24007,0.33929,-0.127506,-0.431139,-0.824192,0.0179062,0.0279871,-0.256176,1.54685,1.30715,0.55456,2.49177,-1.21539,0.0517758,-0.00414407,-0.059065,-5.78417,
625,-0.184307,0,-0.844481,0.769058,0.991329,-0.554305,1.25078,0.343,-0.109104,-0.438656,-0.823742,0.0178565,0.0275447,-0.305862,1.50942,1.36926,0.37137,2.10575,-0.66204,0.0585014,-0.00745194,-0.0506201,-6.64157,
626,-0.185472,0,-0.830455,0.769025,0.991329,-0.48703,1.26193,0.345245,-0.093874,-0.441705,-0.82324,0.0177783,0.0271402,-0.361952,1.47658,1.4187,0.188454,1.6995,-0.0990909,0.064376,-0.0110966,-0.0488296,-7.38999,
627,-0.185885,0,-0.817444,0.76898,0.991329,-0.413401,1.27341,0.346042,-0.0819502,-0.440239,-0.822697,0.017671,0.0267292,-0.423603,1.44821,1.45301,0.00930387,1.2795,0.466376,0.0689786,-0.0146202,-0.051565,-8.03743,
628,-0.185569,0,-0.805693,0.768925,0.991329,-0.335685,1.28511,0.345432,-0.0734195,-0.434262,-0.822123,0.0175367,0.026283,-0.49005,1.42409,1.46988,-0.163253,0.851423,1.02804,0.0720684,-0.0177551,-0.0571158,-8.59408,
629,-0.184556,0,-0.79537,0.768859,0.991329,-0.25644,1.29686,0.343479,-0.0683256,-0.423826,-0.821531,0.0173793,0.0257849,-0.560609,1.40392,1.46725,-0.326712,0.420444,1.58066,0.073558,-0.0203709,-0.0641134,-9.06931,
630,-0.182887,0,-0.786603,0.768786,0.991329,-0.178148,1.3085,0.340264,-0.0666727,-0.409019,-0.820935,0.0172031,0.0252284,-0.63466,1.38746,1.44336,-0.478622,-0.0087167,2.12045,0.0734723,-0.0224348,-0.0714829,-9.47007,
631,-0.180614,0,-0.779547,0.768706,0.991329,-0.102893,1.31986,0.335891,-0.0684292,-0.389953,-0.820346,0.0170125,0.024614,-0.711627,1.37463,1.39686,-0.61632,-0.431752,2.64543,0.0718961,-0.0239948,-0.0784403,-9.79959,
632,-0.177805,0,-0.780396,0.768622,0.991329,-0.0508419,1.33076,0.330494,-0.0735236,-0.366741,-0.819777,0.0168102,0.0239459,-0.790925,1.37616,1.32148,-0.700122,-0.819214,3.16682,0.0691896,-0.0323479,-0.10044,-9.71087,
633,-0.176068,0,-0.849789,0.76836,0.991329,-0.264046,1.34059,0.327161,-0.0797112,-0.338725,-0.819237,0.0161805,0.0223302,-0.843259,1.52255,1.14503,-0.233474,-0.789788,3.7939,0.0647752,-0.0934339,-0.230967,-3.90899,
634,-0.175532,0,-0.872367,0.768075,0.991329,-0.332884,1.3492,0.326133,-0.0865688,-0.306196,-0.818937,0.015495,0.0206479,-0.861274,1.58364,1.01228,-0.0366425,-0.934755,4.33829,0.0148696,-0.07523,-0.183998,-0.932304,
635,-0.175659,0,-0.885842,0.767868,0.991329,-0.363878,1.35683,0.326375,-0.094827,-0.269313,-0.818994,0.0149982,0.0194235,-0.862425,1.6251,0.897792,0.0867608,-1.13867,4.88209,-0.0242476,-0.0489117,-0.1225,0.462254,
636,-0.176179,0,-0.894019,0.767745,0.991329,-0.367615,1.36359,0.327373,-0.104915,-0.228087,-0.819301,0.0147043,0.0186635,-0.856121,1.65258,0.791641,0.155276,-1.3896,5.42317,-0.0486323,-0.0254516,-0.0698587,1.01875,
637,-0.176902,0,-0.898957,0.767691,0.991329,-0.351813,1.36951,0.328759,-0.117145,-0.182556,-0.819748,0.0145736,0.0182652,-0.847235,1.67017,0.688278,0.186211,-1.67141,5.95739,-0.0605913,-0.00825032,-0.0322205,1.15521,
638,-0.177698,0,-0.901731,0.767683,0.991329,-0.321512,1.3746,0.330288,-0.1317,-0.132802,-0.820253,0.0145551,0.0181103,-0.838124,1.68042,0.584528,0.192745,-1.96833,6.47724,-0.0637654,0.00279292,-0.00851378,1.09979,
639,-0.178487,0,-0.902872,0.767704,0.991329,-0.279957,1.37885,0.331803,-0.148642,-0.0789816,-0.820757,0.0146046,0.0181001,-0.829793,1.68471,0.478682,0.183961,-2.26611,6.97219,-0.0613325,0.009044,0.00460833,0.972489,
640,-0.179218,0,-0.902616,0.76774,0.991329,-0.229355,1.38225,0.333207,-0.167929,-0.0213426,-0.821226,0.0146902,0.0181641,-0.82255,1.68375,0.370029,0.165672,-2.55235,7.42963,-0.0555562,0.0120498,0.0105996,0.832938,
641,-0.179712,0,-0.858036,0.76785,0.991329,-0.156536,1.38503,0.334157,-0.183906,0.0287053,-0.821341,0.0149552,0.0182381,-0.81641,1.54382,0.350458,0.0438117,-0.99153,4.16887,0.0433702,0.0613084,0.00659722,0.695836,
642,-0.179598,0,-0.808142,0.768072,0.991329,-0.0791217,1.38781,0.333938,-0.185977,0.0495431,-0.82071,0.0154884,0.0182808,-0.811219,1.42901,0.338173,-0.0934139,0.320504,1.34278,0.0963184,0.0643215,0.00485351,0.598632,
643,-0.178983,0,-0.775644,0.768251,0.991329,-0.007832,1.39036,0.332756,-0.18063,0.0538804,-0.819851,0.0159184,0.0183189,-0.806659,1.36769,0.294612,-0.197154,0.930947,-0.0857622,0.108494,0.0416954,0.00494944,0.535534,
644,-0.177999,0,-0.757106,0.768349,0.991329,0.0557552,1.39247,0.330865,-0.172093,0.05025,-0.818985,0.0161527,0.0183587,-0.802528,1.336,0.23065,-0.271849,1.15735,-0.726312,0.102869,0.0176096,0.0050832,0.489919,
645,-0.176826,0,-0.753556,0.768366,0.991329,0.0969523,1.39397,0.328613,-0.162525,0.0433906,-0.818197,0.0161949,0.0183468,-0.795237,1.33017,0.144052,-0.28712,1.21253,-0.938498,0.0912099,-0.00523504,-0.00652673,1.33233,
646,-0.175695,0,-0.760393,0.768318,0.991329,0.118241,1.39472,0.326445,-0.152839,0.0358077,-0.817532,0.0160787,0.01823,-0.778256,1.34147,0.0421463,-0.252194,1.19972,-0.933237,0.0744515,-0.0217502,-0.0203733,2.90473,
647,-0.174769,0,-0.771702,0.768229,0.991329,0.128978,1.39462,0.324669,-0.143381,0.0287158,-0.817022,0.0158663,0.0180271,-0.747378,1.36077,-0.0671966,-0.190977,1.16076,-0.830139,0.0537539,-0.0296982,-0.0283033,4.80139,
648,-0.174116,0,-0.783601,0.768127,0.991329,0.137168,1.39363,0.323418,-0.134284,0.0226117,-0.816685,0.0156212,0.0177909,-0.7009,1.38196,-0.179929,-0.122793,1.1113,-0.693871,0.0323186,-0.0304423,-0.0292871,6.8014,
649,-0.173739,0,-0.794059,0.768031,0.991329,0.148505,1.39173,0.322694,-0.125611,0.0176138,-0.816511,0.0153905,0.017568,-0.638268,1.40142,-0.29463,-0.0608766,1.05514,-0.557215,0.0132552,-0.0265171,-0.0253835,8.83679,
650,-0.173591,0,-0.802161,0.767952,0.991329,0.16688,1.38891,0.322413,-0.117417,0.0136575,-0.816472,0.0152014,0.0173863,-0.559064,1.41708,-0.411423,-0.0140649,0.990547,-0.435001,-0.0014675,-0.0202468,-0.0191397,10,
651,-0.173596,0,-0.8074,0.767896,0.991329,0.195571,1.38514,0.322422,-0.10979,0.0106021,-0.816529,0.0150659,0.0172562,-0.462344,1.42751,-0.531211,0.0101233,0.91179,-0.33236,-0.0110773,-0.0131397,-0.0123174,10,
652,-0.17364,0,-0.809121,0.767863,0.991329,0.238613,1.38039,0.322505,-0.102883,0.00828817,-0.81664,0.0149878,0.0171788,-0.34621,1.43099,-0.655142,0.00190499,0.808247,-0.249498,-0.0155676,-0.00574614,-0.00550363,10,
653,-0.173555,0,-0.80598,0.767856,0.991329,0.302213,1.37463,0.322343,-0.0969614,0.00656468,-0.816764,0.0149704,0.0171554,-0.207385,1.42466,-0.784158,-0.0552282,0.661336,-0.184388,-0.0151638,0.00234005,0.00194982,10,
654,-0.173079,0,-0.795012,0.767879,0.991329,0.395994,1.36781,0.321432,-0.092495,0.00530067,-0.816862,0.0150247,0.0171984,-0.0405523,1.40323,-0.918182,-0.191729,0.438058,-0.134251,-0.00983019,0.0126446,0.0122032,10,
655,-0.17177,0,-0.769322,0.767944,0.991329,0.532016,1.3599,0.318926,-0.0903178,0.00438745,-0.816889,0.0151806,0.017347,0.16289,1.35664,-1.05382,-0.466099,0.0775713,-0.0964111,0.00122943,0.0285127,0.0300778,10,
656,-0.16883,0,-0.711518,0.76808,0.991329,0.712039,1.35094,0.313303,-0.0919493,0.00373479,-0.816787,0.0155085,0.0177001,0.417147,1.26574,-1.177,-0.992602,-0.534711,-0.0690536,0.0202428,0.0568272,0.0659993,10,
657,-0.162791,0,-0.577517,0.76835,0.991329,0.888787,1.34118,0.301783,-0.100143,0.0032581,-0.81646,0.0161559,0.0184788,0.745737,1.09894,-1.23966,-1.97416,-1.59322,-0.0528031,0.0519971,0.109543,0.139001,10,
658,-0.155019,0,-0.608337,0.768613,0.991329,0.825414,1.33238,0.287009,-0.11042,0.00130305,-0.815892,0.016787,0.0197973,1.0131,1.13358,-1.00813,-1.589,-0.916709,-0.331598,0.0887075,0.0324307,0.139905,10,
659,-0.149409,0,-0.671315,0.7686,0.991329,0.722937,1.32444,0.276379,-0.115704,-0.000828955,-0.815139,0.0167559,0.0204989,1.1122,1.21067,-0.997398,-1.09951,-0.469291,-0.156636,0.0986643,-0.0308622,0.0404071,5.71569,
660,-0.145464,0,-0.761989,0.768456,0.991329,0.621126,1.31641,0.26892,-0.118962,-0.00139592,-0.814232,0.0164111,0.0205691,1.12448,1.34415,-0.926734,-0.774716,-0.519174,-0.315064,0.311253,-0.0626566,-0.0194373,-1.71175,
661,-0.142768,0,-0.880289,0.7682,0.991329,0.474986,1.3102,0.263832,-0.126317,-0.00456339,-0.810858,0.0157966,0.0202789,1.09582,1.60748,-0.654132,-0.520497,-1.32227,-0.292818,0.469676,-0.0804983,-0.0461025,-4.9266,
662,-0.1409,0,-0.925021,0.767962,0.991329,0.376963,1.30558,0.260308,-0.140001,-0.00425612,-0.807644,0.0152234,0.0199043,1.0514,1.7796,-0.520453,-0.376789,-2.07955,0.410641,0.315978,-0.0596113,-0.044874,-5.89959,
663,-0.139459,0,-0.941267,0.767816,0.991329,0.334426,1.30165,0.257594,-0.158997,0.00181774,-0.805958,0.0148749,0.0195836,1.0043,1.86896,-0.461233,-0.322849,-2.48011,0.814985,0.151009,-0.0210805,-0.0353461,-5.74224,
664,-0.138034,0,-0.943202,0.76782,0.991329,0.33367,1.29819,0.25491,-0.178102,0.00642337,-0.805022,0.014884,0.0193386,0.960823,1.88123,-0.412549,-0.354023,-2.31374,0.37677,0.0715729,0.018198,-0.0258466,-5.07018,
665,-0.13642,0,-0.943662,0.767912,0.991329,0.356915,1.29493,0.251873,-0.196248,0.00834515,-0.804892,0.0151042,0.0191677,0.923644,1.88421,-0.407481,-0.407456,-2.23496,0.127635,-0.0387214,0.0337994,-0.0171974,-4.21448,
666,-0.134562,0,-0.943608,0.768032,0.991329,0.390888,1.29159,0.248378,-0.214019,0.00876344,-0.805592,0.0153917,0.0190582,0.89341,1.88386,-0.430875,-0.466282,-2.2159,-0.00866084,-0.131289,0.0364431,-0.0105764,-3.35745,
667,-0.132457,0,-0.943507,0.768149,0.991329,0.427564,1.28799,0.244421,-0.231805,0.00838521,-0.8069,0.0156725,0.0189936,0.869722,1.8832,-0.471864,-0.522115,-2.2355,-0.0772511,-0.189984,0.0329636,-0.00590272,-2.58795,
668,-0.130124,0,-0.94359,0.76825,0.991329,0.462671,1.28401,0.240042,-0.249849,0.00763331,-0.808541,0.0159149,0.01896,0.851713,1.88374,-0.522941,-0.57141,-2.27862,-0.105623,-0.215142,0.0273151,-0.00274984,-1.9405,
669,-0.127596,0,-0.943964,0.768331,0.991329,0.494292,1.27961,0.235299,-0.268296,0.00675596,-0.810272,0.0161109,0.0189471,0.838373,1.88618,-0.579133,-0.61318,-2.3347,-0.110828,-0.213992,0.0215498,-0.000687025,-1.41947,
670,-0.124902,0,-0.944664,0.768395,0.991329,0.521843,1.27474,0.230252,-0.287218,0.00589254,-0.811918,0.0162635,0.0189474,0.828727,1.89079,-0.637323,-0.647668,-2.39662,-0.103515,-0.195437,0.016574,0.000627819,-1.01401,
671,-0.122072,0,-0.945627,0.768444,0.991329,0.545638,1.26941,0.224955,-0.306642,0.00511373,-0.813379,0.0163809,0.0189563,0.821916,1.89723,-0.696415,-0.675796,-2.45957,-0.0906753,-0.169352,0.0127553,0.00148859,-0.706763,
672,-0.119131,0,-0.946793,0.768482,0.991329,0.566195,1.2636,0.219455,-0.326566,0.00444498,-0.814624,0.0164723,0.018971,0.817232,1.90518,-0.756002,-0.698629,-2.52136,-0.076258,-0.141357,0.0100222,0.00206059,-0.479091,
673,-0.11608,0,-0.945474,0.768519,0.991329,0.59198,1.25721,0.213757,-0.346926,0.00383792,-0.815913,0.0165632,0.018996,0.814125,1.8962,-0.843096,-0.726389,-2.56952,-0.074591,-0.175434,0.0123017,0.00399015,-0.309627,
674,-0.112915,0,-0.946894,0.768558,0.991329,0.608538,1.25015,0.207852,-0.367729,0.00329169,-0.817194,0.0166556,0.0190292,0.812175,1.90587,-0.906913,-0.744617,-2.64237,-0.0549459,-0.106791,0.00747888,0.00323205,-0.190275,
675,-0.109711,0,-0.950871,0.768572,0.991329,0.615412,1.24275,0.201882,-0.389174,0.00295506,-0.81766,0.0166902,0.0190481,0.811,1.93447,-0.945893,-0.747771,-2.71461,-0.031364,-0.0222252,0.0020573,0.00170864,-0.109866,
676,-0.106497,0,-0.954045,0.768578,0.991329,0.621761,1.23501,0.195897,-0.411101,0.00276073,-0.8177,0.0167027,0.0190603,0.81035,1.95905,-0.989887,-0.748393,-2.76498,-0.0185356,0.00638474,0.00131657,0.00141128,-0.0573693,
677,-0.10326,0,-0.953915,0.768592,0.991329,0.635015,1.22682,0.189879,-0.43334,0.00259598,-0.817853,0.0167382,0.0190782,0.810053,1.95801,-1.06545,-0.760397,-2.7916,-0.0265452,-0.0622763,0.00889764,0.00346287,-0.0191378,
678,-0.0999906,0,-0.95759,0.768612,0.991329,0.638654,1.21812,0.183805,-0.455911,0.00244657,-0.81808,0.0167865,0.0191014,0.809995,1.98868,-1.10731,-0.75724,-2.84918,-0.0115547,0.000508465,0.00350197,0.00232574,0.00194053,
679,-0.0967352,0,-0.959415,0.768624,0.991329,0.644444,1.20907,0.177763,-0.478863,0.00237567,-0.818035,0.0168149,0.01912,0.810068,2.00496,-1.16499,-0.757499,-2.88221,-0.0122604,-0.02009,0.00657759,0.00299114,0.016033,
680,-0.0934582,0,-0.961584,0.768649,0.991329,0.649086,1.19949,0.171687,-0.502068,0.00227261,-0.81825,0.0168755,0.0191466,0.810234,2.02533,-1.2211,-0.756961,-2.92582,-0.00810807,-0.00554555,0.00520899,0.00289371,0.0224775,
681,-0.0914739,0,-0.975239,0.768576,0.991329,0.320138,1.19032,0.16801,-0.521842,0.000759028,-0.81862,0.0166991,0.0160125,0.80578,2.19068,-1.01832,0.0163513,-1.73172,-0.480709,-0.104048,-0.0577613,-0.783208,-1.03453,
682,-0.0937041,0,-0.983386,0.76834,0.991329,-0.215626,1.18322,0.172142,-0.529274,-0.0057185,-0.819725,0.0161319,0.0111343,0.788826,2.34641,-0.767475,0.943886,-0.223159,-1.10887,-0.159434,-0.0711057,-0.446079,-2.68151,
683,-0.0987142,0,-0.983725,0.768213,0.991329,-0.463042,1.17814,0.181435,-0.52669,-0.0173906,-0.821056,0.0158278,0.00907198,0.746813,2.35464,-0.512394,1.32346,0.78568,-1.77501,-0.16653,-0.00667239,-0.0976279,-7.55084,
684,-0.104537,0,-0.980528,0.768304,0.991329,-0.534758,1.175,0.192252,-0.517819,-0.0339973,-0.822326,0.0160448,0.00937194,0.660546,2.28368,-0.280731,1.34047,1.36791,-2.34646,-0.148267,0.0556616,0.146409,-10,
685,-0.109905,0,-0.974148,0.768558,0.991329,-0.511783,1.17358,0.202242,-0.505703,-0.0545703,-0.823399,0.0166558,0.011131,0.52228,2.17421,-0.0819407,1.12844,1.61355,-2.77277,-0.119663,0.092724,0.275381,-10,
686,-0.114035,0,-0.963939,0.768891,0.991329,-0.419169,1.17359,0.20994,-0.492707,-0.0779146,-0.824227,0.0174554,0.0135359,0.330332,2.04886,0.0818537,0.774842,1.60025,-3.04464,-0.0882686,0.104879,0.316331,-10,
687,-0.117521,0,-0.964888,0.76913,0.991329,-0.54826,1.17464,0.216447,-0.478778,-0.102662,-0.824796,0.0180309,0.0156722,0.134891,2.0588,0.160181,1.03357,2.03576,-3.10654,-0.0552493,0.0227322,0.194253,-10,
688,-0.122807,0,-0.96718,0.769121,0.991329,-0.683532,1.17612,0.22633,-0.460319,-0.127531,-0.825142,0.0180086,0.0169468,0.041483,2.08404,0.207105,1.4126,2.54709,-3.10105,-0.0325548,-0.0193041,0.133956,-7.16035,
689,-0.129362,0,-0.965743,0.769055,0.991329,-0.754738,1.17808,0.238613,-0.438255,-0.152441,-0.825356,0.0178493,0.018004,0.00608844,2.06801,0.282801,1.63455,2.94073,-3.11953,-0.0217599,-0.0171901,0.13201,-2.29353,
690,-0.136543,0,-0.961342,0.769022,0.991329,-0.787703,1.18071,0.252104,-0.41361,-0.177415,-0.825501,0.0177712,0.0191121,-0.00325996,2.02299,0.374906,1.71919,3.19678,-3.11682,-0.0149385,-0.00177197,0.143573,-0.380993,
691,-0.14383,0,-0.954239,0.76904,0.991329,-0.79832,1.18411,0.265837,-0.38745,-0.202176,-0.825593,0.0178152,0.0202937,-0.00432711,1.96061,0.47434,1.7007,3.32504,-3.06598,-0.00855186,0.0123028,0.149689,-0.0646332,
692,-0.150859,0,-0.944531,0.769095,0.991329,-0.795019,1.18831,0.279124,-0.360706,-0.22629,-0.825629,0.0179469,0.0214804,-0.00644064,1.88991,0.575955,1.61273,3.34798,-2.95558,-0.00125833,0.0200462,0.145331,-0.551541,
693,-0.157397,0,-0.932341,0.769164,0.991329,-0.782118,1.19332,0.291523,-0.334124,-0.24927,-0.8256,0.0181132,0.022592,-0.0140643,1.81719,0.676679,1.48202,3.2884,-2.78311,0.00731665,0.0212891,0.131764,-1.39211,
694,-0.16331,0,-0.91792,0.769229,0.991329,-0.761872,1.19913,0.302772,-0.308286,-0.270629,-0.825495,0.0182687,0.0235678,-0.0289501,1.74648,0.774472,1.32753,3.16509,-2.55096,0.0170919,0.017735,0.11225,-2.34149,
695,-0.168531,0,-0.901669,0.769277,0.991329,-0.735495,1.2057,0.312733,-0.283641,-0.28991,-0.825308,0.0183833,0.0243738,-0.0514123,1.68018,0.867819,1.16175,2.99227,-2.26411,0.0277304,0.0114214,0.0899985,-3.27482,
696,-0.173037,0,-0.884113,0.769301,0.991329,-0.703655,1.21299,0.321351,-0.260539,-0.306698,-0.825032,0.0184421,0.0249983,-0.081065,1.61953,0.955482,0.992464,2.78032,-1.92883,0.0387353,0.00405744,0.0674326,-4.13577,
697,-0.176828,0,-0.865841,0.769301,0.991329,-0.666733,1.22095,0.328617,-0.239264,-0.320634,-0.824668,0.018442,0.0254457,-0.117237,1.56502,1.03636,0.824221,2.53675,-1.55179,0.0495272,-0.00316503,0.0460836,-4.90552,
698,-0.179918,0,-0.84744,0.769278,0.991329,-0.624975,1.22954,0.334552,-0.220043,-0.331411,-0.824221,0.0183871,0.0257292,-0.159191,1.51669,1.10941,0.659515,2.267,-1.13963,0.0595221,-0.00954049,0.0267482,-5.58436,
699,-0.182328,0,-0.829438,0.769236,0.991329,-0.578608,1.23867,0.339188,-0.20307,-0.338772,-0.823698,0.0182857,0.0258665,-0.206233,1.47429,1.17358,0.499589,1.97514,-0.698668,0.0682053,-0.014741,0.00970506,-6.18097,
700,-0.184082,0,-0.81227,0.769179,0.991329,-0.52793,1.24827,0.342567,-0.188508,-0.342512,-0.823113,0.0181477,0.0258757,-0.257747,1.43743,1.22775,0.34502,1.66435,-0.234744,0.075188,-0.018698,-0.00508814,-6.70646,
701,-0.185206,0,-0.796265,0.76911,0.991329,-0.47339,1.25827,0.344733,-0.176497,-0.342468,-0.822479,0.0179826,0.0257742,-0.313208,1.40563,1.27079,0.196117,1.33732,0.246818,0.0802361,-0.021501,-0.017842,-7.17135,
702,-0.185725,0,-0.781656,0.769034,0.991329,-0.415634,1.26855,0.345733,-0.167158,-0.338518,-0.821814,0.0177991,0.0255772,-0.372167,1.37843,1.30148,0.0531851,0.996523,0.741282,0.0832696,-0.0233211,-0.0288269,-7.58413,
703,-0.185664,0,-0.768603,0.768953,0.991329,-0.355521,1.27903,0.345617,-0.16059,-0.330575,-0.821134,0.0176043,0.025298,-0.434233,1.3554,1.31863,-0.0832886,0.644395,1.24455,0.0843395,-0.0243592,-0.0383029,-7.95083,
704,-0.185053,0,-0.757212,0.768869,0.991329,-0.294077,1.28959,0.344438,-0.156875,-0.318583,-0.820453,0.0174035,0.0249477,-0.499054,1.33618,1.32104,-0.212527,0.283429,1.75325,0.0835886,-0.024813,-0.0464836,-8.27497,
705,-0.183923,0,-0.747577,0.768785,0.991329,-0.232424,1.30011,0.342259,-0.156072,-0.302509,-0.819785,0.0172008,0.0245362,-0.566296,1.32049,1.30759,-0.333383,-0.0837785,2.26486,0.0812076,-0.0248621,-0.0535266,-8.55761,
706,-0.18231,0,-0.739807,0.768701,0.991329,-0.171683,1.31045,0.339154,-0.158222,-0.282335,-0.819144,0.0169988,0.0240723,-0.635625,1.30819,1.27729,-0.44427,-0.454517,2.77779,0.0773908,-0.0246642,-0.0595465,-8.7973,
707,-0.18026,0,-0.734062,0.768618,0.991329,-0.112899,1.32048,0.33521,-0.163341,-0.258055,-0.818539,0.016799,0.0235641,-0.706683,1.29928,1.22925,-0.543077,-0.825939,3.29155,0.0722953,-0.0243603,-0.0646407,-8.98984,
708,-0.177826,0,-0.730582,0.768535,0.991329,-0.0570132,1.33005,0.330533,-0.171423,-0.229658,-0.817981,0.0166016,0.0230185,-0.779067,1.29396,1.16283,-0.627068,-1.19499,3.80671,0.0660056,-0.0240795,-0.0689151,-9.12787,
709,-0.176229,0,-0.807804,0.768315,0.991329,-0.240885,1.33863,0.327468,-0.180968,-0.196346,-0.817464,0.016071,0.0217167,-0.830584,1.42833,0.987221,-0.199319,-1.22715,4.49243,0.0625345,-0.0845251,-0.200658,-3.96127,
710,-0.175802,0,-0.833079,0.768056,0.991329,-0.295255,1.34596,0.32665,-0.191466,-0.158056,-0.817196,0.0154491,0.0202478,-0.8496,1.48253,0.848553,-0.0175701,-1.40282,5.07303,0.00977398,-0.0681998,-0.161121,-1.11011,
711,-0.175985,0,-0.847147,0.767869,0.991329,-0.314633,1.35225,0.327,-0.203508,-0.115276,-0.817304,0.0150017,0.0191766,-0.852324,1.51597,0.727286,0.0950709,-1.6129,5.6157,-0.0313624,-0.043466,-0.106837,0.255794,
712,-0.176521,0,-0.854353,0.767763,0.991329,-0.307509,1.35762,0.32803,-0.217346,-0.0682974,-0.817669,0.0147466,0.018518,-0.84762,1.53419,0.614203,0.155075,-1.84966,6.12218,-0.0559644,-0.021105,-0.0598411,0.828348,
713,-0.177227,0,-0.857082,0.767722,0.991329,-0.280672,1.36209,0.329383,-0.233139,-0.0174204,-0.818169,0.0146478,0.0181829,-0.840122,1.5413,0.504365,0.178263,-2.09926,6.58955,-0.0663158,-0.00456102,-0.0261619,0.998569,
714,-0.177845,0,-0.806048,0.767785,0.991329,-0.226803,1.36594,0.330571,-0.245946,0.0270231,-0.818434,0.0147995,0.0180475,-0.832143,1.4248,0.480971,0.0916287,-0.696317,3.69338,0.0160991,0.0479013,-0.0103098,0.969874,
715,-0.177988,0,-0.751917,0.76797,0.991329,-0.162586,1.36974,0.330844,-0.246255,0.0453992,-0.818031,0.0152447,0.0180091,-0.82469,1.32749,0.462955,-0.0201945,0.480396,1.17102,0.0685721,0.0562379,0.00032223,0.881611,
716,-0.177709,0,-0.717606,0.768133,0.991329,-0.0992091,1.37327,0.33031,-0.239935,0.0490606,-0.817363,0.0156349,0.018041,-0.817991,1.27459,0.416099,-0.110061,1.02241,-0.101233,0.0885766,0.0396777,0.00714326,0.784533,
717,-0.177102,0,-0.69778,0.768232,0.991329,-0.0395037,1.37634,0.329143,-0.230813,0.0456382,-0.81662,0.0158722,0.0181123,-0.812055,1.2463,0.350843,-0.178764,1.21681,-0.669005,0.0913925,0.0200555,0.0103081,0.692255,
718,-0.176244,0,-0.687322,0.768272,0.991329,0.0158612,1.37885,0.327498,-0.220944,0.0393613,-0.815902,0.0159678,0.018198,-0.806825,1.23195,0.275324,-0.230521,1.22923,-0.855417,0.0852058,0.00480551,0.010888,0.609157,
719,-0.175215,0,-0.684114,0.768268,0.991329,0.0635847,1.38072,0.325525,-0.211348,0.0324616,-0.815255,0.0159591,0.0182694,-0.80139,1.22762,0.191913,-0.260895,1.1605,-0.847997,0.0750285,-0.00596042,0.00719391,0.750479,
720,-0.174155,0,-0.690733,0.768229,0.991329,0.0929887,1.38187,0.323492,-0.202357,0.0260267,-0.814698,0.0158654,0.0182658,-0.791343,1.23659,0.0951667,-0.245433,1.08483,-0.752302,0.0635086,-0.0160652,-0.00629701,1.75569,
721,-0.173223,0,-0.702576,0.768163,0.991329,0.110041,1.38222,0.321706,-0.193937,0.0205019,-0.814254,0.0157078,0.0181603,-0.771264,1.25301,-0.00904224,-0.199963,1.02067,-0.62726,0.0480989,-0.0220452,-0.0180237,3.25431,
722,-0.172513,0,-0.716076,0.768086,0.991329,0.121144,1.38171,0.320347,-0.185977,0.0159889,-0.813947,0.0155219,0.0179848,-0.738214,1.27235,-0.1172,-0.140049,0.969786,-0.502632,0.0301469,-0.0234951,-0.0241139,4.9952,
723,-0.17206,0,-0.728987,0.76801,0.991329,0.131607,1.38033,0.319481,-0.178389,0.0124231,-0.813785,0.0153394,0.017784,-0.690773,1.29154,-0.227738,-0.0780747,0.927248,-0.391727,0.0122975,-0.0214631,-0.0247888,6.8493,
724,-0.171855,0,-0.7401,0.767944,0.991329,0.145352,1.37806,0.319089,-0.17113,0.00967303,-0.813757,0.0151823,0.0175935,-0.628162,1.30864,-0.34042,-0.0229593,0.886206,-0.298984,-0.00311314,-0.0173649,-0.0218245,8.78496,
725,-0.171855,0,-0.748772,0.767894,0.991329,0.16542,1.37487,0.319088,-0.164217,0.00759158,-0.813836,0.0150617,0.0174341,-0.549585,1.32241,-0.4558,0.0184263,0.839144,-0.224386,-0.0146579,-0.012355,-0.0170331,10,
726,-0.171988,0,-0.75446,0.767861,0.991329,0.194843,1.37075,0.319342,-0.157734,0.00604086,-0.813988,0.0149821,0.0173149,-0.453781,1.33165,-0.574816,0.0390389,0.777153,-0.165929,-0.0217549,-0.0070548,-0.011565,10,
727,-0.172147,0,-0.756311,0.767846,0.991329,0.237689,1.36565,0.319648,-0.151844,0.00490232,-0.814177,0.0149452,0.0172394,-0.338659,1.33469,-0.698499,0.028922,0.687952,-0.120946,-0.0243101,-0.00147999,-0.00569769,10,
728,-0.172174,0,-0.752638,0.76785,0.991329,0.300264,1.35955,0.319699,-0.146839,0.00407899,-0.814364,0.0149554,0.0172124,-0.200884,1.32867,-0.827633,-0.0286617,0.552349,-0.0867793,-0.0222953,0.00501825,0.00126014,10,
729,-0.171811,0,-0.739895,0.767879,0.991329,0.3923,1.35238,0.319003,-0.14321,0.00349406,-0.814513,0.0150255,0.0172492,-0.0351842,1.30832,-0.962013,-0.164045,0.337627,-0.0611073,-0.015318,0.0140108,0.0113367,10,
730,-0.170623,0,-0.710098,0.767947,0.991329,0.526189,1.34412,0.31673,-0.141809,0.00308717,-0.814574,0.0151877,0.0173908,0.166909,1.2637,-1.09821,-0.434888,-0.0156934,-0.0421722,-0.00210203,0.028773,0.0291007,10,
731,-0.167826,0,-0.643701,0.768082,0.991329,0.705032,1.3348,0.311386,-0.144155,0.0028083,-0.814483,0.0155133,0.017735,0.419391,1.17568,-1.22229,-0.953491,-0.618916,-0.029252,0.0203378,0.0560931,0.0645802,10,
732,-0.161976,0,-0.493331,0.768348,0.991329,0.883938,1.32467,0.300233,-0.152964,0.00260365,-0.814128,0.0161512,0.0184979,0.745515,1.01171,-1.2867,-1.9204,-1.65977,-0.0242602,0.0581679,0.108133,0.136312,10,
733,-0.15441,0,-0.514537,0.768617,0.991329,0.820867,1.31552,0.285854,-0.163501,0.000544157,-0.813453,0.0167982,0.0197937,1.01083,1.03283,-1.04986,-1.54593,-0.925346,-0.377304,0.106838,0.0365934,0.137732,10,
734,-0.148956,0,-0.581924,0.768618,0.991329,0.718707,1.30725,0.275522,-0.168783,-0.00208324,-0.812517,0.016801,0.0204855,1.10923,1.10379,-1.03662,-1.06728,-0.463904,-0.229887,0.1246,-0.0270579,0.0399871,5.68194,
735,-0.145133,0,-0.691826,0.768483,0.991329,0.619286,1.29889,0.268296,-0.171945,-0.00335763,-0.811223,0.0164751,0.0205565,1.1215,1.23808,-0.980962,-0.745489,-0.475741,-0.460239,0.479955,-0.0642592,-0.0186414,-1.68581,
736,-0.142593,0,-0.850564,0.768204,0.991329,0.475266,1.29211,0.263501,-0.178793,-0.00773812,-0.805858,0.0158044,0.0202744,1.09318,1.52451,-0.736252,-0.473752,-1.27502,-0.368812,0.688786,-0.0919471,-0.0453417,-4.87522,
737,-0.140971,0,-0.912245,0.767922,0.991329,0.370962,1.28681,0.260444,-0.19236,-0.0071812,-0.801595,0.0151285,0.0199023,1.0492,1.72198,-0.608397,-0.307497,-2.09047,0.528701,0.374103,-0.0723133,-0.0448997,-5.84294,
738,-0.139873,0,-0.936768,0.767736,0.991329,0.321894,1.28213,0.258374,-0.211844,0.00077127,-0.799944,0.014682,0.019581,1.00252,1.84194,-0.570443,-0.224082,-2.70957,1.36132,0.0644914,-0.0370296,-0.0349548,-5.69058,
739,-0.138881,0,-0.938567,0.767711,0.991329,0.3151,1.27786,0.256504,-0.23193,0.00844924,-0.799612,0.0146228,0.0193334,0.959397,1.8525,-0.50686,-0.24995,-2.34707,0.625663,0.00231983,0.0152483,-0.0266252,-5.03398,
740,-0.137716,0,-0.939192,0.767803,0.991329,0.334635,1.27389,0.254311,-0.249856,0.0116302,-0.800035,0.0148428,0.0191554,0.922448,1.85625,-0.492294,-0.300706,-2.15755,0.210277,-0.109192,0.0358761,-0.0180827,-4.19186,
741,-0.136316,0,-0.93942,0.767933,0.991329,0.366728,1.26989,0.251677,-0.266747,0.0123193,-0.801319,0.0151538,0.0190397,0.892351,1.85762,-0.510621,-0.357993,-2.08004,-0.0137349,-0.207006,0.0398979,-0.0111897,-3.34487,
742,-0.134675,0,-0.939619,0.768061,0.991329,0.402793,1.26566,0.24859,-0.283321,0.0117107,-0.803249,0.0154622,0.0189715,0.868735,1.85882,-0.549968,-0.412824,-2.07246,-0.124094,-0.268825,0.0363045,-0.00618278,-2.58181,
743,-0.132812,0,-0.939966,0.768172,0.991329,0.43808,1.26106,0.245089,-0.300016,0.0105089,-0.805519,0.015729,0.0189368,0.850759,1.86094,-0.601889,-0.461467,-2.10643,-0.168089,-0.293046,0.0300523,-0.00276481,-1.9379,
744,-0.130756,0,-0.940564,0.768262,0.991329,0.470272,1.25601,0.241227,-0.317085,0.00911944,-0.807857,0.0159439,0.0189244,0.837433,1.8646,-0.660577,-0.502835,-2.1636,-0.174773,-0.287091,0.0235884,-0.000543959,-1.41841,
745,-0.128536,0,-0.941465,0.768331,0.991329,0.498496,1.25048,0.237063,-0.334663,0.00776359,-0.810059,0.01611,0.0189261,0.827794,1.87019,-0.722264,-0.537085,-2.23235,-0.161942,-0.260951,0.0179562,0.000827732,-1.01329,
746,-0.126183,0,-0.942627,0.768383,0.991329,0.522823,1.24445,0.232651,-0.352811,0.00655066,-0.812005,0.0162359,0.0189365,0.82099,1.87754,-0.78508,-0.565064,-2.30492,-0.140507,-0.224988,0.013564,0.00165206,-0.705859,
747,-0.123719,0,-0.943944,0.768423,0.991329,0.543829,1.23792,0.228037,-0.371539,0.00551995,-0.813657,0.016332,0.0189521,0.816315,1.88605,-0.84867,-0.587984,-2.37703,-0.117003,-0.187478,0.010441,0.00215945,-0.477852,
748,-0.121154,0,-0.943286,0.768459,0.991329,0.567202,1.23083,0.223237,-0.390802,0.00464919,-0.815146,0.0164185,0.0189742,0.81321,1.88177,-0.929365,-0.613781,-2.43575,-0.102995,-0.195384,0.0120143,0.00355961,-0.309337,
749,-0.118466,0,-0.942,0.768502,0.991329,0.589758,1.22304,0.218213,-0.410515,0.00387997,-0.816705,0.0165219,0.0190074,0.811266,1.87356,-1.0155,-0.641516,-2.49607,-0.0875657,-0.182845,0.012596,0.0043626,-0.187051,
750,-0.11571,0,-0.94721,0.768524,0.991329,0.596174,1.21476,0.213067,-0.430903,0.00332566,-0.817601,0.0165744,0.0190316,0.81012,1.90807,-1.05647,-0.644551,-2.59434,-0.0536114,-0.0575556,0.00218076,0.00196923,-0.10606,
751,-0.112947,0,-0.951153,0.768526,0.991329,0.601632,1.20612,0.207911,-0.451936,0.00298625,-0.81783,0.0165791,0.0190436,0.809499,1.93658,-1.10261,-0.644243,-2.66052,-0.0330328,-0.00801587,-0.000362511,0.00117568,-0.0539051,
752,-0.110184,0,-0.954268,0.768526,0.991329,0.606775,1.1971,0.202763,-0.473424,0.00277262,-0.817831,0.016579,0.0190531,0.809212,1.96085,-1.1532,-0.643202,-2.71008,-0.0215125,0.0039875,0.000440853,0.0012286,-0.0210244,
753,-0.107826,0,-0.964694,0.768507,0.991329,0.431878,1.1878,0.198372,-0.494036,0.00221026,-0.818203,0.0165322,0.0180356,0.807261,2.05674,-1.09285,-0.203558,-2.07605,-0.236327,-0.101272,-0.038608,-0.493729,-0.898894,
754,-0.109234,0,-0.978913,0.768282,0.991329,-0.109987,1.17999,0.200994,-0.504411,-0.00177392,-0.819297,0.0159927,0.0143852,0.793324,2.25261,-0.868211,0.790248,-0.604745,-0.737216,-0.159137,-0.0795225,-0.394454,-1.98868,
755,-0.113717,0,-0.981147,0.768109,0.991329,-0.398022,1.17406,0.209349,-0.504858,-0.0101413,-0.820647,0.0155783,0.012267,0.760105,2.29635,-0.623832,1.24409,0.414191,-1.32446,-0.170934,-0.0241791,-0.148522,-6.00979,
756,-0.119313,0,-0.978944,0.768143,0.991329,-0.49878,1.17003,0.219796,-0.498819,-0.0229867,-0.821966,0.015658,0.0120097,0.688508,2.25317,-0.390838,1.32788,1.0329,-1.85826,-0.155331,0.0391745,0.0643085,-10,
757,-0.124727,0,-0.973616,0.768349,0.991329,-0.499063,1.16776,0.229924,-0.489195,-0.0395898,-0.8231,0.0161544,0.0131052,0.569144,2.16646,-0.184624,1.17576,1.32641,-2.26906,-0.127564,0.0803084,0.193742,-10,
758,-0.129151,0,-0.965007,0.768649,0.991329,-0.43169,1.167,0.238215,-0.478282,-0.0588978,-0.823992,0.0168739,0.0149077,0.399264,2.06007,-0.00920641,0.876219,1.36737,-2.53973,-0.09621,0.0968756,0.247521,-10,
759,-0.132525,0,-0.962558,0.768924,0.991329,-0.487043,1.16744,0.24455,-0.467123,-0.0796965,-0.824628,0.0175359,0.0167509,0.199583,2.03487,0.0942479,0.927798,1.61101,-2.61897,-0.0633404,0.0405896,0.172804,-10,
760,-0.137412,0,-0.966779,0.768944,0.991329,-0.643782,1.16833,0.253738,-0.452117,-0.100424,-0.825018,0.0175827,0.0177735,0.0907182,2.0795,0.123518,1.34445,2.10477,-2.54939,-0.0358113,-0.0180688,0.0959231,-8.50693,
761,-0.143724,0,-0.966965,0.768869,0.991329,-0.729691,1.16956,0.265636,-0.433608,-0.120727,-0.825251,0.0174028,0.0185213,0.0478505,2.0816,0.183876,1.60673,2.49528,-2.52094,-0.0233839,-0.0225498,0.0938032,-2.87515,
762,-0.150825,0,-0.964319,0.768816,0.991329,-0.772441,1.17135,0.279061,-0.412486,-0.140803,-0.82541,0.0172756,0.0193488,0.0357832,2.0528,0.265873,1.72965,2.76164,-2.49238,-0.01666,-0.00823466,0.111833,-0.515232,
763,-0.15818,0,-0.959362,0.768815,0.991329,-0.789816,1.17385,0.293013,-0.389742,-0.160522,-0.82552,0.0172729,0.0203105,0.0347485,2.00447,0.35885,1.74398,2.90601,-2.43154,-0.0111872,0.00721043,0.126241,0.0565291,
764,-0.165401,0,-0.952365,0.768856,0.991329,-0.791825,1.17711,0.306758,-0.366277,-0.179562,-0.825584,0.0173723,0.0213421,0.0342191,1.94583,0.456426,1.68297,2.9472,-2.32273,-0.00528613,0.0170504,0.129605,-0.288613,
765,-0.172231,0,-0.943545,0.768919,0.991329,-0.783753,1.18116,0.319809,-0.342826,-0.197515,-0.825595,0.017523,0.0223547,0.0290263,1.88345,0.554783,1.57414,2.90661,-2.16031,0.00150417,0.020268,0.122311,-1.05356,
766,-0.178521,0,-0.933156,0.768983,0.991329,-0.76841,1.18598,0.331867,-0.319965,-0.213952,-0.825548,0.0176769,0.0232755,0.0170114,1.82162,0.651469,1.4375,2.80259,-1.94419,0.00912387,0.018249,0.107524,-1.96491,
767,-0.184187,0,-0.921518,0.769034,0.991329,-0.74732,1.19157,0.342769,-0.298142,-0.228454,-0.825436,0.0178003,0.0240588,-0.00236719,1.7629,0.74478,1.28648,2.64917,-1.6773,0.0172812,0.0129851,0.0886959,-2.88084,
768,-0.189196,0,-0.909006,0.769065,0.991329,-0.721307,1.19788,0.352435,-0.277709,-0.240634,-0.825258,0.0178746,0.024684,-0.0288458,1.70868,0.833432,1.12954,2.45662,-1.36411,0.0255811,0.00625575,0.0685774,-3.7351,
769,-0.193539,0,-0.896011,0.769073,0.991329,-0.690798,1.20488,0.36084,-0.258947,-0.250141,-0.825013,0.0178936,0.025149,-0.0618149,1.65958,0.916371,0.971732,2.23223,-1.00979,0.0335997,-0.000642799,0.0490026,-4.50336,
770,-0.197225,0,-0.882906,0.769059,0.991329,-0.655981,1.21251,0.367989,-0.242088,-0.256667,-0.824707,0.0178597,0.0254625,-0.100567,1.61569,0.992655,0.815857,1.98124,-0.619696,0.0409401,-0.00690541,0.0310032,-5.18307,
771,-0.200268,0,-0.870009,0.769026,0.991329,-0.61693,1.22073,0.373905,-0.22733,-0.259948,-0.824346,0.0177796,0.0256393,-0.144418,1.57682,1.06137,0.663317,1.70745,-0.199047,0.0472776,-0.0121238,0.0150188,-5.78164,
772,-0.202687,0,-0.857574,0.768977,0.991329,-0.573693,1.22946,0.378618,-0.214843,-0.259759,-0.823938,0.0176624,0.0256959,-0.192763,1.5426,1.12156,0.514737,1.41372,0.247196,0.0523886,-0.0161716,0.00110087,-6.3099,
773,-0.204504,0,-0.845777,0.768916,0.991329,-0.526384,1.23863,0.382159,-0.204777,-0.255914,-0.823496,0.0175173,0.0256482,-0.245081,1.51259,1.1722,0.37039,1.10241,0.714431,0.0561627,-0.0191013,-0.0109226,-6.77846,
774,-0.205736,0,-0.83473,0.768848,0.991329,-0.47526,1.24817,0.384565,-0.197263,-0.248262,-0.823029,0.0173526,0.0255103,-0.300931,1.48632,1.2122,0.230492,0.775643,1.19845,0.0585957,-0.0210649,-0.0213256,-7.19616,
775,-0.206405,0,-0.824495,0.768774,0.991329,-0.420782,1.25798,0.385871,-0.192417,-0.236684,-0.822548,0.0171754,0.025294,-0.359934,1.46335,1.24036,0.0954068,0.435492,1.69548,0.0597686,-0.0222561,-0.0304001,-7.56936,
776,-0.206532,0,-0.815101,0.768697,0.991329,-0.363642,1.26796,0.38612,-0.190338,-0.221088,-0.822062,0.016991,0.025009,-0.42175,1.4433,1.25547,-0.0342273,0.0841601,2.20223,0.0598182,-0.0228729,-0.0384028,-7.90189,
777,-0.206142,0,-0.806566,0.768619,0.991329,-0.304739,1.27801,0.385358,-0.191105,-0.201408,-0.82158,0.0168032,0.0246629,-0.486063,1.42584,1.25631,-0.157415,-0.275949,2.7159,0.0589053,-0.0230945,-0.0455271,-8.1952,
778,-0.205263,0,-0.798916,0.768541,0.991329,-0.24512,1.288,0.383641,-0.194778,-0.177598,-0.82111,0.0166147,0.0242625,-0.552557,1.41075,1.24171,-0.27276,-0.642179,3.23427,0.0571847,-0.023072,-0.0518981,-8.44852,
779,-0.20393,0,-0.792204,0.768463,0.991329,-0.18589,1.29781,0.381041,-0.201395,-0.149628,-0.820656,0.0164268,0.0238137,-0.620902,1.39791,1.21065,-0.378418,-1.01156,3.75566,0.0547813,-0.0229274,-0.0575859,-8.65882,
780,-0.202188,0,-0.786532,0.768385,0.991329,-0.128125,1.30731,0.377644,-0.210968,-0.117477,-0.820225,0.0162403,0.0233218,-0.690737,1.38733,1.16223,-0.472066,-1.38072,4.27884,0.0517709,-0.0227588,-0.0626306,-8.82072,
781,-0.200088,0,-0.782063,0.768308,0.991329,-0.0728292,1.31634,0.373555,-0.223479,-0.081136,-0.819821,0.0160549,0.022792,-0.761645,1.37917,1.09582,-0.550838,-1.74572,4.80284,0.0481667,-0.0226463,-0.0670697,-8.9262,
782,-0.198352,0,-0.83237,0.768142,0.991329,-0.20453,1.32451,0.37018,-0.238129,-0.0399994,-0.819441,0.0156569,0.0217642,-0.821108,1.48092,0.926746,-0.220088,-1.87462,5.51646,0.046967,-0.0794358,-0.192562,-4.9439,
783,-0.197852,0,-0.838296,0.767893,0.991329,-0.251109,1.3313,0.369209,-0.253507,0.00589168,-0.819187,0.0150597,0.0202961,-0.845874,1.49462,0.795921,-0.0543422,-1.56253,5.12513,0.0432922,-0.0530049,-0.16822,-1.61362,
784,-0.197672,0,-0.795535,0.76782,0.991329,-0.248219,1.33756,0.368858,-0.258984,0.033292,-0.818611,0.014884,0.0191303,-0.851465,1.40423,0.76642,-0.0398028,0.0230608,2.03952,0.0845657,-0.00111898,-0.121015,0.0176894,
785,-0.197485,0,-0.768901,0.767843,0.991329,-0.226547,1.34351,0.368496,-0.25523,0.0423901,-0.817887,0.014939,0.0183617,-0.84796,1.35592,0.716824,-0.0541955,0.817346,0.417384,0.0876671,0.0111186,-0.0723729,0.750023,
786,-0.197208,0,-0.752931,0.767879,0.991329,-0.193297,1.34899,0.367956,-0.247096,0.0421852,-0.817217,0.0150262,0.0179417,-0.840686,1.32914,0.652099,-0.082272,1.16134,-0.365703,0.0757818,0.00955226,-0.0347642,1.00999,
787,-0.196801,0,-0.743632,0.767903,0.991329,-0.153233,1.35392,0.367167,-0.237302,0.0377675,-0.816665,0.0150834,0.0177704,-0.83238,1.3142,0.578193,-0.115683,1.25765,-0.682963,0.0605672,0.00466692,-0.00998034,1.03584,
788,-0.196254,0,-0.73833,0.767911,0.991329,-0.109284,1.35823,0.366105,-0.227313,0.0319059,-0.816233,0.0151025,0.017753,-0.824343,1.30588,0.499365,-0.15028,1.22467,-0.754068,0.0468147,0.00033724,0.0042145,0.95724,
789,-0.195564,0,-0.735278,0.767907,0.991329,-0.0631931,1.3619,0.364767,-0.217867,0.0260166,-0.815902,0.0150932,0.0178173,-0.817111,1.30115,0.418194,-0.184257,1.12998,-0.705458,0.0359032,-0.00237838,0.010961,0.842167,
790,-0.194737,0,-0.733374,0.767897,0.991329,-0.0160049,1.36492,0.363162,-0.209294,0.020747,-0.815648,0.0150686,0.0179153,-0.810825,1.29822,0.336102,-0.21701,1.01086,-0.60758,0.0277995,-0.00353679,0.0130487,0.724218,
791,-0.193777,0,-0.731956,0.767885,0.991329,0.0316237,1.36728,0.361301,-0.201703,0.0163252,-0.815449,0.0150397,0.0180185,-0.80544,1.29605,0.253817,-0.248496,0.886844,-0.497812,0.0220198,-0.00354739,0.0125553,0.618281,
792,-0.192732,0,-0.734021,0.767869,0.991329,0.0705509,1.36895,0.359276,-0.195025,0.012767,-0.815286,0.0150006,0.0180828,-0.798828,1.29922,0.165005,-0.257282,0.784271,-0.393763,0.0187415,-0.00580435,0.00439484,1.03206,
793,-0.191715,0,-0.740603,0.767842,0.991329,0.0965857,1.36988,0.357308,-0.189035,0.00998999,-0.815149,0.014935,0.0180588,-0.786142,1.30943,0.0673559,-0.233874,0.715651,-0.303282,0.0154659,-0.00982432,-0.00853131,2.1325,
794,-0.190842,0,-0.749686,0.767803,0.991329,0.113792,1.37001,0.355617,-0.183482,0.00787208,-0.81505,0.014842,0.0179419,-0.762939,1.32388,-0.0360746,-0.188697,0.6743,-0.229023,0.00983176,-0.0126676,-0.0187407,3.65788,
795,-0.190178,0,-0.759478,0.767758,0.991329,0.126883,1.36929,0.354333,-0.178188,0.0062848,-0.815006,0.0147352,0.0177649,-0.726556,1.33994,-0.14333,-0.133016,0.649858,-0.170319,0.00221254,-0.0133821,-0.0238658,5.42422,
796,-0.189748,0,-0.768682,0.767715,0.991329,0.140112,1.3677,0.353502,-0.173058,0.0051117,-0.815026,0.014631,0.0175669,-0.675454,1.35554,-0.253566,-0.0766747,0.63175,-0.125067,-0.00592917,-0.0121366,-0.0243054,7.33457,
797,-0.189539,0,-0.776448,0.767678,0.991329,0.157024,1.36522,0.353098,-0.16808,0.0042552,-0.815107,0.0145425,0.017379,-0.608566,1.36911,-0.366793,-0.0277497,0.610358,-0.0907702,-0.0130839,-0.0095233,-0.0215078,9.36754,
798,-0.189505,0,-0.78214,0.767651,0.991329,0.180835,1.36182,0.353032,-0.163316,0.00363743,-0.815237,0.0144781,0.0172207,-0.52476,1.37931,-0.483577,0.00638828,0.57647,-0.0650482,-0.0181467,-0.00608442,-0.0168985,10,
799,-0.189568,0,-0.785056,0.767637,0.991329,0.215182,1.35746,0.353153,-0.158907,0.00319827,-0.815395,0.014443,0.0171021,-0.422411,1.38462,-0.604758,0.0171092,0.519558,-0.0458586,-0.0204488,-0.00204666,-0.0113379,10,
800,-0.189606,0,-0.784062,0.767636,0.991329,0.265138,1.35212,0.353228,-0.155092,0.00289239,-0.815557,0.0144427,0.0170295,-0.298989,1.3828,-0.731174,-0.00838546,0.424944,-0.031552,-0.0195665,0.00283439,-0.00487695,10,
801,-0.18943,0,-0.77698,0.767655,0.991329,0.338445,1.34573,0.352887,-0.152261,0.00268615,-0.815695,0.014487,0.017013,-0.150517,1.37005,-0.863195,-0.0918432,0.269014,-0.0208628,-0.0150272,0.00947305,0.00349464,10,
802,-0.188722,0,-0.7592,0.767701,0.991329,0.446321,1.33827,0.35152,-0.151057,0.0025545,-0.815774,0.0145974,0.017077,0.0293309,1.33948,-0.99951,-0.273091,0.0102336,-0.012915,-0.00593492,0.0199341,0.0165289,10,
803,-0.186934,0,-0.719972,0.767794,0.991329,0.599829,1.32971,0.348067,-0.152586,0.00247743,-0.815748,0.0148205,0.0172811,0.250873,1.27807,-1.13338,-0.628726,-0.428597,-0.00738736,0.00958155,0.038619,0.0405504,10,
804,-0.183057,0,-0.632146,0.767975,0.991329,0.787605,1.32016,0.340591,-0.158819,0.00243275,-0.815543,0.0152565,0.017764,0.531328,1.16162,-1.24051,-1.30631,-1.19017,-0.00528393,0.0352898,0.0745811,0.0891937,10,
805,-0.175558,0,-0.507682,0.76831,0.991329,0.890835,1.31022,0.326182,-0.172347,0.00213525,-0.815057,0.0160596,0.0188207,0.882065,1.02595,-1.14452,-2.0198,-1.76848,-0.203027,0.0601416,0.102652,0.182032,10,
806,-0.168274,0,-0.57758,0.768492,0.991329,0.80094,1.30183,0.312242,-0.183123,-0.000440047,-0.814321,0.0164962,0.0200353,1.08419,1.09901,-1.00228,-1.45405,-1.00032,-0.328069,0.11971,0.00755593,0.100973,10,
807,-0.163187,0,-0.640226,0.768422,0.991329,0.702769,1.29376,0.302538,-0.189494,-0.0021119,-0.813403,0.0163291,0.0204563,1.14612,1.17142,-1.02684,-1.00982,-0.658122,-0.0550622,0.109954,-0.0399916,0.0131381,2.29439,
808,-0.159509,0,-0.676485,0.768276,0.991329,0.641063,1.2853,0.295539,-0.19444,-0.00101645,-0.812726,0.0159785,0.0203849,1.13794,1.21745,-1.09239,-0.770714,-0.619206,0.340364,0.0639337,-0.0431077,-0.0241513,-3.5348,
809,-0.156653,0,-0.821655,0.768089,0.991329,0.553477,1.27695,0.290111,-0.201228,0.0010676,-0.811215,0.0155283,0.0201107,1.09882,1.45719,-0.932774,-0.574757,-1.24504,0.0908793,0.376529,-0.0774169,-0.0436778,-5.82113,
810,-0.154548,0,-0.899646,0.767836,0.991329,0.466049,1.27028,0.286115,-0.213716,0.00165133,-0.807861,0.0149228,0.0197445,1.04959,1.67269,-0.75084,-0.441529,-1.8091,0.0664252,0.432694,-0.0660291,-0.0452121,-6.26158,
811,-0.152819,0,-0.928,0.767673,0.991329,0.417646,1.26475,0.282837,-0.229366,0.00220715,-0.804832,0.014531,0.0194126,1.00085,1.79444,-0.644037,-0.389201,-2.07118,0.0718053,0.311304,-0.0313399,-0.0369754,-5.81983,
812,-0.151194,0,-0.939965,0.767623,0.991329,0.404314,1.25981,0.279758,-0.246481,0.00277168,-0.803055,0.01441,0.0191584,0.95738,1.86093,-0.597938,-0.387106,-2.19329,0.0668202,0.132283,-0.000596482,-0.0265951,-5.01025,
813,-0.14951,0,-0.945362,0.767657,0.991329,0.41518,1.25506,0.276571,-0.264304,0.00324429,-0.802692,0.0144932,0.0189842,0.920911,1.89544,-0.595738,-0.413255,-2.25729,0.0498418,-0.0353627,0.0194343,-0.0172851,-4.10578,
814,-0.147681,0,-0.947785,0.767742,0.991329,0.439698,1.2502,0.273111,-0.282548,0.003556,-0.80351,0.0146953,0.0188766,0.891575,1.91209,-0.623187,-0.45316,-2.30283,0.0278613,-0.160386,0.0295326,-0.010018,-3.24496,
815,-0.145669,0,-0.948825,0.767847,0.991329,0.470033,1.24504,0.269309,-0.301147,0.00369312,-0.805127,0.0149479,0.0188187,0.868728,1.91947,-0.669482,-0.497808,-2.34781,0.00702065,-0.235852,0.0325141,-0.00479484,-2.49076,
816,-0.143466,0,-0.949262,0.767954,0.991329,0.501239,1.23946,0.265148,-0.320126,0.00368076,-0.807166,0.0152056,0.0187956,0.851413,1.92262,-0.726952,-0.542038,-2.39796,-0.00912662,-0.267408,0.0312266,-0.00127092,-1.86392,
817,-0.141079,0,-0.949524,0.768053,0.991329,0.530572,1.23339,0.260646,-0.339529,0.00356212,-0.809318,0.0154433,0.0187953,0.838604,1.92452,-0.790382,-0.583108,-2.45367,-0.019523,-0.265915,0.0277959,0.000960511,-1.36241,
818,-0.138524,0,-0.949854,0.768139,0.991329,0.55675,1.22681,0.255832,-0.359394,0.00338188,-0.811364,0.0156499,0.0188089,0.829346,1.92693,-0.856416,-0.619716,-2.51351,-0.0246873,-0.242974,0.023599,0.00226656,-0.973048,
819,-0.135821,0,-0.950368,0.768211,0.991329,0.579419,1.21969,0.250745,-0.379749,0.00317716,-0.813176,0.0158228,0.0188303,0.822811,1.93072,-0.923195,-0.651462,-2.57546,-0.0259201,-0.209025,0.0194778,0.00295698,-0.678255,
820,-0.132989,0,-0.951009,0.768271,0.991329,0.598955,1.21203,0.245421,-0.4006,0.00297151,-0.814708,0.0159652,0.0188559,0.818315,1.9355,-0.990773,-0.678832,-2.63775,-0.0251174,-0.174065,0.0160222,0.00332037,-0.459825,
821,-0.130039,0,-0.950267,0.768323,0.991329,0.618967,1.20381,0.239882,-0.421929,0.00275956,-0.816061,0.0160911,0.0188857,0.815321,1.92997,-1.07124,-0.707939,-2.69201,-0.0299733,-0.176485,0.0164371,0.00434536,-0.298996,
822,-0.126951,0,-0.948499,0.76838,0.991329,0.638679,1.19488,0.23409,-0.443676,0.00250411,-0.817478,0.0162278,0.0189245,0.813432,1.91714,-1.16015,-0.740303,-2.74588,-0.0327729,-0.173592,0.0172116,0.0051697,-0.18251,
823,-0.123737,0,-0.951662,0.768429,0.991329,0.637561,1.1853,0.228071,-0.465934,0.00227454,-0.81862,0.0163454,0.0189631,0.812321,1.94044,-1.21768,-0.720449,-2.78372,-0.0249129,-0.0895119,0.00326091,-0.062363,-0.192995,
824,-0.122713,0,-0.974178,0.768287,0.991329,0.186778,1.17642,0.226154,-0.482854,0.000528424,-0.819605,0.0160051,0.0142554,0.806275,2.17466,-1.00843,0.283996,-1.40301,-0.408977,-0.144704,-0.0803696,-0.768319,-0.815982,
825,-0.125815,0,-0.982464,0.768017,0.991329,-0.285552,1.16924,0.231961,-0.488614,-0.00470748,-0.820858,0.0153575,0.00972647,0.789893,2.32494,-0.793744,1.10026,-0.125265,-0.873725,-0.160789,-0.0720152,-0.383735,-2.85177,
826,-0.131292,0,-0.983217,0.767896,0.991329,-0.487971,1.16387,0.242233,-0.485966,-0.0138848,-0.822124,0.0150661,0.00815565,0.745931,2.34237,-0.558984,1.41579,0.711962,-1.39137,-0.151509,-0.00356951,-0.0394506,-7.91772,
827,-0.137367,0,-0.980785,0.767993,0.991329,-0.541986,1.16031,0.253654,-0.478216,-0.0268719,-0.82325,0.0152985,0.00883973,0.656973,2.28889,-0.337065,1.40181,1.16806,-1.83018,-0.128348,0.0564906,0.18494,-10,
828,-0.142899,0,-0.97581,0.768245,0.991329,-0.513309,1.15842,0.264078,-0.468083,-0.0428508,-0.824164,0.0159042,0.0108302,0.516412,2.19963,-0.138868,1.17732,1.3231,-2.14505,-0.100418,0.0909045,0.295992,-10,
829,-0.147174,0,-0.968084,0.768569,0.991329,-0.421457,1.15801,0.272152,-0.457684,-0.0607949,-0.824851,0.0166822,0.0133469,0.322656,2.09452,0.031959,0.820805,1.24572,-2.32643,-0.0723564,0.101637,0.324761,-10,
830,-0.151595,0,-0.973135,0.768728,0.991329,-0.607428,1.15843,0.280518,-0.445627,-0.0790953,-0.825297,0.017064,0.0153143,0.160677,2.15958,0.0591501,1.28297,1.75597,-2.21897,-0.0402255,0.00355541,0.180507,-10,
831,-0.15777,0,-0.974914,0.768685,0.991329,-0.717224,1.15907,0.292233,-0.429781,-0.0965371,-0.825551,0.0169621,0.0165812,0.0905498,2.18569,0.102945,1.62182,2.17838,-2.13679,-0.0243565,-0.0218906,0.142469,-5.15883,
832,-0.165032,0,-0.974316,0.768621,0.991329,-0.774552,1.16019,0.306054,-0.411025,-0.113413,-0.825715,0.0168073,0.0177267,0.0662571,2.17671,0.175513,1.81115,2.4851,-2.07756,-0.0170655,-0.0143614,0.144424,-1.41931,
833,-0.172785,0,-0.971987,0.768599,0.991329,-0.800954,1.16194,0.320868,-0.390342,-0.129748,-0.825833,0.0167535,0.0189216,0.0612169,2.14371,0.264204,1.87519,2.6651,-2.0012,-0.0125668,0.00115194,0.152608,-0.118015,
834,-0.18057,0,-0.968266,0.768624,0.991329,-0.809255,1.16444,0.335806,-0.368691,-0.145316,-0.825916,0.0168141,0.0201546,0.0608729,2.09666,0.360789,1.84767,2.73254,-1.88591,-0.00848751,0.0135239,0.153712,-0.111594,
835,-0.188072,0,-0.963377,0.76868,0.991329,-0.806225,1.16773,0.350263,-0.346882,-0.159768,-0.825964,0.016948,0.0213558,0.0577453,2.0431,0.460364,1.75932,2.7092,-1.72239,-0.00404289,0.0195224,0.145207,-0.737859,
836,-0.195093,0,-0.957522,0.768745,0.991329,-0.795374,1.17181,0.363852,-0.325556,-0.172707,-0.825974,0.0171051,0.0224553,0.0483986,1.98808,0.559863,1.63363,2.61539,-1.50841,0.00088463,0.0196488,0.129111,-1.62509,
837,-0.20152,0,-0.95091,0.768803,0.991329,-0.778528,1.17667,0.376343,-0.305208,-0.183737,-0.825943,0.0172454,0.0234054,0.0316243,1.93476,0.657224,1.48688,2.46714,-1.24551,0.00614389,0.0157069,0.108616,-2.5741,
838,-0.207296,0,-0.943766,0.768845,0.991329,-0.756614,1.18231,0.387612,-0.286223,-0.192479,-0.825868,0.0173443,0.024183,0.00737041,1.88489,0.750946,1.3296,2.27624,-0.937246,0.0114851,0.0095895,0.0865665,-3.48628,
839,-0.212398,0,-0.93631,0.768864,0.991329,-0.730042,1.18867,0.397605,-0.268907,-0.198589,-0.825751,0.0173907,0.0247843,-0.0238753,1.8393,0.839842,1.16824,2.05109,-0.588121,0.0166401,0.00279509,0.0649762,-4.31995,
840,-0.216826,0,-0.928742,0.768861,0.991329,-0.698909,1.19572,0.406303,-0.253508,-0.20176,-0.825595,0.0173835,0.0252183,-0.0614265,1.79823,0.922876,1.00647,1.7976,-0.203022,0.0213677,-0.00367752,0.0450279,-5.06407,
841,-0.220588,0,-0.921226,0.768838,0.991329,-0.66313,1.20341,0.413714,-0.240236,-0.201722,-0.825402,0.0173278,0.0255006,-0.104576,1.76154,0.999058,0.84625,1.51997,0.21313,0.0254823,-0.00926989,0.0272505,-5.72263,
842,-0.223696,0,-0.913879,0.768798,0.991329,-0.622541,1.21167,0.419853,-0.22927,-0.198248,-0.825179,0.0172316,0.0256489,-0.152678,1.72887,1.06736,0.68851,1.22127,0.655557,0.0288696,-0.0137541,0.0117249,-6.3057,
843,-0.226167,0,-0.906772,0.768745,0.991329,-0.577003,1.22045,0.424743,-0.220769,-0.191145,-0.824933,0.017104,0.0256808,-0.205171,1.69978,1.12665,0.533679,0.903927,1.11974,0.0314912,-0.0171238,-0.00173858,-6.82444,
844,-0.228016,0,-0.899935,0.768682,0.991329,-0.52651,1.22966,0.428408,-0.214874,-0.180255,-0.824668,0.0169534,0.0256113,-0.261582,1.67375,1.17567,0.382052,0.57003,1.60149,0.0333773,-0.0195046,-0.0134635,-7.2886,
845,-0.22926,0,-0.893367,0.768613,0.991329,-0.47129,1.23921,0.430876,-0.211709,-0.165453,-0.824391,0.0167869,0.0254529,-0.321504,1.65031,1.21305,0.234049,0.221597,2.09701,0.0346103,-0.021087,-0.0238085,-7.70545,
846,-0.229915,0,-0.887046,0.768539,0.991329,-0.411886,1.24901,0.432177,-0.211381,-0.146642,-0.824107,0.01661,0.0252153,-0.384578,1.62903,1.2373,0.090391,-0.139267,2.60297,0.0353032,-0.022079,-0.0330982,-8.07949,
847,-0.230003,0,-0.88095,0.768463,0.991329,-0.349182,1.25895,0.432352,-0.213983,-0.12375,-0.823818,0.0164268,0.0249059,-0.45047,1.60954,1.24687,-0.0477947,-0.51025,3.11658,0.0355758,-0.0226753,-0.0415799,-8.41254,
848,-0.229549,0,-0.875064,0.768385,0.991329,-0.284358,1.2689,0.431451,-0.219583,-0.0967253,-0.823529,0.0162397,0.0245308,-0.518852,1.5916,1.24024,-0.17891,-0.88876,3.63563,0.035533,-0.0230397,-0.0494053,-8.70394,
849,-0.228585,0,-0.869396,0.768306,0.991329,-0.218784,1.27872,0.429537,-0.228231,-0.06553,-0.823242,0.01605,0.0240949,-0.589382,1.57506,1.21597,-0.300855,-1.27185,4.15849,0.0352476,-0.0232994,-0.0566359,-8.95067,
850,-0.227152,0,-0.863992,0.768226,0.991329,-0.153874,1.28828,0.426694,-0.239951,-0.030139,-0.822957,0.0158582,0.0236032,-0.661683,1.5599,1.17282,-0.410991,-1.65613,4.68401,0.0347485,-0.0235489,-0.0632714,-9.14726,
851,-0.22529,0,-0.846655,0.768151,0.991329,-0.0804738,1.29743,0.423007,-0.254373,0.00873244,-0.822656,0.0156773,0.0230612,-0.735405,1.51475,1.13496,-0.534631,-1.59629,4.31506,0.0606727,-0.00839415,-0.0686479,-9.38462,
852,-0.222845,0,-0.820774,0.768162,0.991329,-0.0853515,1.30653,0.41817,-0.261743,0.0315958,-0.821846,0.0157056,0.0223708,-0.809763,1.4553,1.09944,-0.509718,-0.25316,1.67748,0.126419,-0.021407,-0.165047,-7.69096,
853,-0.221175,0,-0.822188,0.768043,0.991329,-0.150663,1.31485,0.414873,-0.260161,0.0388934,-0.820754,0.0154181,0.0208587,-0.849721,1.45834,0.984731,-0.338495,0.551181,0.30169,0.135773,-0.0432837,-0.189701,-2.80694,
854,-0.220024,0,-0.823882,0.767897,0.991329,-0.179248,1.32232,0.412602,-0.253993,0.0383082,-0.819777,0.0150671,0.0194933,-0.861175,1.46202,0.885772,-0.238025,0.938753,-0.360225,0.105737,-0.0424708,-0.147198,-0.346888,
855,-0.219178,0,-0.825299,0.767769,0.991329,-0.182469,1.32904,0.410935,-0.245786,0.0341781,-0.819079,0.0147606,0.0185293,-0.858831,1.46512,0.794092,-0.185835,1.08242,-0.624672,0.0695092,-0.0335912,-0.0943848,0.775513,
856,-0.218468,0,-0.825946,0.767674,0.991329,-0.166864,1.33504,0.409536,-0.237042,0.0288668,-0.818649,0.014534,0.0179586,-0.850632,1.46654,0.706714,-0.168731,1.08659,-0.678954,0.0395652,-0.0231623,-0.050429,1.19146,
857,-0.217777,0,-0.825876,0.767613,0.991329,-0.138133,1.34035,0.408175,-0.228595,0.0235825,-0.818421,0.0143865,0.0176861,-0.840674,1.46638,0.622078,-0.174892,1.01636,-0.631264,0.0189474,-0.0140705,-0.0198894,1.25653,
858,-0.217029,0,-0.825242,0.767578,0.991329,-0.100583,1.345,0.406701,-0.220871,0.0188748,-0.818323,0.0143031,0.0176078,-0.830908,1.46499,0.539209,-0.195451,0.910668,-0.542026,0.00669292,-0.00718405,-0.00137746,1.16469,
859,-0.216178,0,-0.82419,0.767563,0.991329,-0.0573348,1.34898,0.405028,-0.214057,0.0149337,-0.818297,0.014266,0.0176398,-0.822142,1.46269,0.457459,-0.224296,0.791774,-0.443341,0.000627212,-0.00242309,0.00824331,1.01739,
860,-0.215199,0,-0.822836,0.76756,0.991329,-0.0106171,1.35232,0.403104,-0.208203,0.0117637,-0.818301,0.0142599,0.0177236,-0.814597,1.45975,0.376398,-0.25745,0.671676,-0.350907,-0.00140074,0.000641604,0.0120584,0.864328,
861,-0.214081,0,-0.821269,0.767566,0.991329,0.0379841,1.35501,0.400906,-0.203294,0.00928453,-0.818312,0.0142732,0.017823,-0.808219,1.45636,0.295749,-0.292453,0.556241,-0.271239,-0.00108872,0.002495,0.0124907,0.72717,
862,-0.21287,0,-0.82235,0.767569,0.991329,0.0767488,1.35702,0.39853,-0.199202,0.00738901,-0.81831,0.0142816,0.017882,-0.800378,1.45869,0.206901,-0.301329,0.468623,-0.205114,0.00125638,-7.30994e-05,0.00328865,1.23001,
863,-0.211686,0,-0.826426,0.76756,0.991329,0.103093,1.35828,0.396208,-0.195679,0.00596896,-0.818293,0.0142594,0.0178479,-0.785771,1.46759,0.108862,-0.278479,0.414268,-0.152198,0.00289602,-0.00476651,-0.00986383,2.41415,
864,-0.21064,0,-0.832198,0.767537,0.991329,0.121091,1.35873,0.394157,-0.192488,0.00492286,-0.818273,0.0142036,0.0177206,-0.759969,1.48053,0.00455847,-0.234157,0.384513,-0.11128,0.00209926,-0.0084288,-0.0199522,4.02515,
865,-0.209797,0,-0.838449,0.767505,0.991329,0.135505,1.35833,0.392506,-0.189477,0.00416247,-0.81827,0.0141274,0.0175346,-0.720268,1.49498,-0.104104,-0.179657,0.368209,-0.0803865,-0.000808973,-0.00995292,-0.0248379,5.88561,
866,-0.209179,0,-0.844258,0.767472,0.991329,0.150717,1.35705,0.391296,-0.18658,0.00361615,-0.818295,0.0140476,0.0173296,-0.665031,1.50888,-0.216311,-0.125084,0.354446,-0.0574207,-0.00466118,-0.00940745,-0.0250099,7.90533,
867,-0.208769,0,-0.848983,0.767443,0.991329,0.170528,1.35486,0.390494,-0.183816,0.00322839,-0.818349,0.0139786,0.0171368,-0.593038,1.52053,-0.332107,-0.0791017,0.333233,-0.040479,-0.00822719,-0.00731831,-0.021923,10,
868,-0.208516,0,-0.852089,0.767423,0.991329,0.198604,1.35172,0.39,-0.181284,0.00295761,-0.818427,0.0139303,0.0169759,-0.502925,1.52837,-0.452088,-0.0501652,0.294547,-0.0279822,-0.0105574,-0.0041719,-0.0169499,10,
869,-0.208331,0,-0.852923,0.767414,0.991329,0.239318,1.3476,0.389636,-0.17917,0.00277349,-0.818515,0.0139101,0.0168581,-0.392721,1.53051,-0.5771,-0.048847,0.226137,-0.0186937,-0.0110113,-0.000116144,-0.0108308,10,
870,-0.208068,0,-0.850377,0.767421,0.991329,0.298882,1.34246,0.389123,-0.177781,0.00265438,-0.818595,0.0139264,0.0167921,-0.259356,1.52403,-0.707856,-0.091511,0.109878,-0.0116892,-0.00911275,0.00525139,-0.00336824,10,
871,-0.207495,0,-0.842231,0.767449,0.991329,0.386548,1.33624,0.388003,-0.177611,0.00258485,-0.818647,0.0139942,0.0167934,-0.0979828,1.50398,-0.844192,-0.206749,-0.0846132,-0.00633045,-0.00431938,0.0131989,0.00698935,10,
872,-0.206215,0,-0.823512,0.767512,0.991329,0.514241,1.32892,0.385501,-0.179488,0.00255337,-0.818641,0.0141444,0.0168986,0.0991907,1.46121,-0.982985,-0.448106,-0.412256,-0.00232419,0.00427612,0.0266043,0.0242343,10,
873,-0.203514,0,-0.781698,0.767637,0.991329,0.686906,1.3205,0.380229,-0.184856,0.0025482,-0.818537,0.0144436,0.0171958,0.345007,1.37851,-1.11165,-0.919691,-0.975846,-0.000103406,0.0183419,0.0516788,0.0574819,10,
874,-0.198069,0,-0.682849,0.767882,0.991329,0.867937,1.31122,0.36963,-0.196278,0.00254628,-0.818271,0.0150318,0.0178833,0.660852,1.22592,-1.18778,-1.81407,-1.95457,-0.00233414,0.0408285,0.10048,0.12484,10,
875,-0.18959,0,-0.653297,0.768229,0.991329,0.868581,1.30247,0.353197,-0.212762,0.00129435,-0.817832,0.0158643,0.0192287,0.981924,1.18761,-0.962822,-1.90043,-1.70605,-0.340867,0.0547184,0.0689655,0.171432,10,
876,-0.182875,0,-0.714104,0.768306,0.991329,0.77485,1.29507,0.34024,-0.223814,-0.00124993,-0.817272,0.0160502,0.0201664,1.11688,1.26948,-0.91563,-1.361,-1.1378,-0.220458,0.0834346,-0.0145297,0.0629447,8.69298,
877,-0.178013,0,-0.753969,0.768198,0.991329,0.696667,1.28758,0.330892,-0.232001,-0.00158932,-0.816695,0.0157909,0.0203612,1.14497,1.33084,-0.966067,-1.01209,-0.964079,0.158746,0.0630014,-0.0427112,-0.00514418,-0.536633,
878,-0.174193,0,-0.7708,0.768061,0.991329,0.658687,1.27956,0.323565,-0.239748,0.00121704,-0.816338,0.0154622,0.020203,1.12169,1.3592,-1.03532,-0.849471,-0.92416,0.386841,0.0346785,-0.0339259,-0.029299,-4.6576,
879,-0.170738,0,-0.767466,0.767986,0.991329,0.656989,1.27102,0.316951,-0.246505,0.00332505,-0.816127,0.0152813,0.0199493,1.07768,1.35345,-1.10235,-0.818909,-0.794074,0.162952,0.0192602,-0.0125148,-0.0320583,-6.0185,
880,-0.167257,0,-0.761066,0.767971,0.991329,0.673428,1.2619,0.310301,-0.252785,0.00410159,-0.816007,0.0152457,0.0197096,1.02908,1.3426,-1.178,-0.850874,-0.791326,0.0443969,0.0111583,0.00215118,-0.0274379,-5.97486,
881,-0.163571,0,-0.753631,0.767994,0.991329,0.695867,1.25216,0.303269,-0.259331,0.00419318,-0.815925,0.0153004,0.0195133,0.983757,1.33029,-1.25986,-0.909783,-0.852556,-0.0140169,0.00929729,0.0102923,-0.0217948,-5.29722,
882,-0.159969,0,-0.893753,0.767887,0.991329,0.647401,1.24284,0.296412,-0.270319,0.00321765,-0.813999,0.0150449,0.0192875,0.944735,1.65165,-1.07144,-0.798119,-1.87248,-0.117389,0.413064,-0.0606333,-0.0327045,-4.4423,
883,-0.156818,0,-0.940329,0.76768,0.991329,0.600656,1.23484,0.290424,-0.287753,0.00263732,-0.810423,0.0145483,0.0190244,0.912602,1.86316,-0.94047,-0.705705,-2.41553,-0.0311554,0.447138,-0.0561891,-0.0315367,-3.59495,
884,-0.153974,0,-0.957532,0.767539,0.991329,0.570706,1.22762,0.285027,-0.308138,0.00262907,-0.80734,0.0142085,0.0187999,0.88691,1.98817,-0.873885,-0.65014,-2.647,0.0220459,0.30968,-0.0276834,-0.0240173,-2.84121,
885,-0.151289,0,-0.96483,0.767496,0.991329,0.559649,1.22072,0.27994,-0.329723,0.00289064,-0.805615,0.014105,0.018645,0.866797,2.05818,-0.858559,-0.626741,-2.73513,0.0381746,0.121326,0.000617435,-0.0147583,-2.20367,
886,-0.148646,0,-0.968041,0.767535,0.991329,0.563815,1.21379,0.274937,-0.351752,0.0031777,-0.805356,0.0141983,0.0185619,0.851336,2.09401,-0.88016,-0.62767,-2.76822,0.0309682,-0.0498763,0.0210162,-0.00634654,-1.67903,
887,-0.145958,0,-0.969319,0.767627,0.991329,0.577758,1.20658,0.269855,-0.373983,0.00335997,-0.80629,0.0144195,0.0185387,0.839666,2.10935,-0.926779,-0.645043,-2.78996,0.0139786,-0.174668,0.032754,0.000132523,-1.25537,
888,-0.14317,0,-0.969604,0.767746,0.991329,0.596613,1.19892,0.264591,-0.396406,0.00339986,-0.808011,0.0147057,0.0185588,0.831031,2.11287,-0.989309,-0.67244,-2.81759,-0.00351315,-0.247179,0.0376196,0.00449625,-0.919006,
889,-0.140251,0,-0.969393,0.767873,0.991329,0.616811,1.19072,0.259085,-0.419093,0.00331388,-0.810124,0.0150107,0.0186061,0.824785,2.11026,-1.06123,-0.704895,-2.85659,-0.0170524,-0.274579,0.037775,0.00701458,-0.656631,
890,-0.137185,0,-0.968979,0.767995,0.991329,0.636117,1.18193,0.253311,-0.442139,0.00314037,-0.812316,0.0153045,0.0186677,0.820382,2.10521,-1.13813,-0.738846,-2.9068,-0.0253543,-0.268888,0.0351124,0.00812762,-0.455891,
891,-0.134954,0,-0.979953,0.768019,0.991329,0.375506,1.17303,0.249115,-0.463183,0.00241823,-0.814543,0.0153603,0.0154343,0.813131,2.2723,-1.03757,-0.0956965,-2.08332,-0.200668,-0.296384,-0.0387476,-0.95439,-1.40491,
892,-0.136996,0,-0.9887,0.76778,0.991329,-0.206631,1.16537,0.252956,-0.473943,-0.000405862,-0.816935,0.0147877,0.00938546,0.794878,2.5042,-0.883687,0.98675,-0.689937,-0.487302,-0.292498,-0.0862608,-0.551347,-2.61185,
893,-0.142364,0,-0.990332,0.767594,0.991329,-0.48389,1.15916,0.26307,-0.475333,-0.00617942,-0.819165,0.0143401,0.00676983,0.753694,2.57075,-0.676446,1.47967,0.260275,-0.931268,-0.260731,-0.0250833,-0.136378,-7.39614,
894,-0.148908,0,-0.989691,0.767635,0.991329,-0.569247,1.15463,0.275431,-0.470824,-0.0154321,-0.821079,0.0144397,0.0069505,0.667948,2.54315,-0.460163,1.56494,0.803162,-1.35912,-0.216414,0.0450973,0.150919,-10,
895,-0.15521,0,-0.987644,0.76787,0.991329,-0.558348,1.15179,0.287371,-0.46336,-0.0277072,-0.822626,0.015004,0.008855,0.528236,2.46686,-0.255253,1.38681,1.01638,-1.69202,-0.170611,0.0913667,0.304218,-10,
896,-0.160366,0,-0.984506,0.768213,0.991329,-0.495034,1.1505,0.297169,-0.455263,-0.0421614,-0.823818,0.015826,0.0115484,0.331435,2.37437,-0.0726723,1.08076,1.01214,-1.903,-0.128589,0.104964,0.348708,-10,
897,-0.166031,0,-0.986985,0.768381,0.991329,-0.675066,1.15005,0.30796,-0.444739,-0.0570504,-0.82467,0.0162317,0.0137428,0.178747,2.44536,-0.0482474,1.58728,1.56994,-1.796,-0.0858013,0.0111786,0.218082,-10,
898,-0.173428,0,-0.987728,0.768372,0.991329,-0.769069,1.14987,0.322101,-0.430329,-0.0711687,-0.825245,0.01621,0.015336,0.11339,2.46968,0.00395963,1.92205,2.00402,-1.72928,-0.0594152,-0.0100752,0.185014,-4.7761,
899,-0.18186,0,-0.987457,0.768347,0.991329,-0.816146,1.15022,0.338287,-0.412978,-0.0848086,-0.82565,0.0161498,0.0168072,0.0910023,2.46063,0.0826603,2.10186,2.30808,-1.67648,-0.0428193,-0.00275604,0.182844,-1.30801,
900,-0.190722,0,-0.986466,0.76836,0.991329,-0.837165,1.15125,0.355385,-0.393748,-0.0979358,-0.825945,0.0161799,0.0182794,0.0861619,2.42927,0.17615,2.15565,2.47912,-1.60086,-0.0313825,0.0105536,0.183619,-0.169574,
901,-0.19956,0,-0.984914,0.768412,0.991329,-0.843306,1.15306,0.372528,-0.373631,-0.110291,-0.82616,0.0163045,0.0197294,0.0849703,2.38512,0.277135,2.11856,2.53566,-1.48368,-0.0228061,0.0202607,0.177233,-0.266422,
902,-0.208065,0,-0.982912,0.768486,0.991329,-0.840145,1.15569,0.389116,-0.353444,-0.121512,-0.826314,0.016482,0.0210925,0.0803054,2.33521,0.381262,2.02119,2.50115,-1.31754,-0.0159547,0.0238914,0.1625,-0.964096,
903,-0.216043,0,-0.980553,0.768562,0.991329,-0.830434,1.15916,0.404763,-0.333828,-0.1312,-0.826417,0.0166662,0.0223107,0.0689211,2.28418,0.485772,1.88638,2.39623,-1.1012,-0.0102493,0.0222193,0.141769,-1.90619,
904,-0.223384,0,-0.977926,0.768627,0.991329,-0.815487,1.16346,0.419237,-0.315279,-0.138962,-0.826477,0.0168216,0.0233486,0.0497045,2.23487,0.588773,1.72969,2.23677,-0.836694,-0.00538929,0.0170639,0.11809,-2.90215,
905,-0.230029,0,-0.975115,0.768671,0.991329,-0.795831,1.16857,0.432404,-0.298185,-0.144428,-0.826502,0.016928,0.0241934,0.0226455,2.18878,0.688859,1.56107,2.03423,-0.527745,-0.00122074,0.0102236,0.0939998,-3.85846,
906,-0.235952,0,-0.972197,0.768692,0.991329,-0.771505,1.17446,0.444196,-0.282856,-0.14726,-0.826495,0.0169776,0.0248491,-0.0117586,2.14656,0.784877,1.3865,1.79666,-0.178901,0.00233523,0.00307118,0.0711843,-4.73668,
907,-0.241146,0,-0.969233,0.76869,0.991329,-0.742221,1.1811,0.454581,-0.269547,-0.147158,-0.826462,0.0169719,0.0253299,-0.0528336,2.1083,0.875772,1.20934,1.52964,0.204981,0.00532559,-0.00351322,0.0505351,-5.52791,
908,-0.245612,0,-0.966266,0.768667,0.991329,-0.707463,1.18845,0.463544,-0.258479,-0.143861,-0.826407,0.0169173,0.0256546,-0.0998987,2.07376,0.96046,1.03129,1.23705,0.619042,0.00779327,-0.00907072,0.0323411,-6.23762,
909,-0.249356,0,-0.963314,0.768628,0.991329,-0.666581,1.19644,0.471084,-0.249844,-0.137146,-0.826335,0.0168229,0.0258424,-0.152343,2.04246,1.03773,0.853123,0.921636,1.05863,0.00979376,-0.0134539,0.0164871,-6.87674,
910,-0.252385,0,-0.960379,0.768575,0.991329,-0.618912,1.20501,0.4772,-0.243817,-0.126826,-0.826247,0.0166978,0.0259106,-0.209646,2.01386,1.10616,0.675206,0.585413,1.51946,0.0114022,-0.0167233,0.00261796,-7.45678,
911,-0.254706,0,-0.95744,0.768514,0.991329,-0.563943,1.21409,0.481896,-0.240557,-0.112746,-0.826148,0.0165502,0.0258731,-0.271374,1.98738,1.16404,0.497904,0.22998,1.99782,0.012712,-0.0190639,-0.00973409,-7.98721,
912,-0.256326,0,-0.954469,0.768446,0.991329,-0.501509,1.22359,0.485181,-0.240213,-0.0947774,-0.826039,0.0163865,0.02574,-0.337156,1.96246,1.20938,0.321888,-0.143269,2.49077,0.0138262,-0.0207218,-0.0210526,-8.47433,
913,-0.257256,0,-0.951428,0.768373,0.991329,-0.432005,1.23338,0.487068,-0.242922,-0.0728114,-0.825922,0.016211,0.0255176,-0.406657,1.93866,1.23988,0.148369,-0.532992,2.99634,0.0148436,-0.0219563,-0.031759,-8.92093,
914,-0.25751,0,-0.948284,0.768296,0.991329,-0.356527,1.24336,0.487585,-0.24881,-0.0467505,-0.825796,0.0160262,0.0252097,-0.479553,1.91561,1.25303,-0.0207426,-0.937767,3.51376,0.0158413,-0.0230036,-0.042151,-9.32631,
915,-0.257113,0,-0.945011,0.768215,0.991329,-0.276867,1.25335,0.486779,-0.25799,-0.0164987,-0.825662,0.0158327,0.0248183,-0.555499,1.8931,1.2462,-0.182745,-1.35594,4.04349,0.016859,-0.024052,-0.0523644,-9.68655,
916,-0.256034,0,-0.931358,0.768158,0.991329,-0.171839,1.26333,0.484588,-0.268555,0.0139711,-0.825406,0.0156955,0.0243472,-0.634565,1.81191,1.27377,-0.394819,-0.891142,2.76479,0.0655325,0.00169902,-0.0611788,-10,
917,-0.254006,0,-0.911366,0.768185,0.991329,-0.0499565,1.27362,0.48048,-0.272544,0.028159,-0.824708,0.0157591,0.0237963,-0.71816,1.71833,1.29312,-0.631735,-0.204829,0.970924,0.0971632,0.00989374,-0.0721772,-10,
918,-0.251217,0,-0.906562,0.768181,0.991329,-0.0288582,1.28379,0.47484,-0.27282,0.0318368,-0.8239,0.015749,0.0230659,-0.803465,1.69895,1.21522,-0.652891,0.18135,0.0604182,0.101523,-0.0343718,-0.15565,-9.24833,
919,-0.249045,0,-0.914366,0.767987,0.991329,-0.108242,1.29286,0.470456,-0.269973,0.0304244,-0.823118,0.0152849,0.0215378,-0.851929,1.73095,1.0606,-0.452027,0.498669,-0.356055,0.0894791,-0.0722749,-0.204721,-3.47656,
920,-0.247545,0,-0.9196,0.767743,0.991329,-0.153961,1.30084,0.467433,-0.265289,0.0268269,-0.822521,0.0146997,0.0200073,-0.866717,1.75406,0.93944,-0.314346,0.648723,-0.512046,0.0601098,-0.0701668,-0.171047,-0.560821,
921,-0.246467,0,-0.92255,0.767536,0.991329,-0.168672,1.30794,0.465263,-0.259905,0.0225936,-0.822157,0.0142009,0.0188531,-0.865111,1.76774,0.836849,-0.2371,0.681586,-0.53048,0.0325165,-0.0535795,-0.117169,0.778135,
922,-0.245599,0,-0.923925,0.767388,0.991329,-0.160006,1.31426,0.463518,-0.254576,0.0185115,-0.821983,0.0138477,0.018117,-0.856479,1.7743,0.744927,-0.205564,0.641226,-0.483163,0.0125989,-0.0350594,-0.0687769,1.28375,
923,-0.24479,0,-0.924285,0.767298,0.991329,-0.134907,1.31988,0.461892,-0.249754,0.0149291,-0.821936,0.0136318,0.0177174,-0.845653,1.77603,0.659159,-0.205167,0.559248,-0.41039,0.000553121,-0.0196263,-0.0333991,1.37482,
924,-0.24394,0,-0.924009,0.767253,0.991329,-0.0987052,1.32482,0.460185,-0.245682,0.011955,-0.821958,0.0135222,0.0175481,-0.834943,1.7747,0.576846,-0.22447,0.456372,-0.333529,-0.00537053,-0.00851269,-0.0107799,1.27968,
925,-0.242987,0,-0.923346,0.767237,0.991329,-0.055296,1.32911,0.458272,-0.242471,0.00957527,-0.82201,0.0134854,0.017518,-0.825313,1.77152,0.49637,-0.255353,0.345312,-0.262909,-0.00720619,-0.00131225,0.00194767,1.11766,
926,-0.241897,0,-0.922452,0.767241,0.991329,-0.00747664,1.33276,0.456086,-0.240156,0.00772039,-0.822066,0.0134935,0.0175608,-0.817034,1.76728,0.416774,-0.292408,0.233351,-0.202652,-0.00665231,0.00290989,0.00795669,0.94722,
927,-0.240651,0,-0.921427,0.767255,0.991329,0.0427655,1.33578,0.45359,-0.238727,0.0063027,-0.822113,0.0135268,0.0176337,-0.810059,1.76247,0.337515,-0.332236,0.124284,-0.153569,-0.00492578,0.00510662,0.0098684,0.793911,
928,-0.239301,0,-0.921684,0.767266,0.991329,0.0823115,1.33812,0.450886,-0.238065,0.00523977,-0.822139,0.0135538,0.0176716,-0.801449,1.76367,0.248416,-0.343087,0.0426889,-0.113892,-0.00183531,0.00196398,0.000716173,1.35521,
929,-0.23797,0,-0.923291,0.767262,0.991329,0.109438,1.33971,0.448226,-0.237931,0.00445921,-0.822142,0.0135453,0.0176174,-0.785551,1.77126,0.149189,-0.321349,-0.00782417,-0.0827777,0.00082219,-0.00333667,-0.0122586,2.61143,
930,-0.236771,0,-0.925666,0.767243,0.991329,0.128404,1.34048,0.44583,-0.23811,0.00389627,-0.82213,0.0134987,0.0174719,-0.757833,1.78277,0.0429055,-0.277612,-0.0361476,-0.0592063,0.00196263,-0.00751067,-0.0220672,4.30625,
931,-0.235769,0,-0.928247,0.767213,0.991329,0.144158,1.34038,0.44383,-0.238467,0.00349631,-0.822115,0.0134282,0.0172701,-0.715492,1.79569,-0.0684277,-0.223586,-0.0535806,-0.0417584,0.00172208,-0.00940495,-0.0266096,6.26328,
932,-0.234985,0,-0.930599,0.767182,0.991329,0.161298,1.33937,0.442266,-0.238958,0.00321627,-0.822106,0.0133517,0.017052,-0.656776,1.80789,-0.183953,-0.169899,-0.0712982,-0.0289944,0.000752659,-0.00908184,-0.026401,8.39608,
933,-0.2344,0,-0.932403,0.767154,0.991329,0.18393,1.33742,0.4411,-0.239626,0.00302402,-0.822105,0.0132847,0.0168494,-0.580303,1.81752,-0.303725,-0.125962,-0.0998779,-0.0196517,-0.000229851,-0.00706719,-0.0228913,10,
934,-0.233956,0,-0.933369,0.767134,0.991329,0.216186,1.33449,0.440216,-0.240603,0.00289651,-0.822109,0.0132384,0.0166822,-0.48448,1.82279,-0.428373,-0.101443,-0.150528,-0.012716,-0.000648261,-0.00382639,-0.0174006,10,
935,-0.233553,0,-0.933116,0.767127,0.991329,0.263163,1.33054,0.439412,-0.24212,0.0028178,-0.822112,0.0132218,0.0165627,-0.366986,1.8214,-0.558726,-0.109043,-0.237746,-0.00742216,-8.98139e-05,0.000566417,-0.0105361,10,
936,-0.233022,0,-0.930957,0.767137,0.991329,0.332146,1.32552,0.438356,-0.244552,0.00277719,-0.822104,0.0132459,0.0165027,-0.224209,1.80978,-0.695285,-0.16908,-0.383837,-0.00323125,0.00175958,0.00669991,-0.00180851,10,
937,-0.232088,0,-0.92545,0.767173,0.991329,0.43355,1.31938,0.436497,-0.248512,0.00276742,-0.822073,0.0133305,0.0165238,-0.0504128,1.7817,-0.837039,-0.317877,-0.627076,0.000157824,0.00520493,0.0162793,0.0109842,10,
938,-0.230265,0,-0.913122,0.767251,0.991329,0.578496,1.31209,0.432872,-0.255035,0.00278224,-0.822004,0.0135173,0.0166777,0.163699,1.72567,-0.978094,-0.624623,-1.03736,0.00263467,0.0105728,0.0331983,0.0333208,10,
939,-0.226664,0,-0.884328,0.767409,0.991329,0.761342,1.30374,0.425727,-0.265933,0.00281047,-0.821877,0.0138962,0.0170858,0.433549,1.62022,-1.09714,-1.2239,-1.74349,0.00290356,0.0179305,0.0658852,0.0774538,10,
940,-0.219639,0,-0.8097,0.767724,0.991329,0.920858,1.29472,0.411844,-0.284349,0.00281664,-0.821675,0.0146529,0.0180091,0.784504,1.43217,-1.1262,-2.34646,-2.94381,-0.00428595,0.0258173,0.129208,0.164262,10,
941,-0.210662,0,-0.831741,0.768057,0.991329,0.863657,1.28708,0.394201,-0.304346,0.00044318,-0.821505,0.0154526,0.0194632,1.0683,1.47949,-0.850093,-1.9159,-2.02553,-0.429575,0.0223866,0.0486758,0.145484,10,
942,-0.204006,0,-0.86595,0.768075,0.991329,0.77062,1.28037,0.381189,-0.318238,-0.00223109,-0.821316,0.0154953,0.0201516,1.16887,1.56532,-0.848577,-1.37359,-1.5356,-0.175696,0.0264697,-0.0276479,0.0342164,5.35082,
943,-0.199087,0,-0.884813,0.767941,0.991329,0.703079,1.27333,0.371609,-0.329955,-0.00186307,-0.821166,0.015173,0.0201738,1.17583,1.62177,-0.915915,-1.05851,-1.44719,0.286628,0.0130151,-0.0460158,-0.019719,-2.57809,
944,-0.195048,0,-0.890295,0.767805,0.991329,0.677248,1.2657,0.363766,-0.341627,0.00175229,-0.821113,0.0148484,0.0199422,1.13973,1.63982,-0.987869,-0.932297,-1.39293,0.404489,0.00807595,-0.0300243,-0.0340536,-5.88674,
945,-0.191235,0,-0.887336,0.767745,0.991329,0.683798,1.25753,0.356379,-0.35224,0.00393615,-0.82104,0.0147027,0.0196731,1.08807,1.62998,-1.05657,-0.927906,-1.28852,0.165948,0.00939859,-0.00798882,-0.031827,-6.74289,
946,-0.187303,0,-0.882968,0.767744,0.991329,0.704894,1.24877,0.348778,-0.362564,0.00470503,-0.820964,0.014701,0.0194444,1.03503,1.61589,-1.13412,-0.978309,-1.30737,0.0404338,0.00929695,0.00596057,-0.0252864,-6.38982,
947,-0.183099,0,-0.878164,0.767778,0.991329,0.729426,1.23936,0.340673,-0.373312,0.00475192,-0.820885,0.0147823,0.0192676,0.987191,1.60095,-1.21829,-1.04984,-1.38641,-0.0207218,0.00989768,0.0130764,-0.0192417,-5.52591,
948,-0.178577,0,-0.873463,0.767827,0.991329,0.751965,1.22927,0.331976,-0.384806,0.00446573,-0.820798,0.0149011,0.0191334,0.946987,1.58686,-1.30675,-1.12452,-1.48949,-0.0464599,0.0112099,0.0157272,-0.0146494,-4.52514,
949,-0.17374,0,-0.869095,0.767881,0.991329,0.770643,1.21845,0.322698,-0.397152,0.00405621,-0.8207,0.0150306,0.0190311,0.914674,1.5742,-1.39752,-1.19417,-1.5975,-0.0536335,0.0127172,0.0160352,-0.0111845,-3.57275,
950,-0.168615,0,-0.865108,0.767935,0.991329,0.785297,1.2069,0.312894,-0.410349,0.00362995,-0.820591,0.0151584,0.0189536,0.889499,1.56298,-1.48925,-1.25602,-1.70137,-0.051794,0.0139942,0.0154454,-0.00837229,-2.74749,
951,-0.163234,0,-0.861465,0.767986,0.991329,0.796382,1.19462,0.302627,-0.424347,0.00323599,-0.820473,0.0152808,0.0188971,0.870331,1.553,-1.58113,-1.3099,-1.79756,-0.0461698,0.0148419,0.0147633,-0.00591727,-2.07099,
952,-0.157626,0,-0.858098,0.768035,0.991329,0.804477,1.1816,0.291958,-0.439081,0.00289247,-0.820351,0.0153987,0.0188592,0.855995,1.54398,-1.67278,-1.35674,-1.88531,-0.0394894,0.0152411,0.0143426,-0.00370457,-1.53659,
953,-0.151878,0,-0.87205,0.768078,0.991329,0.78431,1.16794,0.281054,-0.45425,0.00247697,-0.820242,0.0155034,0.0183432,0.845141,1.58272,-1.6567,-1.2516,-1.67261,-0.186616,-0.00246128,9.46507e-05,-0.596894,-1.43436,
954,-0.148385,0,-0.933417,0.767972,0.991329,0.506664,1.15623,0.274443,-0.461658,-0.00179994,-0.820518,0.0152483,0.00774042,0.833811,1.82305,-1.28493,-0.332529,-0.120806,-0.865511,-0.0565278,-0.0624965,-1.59451,-1.30819,
955,-0.149515,0,-0.970415,0.767661,0.991329,-0.144799,1.14729,0.27658,-0.453542,-0.0209671,-0.821788,0.0145009,-0.00216644,0.824004,2.12306,-0.947425,0.89151,2.18874,-3.82897,-0.234133,-0.112463,-0.714498,-1.09421,
956,-0.156567,0,-0.985262,0.767236,0.991329,-0.750107,1.14094,0.289949,-0.425968,-0.0597213,-0.823841,0.0134819,0.00149798,0.802152,2.39457,-0.662864,2.30966,4.4771,-5.64594,-0.25465,-0.117483,1.41783,-4.1232,
957,-0.165859,0,-0.981383,0.767175,0.991329,-0.758163,1.13717,0.307632,-0.387738,-0.109867,-0.825717,0.0133366,0.0104714,0.738832,2.30132,-0.294599,2.0898,4.99684,-6.75206,-0.207638,0.0582378,0.874585,-10,
958,-0.173957,0,-0.97602,0.767505,0.991329,-0.740838,1.13609,0.323112,-0.347132,-0.165915,-0.827118,0.0141264,0.0160802,0.616708,2.20296,0.0225069,1.76747,5.10572,-7.17521,-0.14347,0.127716,0.555474,-10,
959,-0.180203,0,-0.964415,0.767983,0.991329,-0.618568,1.13713,0.3351,-0.307942,-0.222693,-0.827934,0.0152749,0.0198653,0.434565,2.05381,0.212744,1.17785,4.59749,-6.96757,-0.0637618,0.155657,0.412593,-10,
960,-0.18472,0,-0.962149,0.76839,0.991329,-0.638817,1.13914,0.343795,-0.272304,-0.276715,-0.828187,0.0162515,0.022366,0.239923,2.03083,0.269162,1.19108,4.4906,-6.51698,-0.00494357,0.0697184,0.197078,-10,
961,-0.190185,0,-0.964501,0.768502,0.991329,-0.715896,1.14139,0.354347,-0.236025,-0.326768,-0.828086,0.0165205,0.0233406,0.141275,2.05471,0.294025,1.43678,4.5646,-5.98898,0.0262432,0.00646273,0.064143,-8.06516,
962,-0.196491,0,-0.9656,0.768481,0.991329,-0.765256,1.14392,0.366566,-0.199491,-0.372424,-0.82783,0.01647,0.023649,0.0977554,2.06645,0.340738,1.60408,4.55153,-5.41913,0.0360859,-0.014413,0.0210954,-3.40041,
963,-0.203282,0,-0.965719,0.768427,0.991329,-0.792859,1.1469,0.379776,-0.163481,-0.413336,-0.827537,0.0163412,0.0237967,0.0793237,2.06775,0.404819,1.68577,4.43482,-4.80433,0.0364515,-0.015666,0.0185992,-1.53465,
964,-0.210221,0,-0.965243,0.768382,0.991329,-0.805469,1.15044,0.393337,-0.128803,-0.449157,-0.827257,0.016233,0.0239858,0.0690789,2.0626,0.480595,1.69426,4.22203,-4.1476,0.0335201,-0.010596,0.0288879,-1.20008,
965,-0.217044,0,-0.964522,0.768355,0.991329,-0.807898,1.15462,0.406733,-0.0961562,-0.479576,-0.827003,0.0161673,0.0242595,0.0580213,2.05493,0.563799,1.64769,3.93054,-3.45491,0.0299637,-0.00555817,0.0388594,-1.64959,
966,-0.223564,0,-0.963819,0.768341,0.991329,-0.803027,1.15947,0.419593,-0.066096,-0.504332,-0.826776,0.0161333,0.0245935,0.0417381,2.04761,0.651398,1.56258,3.57804,-2.73261,0.0266631,-0.00273034,0.0439438,-2.45788,
967,-0.229655,0,-0.963302,0.768332,0.991329,-0.792385,1.16504,0.431661,-0.0390505,-0.523212,-0.826574,0.0161122,0.0249456,0.01838,2.04233,0.741146,1.45147,3.17876,-1.98606,0.0237179,-0.00221688,0.0437488,-3.39331,
968,-0.235236,0,-0.963056,0.768322,0.991329,-0.77661,1.17133,0.442767,-0.0153508,-0.536037,-0.826395,0.0160882,0.0252783,-0.0125437,2.03985,0.831246,1.32291,2.74274,-1.21929,0.0209687,-0.00333709,0.0394835,-4.33803,
969,-0.240216,0,-0.964643,0.76827,0.991329,-0.74097,1.17834,0.452719,0.00439012,-0.542225,-0.826237,0.0159641,0.0255377,-0.05087,2.05621,0.921507,1.11791,1.96992,-0.0477165,0.0186564,-0.0803822,0.00917387,-5.24519,
970,-0.244189,0,-0.969333,0.767778,0.991329,-0.696422,1.18604,0.460684,0.0151666,-0.535174,-0.826099,0.0147828,0.0253876,-0.0962356,2.10952,1.00398,0.907631,0.824705,1.70594,0.0155021,-0.176891,-0.0342686,-6.09723,
971,-0.247625,0,-0.972056,0.767254,0.991329,-0.681839,1.19435,0.467595,0.0188509,-0.516434,-0.826001,0.0135251,0.0250992,-0.148037,2.14464,1.07206,0.831556,0.158485,2.89714,0.00903749,-0.122109,-0.031018,-6.85246,
972,-0.25082,0,-0.973079,0.767007,0.991329,-0.669441,1.20318,0.474038,0.0183786,-0.489863,-0.825957,0.0129339,0.0249422,-0.205729,2.15879,1.13566,0.770723,-0.274433,3.72731,0.00224046,-0.0305829,-0.00810693,-7.57068,
973,-0.253651,0,-0.973461,0.766997,0.991329,-0.637423,1.21251,0.479761,0.0142352,-0.456738,-0.825962,0.0129085,0.0249394,-0.269088,2.16422,1.19715,0.651372,-0.772793,4.5573,-0.00323595,0.0185851,0.00654636,-8.27196,
974,-0.255919,0,-0.973387,0.767098,0.991329,-0.587163,1.2223,0.484355,0.00585136,-0.416902,-0.826004,0.013151,0.0250098,-0.337883,2.16317,1.25075,0.490888,-1.33058,5.40317,-0.00712912,0.0392333,0.0111535,-8.93476,
975,-0.257498,0,-0.972876,0.767238,0.991329,-0.520242,1.23247,0.487559,-0.00715104,-0.370284,-0.82607,0.0134878,0.0250792,-0.411756,2.15594,1.29079,0.305632,-1.92433,6.25064,-0.00955955,0.0439567,0.00738412,-9.54672,
976,-0.258319,0,-0.971887,0.767379,0.991329,-0.438451,1.24288,0.489227,-0.0249796,-0.31693,-0.82615,0.0138244,0.0250888,-0.490259,2.14235,1.31186,0.107739,-2.53439,7.08437,-0.0106673,0.0402954,-0.0027894,-10,
977,-0.258354,0,-0.970342,0.767499,0.991329,-0.344743,1.25337,0.489299,-0.0476941,-0.25701,-0.826232,0.0141125,0.0249947,-0.57287,2.12213,1.30888,-0.0927631,-3.14311,7.88837,-0.0105153,0.0325954,-0.0175913,-10,
978,-0.257613,0,-0.968151,0.76759,0.991329,-0.243444,1.26372,0.487792,-0.0752182,-0.190822,-0.826308,0.0143306,0.0247668,-0.658965,2.09531,1.27728,-0.286595,-3.73415,8.64776,-0.00911085,0.0232445,-0.0354497,-10,
979,-0.256136,0,-0.965228,0.767648,0.991329,-0.139683,1.27369,0.484796,-0.107351,-0.118768,-0.826368,0.0144708,0.0243871,-0.747805,2.06243,1.21343,-0.464436,-4.29282,9.35112,-0.00647659,0.0134718,-0.0549001,-10,
980,-0.254477,0,-0.970173,0.767603,0.991329,-0.217111,1.28277,0.481433,-0.143229,-0.0408631,-0.826391,0.0143616,0.0234249,-0.829052,2.11999,1.01481,-0.23299,-4.58542,10,0.00185564,-0.0575335,-0.217967,-7.2188,
981,-0.253913,0,-0.960409,0.767444,0.991329,-0.251285,1.29029,0.48029,-0.176137,0.0341484,-0.826108,0.0139804,0.0215897,-0.86554,2.01415,0.92873,-0.11505,-2.7351,6.73515,0.112571,-0.00788664,-0.228279,-2.42929,
982,-0.253428,0,-0.943752,0.767491,0.991329,-0.240887,1.29778,0.479309,-0.188108,0.0685542,-0.824876,0.014095,0.0199355,-0.874298,1.8848,0.938401,-0.134868,-0.504298,2.33082,0.170377,0.025398,-0.179854,-0.0479905,
983,-0.252823,0,-0.932892,0.767571,0.991329,-0.215206,1.3052,0.478086,-0.187214,0.0771237,-0.823586,0.0142862,0.0187428,-0.869731,1.82017,0.911678,-0.172775,0.587232,0.0778317,0.142693,0.019345,-0.118767,1.03141,
984,-0.252054,0,-0.926542,0.767612,0.991329,-0.180268,1.31229,0.476531,-0.180402,0.0730155,-0.822636,0.0143844,0.0180077,-0.859591,1.7871,0.857609,-0.21657,1.03801,-0.956662,0.093144,0.00504823,-0.0673442,1.41877,
985,-0.25111,0,-0.923215,0.767608,0.991329,-0.140056,1.31888,0.474623,-0.171518,0.0635719,-0.822073,0.0143742,0.0176236,-0.847907,1.7709,0.787411,-0.260317,1.14182,-1.32551,0.0489245,-0.00685844,-0.031119,1.45847,
986,-0.249996,0,-0.921734,0.767572,0.991329,-0.0968071,1.32487,0.472374,-0.162595,0.0527095,-0.821814,0.0142882,0.0174723,-0.836626,1.7639,0.70897,-0.301833,1.0689,-1.35143,0.0178726,-0.0138569,-0.00865933,1.34038,
987,-0.248721,0,-0.921261,0.767521,0.991329,-0.0517132,1.33021,0.469804,-0.154624,0.0423658,-0.821751,0.0141647,0.0174571,-0.826562,1.7617,0.626907,-0.340808,0.915402,-1.21826,-0.000562594,-0.0164183,0.00355341,1.16568,
988,-0.247295,0,-0.92125,0.767466,0.991329,-0.00541019,1.3349,0.46693,-0.148019,0.033368,-0.821797,0.0140342,0.0175106,-0.817939,1.76165,0.543653,-0.377682,0.733583,-1.0269,-0.00957989,-0.0158571,0.00901535,0.985343,
989,-0.245723,0,-0.921375,0.767417,0.991329,0.0417145,1.33891,0.463768,-0.142887,0.0259485,-0.821888,0.0139163,0.0175902,-0.810698,1.76223,0.460362,-0.41307,0.550183,-0.829602,-0.0125164,-0.0134731,0.0104795,0.8226,
990,-0.244067,0,-0.922706,0.76737,0.991329,0.0776386,1.34222,0.46044,-0.139093,0.0200475,-0.821984,0.0138036,0.0176321,-0.801927,1.76848,0.368035,-0.418364,0.401064,-0.649932,-0.0110346,-0.0141843,0.00111568,1.36629,
991,-0.242447,0,-0.925035,0.767319,0.991329,0.102463,1.34477,0.457188,-0.136335,0.015477,-0.822061,0.0136809,0.0175844,-0.786285,1.77968,0.267546,-0.394151,0.291702,-0.497722,-0.00830734,-0.0157915,-0.0111418,2.53655,
992,-0.240961,0,-0.927809,0.767264,0.991329,0.120483,1.34648,0.454209,-0.13432,0.0120067,-0.822119,0.0135501,0.0174513,-0.759674,1.79347,0.161634,-0.350761,0.214348,-0.374635,-0.00611061,-0.0162403,-0.0202427,4.10519,
993,-0.239666,0,-0.930569,0.767211,0.991329,0.136173,1.34734,0.451617,-0.132834,0.00941221,-0.822164,0.0134229,0.0172655,-0.719498,1.80773,0.0518905,-0.298579,0.158135,-0.278157,-0.00481321,-0.0150148,-0.024568,5.92431,
994,-0.23858,0,-0.932982,0.767165,0.991329,0.153544,1.3473,0.449446,-0.131752,0.00749665,-0.8222,0.0133115,0.0170627,-0.664023,1.82067,-0.0611534,-0.246715,0.111931,-0.204168,-0.00413321,-0.0123777,-0.0247106,7.92626,
995,-0.237688,0,-0.934805,0.767129,0.991329,0.176203,1.34634,0.447662,-0.131034,0.00609781,-0.822232,0.013225,0.0168706,-0.591783,1.83076,-0.177753,-0.203254,0.0649886,-0.148293,-0.00360144,-0.00880458,-0.0219763,10,
996,-0.236939,0,-0.935806,0.767105,0.991329,0.20789,1.34444,0.446166,-0.130731,0.0050872,-0.822258,0.0131691,0.0167068,-0.501085,1.83642,-0.29865,-0.176713,0.00597631,-0.106537,-0.00277647,-0.0046174,-0.0174975,10,
997,-0.236245,0,-0.935652,0.767097,0.991329,0.253343,1.34154,0.44478,-0.130994,0.00436587,-0.822274,0.0131486,0.0165822,-0.389564,1.83554,-0.424758,-0.178526,-0.0793127,-0.0755289,-0.00129511,0.000239217,-0.0117712,10,
998,-0.235458,0,-0.93374,0.767106,0.991329,0.319388,1.33761,0.443209,-0.132111,0.00385922,-0.822273,0.0131708,0.0165074,-0.253687,1.82483,-0.556737,-0.227077,-0.211958,-0.052562,0.00116391,0.00639677,-0.00434899,10,
999,-0.23433,0,-0.928813,0.76714,0.991329,0.415867,1.3326,0.440962,-0.134592,0.00351171,-0.822246,0.0132517,0.0165019,-0.0880018,1.79859,-0.694047,-0.35506,-0.427226,-0.035571,0.00494729,0.0154322,0.00669384,10,
