step,action0,action1,action2,state0,state1,state2,state3,state4,state5,state6,state7,state8,state9,state10,
0,-0.00278655,0.000299634,0.995739,1.25328,-0.00330511,0.00483479,0.00243509,0.00213707,0.00405011,0.0025651,0.00225809,0.00298596,0.00355,0.00384313,
1,-0.00262255,0.085327,0.994409,1.25287,-0.00348949,0.00455025,0.00221649,0.00795534,0.0234059,-0.105121,-0.0404788,-0.0642564,-0.0587654,1.44884,
2,-0.00225653,0.120671,0.993966,1.2516,-0.00373889,0.00391518,0.0017728,0.0252665,0.0505817,-0.213453,-0.0200668,-0.0919627,-0.0516309,2.87708,
3,-0.00177926,0.15474,0.993491,1.24946,-0.00381065,0.00308709,0.00140229,0.0539563,0.0772295,-0.321647,0.00129673,-0.114823,-0.0411458,4.29357,
4,-0.00120148,0.191843,0.992913,1.24645,-0.00372914,0.00208462,0.0011183,0.0939313,0.10249,-0.429537,0.01782,-0.135466,-0.0303224,5.69835,
5,-0.000534922,0.233241,0.992207,1.24259,-0.00354194,0.000928111,0.000918107,0.145097,0.125848,-0.536806,0.027369,-0.153259,-0.0203387,7.09127,
6,0.000206101,0.260681,0.990978,1.23787,-0.00331152,-0.000357594,0.000794635,0.207358,0.156554,-0.621784,0.041323,-0.175379,-0.0255188,8.4281,
7,0.00142732,-0.109196,0.978635,1.23443,-0.00191555,-0.00247646,-0.000371626,0.276286,0.380236,-0.24291,0.287696,-0.34718,-0.245159,8.8249,
8,0.00323842,-0.229469,0.911156,1.23386,0.000225194,-0.00561881,-0.00478044,0.349003,0.515181,0.0939717,0.238818,-0.434362,-0.842958,9.37322,
9,0.00535585,-0.247911,0.632886,1.23579,0.00154724,-0.00929275,-0.0142632,0.426254,0.60825,0.380505,0.0891207,-0.481784,-1.51777,9.9575,
10,0.00762867,-0.222372,0.0305337,1.23978,0.00158,-0.0132364,-0.0288662,0.507135,0.670582,0.604904,-0.0804624,-0.502483,-2.12462,10,
11,0.009926,-0.166773,-0.463326,1.24525,0.00028832,-0.0172229,-0.0476534,0.587838,0.693467,0.752414,-0.240957,-0.492369,-2.56315,9.9159,
12,0.0121213,-0.0967852,-0.674989,1.2516,-0.00216145,-0.0210325,-0.0691656,0.66346,0.684163,0.821627,-0.369802,-0.45821,-2.80576,9.01052,
13,0.0141317,-0.0305223,-0.741424,1.25822,-0.00545245,-0.0245215,-0.0919277,0.731142,0.658642,0.823898,-0.451265,-0.412452,-2.87701,7.92731,
14,0.015925,0.012953,-0.73736,1.26466,-0.00918252,-0.0276339,-0.114741,0.7901,0.627827,0.785295,-0.478317,-0.363479,-2.81518,6.63108,
15,0.0174012,0.0144804,-0.587052,1.27108,-0.0130552,-0.0301964,-0.136077,0.825216,0.55159,0.811299,-0.49103,-0.281573,-2.53912,2.57043,
16,0.0185534,0.0315538,-0.47253,1.27751,-0.0170098,-0.0321964,-0.155643,0.836427,0.50907,0.790096,-0.494864,-0.222041,-2.36712,0.473229,
17,0.0194792,0.0346292,-0.40009,1.28363,-0.0208647,-0.0338036,-0.174064,0.835723,0.495856,0.733917,-0.460006,-0.183856,-2.25206,-0.518542,
18,0.0202621,0.0258897,-0.358894,1.28921,-0.0243057,-0.0351627,-0.19176,0.829245,0.497018,0.660859,-0.400522,-0.155918,-2.17213,-1.09848,
19,0.020912,0.0217957,-0.325235,1.2942,-0.027296,-0.0362911,-0.208875,0.818398,0.497642,0.587495,-0.347312,-0.126195,-2.10674,-1.61255,
20,0.0214224,0.0203505,-0.294678,1.29861,-0.0298758,-0.0371772,-0.225498,0.80365,0.498113,0.514018,-0.29791,-0.0953395,-2.04894,-2.07403,
21,0.021789,0.0205454,-0.264652,1.30243,-0.0320705,-0.0378138,-0.241673,0.7854,0.498668,0.440471,-0.25103,-0.063827,-1.99486,-2.48791,
22,0.0220099,0.0218459,-0.233593,1.30566,-0.0338973,-0.0381973,-0.257421,0.764025,0.49947,0.366813,-0.205948,-0.0320486,-1.94214,-2.85541,
23,0.0220845,0.0239545,-0.200512,1.30829,-0.0353689,-0.0383268,-0.272746,0.7399,0.500648,0.292944,-0.162213,-0.000353171,-1.88928,-3.17542,
24,0.0220141,0.0266845,-0.164777,1.31034,-0.0364948,-0.0382045,-0.287644,0.713415,0.502317,0.218721,-0.11949,0.0309297,-1.83524,-3.44542,
25,0.0218011,0.0298944,-0.126014,1.31179,-0.0372818,-0.0378348,-0.302102,0.684985,0.504591,0.143969,-0.0774851,0.0614808,-1.77927,-3.66197,
26,0.0214498,0.0334547,-0.084082,1.31264,-0.0377347,-0.0372249,-0.316102,0.655052,0.507582,0.068496,-0.0359126,0.0909891,-1.72088,-3.82109,
27,0.0209657,0.0372338,-0.0390762,1.31288,-0.0378558,-0.0363842,-0.329625,0.624092,0.511399,-0.00790148,0.00551887,0.119154,-1.65976,-3.91864,
28,0.0203554,0.041095,0.00866373,1.31251,-0.037645,-0.0353247,-0.342647,0.592615,0.516146,-0.0854218,0.0471021,0.145689,-1.5958,-3.95061,
29,0.0196272,0.0449008,0.058557,1.31151,-0.0371,-0.0340606,-0.355146,0.561159,0.521915,-0.164246,0.0891179,0.170329,-1.52907,-3.91351,
30,0.0187903,0.0485214,0.109812,1.30988,-0.0362164,-0.0326077,-0.367101,0.530286,0.528778,-0.244528,0.131817,0.192837,-1.45982,-3.80468,
31,0.0178551,0.051847,0.161487,1.30759,-0.0349878,-0.0309842,-0.378494,0.500578,0.536783,-0.326379,0.175399,0.213013,-1.38845,-3.62264,
32,0.0168325,0.054799,0.212586,1.30465,-0.0334068,-0.0292091,-0.389309,0.47262,0.545947,-0.409865,0.219994,0.230695,-1.31546,-3.36723,
33,0.0157344,0.0573404,0.262153,1.30103,-0.0314649,-0.0273031,-0.399535,0.446993,0.556257,-0.495007,0.265651,0.245766,-1.24137,-3.03976,
34,0.0145729,0.0594805,0.309384,1.29672,-0.0291537,-0.0252872,-0.409167,0.424264,0.567666,-0.581776,0.312331,0.258155,-1.16673,-2.64292,
35,0.0133605,0.0612758,0.353691,1.29171,-0.0264655,-0.0231831,-0.418202,0.404973,0.580099,-0.67011,0.359914,0.267833,-1.09198,-2.18052,
36,0.0121097,0.062825,0.394753,1.28599,-0.0233937,-0.0210123,-0.426639,0.389624,0.593459,-0.759919,0.408214,0.274811,-1.01743,-1.65725,
37,0.0108328,0.0642597,0.432522,1.27955,-0.0199335,-0.0187964,-0.434481,0.378685,0.607634,-0.851096,0.456991,0.279131,-0.943209,-1.07823,
38,0.00954194,0.0657343,0.467199,1.27237,-0.0160821,-0.0165564,-0.44173,0.37258,0.622507,-0.943532,0.505982,0.28086,-0.869217,-0.448635,
39,0.00824887,0.0674145,0.499196,1.26445,-0.0118387,-0.0143126,-0.448387,0.371695,0.637963,-1.03712,0.554907,0.280083,-0.795133,0.226658,
40,0.00696494,0.0694694,0.529082,1.25577,-0.00720512,-0.0120847,-0.454449,0.376379,0.653892,-1.13175,0.603493,0.276898,-0.720396,0.943378,
41,0.005701,0.0720655,0.557536,1.24634,-0.00218489,-0.00989162,-0.459907,0.386948,0.670199,-1.22733,0.651472,0.271412,-0.644223,1.69809,
42,0.00446744,0.0753643,0.585293,1.23613,0.0032161,-0.00775125,-0.464747,0.403698,0.686803,-1.32377,0.698589,0.263736,-0.565618,2.48837,
43,0.00327408,0.0795221,0.613086,1.22515,0.00899001,-0.00568069,-0.468943,0.426907,0.703642,-1.42096,0.744588,0.253985,-0.483396,3.31283,
44,0.00213024,0.0846919,0.641598,1.21339,0.0151269,-0.00369607,-0.472462,0.456847,0.720674,-1.51877,0.789209,0.242277,-0.396192,4.17119,
45,0.00104469,0.0910237,0.671387,1.20085,0.0216147,-0.00181257,-0.475257,0.493793,0.737877,-1.61702,0.832166,0.228731,-0.302479,5.06414,
46,2.56129e-05,0.0986625,0.702819,1.18752,0.0284388,-4.44394e-05,-0.47727,0.538027,0.755258,-1.71547,0.873139,0.213466,-0.200579,5.99321,
47,-0.000660277,0.175108,0.68749,1.1734,0.0352197,0.00114561,-0.478392,0.589849,0.767825,-1.8145,0.825598,0.0897266,-0.0803333,6.96107,
48,-0.000872238,0.126376,0.595229,1.15859,0.0419531,0.00151337,-0.478344,0.649092,0.871901,-1.80317,0.873389,-0.0284051,-0.0949446,7.65863,
49,-0.000182024,-0.0621111,-0.367423,1.1457,0.0490268,0.000315818,-0.482491,0.709467,1.22094,-1.42975,0.878848,-0.260903,-0.905796,7.47064,
50,0.00131441,-0.070094,-0.847217,1.13549,0.055377,-0.00228055,-0.492713,0.764082,1.42749,-1.13815,0.705134,-0.38001,-1.61506,6.22054,
51,0.00317214,-0.0071269,-0.928732,1.12727,0.0602004,-0.00550381,-0.507329,0.804271,1.50743,-0.93025,0.493809,-0.406334,-1.95658,3.38693,
52,0.00504204,0.0538446,-0.944897,1.12035,0.0635138,-0.00874825,-0.523396,0.821036,1.54247,-0.815869,0.343394,-0.40501,-2.05654,1.05848,
53,0.00691269,0.0844034,-0.945661,1.11404,0.065957,-0.0119941,-0.539808,0.823518,1.57106,-0.770521,0.274086,-0.403917,-2.0321,-0.416851,
54,0.00875213,0.0917715,-0.932019,1.10789,0.0680836,-0.0151859,-0.555567,0.814563,1.58085,-0.773714,0.263924,-0.39238,-1.89747,-1.8102,
55,0.0105259,0.0785663,-0.908715,1.10159,0.0703024,-0.0182638,-0.570078,0.794713,1.58475,-0.804708,0.296652,-0.377759,-1.73029,-3.15087,
56,0.0122304,0.0540113,-0.881232,1.09497,0.0728914,-0.0212217,-0.583323,0.764315,1.58771,-0.851244,0.352669,-0.361899,-1.58088,-4.44676,
57,0.0138494,0.0407135,-0.853573,1.08796,0.0758903,-0.0240316,-0.595508,0.723751,1.58736,-0.900761,0.395615,-0.340408,-1.46531,-5.69272,
58,0.0153081,-0.215793,-0.747464,1.08196,0.0793677,-0.0265632,-0.606278,0.678169,1.57612,-0.514247,0.487278,-0.287892,-1.19442,-5.40868,
59,0.0164385,-0.385748,-0.744844,1.07956,0.0831903,-0.0285253,-0.616061,0.637527,1.53665,-0.0960355,0.46771,-0.203924,-1.25716,-4.79004,
60,0.0171432,-0.447922,-0.830122,1.08022,0.086472,-0.0297485,-0.627362,0.600996,1.47843,0.250365,0.350018,-0.102659,-1.57245,-4.37852,
61,0.0173653,-0.454224,-0.90602,1.08344,0.0885997,-0.030134,-0.641576,0.566556,1.41183,0.547793,0.177998,0.00594774,-1.98386,-4.26138,
62,0.017084,-0.424723,-0.950535,1.08889,0.0892282,-0.0296457,-0.659151,0.53202,1.34217,0.807141,-0.0254795,0.116105,-2.41171,-4.39706,
63,0.0163018,-0.369185,-0.972717,1.09628,0.0881675,-0.0282881,-0.680019,0.495632,1.27298,1.03442,-0.244698,0.223537,-2.80609,-4.71976,
64,0.0150389,-0.294947,-0.98306,1.10538,0.0853395,-0.0260961,-0.703765,0.456098,1.20683,1.23453,-0.467518,0.324887,-3.13094,-5.17962,
65,0.013329,-0.209215,-0.987543,1.11598,0.0807512,-0.0231285,-0.729731,0.412456,1.14564,1.41204,-0.684764,0.417566,-3.36044,-5.74371,
66,0.0112162,-0.118866,-0.988814,1.12793,0.0744715,-0.0194617,-0.75709,0.363964,1.0906,1.5709,-0.890266,0.499761,-3.47889,-6.38982,
67,0.00875096,-0.0294575,-0.987582,1.14108,0.0666071,-0.0151838,-0.784928,0.310032,1.0422,1.71419,-1.08063,0.570406,-3.48021,-7.10208,
68,0.00598756,0.0552969,-0.983005,1.15533,0.0572843,-0.0103888,-0.812315,0.25018,1.00032,1.84393,-1.25447,0.629051,-3.36591,-7.8684,
69,0.00298138,0.133287,-0.971701,1.17056,0.0466368,-0.00517284,-0.838351,0.184019,0.964439,1.96092,-1.41123,0.675641,-3.14254,-8.67851,
70,-0.000212194,0.21858,-0.946262,1.18667,0.0348041,0.000368164,-0.862202,0.111247,0.932569,2.06421,-1.57005,0.685842,-2.81697,-9.52036,
71,-0.0023239,0.5124,-0.940051,1.20353,0.0202483,0.00403207,-0.882827,0.0317233,0.885334,2.14739,-2.03705,0.272125,-2.34278,-10,
72,-0.00302026,0.563858,-0.816235,1.22109,0.00336525,0.0052403,-0.898324,-0.0548338,0.893995,2.24091,-2.16385,0.0547795,-1.53468,-10,
73,-0.00300089,0.539121,-0.378056,1.23931,-0.0138978,0.00520668,-0.907227,-0.148287,0.920105,2.3103,-2.13882,-0.0492758,-0.693367,-10,
74,-0.00265155,0.460538,0.316946,1.25781,-0.0304187,0.00460056,-0.909733,-0.246392,0.964527,2.30984,-1.98481,-0.0997878,0.0651899,-10,
75,-0.00204675,0.348051,0.705135,1.27602,-0.045387,0.00355119,-0.906853,-0.343854,1.02866,2.24456,-1.75589,-0.162794,0.653329,-10,
76,-0.00115402,0.235771,0.847481,1.29363,-0.0585366,0.00200227,-0.900017,-0.434939,1.09379,2.15934,-1.53225,-0.224089,1.05594,-10,
77,-2.21436e-05,0.161744,0.905109,1.31052,-0.0701192,3.842e-05,-0.890505,-0.516515,1.14123,2.06431,-1.36268,-0.267168,1.32036,-9.54613,
78,0.00128752,0.108047,0.930187,1.32664,-0.0804521,-0.0022339,-0.879294,-0.587343,1.18171,1.96454,-1.22022,-0.301144,1.48114,-8.16207,
79,0.00273651,0.0704834,0.941742,1.34194,-0.0897297,-0.00474797,-0.867099,-0.646971,1.21705,1.8627,-1.09917,-0.327546,1.5667,-6.74639,
80,0.00429308,0.0445565,0.946854,1.35643,-0.0981016,-0.00744873,-0.854431,-0.695232,1.24884,1.76031,-0.993941,-0.347762,1.59933,-5.32036,
81,0.00593099,0.0266554,0.948472,1.3701,-0.105677,-0.0102907,-0.841651,-0.732086,1.27819,1.65817,-0.900116,-0.362793,1.59529,-3.89456,
82,0.00762776,0.0141811,0.947978,1.38296,-0.112534,-0.0132348,-0.829004,-0.757557,1.30579,1.55653,-0.814398,-0.373276,1.56615,-2.47497,
83,0.00936326,0.0053678,0.946107,1.39501,-0.118728,-0.0162463,-0.816659,-0.771712,1.33205,1.4553,-0.734403,-0.379583,1.52006,-1.06536,
84,0.0111186,-0.000924726,0.943316,1.40624,-0.124298,-0.0192925,-0.804727,-0.774639,1.35712,1.35414,-0.658437,-0.381906,1.46287,0.331748,
85,0.0128757,-0.00537878,0.93995,1.41667,-0.129272,-0.0223417,-0.793281,-0.766447,1.38108,1.2526,-0.585323,-0.380326,1.39891,1.71459,
86,0.0146165,-0.00833995,0.936324,1.42628,-0.133669,-0.025363,-0.782361,-0.747253,1.40389,1.15016,-0.514282,-0.374859,1.33157,3.08197,
87,0.0163231,-0.00990244,0.932772,1.43507,-0.137504,-0.0283251,-0.771982,-0.717185,1.42548,1.04629,-0.444857,-0.365497,1.26374,4.43315,
88,0.0179776,-0.00996916,0.929678,1.44302,-0.140789,-0.0311968,-0.762138,-0.676374,1.44576,0.940485,-0.376854,-0.35223,1.19813,5.76789,
89,0.0195618,-0.00829501,0.927488,1.45011,-0.143535,-0.033947,-0.752799,-0.624948,1.46464,0.832339,-0.310319,-0.335073,1.13748,7.08647,
90,0.0210582,-0.00451888,0.926691,1.45633,-0.145755,-0.0365449,-0.743915,-0.563035,1.48206,0.721551,-0.245512,-0.314076,1.08478,8.38979,
91,0.0224492,0.00181139,0.927779,1.46165,-0.147465,-0.03896,-0.735407,-0.49075,1.49798,0.607983,-0.182903,-0.289343,1.04336,9.67942,
92,0.023718,0.0112178,0.931157,1.46605,-0.148683,-0.0411632,-0.72717,-0.408193,1.51237,0.49171,-0.123172,-0.261039,1.01702,10,
93,0.0248488,0.0242701,0.937028,1.46951,-0.149437,-0.043127,-0.719067,-0.315444,1.52529,0.373076,-0.0672197,-0.229401,1.01008,10,
94,0.025827,0.0415543,0.94525,1.47202,-0.149761,-0.0448258,-0.710922,-0.212557,1.53682,0.252767,-0.0161723,-0.194751,1.0274,10,
95,0.0266397,0.0636193,0.955246,1.47356,-0.149699,-0.0462373,-0.70252,-0.0995614,1.5471,0.131904,0.0286199,-0.157505,1.07437,10,
96,0.0272761,0.0908836,0.966012,1.47413,-0.149307,-0.0473428,-0.693601,0.0235384,1.55637,0.0121464,0.0656192,-0.118196,1.15675,10,
97,0.0277284,0.123482,0.976309,1.47376,-0.148655,-0.0481283,-0.683856,0.156754,1.56495,-0.104191,0.0932027,-0.0775014,1.2804,10,
98,0.0279919,0.161045,0.985013,1.47249,-0.147823,-0.0485861,-0.672934,0.300104,1.57334,-0.214052,0.109866,-0.036294,1.45066,10,
99,0.0280669,0.202425,0.991463,1.47037,-0.146904,-0.0487164,-0.660445,0.453604,1.58223,-0.313606,0.114563,0.00430515,1.6715,10,
100,0.0279592,0.245418,0.99563,1.46751,-0.145995,-0.0485293,-0.645979,0.61726,1.59262,-0.398327,0.107199,0.0428613,1.94412,10,
101,0.0276822,0.276645,0.998052,1.46405,-0.14519,-0.048048,-0.629134,0.791065,1.59879,-0.444988,0.0919006,0.0804864,2.28172,10,
102,0.0271425,0.0438576,0.999551,1.46162,-0.143933,-0.0471106,-0.608244,0.906542,1.50754,-0.200379,0.246861,0.145142,2.90969,8.64198,
103,0.0263313,-0.0691721,0.999752,1.46034,-0.141547,-0.0457017,-0.584167,0.94565,1.45428,-0.138953,0.350098,0.203948,3.09371,1.90026,
104,0.0252553,-0.085676,0.999788,1.45915,-0.138591,-0.0438329,-0.559539,0.946202,1.41918,-0.168491,0.385226,0.261763,3.05448,-1.33483,
105,0.0239288,-0.0602062,0.999792,1.45753,-0.135471,-0.0415293,-0.535491,0.929374,1.39839,-0.240096,0.392073,0.313333,2.95252,-2.64315,
106,0.0223853,-0.0245664,0.999797,1.45526,-0.132309,-0.038849,-0.51222,0.906565,1.38898,-0.329972,0.397096,0.356296,2.86265,-2.94375,
107,0.0206636,0.00735651,0.999812,1.45224,-0.129073,-0.0358597,-0.489526,0.883547,1.3878,-0.426772,0.410987,0.390778,2.80954,-2.75898,
108,0.0187999,0.0316394,0.999837,1.44843,-0.125687,-0.0326243,-0.467108,0.862937,1.39199,-0.525256,0.435366,0.417955,2.79451,-2.37623,
109,0.0168248,0.0487423,0.999866,1.44384,-0.122072,-0.0291958,-0.444686,0.845647,1.39932,-0.62318,0.468187,0.439128,2.81077,-1.94612,
110,0.0147635,0.0604683,0.999894,1.43846,-0.118172,-0.025618,-0.422042,0.831728,1.40829,-0.719767,0.506639,0.455337,2.8504,-1.54146,
111,0.0126371,0.0686523,0.999918,1.43232,-0.113952,-0.0219277,-0.399013,0.820834,1.41794,-0.81493,0.548313,0.467278,2.90693,-1.19219,
112,0.0104645,0.0747405,0.999938,1.42543,-0.109393,-0.0181573,-0.375483,0.812484,1.42778,-0.908886,0.591486,0.475363,2.97579,-0.905764,
113,0.00826281,0.0797431,0.999955,1.41779,-0.104487,-0.0143368,-0.351364,0.806183,1.43758,-1.00196,0.635066,0.479804,3.05409,-0.678682,
114,0.00604874,0.0843114,0.999967,1.4094,-0.0992329,-0.010495,-0.326588,0.801488,1.44729,-1.09451,0.678431,0.480687,3.14014,-0.502935,
115,0.00383866,0.0888373,0.999976,1.40027,-0.0936338,-0.00666027,-0.301095,0.798024,1.45694,-1.18684,0.721284,0.478036,3.23307,-0.369347,
116,0.00164888,0.0935385,0.999983,1.39041,-0.0876944,-0.00286088,-0.274832,0.795489,1.46661,-1.27927,0.763527,0.471851,3.33256,-0.269214,
117,-0.000471646,0.14248,0.999987,1.3798,-0.0814649,0.000818325,-0.247743,0.793648,1.47324,-1.37256,0.749075,0.392631,3.4438,-0.194976,
118,-0.00165476,0.270884,0.999988,1.36845,-0.0760378,0.00287107,-0.219425,0.792317,1.47771,-1.4659,0.628412,0.146403,3.63359,-0.140498,
119,-0.00200261,0.268231,0.999994,1.35636,-0.0708507,0.00347462,-0.188933,0.791359,1.50224,-1.55662,0.680189,0.0193517,3.9881,-0.100995,
120,-0.00193646,0.227975,0.999997,1.34354,-0.0650201,0.00335984,-0.155649,0.790672,1.52943,-1.65065,0.783845,-0.0398139,4.33175,-0.0723097,
121,-0.00168683,0.188103,0.999999,1.32994,-0.0583384,0.00292672,-0.119858,0.790182,1.55338,-1.7491,0.887537,-0.0669464,4.61567,-0.0515332,
122,-0.00133152,0.164211,1,1.31554,-0.050903,0.00231024,-0.0820247,0.789833,1.57302,-1.85141,0.971051,-0.0871365,4.84219,-0.036558,
123,-0.000843678,-0.067647,0.999999,1.30042,-0.0426915,0.00146382,-0.0427981,0.789464,1.70908,-1.8234,1.23933,-0.204319,4.69341,-0.16886,
124,0.000921891,-0.632711,0.999992,1.28776,-0.0302251,-0.00159952,-0.0108156,0.787168,2.10021,-1.35131,1.79744,-0.527781,3.41009,-0.284554,
125,0.00356014,-0.64099,0.999758,1.27857,-0.0164497,-0.00617703,0.00956482,0.78562,2.20239,-0.960867,1.5622,-0.587125,1.65369,-0.110604,
126,0.00628094,-0.59413,0.997024,1.27221,-0.0051525,-0.0108979,0.0174107,0.785708,2.23827,-0.63925,1.25796,-0.586299,0.378378,0.0777533,
127,0.0089067,-0.499754,0.976778,1.26815,0.00361181,-0.0154541,0.0163409,0.786342,2.23351,-0.389347,0.925205,-0.547908,-0.626789,0.0728325,
128,0.011323,-0.381107,0.872975,1.2658,0.00980652,-0.0196471,0.00809035,0.786848,2.21728,-0.207521,0.620829,-0.497919,-1.42518,0.0552848,
129,0.0135102,-0.265702,0.560164,1.26466,0.0138139,-0.0234429,-0.00571529,0.787218,2.20328,-0.0890154,0.380833,-0.449615,-2.01931,0.0388282,
130,0.0154864,-0.169952,0.0827368,1.26423,0.016186,-0.0268727,-0.0235265,0.787416,2.19515,-0.027222,0.213189,-0.406964,-2.4287,0.0138071,
131,0.0172773,-0.098053,-0.31262,1.26409,0.0174758,-0.0299813,-0.0440046,0.787367,2.19225,-0.0138946,0.110789,-0.369602,-2.68735,-0.0207676,
132,0.018873,-0.0346455,-0.496101,1.26388,0.0181088,-0.0327511,-0.065885,0.78528,2.17436,-0.0459857,0.0486839,-0.322118,-2.77897,-0.492377,
133,0.0202456,0.00643454,-0.560329,1.26327,0.0184288,-0.0351342,-0.0880162,0.778554,2.154,-0.108562,0.0339889,-0.274041,-2.75423,-1.18693,
134,0.0214097,0.0198671,-0.58001,1.26214,0.0187868,-0.0371552,-0.109743,0.765903,2.14123,-0.176472,0.0574779,-0.23191,-2.67948,-1.97638,
135,0.0223876,0.0186764,-0.585966,1.26045,0.0194115,-0.0388531,-0.130838,0.746807,2.13369,-0.246247,0.10027,-0.19316,-2.59594,-2.79794,
136,0.0231906,0.0111478,-0.590992,1.25819,0.0204166,-0.0402474,-0.151307,0.721099,2.12901,-0.317999,0.151799,-0.155734,-2.52213,-3.62904,
137,0.0238179,0.00632718,-0.595632,1.25536,0.0218218,-0.0413367,-0.171235,0.688729,2.12365,-0.3887,0.198757,-0.116539,-2.45975,-4.46243,
138,0.0242602,0.00538091,-0.597158,1.25198,0.0235773,-0.0421048,-0.190687,0.649689,2.11712,-0.457539,0.239244,-0.075393,-2.40316,-5.29643,
139,0.0245099,0.00762627,-0.593194,1.24805,0.0256353,-0.0425384,-0.209688,0.603993,2.10975,-0.524672,0.274279,-0.0329046,-2.3469,-6.12682,
140,0.0245621,0.0127023,-0.58164,1.24359,0.0279549,-0.0426291,-0.228223,0.551698,2.10183,-0.5904,0.304551,0.0103623,-2.28663,-6.94598,
141,0.0244146,0.0203591,-0.560273,1.2386,0.0305004,-0.0423729,-0.246245,0.492937,2.09366,-0.65519,0.330702,0.0538443,-2.21861,-7.74331,
142,0.0240676,0.0303228,-0.526516,1.2331,0.0332419,-0.0417703,-0.263679,0.42794,2.08554,-0.719694,0.353509,0.0969471,-2.13966,-8.50508,
143,0.0235244,0.0421992,-0.477396,1.22708,0.0361564,-0.0408271,-0.280427,0.357062,2.07783,-0.784761,0.374002,0.139023,-2.04718,-9.21393,
144,0.0227914,0.0554058,-0.409814,1.22054,0.0392307,-0.0395542,-0.296375,0.280811,2.07095,-0.851422,0.393551,0.179355,-1.93942,-9.84824,
145,0.0218588,-0.0884362,-0.12522,1.21372,0.0425282,-0.0379349,-0.31119,0.200757,2.02954,-0.684719,0.471322,0.245905,-1.63852,-9.63006,
146,0.0204421,-0.472141,0.32184,1.21079,0.046938,-0.0354753,-0.322661,0.132287,1.92693,-0.0735986,0.634203,0.362509,-1.25869,-7.57571,
147,0.0184848,-0.591226,0.0985033,1.21195,0.051846,-0.0320774,-0.333966,0.0805477,1.82615,0.340329,0.589467,0.48289,-1.58878,-5.44143,
148,0.0159724,-0.609819,-0.348128,1.21598,0.0559727,-0.0277163,-0.348855,0.0430393,1.72286,0.646775,0.43628,0.605142,-2.14688,-3.9991,
149,0.0128885,-0.57411,-0.692544,1.22223,0.0585855,-0.0223639,-0.368341,0.0135498,1.6106,0.900678,0.21024,0.732021,-2.73214,-3.4166,
150,0.00922252,-0.498382,-0.859054,1.23035,0.0592239,-0.0160021,-0.392291,-0.0138955,1.49292,1.11934,-0.0572256,0.858264,-3.25926,-3.47358,
151,0.00499723,-0.392185,-0.927075,1.24007,0.0576838,-0.0086705,-0.420055,-0.0432698,1.37788,1.30279,-0.333988,0.974837,-3.68374,-3.89042,
152,0.000272742,-0.268976,-0.953189,1.25111,0.0539903,-0.000473218,-0.45067,-0.0768133,1.27154,1.45241,-0.595033,1.07487,-3.97097,-4.51086,
153,-0.00319999,0.304289,-0.988696,1.26322,0.0459362,0.00555213,-0.482678,-0.115772,1.13927,1.5695,-1.40238,0.45819,-4.03358,-5.24113,
154,-0.00441968,0.421781,-0.981316,1.27625,0.0337027,0.00766838,-0.512387,-0.161345,1.1054,1.68437,-1.62786,0.11007,-3.39983,-6.16299,
155,-0.0044869,0.405659,-0.943509,1.29014,0.0205434,0.00778502,-0.536565,-0.214557,1.09741,1.78536,-1.64748,-0.0588711,-2.64852,-7.14811,
156,-0.00402808,0.359695,-0.813234,1.30476,0.00748113,0.00698893,-0.55491,-0.275632,1.09075,1.86606,-1.61141,-0.128292,-1.93953,-8.12674,
157,-0.00338327,0.315091,-0.480651,1.31989,-0.00521759,0.00587014,-0.567919,-0.344022,1.08281,1.914,-1.56051,-0.14549,-1.31363,-8.977,
158,-0.00268846,0.278219,-0.000920645,1.33519,-0.0174166,0.0046646,-0.576341,-0.41773,1.0848,1.90543,-1.4887,-0.156089,-0.793087,-9.45894,
159,-0.00189992,0.227565,0.361064,1.35016,-0.0288396,0.00329645,-0.581107,-0.493108,1.1134,1.83568,-1.36366,-0.187107,-0.402607,-9.39284,
160,-0.000959832,0.179777,0.577202,1.3645,-0.0392394,0.00166535,-0.583166,-0.565933,1.14814,1.75005,-1.23574,-0.220796,-0.112847,-8.81386,
161,0.000130452,0.139011,0.696416,1.37813,-0.048652,-0.00022634,-0.583231,-0.632863,1.18401,1.65856,-1.1157,-0.252791,0.0939176,-7.92127,
162,0.00136412,0.105943,0.762048,1.39102,-0.0571314,-0.0023668,-0.581928,-0.691988,1.21926,1.56473,-1.00589,-0.281542,0.234076,-6.85777,
163,0.00271643,0.0823968,0.800669,1.40316,-0.0647922,-0.00471313,-0.579683,-0.742207,1.25164,1.47012,-0.909081,-0.305152,0.326422,-5.69805,
164,0.00416923,0.0636302,0.823469,1.41454,-0.0717079,-0.00723384,-0.576847,-0.782943,1.2829,1.376,-0.819707,-0.325105,0.382139,-4.48741,
165,0.00575749,0.0176615,0.809711,1.42509,-0.0777072,-0.00998963,-0.573963,-0.807494,1.33846,1.26435,-0.686503,-0.361338,0.346607,-1.83549,
166,0.00745435,0.0142316,0.800144,1.43481,-0.0829009,-0.012934,-0.571392,-0.81577,1.36736,1.16694,-0.616868,-0.372781,0.302186,-0.373245,
167,0.00918333,0.0162335,0.795091,1.44377,-0.0875966,-0.0159341,-0.569121,-0.814043,1.39089,1.07349,-0.557126,-0.37722,0.265782,0.803611,
168,0.0109265,0.0158239,0.791669,1.45198,-0.0918051,-0.0189591,-0.567126,-0.802966,1.41442,0.980277,-0.495093,-0.378966,0.233156,1.96404,
169,0.0126705,0.0144398,0.789081,1.45945,-0.0955134,-0.0219856,-0.565388,-0.782662,1.43748,0.886523,-0.432132,-0.377573,0.201659,3.11048,
170,0.0144002,0.0129651,0.787118,1.46616,-0.098717,-0.0249875,-0.563901,-0.753238,1.4598,0.791613,-0.368996,-0.372779,0.170558,4.24406,
171,0.0160995,0.0119822,0.785947,1.47211,-0.101416,-0.0279369,-0.562659,-0.714793,1.48119,0.695063,-0.30613,-0.364446,0.140269,5.36553,
172,0.0177521,0.0119188,0.785986,1.47728,-0.103615,-0.0308055,-0.561653,-0.667421,1.50153,0.596495,-0.243844,-0.35252,0.111948,6.47584,
173,0.0193415,0.0131305,0.787824,1.48165,-0.105318,-0.0335644,-0.560859,-0.611205,1.52075,0.495637,-0.182415,-0.337015,0.0872651,7.57647,
174,0.0208512,0.0159503,0.792149,1.4852,-0.106533,-0.0361855,-0.56024,-0.546214,1.53879,0.392325,-0.122158,-0.318001,0.0683,8.66973,
175,0.0222655,0.0207165,0.799671,1.48792,-0.107272,-0.0386411,-0.55974,-0.472492,1.55565,0.286523,-0.063464,-0.295602,0.0575067,9.75893,
176,0.0235692,0.02779,0.811016,1.48978,-0.107548,-0.0409048,-0.559283,-0.390056,1.57134,0.178343,-0.0068426,-0.26999,0.0577115,10,
177,0.0247479,0.0375634,0.826579,1.49077,-0.107381,-0.0429518,-0.558767,-0.298882,1.5859,0.0680847,0.0470482,-0.241384,0.0721369,10,
178,0.0257887,0.0504586,0.846344,1.49087,-0.106795,-0.0447593,-0.558065,-0.198904,1.59938,-0.0437107,0.0973681,-0.210053,0.104432,10,
179,0.0266797,0.0669072,0.869693,1.49007,-0.105824,-0.0463067,-0.557017,-0.0900077,1.6119,-0.156181,0.14307,-0.176316,0.158689,10,
180,0.0274106,0.0872966,0.895295,1.48837,-0.104508,-0.0475763,-0.555428,0.0279649,1.62358,-0.268041,0.182899,-0.140556,0.239407,10,
181,0.0279733,0.111864,0.921156,1.48579,-0.102901,-0.0485538,-0.553069,0.155205,1.63464,-0.377456,0.215438,-0.103244,0.351344,10,
182,0.028362,0.140525,0.944971,1.48235,-0.101066,-0.049229,-0.549669,0.291922,1.64539,-0.481926,0.239251,-0.064976,0.499157,10,
183,0.0285739,0.172628,0.964727,1.4781,-0.0990792,-0.0495971,-0.544926,0.438319,1.65635,-0.578201,0.253135,-0.026537,0.686744,10,
184,0.0286106,0.206685,0.979336,1.47313,-0.0970224,-0.0496608,-0.538513,0.594571,1.66829,-0.662314,0.256536,0.0110253,0.916179,10,
185,0.028479,0.240115,0.988907,1.46755,-0.0949787,-0.0494322,-0.530099,0.760809,1.68237,-0.729769,0.250086,0.0463261,1.18626,10,
186,0.0281182,0.0298371,0.997011,1.46236,-0.0925451,-0.0488054,-0.518464,0.896428,1.61258,-0.533529,0.400933,0.112873,1.75888,10,
187,0.0274373,-0.112793,0.998382,1.45854,-0.0888371,-0.0476227,-0.503478,0.94713,1.55491,-0.444804,0.523944,0.178922,1.96702,2.85853,
188,0.0264579,-0.131136,0.998462,1.45497,-0.0845213,-0.0459215,-0.488003,0.952729,1.5135,-0.457101,0.54949,0.244637,1.89033,-0.96925,
189,0.0251938,-0.0975281,0.998267,1.4511,-0.0801629,-0.043726,-0.473464,0.93746,1.4867,-0.515755,0.536245,0.30331,1.73835,-2.58354,
190,0.0236831,-0.0518802,0.998063,1.44667,-0.0759276,-0.0411027,-0.460079,0.914473,1.4725,-0.594982,0.52055,0.352009,1.60496,-3.0281,
191,0.0219712,-0.011639,0.997978,1.44156,-0.0717735,-0.0381301,-0.447573,0.890517,1.46792,-0.682522,0.51709,0.390846,1.52003,-2.89886,
192,0.0200999,0.0182951,0.998039,1.43574,-0.0675912,-0.0348811,-0.435555,0.868728,1.46986,-0.772562,0.528205,0.421266,1.48382,-2.52587,
193,0.0181039,0.0386478,0.998206,1.4292,-0.0632737,-0.0314162,-0.423674,0.850279,1.47575,-0.86246,0.551172,0.44491,1.48649,-2.08389,
194,0.0160115,0.0518568,0.998427,1.42195,-0.0587406,-0.0277841,-0.41166,0.835336,1.48377,-0.951155,0.582171,0.463112,1.51711,-1.65892,
195,0.0138454,0.060364,0.998657,1.41399,-0.0539408,-0.0240246,-0.399324,0.823591,1.49273,-1.03837,0.617891,0.476783,1.56689,-1.28777,
196,0.0116253,0.0660743,0.998872,1.40534,-0.0488459,-0.0201717,-0.386539,0.814559,1.50197,-1.12419,0.655943,0.486474,1.62975,-0.981101,
197,0.00936887,0.0703044,0.999063,1.39601,-0.0434433,-0.0162561,-0.373213,0.807727,1.51115,-1.20887,0.694792,0.49248,1.70184,-0.73673,
198,0.0070928,0.0738912,0.999227,1.386,-0.0377303,-0.0123066,-0.359282,0.802625,1.52013,-1.29268,0.733543,0.494931,1.78095,-0.546896,
199,0.00481341,0.0773273,0.999365,1.37532,-0.0317093,-0.00835155,-0.344695,0.798856,1.52892,-1.37592,0.771745,0.493871,1.86594,-0.40219,
200,0.00254691,0.0808757,0.999481,1.36399,-0.0253856,-0.00441901,-0.329406,0.796094,1.53756,-1.45884,0.809223,0.489308,1.95637,-0.293482,
201,0.000309485,0.0846551,0.999578,1.35198,-0.0187649,-0.000536969,-0.313372,0.794086,1.54612,-1.54166,0.845968,0.481242,2.05213,-0.21276,
202,-0.00142184,0.234986,0.999474,1.33931,-0.0124982,0.00246696,-0.29649,0.792634,1.54394,-1.62575,0.693016,0.235471,2.17098,-0.153342,
203,-0.00205957,0.269655,0.99962,1.32599,-0.00704084,0.00357343,-0.277848,0.791588,1.56249,-1.70495,0.686987,0.0606861,2.48799,-0.110233,
204,-0.00211752,0.235928,0.999792,1.31203,-0.00123432,0.00367399,-0.256515,0.790838,1.58882,-1.78479,0.773395,-0.024563,2.84396,-0.078964,
205,-0.00190834,0.188476,0.999887,1.29743,0.00535609,0.00331105,-0.232542,0.790302,1.613,-1.86799,0.878147,-0.0611531,3.14878,-0.0563044,
206,-0.00157701,0.154084,0.999934,1.28214,0.0127329,0.00273617,-0.2064,0.789921,1.63195,-1.95474,0.965982,-0.0825083,3.38635,-0.039949,
207,-0.000965234,-0.200773,0.999788,1.26654,0.0213096,0.00167472,-0.179733,0.789452,1.87533,-1.8228,1.32987,-0.275634,2.94951,-0.112174,
208,0.00088104,-0.504659,0.996276,1.25345,0.0330035,-0.00152864,-0.161372,0.788638,2.19131,-1.45793,1.54068,-0.501845,1.71717,-0.088124,
209,0.00340016,-0.512778,0.945483,1.24305,0.0446822,-0.00589944,-0.152886,0.78807,2.3393,-1.15116,1.35479,-0.578525,0.44805,-0.0541673,
210,0.00612021,-0.43461,0.575306,1.23485,0.0544165,-0.010619,-0.153704,0.787745,2.41739,-0.909244,1.06883,-0.594593,-0.626386,-0.0279589,
211,0.00884979,-0.326461,-0.240556,1.22832,0.0618795,-0.0153553,-0.16216,0.787521,2.46394,-0.734993,0.793914,-0.585523,-1.47034,-0.0264128,
212,0.011477,-0.209165,-0.688069,1.22291,0.0673095,-0.0199143,-0.176183,0.785021,2.47435,-0.630491,0.563811,-0.551572,-2.02287,-0.580045,
213,0.0139044,-0.101835,-0.816258,1.21806,0.0711476,-0.024127,-0.193482,0.776061,2.45487,-0.593743,0.397408,-0.49934,-2.29111,-1.64266,
214,0.0160825,-0.027815,-0.845387,1.21326,0.0739636,-0.0279073,-0.212087,0.75821,2.42698,-0.613948,0.311889,-0.445383,-2.35581,-2.8108,
215,0.0180272,0.00229449,-0.84376,1.20816,0.0763922,-0.031283,-0.230765,0.73096,2.40692,-0.662997,0.300273,-0.399852,-2.31683,-4.00274,
216,0.01978,0.00275548,-0.835222,1.20262,0.0789138,-0.0343258,-0.249036,0.694162,2.3964,-0.723388,0.332924,-0.361586,-2.2526,-5.19666,
217,0.0213541,0.0022021,-0.824769,1.19659,0.0817192,-0.0370586,-0.266809,0.647881,2.38662,-0.784649,0.367025,-0.321446,-2.19036,-6.372,
218,0.0227353,0.00641859,-0.811004,1.19007,0.0847678,-0.0394567,-0.284083,0.592291,2.37596,-0.843848,0.393539,-0.277877,-2.12785,-7.52425,
219,0.0239092,0.0147081,-0.791144,1.18309,0.0880035,-0.0414953,-0.300829,0.527592,2.36473,-0.901355,0.41364,-0.231517,-2.05821,-8.64925,
220,0.0248646,0.0265814,-0.76169,1.17565,0.0913791,-0.0431544,-0.316966,0.454036,2.35318,-0.957842,0.428407,-0.182996,-1.9757,-9.7389,
221,0.0255762,-0.143118,-0.602342,1.16805,0.0949531,-0.0443902,-0.332165,0.372907,2.32197,-0.764661,0.523509,-0.107812,-1.69544,-9.95534,
222,0.0257477,-0.558954,-0.211184,1.16479,0.0999325,-0.044688,-0.344119,0.300307,2.24416,-0.0739589,0.717524,0.0289329,-1.31649,-8.2759,
223,0.0252427,-0.678754,-0.395931,1.16632,0.105438,-0.043811,-0.355939,0.241273,2.14263,0.434254,0.651618,0.1872,-1.65727,-6.56313,
224,0.0239988,-0.704309,-0.689196,1.17148,0.109937,-0.0416509,-0.371425,0.193305,2.03255,0.837915,0.464576,0.350999,-2.22718,-5.49346,
225,0.021997,-0.679899,-0.870565,1.17959,0.112627,-0.0381749,-0.391731,0.151079,1.91549,1.17466,0.198791,0.51722,-2.85757,-5.11111,
226,0.019238,-0.612606,-0.948472,1.19015,0.112991,-0.0333849,-0.417031,0.109974,1.7951,1.45349,-0.11646,0.680163,-3.47225,-5.20086,
227,0.0157515,-0.502245,-0.977409,1.20271,0.11075,-0.0273329,-0.446956,0.0669509,1.67605,1.6772,-0.452086,0.833179,-4.01158,-5.5826,
228,0.0115974,-0.355681,-0.987614,1.21686,0.105857,-0.0201233,-0.480658,0.0200645,1.56339,1.85036,-0.778695,0.969817,-4.41502,-6.16087,
229,0.00686344,-0.192767,-0.990606,1.23221,0.0984856,-0.0119086,-0.516844,-0.0320571,1.46188,1.97923,-1.07085,1.0846,-4.63154,-6.887,
230,0.00165711,-0.0370342,-0.989662,1.24843,0.0889688,-0.00287515,-0.553922,-0.0904718,1.37417,2.07046,-1.31409,1.17459,-4.63748,-7.73068,
231,-0.00288143,0.45007,-0.994389,1.26525,0.0762373,0.00499941,-0.590069,-0.155969,1.2684,2.12809,-1.99342,0.647688,-4.38512,-8.64995,
232,-0.00470587,0.618653,-0.98821,1.2825,0.0588858,0.00816495,-0.621718,-0.229319,1.23944,2.18067,-2.30455,0.19348,-3.53472,-9.69799,
233,-0.0050119,0.625867,-0.944266,1.30013,0.0402905,0.00869595,-0.645879,-0.311338,1.24833,2.22364,-2.32186,-0.0325073,-2.51045,-10,
234,-0.00460036,0.580241,-0.700319,1.31803,0.0220558,0.0079819,-0.661934,-0.402244,1.26596,2.24929,-2.22339,-0.130642,-1.50715,-10,
235,-0.00389903,0.498016,-0.00524074,1.33601,0.00493353,0.00676503,-0.670424,-0.500806,1.2956,2.24554,-2.0524,-0.171488,-0.618848,-10,
236,-0.00296673,0.38372,0.558103,1.3537,-0.0105282,0.00514741,-0.672682,-0.602453,1.35513,2.17797,-1.812,-0.233078,0.0528018,-10,
237,-0.00175987,0.278326,0.796044,1.37077,-0.024149,0.00305345,-0.670323,-0.700383,1.4138,2.09092,-1.59218,-0.290693,0.535353,-10,
238,-0.000308157,0.187088,0.881473,1.38712,-0.0361449,0.000534665,-0.664743,-0.789859,1.47167,1.99125,-1.39467,-0.343622,0.844681,-10,
239,0.00154669,0.0123222,0.857757,1.40237,-0.0458812,-0.00268358,-0.658198,-0.844395,1.60367,1.83385,-1.06337,-0.452362,0.816389,-4.02063,
240,0.00374065,-0.0257968,0.817967,1.41653,-0.0538023,-0.00649021,-0.652252,-0.862122,1.66216,1.71076,-0.930864,-0.494008,0.686034,-0.78249,
241,0.00604589,-0.0109496,0.78999,1.42979,-0.0610107,-0.01049,-0.64722,-0.86139,1.68627,1.60726,-0.878147,-0.503288,0.580336,0.78207,
242,0.00837051,0.00463152,0.776248,1.44226,-0.0678458,-0.0145237,-0.64285,-0.850505,1.70524,1.51026,-0.830745,-0.505053,0.512493,1.93772,
243,0.0106983,0.0119857,0.771288,1.45396,-0.074265,-0.018563,-0.638933,-0.830496,1.72572,1.41451,-0.774212,-0.504688,0.467105,3.06317,
244,0.0130169,0.0147947,0.771848,1.46489,-0.0802109,-0.0225867,-0.635332,-0.80155,1.7466,1.31861,-0.712434,-0.501135,0.433551,4.17189,
245,0.0153102,0.0153561,0.775904,1.47505,-0.0856507,-0.0265669,-0.631975,-0.763767,1.76722,1.22158,-0.647773,-0.493762,0.406192,5.27215,
246,0.0175597,0.0151687,0.782425,1.48443,-0.0905672,-0.0304715,-0.628823,-0.717196,1.78714,1.12273,-0.581722,-0.482203,0.382505,6.36901,
247,0.0197457,0.0152726,0.791051,1.49301,-0.0949533,-0.0342662,-0.625848,-0.66185,1.80608,1.02154,-0.51531,-0.466266,0.361978,7.46585,
248,0.0218478,0.0164517,0.80183,1.50077,-0.0988091,-0.0379159,-0.623021,-0.597719,1.82388,0.917705,-0.44933,-0.44589,0.345475,8.56538,
249,0.0238457,0.0193567,0.815008,1.50769,-0.102141,-0.0413851,-0.620304,-0.524769,1.84042,0.811048,-0.384497,-0.42111,0.334864,9.67031,
250,0.0257195,0.024579,0.830855,1.51374,-0.10496,-0.0446391,-0.617637,-0.442946,1.85567,0.701582,-0.321551,-0.392048,0.332822,10,
251,0.0274498,0.0326937,0.849488,1.5189,-0.107285,-0.0476445,-0.614939,-0.352169,1.8696,0.589529,-0.261337,-0.358898,0.342737,10,
252,0.0290186,0.0442766,0.870693,1.52317,-0.109142,-0.0503697,-0.612098,-0.252329,1.88228,0.475382,-0.204853,-0.321929,0.36866,10,
253,0.0304091,0.059892,0.893772,1.52651,-0.110565,-0.0527854,-0.608967,-0.14329,1.89377,0.359983,-0.1533,-0.281486,0.41527,10,
254,0.0316064,0.0800415,0.917472,1.52893,-0.111598,-0.0548657,-0.605359,-0.0248934,1.90424,0.244634,-0.108078,-0.238008,0.487794,10,
255,0.0325977,0.105057,0.940102,1.53043,-0.112298,-0.0565883,-0.601044,0.103035,1.91389,0.131212,-0.0707466,-0.192046,0.591821,10,
256,0.0333733,0.134923,0.959879,1.53104,-0.112736,-0.0579362,-0.595748,0.240669,1.9231,0.0222932,-0.0428822,-0.144315,0.732904,10,
257,0.0339271,0.169032,0.975459,1.53081,-0.112992,-0.0588988,-0.589155,0.388161,1.9324,-0.0787793,-0.0258191,-0.0957467,0.915857,10,
258,0.034258,0.205901,0.986379,1.52981,-0.113156,-0.0594738,-0.580916,0.545634,1.94262,-0.167914,-0.0202454,-0.0475632,1.14366,10,
259,0.034371,0.242919,0.993134,1.52817,-0.113321,-0.0596703,-0.570672,0.713171,1.95494,-0.240442,-0.0256585,-0.0013458,1.41598,10,
260,0.0342428,0.118471,0.997955,1.52647,-0.113386,-0.0594475,-0.557652,0.870612,1.90342,-0.102284,0.054226,0.0673333,1.91933,10,
261,0.033758,-0.072641,0.999215,1.5263,-0.11233,-0.0586048,-0.540784,0.940239,1.84058,0.0337853,0.21366,0.138453,2.27409,4.50463,
262,0.032947,-0.123732,0.999394,1.52665,-0.110371,-0.0571954,-0.522568,0.955089,1.79617,0.0419288,0.27161,0.21185,2.26715,-0.214974,
263,0.0318099,-0.105942,0.999393,1.52681,-0.10816,-0.0552194,-0.504936,0.943719,1.7664,-0.00970273,0.277139,0.281095,2.13377,-2.31185,
264,0.0303747,-0.0662864,0.999369,1.52643,-0.105958,-0.0527256,-0.488414,0.921804,1.74948,-0.0881785,0.271103,0.341752,1.99308,-3.00269,
265,0.0286824,-0.0271578,0.999376,1.52537,-0.103778,-0.0497856,-0.472875,0.897533,1.74268,-0.177779,0.272738,0.392913,1.88988,-2.98684,
266,0.0267744,0.00362585,0.999424,1.52358,-0.101537,-0.0464712,-0.457984,0.874841,1.74294,-0.271032,0.287168,0.435489,1.83223,-2.65523,
267,0.0246866,0.0253644,0.999498,1.52103,-0.0991354,-0.0428454,-0.443399,0.855323,1.74759,-0.364511,0.312985,0.470894,1.81367,-2.21778,
268,0.0224493,0.039937,0.999582,1.51775,-0.0964962,-0.0389601,-0.428847,0.839351,1.75468,-0.456802,0.346843,0.500379,1.82449,-1.78031,
269,0.0200873,0.0496347,0.999663,1.51373,-0.0935669,-0.0348594,-0.414125,0.826708,1.76292,-0.547476,0.385528,0.524823,1.85616,-1.39035,
270,0.0176229,0.0563708,0.999733,1.50899,-0.0903186,-0.0305812,-0.399091,0.816934,1.77157,-0.636575,0.426609,0.544751,1.90251,-1.0641,
271,0.0150761,0.0615164,0.999792,1.50355,-0.0867385,-0.0261606,-0.383644,0.809511,1.78022,-0.724336,0.468478,0.560424,1.95956,-0.801923,
272,0.0124663,0.065966,0.999839,1.49741,-0.082824,-0.0216313,-0.367706,0.803951,1.78874,-0.811056,0.510178,0.571929,2.02499,-0.597013,
273,0.00981293,0.0702586,0.999877,1.49058,-0.0785786,-0.0170266,-0.351216,0.799831,1.79711,-0.897037,0.551208,0.579262,2.09762,-0.440096,
274,0.00713523,0.0746905,0.999907,1.48306,-0.0740084,-0.0123802,-0.334118,0.796806,1.8054,-0.98255,0.591364,0.582375,2.17696,-0.321789,
275,0.00445286,0.0794023,0.99993,1.47486,-0.0691204,-0.00772597,-0.316359,0.794602,1.81367,-1.06784,0.630619,0.581218,2.26296,-0.233685,
276,0.00178566,0.0844402,0.999948,1.46597,-0.0639217,-0.00309819,-0.297884,0.793006,1.82204,-1.1531,0.669049,0.575757,2.35576,-0.168723,
277,-0.00076658,0.1647,0.999952,1.4564,-0.0585302,0.00133005,-0.278627,0.791856,1.82517,-1.23937,0.610989,0.447314,2.46456,-0.121191,
278,-0.00210006,0.301333,0.999954,1.44615,-0.0542898,0.0036437,-0.257985,0.791032,1.83024,-1.32413,0.473462,0.161393,2.69368,-0.0867748,
279,-0.00246643,0.292405,0.999977,1.43523,-0.0503323,0.00427936,-0.234816,0.790441,1.85732,-1.40525,0.529766,0.0148679,3.09681,-0.0621285,
280,-0.00235752,0.241789,0.99999,1.42366,-0.0456689,0.00409041,-0.208505,0.790019,1.88671,-1.4894,0.643637,-0.0525328,3.47976,-0.0443287,
281,-0.00204199,0.191963,0.999996,1.41139,-0.0400747,0.00354294,-0.179429,0.789719,1.91172,-1.57803,0.756219,-0.0825141,3.78882,-0.0314667,
282,-0.00161214,0.160843,0.999998,1.3984,-0.0336707,0.00279713,-0.148164,0.789506,1.93118,-1.67064,0.844629,-0.103888,4.02731,-0.0222122,
283,-0.00109377,0.142906,0.999999,1.38465,-0.026625,0.00189773,-0.115169,0.789357,1.94713,-1.76626,0.916618,-0.120924,4.22116,-0.0156082,
284,-0.000503636,0.133005,1,1.37013,-0.0190421,0.000873828,-0.0807287,0.789252,1.96106,-1.8643,0.978916,-0.135027,4.38849,-0.0109303,
285,0.000146668,0.127962,1,1.35482,-0.0109832,-0.000254474,-0.0450124,0.789178,1.97386,-1.96445,1.0356,-0.147031,4.54028,-0.00763717,
286,0.000848599,0.125882,1,1.33869,-0.00248343,-0.00147235,-0.00811742,0.789127,1.9861,-2.06658,1.0891,-0.157426,4.68312,-0.00533072,
287,0.00120523,0.687404,0.999997,1.32184,0.00329508,-0.00209112,0.0214879,0.789104,1.79691,-2.1385,0.218124,0.0321755,2.35053,-0.000311532,
288,0.000711059,0.86314,0.999915,1.30448,0.0022846,-0.00123372,0.0329092,0.789109,1.68893,-2.17654,-0.343189,0.144362,0.684772,-0.0229197,
289,0.000903046,0.460178,0.998522,1.28918,0.00266532,-0.00156682,0.0345542,0.787894,2.11467,-1.6606,0.368117,-0.198256,-0.161988,-0.171236,
290,0.00233098,-0.0306198,0.992656,1.27772,0.00732534,-0.00404434,0.0315454,0.786871,2.38132,-1.21561,0.762531,-0.405482,-0.528993,-0.0890355,
291,0.00444336,-0.272349,0.967418,1.26952,0.0138408,-0.00770948,0.0253958,0.786406,2.52585,-0.848858,0.848064,-0.502253,-0.979697,-0.031486,
292,0.00681808,-0.308527,0.833736,1.26393,0.0201349,-0.0118299,0.0149877,0.78631,2.58894,-0.56157,0.716887,-0.523109,-1.60485,0.00460699,
293,0.00921325,-0.271077,0.388505,1.26032,0.025147,-0.015986,-0.000240977,0.786407,2.61878,-0.352577,0.532751,-0.513144,-2.19097,0.018436,
294,0.0115313,-0.207394,-0.257338,1.25809,0.0287259,-0.0200087,-0.0197129,0.786488,2.63443,-0.217744,0.361362,-0.490773,-2.6691,0.00425021,
295,0.0137018,-0.126849,-0.621392,1.25664,0.0310362,-0.0237754,-0.0422692,0.784446,2.62435,-0.156885,0.216777,-0.449551,-2.9635,-0.500065,
296,0.0156505,-0.0455799,-0.747335,1.25539,0.0323605,-0.0271576,-0.0663987,0.776735,2.5937,-0.163995,0.115674,-0.394742,-3.06279,-1.41365,
297,0.0173495,0.00552738,-0.783636,1.25389,0.0331318,-0.0301065,-0.0907538,0.761232,2.56428,-0.216113,0.0813845,-0.343237,-3.0271,-2.45948,
298,0.0188326,0.0194038,-0.792557,1.25192,0.0338459,-0.0326811,-0.114598,0.737144,2.5471,-0.278632,0.100611,-0.301575,-2.93728,-3.5637,
299,0.020137,0.0135194,-0.795954,1.24942,0.03483,-0.0349456,-0.137719,0.704141,2.53787,-0.346374,0.147666,-0.265312,-2.84512,-4.68746,
300,0.0212724,0.00831164,-0.797657,1.24638,0.0361975,-0.0369168,-0.160158,0.662141,2.52894,-0.413499,0.193007,-0.227329,-2.76435,-5.81123,
301,0.0222252,0.00876843,-0.795916,1.24281,0.0378916,-0.0385711,-0.181974,0.611173,2.5184,-0.477848,0.229088,-0.186053,-2.68925,-6.92944,
302,0.0229819,0.0139832,-0.788527,1.23874,0.0398439,-0.039885,-0.203179,0.5513,2.50669,-0.539756,0.257348,-0.1422,-2.61174,-8.03765,
303,0.0235322,0.023416,-0.773022,1.23418,0.0419959,-0.0408406,-0.223729,0.482632,2.49417,-0.599795,0.278883,-0.0964294,-2.52516,-9.12829,
304,0.0238688,0.0366167,-0.746055,1.22914,0.0442983,-0.0414251,-0.243526,0.405353,2.48118,-0.65882,0.294837,-0.0494172,-2.4238,-10,
305,0.0239877,0.0530262,-0.702759,1.22364,0.0467117,-0.0416316,-0.262435,0.319756,2.46812,-0.718017,0.306665,-0.00190845,-2.30284,-10,
306,0.0238886,0.0718218,-0.636222,1.21765,0.0492107,-0.0414595,-0.280283,0.226288,2.45546,-0.778923,0.316344,0.0452317,-2.15872,-10,
307,0.023418,-0.384607,0.0191705,1.21345,0.0524157,-0.0406423,-0.295132,0.132855,2.34712,-0.13636,0.529199,0.171902,-1.46141,-10,
308,0.0222699,-0.616993,0.108671,1.2149,0.0567693,-0.0386488,-0.306829,0.0560838,2.22175,0.470236,0.55629,0.320559,-1.49271,-8.51145,
309,0.0204455,-0.677793,-0.255417,1.2205,0.0607071,-0.0354812,-0.320672,-0.00424619,2.10122,0.9062,0.421204,0.467775,-1.98869,-6.65548,
310,0.0179408,-0.665572,-0.640572,1.22919,0.0631642,-0.0311329,-0.339024,-0.0533125,1.97585,1.24679,0.184529,0.617591,-2.61176,-5.67286,
311,0.0147433,-0.600309,-0.847859,1.24034,0.0634508,-0.0255829,-0.362336,-0.0977354,1.84294,1.52491,-0.121691,0.769439,-3.22269,-5.47582,
312,0.0108624,-0.485009,-0.931046,1.25347,0.0611614,-0.0188477,-0.390213,-0.142565,1.70937,1.74458,-0.459032,0.914567,-3.74998,-5.76263,
313,0.00634993,-0.329264,-0.960844,1.26812,0.0562021,-0.0110176,-0.42173,-0.190843,1.58328,1.90741,-0.788334,1.04352,-4.13038,-6.33068,
314,0.0012968,-0.157696,-0.968742,1.28386,0.0487643,-0.00224999,-0.455493,-0.244423,1.47104,2.01848,-1.07756,1.1491,-4.31038,-7.08274,
315,-0.00293853,0.400807,-0.988242,1.30029,0.0374506,0.00509849,-0.489599,-0.304499,1.3405,2.08117,-1.83992,0.587995,-4.20515,-7.94755,
316,-0.00457549,0.570056,-0.976654,1.31715,0.0214299,0.00793873,-0.520041,-0.372229,1.2994,2.12816,-2.13029,0.168361,-3.41144,-8.99807,
317,-0.00481245,0.576023,-0.89962,1.3343,0.00427515,0.00834989,-0.543433,-0.448686,1.29637,2.15669,-2.13702,-0.0393846,-2.44184,-10,
318,-0.00439227,0.527223,-0.548025,1.35158,-0.012441,0.00762084,-0.55919,-0.533984,1.30539,2.16087,-2.02952,-0.128642,-1.50099,-10,
319,-0.00370301,0.436688,0.159883,1.36875,-0.0279427,0.00642491,-0.567979,-0.626201,1.33534,2.13077,-1.84216,-0.169778,-0.700188,-10,
320,-0.00278751,0.327606,0.613501,1.38549,-0.0417823,0.00483646,-0.571244,-0.719901,1.39106,2.05514,-1.61701,-0.227472,-0.117445,-10,
321,-0.00159766,0.192078,0.753099,1.40154,-0.0538464,0.00277201,-0.570672,-0.806183,1.48222,1.93881,-1.34722,-0.309554,0.194288,-8.55111,
322,7.95888e-05,0.0415639,0.729284,1.41644,-0.0633801,-0.00013809,-0.569167,-0.850575,1.60353,1.79665,-1.05587,-0.410207,0.205305,-3.12083,
323,0.00207796,0.00601094,0.690614,1.43035,-0.0712893,-0.00360535,-0.567869,-0.863127,1.65927,1.68412,-0.932982,-0.451919,0.133652,-0.344453,
324,0.00419683,0.0155439,0.673775,1.44343,-0.0785111,-0.00728173,-0.567036,-0.860012,1.6841,1.58808,-0.878022,-0.464892,0.0817013,0.966698,
325,0.00635458,0.0258063,0.674624,1.45577,-0.0853325,-0.0110257,-0.56648,-0.848347,1.70426,1.49685,-0.827397,-0.471032,0.0574111,1.9482,
326,0.0085354,0.0295801,0.68374,1.46738,-0.0917193,-0.0148098,-0.566062,-0.828859,1.7256,1.40611,-0.769406,-0.474922,0.0474501,2.92269,
327,0.010727,0.0298048,0.696614,1.47826,-0.097625,-0.0186129,-0.565701,-0.801552,1.74733,1.31477,-0.707173,-0.475746,0.0432386,3.9026,
328,0.012914,0.0283553,0.710905,1.48841,-0.103023,-0.0224082,-0.565368,-0.766363,1.76895,1.22208,-0.642642,-0.472974,0.0403908,4.89344,
329,0.0150791,0.0264656,0.725658,1.49781,-0.107901,-0.0261658,-0.565059,-0.723195,1.7901,1.12747,-0.577056,-0.466275,0.0371639,5.89707,
330,0.0172037,0.024988,0.740731,1.50645,-0.112252,-0.0298535,-0.564779,-0.671946,1.81053,1.03053,-0.511252,-0.455456,0.0335161,6.91383,
331,0.0192685,0.0245575,0.756426,1.51429,-0.116079,-0.0334379,-0.564526,-0.612509,1.8301,0.930973,-0.44586,-0.440432,0.0305443,7.94374,
332,0.0212543,0.0256957,0.773257,1.52133,-0.119385,-0.0368854,-0.564286,-0.544779,1.84869,0.82863,-0.381431,-0.421203,0.0301624,8.98722,
333,0.0231419,0.028877,0.791781,1.52754,-0.122181,-0.0401628,-0.564029,-0.468642,1.86622,0.723467,-0.318534,-0.39784,0.0349298,10,
334,0.0249124,0.034568,0.812451,1.5329,-0.124481,-0.0432375,-0.563701,-0.383973,1.88267,0.615614,-0.257819,-0.370478,0.0479727,10,
335,0.0265481,0.0432479,0.835464,1.53739,-0.126306,-0.0460783,-0.563221,-0.290628,1.89803,0.50541,-0.200078,-0.339315,0.0729588,10,
336,0.028032,0.0554083,0.860595,1.54098,-0.127683,-0.0486558,-0.562477,-0.188443,1.91232,0.393474,-0.146282,-0.304611,0.114091,10,
337,0.0293487,0.0715255,0.887065,1.54368,-0.128648,-0.0509431,-0.561321,-0.077229,1.92559,0.280788,-0.0976064,-0.266695,0.176085,10,
338,0.0304843,0.0919923,0.913502,1.54548,-0.129248,-0.052916,-0.559564,0.0432198,1.93794,0.168817,-0.0554199,-0.225985,0.264079,10,
339,0.0314272,0.116992,0.938118,1.54639,-0.129539,-0.0545544,-0.556978,0.173117,1.94954,0.0596282,-0.0212113,-0.183015,0.383406,10,
340,0.0321686,0.146305,0.959125,1.54645,-0.129593,-0.0558427,-0.55329,0.312668,1.96067,-0.044003,0.00357987,-0.138485,0.539125,10,
341,0.0327034,0.179058,0.975301,1.54571,-0.129489,-0.056772,-0.548193,0.462052,1.97183,-0.138543,0.0178618,-0.0933253,0.73523,10,
342,0.0330313,0.213455,0.986403,1.54427,-0.129314,-0.0573418,-0.541356,0.621408,1.98378,-0.219769,0.0213266,-0.0487713,0.973452,10,
343,0.0331586,0.234881,0.993431,1.54225,-0.129151,-0.057563,-0.53245,0.790828,1.9908,-0.265691,0.0202518,-0.00351513,1.26969,10,
344,0.0329811,-0.023001,0.998436,1.54118,-0.128278,-0.0572546,-0.519752,0.903465,1.90107,-0.037722,0.213824,0.0723105,1.87083,8.431,
345,0.0324703,-0.124449,0.99903,1.54116,-0.126181,-0.0563669,-0.504289,0.941632,1.84389,0.0171594,0.307343,0.146522,1.97749,1.85672,
346,0.0316258,-0.126926,0.999078,1.54122,-0.123636,-0.0548995,-0.488865,0.942198,1.80488,-0.0109879,0.324305,0.218878,1.86913,-1.29839,
347,0.0304669,-0.090964,0.999019,1.54089,-0.121066,-0.0528858,-0.474509,0.925811,1.78098,-0.0771327,0.314883,0.283747,1.71471,-2.57474,
348,0.0290319,-0.0484542,0.998981,1.53995,-0.11857,-0.0503927,-0.461294,0.903589,1.76918,-0.15985,0.307538,0.33909,1.5864,-2.86843,
349,0.0273632,-0.0125682,0.999008,1.53832,-0.116086,-0.047494,-0.448925,0.881159,1.76615,-0.248917,0.312645,0.385329,1.50466,-2.68875,
350,0.0254994,0.0136287,0.999095,1.53596,-0.113511,-0.0442568,-0.437037,0.861073,1.76883,-0.33953,0.330881,0.423844,1.46699,-2.31592,
351,0.0234725,0.0313481,0.999216,1.53289,-0.110751,-0.040737,-0.425314,0.844221,1.77485,-0.429564,0.359255,0.456055,1.46372,-1.89682,
352,0.0213091,0.0429484,0.999344,1.5291,-0.107737,-0.0369805,-0.413519,0.830654,1.78257,-0.518224,0.394219,0.483051,1.48508,-1.50245,
353,0.0190314,0.050633,0.999463,1.5246,-0.104429,-0.0330262,-0.401486,0.820036,1.791,-0.605355,0.432847,0.505529,1.52352,-1.16205,
354,0.0166594,0.0560715,0.999567,1.51941,-0.100806,-0.0289087,-0.389097,0.811897,1.79957,-0.691097,0.473082,0.523872,1.57391,-0.882861,
355,0.0142117,0.0603967,0.999654,1.51355,-0.0968591,-0.0246604,-0.376269,0.805756,1.80804,-0.7757,0.513633,0.538242,1.63313,-0.661514,
356,0.0117066,0.0643162,0.999726,1.50701,-0.0925897,-0.0203128,-0.36294,0.801179,1.81632,-0.859439,0.553766,0.548671,1.69946,-0.490201,
357,0.00916238,0.0682376,0.999784,1.4998,-0.0880023,-0.0158977,-0.349054,0.797803,1.82446,-0.942571,0.593125,0.555125,1.77211,-0.35998,
358,0.00659751,0.0723704,0.99983,1.49193,-0.0831035,-0.0114472,-0.334562,0.795333,1.8325,-1.02533,0.631591,0.557545,1.85085,-0.26237,
359,0.00403076,0.0768006,0.999868,1.48339,-0.0779005,-0.00699359,-0.319416,0.793538,1.84056,-1.10791,0.669182,0.555882,1.93572,-0.190018,
360,0.00148109,0.081542,0.999898,1.4742,-0.0723998,-0.00256976,-0.303565,0.792241,1.8487,-1.19048,0.705992,0.550107,2.02695,-0.136875,
361,-0.000852512,0.191052,0.999894,1.46434,-0.0668592,0.00147914,-0.286935,0.79131,1.84946,-1.27446,0.608215,0.374281,2.13729,-0.0981037,
362,-0.00195474,0.288423,0.999908,1.45382,-0.0624289,0.00339155,-0.268773,0.790642,1.85962,-1.3551,0.520325,0.129925,2.40087,-0.0701885,
363,-0.00223293,0.270061,0.999953,1.44267,-0.0580468,0.00387424,-0.248019,0.790165,1.88631,-1.43323,0.587114,0.0056464,2.78635,-0.0501998,
364,-0.00211014,0.220101,0.999978,1.43088,-0.0529367,0.00366119,-0.22431,0.789824,1.91372,-1.51436,0.696881,-0.0507215,3.1398,-0.0357674,
365,-0.00181335,0.175095,0.99999,1.41843,-0.0469517,0.00314624,-0.198065,0.789582,1.93652,-1.59961,0.800029,-0.0770313,3.4211,-0.0253441,
366,-0.0014133,0.147627,0.999995,1.40528,-0.0402279,0.00245213,-0.169824,0.789411,1.95427,-1.68845,0.880798,-0.0964486,3.63887,-0.0178547,
367,-0.000932694,0.131707,0.999997,1.39141,-0.0329151,0.00161826,-0.139998,0.789291,1.96889,-1.77995,0.947282,-0.111983,3.81737,-0.0125205,
368,-0.000386606,0.122748,0.999998,1.37679,-0.0251039,0.000670777,-0.108838,0.789207,1.9817,-1.8736,1.0054,-0.124861,3.97246,-0.00875002,
369,0.000214382,0.117957,0.999999,1.36142,-0.0168469,-0.000371961,-0.0764926,0.789148,1.99348,-1.96912,1.0587,-0.135803,4.11369,-0.00610132,
370,0.000862302,0.115681,1,1.34528,-0.00817426,-0.00149613,-0.0430499,0.789107,2.00469,-2.06638,1.10929,-0.145224,4.24671,-0.00425023,
371,0.00155069,0.114951,1,1.32836,0.000897285,-0.00269051,-0.00856245,0.789079,2.01562,-2.16532,1.15841,-0.153362,4.37487,-0.00296216,
372,0.00191473,0.652165,0.999993,1.31072,0.0074649,-0.00332214,0.0191925,0.789071,1.84043,-2.23618,0.352721,0.0234612,2.21399,0.00108358,
373,0.00201567,0.430668,0.999721,1.29378,0.0100472,-0.00349728,0.0299141,0.78851,2.0874,-1.882,0.538891,-0.156681,0.631716,-0.140028,
374,0.00324898,-0.0269861,0.997086,1.28064,0.0157933,-0.00563713,0.0314256,0.787598,2.36325,-1.41329,0.866408,-0.361656,-0.151757,-0.0877211,
375,0.00520018,-0.307869,0.985493,1.27096,0.0233021,-0.00902264,0.0280645,0.787084,2.5335,-1.01997,0.988379,-0.47448,-0.65457,-0.042952,
376,0.00745677,-0.352711,0.910984,1.26412,0.0307083,-0.0129382,0.0199293,0.78688,2.60779,-0.704524,0.852527,-0.498827,-1.35914,-0.0101236,
377,0.00973863,-0.315698,0.580981,1.25948,0.0367341,-0.0168977,0.00634265,0.786874,2.6432,-0.467929,0.649474,-0.487878,-2.02485,0.00735543,
378,0.011935,-0.248028,-0.0872708,1.25643,0.0411534,-0.0207092,-0.0121031,0.786906,2.66188,-0.307694,0.454145,-0.46303,-2.57789,0.00201959,
379,0.0139852,-0.166537,-0.574474,1.25435,0.0441311,-0.0242672,-0.0342889,0.785657,2.66167,-0.221897,0.290771,-0.425169,-2.96231,-0.299753,
380,0.0158194,-0.0778802,-0.750522,1.25268,0.0459545,-0.0274506,-0.0586923,0.779706,2.63382,-0.208033,0.166084,-0.369296,-3.1319,-1.17307,
381,0.0173906,-0.0118109,-0.804045,1.25087,0.0470253,-0.0301779,-0.0837751,0.766076,2.60057,-0.249835,0.106095,-0.312867,-3.13813,-2.22828,
382,0.0187245,0.0128058,-0.819638,1.24864,0.0478742,-0.0324934,-0.108572,0.743734,2.57925,-0.309772,0.109999,-0.267292,-3.06469,-3.35877,
383,0.0198666,0.0114304,-0.825876,1.2459,0.0489028,-0.0344761,-0.132724,0.71222,2.56787,-0.376029,0.150393,-0.229395,-2.97614,-4.5206,
384,0.0208373,0.0059849,-0.829738,1.24262,0.0502939,-0.0361614,-0.156213,0.671376,2.55856,-0.443365,0.196134,-0.191788,-2.89592,-5.68899,
385,0.0216276,0.00644466,-0.830351,1.23882,0.0520129,-0.0375336,-0.179084,0.621196,2.54759,-0.507656,0.232146,-0.15105,-2.82152,-6.85459,
386,0.0222247,0.0119103,-0.825919,1.23451,0.0539877,-0.0385703,-0.20135,0.56172,2.53541,-0.569211,0.259848,-0.107892,-2.74448,-8.01324,
387,0.022619,0.0218587,-0.814386,1.22971,0.0561558,-0.0392548,-0.22296,0.493029,2.52237,-0.628572,0.280305,-0.062962,-2.65774,-9.15825,
388,0.0228037,0.0358657,-0.79283,1.22445,0.0584634,-0.0395756,-0.243814,0.415272,2.50877,-0.686568,0.294613,-0.016913,-2.55511,-10,
389,0.0227754,0.053405,-0.756741,1.21873,0.0608667,-0.0395264,-0.263762,0.328688,2.49497,-0.744367,0.30418,0.0295404,-2.43125,-10,
390,0.022534,0.0736881,-0.699211,1.21254,0.0633349,-0.0391073,-0.282617,0.233654,2.4814,-0.803511,0.310942,0.0755699,-2.28198,-10,
391,0.0218545,-0.470843,0.0333288,1.20919,0.0668198,-0.0379275,-0.297617,0.141345,2.36421,-0.0189073,0.573982,0.216409,-1.47363,-10,
392,0.0204904,-0.650443,-0.00408388,1.21148,0.0713451,-0.0355591,-0.309953,0.0654198,2.23977,0.562625,0.552969,0.370223,-1.63843,-8.42415,
393,0.0184277,-0.69333,-0.388056,1.2178,0.0751411,-0.0319782,-0.325121,0.00504073,2.11793,0.992168,0.388251,0.521798,-2.17268,-6.7513,
394,0.015665,-0.671607,-0.721307,1.22718,0.0772397,-0.0271827,-0.344971,-0.0455583,1.98983,1.33504,0.127354,0.67561,-2.8011,-5.95702,
395,0.0121964,-0.597785,-0.884335,1.23904,0.0769951,-0.0211628,-0.369782,-0.0927067,1.85539,1.61431,-0.197688,0.829047,-3.40789,-5.87154,
396,0.00804275,-0.472514,-0.947184,1.25287,0.0740452,-0.0139549,-0.399097,-0.140915,1.72161,1.83179,-0.548417,0.973184,-3.92387,-6.21121,
397,0.00326721,-0.306384,-0.968981,1.2682,0.0683399,-0.00566876,-0.431915,-0.192896,1.59623,1.98983,-0.885596,1.09897,-4.28162,-6.80801,
398,-0.00183807,0.058141,-0.984158,1.28457,0.0598396,0.00318912,-0.466713,-0.25037,1.47009,2.09326,-1.41166,0.916103,-4.39837,-7.57352,
399,-0.0045611,0.504968,-0.990122,1.3016,0.0457599,0.00791376,-0.500334,-0.314586,1.36975,2.15695,-2.0624,0.327557,-4.01264,-8.49712,
400,-0.00529194,0.574724,-0.968332,1.31906,0.0286286,0.00918186,-0.528761,-0.386845,1.35105,2.20184,-2.19262,0.0253606,-3.10002,-9.58035,
401,-0.00504273,0.552025,-0.846864,1.33677,0.0112276,0.00874944,-0.549683,-0.467976,1.35324,2.22348,-2.14154,-0.113606,-2.13475,-10,
402,-0.00437903,0.488891,-0.372643,1.35455,-0.00541429,0.00759786,-0.563164,-0.557703,1.36482,2.22021,-2.00876,-0.164039,-1.2395,-10,
403,-0.00352345,0.395455,0.29585,1.37213,-0.0207163,0.00611337,-0.570187,-0.653197,1.40202,2.17253,-1.81333,-0.208215,-0.520469,-10,
404,-0.00243765,0.294775,0.664578,1.38918,-0.0343786,0.00422943,-0.572268,-0.748488,1.45572,2.09012,-1.60144,-0.262951,-0.00117624,-10,
405,-0.0010437,0.133505,0.729994,1.40541,-0.0461597,0.00181085,-0.571221,-0.829312,1.57248,1.95082,-1.28798,-0.364463,0.190498,-6.98599,
406,0.000846756,0.0181993,0.686542,1.42044,-0.0554281,-0.00146915,-0.569946,-0.863894,1.67532,1.81486,-1.04729,-0.448297,0.150212,-2.18278,
407,0.00299728,0.000363733,0.640633,1.43451,-0.0633707,-0.00520043,-0.569138,-0.870607,1.721,1.70567,-0.948825,-0.480251,0.0652466,0.209038,
408,0.00523364,0.0158563,0.625461,1.44777,-0.0707594,-0.00908069,-0.568837,-0.864021,1.7415,1.61149,-0.902319,-0.488176,0.0150592,1.3257,
409,0.00749245,0.0267296,0.630162,1.4603,-0.077779,-0.013,-0.568798,-0.84978,1.76035,1.52099,-0.852658,-0.491606,-0.00510972,2.2335,
410,0.00976186,0.0306526,0.644224,1.47211,-0.0843691,-0.016938,-0.568861,-0.828279,1.78055,1.4309,-0.794988,-0.492812,-0.0104248,3.14043,
411,0.0120297,0.0307146,0.662115,1.48319,-0.090479,-0.0208735,-0.568945,-0.799471,1.8013,1.34013,-0.732626,-0.490967,-0.0101741,4.06053,
412,0.0142806,0.0289128,0.68099,1.49355,-0.0960793,-0.02478,-0.569024,-0.763226,1.82205,1.24793,-0.667682,-0.485528,-0.00917493,4.9994,
413,0.0164972,0.0265677,0.699708,1.50315,-0.101155,-0.0286272,-0.5691,-0.71939,1.84241,1.15375,-0.601526,-0.476151,-0.00940076,5.95823,
414,0.0186609,0.0245858,0.718106,1.512,-0.1057,-0.0323831,-0.569184,-0.667806,1.86211,1.05721,-0.535077,-0.462643,-0.0109947,6.93639,
415,0.0207525,0.0236306,0.736544,1.52006,-0.109714,-0.0360142,-0.569282,-0.608322,1.88097,0.958041,-0.469015,-0.444923,-0.012887,7.93293,
416,0.0227526,0.0242344,0.755622,1.52732,-0.113203,-0.0394868,-0.569389,-0.540795,1.89887,0.856094,-0.403915,-0.422999,-0.0131569,8.9474,
417,0.024642,0.02687,0.775997,1.53375,-0.116176,-0.0427678,-0.569482,-0.465078,1.91573,0.751344,-0.340349,-0.39696,-0.00922979,9.98016,
418,0.0264022,0.0319964,0.798228,1.53933,-0.118648,-0.0458249,-0.569515,-0.38102,1.93152,0.643923,-0.27896,-0.366958,0.0020287,10,
419,0.0280155,0.0400827,0.822622,1.54405,-0.120639,-0.0486271,-0.569414,-0.288456,1.94623,0.534157,-0.220518,-0.333209,0.0242787,10,
420,0.0294653,0.0516124,0.84907,1.54788,-0.122177,-0.0511457,-0.569074,-0.187201,1.95988,0.422639,-0.165966,-0.295994,0.0616984,10,
421,0.0307365,0.0670607,0.876903,1.55081,-0.123297,-0.0533543,-0.568355,-0.0770497,1.97255,0.310309,-0.116449,-0.25566,0.118967,10,
422,0.0318158,0.0868336,0.90483,1.55284,-0.124044,-0.0552296,-0.567078,0.0422222,1.98434,0.198564,-0.0733095,-0.212643,0.201187,10,
423,0.0326921,0.11115,0.931081,1.55399,-0.124475,-0.0567524,-0.565022,0.170846,1.99544,0.0893875,-0.0380233,-0.16749,0.31368,10,
424,0.0333572,0.139856,0.953794,1.55429,-0.124658,-0.0579083,-0.561924,0.309046,2.00615,-0.014548,-0.0120443,-0.120909,0.46156,10,
425,0.0338066,0.172181,0.971592,1.55379,-0.124675,-0.0586893,-0.557482,0.45702,2.01697,-0.109818,0.00347796,-0.0738302,0.648981,10,
426,0.0340406,0.20646,0.98406,1.55257,-0.12461,-0.059096,-0.551373,0.614928,2.02868,-0.192302,0.00812021,-0.0274806,0.878001,10,
427,0.034066,0.239905,0.991811,1.55076,-0.124549,-0.0591402,-0.543267,0.782878,2.04241,-0.2574,0.00273176,0.016552,1.14707,10,
428,0.0337988,-0.00996678,0.99805,1.54971,-0.123896,-0.0586758,-0.5316,0.903326,1.95512,-0.0255656,0.184484,0.0933701,1.75145,9.08622,
429,0.0331895,-0.122585,0.998843,1.54984,-0.122005,-0.0576169,-0.51699,0.945015,1.89735,0.0404057,0.285684,0.16811,1.88294,2.12204,
430,0.0322431,-0.129899,0.998911,1.55011,-0.119619,-0.0559721,-0.502293,0.946796,1.85745,0.0173094,0.306021,0.241583,1.78137,-1.23705,
431,0.0309766,-0.0950756,0.998834,1.55001,-0.117194,-0.0537715,-0.488644,0.930455,1.83261,-0.046683,0.296905,0.307757,1.62551,-2.6117,
432,0.0294284,-0.0520657,0.998774,1.54932,-0.114846,-0.0510816,-0.476158,0.907749,1.82004,-0.128615,0.288603,0.364248,1.49321,-2.94553,
433,0.027642,-0.0152048,0.998792,1.54794,-0.112518,-0.0479783,-0.46455,0.884649,1.81648,-0.217506,0.292554,0.411318,1.40758,-2.7755,
434,0.0256574,0.0119211,0.998885,1.54584,-0.110107,-0.0445312,-0.45345,0.863883,1.81886,-0.308171,0.309851,0.450316,1.36704,-2.39759,
435,0.0235082,0.0303719,0.999023,1.54301,-0.107518,-0.0407989,-0.442534,0.84642,1.82474,-0.3983,0.337571,0.482684,1.36201,-1.96733,
436,0.0212224,0.0425105,0.999174,1.53947,-0.104679,-0.03683,-0.431556,0.83234,1.83243,-0.487005,0.3721,0.509551,1.38254,-1.56029,
437,0.0188234,0.0505896,0.999318,1.53522,-0.10155,-0.0326652,-0.420343,0.821308,1.84089,-0.574098,0.410427,0.53165,1.42086,-1.2079,
438,0.0163324,0.0563279,0.999445,1.53029,-0.0981065,-0.0283411,-0.408774,0.812845,1.84954,-0.659706,0.450427,0.54939,1.47169,-0.918354,
439,0.0137689,0.0608943,0.999553,1.52467,-0.094342,-0.0238919,-0.396761,0.806455,1.8581,-0.744081,0.490762,0.562955,1.53177,-0.688492,
440,0.0111521,0.0650195,0.999642,1.51839,-0.0902564,-0.0193506,-0.384237,0.801691,1.8665,-0.827505,0.530674,0.57239,1.59932,-0.510422,
441,0.00850122,0.0691236,0.999715,1.51144,-0.0858547,-0.0147505,-0.371146,0.798175,1.87474,-0.910242,0.569795,0.577674,1.67351,-0.374967,
442,0.00583542,0.0734223,0.999775,1.50382,-0.0811436,-0.0101249,-0.357436,0.795601,1.8829,-0.992532,0.608004,0.578762,1.75404,-0.273377,
443,0.00317425,0.0780038,0.999823,1.49556,-0.0761304,-0.00550747,-0.343056,0.793731,1.89107,-1.07458,0.64532,0.575615,1.84097,-0.19804,
444,0.00053733,0.0828812,0.999862,1.48663,-0.0708217,-0.000932288,-0.327954,0.792379,1.89934,-1.15657,0.681842,0.568215,1.93447,-0.142684,
445,-0.00151757,0.258878,0.999823,1.47704,-0.065977,0.00263305,-0.312007,0.791408,1.89527,-1.24078,0.496306,0.282243,2.05548,-0.102272,
446,-0.00229368,0.300263,0.999881,1.46681,-0.0621413,0.00397963,-0.294143,0.790712,1.91515,-1.3175,0.480876,0.0771677,2.40831,-0.0732846,
447,-0.00238782,0.262414,0.999943,1.45597,-0.0579635,0.00414298,-0.273274,0.790214,1.94431,-1.39406,0.573809,-0.0235087,2.80776,-0.0523915,
448,-0.00216519,0.207424,0.999974,1.44449,-0.0529295,0.0037567,-0.249442,0.789858,1.97141,-1.47448,0.689647,-0.066759,3.14959,-0.0372843,
449,-0.00180244,0.166185,0.999987,1.43236,-0.0470209,0.00312731,-0.223188,0.789606,1.99281,-1.55931,0.787436,-0.0905257,3.41345,-0.0263842,
450,-0.00134271,0.141719,0.999993,1.41953,-0.0404146,0.00232965,-0.195057,0.789428,2.00951,-1.64763,0.864061,-0.108842,3.61926,-0.0185736,
451,-0.000806935,0.127531,0.999996,1.40599,-0.0332455,0.00140006,-0.165419,0.789303,2.02342,-1.73853,0.928102,-0.12352,3.79006,-0.0130218,
452,-0.00020938,0.119509,0.999998,1.39171,-0.0255933,0.000363283,-0.134498,0.789216,2.03569,-1.83153,0.984807,-0.135649,3.93996,-0.00910189,
453,0.000439683,0.115174,0.999999,1.37668,-0.0175043,-0.000762867,-0.102427,0.789154,2.04702,-1.92634,1.03731,-0.145868,4.07738,-0.00634938,
454,0.00113229,0.113062,0.999999,1.36088,-0.00900458,-0.00196456,-0.0692876,0.789112,2.05784,-2.02287,1.08747,-0.154541,4.20731,-0.00442548,
455,0.0018618,0.112321,1,1.34431,-0.000108585,-0.0032303,-0.0351264,0.789082,2.06839,-2.12105,1.13636,-0.161881,4.33271,-0.00308594,
456,0.00262234,0.153995,1,1.32694,0.00917611,-0.00454988,2.69949e-05,0.789061,2.06701,-2.21955,1.13028,-0.156295,4.30991,-0.00188168,
457,0.00280828,0.73294,0.999985,1.30894,0.0140075,-0.0048725,0.0232036,0.789066,1.85879,-2.28053,0.173699,0.0547141,1.74172,0.00198006,
458,0.00281815,0.488537,0.999544,1.29166,0.0155805,-0.00488962,0.0311619,0.788433,2.13343,-1.91877,0.46111,-0.148103,0.391381,-0.165798,
459,0.00405485,-0.0116786,0.996008,1.27827,0.0209971,-0.00703538,0.0313172,0.787366,2.43293,-1.43977,0.856407,-0.370487,-0.263123,-0.0994754,
460,0.00605617,-0.3064,0.979987,1.26841,0.0284769,-0.0105079,0.0271037,0.7868,2.61231,-1.03848,0.990937,-0.487283,-0.75594,-0.045226,
461,0.00837499,-0.355811,0.875719,1.26144,0.0359183,-0.0145314,0.0181333,0.786599,2.69243,-0.718133,0.858629,-0.512924,-1.46618,-0.00789151,
462,0.0107217,-0.319828,0.441651,1.2567,0.0419946,-0.0186037,0.00365259,0.786613,2.73157,-0.480019,0.655925,-0.501847,-2.14097,0.0100958,
463,0.01298,-0.251298,-0.278729,1.25355,0.0464636,-0.0225228,-0.0157536,0.786644,2.75229,-0.321466,0.460149,-0.475884,-2.70159,-0.000226692,
464,0.015069,-0.161508,-0.67483,1.25134,0.0494642,-0.0261482,-0.0388339,0.784372,2.7427,-0.243189,0.290322,-0.428909,-3.06123,-0.551437,
465,0.0169076,-0.069332,-0.802834,1.24946,0.05129,-0.0293395,-0.063926,0.775915,2.70927,-0.23949,0.167426,-0.367479,-3.20495,-1.54719,
466,0.0184677,-0.00937644,-0.84086,1.24737,0.0524156,-0.0320477,-0.0895265,0.759024,2.67632,-0.287148,0.118698,-0.310322,-3.19612,-2.67217,
467,0.0197903,0.0086158,-0.853075,1.24483,0.0534006,-0.0343436,-0.114786,0.732909,2.65696,-0.348372,0.131593,-0.26496,-3.12238,-3.85806,
468,0.0209202,0.0044903,-0.859445,1.24178,0.0546243,-0.0363053,-0.139434,0.697203,2.64621,-0.416018,0.17606,-0.226085,-3.04133,-5.06842,
469,0.0218683,0.00216112,-0.86302,1.23818,0.0562017,-0.0379515,-0.16347,0.651797,2.63526,-0.482134,0.216884,-0.185283,-2.96743,-6.28161,
470,0.0226218,0.00533392,-0.86284,1.23407,0.0580698,-0.0392598,-0.18692,0.596699,2.62286,-0.545098,0.248474,-0.141556,-2.89467,-7.49155,
471,0.0231687,0.0134065,-0.857463,1.22947,0.060159,-0.0402094,-0.209761,0.531954,2.60935,-0.605316,0.271926,-0.0955696,-2.81518,-8.69339,
472,0.0235001,0.0259812,-0.844895,1.22439,0.0624078,-0.0407848,-0.231912,0.457655,2.59505,-0.663463,0.288221,-0.0479649,-2.72202,-9.88027,
473,0.02361,0.042639,-0.82196,1.21886,0.0647636,-0.0409757,-0.253239,0.373959,2.58026,-0.72053,0.298543,0.000585298,-2.60899,-10,
474,0.0234959,0.0627644,-0.783436,1.21286,0.0671845,-0.0407775,-0.27356,0.28112,2.56531,-0.777879,0.304517,0.0493249,-2.47076,-10,
475,0.0230794,-0.266184,-0.422195,1.20752,0.0699561,-0.0400544,-0.291787,0.183096,2.48591,-0.328889,0.455132,0.158594,-1.91064,-10,
476,0.0219687,-0.599027,-0.0782512,1.20784,0.0739888,-0.0381258,-0.305945,0.0984141,2.35921,0.384056,0.550414,0.317177,-1.66067,-9.66256,
477,0.0201304,-0.690814,-0.325157,1.21308,0.0779582,-0.0349341,-0.320714,0.0288266,2.23357,0.899398,0.434524,0.476715,-2.05471,-7.82414,
478,0.0175612,-0.695676,-0.66114,1.22196,0.0805409,-0.030474,-0.339462,-0.0291913,2.10505,1.29955,0.201816,0.636233,-2.64692,-6.74933,
479,0.0142582,-0.643715,-0.857787,1.23372,0.0809375,-0.0247411,-0.363088,-0.0817464,1.96972,1.62193,-0.112563,0.796299,-3.26805,-6.43935,
480,0.0102335,-0.536021,-0.938996,1.24776,0.0786391,-0.0177565,-0.391473,-0.133902,1.83209,1.8737,-0.471555,0.949972,-3.83233,-6.63648,
481,0.00553671,-0.37555,-0.968091,1.26353,0.073453,-0.00960655,-0.423851,-0.188907,1.69961,2.05721,-0.833534,1.0881,-4.26397,-7.14332,
482,0.000258403,-0.185491,-0.97635,1.28051,0.0655135,-0.00044834,-0.458869,-0.248831,1.57974,2.17797,-1.15864,1.20227,-4.49034,-7.86007,
483,-0.00361731,0.470749,-0.993268,1.29823,0.0525445,0.00627622,-0.494397,-0.315035,1.43456,2.24034,-2.0644,0.510437,-4.3933,-8.70919,
484,-0.00497218,0.598416,-0.982773,1.31634,0.0349658,0.00862703,-0.525957,-0.388916,1.40368,2.28318,-2.29542,0.121129,-3.50403,-9.77648,
485,-0.00503855,0.594564,-0.915816,1.3347,0.0165999,0.00874219,-0.549927,-0.471687,1.4046,2.30182,-2.27585,-0.0676819,-2.49351,-10,
486,-0.00451686,0.539038,-0.584223,1.35312,-0.0011559,0.00783701,-0.565991,-0.563496,1.41678,2.30306,-2.15044,-0.145346,-1.52698,-10,
487,-0.00375575,0.448309,0.128894,1.37142,-0.0176018,0.00651642,-0.574912,-0.662515,1.44768,2.27069,-1.95791,-0.185545,-0.707318,-10,
488,-0.00276685,0.338908,0.60697,1.38927,-0.0323484,0.0048006,-0.578156,-0.763388,1.50357,2.19253,-1.72789,-0.243567,-0.105133,-10,
489,-0.00136521,0.125838,0.653243,1.4062,-0.044692,0.0023687,-0.578154,-0.840706,1.65662,2.03415,-1.33021,-0.376037,0.0678161,-6.09933,
490,0.000564865,0.0213352,0.607483,1.42192,-0.0543689,-0.000980063,-0.577829,-0.869851,1.75201,1.90375,-1.10621,-0.454279,0.0343376,-1.67744,
491,0.00273692,0.00735608,0.56447,1.43671,-0.0628099,-0.00474868,-0.577883,-0.873506,1.79408,1.79766,-1.01386,-0.483871,-0.0355722,0.488094,
492,0.00498823,0.0232166,0.558087,1.45072,-0.0707243,-0.00865488,-0.578324,-0.865261,1.81312,1.70547,-0.968356,-0.491189,-0.0698677,1.47213,
493,0.00726066,0.0335949,0.573387,1.46401,-0.078271,-0.0125979,-0.578905,-0.850251,1.83113,1.61662,-0.918397,-0.494503,-0.0752594,2.27935,
494,0.00954356,0.0368151,0.597723,1.47659,-0.0853845,-0.0165592,-0.579476,-0.828721,1.85074,1.52802,-0.860082,-0.495762,-0.0673525,3.10208,
495,0.0118254,0.0360277,0.624628,1.48846,-0.0920116,-0.020519,-0.57997,-0.800493,1.87112,1.43863,-0.796821,-0.494112,-0.055689,3.9538,
496,0.0140915,0.0332986,0.650984,1.4996,-0.0981214,-0.0244518,-0.580375,-0.76532,1.89168,1.34771,-0.730835,-0.488968,-0.0451894,4.83817,
497,0.0163248,0.0299966,0.675702,1.51001,-0.103698,-0.028328,-0.580708,-0.722946,1.91198,1.25474,-0.663569,-0.479948,-0.0378187,5.75402,
498,0.0185069,0.0270515,0.6988,1.51967,-0.108735,-0.0321157,-0.580997,-0.67313,1.93172,1.15937,-0.595987,-0.466828,-0.0336505,6.69848,
499,0.0206187,0.0251304,0.720839,1.52855,-0.113232,-0.0357818,-0.58126,-0.615656,1.95069,1.06134,-0.52878,-0.449502,-0.0315269,7.66865,
500,0.0226407,0.0247564,0.742606,1.53664,-0.117194,-0.0392926,-0.581507,-0.550326,1.96875,0.960494,-0.462511,-0.427964,-0.0294474,8.66238,
501,0.0245538,0.0263873,0.764919,1.54391,-0.120631,-0.0426147,-0.581727,-0.476955,1.98581,0.856791,-0.397722,-0.402284,-0.0247806,9.67867,
502,0.0263393,0.030465,0.788486,1.55034,-0.123558,-0.0457155,-0.581887,-0.395363,2.00183,0.750332,-0.335016,-0.372604,-0.0143651,10,
503,0.0279792,0.0374442,0.813766,1.55591,-0.125992,-0.048564,-0.581926,-0.305363,2.01679,0.641395,-0.275113,-0.339128,0.00545807,10,
504,0.0294567,0.0478005,0.840821,1.5606,-0.12796,-0.0511307,-0.581753,-0.206754,2.0307,0.5305,-0.218905,-0.302126,0.0388438,10,
505,0.0307564,0.0620147,0.869173,1.5644,-0.129496,-0.0533888,-0.58124,-0.0993222,2.04363,0.418486,-0.16748,-0.261934,0.090439,10,
506,0.0318647,0.0805227,0.897725,1.5673,-0.130643,-0.0553146,-0.580221,0.0171645,2.05565,0.306622,-0.122136,-0.218969,0.165331,10,
507,0.03277,0.103613,0.924848,1.56931,-0.131455,-0.0568877,-0.578488,0.142944,2.06694,0.196724,-0.0843298,-0.173757,0.268889,10,
508,0.0334634,0.131258,0.948711,1.57046,-0.131999,-0.0580929,-0.575789,0.278249,2.07775,0.0912716,-0.0555484,-0.126975,0.406399,10,
509,0.0339398,0.162881,0.967825,1.57079,-0.132352,-0.0589209,-0.571835,0.423289,2.08853,-0.00651237,-0.0370643,-0.0795036,0.582416,10,
510,0.0341986,0.197086,0.981565,1.57039,-0.132599,-0.0593706,-0.566305,0.578233,2.09997,-0.0926858,-0.0295482,-0.0325077,0.799727,10,
511,0.034245,0.231407,0.990346,1.56936,-0.13283,-0.0594514,-0.55887,0.743201,2.11308,-0.162753,-0.032553,0.0125028,1.05794,10,
512,0.0340219,0.0424997,0.997392,1.56868,-0.13273,-0.0590634,-0.548358,0.878668,2.03731,0.028637,0.0964358,0.0867419,1.6044,10,
513,0.0334477,-0.0954752,0.998685,1.56935,-0.13148,-0.0580656,-0.53458,0.931217,1.9776,0.117921,0.216103,0.158977,1.82077,3.1531,
514,0.0325457,-0.119451,0.998871,1.57029,-0.129593,-0.056498,-0.520196,0.939375,1.93669,0.106701,0.251211,0.231229,1.76464,-0.637539,
515,0.0313265,-0.0932876,0.998847,1.57093,-0.127575,-0.0543794,-0.5066,0.926706,1.91079,0.0485558,0.250234,0.297549,1.62863,-2.27118,
516,0.0298232,-0.0540836,0.998814,1.57102,-0.125584,-0.0517674,-0.494064,0.906056,1.89719,-0.0305667,0.245538,0.354943,1.50246,-2.75835,
517,0.0280768,-0.0184412,0.998844,1.57043,-0.123596,-0.0487336,-0.482383,0.884065,1.89274,-0.118161,0.250674,0.403231,1.41647,-2.67755,
518,0.0261265,0.00864401,0.99894,1.56912,-0.12152,-0.045346,-0.471222,0.863859,1.89442,-0.208273,0.268112,0.443513,1.37304,-2.35036,
519,0.0240059,0.0274793,0.999077,1.5671,-0.119265,-0.0416631,-0.460272,0.846652,1.8998,-0.2982,0.295651,0.477129,1.36451,-1.94802,
520,0.021743,0.0400823,0.999224,1.56436,-0.116762,-0.0377338,-0.449287,0.83266,1.90714,-0.38686,0.329994,0.505177,1.3817,-1.55562,
521,0.0193617,0.0485719,0.999364,1.56091,-0.11397,-0.0335996,-0.438093,0.821634,1.91537,-0.473965,0.368238,0.528393,1.4171,-1.21032,
522,0.0168833,0.0546306,0.999486,1.55678,-0.110864,-0.0292973,-0.426563,0.813138,1.92386,-0.559593,0.408275,0.547196,1.46541,-0.923688,
523,0.0143276,0.0594297,0.99959,1.55196,-0.107436,-0.0248615,-0.414609,0.806701,1.93231,-0.643972,0.448748,0.561784,1.52335,-0.69456,
524,0.011714,0.063716,0.999675,1.54648,-0.103686,-0.0203256,-0.40216,0.801889,1.94063,-0.727371,0.48887,0.57221,1.58902,-0.51616,
525,0.00906171,0.0679271,0.999744,1.54033,-0.0996173,-0.0157231,-0.389158,0.79833,1.94882,-0.810052,0.528249,0.578459,1.66152,-0.379934,
526,0.00639016,0.072294,0.9998,1.53352,-0.0952374,-0.0110874,-0.375551,0.79572,1.95693,-0.89225,0.566742,0.580487,1.7405,-0.277458,
527,0.00371894,0.0769169,0.999844,1.52605,-0.0905531,-0.00645256,-0.361285,0.793821,1.96506,-0.974171,0.604351,0.578254,1.82597,-0.201279,
528,0.00106782,0.0818178,0.99988,1.51793,-0.085571,-0.00185271,-0.346308,0.792447,1.97329,-1.05599,0.641164,0.571741,1.91808,-0.145193,
529,-0.00127538,0.215764,0.999866,1.50915,-0.0806724,0.00221284,-0.330533,0.791458,1.97237,-1.13972,0.51177,0.355795,2.03257,-0.10419,
530,-0.00229414,0.299934,0.999893,1.49972,-0.0769505,0.00398043,-0.313074,0.790749,1.98553,-1.21785,0.439946,0.112541,2.32991,-0.0746471,
531,-0.00249756,0.274383,0.999947,1.48968,-0.0731753,0.00433337,-0.292825,0.790241,2.01371,-1.29313,0.515834,-0.00930076,2.73076,-0.0534191,
532,-0.0023122,0.22005,0.999976,1.47902,-0.0686149,0.00401177,-0.269539,0.789878,2.04178,-1.37173,0.630756,-0.0629396,3.08997,-0.0380708,
533,-0.00196118,0.173977,0.999989,1.46772,-0.0631539,0.00340273,-0.243692,0.789621,2.06463,-1.45496,0.734743,-0.0888515,3.37154,-0.0269816,
534,-0.00150655,0.146219,0.999994,1.45573,-0.0569525,0.00261393,-0.215851,0.789438,2.08231,-1.54212,0.815529,-0.1083,3.58843,-0.0190159,
535,-0.000971548,0.130051,0.999997,1.44303,-0.0501616,0.00168567,-0.186433,0.78931,2.09685,-1.63213,0.882092,-0.123726,3.76584,-0.0133428,
536,-0.000371857,0.120846,0.999999,1.42961,-0.0428714,0.000645186,-0.15569,0.789221,2.10956,-1.72439,0.940343,-0.136368,3.91967,-0.00933126,
537,0.000281362,0.115798,0.999999,1.41544,-0.0351342,-0.000488174,-0.123773,0.789158,2.12124,-1.81855,0.99382,-0.14695,4.05942,-0.00651142,
538,0.00097958,0.113243,1,1.40051,-0.0269798,-0.00169961,-0.0907712,0.789114,2.13234,-1.91446,1.04461,-0.155892,4.19075,-0.00453895,
539,0.00171578,0.112215,1,1.3848,-0.0184249,-0.00297695,-0.0567392,0.789084,2.14315,-2.01205,1.09395,-0.163432,4.31698,-0.00316489,
540,0.00248383,0.112157,1,1.36831,-0.00947817,-0.00430956,-0.0217098,0.789062,2.15384,-2.11129,1.14254,-0.169711,4.4401,-0.00221103,
541,0.00314825,0.494785,1,1.35105,-0.00118988,-0.00546236,0.0114974,0.789052,2.04441,-2.19643,0.639341,-0.0560632,3.08523,0.000788872,
542,0.00298994,0.818205,0.999985,1.33322,0.000670567,-0.00518769,0.027432,0.789068,1.88386,-2.25954,-0.0959231,0.107663,1.10818,0.00248956,
543,0.00227922,0.901035,0.999833,1.31487,-0.0017452,-0.00395455,0.0318549,0.789086,1.80313,-2.32873,-0.464274,0.191066,0.114803,0.00179416,
544,0.00162808,0.754513,0.99861,1.2967,-0.0047833,-0.00282478,0.0306318,0.78857,2.06838,-2.05639,0.00118223,-0.023795,-0.366828,-0.203689,
545,0.00248205,0.207205,0.99345,1.28235,-0.0018673,-0.00430646,0.0267953,0.786932,2.43748,-1.54337,0.666862,-0.323368,-0.551839,-0.157647,
546,0.00437235,-0.216532,0.976262,1.27179,0.00466769,-0.00758627,0.0211993,0.786065,2.65331,-1.11009,0.942026,-0.485283,-0.810353,-0.0652342,
547,0.00673603,-0.320397,0.868132,1.26436,0.0119427,-0.0116875,0.0121109,0.785841,2.74796,-0.761895,0.864732,-0.533824,-1.43966,0.00564998,
548,0.00920843,-0.306956,0.426873,1.25937,0.0181408,-0.0159777,-0.00207984,0.786031,2.79229,-0.499189,0.679598,-0.535015,-2.09349,0.0364479,
549,0.0116362,-0.248777,-0.295736,1.25615,0.0228067,-0.0201905,-0.0211105,0.786239,2.81446,-0.319457,0.485463,-0.515989,-2.65445,0.0176991,
550,0.0139177,-0.162194,-0.685575,1.25403,0.0259865,-0.0241501,-0.0438363,0.783923,2.80408,-0.224731,0.309784,-0.472224,-3.0192,-0.579082,
551,0.0159613,-0.0704807,-0.810964,1.25234,0.0279403,-0.0276969,-0.0686228,0.77512,2.7706,-0.209036,0.180059,-0.412935,-3.17003,-1.60521,
552,0.0177307,-0.00619163,-0.84595,1.25052,0.0291315,-0.0307683,-0.0939465,0.757703,2.73577,-0.251941,0.122888,-0.355467,-3.16078,-2.74322,
553,0.0192605,0.0143419,-0.854519,1.24827,0.0301342,-0.0334239,-0.118891,0.731004,2.71482,-0.312476,0.132126,-0.309832,-3.07919,-3.93339,
554,0.0205979,0.00974496,-0.857646,1.24551,0.0313604,-0.0357458,-0.143155,0.694693,2.70383,-0.379614,0.176879,-0.271456,-2.98916,-5.14465,
555,0.0217566,0.00596159,-0.858791,1.2422,0.032952,-0.0377575,-0.166746,0.648689,2.69311,-0.445847,0.219595,-0.231276,-2.90838,-6.35495,
556,0.0227223,0.00820632,-0.856658,1.23838,0.0348469,-0.0394343,-0.189705,0.59303,2.68073,-0.509043,0.252463,-0.187708,-2.83092,-7.55844,
557,0.0234813,0.0156131,-0.849408,1.23406,0.036972,-0.0407522,-0.212023,0.527787,2.66712,-0.569614,0.276921,-0.141479,-2.74815,-8.75102,
558,0.0240227,0.0276278,-0.834706,1.22927,0.0392646,-0.0416924,-0.233629,0.453075,2.65264,-0.628245,0.294159,-0.0932734,-2.65277,-9.92599,
559,0.0243393,0.043733,-0.809035,1.22401,0.0416718,-0.0422421,-0.254396,0.369073,2.63764,-0.685947,0.305493,-0.0437972,-2.53844,-10,
560,0.0244268,0.0632444,-0.766798,1.2183,0.0441528,-0.0423941,-0.274152,0.276063,2.6225,-0.744101,0.31265,0.00616186,-2.39988,-10,
561,0.0242294,-0.211436,-0.447025,1.2129,0.0468988,-0.0420514,-0.292071,0.177007,2.5444,-0.373903,0.43789,0.10693,-1.90342,-10,
562,0.0233637,-0.576839,-0.030792,1.21291,0.0508832,-0.0405479,-0.305846,0.0903405,2.40565,0.351756,0.556149,0.262537,-1.57195,-9.91545,
563,0.0217793,-0.678612,-0.255464,1.21791,0.0549395,-0.0377968,-0.31979,0.0190647,2.271,0.871941,0.45107,0.421085,-1.93765,-7.99414,
564,0.019468,-0.687552,-0.609403,1.22658,0.0576894,-0.0337842,-0.33756,-0.0398908,2.13632,1.27206,0.227542,0.579863,-2.51995,-6.81509,
565,0.0164247,-0.63845,-0.831079,1.23811,0.0583242,-0.0285013,-0.360151,-0.0926669,1.99605,1.59377,-0.0783404,0.740078,-3.13634,-6.42976,
566,0.0126562,-0.534327,-0.926143,1.25192,0.0563286,-0.0219608,-0.387469,-0.144581,1.85423,1.84619,-0.429791,0.895102,-3.69775,-6.58618,
567,0.00820701,-0.378825,-0.96104,1.26748,0.0515011,-0.01424,-0.418775,-0.199094,1.71835,2.03148,-0.785445,1.03565,-4.13037,-7.07069,
568,0.00316265,-0.194039,-0.971263,1.28427,0.0439633,-0.00548735,-0.452752,-0.258376,1.59574,2.1547,-1.10614,1.15329,-4.3642,-7.77236,
569,-0.00190688,0.255051,-0.984698,1.30182,0.0334486,0.00330852,-0.487568,-0.323901,1.46818,2.22082,-1.7117,0.825031,-4.31709,-8.61996,
570,-0.00434214,0.573492,-0.982538,1.31975,0.0175847,0.00753385,-0.519545,-0.396862,1.39361,2.25544,-2.20864,0.288504,-3.68462,-9.63553,
571,-0.00496498,0.614419,-0.930692,1.33788,-0.000464441,0.00861455,-0.545031,-0.478456,1.38355,2.27319,-2.2766,0.0144431,-2.693,-10,
572,-0.00470151,0.576418,-0.655513,1.35608,-0.018359,0.00815739,-0.562545,-0.569126,1.39314,2.27495,-2.18043,-0.110654,-1.69065,-10,
573,-0.0040618,0.487052,0.0630125,1.37418,-0.0350557,0.00704743,-0.572523,-0.667465,1.423,2.24964,-1.98593,-0.161509,-0.808454,-10,
574,-0.00317397,0.369037,0.596373,1.39188,-0.0499607,0.00550698,-0.576355,-0.768427,1.48229,2.17643,-1.73952,-0.223742,-0.150908,-10,
575,-0.00185037,0.143548,0.659965,1.4087,-0.0623267,0.00321047,-0.576576,-0.845939,1.64248,2.02236,-1.32365,-0.362254,0.0569032,-6.07244,
576,2.57607e-05,0.0296255,0.624826,1.42434,-0.071908,-4.46959e-05,-0.57626,-0.874616,1.74224,1.8949,-1.08921,-0.444515,0.0434721,-1.59616,
577,0.0021581,0.0115586,0.588459,1.43906,-0.080196,-0.00374439,-0.576203,-0.877538,1.78619,1.79027,-0.992768,-0.476324,-0.0166657,0.585482,
578,0.00437823,0.0254468,0.584667,1.45301,-0.0879352,-0.00759647,-0.576472,-0.868484,1.80627,1.69864,-0.945344,-0.485319,-0.0463364,1.58523,
579,0.00662767,0.0343021,0.599313,1.46625,-0.0952912,-0.0114995,-0.576861,-0.852416,1.82538,1.60983,-0.893736,-0.490383,-0.050596,2.43055,
580,0.00889515,0.0367746,0.621594,1.47877,-0.102204,-0.015434,-0.577238,-0.829529,1.84583,1.5211,-0.834657,-0.493168,-0.0433705,3.29019,
581,0.0111683,0.0357475,0.646067,1.49058,-0.108627,-0.0193786,-0.577545,-0.799661,1.86687,1.43144,-0.771203,-0.492876,-0.0330721,4.17554,
582,0.0134316,0.0331069,0.670173,1.50167,-0.114533,-0.0233064,-0.577774,-0.762595,1.88797,1.34015,-0.705376,-0.488961,-0.0239158,5.08966,
583,0.0156675,0.0301076,0.693068,1.51202,-0.119907,-0.0271871,-0.577942,-0.718105,1.90874,1.24672,-0.638478,-0.481071,-0.0174366,6.03165,
584,0.0178573,0.0276139,0.714845,1.52161,-0.124745,-0.0309881,-0.578067,-0.665975,1.92891,1.15079,-0.571393,-0.469,-0.013446,6.99927,
585,0.0199815,0.0262625,0.736051,1.53042,-0.129047,-0.0346756,-0.578166,-0.606011,1.94831,1.05211,-0.504771,-0.452653,-0.0106152,7.99035,
586,0.0220203,0.0265695,0.757411,1.53844,-0.13282,-0.0382153,-0.578239,-0.53803,1.9668,0.950535,-0.439175,-0.432026,-0.00681287,9.00345,
587,0.0239542,0.0290012,0.779652,1.54562,-0.136073,-0.0415733,-0.578267,-0.461856,1.98431,0.846057,-0.375173,-0.407195,0.000715413,10,
588,0.0257642,0.0340171,0.803353,1.55196,-0.138822,-0.0447167,-0.578207,-0.377316,2.00079,0.738815,-0.313414,-0.378297,0.0152675,10,
589,0.0274321,0.0420922,0.828806,1.55744,-0.141088,-0.0476136,-0.577987,-0.284223,2.01623,0.629153,-0.254684,-0.34554,0.0406609,10,
590,0.0289407,0.0537181,0.855863,1.56203,-0.142898,-0.0502344,-0.577503,-0.182379,2.03064,0.517688,-0.199952,-0.309192,0.0812313,10,
591,0.0302745,0.0693761,0.883811,1.56572,-0.14429,-0.0525515,-0.576615,-0.071569,2.04405,0.405399,-0.150396,-0.269597,0.141814,10,
592,0.0314195,0.0894702,0.911346,1.56851,-0.145308,-0.0545409,-0.575141,0.0484335,2.05655,0.293741,-0.10739,-0.227189,0.22766,10,
593,0.0323639,0.114202,0.936746,1.57043,-0.146013,-0.0561821,-0.572857,0.177858,2.06829,0.184766,-0.0724334,-0.182522,0.344211,10,
594,0.0330991,0.143376,0.958292,1.57149,-0.146474,-0.0574597,-0.569496,0.316921,2.07954,0.0812347,-0.0469855,-0.136321,0.496643,10,
595,0.0336201,0.176153,0.974824,1.57175,-0.146772,-0.0583652,-0.564754,0.465809,2.09075,-0.0133387,-0.032169,-0.0895478,0.689079,10,
596,0.0339271,0.210774,0.98615,1.57131,-0.146995,-0.0588987,-0.558302,0.624667,2.10263,-0.094748,-0.0283377,-0.0434679,0.923408,10,
597,0.0340267,0.23298,0.993309,1.57029,-0.147229,-0.0590718,-0.549811,0.793589,2.1092,-0.141006,-0.0297197,0.00313842,1.21535,10,
598,0.033818,-0.0190511,0.998389,1.57021,-0.146789,-0.0587092,-0.537588,0.905722,2.01564,0.0874465,0.156555,0.0793103,1.80717,8.36894,
599,0.0332747,-0.119854,0.999015,1.5712,-0.145154,-0.0577649,-0.522627,0.943417,1.95732,0.14269,0.249539,0.153738,1.91622,1.80151,
600,0.0323963,-0.123219,0.999083,1.57227,-0.143064,-0.0562383,-0.507672,0.943578,1.91829,0.114464,0.268266,0.22649,1.81305,-1.34453,
601,0.0312011,-0.0884758,0.999045,1.57293,-0.140934,-0.0541615,-0.493746,0.926859,1.89477,0.0480166,0.261178,0.291939,1.66351,-2.61179,
602,0.0297268,-0.0471187,0.999026,1.573,-0.138859,-0.0516,-0.480927,0.904373,1.88343,-0.0350314,0.256049,0.347998,1.53883,-2.89737,
603,0.0280154,-0.012155,0.999069,1.57236,-0.13678,-0.0486268,-0.46893,0.88174,1.88083,-0.124357,0.262999,0.395035,1.45931,-2.71089,
604,0.026105,0.0133863,0.999164,1.57101,-0.134597,-0.0453086,-0.4574,0.861499,1.88385,-0.215126,0.282659,0.434385,1.42264,-2.33261,
605,0.0240278,0.0306886,0.999285,1.56892,-0.132218,-0.0417012,-0.446032,0.844532,1.89012,-0.305217,0.312084,0.467425,1.41949,-1.90924,
606,0.0218102,0.04206,0.99941,1.56613,-0.129578,-0.0378506,-0.434593,0.830879,1.89802,-0.393846,0.347801,0.495211,1.44039,-1.51161,
607,0.0194749,0.049653,0.999523,1.56263,-0.12664,-0.0337961,-0.42292,0.820198,1.90656,-0.480875,0.386957,0.518414,1.47802,-1.16874,
608,0.0170421,0.055094,0.99962,1.55844,-0.123382,-0.029573,-0.410899,0.812013,1.91521,-0.566453,0.427563,0.537397,1.52748,-0.887717,
609,0.0145308,0.0594819,0.999701,1.55357,-0.119798,-0.0252142,-0.398446,0.805839,1.92373,-0.650837,0.468371,0.552309,1.58575,-0.665019,
610,0.0119599,0.0634997,0.999766,1.54803,-0.11589,-0.0207524,-0.385499,0.801238,1.93206,-0.734306,0.508685,0.563173,1.65121,-0.492718,
611,0.00934812,0.0675376,0.999818,1.54182,-0.111663,-0.0162201,-0.372002,0.797845,1.94022,-0.81712,0.548172,0.569947,1.72312,-0.36178,
612,0.00671445,0.0717935,0.999859,1.53495,-0.107123,-0.0116501,-0.357905,0.795362,1.94831,-0.89951,0.586726,0.572573,1.80128,-0.263653,
613,0.00407822,0.0763461,0.999892,1.52743,-0.102279,-0.00707593,-0.343157,0.793559,1.9564,-0.981673,0.624377,0.570997,1.88575,-0.190929,
614,0.00145892,0.0812041,0.999918,1.51925,-0.0971367,-0.00253129,-0.327707,0.792256,1.96459,-1.06378,0.661225,0.565192,1.97674,-0.13752,
615,-0.000937169,0.194608,0.999915,1.51041,-0.0919636,0.00162603,-0.311477,0.79132,1.96517,-1.14757,0.558708,0.383293,2.0875,-0.0985587,
616,-0.00206198,0.294332,0.999928,1.50091,-0.0879463,0.00357762,-0.293691,0.79065,1.97546,-1.22725,0.467266,0.13156,2.35669,-0.0705109,
617,-0.00233855,0.274902,0.999964,1.49079,-0.0839865,0.00405748,-0.273257,0.79017,2.00267,-1.30342,0.534969,0.00377941,2.75051,-0.050429,
618,-0.00220342,0.223043,0.999984,1.48004,-0.0792862,0.00382303,-0.249808,0.789828,2.03062,-1.3826,0.646799,-0.0539535,3.11077,-0.0359299,
619,-0.00189056,0.176426,0.999993,1.46865,-0.073695,0.0032802,-0.223778,0.789585,2.05385,-1.46626,0.751674,-0.0807485,3.39637,-0.0254584,
620,-0.00147281,0.147971,0.999997,1.45657,-0.067354,0.00255538,-0.195726,0.789413,2.07193,-1.55385,0.83348,-0.100406,3.61635,-0.0179343,
621,-0.000973751,0.131459,0.999998,1.44378,-0.0604173,0.0016895,-0.166077,0.789292,2.08685,-1.64431,0.900587,-0.116029,3.79578,-0.0125756,
622,-0.000409045,0.122127,0.999999,1.43025,-0.0529781,0.000709709,-0.135088,0.789208,2.09993,-1.73703,0.959099,-0.12889,3.95108,-0.00878787,
623,0.000210299,0.117082,1,1.41598,-0.0450904,-0.000364877,-0.102915,0.789149,2.11199,-1.83166,1.01267,-0.139735,4.09207,-0.00612722,
624,0.000875984,0.114609,1,1.40094,-0.0367852,-0.00151987,-0.0696472,0.789108,2.1235,-1.92806,1.06347,-0.148996,4.22456,-0.0042679,
625,0.00158127,0.113711,1,1.38513,-0.0280795,-0.00274357,-0.03534,0.789079,2.13475,-2.02615,1.11276,-0.156918,4.35199,-0.00297416,
626,0.00232031,0.113813,1,1.36852,-0.0189826,-0.00402584,-2.51692e-05,0.789059,2.14591,-2.12592,1.16127,-0.163644,4.47642,-0.00207725,
627,0.00255674,0.720912,0.999998,1.35123,-0.0137778,-0.00443606,0.0248237,0.789062,1.93387,-2.19339,0.188623,0.050386,1.86626,0.00203986,
628,0.00202434,0.875964,0.999963,1.33342,-0.0146137,-0.00351232,0.0334506,0.789081,1.81851,-2.26001,-0.338086,0.167555,0.449977,0.00220427,
629,0.00110563,0.921049,0.999717,1.31505,-0.0184573,-0.00191832,0.0339867,0.789094,1.76327,-2.33346,-0.589907,0.223754,-0.227763,0.00112776,
630,0.00034011,0.78346,0.998162,1.29687,-0.0222434,-0.000590105,0.0308006,0.788559,2.03308,-2.04785,-0.0716473,-0.00411569,-0.531949,-0.210923,
631,0.00111962,0.249402,0.992613,1.28267,-0.0198159,-0.00194258,0.0260753,0.78683,2.39605,-1.51395,0.615473,-0.310538,-0.619062,-0.167262,
632,0.0029632,-0.189656,0.97584,1.27241,-0.0136461,-0.00514128,0.0201706,0.785918,2.60606,-1.06548,0.902818,-0.478076,-0.821015,-0.0666495,
633,0.00530391,-0.30406,0.874596,1.26538,-0.00666068,-0.00920262,0.0111347,0.78572,2.6953,-0.706437,0.831925,-0.531124,-1.41602,0.0121958,
634,0.00777166,-0.295343,0.468255,1.26087,-0.000718067,-0.0134845,-0.00278512,0.785974,2.73458,-0.43525,0.648747,-0.535703,-2.0494,0.0450535,
635,0.0102093,-0.239943,-0.229547,1.25819,0.00370161,-0.0177145,-0.0214051,0.786244,2.75272,-0.248445,0.454932,-0.519591,-2.59587,0.0242478,
636,0.0125195,-0.157453,-0.644695,1.25666,0.00664399,-0.0217235,-0.0436574,0.784308,2.74316,-0.146902,0.281177,-0.481088,-2.95971,-0.491068,
637,0.0146134,-0.0679137,-0.78455,1.25562,0.0083671,-0.0253575,-0.0679741,0.776399,2.71072,-0.125277,0.151061,-0.425913,-3.11215,-1.46948,
638,0.0164477,-0.00146061,-0.822608,1.25449,0.00930971,-0.0285413,-0.092829,0.760206,2.67546,-0.165301,0.0897421,-0.370398,-3.10069,-2.57199,
639,0.0180495,0.0215655,-0.829249,1.25293,0.0100358,-0.0313217,-0.11726,0.73502,2.65362,-0.225627,0.096045,-0.326128,-3.01088,-3.72637,
640,0.019466,0.0174997,-0.829387,1.25086,0.0109669,-0.0337806,-0.140933,0.700516,2.64264,-0.292005,0.140042,-0.289657,-2.9105,-4.9005,
641,0.0207153,0.0113846,-0.828341,1.24826,0.0122778,-0.0359495,-0.163863,0.656622,2.63314,-0.358722,0.186358,-0.252401,-2.8216,-6.07161,
642,0.0217845,0.0117298,-0.824518,1.24513,0.0139189,-0.0378059,-0.186109,0.603399,2.62181,-0.422613,0.22237,-0.211485,-2.73963,-7.23284,
643,0.0226586,0.017353,-0.815528,1.2415,0.0158149,-0.0393236,-0.20769,0.540939,2.60916,-0.48404,0.249891,-0.167694,-2.65535,-8.38081,
644,0.023326,0.0275401,-0.798685,1.23739,0.0179032,-0.0404825,-0.228559,0.469376,2.5956,-0.543621,0.270273,-0.121729,-2.56133,-9.50874,
645,0.0237782,0.041713,-0.770307,1.23281,0.0201317,-0.0412678,-0.248612,0.388913,2.58151,-0.602285,0.284862,-0.0743022,-2.45135,-10,
646,0.0240105,0.0591962,-0.724939,1.22775,0.0224603,-0.0416711,-0.267701,0.299858,2.56734,-0.661312,0.295318,-0.0261918,-2.3203,-10,
647,0.0240216,0.0790379,-0.654658,1.22222,0.0248641,-0.0416904,-0.285642,0.202678,2.55363,-0.722358,0.303847,0.0216934,-2.16454,-10,
648,0.0236565,-0.382283,0.00563377,1.21854,0.0279498,-0.0410565,-0.300477,0.105457,2.4276,-0.0597651,0.510509,0.149659,-1.45201,-10,
649,0.0226073,-0.616335,0.104742,1.22068,0.0321162,-0.0392345,-0.312073,0.0251022,2.28564,0.566464,0.528097,0.299807,-1.47735,-8.95027,
650,0.0208756,-0.676072,-0.255419,1.22711,0.0357883,-0.0362279,-0.325791,-0.0386587,2.15309,1.01517,0.382982,0.448239,-1.97302,-7.07673,
651,0.0184584,-0.660562,-0.638428,1.2367,0.0378972,-0.0320315,-0.344017,-0.0910549,2.01814,1.36197,0.135695,0.599173,-2.59608,-6.08595,
652,0.0153437,-0.588998,-0.84478,1.24877,0.037752,-0.026625,-0.367188,-0.138783,1.87718,1.64015,-0.180842,0.752028,-3.20324,-5.89046,
653,0.0115419,-0.464463,-0.927476,1.2628,0.0349591,-0.020027,-0.394861,-0.186966,1.73725,1.85453,-0.525783,0.897746,-3.71816,-6.18779,
654,0.00710779,-0.299129,-0.956509,1.2783,0.0294565,-0.0123326,-0.426023,-0.238715,1.60687,2.0077,-0.857316,1.02647,-4.07321,-6.77386,
655,0.00213621,-0.121581,-0.962402,1.29479,0.0214834,-0.00370641,-0.459174,-0.29593,1.4925,2.10557,-1.1422,1.13088,-4.21421,-7.54913,
656,-0.00263311,0.339273,-0.979059,1.31186,0.0105852,0.00456857,-0.492424,-0.359867,1.37061,2.15202,-1.75833,0.732048,-4.07688,-8.44348,
657,-0.00473498,0.588442,-0.968912,1.3292,-0.00527031,0.00821546,-0.52211,-0.431587,1.31145,2.17804,-2.1616,0.233719,-3.35228,-9.49958,
658,-0.00516388,0.611469,-0.871293,1.34669,-0.0227873,0.00895965,-0.544917,-0.512133,1.30598,2.19004,-2.19222,-0.0168944,-2.35482,-10,
659,-0.00479091,0.560518,-0.433394,1.3642,-0.0398985,0.00831251,-0.559815,-0.601529,1.32009,2.18617,-2.0699,-0.128036,-1.37474,-10,
660,-0.00407337,0.453258,0.309393,1.38152,-0.0555638,0.00706752,-0.567521,-0.697262,1.36366,2.14475,-1.84181,-0.182676,-0.55636,-10,
661,-0.00308469,0.317528,0.683643,1.39837,-0.0693276,0.00535209,-0.569593,-0.7931,1.43906,2.06393,-1.57325,-0.257158,0.0023259,-10,
662,-0.00153138,0.082607,0.67663,1.41422,-0.0801015,0.002657,-0.569371,-0.853321,1.61016,1.91087,-1.1558,-0.401927,0.098223,-4.42484,
663,0.000476485,0.0122881,0.630795,1.42901,-0.0886049,-0.000826721,-0.568875,-0.872707,1.68681,1.79264,-0.984517,-0.463121,0.0439811,-0.834224,
664,0.00266988,0.0114769,0.600129,1.44294,-0.0961667,-0.00463236,-0.568809,-0.871661,1.72002,1.69331,-0.914056,-0.484939,-0.0170294,0.866347,
665,0.00492186,0.0265778,0.600182,1.45613,-0.1033,-0.00853972,-0.56905,-0.86107,1.73837,1.60345,-0.870011,-0.491589,-0.0422345,1.76213,
666,0.00719918,0.0332969,0.614313,1.4686,-0.110046,-0.0124912,-0.569404,-0.843502,1.75816,1.51492,-0.816648,-0.496212,-0.0460574,2.62877,
667,0.00949167,0.0346643,0.634428,1.48037,-0.11634,-0.0164692,-0.569753,-0.818946,1.77896,1.42619,-0.756958,-0.498199,-0.0410118,3.50893,
668,0.0117855,0.0331974,0.656188,1.49142,-0.122142,-0.0204498,-0.570054,-0.78726,1.80013,1.33634,-0.693625,-0.496852,-0.0340468,4.41147,
669,0.0140643,0.03054,0.677634,1.50174,-0.127429,-0.0244045,-0.570306,-0.748254,1.82121,1.24473,-0.628374,-0.491704,-0.0284739,5.33863,
670,0.0163097,0.0277914,0.69821,1.51133,-0.132191,-0.0283018,-0.570523,-0.701736,1.84187,1.1509,-0.562333,-0.482465,-0.0252869,6.28959,
671,0.0185026,0.0257199,0.718113,1.52015,-0.136423,-0.0321083,-0.570723,-0.647522,1.86189,1.05452,-0.49628,-0.468974,-0.0239819,7.2626,
672,0.0206232,0.0249056,0.737916,1.52819,-0.140129,-0.0357897,-0.570914,-0.58544,1.88111,0.955366,-0.430813,-0.451176,-0.0230503,8.25617,
673,0.0226518,0.0258331,0.75833,1.53543,-0.143315,-0.0393119,-0.57109,-0.515331,1.89942,0.853345,-0.366475,-0.429099,-0.0202587,9.26957,
674,0.0245689,0.0289516,0.780043,1.54184,-0.145992,-0.0426408,-0.571226,-0.437034,1.91676,0.748478,-0.303837,-0.402843,-0.0127931,10,
675,0.0263556,0.0347109,0.803586,1.5474,-0.148176,-0.0457439,-0.57127,-0.350382,1.9331,0.640957,-0.243563,-0.372574,0.00268049,10,
676,0.0279941,0.0435782,0.829174,1.55209,-0.14989,-0.0485899,-0.571143,-0.255195,1.94843,0.531186,-0.186468,-0.338519,0.0300018,10,
677,0.0294676,0.0560338,0.856553,1.55589,-0.151161,-0.0511497,-0.570733,-0.151275,1.96276,0.419859,-0.133554,-0.300972,0.0735147,10,
678,0.030761,0.0725378,0.884878,1.5588,-0.152029,-0.0533968,-0.569891,-0.0384048,1.97613,0.30805,-0.086026,-0.260299,0.138041,10,
679,0.0318609,0.0934523,0.912703,1.56082,-0.152541,-0.0553081,-0.568427,0.0836483,1.98862,0.197328,-0.0452802,-0.216963,0.228774,10,
680,0.0327565,0.118904,0.938197,1.56197,-0.152758,-0.0568644,-0.566111,0.215118,2.0004,0.0898839,-0.0128093,-0.171551,0.351018,10,
681,0.03344,0.148579,0.959606,1.56228,-0.152753,-0.0580521,-0.56267,0.356226,2.01173,-0.0113703,0.0099862,-0.124832,0.509672,10,
682,0.0339075,0.181461,0.97583,1.56182,-0.152606,-0.0588646,-0.557798,0.507161,2.02311,-0.102773,0.022122,-0.0778208,0.708369,10,
683,0.0341606,0.215565,0.986795,1.56068,-0.152405,-0.0593045,-0.551169,0.668067,2.03528,-0.180008,0.023492,-0.0318528,0.948214,10,
684,0.0341961,0.165618,0.994876,1.55912,-0.152186,-0.0593663,-0.542333,0.833152,2.00523,-0.13109,0.059353,0.0279887,1.33779,10,
685,0.0338849,-0.0559248,0.998376,1.55888,-0.151037,-0.0588254,-0.529693,0.921568,1.92407,0.0420475,0.236002,0.101049,1.79441,6.24273,
686,0.0332426,-0.127014,0.998841,1.55939,-0.148847,-0.0577091,-0.515134,0.946887,1.871,0.0700119,0.307195,0.17558,1.83059,0.734162,
687,0.0322671,-0.116985,0.998853,1.55981,-0.146338,-0.0560139,-0.50096,0.941111,1.8361,0.0293922,0.315659,0.247005,1.70491,-1.82024,
688,0.0309826,-0.078655,0.998784,1.55978,-0.143838,-0.0537818,-0.487896,0.921993,1.81596,-0.04229,0.306752,0.31034,1.55688,-2.77004,
689,0.0294287,-0.0382453,0.998759,1.5591,-0.141392,-0.0510821,-0.475892,0.898958,1.80716,-0.127151,0.303519,0.364214,1.44205,-2.89581,
690,0.027647,-0.00564682,0.998812,1.55773,-0.138923,-0.047987,-0.464627,0.876666,1.80624,-0.216674,0.313115,0.409345,1.37309,-2.63771,
691,0.0256743,0.0175802,0.998929,1.55564,-0.136331,-0.0445607,-0.453754,0.85713,1.81026,-0.306915,0.334873,0.447131,1.34492,-2.2352,
692,0.0235413,0.0331091,0.999077,1.55283,-0.133529,-0.0408564,-0.442984,0.840954,1.81704,-0.39619,0.365521,0.478889,1.34771,-1.81152,
693,0.0212734,0.0432898,0.999227,1.54931,-0.130461,-0.0369185,-0.432104,0.828045,1.82513,-0.483926,0.401668,0.505573,1.37243,-1.42437,
694,0.0188926,0.0501628,0.999366,1.54509,-0.127092,-0.0327852,-0.420966,0.818006,1.83368,-0.57008,0.44067,0.527768,1.41239,-1.09568,
695,0.0164188,0.0552174,0.999486,1.54019,-0.123407,-0.0284912,-0.409464,0.810348,1.84225,-0.654837,0.480734,0.545773,1.46321,-0.828969,
696,0.0138712,0.0594358,0.999586,1.53461,-0.119401,-0.0240694,-0.397523,0.804591,1.85064,-0.738462,0.520769,0.559695,1.52229,-0.61908,
697,0.0112685,0.0634149,0.999669,1.52838,-0.115077,-0.0195526,-0.385081,0.800314,1.85884,-0.821229,0.560185,0.569535,1.5883,-0.457524,
698,0.00862979,0.0674856,0.999736,1.52148,-0.110442,-0.0149736,-0.372085,0.797166,1.86688,-0.903386,0.59872,0.575244,1.66066,-0.335236,
699,0.0059742,0.0718073,0.999791,1.51392,-0.105502,-0.0103657,-0.358486,0.794868,1.87486,-0.985153,0.636312,0.576762,1.73926,-0.243878,
700,0.00332127,0.0764345,0.999836,1.50572,-0.100264,-0.00576256,-0.344232,0.793201,1.88287,-1.06672,0.673012,0.574042,1.82422,-0.176343,
701,0.000690633,0.0813615,0.999872,1.49686,-0.0947366,-0.00119827,-0.329272,0.791998,1.891,-1.14825,0.708936,0.567062,1.91579,-0.12685,
702,-0.00145903,0.244161,0.999842,1.48734,-0.0895386,0.00253148,-0.313494,0.791135,1.88788,-1.23214,0.540726,0.303677,2.03324,-0.0907949,
703,-0.00230513,0.298624,0.999887,1.47717,-0.0854231,0.0039995,-0.295884,0.790518,1.90547,-1.3088,0.5073,0.0872041,2.36716,-0.0649868,
704,-0.0024296,0.264551,0.999945,1.4664,-0.0810601,0.00421546,-0.27535,0.790076,1.93409,-1.38436,0.59422,-0.0197352,2.76511,-0.0464432,
705,-0.00221623,0.209686,0.999975,1.45501,-0.075869,0.00384525,-0.251845,0.789761,1.96135,-1.46365,0.709102,-0.065796,3.1103,-0.0330439,
706,-0.00185688,0.167053,0.999988,1.44297,-0.0698006,0.00322176,-0.225893,0.789538,1.98312,-1.5475,0.807966,-0.089962,3.37751,-0.0233725,
707,-0.00139929,0.14174,0.999993,1.43024,-0.0630283,0.00242783,-0.198043,0.78938,2.00013,-1.63501,0.885012,-0.108475,3.58474,-0.0164391,
708,-0.000864977,0.127057,0.999996,1.4168,-0.0556916,0.00150077,-0.16868,0.789269,2.0143,-1.7252,0.949061,-0.123256,3.75582,-0.011512,
709,-0.000268525,0.118737,0.999998,1.40263,-0.0478727,0.000465902,-0.138034,0.789192,2.02682,-1.81754,1.00555,-0.135435,3.90534,-0.00803595,
710,0.000379586,0.114207,0.999999,1.38771,-0.0396191,-0.000658597,-0.106244,0.789138,2.03842,-1.91171,1.05771,-0.14567,4.042,-0.00559807,
711,0.00107127,0.111951,0.999999,1.37204,-0.0309578,-0.00185869,-0.0733912,0.7891,2.04951,-2.0076,1.10747,-0.154339,4.17093,-0.00389669,
712,0.0017998,0.11109,1,1.35559,-0.0219036,-0.00312273,-0.0395258,0.789074,2.06034,-2.10513,1.15592,-0.161659,4.29518,-0.00271419,
713,0.00255925,0.111116,1,1.33835,-0.0124642,-0.00444041,-0.00467782,0.789056,2.07108,-2.20429,1.20374,-0.167755,4.41654,-0.00189516,
714,0.00297196,0.66189,0.999996,1.3204,-0.00564142,-0.00515648,0.0231083,0.789056,1.88976,-2.27575,0.371511,0.0166707,2.181,0.00191743,
715,0.002607,0.771667,0.999865,1.30205,-0.00507696,-0.00452326,0.0335053,0.789,1.88244,-2.20529,0.039329,0.0459777,0.58427,-0.0844822,
716,0.00311622,0.315335,0.998062,1.2866,-0.00232203,-0.00540679,0.0345776,0.787875,2.24735,-1.66911,0.596142,-0.243122,-0.21035,-0.128576,
717,0.00467619,-0.145283,0.99135,1.27514,0.00380331,-0.00811345,0.0312893,0.787093,2.48305,-1.21087,0.910592,-0.421318,-0.553224,-0.0696551,
718,0.00679127,-0.312035,0.954288,1.26701,0.0110991,-0.0117834,0.0244944,0.786724,2.59878,-0.835595,0.898479,-0.488859,-1.12031,-0.0253403,
719,0.00907213,-0.322259,0.759993,1.26155,0.0176355,-0.0157411,0.0128248,0.786641,2.65066,-0.544279,0.72893,-0.496462,-1.78146,0.00235786,
720,0.0113277,-0.274363,0.192851,1.25808,0.0226803,-0.0196552,-0.00385403,0.78669,2.67606,-0.335238,0.529912,-0.479576,-2.37775,0.00962321,
721,0.0134807,-0.206023,-0.444554,1.25597,0.0262169,-0.0233916,-0.024816,0.786663,2.68977,-0.20372,0.354267,-0.452906,-2.8552,-0.0124155,
722,0.0154532,-0.117044,-0.716035,1.2546,0.028449,-0.026815,-0.048728,0.783522,2.66893,-0.151972,0.204488,-0.401411,-3.11561,-0.756483,
723,0.0171668,-0.0354041,-0.801248,1.25335,0.0296928,-0.0297895,-0.0739428,0.773305,2.63346,-0.16944,0.109429,-0.341518,-3.18378,-1.7859,
724,0.0186179,0.00803161,-0.824557,1.25178,0.030461,-0.0323084,-0.0991916,0.754538,2.60486,-0.225225,0.0870881,-0.289466,-3.13155,-2.9062,
725,0.0198533,0.015602,-0.830818,1.24973,0.0312536,-0.034453,-0.123865,0.726635,2.58925,-0.28857,0.114698,-0.247878,-3.04014,-4.07096,
726,0.0209089,0.0081898,-0.834258,1.24715,0.0323656,-0.0362857,-0.147834,0.689353,2.58,-0.356449,0.163607,-0.210532,-2.9529,-5.24892,
727,0.0217867,0.00578232,-0.835602,1.24404,0.0338427,-0.0378098,-0.17115,0.642655,2.56945,-0.421953,0.204287,-0.170315,-2.87572,-6.42423,
728,0.0224729,0.00903376,-0.832989,1.24041,0.0356092,-0.0390012,-0.193854,0.586579,2.5574,-0.484593,0.235708,-0.127309,-2.8,-7.59334,
729,0.0229562,0.017167,-0.824408,1.23629,0.0375962,-0.0398403,-0.215926,0.521196,2.54427,-0.544805,0.259204,-0.082217,-2.71767,-8.75114,
730,0.0232285,0.0296636,-0.807283,1.2317,0.0397447,-0.0403132,-0.237287,0.446628,2.5304,-0.603298,0.275929,-0.0357079,-2.62189,-9.88968,
731,0.023285,0.0460085,-0.777774,1.22664,0.0420054,-0.0404113,-0.257804,0.363076,2.51616,-0.6611,0.287202,0.011518,-2.50679,-10,
732,0.0231241,0.0654996,-0.729944,1.22112,0.0443413,-0.0401319,-0.277303,0.270854,2.50194,-0.719606,0.294774,0.0586723,-2.36753,-10,
733,0.0227242,-0.101383,-0.484484,1.21544,0.04681,-0.0394376,-0.295325,0.171483,2.44498,-0.498936,0.370418,0.140323,-1.98273,-10,
734,0.0217175,-0.538172,0.0933441,1.21463,0.0504342,-0.0376897,-0.308995,0.0826443,2.30965,0.267299,0.53658,0.28912,-1.47034,-10,
735,0.0200277,-0.662648,-0.0955726,1.21901,0.054433,-0.0347559,-0.321925,0.0102947,2.1807,0.80108,0.457708,0.439502,-1.78801,-8.02072,
736,0.0176525,-0.680708,-0.499073,1.22711,0.0573156,-0.0306326,-0.338482,-0.0479189,2.05339,1.20068,0.254765,0.588714,-2.36793,-6.60816,
737,0.0145868,-0.637515,-0.780762,1.23807,0.0582287,-0.0253113,-0.359889,-0.0984277,1.91914,1.51974,-0.0355784,0.740605,-2.99311,-6.07268,
738,0.0108296,-0.539257,-0.905502,1.25129,0.0566148,-0.0187909,-0.386104,-0.147217,1.78104,1.77241,-0.376898,0.889487,-3.56527,-6.1628,
739,0.00641645,-0.390083,-0.951695,1.26627,0.0522329,-0.011133,-0.416409,-0.198231,1.64737,1.96043,-0.726804,1.02546,-4.01293,-6.61937,
740,0.00142683,-0.210658,-0.966032,1.28251,0.0451714,-0.0024756,-0.449535,-0.25384,1.52598,2.08826,-1.04567,1.13964,-4.2688,-7.30529,
741,-0.00298933,0.34576,-0.987674,1.29954,0.0342948,0.00518662,-0.483604,-0.315546,1.38909,2.15993,-1.80241,0.628331,-4.23285,-8.13387,
742,-0.00474858,0.558776,-0.97942,1.31704,0.0183246,0.00823907,-0.514519,-0.384672,1.33626,2.20769,-2.15336,0.183695,-3.50166,-9.16294,
743,-0.00502251,0.577135,-0.914684,1.33482,0.000894212,0.00871435,-0.538663,-0.462443,1.32887,2.23381,-2.18136,-0.0371612,-2.54007,-10,
744,-0.00459635,0.533479,-0.604474,1.35271,-0.0162106,0.00797493,-0.555175,-0.549144,1.33585,2.23626,-2.08123,-0.13261,-1.59213,-10,
745,-0.00388732,0.446241,0.0950782,1.37049,-0.0321484,0.00674471,-0.56462,-0.643138,1.3628,2.20836,-1.89864,-0.173335,-0.773111,-10,
746,-0.00295548,0.336966,0.583153,1.38786,-0.0464328,0.0051279,-0.568396,-0.739284,1.4179,2.13354,-1.67173,-0.230995,-0.172335,-10,
747,-0.0016742,0.145679,0.665726,1.40446,-0.0586171,0.0029048,-0.568608,-0.822443,1.55245,1.99871,-1.31683,-0.348238,0.0449009,-7.26306,
748,0.000149473,0.0245518,0.620037,1.41987,-0.0680863,-0.000259342,-0.56844,-0.858948,1.65873,1.86339,-1.06861,-0.435555,0.018989,-2.38939,
749,0.00224767,0.00326939,0.568677,1.43433,-0.0761819,-0.0038998,-0.568654,-0.867088,1.70662,1.75455,-0.965801,-0.470266,-0.0591473,0.0564299,
750,0.00444271,0.0181077,0.552539,1.44799,-0.0836996,-0.00770834,-0.569336,-0.861613,1.72768,1.66105,-0.918722,-0.479768,-0.104547,1.16827,
751,0.00666305,0.0308293,0.56263,1.46092,-0.0908638,-0.0115609,-0.57022,-0.849056,1.74512,1.57249,-0.8724,-0.483327,-0.116367,1.96996,
752,0.00889572,0.0354784,0.584094,1.47315,-0.0976201,-0.015435,-0.571133,-0.830055,1.76435,1.48458,-0.816764,-0.48514,-0.111594,2.77944,
753,0.0111305,0.0355172,0.609459,1.48467,-0.103909,-0.0193131,-0.571985,-0.804477,1.78452,1.39614,-0.755565,-0.484291,-0.101176,3.61376,
754,0.0133537,0.0332009,0.63492,1.49548,-0.109695,-0.0231712,-0.572754,-0.772103,1.80501,1.3064,-0.691228,-0.480154,-0.0909533,4.47861,
755,0.0155491,0.0300111,0.658965,1.50557,-0.114961,-0.0269816,-0.573454,-0.732689,1.82537,1.2148,-0.625324,-0.472315,-0.0835103,5.37384,
756,0.0176991,0.02694,0.681372,1.51491,-0.119696,-0.0307135,-0.574107,-0.686,1.84528,1.12094,-0.558884,-0.460521,-0.0793597,6.29697,
757,0.0197852,0.0246815,0.702587,1.5235,-0.1239,-0.0343349,-0.574738,-0.631826,1.86453,1.02456,-0.49262,-0.444646,-0.0776821,7.2451,
758,0.0217885,0.0237611,0.723357,1.5313,-0.127577,-0.0378129,-0.575358,-0.569976,1.88296,0.925467,-0.427083,-0.424662,-0.0767693,8.21593,
759,0.0236903,0.0246211,0.744529,1.5383,-0.130733,-0.0411151,-0.575965,-0.500273,1.90048,0.82359,-0.362777,-0.400624,-0.0742734,9.20823,
760,0.0254721,0.0276762,0.766902,1.54447,-0.133381,-0.0442094,-0.576535,-0.422546,1.91703,0.718971,-0.300237,-0.372654,-0.0673311,10,
761,0.0271163,0.0333477,0.7911,1.54979,-0.135537,-0.0470651,-0.577019,-0.336617,1.93258,0.611805,-0.240097,-0.340938,-0.0526114,10,
762,0.0286062,0.0420789,0.817426,1.55425,-0.137223,-0.0496533,-0.577338,-0.242298,1.94714,0.502492,-0.183134,-0.305719,-0.0263197,10,
763,0.0299266,0.0543327,0.84571,1.55783,-0.138468,-0.0519471,-0.577384,-0.139379,1.96074,0.3917,-0.130313,-0.267305,0.0158087,10,
764,0.0310636,0.0705601,0.875166,1.56052,-0.139311,-0.0539226,-0.577011,-0.0276316,1.97344,0.280462,-0.0828039,-0.226071,0.0784928,10,
765,0.0320053,0.0911281,0.904375,1.56232,-0.139797,-0.055559,-0.576033,0.0931895,1.98536,0.170289,-0.0419691,-0.182484,0.166816,10,
766,0.0327423,0.116188,0.931459,1.56325,-0.139987,-0.0568396,-0.574225,0.223335,1.99668,0.0632907,-0.00928121,-0.137129,0.285985,10,
767,0.0332681,0.145475,0.954539,1.56335,-0.139952,-0.0577533,-0.57132,0.363044,2.00772,-0.0377172,0.0138583,-0.0907637,0.440852,10,
768,0.0335802,0.178052,0.972331,1.56267,-0.139773,-0.0582958,-0.567016,0.512526,2.019,-0.129178,0.0264325,-0.0443841,0.635083,10,
769,0.0336814,0.212036,0.984593,1.56132,-0.139536,-0.0584717,-0.560993,0.671944,2.03132,-0.206881,0.0282611,0.000703898,0.86995,10,
770,0.0335697,0.163239,0.993871,1.55954,-0.13928,-0.0582776,-0.552806,0.835552,2.00353,-0.158549,0.0628402,0.0592686,1.2524,10,
771,0.0331183,-0.0546907,0.998001,1.55909,-0.138122,-0.0574931,-0.540882,0.922947,1.9266,0.014959,0.234591,0.130767,1.70133,6.14502,
772,0.0323434,-0.12423,0.998552,1.55938,-0.135954,-0.0561463,-0.527069,0.947657,1.8756,0.0435805,0.303396,0.20351,1.73733,0.676379,
773,0.0312439,-0.113743,0.998552,1.5596,-0.13348,-0.0542358,-0.513629,0.941523,1.84174,0.00354808,0.310965,0.27294,1.61491,-1.85381,
774,0.0298448,-0.0754029,0.998453,1.55936,-0.131018,-0.0518049,-0.501267,0.9222,1.82214,-0.0676992,0.301856,0.33412,1.47146,-2.78909,
775,0.0281865,-0.0351254,0.99841,1.55848,-0.128611,-0.0489241,-0.489927,0.89905,1.81362,-0.15224,0.29866,0.385711,1.36155,-2.90626,
776,0.0263111,-0.00265369,0.998467,1.55691,-0.126181,-0.0456666,-0.479287,0.876696,1.81288,-0.241502,0.308308,0.428443,1.29749,-2.64317,
777,0.024256,0.0205064,0.998608,1.55462,-0.123628,-0.0420975,-0.468999,0.857129,1.81703,-0.331498,0.330045,0.463728,1.27407,-2.23781,
778,0.0220523,0.0360318,0.99879,1.55161,-0.120865,-0.0382709,-0.458777,0.840939,1.82393,-0.420517,0.360582,0.49289,1.28152,-1.81258,
779,0.0197258,0.0462561,0.998979,1.5479,-0.117837,-0.0342318,-0.448408,0.828025,1.83216,-0.507975,0.396548,0.516894,1.31085,-1.42461,
780,0.017299,0.0531991,0.999156,1.54349,-0.11451,-0.0300189,-0.437744,0.817986,1.84086,-0.593824,0.435321,0.536339,1.35544,-1.09552,
781,0.014792,0.0583317,0.99931,1.5384,-0.110868,-0.0256675,-0.426679,0.81033,1.8496,-0.678249,0.475132,0.551539,1.41094,-0.82865,
782,0.0122242,0.062622,0.99944,1.53264,-0.106908,-0.021211,-0.415137,0.804576,1.85818,-0.76152,0.51491,0.562623,1.47476,-0.618721,
783,0.00961441,0.0666567,0.999548,1.52622,-0.102633,-0.0166822,-0.403056,0.800301,1.86659,-0.843913,0.554081,0.569612,1.54557,-0.457184,
784,0.00698176,0.07076,0.999638,1.51914,-0.0980468,-0.0121139,-0.390383,0.797156,1.87485,-0.925683,0.592394,0.572477,1.62276,-0.334941,
785,0.00434535,0.075087,0.999711,1.51141,-0.0931582,-0.00753942,-0.377068,0.79486,1.88306,-1.00705,0.629794,0.571181,1.7062,-0.243634,
786,0.00172447,0.07969,0.999771,1.50303,-0.0879737,-0.00299203,-0.363059,0.793195,1.8913,-1.08822,0.666339,0.5657,1.79598,-0.176147,
787,-0.000782696,0.158615,0.999776,1.494,-0.0826101,0.00135801,-0.348296,0.791994,1.89433,-1.17049,0.607768,0.439033,1.90119,-0.126672,
788,-0.00208962,0.292908,0.999767,1.48431,-0.0783902,0.00362557,-0.332183,0.791132,1.89928,-1.25048,0.47119,0.157696,2.12446,-0.0907771,
789,-0.00244523,0.282524,0.999872,1.47401,-0.0744599,0.00424259,-0.313607,0.790514,1.9258,-1.32428,0.525066,0.0136384,2.51812,-0.0650123,
790,-0.00233389,0.231061,0.99994,1.46312,-0.0698498,0.00404941,-0.29197,0.790072,1.95438,-1.40046,0.634951,-0.0525134,2.8901,-0.0463858,
791,-0.00202023,0.180765,0.99997,1.45159,-0.0643428,0.00350518,-0.267657,0.789758,1.97845,-1.48118,0.74318,-0.0817144,3.18777,-0.0329253,
792,-0.00159614,0.149132,0.999984,1.4394,-0.0580593,0.00276936,-0.241245,0.789536,1.99692,-1.56611,0.827631,-0.102184,3.41498,-0.0232429,
793,-0.00108793,0.130541,0.999991,1.42652,-0.0511645,0.00188761,-0.213194,0.789379,2.01179,-1.65412,0.89599,-0.118213,3.59753,-0.0163339,
794,-0.000512842,0.119805,0.999995,1.41293,-0.0437605,0.0008898,-0.18379,0.789269,2.02454,-1.74446,0.954909,-0.131206,3.75331,-0.0114386,
795,0.000117046,0.113747,0.999997,1.39861,-0.0359069,-0.00020308,-0.153203,0.789192,2.03606,-1.83673,1.00839,-0.141989,3.89307,-0.00799027,
796,0.000792642,0.110478,0.999998,1.38354,-0.0276376,-0.00137527,-0.121538,0.789139,2.04687,-1.93072,1.05879,-0.151038,4.02316,-0.00557302,
797,0.00150658,0.108894,0.999999,1.36771,-0.0189718,-0.00261398,-0.0888548,0.789101,2.05729,-2.02633,1.10751,-0.158626,4.14733,-0.00388538,
798,0.00225249,0.10836,1,1.35111,-0.0099197,-0.00390817,-0.0551932,0.789075,2.06751,-2.12354,1.15536,-0.164911,4.26782,-0.00271118,
799,0.00302457,0.108511,1,1.33373,-0.000486355,-0.00524777,-0.0205771,0.789057,2.07763,-2.22234,1.2028,-0.169985,4.38594,-0.00189659,
800,0.00368794,0.489641,0.999998,1.31558,0.00828334,-0.00639876,0.012187,0.789049,1.96851,-2.3058,0.701893,-0.0558666,3.0352,0.000991768,
801,0.00362807,0.643939,0.999911,1.29711,0.0111032,-0.00629488,0.0277892,0.788921,1.98326,-2.18164,0.333184,-0.036151,1.06171,-0.111502,
802,0.00444724,0.151503,0.998374,1.28182,0.015744,-0.00771621,0.0317496,0.787741,2.33194,-1.6523,0.783139,-0.297581,0.0530369,-0.127179,
803,0.00621499,-0.263309,0.991591,1.27046,0.0230968,-0.0107835,0.0300153,0.786979,2.56201,-1.20142,1.03662,-0.45851,-0.416493,-0.0663765,
804,0.00845719,-0.371257,0.94448,1.26237,0.0311301,-0.0146741,0.0237191,0.78664,2.66904,-0.834074,0.957135,-0.506869,-1.13212,-0.0215185,
805,0.0107957,-0.355963,0.684826,1.25688,0.0380098,-0.018732,0.0116656,0.786583,2.71921,-0.552485,0.756315,-0.503504,-1.86553,0.00523795,
806,0.013066,-0.293257,0.00503083,1.25331,0.0432117,-0.022672,-0.00583988,0.786636,2.74454,-0.355163,0.541965,-0.479,-2.50026,0.0084953,
807,0.0151894,-0.209938,-0.57472,1.25098,0.046799,-0.0263573,-0.0277647,0.785794,2.75041,-0.239587,0.355037,-0.440821,-2.97394,-0.203235,
808,0.0170852,-0.11188,-0.779994,1.24925,0.0490309,-0.0296479,-0.0525407,0.780513,2.72229,-0.204913,0.203751,-0.38019,-3.21248,-1.09996,
809,0.0186912,-0.0321743,-0.841206,1.24752,0.050306,-0.0324355,-0.0784479,0.767267,2.68486,-0.236395,0.119636,-0.316788,-3.2624,-2.20275,
810,0.0200287,0.00213288,-0.859937,1.2454,0.0512067,-0.0347575,-0.104321,0.744929,2.65928,-0.294428,0.110045,-0.265178,-3.21002,-3.38374,
811,0.0211515,0.00432262,-0.867956,1.24279,0.0522142,-0.0367069,-0.129675,0.712987,2.6457,-0.360075,0.145585,-0.223326,-3.1316,-4.60271,
812,0.0220872,-1.43369e-05,-0.872977,1.23964,0.0535618,-0.0383315,-0.154433,0.671245,2.63503,-0.427406,0.189973,-0.182657,-3.05768,-5.83155,
813,0.0228285,0.00151654,-0.874827,1.23596,0.0552263,-0.0396187,-0.178616,0.619677,2.62273,-0.491428,0.224537,-0.13893,-2.98772,-7.05894,
814,0.023363,0.0081918,-0.872286,1.23178,0.0571337,-0.0405468,-0.202222,0.558312,2.6092,-0.552463,0.25048,-0.0928397,-2.91331,-8.28086,
815,0.0236813,0.0195854,-0.863778,1.22713,0.0592189,-0.0410995,-0.225186,0.487218,2.59475,-0.611073,0.26876,-0.0450275,-2.82709,-9.49158,
816,0.0237769,0.0353194,-0.846828,1.22201,0.0614245,-0.0412656,-0.247386,0.406514,2.57968,-0.668122,0.28044,0.0038539,-2.72245,-10,
817,0.0236466,0.0548747,-0.817286,1.21644,0.063703,-0.0410393,-0.268653,0.316399,2.56429,-0.72483,0.286949,0.0530903,-2.59354,-10,
818,0.0232785,-0.0579397,-0.68069,1.21057,0.0660615,-0.0404,-0.288643,0.217703,2.52092,-0.583603,0.341781,0.127681,-2.2766,-10,
819,0.0223194,-0.529944,-0.102644,1.20915,0.0695739,-0.0387346,-0.30424,0.126645,2.39489,0.202271,0.537034,0.281356,-1.6573,-10,
820,0.0206412,-0.666817,-0.219384,1.21313,0.0735993,-0.0358209,-0.318414,0.050544,2.26569,0.766951,0.463531,0.442293,-1.91188,-8.57627,
821,0.018231,-0.692188,-0.559898,1.22107,0.0765301,-0.0316368,-0.335818,-0.0124175,2.1374,1.19631,0.260618,0.601061,-2.45644,-7.23927,
822,0.0150909,-0.656161,-0.804954,1.23209,0.077483,-0.0261862,-0.357878,-0.0679684,2.00323,1.54078,-0.0319899,0.760486,-3.06853,-6.70354,
823,0.0112271,-0.564735,-0.916538,1.24557,0.0758734,-0.0194807,-0.384716,-0.121651,1.86528,1.8141,-0.379967,0.915788,-3.6463,-6.75751,
824,0.00667798,-0.41855,-0.958576,1.26095,0.0714172,-0.0115868,-0.415746,-0.177252,1.73044,2.01839,-0.742909,1.05813,-4.11358,-7.17356,
825,0.00152295,-0.234564,-0.972027,1.27771,0.0641569,-0.00264238,-0.44978,-0.237153,1.60634,2.15784,-1.07978,1.17873,-4.3954,-7.82608,
826,-0.00304891,0.346307,-0.990563,1.29533,0.0528814,0.00528999,-0.484939,-0.302927,1.46476,2.23685,-1.87309,0.651267,-4.3783,-8.6318,
827,-0.00487559,0.569699,-0.984382,1.31345,0.0362592,0.00845943,-0.516971,-0.375978,1.41061,2.28666,-2.24397,0.191605,-3.63634,-9.64787,
828,-0.00516616,0.591462,-0.933062,1.33186,0.0180779,0.00896361,-0.542107,-0.457621,1.40397,2.31185,-2.27772,-0.0369269,-2.65338,-10,
829,-0.00473187,0.549294,-0.666873,1.35037,0.000197418,0.00821008,-0.559423,-0.548272,1.41198,2.31511,-2.17787,-0.135867,-1.68039,-10,
830,-0.00400739,0.464658,0.022878,1.3688,-0.0165242,0.00695304,-0.569445,-0.64659,1.43757,2.29039,-1.9973,-0.176142,-0.829292,-10,
831,-0.00306148,0.354751,0.555005,1.38682,-0.0315774,0.00531182,-0.573547,-0.747781,1.49271,2.21502,-1.76523,-0.234288,-0.197494,-10,
832,-0.00177744,0.169749,0.66805,1.40405,-0.0445342,0.00308394,-0.57376,-0.835663,1.62233,2.07248,-1.41037,-0.348623,0.06176,-7.6015,
833,7.02554e-05,0.0304882,0.626005,1.42004,-0.0546368,-0.000121896,-0.573413,-0.873167,1.7381,1.93321,-1.13522,-0.444908,0.0491147,-2.34802,
834,0.00222018,0.00321426,0.573746,1.43504,-0.0632237,-0.00385211,-0.573392,-0.880209,1.78951,1.82236,-1.02299,-0.482948,-0.0294028,0.264015,
835,0.00447571,0.0175026,0.556734,1.44924,-0.0711889,-0.00776561,-0.573848,-0.872815,1.81124,1.72781,-0.974006,-0.49308,-0.0771963,1.42439,
836,0.00675695,0.030957,0.567368,1.4627,-0.0787953,-0.0117238,-0.574517,-0.858192,1.8285,1.63862,-0.92766,-0.496424,-0.0899681,2.23042,
837,0.00904948,0.0360075,0.589972,1.47546,-0.0859918,-0.0157018,-0.575219,-0.837086,1.84765,1.55004,-0.871566,-0.498011,-0.0851391,3.04491,
838,0.011343,0.0362477,0.616751,1.4875,-0.092716,-0.0196818,-0.575857,-0.809359,1.86779,1.46087,-0.809623,-0.496889,-0.0741088,3.88582,
839,0.0136234,0.0340307,0.643718,1.49883,-0.0989312,-0.0236394,-0.576407,-0.774774,1.88827,1.3703,-0.744368,-0.492406,-0.062974,4.75921,
840,0.0158743,0.0309111,0.669285,1.50942,-0.104617,-0.027546,-0.576878,-0.733072,1.9086,1.27778,-0.677458,-0.484128,-0.0544333,5.66508,
841,0.0180775,0.0279369,0.69321,1.51926,-0.109766,-0.0313703,-0.577294,-0.684002,1.92845,1.18288,-0.609988,-0.471789,-0.0490119,6.60091,
842,0.020214,0.0258474,0.715935,1.52834,-0.114375,-0.0350793,-0.577676,-0.627338,1.9476,1.08535,-0.542727,-0.455257,-0.0458278,7.56377,
843,0.0222644,0.0252072,0.738202,1.53662,-0.118448,-0.0386392,-0.578034,-0.562871,1.96588,0.984995,-0.47628,-0.434499,-0.0430513,8.55131,
844,0.0242094,0.026496,0.760828,1.54409,-0.121995,-0.0420165,-0.578362,-0.490411,1.98319,0.881767,-0.411208,-0.409571,-0.0381628,9.56225,
845,0.0260301,0.0301654,0.784545,1.55072,-0.125027,-0.0451785,-0.57863,-0.409769,1.99947,0.77574,-0.348111,-0.380598,-0.0280808,10,
846,0.0277083,0.0366727,0.809859,1.55649,-0.127565,-0.0480934,-0.578783,-0.320756,2.0147,0.667164,-0.287699,-0.347773,-0.00921137,10,
847,0.029227,0.0464937,0.836902,1.56139,-0.129631,-0.0507316,-0.578734,-0.223171,2.02889,0.556523,-0.230841,-0.31135,0.0225421,10,
848,0.0305703,0.0601121,0.865281,1.56539,-0.13126,-0.0530655,-0.578361,-0.116796,2.04208,0.44461,-0.178602,-0.271654,0.0717746,10,
849,0.0317243,0.0779745,0.893989,1.5685,-0.132492,-0.0550706,-0.577504,-0.00140146,2.05435,0.33263,-0.132253,-0.229087,0.143536,10,
850,0.0326768,0.100396,0.921463,1.57072,-0.13338,-0.0567258,-0.57596,0.123253,2.06585,0.222323,-0.0932361,-0.184156,0.243186,10,
851,0.0334184,0.127404,0.94588,1.57207,-0.13399,-0.0580147,-0.573486,0.257403,2.0768,0.116079,-0.0630477,-0.137511,0.376071,10,
852,0.0339433,0.158508,0.965682,1.5726,-0.134397,-0.0589269,-0.569796,0.401261,2.08762,0.0170265,-0.0430093,-0.0900009,0.546908,10,
853,0.0342498,0.192435,0.980117,1.57238,-0.134686,-0.0594596,-0.564572,0.555003,2.09894,-0.0709757,-0.0339007,-0.0427456,0.758806,10,
854,0.0343422,0.226871,0.989481,1.57151,-0.134945,-0.0596203,-0.557485,0.718757,2.11171,-0.14348,-0.0354602,0.0027951,1.0119,10,
855,0.0341961,0.100811,0.996698,1.57056,-0.135068,-0.0593663,-0.547786,0.872719,2.05634,-0.0120185,0.0496627,0.071022,1.49305,10,
856,0.0336929,-0.0839988,0.998669,1.57109,-0.134061,-0.0584917,-0.534425,0.940431,1.98869,0.117987,0.204656,0.142861,1.82372,4.34246,
857,0.0328607,-0.12917,0.998939,1.57211,-0.132198,-0.0570454,-0.519873,0.9544,1.94221,0.124541,0.256219,0.216708,1.80152,-0.282762,
858,0.0317015,-0.108003,0.998919,1.57293,-0.130129,-0.0550309,-0.505994,0.942709,1.91192,0.0736082,0.257154,0.285891,1.66157,-2.32987,
859,0.030245,-0.0667867,0.998865,1.57322,-0.128098,-0.0525003,-0.493255,0.92076,1.8952,-0.00308303,0.248263,0.346184,1.51954,-2.9964,
860,0.0285335,-0.027198,0.998867,1.57285,-0.126108,-0.0495269,-0.481499,0.896587,1.88887,-0.0903871,0.248173,0.396842,1.41764,-2.97032,
861,0.0266086,0.00347513,0.998943,1.57177,-0.124068,-0.0461833,-0.470377,0.874041,1.88963,-0.1811,0.261471,0.43887,1.36222,-2.6359,
862,0.0245065,0.0248643,0.999069,1.56996,-0.121876,-0.0425326,-0.459544,0.854676,1.89475,-0.271919,0.286398,0.473729,1.34593,-2.1993,
863,0.0222573,0.0390264,0.999214,1.56742,-0.119453,-0.0386268,-0.448726,0.838843,1.90223,-0.361484,0.319414,0.50269,1.3586,-1.76421,
864,0.0198858,0.0483329,0.999354,1.56418,-0.116747,-0.0345095,-0.437726,0.826318,1.91077,-0.449384,0.357212,0.526635,1.3916,-1.37706,
865,0.0174141,0.0547237,0.999478,1.56024,-0.113729,-0.0302187,-0.426405,0.816639,1.91964,-0.535661,0.397331,0.546089,1.43874,-1.05352,
866,0.0148621,0.0595693,0.999584,1.55561,-0.110388,-0.0257892,-0.414667,0.809291,1.92846,-0.620539,0.438155,0.561309,1.49609,-0.7937,
867,0.0122493,0.0637519,0.999671,1.55031,-0.10672,-0.0212546,-0.402438,0.803788,1.93709,-0.704305,0.478736,0.572385,1.56139,-0.59074,
868,0.00959468,0.0677944,0.999741,1.54435,-0.102731,-0.0166479,-0.389658,0.799713,1.94552,-0.787241,0.518585,0.579311,1.63351,-0.435377,
869,0.00691761,0.0719772,0.999798,1.53772,-0.098427,-0.0120026,-0.376277,0.79672,1.95383,-0.869601,0.557506,0.582044,1.71202,-0.318279,
870,0.00423756,0.0764269,0.999843,1.53043,-0.0938151,-0.0073524,-0.362241,0.79454,1.96209,-0.951609,0.595482,0.58054,1.79685,-0.231096,
871,0.0015742,0.0811782,0.999879,1.52249,-0.0889028,-0.00273129,-0.347501,0.792962,1.9704,-1.03346,0.632592,0.57477,1.88816,-0.166826,
872,-0.000865065,0.195247,0.999873,1.5139,-0.0839594,0.00150092,-0.331979,0.791825,1.97099,-1.11692,0.52929,0.391617,1.99931,-0.1198,
873,-0.00202003,0.296395,0.99989,1.50464,-0.0801867,0.00350483,-0.314893,0.79101,1.9813,-1.19596,0.435746,0.13658,2.26983,-0.0858193,
874,-0.00231467,0.276963,0.999944,1.49478,-0.0764808,0.00401605,-0.295141,0.790426,2.00876,-1.27106,0.503162,0.0067635,2.66671,-0.0614075,
875,-0.0021902,0.224558,0.999975,1.4843,-0.0720335,0.00380009,-0.272351,0.79001,2.03694,-1.34911,0.615426,-0.0522085,3.03008,-0.0437698,
876,-0.00188409,0.177038,0.999988,1.47318,-0.0666903,0.00326897,-0.246956,0.789713,2.06031,-1.43169,0.721177,-0.0794305,3.31816,-0.0310364,
877,-0.00147212,0.147832,0.999994,1.46138,-0.0605907,0.00255419,-0.219525,0.789504,2.07838,-1.51827,0.803663,-0.0992133,3.53952,-0.0218897,
878,-0.000978485,0.130801,0.999997,1.44888,-0.053891,0.00169771,-0.190488,0.789356,2.09315,-1.60778,0.87116,-0.114867,3.71944,-0.0153718,
879,-0.000419207,0.121096,0.999998,1.43565,-0.0466864,0.000727341,-0.160111,0.789253,2.10601,-1.69957,0.92988,-0.127695,3.87462,-0.010759,
880,0.000194455,0.115762,0.999999,1.42168,-0.0390321,-0.000337386,-0.128551,0.78918,2.11776,-1.79326,0.983548,-0.138463,4.01508,-0.00751321,
881,0.000854021,0.113048,1,1.40695,-0.0309599,-0.00148176,-0.0959029,0.78913,2.12892,-1.8887,1.03437,-0.147612,4.14674,-0.00524007,
882,0.00155261,0.111932,1,1.39145,-0.0224872,-0.00269384,-0.0622225,0.789095,2.13977,-1.9858,1.08363,-0.155395,4.27312,-0.00365448,
883,0.00228425,0.111824,1,1.37517,-0.0136236,-0.00396328,-0.0275437,0.78907,2.15049,-2.08455,1.13209,-0.161956,4.39631,-0.00255224,
884,0.00301568,0.315084,1,1.3581,-0.00459785,-0.00523234,0.00751285,0.789054,2.10155,-2.17811,0.906308,-0.108363,3.78446,-0.000503093,
885,0.00302235,0.779251,0.999994,1.34043,-0.0012139,-0.00524392,0.0274034,0.789065,1.9107,-2.24053,0.0316009,0.0854504,1.43439,0.00238271,
886,0.00237332,0.890849,0.999911,1.32224,-0.00293307,-0.00411782,0.0335687,0.789084,1.81394,-2.30766,-0.41006,0.184861,0.244501,0.00203034,
887,0.00144891,0.874232,0.999319,1.30359,-0.00692966,-0.00251392,0.0329882,0.789005,1.89467,-2.2462,-0.346775,0.125427,-0.324203,-0.105508,
888,0.00174996,0.424611,0.995639,1.28781,-0.00615029,-0.00303625,0.0292369,0.787432,2.32275,-1.71069,0.465477,-0.227625,-0.56535,-0.192443,
889,0.00333384,-0.129591,0.987392,1.27602,-0.000476758,-0.00578438,0.0242934,0.786325,2.59634,-1.24971,0.919182,-0.444933,-0.631459,-0.0913265,
890,0.0055759,-0.306165,0.933088,1.26759,0.00693259,-0.00967455,0.0168854,0.785904,2.7173,-0.872531,0.91781,-0.520122,-1.19472,-0.0171522,
891,0.00801282,-0.319091,0.65866,1.26183,0.0136366,-0.013903,0.00459938,0.785974,2.77205,-0.580239,0.751205,-0.532674,-1.86034,0.0292507,
892,0.0104426,-0.271189,-0.0142637,1.25808,0.0188601,-0.0181192,-0.0127219,0.786206,2.79859,-0.371435,0.552234,-0.518789,-2.45901,0.0280045,
893,0.0127654,-0.195934,-0.572926,1.25567,0.02255,-0.0221503,-0.0342247,0.78534,2.80375,-0.244788,0.370363,-0.487445,-2.90944,-0.228305,
894,0.0148903,-0.103291,-0.774514,1.25394,0.0249093,-0.0258381,-0.0584406,0.779806,2.77671,-0.200114,0.220372,-0.432882,-3.13688,-1.13797,
895,0.016749,-0.0245097,-0.834095,1.25228,0.0263061,-0.0290643,-0.0837151,0.766248,2.73987,-0.224175,0.132916,-0.373407,-3.17861,-2.24122,
896,0.0183517,0.0123591,-0.848895,1.25026,0.027298,-0.0318463,-0.108863,0.743656,2.71293,-0.281801,0.119728,-0.323585,-3.11251,-3.40855,
897,0.0197484,0.0149224,-0.852533,1.24775,0.0283781,-0.0342709,-0.133373,0.711589,2.69898,-0.346527,0.154146,-0.283796,-3.01824,-4.60939,
898,0.0209693,0.00798254,-0.85422,1.24471,0.029807,-0.0363905,-0.157171,0.669882,2.68929,-0.414106,0.201875,-0.245962,-2.93123,-5.81617,
899,0.0220074,0.00759367,-0.853454,1.24113,0.0315768,-0.038193,-0.180306,0.618544,2.67773,-0.478611,0.239025,-0.204435,-2.85219,-7.01675,
900,0.0228474,0.0127107,-0.848342,1.23706,0.0336088,-0.0396515,-0.202803,0.55764,2.66476,-0.540314,0.267183,-0.159956,-2.77166,-8.20814,
901,0.0234774,0.0226528,-0.836764,1.2325,0.0358359,-0.0407454,-0.224619,0.487263,2.65077,-0.599773,0.287629,-0.113222,-2.68178,-9.38472,
902,0.0238885,0.0368975,-0.815742,1.22746,0.0382013,-0.0414593,-0.245652,0.407568,2.63612,-0.657846,0.301606,-0.064922,-2.57585,-10,
903,0.0240752,0.0548455,-0.780641,1.22197,0.0406588,-0.0417836,-0.26575,0.318793,2.62116,-0.715744,0.31064,-0.0158003,-2.44813,-10,
904,0.0240358,0.0756403,-0.724199,1.21601,0.0431765,-0.0417151,-0.284722,0.221306,2.60637,-0.775068,0.316789,0.0332842,-2.29418,-10,
905,0.0235469,-0.474193,-0.00853819,1.21295,0.046706,-0.0408661,-0.299795,0.126402,2.47385,0.0249031,0.578446,0.176082,-1.4794,-10,
906,0.022359,-0.654072,-0.0374376,1.21565,0.0512399,-0.0388034,-0.312165,0.0477926,2.33583,0.622459,0.55029,0.334238,-1.64092,-8.77155,
907,0.0204514,-0.696304,-0.409504,1.2225,0.0549815,-0.0354914,-0.327345,-0.0154332,2.20316,1.06483,0.377183,0.490612,-2.17332,-7.11657,
908,0.0178217,-0.672942,-0.73018,1.2325,0.0569558,-0.0309263,-0.347197,-0.0689935,2.06611,1.41597,0.107253,0.649214,-2.80114,-6.33326,
909,0.0144647,-0.595657,-0.886973,1.24502,0.0565154,-0.0250995,-0.372006,-0.119163,1.92423,1.69831,-0.226657,0.807202,-3.40735,-6.25193,
910,0.0104024,-0.464579,-0.947436,1.25952,0.0533045,-0.0180495,-0.4013,-0.170429,1.78441,1.91424,-0.5848,0.955615,-3.91912,-6.59649,
911,0.00569944,-0.291453,-0.968085,1.27549,0.0472915,-0.0098889,-0.434033,-0.225527,1.65448,2.06679,-0.926161,1.08521,-4.26499,-7.20274,
912,0.000458625,-0.106694,-0.971516,1.29245,0.0387431,-0.000795731,-0.468644,-0.286223,1.54072,2.16228,-1.21733,1.18892,-4.38745,-7.9908,
913,-0.0033978,0.504816,-0.989876,1.30995,0.025543,0.00589536,-0.50297,-0.353681,1.40452,2.20401,-2.06494,0.511177,-4.19577,-8.88937,
914,-0.00476801,0.617197,-0.971837,1.32772,0.00806116,0.00827278,-0.532801,-0.429139,1.3771,2.23468,-2.26984,0.126349,-3.26993,-9.98864,
915,-0.00486276,0.607038,-0.859758,1.34565,-0.0100318,0.00843719,-0.55483,-0.513652,1.38016,2.24553,-2.23291,-0.0609591,-2.24236,-10,
916,-0.00437217,0.542069,-0.375652,1.3636,-0.0273547,0.00758596,-0.568881,-0.606988,1.39745,2.24047,-2.08496,-0.138745,-1.27506,-10,
917,-0.003613,0.434176,0.342738,1.38133,-0.0431325,0.00626873,-0.57593,-0.706298,1.44337,2.19173,-1.85577,-0.191775,-0.491866,-10,
918,-0.00257644,0.283925,0.658239,1.39852,-0.0569862,0.00447024,-0.577657,-0.80373,1.53577,2.08722,-1.55611,-0.2785,-0.0053702,-10,
919,-0.000976634,0.0787693,0.656565,1.41457,-0.0678486,0.0016945,-0.577449,-0.857554,1.68686,1.93761,-1.1825,-0.406448,0.0840091,-3.85254,
920,0.00103888,0.0160019,0.616634,1.42959,-0.0766119,-0.0018025,-0.577031,-0.873615,1.75738,1.82187,-1.02198,-0.462276,0.0376131,-0.548486,
921,0.00322169,0.0169403,0.5948,1.44376,-0.0844864,-0.00558979,-0.576964,-0.870985,1.7879,1.7241,-0.954269,-0.481427,-0.0111613,0.992641,
922,0.00545581,0.030115,0.600753,1.45719,-0.0919328,-0.00946619,-0.577122,-0.859548,1.80632,1.6345,-0.90754,-0.487564,-0.0279551,1.86176,
923,0.00771372,0.0352251,0.618284,1.46992,-0.0989691,-0.013384,-0.577343,-0.841183,1.82642,1.54574,-0.851627,-0.491821,-0.0270715,2.72823,
924,0.00998481,0.0356391,0.640299,1.48193,-0.105536,-0.0173249,-0.577531,-0.815813,1.84739,1.45656,-0.790104,-0.493319,-0.0195971,3.61329,
925,0.0122548,0.0336416,0.663106,1.49322,-0.111597,-0.0212642,-0.577656,-0.783261,1.86862,1.36612,-0.725405,-0.491408,-0.011493,4.52353,
926,0.0145071,0.0307344,0.685168,1.50378,-0.117134,-0.025173,-0.577726,-0.743322,1.88967,1.27382,-0.659098,-0.485657,-0.00543756,5.45987,
927,0.0167232,0.0279306,0.706177,1.51359,-0.122138,-0.0290195,-0.577758,-0.695793,1.91022,1.17922,-0.592216,-0.475799,-0.00201011,6.42082,
928,0.0188839,0.0259497,0.726468,1.52264,-0.126607,-0.0327702,-0.57777,-0.640487,1.93006,1.08203,-0.525483,-0.461691,-0.000424519,7.40433,
929,0.0209696,0.0253475,0.746677,1.5309,-0.130544,-0.036391,-0.57777,-0.577228,1.94904,0.982034,-0.459477,-0.443292,0.00103478,8.40882,
930,0.0229605,0.0266008,0.76753,1.53834,-0.133957,-0.0398478,-0.57775,-0.505852,1.96706,0.879144,-0.394738,-0.420638,0.00476979,9.43359,
931,0.0248373,0.0301622,0.789692,1.54495,-0.136859,-0.043107,-0.57768,-0.426195,1.98407,0.773409,-0.33185,-0.39384,0.0137489,10,
932,0.0265814,0.0364918,0.813629,1.55071,-0.139267,-0.0461361,-0.577503,-0.338087,2.00003,0.665049,-0.271511,-0.36307,0.0314612,10,
933,0.0281751,0.0460693,0.839458,1.55559,-0.141204,-0.0489043,-0.577133,-0.241345,2.01494,0.554514,-0.214574,-0.328564,0.0619099,10,
934,0.0296019,0.0593848,0.8668,1.55958,-0.142702,-0.051383,-0.576451,-0.135767,2.02884,0.442559,-0.162092,-0.290626,0.10961,10,
935,0.0308469,0.0768961,0.894678,1.56267,-0.1438,-0.0535461,-0.575299,-0.0211371,2.04177,0.330348,-0.115324,-0.249637,0.179552,10,
936,0.0318973,0.0989398,0.921563,1.56487,-0.144551,-0.0553712,-0.573476,0.102774,2.05386,0.219567,-0.0757064,-0.206078,0.277069,10,
937,0.0327426,0.125578,0.945644,1.56619,-0.145017,-0.0568401,-0.57074,0.236191,2.06528,0.11255,-0.0447464,-0.160571,0.407528,10,
938,0.0333757,0.15638,0.965333,1.56669,-0.145274,-0.0579403,-0.566809,0.379321,2.07639,0.0123684,-0.023803,-0.11393,0.575751,10,
939,0.0337937,0.190154,0.979807,1.56642,-0.145405,-0.0586668,-0.561365,0.532336,2.08774,-0.077163,-0.013735,-0.0672333,0.785066,10,
940,0.0339994,0.224687,0.989271,1.5655,-0.1455,-0.0590244,-0.554078,0.695363,2.10021,-0.151612,-0.0144129,-0.0218938,1.03597,10,
941,0.0339758,0.126169,0.996424,1.56436,-0.145513,-0.0589834,-0.544311,0.854181,2.05128,-0.047291,0.0515008,0.0438644,1.49026,10,
942,0.0335968,-0.0704984,0.998683,1.56466,-0.144469,-0.0583247,-0.530783,0.929224,1.97877,0.0958426,0.213863,0.115578,1.86703,5.0551,
943,0.0328905,-0.125122,0.999001,1.56553,-0.142503,-0.0570972,-0.515784,0.947704,1.93015,0.109195,0.273186,0.189157,1.86949,0.153998,
944,0.031857,-0.108841,0.999005,1.56624,-0.140282,-0.0553012,-0.501323,0.938766,1.89848,0.0616747,0.278161,0.258752,1.73864,-2.06449,
945,0.0305234,-0.0696516,0.998963,1.56645,-0.138077,-0.0529839,-0.487963,0.918483,1.88074,-0.0132702,0.270571,0.319944,1.59745,-2.83685,
946,0.02893,-0.0305747,0.998966,1.566,-0.135909,-0.0502156,-0.475595,0.895306,1.87362,-0.0996654,0.270347,0.371776,1.49263,-2.87564,
947,0.0271175,0.00023418,0.999034,1.56485,-0.133694,-0.0470673,-0.46389,0.873347,1.8738,-0.189911,0.282972,0.415127,1.43299,-2.58065,
948,0.0251216,0.0219392,0.999148,1.56297,-0.131333,-0.0436008,-0.452507,0.854321,1.87848,-0.280511,0.30716,0.451403,1.4123,-2.16776,
949,0.0229719,0.036392,0.99928,1.56036,-0.128746,-0.0398676,-0.441175,0.838679,1.88563,-0.370005,0.339566,0.48186,1.4208,-1.74676,
950,0.0206929,0.0458976,0.999408,1.55705,-0.12588,-0.0359106,-0.429693,0.826257,1.89392,-0.45793,0.376933,0.507383,1.4499,-1.36784,
951,0.0183061,0.0523917,0.999523,1.55304,-0.122706,-0.0317671,-0.417921,0.816632,1.90258,-0.544295,0.416783,0.528503,1.49334,-1.04899,
952,0.0158313,0.0572635,0.999619,1.54835,-0.119209,-0.0274713,-0.40576,0.809309,1.91121,-0.629307,0.457465,0.545481,1.54711,-0.791775,
953,0.0132872,0.0614184,0.999699,1.54298,-0.115388,-0.0230559,-0.393137,0.803815,1.91966,-0.71324,0.497995,0.558405,1.60886,-0.590194,
954,0.0106927,0.0654007,0.999764,1.53694,-0.111244,-0.0185533,-0.379992,0.79974,1.92793,-0.796368,0.537848,0.567265,1.67739,-0.435511,
955,0.00806659,0.0695074,0.999815,1.53024,-0.106786,-0.0139963,-0.366274,0.796746,1.93606,-0.87894,0.576807,0.57201,1.75223,-0.318703,
956,0.00542806,0.073878,0.999857,1.52288,-0.102019,-0.00941804,-0.351932,0.794562,1.94414,-0.961174,0.614831,0.572583,1.83331,-0.231605,
957,0.00279651,0.078556,0.99989,1.51486,-0.0969521,-0.00485207,-0.336916,0.79298,1.95226,-1.04326,0.651989,0.56894,1.92079,-0.167318,
958,0.000191445,0.0835304,0.999916,1.50618,-0.0915906,-0.000332164,-0.321173,0.791839,1.96053,-1.12536,0.688398,0.561069,2.01488,-0.120265,
959,-0.00161917,0.281353,0.999887,1.49684,-0.0869881,0.00280932,-0.304552,0.791021,1.95491,-1.21023,0.473712,0.23864,2.13923,-0.0860186,
960,-0.00225406,0.298665,0.999934,1.48686,-0.083196,0.00391089,-0.285906,0.790436,1.97832,-1.28603,0.490705,0.0571902,2.52049,-0.0616068,
961,-0.00228894,0.253947,0.99997,1.47626,-0.0788979,0.0039714,-0.264154,0.790017,2.00775,-1.36288,0.592932,-0.0306068,2.91638,-0.044004,
962,-0.00204993,0.199468,0.999987,1.46504,-0.0737091,0.00355672,-0.239502,0.789719,2.03412,-1.44399,0.708022,-0.0682637,3.2458,-0.0312761,
963,-0.00168287,0.161472,0.999994,1.45314,-0.0676698,0.00291984,-0.212525,0.789508,2.05475,-1.52956,0.801721,-0.0908961,3.49825,-0.0220977,
964,-0.00122317,0.13911,0.999997,1.44055,-0.0609591,0.00212226,-0.183743,0.789359,2.07113,-1.61852,0.875853,-0.108457,3.69705,-0.0155306,
965,-0.000690345,0.126264,0.999998,1.42724,-0.0537015,0.00119778,-0.153499,0.789254,2.08502,-1.71003,0.938416,-0.122631,3.86369,-0.0108711,
966,-9.76709e-05,0.119108,0.999999,1.41319,-0.0459703,0.000169463,-0.121998,0.789181,2.09748,-1.80361,0.994267,-0.134423,4.01122,-0.00758761,
967,0.000545217,0.115354,1,1.39838,-0.0378074,-0.000945973,-0.0893629,0.78913,2.10914,-1.89902,1.04629,-0.144417,4.14741,-0.00528683,
968,0.00123081,0.113654,1,1.3828,-0.0292368,-0.0021355,-0.0556648,0.789095,2.12039,-1.99614,1.0962,-0.15295,4.27685,-0.00368222,
969,0.00195279,0.11323,1,1.36643,-0.0202713,-0.00338818,-0.0209472,0.78907,2.13146,-2.09494,1.14497,-0.160212,4.40226,-0.00256756,
970,0.00257552,0.495513,1,1.3493,-0.0119653,-0.00446865,0.0119604,0.789058,2.02235,-2.18093,0.642417,-0.0476993,3.051,0.0005404,
971,0.00238357,0.81757,0.999984,1.33159,-0.01006,-0.0041356,0.0276831,0.789072,1.86274,-2.24574,-0.0882302,0.113993,1.08825,0.00230324,
972,0.00164751,0.900379,0.99982,1.31335,-0.0124035,-0.0028585,0.0319836,0.789088,1.78254,-2.31582,-0.454167,0.195784,0.103402,0.00166197,
973,0.00118852,0.674388,0.998367,1.29581,-0.0144501,-0.00206213,0.0306538,0.788331,2.11462,-1.9411,0.15228,-0.0791739,-0.377175,-0.207731,
974,0.00222205,0.120421,0.99303,1.28233,-0.0107063,-0.00385535,0.0267564,0.786927,2.44222,-1.44254,0.730231,-0.348078,-0.557409,-0.127064,
975,0.004164,-0.233978,0.973008,1.27251,-0.00399762,-0.00722477,0.0208682,0.786234,2.62386,-1.02548,0.92524,-0.484255,-0.881578,-0.0514268,
976,0.00649729,-0.311955,0.855867,1.26569,0.00303433,-0.0112733,0.0112442,0.786048,2.70168,-0.692758,0.822444,-0.522351,-1.50444,0.00156967,
977,0.00890792,-0.290371,0.4145,1.2612,0.0088797,-0.0154562,-0.00334332,0.786166,2.73754,-0.443425,0.634642,-0.520125,-2.12938,0.0247949,
978,0.0112663,-0.231264,-0.278523,1.25838,0.0132092,-0.0195487,-0.0225294,0.786298,2.75562,-0.27421,0.446799,-0.501007,-2.65818,0.0102788,
979,0.0134831,-0.147653,-0.660686,1.25659,0.0161166,-0.0233959,-0.0451772,0.784056,2.74447,-0.186845,0.28057,-0.459247,-2.99649,-0.554197,
980,0.0154728,-0.0602478,-0.787732,1.25519,0.0178711,-0.026849,-0.0697047,0.775608,2.71185,-0.175435,0.159531,-0.402604,-3.12839,-1.5421,
981,0.0172001,0.000554547,-0.822656,1.25363,0.0189214,-0.0298473,-0.0946463,0.758831,2.67828,-0.220002,0.108009,-0.347496,-3.10694,-2.64664,
982,0.0186973,0.0195899,-0.829725,1.25163,0.0198151,-0.0324461,-0.119128,0.733039,2.65805,-0.2809,0.119499,-0.303556,-3.01728,-3.80315,
983,0.0200089,0.0144177,-0.831259,1.24912,0.0209419,-0.0347232,-0.142872,0.697914,2.6476,-0.347809,0.164969,-0.266624,-2.92109,-4.97866,
984,0.0211496,0.00925551,-0.831333,1.24607,0.0224461,-0.0367036,-0.165901,0.653386,2.63781,-0.414357,0.209731,-0.228294,-2.83612,-6.15185,
985,0.0221058,0.010343,-0.828293,1.2425,0.0242691,-0.0383638,-0.188274,0.599506,2.62627,-0.478038,0.244447,-0.186543,-2.75664,-7.31683,
986,0.0228635,0.0166149,-0.819898,1.23843,0.0263371,-0.0396795,-0.209997,0.536355,2.61347,-0.539233,0.27079,-0.142135,-2.67371,-8.46973,
987,0.0234122,0.0274165,-0.80355,1.23388,0.0285882,-0.0406323,-0.231014,0.464058,2.59981,-0.59858,0.290046,-0.0957648,-2.58005,-9.60348,
988,0.0237445,0.0421934,-0.775598,1.22885,0.0309706,-0.0412092,-0.251214,0.38281,2.58565,-0.657028,0.303546,-0.0481381,-2.46947,-10,
989,0.0238562,0.06027,-0.73054,1.22336,0.0334446,-0.0414032,-0.270442,0.292916,2.57142,-0.715883,0.312961,-3.53622e-05,-2.3369,-10,
990,0.0237473,0.0530355,-0.638379,1.21739,0.0359858,-0.0412141,-0.288506,0.194836,2.55075,-0.735349,0.330672,0.0529342,-2.14613,-10,
991,0.0231531,-0.498039,0.128274,1.21492,0.0396512,-0.0401823,-0.302386,0.101991,2.41058,0.0894403,0.587987,0.196995,-1.36112,-10,
992,0.0218814,-0.658719,0.0278955,1.21803,0.0442091,-0.0379743,-0.314088,0.0261465,2.27449,0.660224,0.546745,0.349698,-1.59221,-8.3703,
993,0.0199149,-0.692944,-0.38516,1.22509,0.0479015,-0.03456,-0.329011,-0.0337936,2.14381,1.08038,0.368538,0.500823,-2.157,-6.69584,
994,0.017248,-0.663529,-0.724295,1.23514,0.0497963,-0.0299305,-0.348784,-0.0840983,2.00772,1.41355,0.0962313,0.655229,-2.7973,-5.93854,
995,0.013872,-0.580485,-0.8848,1.24758,0.0492707,-0.0240708,-0.373559,-0.131277,1.86647,1.6814,-0.236663,0.809454,-3.40196,-5.89715,
996,0.00980874,-0.445355,-0.94557,1.2619,0.0460015,-0.0170194,-0.402763,-0.179853,1.72794,1.88567,-0.58903,0.953781,-3.90152,-6.27697,
997,0.00512465,-0.272652,-0.965994,1.27761,0.0399935,-0.00889158,-0.435279,-0.232508,1.60023,2.02955,-0.92033,1.07884,-4.22831,-6.91026,
998,-7.64266e-05,-0.0662889,-0.970963,1.29424,0.0315375,0.000132603,-0.469521,-0.290944,1.48699,2.1193,-1.23384,1.13685,-4.32761,-7.71581,
999,-0.00359836,0.517381,-0.988678,1.31139,0.0181951,0.00624334,-0.503168,-0.356269,1.3577,2.15965,-2.05043,0.458818,-4.0898,-8.63122,
