step,action0,action1,action2,action3,action4,action5,action6,action7,state0,state1,state2,state3,state4,state5,state6,state7,state8,state9,state10,state11,state12,state13,state14,state15,state16,state17,state18,state19,state20,state21,state22,state23,state24,state25,state26,
0,0.000851312,0.000427773,0.0022712,-0.112055,-0.0689818,0,-0.00530691,-0.000480252,0.654131,0.996935,0.042092,0.0582416,-0.0309292,-0.00735012,0.0565116,0.0761231,0.0462263,-0.000918915,0.0158844,-0.0385503,0.043975,0.047868,0.0731876,0.0648389,0.0549416,0.0181467,0.0555343,0.0700165,0.0293458,0.035029,0.0451245,0.00214929,0.0969759,0.0306798,0.0941912,
1,0.00838452,0.00626992,0.00160609,-0.110563,-0.211087,0,-0.00135972,-0.000153828,0.678197,0.996401,0.0428406,0.0675383,-0.0280783,-0.00363312,0.427409,0.0652563,-0.414933,-0.00180617,-0.420383,-0.0368861,0.433107,0.114901,-0.0133947,0.256298,-0.0258853,0.439347,0.143469,0.0780808,7.85827,-0.467044,-10.192,-0.0363704,-9.65293,0.0367979,8.57996,
2,0.0165079,0.0130476,0.00156776,-0.10909,-0.324866,0,0.00261492,6.95488e-05,0.673427,0.995843,0.0418145,0.0780686,-0.0213197,0.000290566,0.790372,0.003873,-0.911976,-0.00390756,-0.891234,-0.0335454,0.852726,0.0230516,-0.0328901,-0.458501,-0.103143,0.404194,0.337288,0.0799678,6.67036,-1.97801,-9.69365,-0.0470266,-9.18464,0.096735,8.20787,
3,0.024138,0.0188851,0.00197638,-0.106406,-0.367391,0,0.0800231,0.000411665,0.647369,0.999094,-0.0325491,0.0235653,-0.0140083,0.00643382,1.09577,-0.15214,-1.28352,-0.00707515,-1.29274,-0.0269973,1.24686,-0.0227548,-0.0588929,-0.838799,-3.21976,-3.96058,0.369946,0.157551,5.5383,-4.24152,-0.421336,-0.0694209,-1.75639,0.168324,6.31803,
4,0.0242807,-0.00103305,-0.0626156,-0.107491,-0.207776,0,-0.0321521,0.00215355,0.659264,0.997411,-0.0127722,-0.0318989,0.063172,0.00585175,1.24567,-0.412687,-1.23626,0.00242257,-1.24533,-0.016161,1.25423,-0.268457,-1.10904,0.264764,1.48389,-1.3463,3.72361,-0.0502323,-0.238775,-6.37257,1.11845,0.47069,1.37161,0.295227,-1.16323,
5,0.0231721,-0.00807874,-0.0214308,-0.0917721,-0.0789982,0,-0.026716,0.000232879,0.674649,0.989345,0.0161707,-0.0421803,0.138406,-0.0075224,1.21135,-0.57306,-1.18201,0.0186481,-1.1818,0.00304043,1.19697,0.151593,-0.354841,0.493227,0.95006,0.54226,1.968,-0.477128,-1.07,0.963045,1.04939,0.175045,1.13209,0.473328,-1.12721,
6,0.0220772,-0.00987263,-0.0101262,-0.079433,-0.0854427,0,-0.0391798,-0.00108235,0.686737,0.981285,0.0343585,-0.0252151,0.187786,-0.0347202,1.14227,-0.530963,-1.1307,0.0222913,-1.12652,0.0303552,1.14041,0.144057,-0.358023,-0.0101753,0.852775,0.646406,1.9702,-0.610227,-1.68824,0.545339,1.00339,-0.0280213,1.07952,0.617789,-1.1352,
7,0.0209682,-0.00624316,0.00545169,-0.0639596,-0.0705351,0,-0.0537019,-0.00259857,0.673631,0.970127,0.0493226,-0.00609043,0.237451,-0.06638,1.04528,-0.519998,-1.08164,0.0137214,-1.07405,0.0644912,1.08313,0.140298,-0.370485,-0.514185,0.740759,0.745925,2.01565,-0.655794,-2.18708,-0.101277,0.958993,-0.312483,1.01941,0.746517,-1.15598,
8,0.0198527,0.00539705,0.038626,-0.0447944,-0.0442305,0,-0.0559087,-0.00470128,0.641185,0.956442,0.0556052,0.0189741,0.285949,-0.0973582,0.926772,-0.525568,-1.03484,-0.0115019,-1.0262,0.104677,1.0255,0.248444,-0.0153688,-0.642714,0.12624,1.55121,1.82706,-0.583195,-2.55107,0.0313216,0.911748,-0.696625,0.862039,0.859307,-1.14884,
9,0.0189,0.0265746,0.0562317,-0.0264682,-0.0259289,0,-0.0274286,-0.00563116,0.621586,0.94694,0.023327,0.0250343,0.319583,-0.118576,0.794117,-0.524134,-0.989991,-0.0548186,-0.98547,0.148867,0.976291,-0.429921,-0.074895,-0.495666,-1.55611,0.427629,1.21453,-0.271602,-2.75352,0.0141425,0.87778,-1.04525,0.775161,0.928443,-0.904037,
10,0.0181402,0.0555606,0.0640451,-0.0125839,-0.0107669,0,-0.0266298,-0.00575798,0.584558,0.937101,-0.0170026,0.0203981,0.348046,-0.121568,0.654925,-0.523801,-0.947099,-0.110762,-0.948658,0.19758,0.93704,-0.403876,-0.0858508,-0.984381,-1.658,0.325972,1.12025,0.148228,-2.81369,0.0019696,0.838249,-1.19117,0.697996,1.01937,-0.667954,
11,0.0177074,0.089994,0.0602623,-0.00110631,-0.00201466,0,-0.0549031,-0.00428124,0.546782,0.930378,-0.0410385,0.0206555,0.363713,-0.101864,0.516024,-0.523779,-0.907257,-0.173284,-0.915661,0.250187,0.914685,0.0654631,-0.394367,0.0131058,-0.0190118,0.0432363,-0.157984,0.650463,-2.24649,0.000260576,0.732193,-1.30302,0.618598,1.06892,-0.213767,
12,0.0178144,0.140571,0.0742703,0.010272,-0.00453069,0,-0.0328227,-0.00195286,0.549143,0.932611,-0.0387245,0.0151192,0.35848,-0.058985,0.512477,-0.523268,-0.871447,-0.246868,-0.886305,0.304382,0.920213,0.126102,-0.540545,-0.000123702,0.0314175,-0.415455,-0.230368,1.05791,0.405904,0.0279947,0.735743,-1.63844,0.556694,1.10015,0.398842,
13,0.0186388,0.283872,0.0809238,0.0187697,-0.0225923,0,-0.00110023,0.00133276,0.546217,0.934386,-0.0311531,0.00132647,0.354896,0.00605481,0.534413,-0.521266,-0.833143,-0.3329,-0.859456,0.360334,0.962797,0.172154,-0.616252,-0.104994,0.184461,-0.813799,-0.113576,1.53936,0.471271,0.0542367,0.798997,-1.80159,0.517665,1.13582,1.29495,
14,0.0207895,0.481043,0.0734837,0.0231489,-0.0666064,0,0.0420533,0.00588608,0.543081,0.933998,-0.0138815,-0.0250421,0.35613,0.0957358,0.561258,-0.520476,-0.790607,-0.4213,-0.833816,0.417728,1.07389,0.245009,-0.734267,0.0584791,0.41979,-1.7838,0.209386,2.04282,0.60412,-0.0105194,0.921688,-1.73704,0.509274,1.15253,3.10963,
15,0.0242151,0.315326,0.0689519,0.0209567,-0.132183,0,0.124832,0.0106288,0.553784,0.931021,-0.00316081,-0.0565,0.360551,0.208891,0.594734,-0.525095,-0.744067,-0.499603,-0.806976,0.477786,1.25085,0.343777,-0.28861,0.416673,-0.497715,-0.451604,0.129793,2.47961,0.731195,0.0087948,0.936081,-1.39679,0.550083,1.24863,0.635213,
16,0.0238767,0.317429,-0.0166166,-0.0123734,-0.125989,0,0.192792,0.0169194,0.563955,0.930591,-0.0116452,-0.0664978,0.359781,0.342522,0.634136,-0.524277,-0.698543,-0.530845,-0.778472,0.535667,1.23336,0.285502,-0.171987,-0.034884,-0.374196,-0.209523,-0.0614156,2.86056,0.845992,0.00906283,0.885725,0.195692,0.595939,0.241976,-0.366113,
17,0.0237002,0.291413,-0.094723,-0.0480139,-0.122564,0,0.252346,0.0235982,0.550568,0.930869,-0.0155184,-0.0723431,0.357783,0.479106,0.673157,-0.524135,-0.6555,-0.486267,-0.746304,0.528071,1.22425,0.339482,-0.201498,-0.439626,0.113465,0.0723465,-0.0635652,2.60484,0.717573,-0.000248573,0.829827,1.57346,0.688216,-0.15811,-0.0645952,
18,0.0236723,0.220706,-0.192629,-0.120632,-0.122003,0,0.27943,0.0266122,0.51767,0.931199,-0.0110215,-0.0630325,0.35885,0.538597,0.699429,-0.524142,-0.615359,-0.363856,-0.708478,0.524192,1.22281,0.173512,-0.27698,-0.839485,0.248405,0.169034,0.110338,-0.298034,0.336702,6.82311e-05,0.78203,3.31008,0.825907,-0.0227371,-0.00827605,
19,0.0236662,0.0957865,-0.287286,-0.176128,-0.121882,0,0.258062,0.0242943,0.504665,0.930487,-0.0051343,-0.0721494,0.359114,0.489275,0.694456,-0.524141,-0.577447,-0.155596,-0.660266,0.52381,1.22249,-0.215705,-0.32177,-0.30412,0.0890275,-0.706351,0.00477623,-1.66748,-0.537662,0.000163526,0.738058,5.07313,1.04994,-0.00217164,-0.00182804,
20,0.0236607,-0.0852847,-0.373952,-0.233445,-0.121769,0,0.179217,0.0182033,0.486181,0.929055,0.0097095,-0.0874367,0.359328,0.356002,0.636206,-0.524146,-0.54129,0.138443,-0.604392,0.523759,1.22221,-0.142067,-0.545548,-0.463002,0.523977,-0.914914,-0.0550885,-3.64638,-1.78271,-0.000287346,0.711087,6.67626,1.18518,-0.000286384,-0.00245023,
21,0.0233668,-0.296578,-0.425051,-0.281188,-0.115889,0,0.0338782,0.00661152,0.45848,0.927341,0.0346413,-0.103381,0.357982,0.110514,0.515296,-0.52416,-0.51689,0.496689,-0.542992,0.523753,1.20703,-0.272136,-0.738957,-0.606146,1.10098,-1.10366,-0.226008,-6.14812,-1.35891,1.3604e-05,-0.0623455,7.64626,1.27392,-0.000366989,-0.601655,
22,0.0217589,-0.327106,0.0487769,-0.118209,-0.0836092,0,-0.143371,-0.0130861,0.453695,0.922133,0.0466512,-0.109412,0.368136,-0.266543,0.515046,-0.524208,-0.522218,0.55207,-0.513036,0.523735,1.12397,0.106596,0.0859292,0.0709014,-0.0262662,0.17796,0.59831,-8.90712,0.242553,0.00303812,-0.0974834,-0.818693,-0.220299,0.000184625,-2.71163,
23,0.0180421,-0.292669,0.0984227,0.00345399,-0.00862152,0,-0.298573,-0.0282715,0.456259,0.91998,0.0399333,-0.101301,0.376536,-0.577331,0.52188,-0.524035,-0.525212,0.489688,-0.525339,0.523754,0.931976,0.626426,0.146383,-0.036355,-0.256078,0.668966,-0.104708,0.0462224,0.0542303,0.00220978,-0.0299953,-1.67197,-0.272839,0.00048736,-4.95111,
24,0.0123297,-0.216747,0.209879,0.0649549,0.106534,0,-0.271108,-0.0261418,0.451164,0.919875,0.0245995,-0.0799498,0.383187,-0.526033,0.525058,-0.523787,-0.524499,0.357187,-0.542661,0.523716,0.636896,0.970832,0.359646,-0.0855153,-0.339515,1.44547,0.836957,1.40954,0.0723386,0.00079189,0.0686903,-3.58194,-0.405473,-0.00115144,-6.83464,
25,0.00905402,-0.110316,0.304424,0.123666,0.159136,0,-0.216392,-0.0213264,0.440927,0.914451,0.00855319,-0.0549787,0.400853,-0.419096,0.54083,-0.50499,-0.523149,0.133815,-0.56675,0.523677,0.46769,1.32456,0.581625,-0.0533992,-0.340414,1.16694,1.08435,2.85005,0.552588,0.691321,-0.00624938,-5.25623,-0.520033,-0.00208105,1.12096,
26,0.00994727,0.0994512,0.370802,0.180051,0.0996275,0,-0.123823,-0.0119982,0.427057,0.906967,-0.00580262,-0.0295523,0.420124,-0.224555,0.590467,-0.442669,-0.523523,-0.161605,-0.595757,0.523662,0.513832,1.48824,0.649955,-0.521607,0.09699,1.12656,0.624756,4.91578,1.4243,1.79244,-0.00552874,-6.55047,-0.639658,0.000288896,0.515023,
27,0.0108193,0.401508,0.374427,0.203343,0.0104777,0,0.0565403,0.00254641,0.438882,0.907395,-0.0118939,-0.0276625,0.419199,0.0727512,0.681251,-0.337223,-0.5236,-0.494188,-0.618626,0.523719,0.558875,2.8766,0.584957,1.59708,-0.714781,-1.1342,-0.701422,6.85356,2.01721,2.44837,-0.00388463,-6.66318,-0.121568,0.000221687,1.29738,
28,0.0134663,0.468331,-0.0148587,0.0513566,-0.126345,0,0.251232,0.0217876,0.508614,0.922366,0.00102632,-0.0631981,0.381113,0.475997,0.816077,-0.214068,-0.524147,-0.546001,-0.623597,0.523695,0.695607,2.59974,0.783685,1.19665,0.0924031,-1.7507,-1.98886,9.25253,3.37173,2.45678,-0.0120468,0.720211,-0.0813022,-0.000913803,4.15065,
29,0.0190329,0.103895,-0.116676,-0.117228,-0.295611,0,0.3147,0.027139,0.560712,0.932315,0.00175709,-0.0821307,0.352193,0.581695,0.989325,-0.118773,-0.525134,-0.466192,-0.621167,0.523643,0.983156,2.1909,0.651716,0.791558,-0.391587,-0.516506,-0.826596,-1.64083,3.56793,1.38414,-0.0209594,2.46477,0.132725,0.000715811,7.33502,
30,0.0246975,0.176359,-0.236891,-0.179322,-0.404496,0,0.258823,0.0223804,0.584624,0.938977,-0.00212752,-0.0910838,0.331695,0.480069,1.14179,-0.104753,-0.526297,-0.288869,-0.609853,0.523701,1.27577,2.02971,0.549134,0.122893,-0.155455,0.302997,-0.94968,-2.42119,2.53823,-0.80546,-0.0303304,4.61643,0.315831,0.00082124,0.257163,
31,0.0239795,0.0105076,-0.326962,-0.234689,-0.325127,0,0.143022,0.0149287,0.581866,0.943568,0.0174222,-0.0747259,0.322168,0.319719,1.22806,-0.217954,-0.528562,-0.017012,-0.589798,0.523731,1.23868,1.74423,0.352499,-0.269315,1.25561,0.483909,-0.198935,-3.99528,0.483498,-3.69553,-0.049781,6.24499,0.481256,0.000732351,-0.579152,
32,0.023467,-0.190936,-0.366339,-0.272923,-0.162318,0,0.00892395,0.00277544,0.556311,0.943594,0.0393882,-0.0493321,0.32503,0.0648107,1.20343,-0.457609,-0.53089,0.313377,-0.5633,0.523746,1.2122,1.56383,0.220354,-0.743818,1.10541,0.886404,0.256244,-6.18203,-1.36068,-5.87298,-0.0423767,6.96474,0.579275,4.86642e-05,-0.480915,
33,0.0225042,-0.342381,0.00713556,-0.143717,-0.0746699,0,-0.157115,-0.0151705,0.537019,0.944884,0.0448736,-0.065521,0.317628,-0.302872,1.08695,-0.559586,-0.53224,0.580288,-0.534861,0.523748,1.16247,1.15165,0.276275,-0.505334,-0.265563,-1.15871,0.276409,-8.51826,-3.2854,0.865353,-0.020068,0.0337001,0.564682,-0.000959177,-1.63213,
34,0.0197495,-0.310794,0.103657,-0.000422031,-0.0406301,0,-0.299263,-0.029215,0.499034,0.941396,0.043589,-0.0920141,0.32157,-0.595482,0.899851,-0.527793,-0.533106,0.522314,-0.519987,0.523755,1.02017,1.45246,0.183744,-1.01652,-0.638738,-0.803417,-0.323998,0.550118,-4.18654,0.369275,-0.0122543,-1.74435,-0.0577753,0.000734769,-4.0403,
35,0.0148304,-0.234001,0.217123,0.0540529,0.0527429,0,-0.276758,-0.0267224,0.450608,0.941313,0.028611,-0.0992293,0.321347,-0.523857,0.695328,-0.51867,-0.530432,0.386806,-0.526697,0.523622,0.766071,1.79671,0.766995,-0.270274,-0.0333619,1.8489,1.22051,1.77679,-3.99795,-0.0783023,0.279893,-3.48008,-0.136636,-0.00468501,-6.11302,
36,0.00900895,-0.105353,0.31249,0.118436,0.166462,0,-0.20971,-0.0209308,0.438702,0.931619,0.0100076,-0.0462812,0.360339,-0.398493,0.510176,-0.514699,-0.520939,0.171268,-0.536536,0.523711,0.465362,2.12266,0.940336,-0.373432,-0.163748,1.6162,1.71198,3.23748,-2.80161,0.270828,-0.0427149,-5.20623,-0.282633,0.000161482,-1.42876,
37,0.0096993,0.0864331,0.377598,0.177454,0.123522,0,-0.116555,-0.0106998,0.411137,0.917868,-0.00277611,-0.0232826,0.396193,-0.183667,0.512032,-0.470821,-0.523321,-0.120768,-0.553785,0.52368,0.501023,2.25996,1.05731,-0.732801,0.721132,1.20821,1.31712,5.33523,0.893119,1.47011,-0.0243304,-6.45418,-0.406472,-0.000640611,0.806743,
38,0.0107841,0.389868,0.376162,0.204708,0.0374271,0,0.0869437,0.00533506,0.391046,0.909454,-0.00424064,-0.00318676,0.415771,0.138877,0.581457,-0.375771,-0.524067,-0.451223,-0.568887,0.523724,0.557057,3.4213,0.835331,1.30966,-0.487774,-0.636291,-0.467299,7.27652,1.54533,2.35339,-0.0168952,-6.5535,0.116366,0.00205878,1.45836,
39,0.0135469,0.454683,-0.018281,0.0307355,-0.102271,0,0.287904,0.0255435,0.454698,0.923975,0.00827245,-0.0278251,0.381351,0.560616,0.691669,-0.252284,-0.525266,-0.559772,-0.559868,0.523713,0.69977,3.17826,0.991708,1.06818,0.364399,-1.30762,-1.84537,7.78754,2.8975,2.56008,-0.0276088,0.902111,0.201272,-0.00571265,4.22205,
40,0.0191407,0.110128,-0.133676,-0.125269,-0.279617,0,0.289695,0.0259391,0.495704,0.931204,0.0289343,-0.0503818,0.359838,0.564722,0.838664,-0.147582,-0.526738,-0.464721,-0.54551,0.523701,0.988725,2.84285,0.875101,0.578312,0.376103,-1.16433,-0.79467,-1.59162,2.98115,1.66618,-0.0279163,2.90202,0.374779,0.00103562,7.31452,
41,0.0247242,0.169529,-0.215972,-0.179985,-0.398559,0,0.270937,0.0204119,0.538886,0.939394,0.0319631,-0.08138,0.331502,0.462953,0.961178,-0.115938,-0.528143,-0.277416,-0.520158,0.523812,1.27714,2.07065,1.22441,1.06041,-1.09327,-1.12441,-1.48103,-2.47807,1.9262,-0.389373,-0.0305158,4.61678,0.249821,-0.000465203,0.190006,
42,0.0239816,0.00199656,-0.308651,-0.24089,-0.331601,0,0.18941,0.0127696,0.576446,0.948399,0.0160644,-0.11137,0.296441,0.302295,1.02196,-0.20736,-0.52964,-0.00323227,-0.521546,0.523768,1.23878,1.89507,1.13171,0.445694,-1.14548,-0.858515,-1.18839,-3.93521,0.51698,-3.24426,-0.0274319,6.3357,-0.065168,-0.000576959,-0.585234,
43,0.0234326,-0.206685,-0.362961,-0.290147,-0.182467,0,0.0560183,0.000812966,0.5829,0.953198,-0.00281933,-0.136848,0.269591,0.0537341,1.00277,-0.426095,-0.530836,0.340041,-0.523242,0.523749,1.21043,1.71621,1.06553,-0.188168,-1.12709,-0.602033,-0.751146,-5.98932,-1.27119,-5.48716,-0.0198405,7.38694,-0.0120316,-0.000178828,-0.549365,
44,0.0221808,-0.331814,0.0613847,-0.144377,-0.0642875,0,-0.172583,-0.0169244,0.56398,0.954552,-0.0187965,-0.149629,0.257078,-0.304593,0.887333,-0.565285,-0.53091,0.560734,-0.523545,0.523728,1.14576,2.10454,1.26745,-0.358493,0.362618,0.710161,0.443913,-8.33762,-3.3311,0.800821,0.0559725,-0.356574,-0.00158953,-0.000746406,-2.03132,
45,0.0190822,-0.302686,0.127005,-0.0142114,-0.0263088,0,-0.325357,-0.0303368,0.538591,0.955754,-0.00862363,-0.117472,0.269557,-0.58808,0.697809,-0.528995,-0.527153,0.507666,-0.526638,0.523748,0.985701,2.34053,1.06302,-0.72125,0.74425,1.21735,-0.17517,0.423936,-4.23594,0.510167,0.0804512,-1.65406,-0.125671,0.000956768,-4.34807,
46,0.0139033,-0.22304,0.248212,0.0544805,0.0648115,0,-0.296433,-0.0269901,0.489785,0.959633,0.00154618,-0.082026,0.269026,-0.520639,0.499749,-0.508873,-0.523391,0.367947,-0.538373,0.523732,0.718181,2.49577,1.01865,-1.21215,0.940032,1.06714,0.0179895,1.81478,-1.52823,0.297269,0.0338842,-3.91867,-0.338208,-0.000518951,-6.33349,
47,0.00919568,-0.0768466,0.339317,0.115575,0.141779,0,-0.202841,-0.0206161,0.425676,0.958857,0.00338784,-0.0540633,0.278673,-0.387371,0.513105,-0.483128,-0.523313,0.124689,-0.557931,0.523657,0.475008,2.93492,1.0739,-0.726392,-0.210954,2.52741,1.47614,3.47966,0.713459,0.678558,0.00468653,-5.66272,-0.345412,-0.00751464,0.112995,
48,0.00989201,0.117958,0.378048,0.170801,0.0885751,0,-0.118209,-0.00860152,0.393779,0.949495,-0.00439056,0.0157068,0.313359,-0.15756,0.568464,-0.424652,-0.523477,-0.18492,-0.576404,0.523693,0.510977,2.891,0.564432,-0.276092,1.38775,-0.617214,0.345231,5.61871,1.44604,1.69156,-0.00918981,-6.75018,-0.398151,0.0025659,0.590368,
49,0.010894,0.441593,0.316835,0.17055,0.000948569,0,0.123834,0.008351,0.437093,0.951694,-0.0081566,-0.0212119,0.306207,0.175635,0.657136,-0.325454,-0.523733,-0.526666,-0.582404,0.523726,0.562736,3.46373,0.104877,1.53671,-1.21462,-1.26897,-0.772337,7.76104,2.13838,2.27444,-0.0105952,-5.77795,0.0856311,-0.000813832,1.46207,
50,0.0138378,0.418342,-0.047735,-0.0452853,-0.134595,0,0.303947,0.0278341,0.503837,0.960972,-0.0100375,-0.0634392,0.269088,0.58556,0.791746,-0.212798,-0.524664,-0.545827,-0.576267,0.523637,0.714798,3.02563,0.350345,1.13273,0.195872,-1.86108,-1.05776,3.33653,3.21851,2.18959,-0.02798,1.05384,0.15924,-0.0111394,4.5944,
51,0.0196543,0.148591,-0.158978,-0.150481,-0.299547,0,0.296061,0.0259905,0.548652,0.962563,0.00438158,-0.100907,0.251537,0.550843,0.940412,-0.130915,-0.526132,-0.440436,-0.563135,0.523726,1.01525,2.73358,0.444855,0.760224,-0.233156,-0.621729,-1.2447,-1.52605,2.72633,1.12092,-0.0367985,3.11192,0.394042,0.000680304,7.39394,
52,0.0248744,0.144,-0.267558,-0.213107,-0.392758,0,0.238473,0.0210764,0.57057,0.969164,0.00528682,-0.109289,0.220792,0.447103,1.04569,-0.130506,-0.528094,-0.234939,-0.53931,0.523727,1.2849,2.52886,0.373515,0.0795684,0.00239808,0.275009,-1.33315,-2.61773,1.49375,-1.08679,-0.0459165,5.09715,0.555685,-2.50988e-05,-0.382822,
53,0.0239782,-0.035031,-0.344086,-0.269719,-0.302377,0,0.148235,0.0126136,0.560831,0.976392,0.00526877,-0.0978499,0.1925,0.270189,1.07925,-0.25497,-0.530331,0.0567389,-0.518263,0.523747,1.23861,2.32084,0.299424,-0.448908,-0.0990897,0.641729,-0.972838,-4.443,-0.139018,-3.86966,-0.0417583,6.55751,-0.0366475,0.00027651,-0.595371,
54,0.0232883,-0.243597,-0.381025,-0.312262,-0.131203,0,-0.00396598,-0.000932183,0.525838,0.981662,0.000796075,-0.0769824,0.174394,-0.0096029,1.02262,-0.49899,-0.532198,0.403359,-0.522186,0.523747,1.20297,2.11248,0.276405,-0.940232,-0.0528002,1.10682,-0.482286,-6.72813,-2.11154,-5.87499,-0.0319215,7.30109,-0.0496607,-8.19008e-05,-0.828385,
55,0.0217832,-0.340305,0.0772553,-0.155962,-0.0703001,0,-0.180792,-0.020658,0.491341,0.983816,-0.0220666,-0.0875998,0.15474,-0.406322,0.862451,-0.544587,-0.533052,0.576434,-0.525088,0.52374,1.12522,1.50144,0.552925,-0.451782,-1.60476,-0.98306,-0.152045,-9.14184,-4.28211,0.577399,0.0180451,-1.05592,-0.0701729,-0.000782024,-2.28982,
56,0.0183918,-0.29416,0.129625,-0.0138779,-0.0159336,0,-0.316903,-0.0276648,0.475952,0.985712,-0.0178038,-0.0641183,0.154736,-0.568348,0.624176,-0.523699,-0.527226,0.492359,-0.53189,0.523741,0.950038,1.61249,0.0448846,-0.448295,0.799133,1.54058,-0.139479,1.04705,-5.23054,0.194035,0.141758,-2.29361,-0.209648,0.000171956,-4.68171,
57,0.0129309,-0.196542,0.245377,0.0470493,0.0899231,0,-0.289162,-0.0239428,0.441544,0.987573,0.00143783,-0.0281089,0.154622,-0.493903,0.493003,-0.517045,-0.522356,0.322851,-0.547045,0.523722,0.667954,1.75296,-0.0202118,-0.925369,1.21671,1.02036,0.0689582,1.92322,0.530037,0.0731587,-0.010108,-4.46916,-0.393587,-0.000279221,-6.5854,
58,0.00915481,-0.0390977,0.331698,0.109467,0.152455,0,-0.149162,-0.0170762,0.391858,0.984904,-0.00424568,-0.00553467,0.172958,-0.356025,0.529502,-0.497934,-0.523261,0.0553063,-0.568828,0.523668,0.472897,2.26712,-0.123942,-0.974177,-1.82135,0.677769,1.54542,3.57918,0.87967,0.682717,-0.0111056,-6.2066,-0.466527,-0.000324944,0.776927,
59,0.0100463,0.184903,0.325683,0.140751,0.0924058,0,-0.0680406,-0.00497398,0.405821,0.98163,-0.00677278,-0.00758087,0.190524,-0.136877,0.582867,-0.434912,-0.523358,-0.261813,-0.583877,0.523707,0.518948,2.93538,-0.991941,0.830787,-0.264958,-0.838743,0.22037,5.3145,1.32407,1.80897,-0.00574488,-6.59142,-0.225247,-0.000275426,0.802826,
60,0.0114602,0.515622,0.063757,0.0484208,-0.00768041,0,0.0996189,0.0102596,0.440411,0.981173,-0.0147443,-0.0268131,0.190691,0.18167,0.672495,-0.329627,-0.523628,-0.561019,-0.594307,0.52369,0.591984,2.88191,-0.853698,0.578667,-0.047322,-0.924411,-0.946632,7.39593,2.22937,2.42504,-0.0127853,-1.63259,-0.186443,0.000609547,2.10828,
61,0.0152696,0.250706,-0.0857239,-0.0379237,-0.16363,0,0.273422,0.0279944,0.476002,0.987631,0.00385004,-0.032604,0.153324,0.552707,0.784103,-0.211783,-0.525314,-0.535216,-0.594597,0.523683,0.788758,2.69378,-0.691163,0.613927,0.843749,-0.129855,-1.5061,6.09753,2.3104,2.27009,-0.0398842,1.12723,0.0835584,-0.00294579,5.73848,
62,0.0215028,0.22343,-0.14807,-0.160909,-0.332644,0,0.314736,0.0266918,0.509567,0.98855,0.0179038,-0.0556143,0.139126,0.554471,0.89016,-0.131903,-0.526863,-0.433705,-0.583802,0.523754,1.11074,2.19214,0.132976,1.4797,-1.01499,-1.75202,-0.868772,-1.39559,1.93592,0.990607,-0.0250805,2.73174,0.481553,0.00847006,6.98378,
63,0.0247909,0.15107,-0.254186,-0.224053,-0.383934,0,0.271176,0.0217971,0.578919,0.989847,-0.00768938,-0.0917987,0.108241,0.459418,0.955024,-0.14328,-0.528338,-0.246659,-0.553641,0.523792,1.28059,1.893,0.300486,1.04902,-1.18481,-0.867125,-1.18381,-2.40539,0.668599,-1.4377,-0.0337445,4.79934,0.682926,-0.0016756,-1.20243,
64,0.0238889,-0.0224843,-0.342016,-0.284548,-0.283111,0,0.188683,0.0138586,0.616117,0.989599,-0.0332176,-0.114531,0.0804497,0.295472,0.946455,-0.283253,-0.529903,0.0364074,-0.518673,0.523757,1.23399,1.68479,0.288974,0.444296,-1.26964,-0.668773,-0.835676,-4.13782,-0.998822,-4.13986,-0.0279964,6.50969,0.282963,-0.000180405,-0.45038,
65,0.02338,-0.234757,-0.391291,-0.332838,-0.107526,0,0.046805,0.000937578,0.622756,0.987767,-0.0623551,-0.128868,0.061819,0.0311167,0.845305,-0.536985,-0.5311,0.388081,-0.520996,0.523747,1.20771,1.52143,0.340106,-0.17564,-1.25578,-0.282569,-0.557795,-6.41041,-3.03029,-4.88221,-0.0196261,7.55285,-0.0845299,8.30376e-05,-0.599395,
66,0.0219822,-0.338959,0.0648844,-0.174579,-0.0722316,0,-0.197178,-0.0177143,0.607332,0.987137,-0.0806989,-0.128262,0.0509717,-0.352295,0.636291,-0.547656,-0.530928,0.573943,-0.524562,0.523723,1.1355,2.05148,0.362129,-0.288631,0.3424,1.08754,0.755529,-8.92937,-5.31565,0.731337,0.0509586,-0.945622,-0.0591778,-0.000504634,-2.28159,
67,0.018625,-0.294024,0.128798,-0.0326829,-0.0211768,0,-0.329894,-0.027827,0.588017,0.991385,-0.0620218,-0.097053,0.0623761,-0.57321,0.479546,-0.522935,-0.527522,0.492114,-0.530491,0.523749,0.962085,2.19247,0.00117293,-0.506802,1.29724,0.932386,-0.0803296,0.851218,0.710913,0.257798,0.0790789,-2.30406,-0.176564,0.000371851,-4.63214,
68,0.0132081,-0.194749,0.248021,0.0313395,0.0825004,0,-0.299425,-0.0244216,0.549683,0.994945,-0.0303553,-0.069894,0.0654013,-0.50678,0.518946,-0.514309,-0.523649,0.319819,-0.544231,0.523728,0.682272,2.30348,-0.106918,-1.03759,1.39438,1.10818,0.200938,1.76259,0.664935,0.0881524,0.0758454,-4.56968,-0.371573,-0.000375256,-6.54522,
69,0.0093328,-0.0261719,0.343626,0.0972007,0.14694,0,-0.222454,-0.0178376,0.486214,0.996166,-0.00108792,-0.0485718,0.0727456,-0.375774,0.557379,-0.494945,-0.523223,0.0423826,-0.566776,0.523699,0.482091,2.46734,-0.240999,-1.46905,0.916321,0.192239,0.278092,3.46586,0.872566,0.681877,-0.0103997,-6.51426,-0.527356,-0.000369372,0.510944,
70,0.0100276,0.198325,0.388903,0.15103,0.0943479,0,-0.079845,-0.00636296,0.419785,0.994486,-0.0217372,-0.0220461,0.100196,-0.144856,0.616575,-0.437231,-0.523438,-0.309846,-0.591956,0.523619,0.517979,3.07691,-0.397745,-1.02612,0.0511209,2.83638,1.43282,5.75454,1.5027,1.5723,0.00382304,-7.53624,-0.47431,0.000490702,0.614924,
71,0.0113588,0.52144,-0.0522492,-0.00837631,0.000324222,0,0.0681017,0.0113285,0.435855,0.996194,0.0092122,-0.00445947,0.0865577,0.186944,0.701803,-0.338363,-0.523652,-0.574586,-0.601844,0.523729,0.586744,3.41528,-1.33596,0.718752,1.40574,0.199138,-1.90962,7.78204,2.07798,2.32178,-0.0129165,0.153637,-0.069136,-0.000293682,2.08623,
72,0.0151741,0.26044,-0.101671,-0.0644324,-0.152867,0,0.299718,0.0287688,0.473559,0.998389,0.0320064,-0.02141,0.0416703,0.557162,0.801616,-0.225155,-0.523771,-0.526923,-0.602327,0.523734,0.783828,2.86252,-1.0226,1.01623,-0.257334,-1.08087,-1.4482,5.73802,1.90523,2.19301,0.00490335,1.22076,0.11395,0.000660109,5.75349,
73,0.0214625,0.212689,-0.196682,-0.192103,-0.322607,0,0.304364,0.0278326,0.531912,0.997953,0.0201743,-0.0528795,0.0297749,0.553426,0.88316,-0.147216,-0.523701,-0.417701,-0.58799,0.523763,1.10866,2.53578,-0.574414,0.972112,-0.55729,-1.46719,-0.166434,-1.48704,1.35598,0.957676,0.00301125,3.21205,0.39462,-0.00169416,7.28101,
74,0.0248706,0.126353,-0.303175,-0.253016,-0.37613,0,0.244649,0.0225165,0.563564,0.996517,0.00983511,-0.0790025,0.0248309,0.444715,0.914042,-0.159043,-0.523813,-0.205778,-0.563872,0.523738,1.28471,2.23582,-0.55007,0.290014,-0.327504,-0.544379,-0.163218,-2.85092,-0.109482,-1.41196,-0.00863145,5.2501,0.568839,-5.28438e-05,-1.30449,
75,0.0238592,-0.0582356,-0.377904,-0.306676,-0.274266,0,0.145663,0.0131034,0.563539,0.995641,0.000305745,-0.0898336,0.0250804,0.250139,0.862189,-0.29645,-0.524224,0.0943983,-0.531968,0.523749,1.23246,1.99665,-0.56873,-0.29135,-0.446593,-0.313455,0.266841,-4.91427,-1.95027,-4.06325,-0.00711227,6.74469,0.707239,0.000158794,-0.576786,
76,0.0231045,-0.270064,-0.411324,-0.344646,-0.0966121,0,-0.0180586,-0.00191678,0.53489,0.995007,-0.0140958,-0.0913339,0.0376983,-0.0585364,0.71049,-0.544985,-0.524478,0.449583,-0.519538,0.523747,1.19348,1.82416,-0.549029,-0.84293,-0.578569,0.193489,0.695471,-7.40425,-4.10013,-4.74172,-0.002473,7.46068,-0.0961985,0.000105075,-0.978688,
77,0.02123,-0.330039,0.0376791,-0.186244,-0.0558946,0,-0.2856,-0.0234496,0.483524,0.993785,-0.0267485,-0.0880177,0.0626811,-0.493891,0.481106,-0.549368,-0.523872,0.557466,-0.524261,0.523726,1.09665,2.41715,-0.312671,-1.06638,1.05402,0.239627,1.25907,-9.9985,-1.26874,0.800052,0.0815494,-0.852659,-0.078813,-0.000491269,-2.88833,
78,0.0173273,-0.279078,0.142294,-0.0144029,0.000918685,0,-0.305669,-0.0265467,0.429408,0.994702,0.0145835,-0.0666473,0.076904,-0.561921,0.5058,-0.51678,-0.523215,0.465502,-0.532119,0.523746,0.895052,2.66329,-0.433769,-0.947919,0.423666,1.72902,0.382084,1.20402,0.584044,0.447455,-0.00978919,-2.80168,-0.233448,-0.000387173,-5.15085,
79,0.0114816,-0.169334,0.256489,0.0440764,0.104462,0,-0.252257,-0.0230696,0.397115,0.995536,-0.00505669,-0.0129648,0.0933475,-0.478088,0.531426,-0.495484,-0.523397,0.277108,-0.547039,0.5237,0.59309,2.68173,-0.0829784,-0.482253,-0.0941867,2.80501,0.98535,2.13949,0.44666,0.399457,-0.00169847,-4.71668,-0.349929,-0.000573641,-6.92516,
80,0.0095074,-0.00143477,0.309145,0.102192,0.118232,0,-0.153056,-0.0144282,0.388222,0.993041,-0.00126272,-0.00881711,0.11743,-0.329804,0.55951,-0.457229,-0.523555,0.00200822,-0.56548,0.523695,0.49111,2.27281,-0.939933,0.243756,-1.05521,-1.0477,1.30925,3.77809,0.654643,1.10963,-0.00088714,-6.23389,-0.326901,-0.000276999,0.796892,
81,0.0102486,0.222851,0.33699,0.144543,0.0524921,0,-0.040498,-0.002574,0.409987,0.988394,-0.00771539,-0.0126905,0.151184,-0.0917153,0.608653,-0.382007,-0.523517,-0.325197,-0.580835,0.523652,0.529397,2.61906,-1.11486,0.507057,-0.393381,-0.642568,0.764207,5.68736,1.26861,1.91994,-0.0016682,-6.88891,-0.289916,0.00163657,0.755129,
82,0.0117585,0.529927,-0.0430511,0.00277826,-0.0492322,0,0.125154,0.013632,0.450997,0.98852,-0.011358,-0.0293278,0.147782,0.24125,0.691795,-0.277431,-0.523686,-0.568871,-0.589466,0.523708,0.607391,2.7347,-1.13841,0.924836,0.227533,-0.42487,-1.27566,7.67517,2.09484,2.26862,-0.00862829,0.104472,-0.103449,1.90601e-06,2.34174,
83,0.0158495,0.21378,-0.112518,-0.101239,-0.198741,0,0.295619,0.0294764,0.486423,0.99191,-0.00250323,-0.0432062,0.119335,0.571857,0.794244,-0.175725,-0.524072,-0.520594,-0.591909,0.523653,0.818714,2.52142,-1.01945,0.474361,0.267054,-0.569914,-0.500077,1.58859,2.0056,1.78215,-0.00900025,1.41785,0.00223137,-0.00223625,6.07719,
84,0.0222983,0.272126,-0.186636,-0.176165,-0.351052,0,0.307578,0.0264616,0.506657,0.991615,0.000615064,-0.0621451,0.113302,0.536374,0.873668,-0.12496,-0.524445,-0.400345,-0.584971,0.523758,1.15183,2.25948,-0.251598,1.04434,-1.09555,-1.63385,-0.392194,-1.36214,1.18465,0.289898,-0.00171861,3.21423,0.387576,0.00732119,7.08706,
85,0.024318,0.11546,-0.297016,-0.238062,-0.357318,0,0.248956,0.0216836,0.542953,0.989245,-0.0214909,-0.101498,0.103102,0.435652,0.899158,-0.17452,-0.524613,-0.187848,-0.561398,0.523778,1.25616,1.97906,-0.31675,0.429092,-0.727016,-0.815767,-0.099996,-2.66429,-0.153105,-2.23026,0.00937039,5.26535,0.550851,-0.0014909,-0.842402,
86,0.0237808,-0.0698591,-0.378026,-0.290056,-0.241534,0,0.134347,0.0130205,0.556029,0.988434,-0.0239978,-0.0925797,0.11769,0.250305,0.848103,-0.345609,-0.523225,0.113302,-0.530761,0.523747,1.22841,1.72305,-0.514742,0.0100755,0.0417513,0.664677,0.858257,-4.71417,-1.87963,-4.64433,-0.00425312,6.77861,0.681599,5.28267e-05,-0.245694,
87,0.0232975,-0.280665,-0.406696,-0.325285,-0.0948442,0,-0.0248248,-0.00160927,0.544773,0.987309,-0.0297835,-0.0686773,0.140063,-0.0482901,0.702898,-0.553347,-0.52352,0.468314,-0.519274,0.523753,1.20345,1.69969,-0.436311,-0.444571,-0.060393,1.10066,0.543645,-7.19005,-3.91078,-0.448447,-0.00573501,7.42733,-0.105911,0.00028741,-0.746602,
88,0.021605,-0.333374,0.0506906,-0.158301,-0.0737542,0,-0.244172,-0.02248,0.511492,0.982217,-0.040161,-0.0429899,0.178292,-0.473348,0.484239,-0.534189,-0.523618,0.563611,-0.524562,0.523726,1.11602,1.8615,-0.296384,-0.706335,-0.347671,0.129316,2.18997,-9.78552,-1.22704,0.356653,0.00231308,-1.07518,-0.108071,0.000530766,-2.68503,
89,0.0179627,-0.281182,0.134733,0.012429,-0.00616313,0,-0.332738,-0.0275131,0.488916,0.977888,-0.0349217,-0.0463464,0.200917,-0.584725,0.506937,-0.525284,-0.523456,0.469228,-0.533807,0.523762,0.927875,1.70998,-0.516877,-0.539228,1.16836,0.311847,0.333601,1.74719,0.548105,0.0612639,-0.00207015,-2.71284,-0.255045,-0.000526763,-4.90582,
90,0.0123328,-0.168945,0.25531,0.0777594,0.106313,0,-0.280269,-0.0221016,0.448661,0.976527,-0.0082828,-0.0296277,0.213187,-0.475206,0.535898,-0.523553,-0.523577,0.276452,-0.551293,0.523725,0.63706,1.86134,-0.574532,-1.0782,1.23741,0.533974,0.597297,2.62659,0.60977,0.00838192,-0.00208451,-4.9801,-0.442563,-0.000441944,-6.71218,
91,0.00912334,0.0119156,0.342429,0.137485,0.157549,0,-0.153289,-0.0140609,0.395109,0.971044,-0.00701361,-0.0139884,0.238388,-0.300968,0.579662,-0.504662,-0.523441,-0.0149203,-0.575468,0.523663,0.471271,2.56699,-0.327259,-0.551664,-0.38667,1.83103,1.83907,4.31837,1.13089,0.667437,0.00836078,-6.54028,-0.458126,-0.00230469,1.03464,
92,0.0102518,0.287387,0.346886,0.169972,0.0928036,0,-0.0204364,-0.00058093,0.422332,0.968099,-0.00205092,-0.0132217,0.250212,-0.0453076,0.649341,-0.441614,-0.523409,-0.349063,-0.59025,0.523704,0.529562,3.45045,-0.960461,0.767427,-0.176607,-0.910183,-0.138382,6.12276,1.76947,1.82864,-0.00510989,-6.99854,-0.249601,-0.000193592,1.20695,
93,0.0124076,0.529729,-0.0562576,0.0145318,-0.0233712,0,0.151693,0.0165171,0.461203,0.971859,0.00313207,-0.0284818,0.233813,0.316147,0.76325,-0.334763,-0.524169,-0.588883,-0.598326,0.523697,0.64092,3.21519,-0.69296,0.78564,0.801945,-0.391842,-1.81099,8.32459,2.7591,2.46055,-0.0343839,0.599137,-0.0639706,-4.78766e-05,3.22558,
94,0.0173274,0.077593,-0.127482,-0.124703,-0.199067,0,0.297924,0.0299021,0.490776,0.980359,0.0246214,-0.029006,0.193515,0.596331,0.900216,-0.219189,-0.525984,-0.516252,-0.597968,0.523666,0.895057,2.8749,-0.567245,0.401585,0.719864,0.323744,-1.21866,-0.635999,2.72197,2.15032,-0.0416747,1.95103,0.0802204,-0.000656603,6.90436,
95,0.0239691,0.433469,-0.186817,-0.18241,-0.365766,0,0.298624,0.0244168,0.552296,0.982879,0.0234064,-0.0629467,0.171575,0.519705,1.01099,-0.14987,-0.527616,-0.37691,-0.581393,0.523886,1.23813,2.1844,0.482085,1.62924,-1.06228,-1.32817,-1.16519,-1.99244,1.7045,0.647152,-0.0360944,3.64425,0.544811,-0.00220517,5.63716,
96,0.0242073,0.0891965,-0.29237,-0.2457,-0.349295,0,0.228344,0.0180868,0.616109,0.986277,0.00621778,-0.0861357,0.140713,0.387976,1.06055,-0.18469,-0.529684,-0.144828,-0.550672,0.523779,1.25044,1.92007,0.444566,0.971958,-0.898156,-0.649686,-1.08803,-3.26315,0.290042,-2.01834,-0.0412622,5.61758,0.687104,-0.00114784,-0.844704,
97,0.0237213,-0.104824,-0.361538,-0.299895,-0.23965,0,0.118124,0.00780361,0.649926,0.987775,-0.012701,-0.102865,0.116436,0.175199,1.02947,-0.346776,-0.53161,0.170397,-0.51801,0.523753,1.22534,1.70924,0.417079,0.387416,-0.981308,-0.402624,-0.694149,-5.231,-1.52036,-4.44625,-0.0351479,6.98066,0.161758,-0.000164073,-0.176966,
98,0.0231793,-0.316314,-0.318968,-0.309733,-0.0780155,0,-0.0578313,-0.00800717,0.654809,0.988206,-0.0346353,-0.110163,0.100565,-0.145853,0.899955,-0.574726,-0.533186,0.532341,-0.521327,0.523749,1.19734,1.78285,0.549018,-0.15776,-0.900256,-0.124524,-0.732857,-7.57576,-3.63979,-1.01457,-0.0282268,6.20047,-0.0799429,1.51465e-05,-0.932494,
99,0.0211849,-0.326188,0.0750197,-0.10728,-0.0599656,0,-0.264531,-0.0275281,0.636073,0.986463,-0.0593553,-0.115173,0.100512,-0.549181,0.665301,-0.542028,-0.53435,0.550386,-0.526732,0.523737,1.09432,2.29695,0.515881,-0.61373,-1.16562,0.0884186,-0.222683,-3.79802,-5.73098,0.740348,-0.0196188,-1.03745,-0.137983,0.00153543,-3.17703,
100,0.0170248,-0.271493,0.166054,-0.0118993,0.00556603,0,-0.308469,-0.0266706,0.600844,0.987469,-0.0741382,-0.107116,0.0890818,-0.544227,0.491596,-0.514606,-0.534091,0.452104,-0.538325,0.523732,0.879426,2.29248,0.149474,-0.632775,0.957565,1.25673,0.298748,1.03319,0.344629,0.391837,0.0600695,-2.8956,-0.318031,-0.000974814,-5.4091,
101,0.0109525,-0.15596,0.27366,0.0518303,0.114179,0,-0.273611,-0.0225764,0.557254,0.991268,-0.0504833,-0.0691658,0.100279,-0.463972,0.519441,-0.494184,-0.530923,0.254801,-0.558745,0.52371,0.565757,2.4175,0.0308822,-1.14383,1.19124,1.47745,0.533427,2.1697,0.526319,0.418735,0.0624526,-4.97912,-0.497858,-9.49149e-05,-7.12271,
102,0.00927787,0.032504,0.358693,0.115695,0.119845,0,-0.179661,-0.0148578,0.490827,0.991845,-0.0329546,-0.0471957,0.113713,-0.308305,0.555034,-0.452804,-0.527366,-0.0380652,-0.587073,0.523686,0.479254,2.58667,-0.0657698,-1.53952,0.584521,0.372249,0.492921,4.04179,0.889506,1.22806,0.0760884,-6.71817,-0.632706,-0.000318215,1.19182,
103,0.010509,0.337903,0.383762,0.160241,0.0412766,0,-0.029007,-0.00166018,0.416512,0.991043,-0.0164534,-0.00993203,0.132153,-0.0464028,0.619272,-0.373248,-0.52216,-0.393858,-0.618418,0.523589,0.542846,3.23493,-0.351743,-1.04712,0.158411,2.28719,1.28533,6.35699,1.63008,1.90734,0.0219301,-7.40194,-0.561163,0.00173336,1.36593,
104,0.0130437,0.492274,-0.0794631,-0.0141852,-0.0807397,0,0.15733,0.0168708,0.442794,0.993804,0.00556342,-0.00206857,0.110992,0.315245,0.707568,-0.2692,-0.52331,-0.570274,-0.626133,0.523931,0.673781,3.35713,-0.928825,1.03782,0.538874,-1.46614,-1.78103,8.38363,2.21484,2.2133,-0.0211033,0.876828,-0.0444187,-0.00384051,3.80448,
105,0.0183479,0.0753366,-0.117722,-0.143167,-0.246262,0,0.324367,0.0296194,0.498808,0.996257,0.0107686,-0.0345755,0.0784931,0.595441,0.812565,-0.176619,-0.524424,-0.500363,-0.621713,0.523809,0.947773,2.83118,-0.425001,1.34327,-0.529678,-1.42453,-0.220754,-0.622433,1.99583,1.47853,-0.0230759,1.85742,0.236548,-0.00148701,7.09525,
106,0.0245811,0.33055,-0.239043,-0.20946,-0.376874,0,0.283202,0.02594,0.551075,0.99509,0.00080539,-0.0661513,0.0736211,0.520375,0.883688,-0.149159,-0.525631,-0.35106,-0.604875,0.523738,1.26975,2.61484,-0.402841,0.698393,-0.339673,-0.727259,-0.251278,-1.93791,0.857514,-0.363325,-0.0302397,4.10338,0.4325,-0.000652137,1.62912,
107,0.0240612,0.0614528,-0.33423,-0.268213,-0.315945,0,0.212982,0.0192636,0.570638,0.994543,-0.00612903,-0.0776351,0.0694208,0.381949,0.887028,-0.23541,-0.527255,-0.0996276,-0.579132,0.523746,1.24289,2.36228,-0.427406,0.104817,-0.35787,-0.305498,-0.00351355,-3.58402,-0.711193,-3.06489,-0.0320003,5.93661,0.598347,0.000237853,-0.680845,
108,0.0236331,-0.140031,-0.395063,-0.317108,-0.175504,0,0.0896828,0.00784802,0.561574,0.993739,-0.0163476,-0.0822189,0.0738611,0.146025,0.802982,-0.442621,-0.528754,0.228364,-0.5463,0.523749,1.22078,2.1209,-0.449652,-0.466107,-0.440432,0.00978546,0.438106,-5.83326,-2.63598,-5.20671,-0.0273502,7.17291,0.71528,-3.41809e-05,-0.207819,
109,0.0229394,-0.338961,-0.156645,-0.243819,-0.0768055,0,-0.09999,-0.00963623,0.525338,0.993247,-0.0282182,-0.0788955,0.0802473,-0.209653,0.615992,-0.569377,-0.530016,0.573938,-0.517896,0.52375,1.18495,2.471,-0.322246,-0.941801,-0.575991,0.13941,0.741467,-8.37885,-4.82539,0.94773,-0.0201572,2.6232,0.014863,-0.00101798,-1.20935,
110,0.0205941,-0.322282,0.0634586,-0.0743806,-0.0565166,0,-0.35649,-0.0282265,0.474534,0.991698,-0.0193308,-0.0675117,0.107718,-0.598015,0.487749,-0.529537,-0.528353,0.543232,-0.522578,0.523734,1.0638,2.73427,-0.476167,-0.989307,1.99646,0.821112,0.407228,-1.7332,0.652639,0.564201,0.103335,-1.40769,-0.122591,0.00141001,-3.6232,
111,0.0161149,-0.248082,0.197089,0.0211664,0.0221603,0,-0.305879,-0.0255695,0.433072,0.991143,0.00637806,-0.075556,0.109025,-0.545225,0.516474,-0.511909,-0.522876,0.411141,-0.534381,0.523747,0.832424,2.14828,-0.532894,-0.778232,0.814703,-0.08225,0.364372,1.62842,0.303158,0.152952,0.0465313,-3.8636,-0.331023,-0.00120953,-5.68303,
112,0.00986593,-0.10804,0.299793,0.0841472,0.141765,0,-0.222412,-0.0205039,0.418664,0.988974,-0.00107895,-0.0352459,0.14383,-0.431631,0.534271,-0.503044,-0.52315,0.175676,-0.551004,0.523678,0.50963,2.66521,-0.267621,-0.339913,-0.361143,1.93884,1.80811,2.92754,0.420368,0.239591,-0.0145752,-5.65945,-0.392718,0.000105914,-5.90622,
113,0.00958635,0.103508,0.358829,0.143059,0.121976,0,-0.148303,-0.0105645,0.397244,0.98316,-0.00733822,-0.00301005,0.182577,-0.234676,0.570359,-0.465156,-0.523494,-0.140645,-0.573439,0.523679,0.495189,2.78419,-0.492272,-0.420165,0.91301,-0.198592,0.842805,4.86507,0.971587,1.28278,-0.00579562,-6.969,-0.489353,0.00150495,0.867216,
114,0.0108056,0.437475,0.355002,0.175435,0.0399478,0,0.0366513,0.0048658,0.431739,0.981304,-0.0116219,-0.0157285,0.191469,0.0553601,0.63389,-0.380117,-0.52348,-0.496253,-0.586228,0.523708,0.558167,3.41112,-1.292,1.06327,-0.275122,-0.0813256,0.216437,6.86774,1.68502,2.10668,-0.00106674,-7.35606,-0.176794,-0.000941733,1.61639,
115,0.0138813,0.398441,-0.0769666,0.00593361,-0.0982817,0,0.227586,0.0236965,0.473968,0.985167,-0.0042919,-0.0243202,0.169813,0.455768,0.747578,-0.268148,-0.523931,-0.550066,-0.593584,0.523689,0.717044,3.26845,-0.932087,0.653846,0.683583,-0.851243,-1.33078,9.11498,2.84146,2.35104,-0.0123168,0.830231,-0.11633,-0.000711264,4.7179,
116,0.0197408,0.103592,-0.149052,-0.147097,-0.274986,0,0.301745,0.0288047,0.496315,0.986103,0.0170181,-0.0432385,0.159507,0.572206,0.887171,-0.172798,-0.524596,-0.469321,-0.594933,0.523647,1.01972,2.69405,-0.610561,0.742471,-0.00735807,-1.8398,0.104986,-1.3385,2.7513,1.49121,-0.00477979,2.31716,0.127688,0.00710389,7.29651,
117,0.0247359,0.190911,-0.224812,-0.201954,-0.380177,0,0.27533,0.0231705,0.561948,0.986281,0.000811855,-0.0810928,0.143778,0.480259,0.994645,-0.148103,-0.525327,-0.313323,-0.57612,0.523812,1.27775,2.25988,0.0856525,1.07561,-0.897338,-0.892327,-0.72507,-2.34656,1.55206,-0.518044,-0.021317,4.11983,0.486356,-0.00210961,-0.275924,
118,0.0239489,0.0386497,-0.318319,-0.260498,-0.309561,0,0.196296,0.0156802,0.600605,0.986356,-0.0177551,-0.103091,0.127114,0.324481,1.03324,-0.24246,-0.526382,-0.0626057,-0.548256,0.523761,1.23709,2.06034,0.0437444,0.475415,-0.939063,-0.697129,-0.454035,-3.87128,0.00404798,-3.23427,-0.0195951,5.89375,0.628257,-0.000344328,-0.533766,
119,0.0235789,-0.15928,-0.374595,-0.308061,-0.165115,0,0.0659203,0.00373399,0.609112,0.984864,-0.03886,-0.120428,0.118449,0.0773466,0.985483,-0.456718,-0.527242,0.260321,-0.51849,0.523749,1.21798,1.85069,0.0127865,-0.127475,-1.00511,-0.403572,-0.0477547,-5.99558,-1.90031,-5.31992,-0.014092,7.0143,0.146665,-0.000106839,-0.23355,
120,0.0227935,-0.340655,-0.0775779,-0.213785,-0.0846628,0,-0.136812,-0.0140274,0.589619,0.98352,-0.0607124,-0.13083,0.109024,-0.282633,0.836071,-0.553424,-0.527879,0.577083,-0.521646,0.523744,1.17741,2.25373,0.181018,-0.555049,-0.674578,-0.107726,0.343893,-8.39858,-4.05834,0.689512,0.00866379,1.48855,-0.0852394,-0.00118308,-1.37597,
121,0.0202749,-0.318039,0.0831853,-0.046341,-0.0503887,0,-0.331847,-0.0282037,0.562981,0.985685,-0.0468824,-0.103454,0.124598,-0.584528,0.598421,-0.529064,-0.523762,0.535484,-0.527878,0.523744,1.04731,2.44776,-0.101182,-0.661323,1.13082,1.45597,0.0803803,0.218517,-5.43327,0.224001,0.106884,-1.54255,-0.17366,0.00103074,-3.80115,
122,0.0155622,-0.241658,0.208146,0.0232106,0.0417946,0,-0.311623,-0.0252888,0.519109,0.988826,-0.0180114,-0.0715495,0.129532,-0.526932,0.497853,-0.524326,-0.52312,0.400005,-0.541349,0.523735,0.803872,2.57964,-0.172612,-1.1124,1.49902,0.897723,0.25455,1.4854,0.571801,0.0258925,-0.0148183,-3.85925,-0.364129,-0.000341637,-5.92025,
123,0.00949794,-0.0956889,0.308451,0.0878828,0.157408,0,-0.218725,-0.0197107,0.450857,0.988989,0.0129493,-0.0432389,0.140936,-0.416857,0.530341,-0.515593,-0.523711,0.155445,-0.563508,0.523707,0.490621,2.88829,-0.31275,-1.37939,-0.186447,0.999075,1.12128,2.8996,0.712004,0.304514,0.0110718,-5.85547,-0.474279,-0.00111594,-2.75718,
124,0.00973237,0.111104,0.35156,0.140618,0.125122,0,-0.151537,-0.00962963,0.39605,0.983911,-0.00827443,-0.00381328,0.178427,-0.22047,0.580319,-0.47419,-0.523292,-0.164494,-0.585932,0.523672,0.502731,3.30643,-0.637734,-0.526549,1.37632,1.23137,1.08689,4.84494,1.23742,1.35697,-0.00271222,-6.90557,-0.407108,0.0158653,0.696171,
125,0.0108331,0.445515,0.352323,0.175996,0.042217,0,0.0333771,0.00593623,0.424462,0.983106,-0.00271344,-0.0114679,0.182659,0.067947,0.654421,-0.384273,-0.52353,-0.520823,-0.593387,0.523785,0.559589,3.6543,-1.56448,0.700607,0.149945,-1.0178,-0.316439,6.84814,1.87041,2.22821,-0.00590173,-7.46005,-0.0919684,-0.00288652,1.53522,
126,0.0138511,0.397404,-0.105015,-0.00784015,-0.0991533,0,0.234625,0.0246638,0.455546,0.989471,0.00985096,-0.0214549,0.142793,0.467241,0.776304,-0.265959,-0.524507,-0.557623,-0.593673,0.523708,0.715487,3.39285,-1.17577,0.526226,0.633381,-0.198625,-2.08335,9.09026,2.98569,2.47839,-0.0278511,1.19183,0.071193,-0.0016804,4.6805,
127,0.0196172,0.134263,-0.16121,-0.163817,-0.277853,0,0.307015,0.0287053,0.50334,0.991642,0.0226403,-0.0452627,0.11868,0.575881,0.91915,-0.164564,-0.526051,-0.461888,-0.580825,0.523798,1.01334,2.56384,-0.445694,1.23406,-0.167264,-2.01848,-0.191312,-1.531,2.76529,1.60061,-0.0239499,2.63475,0.411113,-0.000516002,7.19822,
128,0.0247118,0.17145,-0.264557,-0.22437,-0.386764,0,0.259719,0.0234219,0.557137,0.992011,0.0160866,-0.0749291,0.100205,0.471914,1.02376,-0.136047,-0.527599,-0.280638,-0.554061,0.523754,1.2765,2.29402,-0.303996,0.772593,-0.382035,-0.453011,-0.921056,-2.62679,1.43158,-0.454313,-0.0387157,4.64565,0.632138,-0.000861851,-0.211823,
129,0.0239463,0.00440992,-0.348498,-0.282599,-0.318056,0,0.170398,0.0148882,0.581322,0.993286,0.00813243,-0.0828905,0.0802879,0.295166,1.05229,-0.228546,-0.52952,-0.00713944,-0.520987,0.52375,1.23696,2.07499,-0.33073,0.210416,-0.483415,-0.155261,-0.593509,-4.42745,-0.277199,-3.2237,-0.0367618,6.28022,0.303511,0.00011728,-0.529467,
130,0.0234587,-0.200725,-0.392911,-0.327265,-0.171214,0,0.0210085,0.00130878,0.578157,0.994064,-0.00431773,-0.0827378,0.0705235,0.0153722,0.986628,-0.443927,-0.531219,0.329927,-0.521573,0.523748,1.21177,1.8592,-0.333636,-0.337334,-0.531051,0.24222,-0.0856128,-6.74357,-2.33367,-5.37435,-0.0304972,7.19506,-0.0633656,-9.81581e-05,-0.478282,
131,0.0222978,-0.342989,0.0147149,-0.18804,-0.0779398,0,-0.194235,-0.0183679,0.549424,0.994591,-0.0167613,-0.0760628,0.068716,-0.384583,0.812464,-0.548616,-0.532586,0.581423,-0.524036,0.523735,1.15181,2.38065,-0.180019,-0.799713,-0.523429,0.233463,0.687487,-9.24269,-4.61439,0.527705,-0.0227771,-0.366566,-0.0398835,-0.00064201,-1.90304,
132,0.0192854,-0.30542,0.0982305,-0.0289184,-0.030636,0,-0.303099,-0.0280888,0.496951,0.994415,-0.0345144,-0.0683197,0.0726578,-0.596839,0.552526,-0.528683,-0.533556,0.512592,-0.529481,0.523762,0.9962,2.59987,-0.524026,-1.23501,-0.492634,0.792219,-0.315033,1.5362,-5.77074,0.194404,-0.000116493,-2.05842,-0.175456,-0.000144832,-4.3065,
133,0.0141251,-0.216465,0.206533,0.0289758,0.0688055,0,-0.301633,-0.0232225,0.437379,0.996219,-0.00896537,-0.0294503,0.081239,-0.503728,0.486609,-0.521364,-0.530575,0.356704,-0.542617,0.523719,0.729642,2.60766,-0.730812,-1.39623,1.56595,1.49097,0.565786,2.16739,1.02743,0.0451657,0.0683627,-4.1539,-0.357366,-0.000157278,-6.32877,
134,0.00901323,-0.0625388,0.29444,0.0916855,0.161338,0,-0.164701,-0.0157136,0.372226,0.9944,-0.00097619,0.00596381,0.105505,-0.361536,0.540991,-0.507094,-0.526592,0.101396,-0.562441,0.523697,0.465584,2.47783,-1.09125,-0.107934,-1.27835,-0.906394,1.20282,3.44564,1.07208,0.517661,0.0964848,-6.03399,-0.341695,0.000843505,-0.0732505,
135,0.00984359,0.15001,0.316831,0.130006,0.107913,0,-0.0749922,-0.00479543,0.416477,0.991744,-0.00690002,-0.0146597,0.127204,-0.149815,0.60373,-0.451883,-0.521988,-0.213106,-0.572838,0.52369,0.508476,2.82988,-1.47054,0.898873,-0.267066,-0.812953,0.659445,5.16781,1.52844,1.67431,-0.0347402,-6.69411,-0.215014,-0.000603245,0.785963,
136,0.0111186,0.492777,0.262108,0.129655,0.0133701,0,0.103991,0.0101828,0.451707,0.989473,-0.0118025,-0.036242,0.139611,0.160147,0.701694,-0.350374,-0.5237,-0.553006,-0.583507,0.523675,0.574336,2.83618,-1.4281,0.619866,-0.724299,-0.185335,0.265159,7.21406,2.37163,2.37794,-0.0341962,-5.60619,-0.171446,0.000321384,1.83363,
137,0.0145915,0.302999,-0.114348,-0.0415151,-0.138483,0,0.265675,0.0289189,0.485991,0.992779,0.00682586,-0.0419757,0.112166,0.558026,0.835287,-0.2294,-0.526645,-0.551752,-0.584754,0.523692,0.753731,2.61857,-1.08682,0.772539,1.31592,0.186512,-1.57118,7.04693,2.97971,2.42219,-0.0765718,1.41167,0.13449,-0.00361099,5.31046,
138,0.0206418,0.2032,-0.207702,-0.182177,-0.313404,0,0.284692,0.0287234,0.515967,0.993679,0.0362444,-0.0426159,0.097328,0.558996,0.973143,-0.137834,-0.530185,-0.435983,-0.572741,0.523672,1.06626,2.39445,-0.942817,0.682511,0.474261,-2.26199,0.0638166,-1.68137,2.54287,1.27207,-0.0434114,3.20226,0.364868,0.00197649,7.09139,
139,0.0246324,0.149065,-0.255931,-0.23602,-0.388994,0,0.262505,0.0212731,0.587408,0.993925,0.0207851,-0.0853765,0.0662742,0.440064,1.06381,-0.129832,-0.53275,-0.243324,-0.541367,0.523836,1.2724,2.0118,0.0539745,1.46486,-1.23488,-1.02022,-1.63159,-3.08306,1.09251,-0.969145,-0.0585472,4.68918,0.774874,-0.0021247,-0.753237,
140,0.0238796,-0.0202659,-0.339609,-0.296661,-0.304963,0,0.162689,0.0116364,0.645607,0.993713,-0.00661784,-0.10854,0.0266255,0.242645,1.07361,-0.247853,-0.535533,0.0328139,-0.518202,0.523766,1.23351,1.81882,0.0858453,0.866841,-1.34995,-0.749121,-1.28124,-4.79878,-0.686875,-3.72975,-0.0517657,6.34308,-0.075648,-0.00062371,-0.421907,
141,0.0234055,-0.225185,-0.379322,-0.342026,-0.142545,0,0.00152618,-0.00288408,0.67314,0.991632,-0.0363263,-0.123851,-0.00277357,-0.0535935,0.985371,-0.485505,-0.537889,0.371621,-0.522348,0.523747,1.20903,1.65175,0.167208,0.234959,-1.28797,-0.38673,-0.78584,-7.03042,-2.82658,-5.76004,-0.0419945,7.20215,-0.0457691,-0.000195565,-0.556524,
142,0.0220854,-0.338713,0.0520424,-0.196972,-0.067229,0,-0.218725,-0.023027,0.673321,0.988665,-0.0647062,-0.133234,-0.0245478,-0.464905,0.784505,-0.558108,-0.539779,0.573484,-0.524853,0.523732,1.14083,2.30611,0.271489,-0.213854,-1.2837,-0.310285,-0.0880621,-9.41221,-5.19121,0.915374,-0.0334812,-0.76903,-0.0585759,-0.000401509,-2.15578,
143,0.0188487,-0.296142,0.12492,-0.0455413,-0.0249899,0,-0.269353,-0.0278798,0.651755,0.984316,-0.0995558,-0.13634,-0.0512108,-0.578386,0.494886,-0.523986,-0.541183,0.495904,-0.532104,0.52376,0.973638,2.4742,-0.116583,-0.649755,-1.61456,-0.0205168,-1.26927,1.53483,-5.16137,0.432524,-0.0249203,-2.30241,-0.226261,-0.000295062,-4.51196,
144,0.0135231,-0.203165,0.218111,0.0043333,0.068709,0,-0.278969,-0.022828,0.627168,0.987704,-0.0840391,-0.115308,-0.0638893,-0.482296,0.494482,-0.503312,-0.538827,0.33407,-0.547483,0.523715,0.698541,2.31019,-0.347564,-0.664191,1.01632,1.22812,-0.2245,2.3222,1.008,0.328537,0.0613807,-4.14677,-0.400083,-1.96361e-05,-6.46456,
145,0.00888664,-0.0499752,0.308556,0.0626955,0.142319,0,-0.189325,-0.0151532,0.582366,0.991617,-0.0594744,-0.092501,-0.0678356,-0.329449,0.544615,-0.474744,-0.535624,0.0809839,-0.571136,0.523698,0.459044,2.41939,-0.499541,-1.07133,0.521663,0.32744,-0.116848,3.78245,1.00159,0.811275,0.0726665,-5.96617,-0.543208,-0.000278135,0.522906,
146,0.00990572,0.18259,0.357171,0.109682,0.077641,0,-0.0802166,-0.00316999,0.517819,0.992664,-0.0443066,-0.0863494,-0.0720992,-0.0887842,0.604932,-0.408893,-0.531708,-0.244407,-0.600158,0.52367,0.511686,2.41261,-0.676854,-1.45234,1.34732,0.826114,-0.0790338,5.81637,1.40808,1.84369,0.109981,-7.04251,-0.618262,-0.00083745,0.920655,
147,0.0114192,0.524278,0.107378,0.0316135,-0.0169976,0,0.127204,0.0141503,0.475097,0.998059,-0.033608,-0.0176443,-0.0493734,0.259235,0.692647,-0.314724,-0.521826,-0.568736,-0.626048,0.523668,0.589864,3.13261,-0.927917,-0.919078,0.550757,2.48039,0.107019,8.06295,2.09214,2.12967,0.0504053,-2.45784,-0.486227,0.00340505,2.20208,
148,0.0153354,0.258246,-0.0927525,-0.148579,-0.165233,0,0.308132,0.0289084,0.45624,0.996146,0.0237287,-0.00561239,-0.0842478,0.576045,0.795461,-0.211322,-0.52334,-0.540146,-0.639974,0.523844,0.792157,2.38034,-0.561562,1.22233,-0.21529,-0.128257,-0.515148,0.398457,2.02453,1.91306,-0.0347321,1.32868,0.144191,0.0146973,5.65501,
149,0.0215572,0.220353,-0.203594,-0.217618,-0.323782,0,0.309278,0.0263298,0.522705,0.994657,-0.00601386,-0.0447878,-0.0928186,0.529914,0.867159,-0.148106,-0.524085,-0.419944,-0.627185,0.52381,1.11355,2.12871,-0.359417,1.14629,-1.32193,-2.20507,-0.239479,-1.3554,0.851543,0.632223,-0.00622426,3.46524,0.359689,-0.00354882,7.19428,
150,0.0242829,0.119677,-0.30881,-0.279055,-0.355813,0,0.253476,0.0211535,0.562307,0.990401,-0.0404481,-0.087221,-0.0993067,0.4264,0.868802,-0.176006,-0.524597,-0.194785,-0.605102,0.523743,1.25434,1.84244,-0.268623,0.439679,-1.14084,-1.47392,-0.195152,-2.77322,-0.772856,-1.72958,-0.0138976,5.52441,0.523233,-0.000329787,-0.680188,
151,0.0237837,-0.0739663,-0.388163,-0.331791,-0.256078,0,0.122284,0.0120372,0.573519,0.989591,-0.0558745,-0.0978362,-0.0895308,0.233784,0.779998,-0.32293,-0.523563,0.119991,-0.575927,0.523735,1.22856,1.48839,-0.40722,0.0535456,0.179375,0.668179,1.12314,-4.91566,-2.76485,-4.12201,0.0505022,7.05258,0.646246,0.000172087,-0.246907,
152,0.0232841,-0.290556,-0.412086,-0.362649,-0.0934141,0,-0.042974,-0.00312126,0.563599,0.99433,-0.0546274,-0.0719865,-0.0560591,-0.0766411,0.583922,-0.555066,-0.523358,0.485916,-0.541734,0.523744,1.20275,1.40955,-0.355972,-0.428685,0.0549943,1.16548,1.20773,-7.46071,-5.05798,-2.03909,-0.00717247,7.58928,0.725404,0.000543924,-0.779149,
153,0.0215311,-0.328554,0.0403329,-0.197071,-0.0675209,0,-0.279496,-0.0244139,0.534104,0.997029,-0.0532276,-0.0554617,-0.00486203,-0.515658,0.490633,-0.541187,-0.52361,0.554733,-0.51695,0.523727,1.1122,1.88247,-0.367223,-0.786896,0.27844,0.223908,2.54787,-10.0791,0.769909,0.569063,-0.00374917,-0.931681,-0.0600611,1.16818e-05,-2.83435,
154,0.0176868,-0.276145,0.135209,-0.0185081,-0.00152375,0,-0.329426,-0.0263583,0.48632,0.997756,-0.0431642,-0.0430342,0.0277285,-0.568489,0.516864,-0.523887,-0.52332,0.46031,-0.525525,0.523753,0.91362,2.04679,-0.734761,-1.08772,1.38298,0.97612,0.945868,1.53345,0.237136,0.0965276,0.00344418,-2.84817,-0.251259,-0.000639157,-5.09656,
155,0.0118937,-0.160038,0.252878,0.0488385,0.112398,0,-0.282735,-0.0213832,0.418346,0.998389,-0.00902024,-0.0133732,0.054403,-0.469319,0.525006,-0.519534,-0.523503,0.261589,-0.542665,0.523719,0.614377,2.17786,-0.831314,-1.64534,1.48433,1.21265,1.17266,2.42629,0.0898042,0.0779282,-0.00429453,-5.08318,-0.433097,-0.00037222,-6.85859,
156,0.00944653,0.0226214,0.302148,0.100619,0.144976,0,-0.176757,-0.012537,0.376173,0.996103,-0.000895594,0.000974531,0.0881902,-0.311127,0.53382,-0.495382,-0.52335,-0.0315076,-0.561225,0.523704,0.487966,2.71828,-1.52411,1.00195,0.394173,0.038223,1.28262,3.68721,0.135718,0.892038,0.0104389,-6.4363,-0.154345,0.000159233,0.807261,
157,0.0103003,0.27867,0.347389,0.149762,0.0808991,0,-0.0436154,-0.00104377,0.417206,0.992982,0.00224151,0.000927357,0.11824,-0.0767019,0.558293,-0.425445,-0.52347,-0.376663,-0.57017,0.523681,0.532068,2.86997,-1.5902,0.586459,0.0805829,-0.0634045,1.07241,5.68332,0.843968,1.89903,-0.00400921,-7.37498,-0.213102,-0.000391715,0.945138,
158,0.0121796,0.535201,-0.0786192,-0.0118271,-0.0309156,0,0.131231,0.0149016,0.435074,0.991896,0.00923798,-0.00292732,0.126681,0.264412,0.626727,-0.316897,-0.523796,-0.565325,-0.580455,0.523689,0.629146,2.74507,-1.22456,0.125513,0.497049,-0.305885,-0.484292,7.94572,1.88528,2.44226,-0.010359,0.68972,-0.201092,-0.000107342,2.92093,
159,0.0167709,0.152401,-0.0851446,-0.11144,-0.19842,0,0.323646,0.0278183,0.467264,0.992037,0.00130097,-0.0308083,0.122111,0.564066,0.716478,-0.203624,-0.524138,-0.512302,-0.582346,0.52385,0.866311,1.9152,-0.259395,1.0665,-1.21237,-1.19023,0.520592,0.518602,1.70638,2.07858,-0.00963711,1.36795,0.129517,-0.00218551,6.50819,
160,0.0234423,0.272845,-0.207905,-0.178426,-0.363349,0,0.299201,0.026059,0.507764,0.987832,-0.0260686,-0.0672891,0.137769,0.529123,0.779361,-0.138295,-0.524479,-0.387202,-0.570908,0.523739,1.21092,1.76359,-0.221497,0.537415,-0.873833,-1.06184,0.659074,-1.10758,0.819294,0.549545,0.0139121,3.62555,0.3241,-0.00124992,7.27814,
161,0.0242774,0.0953653,-0.313211,-0.237449,-0.354676,0,0.232629,0.0215973,0.535195,0.986153,-0.0282999,-0.0699203,0.147691,0.436444,0.787111,-0.177755,-0.523107,-0.154913,-0.550967,0.523743,1.25406,1.04351,-0.242687,0.306138,0.0187155,0.222546,0.456323,-2.57827,-0.508721,-2.10186,-0.0101527,5.6262,0.484208,0.00016844,-0.926298,
162,0.0237337,-0.0993461,-0.384924,-0.287497,-0.241029,0,0.140428,0.0128997,0.537288,0.984099,-0.0324511,-0.0603953,0.163855,0.25341,0.718611,-0.344997,-0.5236,0.161425,-0.523216,0.523749,1.22598,0.801101,-0.353632,-0.215775,-0.147561,0.560578,0.900117,-4.72487,-2.21831,-4.5685,-0.00841643,7.01598,0.519733,5.78539e-05,-0.207053,
163,0.0232291,-0.314696,-0.350981,-0.296098,-0.094899,0,0.00321315,-0.00187965,0.521996,0.980074,-0.0478031,-0.0502541,0.186129,-0.0469569,0.557521,-0.551229,-0.523776,0.529392,-0.521318,0.523769,1.19991,0.177193,-0.2375,-0.172028,-1.20724,-0.458991,0.658624,-7.25608,-4.1999,-0.52014,0.00548962,6.3848,-0.0676146,0.000395554,-0.748924,
164,0.021412,-0.326557,0.054512,-0.152191,-0.0700554,0,-0.269117,-0.0226609,0.511212,0.975088,-0.0424003,-0.0636768,0.208208,-0.464285,0.498882,-0.533907,-0.523365,0.551062,-0.523979,0.523742,1.10605,0.727114,0.0720085,-0.35566,0.98044,-0.666341,0.755503,-9.42041,0.624028,0.344298,-0.00436228,-0.929117,-0.0466704,-0.000184359,-2.9925,
165,0.017428,-0.274852,0.147376,0.0132365,0.00458011,0,-0.326628,-0.0276428,0.484025,0.975336,-0.0140393,-0.0705867,0.208664,-0.578227,0.518729,-0.525151,-0.523546,0.458023,-0.530435,0.523763,0.900252,1.05719,-0.252718,-0.77905,1.029,-0.368893,-0.428521,1.53007,0.171963,0.0577692,-0.00312342,-2.78876,-0.210121,-0.000427308,-5.22102,
166,0.0115243,-0.161412,0.259897,0.070589,0.121555,0,-0.248291,-0.0230023,0.436252,0.975785,0.00716067,-0.0693835,0.207314,-0.477186,0.529385,-0.522175,-0.523529,0.263886,-0.545187,0.52367,0.595293,1.61547,-0.0969508,-0.594659,-0.251251,1.00199,1.17754,2.4815,0.244602,-0.0157318,0.0162473,-4.78977,-0.31099,-0.00843827,-6.95754,
167,0.0092664,0.0049484,0.335374,0.129426,0.155845,0,-0.15787,-0.0151963,0.428292,0.967886,-0.00738869,-0.0337732,0.249002,-0.309535,0.554447,-0.506352,-0.523407,-0.0060034,-0.560451,0.523779,0.478661,2.2264,0.0996501,-0.266882,-0.385237,1.17031,1.78172,4.22351,0.751514,0.742312,-0.00483972,-6.15015,-0.367507,0.00199075,1.10692,
168,0.0103371,0.268283,0.364611,0.173171,0.0906924,0,-0.0369911,-0.00191891,0.407499,0.96087,-0.00667625,-0.0168971,0.276404,-0.0446837,0.613486,-0.441027,-0.523548,-0.333898,-0.580445,0.523744,0.533971,2.70081,-0.148734,-0.108068,0.533222,-1.27505,-0.280008,6.19756,1.46847,1.89743,-0.00151165,-6.88759,-0.332823,0.000643405,1.13189,
169,0.0123674,0.534143,-0.0144309,0.0305985,-0.0245384,0,0.15981,0.0154921,0.452596,0.964035,-0.00328699,-0.0220416,0.264841,0.312655,0.707576,-0.331854,-0.523633,-0.569645,-0.585263,0.52372,0.638846,3.19811,-0.185303,0.839148,0.372961,-0.37767,-1.44872,8.28293,2.44118,2.49472,-0.010089,0.149044,-0.064859,-0.00073057,3.03745,
170,0.0171287,0.100154,-0.0956884,-0.108645,-0.197936,0,0.303678,0.0291539,0.483409,0.970953,0.0102815,-0.0306883,0.237072,0.595776,0.832019,-0.215008,-0.524147,-0.516556,-0.585528,0.523625,0.884795,2.87892,-0.13899,0.377035,0.441597,-0.370261,-0.394228,-0.597416,2.53909,2.16264,-0.0119082,1.62715,0.0504638,-0.0011685,6.76676,
171,0.0237825,0.417308,-0.178148,-0.166289,-0.365404,0,0.297804,0.0245704,0.525869,0.970467,0.0102092,-0.0721516,0.229966,0.523598,0.9365,-0.144935,-0.524304,-0.388355,-0.573439,0.523802,1.2285,2.22761,0.503032,1.0367,-0.935628,-1.6299,-0.525038,-1.79694,1.64034,0.661674,-0.00517568,3.49687,0.417546,-0.000329172,5.78241,
172,0.0241646,0.100705,-0.285818,-0.226666,-0.351951,0,0.233467,0.0188762,0.559729,0.971041,-0.00161958,-0.103637,0.215258,0.403032,0.985948,-0.178973,-0.524879,-0.163649,-0.548889,0.523764,1.24824,1.97051,0.409821,0.36631,-0.781494,-0.954755,-0.449817,-3.01274,0.34848,-2.0016,-0.0125957,5.47015,0.567424,-0.000523523,-0.764342,
173,0.0237423,-0.0894212,-0.362432,-0.278944,-0.244258,0,0.107512,0.00956385,0.564074,0.969932,-0.013452,-0.123525,0.209265,0.203508,0.961294,-0.340212,-0.525026,0.145197,-0.519662,0.523746,1.22642,1.76613,0.188167,-0.0777782,0.116435,0.47159,0.456041,-4.96678,-1.32106,-4.38946,0.0396224,6.86584,0.239447,-0.000487217,-0.17489,
174,0.0232569,-0.298165,-0.382468,-0.310153,-0.0845816,0,-0.0594615,-0.0055122,0.547815,0.968619,-0.0176389,-0.105131,0.224532,-0.104839,0.845342,-0.567329,-0.523203,0.499537,-0.521462,0.523747,1.20135,1.72751,0.250243,-0.548702,0.105063,0.859891,0.266014,-7.32814,-3.29856,-1.14212,0.00830064,7.31593,-0.069108,0.000500404,-0.820663,
175,0.0214334,-0.326294,0.0643992,-0.128546,-0.0657531,0,-0.286075,-0.0265573,0.510302,0.962702,-0.0251359,-0.0857048,0.255398,-0.532139,0.627266,-0.54089,-0.523462,0.550583,-0.525744,0.52373,1.10716,2.13284,0.430444,-0.962428,0.202257,1.00257,1.52953,-8.00388,-5.41029,0.618062,-0.00585019,-0.89722,-0.101841,0.000513518,-2.93968,
176,0.0174963,-0.27392,0.167747,0.0244774,0.000278649,0,-0.327161,-0.0274514,0.459307,0.961659,-0.00529606,-0.0487816,0.269824,-0.557563,0.488125,-0.520867,-0.523548,0.456382,-0.535096,0.523747,0.903781,2.40978,0.228879,-1.21366,1.52595,0.95475,0.446785,1.2983,0.631226,0.160254,-0.00180748,-2.8804,-0.276148,-0.000408138,-5.1696,
177,0.0116493,-0.157699,0.288005,0.090273,0.113061,0,-0.215533,-0.0232978,0.39488,0.957754,0.00479726,-0.0206188,0.286808,-0.464109,0.527024,-0.513249,-0.52358,0.257693,-0.553267,0.523715,0.601753,2.36141,0.455174,-1.06643,-1.40617,0.987816,1.12717,2.42707,0.846131,0.137307,0.000554165,-5.00949,-0.434298,-0.000672814,-6.88772,
178,0.0093339,0.0127362,0.318527,0.137457,0.141482,0,-0.147408,-0.0141988,0.393437,0.94879,-0.00284176,-0.00562374,0.315844,-0.300986,0.580536,-0.486795,-0.523384,-0.0162199,-0.569838,0.523826,0.482148,2.80853,-0.24599,0.777991,-0.639699,-1.23869,0.848793,4.06907,1.25687,0.936804,-0.00345949,-6.0155,-0.237322,0.000884046,0.996839,
179,0.0103203,0.259261,0.354806,0.179843,0.073647,0,-0.0179984,-0.00183026,0.43147,0.942786,-0.00554308,-0.0278875,0.332185,-0.0455535,0.666024,-0.415327,-0.523503,-0.334652,-0.5819,0.523718,0.533099,2.95922,-0.226379,0.621059,-0.284612,-0.577755,0.62488,6.15148,2.16594,1.91265,-0.00254821,-6.73232,-0.265852,-0.00178088,1.03891,
180,0.0122277,0.536858,-0.01276,0.0428893,-0.0383788,0,0.157458,0.0154479,0.477931,0.942866,0.00216795,-0.0435319,0.330308,0.315095,0.79691,-0.307355,-0.524186,-0.570165,-0.587688,0.523705,0.631628,2.9818,-0.0887977,1.12989,0.529942,-0.664667,-1.20474,8.28346,3.09284,2.41435,-0.0273727,0.17543,0.00675386,-0.000128365,2.88094,
181,0.0168507,0.122426,-0.0943215,-0.0953103,-0.204339,0,0.300356,0.0291657,0.523233,0.948989,0.023265,-0.0562486,0.309379,0.597647,0.955345,-0.196941,-0.525555,-0.516519,-0.584466,0.523631,0.870434,2.65559,-0.0920638,0.660298,0.637795,-0.635219,-0.176085,-0.644803,3.24715,1.98776,-0.0287745,1.6299,0.118198,-0.000932092,6.63728,
182,0.0235483,0.291265,-0.201273,-0.155657,-0.36604,0,0.269542,0.0254058,0.543259,0.949726,0.0409968,-0.0598524,0.304562,0.523222,1.09621,-0.136891,-0.527064,-0.383051,-0.573183,0.523684,1.2164,2.46207,-0.00368513,0.265629,0.346264,0.969371,-1.02427,-1.83664,2.38813,0.447868,-0.0427042,3.62906,0.366157,0.00193507,7.1855,
183,0.0243029,0.0965796,-0.301697,-0.214655,-0.352646,0,0.224073,0.0196471,0.573174,0.955563,0.0358854,-0.0677405,0.284647,0.396075,1.18439,-0.181921,-0.528859,-0.156897,-0.550738,0.52377,1.25538,1.48303,-0.248125,0.453513,-0.524233,-0.43963,-0.692879,-3.22987,1.14364,-2.22053,-0.0339029,5.39675,0.530317,-0.000358643,-0.972881,
184,0.0237221,-0.0903923,-0.371565,-0.268457,-0.234734,0,0.112716,0.00948318,0.581769,0.958923,0.0262433,-0.079892,0.270916,0.183113,1.20065,-0.35445,-0.530443,0.146783,-0.521235,0.523754,1.22538,1.29357,-0.351451,-0.108445,-0.570499,-0.271265,-0.341324,-5.2713,-0.48085,-4.66117,-0.0288706,6.73983,0.5278,-0.000159021,-0.231401,
185,0.0231805,-0.296273,-0.391685,-0.305815,-0.0880195,0,-0.0659375,-0.00653322,0.563261,0.961268,0.0137068,-0.085444,0.261677,-0.141811,1.12765,-0.559972,-0.531741,0.496141,-0.520735,0.523754,1.1974,1.28619,-0.209013,-0.617788,-0.466316,-0.0202676,-0.846031,-7.6904,-2.42183,-0.284918,-0.0254814,7.24176,-0.088568,0.000266304,-0.880499,
186,0.0213068,-0.325576,0.0427158,-0.0819811,-0.066945,0,-0.280422,-0.027051,0.5211,0.959687,0.000302185,-0.090441,0.266123,-0.56184,0.953014,-0.535367,-0.532755,0.549264,-0.526268,0.523736,1.10062,1.76444,-0.132007,-1.09056,-0.734035,0.0391487,0.0981149,-3.86359,-4.5469,0.413215,-0.0157101,-0.837358,-0.135258,0.00141671,-2.9798,
187,0.017329,-0.274978,0.146952,0.0194835,0.00657118,0,-0.319422,-0.0261448,0.461952,0.96253,-0.00059528,-0.0709567,0.261726,-0.548135,0.71607,-0.525129,-0.530776,0.458252,-0.537548,0.523738,0.895138,1.89436,-0.275262,-1.26633,1.37843,1.59667,-0.137641,1.17345,-4.92746,0.0607762,0.100936,-2.79416,-0.311223,-0.0004252,-5.22369,
188,0.0114253,-0.163024,0.265796,0.0786581,0.12316,0,-0.241588,-0.0227861,0.396883,0.962006,-0.00294459,-0.0179549,0.272421,-0.464813,0.491571,-0.521625,-0.524807,0.266571,-0.556447,0.523693,0.590182,2.3414,0.131124,-0.949727,-0.268034,3.09195,1.32524,2.13671,-1.62151,0.0495523,0.218378,-4.7699,-0.392144,-0.00230077,-6.96111,
189,0.0094832,0.00435253,0.312238,0.12709,0.144647,0,-0.163582,-0.0148036,0.376983,0.955285,-0.00528354,0.00214257,0.295632,-0.316901,0.510457,-0.49598,-0.521971,-0.00596575,-0.576441,0.523685,0.48986,2.46987,-0.345525,0.857568,-0.307288,-0.99809,0.975172,3.62486,0.802127,0.964186,-0.0388153,-5.9491,-0.297867,8.29632e-05,0.839646,
190,0.0102922,0.229377,0.354436,0.173565,0.0792937,0,-0.0376361,-0.00359546,0.420449,0.946615,-0.00866592,-0.0141,0.321943,-0.0845799,0.571829,-0.422832,-0.523576,-0.322826,-0.591599,0.523667,0.53165,2.7013,-0.303329,0.67497,-0.35076,-0.56194,1.01313,5.67921,1.65974,1.95955,-0.0286545,-6.76956,-0.338623,-2.07957e-05,0.832131,
191,0.0118904,0.532004,-0.00217557,0.0433138,-0.0284813,0,0.129351,0.0125438,0.444603,0.942525,-0.00796982,-0.0301883,0.332675,0.257292,0.684104,-0.311872,-0.525089,-0.565979,-0.60807,0.523692,0.614208,2.46451,-0.0306503,0.394573,0.414742,-0.595069,-1.08624,7.95477,2.80096,2.50667,-0.0425044,0.0208881,-0.295619,0.00130305,2.4525,
192,0.0160807,0.200133,-0.0796938,-0.0790126,-0.191375,0,0.267929,0.0274762,0.482421,0.956274,0.0244193,-0.0141372,0.291107,0.563116,0.819642,-0.193847,-0.528646,-0.520612,-0.609399,0.523645,0.830659,2.17485,-0.0836734,0.657554,1.33032,-0.111888,-1.05534,0.601874,2.78623,2.17549,-0.0680997,1.37249,0.049057,-0.00144632,6.1544,
193,0.0223827,0.264875,-0.143111,-0.137284,-0.354396,0,0.302316,0.0246883,0.547431,0.960396,0.0348365,-0.0528216,0.27136,0.53033,0.941445,-0.121863,-0.531113,-0.413564,-0.594981,0.523822,1.15619,1.7388,0.627004,1.63879,-0.990018,-1.66249,-1.01585,-1.04972,2.08461,0.723869,-0.0469973,2.9289,0.492094,-0.000952537,6.95674,
194,0.024331,0.132397,-0.255685,-0.199786,-0.371548,0,0.258925,0.0210707,0.611818,0.965659,0.0236711,-0.0859642,0.244034,0.452637,1.01789,-0.150812,-0.5337,-0.215745,-0.566778,0.523761,1.25683,1.48714,0.536307,0.964587,-0.786485,-0.881279,-1.01444,-2.04866,0.982189,-1.86106,-0.0536633,4.96502,0.637308,-0.00072377,-0.870228,
195,0.0237831,-0.045175,-0.340579,-0.258614,-0.264792,0,0.184141,0.0140724,0.645155,0.968979,0.0106996,-0.110067,0.221023,0.305785,1.02908,-0.309186,-0.536243,0.0731908,-0.531881,0.52375,1.22853,1.28672,0.459225,0.363422,-0.836597,-0.747135,-0.693331,-3.81069,-0.522586,-4.45307,-0.0474945,6.57976,0.758222,-1.95171e-05,-0.248712,
196,0.0233845,-0.257488,-0.388133,-0.306836,-0.0936102,0,0.0513561,0.00190469,0.648425,0.970369,-0.00591112,-0.128061,0.204816,0.0576592,0.955934,-0.557761,-0.538409,0.427524,-0.51896,0.523749,1.20794,1.19375,0.530934,-0.207738,-0.841158,-0.450894,-0.937163,-6.07857,-2.3863,-2.16324,-0.0400817,7.59757,-0.112584,0.000473092,-0.570725,
197,0.0219388,-0.333094,0.0753708,-0.145725,-0.0748668,0,-0.144648,-0.0162636,0.627202,0.969844,-0.0243897,-0.143545,0.195454,-0.309502,0.783033,-0.542474,-0.540195,0.563092,-0.524104,0.52373,1.13326,1.62376,0.733914,-0.665282,-0.952588,-0.305841,0.519402,-8.59156,-4.51515,0.613291,-0.0325478,-0.916924,-0.0946149,-0.000172513,-2.40451,
198,0.0184803,-0.294146,0.117136,-0.0185695,-0.0171791,0,-0.328911,-0.0295587,0.586664,0.968327,-0.0400328,-0.137262,0.204692,-0.59715,0.535534,-0.524503,-0.54062,0.492334,-0.53166,0.523743,0.954611,1.78284,0.339717,-0.776685,0.704224,1.62234,0.236945,0.631339,-5.37743,0.1605,0.0514285,-1.89646,-0.204675,0.000429597,-4.73169,
199,0.0129727,-0.206668,0.238427,0.0518124,0.090385,0,-0.304996,-0.0257257,0.539991,0.971247,-0.0192298,-0.0991532,0.21559,-0.52104,0.501511,-0.518971,-0.537645,0.340016,-0.546764,0.523723,0.670111,1.924,0.25644,-1.17708,1.32613,1.25904,0.48476,1.94674,0.659111,0.0462926,0.0594371,-4.17689,-0.402973,-0.000311131,-6.63547,
200,0.00915127,-0.0569067,0.3399,0.119443,0.154018,0,-0.223795,-0.0189261,0.469882,0.970502,0.00278217,-0.0710274,0.230377,-0.382791,0.543423,-0.50018,-0.534452,0.0807206,-0.571113,0.523696,0.472714,2.12946,0.202831,-1.5939,0.815299,0.278456,0.560643,3.57198,1.01642,0.70029,0.0716217,-6.18104,-0.568103,-0.000349444,0.77283,
201,0.00998602,0.162337,0.391368,0.172794,0.102438,0,-0.080312,-0.0079573,0.427569,0.962186,-0.0114842,-0.0149548,0.271739,-0.147724,0.614011,-0.44799,-0.522163,-0.246107,-0.595241,0.523739,0.515834,3.19161,0.465539,-0.774061,0.00536265,2.98095,1.93059,5.82806,1.81096,1.50955,0.251767,-7.08589,-0.490615,0.00792285,0.661658,
202,0.0112381,0.501718,0.0859418,0.0695413,0.0121814,0,0.0829009,0.00973105,0.442415,0.963219,0.0133106,-0.00320547,0.26837,0.191663,0.718041,-0.352184,-0.522351,-0.56253,-0.606832,0.523794,0.58051,3.94031,-0.252216,1.29918,0.888654,0.347625,-1.39128,7.86888,2.35452,2.28215,-0.0681664,-1.67979,0.0724588,-0.00196854,1.87894,
203,0.0147919,0.300134,-0.0645109,-0.0574766,-0.136596,0,0.291916,0.0278459,0.497884,0.97269,0.0334816,0.00495596,0.229628,0.569642,0.845508,-0.238187,-0.525636,-0.536697,-0.601383,0.523704,0.764085,3.40669,-0.115161,1.19573,0.386639,-1.00253,-0.922109,2.98258,2.74425,2.24481,-0.0554151,1.08258,0.148428,-6.89483e-05,5.44136,
204,0.0209999,0.172177,-0.176811,-0.154381,-0.309898,0,0.287737,0.0266414,0.55624,0.97457,0.0444269,-0.0344868,0.216911,0.545076,0.96903,-0.154189,-0.528044,-0.431494,-0.588904,0.523704,1.08476,3.00923,-0.107731,0.93238,0.0171503,-1.7036,-0.423392,-1.28268,2.1979,1.14065,-0.0455475,3.11709,0.346567,-0.000286856,7.36293,
205,0.024626,0.139331,-0.281356,-0.213554,-0.37439,0,0.234989,0.0221461,0.58647,0.975082,0.0544075,-0.0646293,0.205128,0.449905,1.04788,-0.154742,-0.530518,-0.22721,-0.567319,0.523724,1.27207,2.74136,-0.180711,0.27306,0.2213,-0.80577,-0.451599,-2.5149,0.965454,-1.14467,-0.0546405,5.04035,0.515534,0.00037955,-0.923307,
206,0.0238639,-0.0376622,-0.356366,-0.267003,-0.285474,0,0.146913,0.0138323,0.585951,0.97494,0.06207,-0.080577,0.197854,0.275587,1.05569,-0.278735,-0.533194,0.0610049,-0.538079,0.523747,1.2327,2.53714,-0.268181,-0.295205,0.0809187,-0.615561,-0.0756406,-4.4414,-0.640495,-3.79382,-0.0517498,6.47648,0.65387,0.000242908,-0.398,
207,0.0233516,-0.243598,-0.393755,-0.30668,-0.121029,0,-0.00195767,0.00025998,0.556948,0.973174,0.0640964,-0.0912084,0.201258,-0.00628552,0.975189,-0.516052,-0.535657,0.403361,-0.518862,0.523748,1.20624,2.33497,-0.33529,-0.857007,-0.0613548,-0.208551,0.434839,-6.81235,-2.56537,-5.68418,-0.0459702,7.21187,-0.0702561,-7.49851e-05,-0.658498,
208,0.0218709,-0.339561,0.0630066,-0.148514,-0.0691904,0,-0.195296,-0.0201758,0.50801,0.971485,0.0556049,-0.0947781,0.210102,-0.409482,0.793492,-0.548835,-0.537765,0.575055,-0.523086,0.523736,1.12976,2.74047,0.175685,-1.00814,-1.04572,0.515403,0.932689,-9.30841,-4.69346,0.732963,-0.0363022,-1.0205,-0.0738966,-0.000239135,-2.38852,
209,0.0184119,-0.293286,0.132716,-0.000859032,-0.0157988,0,-0.271611,-0.0278443,0.446797,0.973192,0.0166088,-0.0843466,0.213325,-0.571481,0.536973,-0.524495,-0.539331,0.49079,-0.530599,0.52376,0.951077,2.98654,0.0612658,-1.32898,-1.35462,1.41433,-0.257375,1.13561,-5.55904,0.246178,-0.00262452,-2.34004,-0.221265,-0.000529921,-4.74529,
210,0.0128808,-0.202269,0.230411,0.0496843,0.0895783,0,-0.235606,-0.0244453,0.407419,0.974769,0.00338739,-0.0204972,0.222247,-0.493708,0.501339,-0.515044,-0.531185,0.332552,-0.543506,0.523706,0.665367,2.51985,0.283679,-0.385042,-1.19423,1.03027,0.383804,1.99387,0.715607,0.11625,0.232806,-4.0101,-0.337461,0.000836422,-6.63384,
211,0.00909952,-0.0692115,0.296743,0.102931,0.14993,0,-0.221624,-0.0170669,0.386283,0.973302,-0.00394863,0.00291923,0.229476,-0.355079,0.545474,-0.492496,-0.521411,0.0944582,-0.563787,0.523691,0.470041,2.38181,-0.102186,-0.22248,1.35227,-0.783299,0.245774,3.51672,1.03387,0.774424,-0.0047448,-5.50366,-0.45865,0.000153438,0.852708,
212,0.00997299,0.136158,0.332691,0.148038,0.0896558,0,-0.0764795,-0.00559417,0.411022,0.968783,-0.00630527,-0.0125229,0.247512,-0.135679,0.609677,-0.42866,-0.522915,-0.205868,-0.580149,0.523649,0.51516,3.05877,-0.589491,1.07042,0.118548,-0.103552,0.645453,5.21352,1.53592,1.7963,-0.0225963,-6.49721,-0.25064,0.000130032,0.660808,
213,0.0110813,0.464007,0.28651,0.152052,-0.00351772,0,0.0915631,0.0095796,0.45303,0.965679,-0.00180881,-0.0168739,0.259183,0.179406,0.711448,-0.324467,-0.52394,-0.536542,-0.593046,0.523665,0.57241,3.0661,-0.515424,0.604765,0.242301,-0.308902,0.149782,7.37613,2.5259,2.37218,-0.020371,-5.54498,-0.26481,0.000493406,1.61968,
214,0.0142546,0.374345,-0.0655108,-0.0506052,-0.14638,0,0.284374,0.027876,0.47525,0.970496,0.0213699,-0.0262517,0.238729,0.566734,0.861411,-0.207543,-0.525329,-0.548327,-0.603229,0.523682,0.736328,2.64537,-0.216799,0.399401,0.665494,0.552984,-1.04098,3.35595,3.46508,2.26783,-0.0416755,1.04134,-0.100953,-0.000904654,4.89487,
215,0.0200837,0.180389,-0.140625,-0.142538,-0.311576,0,0.308099,0.0259327,0.51777,0.971627,0.0415489,-0.0333267,0.230441,0.546397,1.01949,-0.124208,-0.527534,-0.451785,-0.59911,0.523913,1.03744,1.95418,0.351066,1.66608,-0.890857,-1.95498,-0.47553,-1.25744,2.89707,1.11312,-0.0270892,2.72326,0.334588,0.00293866,7.03408,
216,0.0250303,0.161028,-0.255061,-0.203137,-0.397824,0,0.26154,0.0218052,0.586143,0.972133,0.0305541,-0.0834619,0.216927,0.459184,1.13468,-0.126327,-0.528862,-0.263227,-0.578153,0.523794,1.29295,1.71176,0.28891,1.00558,-0.754765,-1.37413,-0.501718,-2.22685,1.7191,-1.17929,-0.0324895,4.80926,0.498424,-0.00223721,-0.626746,
217,0.0240042,-0.0114765,-0.341847,-0.260225,-0.30211,0,0.182391,0.0144218,0.620738,0.971289,0.0192788,-0.118125,0.205602,0.303652,1.18122,-0.256172,-0.530456,0.0185805,-0.549923,0.523757,1.23995,1.51256,0.190476,0.37994,-0.809254,-1.23501,-0.187989,-3.97931,0.15505,-3.9918,-0.0299,6.449,0.63089,-0.000117569,-0.647676,
218,0.0233487,-0.221951,-0.392516,-0.305881,-0.127685,0,0.0463126,0.00209541,0.623372,0.9677,0.00498528,-0.149906,0.202635,0.0468611,1.1409,-0.506041,-0.531831,0.366079,-0.51994,0.52375,1.20609,1.31796,0.106743,-0.269575,-0.875511,-0.991385,0.222231,-6.27237,-1.7541,-5.98753,-0.0244145,7.44287,0.176534,-9.09393e-05,-0.70629,
219,0.0218992,-0.340557,0.0588306,-0.148755,-0.0708281,0,-0.157168,-0.016659,0.599466,0.962728,-0.0105196,-0.179091,0.202414,-0.330007,0.999164,-0.547259,-0.532951,0.576904,-0.521938,0.523733,1.13121,1.84143,0.377955,-0.68331,-0.88296,-1.00176,0.959679,-8.7983,-3.90124,0.668527,-0.0181299,-0.828277,-0.0748346,-0.000527031,-2.27462,
220,0.0185299,-0.301583,0.111674,-0.0131257,-0.0172422,0,-0.334435,-0.0281469,0.564941,0.959684,-0.00303355,-0.17464,0.220221,-0.577064,0.781135,-0.525884,-0.530331,0.505683,-0.528163,0.523744,0.957171,1.98283,0.0801227,-0.734181,1.42349,0.968644,0.230823,0.745493,-4.80904,0.197466,0.106125,-1.94895,-0.178531,0.000412766,-4.66453,
221,0.0130553,-0.212474,0.236636,0.0543707,0.089063,0,-0.304636,-0.0249904,0.515444,0.961428,0.024148,-0.140669,0.235129,-0.513122,0.544108,-0.519472,-0.525115,0.349895,-0.54209,0.523725,0.67438,2.14153,0.0479971,-1.25466,1.49029,1.184,0.525569,1.66142,-4.67302,0.0596329,0.102147,-4.26435,-0.376743,-0.000367467,-6.63117,
222,0.00920144,-0.0643074,0.340985,0.116152,0.155005,0,-0.215378,-0.0202792,0.482184,0.957125,0.00888354,-0.100944,0.271372,-0.390318,0.508027,-0.503155,-0.522974,0.0948859,-0.562574,0.523612,0.475305,2.80337,0.789094,0.128935,0.272132,2.92411,2.12379,3.24092,0.532715,0.51027,-0.00668409,-5.86192,-0.389844,0.00574846,0.696403,
223,0.00997362,0.145377,0.404353,0.179618,0.10398,0,-0.0961716,-0.00973853,0.475783,0.947114,-0.00932711,-0.0318665,0.319174,-0.170245,0.555266,-0.44991,-0.523487,-0.229808,-0.585135,0.523679,0.515193,3.00903,0.873614,-0.426582,0.162106,2.70699,1.82745,5.54442,1.34838,1.61523,-0.00907553,-7.12309,-0.513767,-0.00011551,0.580306,
224,0.0110493,0.488768,0.171464,0.106194,0.014763,0,0.0363548,0.00687392,0.446227,0.940373,-0.00675546,0.0111127,0.339895,0.170201,0.651645,-0.350358,-0.523965,-0.57321,-0.611002,0.523723,0.570756,3.25118,0.824664,-0.595122,2.35993,-0.842606,-1.45072,7.96515,2.44233,2.41063,-0.0189495,-2.60201,-0.50043,0.00172847,1.64535,
225,0.0142415,0.386418,-0.0252567,-0.0389157,-0.130665,0,0.325852,0.0256131,0.456178,0.951292,0.0164907,-0.00722669,0.307764,0.565518,0.789171,-0.23068,-0.524746,-0.546383,-0.623574,0.523693,0.735653,1.4815,1.09157,1.60578,-1.28273,-0.605738,0.0171701,3.2928,2.9993,2.32823,-0.0261468,1.08438,0.112021,-0.0649696,4.8251,
226,0.0201423,0.16567,-0.157333,-0.136573,-0.301497,0,0.29466,0.0250174,0.532685,0.943484,0.0185623,-0.0302115,0.329516,0.547029,0.9261,-0.142284,-0.526694,-0.43533,-0.613077,0.520489,1.04046,1.1556,0.912639,1.34305,-0.255805,-1.20304,0.996913,-1.11907,2.52337,1.24757,-0.033605,3.35395,0.303464,-0.0185506,7.35231,
227,0.0244744,0.133878,-0.268093,-0.188877,-0.382618,0,0.246301,0.021263,0.583727,0.934058,0.0213918,-0.0511967,0.352784,0.463453,1.02413,-0.13613,-0.52855,-0.21824,-0.593761,0.523369,1.26424,0.924183,0.733692,0.686067,0.0266288,-0.30032,0.967849,-2.2166,1.40616,-0.983401,-0.0431746,5.31688,0.467277,0.133006,-0.474342,
228,0.0238557,-0.0528017,-0.351202,-0.237213,-0.300853,0,0.167385,0.0140075,0.604306,0.923457,0.0204475,-0.0555131,0.379114,0.306085,1.058,-0.253786,-0.530699,0.0855459,-0.566895,0.52426,1.23228,0.775011,0.506372,0.142099,-0.103834,-0.0208514,1.31515,-4.06244,-0.0402991,-3.70109,-0.0418928,6.82192,0.607657,-0.0168403,-0.372952,
229,0.0233126,-0.269424,-0.399986,-0.273907,-0.138096,0,0.0289842,0.00168805,0.598088,0.908458,0.0127002,-0.0536065,0.41433,0.043574,1.01231,-0.489405,-0.532698,0.44844,-0.534325,0.523813,1.20423,0.666738,0.253725,-0.382858,-0.222053,0.406302,1.79993,-6.41745,-1.77439,-5.70788,-0.0371245,7.68604,0.69603,-0.00303033,-0.746175,
230,0.02166,-0.330695,0.0720341,-0.0972584,-0.0579496,0,-0.175336,-0.0177901,0.567928,0.884241,-0.000619731,-0.0505579,0.464285,-0.342044,0.875524,-0.559132,-0.534236,0.558669,-0.518028,0.52374,1.11886,1.00728,0.702414,-0.843758,-0.373446,0.356635,2.57514,-8.98661,-3.68495,0.952852,-0.0273568,-0.875544,-0.115833,-0.000391778,-2.658,
231,0.0179764,-0.289853,0.136871,0.0534859,-0.00852185,0,-0.293534,-0.0296088,0.512968,0.858178,-0.0196999,-0.046785,0.510836,-0.587106,0.677669,-0.522228,-0.535385,0.484658,-0.527031,0.523757,0.928584,1.3514,0.658799,-1.35094,-0.71116,0.520796,1.48854,1.02802,-4.2218,0.52966,-0.0178867,-2.06782,-0.244859,0.000264507,-4.93362,
232,0.012282,-0.201439,0.250576,0.117318,0.0908124,0,-0.307266,-0.0260749,0.439307,0.843709,-0.0250365,-0.0224429,0.535747,-0.507318,0.50012,-0.499058,-0.533953,0.331142,-0.543853,0.523725,0.634433,1.4558,0.859055,-1.56383,1.74466,1.10339,0.899987,2.06017,-0.867921,0.398955,0.0820396,-4.05635,-0.422293,-0.000576467,-6.81607,
233,0.00904478,-0.0661949,0.343746,0.175698,0.131189,0,-0.202256,-0.0194674,0.364118,0.832528,0.00337117,0.00391652,0.553959,-0.363731,0.519531,-0.462794,-0.528136,0.079242,-0.567443,0.523696,0.467213,2.20192,1.07313,0.0626281,0.303314,-0.655142,0.987665,3.42511,0.719153,1.04665,0.352955,-5.75239,-0.312738,-0.000326431,1.14321,
234,0.010046,0.16054,0.396949,0.224609,0.0607526,0,-0.0635457,-0.00919789,0.39879,0.817004,-0.00126743,-0.00849571,0.576567,-0.141583,0.581445,-0.388148,-0.521086,-0.229079,-0.57926,0.523671,0.518931,2.81395,1.37847,0.834731,-0.561951,-0.0952034,1.06908,5.53036,1.80731,1.9369,-0.0605014,-6.67252,-0.2367,-0.000228414,0.77978,
235,0.011365,0.495847,0.194381,0.161789,-0.0388247,0,0.0897378,0.00718095,0.444852,0.814369,0.00396075,-0.0308292,0.579514,0.195868,0.706484,-0.281038,-0.524063,-0.54695,-0.588662,0.523698,0.587066,2.89194,1.38185,1.21875,0.695484,-0.824707,-1.08406,7.97166,3.08934,2.35418,-0.081398,-2.69989,-0.0395623,0.000611579,1.92117,
236,0.0149335,0.301402,-0.0110143,0.00476878,-0.18288,0,0.283383,0.0257718,0.497359,0.833122,0.0318585,-0.0340119,0.551123,0.574932,0.88608,-0.172647,-0.528257,-0.538054,-0.588067,0.523623,0.771399,2.53159,1.26854,0.82339,0.897968,-0.664862,-0.736453,2.10176,4.0967,1.95042,-0.0849886,0.933773,0.040121,-0.00641684,5.4233,
237,0.0211155,0.15658,-0.118972,-0.0800784,-0.338532,0,0.273705,0.0243046,0.528316,0.842557,0.0511913,-0.0243595,0.535615,0.54408,1.08667,-0.11064,-0.5327,-0.442943,-0.580721,0.523707,1.09073,2.31667,1.25084,0.495207,0.633886,-0.163061,-0.892053,-1.11132,3.93005,0.54978,-0.0859451,2.85463,0.259698,0.0013222,7.30661,
238,0.0246287,0.159653,-0.207351,-0.130703,-0.380442,0,0.260871,0.0207008,0.575927,0.852446,0.0670198,-0.050656,0.516022,0.468098,1.24742,-0.144459,-0.536631,-0.260928,-0.559524,0.523845,1.27221,1.37747,1.2012,1.10244,-0.521051,-0.553895,-1.33315,-1.92622,0.682726,-1.87913,-0.0884204,4.44267,0.559048,-0.00100333,-0.946744,
239,0.0238636,-0.00179421,-0.299255,-0.190375,-0.268775,0,0.193888,0.0145629,0.616898,0.86781,0.0622484,-0.0658422,0.488564,0.336015,1.22222,-0.305288,-0.540845,0.00290468,-0.528533,0.523775,1.23269,1.24891,1.03895,0.539462,-0.570594,-0.404206,-1.06296,-3.34497,-1.05738,-4.53234,-0.0796973,6.09754,0.681126,-0.000855309,-0.395931,
240,0.0234799,-0.204033,-0.354449,-0.241603,-0.0952932,0,0.0761933,0.00394107,0.630353,0.879857,0.053992,-0.0763546,0.465947,0.118093,1.13551,-0.558105,-0.54455,0.335536,-0.519704,0.523754,1.21286,1.10928,1.06364,0.0186641,-0.508069,-0.158531,-1.41791,-5.34002,-2.39822,-2.20224,-0.0695294,7.212,-0.10211,0.000367389,-0.395625,
241,0.0223846,-0.347489,0.0764288,-0.0961036,-0.0836663,0,-0.0996082,-0.0124092,0.619265,0.894334,0.0476587,-0.0826162,0.437115,-0.206652,0.973877,-0.542736,-0.54792,0.589812,-0.523783,0.523734,1.15629,1.34693,1.40949,-0.449954,-0.52363,-0.159086,-0.114632,-7.64601,-4.0543,0.620316,-0.0615275,-0.54295,-0.0650104,-0.000816565,-1.84987,
242,0.0194057,-0.310728,0.142702,-0.0142009,-0.0345587,0,-0.276451,-0.0290745,0.583926,0.894805,0.0361011,-0.0882656,0.436154,-0.5484,0.758009,-0.526493,-0.550939,0.5222,-0.529233,0.523737,1.00241,1.51871,1.45652,-0.963115,-0.607796,0.135751,-0.399417,-2.74397,-4.57381,0.112231,-0.0573099,-1.70972,-0.153686,0.00127482,-4.28517,
243,0.0142576,-0.23528,0.244701,0.0706427,0.0679539,0,-0.268783,-0.0284625,0.523228,0.902591,0.0194775,-0.0895312,0.420636,-0.536522,0.53222,-0.524048,-0.55364,0.388985,-0.542088,0.523739,0.736484,1.75042,1.4353,-1.46833,-0.684356,0.389208,-0.60465,1.14946,-4.45923,0.013771,-0.0522394,-3.60985,-0.357247,-0.00046373,-6.33568,
244,0.00907213,-0.101214,0.325576,0.125723,0.161222,0,-0.256073,-0.0235645,0.452478,0.905102,0.0222104,-0.0671342,0.419274,-0.436991,0.505887,-0.508672,-0.553372,0.164494,-0.563693,0.523638,0.468626,2.21412,1.39459,-0.746342,1.01555,2.34972,1.25807,2.79933,0.692162,0.515046,0.190501,-5.20131,-0.414786,-0.00821324,-0.173675,
245,0.00981878,0.0855715,0.404519,0.193046,0.1108,0,-0.122696,-0.0144371,0.413318,0.887536,-0.007529,-0.0117802,0.460526,-0.241779,0.562276,-0.455435,-0.542503,-0.131803,-0.586259,0.523712,0.507195,2.55914,1.60091,-1.03035,-0.344389,2.4205,1.84174,5.00107,1.55963,1.63158,0.216569,-6.70364,-0.518603,0.000517366,0.617991,
246,0.0107682,0.387897,0.399337,0.223236,0.0223998,0,0.046932,0.00128175,0.431758,0.88498,-0.00745414,-0.0231082,0.464995,0.0608317,0.65425,-0.353213,-0.531986,-0.472615,-0.595846,0.523751,0.556236,3.63044,0.991878,1.43702,-0.582525,-1.07939,-0.488222,7.21344,2.15049,2.42205,0.200091,-6.94787,0.108858,-0.00143937,1.30636,
247,0.0133758,0.471389,-0.0190451,0.061317,-0.114324,0,0.251923,0.0216086,0.4937,0.899178,0.00958855,-0.0549351,0.434016,0.486277,0.79906,-0.229288,-0.523023,-0.561024,-0.589721,0.5237,0.690933,3.29568,1.18604,1.03605,0.296187,-1.66656,-1.87466,9.78083,3.64109,2.52041,0.0781514,1.02873,0.130263,-0.00104191,4.05954,
248,0.0188651,0.110204,-0.11719,-0.105738,-0.286525,0,0.292667,0.0253101,0.537642,0.911547,0.0210664,-0.0667304,0.405198,0.558756,0.987559,-0.128357,-0.523126,-0.46818,-0.577819,0.523667,0.974488,2.86273,1.07671,0.640402,0.103539,-0.503826,-1.07288,-1.05323,3.90276,1.54537,-0.0178574,2.72121,0.315651,0.00022595,7.26933,
249,0.0245405,0.172481,-0.228727,-0.165525,-0.40179,0,0.251495,0.0219654,0.55438,0.921779,0.0285394,-0.0702339,0.380232,0.48571,1.15845,-0.104826,-0.52413,-0.282371,-0.557902,0.523704,1.26765,2.7156,0.957907,-0.0110363,0.302432,0.316245,-1.19901,-1.86539,2.9402,-0.586706,-0.0270218,4.70056,0.477344,0.000626464,0.445493,
250,0.02395,0.00476395,-0.330057,-0.220815,-0.331217,0,0.182921,0.0166614,0.550599,0.927526,0.0558699,-0.0510209,0.36602,0.354451,1.23343,-0.207056,-0.526252,-0.00771274,-0.530142,0.52372,1.23715,1.79661,0.324776,0.322817,0.327807,-0.880229,-0.725872,-3.39066,-0.148294,-3.47359,-0.0332937,6.29061,0.617437,0.00117968,-0.514659,
251,0.0234922,-0.202072,-0.384135,-0.269319,-0.176483,0,0.0687369,0.00597393,0.555302,0.930988,0.0670317,-0.0692635,0.352095,0.128503,1.18545,-0.436945,-0.52774,0.33221,-0.519664,0.523745,1.2135,1.55538,0.157482,-0.194172,0.0443473,-0.728414,-0.319781,-5.6281,-1.75816,-5.70434,-0.0269707,7.29675,-0.0960584,0.000100565,-0.446736,
252,0.0223564,-0.347185,0.0471108,-0.121583,-0.0786592,0,-0.118721,-0.0113983,0.533244,0.932298,0.07642,-0.085221,0.343102,-0.215656,1.05013,-0.549296,-0.528976,0.589243,-0.523156,0.523737,1.15483,1.91077,0.550327,-0.658836,0.082837,-0.865322,0.385897,-8.12566,-3.63973,0.530837,-0.0204311,-0.518887,-0.0439774,-0.000665793,-1.8824,
253,0.0193458,-0.309777,0.129775,-0.0208256,-0.0316657,0,-0.264672,-0.0290079,0.500899,0.931349,0.0580261,-0.093728,0.34704,-0.566031,0.849445,-0.528964,-0.529845,0.520473,-0.527497,0.523745,0.999316,1.87254,0.909081,-0.72592,-1.54402,0.542036,-0.372706,-1.83207,-4.37577,0.196097,-0.012413,-1.79372,-0.132486,0.00114074,-4.31698,
254,0.0141695,-0.233095,0.222874,0.0542416,0.0697901,0,-0.280182,-0.0272452,0.452663,0.938844,0.0180598,-0.0882596,0.332351,-0.535806,0.63208,-0.524137,-0.530081,0.385219,-0.539263,0.523733,0.731935,2.03602,0.733159,-1.01353,-0.150421,1.79426,-0.180203,1.32964,-4.32276,0.0436797,0.0558906,-3.6073,-0.328584,-0.00145332,-6.37694,
255,0.00898175,-0.101547,0.314976,0.113396,0.164183,0,-0.231028,-0.0225773,0.416165,0.935341,0.00218532,-0.0230678,0.352987,-0.43209,0.488148,-0.51045,-0.522177,0.165035,-0.557121,0.523686,0.463957,2.50507,0.949794,-0.641364,0.00971222,2.10555,1.38082,2.8253,0.287769,0.507261,0.0593133,-5.24979,-0.409634,0.00375355,-0.0652223,
256,0.00981752,0.0913546,0.360057,0.170498,0.110782,0,-0.134741,-0.0119661,0.379241,0.925867,-0.00409953,0.00568595,0.377784,-0.238669,0.530269,-0.455372,-0.523058,-0.132508,-0.580207,0.523716,0.50713,2.82326,0.224306,-0.21737,0.240832,-1.25539,0.402687,4.78254,1.1365,1.68934,-0.0288349,-6.57734,-0.414478,0.000945476,0.732858,
257,0.0108495,0.390765,0.367598,0.201575,0.0206161,0,0.0252421,0.00244178,0.426073,0.922836,-0.00551268,-0.00816379,0.385068,0.0484568,0.607697,-0.353013,-0.52342,-0.465254,-0.589777,0.5237,0.560438,3.59959,-0.0527791,1.11952,0.0466696,-0.0119802,0.245692,6.85506,2.08892,2.40394,-0.00429674,-6.89317,-0.157308,-0.000944865,1.37626,
258,0.0135326,0.463694,-0.044254,0.0443481,-0.116669,0,0.229608,0.0215322,0.470492,0.928635,0.00307487,-0.00911386,0.370869,0.450699,0.746366,-0.230462,-0.523859,-0.558012,-0.59674,0.523688,0.699033,3.31047,0.20654,0.662984,0.478255,-0.344224,-1.09042,9.21057,3.44435,2.48587,-0.0104304,0.90813,-0.123106,-0.000549705,4.14665,
259,0.0190703,0.1049,-0.13944,-0.108968,-0.287833,0,0.291945,0.0278187,0.505192,0.926455,0.0330112,-0.0270504,0.373978,0.571457,0.921114,-0.132368,-0.524505,-0.473391,-0.598406,0.523711,0.985089,2.64174,-0.0467463,0.8152,0.426743,-2.60887,0.848587,-1.28378,3.56394,1.46868,0.00288814,2.47041,0.0607027,0.020519,7.23648,
260,0.0245633,0.191618,-0.207498,-0.158648,-0.399161,0,0.276889,0.0225813,0.579003,0.929398,0.0328653,-0.0674684,0.36137,0.484321,1.07499,-0.110103,-0.525166,-0.3145,-0.582219,0.523906,1.26883,1.80726,0.552352,1.45807,-0.875433,-0.5797,-1.0205,-2.21268,2.5968,-0.596705,-0.025632,4.06805,0.471049,-0.00482591,0.355118,
261,0.0239494,0.0407261,-0.304978,-0.219026,-0.328383,0,0.201946,0.0156852,0.637014,0.937122,0.0180595,-0.0842822,0.33819,0.338117,1.17246,-0.211705,-0.526441,-0.0659726,-0.555209,0.523775,1.23712,1.64446,0.433537,0.87303,-0.874679,-0.348234,-0.785817,-3.62316,1.31196,-3.44423,-0.0235279,5.8575,0.609745,-0.000966013,-0.519717,
262,0.0236001,-0.15684,-0.366179,-0.269513,-0.176882,0,0.0775262,0.0045672,0.666241,0.941923,0.00115002,-0.0970003,0.321512,0.105353,1.19609,-0.439551,-0.527449,0.256258,-0.522543,0.523751,1.21908,1.46189,0.325221,0.299708,-0.855285,-0.115931,-0.45686,-5.66992,-0.354173,-5.65197,-0.016036,7.02243,0.573871,-0.000165386,-0.204729,
263,0.0228505,-0.339759,-0.0659582,-0.176313,-0.0883072,0,-0.108818,-0.0126084,0.669201,0.947795,-0.0158914,-0.103908,0.301056,-0.237558,1.12913,-0.54973,-0.528136,0.575419,-0.520945,0.523747,1.18036,1.76698,0.637414,-0.156208,-0.838526,-0.116162,-0.221779,-8.03647,-2.30856,0.549672,-0.0093868,1.54614,-0.0849387,-0.00103911,-1.32723,
264,0.0203949,-0.318875,0.0984768,-0.0348101,-0.0528312,0,-0.290222,-0.0299983,0.64909,0.94625,-0.0372129,-0.110702,0.301613,-0.597005,0.983716,-0.529037,-0.528515,0.537008,-0.527457,0.523743,1.05351,2.04699,0.604989,-0.640356,-1.08917,0.128166,-0.349122,-1.45433,-3.49536,0.198057,-0.00378538,-1.40622,-0.177128,0.00129472,-3.72867,
265,0.0157423,-0.250866,0.203934,0.0457805,0.0382293,0,-0.282702,-0.0270085,0.606183,0.949049,-0.0640179,-0.111351,0.287764,-0.541221,0.806735,-0.524442,-0.528372,0.415983,-0.541627,0.523738,0.813178,2.19265,0.436704,-0.932118,-0.159222,1.18302,-0.0471822,1.7429,-3.58737,0.034189,0.0442095,-3.42659,-0.382632,-0.0011618,-5.87788,
266,0.00966601,-0.121242,0.299552,0.10581,0.153155,0,-0.240572,-0.0209414,0.554332,0.952472,-0.0593517,-0.0631295,0.292043,-0.419834,0.640013,-0.514194,-0.524248,0.197364,-0.565055,0.523702,0.499303,2.34859,0.331903,-1.22999,0.713842,1.40188,0.33485,3.11245,-3.07778,0.348309,0.0942213,-5.30607,-0.556122,-0.000120092,-2.90039,
267,0.00976635,0.0676175,0.372858,0.162637,0.121041,0,-0.149497,-0.0109384,0.484042,0.953536,-0.0458227,-0.0297907,0.296281,-0.213584,0.514945,-0.469117,-0.523008,-0.105064,-0.595753,0.523677,0.504486,2.50653,0.33712,-1.61084,1.44595,1.0458,0.0259192,5.12002,-0.912536,1.44567,-0.0153678,-6.77487,-0.668801,-0.000376846,0.600019,
268,0.0105745,0.352377,0.399455,0.201822,0.0417709,0,0.000217451,0.00479688,0.390861,0.956998,-0.0115502,0.00126793,0.28986,0.103457,0.526572,-0.375926,-0.523615,-0.462398,-0.630025,0.523678,0.546233,2.83015,0.134337,-1.80098,2.35349,0.411866,-0.703011,7.43358,0.819979,2.31193,-0.000646028,-7.44911,-0.655152,-0.00171455,1.07086,
269,0.0127086,0.519993,-0.0489587,0.0227861,-0.083776,0,0.28909,0.0247985,0.445741,0.96675,-0.0183,-0.0115864,0.254803,0.51479,0.58045,-0.254742,-0.523784,-0.55944,-0.624666,0.523908,0.656469,2.78293,0.113948,1.45199,-0.736446,-0.649654,-2.0012,9.4133,1.7272,2.53538,-0.00715679,0.938182,0.275723,-0.0053702,3.40641,
270,0.0177648,0.162084,-0.160345,-0.148976,-0.253336,0,0.312814,0.0272451,0.506309,0.971503,-0.0309874,-0.0299078,0.233082,0.564967,0.668885,-0.148192,-0.524282,-0.462529,-0.606783,0.523617,0.917649,2.36517,0.106865,0.969646,-0.685776,-0.630283,-0.629703,-1.43365,1.8102,1.7647,-0.00936212,2.9403,0.440642,0.000819723,7.01449,
271,0.024539,0.337779,-0.273581,-0.211441,-0.399927,0,0.274149,0.0224499,0.542491,0.973312,-0.0452385,-0.050983,0.219131,0.465731,0.729875,-0.108042,-0.524698,-0.262511,-0.580338,0.523695,1.26758,1.86836,0.0948478,0.71762,-1.17551,-1.1806,-0.581167,-2.53141,0.641372,-0.145069,-0.00478229,5.05072,0.613278,0.00204713,2.80839,
272,0.0241428,-0.0205251,-0.367786,-0.270209,-0.346941,0,0.163356,0.0144948,0.563971,0.97262,-0.0639343,-0.0670716,0.21313,0.291631,0.722301,-0.186702,-0.524532,0.0332344,-0.546619,0.523736,1.24711,1.62746,-0.199125,0.266937,-0.260028,0.741823,0.626642,-4.4312,-0.931353,-2.93311,0.0370413,6.75051,0.734322,8.6532e-06,-0.80289,
273,0.0233082,-0.236899,-0.411604,-0.309764,-0.201565,0,0.0158375,0.000987403,0.565267,0.968145,-0.0791804,-0.0431089,0.233598,0.00828401,0.626975,-0.393279,-0.523234,0.391777,-0.516991,0.523745,1.204,1.41077,-0.347155,-0.190302,-0.475759,1.31466,1.27787,-6.88117,-2.86804,-5.31168,-0.00245914,7.58407,0.00298315,0.000106423,-0.920848,
274,0.0216041,-0.33962,0.0549934,-0.139201,-0.0573123,0,-0.207498,-0.0194929,0.544978,0.956098,-0.100048,-0.0123287,0.275163,-0.402205,0.496952,-0.558408,-0.523507,0.575166,-0.522026,0.52373,1.11597,1.88512,-0.0199961,-0.640591,-0.345637,0.681705,2.20248,-9.50979,0.0170383,0.429205,-0.00540744,-0.991218,-0.100551,-0.000117284,-2.58126,
275,0.0180776,-0.293928,0.126236,0.0141661,-0.00493316,0,-0.302671,-0.0273932,0.537578,0.951497,-0.0992906,-0.0107966,0.290996,-0.570574,0.515724,-0.530505,-0.523542,0.491939,-0.530518,0.523764,0.933806,1.59215,-0.180458,-0.289876,0.0874034,0.0312878,0.0482344,1.09393,0.266221,0.388377,-0.0016094,-2.36336,-0.238315,-0.000286617,-4.79534,
276,0.0125031,-0.195916,0.237555,0.0726502,0.0953673,0,-0.275874,-0.0236658,0.512778,0.951659,-0.0895706,0.00128261,0.293803,-0.494577,0.53124,-0.51238,-0.523578,0.321791,-0.546969,0.523726,0.645852,1.71637,-0.204061,-0.752817,0.595122,0.465818,0.263288,1.94132,0.353527,0.333483,-0.000890864,-4.42827,-0.421134,-0.000456364,-6.70381,
277,0.00920156,-0.0419842,0.31835,0.131848,0.138656,0,-0.233269,-0.0164724,0.477217,0.952577,-0.0593514,-0.0119167,0.298216,-0.358735,0.561755,-0.478625,-0.523534,0.0558251,-0.57111,0.523704,0.475312,1.67723,-0.560289,-0.668338,1.78434,-1.56752,0.0345027,3.49575,0.868284,1.01495,0.0020714,-6.19478,-0.541765,-0.000688818,0.904723,
278,0.0100628,0.195923,0.381982,0.18566,0.071074,0,-0.0993864,-0.00525695,0.432023,0.953794,-0.00289417,-0.0353425,0.298361,-0.130172,0.628211,-0.403869,-0.523564,-0.288572,-0.600183,0.523676,0.519799,1.89333,-0.630915,-1.02781,1.21352,-1.23039,0.203261,5.62317,1.77121,1.95236,-0.000339351,-7.52721,-0.596244,-0.00461171,0.727087,
279,0.0114565,0.524416,-0.00352912,0.042986,-0.0245348,0,0.0805994,0.010869,0.454932,0.950357,-7.03195e-05,-0.0172372,0.310685,0.204703,0.735858,-0.304762,-0.523882,-0.573725,-0.613842,0.523711,0.591792,3.26599,-0.551767,1.27922,1.28371,-0.302668,-1.06585,7.73339,2.51096,2.22065,-0.0234523,-0.258102,-0.0492792,0.00137819,2.15282,
280,0.0153496,0.238657,-0.085694,-0.0528309,-0.17251,0,0.267091,0.028094,0.508106,0.957544,0.0353026,-0.0183155,0.285529,0.562121,0.865915,-0.200745,-0.524988,-0.529267,-0.614134,0.523664,0.79289,3.05563,-0.479127,0.840263,1.34544,-0.468338,-0.507047,2.78758,2.69155,1.92051,-0.0224565,1.25001,0.0344112,-0.00469198,5.85772,
281,0.0216656,0.242308,-0.148678,-0.132835,-0.331441,0,0.291681,0.0260099,0.550765,0.956219,0.0669997,-0.0350489,0.282715,0.541911,0.987734,-0.138732,-0.52583,-0.422562,-0.605786,0.523748,1.11915,2.51568,0.176003,1.739,-0.23589,-1.57677,-0.757342,-1.18068,2.18973,0.623624,-0.0157497,2.76783,0.440466,0.00998677,7.00055,
282,0.0242912,0.145054,-0.25247,-0.192945,-0.360727,0,0.247784,0.0218905,0.628071,0.96189,0.0692091,-0.0611777,0.25736,0.457019,1.07014,-0.167976,-0.526946,-0.236678,-0.578747,0.523792,1.25477,2.22778,0.175947,1.22931,-0.186638,-0.733469,-0.967322,-2.21026,1.11469,-1.78262,-0.026075,4.69428,0.619774,-0.00164006,-0.701054,
283,0.0237856,-0.0228718,-0.333981,-0.249873,-0.257633,0,0.169538,0.0145243,0.675409,0.966199,0.0690107,-0.0769639,0.236165,0.302839,1.08903,-0.320542,-0.528177,0.0370351,-0.544517,0.523756,1.22866,2.02724,0.106218,0.661737,-0.27102,-0.578001,-0.663707,-3.94233,-0.347879,-4.29972,-0.0225407,6.24197,0.749108,-0.000224553,-0.247988,
284,0.0234673,-0.225531,-0.377273,-0.295601,-0.0933711,0,0.0339619,0.0020895,0.694417,0.96892,0.0653404,-0.0880226,0.22176,0.0494655,1.026,-0.560579,-0.529158,0.372215,-0.517199,0.52375,1.21222,1.92791,0.18527,0.135417,-0.29669,-0.320281,-0.925485,-6.15833,-2.15758,-2.03382,-0.0173536,7.17011,-0.0386186,0.000465521,-0.40714,
285,0.0222869,-0.339285,0.0569169,-0.146442,-0.0816909,0,-0.163805,-0.016154,0.689652,0.971697,0.060991,-0.0958182,0.207132,-0.319441,0.866188,-0.542748,-0.529938,0.574543,-0.52255,0.523732,1.15124,2.31959,0.382618,-0.32685,-0.355668,-0.261947,0.446782,-8.58927,-4.21933,0.627869,-0.0119013,-0.791398,-0.107145,-0.000489891,-2.01642,
286,0.0191799,-0.300831,0.116062,-0.0182235,-0.030339,0,-0.285677,-0.0278666,0.660337,0.971307,0.0503754,-0.10125,0.209221,-0.566855,0.633103,-0.52598,-0.530434,0.504326,-0.530823,0.523756,0.990749,2.58428,0.207727,-0.851964,-0.608752,0.0303119,-0.451202,0.465849,-5.09211,0.104127,-0.00678919,-1.95384,-0.223796,0.000465636,-4.38389,
287,0.0139763,-0.21671,0.221625,0.0369437,0.0735461,0,-0.265723,-0.0252483,0.60634,0.973643,0.0396352,-0.105775,0.198141,-0.514705,0.488889,-0.523932,-0.530771,0.35712,-0.546657,0.523732,0.721953,2.72754,0.155528,-1.29198,-0.324442,-0.366873,-0.328331,1.45012,0.521063,0.00936537,-0.00711962,-3.91987,-0.405332,-0.000455243,-6.3502,
288,0.00924628,-0.0727738,0.307923,0.0911999,0.158809,0,-0.157867,-0.0198661,0.53343,0.973934,0.025608,-0.119916,0.190831,-0.40379,0.526695,-0.510216,-0.530818,0.118051,-0.570628,0.523694,0.477622,3.04379,0.155844,-1.30823,-2.53786,-0.478944,0.518093,2.966,0.872525,0.521861,0.0232014,-5.57257,-0.526554,-0.00136271,0.0476321,
289,0.00988961,0.105648,0.339613,0.128374,0.113578,0,-0.128736,-0.0106513,0.49863,0.973221,-0.0220329,-0.0877848,0.211304,-0.204108,0.585451,-0.461672,-0.520673,-0.171787,-0.594397,0.523344,0.510853,3.54048,0.439776,-0.218347,0.773532,3.68597,1.24962,5.00396,1.48498,1.41766,0.15189,-6.03747,-0.453342,0.00506895,0.511892,
290,0.0107485,0.395917,0.363205,0.169349,0.0349763,0,0.011338,0.00455506,0.473516,0.972202,-0.0220499,0.000300631,0.233102,0.101118,0.681147,-0.371108,-0.522272,-0.489591,-0.618278,0.523861,0.555218,3.7693,0.21043,-0.545668,1.83321,1.58004,-0.212835,7.08861,2.29213,2.22909,-0.069125,-6.64985,-0.477956,-0.000902163,1.27623,
291,0.0133611,0.474559,-0.048022,0.00329706,-0.0977375,0,0.277157,0.0238309,0.456981,0.981232,0.036334,0.00171909,0.189369,0.509779,0.822154,-0.253481,-0.525604,-0.565358,-0.638248,0.52385,0.690173,2.49944,0.543979,0.864872,-0.306234,-1.80896,-1.5382,9.27078,3.35896,2.40315,-0.0480512,1.17158,-0.123473,0.0106125,4.01132,
292,0.0187278,0.145293,-0.147,-0.157587,-0.266232,0,0.286433,0.0263235,0.522552,0.982045,0.0257673,-0.0268547,0.184942,0.563037,0.984772,-0.156534,-0.528774,-0.463099,-0.632667,0.52278,0.967393,1.61513,0.598429,1.41083,0.48696,-1.48208,0.627028,-1.32143,3.12293,1.50769,-0.0773245,2.98297,0.219367,-0.0579359,7.11307,
293,0.0244032,0.171209,-0.252861,-0.209475,-0.384227,0,0.235588,0.0220048,0.578238,0.977272,0.0438157,-0.0544004,0.20015,0.471515,1.10819,-0.131242,-0.532649,-0.265646,-0.617167,0.523426,1.26056,1.39142,0.525647,0.774625,0.688201,-0.622315,0.561427,-2.33433,1.82362,-0.480194,-0.0829986,4.90509,0.396916,0.0844004,0.620335,
294,0.0239236,-0.0100033,-0.331476,-0.256933,-0.320049,0,0.155037,0.014452,0.602855,0.972196,0.0602231,-0.0613484,0.217816,0.311105,1.15862,-0.224613,-0.536808,0.0161924,-0.593667,0.524067,1.23579,1.18101,0.387206,0.220501,0.543029,-0.232352,0.87137,-4.06672,0.206334,-3.23247,-0.0817755,6.35526,0.543699,-0.010138,-0.468155,
295,0.023443,-0.214943,-0.375333,-0.292465,-0.172966,0,0.0191348,0.00213953,0.600289,0.965026,0.0698523,-0.0618403,0.244994,0.0519291,1.12134,-0.440809,-0.540775,0.354092,-0.564205,0.523792,1.21096,0.996082,0.226551,-0.319865,0.382483,0.137057,1.34203,-6.28094,-1.68309,-5.39825,-0.0762048,7.1539,0.635251,-0.0019722,-0.52452,
296,0.022189,-0.333014,0.0412047,-0.141115,-0.0760654,0,-0.181631,-0.0164595,0.573036,0.95465,0.0755767,-0.0588805,0.281894,-0.322555,0.985479,-0.548147,-0.544361,0.562942,-0.532351,0.52374,1.14618,1.40954,0.474187,-0.766497,0.344577,0.0634323,2.04991,-8.68255,-3.73497,0.503312,-0.0665479,-0.457865,0.633678,-0.000598719,-2.0514,
297,0.0190706,-0.301242,0.118684,0.000967083,-0.026273,0,-0.282879,-0.0287355,0.523155,0.941585,0.0744877,-0.0558744,0.323647,-0.571146,0.777044,-0.528703,-0.547437,0.505065,-0.520942,0.523756,0.985102,1.57308,0.600008,-1.01749,-0.834513,0.883286,1.02105,0.576786,-4.59681,0.187459,-0.0538421,-1.773,-0.077619,0.000341216,-4.37317,
298,0.0138728,-0.222756,0.22925,0.0622919,0.0756473,0,-0.241845,-0.0261892,0.466798,0.936818,0.03168,-0.0384589,0.346249,-0.513618,0.552687,-0.523955,-0.549981,0.367462,-0.530364,0.523729,0.716605,1.6389,0.745408,-1.37662,-1.37116,1.35176,0.981822,1.56281,-4.37623,0.0195126,-0.0492999,-3.71975,-0.290794,-0.000503273,-6.35022,
299,0.00916682,-0.0882581,0.31096,0.116156,0.159922,0,-0.22407,-0.0210212,0.395144,0.929812,0.00232414,-0.0187025,0.367551,-0.395914,0.499312,-0.50953,-0.550041,0.143305,-0.548237,0.523662,0.473517,2.06024,1.06827,-0.901398,0.527782,2.16253,1.31477,3.11777,0.71807,0.474293,0.198865,-5.10168,-0.348174,-0.00415232,0.150164,
300,0.00988406,0.08726,0.340005,0.162274,0.112239,0,-0.0942575,-0.0100417,0.386531,0.920523,-0.00342422,-0.00384887,0.390654,-0.193405,0.551358,-0.459516,-0.535449,-0.138273,-0.562385,0.523686,0.510567,2.71056,0.386347,1.06154,-0.447893,-0.989891,0.527681,4.83788,1.27032,1.56777,0.445373,-6.07643,-0.135355,0.000629382,0.566642,
301,0.0107266,0.356124,0.358534,0.195859,0.0295612,0,0.0559791,0.00425322,0.437583,0.916045,0.00108871,-0.0218553,0.400478,0.103301,0.642107,-0.362499,-0.52105,-0.449642,-0.569236,0.523677,0.554088,2.83485,0.452379,0.813295,0.00651573,-0.787527,0.266457,7.03976,2.36321,2.30908,-0.0253205,-6.41357,-0.16194,-0.000248599,1.17176,
302,0.0130915,0.503371,-0.0259002,0.0505669,-0.0992914,0,0.268651,0.0237599,0.468968,0.920639,0.0125118,-0.0356584,0.388582,0.512844,0.79284,-0.243159,-0.523591,-0.558406,-0.57532,0.523689,0.67625,2.4828,0.674373,0.486404,0.149591,-0.247732,-1.15179,9.32096,3.65051,2.45651,-0.0577244,0.853201,-0.0649568,-0.000195699,3.69122,
303,0.0183252,0.156156,-0.122646,-0.107994,-0.266904,0,0.29491,0.0263107,0.491114,0.91849,0.0444217,-0.0219696,0.392326,0.56438,0.977593,-0.143495,-0.527549,-0.471273,-0.572891,0.523423,0.946596,1.91645,0.644688,0.860361,0.128911,-1.4959,0.106751,-1.33334,3.77948,1.59182,-0.0558675,2.56845,0.216539,0.0586795,6.94382,
304,0.0245044,0.299595,-0.206679,-0.160725,-0.396875,0,0.278795,0.0214837,0.560137,0.922934,0.0381263,-0.0721441,0.376211,0.477799,1.14226,-0.112338,-0.530118,-0.303382,-0.55131,0.524154,1.26579,1.40555,1.01595,1.15702,-1.1111,-1.4385,-0.746137,-2.14366,2.81239,-0.359959,-0.0542147,4.32244,0.531868,-0.0134601,1.73496,
305,0.0240463,0.025971,-0.305808,-0.220306,-0.33603,0,0.207563,0.014843,0.601397,0.92727,0.0252554,-0.109335,0.357181,0.335089,1.23328,-0.201967,-0.532847,-0.0420546,-0.521639,0.523804,1.24212,1.24253,0.846077,0.508908,-1.18997,-1.07744,-0.565789,-3.55139,0.116162,-3.20289,-0.0517249,6.11372,0.53375,-0.0023078,-0.654185,
306,0.0235173,-0.17923,-0.369322,-0.270787,-0.188469,0,0.0862881,0.00395021,0.611425,0.928098,0.00621921,-0.141925,0.344169,0.105728,1.19763,-0.419487,-0.535266,0.293677,-0.520819,0.523754,1.2148,1.08102,0.702038,-0.119355,-1.21707,-0.845251,-0.175142,-5.60523,-1.51432,-5.4795,-0.0445398,7.30625,-0.0849052,-0.000324097,-0.440492,
307,0.0224657,-0.343292,0.0262639,-0.136721,-0.072348,0,-0.127878,-0.0131376,0.592845,0.926673,-0.0111153,-0.167955,0.336073,-0.234798,1.07398,-0.561868,-0.537056,0.581986,-0.52396,0.523739,1.16048,1.40673,1.03093,-0.392073,0.0360469,-0.122552,0.357001,-8.00627,-3.41334,0.693453,0.0261711,0.132108,-0.0345575,-0.00115001,-1.72382,
308,0.0196141,-0.312847,0.120646,-0.0204371,-0.0361793,0,-0.332001,-0.029755,0.568272,0.923862,0.00202739,-0.148192,0.352867,-0.58133,0.881892,-0.53031,-0.533862,0.526043,-0.52776,0.523735,1.01318,1.59605,0.911985,-0.633424,1.21109,0.935736,0.248964,-1.55395,-4.26161,0.405763,0.085667,-1.62698,-0.122551,0.00116638,-4.14559,
309,0.0145901,-0.233927,0.244324,0.0705044,0.0563394,0,-0.310286,-0.0275453,0.524447,0.92528,0.019468,-0.113878,0.361262,-0.537441,0.670228,-0.51682,-0.529536,0.386653,-0.539296,0.523735,0.753662,1.79603,0.86426,-1.1391,1.19688,1.13447,0.30997,1.57307,-4.20562,0.12913,0.0849646,-3.93482,-0.336223,-0.00040694,-6.21835,
310,0.00940334,-0.0861978,0.348904,0.136861,0.149295,0,-0.1881,-0.0220778,0.460631,0.921396,0.0223532,-0.0837415,0.378836,-0.416697,0.496344,-0.500579,-0.524934,0.139941,-0.560178,0.523654,0.485735,2.23509,1.09675,-1.06313,-1.52413,0.751447,1.77722,3.23059,-0.762016,0.50169,0.120015,-5.84294,-0.462029,-0.00222768,-0.556122,
311,0.00987813,0.103184,0.401378,0.190115,0.110711,0,-0.11418,-0.0122003,0.44197,0.905599,-0.00511351,-0.0224006,0.423511,-0.196377,0.522561,-0.457068,-0.521954,-0.167721,-0.580516,0.523627,0.51026,2.71979,1.58152,-0.502688,0.329864,2.91402,1.83112,5.57465,1.10685,1.37486,-0.0444913,-6.64818,-0.456959,0.00120559,0.453714,
312,0.0106911,0.40481,0.411682,0.228873,0.0338373,0,0.0474609,0.00494215,0.414709,0.898419,0.003776,0.012787,0.438938,0.143599,0.608238,-0.367726,-0.524062,-0.511617,-0.603763,0.523716,0.552252,2.82616,1.20445,-0.242686,1.28535,-2.16238,-0.907578,7.96889,2.2878,2.20216,-0.0304827,-7.08715,-0.45968,0.000921831,1.22859,
313,0.0131728,0.48672,-0.0162382,-0.0146392,-0.094231,0,0.291946,0.0257836,0.451944,0.919516,0.0170132,-0.000979826,0.392682,0.574072,0.756382,-0.253077,-0.52663,-0.553114,-0.606914,0.523892,0.680447,1.85694,1.23681,1.36494,0.486427,-0.826024,-1.94053,3.75068,3.62995,2.35586,-0.0685384,1.0083,0.192729,-0.0121322,3.92149,
314,0.0185748,0.156552,-0.128702,-0.124922,-0.263682,0,0.292418,0.024644,0.511952,0.931995,0.0359532,-0.0257899,0.359761,0.551214,0.930856,-0.156011,-0.529727,-0.451788,-0.5926,0.523689,0.959493,1.69317,1.25485,1.09174,-0.0572506,-2.18229,-1.17036,-1.28454,3.35169,1.55033,-0.0478429,3.03282,0.384603,-0.000314524,7.18775,
315,0.0250575,0.224276,-0.231257,-0.184947,-0.397503,0,0.254214,0.0204535,0.554345,0.942748,0.0467584,-0.0637598,0.323999,0.464977,1.07124,-0.127697,-0.532286,-0.252155,-0.568772,0.523716,1.29436,1.40365,1.25804,0.594886,-0.293,-0.293057,-2.05203,-2.15981,2.2683,-0.396055,-0.0641854,4.92265,0.575292,0.00054104,1.36083,
316,0.0241724,-0.0210139,-0.31648,-0.246232,-0.327832,0,0.176557,0.0134251,0.569229,0.95758,0.0441924,-0.0638075,0.277518,0.31691,1.14774,-0.219245,-0.535496,0.0340257,-0.537056,0.523747,1.24864,1.20151,1.16375,0.0261321,-0.253429,0.0846632,-1.78214,-3.748,0.803723,-3.24272,-0.0608131,6.50874,0.69483,0.000320482,-0.903128,
317,0.0232413,-0.232039,-0.365034,-0.295821,-0.171376,0,0.0482703,0.00180606,0.55769,0.9685,0.0381782,-0.0572893,0.239308,0.0759439,1.14143,-0.437214,-0.538279,0.383399,-0.519189,0.523749,1.20054,0.994398,1.11614,-0.477449,-0.293724,0.498003,-1.36826,-5.87205,-1.04267,-5.45838,-0.0494761,7.4589,-0.0771471,-6.19945e-05,-1.01992,
318,0.021499,-0.336735,0.0912027,-0.140828,-0.0470614,0,-0.1252,-0.0157626,0.52935,0.975569,0.0256274,-0.0559884,0.21089,-0.276869,1.03608,-0.570374,-0.540223,0.56982,-0.523413,0.523733,1.11054,1.0153,1.37667,-0.565142,-1.03898,-0.542821,-0.983508,-8.21548,-3.15286,0.960733,-0.0290931,-0.826806,-0.081042,-0.000159765,-2.53521,
319,0.0179101,-0.301553,0.135783,-0.0363726,-0.00447282,0,-0.277687,-0.0303221,0.487668,0.980867,0.00240651,-0.0692432,0.181932,-0.580795,0.85586,-0.5262,-0.541606,0.505627,-0.530251,0.523749,0.925156,1.26472,1.26413,-1.09977,-1.29144,-0.153538,-1.67786,-0.157151,-4.04362,0.715231,-0.0232131,-1.69604,-0.193747,0.000914307,-4.86051,
320,0.0122367,-0.225471,0.224207,0.0234416,0.0857669,0,-0.305701,-0.0267719,0.432955,0.987344,-0.00252337,-0.0472985,0.151352,-0.52604,0.651621,-0.490244,-0.541287,0.372118,-0.545037,0.523715,0.632094,1.47554,0.733544,-1.07001,1.24458,2.07404,-0.611463,1.6245,-4.12471,0.727102,0.0382091,-3.63206,-0.396563,-0.00053923,-6.84774,
321,0.0089972,-0.123234,0.321083,0.0849704,0.117452,0,-0.221393,-0.0210215,0.38351,0.987392,-0.00793413,0.00342505,0.158059,-0.406869,0.495836,-0.440892,-0.536649,0.144379,-0.566542,0.523624,0.464755,2.04711,0.752861,-0.845487,0.159347,1.8837,0.707843,3.13267,-0.126312,1.24811,0.178568,-5.48524,-0.466875,0.000623879,1.20796,
322,0.00994425,0.0950837,0.346371,0.133194,0.0418102,0,-0.102543,-0.00976106,0.392074,0.984492,-0.010593,-0.00124559,0.175104,-0.207993,0.522528,-0.357235,-0.522697,-0.154116,-0.583825,0.523664,0.513676,2.34053,-0.200361,0.415193,-0.429791,-0.340228,0.777792,4.97922,0.850227,2.0616,0.271311,-6.54607,-0.333484,8.60627e-05,0.527558,
323,0.0107785,0.388421,0.35093,0.164147,-0.0490088,0,0.0562899,0.00549219,0.409178,0.982084,-0.00988801,-0.00729841,0.188044,0.0962021,0.587174,-0.248609,-0.522233,-0.490409,-0.600445,0.523679,0.55677,2.75242,-0.487147,0.726711,-0.168695,-0.604453,-0.0149087,7.04352,1.61752,2.29081,-0.0488153,-6.80521,-0.22736,0.00163009,1.20946,
324,0.0132999,0.483046,-0.0584026,0.00341426,-0.170075,0,0.262609,0.0248517,0.453392,0.987734,-0.00269203,-0.0239741,0.154274,0.500005,0.691634,-0.143456,-0.525117,-0.55073,-0.605196,0.523704,0.687012,2.67785,-0.343535,0.732022,0.12929,-0.563904,-1.79534,9.16873,2.63007,1.88774,-0.0592768,0.840653,-0.0414419,-0.000898189,3.97235,
325,0.0187442,0.135022,-0.160536,-0.156795,-0.311762,0,0.290062,0.0278646,0.481109,0.989714,0.00583474,-0.039649,0.137331,0.559641,0.82002,-0.0840604,-0.528164,-0.463445,-0.602665,0.523142,0.968244,2.17735,-0.414385,0.679375,0.243246,-2.23743,-0.0688822,-1.18085,2.47743,0.521703,-0.0489601,2.64064,0.157441,-0.0383405,7.17342,
326,0.0249772,0.256025,-0.220375,-0.210436,-0.404665,0,0.285101,0.0221959,0.553716,0.990334,-0.0203271,-0.0831272,0.109161,0.473763,0.912031,-0.112775,-0.530963,-0.296487,-0.580517,0.524392,1.29021,1.7563,0.476989,1.29704,-1.49086,-0.961205,-1.30089,-2.26771,1.21317,-1.69096,-0.0617496,4.26435,0.565071,-0.0176888,1.30555,
327,0.0241462,0.0227188,-0.316283,-0.272538,-0.296881,0,0.206105,0.0148557,0.602019,0.990226,-0.0512878,-0.104444,0.0768982,0.322597,0.932505,-0.268833,-0.533999,-0.0367853,-0.549102,0.523844,1.24729,1.51868,0.478676,0.654608,-1.41127,-0.571743,-1.04213,-3.76494,-0.381023,-4.52829,-0.0563758,6.10641,0.692803,-0.00414413,-0.852917,
328,0.0234174,-0.182043,-0.373623,-0.323593,-0.1036,0,0.0695813,0.00304757,0.618952,0.988156,-0.0825912,-0.118253,0.0523621,0.0810946,0.86375,-0.543929,-0.536518,0.298402,-0.516817,0.523756,1.20964,1.33111,0.527977,0.0911893,-1.07392,0.108598,-0.719676,-5.87714,-2.35338,-5.23832,-0.0301386,7.2938,0.135407,-0.000539392,-0.658245,
329,0.0221454,-0.34428,0.0134466,-0.194065,-0.0731893,0,-0.141787,-0.0141462,0.618861,0.990261,-0.0913263,-0.100254,0.0315052,-0.273077,0.689318,-0.551098,-0.536795,0.583828,-0.521363,0.523732,1.14393,1.80174,0.526736,-0.136271,-0.243362,1.02642,0.428405,-8.2911,-4.6083,0.848948,0.00706674,0.0670501,-0.11724,-0.000964139,-1.949,
330,0.0190841,-0.312157,0.104951,-0.0606191,-0.0310722,0,-0.313551,-0.0289628,0.603404,0.992351,-0.0929045,-0.0698189,0.0416342,-0.587552,0.489678,-0.522053,-0.535983,0.524788,-0.529601,0.523745,0.9858,1.98675,0.262404,-0.462162,0.204347,0.771411,-0.262429,-0.090259,-0.295582,0.332988,0.0197671,-1.72187,-0.209606,0.0012579,-4.35102,
331,0.013866,-0.232288,0.218497,0.0090691,0.0666316,0,-0.294957,-0.025817,0.571406,0.995038,-0.0806376,-0.0442258,0.0379681,-0.528723,0.512694,-0.510448,-0.534478,0.38383,-0.545088,0.523731,0.716254,2.05121,0.0893597,-0.874607,0.687546,1.22839,0.116334,1.62267,0.40681,0.118211,0.0337859,-3.89986,-0.409474,-0.000430388,-6.41332,
332,0.00911374,-0.0861742,0.316135,0.0719351,0.149664,0,-0.22448,-0.0198417,0.515775,0.996761,-0.0670633,-0.0182062,0.0404758,-0.409942,0.534346,-0.492519,-0.532642,0.139899,-0.569764,0.523701,0.470775,2.20794,-0.0358406,-1.29754,0.225558,0.363645,0.222733,3.11852,0.463497,0.596148,0.0454122,-5.84594,-0.574819,-0.000355156,0.20416,
333,0.00987208,0.119531,0.370869,0.127185,0.0951639,0,-0.155826,-0.00907761,0.446105,0.997994,-0.0392626,0.00300691,0.0495633,-0.201328,0.570023,-0.433816,-0.528388,-0.186126,-0.601177,0.523676,0.509948,2.13141,-0.413874,-1.44348,1.99787,-0.124633,-0.0889464,5.17182,0.940096,1.7179,0.096263,-7.17057,-0.669515,0.000838944,0.602935,
334,0.0108973,0.464775,0.268485,0.118797,0.00598283,0,0.0824681,0.00835038,0.417293,0.998821,-0.0137615,-0.0125668,0.0448313,0.108682,0.628936,-0.332945,-0.523297,-0.554181,-0.624028,0.52365,0.562907,2.94766,-1.82338,1.43189,-0.988085,0.15391,-0.26915,7.03088,1.09436,2.31555,0.0829765,-5.95815,0.0672546,0.00182561,1.51657,
335,0.0139749,0.380112,-0.127719,-0.0428008,-0.134692,0,0.263344,0.0267912,0.486106,0.999709,-0.0162562,-0.0160112,0.00788276,0.499877,0.700626,-0.216733,-0.523172,-0.554176,-0.61606,0.523683,0.721884,2.90698,-1.49861,1.17801,0.0932167,-0.387992,-1.75059,8.6207,1.82213,2.30271,-0.0145503,1.41364,0.195668,-0.000459875,4.8193,
336,0.0198681,0.163304,-0.220092,-0.196461,-0.303755,0,0.292185,0.029232,0.532014,0.999633,-0.0124653,-0.0208559,-0.0120014,0.555976,0.781648,-0.130479,-0.524069,-0.438571,-0.60176,0.523638,1.0263,2.58879,-1.33181,0.715304,0.0622188,-0.473123,-0.436905,-1.22934,1.42431,1.18147,-0.0145319,3.20708,0.381527,0.00177372,7.3227,
337,0.0249721,0.140968,-0.315303,-0.256067,-0.395788,0,0.257562,0.0240592,0.567155,0.997471,-0.0243706,-0.0655905,-0.0124347,0.455794,0.81543,-0.128145,-0.524015,-0.229919,-0.577248,0.523723,1.28995,2.17374,-1.14662,0.506778,-0.653097,-1.77243,-0.0408291,-2.76958,-0.0672212,-1.06651,5.2315e-05,5.14179,0.581201,0.000443659,-0.529123,
338,0.0239906,-0.0415434,-0.393727,-0.311996,-0.304303,0,0.160232,0.0147178,0.576091,0.99344,-0.0428038,-0.105714,-0.00836589,0.262954,0.765156,-0.252223,-0.524043,0.0672993,-0.54458,0.523747,1.23925,1.92073,-1.15749,-0.151077,-0.780266,-1.55082,0.404893,-4.92526,-1.92867,-3.87412,0.000158202,6.73309,0.72544,0.000243568,-0.641222,
339,0.0232204,-0.255455,-0.436304,-0.349999,-0.133257,0,-0.0399383,-0.000155383,0.561725,0.993244,-0.0427273,-0.105291,0.023568,-0.0503587,0.613671,-0.4939,-0.52319,0.423978,-0.517922,0.523737,1.19946,1.589,-1.35842,-0.450962,0.527535,0.921079,1.90265,-7.57046,-4.11789,-5.81019,-0.00417156,7.53184,-0.0237709,0.000110396,-0.941085,
340,0.0214359,-0.331106,0.00588084,-0.187526,-0.0517078,0,-0.282998,-0.0221267,0.531577,0.992055,-0.0332055,-0.0906306,0.0806887,-0.498368,0.494428,-0.561657,-0.523509,0.55943,-0.522479,0.523726,1.10728,2.19526,-1.22678,-0.776528,0.832931,-0.0695132,2.62816,-10.3356,0.470858,1.03481,-0.00555534,-0.818131,-0.0909438,-8.35643e-05,-2.73294,
341,0.0176803,-0.281523,0.104515,-0.00707857,-0.00487931,0,-0.340688,-0.0248341,0.483248,0.989137,-0.0145877,-0.0874228,0.117268,-0.565057,0.516749,-0.518769,-0.523561,0.469835,-0.530985,0.523754,0.913288,2.43032,-1.54073,-1.07314,1.99396,0.603627,0.914691,1.2836,0.235247,0.6435,0.00316266,-2.76272,-0.236921,-0.000711029,-5.01803,
342,0.0119432,-0.167454,0.251689,0.0591178,0.0903672,0,-0.235823,-0.0221579,0.428554,0.987934,0.00963259,-0.0511012,0.145884,-0.483792,0.526485,-0.488321,-0.523559,0.273963,-0.547189,0.523713,0.616933,2.71484,-0.788428,-0.774495,-0.958098,2.77702,1.1956,1.95831,0.140861,0.580977,-0.000579848,-5.03565,-0.413186,-0.000634971,-6.81832,
343,0.00947335,0.00989093,0.315404,0.115354,0.109531,0,-0.219322,-0.0147458,0.387134,0.985248,-0.00780981,0.00858145,0.170739,-0.342951,0.544353,-0.443273,-0.523514,-0.0140853,-0.570812,0.523687,0.489351,2.60069,-1.13021,-0.61224,1.52766,0.48247,0.523842,3.59957,0.534517,1.22304,-0.00371155,-6.46797,-0.510135,0.00113073,0.762436,
344,0.0102771,0.256926,0.33522,0.157862,0.0398784,0,-0.0627217,-0.00243664,0.402805,0.982426,-0.00998365,-0.0123648,0.185974,-0.118217,0.583175,-0.364296,-0.523512,-0.360736,-0.588296,0.523698,0.530871,3.09016,-1.95973,1.28049,-0.0630767,0.0840346,0.782461,5.37122,1.00487,1.9319,0.00918171,-7.34479,-0.179,-0.00259164,0.849955,
345,0.0119864,0.537839,-0.092322,-0.00433708,-0.0644188,0,0.0995583,0.0127323,0.457026,0.981547,-0.00458683,-0.00647929,0.191058,0.205202,0.660978,-0.261839,-0.523666,-0.572047,-0.596945,0.523682,0.619163,2.91362,-1.64295,0.838809,0.492642,0.0988969,-0.657778,7.55633,2.09921,2.17536,-0.00969453,0.692023,-0.174409,0.000150793,2.66851,
346,0.0164138,0.162123,-0.12857,-0.0781799,-0.215023,0,0.283,0.028654,0.489266,0.983623,0.00654294,-0.00850126,0.17992,0.541254,0.762373,-0.167536,-0.524013,-0.514089,-0.602969,0.523684,0.847866,2.56047,-1.41269,0.701532,0.146331,-1.46547,0.586888,2.7931,1.96735,1.5768,0.00306602,1.47902,-0.0577717,0.00297144,6.43425,
347,0.0230261,0.281724,-0.203636,-0.154512,-0.360864,0,0.307763,0.0274133,0.525096,0.976218,0.0128515,-0.0635659,0.206865,0.535788,0.844302,-0.130114,-0.523576,-0.392639,-0.599366,0.523767,1.18943,2.00254,-0.833511,1.16649,-1.11751,-1.24117,0.196657,-0.972149,1.30602,-0.0157764,-0.00676279,3.19028,0.310145,0.0046555,7.12202,
348,0.0241367,0.111305,-0.314753,-0.216343,-0.340984,0,0.25971,0.0234673,0.565145,0.974048,-0.00640916,-0.0844924,0.209881,0.45086,0.879636,-0.196439,-0.524297,-0.181025,-0.579529,0.523772,1.24679,1.7077,-0.937414,0.490001,-0.86242,-0.432094,0.267207,-2.41038,0.117402,-2.61604,-0.0165238,5.2526,0.486303,-0.000864756,-0.672432,
349,0.0237421,-0.0752617,-0.396927,-0.273128,-0.214578,0,0.169677,0.0151659,0.574962,0.970569,-0.0271703,-0.0970668,0.218712,0.275706,0.845633,-0.386212,-0.525055,0.1221,-0.551453,0.523752,1.22641,1.47701,-1.05607,-0.0991089,-0.896653,-0.210987,0.620395,-4.57762,-1.46523,-4.95635,-0.0132824,6.85958,0.636665,-0.000131162,-0.170835,
350,0.0233102,-0.291564,-0.435025,-0.317667,-0.0803828,0,-0.0133361,0.000553021,0.55628,0.966895,-0.0474339,-0.100784,0.229578,-0.0195096,0.723955,-0.575122,-0.525337,0.487714,-0.519323,0.523754,1.2041,1.45623,-0.890059,-0.527921,0.114369,0.620226,-0.200759,-7.19191,-3.38124,0.409782,0.0464622,7.77615,0.261628,5.85331e-05,-0.722413,
351,0.0215962,-0.325834,0.0219269,-0.154792,-0.0724543,0,-0.264977,-0.0207801,0.526119,0.965344,-0.0325032,-0.0707637,0.249093,-0.44981,0.500598,-0.535847,-0.522931,0.549739,-0.521442,0.523726,1.11557,1.79584,-0.62733,-0.820414,1.12384,0.953478,1.34591,-9.98625,-4.45716,0.565452,-0.0113691,-0.755096,-0.0949497,-8.92925e-05,-2.80163,
352,0.0178029,-0.279347,0.115625,0.0175113,-0.00679836,0,-0.331886,-0.0265252,0.476576,0.96415,-0.00427757,-0.0546704,0.259629,-0.577724,0.498414,-0.519597,-0.523509,0.465975,-0.529638,0.52376,0.919619,2.16632,-0.90175,-1.22654,1.28803,0.271465,-0.0547143,1.45917,0.776246,0.0663175,-0.0103206,-2.59122,-0.236706,-0.000293739,-5.02432,
353,0.0120695,-0.171124,0.251753,0.078412,0.107732,0,-0.22482,-0.0229838,0.409679,0.963576,0.00689201,-0.033097,0.265288,-0.485896,0.539144,-0.517827,-0.523778,0.280098,-0.545824,0.523717,0.623456,2.37597,-0.358792,-1.09179,-1.49397,1.96472,0.665907,2.20218,0.83734,0.00207737,0.0099177,-4.78699,-0.398264,-0.000955512,-6.80313,
354,0.00952729,-0.00737458,0.297587,0.125238,0.145538,0,-0.171745,-0.0148986,0.384288,0.959704,0.00337109,-0.000464666,0.280991,-0.336768,0.592676,-0.498627,-0.522789,0.0110102,-0.565481,0.523651,0.492137,2.55914,-0.86145,0.387142,-0.408376,-1.17389,0.667853,3.68669,1.23634,0.769782,-0.0212312,-5.96172,-0.368258,0.00122026,0.670881,
355,0.0101706,0.193883,0.329466,0.163314,0.0898864,0,-0.0663393,-0.00379014,0.434244,0.953759,-0.000530129,-0.0211875,0.299825,-0.109685,0.671568,-0.434881,-0.5233,-0.302129,-0.580541,0.523663,0.52537,3.18551,-0.91098,1.26037,0.284284,-0.112948,0.839651,5.44497,1.95634,1.77145,-0.00712773,-6.61973,-0.278533,-2.20061e-05,0.618409,
356,0.0114424,0.51101,-0.00102597,0.0443001,-0.00603249,0,0.101213,0.0116557,0.485494,0.950004,0.0101603,-0.0238297,0.311162,0.216374,0.796664,-0.331516,-0.523669,-0.565061,-0.594506,0.523678,0.591062,2.98419,-0.682335,0.777732,0.677601,-0.304297,-0.407605,7.5897,3.03994,2.37475,-0.0122741,-0.378582,-0.282235,0.000552762,1.99418,
357,0.0151381,0.284923,-0.0859906,-0.0496311,-0.157813,0,0.281806,0.0285357,0.513535,0.952383,0.0312157,-0.0288388,0.301928,0.567216,0.952762,-0.216639,-0.524244,-0.527048,-0.606026,0.523658,0.781965,2.75956,-0.594599,0.333235,0.793723,-0.428189,0.144887,2.65617,3.20356,2.20092,-0.0124395,1.18817,-0.181783,-0.00324604,5.60915,
358,0.0213639,0.227998,-0.155957,-0.130425,-0.326606,0,0.300491,0.0262218,0.534899,0.949609,0.0455227,-0.038136,0.307761,0.542569,1.10012,-0.13772,-0.524878,-0.422949,-0.607035,0.52379,1.10357,2.25596,0.0691591,1.08089,-0.626243,-1.67176,-0.0202915,-1.25425,2.70057,0.99382,-0.00325267,2.83829,0.218117,0.00400903,7.09773,
359,0.0247641,0.141894,-0.263069,-0.188883,-0.380684,0,0.257813,0.0219274,0.577559,0.950344,0.0375624,-0.0729966,0.300177,0.452768,1.20785,-0.148072,-0.525243,-0.231444,-0.590937,0.523778,1.2792,1.95401,0.0315965,0.571763,-0.733479,-0.388208,-0.523816,-2.33178,1.61578,-1.38858,-0.0168606,4.81236,0.42016,-0.00115026,-1.14756,
360,0.0238843,-0.0307848,-0.349312,-0.246316,-0.281889,0,0.175615,0.014294,0.591785,0.953132,0.0216004,-0.0853836,0.289452,0.290681,1.22417,-0.285066,-0.52601,0.049856,-0.566456,0.523756,1.23376,1.78126,-0.107366,0.000521166,-0.811624,-0.209975,-0.214794,-4.13627,-0.597771,-4.06961,-0.013318,6.42662,0.559446,-0.000127032,-0.443302,
361,0.0233533,-0.238813,-0.397371,-0.291758,-0.10825,0,0.0310453,0.00151254,0.577556,0.95345,0.00317073,-0.0919817,0.287162,0.0249047,1.14962,-0.535116,-0.52655,0.395081,-0.536396,0.523749,1.20633,1.6126,-0.179933,-0.559314,-0.735005,0.122358,0.00504056,-6.46959,-2.37003,-4.82623,-0.00795523,7.3785,0.64484,0.000119891,-0.651879,
362,0.0218965,-0.339194,0.0598647,-0.131663,-0.0710141,0,-0.175906,-0.0178615,0.538835,0.952756,-0.0152139,-0.0948486,0.288146,-0.362547,0.980314,-0.546903,-0.526847,0.574375,-0.519873,0.523731,1.13107,2.04572,0.1542,-1.00275,-0.816952,0.155755,0.961016,-9.02126,-4.38947,0.705178,-0.00269563,-0.976878,-0.0624372,-0.000384878,-2.34443,
363,0.018468,-0.295841,0.120886,0.010656,-0.0170494,0,-0.332979,-0.028153,0.486166,0.951827,-0.0131987,-0.0677008,0.298778,-0.580228,0.741692,-0.524328,-0.523299,0.495368,-0.525725,0.523747,0.953976,2.26882,-0.00740429,-1.15354,1.28245,1.66162,-0.0763518,1.05798,-5.14531,0.210431,0.101873,-2.16603,-0.175649,0.000240483,-4.7171,
364,0.0129644,-0.200304,0.244859,0.0745711,0.0893542,0,-0.302486,-0.024483,0.41498,0.953221,0.00638096,-0.0170918,0.301724,-0.505225,0.505044,-0.517199,-0.523099,0.329218,-0.539501,0.523725,0.669684,2.42506,-0.025662,-1.67657,1.57121,1.45057,0.200966,1.90237,-1.93416,0.0784169,-0.0184668,-4.4625,-0.370002,-0.000447859,-6.63531,
365,0.00915559,-0.0451319,0.323932,0.129874,0.152237,0,-0.204349,-0.0179654,0.371572,0.946586,-0.0067372,0.0063434,0.322319,-0.37211,0.511441,-0.497629,-0.523303,0.0640705,-0.557023,0.523683,0.472937,2.63506,-0.0596314,0.771651,0.203617,-0.599521,1.05849,3.26752,0.594784,0.716099,0.00815221,-6.01436,-0.239801,-9.44795e-05,0.770222,
366,0.0100094,0.179599,0.377721,0.183325,0.0931191,0,-0.0686814,-0.0073881,0.406911,0.938433,-0.00292008,-0.0128662,0.34521,-0.155456,0.562888,-0.434871,-0.523458,-0.264465,-0.570376,0.523672,0.517041,2.92828,-0.0948917,0.591899,-0.66222,-0.526118,1.0623,5.40986,1.46782,1.777,-0.00413382,-7.12684,-0.293818,-0.000343169,0.722527,
367,0.0113241,0.520723,0.0781569,0.0799933,-0.00418143,0,0.0768317,0.00851178,0.430442,0.932162,-0.00336703,-0.0224401,0.36133,0.176695,0.667449,-0.330717,-0.523586,-0.584444,-0.584948,0.523682,0.584954,2.85733,0.0400158,0.513093,0.80326,-0.408595,-0.850267,7.80004,2.6653,2.42272,-0.0115533,-1.37036,-0.249139,0.0022469,1.98466,
368,0.015037,0.259585,-0.0775432,-0.0447643,-0.158798,0,0.268328,0.0265273,0.461461,0.946008,0.0231103,-0.00993022,0.323165,0.549101,0.807675,-0.212151,-0.524908,-0.539522,-0.589395,0.523667,0.776747,2.52076,0.0759962,0.521408,0.992215,-0.227496,-1.02063,3.21442,3.02459,2.27802,-0.0239701,1.42684,-0.0374859,-0.00402815,5.65259,
369,0.021154,0.223947,-0.150144,-0.131579,-0.327495,0,0.30364,0.025282,0.522246,0.948614,0.0313052,-0.050771,0.310764,0.541244,0.947578,-0.130014,-0.525537,-0.429533,-0.580272,0.523798,1.09272,1.73828,0.588914,1.36373,-0.801999,-1.98317,-0.492339,-1.00047,2.56679,1.03209,-0.00886147,3.03465,0.341022,-0.00154376,7.03608,
370,0.0246386,0.138861,-0.26363,-0.1925,-0.383785,0,0.260603,0.0217789,0.573483,0.949946,0.0276868,-0.0942923,0.296555,0.464746,1.04863,-0.139007,-0.52618,-0.226429,-0.559247,0.523747,1.27272,1.49699,0.464715,0.675104,-0.585501,-1.19422,-0.522248,-2.05207,1.48384,-1.37265,-0.0181975,5.07498,0.498524,-0.000443346,-0.952886,
371,0.0238651,-0.0420591,-0.349915,-0.250167,-0.287354,0,0.185634,0.0147937,0.591919,0.949853,0.0219915,-0.125415,0.285598,0.316238,1.08565,-0.275765,-0.527046,0.0681356,-0.530975,0.52375,1.23277,1.31942,0.332286,0.0577861,-0.662764,-1.08666,-0.190955,-3.87305,0.00864993,-4.07592,-0.0157594,6.69456,0.632094,0.000118872,-0.401048,
372,0.023334,-0.257885,-0.401051,-0.296988,-0.113243,0,0.0519243,0.00265194,0.579009,0.946861,0.0114289,-0.152444,0.282993,0.0632021,1.03999,-0.52712,-0.527727,0.42822,-0.519885,0.523748,1.20533,1.16531,0.247283,-0.566038,-0.738494,-0.785228,0.0623391,-6.22309,-1.82012,-4.89636,-0.0112175,7.70487,-0.0883145,0.000139377,-0.693629,
373,0.0217672,-0.333904,0.0746316,-0.129814,-0.0697597,0,-0.194734,-0.0162749,0.545047,0.942695,0.00967693,-0.167871,0.288187,-0.313096,0.896794,-0.54491,-0.526697,0.564588,-0.523466,0.523728,1.1244,1.55698,0.637106,-0.71229,1.13089,0.195292,0.607125,-8.81881,-3.89394,0.631717,0.0933325,-0.959999,-0.0465853,-0.000268706,-2.53896,
374,0.0181834,-0.28884,0.142781,0.00763086,-0.0103126,0,-0.332888,-0.0282842,0.501001,0.9409,0.0395518,-0.146114,0.302974,-0.566805,0.682513,-0.525754,-0.522737,0.482852,-0.528613,0.52375,0.939272,1.82473,0.457101,-1.08195,1.58467,0.68035,-0.111678,0.449231,-4.66494,0.14449,0.00035716,-2.29241,-0.161766,0.000451617,-4.84611,
375,0.0125903,-0.193748,0.269676,0.0701007,0.100661,0,-0.276893,-0.0268743,0.467544,0.939345,0.026792,-0.105061,0.325385,-0.512848,0.501097,-0.522823,-0.523224,0.318135,-0.539544,0.52369,0.65036,2.1277,1.17431,-0.109758,0.224152,2.9038,1.74196,1.55279,-0.378486,-0.0628189,-0.00524863,-4.23757,-0.223846,-0.00102291,-6.70338,
376,0.0092473,-0.044701,0.361803,0.140979,0.156928,0,-0.198466,-0.0209256,0.452954,0.928402,0.00143858,-0.0509642,0.368062,-0.388153,0.521794,-0.507414,-0.523493,0.0615386,-0.555161,0.523679,0.477674,2.36063,1.23512,-0.492458,-0.420168,1.71933,1.77436,3.42273,0.730846,0.675562,-0.00323567,-6.02519,-0.402662,0.000195612,0.832334,
377,0.0100425,0.175892,0.415183,0.199899,0.0997357,0,-0.0995067,-0.00962562,0.417019,0.914836,-0.0174851,-0.010251,0.403317,-0.155371,0.583254,-0.445661,-0.523549,-0.26811,-0.578383,0.523673,0.518749,2.53258,1.23508,-0.864793,0.643148,1.16451,1.00731,5.82819,1.69742,1.79727,-0.00208505,-7.14448,-0.516503,0.00102734,0.654842,
378,0.0113306,0.519532,0.0999634,0.0880413,0.000371514,0,0.106302,0.00776935,0.436208,0.919062,0.00208457,-0.0144326,0.393844,0.188749,0.685386,-0.337594,-0.523894,-0.584759,-0.588843,0.523735,0.585289,3.52463,0.827711,1.39919,-0.169246,0.245047,-1.33657,8.05803,2.43417,2.49931,-0.0177643,-1.30341,0.0865563,-0.000214238,1.96251,
379,0.0150266,0.264826,-0.0573481,-0.0431985,-0.156685,0,0.299466,0.0264761,0.495694,0.933489,0.00676757,-0.0145532,0.358246,0.577275,0.819296,-0.215023,-0.524926,-0.537369,-0.582902,0.523656,0.776209,3.24237,0.917969,0.962535,0.213587,-0.073311,-0.946318,2.98898,2.93256,2.373,-0.0221396,1.5555,0.144669,-0.00683907,5.64061,
380,0.0212869,0.234675,-0.170839,-0.141173,-0.33079,0,0.293736,0.0249985,0.539543,0.935903,0.014514,-0.0299845,0.350678,0.54697,0.954709,-0.128541,-0.525797,-0.407964,-0.57074,0.523695,1.09959,2.77644,0.922145,0.881002,-0.214696,-1.9219,0.119036,-1.39074,2.48994,1.10844,-0.00557805,3.60648,0.347299,0.00164389,7.2636,
381,0.0247805,0.110019,-0.279561,-0.197682,-0.388877,0,0.241649,0.0204793,0.569036,0.932008,0.0250046,-0.0749175,0.353728,0.447699,1.05029,-0.134438,-0.526097,-0.178918,-0.54926,0.523733,1.28005,2.54797,0.745044,0.252364,-0.125497,-1.43704,0.171655,-2.57295,1.34178,-1.32492,-0.0112933,5.54409,0.508256,0.000228393,-1.15848,
382,0.0238417,-0.0832022,-0.358974,-0.249284,-0.290617,0,0.15212,0.0122323,0.566367,0.925837,0.0321034,-0.108548,0.360572,0.270849,1.07942,-0.269839,-0.52666,0.135045,-0.520675,0.523749,1.23155,2.40353,0.544733,-0.362776,-0.250869,-1.31069,0.548969,-4.48502,-0.165025,-4.06929,-0.0106512,7.00247,0.512902,0.000203779,-0.565261,
383,0.0230096,-0.300655,-0.400169,-0.287316,-0.110504,0,0.00123351,-0.00126744,0.532447,0.91524,0.0323698,-0.138423,0.376998,-0.0137091,1.02542,-0.521544,-0.527147,0.504012,-0.520631,0.523748,1.18857,2.2928,0.357016,-1.00212,-0.364855,-0.98207,1.07379,-6.87619,-1.98081,-5.9834,-0.00843275,7.74999,-0.0922724,-0.000108665,-1.14892,
384,0.0208576,-0.328445,0.085913,-0.113769,-0.046634,0,-0.276747,-0.0221535,0.483753,0.902684,0.059817,-0.140953,0.402139,-0.421548,0.876558,-0.551923,-0.523148,0.554532,-0.524292,0.523731,1.07741,2.5605,1.00193,-1.06473,2.30253,-0.0781248,0.815774,-9.41759,-3.97118,0.835247,0.11329,-0.949873,-0.0609131,-7.4144e-05,-3.28519,
385,0.0165875,-0.276697,0.202611,0.05014,0.0173242,0,-0.295418,-0.0306545,0.458806,0.906458,0.0413094,-0.0973635,0.408836,-0.577393,0.660487,-0.518864,-0.522959,0.461288,-0.52929,0.523744,0.856837,2.45537,1.55953,-0.345873,-0.402717,2.79592,0.0761628,1.34601,-4.64404,0.470792,-0.0195452,-2.74902,-0.158015,-0.00041689,-5.51752,
386,0.0103975,-0.16714,0.307751,0.11297,0.124185,0,-0.25187,-0.0257014,0.428268,0.910317,0.00736384,-0.0400395,0.411904,-0.475096,0.489061,-0.492579,-0.523953,0.273438,-0.542594,0.523715,0.53709,2.63858,1.56542,-0.854246,-0.0432262,2.27602,0.0876232,2.7349,-0.0386219,0.581932,-0.0207487,-4.74939,-0.368508,-0.000402551,-7.25491,
387,0.00953485,0.00308011,0.379629,0.171302,0.106744,0,-0.161033,-0.0162336,0.380536,0.910788,-0.00486261,0.00116203,0.412844,-0.285872,0.526484,-0.440963,-0.523387,-0.00411186,-0.564941,0.523681,0.492528,2.88259,1.3968,-0.848103,0.291362,1.11176,0.0262848,4.77816,1.1466,1.46244,0.00303035,-6.29893,-0.472341,0.000339041,0.894662,
388,0.0104402,0.244055,0.38292,0.206931,0.0272393,0,0.00603568,-0.000811592,0.408942,0.911494,-0.000664346,-0.00956927,0.411202,0.00322779,0.603811,-0.350568,-0.523426,-0.328592,-0.577251,0.523701,0.539295,3.70166,0.574456,0.758571,-0.179678,-0.621106,-0.270817,6.95835,2.08029,2.15884,-0.00441953,-6.84572,-0.218967,-0.000663264,0.934534,
389,0.0121887,0.536442,0.0167653,0.0688266,-0.0837843,0,0.204476,0.0187648,0.449057,0.919952,0.00951738,-0.021655,0.391316,0.410784,0.739115,-0.239264,-0.524095,-0.568216,-0.583731,0.523698,0.629612,3.507,0.699216,0.811932,0.674001,-0.383818,-1.90116,9.34171,3.32716,2.30575,-0.0276901,0.108293,-0.0415627,-2.89818e-05,2.65739,
390,0.0165923,0.168623,-0.0809117,-0.0954573,-0.234373,0,0.283685,0.0267518,0.481501,0.931874,0.0341749,-0.0141255,0.360893,0.573673,0.91264,-0.142922,-0.525931,-0.512658,-0.581234,0.523662,0.857086,2.98341,0.650478,0.582863,0.855432,-0.190193,-0.836828,-1.18583,3.63357,1.55669,-0.0374557,1.82128,0.141059,0.0046722,6.41151,
391,0.0231622,0.300723,-0.157331,-0.143438,-0.375663,0,0.287296,0.0223776,0.546763,0.936465,0.043016,-0.053944,0.343908,0.500745,1.073,-0.109022,-0.527336,-0.379924,-0.563855,0.523875,1.19646,2.0168,1.14637,1.60075,-0.975022,-1.62371,-0.918599,-1.71832,2.77806,-0.175621,-0.0297444,3.48984,0.530987,-0.00231151,7.14982,
392,0.0241818,0.0968852,-0.263593,-0.20331,-0.34822,0,0.225411,0.0171229,0.608521,0.94331,0.0345571,-0.0847163,0.319054,0.387702,1.1821,-0.185726,-0.52913,-0.157396,-0.5342,0.523773,1.24912,1.77496,1.0087,0.922269,-0.774584,-0.863519,-0.904149,-2.79178,1.59583,-2.87082,-0.0363009,5.39065,0.658329,-0.0010587,-0.752041,
393,0.0237481,-0.0900825,-0.335943,-0.256334,-0.212792,0,0.130804,0.00833272,0.640113,0.947897,0.0226288,-0.108905,0.298529,0.203056,1.22251,-0.38914,-0.53078,0.146277,-0.518176,0.523752,1.22672,1.59047,0.905587,0.339401,-0.885839,-0.66758,-0.609421,-4.57913,0.0326645,-5.24678,-0.0290788,6.7462,-0.110276,-0.000118063,-0.18539,
394,0.0232517,-0.298185,-0.36214,-0.297144,-0.0927703,0,-0.0277446,-0.00579052,0.642906,0.9527,0.0103975,-0.128744,0.275099,-0.0813766,1.17693,-0.555054,-0.532108,0.49957,-0.522714,0.523757,1.20108,1.61711,1.09119,-0.208135,-0.693316,-0.578982,-1.39581,-6.77161,-1.84125,0.334161,-0.0266366,7.38504,-0.0530003,5.63011e-05,-0.834245,
395,0.0214142,-0.326658,0.0901868,-0.138393,-0.0717506,0,-0.23699,-0.0253655,0.621986,0.951689,-0.00410117,-0.147659,0.269201,-0.47831,1.03226,-0.531471,-0.533165,0.551251,-0.526447,0.52373,1.10616,1.94027,1.27347,-0.675216,-0.781045,-0.355983,0.396944,-9.07583,-3.93181,0.278367,-0.0206974,-0.868597,-0.0949302,2.52704e-05,-2.95251,
396,0.0174663,-0.279754,0.168735,0.0125769,0.00358776,0,-0.307082,-0.0287025,0.579215,0.952468,-0.0227477,-0.154445,0.261598,-0.560559,0.81486,-0.524833,-0.533408,0.466701,-0.535885,0.523743,0.902229,2.18019,0.885354,-0.829633,0.520266,1.3171,0.165665,1.14143,-4.76202,0.0465034,0.0600043,-2.5167,-0.273136,-0.00117245,-5.20311,
397,0.0115534,-0.175864,0.276973,0.0772274,0.119953,0,-0.28138,-0.024354,0.529911,0.95571,-0.0092818,-0.102701,0.275654,-0.47481,0.584722,-0.520654,-0.529237,0.288037,-0.554426,0.52371,0.596796,2.3222,0.773836,-1.2428,1.29714,1.96563,0.590281,2.28582,-4.44352,0.0997834,0.0859127,-4.61082,-0.469102,-9.80474e-05,-6.99367,
398,0.0092681,-0.00993953,0.363349,0.141534,0.147404,0,-0.153296,-0.0164494,0.46049,0.953673,0.00545624,-0.0689678,0.292784,-0.312971,0.50432,-0.493718,-0.524571,0.0120938,-0.581254,0.523681,0.478749,2.69064,0.744251,-1.31913,-0.6605,1.06016,1.35124,4.16194,0.439119,0.945498,0.114123,-6.34234,-0.548476,-0.00183892,1.10023,
399,0.0102595,0.23633,0.399011,0.188001,0.0833471,0,-0.0316478,-0.00399501,0.41978,0.94276,-0.0156983,0.00411119,0.333077,-0.0446181,0.55133,-0.427849,-0.522207,-0.31445,-0.605781,0.523638,0.529959,3.2868,1.08482,-0.967749,0.310134,3.35,1.62086,6.5642,1.4378,1.80428,-0.0376586,-6.88691,-0.517794,0.000839585,0.956928,
400,0.0120327,0.539445,0.0163208,0.0510057,-0.0249965,0,0.181984,0.0157228,0.426755,0.949386,0.00195129,-0.00567497,0.314053,0.337091,0.645992,-0.321224,-0.524277,-0.577193,-0.62265,0.523745,0.621556,2.72934,0.381643,1.08061,-0.0279797,0.0501487,-2.58405,8.78785,2.3308,2.42495,-0.0625315,-0.0684932,-0.0460396,0.000385112,2.64916,
401,0.0164318,0.162776,-0.0863759,-0.110081,-0.188615,0,0.296925,0.0276102,0.477181,0.96253,0.01601,-0.0166655,0.27019,0.584339,0.767776,-0.208493,-0.527524,-0.519855,-0.621243,0.523674,0.848793,2.14287,0.448117,1.08481,0.492004,-2.08951,-0.535548,-0.929845,2.55087,2.0722,-0.0563378,1.80151,0.103111,0.00320401,6.37291,
402,0.0229198,0.300745,-0.178615,-0.165774,-0.352616,0,0.291199,0.0236305,0.544153,0.966292,0.0183766,-0.0618526,0.249232,0.515201,0.871895,-0.140828,-0.530294,-0.383751,-0.605961,0.523777,1.18394,1.8346,0.819062,1.28733,-0.823743,-1.53477,-0.972359,-1.67462,1.62262,0.639703,-0.0550721,3.68925,0.445838,-0.0014024,7.09165,
403,0.0245654,0.0928616,-0.283523,-0.22702,-0.36221,0,0.228339,0.0182222,0.59062,0.970412,0.00972499,-0.0897301,0.223954,0.400531,0.920539,-0.173628,-0.533309,-0.150819,-0.5802,0.523748,1.26894,1.56038,0.725875,0.603969,-0.611235,-0.67346,-0.926369,-2.90059,0.333735,-1.93112,-0.0623505,5.60953,0.586398,-0.000166913,-1.26824,
404,0.0236857,-0.100909,-0.354369,-0.280505,-0.247272,0,0.128115,0.00895341,0.606005,0.972913,-0.0012232,-0.107215,0.204803,0.207087,0.895045,-0.33382,-0.536283,0.163984,-0.548255,0.52375,1.2235,1.36012,0.653442,0.00852151,-0.678992,-0.476174,-0.507163,-4.82073,-1.34053,-4.45639,-0.056047,6.97182,0.691422,3.82268e-05,-0.546538,
405,0.0228087,-0.313513,-0.315869,-0.29097,-0.0773635,0,-0.033826,-0.00580134,0.591704,0.97379,-0.0153868,-0.117302,0.19426,-0.0926115,0.777925,-0.564666,-0.538895,0.527248,-0.518526,0.52375,1.1782,1.38881,0.773989,-0.531009,-0.694335,-0.201854,-0.521485,-7.13202,-3.32609,-1.21922,-0.0479821,6.26998,0.106929,3.09602e-05,-1.25555,
406,0.0205183,-0.325741,0.0823653,-0.149179,-0.0476188,0,-0.268477,-0.0256899,0.555541,0.971135,-0.033453,-0.123618,0.201237,-0.498205,0.562079,-0.540381,-0.540893,0.549569,-0.522277,0.523728,1.05988,1.80171,0.892958,-0.795216,0.176868,0.730339,0.822827,-9.0718,-5.29568,0.602138,-0.0118718,-0.949673,-0.112138,-0.000309577,-3.47437,
407,0.0160777,-0.273398,0.171859,0.0101739,0.0254867,0,-0.329524,-0.027897,0.517625,0.9736,-0.00842373,-0.0907398,0.209278,-0.558249,0.492996,-0.51569,-0.539306,0.455462,-0.532081,0.523741,0.830503,2.05966,0.473691,-0.940441,1.62143,1.0708,0.130453,1.195,0.801027,0.328054,0.0411795,-2.81337,-0.283686,-0.00025149,-5.67765,
408,0.00974711,-0.158368,0.285529,0.0756417,0.138903,0,-0.252742,-0.0235232,0.457919,0.973785,0.0223599,-0.0538979,0.219859,-0.46903,0.533894,-0.495223,-0.537192,0.258809,-0.550893,0.523705,0.503492,2.4052,0.447156,-1.24265,0.134369,1.44462,1.19412,2.35345,0.826656,0.470704,0.0603062,-4.96613,-0.430734,-0.0023679,-6.01487,
409,0.00954117,0.0187171,0.360319,0.135809,0.112571,0,-0.173342,-0.0158448,0.408006,0.965684,-0.00775743,-0.0181644,0.258969,-0.302561,0.58789,-0.44981,-0.529982,-0.0245017,-0.572608,0.523651,0.492855,3.04182,0.68539,-0.672343,0.441894,2.94809,1.69064,4.28714,1.33254,1.2932,0.29372,-6.31454,-0.433133,-7.86279e-05,0.936852,
410,0.0105548,0.284873,0.357104,0.17551,0.0345894,0,4.57207e-05,-0.000944158,0.427109,0.962604,-0.00617793,-0.0194546,0.270144,-0.0409669,0.66749,-0.36478,-0.521505,-0.357093,-0.585189,0.523729,0.545216,3.55802,-0.619943,1.10115,-0.937471,-1.02313,-0.124904,6.26865,1.86292,2.08482,-0.0316124,-7.00805,-0.0882547,-0.000447088,1.12625,
411,0.0126274,0.5302,-0.0338558,0.0245108,-0.081607,0,0.166434,0.0165523,0.475374,0.966694,-0.0093754,-0.051518,0.250519,0.330115,0.788705,-0.255535,-0.523813,-0.560919,-0.588083,0.523703,0.652277,3.29573,-0.311491,0.876439,0.486013,-1.27683,-1.74158,8.55731,2.94219,2.29403,-0.0623517,0.421529,-0.00587588,-0.000875836,3.13508,
412,0.0174544,0.109467,-0.101829,-0.113487,-0.240402,0,0.28694,0.0283055,0.520966,0.97448,0.0111998,-0.0544021,0.217496,0.573242,0.932241,-0.159183,-0.527724,-0.506769,-0.579689,0.523627,0.901615,2.89777,-0.284317,0.692182,0.696815,-0.0556118,-0.766398,-0.648776,2.88074,1.55867,-0.0798245,1.65298,0.236731,-0.000204999,6.817,
413,0.024264,0.422486,-0.208221,-0.171311,-0.384457,0,0.271987,0.0253996,0.54357,0.977513,0.0285342,-0.0548607,0.201606,0.514787,1.05196,-0.126704,-0.53153,-0.374358,-0.562864,0.523694,1.25337,2.71043,-0.242978,0.50793,0.042825,-1.61842,-0.37996,-1.52394,1.92014,-0.24709,-0.0577221,3.61894,0.44496,0.00201853,5.84405,
414,0.0243087,0.0909487,-0.307636,-0.231226,-0.336826,0,0.239587,0.0202253,0.574487,0.977965,0.0157582,-0.104374,0.180114,0.402072,1.11387,-0.208455,-0.534158,-0.147693,-0.537369,0.523744,1.25568,1.89089,-0.418501,0.343314,-1.07558,-1.8126,-0.687515,-2.97134,0.572779,-3.0021,-0.0505725,5.41417,0.586632,0.000330222,-1.0273,
415,0.0236576,-0.0982555,-0.380738,-0.287878,-0.193365,0,0.137256,0.0105172,0.575104,0.974735,-0.00294887,-0.152221,0.163439,0.200715,1.09932,-0.416201,-0.536527,0.15964,-0.519521,0.52375,1.22205,1.68246,-0.457892,-0.326745,-1.21515,-1.69739,-0.343253,-5.06522,-1.14197,-5.28959,-0.0438257,6.86805,-0.0554072,8.14151e-07,-0.323925,
416,0.0229917,-0.30948,-0.412566,-0.329363,-0.0860919,0,-0.0875748,-0.00485292,0.549794,0.972752,-0.00522418,-0.173983,0.153156,-0.115931,0.990736,-0.557205,-0.53667,0.519937,-0.522627,0.523743,1.18765,1.67046,-0.460402,-0.564389,1.03848,0.397898,-0.416637,-7.57868,-3.18745,0.565078,0.0538365,7.53883,-0.034482,-0.000128791,-1.04946,
417,0.0209111,-0.32981,0.0600624,-0.136502,-0.0618318,0,-0.328671,-0.0266474,0.514415,0.970249,0.0164885,-0.160322,0.180672,-0.561303,0.774392,-0.531135,-0.533389,0.557046,-0.525077,0.523719,1.08018,2.04096,-0.356182,-0.882959,1.51155,0.571892,1.14407,-8.26161,-5.45021,0.273191,0.0852415,-1.27724,-0.0609474,0.000819997,-3.24041,
418,0.0166853,-0.263559,0.191651,0.0261301,0.0193206,0,-0.286951,-0.0277693,0.470777,0.971514,0.0240009,-0.133085,0.194612,-0.566342,0.499421,-0.524707,-0.528191,0.438155,-0.532953,0.523734,0.861891,2.40403,0.164751,-0.249895,-0.538767,2.20533,0.869828,1.72354,-2.40101,0.0381134,0.206284,-3.35728,-0.216387,-0.0022857,-5.46989,
419,0.0105869,-0.139275,0.289858,0.0883907,0.139447,0,-0.238054,-0.0222217,0.462665,0.971174,0.00620009,-0.0749182,0.226208,-0.448298,0.508276,-0.521017,-0.521565,0.227122,-0.546875,0.52369,0.546871,2.70036,0.271845,-0.385047,-0.0483039,2.44422,1.38755,3.00073,0.737581,0.140462,-0.0394595,-5.15209,-0.369396,0.000208778,-7.1186,
420,0.00960676,0.0476059,0.364837,0.149628,0.137217,0,-0.144843,-0.0126452,0.436109,0.965757,-0.0103144,-0.0342446,0.256972,-0.249062,0.560875,-0.488524,-0.523274,-0.0676272,-0.568756,0.523678,0.496243,2.87091,0.327858,-0.699535,0.436064,1.71478,1.09998,4.94925,1.3567,1.14676,-0.0208491,-6.61505,-0.501845,-0.000204999,0.769097,
421,0.0105178,0.328186,0.365335,0.182199,0.0637245,0,0.025011,0.0031839,0.406137,0.963119,-0.000805143,-0.00914257,0.268921,0.0545024,0.649851,-0.406564,-0.524334,-0.414037,-0.591485,0.523717,0.543302,3.79793,-0.318897,1.0356,0.194437,-0.276077,-0.432084,6.91988,1.81196,2.13548,-0.0279206,-7.00141,-0.027605,0.00156239,1.14615,
422,0.0127712,0.515602,-0.0630282,0.0144086,-0.0615213,0,0.227456,0.0222762,0.47914,0.970642,0.0102616,-0.012641,0.239976,0.454304,0.762631,-0.289458,-0.526314,-0.574826,-0.583323,0.523711,0.659706,3.81347,-0.131231,1.29496,0.655878,-0.416016,-1.97436,9.14728,2.85054,2.54567,-0.0438565,1.04675,0.19218,-0.000965359,3.48163,
423,0.0178829,0.114575,-0.149256,-0.144028,-0.236603,0,0.286973,0.0279779,0.532367,0.976795,0.0290388,-0.015834,0.211608,0.572073,0.904211,-0.177845,-0.528565,-0.48346,-0.569959,0.523641,0.92375,3.45476,-0.123525,0.830678,0.668632,-0.275724,-0.791492,-1.32476,2.81487,1.93971,-0.0442152,2.60413,0.342603,0.00209803,7.05274,
424,0.0245351,0.372499,-0.253607,-0.201038,-0.389257,0,0.265162,0.0235097,0.576643,0.976937,0.0451154,-0.0511313,0.202345,0.47981,1.01552,-0.126482,-0.530191,-0.305001,-0.547556,0.523738,1.26737,2.73869,-0.128651,0.980902,-0.447089,-2.14786,-0.492283,-2.35385,1.63715,0.137603,-0.0245193,4.53875,0.534864,-0.00046099,2.69544,
425,0.0241342,0.0220056,-0.342206,-0.259085,-0.34452,0,0.18273,0.0158195,0.608779,0.975951,0.0446737,-0.097156,0.189959,0.318283,1.05842,-0.190485,-0.531575,-0.0356321,-0.519257,0.523748,1.24667,2.48746,-0.217488,0.33097,-0.48988,-1.681,-0.236128,-4.09099,0.0910898,-2.67541,-0.0275949,6.21896,0.230968,0.000231398,-0.785764,
426,0.0234671,-0.183343,-0.393174,-0.304947,-0.210798,0,0.0449153,0.00321887,0.608949,0.971857,0.0381765,-0.138218,0.186901,0.0559886,1.01517,-0.383846,-0.532891,0.300589,-0.521373,0.523749,1.21221,2.29656,-0.296835,-0.336311,-0.608285,-1.48724,0.275508,-6.38079,-1.80649,-5.04005,-0.02479,7.222,-0.0722031,-6.22897e-05,-0.594107,
427,0.0222565,-0.342575,-0.00810048,-0.172273,-0.0589316,0,-0.161258,-0.0157495,0.577332,0.964085,0.0279304,-0.176004,0.196931,-0.32686,0.870906,-0.575428,-0.534021,0.580653,-0.524173,0.523738,1.14967,2.73926,-0.0711532,-0.820615,-0.634944,-1.55709,1.0189,-8.90698,-3.94219,0.407482,-0.0182008,0.102768,-0.0398631,-0.000508389,-1.88903,
428,0.019252,-0.311351,0.0860771,-0.0189495,-0.0267262,0,-0.3429,-0.0275626,0.52992,0.956075,0.0267166,-0.200695,0.211962,-0.580131,0.646668,-0.533435,-0.533338,0.523325,-0.528856,0.52375,0.994475,2.95249,-0.355154,-0.866225,1.75486,0.447327,0.0419676,0.799016,-5.01672,0.729719,0.110624,-1.74208,-0.136053,-1.15051e-05,-4.31336,
429,0.0140788,-0.229957,0.232992,0.041905,0.0575587,0,-0.270501,-0.0261169,0.503373,0.959644,0.033566,-0.164373,0.225694,-0.517019,0.498217,-0.503406,-0.525848,0.379825,-0.540194,0.523704,0.727248,3.01264,0.604489,0.185961,-0.16118,2.71294,1.001,1.52987,0.253532,0.41206,0.27381,-3.87206,-0.266896,-0.00130257,-6.35897,
430,0.00893396,-0.0881227,0.322991,0.105829,0.140299,0,-0.197241,-0.0204439,0.504107,0.961353,0.00688958,-0.106022,0.253994,-0.400297,0.525371,-0.473124,-0.522067,0.143082,-0.557622,0.523684,0.461489,3.2452,0.599369,-0.159257,-0.751046,1.789,1.22716,3.1318,0.701401,0.806334,-0.0398542,-5.61238,-0.435034,0.000143352,0.00257345,
431,0.00981262,0.115873,0.380221,0.160437,0.0791804,0,-0.103484,-0.0102461,0.487127,0.958786,-0.0120526,-0.0635094,0.276678,-0.188754,0.5791,-0.408398,-0.523628,-0.166142,-0.582239,0.523674,0.506876,3.3743,0.641631,-0.583216,0.0494991,1.83759,0.780005,5.31242,1.43836,1.77882,-0.0270573,-6.75043,-0.551057,-0.000179815,0.75976,
432,0.0109442,0.446654,0.391984,0.19703,-0.0128522,0,0.0446008,0.00608708,0.446051,0.95706,-0.0213565,-0.0256658,0.287962,0.13914,0.678239,-0.306682,-0.524895,-0.514039,-0.610603,0.523684,0.565327,3.60752,0.396765,-0.802161,1.30386,-0.312482,-0.760323,7.67234,2.47215,2.32083,-0.0284375,-7.13885,-0.55822,0.00252028,1.59009,
433,0.0140148,0.394074,-0.0472055,-0.0463642,-0.151133,0,0.250173,0.0261359,0.463573,0.973142,0.0357416,0.00397069,0.227378,0.549878,0.818927,-0.193276,-0.528512,-0.554108,-0.616782,0.523767,0.723944,2.80638,0.330739,1.33954,1.82704,-1.16036,-2.00264,3.91032,3.3374,2.14493,-0.0681556,1.033,0.100367,0.00187446,4.72452,
434,0.0198297,0.12595,-0.137337,-0.146454,-0.311198,0,0.284459,0.0257134,0.544908,0.978235,0.0647313,-0.0342835,0.194141,0.545315,0.973203,-0.117266,-0.531409,-0.460254,-0.603346,0.523781,1.02431,2.26096,0.450096,1.62485,0.172483,-1.83967,-1.06605,-1.00743,2.83515,0.926214,-0.0528215,2.72121,0.414592,-0.00195147,7.27223,
435,0.0249031,0.168654,-0.24222,-0.205735,-0.394435,0,0.244064,0.0221555,0.610661,0.980667,0.0774653,-0.0698012,0.165588,0.470826,1.08456,-0.128446,-0.534127,-0.275965,-0.57857,0.523733,1.28638,2.02057,0.416395,0.968914,0.294922,-1.01918,-1.13196,-1.9672,1.62846,-1.35527,-0.0602794,4.63984,0.572829,-0.000236204,-0.456982,
436,0.0239816,0.00345474,-0.321916,-0.261698,-0.295424,0,0.17424,0.0153919,0.644606,0.982151,0.0884793,-0.0887178,0.140288,0.330297,1.12615,-0.266282,-0.537083,-0.00559303,-0.546599,0.523748,1.23879,1.80738,0.382294,0.393298,0.152642,-0.829141,-0.803479,-3.63938,0.0474923,-4.13567,-0.0564408,6.16197,0.706085,0.000250419,-0.600652,
437,0.0234238,-0.198662,-0.368662,-0.307303,-0.118507,0,0.0510505,0.003894,0.649758,0.982303,0.0943779,-0.104239,0.123725,0.0937626,1.08024,-0.521957,-0.539721,0.326432,-0.517891,0.523749,1.20997,1.5836,0.390732,-0.177579,-0.00381278,-0.521047,-0.415863,-5.80298,-1.86984,-6.07632,-0.0481661,7.1116,0.0185095,-5.02733e-05,-0.552625,
438,0.0222008,-0.341776,0.0360032,-0.171764,-0.0733562,0,-0.138627,-0.0134015,0.630685,0.982703,0.0996769,-0.116269,0.104122,-0.25553,0.932484,-0.552498,-0.542053,0.579166,-0.522158,0.523737,1.14679,2.106,0.590296,-0.594197,0.0220176,-0.621433,0.152742,-8.17195,-4.02583,0.85234,-0.0417139,-0.297639,-0.0875605,-0.000794466,-1.95877,
439,0.0191372,-0.30845,0.112112,-0.0547467,-0.0308342,0,-0.265285,-0.0284238,0.594324,0.984194,0.0845328,-0.117799,0.101686,-0.568005,0.703741,-0.523981,-0.543885,0.518069,-0.527696,0.523756,0.988541,2.26733,0.505402,-0.853602,-1.56144,0.570039,-0.567756,-0.50985,-5.11023,0.304037,-0.0264972,-1.70951,-0.134758,0.000702907,-4.34882,
440,0.0139401,-0.234416,0.206834,0.00490341,0.0680966,0,-0.242407,-0.0262864,0.540491,0.989629,0.0422254,-0.106706,0.0864019,-0.527859,0.497882,-0.514814,-0.545018,0.387496,-0.539223,0.523732,0.720084,2.45304,0.392914,-1.26791,-1.67129,0.294276,-0.309262,1.29521,-0.461087,0.0651438,-0.0202801,-3.50593,-0.319869,-0.00081297,-6.36944,
441,0.00918963,-0.108179,0.277277,0.0530087,0.153131,0,-0.214961,-0.0213023,0.476823,0.990862,-0.0113895,-0.101937,0.0875892,-0.427666,0.516217,-0.499987,-0.544006,0.175909,-0.558154,0.523641,0.474696,2.77786,0.32048,-0.716404,-0.599108,1.86494,0.868717,2.68806,0.501267,0.490977,0.228032,-4.88034,-0.369457,-0.00585303,0.107864,
442,0.00986858,0.0607569,0.340837,0.106627,0.105743,0,-0.146391,-0.0125071,0.441503,0.993399,-0.0102852,-0.0381048,0.107708,-0.246543,0.550483,-0.449403,-0.528547,-0.0985026,-0.57838,0.523636,0.509767,2.98603,0.318487,-0.959032,0.559961,2.58328,0.684335,4.54861,0.865251,1.54888,0.31784,-6.13264,-0.468636,0.000973296,0.484368,
443,0.0105589,0.312532,0.323254,0.138508,0.027127,0,0.00973652,0.0034007,0.401974,0.993585,0.00247581,0.00522695,0.112942,0.0329145,0.608718,-0.353934,-0.521137,-0.421276,-0.599511,0.523715,0.545427,3.35449,-1.06937,0.578104,0.342893,-0.0615668,-0.593488,6.39476,1.24944,2.26684,-0.0507322,-6.58812,-0.136928,0.00229229,0.973878,
444,0.0125856,0.531844,-0.0786565,-0.0241383,-0.0933152,0,0.225506,0.0205767,0.432902,0.996937,0.0139806,-0.00435458,0.0768301,0.401541,0.69234,-0.236967,-0.52392,-0.573598,-0.602251,0.523748,0.650117,2.9987,-0.64237,0.954989,-0.462756,-0.864273,-1.80044,8.36907,2.13374,2.39167,-0.0519781,1.02898,0.0749523,0.00632031,3.1413,
445,0.017432,0.150187,-0.155699,-0.165582,-0.253264,0,0.308589,0.0277481,0.473229,0.998102,0.00332163,-0.0346469,0.0507966,0.558,0.791956,-0.138407,-0.526393,-0.483416,-0.594709,0.523705,0.900458,2.56707,-0.392449,0.718118,-0.648573,-1.91513,-0.275549,-0.738957,1.85981,1.56163,-0.0425699,2.56511,0.229672,0.000614867,6.83646,
446,0.0243193,0.439243,-0.242595,-0.223652,-0.396698,0,0.292796,0.0237289,0.524201,0.996337,-0.0278857,-0.0731227,0.0344566,0.493803,0.852437,-0.107142,-0.528832,-0.310233,-0.573025,0.52377,1.25623,2.36502,0.144313,0.764952,-1.38568,-1.25655,-0.623035,-1.82602,0.567935,-0.313425,-0.0498814,4.48868,0.534175,-0.00157463,6.06653,
447,0.0243421,0.0239477,-0.343845,-0.282865,-0.347707,0,0.198403,0.017488,0.550069,0.996596,-0.0405522,-0.0634902,0.0334772,0.358935,0.83918,-0.191353,-0.529591,-0.0387782,-0.543292,0.523744,1.25741,2.00033,-0.0366098,0.277346,-0.244311,1.03609,0.360799,-3.53645,-1.08739,-3.07502,-0.00166415,6.35722,0.666311,0.000180005,-1.08219,
448,0.0234011,-0.187146,-0.398797,-0.327855,-0.195765,0,0.0771526,0.00614115,0.551976,0.997144,-0.0505489,-0.0306537,0.0470069,0.12356,0.733981,-0.404907,-0.529589,0.306988,-0.518266,0.52375,1.2088,1.73057,-0.0841014,-0.177437,-0.423723,1.63277,0.901972,-5.85828,-3.10616,-5.44896,0.00308277,7.46439,-0.0209305,3.43985e-05,-0.864433,
449,0.0220733,-0.340488,0.0189862,-0.183708,-0.0605106,0,-0.0915559,-0.0119118,0.555201,0.99407,-0.0812476,-0.0132009,0.071054,-0.234698,0.522562,-0.567653,-0.528903,0.576766,-0.522286,0.523762,1.14021,1.4844,0.306456,-0.0174368,-1.50528,0.0943092,1.5155,-8.44652,-4.37062,0.689184,0.0212134,-0.159665,-0.06517,-0.00113693,-1.95917,
450,0.0190144,-0.312617,0.0802298,-0.0667081,-0.0239308,0,-0.309008,-0.0280607,0.548473,0.990037,-0.0967442,-0.00912961,0.1019,-0.573887,0.505015,-0.530473,-0.526222,0.525622,-0.527061,0.523747,0.9822,1.70263,0.120442,-0.18357,0.305252,0.697216,0.586303,-0.852507,0.539875,0.585523,0.0971217,-1.3607,-0.131046,0.000875222,-4.34861,
451,0.0137984,-0.243586,0.195059,0.00964483,0.0649225,0,-0.290836,-0.0259177,0.527331,0.989279,-0.0904694,0.0145322,0.113716,-0.533949,0.520359,-0.505918,-0.522747,0.403343,-0.53866,0.523732,0.712764,1.82029,-0.00142453,-0.684997,0.378933,0.997611,0.674934,1.2513,0.121397,0.389775,-0.00592679,-3.51693,-0.330841,-0.000531849,-6.41157,
452,0.00905476,-0.110152,0.28301,0.0715449,0.139233,0,-0.253043,-0.0205716,0.491901,0.98899,-0.0728988,0.0133306,0.128088,-0.439401,0.527907,-0.475121,-0.523404,0.179138,-0.559053,0.523713,0.467728,1.53737,-0.451256,-0.609443,0.82451,-2.01866,0.527165,2.51521,0.184316,0.837763,-0.00740338,-5.43988,-0.478784,-0.00034052,0.278539,
453,0.00984777,0.0826946,0.359723,0.131135,0.0786569,0,-0.189971,-0.0120577,0.454271,0.989295,-0.0297409,-0.023293,0.140952,-0.265421,0.550058,-0.40867,-0.523527,-0.131855,-0.585675,0.523676,0.508692,1.64309,-0.491964,-0.95262,2.012,-1.459,0.288784,4.43083,0.696112,1.80897,-0.00159652,-6.98709,-0.587112,-0.000403425,0.555041,
454,0.0106626,0.382658,0.385391,0.17609,-0.00339196,0,0.025928,0.00189195,0.422997,0.985888,-0.0128289,-0.0158171,0.166163,0.0156998,0.606679,-0.312196,-0.52348,-0.498244,-0.611472,0.523617,0.550781,2.62976,-0.670165,-0.174926,-0.730208,2.21145,1.86135,6.79239,1.55486,2.01625,-0.000554816,-7.62115,-0.429704,0.000351,1.12183,
455,0.0130926,0.494435,-0.0720227,-0.00508473,-0.12249,0,0.185834,0.0208349,0.441465,0.991455,0.0164572,-0.00298741,0.129372,0.404498,0.703969,-0.208702,-0.524711,-0.55202,-0.621909,0.523758,0.676304,2.51587,-0.710426,0.939083,1.34409,-0.878507,-2.26286,8.88244,2.43026,2.03573,-0.0282008,0.87068,-0.0110585,0.00428328,3.82856,
456,0.0183638,0.114694,-0.126101,-0.145142,-0.273536,0,0.296078,0.0279121,0.508414,0.992413,0.0282036,-0.0327681,0.115097,0.564497,0.821458,-0.134138,-0.525902,-0.479119,-0.611615,0.523754,0.94859,1.98466,-0.302693,1.22034,0.0778577,-1.56896,0.144874,-0.93,2.27373,0.986922,-0.0190672,2.07991,0.29597,-0.0026667,7.10445,
457,0.0246889,0.30641,-0.22744,-0.19933,-0.386865,0,0.2684,0.0243535,0.559437,0.991082,0.0293302,-0.0639318,0.113177,0.496192,0.905668,-0.135191,-0.526951,-0.325435,-0.591389,0.523729,1.27532,1.68801,-0.157652,0.828926,-0.219323,0.134331,-0.704035,-1.79581,1.0992,-1.00379,-0.0364935,4.02762,0.522128,0.000299353,1.5971,
458,0.0240886,0.0495998,-0.318235,-0.257142,-0.304702,0,0.201183,0.01812,0.586293,0.993427,0.0246841,-0.0529934,0.098409,0.36676,0.922614,-0.254493,-0.528853,-0.0803722,-0.561548,0.523748,1.24431,1.44084,-0.186247,0.272146,-0.187152,0.5997,-0.451706,-3.36694,-0.409116,-3.74606,-0.0364167,5.75832,0.672924,0.000207259,-0.734637,
459,0.0235672,-0.145137,-0.375629,-0.305496,-0.140852,0,0.0824203,0.0073205,0.587355,0.995014,0.018409,-0.0335396,0.0921025,0.144301,0.855283,-0.492852,-0.530491,0.236822,-0.525242,0.523749,1.21738,1.20328,-0.18634,-0.220029,-0.172634,1.01781,-0.0643526,-5.51257,-2.27021,-5.77217,-0.028183,6.9199,0.780033,-4.9054e-05,-0.346232,
460,0.0228257,-0.337072,-0.139076,-0.237848,-0.0801827,0,-0.0793264,-0.00950654,0.583845,0.996352,8.07082e-05,-0.0324052,0.0789491,-0.192049,0.688647,-0.561005,-0.531494,0.570432,-0.520347,0.52377,1.17907,1.03914,0.107907,-0.186943,-1.04852,-0.288278,0.0511068,-7.93832,-4.38288,1.0126,-0.0134674,2.55374,-0.0950541,-0.00161564,-1.2368,
461,0.0204666,-0.322031,0.0717599,-0.0939213,-0.0562659,0,-0.284067,-0.0281877,0.561491,0.99448,-0.0269428,-0.0406697,0.092896,-0.580894,0.492261,-0.526113,-0.532034,0.542771,-0.526761,0.523739,1.05721,1.35235,-0.0060327,-0.665313,-1.00291,-0.569705,-0.00859533,-2.98522,-0.356261,0.411992,-0.00875542,-1.28266,-0.157222,0.00153205,-3.61705,
462,0.0159102,-0.258447,0.173799,0.000551402,0.0288233,0,-0.273806,-0.0261896,0.516537,0.993605,-0.0509887,-0.0570169,0.0830505,-0.54732,0.512939,-0.515608,-0.532376,0.429201,-0.539569,0.523745,0.821848,1.47423,-0.22517,-1.08737,-0.703297,-0.143767,-0.187418,1.48674,0.361376,0.0111169,0.00896475,-3.2554,-0.351234,-0.000951886,-5.78568,
463,0.00951178,-0.135324,0.265608,0.0572996,0.151627,0,-0.266062,-0.0209012,0.461406,0.995009,-0.0325886,-0.0302621,0.0893218,-0.444286,0.530448,-0.507308,-0.528618,0.220586,-0.561099,0.523701,0.491336,1.51437,-0.396358,-1.29161,1.299,1.19703,0.391694,2.63964,0.345292,0.278394,0.0988127,-5.07307,-0.513931,-0.000148698,-5.98939,
464,0.00947668,0.059646,0.334927,0.112694,0.125322,0,-0.150434,-0.0120914,0.394184,0.994774,-0.00773195,-0.00741423,0.101536,-0.267283,0.558189,-0.466883,-0.522539,-0.0738463,-0.588993,0.52362,0.489523,2.28051,-0.525571,-0.885697,0.259859,2.33692,1.27821,4.41607,0.738562,1.19415,0.0570087,-6.50481,-0.506664,-0.00487836,1.06395,
465,0.0107559,0.3638,0.319925,0.142238,0.0437049,0,0.00609633,0.00248444,0.415783,0.993875,-0.013437,-0.0113852,0.109095,-0.00919415,0.602432,-0.384165,-0.523041,-0.405066,-0.603451,0.523822,0.555601,2.84141,-1.73874,0.778967,-0.465901,-1.03971,-0.332605,6.11888,1.16547,2.0945,-0.0225115,-6.91136,-0.21837,-0.00292383,1.53386,
466,0.0134882,0.464169,-0.0977618,-0.0228472,-0.0871265,0,0.180843,0.0192801,0.45256,0.995985,-0.0170312,-0.0291801,0.0828971,0.347246,0.683662,-0.272978,-0.524053,-0.570542,-0.610834,0.523721,0.696742,2.70077,-1.43681,0.578702,0.253462,-0.557597,-1.8837,8.13575,2.09444,2.35669,-0.0186647,0.909599,-0.109917,-0.00136844,4.09038,
467,0.018978,0.0766827,-0.156116,-0.155767,-0.259544,0,0.294317,0.0297108,0.479973,0.998124,-0.000680821,-0.037885,0.0480918,0.572502,0.778558,-0.174525,-0.525475,-0.493283,-0.609191,0.52367,0.980318,2.36229,-1.14009,0.645146,0.341661,-1.96609,-0.183001,-0.692655,1.75909,1.57233,-0.0152357,2.13791,0.141067,0.00224599,7.16965,
468,0.0243942,0.211948,-0.221103,-0.211014,-0.377075,0,0.289289,0.0249838,0.549063,0.996436,-0.0195787,-0.0766422,0.0293025,0.506677,0.836022,-0.143256,-0.526699,-0.348255,-0.587686,0.523813,1.2601,2.08016,-0.22974,1.20044,-0.930828,-1.00386,-0.862676,-1.86398,0.54493,-0.332942,-0.0309286,3.86695,0.55288,-0.00219736,0.527501,
469,0.0239153,0.0661879,-0.318778,-0.272151,-0.317807,0,0.223401,0.0185742,0.593636,0.994274,-0.0409765,-0.0982289,0.00953821,0.375205,0.823851,-0.228031,-0.528252,-0.107327,-0.556288,0.523759,1.23536,1.86463,-0.212532,0.589291,-0.97111,-0.734708,-0.589989,-3.38147,-1.01898,-3.03621,-0.0295848,5.7538,0.7032,-0.000370268,-0.450819,
470,0.0236923,-0.131131,-0.382834,-0.324226,-0.182253,0,0.107802,0.00767988,0.607508,0.991363,-0.0649437,-0.113925,-0.00180148,0.152026,0.724114,-0.434143,-0.529592,0.213657,-0.5207,0.523748,1.22384,1.64134,-0.177027,-0.029451,-1.07157,-0.420956,-0.158527,-5.52714,-2.95615,-5.19162,-0.0233887,7.07507,0.314772,-8.45926e-05,-0.0797213,
471,0.0231468,-0.330674,-0.163297,-0.260177,-0.084048,0,-0.109959,-0.00885478,0.595259,0.990246,-0.082566,-0.111918,-0.00838316,-0.18676,0.520269,-0.564842,-0.529832,0.558629,-0.521455,0.523741,1.19566,1.93837,-0.126435,-0.26334,0.369988,0.863311,0.399022,-8.01501,-4.23185,0.808476,0.0517555,2.85857,-0.0676979,-0.00116667,-1.0384,
472,0.0210015,-0.320806,0.0583679,-0.110457,-0.0637355,0,-0.325642,-0.0278153,0.575089,0.992702,-0.0646698,-0.100771,0.0143216,-0.583179,0.504758,-0.531018,-0.526839,0.540534,-0.525964,0.523734,1.08485,2.19938,-0.292943,-0.594481,0.869558,0.230944,0.258425,-3.05559,0.544079,0.396148,0.061687,-1.2102,-0.119492,0.00193255,-3.38015,
473,0.0166725,-0.254876,0.177056,-0.00644104,0.0182272,0,-0.307594,-0.0257617,0.53378,0.994613,-0.0445486,-0.0925226,0.0141441,-0.548647,0.52018,-0.522719,-0.523739,0.422966,-0.536978,0.523749,0.861227,2.30546,-0.51738,-1.07894,0.816025,0.457064,0.0420855,1.49254,0.122838,-0.0734315,0.0607479,-3.48515,-0.318204,-0.000536093,-5.54743,
474,0.0105265,-0.12103,0.280181,0.0564084,0.141614,0,-0.273658,-0.0203544,0.468802,0.996898,-0.0179371,-0.0735159,0.0216193,-0.444038,0.524914,-0.522468,-0.523307,0.197015,-0.557165,0.52371,0.543753,2.36288,-0.713682,-1.49308,1.64863,1.2072,0.530919,2.67783,0.0667371,0.0950753,-0.00716381,-5.53783,-0.487707,-0.000455074,-7.14225,
475,0.00958729,0.0814714,0.346277,0.117008,0.142863,0,-0.14274,-0.0113068,0.418978,0.997803,-0.0110553,-0.0211597,0.0618078,-0.263536,0.538072,-0.496401,-0.523382,-0.113828,-0.578896,0.523665,0.495237,3.10543,-0.883186,-0.79343,0.0153655,2.8875,2.19448,4.5339,0.456508,0.966411,-0.00362859,-6.94128,-0.426103,0.00858083,0.806166,
476,0.0106609,0.402766,0.33895,0.152477,0.071058,0,0.0286015,0.00384272,0.394364,0.995961,-0.00231208,-0.002669,0.0897223,0.0145808,0.576862,-0.421638,-0.523586,-0.475848,-0.597816,0.52377,0.550696,2.96267,-1.8597,1.03432,-0.868086,-1.03208,-0.0372032,6.42291,0.849871,2.00786,0.000840625,-7.3615,-0.0474409,0.000262067,1.41807,
477,0.0134264,0.445741,-0.116584,-0.0284648,-0.0614393,0,0.221988,0.0214817,0.461248,0.997801,-0.0209762,-0.0181188,0.0602068,0.387112,0.639969,-0.309068,-0.524259,-0.565337,-0.592038,0.523724,0.69355,2.96232,-1.59514,1.17053,-0.636786,-0.639867,-1.78627,8.51865,1.77997,2.47789,-0.0169347,1.15635,0.144811,-0.00155779,4.27362,
478,0.0190398,0.103106,-0.19451,-0.176652,-0.244274,0,0.319015,0.030751,0.507539,0.998343,-0.0339719,-0.0349923,0.030548,0.583512,0.72138,-0.200304,-0.52517,-0.469366,-0.581064,0.523637,0.98351,2.6436,-1.44059,0.665669,-0.551475,-0.534507,-0.547973,-1.21365,1.48262,1.87485,-0.0193617,2.66812,0.291716,0.000208792,7.299,
479,0.024671,0.172055,-0.298452,-0.241238,-0.375995,0,0.274378,0.0255768,0.535481,0.996416,-0.0506175,-0.0636163,0.0233655,0.488399,0.761597,-0.153339,-0.525921,-0.281654,-0.561029,0.523738,1.2744,2.02421,-1.10828,0.587205,-0.668227,-1.48134,-0.165666,-2.58321,0.141149,0.0212825,0.00908667,4.83305,0.502189,0.000813039,0.275095,
480,0.0239731,-0.00231845,-0.385514,-0.299544,-0.323939,0,0.158009,0.0168511,0.554204,0.996085,-0.0443251,-0.0711624,0.0280402,0.307159,0.724515,-0.219713,-0.52308,0.00375343,-0.532079,0.523749,1.23834,1.73928,-1.15006,0.114138,0.32499,0.00290475,0.390084,-4.63817,-1.61797,-2.67177,0.0166257,6.56511,0.661019,0.000143378,-0.567403,
481,0.0234257,-0.213894,-0.4241,-0.339467,-0.1933,0,0.00401063,0.00249744,0.546941,0.996062,-0.0410338,-0.0637573,0.0459449,0.0105637,0.5903,-0.409401,-0.523381,0.352312,-0.520008,0.523747,1.21007,1.49932,-1.17732,-0.399053,0.0728678,0.520752,1.07378,-7.2028,-3.73447,-4.89818,-0.00867385,7.37068,-0.0823503,-9.55655e-05,-0.563585,
482,0.0221414,-0.334266,-0.00553532,-0.189193,-0.0674383,0,-0.231771,-0.0185113,0.516799,0.994119,-0.0390294,-0.0556963,0.0842784,-0.417749,0.488462,-0.559465,-0.523651,0.565257,-0.523182,0.52373,1.14373,2.02844,-1.0503,-0.795594,0.370137,-0.329353,1.9456,-9.90667,0.686059,0.504071,-0.0024906,-0.51234,-0.0421107,-0.000182111,-2.07251,
483,0.0189961,-0.297261,0.0762889,-0.0214651,-0.023261,0,-0.341721,-0.0260239,0.468638,0.992246,-0.0214672,-0.0557625,0.10898,-0.582411,0.515913,-0.530912,-0.523284,0.497912,-0.528445,0.523761,0.981253,2.27281,-1.33434,-1.08445,1.64673,0.408178,0.209763,1.4491,0.269888,0.356826,0.00462789,-2.13623,-0.162783,-0.000262946,-4.41246,
484,0.0137755,-0.201904,0.217582,0.0403577,0.0735265,0,-0.251834,-0.0226818,0.404775,0.992024,0.00995288,-0.0341925,0.120912,-0.498148,0.524958,-0.517931,-0.523478,0.33193,-0.541121,0.523726,0.711582,2.54326,-0.890975,-1.06119,-0.571286,1.9781,0.716987,1.91198,0.0771114,0.165445,-0.00328098,-4.45291,-0.336057,-0.000734563,-6.35531,
485,0.00911869,-0.0448675,0.285163,0.0941762,0.152546,0,-0.195381,-0.0157894,0.372363,0.989613,-0.00382396,0.00750723,0.143508,-0.367017,0.535279,-0.496996,-0.523462,0.072695,-0.559135,0.523672,0.471031,2.06572,-1.20417,0.0742058,-0.0722416,-1.32686,0.944359,3.28912,0.314524,0.670941,-0.00126618,-5.91945,-0.370534,0.000650866,0.227018,
486,0.00991657,0.166735,0.325368,0.139719,0.096164,0,-0.0701767,-0.00548423,0.408274,0.984865,-0.00925307,-0.0151239,0.172413,-0.161779,0.563218,-0.436621,-0.52347,-0.242541,-0.573357,0.523669,0.512246,2.57046,-1.40654,0.662054,-0.743533,-0.686775,1.19368,5.02922,0.869386,1.73545,-0.00337448,-6.82627,-0.296501,-0.00013236,0.742989,
487,0.0111985,0.506429,0.100107,0.0663694,0.000739078,0,0.0745334,0.00894057,0.435202,0.980554,-0.00504158,-0.0193367,0.195227,0.142635,0.631111,-0.334205,-0.523564,-0.567944,-0.587891,0.523671,0.578466,2.49311,-1.19551,0.38107,0.122466,0.150682,0.274846,7.14352,1.83011,2.36917,-0.0070614,-2.48268,-0.2751,0.000870398,1.90211,
488,0.0147907,0.287208,-0.100232,-0.0191777,-0.150535,0,0.241608,0.0263157,0.44619,0.982167,0.00781524,-0.0196214,0.186821,0.508868,0.731392,-0.217253,-0.524154,-0.54196,-0.598668,0.523689,0.764023,2.37614,-0.957342,0.447075,1.27323,-0.325026,-1.15476,7.43744,2.10583,2.31514,-0.027763,1.23285,-0.0533674,0.00300132,5.47575,
489,0.0207296,0.190024,-0.152776,-0.14825,-0.318486,0,0.30335,0.0271682,0.51102,0.982134,0.00887335,-0.0530443,0.180335,0.55327,0.831037,-0.132157,-0.525159,-0.450496,-0.58725,0.523791,1.0708,1.88082,-0.184431,1.20918,-0.513952,-1.86435,0.0695323,-1.12652,1.87584,1.10635,-0.0124659,2.63282,0.340777,-0.00271977,6.98818,
490,0.0247033,0.163339,-0.265236,-0.206416,-0.386694,0,0.256829,0.0232481,0.555036,0.979025,0.00504956,-0.0924393,0.181491,0.470201,0.895355,-0.135915,-0.52596,-0.267088,-0.565843,0.523738,1.27606,1.61737,-0.250159,0.52963,-0.291148,-1.04407,0.05854,-2.18911,0.705727,-1.23795,-0.0221794,4.68995,0.513089,-0.000239223,-0.846821,
491,0.0238931,-0.00493253,-0.350005,-0.260681,-0.293548,0,0.179063,0.0158729,0.566494,0.975517,0.000210845,-0.117026,0.186205,0.314793,0.891873,-0.266666,-0.527055,0.00798555,-0.536563,0.523748,1.23421,1.4075,-0.349709,-0.0732649,-0.410407,-0.867635,0.416441,-4.01175,-0.832735,-3.97017,-0.0208288,6.29973,0.657913,0.000184541,-0.447468,
492,0.0234498,-0.211096,-0.399804,-0.303507,-0.124341,0,0.0435409,0.00342893,0.547484,0.970126,-0.0104407,-0.13624,0.200463,0.0551142,0.803263,-0.514037,-0.528004,0.347544,-0.519419,0.523748,1.21131,1.2006,-0.446643,-0.683842,-0.57044,-0.497452,0.903193,-6.35491,-2.69759,-5.90958,-0.016409,7.27487,-0.0719491,-7.35467e-05,-0.468482,
493,0.0222538,-0.332942,0.0222482,-0.156986,-0.0765724,0,-0.209164,-0.015754,0.511017,0.968112,0.00408183,-0.130409,0.213861,-0.326556,0.616256,-0.549328,-0.525441,0.562812,-0.522807,0.523732,1.14953,1.67997,-0.0596677,-0.818502,1.4551,0.362219,0.947181,-8.90838,-4.77331,0.743486,0.0943569,-0.430671,-0.0469679,-0.000485778,-1.98363,
494,0.0192052,-0.299621,0.110468,-0.0121985,-0.0308807,0,-0.303225,-0.0283494,0.462233,0.964599,0.0368224,-0.120132,0.231863,-0.578654,0.491431,-0.525937,-0.523038,0.50215,-0.527779,0.523756,0.992057,1.90571,0.1545,-0.75366,-0.0715286,0.520146,-0.00499961,0.767339,0.569167,0.202463,-0.00833386,-1.88396,-0.149808,0.000187919,-4.29271,
495,0.0140866,-0.220133,0.227228,0.0439919,0.0714475,0,-0.271951,-0.0261057,0.447019,0.965627,0.0146788,-0.0765163,0.247981,-0.514393,0.522235,-0.524117,-0.523337,0.362976,-0.537522,0.523703,0.727652,2.20394,0.673483,-0.209161,-0.0355033,2.63229,1.19379,1.64826,0.561027,-0.036039,-0.00591526,-3.72364,-0.254871,-0.000273079,-6.2681,
496,0.00901127,-0.0812357,0.319943,0.108696,0.165072,0,-0.198554,-0.0201873,0.423701,0.960782,-0.00575564,-0.0197285,0.276543,-0.392698,0.557731,-0.512669,-0.523574,0.131842,-0.554775,0.523692,0.465482,2.40722,0.665986,-0.667611,-0.520128,1.67291,1.19572,3.20911,0.861712,0.490769,-0.00123863,-5.51315,-0.432649,-6.18898e-05,-0.0658586,
497,0.00983677,0.119769,0.34005,0.154918,0.111392,0,-0.0773881,-0.00830792,0.400423,0.956389,-0.00269831,-0.0183444,0.291508,-0.183222,0.616697,-0.45685,-0.523495,-0.17155,-0.577052,0.523716,0.508124,2.80358,-0.348974,0.371145,-0.928818,-1.31955,0.345487,5.06356,1.40324,1.71558,0.000460701,-6.505,-0.316757,0.000250607,0.762593,
498,0.0109766,0.433448,0.338271,0.178702,0.0182728,0,0.0592113,0.00645937,0.451867,0.953384,-0.00568248,-0.0226842,0.300852,0.118692,0.708583,-0.353352,-0.523451,-0.493109,-0.586779,0.523656,0.567003,3.30734,-0.413124,1.02609,0.221846,-0.44972,-0.0367349,7.07774,2.3224,2.44194,-0.00392141,-6.50652,-0.179697,0.000875689,1.59718,
499,0.0140192,0.409647,-0.0428419,0.0131694,-0.12714,0,0.263587,0.0258013,0.49168,0.959663,0.0117641,-0.0335144,0.278901,0.526573,0.854434,-0.22933,-0.523884,-0.544926,-0.594145,0.523679,0.724169,3.02753,-0.141965,0.576884,0.691877,-0.764038,-1.02117,7.59821,3.49861,2.4922,-0.0101114,0.680267,-0.116731,-0.00357648,4.66616,
500,0.0198712,0.103199,-0.141162,-0.126079,-0.302803,0,0.274893,0.0271908,0.508364,0.960937,0.0324068,-0.0386033,0.272138,0.554708,1.02749,-0.13211,-0.524594,-0.465256,-0.595072,0.523646,1.02646,2.5619,-0.156432,0.432223,0.822687,-0.0264091,-0.632301,-1.07598,3.38781,1.44153,-0.0255843,2.43786,0.120317,-0.0285652,7.35168,
501,0.024801,0.187714,-0.217259,-0.176427,-0.400126,0,0.259361,0.0230489,0.579046,0.964288,0.043273,-0.0736795,0.250693,0.481043,1.16707,-0.115487,-0.525712,-0.30785,-0.576494,0.524294,1.28111,1.97754,0.180392,1.29108,-0.157416,-1.32884,-0.945906,-1.95611,2.25301,-0.775504,-0.0253666,4.03362,0.487323,-0.0126659,-0.378086,
502,0.0239594,0.0396887,-0.306841,-0.233794,-0.319853,0,0.193413,0.0166258,0.628663,0.966741,0.046886,-0.103373,0.229188,0.34559,1.23076,-0.225998,-0.526959,-0.0642876,-0.548592,0.523841,1.23763,1.79753,0.0906182,0.693639,-0.331238,-1.15233,-0.668604,-3.44869,-0.0211354,-3.62211,-0.0229958,5.69464,0.628139,-0.00377311,-0.555764,
503,0.0235725,-0.152109,-0.363643,-0.282259,-0.162163,0,0.0764409,0.00581304,0.647934,0.966738,0.0451777,-0.130967,0.215,0.121066,1.18669,-0.460982,-0.527996,0.24839,-0.51867,0.523758,1.21765,1.58916,0.0387233,0.0804137,-0.450621,-0.957336,-0.298431,-5.51433,-1.72917,-5.76061,-0.0177679,6.80375,0.151719,-0.000483829,-0.246399,
504,0.0228004,-0.331254,-0.0892255,-0.19864,-0.0804714,0,-0.106539,-0.010863,0.639448,0.967235,0.0429513,-0.154417,0.196895,-0.213569,1.0504,-0.559827,-0.52885,0.559696,-0.521617,0.523748,1.17777,1.9427,0.292826,-0.373927,-0.387529,-0.997236,-0.136723,-7.86166,-3.70729,0.878871,-0.0136724,1.76229,-0.0805315,-0.00103548,-1.33347,
505,0.0203681,-0.318052,0.0704933,-0.0659369,-0.0525155,0,-0.288266,-0.0281486,0.608895,0.962998,0.0356138,-0.176744,0.200322,-0.571921,0.832661,-0.528705,-0.529439,0.535508,-0.527612,0.523742,1.05212,2.21192,0.229252,-0.857156,-0.605978,-0.64421,-0.205836,-1.90609,-4.98944,0.333118,-0.00825404,-1.12317,-0.160385,0.00128957,-3.6745,
506,0.0157702,-0.258153,0.178628,0.014294,0.0358072,0,-0.269153,-0.0264438,0.55393,0.963027,0.0222923,-0.191356,0.18832,-0.540317,0.577084,-0.521712,-0.529746,0.428689,-0.540665,0.523742,0.814621,2.39019,0.12748,-1.34462,-0.754241,-0.279324,-0.256253,1.23038,-5.23243,-0.0571844,-0.00547702,-3.13899,-0.358507,-0.000478934,-5.80862,
507,0.0097299,-0.144869,0.25429,0.062825,0.157393,0,-0.244934,-0.0221469,0.519782,0.965609,0.0172267,-0.158522,0.205359,-0.44943,0.491753,-0.52247,-0.521415,0.236397,-0.55644,0.523607,0.502603,2.79829,0.194857,0.0403622,0.232542,2.47261,1.66371,2.39875,0.800568,-0.00154566,0.138967,-4.51323,-0.259118,0.00586199,-2.94143,
508,0.00978053,0.0178179,0.333804,0.125429,0.137271,0,-0.14764,-0.0142453,0.512758,0.963095,-0.00352537,-0.110081,0.245597,-0.286133,0.542421,-0.493774,-0.522473,-0.0280963,-0.572759,0.523676,0.505219,3.00273,0.209429,-0.377217,-0.290575,1.88295,1.6203,4.11927,1.21919,1.13986,-0.0500587,-6.05485,-0.397119,-5.50606e-05,0.570491,
509,0.0103752,0.228625,0.373797,0.17307,0.0711837,0,-0.0230749,-0.00170171,0.483267,0.959037,-0.0100609,-0.0576086,0.277179,-0.0244207,0.624994,-0.413325,-0.524185,-0.349723,-0.594448,0.523673,0.535938,3.11868,0.306096,-0.867084,0.411201,1.99662,1.10769,6.3326,2.0719,2.07872,-0.0301582,-6.81232,-0.472783,-4.66997e-05,0.664666,
510,0.0118198,0.535805,-0.0223046,0.024799,-0.0372311,0,0.116418,0.016542,0.439603,0.960633,0.00459947,-0.0169553,0.277264,0.348444,0.75387,-0.296909,-0.526076,-0.584978,-0.614225,0.523732,0.610558,3.40859,0.22258,0.198145,3.04765,1.44011,-2.69683,8.34149,2.79515,2.62123,-0.0850659,0.526423,-0.00590926,0.00215965,2.30357,
511,0.0158439,0.236561,-0.0790207,-0.113014,-0.1977,0,0.296945,0.0274696,0.490904,0.971455,0.0519683,-0.00950539,0.231265,0.579809,0.891175,-0.17715,-0.529711,-0.521015,-0.603339,0.523836,0.818427,2.14506,0.401122,1.62244,0.387618,-1.56614,-0.663785,-0.861274,2.76482,2.15984,-0.0549386,1.64239,0.396164,-0.000914264,5.94319,
512,0.0222771,0.264454,-0.184682,-0.169636,-0.361122,0,0.273005,0.0241756,0.561547,0.973705,0.0674404,-0.0476853,0.21231,0.515744,1.00532,-0.107397,-0.53224,-0.387644,-0.578734,0.523742,1.15073,2.00829,0.511182,1.26782,0.0185438,-0.800867,-1.34421,-1.54381,1.80407,0.660218,-0.0580523,3.62183,0.60748,-0.0005156,7.34044,
513,0.0243519,0.0992841,-0.281721,-0.22979,-0.377814,0,0.212433,0.0189685,0.608046,0.979688,0.0743112,-0.0507262,0.179209,0.406285,1.06205,-0.140732,-0.535416,-0.161325,-0.544928,0.523738,1.25791,1.73465,0.44872,0.630472,0.222061,0.0919753,-1.29607,-2.82261,0.47606,-1.97255,-0.0657433,5.41348,0.746503,5.64282e-05,-0.891579,
514,0.0237825,-0.0868517,-0.346771,-0.281965,-0.266942,0,0.116108,0.00985717,0.626858,0.984184,0.0783382,-0.0423135,0.153147,0.21689,1.0429,-0.305772,-0.538546,0.141001,-0.517245,0.523747,1.2285,1.51721,0.399612,0.13427,0.0565793,0.426791,-0.86909,-4.73687,-1.22967,-4.60837,-0.0585317,6.67002,-0.0347805,0.000104523,-0.256287,
515,0.0232292,-0.291368,-0.368874,-0.318765,-0.0878125,0,-0.0463711,-0.00464194,0.621633,0.987019,0.0783876,-0.0243637,0.138042,-0.0775009,0.930813,-0.561724,-0.541217,0.487364,-0.521936,0.523747,1.19991,1.45812,0.521419,-0.321805,0.178259,0.787218,-1.00849,-7.00183,-3.23555,-2.17823,-0.0492515,7.19198,-0.0616709,0.000480365,-0.880169,
516,0.0214629,-0.336113,0.0953949,-0.157367,-0.0644966,0,-0.239639,-0.0247326,0.609388,0.989665,0.0654528,-0.0233489,0.125434,-0.485906,0.714299,-0.543621,-0.543135,0.568672,-0.526156,0.523726,1.10868,1.4473,0.678982,-0.371505,-0.836623,-0.0395759,0.0400188,-9.31784,-5.41235,0.666953,-0.0337412,-1.30783,-0.104197,-1.10809e-05,-2.81341,
517,0.0176168,-0.277414,0.175377,-0.00783043,-0.00188848,0,-0.274455,-0.0275883,0.576565,0.993512,0.0411488,-0.0267824,0.10258,-0.555749,0.487441,-0.521269,-0.544552,0.462555,-0.535832,0.523753,0.910004,1.73011,0.362421,-0.880079,-0.866311,-0.43779,-1.11709,1.07838,-0.361857,0.211368,-0.0267017,-2.94263,-0.273861,-0.000415024,-5.11153,
518,0.0118067,-0.164558,0.269684,0.0439917,0.108638,0,-0.232,-0.0232939,0.520203,0.996173,0.0220912,-0.0376857,0.0757005,-0.471415,0.513864,-0.511356,-0.545833,0.269125,-0.554026,0.523723,0.609882,1.84839,0.24236,-1.38328,-0.845267,-0.25079,-0.955396,2.28551,0.62131,0.184235,-0.0244311,-4.77974,-0.452808,-0.000369617,-6.88008,
519,0.00940319,0.00416024,0.328569,0.0900581,0.137399,0,-0.102078,-0.0151533,0.44484,0.996871,-0.01336,-0.0564047,0.0537507,-0.310884,0.55228,-0.482742,-0.546425,-0.00559756,-0.579657,0.523642,0.485727,2.30587,0.0352665,-1.18361,-2.79921,0.041828,0.317224,4.10028,0.897418,0.894028,0.0802395,-6.05152,-0.508089,-0.0116372,0.878138,
520,0.0102352,0.223338,0.322056,0.117612,0.0784353,0,-0.0850634,-0.00181198,0.419758,0.997714,-0.0195892,-0.00222783,0.064645,-0.0536911,0.611982,-0.419869,-0.530068,-0.307794,-0.602008,0.523793,0.528707,2.64837,-0.471628,-0.185445,2.35361,0.157405,-0.736627,6.06204,1.42831,1.78622,0.368202,-6.2167,-0.442928,0.0448216,0.874013,
521,0.0118761,0.527726,-9.21564e-05,0.000741893,-0.0238161,0,0.145529,0.0157855,0.441526,0.99913,0.00674387,0.00123002,0.0411443,0.292239,0.695634,-0.318301,-0.521061,-0.553866,-0.614931,0.523914,0.613468,3.0718,-0.947481,0.626482,0.520569,0.150335,-1.61488,7.85433,1.98682,2.29091,-0.0485872,-0.549405,-0.165166,-0.00648051,2.48667,
522,0.0160979,0.186472,-0.0840765,-0.133366,-0.18027,0,0.31048,0.0286412,0.476395,0.999625,0.0088394,-0.0249051,0.0071426,0.570864,0.792601,-0.211244,-0.523288,-0.523257,-0.619674,0.523733,0.831544,2.36117,-0.552134,0.764643,-0.44261,-2.08062,-0.598119,-0.00503579,1.89634,1.97487,-0.0359775,1.17855,-0.0294553,-0.00255545,6.20632,
523,0.022561,0.240743,-0.185868,-0.197861,-0.342447,0,0.309668,0.0258342,0.517314,0.997939,-0.0165627,-0.0602643,-0.0145453,0.526063,0.860454,-0.147138,-0.525261,-0.413143,-0.612171,0.523753,1.1654,2.26972,-0.176196,0.768698,-1.42801,-1.76066,-0.750028,-1.24105,0.832933,0.595885,-0.033626,3.24392,0.289538,-0.000640592,7.14341,
524,0.0244244,0.122163,-0.29812,-0.260164,-0.356561,0,0.230424,0.0214212,0.539678,0.995501,-0.0402181,-0.080809,-0.0288176,0.430857,0.86484,-0.17896,-0.526351,-0.198877,-0.593833,0.523733,1.26166,1.92505,-0.299151,0.248003,-0.0110752,0.694382,0.179835,-2.57169,-0.642453,-1.80222,0.0238647,5.29714,0.440593,-0.000396178,-1.02971,
525,0.0237961,-0.0623096,-0.36763,-0.309749,-0.250606,0,0.138996,0.0126894,0.539086,0.99716,-0.042453,-0.058872,-0.0201117,0.250871,0.785638,-0.331887,-0.525158,0.101021,-0.568254,0.523745,1.2292,1.67619,-0.301991,-0.265221,-0.144207,1.05818,0.612773,-4.6102,-2.51131,-4.29515,0.024545,6.68748,0.582824,0.000233634,-0.278314,
526,0.0233855,-0.271856,-0.39057,-0.346055,-0.0940357,0,0.00556339,-0.0021311,0.526032,0.997495,-0.0582629,-0.0398966,-0.00421459,-0.0409301,0.606231,-0.557162,-0.523626,0.452735,-0.537393,0.523767,1.20799,1.01382,0.0852766,-0.199363,-1.16827,0.0637804,0.238973,-7.02201,-4.6429,-1.31339,0.0370367,7.38949,0.651668,0.000421311,-0.541974,
527,0.0219137,-0.330144,0.0542839,-0.189287,-0.076827,0,-0.257672,-0.0223681,0.511418,0.997277,-0.0630514,-0.0358273,0.0134136,-0.4544,0.482317,-0.538834,-0.52336,0.557657,-0.519038,0.523732,1.13196,1.55065,0.182983,-0.402668,0.689863,0.00705921,1.13605,-9.50267,0.803139,0.501824,-0.0056107,-0.860504,-0.0701769,-0.000261227,-2.48418,
528,0.0183942,-0.281581,0.138412,-0.0250995,-0.0150519,0,-0.324957,-0.0274453,0.484354,0.998562,-0.0397386,-0.0253698,0.025522,-0.57516,0.514625,-0.525065,-0.523539,0.469938,-0.526716,0.523758,0.950161,1.68744,-0.281615,-0.761743,1.02052,0.592242,0.156234,1.41171,0.318457,0.0732539,-0.00284957,-2.64272,-0.234043,-0.000243385,-4.76741,
529,0.0128934,-0.172264,0.254352,0.0385484,0.0951832,0,-0.280046,-0.0227044,0.43283,0.999344,-0.0141813,-0.00695158,0.0325835,-0.481358,0.52551,-0.52372,-0.523664,0.282006,-0.543186,0.523727,0.666018,1.79267,-0.393919,-1.30679,1.08681,0.809719,0.409672,2.33312,0.118588,0.00331395,-0.00214148,-4.85683,-0.422891,-0.000399808,-6.58361,
530,0.00915341,0.00216297,0.304081,0.0902792,0.158152,0,-0.16236,-0.0136985,0.376323,0.998886,-0.00302529,-0.00266941,0.0470112,-0.323983,0.53644,-0.506464,-0.523276,-0.00303892,-0.564911,0.523704,0.472825,2.15025,-1.20529,0.474342,-0.521726,-0.716423,1.08602,3.73134,0.17159,0.673687,0.0206237,-6.28876,-0.238364,-0.000181565,0.789302,
531,0.01011,0.253565,0.339825,0.135406,0.0981322,0,-0.0451764,-0.0021773,0.409622,0.996737,-0.00690049,0.00133439,0.0804171,-0.0889879,0.559919,-0.445292,-0.523357,-0.334116,-0.575711,0.523663,0.522237,2.44279,-1.27164,0.470989,-0.134329,0.253488,1.2618,5.69946,0.785291,1.77459,-0.00759877,-7.03708,-0.248558,-1.72536e-05,0.988025,
532,0.0119474,0.540639,-0.0547129,-0.0121218,-0.0108721,0,0.116291,0.0138391,0.424376,0.995784,0.000542754,-0.00655859,0.0914971,0.249519,0.621737,-0.339433,-0.523827,-0.581444,-0.587535,0.523694,0.617151,2.40594,-1.02311,0.0989253,0.793948,-0.804316,-0.76575,7.84167,1.6871,2.46614,-0.0153277,0.379552,-0.228849,0.000265227,2.78909,
533,0.016417,0.152213,-0.0879805,-0.112166,-0.179783,0,0.335618,0.0285572,0.453739,0.996326,-0.00380182,-0.0300582,0.0800985,0.583629,0.701441,-0.221478,-0.524554,-0.523714,-0.589181,0.523699,0.848031,1.77042,-0.134578,1.01418,-1.3295,-1.80286,0.283277,1.39448,1.50673,2.24161,-0.00503134,1.49139,0.115001,-0.0142837,6.39455,
534,0.0229263,0.281673,-0.203943,-0.194425,-0.350478,0,0.278587,0.0259517,0.505523,0.993813,-0.0292529,-0.0646408,0.0854538,0.539266,0.754132,-0.144603,-0.523864,-0.394079,-0.575983,0.523638,1.18427,1.48413,0.134376,0.844858,0.302077,-0.556184,0.290746,-1.45398,0.610234,0.836171,0.0712145,3.75889,0.364214,0.00138817,7.10117,
535,0.0245561,0.0988466,-0.301202,-0.247791,-0.365955,0,0.226205,0.0208085,0.538939,0.991334,-0.0246909,-0.0835262,0.0983436,0.430989,0.748313,-0.167013,-0.523294,-0.160611,-0.553317,0.523717,1.26846,1.21796,0.0683357,0.375015,0.178817,-0.472432,0.587035,-2.86788,-0.833654,-1.7192,-0.00859649,5.57112,0.537375,0.0010303,-1.25758,
536,0.0237065,-0.0934915,-0.370929,-0.294868,-0.257989,0,0.128474,0.0115025,0.543513,0.988428,-0.0237252,-0.0912553,0.118829,0.236022,0.662082,-0.317631,-0.523707,0.151849,-0.523155,0.523746,1.22457,0.979089,-0.025503,-0.190818,-0.0335089,-0.188108,1.05212,-4.91331,-2.60192,-4.28538,-0.00739133,6.91625,0.555326,0.000238058,-0.494242,
537,0.0229051,-0.305261,-0.398455,-0.326614,-0.0841365,0,-0.0390815,-0.00345719,0.520717,0.984031,-0.0304279,-0.0893819,0.15089,-0.0711586,0.494071,-0.557522,-0.52399,0.51231,-0.521155,0.523747,1.18318,0.906813,0.0012447,-0.680135,0.0165082,-0.13024,1.08495,-7.33385,-1.51667,-2.07845,-0.00574291,7.5068,-0.0721854,0.00026359,-1.15176,
538,0.0207445,-0.328906,0.0696395,-0.157589,-0.0510514,0,-0.301983,-0.0247651,0.484682,0.978178,-0.00600618,-0.0961106,0.184104,-0.500778,0.508215,-0.542058,-0.523201,0.555378,-0.524383,0.523734,1.07157,1.5488,0.26983,-0.871832,1.64951,-0.505406,1.25876,-9.83607,0.477586,0.606028,-0.00254707,-1.0843,-0.0660353,-6.81658e-05,-3.303,
539,0.0164617,-0.270707,0.179907,0.012849,0.020997,0,-0.295394,-0.0280485,0.438757,0.976027,0.0201961,-0.0945434,0.194998,-0.562884,0.520793,-0.520518,-0.523423,0.450715,-0.531483,0.523745,0.85034,2.01346,0.430124,-0.382073,-0.0724819,1.63643,0.85917,1.30986,0.0938267,0.184624,0.00381042,-2.98649,-0.141442,-0.00168499,-5.53193,
540,0.0102754,-0.156675,0.281278,0.0769349,0.137886,0,-0.24419,-0.0234989,0.422889,0.972488,0.00385639,-0.0380141,0.2298,-0.467176,0.527428,-0.509415,-0.523479,0.255991,-0.54093,0.523696,0.530779,2.31604,0.486177,-0.542074,-0.205928,2.45139,1.58268,2.52128,0.173601,0.28964,-0.00378551,-4.86119,-0.279817,-7.82278e-05,-7.23362,
541,0.00950031,0.0197099,0.349933,0.138592,0.126776,0,-0.184368,-0.0146289,0.39092,0.964547,-0.00806924,0.000669026,0.263788,-0.293421,0.550233,-0.469755,-0.523532,-0.0255323,-0.558518,0.523684,0.490744,2.43395,0.227166,-0.56485,1.12882,-0.0932661,0.726674,4.34166,0.686867,1.30108,-0.00213065,-6.36955,-0.403586,0.00130754,0.959614,
542,0.0105105,0.28345,0.354103,0.17395,0.0481241,0,-0.0229265,-0.000476296,0.413153,0.960745,-0.00419847,-0.0117433,0.277154,-0.029511,0.600544,-0.383369,-0.523398,-0.358613,-0.569542,0.523692,0.542926,3.45465,-0.56751,1.407,0.288725,0.0963167,0.429851,6.19575,1.33966,2.14976,0.00222579,-6.91641,-0.0702237,-0.000642829,1.10264,
543,0.0125561,0.530971,-0.0335111,0.0279934,-0.0712365,0,0.166272,0.0168949,0.471727,0.961837,0.00645203,-0.00964699,0.273378,0.337754,0.697572,-0.26873,-0.523681,-0.561054,-0.572745,0.523689,0.648594,3.23535,-0.294784,0.932091,0.667433,-0.152008,-0.958206,8.48157,2.53207,2.44099,-0.0105745,0.425106,-0.060558,-0.000109526,3.1058,
544,0.0173684,0.114799,-0.0995419,-0.10566,-0.236085,0,0.298713,0.0284039,0.5083,0.964445,0.024089,-0.012046,0.262909,0.576662,0.82599,-0.163346,-0.524175,-0.507311,-0.572545,0.523622,0.897174,2.78359,-0.24426,0.744121,0.234307,-1.33593,0.48375,-0.753926,2.61162,1.76798,0.00128955,1.63516,0.0749255,0.00149413,6.77958,
545,0.0241516,0.418682,-0.212453,-0.15944,-0.386436,0,0.275043,0.0253893,0.541123,0.957579,0.0363506,-0.0644084,0.278519,0.514184,0.934234,-0.119949,-0.523612,-0.373857,-0.563319,0.523702,1.24756,2.57445,-0.254242,0.407813,-0.109609,-2.27979,0.788016,-1.59579,1.72292,-0.0140631,0.0136037,3.69118,0.287075,0.000596937,5.90854,
546,0.0242806,0.0909461,-0.30159,-0.21412,-0.347575,0,0.223062,0.0197263,0.552256,0.957386,0.0306106,-0.075027,0.27721,0.397517,0.988489,-0.189742,-0.524099,-0.147688,-0.542686,0.523752,1.25423,2.16439,-0.253549,-0.016086,-0.446598,0.267763,-0.152203,-3.06134,0.464112,-2.7711,-0.0151675,5.3915,0.509198,0.000146956,-0.974751,
547,0.0236797,-0.0957498,-0.371682,-0.265287,-0.212031,0,0.116951,0.0100021,0.538165,0.958166,0.0162728,-0.0685922,0.277395,0.192906,0.971699,-0.388275,-0.524759,0.155541,-0.520472,0.523752,1.22319,1.96152,-0.377254,-0.535714,-0.527027,0.600111,0.229167,-5.10589,-1.12423,-5.1516,-0.0103699,6.72722,0.0517891,-3.70218e-05,-0.273033,
548,0.0231377,-0.301493,-0.395485,-0.302054,-0.0920025,0,-0.0392499,-0.00549686,0.509884,0.958093,-0.00547247,-0.0738435,0.276721,-0.123486,0.868195,-0.552803,-0.52491,0.505513,-0.522465,0.52377,1.19519,1.49985,-0.296009,-0.644222,-1.17141,-0.497559,-0.40057,-7.51955,-3.00042,0.275068,0.00112,7.27118,-0.0379763,-0.000145256,-0.849772,
549,0.0212639,-0.327248,0.0506537,-0.122222,-0.0689915,0,-0.323629,-0.0272321,0.472936,0.95431,-0.00940204,-0.0710457,0.290096,-0.563027,0.66628,-0.531072,-0.522845,0.552336,-0.52476,0.523725,1.0984,1.58214,-0.0587052,-0.598625,1.23531,0.612099,0.53861,-8.1146,-5.05959,0.27359,0.00976801,-0.93629,-0.0539995,0.000674874,-2.97286,
550,0.0173793,-0.270157,0.162577,0.0390803,0.0051317,0,-0.320528,-0.0267199,0.455287,0.956478,0.0137375,-0.068382,0.283347,-0.566187,0.48006,-0.524512,-0.523373,0.449745,-0.532827,0.523754,0.897736,1.40958,-0.453834,-0.520542,1.01788,-0.615341,-0.431902,1.73252,0.256119,0.0337244,-0.0141651,-3.18289,-0.253275,-0.000530979,-5.10961,
551,0.0116018,-0.148198,0.280106,0.0974273,0.120898,0,-0.245873,-0.0220969,0.440011,0.953645,0.00632699,-0.0629809,0.294201,-0.453341,0.520147,-0.523504,-0.523459,0.241912,-0.547944,0.523645,0.599298,1.80065,0.0525312,0.0192672,0.185184,1.66336,1.15782,2.7708,0.959974,-0.00858057,0.00463849,-5.09075,-0.333998,-0.00172456,-6.82856,
552,0.00933045,0.0403963,0.35807,0.158791,0.1515,0,-0.13844,-0.0130967,0.432004,0.946645,-0.00303037,-0.0369824,0.320135,-0.267104,0.585115,-0.501724,-0.523519,-0.0512433,-0.568108,0.52366,0.48197,1.99604,0.0760723,-0.358975,-0.250313,0.603159,1.03875,4.66401,1.62935,0.871929,-0.00217839,-6.62296,-0.470812,0.000626603,1.0071,
553,0.0104303,0.332218,0.369241,0.190596,0.0830228,0,0.0147981,0.00119024,0.423682,0.941773,-0.00320047,-0.0214862,0.335547,0.0219768,0.690116,-0.43245,-0.523525,-0.394639,-0.58945,0.523697,0.538782,3.05281,-0.0730633,1.09051,-0.119416,-0.794605,-0.236795,6.65086,2.25225,1.92825,-0.00202213,-6.93878,-0.123228,0.00175814,1.30742,
554,0.0128551,0.504128,-0.0358438,0.0341386,-0.0411499,0,0.209437,0.0196585,0.501144,0.948362,0.00804198,-0.0455438,0.313801,0.40923,0.825208,-0.321942,-0.524136,-0.56377,-0.586311,0.523704,0.664035,3.06201,0.124051,1.38722,0.42092,-1.276,-1.67701,8.91844,3.31561,2.48703,-0.0173783,0.710255,0.0856165,-0.000736148,3.66986,
555,0.0181043,0.08286,-0.117668,-0.115595,-0.220607,0,0.288021,0.0274011,0.558584,0.953982,0.0306328,-0.0702679,0.2899,0.567753,0.993007,-0.209213,-0.525089,-0.491832,-0.57857,0.523628,0.935186,2.71797,0.0944758,0.904384,0.521981,-1.16154,-0.582395,-1.02231,3.39924,2.03405,-0.0189693,2.15857,0.222878,0.000669815,7.14842,
556,0.0244261,0.332847,-0.226861,-0.172717,-0.373756,0,0.248185,0.0240232,0.589299,0.955844,0.0515598,-0.0887857,0.275356,0.496237,1.13758,-0.149876,-0.526081,-0.334316,-0.562754,0.523691,1.26174,2.56456,0.0397351,0.273672,0.691033,-0.442841,-0.734948,-1.83498,2.39113,0.352963,-0.025992,4.13155,0.40542,0.000944996,1.81038,
557,0.0240311,0.0557697,-0.305366,-0.228583,-0.337055,0,0.189764,0.0176449,0.5942,0.964548,0.0592049,-0.0663288,0.248481,0.365062,1.22212,-0.199817,-0.527884,-0.0903918,-0.537234,0.523748,1.24134,2.26682,0.0468015,-0.110228,0.272477,1.27526,-1.31547,-3.40051,0.882803,-2.33664,-0.0381587,5.64019,0.5998,0.000332507,-0.62092,
558,0.0236528,-0.134324,-0.362107,-0.278484,-0.219953,0,0.0902864,0.00701534,0.581685,0.972256,0.0566442,-0.0350088,0.224242,0.143005,1.20984,-0.375274,-0.529531,0.218924,-0.519244,0.523779,1.2218,1.43907,-0.0426337,0.109887,-0.534949,-0.437984,-0.586629,-5.47027,-1.10269,-4.67314,-0.0184226,6.72496,-0.0627512,0.00290373,-0.0854231,
559,0.0231211,-0.323575,-0.154455,-0.220519,-0.0866465,0,-0.0881132,-0.00946423,0.57893,0.975314,0.0450874,-0.0540236,0.209313,-0.189839,1.10478,-0.560235,-0.53024,0.545587,-0.522627,0.523773,1.19433,1.54255,0.146454,-0.306092,-0.626568,-0.790339,-0.350008,-7.81748,-3.0823,0.0625691,-0.0106193,2.85586,-0.0397331,-0.00145778,-1.02464,
560,0.0210091,-0.319667,0.0569077,-0.081371,-0.0618523,0,-0.285439,-0.0281969,0.550719,0.974241,0.0323213,-0.0740375,0.210541,-0.575694,0.913552,-0.53402,-0.530674,0.538454,-0.526348,0.523743,1.08524,1.84604,0.149258,-0.83337,-0.821481,-0.502776,-0.231608,-3.04991,-4.55445,0.371206,-0.00548208,-0.926954,-0.110548,0.00121454,-3.32296,
561,0.0167378,-0.265677,0.163693,0.0123513,0.0184657,0,-0.266538,-0.0265885,0.496049,0.976539,0.0112395,-0.0871174,0.196612,-0.547042,0.676382,-0.525013,-0.5308,0.441868,-0.537017,0.523747,0.864603,2.03746,0.0196401,-1.35134,-1.02609,-0.154062,-0.419778,1.36132,-4.93014,0.0542989,-0.0016707,-2.92791,-0.312381,-0.000484952,-5.48536,
562,0.0106039,-0.15536,0.245586,0.0599363,0.137654,0,-0.257453,-0.0220527,0.435259,0.977613,0.00517154,-0.0635122,0.200529,-0.452141,0.488842,-0.518839,-0.526157,0.253822,-0.554999,0.523568,0.547749,2.53323,0.0608624,-0.547922,0.731601,2.80478,1.61164,2.40417,-0.129321,0.126875,0.297024,-4.42594,-0.323313,-0.0049184,-7.17245,
563,0.00960609,0.00565746,0.329887,0.124265,0.136677,0,-0.15013,-0.014241,0.403075,0.969687,-0.00753573,-0.01249,0.243913,-0.29027,0.520473,-0.487696,-0.52198,-0.00803618,-0.573868,0.523721,0.496208,2.80636,0.087771,-0.866127,-0.278118,1.79873,1.79174,4.05854,0.897595,1.11474,-0.0423165,-6.04728,-0.443491,-0.000522919,0.76742,
564,0.0103855,0.230614,0.320766,0.155685,0.066746,0,-0.0268966,-0.000505694,0.398873,0.965155,-0.00741632,-0.0062218,0.261498,-0.0428446,0.577726,-0.407083,-0.523314,-0.323891,-0.588297,0.523744,0.536466,3.60717,-0.93415,1.24962,0.151001,-0.065693,0.0445652,5.74925,1.29563,2.09139,-0.00451779,-6.46009,-0.0166593,-0.000852787,0.837049,
565,0.0119961,0.535363,-0.0176505,0.0287331,-0.0440424,0,0.147792,0.0155958,0.452391,0.967865,0.000106501,-0.0118336,0.25119,0.295573,0.668661,-0.292136,-0.523637,-0.572977,-0.588329,0.523703,0.619665,3.44789,-0.738921,0.832093,0.499621,-0.387149,-1.30612,7.79626,2.34634,2.5165,-0.0113709,-0.115628,0.00269438,-0.000275198,2.47162,
566,0.0162278,0.181727,-0.109132,-0.102805,-0.204838,0,0.288641,0.0288314,0.483147,0.973951,0.0163714,-0.020542,0.225233,0.570493,0.788184,-0.177645,-0.524202,-0.522678,-0.585273,0.523634,0.838254,3.14745,-0.675758,0.387066,0.556183,-0.452711,-0.373097,-0.0175274,2.43647,2.04845,-0.0123946,1.55675,0.116356,-0.000937891,6.23854,
567,0.022698,0.2743,-0.167053,-0.156011,-0.364367,0,0.301327,0.0249224,0.530144,0.97344,0.0203389,-0.0628807,0.219194,0.524,0.888873,-0.114433,-0.524517,-0.401208,-0.569965,0.523867,1.17248,2.22487,0.305682,1.5445,-1.08888,-1.1045,-0.984668,-1.3412,1.58929,0.524569,-0.0193502,3.17858,0.551882,0.00124532,7.05723,
568,0.0244698,0.117603,-0.276996,-0.219021,-0.371532,0,0.24746,0.020375,0.589645,0.977772,0.00253073,-0.0816216,0.193115,0.427718,0.937695,-0.154967,-0.525784,-0.19137,-0.538805,0.523784,1.264,1.9521,0.231347,0.869907,-0.841299,-0.262552,-0.95165,-2.49925,0.373602,-2.12456,-0.0280277,5.19586,0.696149,-0.00146094,-1.10681,
569,0.0237904,-0.0658241,-0.355639,-0.276103,-0.254076,0,0.15976,0.0120953,0.619198,0.980824,-0.0169907,-0.0890365,0.172535,0.255035,0.915608,-0.326273,-0.527056,0.106736,-0.518228,0.523754,1.2289,1.73349,0.170472,0.316824,-0.94075,0.0346584,-0.568167,-4.39213,-1.24488,-4.70732,-0.0220827,6.71679,-0.0825738,-0.000164864,-0.288474,
570,0.0232812,-0.277888,-0.392577,-0.320147,-0.084081,0,0.00622777,-0.00166685,0.621059,0.982593,-0.0391798,-0.086969,0.159415,-0.0240012,0.803989,-0.568791,-0.527961,0.463394,-0.522365,0.523751,1.2026,1.69286,0.2975,-0.22369,-0.809564,0.354374,-0.896541,-6.72908,-3.20215,-1.23963,-0.0156345,7.55509,-0.0443233,0.000406622,-0.757877,
571,0.0215876,-0.333108,0.0739526,-0.156878,-0.0683293,0,-0.204601,-0.0213668,0.59825,0.982214,-0.0627065,-0.081612,0.157046,-0.423815,0.588763,-0.541677,-0.528525,0.563119,-0.524749,0.523728,1.11512,2.13411,0.469654,-0.718439,-0.966141,0.525456,0.712787,-9.24112,-5.39119,0.643661,-0.00958364,-1.04524,-0.0537704,-8.69335e-05,-2.73019,
572,0.0178251,-0.284742,0.13583,-0.00535797,-0.00767505,0,-0.322691,-0.0279328,0.560836,0.981998,-0.0720418,-0.0618592,0.163286,-0.57677,0.492393,-0.518968,-0.527496,0.475556,-0.531059,0.523742,0.920763,2.30747,-0.038552,-0.722441,0.877497,1.5354,0.442735,1.32838,0.732912,0.280017,0.0625543,-2.45453,-0.197623,-0.000335507,-5.03144,
573,0.0120634,-0.181329,0.252614,0.0588732,0.100362,0,-0.280572,-0.0234737,0.511356,0.982716,-0.0567599,-0.0172514,0.175356,-0.487534,0.527631,-0.506706,-0.52441,0.297209,-0.545893,0.523718,0.623141,2.44643,-0.115229,-1.26807,0.96969,1.69654,0.672987,2.23412,0.66695,0.210479,0.0603948,-4.66171,-0.394062,-0.000283579,-6.85853,
574,0.00951264,-0.0126946,0.325934,0.121264,0.132041,0,-0.221151,-0.0149395,0.443647,0.98137,-0.0344958,0.000808705,0.189004,-0.333631,0.571,-0.477984,-0.523277,0.0187515,-0.569017,0.523705,0.491381,2.24308,-0.746789,-1.12688,1.8212,-2.01038,0.265845,3.86026,1.04744,0.931749,-0.00702073,-6.45382,-0.51023,0.000453635,0.691272,
575,0.0101577,0.211175,0.347225,0.161084,0.0744426,0,-0.0515532,-0.00220654,0.408095,0.978386,-0.00381574,-0.0127576,0.206358,-0.0890607,0.64141,-0.411664,-0.523333,-0.328252,-0.59041,0.523638,0.5247,3.53729,-1.25638,0.90689,0.132347,0.565749,0.669219,5.67602,1.54194,1.69224,0.00159823,-7.17751,-0.113014,0.0116684,0.628324,
576,0.0115156,0.527323,-0.0553678,0.00876047,-0.0195496,0,0.114787,0.0138824,0.464579,0.979827,0.00634493,-0.0163942,0.199075,0.246589,0.739206,-0.313843,-0.523668,-0.580145,-0.590387,0.52374,0.594844,3.5287,-1.13318,0.940874,0.791004,-0.517827,-1.3725,7.82539,2.48083,2.21766,-0.0137516,0.327224,0.00867187,-0.00112287,2.14766,
577,0.0154139,0.248195,-0.122596,-0.0978797,-0.168144,0,0.288052,0.0299512,0.501045,0.984905,0.0297094,-0.0287493,0.168087,0.580933,0.861575,-0.209261,-0.524301,-0.521354,-0.587315,0.523652,0.796213,3.30081,-1.03996,0.505361,0.821557,-0.641653,-0.620074,1.44689,2.41618,1.94626,-0.0136654,1.58778,0.110588,-0.0029276,5.87307,
578,0.021786,0.266182,-0.189178,-0.172206,-0.329957,0,0.291533,0.0264033,0.534832,0.985276,0.0450366,-0.0499179,0.157197,0.536486,0.961813,-0.144761,-0.525004,-0.396385,-0.573634,0.523831,1.12537,2.75405,-0.213813,1.3286,-0.352964,-1.68803,-0.49364,-1.57277,1.60634,0.665069,-0.014082,3.28308,0.509768,0.00403487,7.19286,
579,0.0243927,0.112763,-0.292655,-0.232252,-0.360022,0,0.232403,0.0210449,0.58541,0.984866,0.0436917,-0.0857258,0.144156,0.424927,1.00857,-0.172187,-0.525856,-0.183418,-0.544085,0.523784,1.26002,2.48036,-0.246562,0.682161,-0.234266,-1.07234,-0.425351,-2.87902,0.273825,-1.74264,-0.0211454,5.22117,0.670418,-0.00151004,-0.858982,
580,0.0238009,-0.0697592,-0.364824,-0.285251,-0.256509,0,0.134915,0.0117162,0.604716,0.983654,0.0397946,-0.110366,0.136603,0.230843,0.979207,-0.322766,-0.526868,0.113139,-0.518549,0.523754,1.22945,2.261,-0.301476,0.0925818,-0.42698,-0.82692,-0.0292317,-4.86748,-1.43556,-4.26086,-0.0187596,6.63011,-0.0110909,-0.000147779,-0.283341,
581,0.0232831,-0.276487,-0.39409,-0.323152,-0.0894492,0,-0.0300993,-0.00318432,0.594024,0.981488,0.0303713,-0.128159,0.139049,-0.0731678,0.856613,-0.560906,-0.527714,0.460917,-0.522167,0.523749,1.2027,2.20683,-0.218516,-0.488646,-0.40692,-0.574086,-0.115311,-7.25548,-3.44978,-2.01072,-0.0160213,7.28685,-0.0497986,0.00041342,-0.781004,
582,0.0215721,-0.331199,0.051871,-0.165412,-0.0673026,0,-0.253718,-0.0241433,0.559291,0.977507,0.0188093,-0.144155,0.152793,-0.498779,0.628821,-0.54273,-0.528318,0.559599,-0.525101,0.523729,1.11432,2.67044,-0.041669,-0.933341,-0.501195,-0.376963,1.30312,-9.74866,-5.64752,0.631774,-0.0100932,-0.948101,-0.0699866,-0.000117448,-2.74326,
583,0.0178094,-0.280841,0.134846,-0.00157579,-0.00532033,0,-0.325128,-0.0264633,0.504823,0.974725,0.0117815,-0.157671,0.157834,-0.562053,0.483965,-0.521961,-0.528063,0.468627,-0.53283,0.523747,0.919956,2.86624,-0.487051,-1.04716,1.3279,0.226979,0.311132,1.24607,0.729031,0.208952,0.0724238,-2.69754,-0.225866,-0.00116029,-5.02689,
584,0.0120636,-0.172893,0.263705,0.0598673,0.105146,0,-0.245601,-0.0234686,0.475244,0.977072,0.0100453,-0.111394,0.181163,-0.477984,0.5235,-0.513813,-0.52175,0.283064,-0.547232,0.523693,0.623153,3.12888,0.156833,-0.373134,-0.389726,2.8095,1.40262,2.11509,0.760842,0.108943,0.0311615,-4.71492,-0.351877,-0.000348353,-6.82699,
585,0.00952085,-0.0066786,0.342464,0.12138,0.139805,0,-0.181233,-0.0162494,0.45319,0.975176,-0.00913873,-0.0498737,0.215549,-0.327041,0.571921,-0.489843,-0.522938,0.00992759,-0.567972,0.523679,0.491805,3.34287,0.220285,-0.595474,0.224871,2.30808,1.29603,3.91091,1.17199,0.852935,-0.0274199,-6.22254,-0.484792,7.28713e-05,0.679163,
586,0.010182,0.214829,0.372143,0.17127,0.0810262,0,-0.0900193,-0.00296024,0.415663,0.971559,-0.00340122,-0.00996943,0.236562,-0.0755183,0.650525,-0.422114,-0.524331,-0.32622,-0.593997,0.523701,0.525958,3.41579,-0.419156,-0.597131,2.06481,-0.991579,-0.195107,6.05273,1.92932,1.86627,-0.034297,-7.19993,-0.53085,0.00127458,0.673904,
587,0.0116076,0.52947,-0.0323333,0.0189909,-0.0200381,0,0.137869,0.0143578,0.467237,0.975122,0.00802976,-0.00911042,0.221336,0.276394,0.752346,-0.315862,-0.526384,-0.576924,-0.594925,0.523717,0.599595,3.84967,-0.556766,1.15466,0.486901,0.068932,-1.56616,8.20531,2.51979,2.40019,-0.0487736,0.251758,0.0762213,-0.000554534,2.23103,
588,0.0155913,0.235361,-0.107487,-0.110489,-0.176,0,0.297955,0.0292356,0.51397,0.981911,0.0201313,-0.00701909,0.188138,0.585845,0.878518,-0.202652,-0.528755,-0.519242,-0.588517,0.523625,0.805377,3.56645,-0.47354,0.70606,0.478956,0.0527162,-0.632273,0.0966333,2.52968,2.10957,-0.0480835,1.64472,0.176425,-0.00208195,5.96623,
589,0.0220748,0.260644,-0.21408,-0.177274,-0.342745,0,0.282282,0.0261442,0.554654,0.981916,0.0280117,-0.0368861,0.183566,0.527852,0.982089,-0.132179,-0.530595,-0.385503,-0.574075,0.523728,1.14029,3.00245,-0.308675,0.788251,-0.126945,-2.1692,0.170819,-1.62253,1.6193,0.727237,-0.0281259,3.68986,0.398096,0.000561064,7.40542,
590,0.0245593,0.0950019,-0.313634,-0.234275,-0.370781,0,0.218131,0.020544,0.577338,0.978356,0.0350571,-0.0807193,0.187282,0.409245,1.02855,-0.15891,-0.532215,-0.154319,-0.550037,0.523741,1.26862,2.70274,-0.401014,0.119565,0.03881,-1.39443,0.243032,-3.10908,0.249485,-1.77658,-0.0366896,5.54246,0.562871,3.12867e-05,-1.13194,
591,0.0237587,-0.0955888,-0.380676,-0.283116,-0.261831,0,0.111957,0.0105898,0.567971,0.973032,0.0391589,-0.113296,0.197079,0.200076,0.997649,-0.313134,-0.534012,0.155278,-0.520603,0.523749,1.22727,2.49502,-0.519421,-0.494648,-0.150831,-1.19772,0.683553,-5.23954,-1.47258,-4.3721,-0.0347314,6.83098,0.258352,0.000123179,-0.463141,
592,0.0229794,-0.303217,-0.402544,-0.315211,-0.0855818,0,-0.0637004,-0.00525068,0.527467,0.965237,0.0363273,-0.139926,0.21776,-0.125014,0.873632,-0.557594,-0.53568,0.508623,-0.521656,0.523748,1.18701,2.45271,-0.486062,-1.09488,-0.17704,-0.947071,0.652912,-7.72594,-3.46925,-2.12433,-0.0329855,7.31005,-0.0617827,0.000423478,-1.13993,
593,0.0208309,-0.327807,0.0597327,-0.085455,-0.0527799,0,-0.311923,-0.0268765,0.470095,0.955404,0.0404152,-0.154545,0.248367,-0.549299,0.64646,-0.542083,-0.53527,0.553359,-0.525182,0.523733,1.07603,2.7282,0.12564,-0.612958,1.00217,1.62559,0.25086,-4.19271,-5.6143,0.650423,0.148354,-0.991131,-0.055782,0.0012591,-3.30482,
594,0.0165484,-0.272205,0.189435,0.022555,0.0187468,0,-0.286361,-0.0275158,0.462124,0.963543,0.0253188,-0.0885479,0.251203,-0.546135,0.483553,-0.519789,-0.524338,0.453358,-0.531864,0.523735,0.854815,2.81531,0.596276,-0.219577,-0.104306,2.56188,0.148843,1.05958,0.599548,0.242853,0.227192,-3.06539,-0.220187,-0.000354241,-5.51992,
595,0.01037,-0.154132,0.289145,0.0831574,0.132667,0,-0.247036,-0.0232477,0.437343,0.966133,0.00871219,-0.0266889,0.256512,-0.460196,0.524569,-0.504424,-0.522716,0.25176,-0.547691,0.523712,0.535667,2.97381,0.538136,-0.785111,0.0806228,2.58114,0.207915,2.36754,0.892994,0.370511,-0.0264433,-4.98336,-0.411357,-0.00026515,-7.23212,
596,0.00952956,0.0275339,0.346118,0.141292,0.121014,0,-0.18674,-0.0138876,0.392538,0.965398,-0.00299574,0.00574046,0.260701,-0.292239,0.583702,-0.462033,-0.523672,-0.0365599,-0.571658,0.52369,0.492255,2.8181,-0.178668,-0.653739,1.25892,-1.09756,0.108833,4.30753,1.44875,1.30482,-0.027698,-6.52834,-0.520486,0.000101499,0.906753,
597,0.0105215,0.298023,0.354481,0.17948,0.0439631,0,0.00407578,0.000293658,0.430804,0.96281,-0.00744239,-0.0248976,0.268926,-0.0293001,0.66877,-0.377573,-0.52233,-0.377332,-0.582906,0.523697,0.543493,3.50611,-1.01821,1.42489,-0.840226,-0.607953,0.319607,6.28159,2.03339,2.08634,-0.00845915,-7.18624,-0.0826354,-0.00054289,1.11174,
598,0.0126282,0.52908,-0.0704819,0.0166809,-0.0741293,0,0.178136,0.0177927,0.492237,0.963847,-0.00957145,-0.0495196,0.261639,0.342245,0.799593,-0.266605,-0.523729,-0.576059,-0.586199,0.523688,0.652318,3.2634,-0.698161,1.01426,0.256718,-1.24339,-1.12833,8.56672,3.19142,2.35804,-0.0366471,0.850255,-0.0533238,-0.000179297,3.22214,
599,0.0175451,0.106198,-0.136364,-0.119754,-0.237917,0,0.29888,0.029192,0.531462,0.965764,0.0079748,-0.0783983,0.247166,0.579353,0.958015,-0.165752,-0.525582,-0.501053,-0.585498,0.523626,0.906301,2.89081,-0.634686,0.589084,0.288048,-0.739929,-0.218932,-0.839213,3.14819,1.68092,-0.0423006,2.07266,0.0941268,0.000593809,6.89973,
600,0.0240657,0.425978,-0.243874,-0.180316,-0.381286,0,0.2638,0.0256897,0.551009,0.969915,0.0110937,-0.0729021,0.232005,0.508451,1.08938,-0.126262,-0.528098,-0.34794,-0.574338,0.523692,1.24313,2.7026,-0.597696,0.0611128,0.26845,0.698834,-0.745349,-1.89559,2.11792,-0.097153,-0.0557978,4.08133,0.323297,0.00078385,2.97477,
601,0.0240252,0.0622654,-0.338731,-0.238101,-0.336391,0,0.194966,0.0194889,0.555898,0.973016,0.0246426,-0.0572782,0.222152,0.372371,1.15818,-0.200742,-0.53132,-0.100949,-0.553756,0.523741,1.24103,1.55845,-0.837016,0.424134,0.212651,-0.522193,-0.274757,-3.53901,0.652448,-2.85908,-0.061235,5.78871,0.496042,0.000900795,-0.569163,
602,0.0237033,-0.132887,-0.395487,-0.28675,-0.203828,0,0.0720815,0.00824801,0.563323,0.972675,0.0307513,-0.066488,0.22031,0.137594,1.14615,-0.401566,-0.534264,0.216556,-0.525876,0.52375,1.22441,1.3455,-0.929808,-0.128165,0.110852,-0.296351,0.13658,-5.83237,-1.12015,-5.15562,-0.0560236,6.90261,0.619134,-5.56611e-05,-0.118073,
603,0.0231196,-0.325097,-0.181559,-0.224238,-0.0866084,0,-0.120624,-0.0093865,0.544663,0.972146,0.0339324,-0.0694888,0.221252,-0.218718,1.03861,-0.560246,-0.536936,0.548381,-0.521295,0.523751,1.19425,1.60096,-0.731517,-0.596542,0.0939643,-0.238241,0.308586,-8.39746,-3.1631,0.497873,-0.0492862,2.8416,-0.0644299,-0.00085864,-1.07276,
604,0.0209576,-0.319424,0.0331331,-0.0481509,-0.0621222,0,-0.29581,-0.026193,0.502553,0.96782,0.0345103,-0.0745673,0.237852,-0.568108,0.842752,-0.532088,-0.539199,0.538008,-0.526219,0.52375,1.08257,1.94569,-0.821963,-1.10351,-0.172671,-0.0891658,0.150134,-0.83239,-4.6557,0.319035,-0.0399827,-1.06786,-0.134457,0.00108536,-3.37823,
605,0.016635,-0.260392,0.163082,0.0203194,0.0204091,0,-0.235668,-0.02544,0.440547,0.968271,0.0163146,-0.070606,0.239166,-0.535616,0.606541,-0.524808,-0.541009,0.432605,-0.53775,0.523743,0.85929,1.97887,-0.33299,-1.09004,-2.14847,1.42658,0.0844954,0.947481,-4.80138,0.0445534,-0.0288609,-3.12183,-0.328042,-0.000503339,-5.53518,
606,0.0104671,-0.14841,0.243518,0.0651474,0.141326,0,-0.252281,-0.022216,0.399593,0.969803,-0.000138477,-0.00682235,0.243793,-0.460908,0.491629,-0.52027,-0.534053,0.242263,-0.555406,0.523651,0.540685,2.29298,-0.0947681,-0.708828,0.299193,3.18989,0.819906,2.03164,0.615526,0.141108,0.229532,-4.47732,-0.381148,-0.000124339,-7.17853,
607,0.00956464,0.0150981,0.30034,0.119307,0.137342,0,-0.133992,-0.0142933,0.380702,0.965579,-0.00378263,-0.00127944,0.260078,-0.320508,0.532624,-0.487458,-0.522696,-0.0206448,-0.576165,0.523678,0.494067,2.21646,-0.752234,0.266777,-1.66015,-1.79302,0.872902,3.53235,0.961699,1.15098,0.107193,-5.95201,-0.402492,0.000101003,0.844737,
608,0.0103943,0.239053,0.327628,0.156397,0.0668653,0,-0.0656249,-0.00358302,0.415553,0.958181,-0.000812573,-0.00360336,0.286139,-0.0968562,0.599865,-0.407522,-0.522854,-0.327809,-0.594061,0.523856,0.536924,2.58089,-0.664333,0.636384,0.54712,-0.0945578,0.827344,5.42967,1.72925,2.06581,-0.0271002,-6.43963,-0.373866,-0.000204929,0.891928,
609,0.0120834,0.539459,-0.0120801,0.0322078,-0.0446189,0,0.10432,0.0117126,0.436307,0.95514,0.014938,-0.00204992,0.295772,0.228086,0.712632,-0.293883,-0.524203,-0.579119,-0.612433,0.523741,0.624173,2.33221,-0.378756,0.249181,0.813224,0.31825,-0.769382,7.56427,2.77092,2.49879,-0.036063,-0.00530624,-0.344699,-0.00104749,2.57503,
610,0.0163208,0.190957,-0.064268,-0.0578,-0.205049,0,0.319455,0.0273176,0.47722,0.957423,0.0220345,-0.0209021,0.287086,0.574026,0.8535,-0.180088,-0.525762,-0.528762,-0.620479,0.523816,0.843059,1.54589,0.324796,1.24025,-0.788672,-1.70426,0.277346,2.49229,2.86129,2.04665,-0.0233902,1.33412,-0.0115332,-0.0110897,6.12951,
611,0.0227454,0.244618,-0.182533,-0.148911,-0.363477,0,0.296459,0.0257955,0.53418,0.954587,0.00918486,-0.0570216,0.292279,0.544003,0.982229,-0.117349,-0.527217,-0.409044,-0.614555,0.523684,1.17493,1.24873,0.363599,0.899647,-0.407697,-1.18007,0.491012,-1.28268,2.28332,0.470181,-0.0352137,3.49643,0.21995,-9.14769e-05,7.17353,
612,0.0245008,0.113464,-0.292057,-0.20541,-0.368877,0,0.242913,0.0214138,0.561718,0.949931,0.00723729,-0.0740815,0.303466,0.447703,1.06626,-0.160409,-0.529301,-0.184574,-0.599312,0.523728,1.2656,0.987643,0.190522,0.238496,-0.181778,-0.29671,0.525511,-2.55731,1.08734,-2.17118,-0.0449269,5.46373,0.391473,0.000619648,-1.1607,
613,0.023772,-0.077516,-0.371178,-0.256452,-0.249104,0,0.152417,0.0130724,0.559853,0.944141,0.00160241,-0.0806681,0.319511,0.26937,1.08154,-0.333521,-0.531468,0.125773,-0.57614,0.523749,1.22796,0.812274,0.00359847,-0.312721,-0.297434,-0.0845312,0.878566,-4.55935,-0.464212,-4.73297,-0.0411865,6.93832,0.535421,0.000182479,-0.32012,
614,0.0231917,-0.293868,-0.407639,-0.294439,-0.0776906,0,-0.00526521,-0.00103801,0.530696,0.936224,-0.00858642,-0.0805974,0.341928,-0.0208184,1.01164,-0.575574,-0.533396,0.491834,-0.547262,0.523753,1.19798,0.76711,0.0161209,-0.833854,-0.25438,0.188627,0.484288,-7.00907,-2.31426,-1.11302,-0.0372614,7.71056,0.623696,0.000478974,-0.872602,
615,0.0213327,-0.32637,0.0592784,-0.126453,-0.0621637,0,-0.263643,-0.0219914,0.481517,0.926517,-0.00907277,-0.0751738,0.368555,-0.436888,0.844796,-0.543187,-0.534165,0.55072,-0.519752,0.523739,1.10195,1.24139,0.463834,-1.04677,1.35876,0.434857,0.677527,-9.59333,-4.34297,0.692528,0.0238657,-0.786328,0.141605,0.000179824,-2.96186,
616,0.0174484,-0.279376,0.143364,0.0372835,-0.000685446,0,-0.326173,-0.0275272,0.442802,0.925681,0.021079,-0.0635219,0.372337,-0.569123,0.609854,-0.518026,-0.53021,0.466026,-0.523479,0.523759,0.901305,1.00362,-0.0591062,-0.816548,1.21549,-0.0677144,-0.156579,1.18963,-5.04985,0.289639,0.100741,-2.60322,-0.171648,-0.000401692,-5.08953,
617,0.0116616,-0.175968,0.268135,0.0959385,0.109072,0,-0.256039,-0.0247704,0.422465,0.918736,0.0133919,-0.0446976,0.392105,-0.486344,0.48981,-0.507685,-0.521598,0.288216,-0.533188,0.523686,0.602386,1.55313,0.688779,-0.0120317,-0.113014,1.59416,1.59507,2.11842,0.656031,0.106457,0.105565,-4.49039,-0.208167,-0.000567564,-6.85788,
618,0.00934193,-0.0175819,0.35364,0.161042,0.138431,0,-0.184862,-0.0175587,0.413405,0.904071,-0.003357,-0.0229749,0.426751,-0.334148,0.540181,-0.482464,-0.522587,0.0225539,-0.547721,0.523676,0.482563,1.71602,0.792584,-0.31437,0.220204,0.832664,1.38148,3.95273,1.34286,0.891365,-0.035993,-6.11598,-0.367693,1.26104e-05,0.980983,
619,0.0102344,0.222804,0.383746,0.200755,0.0736966,0,-0.0264075,-0.00522944,0.405201,0.894873,-0.00153612,-0.0160549,0.446029,-0.0826518,0.631064,-0.412845,-0.522851,-0.305173,-0.565284,0.523714,0.528663,2.92371,0.721589,1.09442,-0.778613,-1.03331,0.0044746,5.85003,2.05106,1.89995,0.0254098,-6.77739,-0.109863,0.00144203,0.886994,
620,0.0118653,0.532585,0.0437306,0.0751439,-0.0322081,0,0.133913,0.0117334,0.467706,0.901574,0.00758562,-0.0444652,0.430267,0.269841,0.763191,-0.305646,-0.52337,-0.567204,-0.566913,0.523709,0.612906,2.74915,0.811702,1.1251,0.506461,-0.803687,-1.74084,8.29269,3.30335,2.39154,-0.0219278,-0.306599,-0.0161601,-0.000288955,2.45499,
621,0.0160688,0.186326,-0.0519742,-0.0639377,-0.190398,0,0.303741,0.0273897,0.514516,0.917241,0.0272377,-0.0547773,0.393608,0.590491,0.93771,-0.19498,-0.524533,-0.524587,-0.564818,0.523655,0.830042,2.39798,0.756238,0.741092,0.317954,-0.20409,-0.97721,0.0786158,3.67588,2.01558,-0.0275223,1.36553,0.103148,-0.00138393,6.19452,
622,0.0225763,0.247008,-0.170085,-0.134337,-0.352266,0,0.275142,0.0246447,0.537925,0.925657,0.0366509,-0.0532719,0.372798,0.53301,1.10526,-0.131197,-0.525918,-0.403057,-0.554826,0.523678,1.16619,2.31924,0.730076,0.194627,0.315852,-0.0113577,-0.974079,-1.43923,3.03081,0.551978,-0.0276296,3.48095,0.29585,0.000697684,7.24331,
623,0.0244434,0.112624,-0.278735,-0.193882,-0.363258,0,0.252421,0.020358,0.556276,0.933548,0.0330168,-0.0833812,0.347052,0.431484,1.22835,-0.168229,-0.52665,-0.183194,-0.536043,0.523736,1.26264,1.61067,0.349925,0.211467,-0.977434,-1.19049,-1.06046,-2.61422,1.59212,-2.01131,-0.0122556,5.29836,0.451441,0.000404876,-1.05839,
624,0.023788,-0.0744782,-0.360863,-0.25357,-0.250093,0,0.16292,0.0119073,0.551377,0.939115,0.0191845,-0.117615,0.322275,0.252779,1.22119,-0.332449,-0.527121,0.120823,-0.518865,0.523749,1.22878,1.43852,0.217038,-0.40382,-1.12849,-1.01622,-0.741338,-4.51791,-0.989571,-4.53716,-0.00676466,6.8505,-0.0383272,7.66216e-05,-0.281485,
625,0.0232462,-0.289692,-0.403677,-0.298563,-0.0854903,0,-0.0290269,-0.00189167,0.521853,0.941707,0.0122305,-0.122516,0.313094,-0.0341728,1.12621,-0.565666,-0.525609,0.484373,-0.522367,0.523741,1.20079,1.37414,0.137879,-0.712312,0.438541,0.778282,-0.502385,-6.92354,-2.79415,-1.20787,0.0648631,7.69699,-0.0431644,0.000531866,-0.831668,
626,0.0214416,-0.337877,0.0913391,-0.120596,-0.0659849,0,-0.259387,-0.0223742,0.477359,0.939901,0.0159628,-0.102403,0.32534,-0.445636,0.934821,-0.54079,-0.522996,0.571936,-0.524603,0.523724,1.10758,1.70523,0.439052,-1.05701,0.967169,0.944912,1.00805,-9.51045,-4.84627,0.582264,0.00196839,-1.37456,-0.0442659,-2.07499e-05,-2.88893,
627,0.0175146,-0.276123,0.188624,0.0404296,0.00178112,0,-0.292456,-0.0289468,0.42256,0.938592,0.0225584,-0.0624336,0.338583,-0.57145,0.675888,-0.523616,-0.523347,0.460274,-0.530335,0.523741,0.904724,1.84394,0.716734,-0.590296,-0.403137,2.22196,0.712202,1.2974,-5.50217,0.0779534,-0.00023246,-2.98038,-0.148464,-0.000996192,-5.18649,
628,0.0116684,-0.163287,0.286981,0.10212,0.117844,0,-0.254638,-0.0242687,0.413938,0.933052,0.00268832,-0.0237723,0.358944,-0.474766,0.486915,-0.520935,-0.523464,0.267008,-0.540744,0.523707,0.602739,1.65922,0.724457,-0.347489,0.0884648,1.33601,0.880025,2.57289,0.129083,0.0612681,-0.00588085,-4.83301,-0.300386,-8.44023e-05,-6.90421,
629,0.00933941,0.0118344,0.368955,0.164268,0.147683,0,-0.175866,-0.0157547,0.38782,0.925784,-0.00580405,-0.00690237,0.377947,-0.297005,0.527346,-0.496257,-0.523564,-0.0151513,-0.559631,0.523686,0.482432,1.82112,0.791924,-0.629975,0.678074,0.688927,0.679,4.51731,1.19695,0.918628,0.00273742,-6.42982,-0.448318,-0.000427885,0.98514,
630,0.0103629,0.27449,0.377868,0.196517,0.0800281,0,-0.00692086,-0.00172576,0.415106,0.923248,-0.00605787,-0.014961,0.383865,-0.0237567,0.60579,-0.42602,-0.523417,-0.346059,-0.572477,0.523705,0.535303,3.29565,0.33949,1.39149,-0.251972,-0.899722,-0.221377,6.44139,1.972,1.92422,5.79935e-05,-6.87726,-0.127948,-0.000191832,1.10481,
631,0.0123793,0.536289,-0.00877093,0.050279,-0.0350413,0,0.187484,0.0165591,0.474258,0.929309,0.00216245,-0.0399405,0.367131,0.359823,0.73767,-0.316771,-0.523677,-0.582995,-0.578526,0.523694,0.639458,3.01515,0.540178,0.954774,0.252111,-1.16302,-1.64971,8.89153,3.29371,2.45608,-0.0116648,0.470244,-0.117655,-8.39272e-05,3.04212,
632,0.0171474,0.105682,-0.0955211,-0.1031,-0.205537,0,0.300335,0.0271338,0.512501,0.939555,0.0182797,-0.0577488,0.336999,0.578461,0.907215,-0.203929,-0.524489,-0.512662,-0.580657,0.523614,0.885757,2.58393,0.561651,0.586484,0.200601,-0.291643,-0.981191,-0.997941,3.48933,2.05956,-0.022446,2.03163,0.0373126,0.000479527,6.77565,
633,0.0239114,0.428841,-0.206469,-0.16259,-0.370217,0,0.27085,0.0237247,0.52878,0.946953,0.0261444,-0.0628477,0.31408,0.509726,1.05849,-0.140599,-0.525551,-0.359206,-0.573844,0.523687,1.23516,2.5032,0.605484,0.194368,-0.0211844,-1.20145,-0.699624,-1.69447,2.57387,0.483738,-0.0109975,4.07982,0.243972,0.0021292,5.88537,
634,0.0242108,0.0680996,-0.307735,-0.222619,-0.349665,0,0.226292,0.0183554,0.538906,0.951794,0.021103,-0.0999113,0.289242,0.388943,1.15396,-0.184173,-0.525993,-0.110439,-0.558239,0.523743,1.25062,1.8752,0.313049,-0.0838998,-0.785216,-1.26116,-0.868824,-3.1233,1.25909,-2.20554,-0.00889631,5.84156,0.389198,0.000339472,-0.845474,
635,0.0236444,-0.132004,-0.382515,-0.276121,-0.233563,0,0.0784188,0.00874055,0.523187,0.953357,0.0193192,-0.115625,0.278152,0.179566,1.17446,-0.353956,-0.525045,0.215099,-0.535979,0.523737,1.22136,1.72244,-0.0130338,-0.427503,0.801778,0.897765,0.342823,-5.24605,-0.425618,-4.53301,0.0777836,7.16379,0.501777,-0.000189482,-0.337345,
636,0.0228555,-0.330945,-0.152541,-0.203612,-0.0844801,0,-0.0953761,-0.00730688,0.491004,0.952375,0.0279394,-0.0834194,0.291964,-0.146188,1.1027,-0.555539,-0.523075,0.559127,-0.52065,0.523744,1.18061,1.91499,0.12389,-0.806809,0.677778,1.09128,0.770413,-7.75662,-2.42475,-0.365892,-0.00875095,2.80785,-0.0324569,-0.000522557,-1.2764,
637,0.0206078,-0.320981,0.0673599,-0.098872,-0.0534557,0,-0.285845,-0.0268541,0.461982,0.944731,0.0182822,-0.0964597,0.3128,-0.552061,0.947087,-0.534452,-0.523555,0.540855,-0.524591,0.523733,1.06451,1.44557,0.0327926,-0.731871,-0.263197,-0.204056,0.868853,-6.92098,-3.79662,0.372254,-0.00669615,-1.18141,-0.103418,0.000420192,-3.47439,
638,0.0161783,-0.261533,0.179273,0.0398092,0.0294894,0,-0.280969,-0.0276614,0.432252,0.9441,0.0222896,-0.0699379,0.321382,-0.558267,0.743549,-0.524564,-0.523484,0.434605,-0.533488,0.523731,0.835699,1.69091,0.333288,-0.409608,-0.627498,1.99113,0.782641,1.44457,-4.34719,0.0477436,-0.00117584,-3.03115,-0.24707,-0.000695068,-5.64686,
639,0.00991536,-0.146205,0.278857,0.100689,0.150661,0,-0.235653,-0.0228492,0.409106,0.93818,-0.00639647,-0.0154144,0.345746,-0.455864,0.538669,-0.517862,-0.523534,0.238599,-0.549272,0.523701,0.512183,1.91808,0.426347,-0.70411,-0.327871,2.30085,1.06105,2.65081,-3.84938,0.240007,-0.00193688,-4.84925,-0.407854,-9.24673e-05,-5.96692,
640,0.00959414,0.0295498,0.33802,0.154999,0.130282,0,-0.172243,-0.0135238,0.375797,0.932754,-0.00135137,0.00615486,0.360458,-0.277818,0.510789,-0.47778,-0.523547,-0.040442,-0.572283,0.5237,0.495591,2.21125,0.0208649,-0.403932,0.959384,-1.33869,0.0106791,4.37149,0.508005,1.35468,-0.000435733,-6.24909,-0.465383,0.000620365,0.843453,
641,0.0105142,0.281646,0.359941,0.189777,0.0523004,0,0.0126746,-0.000442268,0.402433,0.927309,-0.0100971,-0.00765278,0.374082,-0.0128144,0.556728,-0.389628,-0.523447,-0.362749,-0.586911,0.523675,0.543119,3.38708,-0.106745,1.03246,-0.824765,-0.825995,0.0115285,6.22938,1.33568,2.21198,-0.00283213,-6.76751,-0.197605,0.000995962,1.05854,
642,0.0125067,0.531941,-0.0186197,0.0468008,-0.0685879,0,0.183983,0.017151,0.444732,0.93248,-0.00792176,-0.0273256,0.3601,0.357036,0.656552,-0.271167,-0.523633,-0.559027,-0.596199,0.523689,0.646039,3.09327,0.108686,0.631579,0.340672,-0.748789,-1.40271,8.55143,2.64681,2.53058,-0.00665747,0.394584,-0.177891,-0.000116593,3.04212,
643,0.017245,0.137783,-0.0846586,-0.0905555,-0.235234,0,0.283531,0.0274515,0.473741,0.940152,0.016312,-0.0243532,0.339492,0.571251,0.792591,-0.160998,-0.524818,-0.507318,-0.599918,0.523677,0.8908,2.49835,0.165359,0.760218,0.807171,-1.19416,-0.038667,-0.805701,2.80894,1.8759,-0.0195835,1.60627,0.0380323,0.020033,6.64486,
644,0.0238341,0.413536,-0.158254,-0.138614,-0.386321,0,0.289794,0.023648,0.543929,0.941936,0.0211568,-0.0662566,0.328509,0.513515,0.913277,-0.110701,-0.525635,-0.387938,-0.585853,0.523889,1.23116,1.89356,0.760128,1.43418,-0.7978,-1.49979,-0.636075,-1.43729,2.02066,0.135705,-0.0183413,3.28206,0.429068,-0.0044318,5.839,
645,0.0241838,0.107734,-0.265885,-0.197724,-0.355139,0,0.236056,0.0190605,0.59794,0.945309,0.0149308,-0.0944428,0.311846,0.414099,0.986344,-0.174192,-0.52686,-0.175165,-0.560903,0.52377,1.24923,1.66243,0.619217,0.776312,-0.643775,-0.823429,-0.545819,-2.52755,0.911568,-2.65269,-0.025075,5.20799,0.572,-0.000891888,-0.79865,
646,0.0237454,-0.0748824,-0.342647,-0.2512,-0.226286,0,0.147307,0.0109043,0.621833,0.946383,0.00562153,-0.117462,0.300881,0.24204,0.994464,-0.368243,-0.528003,0.121482,-0.529515,0.523752,1.22658,1.47641,0.502816,0.173688,-0.702096,-0.679778,-0.212261,-4.33969,-0.575179,-5.08979,-0.0201626,6.64678,0.683318,-0.000106751,-0.180364,
647,0.023307,-0.283127,-0.375478,-0.292754,-0.0859202,0,-0.00162383,-0.00264913,0.616339,0.947016,-0.00645834,-0.135236,0.291255,-0.0318782,0.920153,-0.56684,-0.52888,0.472682,-0.520096,0.523756,1.20394,1.47073,0.653342,-0.369944,-0.659823,-0.467395,-0.863118,-6.58261,-2.38148,0.16575,-0.0172641,7.40511,-0.0893535,0.000204861,-0.719418,
648,0.0216303,-0.334311,0.0914066,-0.126645,-0.0734166,0,-0.214384,-0.0219277,0.587007,0.94362,-0.0219856,-0.150638,0.293949,-0.42186,0.749978,-0.53544,-0.529508,0.56534,-0.524964,0.523728,1.11733,1.79846,0.858946,-0.788185,-0.491928,-0.0525046,0.929575,-8.99219,-4.41046,0.429647,0.00474336,-1.13157,-0.103451,-0.000192061,-2.73613,
649,0.0178468,-0.282869,0.162252,0.0242167,-0.00430151,0,-0.331223,-0.0287554,0.549579,0.944152,-0.00935729,-0.11804,0.3075,-0.573092,0.511207,-0.524568,-0.525533,0.472226,-0.533595,0.523747,0.921886,2.06456,0.555779,-0.898228,1.36253,1.3967,0.15799,1.22508,-4.20114,0.0509841,0.0988849,-2.58977,-0.248597,-1.02167e-05,-5.05127,
650,0.012079,-0.174466,0.2823,0.0914554,0.110829,0,-0.295273,-0.0244006,0.493821,0.944573,0.0204276,-0.0821757,0.317193,-0.484037,0.50359,-0.522712,-0.523018,0.285694,-0.550746,0.523722,0.623947,2.23396,0.535746,-1.3776,1.72253,0.975636,0.350871,2.32728,0.778279,0.0194902,-0.00926042,-4.85213,-0.439972,-0.000314474,-6.8563,
651,0.00952231,-0.000973384,0.376127,0.154899,0.148816,0,-0.173742,-0.0173459,0.438587,0.935303,0.00271844,-0.0547857,0.34957,-0.320134,0.557819,-0.503399,-0.523346,0.00145017,-0.574267,0.523614,0.49188,2.93457,1.06997,-0.475305,0.0578973,2.78427,2.14737,4.21078,1.38972,0.667757,0.00444475,-6.41632,-0.446453,-0.00104784,0.674861,
652,0.0101973,0.228792,0.407378,0.206201,0.0953171,0,-0.0836736,-0.00362624,0.414331,0.9225,0.0023432,0.00471809,0.385961,-0.0492545,0.652408,-0.443718,-0.523556,-0.340561,-0.59763,0.523688,0.526749,3.44776,0.732487,-0.340689,2.39617,-0.90687,-0.176069,6.47947,2.31166,1.77216,-0.0106254,-7.26962,-0.473777,0.00278969,0.71783,
653,0.0117097,0.539513,-0.00693696,0.048346,-0.00618634,0,0.155869,0.0147809,0.462867,0.929092,0.0261225,0.0114047,0.368749,0.330531,0.784306,-0.339242,-0.524322,-0.589176,-0.60079,0.523721,0.604871,3.93536,0.751656,1.08105,0.950848,0.0409553,-1.708,8.87833,3.24885,2.41844,-0.0225072,0.560599,0.0214456,-0.000665464,2.36962,
654,0.0158653,0.201262,-0.0934582,-0.100357,-0.167801,0,0.306466,0.0272318,0.515523,0.939584,0.0464254,0.00376101,0.339135,0.581251,0.951532,-0.223208,-0.52517,-0.515902,-0.596853,0.523648,0.819531,3.06525,0.583832,1.27939,-0.0191526,-2.09009,-0.367888,-0.840008,3.44568,2.20987,-0.00380518,2.00749,0.139158,0.00118973,6.19298,
655,0.0224245,0.308931,-0.209644,-0.160315,-0.340898,0,0.274544,0.024047,0.566295,0.941866,0.0624263,-0.0439884,0.327195,0.514777,1.10123,-0.145651,-0.525292,-0.362491,-0.585108,0.52369,1.15835,2.96541,0.55964,0.74234,-0.0733671,-1.98607,-0.435595,-1.65236,2.54925,0.903875,-0.00152213,4.11221,0.32943,0.000422872,7.35015,
656,0.0244185,0.0706031,-0.299326,-0.219113,-0.366108,0,0.218126,0.0183122,0.5914,0.949265,0.064876,-0.0580153,0.302193,0.395627,1.19582,-0.162661,-0.526102,-0.114514,-0.56363,0.523742,1.26135,2.57681,0.531222,0.277372,-0.271957,0.369416,-1.39584,-3.10171,1.24531,-1.56825,-0.0255891,5.80364,0.524718,0.000308479,-1.00079,
657,0.0236969,-0.127659,-0.366345,-0.274012,-0.265307,0,0.109339,0.00847454,0.592263,0.959018,0.056162,-0.0466144,0.273782,0.18929,1.21615,-0.305809,-0.527273,0.207929,-0.534584,0.52375,1.22407,2.39498,0.424915,-0.237073,-0.28587,0.62272,-1.0113,-5.13441,-0.419518,-4.13707,-0.0204968,7.08381,0.63736,3.9403e-05,-0.470648,
658,0.0228182,-0.327917,-0.150821,-0.211048,-0.0935975,0,-0.0417213,-0.00691027,0.572776,0.965319,0.0424571,-0.0324044,0.255552,-0.128291,1.14503,-0.540937,-0.527998,0.553555,-0.518943,0.523752,1.17869,1.9855,0.404142,-0.194812,-1.17719,-0.375089,-0.534967,-7.54163,-2.40273,-2.28199,0.000811321,2.93951,-0.0908881,-0.000365223,-1.23238,
659,0.0205283,-0.32168,0.0727053,-0.132518,-0.0493566,0,-0.246446,-0.0264371,0.555281,0.968258,0.0122126,-0.0535459,0.243843,-0.523297,0.988803,-0.53812,-0.527796,0.542132,-0.524766,0.523737,1.0604,2.11657,0.613733,-0.62598,-1.3868,-0.267218,-0.280042,-8.25421,-3.83896,0.453943,0.00302157,-0.939127,-0.138642,-4.50971e-05,-3.51997,
660,0.0160643,-0.271731,0.159828,0.01034,0.0313448,0,-0.257167,-0.0279081,0.510836,0.973338,-0.0264986,-0.0660618,0.218053,-0.561581,0.777094,-0.523899,-0.527361,0.452519,-0.536565,0.523748,0.82981,2.41681,0.38429,-1.14984,-1.7805,0.118532,-1.05113,1.41469,-4.62263,0.0994495,0.0104777,-2.64521,-0.328267,-0.000505404,-5.68737,
661,0.00970602,-0.168878,0.243701,0.0611114,0.148911,0,-0.273188,-0.0226994,0.456773,0.976951,-0.0326554,-0.0260623,0.209335,-0.465128,0.553045,-0.509006,-0.523207,0.276349,-0.5573,0.523679,0.50137,2.45165,0.0706118,-1.16003,1.14566,2.30642,0.138457,2.44831,-4.33403,0.453763,0.0561781,-4.3846,-0.503939,0.000128258,-6.04228,
662,0.00952696,-0.0096919,0.330355,0.120683,0.11927,0,-0.193496,-0.0145187,0.391312,0.977266,-0.0136563,0.00968995,0.211353,-0.301336,0.499841,-0.459358,-0.523244,0.0125386,-0.58572,0.52367,0.49212,2.59807,-0.0662673,-1.4601,1.34542,0.396245,-0.00148977,4.07852,0.693067,1.51771,-0.0144188,-6.14621,-0.627776,0.000181508,0.962174,
663,0.0104367,0.224852,0.328419,0.155769,0.0372895,0,-0.0318133,-0.000692698,0.396021,0.975275,-0.00489003,0.00187109,0.220931,-0.0542066,0.546276,-0.365235,-0.523388,-0.308458,-0.604602,0.523654,0.539113,3.19868,-1.15049,0.981176,0.0981195,0.678326,0.790371,5.86579,1.23338,2.25163,-0.000372846,-6.73815,-0.236534,-0.000596792,0.884552,
664,0.0120748,0.534448,-0.0179506,0.0278647,-0.0760287,0,0.136524,0.0157149,0.435884,0.974648,0.00583187,0.00686715,0.223561,0.290243,0.63371,-0.247338,-0.523625,-0.570251,-0.615584,0.523682,0.623731,3.09087,-0.963068,0.576248,0.860706,-0.180244,-0.884812,7.92693,2.26981,2.47221,-0.00992968,-0.240648,-0.209533,0.000537646,2.48011,
665,0.0162823,0.200757,-0.0790703,-0.0987068,-0.229898,0,0.316092,0.0290979,0.475598,0.977895,0.0198869,-0.021125,0.207076,0.588927,0.749543,-0.140643,-0.523781,-0.526414,-0.621061,0.523755,0.84107,2.25317,-0.30299,1.24699,-0.291351,-1.16704,-0.157814,-0.019498,2.36466,1.79564,-0.0117358,1.23377,0.0650804,0.00481728,6.09655,
666,0.0227016,0.23648,-0.19424,-0.165441,-0.376036,0,0.293017,0.0260178,0.534881,0.976358,0.0143405,-0.0601189,0.207133,0.529891,0.846993,-0.0946836,-0.524203,-0.411229,-0.611051,0.523757,1.17266,2.09405,-0.174919,0.922039,-0.5717,-1.53129,0.0959614,-1.53866,1.53722,0.0582584,-0.00690437,3.39923,0.303112,-0.00158695,7.20245,
667,0.024487,0.118089,-0.300006,-0.223612,-0.368803,0,0.232212,0.0208155,0.563118,0.974029,0.00899725,-0.0866243,0.209005,0.419011,0.891584,-0.160126,-0.524898,-0.192174,-0.591764,0.523741,1.26489,1.80151,-0.280894,0.240803,-0.360882,-0.662904,0.182422,-2.8839,0.256776,-2.65413,-0.0176186,5.34462,0.469944,4.17783e-05,-1.13679,
668,0.0237874,-0.06807,-0.372999,-0.274505,-0.234465,0,0.132034,0.0115044,0.560495,0.970674,0.000811404,-0.102759,0.217329,0.223395,0.86301,-0.356809,-0.525711,0.11039,-0.564954,0.523749,1.22875,1.58592,-0.390331,-0.348938,-0.473916,-0.468168,0.597379,-4.92347,-1.38695,-5.19295,-0.0143,6.74684,0.60237,8.98949e-05,-0.294427,
669,0.0232655,-0.278,-0.39987,-0.310997,-0.0882417,0,-0.0359949,-0.00366099,0.528631,0.966633,-0.010206,-0.113299,0.229521,-0.0843868,0.744847,-0.56217,-0.526337,0.463591,-0.533167,0.523755,1.20179,1.59647,-0.258894,-0.902048,-0.415344,-0.277415,0.0599928,-7.35017,-3.32274,0.0218319,-0.0126049,7.38545,0.671709,0.00020523,-0.778151,
670,0.0215404,-0.332148,0.0586446,-0.147919,-0.0720405,0,-0.309331,-0.0251544,0.482103,0.963639,0.00709018,-0.0971912,0.248805,-0.516024,0.525635,-0.534796,-0.522986,0.561351,-0.520553,0.523723,1.11268,1.89431,0.0618076,-1.05804,1.6416,0.821868,1.24326,-9.88612,-5.43628,0.389714,0.0454543,-1.00883,-0.066301,-9.70591e-05,-2.76759,
671,0.0177597,-0.275216,0.184859,0.0286976,-0.00221543,0,-0.270003,-0.0283205,0.431103,0.963182,0.0246113,-0.078329,0.256007,-0.567475,0.497777,-0.52504,-0.523219,0.458669,-0.527965,0.523749,0.917386,2.19423,0.459402,-0.709393,-1.33597,1.53229,0.312119,1.53524,0.756575,0.0562277,-0.011406,-3.06062,-0.224821,-0.000625861,-5.02821,
672,0.0120252,-0.163337,0.27863,0.0847928,0.112515,0,-0.245665,-0.0234942,0.408649,0.960739,-0.00131415,-0.0142727,0.277083,-0.460319,0.539765,-0.523619,-0.523435,0.267092,-0.540909,0.523698,0.621168,2.47896,0.680909,-0.617077,0.0165134,3.03036,1.01783,2.75976,0.923131,0.0176182,-0.00523059,-4.69681,-0.343511,0.000164987,-6.79877,
673,0.00951409,0.00374006,0.324356,0.140593,0.147982,0,-0.127999,-0.0131055,0.39227,0.955744,0.00640343,-0.0085706,0.294004,-0.27914,0.597899,-0.501902,-0.523574,-0.00551404,-0.559252,0.52371,0.491455,2.57755,-0.265405,0.143838,-0.971403,-1.40737,0.95045,4.47402,1.37777,0.824135,0.000200533,-6.14246,-0.32267,-0.000557571,0.694803,
674,0.0102066,0.214144,0.338989,0.17251,0.0891975,0,-0.0019008,8.59817e-05,0.435197,0.949528,-0.00326787,-0.0244638,0.312711,-0.00992593,0.685735,-0.434931,-0.523411,-0.318607,-0.569506,0.523686,0.527228,3.19919,-0.336928,1.086,-0.146877,-0.144169,0.592525,6.36089,2.17839,1.85134,-0.00310327,-6.47664,-0.171214,-0.0004817,0.713373,
675,0.0116439,0.525209,0.00854842,0.0513027,-0.0129589,0,0.177785,0.0177739,0.480259,0.948942,0.0065699,-0.0375275,0.313142,0.3614,0.822499,-0.327339,-0.523706,-0.567269,-0.577187,0.52369,0.60147,3.03957,-0.135255,0.692947,0.709355,-0.981322,-0.983555,8.49031,3.28796,2.46036,-0.0120248,-0.230784,-0.139862,0.000215154,2.23912,
676,0.0156111,0.238851,-0.0864549,-0.0988583,-0.171617,0,0.278827,0.0278843,0.507418,0.95523,0.0275872,-0.0414984,0.291639,0.573458,0.991901,-0.209878,-0.524684,-0.521697,-0.579733,0.523644,0.806402,2.54922,-0.0280586,0.427888,1.07197,0.327292,-0.64331,-0.869411,3.47528,2.23092,-0.034137,1.52599,0.0409713,-0.00506192,5.92388,
677,0.0219689,0.289729,-0.146971,-0.142964,-0.340894,0,0.292014,0.0236573,0.534036,0.956745,0.059101,-0.0396401,0.282089,0.512654,1.14226,-0.132105,-0.52639,-0.399733,-0.570415,0.523752,1.13481,2.05213,0.729818,1.7376,-0.919315,-1.50725,-1.19359,-1.48021,2.57151,0.942147,-0.0204392,3.05887,0.510254,0.011691,6.95309,
678,0.0244232,0.122423,-0.2509,-0.204045,-0.375017,0,0.244835,0.0188646,0.611573,0.964525,0.0449765,-0.0785164,0.248,0.413424,1.23414,-0.147636,-0.527446,-0.199298,-0.540486,0.523802,1.26159,1.79388,0.716055,1.21951,-1.0504,-1.0802,-1.27932,-2.48403,0.345077,-1.54977,-0.0228894,4.97857,0.665649,-0.0018241,-0.9198,
679,0.0238052,-0.0541358,-0.33082,-0.261249,-0.276398,0,0.159811,0.0108676,0.657747,0.969671,0.0267463,-0.107903,0.217667,0.246165,1.20682,-0.291458,-0.528479,0.0877372,-0.519767,0.523758,1.22967,1.60088,0.643402,0.626957,-1.14553,-0.889411,-0.932995,-4.19179,-1.29921,-4.18219,-0.0179126,6.49116,-0.038506,-0.000313993,-0.291698,
680,0.0233342,-0.260778,-0.371584,-0.305606,-0.100543,0,0.015061,-0.00202738,0.673317,0.971652,0.00552261,-0.131215,0.196582,-0.0188748,1.09529,-0.545991,-0.529214,0.433279,-0.522632,0.523746,1.20534,1.44282,0.659055,0.00513078,-1.06337,-0.591797,-0.677383,-6.38511,-3.14693,-4.83817,-0.0113993,7.32792,-0.0340781,0.000108059,-0.677812,
681,0.021776,-0.332625,0.082043,-0.150005,-0.0664479,0,-0.18822,-0.0209054,0.663515,0.971274,-0.0154023,-0.151758,0.182647,-0.397462,0.885604,-0.550058,-0.529644,0.562228,-0.524483,0.523731,1.12485,1.96109,0.954977,-0.433342,-1.07964,-0.482782,0.241847,-8.74917,-5.22886,0.821816,-0.00662545,-0.907828,-0.0441677,-0.000172423,-2.5303,
682,0.0182072,-0.289774,0.146107,-0.0161894,-0.0139575,0,-0.26423,-0.0284245,0.630209,0.970503,-0.0438019,-0.16476,0.170468,-0.560152,0.60273,-0.521111,-0.529792,0.484517,-0.530614,0.523756,0.940504,2.24023,0.732077,-0.902981,-1.42971,-0.0740285,-0.699235,0.792213,-6.07588,0.334192,-0.000261964,-2.19292,-0.198911,-7.92394e-05,-4.82548,
683,0.0126083,-0.200276,0.235034,0.0369229,0.0875573,0,-0.295876,-0.0248428,0.589629,0.974695,-0.0365887,-0.14216,0.168587,-0.496257,0.493393,-0.503947,-0.52654,0.329174,-0.544877,0.523708,0.65129,2.20178,0.446197,-0.886861,1.47122,1.271,0.257128,1.76647,0.692189,0.319668,0.0967658,-4.00257,-0.376089,-0.000117297,-6.71938,
684,0.00924755,-0.0579854,0.333194,0.102391,0.133539,0,-0.219301,-0.0184628,0.534866,0.976872,-0.0102629,-0.115982,0.179341,-0.367422,0.534378,-0.472338,-0.522687,0.080017,-0.567755,0.523691,0.477687,2.38217,0.370593,-1.28332,0.967887,0.290509,0.333192,3.3755,0.942982,0.93944,0.000292609,-5.9489,-0.536285,-0.000245507,0.828634,
685,0.0100129,0.149686,0.377534,0.15198,0.0759602,0,-0.0867057,-0.00769838,0.495174,0.975596,-0.011838,-0.0684209,0.208303,-0.142911,0.598419,-0.409598,-0.523213,-0.238685,-0.592213,0.523585,0.517221,3.35328,0.450573,-0.374332,0.385583,3.3198,1.71754,5.59069,1.61823,1.56168,-0.00980494,-6.80573,-0.459541,0.0151903,0.565509,
686,0.0110818,0.485678,0.152204,0.0840221,-0.00759593,0,0.0512834,0.00905096,0.463937,0.971218,-0.0168153,0.00302568,0.237578,0.197248,0.704384,-0.318495,-0.523659,-0.56678,-0.615597,0.523768,0.572438,3.50691,0.312147,-0.581981,2.34965,0.391916,-0.94222,7.87535,2.55493,2.13797,-0.0203958,-2.54812,-0.445957,0.00130211,1.65326,
687,0.0143342,0.376578,-0.0281933,-0.061326,-0.143079,0,0.33724,0.0268864,0.458047,0.979162,0.0290762,-0.00745485,0.200852,0.582964,0.842947,-0.214862,-0.524412,-0.544264,-0.63005,0.523917,0.740441,2.07394,0.838235,1.24753,-1.42147,-0.652119,-0.398216,2.92746,2.9887,1.94405,-0.00832445,0.989337,0.0818623,0.00564387,4.90614,
688,0.0201741,0.171486,-0.161894,-0.161489,-0.299026,0,0.300206,0.0256003,0.54702,0.978267,0.0201376,-0.0345862,0.203452,0.549122,0.972258,-0.14722,-0.525915,-0.439322,-0.617002,0.520838,1.04211,1.4606,0.626899,1.61618,-0.463462,-1.10831,0.175092,-1.38359,2.28319,0.796643,-0.0306636,3.27105,0.362231,-0.0223944,7.25808,
689,0.0244629,0.138136,-0.272025,-0.218419,-0.36693,0,0.245811,0.0210291,0.611661,0.976715,0.0148134,-0.0547688,0.206904,0.451814,1.05399,-0.162589,-0.52763,-0.225264,-0.594787,0.523483,1.26365,1.20151,0.537263,0.956807,-0.217293,-0.238687,0.115232,-2.50121,0.995857,-1.39388,-0.0402684,5.27812,0.524412,0.127896,-0.463688,
690,0.0238534,-0.0472702,-0.351942,-0.270137,-0.273558,0,0.158054,0.0128914,0.645692,0.97518,0.00866807,-0.058471,0.213379,0.279858,1.06242,-0.297403,-0.529617,0.0765683,-0.565262,0.524264,1.23216,0.986575,0.413141,0.409472,-0.300374,0.0298663,0.452912,-4.36096,-0.646091,-3.97796,-0.0381681,6.78271,0.656866,-0.0172109,-0.368072,
691,0.0233349,-0.262286,-0.393406,-0.30872,-0.103549,0,0.00923168,-0.000412785,0.652815,0.971823,-0.00158095,-0.0544551,0.229329,0.00272205,0.981107,-0.541551,-0.531398,0.435904,-0.530587,0.523811,1.20538,0.816476,0.323295,-0.113973,-0.325408,0.440653,0.739045,-6.69859,-2.59073,-4.68106,-0.0325906,7.58754,0.732146,-0.0028261,-0.70024,
692,0.0217512,-0.334654,0.0768516,-0.13905,-0.0672421,0,-0.200551,-0.0202023,0.635966,0.965652,-0.0151895,-0.0474806,0.255012,-0.395178,0.797972,-0.548147,-0.532808,0.565971,-0.520132,0.523736,1.12357,1.29082,0.60346,-0.586046,-0.489453,0.466296,1.77192,-9.20702,-4.72134,0.753529,-0.0249719,-1.0193,-0.0880971,-0.000483583,-2.56092,
693,0.0181465,-0.287621,0.145876,0.0105556,-0.011761,0,-0.279945,-0.028047,0.593962,0.958207,-0.0363211,-0.0380025,0.281203,-0.564073,0.541936,-0.522531,-0.533842,0.480676,-0.528288,0.523757,0.937369,1.59908,0.394948,-1.0963,-0.806775,0.687549,0.663823,0.89808,-5.51111,0.268554,-0.0177492,-2.38479,-0.236616,-0.000148405,-4.86856,
694,0.0125356,-0.19097,0.248034,0.0694785,0.094001,0,-0.251701,-0.024611,0.529097,0.952905,-0.0519473,-0.0363808,0.296562,-0.493879,0.502984,-0.511325,-0.534731,0.313439,-0.544626,0.523723,0.647535,1.7526,0.377112,-1.53517,-0.479777,0.147486,0.730483,1.90185,0.628243,0.176051,-0.0174695,-4.28841,-0.419493,-0.000452771,-6.71474,
695,0.00921434,-0.0438575,0.331939,0.128363,0.142594,0,-0.234607,-0.0180548,0.450972,0.949015,-0.0363281,-0.0179488,0.312616,-0.356438,0.546741,-0.484904,-0.531502,0.058916,-0.568981,0.523683,0.475972,1.85159,0.444888,-1.61644,1.8962,0.565306,0.628524,3.58388,1.12057,0.872526,0.138375,-5.88058,-0.555683,-0.00031403,0.883212,
696,0.0100866,0.184865,0.350543,0.168305,0.0787948,0,-0.063458,-0.00554259,0.396374,0.947771,0.000429391,-0.0193998,0.318361,-0.128564,0.61775,-0.415979,-0.522912,-0.26464,-0.591774,0.523713,0.52103,3.13446,-0.415132,0.909726,-0.268324,-0.453368,0.447836,5.28943,1.49502,1.84987,0.295429,-6.75548,-0.0818729,-0.000266089,0.780491,
697,0.0114833,0.516998,0.0764391,0.0731444,-0.0206568,0,0.103276,0.00973337,0.461529,0.945441,-0.00511228,-0.02124,0.325059,0.188974,0.715342,-0.311255,-0.522245,-0.565296,-0.589796,0.523693,0.593174,3.28989,-0.331056,1.30088,-0.035643,-0.131236,-0.644699,7.45549,2.45962,2.36315,-0.0557115,-1.55542,0.083143,0.000327842,2.0927,
698,0.0152927,0.248969,-0.0745684,-0.0442577,-0.172376,0,0.286713,0.0269429,0.5155,0.95175,-0.00103775,-0.0280009,0.305592,0.547597,0.84849,-0.199258,-0.525006,-0.535446,-0.583833,0.523662,0.789956,3.03941,-0.21409,0.849257,0.121592,-0.31724,-0.304941,3.10673,2.86311,2.0931,-0.055519,1.20489,0.152587,-0.003944,5.74633,
699,0.0215977,0.202338,-0.185719,-0.134774,-0.336074,0,0.270115,0.0267019,0.545077,0.950795,0.00685952,-0.0296861,0.30832,0.540808,0.979865,-0.129056,-0.527903,-0.425199,-0.571502,0.523642,1.11564,2.82014,-0.266538,0.428504,0.721908,-0.473237,0.490526,-0.924277,2.38505,0.731314,-0.0601121,3.18864,0.347618,0.000507345,7.24624,
700,0.0242915,0.135503,-0.288669,-0.187616,-0.368761,0,0.257424,0.0233228,0.574447,0.944191,0.0141467,-0.075303,0.320365,0.46184,1.07151,-0.15438,-0.529982,-0.220881,-0.54948,0.523718,1.25479,2.20495,-0.535332,0.409547,-0.508815,-1.84718,0.511079,-2.23006,1.28862,-1.72347,-0.0408091,4.97576,0.523754,0.000803782,-0.699391,
701,0.0237854,-0.0421171,-0.374096,-0.242194,-0.267162,0,0.176198,0.0157887,0.579156,0.934462,0.0142745,-0.122497,0.334022,0.300087,1.09995,-0.305511,-0.531978,0.0682299,-0.521392,0.523745,1.22865,2.03625,-0.723327,-0.225226,-0.622062,-1.75334,0.829203,-4.22377,-0.140208,-4.3014,-0.0387213,6.57586,0.265413,0.000273289,-0.248656,
702,0.023392,-0.253581,-0.424824,-0.2843,-0.100907,0,-0.00799884,0.00280589,0.55522,0.920454,0.0154764,-0.15069,0.360301,0.0251663,1.0486,-0.547169,-0.532693,0.420709,-0.521842,0.52374,1.20833,1.98538,-0.939683,-0.588112,0.910526,0.0441261,1.25258,-6.74737,-1.89777,-2.23158,0.0365188,7.52459,-0.0543274,0.000301519,-0.567335,
703,0.0219612,-0.330597,0.0253768,-0.118338,-0.0771612,0,-0.25294,-0.0175569,0.519668,0.904205,0.0375088,-0.137596,0.402584,-0.381193,0.903823,-0.539753,-0.529875,0.55849,-0.523464,0.52373,1.13442,2.32064,-0.563635,-0.796142,2.1492,0.29628,1.81869,-9.48171,-3.87746,0.510876,0.0941019,-0.779477,-0.0109713,-4.38284e-05,-2.37948,
704,0.0185432,-0.284751,0.138872,0.0532141,-0.0172542,0,-0.294175,-0.0290242,0.475879,0.889897,0.061159,-0.109164,0.438664,-0.598501,0.692315,-0.526264,-0.52498,0.475567,-0.527401,0.523759,0.95786,2.14213,-0.0165223,-0.46699,-0.941911,2.20853,0.565483,1.57224,-4.5855,0.100212,0.109329,-2.4969,-0.158482,0.000156877,-4.6649,
705,0.0131244,-0.183498,0.251926,0.112025,0.0906798,0,-0.262608,-0.0243598,0.450443,0.892023,0.0119159,-0.0584045,0.448042,-0.495837,0.498399,-0.523919,-0.52297,0.300852,-0.540312,0.523727,0.677946,2.12735,0.1716,-0.667956,-0.034148,2.63319,0.285172,2.50719,-0.961406,0.0118488,-0.0140512,-4.48181,-0.349973,-0.000520859,-6.51397,
706,0.00930542,-0.0216482,0.339885,0.17041,0.155212,0,-0.188891,-0.0163188,0.406276,0.891165,-0.0129111,-0.0112057,0.453358,-0.327759,0.519734,-0.50656,-0.523484,0.0343443,-0.561685,0.523696,0.480677,2.28623,0.240815,-1.00481,0.541354,1.8393,0.153303,4.19941,0.965539,0.677042,-0.000802432,-6.15865,-0.498723,-0.000505561,0.559743,
707,0.0100703,0.201699,0.365861,0.202219,0.0982539,0,-0.0292279,-0.00364261,0.393747,0.894256,-0.00297915,-0.0106893,0.447418,-0.0706809,0.586489,-0.444292,-0.523491,-0.292408,-0.579239,0.523694,0.520187,3.64984,0.125005,1.26241,-0.386742,-0.75553,0.104097,6.00758,1.53693,1.78275,0.00251291,-6.75404,-0.0245161,-0.000871842,0.760597,
708,0.011506,0.517578,0.0405486,0.0839519,-0.00232949,0,0.151578,0.0134629,0.462079,0.896903,0.00129425,-0.0271612,0.441391,0.287033,0.694895,-0.338847,-0.523642,-0.556606,-0.577182,0.523686,0.594351,3.52271,0.280682,1.16357,0.141974,-0.744182,-1.14401,8.33681,2.84936,2.44589,-0.00972145,-0.558711,0.0409395,0.000281825,2.18914,
709,0.0154077,0.250877,-0.0631894,-0.0589442,-0.160756,0,0.299867,0.027934,0.50942,0.905992,0.0170527,-0.0438486,0.420672,0.583198,0.848989,-0.220228,-0.524176,-0.523359,-0.572618,0.523598,0.795896,3.17571,0.222998,0.712325,0.330368,-0.809199,-0.178032,-0.221,3.31429,2.2794,-0.0124619,1.25564,0.137779,0.000440184,5.83978,
710,0.0218099,0.219687,-0.179778,-0.121248,-0.334389,0,0.272442,0.025309,0.53197,0.906331,0.0324381,-0.057227,0.417417,0.528195,0.999859,-0.138156,-0.52477,-0.40786,-0.560802,0.523704,1.1266,3.09224,0.197009,0.185074,0.328427,-0.687145,-0.183762,-1.37217,2.72504,1.01668,-0.0115069,3.34886,0.333964,0.000136573,7.37587,
711,0.0244294,0.119685,-0.288613,-0.17779,-0.37413,0,0.236057,0.0211541,0.539652,0.907173,0.0405469,-0.0786595,0.411346,0.427992,1.11052,-0.149335,-0.525312,-0.194798,-0.540152,0.523743,1.26191,2.47389,-0.223125,0.0127099,-0.326574,-0.985922,-0.238308,-2.62454,1.70914,-1.44278,-0.0112395,5.15624,0.492064,0.000106357,-0.919303,
712,0.0238069,-0.0612298,-0.366006,-0.232084,-0.278729,0,0.144494,0.0126701,0.525674,0.90614,0.041257,-0.103227,0.408109,0.246949,1.16118,-0.287801,-0.525846,0.0992648,-0.519089,0.52375,1.22976,2.34004,-0.40352,-0.56921,-0.469311,-0.813343,0.119081,-4.60092,0.327505,-4.07506,-0.0095746,6.59504,0.0104454,8.80963e-05,-0.295113,
713,0.0233038,-0.268554,-0.407346,-0.271385,-0.106218,0,-0.0441302,-0.00105499,0.485298,0.900369,0.0399188,-0.110836,0.418877,-0.0449262,1.13434,-0.536663,-0.525332,0.446927,-0.522231,0.523739,1.20377,2.26916,-0.668239,-0.920247,0.827888,0.899102,0.958236,-7.05825,-1.38778,-4.75225,0.0575711,7.30631,-0.0468426,-5.99866e-05,-0.747605,
714,0.0216836,-0.335178,0.0521196,-0.10412,-0.066626,0,-0.265067,-0.0220295,0.440399,0.889237,0.0480043,-0.0951226,0.444864,-0.463066,1.0169,-0.547046,-0.523137,0.566942,-0.524324,0.523728,1.12008,1.80035,-0.267604,-0.333111,0.825175,0.616316,0.789119,-9.65481,-3.29614,0.71143,0.00591055,-1.08394,-0.0311379,-0.000153549,-2.55719,
715,0.0180988,-0.281743,0.156946,0.0626178,-0.00948793,0,-0.29986,-0.0281017,0.446316,0.89196,0.0246385,-0.0692295,0.446103,-0.579714,0.836636,-0.52445,-0.523387,0.470226,-0.529088,0.523756,0.934905,1.65441,-0.0230731,0.0461122,-0.251123,1.60817,-0.342345,1.56966,-3.90205,0.198216,-0.00486976,-2.82953,-0.168927,-0.000379588,-4.84613,
716,0.0125239,-0.169681,0.265368,0.120309,0.0977548,0,-0.249722,-0.0229978,0.435346,0.897012,0.00256355,-0.0349594,0.440614,-0.474791,0.657711,-0.516538,-0.523622,0.277684,-0.54247,0.523725,0.646929,1.81641,-0.0306353,-0.489924,-0.132509,1.64561,-0.178035,2.61835,-3.26037,0.119008,-0.00454345,-4.85578,-0.364206,-0.000389027,-6.65819,
717,0.00924072,0.00341041,0.346185,0.174508,0.147309,0,-0.179771,-0.0145425,0.40116,0.900213,-0.0141847,-0.00893088,0.435126,-0.298866,0.520976,-0.49276,-0.523317,-0.00464449,-0.564208,0.523694,0.477335,1.95907,0.019039,-0.755757,0.804835,1.13577,-0.374443,4.39876,-1.86541,0.828736,0.0243649,-6.4147,-0.496274,-0.00059251,0.852922,
718,0.0101801,0.258551,0.371417,0.204292,0.083117,0,-0.00158609,-0.00147226,0.388847,0.904717,-0.00901968,-0.00185446,0.425914,-0.0292732,0.517864,-0.425149,-0.523263,-0.342256,-0.585002,0.523693,0.52586,3.11758,0.0301944,0.897526,-0.601918,0.195989,0.175349,6.26593,0.59551,1.85015,-0.00191198,-6.92361,-0.233164,-0.00261226,0.980396,
719,0.012028,0.540263,-0.0173456,0.0579092,-0.0268383,0,0.179544,0.0163247,0.426116,0.911178,-0.0105053,-0.0125424,0.411687,0.342548,0.583013,-0.318377,-0.523708,-0.580882,-0.595718,0.523688,0.621312,2.92485,0.181705,0.536619,0.202568,-0.660318,-1.71318,8.61943,2.01379,2.42457,-0.0155697,0.414371,-0.205177,0.000221216,2.81603,
720,0.0165728,0.171128,-0.0908144,-0.0868283,-0.193284,0,0.300081,0.0278785,0.450403,0.923971,0.0042366,-0.0263417,0.381532,0.582877,0.690915,-0.205573,-0.52472,-0.514821,-0.601436,0.523413,0.856077,2.07574,0.246732,1.28298,0.313146,-1.52536,-0.516283,-0.912228,2.2495,2.08099,-0.0326243,1.76399,0.0947061,0.0366764,6.37546,
721,0.0231029,0.296042,-0.190796,-0.143427,-0.357243,0,0.280196,0.0241344,0.523946,0.926476,0.0173593,-0.0731242,0.368774,0.514275,0.785011,-0.138501,-0.526169,-0.379661,-0.58805,0.524349,1.19339,1.75865,0.493317,1.23819,-0.341907,-2.04637,-0.492341,-1.68114,1.51597,0.605806,-0.0258607,3.72421,0.368897,-0.0192413,7.19564,
722,0.0241677,0.0905515,-0.293151,-0.202079,-0.355081,0,0.216591,0.0187365,0.567301,0.927688,0.0273799,-0.108082,0.356318,0.397047,0.832569,-0.173812,-0.527822,-0.147037,-0.565944,0.523823,1.2484,1.52463,0.320328,0.54839,-0.171867,-1.21721,-0.397007,-2.99429,0.395889,-1.9972,-0.0349227,5.56053,0.518435,-0.00361684,-0.725636,
723,0.0237458,-0.100429,-0.361246,-0.252809,-0.247062,0,0.114094,0.00927024,0.579251,0.925996,0.0323174,-0.13657,0.350479,0.197295,0.814713,-0.335937,-0.529501,0.163197,-0.537207,0.523755,1.2266,1.36357,0.183403,-0.0777218,-0.30522,-1.06156,0.0373833,-4.97906,-1.09852,-4.46801,-0.0318748,6.83878,0.630765,-0.00031666,-0.181217,
724,0.0232159,-0.308067,-0.38263,-0.287568,-0.0839984,0,-0.0519585,-0.00587959,0.559826,0.92115,0.0311737,-0.160588,0.353162,-0.111387,0.714522,-0.566973,-0.530991,0.517378,-0.519002,0.52375,1.19923,1.32104,0.279564,-0.653711,-0.360462,-0.827175,-0.173191,-7.32867,-2.8924,-1.17984,-0.028765,7.33637,-0.0701617,0.000384626,-0.905697,
725,0.0212708,-0.32916,0.0873523,-0.100641,-0.0624031,0,-0.321179,-0.0273435,0.524342,0.914004,0.0440512,-0.168918,0.366229,-0.538684,0.520696,-0.540991,-0.529733,0.555847,-0.523665,0.523729,1.09875,1.61669,0.708644,-0.766891,1.67645,-0.0577805,0.340943,-7.97317,-3.96934,0.619785,0.086776,-1.14625,-0.0988872,0.000521093,-3.10362,
726,0.0171821,-0.267895,0.213253,0.0531016,0.00628177,0,-0.266626,-0.0290088,0.495067,0.914157,0.0624094,-0.158301,0.367918,-0.558878,0.506292,-0.520336,-0.524141,0.445769,-0.532907,0.523735,0.887551,1.79868,1.11567,-0.275426,-1.29243,0.871444,0.666381,1.42278,0.512338,0.164693,0.129844,-3.20509,-0.271608,-0.000925505,-5.32304,
727,0.0111971,-0.153186,0.303155,0.110556,0.124237,0,-0.244023,-0.0243327,0.501994,0.911164,0.0343705,-0.113588,0.394583,-0.451808,0.540976,-0.516443,-0.523017,0.25019,-0.547044,0.523693,0.578394,2.04716,1.42379,0.046498,0.137552,2.40921,1.23903,2.86251,0.871692,0.0738648,-0.0160414,-4.74156,-0.361926,0.000195168,-7.02338,
728,0.00938807,0.020276,0.38153,0.17429,0.142484,0,-0.127782,-0.0149944,0.49527,0.903168,0.00937112,-0.07889,0.421872,-0.256859,0.604055,-0.489907,-0.523504,-0.0257412,-0.569074,0.523683,0.484946,2.23538,1.49723,-0.339053,-0.471843,1.19522,1.11952,4.91858,1.64007,0.977802,-0.00489277,-6.28007,-0.516357,-0.000131762,1.00405,
729,0.0104045,0.279886,0.413343,0.219126,0.0724952,0,0.0186877,-0.000173696,0.467463,0.895959,-0.00680028,-0.0508144,0.441168,0.0526662,0.715881,-0.416133,-0.52325,-0.35491,-0.596675,0.523672,0.537452,2.29246,1.62011,-0.788171,0.418094,1.37401,0.617539,7.44223,2.8228,1.96498,-0.00239418,-6.88103,-0.587243,-0.000167211,1.0946,
730,0.0124642,0.533553,0.0269334,0.0676502,-0.0455221,0,0.204828,0.0201127,0.492208,0.906934,0.0191392,-0.0298085,0.419781,0.47396,0.874058,-0.303882,-0.524638,-0.581621,-0.606754,0.523726,0.643843,3.02288,1.71906,1.20775,2.10132,0.067799,-2.39292,9.55828,3.63587,2.50707,-0.0503127,0.520397,0.0537437,-0.00071732,3.12028,
731,0.017297,0.103221,-0.0710648,-0.104857,-0.216696,0,0.260929,0.0256802,0.540609,0.921259,0.0665928,-0.00256179,0.383197,0.583946,1.06369,-0.19123,-0.527191,-0.508258,-0.600574,0.523637,0.893487,2.68408,1.58259,0.736496,2.12193,0.211111,-1.32542,-1.67863,3.94766,2.01931,-0.0497042,2.18714,0.194632,0.0023833,6.8378,
732,0.024053,0.437446,-0.1553,-0.152666,-0.37783,0,0.276866,0.0209016,0.587556,0.930274,0.103806,-0.0225626,0.351149,0.48927,1.23234,-0.131812,-0.528528,-0.355597,-0.584935,0.52374,1.24247,2.25195,1.69186,1.55956,-0.761392,-1.66968,-1.65211,-2.10382,1.58986,0.389031,-0.0167132,3.77006,0.551267,0.00696817,5.74673,
733,0.0242403,0.0753638,-0.254888,-0.212928,-0.351861,0,0.20906,0.0146917,0.654534,0.94493,0.0968249,-0.0501409,0.308574,0.357755,1.22461,-0.181376,-0.529727,-0.122264,-0.553824,0.523788,1.25215,1.91541,1.58873,1.04673,-0.73801,-0.949885,-1.56425,-3.14284,-0.881964,-2.35019,-0.0237732,5.56193,0.681685,-0.00112433,-0.902438,
734,0.0236522,-0.11479,-0.319863,-0.264713,-0.22976,0,0.104403,0.00507727,0.692266,0.955239,0.0873818,-0.0732671,0.272973,0.157696,1.14234,-0.360089,-0.530781,0.186749,-0.519942,0.523755,1.22177,1.7138,1.53037,0.466432,-0.797772,-0.753186,-1.15639,-4.84458,-2.39762,-4.77929,-0.0177094,6.78895,0.282565,-0.000264443,-0.317963,
735,0.0229418,-0.318873,-0.270303,-0.273265,-0.0781237,0,-0.0579894,-0.00959973,0.701609,0.962968,0.0749134,-0.0896564,0.242985,-0.136735,0.976529,-0.567502,-0.531512,0.537002,-0.521394,0.523752,1.18507,1.76811,1.75654,-0.0566673,-0.685357,-0.554464,-1.42309,-6.90125,-4.21753,-0.122444,-0.0127189,5.95416,-0.0763403,-0.000111733,-1.13912,
736,0.0207421,-0.326245,0.125488,-0.134348,-0.0547211,0,-0.259812,-0.0287177,0.687356,0.96542,0.0601656,-0.105361,0.230745,-0.522814,0.72031,-0.536582,-0.531938,0.550492,-0.526952,0.523729,1.07144,2.10098,1.98168,-0.543721,-0.7762,-0.213169,0.0192025,-8.51876,-6.01984,0.497234,-0.00879333,-1.09235,-0.144511,3.19339e-05,-3.39493,
737,0.0163819,-0.270973,0.215292,0.0153011,0.0228003,0,-0.279504,-0.0301949,0.647819,0.970697,0.041051,-0.115498,0.206692,-0.561928,0.47532,-0.520792,-0.532137,0.451182,-0.539322,0.52375,0.846216,2.44529,1.7321,-0.989742,-0.777856,-0.678406,-1.07649,1.54632,-0.167442,0.119204,-0.00299783,-2.88462,-0.340372,-0.0005049,-5.59214,
738,0.0101409,-0.158886,0.310584,0.0706007,0.14151,0,-0.221474,-0.0244903,0.58676,0.974301,0.0291229,-0.133887,0.178786,-0.447494,0.514197,-0.510842,-0.532261,0.25967,-0.561224,0.523718,0.523834,2.61135,1.64161,-1.45989,-0.764808,-0.508593,-0.96952,3.01955,0.928007,0.27643,-0.0018381,-4.76082,-0.534377,-0.000400355,-7.29044,
739,0.00945383,0.00517422,0.356525,0.112849,0.130922,0,-0.10341,-0.0145912,0.533566,0.975656,-0.0186017,-0.141686,0.166358,-0.244317,0.571892,-0.474563,-0.527072,-0.00646052,-0.586726,0.523422,0.488343,3.09855,1.61922,-0.0590951,-1.22254,2.94245,0.981261,5.0687,1.36814,1.06207,0.390145,-5.69396,-0.40426,-0.0142095,1.04096,
740,0.0104439,0.233402,0.381031,0.151754,0.0596604,0,0.0419854,0.000426436,0.520984,0.980665,-0.0430816,-0.0610902,0.180857,0.0675965,0.659367,-0.398377,-0.52149,-0.302652,-0.608828,0.523899,0.539487,3.23185,1.69416,-0.537891,-0.219965,3.36121,0.532645,7.3928,2.12094,1.97506,-0.0548986,-6.15515,-0.481571,-0.000203473,1.01378,
741,0.0122499,0.535704,0.100346,0.056492,-0.051512,0,0.18842,0.0221468,0.499794,0.98695,-0.0162635,-0.0242478,0.158355,0.49225,0.789696,-0.288693,-0.524647,-0.565121,-0.630592,0.523798,0.632775,3.25201,1.03864,-0.299028,3.23558,-0.84898,-2.77534,9.58686,3.08541,2.42162,-0.0750387,-1.18761,-0.389486,-0.00236407,2.70056,
742,0.0166468,0.173508,-0.0502733,-0.133588,-0.209779,0,0.300942,0.0252736,0.493335,0.99143,0.054062,-0.00362211,0.118876,0.56016,0.948337,-0.182528,-0.529015,-0.527013,-0.639808,0.524159,0.859897,2.34374,1.1388,0.796701,-0.245362,-0.778546,-1.19932,-1.03593,3.27963,1.8588,-0.0534095,1.55767,0.102388,0.0469524,6.24321,
743,0.0230706,0.280378,-0.154656,-0.188536,-0.361841,0,0.318625,0.0219929,0.548228,0.99449,0.0190534,-0.0533367,0.0882194,0.500544,1.08369,-0.129788,-0.530681,-0.398526,-0.62648,0.524032,1.19173,2.07622,1.36891,1.11559,-2.42799,-1.89202,-1.08876,-1.34878,2.14236,0.264368,-0.026459,3.57048,0.419015,-0.0108011,7.04691,
744,0.0241432,0.102316,-0.26849,-0.253021,-0.349431,0,0.265763,0.0174009,0.584775,0.993733,-0.0319774,-0.0912835,0.0560287,0.406125,1.15354,-0.182554,-0.532249,-0.166286,-0.602455,0.523777,1.24713,1.79748,1.37441,0.393114,-2.157,-1.16316,-1.10187,-2.41655,0.664267,-2.35387,-0.0308924,5.69712,0.54505,-0.00159761,-0.686409,
745,0.0237421,-0.0979052,-0.358519,-0.309147,-0.233012,0,0.132514,0.00974239,0.596339,0.992962,-0.061409,-0.0911093,0.0442136,0.237919,1.13957,-0.357719,-0.531354,0.159069,-0.572995,0.523733,1.22641,1.48547,1.07347,0.136087,-0.16274,1.61306,0.523969,-4.29985,-1.20873,-4.62432,0.0728442,7.3007,0.63691,3.61994e-05,-0.172763,
746,0.0232282,-0.320085,-0.328084,-0.31357,-0.0879468,0,-0.0364728,-0.00304663,0.605202,0.995468,-0.0562868,-0.0491231,0.0588368,-0.0361242,1.02731,-0.561499,-0.528061,0.539213,-0.539427,0.523752,1.19987,1.1474,0.766853,0.177323,0.706904,1.51358,0.535684,-6.63383,-3.28033,-0.243859,0.0604526,6.50835,0.708244,5.92402e-05,-0.878752,
747,0.021271,-0.327973,0.0910178,-0.158677,-0.0660126,0,-0.236404,-0.021744,0.602962,0.993952,-0.0461478,-0.0100142,0.0991409,-0.419841,0.809521,-0.535677,-0.524867,0.553664,-0.519351,0.52373,1.09877,1.45549,0.808031,-0.293286,0.528139,1.58928,2.13145,-8.68732,-5.41778,0.41519,0.0624218,-1.1542,-0.0576182,-2.77323e-06,-3.15529,
748,0.0171285,-0.273255,0.171356,-0.00543503,0.0107345,0,-0.306255,-0.0285017,0.57551,0.989302,-0.0417725,0.0328618,0.135854,-0.568959,0.515908,-0.525279,-0.523074,0.455206,-0.526458,0.523754,0.884781,1.6871,0.524193,-0.804526,0.290132,1.58318,1.12024,1.10118,-5.204,0.0658253,-0.0080559,-2.77477,-0.221011,-0.000230884,-5.38484,
749,0.011081,-0.161583,0.27996,0.061287,0.128821,0,-0.271567,-0.0242879,0.524122,0.984347,-0.0307765,0.0621806,0.162012,-0.48422,0.500381,-0.519828,-0.523571,0.264164,-0.542163,0.523718,0.572394,1.85532,0.463534,-1.29871,0.63614,1.01734,1.18126,2.27845,0.791579,0.146731,-0.00965859,-4.8489,-0.410676,-0.000442645,-7.1024,
750,0.00932945,0.0177372,0.351797,0.125733,0.143059,0,-0.198224,-0.0156924,0.466195,0.982292,-0.00083942,0.0362776,0.183807,-0.324969,0.549609,-0.489025,-0.523705,-0.0215674,-0.565639,0.523701,0.481918,1.73893,-0.0505633,-1.2067,1.01213,-2.30198,0.787929,4.11017,1.17976,1.0754,0.00264599,-6.5689,-0.533893,-0.00053387,1.102,
751,0.0104336,0.304392,0.392995,0.177251,0.0684547,0,0.0264011,-0.0025509,0.402468,0.978432,0.0131353,-0.00541231,0.206082,-0.0606022,0.629236,-0.411034,-0.52354,-0.376228,-0.59209,0.52367,0.538952,2.1469,-0.23234,-0.948095,-2.49257,0.349029,1.88266,6.43406,1.96259,2.0036,0.000618016,-7.526,-0.423377,-0.00073703,1.17679,
752,0.012675,0.520731,-0.0649593,0.00432017,-0.0545194,0,0.170768,0.0156866,0.465963,0.978621,-0.0170425,-0.03817,0.201379,0.30438,0.722203,-0.29691,-0.525339,-0.575291,-0.581503,0.523722,0.654734,2.88118,-0.539103,1.65523,-0.288963,-1.77896,-1.39154,8.47453,2.2642,2.52585,-0.0546364,0.844036,0.359609,-0.000983559,3.39422,
753,0.0177256,0.0867748,-0.129138,-0.128165,-0.22962,0,0.312161,0.0294964,0.537972,0.980389,-0.0100348,-0.0862843,0.176895,0.591379,0.833033,-0.184008,-0.528044,-0.501831,-0.560961,0.523637,0.915625,2.55028,-0.468982,1.18898,-0.0522814,-1.85508,-0.236465,-0.490433,2.17554,1.9774,-0.0546057,2.03813,0.457615,-0.000899212,7.00827,
754,0.0242755,0.415398,-0.246086,-0.193558,-0.383225,0,0.273629,0.0260744,0.582617,0.976642,-0.00327587,-0.127825,0.172687,0.520032,0.915676,-0.129169,-0.530741,-0.345988,-0.53333,0.523685,1.25396,2.36638,-0.492526,0.542894,0.0881623,-1.24187,-0.258029,-1.90874,1.13784,0.232324,-0.0581064,4.18438,0.643625,0.00104958,2.80915,
755,0.0240704,0.0569686,-0.339,-0.25167,-0.345158,0,0.204748,0.0195044,0.593408,0.974472,0.00280141,-0.147846,0.16893,0.381662,0.935559,-0.187524,-0.533796,-0.09234,-0.5205,0.523738,1.24337,2.12336,-0.578561,-0.0822436,-0.0029372,-0.644021,-0.0177463,-3.61007,-0.330532,-2.54427,-0.0608159,5.94442,-0.0641678,0.000545795,-0.661107,
756,0.0236454,-0.143741,-0.398501,-0.300005,-0.220212,0,0.0811562,0.00808977,0.574042,0.971524,0.00224573,-0.160753,0.174051,0.143517,0.873101,-0.374654,-0.536735,0.234509,-0.522928,0.523748,1.22142,1.91527,-0.665319,-0.694246,-0.137112,-0.376146,0.482966,-5.8959,-2.15389,-4.92217,-0.0562036,7.12011,-0.023072,7.9878e-06,-0.220859,
757,0.0229228,-0.340056,-0.156146,-0.224492,-0.0784082,0,-0.151035,-0.00977292,0.527974,0.969095,0.00486046,-0.160024,0.187678,-0.216399,0.712792,-0.566515,-0.538494,0.57597,-0.523447,0.523744,1.18409,2.1542,-0.435475,-0.922881,1.44772,0.572637,0.525655,-8.47322,-4.23411,0.185854,0.0402726,2.54826,-0.00267194,-0.000900447,-1.26303,
758,0.020529,-0.321115,0.0782201,-0.0483668,-0.0516182,0,-0.349397,-0.0288932,0.473094,0.965475,0.0381725,-0.140914,0.215741,-0.607282,0.493421,-0.534814,-0.536125,0.541097,-0.525204,0.523742,1.06044,2.47439,-0.347217,-1.0977,1.44474,0.364584,0.0671698,-1.58609,-1.30757,0.480382,0.0662684,-1.5967,-0.0635883,0.0015902,-3.66258,
759,0.0159351,-0.246729,0.224316,0.0428021,0.0330153,0,-0.280128,-0.0273311,0.457499,0.969834,0.0193319,-0.0923215,0.224779,-0.545554,0.50969,-0.522511,-0.52713,0.408796,-0.531668,0.52372,0.823136,2.68007,0.50339,-0.201855,-0.375516,2.7125,0.831288,1.8438,0.508542,0.0178206,0.243882,-3.76795,-0.205772,-0.000351357,-5.81516,
760,0.00956834,-0.107068,0.318463,0.106614,0.155942,0,-0.213964,-0.0209045,0.433547,0.969155,-0.00552012,-0.028951,0.244683,-0.414917,0.542268,-0.51548,-0.522503,0.174081,-0.54675,0.523705,0.494258,2.8594,0.451633,-0.747079,-0.351849,2.51537,0.818498,3.37019,0.794015,0.262222,-0.0233843,-5.6085,-0.395612,-0.000171564,-5.93745,
761,0.00949898,0.109988,0.359036,0.15939,0.129258,0,-0.156336,-0.00896042,0.399243,0.966859,-0.00369035,-0.00439422,0.255248,-0.194592,0.599949,-0.473421,-0.52352,-0.138155,-0.568888,0.523703,0.490675,2.80513,-0.289356,-0.417178,2.17364,-1.51446,-0.312728,5.36704,1.47227,1.4187,-0.0220548,-6.85522,-0.469481,0.000441095,1.04015,
762,0.0109096,0.453853,0.368095,0.191707,0.0386998,0,0.0909834,0.00722962,0.444452,0.966604,-0.0141076,-0.0343671,0.253568,0.122882,0.684409,-0.381375,-0.523672,-0.48919,-0.573808,0.523699,0.56354,3.60728,-0.7494,1.55256,-1.02399,-1.10042,-0.177783,7.41901,1.9802,2.2759,-0.00954878,-7.30853,0.11686,-0.000798408,1.8458,
763,0.0142588,0.351526,-0.0582099,0.00347727,-0.110319,0,0.281023,0.0275133,0.511296,0.971804,-0.0186785,-0.0702459,0.224307,0.552907,0.815654,-0.261511,-0.524504,-0.547199,-0.566396,0.523683,0.736547,3.29752,-0.399763,1.16547,0.502617,-1.8208,-1.26308,7.93057,3.2182,2.48957,-0.0281461,0.804511,0.184753,-0.00866645,5.0506,
764,0.0202681,0.118135,-0.167066,-0.149589,-0.291808,0,0.284221,0.0280067,0.555365,0.970629,0.00467532,-0.10522,0.2163,0.562686,0.973284,-0.161626,-0.526032,-0.458054,-0.552523,0.523739,1.04696,2.94456,-0.410975,0.621148,0.580072,-1.51057,-0.265178,-1.57945,3.08813,1.54243,-0.0293751,2.76203,0.372151,0.00102805,7.3512,
765,0.024503,0.168166,-0.263082,-0.208158,-0.381825,0,0.233614,0.0226453,0.577882,0.976208,0.0132836,-0.0981669,0.192884,0.455088,1.09597,-0.138345,-0.528306,-0.275148,-0.527149,0.523745,1.26572,2.64409,-0.327717,0.130863,0.400776,0.879732,-1.14043,-2.72222,1.83609,-0.609951,-0.052509,4.60364,0.599546,-0.0004237,-0.538142,
766,0.0238603,0.00522575,-0.338973,-0.263287,-0.310977,0,0.141652,0.013958,0.57205,0.982787,0.0184358,-0.0699026,0.170009,0.273868,1.14712,-0.237522,-0.530865,-0.00846025,-0.51977,0.523748,1.23252,2.4491,-0.392247,-0.356139,0.267248,1.23985,-0.80653,-4.51125,0.222658,-3.33507,-0.0486362,6.05225,-0.102075,0.00011072,-0.37922,
767,0.0235757,-0.190427,-0.374197,-0.304844,-0.164797,0,0.0228282,0.000192627,0.554305,0.986356,0.0135102,-0.0510018,0.155943,-0.00843654,1.10948,-0.457104,-0.532856,0.312514,-0.522891,0.523775,1.21782,1.30705,-0.357293,0.0440909,-1.15119,-0.873325,-0.39854,-6.762,-1.70823,-5.43617,-0.022258,6.79083,-0.0263635,0.000859994,-0.0991577,
768,0.0228081,-0.339416,-0.0114245,-0.185539,-0.0840268,0,-0.192461,-0.0195244,0.542283,0.987054,-0.00890974,-0.0756109,0.141169,-0.405948,0.969995,-0.5548,-0.533878,0.574781,-0.523918,0.523752,1.17817,1.7896,-0.10908,-0.500181,-1.08867,-0.883432,0.105666,-9.12824,-3.85478,0.729137,-0.016253,0.139867,-0.0178838,-0.00117759,-1.46971,
769,0.020215,-0.309023,0.0866998,-0.0289083,-0.049409,0,-0.307873,-0.0268171,0.506973,0.986345,-0.0329003,-0.0924546,0.132259,-0.569243,0.747572,-0.528725,-0.533837,0.519108,-0.528481,0.523753,1.04422,1.97053,-0.484131,-0.67322,0.358595,0.899806,-0.232338,1.0509,-5.03418,0.275608,0.0789488,-1.82826,-0.154225,-0.000894563,-3.88489,
770,0.0154438,-0.226545,0.200929,0.0279872,0.0435512,0,-0.29646,-0.0234355,0.465718,0.989326,-0.0117886,-0.0535544,0.135009,-0.502813,0.509188,-0.52339,-0.528481,0.373959,-0.540762,0.523725,0.797759,2.04871,-0.578015,-1.04945,1.34835,1.27905,0.227045,1.60863,-2.05955,-0.0730054,0.109126,-3.96099,-0.335293,-0.00018359,-5.94717,
771,0.00941479,-0.079235,0.298189,0.0889065,0.161548,0,-0.182699,-0.0179148,0.406878,0.988372,0.00299752,-0.0195034,0.150767,-0.388257,0.51195,-0.519356,-0.523111,0.12858,-0.560472,0.52369,0.486326,2.51436,-0.554785,-1.09043,-1.10945,1.32923,1.46868,2.95666,0.538818,0.220074,0.0537138,-5.79511,-0.430505,-0.000779178,-2.65583,
772,0.0097206,0.125242,0.306891,0.129954,0.129505,0,-0.0869081,-0.00694964,0.385195,0.983344,-0.00600313,0.00122431,0.181653,-0.195647,0.550821,-0.480383,-0.52316,-0.180111,-0.578323,0.523678,0.502123,2.93892,-1.51273,0.535193,-0.810181,-0.849387,0.62443,4.62544,0.913319,1.35641,-0.012337,-6.52271,-0.199213,0.00206533,0.755699,
773,0.0108795,0.448641,0.31505,0.156819,0.0451764,0,0.0521415,0.00674114,0.421867,0.982454,-0.00892169,-0.0172103,0.185493,0.0826154,0.614995,-0.390007,-0.523503,-0.511212,-0.584459,0.523689,0.561985,3.09593,-1.61949,0.68372,-0.304299,-0.38597,0.0157001,6.54039,1.70084,2.23874,-0.00444181,-6.74553,-0.09557,-0.000519671,1.62906,
774,0.0140029,0.386761,-0.0945266,-0.007067,-0.0990501,0,0.216087,0.0243373,0.449044,0.987164,0.000595484,-0.0257467,0.157622,0.459677,0.724994,-0.270627,-0.524363,-0.551152,-0.586156,0.52369,0.723326,2.86806,-1.19985,0.643332,1.28059,0.124644,-1.9957,8.49063,2.61022,2.5238,-0.0415951,0.989305,0.111894,-0.00024859,4.79303,
775,0.0198082,0.137197,-0.125635,-0.146626,-0.280027,0,0.314675,0.0278677,0.500264,0.989488,0.0189174,-0.0479239,0.135128,0.568358,0.851468,-0.166783,-0.526079,-0.46961,-0.572359,0.523812,1.0232,2.1173,-0.165092,1.77743,-0.695047,-1.73616,-0.710295,-1.24221,2.44945,1.67391,-0.0295283,2.15153,0.51769,0.00433508,7.08198,
776,0.0248041,0.187543,-0.242938,-0.208644,-0.388496,0,0.269355,0.0238087,0.573553,0.989448,0.00815481,-0.0868637,0.115676,0.484665,0.944045,-0.135799,-0.527614,-0.307653,-0.542187,0.52377,1.28127,1.88244,-0.166285,1.10908,-0.525826,-0.969364,-0.809575,-2.10149,1.26245,-0.417896,-0.0367634,4.31453,0.684998,-0.00137976,-0.34565,
777,0.0239628,0.0299986,-0.332492,-0.267472,-0.319413,0,0.197303,0.0167255,0.614153,0.98929,-0.00245901,-0.108288,0.0978379,0.337543,0.967263,-0.226819,-0.529436,-0.0485819,-0.516675,0.523753,1.23781,1.66807,-0.200323,0.527342,-0.684772,-0.668149,-0.495158,-3.76906,-0.321623,-3.20085,-0.0348065,6.03389,-0.0562843,1.4996e-05,-0.561386,
778,0.023536,-0.171878,-0.387732,-0.315897,-0.17448,0,0.0679327,0.00487204,0.625307,0.988202,-0.0182578,-0.123164,0.0891813,0.0928367,0.902334,-0.441284,-0.531045,0.281355,-0.521804,0.523748,1.21577,1.45276,-0.216174,-0.0835397,-0.736228,-0.383636,-0.0313812,-5.99961,-2.26062,-5.36061,-0.0290163,7.15465,-0.0634289,-0.000101472,-0.322549,
779,0.0226232,-0.33478,-0.0281782,-0.195866,-0.0848861,0,-0.12767,-0.0129853,0.608418,0.986907,-0.0346847,-0.132477,0.0852156,-0.269778,0.733931,-0.548028,-0.532371,0.566203,-0.523706,0.523739,1.16861,1.9154,-0.0670578,-0.546578,-0.771654,-0.363381,0.623703,-8.49562,-4.45751,0.500112,-0.0215319,0.46256,-0.0166824,-0.000794179,-1.547,
780,0.0199719,-0.312893,0.0605997,-0.0582136,-0.0447505,0,-0.331972,-0.0281823,0.572605,0.985144,-0.0483706,-0.130387,0.100753,-0.595032,0.495579,-0.528348,-0.532535,0.526124,-0.526858,0.523744,1.03166,2.04824,-0.416477,-0.654964,0.896837,0.909801,0.301958,0.00791874,-2.0745,0.205235,0.056631,-1.3219,-0.101075,0.000571913,-3.91894,
781,0.0151619,-0.242473,0.185393,0.0161255,0.0496689,0,-0.31116,-0.0249579,0.531224,0.987849,-0.0207453,-0.103868,0.11373,-0.532687,0.507033,-0.524006,-0.529219,0.401415,-0.536805,0.523731,0.783196,2.15428,-0.534848,-1.07913,1.34604,1.01144,0.567785,1.55273,0.563573,0.0148618,0.0658868,-3.64871,-0.298579,-0.00030868,-6.00284,
782,0.00936583,-0.102868,0.2924,0.0808718,0.15918,0,-0.223845,-0.0196825,0.465446,0.988248,0.00494113,-0.0745474,0.133357,-0.423446,0.537487,-0.514331,-0.525861,0.167197,-0.555884,0.523699,0.483797,2.47441,-0.519303,-1.30004,-0.110917,0.890143,1.27488,2.80059,0.651598,0.361212,0.0842352,-5.66163,-0.449707,-0.00193288,-1.74947,
783,0.00977203,0.0909577,0.352401,0.135229,0.123679,0,-0.139415,-0.010913,0.427272,0.983717,-0.00724357,-0.0181206,0.178664,-0.234511,0.583785,-0.473219,-0.522132,-0.140043,-0.577185,0.52361,0.50478,3.23108,-0.280766,-0.676249,0.535746,3.05882,1.94889,4.75066,1.20062,1.32509,-0.026107,-6.71504,-0.443106,0.000980234,0.619408,
784,0.0107149,0.401098,0.342527,0.167498,0.0443181,0,0.0178691,0.00470171,0.413992,0.980704,0.0189891,0.00861936,0.194386,0.0521487,0.659178,-0.383847,-0.523752,-0.488869,-0.594424,0.523718,0.553482,3.94408,-1.28716,0.899772,0.440655,0.214199,-0.174815,6.62574,1.63611,2.22009,-0.0324997,-7.10052,-0.0308058,0.000714821,1.32457,
785,0.0133763,0.466852,-0.0681284,0.00581287,-0.0895395,0,0.230906,0.0228543,0.460636,0.98541,0.0253224,-0.00863224,0.168081,0.438504,0.769759,-0.266078,-0.525127,-0.547049,-0.594283,0.523722,0.69096,3.5164,-0.929485,0.798681,0.142193,-1.25878,-1.37081,8.80451,2.77154,2.47375,-0.0249132,0.673637,0.0262287,-0.00145387,4.16148,
786,0.0189109,0.103175,-0.123696,-0.139154,-0.265742,0,0.307549,0.0277342,0.504685,0.987006,0.0297498,-0.0379075,0.15329,0.563169,0.906068,-0.162753,-0.526614,-0.476778,-0.586102,0.523787,0.976852,2.90355,-0.235296,1.24742,-0.482293,-1.60392,0.0499697,-1.01938,2.6907,1.68014,-0.0312161,2.07564,0.344491,0.00281656,7.20489,
787,0.0245207,0.194801,-0.238837,-0.196589,-0.387597,0,0.266839,0.0242403,0.552722,0.984739,0.0243487,-0.076809,0.154258,0.490701,1.01186,-0.128922,-0.52817,-0.319902,-0.564274,0.523756,1.26663,2.67748,-0.24862,0.610118,-0.274159,-0.994771,0.0237094,-1.87529,1.54889,-0.310218,-0.0371916,4.18917,0.522955,-0.00102105,0.448788,
788,0.0239447,0.041583,-0.329532,-0.251835,-0.32659,0,0.198764,0.0178134,0.568171,0.982541,0.0199381,-0.0980561,0.156846,0.355332,1.05131,-0.214514,-0.530068,-0.0673633,-0.534382,0.52375,1.23688,2.45761,-0.333496,0.0161557,-0.342368,-0.725056,0.295964,-3.52506,0.0411983,-3.09104,-0.0371731,5.89727,0.673078,0.000103027,-0.508538,
789,0.0236089,-0.156759,-0.387967,-0.297713,-0.186686,0,0.0788445,0.00670216,0.554383,0.979149,0.0104501,-0.114087,0.167757,0.123003,1.00697,-0.424924,-0.531834,0.256124,-0.517997,0.52375,1.21953,2.23658,-0.432973,-0.566284,-0.507901,-0.402295,0.726987,-5.74895,-1.80082,-5.30813,-0.0328563,7.03349,-0.11424,-5.56927e-05,-0.18812,
790,0.0228751,-0.339898,-0.0952392,-0.200755,-0.08052,0,-0.11111,-0.0106047,0.512916,0.975534,-0.00169044,-0.123661,0.181763,-0.227621,0.864361,-0.561975,-0.533387,0.575677,-0.522814,0.523746,1.18162,2.5985,-0.265187,-1.03823,-0.514224,-0.399974,1.13774,-8.25999,-3.8852,0.709936,-0.0263258,1.54569,-0.0650747,-0.000938715,-1.31092,
791,0.0204204,-0.318882,0.0721928,-0.0536814,-0.051874,0,-0.352221,-0.0288008,0.460847,0.972351,0.0256202,-0.106503,0.206237,-0.600815,0.637938,-0.531205,-0.529532,0.537021,-0.526902,0.523741,1.05483,2.83636,-0.215827,-1.21868,1.72757,0.661735,0.0594836,-1.51499,-5.16611,0.350426,0.105545,-1.41242,-0.114949,0.00156855,-3.73161,
792,0.0157687,-0.246405,0.222374,0.0368127,0.0367863,0,-0.283454,-0.0273113,0.425079,0.976332,0.00883828,-0.0571612,0.208399,-0.544308,0.488467,-0.523106,-0.522476,0.408233,-0.537003,0.523724,0.814541,3.00722,0.527534,-0.479825,-0.195384,2.72803,0.611571,1.69073,0.510184,-0.0441652,0.0904417,-3.71754,-0.264267,-0.000878869,-5.86455,
793,0.00972455,-0.107856,0.313702,0.100174,0.154804,0,-0.225139,-0.0210159,0.38727,0.97468,-0.00979227,0.00686693,0.223286,-0.421524,0.526328,-0.518415,-0.522924,0.175372,-0.554917,0.523703,0.502327,3.09094,0.327409,-0.873542,-0.00979947,1.50738,0.645361,3.19923,0.87966,0.22854,-0.0257439,-5.58661,-0.442747,1.86685e-05,-2.92151,
794,0.00978241,0.0841177,0.339922,0.151215,0.128203,0,-0.102192,-0.0091981,0.397579,0.969797,-0.00432492,-0.0147771,0.243427,-0.214511,0.582357,-0.480277,-0.52353,-0.132912,-0.570856,0.523695,0.505316,3.04321,-0.722132,0.78724,-0.593554,-0.34852,1.09535,5.10714,1.39007,1.29409,0.00159354,-6.71944,-0.237195,-0.00205975,0.571426,
795,0.0106194,0.373903,0.356431,0.185962,0.0527213,0,0.0420327,0.00586862,0.435099,0.964735,-0.00211852,-0.0220284,0.262291,0.0946103,0.676568,-0.393375,-0.523545,-0.477151,-0.58248,0.52368,0.54855,3.24965,-0.756327,0.61284,0.394954,-1.04463,0.166023,7.23022,2.36023,2.18731,-0.00160206,-7.07365,-0.240933,0.000241916,1.16374,
796,0.0130352,0.493868,-0.078112,0.0156001,-0.0763481,0,0.244905,0.0256123,0.470479,0.97034,0.0158506,-0.0269126,0.23972,0.511178,0.821922,-0.275436,-0.524438,-0.563665,-0.587664,0.523703,0.673342,2.9889,-0.473211,0.803281,1.17886,0.278014,-1.97493,9.40652,3.42861,2.52541,-0.0376141,1.11762,0.0424308,-0.000411112,3.80416,
797,0.0183534,0.14173,-0.16538,-0.147525,-0.251909,0,0.287214,0.0279328,0.503907,0.974388,0.0421476,-0.0233344,0.219651,0.563532,0.992163,-0.167943,-0.52613,-0.466129,-0.580752,0.523663,0.948058,2.51823,-0.342752,0.811347,0.462544,-2.25781,0.0468297,-1.42927,3.38866,1.80238,-0.010585,2.77085,0.252701,0.00309094,7.09719,
798,0.0246247,0.280416,-0.228863,-0.200057,-0.392443,0,0.266821,0.0218858,0.573553,0.976599,0.0389928,-0.073627,0.198274,0.464254,1.13055,-0.123624,-0.52691,-0.291033,-0.55627,0.523825,1.272,2.01365,0.387136,1.38258,-0.877305,-1.35901,-1.20326,-2.54595,2.15327,-0.0375277,-0.0238419,4.37116,0.63076,-0.00202993,1.63597,
799,0.0240722,0.0182295,-0.318919,-0.259671,-0.339653,0,0.180984,0.0139019,0.626493,0.979877,0.0257963,-0.103882,0.168474,0.297851,1.19875,-0.196732,-0.528175,-0.0295159,-0.521676,0.523765,1.24346,1.80098,0.331845,0.755284,-0.880666,-1.02338,-0.963148,-4.09582,0.587371,-2.86406,-0.0239917,6.07318,0.616424,-0.000491899,-0.706251,
800,0.0234666,-0.182622,-0.369594,-0.306878,-0.201303,0,0.0442767,0.00142169,0.649272,0.980706,0.00808909,-0.128622,0.146993,0.039502,1.1795,-0.398391,-0.529242,0.299376,-0.520493,0.52375,1.21218,1.608,0.294449,0.144527,-0.957925,-0.749405,-0.519236,-6.21942,-1.34179,-5.18341,-0.0182608,7.0748,-0.0946776,-0.000162644,-0.546095,
801,0.0223041,-0.339678,0.00483566,-0.182439,-0.0711701,0,-0.157252,-0.0169177,0.643185,0.979774,-0.010238,-0.148493,0.133746,-0.331109,1.05751,-0.558799,-0.530002,0.57527,-0.524649,0.523739,1.15213,2.05777,0.499732,-0.317927,-0.904514,-0.791231,0.0788535,-8.58477,-3.51794,0.453903,-0.0107001,0.204588,-0.0727252,-0.000647349,-1.83804,
802,0.0193647,-0.311354,0.101306,-0.0382201,-0.0305295,0,-0.275815,-0.0284518,0.615506,0.977157,-0.0331564,-0.167272,0.126826,-0.575849,0.852057,-0.531198,-0.530385,0.52333,-0.531409,0.523755,1.0003,2.3238,0.296076,-0.789729,-1.2636,-0.425996,-0.637815,0.710043,-4.68634,0.344886,-0.00364431,-1.63674,-0.197836,0.000384828,-4.2168,
803,0.0142627,-0.237725,0.197857,0.0154149,0.063431,0,-0.296423,-0.025078,0.575511,0.980669,-0.0334449,-0.148354,0.123127,-0.515654,0.616078,-0.517529,-0.527728,0.393209,-0.545961,0.523717,0.736746,2.27446,0.0270732,-0.888845,1.05342,1.64049,0.297733,1.53859,-4.74989,0.189363,0.0923243,-3.55215,-0.385411,-0.000279329,-6.30382,
804,0.00909511,-0.10212,0.299625,0.0788387,0.152729,0,-0.237839,-0.0195746,0.520368,0.984266,-0.0107767,-0.114507,0.134135,-0.404731,0.497324,-0.49657,-0.523266,0.165972,-0.569204,0.523697,0.469813,2.45618,-0.0442441,-1.25088,0.937016,0.26897,0.394211,2.88925,0.443798,0.646676,0.0643197,-5.52626,-0.54089,-0.000230746,-0.193649,
805,0.00982126,0.0868957,0.351632,0.130308,0.103312,0,-0.124939,-0.0101816,0.485611,0.983803,-0.0106049,-0.0679212,0.165546,-0.210196,0.533625,-0.444387,-0.523109,-0.135435,-0.59331,0.523534,0.507323,3.36618,-0.014324,-0.260361,0.472485,3.31096,1.82497,4.87896,0.991092,1.44092,-0.0121685,-6.54447,-0.447151,0.012471,0.596493,
806,0.0106926,0.379299,0.380356,0.175381,0.0249837,0,0.0368979,0.00443484,0.457062,0.97851,-0.0191311,0.0118494,0.204969,0.091755,0.605748,-0.354762,-0.523594,-0.477419,-0.616903,0.52377,0.552334,3.5516,0.01204,-0.800968,0.545652,2.43404,1.07193,7.13324,1.85828,2.15326,-0.00914833,-7.1194,-0.48482,-0.0011493,1.20631,
807,0.0132025,0.483997,-0.0632508,0.00170754,-0.102981,0,0.274038,0.0243541,0.44182,0.985378,0.0179343,-0.011226,0.169063,0.501873,0.723992,-0.240986,-0.523799,-0.564185,-0.636935,0.523769,0.68198,2.53584,0.0056604,0.246395,-0.345097,-0.912344,-2.60816,9.37982,2.9133,2.32977,-0.00235069,1.13033,-0.219452,-0.000492271,3.91657,
808,0.0183502,0.1769,-0.146415,-0.159234,-0.263894,0,0.299708,0.0268017,0.51075,0.988716,0.0129291,-0.0310753,0.145969,0.561063,0.860492,-0.148995,-0.525279,-0.46926,-0.630876,0.521782,0.947891,1.56233,0.257636,1.7406,-0.167814,-1.48191,-0.278992,-1.26575,2.613,1.4007,-0.0343472,2.77413,0.294267,-0.0320189,6.83934,
809,0.0246479,0.274175,-0.256435,-0.217283,-0.390055,0,0.25237,0.0225556,0.583198,0.988116,0.0134472,-0.0642999,0.138967,0.472471,0.958739,-0.128457,-0.526999,-0.279678,-0.61169,0.523537,1.2732,1.35696,0.226244,1.10313,-0.0391266,-0.803973,-0.32854,-2.27329,1.32638,-0.563529,-0.0403191,4.79897,0.46873,0.103067,1.68136,
810,0.0240822,-4.86896e-05,-0.33924,-0.271526,-0.321518,0,0.171181,0.0150036,0.623062,0.987888,0.0148061,-0.0766524,0.134101,0.31441,0.983473,-0.226926,-0.529126,7.88066e-05,-0.584748,0.524169,1.24398,1.10719,0.155115,0.512677,-0.0778114,-0.35758,-0.0112091,-4.03275,-0.323755,-3.35267,-0.0418319,6.37594,0.610253,-0.0140879,-0.724287,
811,0.0233951,-0.207794,-0.385698,-0.313524,-0.166451,0,0.0341489,0.00254838,0.634518,0.986777,0.0118203,-0.0818089,0.139426,0.0555904,0.917651,-0.449235,-0.53111,0.341915,-0.552066,0.523801,1.20849,0.884387,0.0894703,-0.0512731,-0.164676,-0.00017756,0.485718,-6.3,-2.29424,-5.52251,-0.0368268,7.28985,0.697592,-0.00249683,-0.695791,
812,0.0220039,-0.349373,0.0460887,-0.161606,-0.0694721,0,-0.166934,-0.0160901,0.620067,0.984986,0.00679158,-0.0813953,0.152088,-0.321354,0.748027,-0.552375,-0.532796,0.593332,-0.519069,0.52374,1.13662,1.38515,0.2896,-0.501856,-0.264312,-0.0152753,1.27558,-8.7681,-4.47318,0.644804,-0.0280937,-0.652295,0.248547,-0.00091259,-2.16088,
813,0.0187248,-0.306342,0.122845,-0.0185079,-0.0195499,0,-0.290996,-0.027873,0.582629,0.981431,-0.00518989,-0.0797657,0.174366,-0.571909,0.499847,-0.528292,-0.534047,0.514258,-0.522189,0.523757,0.967237,1.65983,0.0659587,-0.989936,-0.480625,0.156105,0.250379,0.592478,-4.40641,0.247048,-0.0218024,-2.15875,-0.158519,0.000382925,-4.59355,
814,0.0133066,-0.216082,0.229392,0.04093,0.0840955,0,-0.267743,-0.0249122,0.52317,0.979553,-0.010861,-0.0874605,0.180855,-0.513002,0.499185,-0.519598,-0.535134,0.356049,-0.534701,0.523729,0.68736,1.79464,0.00508774,-1.42927,-0.194233,-0.240564,0.383755,1.60552,0.884881,0.0967803,-0.0213966,-4.15299,-0.344623,-0.000469327,-6.59052,
815,0.00935458,-0.0654332,0.306444,0.0950637,0.149657,0,-0.236877,-0.019149,0.452603,0.977656,0.00471678,-0.0787054,0.194865,-0.393444,0.550032,-0.499672,-0.532599,0.106106,-0.555012,0.523647,0.483216,2.40885,0.0282887,-0.631971,1.15199,1.88115,1.41918,3.15161,1.1411,0.54496,0.256919,-5.61769,-0.354652,-0.00894299,0.464164,
816,0.00996681,0.125825,0.372715,0.15708,0.103453,0,-0.0959388,-0.0091144,0.425212,0.969161,-0.00706725,-0.0198594,0.245524,-0.184482,0.622559,-0.448925,-0.52101,-0.204907,-0.573084,0.523748,0.514841,2.90614,0.0932261,-0.775556,-0.172875,2.39242,2.13963,5.19963,1.75949,1.53678,-0.000239768,-6.91376,-0.412352,0.000620399,0.431274,
817,0.0108701,0.45112,0.283505,0.149492,0.019584,0,0.0626083,0.00711376,0.439626,0.966592,0.0035972,-0.0179713,0.255664,0.122264,0.720217,-0.352108,-0.523387,-0.551246,-0.580186,0.523759,0.561499,3.82144,-0.698454,1.73031,0.160283,-0.101694,-0.396173,7.10188,2.03409,2.29469,-0.0681593,-5.59322,0.27509,-0.00126748,1.40599,
818,0.0137948,0.410757,-0.0844404,0.00276475,-0.118834,0,0.265352,0.0259928,0.514782,0.974073,0.0156919,-0.021552,0.224656,0.521325,0.846724,-0.235039,-0.526949,-0.552455,-0.565308,0.523698,0.71258,3.64385,-0.406802,1.28913,0.492393,-0.46956,-1.49525,8.83634,3.01422,2.36632,-0.0693124,1.2696,0.320015,-0.00115489,4.6144,
819,0.0196025,0.146214,-0.184912,-0.15733,-0.291222,0,0.285605,0.0280533,0.566552,0.976865,0.0303285,-0.0236747,0.210369,0.563612,0.994235,-0.142769,-0.530525,-0.443501,-0.545116,0.523639,1.01258,3.28214,-0.411988,0.785783,0.537953,-0.15787,-0.389677,-1.50054,2.88759,1.35959,-0.0703385,3.08917,0.489878,0.00107695,7.36691,
820,0.0248055,0.147762,-0.29002,-0.216061,-0.392258,0,0.262343,0.0230676,0.605815,0.977821,0.0345114,-0.0443795,0.201758,0.456513,1.10623,-0.129326,-0.533534,-0.241179,-0.519456,0.523717,1.28134,2.53743,-0.537305,0.903549,-0.851923,-1.39318,-0.505463,-2.77564,1.59935,-0.803269,-0.0524118,5.00084,0.141551,0.00065759,-0.305948,
821,0.0239647,-0.0309473,-0.374523,-0.274937,-0.311451,0,0.166102,0.0140703,0.635715,0.978201,0.0193905,-0.0789721,0.191078,0.267821,1.14451,-0.23986,-0.536113,0.0501196,-0.521781,0.523746,1.23791,2.31785,-0.633102,0.291096,-0.922284,-1.19019,-0.162971,-4.75486,-0.0547468,-3.59556,-0.0493791,6.63717,-0.059004,0.000284339,-0.568212,
822,0.0233153,-0.243865,-0.41773,-0.319059,-0.149648,0,0.00412905,-0.000391097,0.634168,0.975521,0.0016506,-0.109614,0.190631,-0.0327538,1.09119,-0.472165,-0.538455,0.403824,-0.523278,0.523747,1.20437,2.12373,-0.711464,-0.354576,-0.921334,-0.936365,0.350386,-7.24611,-2.06312,-5.6801,-0.0439332,7.50385,-0.0101981,-7.74898e-05,-0.772028,
823,0.0217268,-0.342258,0.0510864,-0.153577,-0.0638599,0,-0.225792,-0.0217318,0.604411,0.969514,-0.0170093,-0.137593,0.202041,-0.461959,0.931907,-0.552408,-0.540467,0.580065,-0.523666,0.52373,1.12231,2.67953,-0.412418,-0.823195,-0.904354,-0.939544,1.19601,-9.90612,-4.29298,0.725172,-0.0363047,-1.14973,-0.00851092,-0.000298571,-2.49598,
824,0.0181454,-0.289668,0.126186,0.012098,-0.00979223,0,-0.341783,-0.0270165,0.561267,0.967132,-0.0170974,-0.139479,0.211918,-0.581356,0.694048,-0.525389,-0.539104,0.484329,-0.52777,0.523747,0.937311,2.88364,-0.714654,-0.840408,1.67377,1.06126,-0.0192213,1.61627,-5.21078,0.317122,0.113479,-2.67314,-0.148118,-0.000324708,-4.8903,
825,0.0125014,-0.178128,0.251404,0.077724,0.0949772,0,-0.299661,-0.0220239,0.506519,0.969533,0.0198774,-0.104995,0.220422,-0.479747,0.493757,-0.511754,-0.533548,0.291833,-0.539909,0.523721,0.645768,3.05378,-0.751456,-1.32601,2.0226,0.710341,0.261248,2.4414,-0.301853,0.231407,0.108116,-5.00873,-0.331601,-0.00033802,-6.75256,
826,0.00919653,0.00190253,0.358721,0.140633,0.142158,0,-0.146745,-0.0151829,0.460678,0.966813,0.00172345,-0.0748978,0.244254,-0.315814,0.521281,-0.483721,-0.526687,-0.00251683,-0.559496,0.523612,0.475052,3.54926,-0.0891389,-0.551162,-1.00679,2.0288,1.59588,4.1019,0.88664,0.863492,0.234005,-6.73234,-0.426312,-0.00319938,0.913979,
827,0.0101674,0.26791,0.394759,0.188606,0.0776915,0,-0.0348624,-0.00260564,0.433433,0.959324,-0.0132819,-0.0023774,0.281984,-0.0511406,0.590368,-0.416753,-0.521432,-0.353902,-0.581497,0.523682,0.525205,3.74159,0.0726784,-0.829453,0.296285,2.92484,1.38883,6.47878,1.86552,1.83502,-0.0540817,-7.38575,-0.480698,0.000367685,0.990681,
828,0.01203,0.536444,-0.0277396,0.0241256,-0.0330449,0,0.183594,0.0155879,0.427625,0.964914,0.019426,0.000146894,0.261846,0.324951,0.708499,-0.309315,-0.524394,-0.567194,-0.595887,0.523989,0.621415,2.90913,0.11204,1.35189,-0.375104,-0.715617,-1.63055,8.61637,2.86982,2.39513,-0.0649739,0.558911,0.150912,0.00767403,2.7088,
829,0.0164874,0.176855,-0.103158,-0.115351,-0.195788,0,0.302262,0.0276531,0.485383,0.972227,0.0141059,-0.0172385,0.232979,0.572014,0.852574,-0.199211,-0.527648,-0.50423,-0.585204,0.523735,0.851664,2.49534,0.0676468,1.06062,-0.0356132,-0.924773,-0.353235,-0.599932,2.87277,1.99779,-0.0684084,1.88158,0.268588,-0.0343281,6.45022,
830,0.0231473,0.316542,-0.217563,-0.173039,-0.358645,0,0.275787,0.0249809,0.536154,0.970531,0.0248339,-0.0627305,0.231339,0.515365,0.970665,-0.137462,-0.53066,-0.358287,-0.566513,0.52397,1.19569,2.35478,0.0221992,0.776715,-0.116395,-2.07935,0.0150827,-1.4955,1.87848,0.491968,-0.0548446,3.94729,0.469198,0.0199631,7.34466,
831,0.0241962,0.0712615,-0.314955,-0.229928,-0.352732,0,0.214024,0.0197039,0.556585,0.967453,0.0344892,-0.0979021,0.230783,0.402231,1.03049,-0.178603,-0.533746,-0.115576,-0.539321,0.523885,1.24987,2.06829,-0.104498,0.0925939,0.0594848,-1.22202,0.0982802,-3.01416,0.52588,-2.1166,-0.0631578,5.74101,0.621581,-0.00483122,-0.771686,
832,0.0237106,-0.124668,-0.380579,-0.278837,-0.239838,0,0.110571,0.00998894,0.546161,0.962623,0.0390781,-0.125294,0.23692,0.197448,1.01385,-0.346164,-0.53682,0.202998,-0.519905,0.523768,1.22478,1.87275,-0.238603,-0.51172,-0.151927,-0.984157,0.523058,-5.15901,-1.17889,-4.56673,-0.0593633,6.99228,-0.039011,-0.000786486,-0.229325,
833,0.0230502,-0.323357,-0.172323,-0.215031,-0.0912286,0,-0.06259,-0.00580443,0.505576,0.955803,0.0380224,-0.147515,0.251464,-0.123547,0.904994,-0.551344,-0.539679,0.545195,-0.522673,0.52375,1.19067,2.07892,-0.115274,-1.02991,-0.190336,-0.972341,0.953846,-7.65309,-3.15538,-0.491465,-0.0524981,3.03032,-0.0326764,-0.000717432,-1.12,
834,0.0208358,-0.320609,0.0711292,-0.116328,-0.0585058,0,-0.280284,-0.0268576,0.463964,0.951784,0.0465203,-0.136866,0.270573,-0.528005,0.711245,-0.533795,-0.537443,0.540174,-0.523556,0.523739,1.07628,1.85985,0.727764,-0.286761,0.03236,2.57965,0.0417503,-7.04922,-4.60237,0.343593,0.147965,-0.844616,0.0127587,0.0004554,-3.44106,
835,0.0164545,-0.271235,0.172069,0.0188692,0.0242823,0,-0.287197,-0.0278432,0.44547,0.96036,0.0161114,-0.075318,0.26791,-0.552505,0.492049,-0.525127,-0.529085,0.451647,-0.527349,0.523743,0.849964,2.21874,0.607187,-0.5341,-0.211511,2.51314,-0.105847,1.12638,-1.18645,0.0575604,0.177479,-2.73957,-0.165295,-0.000533102,-5.59603,
836,0.0102099,-0.162543,0.273957,0.0772787,0.144758,0,-0.249805,-0.0235808,0.405879,0.963668,-0.000753263,-0.0190118,0.266425,-0.466447,0.511924,-0.517761,-0.522304,0.265765,-0.540446,0.523713,0.527396,2.37828,0.555786,-1.0708,0.0617744,2.35877,-0.0335731,2.30617,0.710633,0.234139,0.00452088,-4.67956,-0.358482,-0.000330218,-7.29494,
837,0.00947478,0.00293207,0.307381,0.125054,0.133463,0,-0.158248,-0.0141472,0.379949,0.962495,0.000147152,-0.00171301,0.271294,-0.309531,0.557662,-0.478984,-0.523118,-0.00372076,-0.557459,0.523689,0.489425,2.77902,-0.522693,0.696838,-0.36886,-1.00201,0.80414,3.84935,1.02608,1.28917,-0.0123924,-5.95655,-0.201231,-7.51311e-05,1.00462,
838,0.0104312,0.241369,0.345592,0.168474,0.0556928,0,-0.0354908,-0.00241852,0.41994,0.956002,-0.00324075,-0.0132581,0.293043,-0.0676417,0.6292,-0.392153,-0.52345,-0.319405,-0.566936,0.523652,0.53883,3.00866,-0.513649,0.661707,-0.0541335,-0.152579,0.876907,5.84274,1.84934,2.18256,-0.00456836,-6.71253,-0.217726,0.00017081,0.971757,
839,0.012209,0.539887,-0.0075363,0.0385201,-0.0605055,0,0.140921,0.014073,0.44577,0.954681,0.00794853,-0.0256014,0.29642,0.278944,0.748932,-0.27423,-0.523751,-0.578209,-0.576875,0.523694,0.630664,2.78746,-0.314346,0.483785,0.41446,0.0948758,-1.37939,8.02544,2.92795,2.55001,-0.0196186,-0.0487106,-0.131796,0.0013681,2.67099,
840,0.0166221,0.17135,-0.0800205,-0.0926564,-0.223722,0,0.304248,0.0281663,0.476051,0.964541,0.038717,-0.0176151,0.260484,0.583466,0.893722,-0.160311,-0.525515,-0.524354,-0.575561,0.523727,0.858622,2.18987,0.092778,1.20677,0.134098,-1.14543,-0.553483,0.135556,2.95625,1.98005,-0.0259647,1.48096,0.215848,0.00596598,6.28073,
841,0.0230598,0.271172,-0.181558,-0.158423,-0.37684,0,0.295774,0.0251236,0.543142,0.96568,0.039485,-0.0628769,0.248897,0.530083,1.02116,-0.103964,-0.52642,-0.401249,-0.55688,0.523785,1.19117,1.9736,0.361448,1.21384,-0.694065,-1.8649,-0.423889,-1.44026,2.14448,0.288536,-0.0157595,3.47724,0.492017,-0.00199861,7.08157,
842,0.0241425,0.109381,-0.288829,-0.218862,-0.363864,0,0.239338,0.0202674,0.58546,0.966228,0.0354215,-0.097298,0.235971,0.426234,1.09665,-0.158254,-0.527557,-0.177869,-0.528603,0.523749,1.2471,1.70276,0.252519,0.529577,-0.512722,-1.10126,-0.377323,-2.7005,0.885733,-2.43824,-0.024384,5.43706,0.641957,-0.000176766,-0.685366,
843,0.0237427,-0.0804312,-0.364724,-0.273005,-0.242188,0,0.146202,0.0114805,0.597114,0.965169,0.0270259,-0.124474,0.228526,0.24149,1.09959,-0.343455,-0.528694,0.130526,-0.520003,0.523749,1.22644,1.49507,0.145095,-0.0735744,-0.667217,-0.886409,-0.024772,-4.6726,-0.754922,-4.94973,-0.0205421,6.88779,-0.092954,9.42227e-06,-0.172411,
844,0.0232921,-0.294623,-0.396661,-0.313915,-0.0894628,0,-0.0157205,-0.00301959,0.578124,0.963056,0.0160543,-0.146768,0.225223,-0.0528737,1.01253,-0.561154,-0.529621,0.493186,-0.522919,0.523753,1.20317,1.49812,0.268336,-0.64839,-0.547439,-0.743539,-0.567001,-7.0651,-2.71046,-0.320964,-0.0186335,7.62421,-0.0248619,0.000324212,-0.752226,
845,0.021544,-0.326333,0.0601632,-0.151839,-0.0713664,0,-0.263981,-0.0236335,0.536577,0.957033,0.0045773,-0.166217,0.23757,-0.470256,0.822471,-0.535899,-0.530004,0.550655,-0.524693,0.523728,1.11287,1.82525,0.477369,-0.923279,0.611984,0.143199,0.917372,-9.60196,-4.87634,0.420766,0.0511228,-0.794258,-0.0351293,-0.000271506,-2.8595,
846,0.0176777,-0.278892,0.151162,0.0186375,-0.000486164,0,-0.343323,-0.0285011,0.488081,0.958093,0.0348714,-0.135708,0.249852,-0.581906,0.556384,-0.525141,-0.524744,0.465173,-0.530495,0.523751,0.913153,2.10777,0.150935,-1.1734,1.73447,1.22845,0.00547464,1.6611,-5.75457,0.0634561,0.117946,-2.6229,-0.201898,-0.000186497,-5.10476,
847,0.0118822,-0.1728,0.284538,0.0819621,0.115425,0,-0.256915,-0.0246549,0.458076,0.957136,0.0151833,-0.0871226,0.275808,-0.475083,0.488695,-0.523693,-0.522892,0.282909,-0.543525,0.523684,0.61378,2.46637,0.944603,-0.218776,0.183512,3.07473,1.76694,2.60988,0.98031,-0.0182653,-0.0144633,-4.65763,-0.296165,-0.000805272,-6.87332,
848,0.00943432,-0.00634437,0.368162,0.14926,0.150421,0,-0.149123,-0.0160471,0.436452,0.947937,-0.00895115,-0.0309492,0.316823,-0.295923,0.5518,-0.503191,-0.523449,0.00876174,-0.562482,0.523677,0.487335,2.68941,0.996598,-0.655146,-0.450491,1.87677,1.66664,4.54128,1.5363,0.829342,-0.00642576,-6.29446,-0.459308,0.000149371,0.824173,
849,0.0102244,0.228432,0.37591,0.187499,0.0874909,0,-0.0191886,-0.00117992,0.410661,0.942644,0.000813204,-0.0158615,0.333421,-0.0134938,0.650015,-0.432936,-0.523642,-0.32351,-0.585019,0.523727,0.528149,3.41653,0.311299,0.585357,0.497514,-1.17771,-0.478356,6.58262,2.1577,1.97629,0.0025192,-6.85304,-0.198776,0.00126584,0.818677,
850,0.0118192,0.537769,0.0131304,0.0501979,-0.0213518,0,0.196431,0.0172715,0.476944,0.948539,6.80446e-05,-0.0315938,0.315082,0.370768,0.777214,-0.320228,-0.523828,-0.580195,-0.581441,0.52371,0.610528,3.50709,0.4327,1.22237,0.112039,-0.670622,-1.69402,8.87868,3.12925,2.55094,-0.0120378,0.0179875,0.107446,-0.000458386,2.44922,
851,0.0160361,0.19152,-0.0961099,-0.113739,-0.186181,0,0.303371,0.0276533,0.526666,0.957054,0.0108838,-0.0463984,0.285967,0.584749,0.938845,-0.200428,-0.524515,-0.517585,-0.573031,0.523608,0.828354,3.12946,0.434317,0.75687,0.203948,-0.630248,-0.634259,-1.18507,3.33797,2.23811,-0.0145704,1.96815,0.226595,0.00345906,6.23223,
852,0.0225984,0.305271,-0.210727,-0.172257,-0.356437,0,0.265654,0.0239238,0.551088,0.960912,0.0199012,-0.0582419,0.269926,0.507535,1.08078,-0.124849,-0.525217,-0.366621,-0.55694,0.523688,1.16733,3.06109,0.424198,0.214148,0.163834,-0.469516,-0.717739,-1.86201,2.34723,0.797014,-0.0139856,4.0536,0.415869,0.000542438,7.31762,
853,0.0244804,0.0740808,-0.309531,-0.23098,-0.374223,0,0.219502,0.0180729,0.5584,0.966062,0.0177391,-0.0689206,0.248314,0.377758,1.16346,-0.150694,-0.525989,-0.120177,-0.53275,0.523735,1.26455,2.25604,0.158493,0.105572,-0.7407,-0.560658,-0.971174,-3.3155,0.97139,-1.80976,-0.0132857,5.78701,0.55252,0.00044577,-1.10902,
854,0.023681,-0.12387,-0.3764,-0.284809,-0.264159,0,0.106063,0.00763189,0.549569,0.969976,0.00269908,-0.0841289,0.228172,0.159176,1.16827,-0.307151,-0.526568,0.201685,-0.519061,0.523748,1.22326,2.06046,0.057388,-0.457418,-0.834441,-0.304553,-0.545458,-5.40992,-0.765668,-4.42778,-0.0092049,7.07762,-0.090993,8.76995e-05,-0.535047,
855,0.0227342,-0.32429,-0.163119,-0.222981,-0.0825895,0,-0.0753915,-0.00870624,0.512583,0.971094,-0.0156089,-0.0914616,0.219928,-0.173604,1.07833,-0.554726,-0.526869,0.546904,-0.522807,0.523743,1.17435,2.21284,0.164403,-0.975972,-0.793477,-0.172395,0.128656,-7.87367,-2.81097,-2.19774,-2.15863e-05,3.02446,-0.0403678,-0.000462329,-1.40619,
856,0.0202477,-0.320506,0.057968,-0.0803977,-0.0413585,0,-0.330863,-0.0277058,0.463097,0.970944,-0.00423198,-0.0700456,0.228788,-0.564456,0.900029,-0.541544,-0.523144,0.539989,-0.525698,0.52373,1.04591,2.51042,0.181381,-1.07163,1.5428,1.39764,0.0639289,-3.2711,-4.31395,0.622481,0.0999257,-0.9272,-0.0830622,0.00121474,-3.71142,
857,0.0157055,-0.262348,0.176597,0.0227857,0.0339182,0,-0.303805,-0.0263471,0.426861,0.972307,0.0148056,-0.061544,0.224971,-0.545616,0.675509,-0.517009,-0.523044,0.436032,-0.535521,0.523738,0.811277,1.91073,-0.082555,-0.783028,0.709765,0.607948,0.156256,1.19466,-4.68162,0.341319,-0.0184889,-3.22382,-0.289769,-0.000669486,-5.75277,
858,0.00971387,-0.141343,0.285675,0.0840985,0.140042,0,-0.234382,-0.0226396,0.404633,0.967744,-0.00165442,-0.0205369,0.251092,-0.45666,0.496547,-0.495939,-0.523421,0.230548,-0.551379,0.523665,0.501775,2.35913,0.279052,-0.408633,-0.402531,1.39155,1.48629,2.37026,-0.256502,0.524275,-0.0043966,-5.06674,-0.372528,0.000212543,-2.90724,
859,0.00977878,0.0374152,0.350382,0.143222,0.104258,0,-0.174287,-0.0141682,0.378775,0.959544,-0.00272764,0.0075257,0.281444,-0.289552,0.522573,-0.444527,-0.52353,-0.0588533,-0.573194,0.523673,0.505128,2.51611,0.0652138,-0.477064,0.7799,-0.0968171,0.84953,4.24019,0.821681,1.52858,-0.00313509,-6.47283,-0.472787,0.00104366,0.575644,
860,0.0104867,0.279564,0.363512,0.182453,0.02667,0,-0.00845603,-0.000632428,0.416024,0.954399,-0.00969215,-0.00885772,0.298244,-0.0314999,0.579417,-0.351114,-0.523453,-0.393928,-0.586299,0.523693,0.541696,3.16068,-0.532177,0.936562,-0.36435,-0.282624,0.643567,6.25009,1.58593,2.20558,-0.00259756,-7.08805,-0.235811,-0.000636393,0.854258,
861,0.0122852,0.536622,-0.0554698,0.0237965,-0.0871076,0,0.168951,0.0169778,0.452733,0.955272,-0.00560965,-0.0228381,0.294791,0.339543,0.689592,-0.23722,-0.523803,-0.568188,-0.597414,0.523697,0.634599,2.976,-0.292433,0.553551,0.59258,-1.11725,-1.16586,8.55724,2.80198,2.3584,-0.0122024,0.818015,-0.208259,-9.92253e-05,2.84716,
862,0.016863,0.167465,-0.112087,-0.10969,-0.242413,0,0.273614,0.0284504,0.476634,0.961496,0.01741,-0.023271,0.273277,0.578265,0.829373,-0.138456,-0.52518,-0.500175,-0.602466,0.523471,0.871066,2.4128,-0.225686,0.501663,1.4187,0.0521369,-0.15293,-0.800787,2.77768,1.58211,-0.0430308,1.87174,0.00622664,-0.00182108,6.54757,
863,0.0234219,0.319415,-0.178674,-0.157938,-0.38314,0,0.289796,0.0241785,0.540157,0.962137,0.0232884,-0.0633066,0.264086,0.512796,0.945095,-0.103924,-0.526346,-0.369336,-0.590135,0.523929,1.20987,1.94308,0.424526,1.37685,-0.814335,-1.91924,-0.462852,-1.69129,1.85423,-0.198394,-0.0190239,3.46088,0.403271,-0.00484565,7.13874,
864,0.024261,0.0910128,-0.28428,-0.217203,-0.351175,0,0.226989,0.0187702,0.59041,0.962771,0.0172762,-0.0994174,0.250778,0.397229,1.0065,-0.183138,-0.527654,-0.147795,-0.566377,0.523778,1.25321,1.66924,0.305554,0.685704,-0.62684,-1.12778,-0.390997,-2.91823,0.612588,-2.94803,-0.0274387,5.37972,0.550196,-0.00127786,-0.894832,
865,0.0237315,-0.0957687,-0.355755,-0.269028,-0.211327,0,0.126501,0.00948437,0.609195,0.961241,0.008235,-0.129191,0.243431,0.202757,0.996461,-0.390898,-0.528915,0.155572,-0.53611,0.523752,1.22586,1.47126,0.213683,0.0586685,-0.709017,-1.00452,-0.0265575,-4.84437,-1.00161,-5.34316,-0.0225452,6.74427,0.660264,-0.000140781,-0.205778,
866,0.0231955,-0.302799,-0.380071,-0.307237,-0.089722,0,-0.0375689,-0.00541387,0.597518,0.959532,-0.00230534,-0.154912,0.23515,-0.0979407,0.89811,-0.557897,-0.529961,0.507869,-0.519375,0.523756,1.19818,1.51714,0.390604,-0.498935,-0.658702,-0.808294,-0.692846,-7.15427,-2.91749,0.408689,-0.0211586,7.34765,-0.0753873,3.23973e-05,-0.895143,
867,0.0212795,-0.327826,0.0744484,-0.145295,-0.0686918,0,-0.297445,-0.026072,0.566389,0.954466,-0.00790116,-0.167331,0.246844,-0.516887,0.699167,-0.531977,-0.529437,0.553397,-0.524202,0.523723,1.0992,1.80436,0.581667,-0.679397,1.07231,0.4617,0.903686,-9.57176,-5.02622,0.298381,0.0753027,-0.988964,-0.102475,-0.000143049,-3.06007,
868,0.0172247,-0.271657,0.178177,0.0283072,0.00840704,0,-0.336253,-0.0279106,0.527724,0.956581,0.0226174,-0.139448,0.254943,-0.565978,0.488858,-0.524725,-0.524302,0.452388,-0.53393,0.523748,0.889753,2.12774,0.25911,-0.956754,1.76264,0.446313,-0.0625982,1.53224,-0.307658,0.0418462,0.105345,-3.05415,-0.281582,-0.000349323,-5.29192,
869,0.0112741,-0.150912,0.302979,0.09386,0.126335,0,-0.212476,-0.0235588,0.484739,0.954431,0.0238192,-0.116015,0.273924,-0.45986,0.516308,-0.521861,-0.52297,0.246412,-0.552281,0.52369,0.582369,2.50194,0.732453,-0.685869,-1.44366,1.49466,1.705,2.69996,0.727034,0.06706,-0.0162755,-5.14019,-0.446191,-0.000790796,-6.98716,
870,0.00942224,0.0274228,0.366384,0.15081,0.148165,0,-0.147265,-0.0149816,0.47314,0.946072,-0.00296467,-0.0600638,0.318326,-0.273774,0.569228,-0.499444,-0.523372,-0.0357579,-0.574011,0.523641,0.486711,2.79676,1.00236,-0.314186,-0.0244145,2.3755,1.81646,4.73967,1.38094,0.889736,-0.00693312,-6.25454,-0.4889,0.000975978,0.945686,
871,0.0104159,0.293076,0.395864,0.198684,0.0806263,0,-0.0151984,-0.00022475,0.445009,0.935245,-0.0209952,-0.0118023,0.353182,0.0235416,0.663687,-0.42848,-0.523663,-0.367432,-0.600299,0.52368,0.53804,3.1415,0.811455,-0.505077,1.17571,-0.313508,0.0254639,6.99533,2.32354,1.98283,-0.00934561,-6.97938,-0.531622,0.00336183,1.13209,
872,0.012533,0.52877,-0.00957207,0.0414016,-0.0395949,0,0.188218,0.0195675,0.459051,0.948398,0.0247865,-0.00258241,0.316103,0.427012,0.800576,-0.314649,-0.525292,-0.565608,-0.612004,0.523741,0.647399,3.31988,0.690282,0.81461,1.75456,1.13196,-2.83445,9.23575,3.21613,2.54667,-0.0547562,0.5718,0.0235792,-0.00106317,3.20327,
873,0.0174256,0.108779,-0.0840837,-0.11605,-0.213843,0,0.294508,0.0269842,0.513448,0.959613,0.0545682,-0.0127023,0.27569,0.579106,0.965478,-0.199447,-0.527167,-0.503011,-0.606582,0.523751,0.900128,2.31412,0.669034,1.23203,0.483715,-2.35692,-0.758944,-1.38106,3.37772,2.0777,-0.0223428,1.8889,0.190941,-0.000995931,6.86246,
874,0.0242051,0.428673,-0.181856,-0.171256,-0.377917,0,0.279937,0.0225922,0.582889,0.96566,0.0576997,-0.0557596,0.247107,0.496378,1.10868,-0.136189,-0.528346,-0.361897,-0.587484,0.523769,1.25033,2.05404,0.893169,1.27288,-0.738823,-1.29173,-1.25956,-1.92601,2.36064,0.460412,-0.0258608,3.79197,0.512318,-0.00129236,5.86212,
875,0.0242928,0.0776425,-0.281593,-0.231889,-0.352231,0,0.21118,0.0165277,0.629107,0.972519,0.0498784,-0.075863,0.21439,0.368707,1.19227,-0.182316,-0.529933,-0.125979,-0.558665,0.523752,1.25486,1.79802,0.814725,0.627913,-0.58104,-0.602277,-1.17918,-3.16736,0.994829,-2.28328,-0.0317318,5.62386,0.643875,-3.51857e-05,-0.997205,
876,0.0236237,-0.114608,-0.345943,-0.283567,-0.230673,0,0.102597,0.00660516,0.646118,0.977135,0.0398781,-0.0906198,0.188163,0.162465,1.1981,-0.357826,-0.531385,0.186452,-0.524222,0.52375,1.2203,1.60046,0.761277,0.0506217,-0.612205,-0.442184,-0.816375,-5.06598,-0.748563,-4.7176,-0.0257921,6.86363,0.733916,-3.40375e-05,-0.390433,
877,0.0228458,-0.320528,-0.297111,-0.291515,-0.0786031,0,-0.0671514,-0.00873593,0.635476,0.980716,0.0275769,-0.0984647,0.166555,-0.147724,1.10924,-0.563939,-0.532505,0.540023,-0.520258,0.523753,1.18012,1.69088,0.927496,-0.447589,-0.550166,-0.219493,-1.11089,-7.31013,-2.7864,-0.196831,-0.0202589,5.99083,-0.0994655,-9.95025e-05,-1.206,
878,0.0205777,-0.326673,0.0982387,-0.132946,-0.0517593,0,-0.280911,-0.0288596,0.601933,0.98083,0.0136503,-0.106023,0.162928,-0.558742,0.919463,-0.536053,-0.53331,0.551277,-0.526756,0.523729,1.06295,2.06893,1.03099,-0.928293,-0.641012,-0.0111074,0.121127,-7.38679,-4.79171,0.455861,-0.0152463,-1.15419,-0.160035,0.000612081,-3.4691,
879,0.0161443,-0.267422,0.196352,0.0107914,0.0285424,0,-0.274257,-0.0285097,0.54302,0.983407,-0.00784439,-0.10661,0.146574,-0.561019,0.661262,-0.522161,-0.53379,0.444933,-0.540061,0.523748,0.833943,2.32295,0.757661,-1.43525,-0.995664,0.317847,-0.609466,1.69164,-5.53109,0.0832836,-0.0080119,-3.09937,-0.366962,-0.000473312,-5.67463,
880,0.00982665,-0.149265,0.283431,0.0674112,0.147527,0,-0.276757,-0.0222506,0.467762,0.986553,-0.0089544,-0.082278,0.140935,-0.443786,0.473254,-0.510517,-0.532266,0.243678,-0.562839,0.523682,0.507601,2.33874,0.419001,-1.45033,1.79512,1.62516,0.438599,2.97865,0.455217,0.411535,0.0917622,-4.94189,-0.538655,-0.000694137,-6.02253,
881,0.00956393,0.0296844,0.357948,0.129897,0.124142,0,-0.124824,-0.0126595,0.418896,0.983916,-0.0102936,-0.0221237,0.176956,-0.247847,0.523957,-0.467718,-0.522568,-0.0396114,-0.587273,0.523622,0.49403,3.06249,0.371344,-0.906739,-0.392246,2.84378,1.88579,4.85341,1.25581,1.32603,0.106662,-6.44874,-0.497833,0.000900361,0.896341,
882,0.010558,0.299521,0.333433,0.158621,0.0438265,0,0.0432484,0.00367147,0.408213,0.981521,-0.00845374,-0.00979061,0.190918,0.0435123,0.59913,-0.378457,-0.522907,-0.371852,-0.604671,0.523738,0.545378,3.66184,-0.924732,1.36754,-0.823088,-0.511244,-0.444902,6.69546,1.5254,2.22188,-0.0325281,-6.70704,0.063548,0.000750779,1.16157,
883,0.0127184,0.525514,-0.0491217,0.00915193,-0.0797631,0,0.234865,0.0220021,0.475881,0.985907,-0.0177091,-0.0283027,0.163932,0.43005,0.699182,-0.260966,-0.524859,-0.561502,-0.597565,0.52371,0.656977,3.52716,-0.667142,1.14036,-0.226583,-0.773186,-1.84456,8.77914,2.52804,2.47949,-0.0431021,0.486816,0.16192,-0.000844399,3.28095,
884,0.0176767,0.111906,-0.138858,-0.146627,-0.246866,0,0.306997,0.0289031,0.520989,0.98928,-0.0184247,-0.0476206,0.136812,0.575003,0.82403,-0.155707,-0.527066,-0.494928,-0.58568,0.52361,0.913099,3.16663,-0.588416,0.657775,-0.18649,-0.714805,-0.615431,-1.28398,2.46936,1.74578,-0.0436047,2.14481,0.312235,0.000957286,6.93477,
885,0.0242432,0.409623,-0.252905,-0.207559,-0.390737,0,0.259885,0.0246494,0.539417,0.990373,-0.0204077,-0.0623849,0.121874,0.486928,0.917558,-0.115234,-0.529248,-0.33473,-0.565239,0.523685,1.25229,3.00474,-0.600121,0.0317742,-0.0466025,-0.0967566,-0.673595,-2.23424,1.28062,-0.111822,-0.0487411,4.25119,0.5012,0.00104549,2.87253,
886,0.0240671,0.0494993,-0.337805,-0.263992,-0.34236,0,0.170017,0.0171312,0.537072,0.991526,-0.013598,-0.0647158,0.111821,0.332574,0.940801,-0.192083,-0.532061,-0.0802102,-0.536275,0.523723,1.2432,1.97966,-0.58419,0.168572,0.387332,-0.81912,-0.067851,-3.90737,-0.352074,-2.94452,-0.061681,5.91713,0.658703,0.000620191,-0.650755,
887,0.0236254,-0.14643,-0.384354,-0.306405,-0.204473,0,0.0400704,0.00495436,0.531513,0.989852,-0.0055775,-0.0802855,0.117119,0.0801356,0.874964,-0.39826,-0.53504,0.238965,-0.519245,0.523744,1.22038,1.75395,-0.630872,-0.390355,0.146917,-0.482965,0.464408,-6.17034,-2.26688,-5.28417,-0.0568254,6.84284,-0.0772735,0.000144131,-0.265217,
888,0.0228551,-0.33241,-0.155575,-0.236019,-0.0808966,0,-0.159952,-0.0133215,0.498493,0.987764,-0.00136774,-0.0889225,0.128111,-0.2903,0.707913,-0.560824,-0.537769,0.561826,-0.522821,0.523748,1.18059,2.08265,-0.458734,-0.892585,0.143666,-0.463576,0.741539,-8.62646,-4.39605,0.502137,-0.0502599,2.5243,-0.0467884,-0.000814108,-1.31044,
889,0.020438,-0.319408,0.0534877,-0.0409085,-0.0522161,0,-0.357542,-0.0279291,0.446502,0.984137,0.0121642,-0.0897599,0.152542,-0.601418,0.481276,-0.531226,-0.538769,0.537978,-0.527366,0.523748,1.05574,2.39429,-0.750757,-1.03007,1.96939,0.346157,0.287481,0.566978,-1.15788,0.401805,0.04502,-1.38935,-0.125779,0.000569984,-3.67064,
890,0.0158588,-0.247214,0.207431,0.0275724,0.0338785,0,-0.276033,-0.0257937,0.427206,0.985343,0.00678046,-0.0542411,0.161589,-0.529852,0.507541,-0.521511,-0.53273,0.409638,-0.537564,0.52372,0.819195,2.33296,0.0430018,-0.141977,-0.203241,2.07198,0.828808,1.63881,0.695486,-0.0317501,0.209325,-3.72056,-0.265344,-0.000637718,-5.7836,
891,0.00952022,-0.109444,0.300361,0.0895885,0.157769,0,-0.215998,-0.0199628,0.406146,0.983296,-0.00677121,-0.00366901,0.181849,-0.412274,0.546452,-0.516799,-0.523004,0.177978,-0.555269,0.523703,0.491773,2.49286,-0.031175,-0.68625,-0.201948,1.93508,0.840176,3.05354,0.861328,0.218868,0.0869691,-5.53306,-0.44069,-0.000157835,-5.90477,
892,0.00948744,0.102285,0.326403,0.13586,0.132157,0,-0.110401,-0.00889133,0.400361,0.97991,-0.00335202,-0.0159837,0.19877,-0.214023,0.601722,-0.477407,-0.522995,-0.127413,-0.575636,0.523669,0.490079,2.71164,-0.890059,0.767177,-0.233829,-0.257866,1.1814,4.82622,1.31196,1.32257,-0.01404,-6.5465,-0.291383,-0.00394498,1.05739,
893,0.0108585,0.431064,0.336184,0.16813,0.0443513,0,0.0606615,0.00568944,0.439612,0.975546,-0.0119532,-0.0325041,0.217051,0.0780703,0.687594,-0.388169,-0.523598,-0.464892,-0.588335,0.523676,0.560902,3.07825,-1.12646,1.28025,-0.766923,-0.710011,0.180283,6.76684,1.9878,2.24331,-0.0145653,-6.8795,-0.0864092,0.000856542,1.77539,
894,0.0140624,0.376844,-0.0761381,0.0073844,-0.101297,0,0.245165,0.0241248,0.494682,0.977865,-0.0100239,-0.0588867,0.200528,0.470046,0.813818,-0.269066,-0.524722,-0.557357,-0.590545,0.523686,0.726404,2.89162,-0.775008,0.897598,0.22793,-1.36508,-1.16701,8.89354,3.06641,2.50673,-0.0256877,0.906757,-0.0148154,-0.000493142,4.82117,
895,0.0199377,0.0974921,-0.162797,-0.150001,-0.282908,0,0.299837,0.0290353,0.530353,0.980798,-0.00214387,-0.0692295,0.182314,0.575767,0.964399,-0.166042,-0.526509,-0.471585,-0.585737,0.52367,1.02989,2.47701,-0.644948,0.471231,0.162069,-0.122183,-0.50562,-1.49728,2.96334,1.63019,-0.0385094,2.54786,0.189245,0.000275478,7.30613,
896,0.0249562,0.178767,-0.275584,-0.209611,-0.38975,0,0.248171,0.0242801,0.546977,0.982069,0.015524,-0.0667165,0.17564,0.474034,1.08018,-0.138154,-0.528942,-0.29291,-0.571165,0.523699,1.28913,1.63557,-0.75231,0.425704,0.184662,-0.208823,-0.552888,-2.58551,1.69376,-0.492453,-0.0494664,4.59658,0.382158,0.00137392,-0.541055,
897,0.0239907,0.0147665,-0.356287,-0.265634,-0.316091,0,0.158304,0.0158253,0.554506,0.983588,0.0199126,-0.0671748,0.166271,0.297252,1.12422,-0.233073,-0.531402,-0.0239081,-0.548057,0.523745,1.23925,1.42798,-0.826732,-0.115276,0.0860353,0.0476075,-0.21159,-4.46944,0.0804714,-3.28182,-0.0475907,6.15003,0.542375,0.000396987,-0.618153,
898,0.0234565,-0.185712,-0.397883,-0.307916,-0.16655,0,0.010816,0.00215658,0.535574,0.983817,0.0202675,-0.061735,0.166977,0.0139328,1.07914,-0.45091,-0.533655,0.304575,-0.520261,0.523748,1.21166,1.12235,-0.878059,-0.544622,-0.135911,0.131424,0.285662,-6.84289,-1.86801,-5.41624,-0.0396201,6.9833,0.233237,0.000524732,-0.466954,
899,0.022415,-0.338836,-0.0318356,-0.184279,-0.0780132,0,-0.196649,-0.0179388,0.506723,0.982467,0.00945121,-0.0760158,0.169972,-0.391823,0.93144,-0.551995,-0.535272,0.573707,-0.521757,0.523746,1.15786,1.29662,-0.643229,-0.797368,-0.583395,-0.622755,0.831161,-9.37589,-4.02558,0.637386,-0.0273792,0.192606,-0.0754969,-0.00102477,-1.72155,
900,0.0195851,-0.309176,0.073818,-0.0226601,-0.0365133,0,-0.321686,-0.0260692,0.457372,0.980705,0.00174633,-0.0840832,0.176477,-0.566107,0.701005,-0.528958,-0.535186,0.519383,-0.528689,0.523754,1.01168,1.53898,-0.837783,-1.0275,1.07394,0.696079,-0.312434,0.932548,-5.17818,0.208689,0.0865759,-1.80322,-0.189347,-0.000337171,-4.11773,
901,0.0146017,-0.228572,0.202845,0.0306188,0.0612008,0,-0.265677,-0.0242664,0.416639,0.981904,0.00467764,-0.0422301,0.184553,-0.50787,0.496698,-0.524326,-0.527525,0.377445,-0.540854,0.523701,0.754258,1.97827,-0.230495,-0.364396,-0.170444,2.62755,1.21911,1.37525,-0.40478,0.0261429,0.26794,-3.79441,-0.261986,-0.000937947,-6.15894,
902,0.00945675,-0.0887333,0.283216,0.0913804,0.155615,0,-0.222066,-0.018631,0.387187,0.976866,-0.0101774,0.0108509,0.213332,-0.404236,0.517608,-0.511668,-0.52241,0.144078,-0.557937,0.523694,0.488494,1.9945,-0.589992,-0.529178,0.24918,-0.162217,0.875756,2.70587,0.586327,0.484112,-0.0251373,-5.52455,-0.40304,0.00117417,-0.608227,
903,0.00988945,0.0977936,0.326665,0.138989,0.113053,0,-0.110854,-0.00946647,0.390263,0.970855,-0.00439749,-0.00439555,0.239587,-0.225937,0.559311,-0.460887,-0.523268,-0.158891,-0.575821,0.523675,0.510845,2.63319,-0.89203,0.598237,-0.486636,-0.118445,1.38168,4.40823,1.07272,1.53161,-0.00848519,-6.55287,-0.29605,0.00407433,0.434038,
904,0.0106542,0.38216,0.343428,0.174099,0.0325042,0,0.0287545,0.00384123,0.423721,0.9658,-0.00769615,-0.0171633,0.258605,0.0445024,0.634224,-0.364669,-0.523492,-0.496112,-0.589171,0.5237,0.550347,2.84988,-0.996921,0.591516,-0.191201,-0.108159,0.691154,6.45994,1.95642,2.29153,-0.00274576,-6.9499,-0.259459,-0.000929447,1.12891,
905,0.0130731,0.493922,-0.0663643,0.013069,-0.098384,0,0.196098,0.0216174,0.453554,0.972472,0.00976317,-0.0216047,0.231809,0.420043,0.758411,-0.243957,-0.52441,-0.54815,-0.597759,0.523705,0.675299,2.65509,-0.727066,0.578173,1.25188,-0.337915,-1.90941,8.5651,2.99684,2.50257,-0.030743,0.759828,-0.0826025,-0.000850425,3.84564,
906,0.0183801,0.141553,-0.101486,-0.124043,-0.269446,0,0.318729,0.0275105,0.491104,0.977061,0.026827,-0.0344856,0.20843,0.568173,0.90689,-0.141107,-0.525694,-0.478786,-0.594067,0.523755,0.949432,1.9683,0.0416652,1.57083,-0.88844,-1.77241,-0.466883,-1.06634,2.954,1.65072,-0.016234,1.8364,0.321908,0.00830285,6.9434,
907,0.0246244,0.31915,-0.213601,-0.184101,-0.400966,0,0.287535,0.0238393,0.56695,0.978726,0.00688858,-0.0790906,0.189191,0.497778,1.02829,-0.108765,-0.52659,-0.3349,-0.571449,0.523782,1.27199,1.71661,0.193262,1.1752,-1.05375,-1.13251,-0.794546,-1.75215,1.90871,-0.351242,-0.0233067,3.97285,0.538592,-0.00187787,1.65033,
908,0.0240748,0.0549425,-0.313508,-0.245281,-0.338494,0,0.223401,0.017903,0.609571,0.979781,-0.0123566,-0.105247,0.169706,0.372966,1.08756,-0.198734,-0.527837,-0.0890477,-0.540998,0.523754,1.2436,1.49438,0.121275,0.548936,-1.02227,-0.793925,-0.572415,-3.22677,0.47405,-3.22424,-0.0236652,5.84373,0.680509,-7.05827e-05,-0.70666,
909,0.0235991,-0.144858,-0.38049,-0.298143,-0.191221,0,0.111776,0.00757928,0.62185,0.97882,-0.0344108,-0.126234,0.157453,0.158082,1.06555,-0.417729,-0.528877,0.236359,-0.519769,0.52375,1.21903,1.27351,0.057086,-0.0557524,-1.10215,-0.51437,-0.194459,-5.35048,-1.34078,-5.51765,-0.0172618,7.1624,-0.0364814,-6.52264e-05,-0.280041,
910,0.0228203,-0.33559,-0.0932262,-0.20826,-0.0796476,0,-0.0680402,-0.00874319,0.605244,0.977563,-0.0570492,-0.140778,0.145935,-0.171793,0.945297,-0.561636,-0.529621,0.567697,-0.522637,0.523746,1.1788,1.64715,0.238488,-0.543079,-1.06234,-0.511158,0.119997,-7.82809,-3.45118,0.682151,-0.0102645,1.80248,-0.0358894,-0.000950388,-1.31251,
911,0.0203792,-0.319954,0.0685121,-0.088628,-0.0511808,0,-0.31444,-0.0269626,0.578235,0.97833,-0.0493109,-0.12376,0.158502,-0.550307,0.738406,-0.531,-0.526212,0.538981,-0.525374,0.523731,1.0527,1.79891,0.1477,-0.647326,1.0963,1.16845,0.236526,-3.27219,-4.8167,0.367279,0.100408,-1.13518,-0.0828385,0.00126648,-3.70584,
912,0.0157445,-0.257147,0.185092,0.0113945,0.0362581,0,-0.315578,-0.0262988,0.53513,0.982657,-0.0263977,-0.0869137,0.161664,-0.542078,0.500943,-0.521608,-0.523031,0.426932,-0.53445,0.523739,0.81329,1.96646,-0.00931116,-1.08763,1.33728,1.08381,0.139147,0.9976,-2.00674,-0.000922169,-0.00491979,-3.3375,-0.274038,-0.000487152,-5.84852,
913,0.00968601,-0.126957,0.294662,0.076803,0.153298,0,-0.27384,-0.0221779,0.468787,0.983751,0.00617043,-0.0599203,0.169132,-0.459943,0.509976,-0.515003,-0.523494,0.206777,-0.552481,0.523711,0.500336,2.14712,-0.0895762,-1.54381,1.29366,0.382355,0.319247,2.2785,0.634758,0.262391,-0.00551538,-5.45575,-0.447699,-0.000323437,-2.91326,
914,0.00977079,0.0637599,0.364736,0.134552,0.127557,0,-0.171287,-0.0146231,0.414535,0.9786,-0.00711125,-0.0271681,0.203844,-0.296247,0.554332,-0.478966,-0.523381,-0.0995778,-0.573933,0.523559,0.504715,3.28338,0.142295,-0.400108,0.497156,3.47759,2.04227,4.25682,1.14119,1.08675,0.0042039,-6.72088,-0.379234,0.00997103,0.59038,
915,0.010589,0.350552,0.372289,0.177339,0.058392,0,-0.0286094,-0.000102824,0.409848,0.974526,0.0140017,0.0077956,0.223703,-0.0307269,0.628862,-0.400824,-0.523563,-0.455189,-0.590667,0.523781,0.546983,3.7593,-0.824097,0.468606,0.499693,-0.0688412,-0.0163661,6.32883,1.79362,2.01465,-0.00273787,-7.43846,-0.214457,-0.00118783,1.09511,
916,0.0128534,0.511521,-0.0669637,0.00510432,-0.0624812,0,0.179996,0.0176389,0.437955,0.979963,0.0191752,-0.00391624,0.198214,0.345859,0.747934,-0.290486,-0.523699,-0.559113,-0.598484,0.523747,0.663948,3.24875,-0.502796,0.606566,0.25853,-0.760483,-1.6817,8.71682,2.93248,2.38766,-0.00941368,0.900975,-0.088195,-0.00171889,3.56424,
917,0.0179723,0.121585,-0.121025,-0.133804,-0.232657,0,0.309502,0.028706,0.493688,0.983619,0.0227038,-0.0341166,0.175537,0.584175,0.889077,-0.186637,-0.524472,-0.485405,-0.592959,0.523412,0.92837,2.38528,-0.2072,1.26147,-0.0932258,-1.58887,-0.0258346,-0.967817,2.7402,1.77039,-0.019034,2.04373,0.236301,0.00485253,6.98677,
918,0.0245882,0.391668,-0.236927,-0.192899,-0.380955,0,0.271465,0.0251065,0.543104,0.981612,0.0264895,-0.0724607,0.174604,0.509534,0.998237,-0.142375,-0.525365,-0.329743,-0.576196,0.523892,1.27012,2.21494,-0.220271,0.680532,-0.0534259,-1.3091,-0.0306644,-1.91037,1.63497,0.0147239,-0.0202512,4.16963,0.431022,-0.00377938,2.6452,
919,0.0241463,0.0476279,-0.329809,-0.249286,-0.332426,0,0.201317,0.0186205,0.560995,0.979386,0.0302233,-0.0959963,0.175143,0.372724,1.04254,-0.210899,-0.526566,-0.0771701,-0.5507,0.523777,1.24729,1.96668,-0.311463,0.0618832,-0.0568242,-0.824136,0.184249,-3.54656,0.149242,-2.73349,-0.0243992,5.91562,0.590491,-0.000952984,-0.807094,
920,0.0235503,-0.151665,-0.389047,-0.295952,-0.198674,0,0.0806182,0.00745872,0.549137,0.975857,0.0293646,-0.114169,0.183864,0.139292,1.00395,-0.404901,-0.527735,0.247653,-0.520273,0.523753,1.2165,1.75211,-0.412625,-0.531184,-0.21086,-0.55123,0.616891,-5.77159,-1.67948,-5.00897,-0.0217095,7.06796,0.260907,-0.000160381,-0.427877,
921,0.0226078,-0.336659,-0.101622,-0.200992,-0.0770403,0,-0.108972,-0.00991457,0.509513,0.971783,0.0239965,-0.125817,0.198071,-0.212783,0.867512,-0.559165,-0.528737,0.569674,-0.521563,0.523746,1.16782,2.08425,-0.247241,-0.996674,-0.266188,-0.517909,1.09319,-8.29156,-3.75838,0.482186,-0.0156955,1.67082,-0.0682082,-0.000890635,-1.50245,
922,0.0199898,-0.319143,0.0746474,-0.0567809,-0.0427719,0,-0.326045,-0.0289392,0.455841,0.965751,0.0317513,-0.122134,0.226715,-0.589812,0.647013,-0.531793,-0.526831,0.537499,-0.526177,0.523738,1.03259,2.2177,0.183307,-0.633723,0.736996,1.9188,0.232981,-1.74278,-5.06082,0.328187,0.157086,-1.22421,-0.0999354,0.000956067,-3.89548,
923,0.0151845,-0.254399,0.204813,0.0326967,0.0488915,0,-0.282835,-0.027218,0.432751,0.969829,0.0101193,-0.0639338,0.235037,-0.543194,0.495833,-0.523535,-0.52248,0.422139,-0.535514,0.523726,0.784365,2.42282,0.504218,-0.509327,-0.198173,2.44841,0.578318,1.53128,0.304051,0.0129694,-0.0195807,-3.40365,-0.269658,-0.000481352,-6.01676,
924,0.00934482,-0.125684,0.303112,0.0948257,0.159288,0,-0.237639,-0.0217825,0.394231,0.968492,-0.00732056,-0.00710902,0.248835,-0.43137,0.524422,-0.513869,-0.523524,0.204679,-0.553659,0.523702,0.482712,2.58712,0.498794,-0.914465,0.319806,2.07394,0.543316,2.92877,0.698548,0.373248,-0.00743844,-5.27868,-0.449271,-0.000411996,-1.75806,
925,0.00976496,0.0585079,0.330639,0.142952,0.119819,0,-0.126557,-0.0108631,0.39305,0.964373,-0.00167067,-0.00944655,0.264371,-0.240817,0.570428,-0.467255,-0.523009,-0.0894322,-0.571725,0.523682,0.504414,2.93884,-0.492011,0.96184,-0.157768,-0.197621,1.08582,4.66547,1.12999,1.47321,0.00343926,-6.39948,-0.240327,-0.00147617,0.629305,
926,0.0105684,0.321388,0.360015,0.184252,0.0402371,0,0.0294214,0.0030866,0.431367,0.957408,-0.0082762,-0.0162616,0.288162,0.0470649,0.651323,-0.373489,-0.523429,-0.424085,-0.584707,0.523667,0.545919,3.07343,-0.475417,0.578007,-0.160704,-0.540128,0.665104,6.81232,2.08697,2.2803,-0.00929693,-6.98344,-0.280437,0.000570843,1.03045,
927,0.0126783,0.524048,-0.0467956,0.0266952,-0.0847833,0,0.205041,0.0219642,0.465199,0.963643,0.00985945,-0.0255614,0.265784,0.441804,0.782444,-0.252352,-0.524708,-0.553733,-0.592454,0.523712,0.654906,2.81152,-0.306098,0.851957,1.35766,0.116712,-2.17283,8.97985,3.1151,2.54837,-0.0495868,0.655306,0.01316,-0.000489665,3.30094,
928,0.0176376,0.144091,-0.121534,-0.124528,-0.253079,0,0.2811,0.0278385,0.49831,0.971,0.042092,-0.0185418,0.234614,0.566098,0.939277,-0.144813,-0.527067,-0.485615,-0.587729,0.523637,0.911079,2.43928,-0.212877,0.739751,0.800362,-1.89268,-0.340151,-1.10563,3.16659,1.76772,-0.0264516,2.04962,0.193229,0.00328523,6.84789,
929,0.0240659,0.422763,-0.185931,-0.17447,-0.394836,0,0.282041,0.0229459,0.569539,0.974341,0.040716,-0.0657465,0.211373,0.490449,1.07102,-0.102844,-0.528415,-0.346232,-0.564943,0.52383,1.24314,1.94267,0.512441,1.48846,-0.97012,-1.33186,-1.22436,-1.92242,2.10855,-0.0885717,-0.0331264,3.64558,0.613012,-0.0020092,2.93933,
930,0.0240209,0.0723076,-0.28559,-0.235295,-0.349479,0,0.215665,0.0168175,0.627621,0.978742,0.0257096,-0.0943031,0.180307,0.362326,1.14177,-0.178835,-0.530174,-0.117287,-0.531069,0.523764,1.24081,1.722,0.458963,0.859154,-0.924042,-0.919016,-1.05171,-3.19031,0.732729,-2.92806,-0.0338772,5.4943,0.743321,-0.000583507,-0.566,
931,0.0237148,-0.116565,-0.351199,-0.287649,-0.214621,0,0.107878,0.00677455,0.655911,0.980741,0.00698551,-0.117408,0.155926,0.154266,1.13416,-0.385333,-0.531698,0.189667,-0.520077,0.52375,1.225,1.51189,0.424623,0.264274,-1.02363,-0.663125,-0.68815,-5.11552,-1.023,-5.31268,-0.0265314,6.77431,-0.0863975,-0.00012752,-0.122776,
932,0.0231832,-0.320579,-0.304236,-0.297512,-0.0919809,0,-0.0660542,-0.00876962,0.654749,0.982161,-0.0111952,-0.134506,0.130928,-0.158947,1.03129,-0.554188,-0.532901,0.540115,-0.523063,0.523754,1.19754,1.66333,0.624201,-0.275116,-0.852731,-0.537177,-1.13616,-7.38738,-3.07543,0.301278,-0.0228113,5.95383,-0.027797,-0.000330145,-0.965325,
933,0.0211416,-0.326653,0.0825239,-0.0986942,-0.0663364,0,-0.266069,-0.0277337,0.630335,0.980193,-0.0331549,-0.149085,0.126079,-0.551284,0.826303,-0.53135,-0.533789,0.55124,-0.526142,0.523735,1.09208,2.09523,0.577326,-0.727155,-1.14417,-0.266341,-0.290074,-3.64753,-5.10785,0.274248,-0.0140293,-1.13608,-0.0957388,0.00145231,-3.24051,
934,0.0169163,-0.269116,0.173584,-0.00473308,0.0146832,0,-0.305126,-0.0267653,0.587857,0.982108,-0.0494836,-0.14204,0.113313,-0.543862,0.558829,-0.524765,-0.533076,0.447917,-0.535857,0.523733,0.873819,2.1036,0.216253,-0.824396,0.810959,1.77608,0.18857,1.07071,-5.59121,0.044392,0.0772537,-2.99474,-0.286057,-0.000873998,-5.48346,
935,0.010787,-0.15085,0.27991,0.0586918,0.134318,0,-0.278094,-0.0225412,0.537592,0.986907,-0.0234276,-0.101579,0.123073,-0.460377,0.490782,-0.519294,-0.528966,0.246306,-0.554427,0.523709,0.557206,2.24099,0.113544,-1.24682,1.47708,1.29961,0.375346,2.26054,0.898727,0.16342,0.0808671,-5.05148,-0.458475,-6.29536e-05,-7.1682,
936,0.00966252,0.0333925,0.355453,0.119508,0.135079,0,-0.141591,-0.014456,0.46922,0.986869,-0.00793148,-0.0833116,0.138154,-0.299262,0.545693,-0.486984,-0.524297,-0.0500289,-0.580292,0.523638,0.499123,2.74239,-0.0436602,-1.07893,-0.849759,1.46513,1.61298,4.15273,1.27061,1.04317,0.160461,-6.63923,-0.500897,-0.00623912,0.665086,
937,0.0103914,0.276758,0.377015,0.162714,0.0756998,0,-0.0338623,-0.00154111,0.441271,0.983136,-0.0178799,-0.00160866,0.181991,-0.032419,0.629464,-0.420473,-0.522648,-0.388036,-0.602728,0.523709,0.536772,3.48877,-0.0195707,-0.637503,0.681792,2.7085,1.29018,6.46111,2.04916,1.7893,-0.028867,-7.06838,-0.464688,0.0019247,0.863416,
938,0.0121814,0.535639,-0.0339289,0.0018714,-0.0314755,0,0.206197,0.0162955,0.436693,0.986332,0.0244229,0.00241019,0.162933,0.342435,0.754231,-0.316127,-0.524358,-0.56507,-0.618898,0.523921,0.629238,2.43482,0.195738,1.16471,-0.962294,-0.472232,-0.931643,8.6308,2.99058,2.30026,-0.0250675,0.717831,0.0129581,0.00865157,2.69339,
939,0.0166218,0.198092,-0.112332,-0.1415,-0.1916,0,0.309918,0.0277791,0.492072,0.989122,0.020827,-0.0286283,0.142773,0.581364,0.898506,-0.209601,-0.525829,-0.492301,-0.613725,0.523737,0.858611,2.13257,0.262166,0.892124,-0.176734,-1.27229,-0.187054,-0.883279,2.81474,1.94309,-0.0308066,2.15987,0.161802,-0.00377878,6.45029,
940,0.023358,0.347503,-0.209438,-0.198206,-0.355549,0,0.298669,0.0238308,0.533746,0.98924,0.0112774,-0.0633645,0.131386,0.511856,1.00985,-0.148941,-0.527192,-0.333517,-0.599139,0.52374,1.20657,1.99111,0.603853,0.911275,-1.24362,-1.3104,-0.847334,-1.76544,1.64754,0.503809,-0.0246742,4.13408,0.444085,0.000650765,7.42697,
941,0.0242699,0.0477803,-0.312963,-0.261136,-0.34786,0,0.229908,0.017848,0.560683,0.990596,-0.0108295,-0.0834406,0.107886,0.387049,1.05375,-0.188947,-0.528788,-0.0774188,-0.573461,0.523748,1.25367,1.68746,0.559622,0.224284,-0.988615,-0.445509,-0.798177,-3.21162,0.121468,-2.08319,-0.0331648,6.08793,0.586616,-3.81743e-05,-0.900579,
942,0.0235857,-0.159721,-0.381144,-0.314875,-0.232412,0,0.117282,0.00753988,0.557107,0.990817,-0.0334063,-0.0941833,0.0910802,0.173032,1.01162,-0.353999,-0.530337,0.261055,-0.541547,0.523749,1.21833,1.46194,0.511107,-0.367118,-0.994977,-0.174688,-0.379715,-5.33071,-1.79209,-4.49983,-0.0282698,7.44006,0.690281,-3.37685e-06,-0.516375,
943,0.0225232,-0.3333,-0.0206662,-0.190555,-0.0791568,0,-0.0876277,-0.00838666,0.531958,0.991289,-0.0458678,-0.076133,0.0971945,-0.157208,0.866107,-0.553524,-0.530064,0.563473,-0.517121,0.523728,1.16345,1.74585,0.447089,-0.567445,0.0980876,1.40388,1.23926,-7.85134,-4.00726,-0.391396,0.040896,0.627827,-0.0542494,-0.00037228,-1.66084,
944,0.0197735,-0.314917,0.0775446,-0.128322,-0.0369139,0,-0.300531,-0.0272183,0.492023,0.990062,-0.0458924,-0.0378888,0.12742,-0.543508,0.635349,-0.533971,-0.527901,0.529805,-0.523523,0.523733,1.02141,1.93099,0.495347,-0.995944,0.606647,1.65446,1.05263,-6.259,-5.21332,0.359821,0.0551392,-1.09458,-0.156062,0.000589074,-4.00487,
945,0.0149675,-0.255122,0.184133,0.00665674,0.0506295,0,-0.308133,-0.0272579,0.462007,0.989172,-0.0376874,-0.0171854,0.140794,-0.553142,0.483353,-0.519637,-0.522939,0.423396,-0.536558,0.523743,0.773153,1.4394,0.241349,-0.721977,0.738388,0.447372,0.600699,1.2612,0.629691,0.164679,0.0440598,-3.17407,-0.351344,-0.000680297,-5.99236,
946,0.00916983,-0.130472,0.291815,0.0724401,0.155146,0,-0.253776,-0.0225394,0.413105,0.987374,-0.0212896,-0.00338321,0.156934,-0.458277,0.5232,-0.502428,-0.523225,0.212573,-0.558662,0.523707,0.473673,1.62748,0.172966,-1.18036,0.426347,-0.0975339,0.755811,2.52514,0.819466,0.522419,-0.011743,-5.24763,-0.530835,-0.000428907,-1.58363,
947,0.00972857,0.0549657,0.331573,0.121303,0.107194,0,-0.13717,-0.013294,0.391752,0.984272,-0.00398652,-0.00666582,0.17649,-0.291351,0.570989,-0.447393,-0.523327,-0.0808317,-0.581445,0.523686,0.502535,2.39099,-0.505303,0.414889,-0.858357,-0.283636,1.31809,4.13047,1.06642,1.6412,-0.00377366,-6.42588,-0.34441,-0.000750904,0.701968,
948,0.0105954,0.318956,0.34924,0.159188,0.0218269,0,-0.0222012,-0.000483463,0.43697,0.980089,-0.0104035,-0.0158174,0.197653,-0.0368363,0.640557,-0.347233,-0.523437,-0.412635,-0.595053,0.523674,0.547313,2.698,-0.774266,0.846827,0.0909742,-0.241907,0.646523,6.15078,1.78243,2.3529,-0.00414671,-6.93791,-0.285553,-0.000157167,1.07597,
949,0.0127411,0.523717,-0.0743813,-0.00250558,-0.102976,0,0.16338,0.0166447,0.467742,0.980067,-0.0012428,-0.0235431,0.197262,0.32748,0.756448,-0.227271,-0.523781,-0.57614,-0.60876,0.523686,0.658151,2.51074,-0.442212,0.380413,0.557607,-0.510006,-0.753969,8.40621,2.84453,2.4477,-0.010325,1.06887,-0.265538,-0.000138445,3.33819,
950,0.0177314,0.133487,-0.116978,-0.127121,-0.266501,0,0.291669,0.0277533,0.485045,0.983039,0.0250907,-0.0254103,0.179885,0.567069,0.892954,-0.126471,-0.524887,-0.496601,-0.616564,0.523591,0.915927,2.11488,-0.134298,0.805074,0.339198,-1.087,-0.333564,-0.497954,2.62366,1.58462,-0.0173876,2.01307,0.0154297,0.0414743,6.78677,
951,0.0240828,0.426061,-0.205322,-0.1824,-0.398708,0,0.29265,0.0245201,0.546966,0.983238,0.0122219,-0.0715728,0.167247,0.513931,0.997738,-0.0966002,-0.525278,-0.352941,-0.604926,0.524103,1.24401,1.87769,0.25447,0.995645,-0.91932,-1.61879,-0.455804,-1.47932,1.57463,-0.388275,-0.00883697,3.85436,0.337684,-0.0122151,2.90064,
952,0.0240228,0.069003,-0.307951,-0.242663,-0.344055,0,0.236056,0.019307,0.58003,0.981936,-0.00284744,-0.107299,0.155825,0.403951,1.04106,-0.187944,-0.525877,-0.111906,-0.58417,0.523794,1.24091,1.63375,0.18058,0.349145,-0.875547,-1.20824,-0.258188,-2.90652,0.16994,-3.24246,-0.01187,5.76877,0.493823,-0.00203882,-0.570118,
953,0.0237127,-0.130198,-0.379945,-0.296003,-0.199278,0,0.133266,0.00980646,0.581444,0.978465,-0.0205367,-0.138695,0.151488,0.205742,1.00478,-0.408808,-0.526374,0.212116,-0.556549,0.523752,1.22489,1.41033,0.10858,-0.300652,-0.929707,-1.05476,0.115087,-5.00399,-1.60754,-5.57357,-0.0075906,7.18102,0.610917,-0.000231207,-0.121235,
954,0.023128,-0.33452,-0.154893,-0.227492,-0.0882726,0,-0.0786019,-0.00548591,0.557196,0.976705,-0.0256904,-0.147956,0.153284,-0.107544,0.871997,-0.558034,-0.5252,0.565721,-0.524548,0.523743,1.19469,1.65416,0.156723,-0.499167,0.850701,0.499928,0.589284,-7.51137,-3.68465,0.565187,0.0815923,2.86981,0.674274,-0.00100282,-1.07539,
955,0.0209288,-0.322248,0.0788137,-0.136284,-0.0620302,0,-0.291449,-0.0248217,0.52335,0.9743,-0.00880633,-0.128288,0.184943,-0.502186,0.650131,-0.53137,-0.523026,0.543171,-0.520748,0.523729,1.08109,1.82322,0.26291,-0.904569,1.13241,0.776573,1.38934,-8.26093,-5.17955,0.280725,-0.00973486,-1.25249,-0.101166,0.000150874,-3.45269,
956,0.0165291,-0.259033,0.180731,0.0187479,0.0225081,0,-0.326756,-0.0269272,0.468845,0.973134,0.0153319,-0.10809,0.202713,-0.555576,0.492052,-0.52474,-0.523496,0.430227,-0.53021,0.523746,0.853818,2.1042,-0.0250989,-1.26357,1.55225,0.416781,0.503076,1.11998,0.372925,0.0416179,-0.00677283,-3.2664,-0.271525,-0.000490654,-5.62121,
957,0.0103033,-0.13525,0.297639,0.0847393,0.145584,0,-0.246354,-0.0235452,0.433879,0.969048,0.00629519,-0.0563707,0.240267,-0.469672,0.522551,-0.521781,-0.523478,0.220467,-0.544234,0.523687,0.532224,2.57919,0.44177,-0.654273,-0.166266,2.73075,2.01191,2.32334,0.67283,0.109084,-0.00198443,-5.20479,-0.332649,-0.000186952,-7.2307,
958,0.00951032,0.0598069,0.372378,0.15043,0.139913,0,-0.180893,-0.0153741,0.395417,0.95849,-0.00858136,-0.00541773,0.284946,-0.302144,0.571417,-0.489692,-0.523521,-0.0781716,-0.564459,0.523674,0.491261,2.75127,0.418056,-0.859517,0.778661,1.37382,1.43578,4.32221,1.24944,1.17499,-0.000439828,-6.71787,-0.467951,0.000846504,0.943235,
959,0.0106736,0.36833,0.368799,0.188079,0.0601864,0,-0.00067423,-0.000670633,0.424559,0.954658,-0.00888083,-0.0230722,0.296678,-0.0392385,0.646333,-0.405983,-0.523488,-0.427356,-0.574381,0.523729,0.55135,3.5971,-0.732424,1.38861,-0.867775,-0.888505,0.106855,6.32511,1.82144,2.15405,-0.0014676,-7.31315,-0.0278817,-0.000850485,1.4183,
960,0.0133169,0.475664,-0.0600337,0.0225444,-0.0731643,0,0.189175,0.0171262,0.483426,0.958893,-0.0149325,-0.0523679,0.278495,0.337353,0.769385,-0.288515,-0.523847,-0.559177,-0.575436,0.5237,0.687892,3.34339,-0.44356,0.961181,-0.334617,-1.22767,-1.37965,8.71692,3.08963,2.5356,-0.0104798,0.811608,-0.0177962,-0.000775259,4.02307,
961,0.0187949,0.0740829,-0.119277,-0.117685,-0.253816,0,0.299865,0.0285049,0.525412,0.965508,0.00391239,-0.0746302,0.249418,0.579658,0.921501,-0.178081,-0.525108,-0.487329,-0.571522,0.523647,0.97086,2.87193,-0.217948,0.738814,0.249586,0.347795,-1.29834,-0.830574,3.03626,1.88324,-0.0404543,2.00591,0.184732,0.000269696,7.25751,
962,0.0244152,0.208271,-0.233401,-0.181641,-0.38392,0,0.265262,0.0252601,0.546984,0.974246,0.0102898,-0.0571162,0.21789,0.510937,1.04793,-0.13213,-0.527246,-0.335092,-0.557415,0.523697,1.26118,2.54144,-0.271083,0.26169,0.259219,0.791308,-1.43955,-1.79496,2.02964,-0.0304601,-0.0458945,4.07366,0.375511,0.00171225,0.564006,
963,0.0239247,0.0543949,-0.323825,-0.243284,-0.332887,0,0.216748,0.0190231,0.568992,0.980812,0.00153633,-0.0617846,0.1849,0.380273,1.11362,-0.203545,-0.529083,-0.0881581,-0.534625,0.523757,1.23584,1.85654,-0.332965,0.222481,-0.561877,-0.153119,-1.17732,-3.41506,0.607134,-2.80059,-0.0338347,5.7839,0.537205,-4.92273e-06,-0.467299,
964,0.0236721,-0.142907,-0.387301,-0.298149,-0.203692,0,0.0982421,0.00811006,0.566672,0.985011,-0.011434,-0.0644584,0.159588,0.154278,1.09837,-0.400845,-0.530615,0.233127,-0.520199,0.52375,1.2228,1.63418,-0.367395,-0.310463,-0.614504,0.182608,-0.794134,-5.60587,-1.20352,-5.07348,-0.0266898,7.05768,-0.0561388,-0.000125321,-0.0709747,
965,0.0230967,-0.339384,-0.1496,-0.230599,-0.0875197,0,-0.0905721,-0.00892084,0.538345,0.988607,-0.0243502,-0.058632,0.136478,-0.189444,0.984638,-0.558219,-0.531792,0.574722,-0.52283,0.523749,1.19308,1.93929,-0.164555,-0.800061,-0.513478,0.239587,-0.541277,-8.12172,-3.32741,0.446397,-0.019009,2.58653,-0.0276662,-0.000960255,-1.10103,
966,0.0208565,-0.322415,0.0679882,-0.0745584,-0.0603803,0,-0.297207,-0.0270958,0.486615,0.988768,-0.0370576,-0.0505586,0.135676,-0.568856,0.779499,-0.531648,-0.532398,0.543474,-0.525837,0.52374,1.07735,1.96098,-0.307543,-0.937231,-0.125437,0.703445,-0.225337,-2.16956,-4.86178,0.337331,0.0365049,-1.39057,-0.0952485,0.00137398,-3.47185,
967,0.016509,-0.25465,0.175782,0.011011,0.0216765,0,-0.30243,-0.0254383,0.459387,0.990302,-0.0262422,-0.0270601,0.133722,-0.541067,0.528885,-0.522921,-0.526486,0.422574,-0.535631,0.523741,0.852781,1.48834,-0.491069,-0.748458,0.75008,1.12545,0.110307,1.19425,-5.16633,-0.0431708,0.127015,-3.44644,-0.291726,-0.000395473,-5.56957,
968,0.0103526,-0.122507,0.280284,0.0724539,0.144016,0,-0.266457,-0.0209192,0.411068,0.990477,-0.00289795,-0.00717984,0.137458,-0.450994,0.500822,-0.520896,-0.522823,0.199446,-0.554166,0.523714,0.534772,1.64674,-0.578853,-1.22789,1.16367,0.597076,0.218494,2.39819,0.753925,0.118513,-0.00974403,-5.4614,-0.452628,-0.000250974,-7.14301,
969,0.00953456,0.078153,0.31685,0.118096,0.140051,0,-0.159657,-0.0120272,0.388215,0.987017,-0.00464239,0.00257891,0.160527,-0.290108,0.546802,-0.49062,-0.523156,-0.104178,-0.572666,0.523639,0.492513,2.85989,-1.22118,0.919953,0.135352,-0.1841,0.97525,3.84537,0.971197,1.10882,-0.00427648,-6.54945,-0.203108,0.00135339,0.903446,
970,0.0106697,0.388056,0.356022,0.162983,0.0633979,0,-0.0294826,-4.93241e-05,0.42405,0.984209,0.00197531,-0.00925482,0.176757,-0.0456495,0.615087,-0.410602,-0.523498,-0.452356,-0.58429,0.52367,0.551151,2.96675,-1.28569,0.489082,0.195598,-0.609474,0.480386,5.93353,1.76271,2.07854,-0.00554847,-7.37318,-0.26322,6.82354e-05,1.43409,
971,0.0133918,0.461062,-0.0777646,-0.0058611,-0.0695667,0,0.16015,0.0165834,0.441454,0.986819,0.00890787,-0.0128796,0.161069,0.309623,0.730504,-0.296053,-0.524162,-0.55759,-0.595313,0.523692,0.69176,2.75624,-0.920234,0.159072,0.289043,-0.124316,-1.27448,8.25217,2.84763,2.48816,-0.0162638,0.851411,-0.198533,-0.000426831,4.17331,
972,0.0188233,0.0937294,-0.101301,-0.126135,-0.248164,0,0.321265,0.028552,0.499055,0.988099,0.0123143,-0.039187,0.148237,0.585578,0.864548,-0.187785,-0.525491,-0.492922,-0.588113,0.523868,0.97233,2.09291,-0.0753426,1.50828,-0.609554,-1.69127,0.57241,-0.405834,2.57767,1.82976,-0.023422,1.76502,0.321278,-0.00461648,7.0685,
973,0.0243582,0.222319,-0.223704,-0.188171,-0.376291,0,0.284246,0.0255397,0.559114,0.983665,0.00404291,-0.0771732,0.162578,0.522772,0.967205,-0.143525,-0.526731,-0.348671,-0.567341,0.523745,1.25823,1.84891,-0.0961248,0.850309,-0.332592,-0.946032,0.528624,-1.64359,1.53628,-0.0421242,-0.0307669,3.99336,0.505698,-0.000838074,0.615287,
974,0.0239123,0.063221,-0.3226,-0.243464,-0.326343,0,0.223788,0.0198292,0.586618,0.979333,-0.00257604,-0.0973737,0.177252,0.401511,1.00761,-0.213959,-0.528319,-0.102503,-0.538032,0.523747,1.23521,1.62625,-0.199571,0.258707,-0.387508,-0.669391,0.747803,-3.19339,0.0914666,-2.75339,-0.0314113,5.83715,0.667004,0.000197949,-0.44217,
975,0.0236916,-0.136538,-0.391342,-0.2913,-0.199506,0,0.114373,0.00964187,0.58502,0.973468,-0.014032,-0.112354,0.198845,0.186653,0.967296,-0.407831,-0.529823,0.222588,-0.518328,0.52375,1.2238,1.40278,-0.343646,-0.319688,-0.560128,-0.353402,1.13613,-5.38243,-1.69048,-4.98438,-0.0281918,7.15625,-0.0823538,-1.74347e-05,-0.0788052,
976,0.0231315,-0.337665,-0.158704,-0.216211,-0.0867149,0,-0.0654056,-0.00675719,0.555367,0.966863,-0.0293466,-0.12006,0.223385,-0.146788,0.831253,-0.560442,-0.531153,0.571535,-0.5224,0.52375,1.19487,1.68154,-0.21951,-0.811435,-0.602413,-0.30741,1.47421,-7.93512,-3.73244,0.52166,-0.0219947,2.72052,-0.0441872,-0.000970495,-1.06215,
977,0.0209228,-0.322832,0.0726753,-0.108624,-0.0613113,0,-0.332962,-0.0273232,0.515396,0.960915,-0.00694368,-0.10236,0.257131,-0.562349,0.609687,-0.532249,-0.527786,0.544239,-0.524748,0.523732,1.08078,1.92045,0.0149028,-0.979624,1.68996,0.625943,1.10357,-7.04886,-5.13104,0.313492,0.0879739,-1.28686,-0.0647626,0.00068192,-3.4755,
978,0.0165012,-0.254378,0.196001,0.0443951,0.0230797,0,-0.323718,-0.0271025,0.456184,0.959217,0.0306394,-0.0837221,0.268244,-0.561096,0.483893,-0.52475,-0.523304,0.422098,-0.532871,0.523749,0.852376,2.24202,-0.0799916,-1.27058,1.28356,0.277809,0.368284,1.6368,0.78807,0.0433318,0.0733952,-3.58005,-0.252442,-0.000749339,-5.64115,
979,0.0102727,-0.120628,0.319194,0.108566,0.1451,0,-0.240054,-0.0229009,0.42298,0.954141,0.0028855,-0.0359375,0.297177,-0.447196,0.531226,-0.520142,-0.523106,0.196361,-0.547723,0.52364,0.530639,2.57818,0.706745,-0.447654,0.0658922,3.32181,1.7346,2.91752,1.08155,0.139561,-0.0120128,-5.4746,-0.339253,-0.000103879,-7.22645,
980,0.00950267,0.0879695,0.370801,0.169733,0.137585,0,-0.161636,-0.0121207,0.400523,0.944704,-0.00545038,-0.00497686,0.327842,-0.249214,0.602849,-0.485979,-0.523603,-0.114322,-0.567666,0.523698,0.490866,2.7494,0.0122897,-0.213325,1.15454,-1.88385,0.265602,4.90327,1.72669,1.23074,-0.0117994,-6.9213,-0.433967,0.00149684,0.95982,
981,0.0107395,0.414549,0.387008,0.20636,0.0559935,0,0.0280418,0.00275951,0.446343,0.940775,-0.00627386,-0.0284027,0.337782,0.0485437,0.707467,-0.401768,-0.523381,-0.46986,-0.576361,0.523664,0.554757,3.4876,-0.238772,1.28082,-0.068966,-0.00842794,0.532581,7.09828,2.58855,2.13676,-0.00235029,-7.40408,-0.0998712,-0.000534306,1.56825,
982,0.0136944,0.416494,-0.0606879,0.0332964,-0.0831255,0,0.228638,0.0224981,0.502123,0.94649,0.0137889,-0.0408683,0.319839,0.464347,0.870185,-0.285028,-0.523854,-0.563903,-0.580004,0.523685,0.70739,3.2586,0.0263746,0.904133,0.832885,-1.00066,-1.33696,9.54584,3.92722,2.50417,-0.0118586,1.0966,-0.0555242,-0.000444607,4.50879,
983,0.0194231,0.100763,-0.149632,-0.129663,-0.264838,0,0.284443,0.0281779,0.534516,0.948927,0.0424402,-0.0519726,0.308278,0.57921,1.06767,-0.179419,-0.524606,-0.469865,-0.578722,0.523628,1.00331,2.88438,-0.0366699,0.393994,0.947269,-0.658253,-0.135806,-1.56501,3.97511,1.74314,-0.0155215,2.66149,0.107321,0.00112749,7.30744,
984,0.0245763,0.17847,-0.250927,-0.186117,-0.381286,0,0.269767,0.023286,0.561864,0.953432,0.0520794,-0.0605571,0.290841,0.475652,1.23069,-0.141451,-0.525438,-0.292404,-0.566275,0.52374,1.2695,2.075,-0.115668,0.753466,-0.750297,-1.5262,-0.778306,-2.57679,1.23531,-0.228297,-0.00453063,4.49536,0.349859,0.000905181,-0.0458456,
985,0.0239208,0.0150826,-0.3421,-0.246234,-0.321667,0,0.183088,0.0151395,0.583857,0.956223,0.0436538,-0.0985747,0.272058,0.303835,1.21933,-0.22188,-0.525665,-0.0244198,-0.545096,0.523754,1.23564,1.8901,-0.230158,0.130728,-0.835392,-1.33625,-0.488593,-4.28089,-1.00322,-2.96662,-0.00396101,6.20946,0.498034,-1.83215e-05,-0.477905,
986,0.0235198,-0.189798,-0.393536,-0.293639,-0.184705,0,0.0384846,0.00210598,0.574148,0.955133,0.0324816,-0.133726,0.262267,0.0323367,1.12504,-0.425289,-0.525811,0.311457,-0.519684,0.523748,1.21493,1.70347,-0.317909,-0.517988,-0.877976,-1.11159,-0.00386004,-6.55884,-2.756,-5.15275,-0.00141496,7.21736,0.200421,-9.03142e-05,-0.351749,
987,0.0225162,-0.336926,0.00336461,-0.158357,-0.0748809,0,-0.172491,-0.0174346,0.535195,0.950766,0.0180941,-0.164262,0.262174,-0.358994,0.936518,-0.559629,-0.525787,0.570172,-0.521762,0.523736,1.16308,2.11806,0.00320721,-0.976384,-0.883678,-1.09141,0.73332,-9.07512,-4.76702,0.650811,0.00403249,-0.0580077,-0.0807676,-0.000551835,-1.70515,
988,0.0196944,-0.307889,0.0910343,-0.00721561,-0.0384133,0,-0.33445,-0.0280852,0.490661,0.950363,0.0456346,-0.152431,0.267379,-0.581028,0.674653,-0.529415,-0.522289,0.517057,-0.527931,0.523752,1.01733,2.30975,-0.0707398,-0.907394,1.33366,0.916385,-0.428311,1.06133,-5.70117,0.368878,-0.0106286,-1.66558,-0.181939,0.00014625,-4.09295,
989,0.0147451,-0.230915,0.229309,0.050678,0.0552431,0,-0.278262,-0.0259265,0.469084,0.955092,0.021885,-0.107271,0.275343,-0.51098,0.476507,-0.519816,-0.523196,0.381474,-0.540801,0.523706,0.761669,2.42755,0.665406,-0.206281,0.329096,2.36174,0.683365,1.68248,0.328726,0.00328903,-0.0107333,-3.76739,-0.311363,-0.000437556,-6.12361,
990,0.00893693,-0.0912295,0.322787,0.114433,0.164568,0,-0.199809,-0.0199375,0.448066,0.95329,0.00655003,-0.0533649,0.297232,-0.387518,0.521553,-0.509697,-0.523587,0.148156,-0.560409,0.523692,0.461642,2.68251,0.666918,-0.605313,-0.34698,1.60026,0.983561,3.2483,1.10581,0.402929,-0.002414,-5.56904,-0.475081,2.53427e-06,-1.35531,
991,0.00969336,0.118581,0.379806,0.167812,0.116419,0,-0.0926254,-0.00952152,0.410059,0.948147,-0.00732067,-0.0176052,0.317259,-0.170365,0.596599,-0.460062,-0.523543,-0.159187,-0.586726,0.523669,0.500716,2.89582,0.741403,-0.873383,0.0091526,1.92063,0.975682,5.41415,1.88165,1.56357,0.000237417,-6.68379,-0.562265,-0.000595229,0.895879,
992,0.0110169,0.451424,0.362114,0.190321,0.021537,0,0.0779852,0.00708105,0.441779,0.949219,-0.00707589,-0.0218649,0.313775,0.147294,0.6982,-0.359345,-0.523748,-0.491761,-0.596121,0.523716,0.569085,3.77579,0.0419494,1.22753,0.0831231,-1.08044,-0.744782,7.46241,2.36574,2.4176,-0.00935413,-6.7255,-0.00566023,-0.000810493,1.79799,
993,0.0143095,0.365234,-0.0324615,-0.0307418,-0.12845,0,0.288031,0.0264489,0.494401,0.960497,0.0104986,-0.0431118,0.274732,0.552929,0.847738,-0.236011,-0.524601,-0.545427,-0.5938,0.523659,0.739166,3.30044,0.232769,0.916274,0.182996,-0.307095,-1.37631,3.82326,3.60617,2.47009,-0.0237683,0.713227,0.116648,-0.00810315,4.97418,
994,0.0202978,0.112143,-0.146866,-0.135374,-0.306064,0,0.260692,0.0262266,0.527552,0.966352,0.0196028,-0.0456347,0.252382,0.546278,1.01786,-0.139524,-0.525903,-0.458956,-0.583336,0.523619,1.0485,3.03892,0.173206,0.479923,1.27242,-0.1905,-0.52544,-0.959319,3.17326,1.4022,-0.0392895,2.73323,0.307444,-0.00561465,7.37762,
995,0.0245068,0.170262,-0.24664,-0.188683,-0.388699,0,0.260181,0.0229702,0.557391,0.966779,0.0362473,-0.0801426,0.240004,0.47277,1.14775,-0.126605,-0.526907,-0.278656,-0.563295,0.523715,1.26591,2.39968,-0.0111935,0.570827,-0.383247,-1.96511,-0.603887,-1.97895,2.03041,-0.865673,-0.0134886,4.47481,0.482699,0.000827914,-0.551917,
996,0.0238603,0.00958411,-0.328536,-0.247075,-0.310148,0,0.197054,0.0160746,0.575777,0.970027,0.0272686,-0.109803,0.215051,0.331012,1.21184,-0.238872,-0.527877,-0.0155166,-0.534318,0.523752,1.23252,2.1386,-0.00218556,0.0933038,-0.823036,-0.840131,-0.883632,-3.67941,0.548694,-3.61193,-0.0190349,6.07009,0.655762,0.000110713,-0.379406,
997,0.0235328,-0.192607,-0.384809,-0.297915,-0.154305,0,0.0707394,0.00451532,0.565388,0.971959,0.0121455,-0.130968,0.194922,0.0912383,1.19307,-0.471633,-0.528677,0.316196,-0.518308,0.523749,1.2156,1.93156,-0.0505923,-0.507582,-0.891132,-0.545802,-0.516513,-5.89236,-1.28555,-5.68223,-0.0122988,7.18982,-0.106693,-9.53649e-05,-0.298218,
998,0.0225704,-0.339717,0.0164099,-0.164119,-0.0809617,0,-0.123926,-0.0132556,0.528306,0.973235,-0.00271969,-0.148033,0.175762,-0.265842,1.07555,-0.552261,-0.529194,0.575344,-0.523135,0.523738,1.16589,2.40075,0.206704,-0.941724,-0.841467,-0.617361,0.0734806,-8.38197,-3.39973,0.71926,-0.00623205,-0.171822,-0.0772514,-0.000709971,-1.67358,
999,0.0197681,-0.310312,0.0826539,-0.0396031,-0.0408974,0,-0.340002,-0.0282342,0.48417,0.974532,0.016358,-0.123342,0.186563,-0.584892,0.878965,-0.527954,-0.525031,0.521446,-0.528714,0.523739,1.02113,2.50283,-0.0935608,-1.0099,1.50843,1.37041,-0.115466,-0.171559,-4.44975,0.219686,0.11625,-1.52859,-0.156861,0.00112624,-4.0848,
