step,action0,action1,action2,action3,action4,action5,action6,action7,state0,state1,state2,state3,state4,state5,state6,state7,state8,state9,state10,state11,state12,state13,state14,state15,state16,state17,state18,state19,state20,state21,state22,state23,state24,state25,state26,
0,0.00594987,-0.00435795,0.0272058,0.00060414,0.0559221,0,1,0.176922,0.654131,0.996935,0.042092,0.0582416,-0.0309292,-0.00735012,0.0565116,0.0761231,0.0462263,-0.000918915,0.0158844,-0.0385503,0.043975,0.047868,0.0731876,0.0648389,0.0549416,0.0181467,0.0555343,0.0700165,0.0293458,0.035029,0.0451245,0.00214929,0.0969759,0.0306798,0.0941912,
1,0.00372068,-0.0335498,0.013357,0.0132698,0.0580728,0,-0.215846,0.0876062,0.679343,0.995791,0.0431958,0.0677656,-0.0440672,0.00160658,0.435056,0.0889082,-0.414957,0.180825,-0.408367,-0.0349166,0.432753,-0.0780179,0.211484,0.300905,0.135721,0.400988,-1.09576,0.284123,8.35766,0.469434,-10.1938,7.21431,-8.86545,0.112628,8.55661,
2,1.03182e-05,-0.065171,-0.0280728,0.0235375,0.0578154,0,-0.42722,-0.0814848,0.676326,0.993851,0.0445234,0.0765544,-0.0664657,0.0176242,0.845104,0.121928,-0.912025,0.494135,-0.824435,-0.029101,0.844015,-0.0208494,0.113516,-0.434979,0.0619631,0.211146,-0.709701,0.356759,8.04718,0.850363,-9.6927,5.33168,-7.78677,0.119408,7.89963,
3,-0.00134091,-0.0957502,-0.0269713,0.0236099,0.0553046,0,-0.79549,-0.117018,0.646893,0.997243,-0.0125532,0.0175286,-0.0710086,0.0313965,1.24165,0.173444,-1.28361,0.545899,-1.22002,-0.025403,1.20988,0.082234,-0.0457311,-0.717097,-1.25741,-4.83869,0.488667,0.213255,6.3738,1.21783,-0.420017,-1.6811,-8.00454,0.0358777,6.86537,
4,0.00117954,-0.0966416,0.039831,0.029923,0.0561304,0,-0.276815,0.00606553,0.656573,0.997979,0.00442555,-0.045599,-0.0440439,0.0366849,1.25321,0.24126,-1.23609,0.321174,-1.25982,-0.024217,1.24962,1.19728,-0.492265,1.16311,0.998124,-0.898312,1.84014,-0.00272713,-1.08523,1.40858,1.163,-7.16194,1.13575,-0.00860091,-1.06505,
5,0.00694446,-0.0929734,0.0877723,0.00480038,0.0608594,0,0.147401,0.231141,0.71202,0.997596,0.0163051,-0.0665884,0.0100752,0.0437226,1.20564,0.318661,-1.17885,-0.0767248,-1.20273,-0.024808,1.18017,1.39468,-0.532934,0.903173,0.441229,-0.765039,2.30815,0.281536,-0.820547,1.70781,1.1215,-8.77046,1.14267,-0.0106427,-1.71092,
6,0.0123849,-0.0899482,0.0524909,-0.023103,0.0636091,0,0.475535,0.429955,0.744276,0.993897,0.0264395,-0.0856126,0.0643449,0.0735002,1.16641,0.413154,-1.12399,-0.477299,-1.10431,-0.0239697,1.07956,1.36949,-0.527289,0.383852,0.657333,-0.731742,2.00796,0.904261,-0.749062,2.06896,1.07331,-7.26433,2.77969,0.0433294,-2.30857,
7,0.0146508,-0.0868177,0.0277411,-0.0330322,0.0640885,0,0.774637,0.465064,0.7499,0.988516,0.0525181,-0.10294,0.0973701,0.127588,1.12581,0.526732,-1.07156,-0.556016,-0.889882,-0.019065,0.950136,1.28042,-0.2705,-0.158262,1.43888,-0.778293,0.790377,1.25302,-0.874865,2.02857,1.02475,1.86531,5.77225,0.147682,-2.86117,
8,0.0137768,-0.0830606,0.0417977,-0.025617,0.0621792,0,0.275165,0.356673,0.727501,0.982105,0.0935832,-0.11868,0.112374,0.193908,1.07709,0.532943,-1.0216,-0.324614,-0.52287,-0.00882831,0.794521,1.11401,-0.168334,-0.718025,1.75039,-0.62204,-0.0815079,1.40214,-1.07395,-0.278213,0.971644,7.34569,7.31852,0.269043,-3.36046,
9,0.00940046,-0.0786114,0.100861,-0.00577899,0.0583834,0,-0.156508,0.140136,0.682985,0.980595,0.121459,-0.1097,0.107919,0.269966,1.01939,0.525274,-0.974623,0.0837904,-0.492621,0.00763541,0.615326,0.911186,-0.172012,-1.03937,0.478635,1.15431,-0.977582,1.6448,-1.23284,-0.0592204,0.907036,8.93263,-0.892303,0.398052,-3.8056,
10,0.000605999,-0.0738386,0.120958,0.0141479,0.0535787,0,-0.484309,-0.0914725,0.626665,0.989674,0.109254,-0.0555911,0.0742862,0.368965,0.957503,0.523992,-0.930635,0.487682,-0.518045,0.0299274,0.500605,0.900541,-0.201835,-1.32717,-0.827655,1.8882,-1.51393,2.30197,-1.23186,-0.0060725,0.863189,7.30044,-0.203759,0.469548,0.277107,
11,-0.00567182,-0.06941,0.0779637,0.01284,0.0469222,0,-0.768966,-0.141556,0.548687,0.994421,0.083538,-0.0140511,0.0628594,0.502598,0.900074,0.523891,-0.888256,0.54253,-0.544668,0.05134,0.517975,1.30773,-0.218163,-1.76296,-1.21405,1.66025,-0.126086,3.04299,-1.0697,0.000112699,0.829272,-1.86702,-0.855072,0.402945,0.199238,
12,-0.00724799,-0.0655477,0.0540092,0.00200248,0.0390801,0,-0.266215,-0.0439898,0.456883,0.995238,0.0353811,0.0268195,0.0867819,0.541464,0.849989,0.523861,-0.847905,0.313095,-0.611599,0.068429,0.522654,1.29344,-0.470324,-1.55184,-1.05987,0.71325,1.68199,-0.47077,-0.917628,-0.000686549,0.787679,-7.27883,-1.79676,0.289778,0.0312852,
13,-0.00344283,-0.0612373,-0.0131034,-0.000972205,0.0395601,0,0.144225,0.166208,0.4625,0.990608,0.0187676,0.0287152,0.132362,0.526142,0.794094,0.521415,-0.805723,-0.0774423,-0.697082,0.0723486,0.52322,1.6092,-0.591668,0.33671,-0.421045,0.398963,1.73412,-0.123598,-1.12416,0.03127,0.851249,-8.5165,-1.76686,0.0322689,0.00208898,
14,0.000443636,-0.0569826,-0.141335,-0.0279553,0.0399489,0,0.462775,0.36148,0.46705,0.984301,0.0108195,0.0361106,0.172426,0.517789,0.73892,0.524701,-0.764199,-0.466739,-0.752426,0.0735152,0.52325,1.51005,-0.594291,-0.155,-0.221243,0.341171,1.50373,-0.210121,-1.08258,-0.0125142,0.810102,-7.06683,-0.458717,0.0136203,3.02635e-06,
15,0.00232008,-0.052531,-0.180259,-0.0351461,0.0385275,0,0.808247,0.396493,0.450416,0.980297,0.00717811,0.0370484,0.19389,0.482484,0.681195,0.523988,-0.724608,-0.551119,-0.708467,0.0750057,0.523266,1.00459,-0.24634,-0.394776,-0.576485,-0.542106,0.493028,-1.20023,-1.22721,-0.00700632,0.778336,1.60518,2.19404,0.0387753,0.000337737,
16,0.00283806,-0.0473895,-0.0796042,-0.0259261,0.0359982,0,0.276516,0.282401,0.42082,0.97869,0.0121656,0.0196369,0.204041,0.392867,0.614522,0.523856,-0.686809,-0.326134,-0.528521,0.0772645,0.523281,0.556248,-0.093884,-0.740092,0.0259895,-1.10611,0.121295,-2.39404,-1.43151,-0.000300374,0.739411,7.34779,4.98094,0.0604988,0.000290341,
17,0.00145106,-0.0416249,0.117357,0.00389812,0.0341279,0,-0.156621,0.0639814,0.398938,0.979405,0.00452154,0.0116691,0.201517,0.261478,0.53977,0.523821,-0.648527,0.0829866,-0.500431,0.0819953,0.523275,0.251374,0.0803989,-0.078541,-0.631836,0.196975,-0.251474,-2.85605,-1.55224,8.26473e-05,0.788114,9.00337,-0.66031,0.125066,0.000357328,
18,-0.000422492,-0.0396583,0.298303,0.0276745,0.0333605,0,-0.492053,-0.158277,0.389961,0.980263,-0.00637944,0.0128563,0.197175,0.14394,0.514269,0.523803,-0.609615,0.493936,-0.520603,0.0879785,0.523313,0.154828,-0.0489952,-0.0247587,0.238042,-0.368536,0.114708,-1.78977,0.229875,-0.000638853,0.77504,7.44421,-0.149057,0.0698174,-0.000818887,
19,0.000607181,-0.040906,0.334446,0.030087,0.032897,0,-0.76793,-0.183106,0.384539,0.97772,0.00155362,0.00539443,0.209839,0.110836,0.530448,0.523619,-0.570197,0.538697,-0.556676,0.0891835,0.523328,0.636647,0.156969,-0.036295,-0.404627,0.0887032,0.593074,0.444305,0.411552,-0.0170333,0.81809,-1.86293,-1.25467,-0.00160483,0.000569832,
20,0.00270285,-0.0425255,0.242263,0.0253362,0.0348147,0,-0.276701,-0.0596238,0.406973,0.973206,-0.0166565,-0.0138223,0.228914,0.186239,0.551448,0.523796,-0.526115,0.316943,-0.645688,0.0887073,0.52337,1.62576,0.120655,0.733119,-0.970565,-0.834824,0.692831,2.59746,0.45618,-0.0210847,0.927005,-7.02567,-2.33818,-0.00899049,-0.000125055,
21,0.00385005,-0.0442842,0.0257788,0.0106973,0.0391286,0,0.137306,0.161433,0.45745,0.969142,-0.0406383,-0.0351106,0.240583,0.353113,0.574255,0.524044,-0.519872,-0.0708855,-0.765866,0.0889829,0.52336,2.18753,0.0251523,1.45333,-0.823363,-0.282121,0.367086,4.01517,0.398802,-0.000694259,-0.107472,-8.48657,-2.43296,0.0213672,-0.00089486,
22,0.00400073,-0.0459221,-0.208708,-0.0164516,0.0442818,0,0.458262,0.370356,0.51777,0.966373,-0.0580272,-0.0448885,0.246456,0.543137,0.595494,0.523883,-0.525204,-0.460093,-0.854388,0.0909169,0.523331,1.9658,-0.00426552,0.945276,-0.668031,-0.108364,0.472448,1.52948,0.4518,-0.00256484,-0.108016,-7.0971,-1.12116,0.0466566,-0.00036092,
23,0.00349065,-0.0474107,-0.245761,-0.0274754,0.047021,0,0.826532,0.418289,0.549844,0.965014,-0.0651616,-0.0490801,0.249186,0.524282,0.614797,0.523877,-0.530631,-0.549322,-0.841092,0.0942557,0.523317,1.64902,0.174918,0.353975,-0.0679815,-0.170125,-0.121336,-1.26947,0.320063,-1.49776e-05,-0.10651,1.47943,1.62854,0.0838245,1.53133e-05,
24,0.00142301,-0.0482405,-0.109696,-0.0208823,0.047276,0,0.276571,0.315489,0.552831,0.967304,-0.0587506,-0.0543952,0.240652,0.418057,0.625557,0.523892,-0.535859,-0.326795,-0.684883,0.0992225,0.523311,1.39929,0.296553,-0.237681,0.43559,-0.2861,-0.68137,-2.96563,0.111104,0.00024446,-0.103227,7.3698,4.59785,0.116651,-0.00011127,
25,-0.00209307,-0.0483484,0.122738,-0.00225299,0.045175,0,-0.156209,0.0991651,0.528229,0.97243,-0.0463967,-0.0574904,0.221182,0.253541,0.626958,0.523886,-0.540997,0.0826521,-0.475563,0.105502,0.523308,1.213,0.237972,-0.684551,0.0107292,0.234557,-0.968294,-3.61095,-0.0614805,-0.000326707,-0.105454,8.9965,0.0762569,0.13736,4.4059e-05,
26,-0.00575207,-0.0480577,0.313842,0.0180722,0.0415101,0,-0.491501,-0.132484,0.485323,0.977576,-0.0487151,-0.0428031,0.200351,0.0993204,0.623187,0.523879,-0.545122,0.493273,-0.50933,0.111787,0.5233,1.25886,0.0985325,-0.970501,0.256828,1.54064,-0.574406,-2.5733,-0.0897202,4.37935e-05,-0.0287087,7.44177,-0.502395,0.112327,-0.000278859,
27,-0.00561531,-0.047991,0.35613,0.021027,0.0377134,0,-0.759112,-0.167918,0.440889,0.977465,-0.0224956,-0.0229417,0.208638,0.0307066,0.622322,0.523834,-0.546162,0.53812,-0.557362,0.114834,0.523316,1.51413,-0.322047,-0.929009,1.79995,-0.0888389,0.625934,-0.187199,0.0549575,5.13225e-05,-0.0171946,-1.92944,-1.41788,0.0298869,8.80702e-05,
28,-0.00255529,-0.048333,0.275554,0.0255471,0.0352123,0,-0.276594,-0.055637,0.411624,0.971378,-0.00683149,-0.0119898,0.237139,0.0832762,0.626757,0.523352,-0.54405,0.311868,-0.654232,0.114422,0.523354,2.5641,-0.183354,0.782341,-1.09073,0.00418651,1.58086,2.14298,0.0369177,-0.0589249,0.168563,-6.86946,-2.3215,-0.0437035,0.00162358,
29,0.00141101,-0.0483658,0.0588178,0.0085818,0.0397314,0,0.136854,0.16329,0.464505,0.961445,-0.0357008,-0.0369907,0.270151,0.234369,0.627183,0.524308,-0.535024,-0.0708556,-0.771138,0.11217,0.523337,2.89448,-0.393757,1.24409,-0.567248,-0.32836,0.992814,3.89135,0.0156311,-0.000567806,0.248718,-8.46123,-2.41464,-0.0406738,-0.00192976,
30,0.00381525,-0.0485123,-0.214455,-0.0178243,0.0441029,0,0.456276,0.369201,0.515676,0.95455,-0.0533233,-0.0431353,0.290054,0.434938,0.629082,0.523935,-0.52306,-0.458667,-0.857545,0.110757,0.523306,2.78597,-0.417774,0.801602,-0.884241,0.167913,0.739291,4.12923,0.0603485,-0.0043379,0.190794,-7.0613,-1.05407,-0.0169139,-4.02129e-05,
31,0.00479187,-0.0484713,-0.298361,-0.0286856,0.0463113,0,0.832629,0.416092,0.541533,0.951129,-0.0621039,-0.0419972,0.299556,0.542091,0.62855,0.523877,-0.522682,-0.548588,-0.841102,0.110803,0.523301,2.38354,-0.256595,0.230179,0.0518504,0.0677818,0.400645,-0.244547,-0.0754357,-0.000417986,-0.0332777,1.43898,1.68582,0.0118733,9.41575e-05,
32,0.00481292,-0.0477977,-0.164673,-0.0220435,0.0460537,0,0.276662,0.312061,0.538517,0.9504,-0.0550601,-0.0391188,0.303609,0.476321,0.619816,0.523887,-0.524359,-0.326979,-0.682477,0.112486,0.523303,2.09499,-0.189789,-0.351458,0.5591,-0.00733036,-0.132691,-2.36865,-0.273167,0.000256415,-0.0344616,7.37293,4.63772,0.0574648,-1.19049e-05,
33,0.00321185,-0.0464452,0.110636,-0.00318954,0.0435059,0,-0.156132,0.0939366,0.508687,0.953225,-0.0432968,-0.0322323,0.297403,0.330951,0.602277,0.523879,-0.526182,0.0825608,-0.472761,0.116508,0.523308,1.89401,-0.310004,-0.776596,0.098689,0.605445,-0.386213,-3.43899,-0.435072,-0.000364528,-0.0417698,8.99744,0.0137052,0.106036,0.000124392,
34,0.00173786,-0.0446769,0.367722,0.0182734,0.039583,0,-0.490934,-0.138372,0.462768,0.954489,-0.0372399,-0.0168505,0.29543,0.184449,0.579347,0.523847,-0.528358,0.492996,-0.508819,0.121846,0.523313,1.79808,-0.499523,-0.949058,1.67428,0.0919911,0.684901,-2.38223,-0.509501,-0.000605902,-0.0491886,7.42409,-0.532195,0.0899771,-6.80817e-05,
35,0.00451196,-0.0430202,0.43163,0.0161055,0.0345532,0,-0.76014,-0.17762,0.403914,0.944026,-0.000558772,-0.00688921,0.329799,0.13428,0.557863,0.523822,-0.530435,0.537975,-0.560049,0.125202,0.52333,2.30128,-0.392333,-1.41472,1.43251,-0.183054,1.62594,0.362889,-0.351908,0.000317464,-0.0365024,-1.92088,-1.51062,0.0634439,0.00011987,
36,0.00666693,-0.0414016,0.300573,0.0260611,0.0339453,0,-0.274526,-0.0603016,0.396802,0.932964,-0.0191198,-0.00787376,0.359375,0.225283,0.536874,0.523695,-0.52929,0.313057,-0.660797,0.129067,0.523384,3.03095,0.414713,0.826525,-1.40485,-0.898605,1.22618,3.18656,-0.495555,0.000203016,0.0997225,-6.9765,-2.4744,0.0865863,0.000674862,
37,0.00760132,-0.0400551,-0.0189154,0.00596061,0.0385855,0,0.141521,0.161469,0.451094,0.923091,-0.03694,-0.028687,0.381727,0.430806,0.519414,0.523781,-0.52257,-0.074172,-0.788535,0.134908,0.523357,3.35333,0.40313,1.00357,-0.746793,-0.467186,0.785598,5.08003,0.0340262,0.00125882,0.0176166,-8.54736,-2.69014,0.14382,-0.000473927,
38,0.00834731,-0.040342,-0.344448,-0.0200566,0.0420675,0,0.463364,0.36684,0.491848,0.91085,-0.0565266,-0.0353758,0.407315,0.554861,0.523133,0.523809,-0.52349,-0.465659,-0.888041,0.142956,0.523342,2.98288,0.18992,0.619994,-0.303633,0.112263,1.67968,-0.571661,0.0781674,0.000457657,-0.0293969,-7.12756,-1.32436,0.16896,-7.00784e-05,
39,0.00884414,-0.0403749,-0.404215,-0.0307634,0.0434512,0,0.809423,0.409734,0.508046,0.897913,-0.0570852,-0.0311369,0.435344,0.46507,0.523561,0.523863,-0.525016,-0.551308,-0.885331,0.15312,0.523343,2.63133,0.256762,0.0398632,0.32635,0.020165,1.05675,-3.00557,-0.0474087,0.000130523,-0.0306438,1.59756,1.40917,0.230734,0.000123693,
40,0.00789602,-0.0403516,-0.18705,-0.0236987,0.0424193,0,0.276275,0.301148,0.495966,0.888718,-0.0435947,-0.0232057,0.455787,0.245339,0.523259,0.523874,-0.526597,-0.326148,-0.741286,0.166046,0.523344,2.29011,0.246863,-0.519761,0.934918,-0.000382106,0.684418,-5.76096,0.00458834,0.0001777,-0.0334632,7.35785,4.33232,0.287811,-3.99848e-05,
41,0.00543678,-0.0403629,0.259899,-0.00489922,0.0391574,0,-0.155833,0.0801776,0.457787,0.883416,-0.0209223,-0.00917601,0.468033,-0.069538,0.523405,0.523865,-0.528343,0.0825418,-0.491512,0.181745,0.523346,2.12448,0.117224,-0.945449,0.802502,0.35168,0.392881,-6.82448,0.000645496,-0.000417846,-0.0384178,8.97511,2.25538,0.343103,0.000164469,
42,0.00220169,-0.0403693,0.62144,0.016682,0.0344407,0,-0.489799,-0.153937,0.402597,0.878374,-0.0138962,0.00615073,0.477732,-0.35476,0.523488,0.523833,-0.530213,0.492073,-0.504969,0.199594,0.523353,2.18245,-0.01776,-1.10122,1.82566,-0.508135,1.22156,-4.52329,-0.00218186,-0.00109341,-0.0367135,7.40279,-0.604843,0.337902,3.45256e-05,
43,0.000682733,-0.0405611,0.678002,0.0321095,0.0319314,0,-0.774774,-0.185908,0.373245,0.864994,-0.00350246,-0.000836509,0.50177,-0.462334,0.525975,0.523089,-0.527731,0.538368,-0.562086,0.216492,0.523326,1.40701,0.548019,0.165607,-0.910154,1.05877,0.185075,0.180334,0.0894092,-0.0348598,0.170359,-1.81034,-1.64128,0.359662,0.000135473,
44,-0.00288502,-0.0411395,0.521514,0.0260196,0.0346764,0,-0.269412,-0.0582446,0.405356,0.860777,-0.0190151,-0.0175453,0.508324,-0.334628,0.533476,0.524331,-0.522279,0.313553,-0.673281,0.234366,0.52336,1.92809,0.25653,0.819651,-0.803599,-0.290194,0.160812,4.88877,0.211302,0.0199088,-0.0172062,-7.17489,-2.82812,0.363224,3.32107e-05,
45,-0.00740984,-0.0421189,0.0927892,0.0074158,0.0384596,0,0.151789,0.165589,0.449622,0.860821,-0.0400609,-0.0405766,0.505703,-0.00494543,0.546175,0.524023,-0.523234,-0.0827812,-0.820002,0.252254,0.523353,2.52775,0.18031,1.1955,-0.40763,-0.331013,-1.02761,8.1871,0.259686,-0.0092044,-0.00894145,-8.66589,-3.04134,0.374423,-5.7986e-05,
46,-0.0136866,-0.0428896,-0.371943,-0.00899385,0.044281,0,0.464233,0.376155,0.51776,0.869907,-0.0626431,-0.0688281,0.484356,0.407229,0.55617,0.523845,-0.523692,-0.472614,-0.933721,0.269328,0.523357,2.85623,0.272333,1.75237,-1.04984,-0.458357,-1.2904,8.25574,0.0605142,-0.000720597,-0.0197739,-6.93776,-1.43916,0.320204,-0.000269482,
47,-0.0192011,-0.0430042,-0.447869,-0.0200511,0.0503375,0,0.797146,0.428152,0.58869,0.881298,-0.0680948,-0.084585,0.459915,0.561045,0.557656,0.523857,-0.52501,-0.551972,-0.934796,0.281846,0.523332,2.26558,0.148497,1.1029,-0.189342,-0.321332,-0.816502,-1.03737,0.000667631,0.000250875,-0.0298528,1.68512,1.36881,0.181613,-7.20598e-05,
48,-0.0224443,-0.0427382,-0.231022,-0.0135225,0.0537245,0,0.27498,0.332905,0.628375,0.890724,-0.0597825,-0.0933133,0.440829,0.429365,0.554207,0.523897,-0.526534,-0.324696,-0.789481,0.287151,0.523331,1.94839,0.144914,0.478134,0.386038,-0.402524,-1.02408,-4.20388,-0.138724,0.000535167,-0.0317039,7.35599,4.42115,0.033244,-3.73152e-05,
49,-0.0242087,-0.0420167,0.17574,0.00386834,0.0545172,0,-0.156864,0.128039,0.637664,0.902094,-0.0400265,-0.0981562,0.418318,0.182384,0.544851,0.523914,-0.52814,0.0837248,-0.51236,0.284736,0.523333,1.75749,0.0794713,-0.0856095,0.607503,-0.358421,-1.1626,-5.66318,-0.238427,1.83212e-05,-0.0333668,8.96535,5.423,-0.126741,5.75592e-05,
50,-0.0244261,-0.0411138,0.504836,0.0233344,0.0535238,0,-0.490164,-0.0942437,0.626023,0.913461,-0.0373653,-0.100326,0.392591,-0.0620614,0.533142,0.523909,-0.529838,0.492549,-0.497893,0.274403,0.523342,1.88691,0.0615824,-0.446197,-0.194807,-0.0124045,-1.0889,-4.12733,-0.22085,3.32959e-05,-0.0318251,7.40292,-0.774849,-0.289484,8.05132e-05,
51,-0.0208727,-0.0406153,0.547092,0.0220358,0.0508616,0,-0.761771,-0.1267,0.59483,0.916666,-0.0424666,-0.109611,0.381976,-0.172572,0.526678,0.523897,-0.531054,0.537792,-0.553007,0.254808,0.523352,2.38926,0.248986,-0.827435,-0.502254,-0.340137,-0.31194,-0.313411,-0.039507,0.000322151,-0.0196974,-1.90753,-1.42441,-0.47487,1.04659e-05,
52,-0.0145874,-0.0407467,0.396773,0.00748195,0.0474327,0,-0.259758,-0.0139268,0.554667,0.919806,-0.0492452,-0.0829474,0.380331,-0.0895161,0.528382,0.523897,-0.527338,0.306713,-0.645874,0.227641,0.523339,2.68458,0.203478,-0.974658,0.219395,1.32849,0.0939625,3.61553,0.113141,-0.000297749,0.0972308,-7.29859,-2.27961,-0.607178,0.000421783,
53,-0.00719815,-0.0412723,0.0498231,-0.0206466,0.042155,0,0.16766,0.184283,0.492872,0.922427,-0.0573526,-0.0518083,0.378358,0.158947,0.535198,0.523884,-0.522958,-0.0967034,-0.759308,0.195691,0.523349,2.86418,0.130555,-1.50024,0.114085,1.25929,-0.156569,6.30085,0.157838,-8.78868e-05,0.0235487,-8.82607,-2.25587,-0.669902,3.63062e-05,
54,-0.000690696,-0.0403736,-0.299561,-0.0175226,0.0399911,0,0.464816,0.370044,0.467544,0.929387,-0.0479431,-0.0238127,0.365203,0.462303,0.523543,0.523828,-0.523949,-0.484851,-0.820438,0.162566,0.523377,3.96608,0.0243724,0.977765,0.884613,1.45601,-0.26026,5.77695,-0.740559,-0.00101535,-0.0499804,-6.59771,-0.0697983,-0.670152,-9.3091e-05,
55,0.00633627,-0.0401381,-0.356856,-0.0273214,0.0428624,0,0.777471,0.408979,0.501153,0.933331,-0.0289742,0.0215824,0.357195,0.552125,0.52049,0.523842,-0.526594,-0.553112,-0.755952,0.129505,0.523348,3.42507,0.0752964,0.390381,1.6872,1.38207,-0.246206,-1.05039,0.0914981,0.000227228,-0.0537605,1.8343,2.62582,-0.652554,-0.000201492,
56,0.0121465,-0.0403333,-0.174397,-0.0174098,0.0434631,0,0.273346,0.302417,0.508186,0.936638,0.0045186,0.0697172,0.343262,0.436566,0.523021,0.523866,-0.529286,-0.322555,-0.552685,0.0989707,0.523344,2.90993,0.123763,0.0819214,1.74156,0.884987,-0.78406,-3.55435,0.0192988,0.000496648,-0.0494724,7.34234,5.48401,-0.566826,0.0007729,
57,0.0158048,-0.0403646,0.14696,0.00830492,0.0455612,0,-0.158939,0.0987095,0.53275,0.944823,-0.000865662,0.0636148,0.321343,0.230941,0.523427,0.523866,-0.531062,0.0857959,-0.486334,0.0739964,0.523365,2.08531,0.0594235,0.341274,-0.576529,-0.0918136,-0.999629,-4.65173,0.00232411,-0.000212119,-0.0360594,8.96977,-0.995824,-0.43808,-0.000514416,
58,0.0179315,-0.04048,0.413755,0.0259639,0.0458667,0,-0.491637,-0.119533,0.536327,0.952406,-0.0147146,0.0554305,0.299388,0.0305945,0.524924,0.523866,-0.532729,0.494654,-0.517911,0.0554492,0.523353,2.22461,0.00357282,-0.197942,-0.566755,-0.206247,-0.929885,-3.37221,0.057895,4.85404e-05,-0.0306263,7.39682,-0.254364,-0.305091,-6.74087e-05,
59,0.0204685,-0.04107,0.453344,0.0229433,0.0438127,0,-0.756804,-0.148989,0.512279,0.954434,-0.0292306,0.0398566,0.2943,-0.0595713,0.532575,0.523857,-0.533902,0.5382,-0.552264,0.0425492,0.523356,2.72871,0.0891277,-0.739982,-0.85438,-0.523719,-0.117657,-0.249122,0.245645,0.000362076,-0.0191633,-1.94797,-1.11269,-0.192585,-3.28416e-05,
60,0.0221128,-0.042317,0.325874,0.00919152,0.040014,0,-0.258492,-0.0370413,0.467812,0.954048,-0.0399342,0.0143152,0.296636,0.0106546,0.548745,0.523849,-0.534672,0.305701,-0.633552,0.0366501,0.523355,2.9764,-0.332927,-0.800042,0.155656,-1.76329,0.267844,3.03751,0.403019,-0.000368796,-0.0123306,-7.31093,-2.11782,-0.0412552,8.69208e-05,
61,0.022344,-0.0438617,0.0447243,-0.00394674,0.0364696,0,0.163168,0.1666,0.426335,0.951938,-0.0280586,-0.0238822,0.304067,0.217281,0.568775,0.523425,-0.534614,-0.0965023,-0.741558,0.0389259,0.523354,3.58755,-0.35973,0.149269,-0.929215,0.535793,0.635319,5.09025,0.206508,-0.0739205,0.110374,-8.53713,-1.98459,0.12234,-7.78319e-05,
62,0.0212463,-0.0432202,-0.254199,-0.01596,0.0413401,0,0.462314,0.369435,0.483334,0.947885,-0.0349786,-0.00412634,0.316659,0.465695,0.560457,0.524193,-0.528418,-0.475546,-0.790412,0.0490505,0.523339,3.77459,-0.408849,1.08022,0.258536,0.843726,0.432376,4.98804,-0.244483,0.00308289,0.117756,-6.77377,-0.265785,0.282637,-0.000379991,
63,0.0176708,-0.0420957,-0.322724,-0.0260079,0.0447032,0,0.795263,0.413179,0.522704,0.94586,-0.0272262,0.0216145,0.322708,0.546308,0.545875,0.523937,-0.523135,-0.551589,-0.735631,0.066741,0.523327,3.28564,-0.296813,0.511775,0.885006,0.843593,0.250446,-0.813634,-0.338839,-0.00375361,0.0441233,1.69762,2.4339,0.421716,7.17196e-05,
64,0.0118078,-0.040465,-0.165881,-0.018315,0.0457784,0,0.275175,0.310027,0.535293,0.945656,-0.00701353,0.0497506,0.321265,0.448459,0.524729,0.523881,-0.523304,-0.324429,-0.540993,0.0907788,0.523334,2.95777,-0.244211,0.00290524,1.36653,0.800845,-0.303136,-3.08128,-0.507218,4.48703e-06,-0.014352,7.33856,5.331,0.540977,4.77e-05,
65,0.00374305,-0.0402126,0.1324,0.00670121,0.0454775,0,-0.156847,0.0996646,0.53177,0.946878,0.0037299,0.0856425,0.309959,0.267955,0.521456,0.523876,-0.524332,0.0835083,-0.502457,0.119763,0.523354,2.25836,-0.301598,0.195564,-0.409228,0.233769,-0.518271,-4.13964,0.0605566,0.000252093,-0.00900974,8.98073,-0.576459,0.615267,0.00204858,
66,-0.00456808,-0.0405323,0.39783,0.0261991,0.0458888,0,-0.491377,-0.118859,0.536587,0.951059,-0.0156359,0.0714685,0.300225,0.0897299,0.525602,0.523869,-0.524394,0.493515,-0.519672,0.150469,0.523366,2.17564,-0.371411,-0.168314,-0.910335,-0.39281,-0.431044,-2.99449,0.104819,-0.000170574,0.000822909,7.42652,-0.142733,0.612086,-0.000451974,
67,-0.0102795,-0.0413044,0.445691,0.0230798,0.0439122,0,-0.758837,-0.148623,0.513444,0.949191,-0.0358952,0.0487959,0.308816,0.0150922,0.535614,0.523856,-0.52403,0.538094,-0.548456,0.178251,0.523357,2.6765,-0.271051,-0.725893,-1.19251,-0.73754,0.449919,-0.00465143,0.292779,0.000357099,0.0109223,-1.93152,-1.00155,0.518566,-0.000135692,
68,-0.0135525,-0.0426924,0.317999,0.00872888,0.0404249,0,-0.258506,-0.0357998,0.472621,0.943023,-0.0418708,0.0154943,0.329718,0.0967439,0.553613,0.523848,-0.523484,0.305827,-0.624029,0.201159,0.523353,2.96522,-0.496223,-0.846469,-0.052707,-1.88548,0.988276,3.22711,0.419922,0.000284141,0.0028162,-7.31492,-2.00734,0.405374,0.000112715,
69,-0.0159217,-0.0442993,0.00709679,-0.00679072,0.03647,0,0.163608,0.166802,0.42634,0.936826,-0.0244745,-0.0286085,0.347763,0.310535,0.57445,0.522924,-0.523509,-0.0968856,-0.727259,0.219017,0.523341,3.57202,-0.173883,-0.129651,-0.489563,0.516882,0.785312,5.26072,0.296801,-0.178628,0.00152308,-8.54134,-1.95527,0.299444,-0.000597534,
70,-0.0168775,-0.0437695,-0.315299,-0.0165189,0.041011,0,0.459657,0.367673,0.479481,0.930381,-0.0263414,-0.00177468,0.365642,0.545151,0.56758,0.520533,-0.524365,-0.47371,-0.771651,0.230855,0.523333,3.75942,-0.22609,1.01471,0.573394,1.17546,1.08173,1.87859,-0.227812,0.0786331,-0.0244321,-6.72851,-0.173276,0.164313,-0.000419182,
71,-0.0163045,-0.0427044,-0.370279,-0.0265139,0.0441189,0,0.801917,0.411224,0.515863,0.923037,-0.0146303,0.034459,0.382885,0.519482,0.553768,0.525292,-0.52568,-0.550678,-0.712684,0.235982,0.523325,3.34795,-0.143765,0.456643,1.23918,1.09237,0.60051,-1.79172,-0.326084,-0.0238505,-0.0263837,1.64804,2.50994,0.0400383,8.7689e-05,
72,-0.0154564,-0.0411119,-0.182283,-0.0184071,0.0450078,0,0.275597,0.30799,0.52627,0.918176,0.0105462,0.073809,0.389093,0.365268,0.533117,0.524097,-0.527054,-0.324813,-0.514634,0.235127,0.52333,2.9822,-0.126098,-0.00405162,1.71118,1.18367,0.0678338,-4.35549,-0.502517,-0.0118618,-0.0307531,7.33597,4.36672,-0.0702626,-1.91639e-06,
73,-0.0145088,-0.0400914,0.190604,0.00880673,0.0471583,0,-0.157477,0.104695,0.551453,0.920157,0.00215662,0.0680485,0.385586,0.119127,0.519885,0.523878,-0.52784,0.0840313,-0.502488,0.229608,0.523363,2.02427,-0.409408,0.400729,-0.737475,-0.338009,-0.243444,-5.4718,0.0684971,-0.000806714,-0.0132295,8.99029,-0.616727,-0.160463,-0.000496644,
74,-0.0124406,-0.0404742,0.510466,0.0263329,0.04767,0,-0.491832,-0.113576,0.557446,0.922773,-0.011695,0.0516893,0.381682,-0.113297,0.524849,0.523872,-0.528389,0.494129,-0.519835,0.219199,0.523354,2.19402,-0.468155,-0.158522,-0.771363,-0.446165,-0.195723,-3.83826,0.128034,7.58061e-05,-0.00883241,7.42597,-0.137347,-0.25534,-3.35546e-05,
75,-0.00748368,-0.0413357,0.563253,0.0232722,0.0457612,0,-0.75755,-0.142921,0.535093,0.918595,-0.0271054,0.027487,0.393311,-0.208679,0.53602,0.523866,-0.528486,0.538235,-0.54742,0.203429,0.523357,2.70957,-0.314931,-0.707664,-1.11478,-0.761608,0.560973,0.00278525,0.316066,0.000405,0.00218243,-1.94217,-0.959224,-0.35678,-5.45076e-05,
76,-0.00138879,-0.042847,0.414649,0.00556822,0.0417374,0,-0.25885,-0.0316939,0.487984,0.911322,-0.0481488,-0.00498917,0.408838,-0.106421,0.555618,0.523865,-0.528173,0.30597,-0.620339,0.184578,0.523353,3.0925,-0.255664,-1.15963,-1.52553,-0.979797,0.687065,4.05546,0.464023,-0.000108042,0.0101974,-7.30682,-1.94607,-0.396374,-2.39297e-05,
77,0.00288398,-0.0444049,0.043528,-0.00906218,0.0378124,0,0.1669,0.170888,0.442048,0.911525,-0.0319197,-0.0382238,0.408218,0.161549,0.57582,0.523918,-0.523618,-0.0967442,-0.719684,0.166334,0.52332,3.51523,-0.753107,-0.35493,3.09613,0.0430859,-1.1298,6.54461,0.319809,0.00184602,0.343096,-8.76867,-2.03918,-0.323329,-0.00199984,
78,0.00733961,-0.0446769,-0.339431,-0.020002,0.0395626,0,0.463388,0.366068,0.462529,0.910536,-0.023492,0.00223177,0.412756,0.481878,0.579346,0.524187,-0.52194,-0.478848,-0.776034,0.149574,0.523339,4.1997,-0.492137,0.699102,0.955777,1.33414,0.3379,6.30983,-0.110223,0.0144741,-0.0547527,-6.7169,-0.326968,-0.319837,-8.49032e-05,
79,0.0116059,-0.0440034,-0.412831,-0.0298551,0.04129,0,0.788692,0.404375,0.482747,0.906007,-0.00742215,0.0481747,0.420447,0.553767,0.570613,0.523963,-0.524859,-0.552185,-0.724926,0.134989,0.523322,3.61707,-0.516491,0.13461,1.61592,1.39151,0.408007,-1.41326,-0.239594,-0.00520376,-0.0591866,1.74707,2.34974,-0.261204,-2.84368e-05,
80,0.014255,-0.042675,-0.213785,-0.0139884,0.0432893,0,0.273874,0.302316,0.50615,0.905207,-0.00135201,0.0465209,0.422416,0.409834,0.553387,0.523872,-0.52687,-0.323379,-0.536112,0.124704,0.523342,2.45799,-0.68228,0.424718,-0.212022,-0.785722,-0.167984,-4.31575,-0.445001,-0.000378962,-0.0332594,7.35156,5.18121,-0.151792,-0.000411163,
81,0.0148101,-0.0407636,0.183329,0.00482025,0.0443085,0,-0.15809,0.0952109,0.518083,0.90797,-0.0111533,0.0334077,0.417552,0.160454,0.528601,0.52386,-0.528807,0.08493,-0.501714,0.120242,0.523335,2.29977,-0.817458,0.00172866,-0.652178,-0.150859,-0.26145,-5.64784,-0.540998,-7.46794e-05,-0.0404362,8.96935,-0.607288,-0.0318772,-1.85948e-06,
82,0.014012,-0.0401807,0.523937,0.0226389,0.0432006,0,-0.491185,-0.127518,0.505112,0.91041,-0.0233587,0.0213879,0.412493,-0.0818474,0.521043,0.523861,-0.530687,0.493911,-0.519593,0.121388,0.523346,2.4735,-0.859528,-0.52257,-0.643908,-0.298477,-0.233197,-4.05713,0.0668718,1.0227e-05,-0.0347989,7.40229,-0.146719,0.0768588,0.00015503,
83,0.0137372,-0.0407585,0.577659,0.0199415,0.0398358,0,-0.758635,-0.161313,0.465727,0.905956,-0.0370081,0.00133994,0.42175,-0.185423,0.528535,0.523846,-0.532048,0.538085,-0.55018,0.126591,0.523357,2.98389,-0.672003,-1.03613,-0.996688,-0.61601,0.465343,-0.107163,0.230462,0.000300551,-0.0224424,-1.93309,-1.06932,0.14916,1.68179e-05,
84,0.0130887,-0.0417775,0.422466,0.0107127,0.0351969,0,-0.259517,-0.0525207,0.411445,0.89848,-0.0326554,-0.0265591,0.436992,-0.0854764,0.541749,0.523844,-0.532143,0.305972,-0.631276,0.135984,0.52335,3.36069,-0.809867,-0.65121,1.98839,-0.419558,0.131767,3.96367,0.246182,0.00104793,0.166246,-7.28137,-2.1576,0.249548,-0.00198774,
85,0.0109821,-0.0421445,0.042861,0.00405705,0.0365246,0,0.146036,0.159435,0.426979,0.893552,-0.0210506,-0.00413251,0.448447,0.176354,0.546508,0.521982,-0.521392,-0.0825037,-0.738295,0.149854,0.523382,4.35424,0.00558916,0.862008,-0.777226,0.381255,0.93097,6.54926,-0.0212919,0.0270263,-0.000723567,-8.33226,-2.14835,0.302515,4.37473e-05,
86,0.00854352,-0.0420094,-0.372215,-0.0215733,0.0394176,0,0.454458,0.357927,0.460832,0.885483,-0.0297321,-0.00393911,0.463703,0.503005,0.544756,0.524485,-0.523226,-0.462307,-0.812812,0.166783,0.523349,4.26315,0.0280305,0.451311,-0.0623479,0.0501697,0.547678,6.52479,-0.0349674,-0.012394,-0.0411625,-6.87314,-0.849903,0.372364,-0.000464862,
87,0.00580028,-0.0415945,-0.458073,-0.032106,0.0401201,0,0.828857,0.399478,0.469054,0.876352,-0.0232631,0.00436743,0.481089,0.539974,0.539375,0.523933,-0.525575,-0.54827,-0.788666,0.185924,0.523334,3.6967,-0.0784317,-0.109928,0.649555,0.128395,0.762342,-1.60652,-0.180195,-0.0046787,-0.0479273,1.46236,1.79385,0.40234,7.90247e-05,
88,0.00217344,-0.040475,-0.248816,-0.0249107,0.0385063,0,0.27642,0.289872,0.450168,0.869422,-0.00460482,0.0183654,0.493707,0.378787,0.524859,0.523858,-0.528013,-0.326388,-0.62777,0.206697,0.523337,3.33264,-0.150376,-0.638262,1.18075,0.150989,0.374892,-4.81446,-0.400389,-9.25091e-05,-0.0505085,7.36087,4.6223,0.430234,-7.07848e-06,
89,-0.00248241,-0.0402526,0.213005,-0.00172895,0.0357852,0,-0.156318,0.0693592,0.418327,0.866599,0.00805993,0.017154,0.498646,0.0986823,0.521975,0.523842,-0.530242,0.0827702,-0.482909,0.228441,0.523349,2.76779,-0.513684,-0.633424,-0.583679,-0.618729,0.160529,-6.37813,0.0440172,-0.000358903,-0.0390607,8.99595,-0.633126,0.440144,8.12012e-05,
90,-0.00724067,-0.0403839,0.600422,0.0200309,0.0319883,0,-0.490541,-0.162309,0.37391,0.865271,0.00334847,-0.00133609,0.501291,-0.173858,0.523677,0.523707,-0.531726,0.493497,-0.515598,0.249614,0.523345,2.73712,-0.426382,-0.778111,-0.722964,0.424336,-0.41111,-4.53273,0.0174594,-0.0114206,0.0343138,7.38622,-0.388313,0.480917,-0.00379909,
91,-0.0131578,-0.0404951,0.645711,0.0343706,0.0334366,0,-0.760413,-0.180968,0.390851,0.865785,-0.000656104,0.00261994,0.500409,-0.281348,0.525119,0.520692,-0.52257,0.537786,-0.561711,0.274122,0.5233,1.99217,-0.020949,0.392567,-0.0400237,0.0872692,0.0861515,0.133521,0.0778922,0.0311627,0.0844774,-1.91811,-1.48741,0.451689,0.00183897,
92,-0.0177474,-0.0412322,0.471797,0.0188203,0.0345446,0,-0.260018,-0.0549741,0.403814,0.864972,-0.0181033,-0.005245,0.501467,-0.158177,0.534678,0.524753,-0.522953,0.306678,-0.667198,0.293895,0.523356,2.4308,0.184549,0.146239,-0.722598,-0.694883,-0.413569,4.7111,0.279425,-0.000118038,-0.020519,-7.28741,-2.71464,0.354403,0.000789633,
93,-0.0217307,-0.0418077,0.0436329,0.00792223,0.0389628,0,0.151404,0.168111,0.455509,0.866639,-0.0409962,-0.0391976,0.495701,0.1469,0.542141,0.523998,-0.523331,-0.0846174,-0.802485,0.308137,0.523358,3.18118,0.412469,1.25581,-0.993765,-0.0502828,-0.484866,7.59882,0.148224,-0.00872852,-0.00629824,-8.52636,-2.79861,0.22403,-0.000666879,
94,-0.0250961,-0.0424122,-0.397992,-0.0183276,0.0434058,0,0.466704,0.373967,0.507515,0.874299,-0.0525939,-0.0512532,0.479801,0.525097,0.54998,0.523854,-0.523699,-0.47307,-0.907298,0.31535,0.523342,3.04214,0.359171,0.832345,-0.111102,-0.322303,-0.783287,6.26282,0.160187,-0.000870409,-0.00921452,-7.02377,-1.40543,0.0603435,-0.000195799,
95,-0.0258388,-0.0427537,-0.450063,-0.0284442,0.0458127,0,0.792903,0.416653,0.535695,0.880901,-0.055883,-0.0447962,0.46785,0.538488,0.554407,0.523861,-0.524853,-0.552807,-0.905443,0.313252,0.52333,2.46993,0.218934,0.277632,0.266417,0.367004,-0.550491,-1.93131,0.022498,0.000220555,-0.0256022,1.71794,1.42305,-0.135885,0.000151995,
96,-0.0245894,-0.0424465,-0.219658,-0.0213572,0.045766,0,0.275087,0.310153,0.535149,0.889345,-0.0460823,-0.0319659,0.453785,0.362801,0.550425,0.523881,-0.526191,-0.324761,-0.759537,0.301844,0.523332,2.1266,0.21489,-0.295993,0.906497,0.296401,-0.777408,-5.0703,-0.182038,0.000279502,-0.0286893,7.35412,4.3919,-0.317639,-4.74821e-05,
97,-0.0218318,-0.0414366,0.211218,-0.00264672,0.0434435,0,-0.156667,0.0932122,0.507955,0.900076,-0.0253369,-0.0139116,0.434773,0.0756615,0.537328,0.52388,-0.527696,0.0835481,-0.504737,0.281926,0.523334,1.92465,0.147933,-0.728468,0.839177,0.567028,-0.95285,-6.40386,-0.348632,-0.000308333,-0.0336107,8.96345,2.50292,-0.474348,0.000110818,
98,-0.0176925,-0.0401831,0.550133,0.0165559,0.0395875,0,-0.490075,-0.13804,0.462821,0.910443,-0.0221103,0.0061518,0.412997,-0.198421,0.521073,0.52386,-0.529324,0.492393,-0.507731,0.254986,0.523345,2.10046,0.156332,-1.11547,0.349187,0.645822,-0.935721,-4.57486,-0.0820655,-0.000137066,-0.0298726,7.40439,-0.496493,-0.604428,0.000119253,
99,-0.00976501,-0.0403383,0.598339,0.0180844,0.0342894,0,-0.760161,-0.178193,0.400828,0.911434,-0.00465002,0.0133128,0.411205,-0.321353,0.523086,0.52382,-0.530458,0.537511,-0.556825,0.22085,0.52336,2.44517,0.0470908,-1.21651,1.89837,-1.10345,0.519973,-0.344753,0.0845176,-2.91241e-05,-0.0185515,-1.91918,-1.45,-0.750688,0.000107962,
100,0.00013724,-0.0406556,0.457057,0.0310366,0.034018,0,-0.27882,-0.0608613,0.397653,0.907492,-0.0264312,-0.00957745,0.419128,-0.233249,0.5272,0.520813,-0.524216,0.314531,-0.656621,0.182658,0.523369,2.48148,0.381969,1.31039,-1.11427,0.043962,0.23811,3.74087,0.0268367,-0.097742,0.341774,-6.87718,-2.46141,-0.7702,0.000393769,
101,0.00831383,-0.0411109,0.103742,0.00590377,0.0390362,0,0.139094,0.161489,0.456369,0.908816,-0.0452446,-0.0286325,0.413747,0.0308659,0.533105,0.52265,-0.522157,-0.0715401,-0.787082,0.145909,0.523361,2.74131,0.289596,0.983243,-1.06999,-0.456551,-0.511267,6.82238,0.217705,0.163838,-0.0450436,-8.55693,-2.75523,-0.706022,-0.000314576,
102,0.0143333,-0.0419747,-0.289918,-0.0196195,0.0422926,0,0.461812,0.366607,0.494482,0.91444,-0.0610785,-0.049395,0.397025,0.382518,0.544306,0.52463,-0.524418,-0.463827,-0.891068,0.113274,0.523347,2.72203,0.239278,0.652968,-0.734615,-0.513382,-1.08314,7.20549,0.208505,-0.0241738,-0.0455859,-7.12283,-1.39177,-0.594968,6.70386e-05,
103,0.018268,-0.0419706,-0.373387,-0.024991,0.0460055,0,0.817565,0.415821,0.537952,0.923669,-0.0673004,-0.0484168,0.374114,0.565812,0.544253,0.523924,-0.527734,-0.549794,-0.884148,0.0867022,0.523334,2.28352,0.227043,0.6023,0.119206,0.297025,-0.660716,-0.679554,-0.0803939,-0.00457389,-0.0705027,1.53918,1.50067,-0.477548,-2.37684e-05,
104,0.0209931,-0.0413279,-0.191558,-0.0181966,0.04734,0,0.276,0.315275,0.55358,0.932108,-0.0596521,-0.0408838,0.354886,0.465217,0.535919,0.523879,-0.531227,-0.325973,-0.734645,0.0668283,0.523335,1.9774,0.26498,0.0232388,0.646522,0.199055,-1.04246,-3.32244,-0.252837,0.000298358,-0.0698936,7.36231,4.45773,-0.316884,-1.32949e-05,
105,0.0209321,-0.0401906,0.134709,0.000477042,0.0463558,0,-0.156305,0.102738,0.542055,0.943143,-0.0437132,-0.0304204,0.328093,0.268479,0.521171,0.523884,-0.53473,0.0829474,-0.491959,0.0553717,0.52334,1.7769,0.186169,-0.416408,0.447797,0.592633,-1.26282,-4.53811,-0.128355,-0.000200208,-0.0734911,8.98113,1.53421,-0.139492,0.000153686,
106,0.0185474,-0.0402893,0.401018,0.0195207,0.0437745,0,-0.490794,-0.125115,0.511832,0.953361,-0.0436289,-0.0131477,0.298371,0.0714265,0.522451,0.523872,-0.53833,0.492777,-0.508007,0.0524131,0.523351,1.9035,0.138269,-0.824533,0.131767,0.703811,-1.18585,-3.35333,0.0516224,-6.94289e-05,-0.0689901,7.42536,-0.508431,0.0180677,0.000105715,
107,0.016543,-0.0407596,0.436049,0.017384,0.0392772,0,-0.760684,-0.162971,0.45919,0.957108,-0.0472791,-0.00256567,0.285836,-0.0201513,0.528549,0.523851,-0.541374,0.53794,-0.555723,0.0553674,0.523357,2.40727,0.229806,-1.28815,-0.115242,0.350889,-0.349946,-0.323771,0.191048,0.000207101,-0.0555901,-1.9165,-1.39378,0.118711,-3.67216e-05,
108,0.0148118,-0.0416813,0.311909,0.00694865,0.0345299,0,-0.260079,-0.0547136,0.403641,0.957425,-0.00925456,-0.0121386,0.288279,0.0442815,0.540502,0.52383,-0.543533,0.306106,-0.652507,0.0637195,0.52335,2.56804,-0.220721,-1.02397,1.28012,0.253222,0.694114,2.83402,0.280915,-0.00405674,0.0363546,-7.26478,-2.46623,0.209953,-0.000535784,
109,0.0146922,-0.0414498,0.0483236,0.0106854,0.0366698,0,0.144323,0.158463,0.428678,0.948375,-0.0327813,-0.00773738,0.315358,0.230477,0.5375,0.52312,-0.537577,-0.0797928,-0.761303,0.0760607,0.523394,3.68213,-0.179461,1.50194,-1.12404,-0.140726,0.803707,4.65282,-0.38836,0.102589,0.121894,-8.38567,-1.94058,0.308176,-0.000639781,
110,0.0121135,-0.0401873,-0.259091,-0.0153135,0.0422502,0,0.456435,0.36594,0.493986,0.941862,-0.0528398,-0.0185678,0.331298,0.466261,0.521128,0.524208,-0.531728,-0.462648,-0.825828,0.0938793,0.523352,3.58184,-0.172002,1.07205,-0.780994,-0.189984,0.555973,4.77866,-0.071371,-0.0124789,0.112972,-6.93999,-0.662875,0.403992,-0.000456782,
111,0.00796064,-0.0402983,-0.337978,-0.0260299,0.0455807,0,0.825265,0.414279,0.532978,0.937652,-0.0602469,-0.0251107,0.341392,0.544193,0.522567,0.523892,-0.526442,-0.548852,-0.790979,0.115763,0.523342,3.11151,-0.0758209,0.494301,-0.0836757,-0.216089,0.401477,-0.769375,0.0335732,-0.00189227,0.101005,1.48666,2.03241,0.469071,0.000128711,
112,0.00262183,-0.0403589,-0.181095,-0.01932,0.0464561,0,0.276406,0.312924,0.543229,0.936175,-0.0536629,-0.0298506,0.346129,0.445682,0.523354,0.523882,-0.52289,-0.32637,-0.615778,0.140292,0.523345,2.79423,-0.0377117,-0.0855962,0.449325,-0.311009,-0.0905395,-3.15158,0.00442042,0.000262485,-0.00185247,7.36076,4.95418,0.513982,-1.91764e-05,
113,-0.00401521,-0.0403661,0.139463,-0.000310204,0.0451681,0,-0.156092,0.0991596,0.528147,0.938245,-0.0472436,-0.0283363,0.341558,0.25909,0.523446,0.523878,-0.523658,0.0826211,-0.483362,0.166213,0.523347,2.6044,-0.164011,-0.492384,-0.062574,0.355084,-0.267726,-4.30384,0.000528401,-0.00017921,-0.0212865,8.98953,-0.756248,0.52254,6.07715e-05,
114,-0.0104606,-0.0403739,0.429474,0.0181312,0.0420708,0,-0.491108,-0.130546,0.491887,0.94004,-0.0528608,-0.021871,0.336233,0.0743156,0.523548,0.523866,-0.524646,0.492933,-0.514932,0.190999,0.523351,2.74731,-0.244772,-0.962763,-0.167423,0.288683,-0.143589,-3.09661,0.00148872,-0.000114012,-0.0179327,7.43504,-0.316139,0.46883,5.09737e-05,
115,-0.0130826,-0.0405723,0.485844,0.0194773,0.0374134,0,-0.757882,-0.168653,0.437379,0.933353,-0.0452557,-0.0244803,0.355254,0.00171914,0.526121,0.523831,-0.525271,0.537749,-0.553856,0.210346,0.523356,3.06883,-0.297395,-1.08014,1.51935,-1.11828,1.45952,0.205738,0.0805569,1.35776e-05,-0.0114413,-1.93791,-1.22286,0.314812,-1.44947e-05,
116,-0.0127912,-0.0411256,0.347746,0.0121693,0.0330219,0,-0.263697,-0.0600669,0.386,0.921784,-0.00493719,0.00288179,0.387661,0.099661,0.533295,0.523767,-0.522922,0.30715,-0.644081,0.223288,0.523347,3.41648,0.461774,-0.513827,-0.528134,1.40194,1.70285,3.64325,0.135368,0.000568304,0.00520834,-7.16631,-2.32085,0.187842,0.00328246,
117,-0.0120719,-0.0402172,-0.00238403,0.0106462,0.0367309,0,0.153436,0.161664,0.429393,0.910556,-0.0282066,-0.00896489,0.412325,0.332554,0.521516,0.523806,-0.523653,-0.0855314,-0.748433,0.231044,0.523396,4.06061,0.547058,1.53013,-1.02736,-0.159606,0.677133,5.74015,-0.379188,0.000273763,-0.0288669,-8.59804,-1.95132,0.120708,-0.00116974,
118,-0.0111546,-0.0402367,-0.369543,-0.0164381,0.0422679,0,0.471649,0.372808,0.494194,0.901695,-0.0480034,-0.0198254,0.429242,0.554998,0.521768,0.523813,-0.525219,-0.477315,-0.813326,0.234581,0.523353,3.74233,0.420288,1.04285,-0.761722,0.0417697,1.26111,0.379209,0.107493,-0.000436955,-0.0361577,-7.0924,-0.660704,0.00953166,-0.000450902,
119,-0.00895347,-0.0404318,-0.424616,-0.0266694,0.0454705,0,0.78017,0.416604,0.531688,0.892076,-0.0573692,-0.0225803,0.447659,0.496008,0.524299,0.523862,-0.527109,-0.554723,-0.777123,0.233372,0.523344,3.34895,0.468158,0.463871,-0.11166,-0.0510851,0.638448,-2.50876,-0.00667854,0.000208592,-0.0379242,1.81845,2.08473,-0.0627675,8.20145e-05,
120,-0.00671277,-0.0403321,-0.202737,-0.0195006,0.0462129,0,0.274831,0.311232,0.540381,0.886803,-0.0524372,-0.0223173,0.458621,0.296831,0.523006,0.523882,-0.52903,-0.324329,-0.5989,0.228739,0.523344,2.9969,0.437277,-0.11486,0.482438,-0.143189,0.277861,-5.43441,0.00833649,0.00027473,-0.0395583,7.34846,5.02308,-0.120277,-4.4808e-05,
121,-0.00470121,-0.0403602,0.24049,-0.000354522,0.044894,0,-0.15699,0.0976541,0.524938,0.885133,-0.0491808,-0.0151985,0.462483,-0.00505849,0.52337,0.523877,-0.531208,0.0838204,-0.498193,0.221965,0.523347,2.83374,0.310937,-0.503466,0.0179766,0.454858,0.132777,-6.63183,0.00351063,-0.000141659,-0.0465983,8.96795,-0.532267,-0.151984,7.65256e-05,
122,-0.0025567,-0.0403729,0.600754,0.0180312,0.0417522,0,-0.490595,-0.131551,0.488157,0.883763,-0.0557785,-0.00671447,0.464551,-0.284974,0.523535,0.523866,-0.533396,0.492945,-0.518268,0.213848,0.523352,3.04537,0.283659,-0.972723,-0.169698,0.375393,0.109062,-4.5814,0.00189012,-0.000121022,-0.0407929,7.40932,-0.191848,-0.172845,6.09394e-05,
123,0.00248339,-0.0405461,0.660315,0.019646,0.037437,0,-0.76065,-0.168656,0.437655,0.871455,-0.0360993,-0.0112761,0.489015,-0.398497,0.52578,0.523832,-0.535033,0.537893,-0.55104,0.203342,0.523361,3.39525,0.223007,-1.06427,1.29603,-1.35654,1.46644,0.00776857,0.0908461,0.000326361,-0.027257,-1.91662,-1.11385,-0.226863,-9.232e-05,
124,0.0079041,-0.0411036,0.50906,0.0166729,0.0334006,0,-0.266851,-0.0597613,0.39043,0.855726,-0.0112704,-0.00280717,0.517299,-0.278717,0.533011,0.523379,-0.533286,0.308823,-0.635417,0.192904,0.523361,3.48536,1.0115,-0.0780229,-1.12074,1.00951,1.07051,4.69304,0.142126,0.0161968,0.116834,-7.10835,-2.20291,-0.191931,0.00260542,
125,0.0100899,-0.0414049,0.0786416,0.00762164,0.0369629,0,0.147892,0.160215,0.432108,0.850744,-0.0318619,-0.0324817,0.523608,0.0344103,0.536918,0.523953,-0.524428,-0.0813941,-0.749869,0.186467,0.523385,4.13429,0.885194,1.20809,-1.43982,-0.544407,-0.0268794,7.85503,0.0465214,-0.00373029,0.260479,-8.50425,-2.38767,-0.0791093,-0.00070396,
126,0.00991667,-0.0415377,-0.400384,-0.0159312,0.0415797,0,0.462836,0.367029,0.486139,0.852104,-0.0491642,-0.0583168,0.517784,0.431371,0.53864,0.523851,-0.522626,-0.468957,-0.834782,0.184649,0.523348,4.02413,0.845876,1.04625,-0.787367,-0.191535,-0.458214,8.00823,-0.00859298,-0.000702127,-0.0362532,-6.99734,-0.974159,0.00769084,-0.000481486,
127,0.00888349,-0.0411915,-0.489194,-0.0261285,0.0449808,0,0.805369,0.413768,0.525954,0.855744,-0.0511014,-0.0583887,0.511549,0.56045,0.534149,0.52385,-0.524998,-0.551263,-0.813483,0.18627,0.523333,3.40418,0.653131,0.498029,0.235135,0.108884,-0.0874679,-1.30792,-0.143535,6.37016e-05,-0.0507969,1.62541,1.77479,0.0588515,0.000174868,
128,0.00740943,-0.040295,-0.264433,-0.0193165,0.0458497,0,0.276063,0.310831,0.536129,0.859098,-0.0407348,-0.0507528,0.507657,0.408159,0.522525,0.523875,-0.527565,-0.325658,-0.65095,0.19077,0.523339,3.05607,0.567661,-0.0892301,0.797095,0.0500213,-0.375998,-4.75538,-0.257857,0.000374669,-0.0526345,7.34832,4.70551,0.122195,1.36002e-05,
129,0.00469538,-0.0402689,0.203732,-0.000188548,0.0445543,0,-0.15585,0.097231,0.520961,0.865606,-0.027633,-0.0362567,0.498647,0.128207,0.522186,0.523875,-0.53035,0.0825997,-0.494002,0.198248,0.523345,2.86948,0.423524,-0.480242,0.437511,0.620965,-0.479523,-6.43008,0.0418079,-0.000168265,-0.0598838,8.97197,-0.291176,0.177437,0.000131788,
130,0.00132456,-0.040391,0.586429,0.018493,0.041581,0,-0.49021,-0.131652,0.486153,0.872124,-0.0273789,-0.0194492,0.48813,-0.148573,0.52377,0.523865,-0.533205,0.492121,-0.516078,0.20783,0.523352,3.04697,0.44236,-0.922453,0.266577,0.54416,-0.47303,-4.65529,0.0238686,-9.22922e-05,-0.0539191,7.42117,-0.264263,0.205246,7.20374e-05,
131,-0.00064126,-0.0407417,0.638322,0.0163535,0.036655,0,-0.762636,-0.171032,0.428504,0.870839,-0.0302255,-0.0117412,0.490498,-0.27001,0.528317,0.523841,-0.535488,0.537806,-0.553125,0.217134,0.523358,3.54071,0.710283,-1.38927,-0.109295,0.208194,0.182215,-0.227419,0.157126,0.000194111,-0.0402562,-1.90085,-1.21078,0.185046,-5.35369e-05,
132,-0.0013652,-0.0413802,0.476152,0.0243711,0.0332506,0,-0.269808,-0.0607462,0.388675,0.86431,-0.00989299,0.00144114,0.502861,-0.165875,0.536597,0.522913,-0.533369,0.309771,-0.641051,0.225584,0.523366,3.73956,0.855212,0.677768,-0.787965,0.456315,0.736303,4.26576,0.108781,-0.0258429,0.154932,-7.03467,-2.22819,0.158936,0.0025709,
133,-0.00257308,-0.0418452,0.0535276,0.00498807,0.0372545,0,0.146785,0.16007,0.435519,0.859223,-0.0302646,-0.0266391,0.51001,0.124864,0.542627,0.524204,-0.525192,-0.0793901,-0.758121,0.233791,0.523382,4.1923,0.965883,0.936617,-1.32616,-1.1086,-0.0869136,7.37065,0.149319,-0.00457929,0.16621,-8.55698,-2.46012,0.168842,-0.000788765,
134,-0.00493922,-0.0419337,-0.406415,-0.0163268,0.0420188,0,0.46421,0.368272,0.491278,0.85968,-0.0480194,-0.0556234,0.50552,0.493237,0.543774,0.523896,-0.522891,-0.469025,-0.840159,0.241781,0.523346,4.04024,0.879584,1.00752,-1.2546,-0.182012,-0.270767,7.37713,-0.00433115,-0.00318717,-0.0206665,-7.0518,-0.936733,0.15044,-0.000428922,
135,-0.00538708,-0.0416235,-0.486603,-0.0266237,0.0451949,0,0.802887,0.414595,0.528461,0.855159,-0.0456918,-0.0593648,0.512925,0.540984,0.539752,0.523854,-0.524528,-0.551847,-0.818054,0.246902,0.523331,3.42716,0.64985,0.452317,0.397925,-0.238502,0.373161,-1.64873,-0.136351,0.00010203,-0.0350025,1.64415,1.79282,0.0764314,0.000195094,
136,-0.00535895,-0.0407479,-0.261341,-0.0198417,0.0458606,0,0.276189,0.310924,0.536257,0.852156,-0.0283597,-0.0560876,0.519499,0.372507,0.528398,0.523877,-0.526333,-0.325784,-0.654464,0.249658,0.523337,3.07722,0.562939,-0.140452,0.944436,-0.253309,0.0820881,-5.06227,-0.317959,0.000340272,-0.0379625,7.34794,4.72982,0.0358751,4.28828e-06,
137,-0.00544985,-0.0402485,0.222336,-0.000776706,0.0443048,0,-0.155673,0.0965305,0.51804,0.852403,-0.00868274,-0.04576,0.520806,0.0781599,0.521922,0.523875,-0.528388,0.0824344,-0.481464,0.250612,0.523343,2.89869,0.399498,-0.537442,0.545478,0.318641,-0.0320143,-6.69911,0.0346325,-0.000220906,-0.0457492,8.9707,-0.334191,0.00394948,0.000137093,
138,-0.00531685,-0.0403621,0.61771,0.0178288,0.0410776,0,-0.490098,-0.133138,0.480261,0.853158,-0.00365548,-0.0338473,0.520541,-0.208358,0.523395,0.523863,-0.530553,0.491948,-0.512655,0.249937,0.523352,3.09699,0.410103,-0.987151,0.35414,0.244658,-0.0264492,-4.77708,0.020929,-0.000106807,-0.0403868,7.42211,-0.387338,-0.0312906,9.19891e-05,
139,-0.00340046,-0.0406908,0.672704,0.0190481,0.0360989,0,-0.766219,-0.172824,0.421998,0.846768,-0.000988106,-0.0243791,0.531403,-0.330078,0.527657,0.523802,-0.531514,0.53794,-0.555951,0.246624,0.523345,3.49437,0.74482,-1.12364,1.26404,1.56418,0.202997,-0.119568,0.144271,-0.00286954,0.0693064,-1.87363,-1.33355,-0.0776161,-0.00143106,
140,-0.00174988,-0.0413414,0.503086,0.0230154,0.033471,0,-0.264873,-0.059873,0.391254,0.843359,-0.021475,-0.0010309,0.53692,-0.214547,0.536094,0.523796,-0.52747,0.309449,-0.651552,0.242093,0.52339,3.24192,0.724683,0.545517,-1.28759,-0.809378,0.307354,4.66987,0.154827,0.000563208,0.0912673,-7.20176,-2.44632,-0.0998052,0.00101216,
141,-0.000932648,-0.0417905,0.054386,0.0109353,0.0382097,0,0.150664,0.165247,0.446697,0.843375,-0.0351443,-0.0349384,0.535036,0.0970131,0.541918,0.5238,-0.521385,-0.0836085,-0.777772,0.237831,0.523367,3.95684,0.850968,1.54796,-0.577136,-0.312539,-0.571815,7.78554,0.09853,0.000642188,-0.000949889,-8.54163,-2.62213,-0.0698374,-0.00094885,
142,-0.00173513,-0.0422856,-0.418497,-0.0160928,0.043778,0,0.467234,0.374977,0.511872,0.852163,-0.0402389,-0.0475368,0.519556,0.486832,0.548338,0.523834,-0.523214,-0.473048,-0.874647,0.234439,0.523342,3.82773,0.801638,1.05313,-0.31877,-0.257182,-0.850749,7.80643,0.15866,0.000341978,-0.0413595,-7.04648,-1.26566,-0.0669341,-0.000157647,
143,-0.00170882,-0.0426793,-0.485066,-0.0268707,0.0468872,0,0.792226,0.419593,0.548277,0.858282,-0.0341633,-0.0483701,0.509751,0.541474,0.553443,0.523861,-0.52565,-0.553053,-0.867593,0.230042,0.523332,3.23848,0.602647,0.434627,0.482228,-0.148569,-0.43788,-1.62988,0.045,0.000303534,-0.0501878,1.72354,1.52332,-0.0971668,0.000114173,
144,-0.00158885,-0.04248,-0.249412,-0.0197944,0.0475123,0,0.275328,0.315271,0.555598,0.865259,-0.0149067,-0.0432498,0.499234,0.374159,0.550859,0.523885,-0.528191,-0.324943,-0.716266,0.224939,0.523332,2.88895,0.550703,-0.140472,1.0344,-0.195892,-0.673165,-5.03478,-0.148645,0.000319806,-0.0522244,7.35124,4.50821,-0.105432,-5.04608e-05,
145,-0.00190388,-0.0416169,0.215999,-0.00105826,0.0458438,0,-0.156395,0.100951,0.536059,0.874414,0.0118319,-0.0325675,0.483942,0.0833461,0.539667,0.523886,-0.530861,0.0832662,-0.473672,0.219579,0.523335,2.69253,0.441249,-0.569915,0.765907,0.208511,-0.821742,-6.58494,-0.307191,-0.000290531,-0.0572737,8.96371,1.2131,-0.105458,0.000125594,
146,-0.00245074,-0.0404007,0.5838,0.0177596,0.0425729,0,-0.490092,-0.12862,0.497764,0.884127,0.019672,-0.0201776,0.466396,-0.198704,0.523895,0.523871,-0.533625,0.492272,-0.504166,0.214209,0.523345,2.87362,0.459513,-0.995805,0.41045,0.230763,-0.81358,-4.71249,-0.318431,-9.10346e-05,-0.0520315,7.40973,-0.674946,-0.110948,9.00009e-05,
147,-0.00132663,-0.0403026,0.630713,0.0165636,0.0373488,0,-0.762849,-0.168871,0.436623,0.886555,0.0249214,-0.0177282,0.461612,-0.32342,0.522623,0.523847,-0.535814,0.537782,-0.56069,0.207389,0.523356,3.30058,0.790752,-1.36837,-0.408784,0.0855824,-0.222842,-0.300897,0.0853271,0.000556447,-0.0398166,-1.89912,-1.58203,-0.14314,0.000292425,
148,-0.000232656,-0.0407545,0.468834,0.0129369,0.0331651,0,-0.263706,-0.0606864,0.387676,0.889761,-0.0304072,-0.00615925,0.455371,-0.224187,0.528483,0.523764,-0.53473,0.309153,-0.668242,0.200059,0.523361,3.33111,0.450225,-0.449158,0.258372,-0.261539,-0.0165263,4.222,0.163539,0.000276092,0.0528085,-7.23507,-2.68308,-0.142593,0.000725201,
149,0.00176042,-0.0408341,0.0853065,0.0118177,0.0372492,0,0.141675,0.158684,0.435458,0.886387,-0.0423815,-0.0296227,0.460049,0.0560847,0.529515,0.523886,-0.523961,-0.0767803,-0.799231,0.19372,0.523397,4.26202,0.324624,1.59702,-1.71662,-1.05386,0.0368862,7.10179,-0.157687,0.0609889,0.229808,-8.40316,-2.53163,-0.111015,-0.000374576,
150,0.00260223,-0.0403034,-0.344369,-0.0128103,0.0435401,0,0.455597,0.368655,0.509087,0.884715,-0.0616201,-0.0694463,0.456792,0.41794,0.522634,0.524051,-0.522667,-0.460831,-0.891483,0.188755,0.523356,4.13599,0.300542,1.30933,-1.61589,-0.626129,-0.234794,7.37113,-0.0285383,-0.00869433,-0.0373554,-6.96394,-1.16401,-0.0854447,-0.000555082,
151,0.00303713,-0.040345,-0.441464,-0.0242636,0.0477527,0,0.83001,0.419849,0.558413,0.883574,-0.0797015,-0.0948907,0.451598,0.57436,0.523174,0.52387,-0.524802,-0.548497,-0.880518,0.184655,0.523341,3.56301,0.214354,0.66698,-0.778856,-0.54782,0.120651,-1.16498,0.0125196,-0.000888043,-0.0459862,1.45544,1.57579,-0.0830803,9.6759e-05,
152,0.00383257,-0.0403647,-0.240859,-0.0173835,0.049296,0,0.276158,0.32114,0.57649,0.881596,-0.0835086,-0.110127,0.451316,0.437661,0.523428,0.523886,-0.526653,-0.326495,-0.726694,0.181185,0.523337,3.21797,0.1666,0.106539,0.261708,0.191129,-0.158761,-4.28229,0.0012424,0.000459317,0.00684517,7.37521,4.54959,-0.0540956,-0.000576545,
153,0.00371965,-0.0403676,0.178584,0.000978316,0.0485875,0,-0.156513,0.109743,0.568191,0.885827,-0.077381,-0.101209,0.446184,0.185098,0.523465,0.523893,-0.52643,0.0830203,-0.480476,0.179416,0.523342,3.0221,0.0188694,-0.367278,0.0503302,0.602236,-0.338238,-5.80844,-0.000214462,-0.00023064,-0.000992904,8.99203,1.3646,-0.0133377,0.000259224,
154,0.00274441,-0.0403742,0.536454,0.0202023,0.0462448,0,-0.491424,-0.117655,0.540755,0.890489,-0.0898822,-0.0884744,0.437177,-0.0659473,0.523552,0.523883,-0.526482,0.493358,-0.505388,0.179581,0.523352,3.1779,-0.00543777,-0.760392,-0.343905,0.707435,-0.281899,-4.24587,0.00176626,-4.88827e-05,0.000316188,7.43476,-0.604977,0.0177124,6.93467e-05,
155,0.00287771,-0.0406647,0.587685,0.0211241,0.0425678,0,-0.758997,-0.152832,0.497704,0.889407,-0.105234,-0.0688656,0.439475,-0.176473,0.527318,0.523848,-0.524958,0.538125,-0.556406,0.180025,0.523348,3.59429,0.22884,-0.91944,0.362421,0.863967,0.341318,-0.187334,0.138014,0.000297998,0.0519087,-1.93036,-1.42414,0.013987,0.000177128,
156,0.00431507,-0.041419,0.429765,0.00999177,0.0397861,0,-0.25949,-0.0381156,0.465145,0.887034,-0.0590599,-0.0458338,0.455612,-0.0788035,0.537099,0.523841,-0.522523,0.306349,-0.652836,0.181034,0.523348,3.85823,-0.128151,-0.724571,2.49969,0.0619702,0.592452,4.04499,0.265125,3.30049e-05,-0.00987351,-7.29584,-2.44126,0.0310845,2.88694e-05,
157,0.00548756,-0.0423632,0.0228665,-0.00272099,0.0365426,0,0.162204,0.165838,0.42719,0.881036,-0.0250949,-0.0204026,0.471942,0.195623,0.549343,0.523819,-0.523492,-0.0946147,-0.77624,0.183241,0.523374,4.42737,0.312162,0.259855,-0.617116,0.637184,1.07619,6.79228,-0.0412707,-0.000984143,-0.0263952,-8.59236,-2.22063,0.0531024,0.0017175,
158,0.00593683,-0.0410416,-0.408183,-0.0191468,0.0406273,0,0.469613,0.369581,0.47499,0.873112,-0.0367308,-0.0050866,0.486107,0.525405,0.532206,0.523826,-0.525652,-0.480086,-0.838408,0.187543,0.523358,4.45116,0.269843,0.790562,-0.0424018,0.858217,0.712386,5.41899,-0.380428,-0.000236612,-0.0463688,-6.91926,-0.55433,0.102711,-0.000871366,
159,0.00643063,-0.0401448,-0.479512,-0.028944,0.0427787,0,0.778685,0.409265,0.500173,0.862711,-0.0390135,0.0208445,0.503758,0.533889,0.520577,0.52385,-0.528215,-0.554248,-0.797698,0.193183,0.523338,3.90564,0.155063,0.236259,0.748177,0.858116,0.780328,-1.89877,0.0452521,0.000203135,-0.0517995,1.82841,2.16094,0.130322,7.41149e-05,
160,0.00586558,-0.0403205,-0.252135,-0.0209204,0.0427005,0,0.274358,0.300765,0.499258,0.854766,-0.0265417,0.0526377,0.515655,0.354535,0.522856,0.523867,-0.530844,-0.3237,-0.617041,0.200761,0.523343,3.54345,0.0529931,-0.258734,1.35697,0.848076,0.431607,-5.2478,0.024358,0.000245529,-0.0543494,7.34423,5.04547,0.174414,1.88467e-05,
161,0.00399258,-0.0403618,0.23219,0.00421657,0.042508,0,-0.157781,0.0897043,0.497004,0.851778,-0.0265307,0.0527889,0.52056,0.0525021,0.523391,0.523863,-0.533012,0.0845739,-0.482965,0.210784,0.523362,2.82811,-0.384716,-0.0559413,-0.861894,-0.17625,0.151064,-6.81828,0.00293167,-0.000297755,-0.0402038,8.9724,-0.765173,0.223377,-0.000287695,
162,0.00164572,-0.0404191,0.627023,0.0227241,0.0410848,0,-0.491071,-0.134098,0.480346,0.849371,-0.0429934,0.0361493,0.524799,-0.238012,0.524134,0.523853,-0.534871,0.493806,-0.51517,0.22251,0.523353,2.97751,-0.428825,-0.513565,-0.344549,-0.596444,0.495108,-4.77799,0.00784149,-0.000687614,-0.0359114,7.40063,-0.322885,0.230448,-0.000133339,
163,0.00318015,-0.040639,0.692887,0.0216913,0.0384256,0,-0.758942,-0.165655,0.449223,0.827484,-0.0117294,0.0161759,0.561134,-0.354653,0.526985,0.523828,-0.536386,0.538017,-0.554743,0.23194,0.523356,3.36017,-0.226434,-0.862749,0.52762,-1.49864,1.81783,0.0211695,0.135818,0.000562345,-0.0247873,-1.93044,-1.26722,0.187743,-2.84815e-05,
164,0.00437043,-0.0413994,0.528521,0.0125175,0.0346636,0,-0.259853,-0.0543804,0.405206,0.8034,-0.0132144,-0.0172213,0.595044,-0.227922,0.536846,0.523849,-0.537521,0.306277,-0.647337,0.241758,0.52337,2.91179,0.729369,-0.474533,-3.31376,0.54253,1.05706,5.01682,0.238615,-0.0228643,-0.00518426,-7.27943,-2.43306,0.207638,-0.000450493,
165,0.000529123,-0.0414421,0.0414638,0.0116478,0.0373885,0,0.151771,0.16463,0.437088,0.807613,-0.0311134,-0.0378349,0.587675,0.0987199,0.5374,0.523806,-0.526461,-0.087295,-0.769602,0.254695,0.523388,4.04471,1.34026,1.63898,-1.68032,-1.07843,-0.262207,8.09311,-0.219098,-0.000946285,0.331777,-8.39203,-2.38176,0.271306,0.000529435,
166,-0.00364155,-0.0407346,-0.460699,-0.0141998,0.0435279,0,0.460449,0.372503,0.508944,0.810531,-0.0463625,-0.0807103,0.578252,0.501187,0.528226,0.523825,-0.521938,-0.469188,-0.854701,0.268119,0.523354,3.89739,1.29609,1.21868,-1.31493,-0.962901,-0.524155,8.0057,-0.146595,0.000443464,-0.0434031,-6.89454,-1.0368,0.26456,-0.000568982,
167,-0.00662641,-0.0402583,-0.534394,-0.0248754,0.0474256,0,0.807983,0.419929,0.554582,0.810533,-0.0512788,-0.0964744,0.575413,0.544197,0.522049,0.523851,-0.52409,-0.550617,-0.837156,0.279435,0.523334,3.32278,0.992659,0.618328,-0.114855,-0.27638,-0.046619,-2.03473,0.00832741,0.000538648,-0.0420041,1.6058,1.71744,0.201331,0.000264547,
168,-0.00883146,-0.0403417,-0.285016,-0.0185716,0.0487219,0,0.275836,0.318993,0.569765,0.811766,-0.0424707,-0.100472,0.573706,0.34819,0.52313,0.523886,-0.526234,-0.325458,-0.676297,0.287964,0.523343,2.98079,0.867446,-0.0167096,0.501476,-0.340874,-0.252343,-5.77508,0.0133364,0.000426671,-0.0444015,7.34998,4.69535,0.141838,3.98508e-05,
169,-0.0106237,-0.0403643,0.249227,-5.19269e-05,0.0475557,0,-0.156006,0.106607,0.556107,0.816099,-0.028765,-0.0979019,0.568833,0.0147443,0.523423,0.523889,-0.528554,0.082797,-0.482085,0.293374,0.523346,2.79844,0.716539,-0.467843,0.123595,0.158807,-0.336873,-7.54852,0.00139152,-0.000185418,-0.050403,8.96907,-0.111482,0.0772605,8.8896e-05,
170,-0.0118561,-0.0403732,0.659131,0.0198761,0.0449998,0,-0.490423,-0.121039,0.526177,0.822918,-0.0303202,-0.0810955,0.561524,-0.308465,0.523538,0.523878,-0.529529,0.492353,-0.511901,0.295364,0.523347,2.96151,0.769217,-0.787019,0.32442,0.700121,-0.391806,-5.39522,0.00160577,-1.03112e-05,-0.00826535,7.42296,-0.407914,0.00242252,0.000216593,
171,-0.0110113,-0.0406507,0.708912,0.0197822,0.0411736,0,-0.76221,-0.157046,0.481384,0.823507,-0.0345612,-0.0571287,0.563364,-0.45288,0.527137,0.523846,-0.52843,0.537882,-0.553961,0.292614,0.523349,3.38308,1.11239,-1.05075,0.488195,1.07197,0.0664421,-0.411106,0.142192,0.000420021,0.0435514,-1.9044,-1.26886,-0.0949003,9.61559e-05,
172,-0.0093865,-0.0414653,0.542093,0.00478487,0.0357574,0,-0.260036,-0.0511526,0.418002,0.824019,-0.0419546,-0.0299151,0.564214,-0.344481,0.5377,0.52384,-0.525784,0.306744,-0.644727,0.28615,0.523349,3.78741,1.13308,-1.24138,1.19559,1.32764,-0.0634844,4.6844,0.268454,-0.000740774,0.111584,-7.28905,-2.34533,-0.157463,-0.000535259,
173,-0.00794349,-0.0418659,0.0892119,0.00770798,0.035986,0,0.149106,0.159243,0.420677,0.828432,-0.0235446,-0.0202954,0.559227,-0.028215,0.542895,0.523653,-0.522711,-0.0853286,-0.761553,0.277899,0.523434,4.85622,1.34857,1.23861,-1.29235,-0.280698,-0.130629,7.95576,-0.129306,0.0345362,-0.0148575,-8.34953,-2.26183,-0.185069,-0.000265967,
174,-0.00618688,-0.0411184,-0.408718,-0.0144028,0.0413916,0,0.455886,0.364619,0.483937,0.83134,-0.0465533,-0.035981,0.55264,0.375724,0.533201,0.523921,-0.523984,-0.464903,-0.836868,0.26763,0.523361,4.72398,1.31303,1.17468,-0.827532,0.149114,-0.405217,8.20193,-0.22217,-0.0027539,-0.0314708,-6.8488,-0.809715,-0.227805,-0.000956135,
175,-0.00395102,-0.0402148,-0.514064,-0.0252593,0.0450897,0,0.822589,0.412988,0.527229,0.835629,-0.0568215,-0.036737,0.545111,0.563233,0.521485,0.523856,-0.525823,-0.54887,-0.809389,0.254933,0.523337,4.14366,1.10253,0.570599,0.0086194,0.238172,-0.00920848,-0.771941,-0.0619893,-0.000517666,-0.0405329,1.5041,1.88339,-0.28432,3.47168e-05,
176,-0.000745831,-0.0403075,-0.291308,-0.0184696,0.046299,0,0.276242,0.312325,0.541389,0.837897,-0.0524471,-0.0287073,0.542544,0.432578,0.522686,0.523874,-0.527896,-0.326068,-0.641693,0.240327,0.523343,3.79405,0.973992,-0.00322038,0.62792,0.162116,-0.285828,-4.42434,0.0284311,0.000393308,-0.0430404,7.3562,4.80331,-0.297785,3.56371e-05,
177,0.00192436,-0.0403604,0.198151,0.000784897,0.0453828,0,-0.155928,0.0998616,0.530662,0.843376,-0.0466808,-0.0137457,0.535116,0.163879,0.523372,0.523876,-0.530216,0.0825773,-0.48664,0.225848,0.523346,3.62133,0.800702,-0.383917,0.197564,0.781373,-0.359457,-6.30946,0.00408343,-0.000150617,-0.0510539,8.97986,-0.497355,-0.280882,7.78291e-05,
178,0.00422256,-0.0403734,0.60148,0.0194175,0.042806,0,-0.49062,-0.127996,0.500493,0.848201,-0.0545441,0.00327774,0.526849,-0.108048,0.523542,0.523868,-0.532644,0.492474,-0.514802,0.212566,0.523352,3.79743,0.831709,-0.833036,0.0358175,0.712771,-0.334524,-4.58133,0.0018517,-6.20638e-05,-0.0456738,7.42818,-0.314287,-0.251007,6.69636e-05,
179,0.00937103,-0.0404996,0.661208,0.0195741,0.0389531,0,-0.761615,-0.163958,0.455397,0.837679,-0.0313469,0.0147897,0.545062,-0.219669,0.525178,0.523838,-0.534658,0.537902,-0.552727,0.19887,0.523357,4.11544,1.02962,-1.07143,1.362,-0.503244,1.19548,0.0496411,0.0862624,0.000425635,-0.0359527,-1.9091,-1.20635,-0.264359,-2.93882e-05,
180,0.0144767,-0.0410952,0.486545,0.0103811,0.0340676,0,-0.260122,-0.0565339,0.398233,0.822463,-0.00846139,0.00056691,0.568756,-0.0973902,0.532901,0.523844,-0.535857,0.306759,-0.641932,0.187749,0.523362,3.58553,1.35053,-0.688381,-2.85479,-1.31185,0.853653,4.80335,0.202854,0.000684086,-0.00926665,-7.2863,-2.36631,-0.180507,0.000664245,
181,0.016204,-0.041111,0.00761487,0.0077411,0.0379427,0,0.153952,0.166037,0.443573,0.818702,-0.0298223,-0.0255787,0.572873,0.213795,0.533106,0.523826,-0.523564,-0.0866984,-0.762004,0.182281,0.523354,4.09707,1.6697,1.24954,-0.507226,-0.208641,-0.287765,7.74412,-0.0515813,-7.6875e-05,0.288735,-8.55849,-2.49766,-0.0381171,-0.00017009,
182,0.0151827,-0.0409989,-0.473568,-0.0194936,0.0422273,0,0.469966,0.372273,0.493719,0.823215,-0.0351497,-0.0339086,0.565625,0.57254,0.531652,0.52383,-0.522434,-0.476402,-0.852756,0.18341,0.523344,3.83002,1.44169,0.735694,-0.180962,0.0220123,0.203022,2.66268,-0.0039244,-0.00120094,-0.0452219,-7.0513,-1.14723,0.0648433,-0.000344912,
183,0.0140323,-0.0407338,-0.526454,-0.0297866,0.0440881,0,0.783613,0.412686,0.515503,0.821971,-0.0313435,-0.0293077,0.56791,0.519189,0.528215,0.523857,-0.524882,-0.55413,-0.840429,0.189248,0.523338,3.37858,1.27835,0.152256,0.515045,0.0128514,0.00843469,-2.99616,-0.134765,0.000238008,-0.0495491,1.7905,1.61642,0.168418,0.000137688,
184,0.0113883,-0.0402697,-0.25988,-0.0223526,0.043551,0,0.274832,0.303566,0.509215,0.823483,-0.0140253,-0.0181981,0.566876,0.277717,0.522197,0.523873,-0.527409,-0.324384,-0.685778,0.19992,0.523341,3.00956,1.17372,-0.396522,1.16412,-0.038239,-0.202091,-6.63308,0.00958415,0.000249141,-0.0524085,7.35044,4.54919,0.258821,-1.84259e-05,
185,0.0072743,-0.0403447,0.281518,-0.00304136,0.0409189,0,-0.156794,0.0851366,0.478403,0.827698,0.0101328,0.000290568,0.561083,-0.0929551,0.523168,0.523868,-0.530125,0.0837053,-0.478747,0.214695,0.523347,2.83714,1.06198,-0.768348,0.846766,0.420004,-0.367334,-8.18073,0.0112012,-0.000319424,-0.0582426,8.96139,0.132325,0.334412,0.00016541,
186,0.00211475,-0.0403696,0.67666,0.0155467,0.0367283,0,-0.490284,-0.147083,0.429362,0.833322,0.0181513,0.0179246,0.552199,-0.440921,0.523492,0.523849,-0.532874,0.492598,-0.510124,0.232515,0.523354,3.06438,1.13361,-1.21637,0.576799,0.316111,-0.485888,-5.75799,0.00278615,-0.000169415,-0.051108,7.40699,-0.490138,0.377386,4.75898e-05,
187,-0.0032666,-0.0405913,0.712262,0.0259193,0.032558,0,-0.76495,-0.183808,0.380573,0.839113,-0.0183436,-0.0109916,0.543537,-0.54659,0.526367,0.52382,-0.533113,0.538039,-0.561459,0.251366,0.523342,2.66595,1.00743,-0.444808,-1.49641,1.34196,-0.520331,1.31805,0.0890966,-0.00151438,0.162979,-1.8837,-1.54352,0.382166,-0.00187649,
188,-0.00770949,-0.041072,0.538357,0.0258978,0.0342967,0,-0.267798,-0.057811,0.400913,0.840022,-0.0203531,-0.0182219,0.541865,-0.357093,0.5326,0.523768,-0.521921,0.310496,-0.667624,0.269324,0.523384,2.98138,0.486681,0.824688,-2.38459,-1.04743,0.308744,6.22416,0.151556,-0.000546037,0.0639265,-7.1302,-2.68247,0.336794,0.000948678,
189,-0.0129994,-0.0418648,0.0719522,0.00409954,0.0383801,0,0.154176,0.166429,0.448691,0.847198,-0.0385757,-0.0401764,0.528349,0.0420591,0.542881,0.523775,-0.522878,-0.0848561,-0.808093,0.28567,0.523357,3.29094,0.531644,0.879354,-0.782336,-0.6372,-1.31907,9.71672,0.261209,0.00166375,-0.0329705,-8.68998,-2.93152,0.313956,-0.000203873,
190,-0.0188718,-0.0419895,-0.413729,-0.0098185,0.0449288,0,0.464874,0.378089,0.525345,0.859831,-0.0578962,-0.0744035,0.5018,0.522555,0.544497,0.523821,-0.524789,-0.47296,-0.908186,0.298772,0.52336,3.50965,0.654761,1.6728,-1.21495,-0.708647,-1.36025,9.5814,-0.066576,0.000827463,-0.0427092,-6.95259,-1.21785,0.212783,-0.000624945,
191,-0.021699,-0.0416236,-0.470351,-0.0211308,0.0505317,0,0.795488,0.428795,0.590964,0.865632,-0.0650456,-0.0943685,0.487387,0.559494,0.539753,0.523857,-0.527415,-0.552283,-0.898231,0.304369,0.523335,2.857,0.411172,0.997894,-0.367439,-0.492462,-0.507508,-2.44389,-0.123831,0.000607207,-0.0543263,1.69783,1.59119,0.0320273,4.26087e-05,
192,-0.0223626,-0.0408723,-0.229983,-0.0148402,0.0534231,0,0.275123,0.332083,0.624843,0.871152,-0.0588079,-0.108137,0.475334,0.355123,0.53001,0.523899,-0.530134,-0.324767,-0.741941,0.301892,0.523337,2.5213,0.397989,0.348292,0.214209,-0.57339,-0.705864,-5.70431,-0.266202,0.000501897,-0.0550089,7.35292,4.63796,-0.128453,-1.05237e-05,
193,-0.021504,-0.0402196,0.22754,0.00312277,0.0536785,0,-0.156665,0.125508,0.627835,0.879053,-0.0425611,-0.117407,0.460076,0.0351354,0.521547,0.523913,-0.53289,0.083525,-0.489063,0.291608,0.523342,2.32382,0.330474,-0.158174,0.0493174,-0.278332,-0.838491,-7.08377,0.0279111,-0.000152814,-0.0577146,8.96506,1.57416,-0.278017,0.000139166,
194,-0.0193399,-0.0403758,0.583274,0.0233561,0.0522108,0,-0.490269,-0.0983817,0.610637,0.887884,-0.0430515,-0.12276,0.441293,-0.269237,0.523572,0.523911,-0.535375,0.492517,-0.506965,0.274289,0.523347,2.46536,0.302181,-0.443867,0.130871,0.675909,-0.680182,-5.11557,0.0405815,0.000702142,0.00296148,7.40924,-0.542351,-0.417888,-0.000754718,
195,-0.013703,-0.0408491,0.633352,0.0229754,0.0499067,0,-0.76192,-0.129721,0.583644,0.891286,-0.0483444,-0.103322,0.438858,-0.413861,0.529709,0.523894,-0.533917,0.537835,-0.551468,0.249507,0.523351,2.94831,0.501815,-0.734777,0.023383,0.710306,-0.0144855,-0.692598,0.205894,0.000196062,0.0337588,-1.90651,-1.23325,-0.555034,0.000185312,
196,-0.00671441,-0.0419433,0.485973,0.00731351,0.0460884,0,-0.259773,-0.0181847,0.538923,0.893009,-0.0571998,-0.0829647,0.438612,-0.33298,0.543899,0.523884,-0.531214,0.306653,-0.635459,0.219998,0.523343,3.30589,0.519139,-0.990968,0.354812,1.48187,0.095596,3.88828,0.357484,-0.000212589,0.0996073,-7.29586,-2.11805,-0.624014,-0.000260379,
197,0.000363619,-0.0433844,0.108518,-0.019714,0.0407392,0,0.167386,0.179844,0.4763,0.896606,-0.0659824,-0.0478294,0.435266,-0.0549382,0.562587,0.523877,-0.526212,-0.0965655,-0.741837,0.188761,0.523343,3.59524,0.381749,-1.40881,0.538283,0.972202,-0.539465,7.17544,0.379201,0.000601221,0.103479,-8.81584,-2.12912,-0.615394,0.000422937,
198,0.00467819,-0.0434105,-0.294678,-0.0180448,0.0398408,0,0.467863,0.36983,0.465785,0.910259,-0.0352283,-0.0246673,0.4118,0.301941,0.562925,0.523801,-0.522267,-0.485283,-0.798343,0.160352,0.523365,4.47917,-0.0256237,0.928551,0.703001,1.32378,-0.538358,7.15328,-0.411863,-0.000911878,-0.0177886,-6.69605,-0.0746005,-0.554863,-0.000227775,
199,0.00855442,-0.0416249,-0.391454,-0.0281841,0.0424415,0,0.774655,0.408303,0.496226,0.92046,-0.0250617,0.0149731,0.389744,0.572159,0.53977,0.523841,-0.523575,-0.5541,-0.73411,0.134404,0.523333,3.93892,0.0276577,0.310589,1.27137,1.36118,-0.648944,0.918077,-0.513154,-0.00050325,-0.0296724,1.85918,2.61871,-0.500836,-0.000406626,
200,0.0120265,-0.0400443,-0.210719,-0.0200478,0.042676,0,0.273854,0.300348,0.49897,0.926771,-0.002561,0.0601359,0.370773,0.507883,0.519273,0.52386,-0.525129,-0.322994,-0.531359,0.111503,0.523334,3.55677,0.0165634,-0.176415,1.86192,1.29636,-0.976634,-2.74084,0.0122767,0.000467086,-0.0327905,7.33834,5.472,-0.411238,6.4757e-05,
201,0.0134709,-0.0402822,0.118357,0.0059217,0.0437495,0,-0.158473,0.093243,0.511538,0.936328,-0.00998991,0.0653955,0.344838,0.335349,0.522358,0.523861,-0.526133,0.0853044,-0.498884,0.0940874,0.523359,2.72497,-0.112826,0.108489,-0.425258,0.271619,-1.1512,-4.13968,0.0422015,-0.000174918,-0.0200437,8.97083,-0.700123,-0.292425,-0.000241906,
202,0.0136828,-0.0405107,0.395804,0.0238614,0.0431193,0,-0.491398,-0.127958,0.504161,0.944861,-0.0238703,0.0668047,0.319695,0.154753,0.525322,0.523858,-0.52704,0.494261,-0.519165,0.0822039,0.523353,2.85112,-0.157776,-0.40365,-0.445947,0.193972,-1.04196,-3.09226,0.0766775,-6.72799e-06,-0.0161733,7.39973,-0.164376,-0.184004,-2.9724e-05,
203,0.0157607,-0.0410769,0.438786,0.023882,0.04057,0,-0.75421,-0.158846,0.47432,0.945005,-0.0235938,0.0612763,0.320397,0.0770173,0.532664,0.523827,-0.52767,0.537734,-0.550289,0.0737684,0.52335,3.10373,-0.1304,-0.644564,1.06867,-0.742824,1.03723,0.021424,0.193649,-0.000102482,-0.0159952,-1.96709,-1.06425,-0.151482,-0.00020209,
204,0.0196629,-0.0421479,0.308964,0.00966573,0.0379605,0,-0.258118,-0.0432505,0.443781,0.937653,-0.0061313,0.0189882,0.347,0.157205,0.546552,0.523838,-0.527603,0.305085,-0.631628,0.0689788,0.523358,2.98484,-0.0479078,-0.749735,-0.394496,-2.19865,1.2109,3.16455,0.355352,3.63441e-05,0.00913668,-7.30325,-2.17065,-0.0387681,-9.69909e-05,
205,0.0224675,-0.0432932,-0.0133613,0.00698442,0.0358344,0,0.160091,0.163685,0.418904,0.925129,-0.0286166,-0.0241394,0.377802,0.365259,0.561404,0.523764,-0.526143,-0.0946996,-0.740284,0.0706421,0.523356,3.80815,0.236013,1.21947,-0.928853,0.492778,1.17582,4.89463,-0.0894779,-0.00265492,0.166094,-8.45643,-1.87864,0.108552,-0.000251911,
206,0.0226404,-0.0423727,-0.345702,-0.0135181,0.0423373,0,0.46489,0.372416,0.495006,0.915237,-0.0357082,-0.00519823,0.401296,0.55064,0.549467,0.523793,-0.522403,-0.476058,-0.792778,0.0801851,0.523332,3.5789,0.104145,1.32446,0.306812,0.893372,1.41538,0.289414,-0.232242,0.000350299,-0.024718,-6.85708,-0.389656,0.258495,-0.000260274,
207,0.0207362,-0.0413305,-0.400961,-0.0234231,0.0467881,0,0.791068,0.419052,0.547117,0.905736,-0.0291386,0.0216151,0.422287,0.495636,0.535953,0.52386,-0.52375,-0.552421,-0.743474,0.0973759,0.523331,3.20592,0.169195,0.772024,0.932709,0.770402,0.736003,-2.33708,-0.309481,0.000340121,-0.0270279,1.73028,2.33896,0.421696,0.000133537,
208,0.0159865,-0.0402017,-0.191209,-0.0154716,0.0490021,0,0.275188,0.319309,0.573048,0.900067,-0.00881345,0.0515597,0.4326,0.309218,0.521315,0.523887,-0.525154,-0.324449,-0.552332,0.121871,0.523337,2.84405,0.155337,0.284096,1.56008,0.718383,0.26235,-5.09676,-0.0332204,0.000348855,-0.0301567,7.33879,5.28661,0.558643,2.49916e-05,
209,0.00883332,-0.0403135,0.226259,0.00483796,0.0496809,0,-0.15644,0.113034,0.580998,0.896382,0.0062057,0.0917225,0.433645,0.0259202,0.522765,0.523888,-0.526983,0.0833164,-0.487625,0.152423,0.523346,2.71641,0.0355188,0.012497,1.00801,1.48927,0.0851572,-6.22689,0.0268958,-6.96668e-05,-0.0403618,8.96339,-0.957104,0.659738,0.000152293,
210,0.000798429,-0.0404752,0.572617,0.0293181,0.050511,0,-0.491311,-0.104115,0.590722,0.895287,-0.00141211,0.0993132,0.434277,-0.237403,0.524861,0.523893,-0.528276,0.493195,-0.517049,0.186499,0.523421,2.16381,-0.194495,0.141947,-0.751118,-0.184757,-0.0367542,-4.31572,0.0583883,-0.000104823,-0.017045,7.43529,-0.245787,0.700831,-0.00133498,
211,-0.00557394,-0.0411167,0.627277,0.0257348,0.0497364,0,-0.759717,-0.130393,0.581649,0.889632,-0.0174717,0.0800333,0.44927,-0.344797,0.533179,0.523881,-0.528769,0.538094,-0.548196,0.21986,0.523368,2.66986,-0.0101677,-0.463364,-1.14116,-0.500048,0.645407,-0.00391625,0.271628,0.000367144,-0.00539381,-1.9246,-0.994114,0.651849,-0.000593836,
212,-0.0110423,-0.0424966,0.473981,0.00755978,0.0466532,0,-0.259253,-0.0162088,0.545537,0.881864,-0.0391682,0.0512132,0.467075,-0.231244,0.551073,0.523884,-0.528811,0.306331,-0.620554,0.250648,0.523355,3.06634,0.0800072,-0.964827,-1.58845,-0.752461,0.714569,4.51042,0.439927,-5.02536e-05,0.00369171,-7.30427,-1.88954,0.580879,-5.83224e-05,
213,-0.0167499,-0.0441366,0.0598357,-0.0157337,0.0420486,0,0.167513,0.184055,0.491627,0.878699,-0.0540368,0.00610232,0.474269,0.0731358,0.57234,0.523902,-0.528296,-0.0968961,-0.714727,0.277807,0.523357,3.57079,0.0515741,-1.01349,-0.593553,-2.68434,-0.983605,7.56827,0.370369,0.000842752,0.0241742,-8.80183,-1.86016,0.526217,0.000272624,
214,-0.0241074,-0.0447566,-0.374779,-0.0198111,0.0389418,0,0.473513,0.370304,0.455264,0.888518,-0.0289083,-0.0463523,0.455577,0.449753,0.58038,0.523739,-0.527257,-0.491629,-0.764335,0.300598,0.523332,4.06405,0.0925555,0.789399,0.211359,0.425703,-0.347778,7.29016,-0.308311,-0.0144686,0.0451521,-6.72247,0.155374,0.381866,-0.000644561,
215,-0.0290327,-0.0431688,-0.423681,-0.026371,0.041857,0,0.77342,0.400364,0.489384,0.897197,-0.0241049,-0.00876316,0.440885,0.560909,0.55979,0.523761,-0.526007,-0.539936,-0.685578,0.314909,0.523313,3.38711,0.0730121,0.410745,1.12789,1.46637,-0.566543,-1.37798,-0.472071,0.00272286,0.0184371,1.82516,2.91412,0.184447,0.000262633,
216,-0.0318073,-0.0410251,-0.206408,-0.0178807,0.0425076,0,0.263477,0.293812,0.497,0.905358,-0.00805828,0.03879,0.422797,0.417164,0.531992,0.523852,-0.52521,-0.310677,-0.486323,0.318683,0.523326,3.00331,0.040656,-0.0310126,1.41943,1.76736,-0.992553,-4.34815,-0.646651,0.000636545,0.0088807,7.29755,1.82876,-0.0273665,1.83629e-05,
217,-0.0327344,-0.0401049,0.18482,0.00843626,0.0433321,0,-0.164879,0.0875794,0.506651,0.914331,-0.0111413,0.0593536,0.40044,0.16713,0.520059,0.523858,-0.524223,0.0934368,-0.504777,0.312813,0.523347,2.1514,-0.176132,0.311553,-0.595657,-0.29389,-0.931442,-5.64182,0.0809971,-3.09751e-05,0.0318456,8.85509,-0.596346,-0.211293,0.00014427,
218,-0.0309114,-0.0405164,0.501334,0.0256161,0.0434849,0,-0.489083,-0.127502,0.508441,0.923266,-0.0226241,0.0450862,0.380834,-0.0746743,0.525396,0.523856,-0.523386,0.495566,-0.520449,0.296565,0.523352,2.31214,-0.175926,-0.237427,-0.609,-0.397947,-0.859145,-4.04311,0.132824,-1.54111e-05,-0.00313718,7.24284,-0.116849,-0.436728,4.73668e-05,
219,-0.0246892,-0.0413827,0.545475,0.0225463,0.0412677,0,-0.75797,-0.156648,0.482486,0.925251,-0.0359172,0.0234913,0.37692,-0.181704,0.536629,0.523845,-0.52354,0.537683,-0.549599,0.26866,0.523357,2.82295,-0.00823695,-0.776355,-0.973899,-0.687395,-0.0979727,-0.258189,0.314256,0.000341418,-0.00182333,-1.93699,-1.04118,-0.660563,-5.1374e-05,
220,-0.0150799,-0.0428332,0.399129,0.00782308,0.037729,0,-0.257988,-0.0440939,0.441072,0.922576,-0.0317775,-0.010141,0.384371,-0.0941995,0.555438,0.523836,-0.523593,0.305283,-0.628458,0.231479,0.523355,3.09655,-0.210157,-0.932953,-0.13001,-1.72953,0.47772,3.71203,0.441992,1.09261e-05,-0.000134319,-7.31534,-2.10607,-0.818778,-5.76648e-05,
221,-0.00409593,-0.0440529,0.0537136,0.00847197,0.0367226,0,0.153137,0.163925,0.429296,0.918809,-0.0242904,-0.0192253,0.393484,0.152116,0.571255,0.522066,-0.523353,-0.0898945,-0.733039,0.189254,0.523356,4.25225,-0.0280831,1.33963,-0.349773,0.266452,0.529129,5.99335,-0.0423365,-0.0215702,-0.000655779,-8.32525,-1.8499,-0.875282,0.00151442,
222,0.00709228,-0.0438494,-0.316095,-0.0169092,0.0418382,0,0.457232,0.367219,0.489163,0.91478,-0.03497,-0.0131713,0.402221,0.45402,0.568616,0.524697,-0.523589,-0.467834,-0.790528,0.146009,0.523341,4.14624,-0.0272882,0.943302,-0.221101,0.396433,0.291769,6.08787,-0.0270778,-0.00343601,-0.00555622,-6.81162,-0.503726,-0.85636,-0.000496168,
223,0.0173753,-0.0435257,-0.399834,-0.0273561,0.044605,0,0.815199,0.411971,0.521554,0.912234,-0.0356009,-0.000753635,0.408118,0.551593,0.564419,0.524014,-0.52412,-0.549467,-0.747737,0.105324,0.523325,3.60202,-0.026257,0.366588,0.456953,0.441709,0.323071,-1.0212,-0.139828,-0.0080357,-0.0131001,1.55423,2.1917,-0.772137,4.98034e-05,
224,0.0257364,-0.0426254,-0.21387,-0.0201165,0.0450133,0,0.276068,0.308409,0.526335,0.911606,-0.0234934,0.0156041,0.410097,0.429565,0.552744,0.523881,-0.52483,-0.325641,-0.565165,0.0710019,0.523327,3.25265,-0.0423209,-0.168419,0.955566,0.382791,-0.155806,-3.83662,-0.327184,-0.000205729,-0.0160313,7.34751,5.09037,-0.599974,-5.11078e-06,
225,0.0307909,-0.0410637,0.166125,-0.000493207,0.043593,0,-0.156048,0.0941233,0.509706,0.91391,-0.017648,0.0413976,0.403414,0.203596,0.532492,0.52387,-0.525955,0.082727,-0.494284,0.0468012,0.523334,3.08738,-0.18117,-0.511061,0.436855,1.16059,-0.295641,-5.19162,-0.480542,-0.000132989,-0.0268503,8.97779,-0.741843,-0.372739,0.000116571,
226,0.033059,-0.0401431,0.497231,0.0234532,0.0407697,0,-0.490964,-0.134449,0.476657,0.915583,-0.0232654,0.0631062,0.396464,-0.0196694,0.520555,0.523862,-0.527056,0.492602,-0.518013,0.0342123,0.523354,2.55857,-0.248826,-0.43474,-1.39421,-0.751784,-0.292539,-3.7605,0.0556721,0.000267896,0.00116211,7.4404,-0.206806,-0.135696,0.00120108,
227,0.0364373,-0.0405706,0.561305,0.0236549,0.0387325,0,-0.76077,-0.164681,0.452815,0.906197,-0.0210182,0.0178835,0.421955,-0.109833,0.526099,0.523828,-0.526707,0.537975,-0.552195,0.0311279,0.52336,2.78422,-0.176087,-0.668367,-0.409415,-1.99134,1.38508,0.0845633,0.182753,0.000404865,0.00989973,-1.91594,-1.15917,0.047606,-0.000142876,
228,0.037438,-0.0415802,0.40819,0.0117376,0.0351588,0,-0.262187,-0.0529907,0.410999,0.891546,-0.00919543,-0.0240546,0.452198,-0.00396741,0.53919,0.523513,-0.525032,0.306622,-0.638813,0.0401344,0.523336,3.11937,0.192309,-0.553545,0.645784,0.798207,0.911567,4.11694,0.330192,-0.0815227,0.171527,-7.20381,-2.26505,0.317668,-0.0017821,
229,0.034122,-0.0420673,0.0154496,0.00790541,0.0371664,0,0.141433,0.158897,0.434488,0.881758,-0.0275488,-0.0178871,0.470557,0.262771,0.545507,0.519377,-0.52225,-0.0776767,-0.74576,0.0621276,0.52338,4.1751,0.815629,1.21536,-0.574743,-0.561687,0.328439,6.55352,-0.108603,0.0456566,-0.0404878,-8.33924,-2.01072,0.578479,-1.50568e-05,
230,0.0264936,-0.0417223,-0.394039,-0.0184176,0.0414319,0,0.453109,0.361889,0.484408,0.877967,-0.0366286,-0.0333207,0.476153,0.567653,0.541034,0.525233,-0.524401,-0.458823,-0.813394,0.0966927,0.523347,3.91148,0.661066,0.743825,-0.477925,-0.229284,0.732033,2.23856,-0.0630422,0.00806437,-0.0476811,-6.92843,-0.722183,0.785895,-0.000669466,
231,0.0175426,-0.0412467,-0.459609,-0.0293074,0.0433446,0,0.83732,0.407797,0.506799,0.870721,-0.0374171,-0.0385427,0.488835,0.520788,0.534866,0.524199,-0.526931,-0.547618,-0.782237,0.139909,0.523335,3.48273,0.604378,0.163264,0.129482,-0.247818,0.430646,-2.55009,-0.184114,-0.0159823,-0.0506603,1.40765,1.94544,0.941331,9.94917e-05,
232,0.00651116,-0.0402345,-0.231186,-0.0227182,0.042793,0,0.276598,0.302575,0.500341,0.867513,-0.0253934,-0.0395278,0.495192,0.31328,0.52174,0.523885,-0.529487,-0.32685,-0.61246,0.189099,0.523338,3.11655,0.552805,-0.418891,0.717217,-0.302369,0.053898,-5.72428,-0.132033,-0.000994212,-0.0523532,7.37073,4.82541,1.0269,-5.71173e-06,
233,-0.0057535,-0.0402906,0.24517,-0.00354693,0.0401123,0,-0.156243,0.0831475,0.468963,0.868155,-0.0124193,-0.0332909,0.495019,-0.00790318,0.522468,0.52386,-0.532267,0.0826468,-0.483971,0.240616,0.523346,2.94871,0.425664,-0.812395,0.275583,0.2928,-0.0761828,-7.11224,0.0343899,-0.000219654,-0.0590809,8.99962,-0.750453,1.03363,0.000136934,
234,-0.0177222,-0.0403619,0.62269,0.0168957,0.0357527,0,-0.491976,-0.15062,0.417947,0.86963,-0.0109229,-0.021431,0.493118,-0.310462,0.523392,0.523839,-0.534608,0.493537,-0.51567,0.290139,0.523345,3.11177,0.404119,-1.08827,0.857213,1.30554,-0.120778,-5.01293,0.00657006,-0.00082035,0.0190552,7.45549,-0.327205,0.948018,-0.000963681,
235,-0.0261251,-0.0405028,0.677777,0.03195,0.0319573,0,-0.761115,-0.185817,0.373547,0.861685,-0.00131621,-5.40762e-05,0.507441,-0.440602,0.525219,0.523707,-0.531746,0.538346,-0.558591,0.331765,0.523339,2.2296,0.555355,0.149953,-0.450149,0.442921,0.391012,-0.180866,0.0343128,-0.00964774,0.178749,-1.91447,-1.37172,0.740269,-0.00132175,
236,-0.0321792,-0.0409471,0.521048,0.0230284,0.0347534,0,-0.262533,-0.0553722,0.406257,0.853736,-0.0212727,-0.0131555,0.520104,-0.326104,0.53098,0.523774,-0.522382,0.308657,-0.657796,0.36279,0.523357,2.26551,0.592889,0.551234,-1.32939,-0.258674,0.667544,4.71142,0.22194,0.00146667,0.073101,-7.26186,-2.61276,0.511486,8.63261e-05,
237,-0.0370198,-0.0418861,0.0826348,0.00747902,0.0375428,0,0.158919,0.167047,0.438893,0.852262,-0.041105,-0.0388009,0.520053,-0.00563252,0.543157,0.523578,-0.522906,-0.0909978,-0.793599,0.383154,0.523365,3.02065,0.769384,1.24766,-1.78004,-1.01273,-0.790273,7.98171,0.164652,0.00976102,-0.0211863,-8.60774,-2.72588,0.315865,0.00145878,
238,-0.0418029,-0.0423065,-0.38113,-0.0133438,0.0441241,0,0.469345,0.37834,0.515924,0.864884,-0.0541129,-0.0595692,0.495479,0.392246,0.548609,0.523929,-0.52357,-0.478274,-0.893811,0.392562,0.523348,3.1382,0.690137,1.35407,-0.672385,-0.258552,-1.27134,8.05267,0.118971,-0.00225034,-0.0136457,-6.9654,-1.31956,0.0520148,-0.000406352,
239,-0.0431921,-0.0425811,-0.459165,-0.0241466,0.0484983,0,0.781952,0.424245,0.567146,0.878869,-0.0532143,-0.0668684,0.469347,0.570471,0.552169,0.52387,-0.52455,-0.554011,-0.888631,0.386992,0.523332,2.5423,0.568569,0.709361,0.225692,-0.145224,-0.858391,-0.998483,0.0254136,-0.00054212,-0.0237218,1.80273,1.49909,-0.277054,4.565e-05,
240,-0.0401259,-0.0423494,-0.238149,-0.0172123,0.050247,0,0.274262,0.322594,0.58763,0.88984,-0.038017,-0.0664251,0.449809,0.438639,0.549164,0.523889,-0.525786,-0.323867,-0.737647,0.36553,0.523333,2.20926,0.560374,0.108774,0.806073,-0.221412,-1.05083,-4.24809,-0.145722,0.00041234,-0.0263675,7.35404,4.51808,-0.57758,-3.55352e-05,
241,-0.0341302,-0.0415404,0.175628,0.00123611,0.0495882,0,-0.157326,0.112225,0.579912,0.902261,-0.0141334,-0.0615171,0.426545,0.188213,0.538675,0.523897,-0.527171,0.084288,-0.491245,0.330104,0.523335,2,0.480086,-0.348886,0.5653,0.126771,-1.15845,-5.75695,-0.281578,-0.00020407,-0.0316065,8.95855,1.55587,-0.833817,7.13566e-05,
242,-0.0256027,-0.0404577,0.510903,0.0200922,0.0472715,0,-0.490179,-0.114119,0.552778,0.914177,-0.00810697,-0.0539906,0.401621,-0.060841,0.524634,0.523888,-0.528688,0.492787,-0.507694,0.283304,0.523344,2.15056,0.489121,-0.768084,0.214274,0.170392,-1.06752,-4.21765,-0.275377,-3.59755e-05,-0.0278631,7.39481,-0.518101,-1.03818,9.79188e-05,
243,-0.0132093,-0.0403379,0.554695,0.0183459,0.0431236,0,-0.761373,-0.150931,0.50421,0.918252,-0.00566237,-0.0553357,0.39207,-0.174652,0.523081,0.523868,-0.529702,0.537804,-0.553901,0.226975,0.523355,2.66394,0.683329,-1.19231,-0.0849137,-0.197343,-0.306208,-0.355542,0.0798745,0.000237779,-0.0156255,-1.91067,-1.32411,-1.1958,2.3385e-05,
244,0.00108961,-0.0408687,0.402421,0.00361964,0.0379013,0,-0.259941,-0.0443289,0.443087,0.920272,-0.00515711,-0.0253697,0.390423,-0.0921962,0.529964,0.523857,-0.525942,0.306741,-0.646318,0.166102,0.523333,2.95163,0.605649,-1.35652,0.817624,1.85431,0.0740501,3.62645,0.19828,-0.000277722,0.131884,-7.2926,-2.36257,-1.23722,0.000370802,
245,0.0169134,-0.0406535,0.0545095,0.00677652,0.0357567,0,0.153025,0.159541,0.417994,0.913613,-0.0380677,-0.0146805,0.404533,0.151823,0.527173,0.523799,-0.522639,-0.0872557,-0.754384,0.105701,0.523443,4.0844,0.396294,1.15732,-1.58679,-0.684176,0.289356,6.03967,-0.56569,0.000920099,-0.0193958,-8.46813,-1.7118,-1.15442,0.000247684,
246,0.0299347,-0.0400997,-0.324242,-0.0151856,0.0408248,0,0.463329,0.366291,0.477302,0.91086,-0.0471162,-0.0394116,0.408118,0.455705,0.519992,0.523826,-0.524031,-0.471846,-0.804014,0.0524625,0.523367,3.93396,0.376714,1.13609,-0.410348,-0.431396,0.0285563,6.11702,0.101452,5.5741e-05,-0.0375767,-6.92572,-0.291999,-0.972948,-0.00103908,
247,0.0400238,-0.0403277,-0.402114,-0.0257646,0.0443661,0,0.79987,0.412313,0.518758,0.910308,-0.0431414,-0.0481604,0.408849,0.552393,0.522949,0.523849,-0.526133,-0.551648,-0.751028,0.0102895,0.523343,3.38561,0.362099,0.536163,0.277307,-0.407779,0.0601441,-1.07077,0.0239053,0.000170334,-0.0437486,1.66491,2.38711,-0.717016,6.27456e-05,
248,0.0463197,-0.0403632,-0.210917,-0.0188599,0.045417,0,0.275762,0.309356,0.531062,0.911633,-0.0266328,-0.0537716,0.406602,0.427538,0.523408,0.523875,-0.528324,-0.325191,-0.558898,-0.0172263,0.523344,3.05008,0.348521,-0.0466948,0.728973,-0.50132,-0.39469,-3.90026,0.00183107,0.000353204,-0.0444312,7.34321,5.27681,-0.384184,-1.74283e-05,
249,0.0475511,-0.0403664,0.166568,5.35642e-05,0.044376,0,-0.156228,0.096471,0.518873,0.916806,-0.0163057,-0.050792,0.395753,0.19898,0.523451,0.523873,-0.530821,0.0829677,-0.490337,-0.0271607,0.523347,2.87157,0.21142,-0.458372,0.214888,0.249634,-0.548429,-5.23143,0.000428134,-0.000101057,-0.053154,8.97346,-0.867669,-0.0193074,5.03415e-05,
250,0.0444493,-0.040374,0.489595,0.0184192,0.0414108,0,-0.490525,-0.132404,0.484161,0.922391,-0.0134974,-0.0446311,0.383433,-0.0260531,0.523549,0.523864,-0.533344,0.492534,-0.517473,-0.0194713,0.523351,3.03065,0.159799,-0.932065,0.14523,0.146231,-0.536913,-3.78136,0.0014551,-8.95329e-05,-0.0476072,7.42123,-0.229982,0.323819,5.17142e-05,
251,0.0393764,-0.0406206,0.53913,0.0191525,0.0371089,0,-0.761837,-0.169689,0.433816,0.921982,-0.012645,-0.0193307,0.386542,-0.122825,0.526747,0.523836,-0.532506,0.537925,-0.553052,0.00326473,0.523338,3.44801,0.265979,-1.11324,0.708978,1.68688,0.27979,-0.108526,0.125611,0.000243254,0.0716145,-1.90745,-1.1863,0.602886,0.000191688,
252,0.0319746,-0.0412639,0.390077,0.021998,0.0335024,0,-0.264703,-0.0590091,0.391621,0.917291,-0.00796842,0.00874434,0.398042,-0.0305828,0.535089,0.523812,-0.52881,0.308024,-0.640624,0.0394681,0.523386,3.6838,0.288082,0.452889,-0.816912,-0.331613,0.975064,3.72917,0.137903,-0.000699974,0.0761126,-7.15928,-2.23874,0.834866,0.002301,
253,0.0228778,-0.0414786,0.0312486,0.00823089,0.037412,0,0.155317,0.164366,0.437362,0.90786,-0.0327373,-0.025045,0.417241,0.21966,0.537872,0.523803,-0.524974,-0.0866527,-0.752613,0.0861572,0.523387,4.03445,0.329276,1.29769,-1.68367,-0.947732,0.607855,6.27661,-0.060097,0.000164149,0.0692989,-8.6492,-2.18766,1.03666,-0.000951399,
254,0.0109295,-0.0412809,-0.364689,-0.0168023,0.0421806,0,0.474093,0.373955,0.493172,0.900288,-0.0546284,-0.0605369,0.427588,0.531547,0.535309,0.523829,-0.523091,-0.480307,-0.828044,0.140956,0.523346,3.82052,0.27121,1.02357,-1.11836,-0.434026,0.629832,5.12948,-0.0707495,-0.000596475,-0.0137603,-7.09761,-0.791584,1.14914,-0.000735822,
255,-0.000609614,-0.0407567,-0.434593,-0.0269976,0.0453115,0,0.772592,0.416652,0.529827,0.889415,-0.0572426,-0.071716,0.447797,0.535578,0.528511,0.523855,-0.524202,-0.555775,-0.797949,0.198333,0.523334,3.27219,0.203267,0.437287,0.0667337,-0.485962,0.800729,-1.82924,-0.191145,0.000348311,-0.023503,1.88066,1.96983,1.15862,0.000225844,
256,-0.012382,-0.0402295,-0.225996,-0.0200673,0.0458789,0,0.274139,0.30997,0.536471,0.881368,-0.0447413,-0.0785218,0.463706,0.367737,0.521676,0.523879,-0.525422,-0.323715,-0.625314,0.254811,0.523341,2.94481,0.158788,-0.174309,0.651014,-0.538845,0.46702,-4.85965,0.0277048,0.000309603,-0.0260746,7.35337,4.91447,1.10275,2.92966e-05,
257,-0.0238567,-0.0403399,0.21339,-0.000284342,0.0442812,0,-0.157871,0.0952874,0.517763,0.878119,-0.0303521,-0.0722941,0.471975,0.089685,0.523107,0.523858,-0.526432,0.0846247,-0.489124,0.306712,0.523338,2.74351,0.0383594,-0.501025,0.712877,0.70827,0.125567,-6.25072,0.0149951,-0.000542226,-0.00214625,8.97558,-0.583542,0.975519,-4.98922e-05,
258,-0.03377,-0.0403707,0.585855,0.0185753,0.0412571,0,-0.491364,-0.133634,0.482362,0.877791,-0.0255144,-0.0500551,0.475737,-0.176611,0.523506,0.523857,-0.526472,0.493949,-0.515877,0.350092,0.52335,2.93367,0.0213124,-0.924541,0.508403,0.637338,0.178797,-4.4159,0.00314008,9.21642e-05,0.000929645,7.40962,-0.278456,0.761157,0.000166731,
259,-0.0393783,-0.0406451,0.64192,0.0182234,0.0366575,0,-0.760284,-0.171326,0.428534,0.870447,-0.0230039,-0.0281251,0.49092,-0.286466,0.527064,0.523794,-0.525361,0.538383,-0.553879,0.380353,0.523348,3.39114,0.347871,-1.20764,0.825734,1.04425,0.571323,-0.00237846,0.138164,3.09359e-05,0.0507491,-1.9211,-1.23379,0.469846,-0.000122904,
260,-0.0418463,-0.041239,0.478143,0.024774,0.0332015,0,-0.268491,-0.0607759,0.388101,0.863784,-0.0139981,-0.00563091,0.503636,-0.172504,0.534765,0.523595,-0.52269,0.309535,-0.643577,0.396312,0.523386,3.64498,0.559942,0.718923,-0.959246,-0.276017,0.588409,4.44614,0.069754,0.00898714,0.00717201,-7.0734,-2.27027,0.172194,0.00227735,
261,-0.0418911,-0.0415103,0.0515394,0.0066816,0.0376857,0,0.149023,0.162436,0.440565,0.861041,-0.0297083,-0.0286466,0.506857,0.126391,0.538284,0.523897,-0.523249,-0.0813477,-0.763158,0.397908,0.523368,4.04114,0.650827,1.11492,-0.669151,-0.270905,-0.168925,7.51727,0.109952,-0.0020999,-0.0110463,-8.57735,-2.52771,-0.108052,-0.00075513,
262,-0.0392348,-0.0419375,-0.409013,-0.018961,0.0416998,0,0.466837,0.368738,0.487544,0.861998,-0.0464976,-0.0421644,0.503011,0.502248,0.543824,0.523845,-0.523911,-0.471916,-0.855012,0.385034,0.523346,3.93772,0.673608,0.763279,-0.0671958,-0.375665,-0.327857,7.50551,0.0948398,0.000130241,-0.0152315,-7.06693,-1.16844,-0.404928,-0.000206568,
263,-0.0325732,-0.0420248,-0.480763,-0.0292443,0.0437814,0,0.794697,0.411286,0.511911,0.861646,-0.046844,-0.0368357,0.503999,0.543689,0.544956,0.523853,-0.525326,-0.552817,-0.842735,0.357408,0.523333,3.33206,0.471007,0.198552,0.377627,0.215711,0.0879519,-1.8288,-0.0435908,0.000157553,-0.0308948,1.70496,1.606,-0.687942,0.00013344,
264,-0.0231789,-0.0414597,-0.250518,-0.0221121,0.043409,0,0.275654,0.303566,0.507552,0.862655,-0.0345623,-0.0244488,0.504018,0.367463,0.537628,0.523871,-0.526934,-0.325227,-0.688859,0.317868,0.523335,2.97565,0.408118,-0.368035,0.978729,0.17799,-0.1621,-5.19258,-0.249711,0.000264599,-0.0342141,7.34875,4.52834,-0.890434,-3.84736e-05,
265,-0.0124041,-0.0402642,0.222415,-0.00284847,0.0408758,0,-0.156037,0.0854352,0.477899,0.866424,-0.0167153,-0.00569573,0.498996,0.0687567,0.522125,0.523865,-0.528763,0.0828914,-0.481777,0.270333,0.523339,2.78835,0.278757,-0.744737,0.631393,0.662535,-0.295346,-6.74338,-0.162021,-0.000313847,-0.0412251,8.96429,0.200817,-1.00737,0.000128106,
266,-0.000914511,-0.0402933,0.60357,0.0159189,0.0368255,0,-0.489956,-0.146468,0.4305,0.870199,-0.0149832,0.0142912,0.492265,-0.219897,0.522502,0.523847,-0.530716,0.492006,-0.510616,0.219056,0.523351,2.98656,0.296688,-1.17628,0.373031,0.606804,-0.295825,-4.81845,0.0352635,-0.000167379,-0.0362046,7.41297,-0.454259,-1.04421,0.000129528,
267,0.0135119,-0.0405266,0.662379,0.0276669,0.0328951,0,-0.765554,-0.182654,0.384517,0.860479,0.00159106,-0.00712611,0.509434,-0.342511,0.525527,0.523761,-0.53105,0.537819,-0.559189,0.165873,0.52335,2.20148,0.523249,-0.27075,-1.2171,-0.22013,0.429872,-0.15145,0.0824,8.07249e-05,0.0919362,-1.87835,-1.48076,-1.03787,-0.00111488,
268,0.0256554,-0.0411018,0.500708,0.0238818,0.0341418,0,-0.270744,-0.05961,0.399101,0.855997,-0.0190286,-0.0144216,0.516429,-0.231366,0.532987,0.523987,-0.522554,0.312931,-0.661582,0.117829,0.523369,2.69564,0.540785,0.611729,-1.34234,-1.0778,0.305724,4.51284,0.193048,0.0172095,0.077878,-7.10543,-2.611,-0.882401,0.00117393,
269,0.0343343,-0.0418922,0.069853,0.00346511,0.0381448,0,0.14682,0.162307,0.445937,0.856251,-0.0379369,-0.0345291,0.514006,0.0750697,0.543236,0.523867,-0.522972,-0.0783822,-0.797225,0.0802288,0.523357,3.06627,0.590396,0.780476,-1.09815,-0.20792,-0.345779,7.80667,0.27202,-0.00229711,-0.025489,-8.62204,-2.84919,-0.630707,-0.000294566,
270,0.038521,-0.0421603,-0.392582,-0.0120671,0.043722,0,0.460653,0.371838,0.511216,0.86247,-0.0572097,-0.0581382,0.499492,0.462572,0.546713,0.523831,-0.524535,-0.466603,-0.895442,0.0562486,0.523356,3.27926,0.615942,1.41503,-1.10832,-0.258628,-0.742952,7.77133,-0.0238233,0.000196981,-0.0373536,-6.98387,-1.19982,-0.338475,-0.00048339,
271,0.0397484,-0.041915,-0.469445,-0.0231679,0.0483726,0,0.811968,0.422339,0.565674,0.86712,-0.0692692,-0.0696653,0.488315,0.557908,0.543532,0.523856,-0.526745,-0.550445,-0.88572,0.0461912,0.523333,2.69664,0.435879,0.786211,-0.373221,-0.112805,-0.335147,-1.53249,-0.1022,0.000362381,-0.0465126,1.57821,1.56314,-0.0618679,2.70079e-05,
272,0.0377176,-0.0412161,-0.244946,-0.0166807,0.0504305,0,0.275923,0.324035,0.589779,0.872161,-0.0687315,-0.0755023,0.478445,0.398231,0.534469,0.52389,-0.529081,-0.325769,-0.731993,0.0504314,0.523335,2.36651,0.377212,0.171955,0.16698,-0.20235,-0.623273,-4.82764,-0.260404,0.000436393,-0.0475086,7.3579,4.56388,0.230767,-1.19493e-05,
273,0.0318432,-0.0401472,0.201822,0.00156864,0.0499891,0,-0.156221,0.114214,0.584608,0.88068,-0.0594473,-0.0771747,0.463587,0.118342,0.520608,0.523899,-0.531486,0.0829233,-0.484275,0.0686769,0.523341,2.17535,0.255397,-0.308398,-0.00251963,0.15869,-0.794948,-6.35573,-0.0667382,-0.000189077,-0.051783,8.97637,1.44452,0.500083,0.000181167,
274,0.0226977,-0.0403045,0.56112,0.0204645,0.0478366,0,-0.490613,-0.112232,0.559396,0.889932,-0.0665278,-0.0757176,0.444817,-0.155126,0.522647,0.523891,-0.533988,0.492589,-0.506144,0.0989703,0.523352,2.34599,0.260493,-0.730165,-0.341994,0.229421,-0.818006,-4.59723,0.0582481,-2.67218e-05,-0.0470152,7.42349,-0.575762,0.708298,9.29764e-05,
275,0.0131307,-0.0408106,0.607893,0.0210955,0.0440026,0,-0.76229,-0.148268,0.514501,0.891856,-0.078332,-0.0769936,0.43878,-0.278381,0.52921,0.523873,-0.53546,0.537955,-0.55486,0.136589,0.52335,2.78335,0.453273,-0.921317,-0.00546907,1.24234,-0.0488697,-0.36508,0.196236,0.000374376,0.0432506,-1.90402,-1.36808,0.81384,-0.00116183,
276,0.00284081,-0.0418399,0.449426,0.0111169,0.040127,0,-0.26029,-0.0373683,0.469135,0.895182,-0.0783706,-0.0438335,0.436561,-0.186974,0.542557,0.523861,-0.531447,0.306979,-0.648581,0.178906,0.523353,3.15356,-0.151473,-0.616892,1.93341,-0.526025,-0.297974,3.94886,0.337412,-0.000118992,0.0911597,-7.28773,-2.35416,0.893383,0.000859712,
277,-0.00848235,-0.0432076,0.0654137,-0.0081966,0.0371346,0,0.163022,0.167871,0.434116,0.902224,-0.0271122,-0.0275239,0.429534,0.0857654,0.560294,0.523799,-0.524827,-0.0949914,-0.769516,0.223467,0.523346,3.68955,-0.225108,-0.279179,0.0204163,0.50549,0.541462,6.88114,0.245799,-0.0128987,0.176218,-8.62154,-2.3343,0.864458,0.00377144,
278,-0.0174155,-0.0423857,-0.342551,-0.0154334,0.041194,0,0.462963,0.36926,0.481624,0.897962,-0.0383155,-0.0198972,0.43795,0.423556,0.549636,0.523766,-0.522623,-0.476036,-0.830404,0.26473,0.523369,4.08542,-0.194527,1.13502,-0.0922392,0.517563,0.18196,6.77129,-0.372392,0.00230894,-0.0264746,-6.78372,-0.420554,0.781721,-0.00116439,
279,-0.0253365,-0.0407838,-0.43343,-0.0257134,0.0447432,0,0.793905,0.413401,0.523172,0.896718,-0.0370462,-0.00351382,0.441036,0.567796,0.528863,0.523842,-0.524161,-0.55185,-0.78316,0.299415,0.523334,3.51177,-0.226047,0.542349,0.653125,0.573633,0.37262,-1.01501,-0.457236,0.000391184,-0.0337956,1.7081,2.28602,0.602479,-8.49402e-05,
280,-0.0307879,-0.0401518,-0.236334,-0.0181608,0.04592,0,0.275105,0.310418,0.536952,0.894932,-0.0205162,0.0194719,0.445306,0.439944,0.520668,0.523874,-0.525913,-0.324392,-0.595662,0.324231,0.52334,3.14955,-0.259345,0.0179487,1.32904,0.521662,0.0067938,-4.07387,0.0694324,0.00040928,-0.0371719,7.34,5.19334,0.393929,6.32345e-05,
281,-0.034383,-0.0403312,0.174168,0.00174913,0.0453288,0,-0.156386,0.0992996,0.530029,0.895237,-0.00737576,0.0519023,0.442496,0.1983,0.522994,0.523873,-0.528046,0.0833115,-0.495022,0.338142,0.523346,2.97872,-0.397845,-0.29273,0.783174,1.26777,-0.0916421,-5.58075,0.0206243,-0.000129802,-0.0469298,8.95949,-0.628195,0.162689,0.000120897,
282,-0.0351488,-0.0404178,0.532368,0.0267935,0.0440564,0,-0.490671,-0.124083,0.515131,0.895609,-0.0111515,0.0649863,0.439928,-0.0426581,0.524118,0.523871,-0.529845,0.4925,-0.517752,0.340244,0.523375,2.39919,-0.740457,-0.103862,-1.15879,-0.994394,-0.206853,-4.073,0.0320862,1.78961e-05,-0.0152355,7.42969,-0.212673,-0.0712151,0.000377092,
283,-0.0313339,-0.040927,0.589318,0.0235922,0.0423118,0,-0.761404,-0.153518,0.494708,0.891344,-0.0275991,0.0231396,0.451894,-0.145521,0.53072,0.52385,-0.530232,0.537913,-0.550973,0.32941,0.523364,2.89656,-0.501613,-0.674217,-1.52239,-1.31153,0.551183,-0.0631773,0.228835,0.000228697,-0.00310871,-1.91079,-1.10813,-0.342869,-0.00032841,
284,-0.024464,-0.0420937,0.42522,0.00732675,0.0385063,0,-0.259307,-0.0422467,0.450168,0.882721,-0.0476317,-0.0283266,0.466618,-0.0417875,0.54585,0.523849,-0.530143,0.306451,-0.633001,0.306926,0.523357,3.27773,-0.316882,-0.988532,-1.17489,-2.22367,0.559866,4.17122,0.324424,0.000519953,0.00970714,-7.30653,-2.14788,-0.557261,0.000270423,
285,-0.0167432,-0.04297,0.0141348,0.00160673,0.0372081,0,0.156918,0.166467,0.434976,0.881821,-0.0243107,-0.0184876,0.470595,0.230306,0.557213,0.522645,-0.521718,-0.0918741,-0.742843,0.276173,0.523329,4.11109,-0.0885644,0.672222,0.193297,1.42886,0.678485,6.67763,0.0503797,-0.055205,0.0285818,-8.4316,-2.10555,-0.696646,0.00208088,
286,-0.00661451,-0.0427256,-0.405664,-0.0206668,0.0407373,0,0.459514,0.365526,0.476278,0.874892,-0.027871,0.00853638,0.483441,0.554727,0.554044,0.524564,-0.52306,-0.470726,-0.809849,0.239176,0.523347,4.15156,-0.024974,0.587985,0.495718,0.97596,0.716932,5.18785,-0.0712119,0.00504254,-0.0358291,-6.81153,-0.675609,-0.787576,-0.000512147,
287,0.00482342,-0.0421927,-0.476028,-0.0306812,0.0420512,0,0.806882,0.405621,0.491657,0.86371,-0.0202848,0.0434605,0.501701,0.538522,0.547133,0.524011,-0.525104,-0.550442,-0.775848,0.199044,0.523331,3.60713,-0.153597,0.0431536,1.20917,1.0187,0.814189,-2.39074,-0.206785,-0.00777949,-0.0414449,1.61296,2.01453,-0.808553,4.38186e-05,
288,0.0151093,-0.0409828,-0.246326,-0.0160361,0.0425454,0,0.275252,0.300949,0.497442,0.856631,-0.00914535,0.0545312,0.512959,0.335599,0.531444,0.523876,-0.526698,-0.324996,-0.603102,0.160693,0.523353,2.58472,-0.526667,0.231353,-0.228391,-0.822751,0.272272,-5.70045,-0.41956,-0.000383192,-0.0208613,7.35618,4.87298,-0.72396,-7.77993e-05,
289,0.0232786,-0.0401419,0.243019,0.00284881,0.0426058,0,-0.156897,0.0905353,0.498149,0.854742,-0.00957827,0.0370999,0.517637,0.0128287,0.52054,0.523859,-0.527897,0.0835975,-0.47834,0.128362,0.523346,2.4384,-0.68184,-0.185654,-0.647247,-0.275687,0.159416,-7.19862,0.0562747,-0.000215746,-0.0276839,8.97777,-0.920048,-0.570962,-5.56481e-05,
290,0.0292093,-0.0404027,0.635172,0.0203933,0.040628,0,-0.491113,-0.135255,0.474999,0.853093,-0.0201359,0.0211724,0.520941,-0.294251,0.523921,0.523854,-0.529141,0.493287,-0.515542,0.104841,0.523352,2.66039,-0.681113,-0.741107,-0.72644,-0.377479,0.0919114,-5.10156,0.0743548,-3.03715e-05,-0.0220658,7.42202,-0.40337,-0.371817,8.00146e-05,
291,0.0340849,-0.0409627,0.691176,0.0192083,0.0363651,0,-0.758171,-0.172031,0.425113,0.843597,-0.0301221,-0.00325006,0.536121,-0.4283,0.531183,0.523832,-0.529877,0.537999,-0.56003,0.0909472,0.523357,3.05376,-0.470941,-1.10814,-0.20324,-1.35769,1.15949,-0.241389,0.18437,-0.000198169,-0.00974962,-1.93647,-1.35604,-0.184737,-2.9504e-05,
292,0.0365518,-0.0416979,0.534576,0.0281511,0.0338687,0,-0.279234,-0.0601005,0.395906,0.832479,-0.0138523,-0.0104198,0.553785,-0.315599,0.540716,0.519568,-0.525067,0.312229,-0.654239,0.0882794,0.523359,3.50982,0.564539,1.03785,-0.736399,0.53346,0.272334,4.58089,0.103957,-0.259309,0.30592,-6.79382,-2.27067,0.0803943,0.00225984,
293,0.0334154,-0.0422897,0.0956685,0.00540817,0.0383213,0,0.133376,0.157311,0.448003,0.834121,-0.0381295,-0.0312077,0.549376,0.00218073,0.548391,0.513332,-0.522525,-0.0678119,-0.774172,0.0995614,0.523369,3.90624,0.677307,0.913429,-1.23348,-0.534646,-0.673166,8.13526,0.224609,0.011669,-0.0295514,-8.43228,-2.54114,0.368472,-0.000598564,
294,0.0256522,-0.0428493,-0.392862,-0.0125632,0.0424396,0,0.448867,0.362012,0.496204,0.844881,-0.0459296,-0.0541729,0.530219,0.414712,0.555648,0.521184,-0.524304,-0.453112,-0.864556,0.123871,0.523345,3.92171,0.656637,1.2906,-0.519236,-0.00529468,-0.959234,8.32839,-0.0106404,0.291189,-0.0523699,-6.94054,-0.984191,0.601152,-0.000241977,
295,0.0161919,-0.0426435,-0.49532,-0.0247153,0.0465873,0,0.833738,0.420458,0.544765,0.853804,-0.0484089,-0.0539265,0.515527,0.557239,0.552979,0.525517,-0.527213,-0.556782,-0.846061,0.157261,0.523329,3.34494,0.434528,0.668619,0.224653,0.133701,-0.477428,-1.10098,-0.0938315,-0.0468911,-0.0608688,1.4479,1.69831,0.736367,5.21053e-05,
296,0.00567233,-0.0419541,-0.271309,-0.0180893,0.0481891,0,0.283325,0.321882,0.563525,0.862104,-0.0377564,-0.0462351,0.503204,0.41392,0.544039,0.524073,-0.53027,-0.334596,-0.686057,0.19613,0.523331,2.99051,0.361529,0.0820387,0.810016,0.0705439,-0.766977,-4.60296,-0.264078,-0.0110529,-0.0621983,7.38719,4.68023,0.819226,-6.39178e-06,
297,-0.00591474,-0.0406776,0.192996,0.00104172,0.047513,0,-0.151259,0.109653,0.555606,0.873247,-0.0212709,-0.0322775,0.485742,0.140191,0.527486,0.523885,-0.533465,0.076819,-0.47328,0.237239,0.523337,2.78504,0.231732,-0.326356,0.443817,0.61513,-0.883074,-6.33275,-0.406056,-0.000584456,-0.068399,9.05731,0.0446579,0.827877,0.000131244,
298,-0.0172474,-0.0402291,0.569556,0.0201759,0.0452609,0,-0.491883,-0.119677,0.529234,0.884018,-0.0209282,-0.0155188,0.466726,-0.133795,0.521669,0.523877,-0.536751,0.491333,-0.50873,0.276603,0.523349,2.94861,0.261324,-0.751681,0.288124,0.537098,-0.841308,-4.64054,0.0487999,2.76675e-05,-0.0622149,7.53558,-0.517288,0.746781,0.000128732,
299,-0.025431,-0.0406965,0.618622,0.0180534,0.0410542,0,-0.762008,-0.157567,0.479987,0.886587,-0.0225566,-0.00788755,0.461944,-0.257626,0.527732,0.523858,-0.539434,0.538166,-0.555924,0.308953,0.523358,3.45373,0.517823,-1.22324,-0.0660002,0.187323,-0.119012,-0.336587,0.192819,0.000250686,-0.0480442,-1.90691,-1.36432,0.566708,-2.14979e-05,
300,-0.0310492,-0.0416764,0.454042,0.00345933,0.0349328,0,-0.259638,-0.0537942,0.408356,0.887116,-0.0261321,-0.0097413,0.460703,-0.161959,0.540438,0.523843,-0.541566,0.30678,-0.65128,0.332062,0.523358,3.85772,0.229136,-1.37257,0.702249,-0.964942,0.0606401,4.12291,0.315182,-0.000627781,-0.0377834,-7.30556,-2.42562,0.362811,0.000406733,
301,-0.0330965,-0.0418106,0.0642697,0.00739985,0.036535,0,0.142881,0.157853,0.427101,0.882979,-0.0225965,-0.00528751,0.468838,0.109033,0.542178,0.522746,-0.530332,-0.0794285,-0.767475,0.34424,0.523379,4.87377,0.694546,1.17518,-0.747627,0.535543,0.402515,6.82546,-0.163718,0.0583583,0.320991,-8.32416,-2.26645,0.131376,-0.000432676,
302,-0.0326304,-0.0412677,-0.36616,-0.0188831,0.0405272,0,0.452824,0.359751,0.473819,0.878933,-0.0470177,0.000217981,0.474623,0.453725,0.535139,0.524184,-0.521388,-0.45962,-0.848161,0.344806,0.523347,4.74544,0.711107,0.702259,-0.420898,0.606482,0.209563,6.95868,-0.127648,-0.0101237,-0.0342127,-6.8925,-0.976699,-0.110636,-0.000394648,
303,-0.0290186,-0.0405043,-0.462537,-0.0294685,0.0423419,0,0.8365,0.40508,0.49506,0.874637,-0.0489715,0.0170524,0.481997,0.559416,0.525239,0.523883,-0.523795,-0.547518,-0.829702,0.332822,0.523337,4.16158,0.612211,0.146763,0.55671,0.619879,0.542708,-1.3435,-0.257846,-0.00203286,-0.050958,1.41259,1.68947,-0.362581,0.000121982,
304,-0.0227916,-0.0402399,-0.255378,-0.0221371,0.0418566,0,0.276369,0.29974,0.489379,0.870327,-0.0361693,0.0411036,0.489421,0.410236,0.52181,0.523865,-0.526392,-0.326609,-0.672846,0.309856,0.523342,3.79097,0.54718,-0.362779,1.2296,0.588757,0.203857,-4.59693,0.0459119,0.000182047,-0.0537939,7.37098,4.56474,-0.552453,1.03323e-05,
305,-0.0155274,-0.0403478,0.199303,0.00325324,0.0406997,0,-0.156892,0.0847278,0.475838,0.870822,-0.0275739,0.0413903,0.489076,0.139517,0.52321,0.523861,-0.528606,0.0831715,-0.484551,0.279137,0.523362,3.01325,0.0885792,-0.143305,-0.990389,-0.76723,-0.164455,-6.21999,0.0109405,-0.000361517,-0.0354356,9.01067,-0.0823658,-0.673471,-5.86267e-05,
306,-0.00682714,-0.0403878,0.584659,0.0233191,0.0390713,0,-0.491963,-0.140615,0.456779,0.87061,-0.0338746,0.0121903,0.490654,-0.126954,0.523728,0.523836,-0.5303,0.494211,-0.512536,0.243224,0.523352,3.0435,-0.0467374,-0.457001,0.603351,-1.55698,0.800449,-4.38565,-0.0253961,-0.000800519,-0.0363363,7.42939,-0.386531,-0.787311,-0.000234059,
307,0.00605506,-0.0406275,0.650849,0.0207017,0.0359996,0,-0.757139,-0.173296,0.420837,0.85281,-0.00199071,-0.0197752,0.521843,-0.235615,0.526836,0.523821,-0.531691,0.538256,-0.557225,0.202669,0.523356,3.54525,0.219846,-0.961929,0.312223,-1.86536,1.47912,0.0143503,0.146745,0.000489371,-0.0220714,-1.94551,-1.39275,-0.8168,-9.5693e-06,
308,0.0166123,-0.0413613,0.480296,0.0181445,0.0345875,0,-0.268294,-0.0572965,0.404315,0.843928,-0.0195238,0.000476951,0.536101,-0.116896,0.536352,0.523519,-0.526417,0.31126,-0.65529,0.164487,0.523353,3.48946,1.064,0.0538358,-0.555544,0.825258,0.161809,4.64436,0.21544,0.0956623,0.140911,-7.13795,-2.51749,-0.709456,0.00117582,
309,0.0240553,-0.0415957,0.0271898,0.0117723,0.0374927,0,0.147404,0.161335,0.438306,0.84308,-0.031345,-0.0266883,0.536211,0.191573,0.539392,0.524167,-0.522644,-0.080391,-0.778619,0.133212,0.523396,4.17612,1.28474,1.61271,-1.54994,-1.11119,-0.080536,7.69101,-0.235131,-0.0129092,-0.0179519,-8.53453,-2.23549,-0.542999,-0.000388123,
310,0.0288912,-0.0407541,-0.440298,-0.0142572,0.0437446,0,0.465349,0.373436,0.511481,0.842532,-0.0489688,-0.0661798,0.532318,0.552303,0.528478,0.523856,-0.523781,-0.469916,-0.855929,0.111154,0.523351,3.89826,1.0977,1.21708,-1.24432,-0.767859,0.353617,2.99647,-0.177316,-0.00285612,-0.0291669,-7.07019,-0.899268,-0.357941,-0.000793526,
311,0.0322663,-0.0402886,-0.501365,-0.0251547,0.0475869,0,0.799834,0.421069,0.556472,0.836676,-0.0577996,-0.0921745,0.536783,0.520586,0.522441,0.523862,-0.525457,-0.552234,-0.83126,0.0988952,0.523339,3.45237,0.971183,0.599749,-0.573986,-0.766224,0.131461,-2.46948,0.0106416,0.000282809,-0.034224,1.66666,1.86143,-0.133625,0.000135397,
312,0.0325118,-0.0403503,-0.253471,-0.0178866,0.0488168,0,0.275827,0.319311,0.570876,0.834141,-0.0535794,-0.110698,0.537665,0.309345,0.523241,0.523889,-0.526865,-0.325553,-0.663257,0.0982465,0.523338,3.08648,0.847226,0.0515396,0.513563,0.151345,-0.069542,-5.95947,0.00870808,0.000448028,0.0287902,7.35381,4.82847,0.107152,-0.000991853,
313,0.029543,-0.0403652,0.257171,0.000915682,0.0479933,0,-0.156154,0.107936,0.561231,0.837863,-0.0466652,-0.0979936,0.534982,-0.0273118,0.523435,0.523891,-0.525625,0.0828929,-0.469295,0.109574,0.523342,2.90705,0.699743,-0.372756,0.112381,0.700588,-0.244382,-7.49459,0.000864739,-0.000218688,0.0185336,8.97338,-0.42315,0.346163,0.0003148,
314,0.0234903,-0.0403737,0.648001,0.0198306,0.0455379,0,-0.490549,-0.119428,0.532477,0.84322,-0.0559821,-0.0844238,0.527938,-0.346252,0.523545,0.523883,-0.524637,0.492506,-0.509707,0.131974,0.523352,3.11642,0.738305,-0.792373,-0.124638,0.6323,-0.334188,-5.28104,0.0016417,-5.76213e-05,0.0214998,7.42347,-0.51409,0.547595,7.14062e-05,
315,0.0165241,-0.0406507,0.696837,0.0209428,0.0416856,0,-0.76358,-0.155576,0.487378,0.842581,-0.0691995,-0.0672721,0.529853,-0.487121,0.527138,0.523846,-0.522914,0.538118,-0.556697,0.162126,0.523343,3.52363,1.03651,-0.937317,0.403632,1.66226,0.0910941,-0.384571,0.137906,-3.59359e-05,0.0139191,-1.89453,-1.35877,0.677136,-0.000351972,
316,0.00815645,-0.0414708,0.5371,0.0115183,0.0376994,0,-0.260475,-0.0452649,0.440726,0.843568,-0.0603964,-0.0377385,0.53228,-0.380333,0.537771,0.523837,-0.52333,0.307288,-0.651108,0.198392,0.523363,3.90269,0.285525,-0.578941,2.43906,-1.24096,0.106977,4.5816,0.280124,1.05959e-05,-0.00835137,-7.29163,-2.39106,0.780602,0.000669788,
317,-0.000483475,-0.0425271,0.09502,-0.00238172,0.0356739,0,0.160986,0.162336,0.417025,0.841223,-0.0253748,-0.0214258,0.539667,-0.0606789,0.551469,0.523805,-0.523504,-0.0930759,-0.774522,0.237966,0.523386,4.3213,0.856343,0.284783,-1.64744,0.431339,0.658091,8.10877,0.0999015,-0.000639536,-0.00312789,-8.61043,-2.38562,0.799176,0.00270449,
318,-0.0105,-0.0411138,-0.400333,-0.0108404,0.0418506,0,0.468702,0.372491,0.489309,0.842796,-0.0423924,-0.0358106,0.535365,0.345355,0.533142,0.52383,-0.524502,-0.479104,-0.837826,0.278222,0.523371,4.44529,0.833177,1.60615,-0.436292,-0.0121718,-0.460476,8.23816,-0.508145,0.000103766,-0.0297598,-6.91341,-0.4785,0.791053,-0.00126699,
319,-0.0201855,-0.0401162,-0.501957,-0.0211447,0.0474064,0,0.782022,0.421327,0.554358,0.849309,-0.040056,-0.0348802,0.525218,0.560769,0.520206,0.52385,-0.52623,-0.553887,-0.792717,0.314538,0.523339,3.84176,0.672024,1.00548,0.514303,0.0174756,-0.128584,-0.4785,0.0616735,-0.000127744,-0.0387089,1.80183,2.25672,0.654321,-4.34539e-05,
320,-0.0273388,-0.0403188,-0.28101,-0.0139245,0.050474,0,0.274665,0.323315,0.590289,0.852961,-0.0224235,-0.0249389,0.520895,0.446613,0.522834,0.523883,-0.528221,-0.324017,-0.605263,0.342756,0.523344,3.48944,0.56849,0.43461,1.09677,-0.0222831,-0.387727,-4.05834,0.0264568,0.00051358,-0.0416765,7.34366,5.21999,0.477663,4.88147e-05,
321,-0.0326769,-0.0403639,0.185402,0.00547511,0.0515428,0,-0.156848,0.11865,0.602811,0.858978,-0.00860774,-0.00675407,0.511896,0.197594,0.523418,0.523893,-0.530552,0.0837872,-0.49495,0.361297,0.523346,3.31148,0.405289,0.072832,0.589847,0.670203,-0.422158,-5.88835,0.00333108,-3.09071e-06,-0.0507161,8.95933,-0.566333,0.264199,6.42889e-05,
322,-0.035204,-0.0404256,0.576367,0.024001,0.0509038,0,-0.490058,-0.102492,0.595324,0.863826,-0.00556759,0.0134122,0.503581,-0.0561389,0.524218,0.523895,-0.532967,0.492477,-0.517431,0.368305,0.523352,3.47586,0.427075,-0.379873,0.454004,0.581004,-0.336926,-4.27379,0.0300694,3.71808e-05,-0.0455298,7.40042,-0.220218,0.0179716,7.16852e-05,
323,-0.0330504,-0.0408784,0.62923,0.021466,0.0482024,0,-0.76212,-0.135036,0.563681,0.860002,-0.00420052,0.0240247,0.509708,-0.160815,0.53009,0.523885,-0.534833,0.537775,-0.546962,0.361914,0.523358,3.9491,0.738867,-0.883675,0.119236,0.213227,0.385252,0.0621749,0.203552,0.000354596,-0.0320246,-1.90476,-0.956031,-0.254558,-5.71804e-05,
324,-0.0276963,-0.0419453,0.450393,0.00327454,0.043346,0,-0.259424,-0.0268536,0.506814,0.854228,-0.00630267,0.0254333,0.519238,-0.0437369,0.543925,0.52388,-0.536173,0.306506,-0.618349,0.343537,0.523355,4.32507,0.912893,-1.38931,-0.240717,-0.0190681,0.498632,4.58471,0.346837,-0.000141158,-0.0216598,-7.304,-1.8892,-0.478139,-1.97745e-05,
325,-0.0201833,-0.0432707,-0.0104317,-0.023943,0.0363669,0,0.167853,0.16658,0.425134,0.849306,-0.0122221,0.0199098,0.527383,0.261797,0.561112,0.523866,-0.537132,-0.0970718,-0.71498,0.315476,0.523347,4.50352,0.989785,-1.82411,-0.764493,0.0824529,0.360472,7.60911,0.333181,-0.000642181,-0.0181476,-8.81406,-1.9622,-0.64521,5.24547e-05,
326,-0.0109265,-0.0419285,-0.463631,-0.0227838,0.0370082,0,0.476203,0.362871,0.432637,0.843693,-0.0181533,0.0236937,0.535995,0.583755,0.543706,0.523825,-0.540088,-0.487136,-0.75,0.280292,0.523336,4.30865,0.737845,0.470381,0.15152,0.534315,1.01107,1.32442,-0.57588,-0.00142127,-0.0757676,-6.96444,0.0962981,-0.777914,-0.000513135,
327,-3.67529e-05,-0.0400404,-0.512697,-0.0279835,0.0385096,0,0.760673,0.399015,0.450206,0.834571,-0.0161406,0.0283924,0.549932,0.5093,0.519222,0.523841,-0.543701,-0.55679,-0.678736,0.240575,0.523338,3.51378,0.423037,0.34546,-0.242852,-0.672392,0.425321,-3.24052,-0.0304518,5.6717e-06,-0.0631703,1.98063,2.73255,-0.811833,0.000198651,
328,0.0100471,-0.0402667,-0.246057,-0.019688,0.0388339,0,0.272654,0.288765,0.454001,0.830789,-0.00639287,0.0138327,0.556379,0.258416,0.522158,0.523847,-0.546868,-0.322203,-0.488108,0.200974,0.523344,3.13134,0.28951,-0.145269,-0.0423718,-0.412785,0.120514,-6.76705,0.0474093,2.23547e-06,-0.0674558,7.35675,1.77123,-0.767912,-1.86793e-05,
329,0.0186869,-0.0403558,0.290515,-0.0013198,0.0372821,0,-0.159342,0.072254,0.435842,0.829587,-0.0078122,0.00755715,0.558272,-0.116401,0.523313,0.52384,-0.550341,0.0862342,-0.505535,0.16545,0.523347,3.00277,0.191149,-0.612348,-0.168534,-0.118017,0.0736637,-8.2131,0.00720689,-8.72038e-05,-0.0692561,8.96784,-0.571109,-0.655901,5.4382e-05,
330,0.0254391,-0.0403725,0.684692,0.0164905,0.033545,0,-0.491822,-0.158246,0.39212,0.829612,-0.0100211,0.000573733,0.55825,-0.464304,0.52353,0.52383,-0.553594,0.494971,-0.520775,0.137023,0.523352,3.24621,0.240677,-1.13634,-0.296173,-0.237531,-0.0777682,-5.7234,0.00193909,-0.000144318,-0.0609791,7.39413,-0.10836,-0.482635,5.63072e-05,
331,0.0303707,-0.040523,0.721044,0.0379788,0.0335032,0,-0.758553,-0.181168,0.391631,0.825796,0.00215935,0.00162969,0.563962,-0.536564,0.525481,0.522411,-0.546004,0.538565,-0.554377,0.118759,0.523277,1.89741,0.367199,0.745256,-1.31586,-0.0722207,-0.242859,1.92721,0.095899,0.0271204,0.292393,-1.93534,-1.25318,-0.216079,0.00132158,
332,0.0309098,-0.041408,0.532277,0.0204948,0.0357312,0,-0.259434,-0.0511295,0.417696,0.829161,-0.0272656,-0.0238804,0.557833,-0.311715,0.536957,0.524446,-0.531522,0.306546,-0.648647,0.11381,0.523344,2.30766,0.516461,0.312525,-1.77876,-0.309616,-0.321302,7.02677,0.357421,-0.0138144,0.287167,-7.30502,-2.50329,0.0165855,0.000684048,
333,0.0255434,-0.0427212,0.036374,0.00109588,0.0382943,0,0.165747,0.171854,0.447687,0.849313,-0.0303864,-0.0380454,0.52564,0.120312,0.553986,0.523929,-0.520769,-0.0957381,-0.778957,0.122327,0.523342,2.86543,0.364561,0.643332,-0.550929,-0.0516184,-1.79642,10.3171,0.361469,-0.0101881,-0.0391457,-8.75642,-2.69583,0.29386,0.000557024,
334,0.0178679,-0.0432208,-0.431239,-0.0128323,0.0441072,0,0.470272,0.380065,0.515726,0.865395,-0.0493266,-0.0673679,0.494084,0.593784,0.560465,0.523797,-0.523544,-0.482118,-0.868287,0.140835,0.52336,3.09734,0.429668,1.42612,-0.994757,-0.561986,-0.715998,3.4337,0.0421419,-0.000871802,-0.0645926,-6.88245,-1.02544,0.433714,-0.00114808,
335,0.0105459,-0.0432217,-0.459205,-0.0233112,0.0487979,0,0.77467,0.425275,0.570655,0.871913,-0.0555777,-0.0855926,0.478908,0.532719,0.560477,0.523855,-0.526998,-0.554569,-0.848566,0.165006,0.52333,2.60984,0.327954,0.79509,-0.345017,-0.492993,-0.760786,-3.15821,-0.0431921,0.000733872,-0.0689357,1.86052,1.78931,0.535909,-1.92329e-05,
336,0.00199038,-0.0427375,-0.202383,-0.01672,0.0508381,0,0.273388,0.323847,0.594554,0.880614,-0.0488435,-0.0997264,0.460639,0.29551,0.554198,0.523893,-0.530415,-0.322961,-0.683261,0.19301,0.523329,2.26694,0.341503,0.152382,0.205826,-0.586735,-0.998177,-6.30449,-0.208391,0.000437458,-0.068283,7.35549,4.80056,0.585005,-3.22373e-05,
337,-0.00730045,-0.0416835,0.251226,0.00151536,0.0503421,0,-0.15825,0.114109,0.588744,0.891751,-0.036368,-0.109361,0.437605,-0.0487328,0.54053,0.5239,-0.533844,0.0852155,-0.483861,0.222023,0.523334,2.07873,0.310609,-0.326473,-0.181868,-0.135845,-1.15107,-7.45548,-0.34474,-0.00012972,-0.0709508,8.96008,-0.0457167,0.577963,0.000119552,
338,-0.0161032,-0.04035,0.587359,0.0219224,0.0486092,0,-0.490953,-0.110443,0.568446,0.90473,-0.0374506,-0.0917277,0.414303,-0.367362,0.523238,0.523899,-0.534414,0.493806,-0.512127,0.24887,0.523337,2.2264,0.283439,-0.592831,0.190292,0.812529,-1.03241,-5.29852,-0.285334,-0.000206044,0.000461296,7.39483,-0.397535,0.498573,0.0003505,
339,-0.0220382,-0.0403314,0.630759,0.0213819,0.0453571,0,-0.759292,-0.144082,0.53036,0.910415,-0.042924,-0.0776202,0.404076,-0.520122,0.522996,0.523878,-0.533885,0.538041,-0.551806,0.269374,0.523352,2.7148,0.403602,-0.893477,0.087192,0.997158,-0.256191,-0.841384,0.10218,0.000458548,0.0448246,-1.92776,-1.18492,0.338997,-0.000353367,
340,-0.0254598,-0.0410083,0.494772,0.0043125,0.0408268,0,-0.259187,-0.0347419,0.477325,0.913764,-0.0526788,-0.0484905,0.399886,-0.447109,0.531774,0.523868,-0.530392,0.306241,-0.636123,0.281943,0.523351,3.09576,0.352494,-1.28525,-0.0353696,1.17681,-0.0628793,3.72863,0.249894,-0.000311542,0.0749813,-7.3036,-2.17699,0.167408,0.00018085,
341,-0.027952,-0.0418989,0.156395,-0.0102922,0.0356749,0,0.16613,0.164223,0.417037,0.921201,-0.0387298,-0.019645,0.386656,-0.178653,0.543323,0.523888,-0.523861,-0.096671,-0.747986,0.286651,0.523352,3.55544,-0.552967,-0.476906,2.10792,-0.54471,-1.41678,6.85465,0.108273,-0.00760771,0.223723,-8.72006,-2.20513,0.0444183,0.00673236,
342,-0.0286244,-0.0407076,-0.21926,-0.0164884,0.0395169,0,0.463243,0.365301,0.461994,0.925983,-0.0491582,-0.0233165,0.373624,0.174308,0.527874,0.523752,-0.522563,-0.477474,-0.806906,0.283784,0.523402,4.17417,-0.657203,1.03876,-0.769411,0.506901,-0.526838,7.40709,-0.42595,0.00212647,-0.0329558,-6.75175,-0.454331,-0.153107,-0.00201709,
343,-0.0281539,-0.0402161,-0.335624,-0.0266315,0.0426907,0,0.790661,0.408018,0.499143,0.934743,-0.0599806,-0.0165723,0.349834,0.496405,0.521502,0.523849,-0.524288,-0.551987,-0.761864,0.271403,0.523348,3.81743,-0.458819,0.452331,0.01856,0.396637,-1.18809,5.48816,0.051164,0.000359634,-0.0343056,1.73207,2.23039,-0.346024,-0.00024857,
344,-0.0249427,-0.0403429,-0.195624,-0.0196475,0.0433536,0,0.275333,0.302985,0.506903,0.942708,-0.0551646,-0.00511623,0.328987,0.539426,0.523146,0.523859,-0.526179,-0.324366,-0.578232,0.248771,0.523343,3.33457,-0.469363,-0.129173,0.621124,0.400123,-0.963769,-1.31241,0.0136277,0.000484409,-0.0393235,7.33009,5.09475,-0.544074,2.58134e-05,
345,-0.0203368,-0.0403646,0.0792144,-0.000314128,0.042025,0,-0.155986,0.0890303,0.491351,0.95132,-0.0539726,0.0152026,0.303062,0.439869,0.523428,0.52386,-0.52838,0.0829733,-0.488721,0.218053,0.523346,3.15053,-0.569109,-0.49474,0.0617984,1.15743,-1.0799,-2.66001,0.00154336,-9.34321e-05,-0.0477601,8.95401,-0.841665,-0.685154,6.45871e-05,
346,-0.0114426,-0.0403701,0.330113,0.0217646,0.0399883,0,-0.48819,-0.135871,0.467512,0.952332,-0.0245033,0.0502587,0.299896,0.32968,0.523499,0.523828,-0.531368,0.490662,-0.5169,0.179245,0.523342,3.00284,-0.810386,-0.590855,2.09381,0.927273,0.501936,-1.81393,0.00217015,8.76469e-05,-0.0634981,7.37678,-0.250149,-0.8482,0.000218369,
347,0.00189296,-0.0407111,0.384182,0.0279401,0.0389689,0,-0.766545,-0.163568,0.455581,0.945292,-0.0042544,0.0141893,0.325889,0.299786,0.52792,0.523831,-0.532703,0.537252,-0.55473,0.13451,0.523369,2.40098,-0.649557,-0.240559,-0.476094,-2.67137,1.25981,0.613556,0.168968,0.000309054,-0.00996682,-1.86896,-1.24664,-0.92146,-0.000336763,
348,0.0156365,-0.0417285,0.24555,0.0201298,0.0376374,0,-0.268182,-0.045936,0.439999,0.933913,0.005078,-0.0336516,0.355878,0.399197,0.541113,0.522635,-0.530959,0.308169,-0.64497,0.0898021,0.523329,2.91874,0.0281438,0.267373,-0.399792,1.60113,1.36573,3.33898,0.343576,-0.18871,0.198084,-7.03959,-2.27625,-0.876207,-0.00084551,
349,0.0295926,-0.0432152,-0.0633287,-0.00397874,0.0382852,0,0.14907,0.164254,0.44758,0.917131,-0.032048,0.00240593,0.397288,0.553803,0.560392,0.518397,-0.521793,-0.0812653,-0.762769,0.0491684,0.523334,2.83274,0.112938,0.0609543,0.584968,1.3709,2.50418,0.17808,0.365199,0.0452774,0.0363785,-8.58545,-2.4418,-0.763319,-0.000369125,
350,0.0429163,-0.0444191,-0.376854,-0.0287732,0.0376609,0,0.468355,0.358058,0.440275,0.890516,-0.0160616,0.0446739,0.452469,0.526056,0.576003,0.525889,-0.523075,-0.472994,-0.850939,0.017171,0.523327,2.51071,-0.00232335,-0.20094,0.499849,1.37368,2.34743,-0.833157,0.275984,0.0491014,-0.0354963,-7.09552,-1.06304,-0.506367,0.000263084,
351,0.0519096,-0.0449914,-0.449815,-0.0298435,0.0386228,0,0.791261,0.397774,0.451531,0.864948,-0.0234065,0.0315015,0.500324,0.41885,0.583426,0.524542,-0.524096,-0.55338,-0.836795,0.000176458,0.523322,1.31488,-0.218105,0.142431,0.0980728,-0.724482,2.36289,-3.4193,0.0225795,-0.0284903,-0.0229787,1.73149,1.60395,-0.186232,-0.000226677,
352,0.0565775,-0.0446656,-0.216807,-0.0223611,0.0380847,0,0.275455,0.28799,0.445234,0.837082,-0.00539558,0.021923,0.546611,0.170588,0.5792,0.523893,-0.52527,-0.325072,-0.685381,0.000718401,0.523318,0.972851,-0.348851,-0.39351,0.606063,-0.647974,1.93474,-6.48586,-0.191453,-0.00304042,-0.0248366,7.35094,4.43316,0.206971,-3.51567e-05,
353,0.0553971,-0.0436037,0.311128,-0.00254325,0.0354241,0,-0.156418,0.0679908,0.414103,0.812485,0.0140432,0.0184864,0.582519,-0.185026,0.565431,0.523838,-0.526557,0.0831852,-0.483427,0.0213977,0.523321,0.794683,-0.661268,-0.716215,-0.424071,-0.499153,1.5182,-7.72414,-0.365237,-0.000279705,-0.0226128,8.97172,0.206336,0.606572,-0.000300621,
354,0.048488,-0.0421476,0.712422,0.0218394,0.0317087,0,-0.488114,-0.162349,0.370639,0.794212,0.00400823,-0.00201333,0.607625,-0.504591,0.546548,0.523677,-0.527209,0.491917,-0.51114,0.0615155,0.523323,0.716564,-0.674455,-0.590474,-0.0819868,0.70501,0.369256,-4.99765,-0.437524,-0.024671,0.0238306,7.32734,-0.436943,1.00834,-0.00072071,
355,0.0352351,-0.040252,0.738246,0.0324955,0.032413,0,-0.769435,-0.183774,0.378878,0.793705,-0.00523985,-0.00481666,0.608262,-0.511655,0.521967,0.523718,-0.523235,0.537116,-0.556885,0.117642,0.523342,0.760006,-0.148884,0.210787,-0.647015,-0.413958,-0.441893,2.7757,-0.248754,0.0771948,0.0467711,-1.84658,-1.47136,1.2736,0.000469278,
356,0.0168712,-0.0403125,0.535278,0.0236284,0.0343574,0,-0.268728,-0.0585615,0.401624,0.807051,-0.0187842,-0.018584,0.58989,-0.246205,0.522751,0.523736,-0.523216,0.312254,-0.659871,0.186913,0.523362,1.35749,0.215189,0.590457,-0.549878,-0.133026,-1.45639,7.79622,0.121779,-0.00114292,-0.0087015,-7.15577,-2.65868,1.50037,-0.000292021,
357,-0.00506787,-0.0407333,0.0143873,0.0102294,0.038371,0,0.146474,0.163801,0.448584,0.829657,-0.0379064,-0.046549,0.555036,0.22402,0.528209,0.523725,-0.523415,-0.0798921,-0.796416,0.26397,0.523381,2.30661,0.488695,1.45743,-1.40307,-0.639971,-2.20067,10.936,0.0729964,0.00109585,-0.000110203,-8.50739,-2.79428,1.59007,-0.000442766,
358,-0.0273954,-0.04099,-0.436245,-0.0134826,0.044695,0,0.460601,0.374356,0.522607,0.85317,-0.0575164,-0.0627935,0.514635,0.604402,0.531537,0.523775,-0.523705,-0.466269,-0.901016,0.340258,0.523348,2.01414,0.1209,1.27326,-1.3564,0.485648,-0.527171,-0.401652,0.0915499,7.09172e-05,-0.0166502,-6.99245,-1.41419,1.43364,-0.000449837,
359,-0.0449667,-0.0411631,-0.459017,-0.0243666,0.0488177,0,0.812474,0.42349,0.570887,0.862812,-0.0832575,-0.0656652,0.494278,0.488858,0.533782,0.523861,-0.524689,-0.550407,-0.901193,0.405371,0.52334,1.61328,0.0994429,0.667477,-0.643553,0.454378,-0.921374,-3.86624,-0.00297941,0.000673561,-0.0206086,1.57469,1.38102,1.16755,9.58651e-05,
360,-0.0588243,-0.0408111,-0.187482,-0.0180679,0.0503248,0,0.275761,0.323707,0.588542,0.874724,-0.0918692,-0.0626775,0.471688,0.217076,0.529217,0.523895,-0.525771,-0.325713,-0.756088,0.453946,0.523341,1.24558,0.136328,0.0345117,0.165405,0.334557,-1.08872,-6.97945,-0.18032,0.000402318,-0.0233163,7.36229,4.40128,0.779453,-3.85485e-05,
361,-0.0679698,-0.0401983,0.283506,0.000261332,0.0493067,0,-0.156512,0.111919,0.576615,0.889527,-0.0843764,-0.0538822,0.44578,-0.157413,0.521271,0.523903,-0.526969,0.0831936,-0.499012,0.481246,0.523344,1.05161,0.16158,-0.439102,0.240645,0.470961,-1.26969,-7.99021,0.0172978,-0.000220177,-0.0260253,8.97854,2.45882,0.320251,0.000112362,
362,-0.0720045,-0.0403416,0.611545,0.0193713,0.0466683,0,-0.490713,-0.11603,0.545715,0.903846,-0.0934917,-0.0460016,0.414977,-0.495753,0.523129,0.52389,-0.528146,0.492809,-0.506229,0.484835,0.523353,1.25972,0.227457,-0.839479,-0.371464,0.562697,-1.33619,-5.56419,0.0330189,-8.646e-05,-0.0202706,7.42021,-0.549149,-0.174498,7.12857e-05,
363,-0.0694923,-0.0407398,0.625505,0.0177576,0.0422356,0,-0.760844,-0.153769,0.493815,0.912685,-0.113106,-0.0473373,0.389836,-0.541024,0.528292,0.523869,-0.528705,0.537939,-0.554474,0.463223,0.523358,1.89979,0.31959,-1.25121,-0.966083,0.311857,-1.03855,2.26936,0.172456,5.39906e-05,-0.00623018,-1.91524,-1.3724,-0.678948,-8.50144e-05,
364,-0.0626427,-0.0413657,0.448134,0.0207011,0.0402,0,-0.262133,-0.0375439,0.46999,0.928668,-0.0945686,-0.0446234,0.355868,-0.32886,0.536409,0.524004,-0.521556,0.307738,-0.649131,0.419433,0.523348,2.34014,-1.00252,0.326263,2.19735,0.111319,-2.41295,6.12377,0.128327,-0.000381887,0.133793,-7.24466,-2.40822,-1.05375,1.89017e-05,
365,-0.0538769,-0.0421346,0.100781,-0.00749498,0.0404622,0,0.164208,0.177431,0.473058,0.953025,-0.0445861,-0.0324795,0.297826,0.0513423,0.54638,0.523875,-0.522516,-0.093578,-0.772857,0.357059,0.523343,2.51324,-1.21858,-0.217736,1.84162,-0.11019,-2.68219,9.06314,0.268411,-0.00157201,-0.0455333,-8.79622,-2.53693,-1.43842,-9.02968e-05,
366,-0.0384465,-0.0425427,-0.221656,-0.0146593,0.0412515,0,0.465225,0.372194,0.482296,0.963039,-0.0590592,-0.0273829,0.261376,0.506702,0.551671,0.523717,-0.524763,-0.482015,-0.856892,0.276075,0.523369,3.47664,-1.28616,1.24494,0.33979,-0.0190548,-1.57691,8.96586,-0.244945,0.00404646,-0.0561538,-6.69305,-0.703599,-1.77043,7.38225e-05,
367,-0.0179829,-0.0413894,-0.248818,-0.0243636,0.0453599,0,0.780866,0.415561,0.530393,0.969784,-0.0268127,-0.0206539,0.241607,0.558012,0.536716,0.523831,-0.528061,-0.553038,-0.822801,0.18128,0.523335,2.81176,-1.16835,0.682474,1.61935,-0.104012,-0.799537,-1.56302,-0.342736,0.00114073,-0.066566,1.8081,2.04129,-1.9966,-0.000177852,
368,0.00339628,-0.0401647,-0.0994223,-0.0164545,0.0471691,0,0.273477,0.313282,0.551579,0.97579,0.0191714,-0.0154252,0.217322,0.437009,0.520835,0.523878,-0.531338,-0.32288,-0.646882,0.0807227,0.523336,2.56571,-1.00997,0.178168,2.03776,-0.300867,-1.30628,-3.26294,-0.0262061,0.000470868,-0.0653563,7.34902,4.97453,-2.02382,-1.87377e-07,
369,0.0229605,-0.0403051,0.115494,0.00301267,0.0471107,0,-0.158011,0.104025,0.550896,0.981187,0.0644934,-0.00695708,0.181838,0.259945,0.522655,0.523882,-0.534708,0.0850076,-0.48634,-0.0171054,0.523344,2.40864,-1.04776,-0.17734,1.39627,0.281543,-1.59361,-3.81649,0.0308651,-0.000145873,-0.0708643,8.95719,-0.489314,-1.88928,0.000159161,
370,0.0396121,-0.0404258,0.264627,0.0240113,0.0454874,0,-0.48665,-0.11965,0.531886,0.985709,0.0910724,0.0108854,0.141298,0.0948424,0.524221,0.523886,-0.538191,0.492626,-0.514664,-0.104944,0.52335,2.31644,-1.02764,-0.379697,-0.21858,1.78002,-2.83274,-2.77252,0.00769792,0.00204641,-0.0824733,7.23399,-0.316005,-1.58412,0.000180628,
371,0.0511502,-0.0407849,0.255462,0.0269599,0.0444954,0,-0.765526,-0.146177,0.520271,0.994179,0.0474621,0.0311302,0.0915783,0.00628106,0.528877,0.52387,-0.541339,0.536908,-0.551973,-0.175317,0.523366,2.29305,-0.666113,-0.335582,-2.14834,0.339433,-1.82505,-0.770318,0.180275,-0.000334111,-0.0515697,-1.87567,-1.17374,-1.23197,-0.000309471,
372,0.0593235,-0.0418368,0.19382,0.00876916,0.0419552,0,-0.25921,-0.0311865,0.490534,0.997846,-0.0111845,0.0368213,0.0531213,0.0149489,0.542517,0.523854,-0.543711,0.306318,-0.635803,-0.226617,0.523355,2.5485,-0.867628,-0.845232,-2.43229,0.396377,-1.43668,1.10233,0.362837,-0.000215014,-0.0438201,-7.30548,-2.16775,-0.822039,-7.45371e-05,
373,0.0650116,-0.0431631,0.127347,-0.0110606,0.0392768,0,0.169412,0.176131,0.459185,0.998709,-0.0254728,0.0210543,0.0385792,0.108534,0.559716,0.523828,-0.546201,-0.0981091,-0.745411,-0.256994,0.523335,1.99718,-1.25865,-0.544815,0.694278,-1.29018,-0.127588,2.59665,0.339098,0.000355243,-0.0533347,-8.85445,-2.22432,-0.386632,5.52662e-05,
374,0.0674494,-0.0437229,0.0459794,-0.0190417,0.0383226,0,0.477353,0.369112,0.448018,0.998408,-0.0309356,0.0127547,0.0454103,0.255281,0.566976,0.523794,-0.549615,-0.492733,-0.812208,-0.264307,0.523356,2.35478,-1.70403,0.871637,-0.260771,0.692605,0.691421,3.16914,-0.265074,0.000571132,-0.0996706,-6.83711,-0.252653,0.0860728,-0.000148003,
375,0.0630808,-0.0424393,-0.00535836,-0.0267633,0.0409609,0,0.773639,0.395795,0.478895,0.998282,-0.0281005,0.0282159,0.0429845,0.418964,0.550331,0.523851,-0.554541,-0.535163,-0.756493,-0.246913,0.523333,2.25446,-1.4247,0.345274,0.306706,0.515692,-0.437321,3.37037,-0.392717,0.000148034,-0.0951159,1.80924,2.45151,0.594352,-0.000161288,
376,0.0514426,-0.0405948,-0.0128781,-0.0192438,0.0412784,0,0.259632,0.288083,0.482611,0.998779,-0.0170202,0.0396678,0.0240377,0.547679,0.526412,0.523859,-0.559201,-0.306335,-0.564268,-0.206078,0.523333,1.97349,-1.20613,-0.190027,0.681569,0.489113,-0.813464,0.085475,-0.562576,-0.000162687,-0.0939032,7.28992,5.21621,1.03195,-5.05679e-05,
377,0.0346256,-0.0401556,0.00647992,-0.000107374,0.039742,0,-0.167021,0.0746674,0.464628,0.997894,-0.00864197,0.0642926,-0.00036048,0.527915,0.520716,0.523852,-0.564131,0.0963025,-0.49311,-0.14587,0.523344,1.79361,-1.2369,-0.548798,0.161453,1.33258,-1.08671,-0.487913,0.0767353,-4.7292e-05,-0.100442,8.80794,-0.779639,1.37247,0.000179456,
378,0.0171054,-0.0403594,-0.002876,0.0311504,0.0390281,0,-0.488248,-0.141679,0.456274,0.997502,-0.0122981,0.0679604,-0.0148507,0.511988,0.52336,0.523819,-0.568817,0.495972,-0.519017,-0.078454,0.523287,0.680313,-1.05791,0.307665,-0.0239848,-1.1686,0.0592796,-0.102734,0.022227,-0.000248925,-0.0897906,7.19068,-0.226759,1.28934,6.68869e-05,
379,0.0044117,-0.04089,0.0231171,0.0282351,0.0391845,0,-0.75742,-0.16301,0.458105,0.999304,-0.0123789,0.033712,0.0101268,0.505604,0.53024,0.523812,-0.572954,0.537465,-0.556017,-0.0141309,0.523339,1.02703,-1.18152,-0.212578,-0.0646301,-1.44667,1.37657,-0.142803,0.24935,0.00044202,-0.0785089,-1.9406,-1.24523,1.30354,0.0005975,
380,-0.00616986,-0.0422218,0.0449314,0.0104229,0.0372753,0,-0.257564,-0.0453462,0.435762,0.998428,-0.0139578,-0.00263979,0.0542226,0.502464,0.547511,0.523821,-0.576673,0.304926,-0.646539,0.0496592,0.52335,1.23363,-1.2737,-0.674008,-0.230842,-1.47222,2.09942,0.0160138,0.438878,1.76389e-05,-0.0704239,-7.31884,-2.3644,1.24985,2.60905e-05,
381,-0.0143003,-0.0434259,-0.0075352,0.00329665,0.0376433,0,0.151552,0.165199,0.440068,0.99346,-0.0231492,0.00968021,0.111386,0.50738,0.563124,0.518888,-0.576072,-0.0868738,-0.760491,0.108855,0.523344,2.27575,-1.12986,0.811284,0.232838,0.990403,2.48898,0.144,0.129569,-0.0577073,0.0503139,-8.40322,-2.17817,1.11879,5.76031e-05,
382,-0.0206994,-0.0439572,-0.138548,-0.0236679,0.0399837,0,0.460823,0.362779,0.467458,0.984827,-0.0166399,0.0349503,0.169166,0.513116,0.570015,0.523066,-0.573535,-0.469308,-0.836213,0.161041,0.523333,2.20328,-1.09563,0.283337,0.420518,0.869438,2.24658,0.0860817,0.147373,0.222285,0.0512633,-6.90553,-0.862541,0.969344,-0.000142758,
383,-0.0268994,-0.0441961,-0.199154,-0.0294076,0.0402561,0,0.806437,0.400908,0.470646,0.976093,-0.00311802,0.0548856,0.210286,0.492748,0.573112,0.524654,-0.570955,-0.550626,-0.811745,0.205114,0.52333,1.57273,-0.76346,0.170162,-0.252871,-0.370548,1.28806,-0.900137,-0.0262392,-0.0265918,0.0627948,1.61647,1.81859,0.791954,0.000774921,
384,-0.0324795,-0.043696,-0.103685,-0.0211074,0.040253,0,0.27538,0.294321,0.47061,0.971432,-0.00480156,0.0360986,0.234506,0.412975,0.566627,0.523929,-0.567746,-0.325072,-0.649388,0.239196,0.52333,1.20432,-0.626475,-0.269564,-0.0305677,-0.777331,0.650956,-2.27855,-0.231056,-0.00429284,0.0619264,7.35394,4.65499,0.57452,-0.000224416,
385,-0.0365502,-0.0425157,0.117907,-0.002376,0.0381138,0,-0.156674,0.0764072,0.445575,0.968807,-0.00442048,0.0210075,0.246885,0.283033,0.551321,0.523848,-0.564867,0.0834047,-0.494797,0.261752,0.523329,1.01488,-0.752059,-0.700914,-0.463222,-0.255305,0.404279,-2.91488,-0.383874,-0.000418386,0.0519043,8.97504,-0.279481,0.33046,5.30006e-05,
386,-0.0372443,-0.0410095,0.346199,0.0173796,0.0341351,0,-0.490232,-0.155234,0.399023,0.965064,-0.0105434,0.0110043,0.261571,0.162628,0.531789,0.523821,-0.562337,0.492731,-0.5163,0.271096,0.523336,0.977274,-0.956141,-1.03594,0.712506,-0.687555,1.30821,-1.85345,-0.427263,-0.000824436,0.0441999,7.39952,-0.257779,0.0253641,-9.25321e-05,
387,-0.0328845,-0.0401703,0.398178,0.0357617,0.0320704,0,-0.787768,-0.18635,0.37487,0.956944,-0.00182437,0.00124031,0.290264,0.134762,0.520908,0.520036,-0.554779,0.540041,-0.555724,0.265278,0.523306,0.77431,0.0128856,0.517605,-0.513299,0.324189,0.368376,0.69504,0.0438133,-0.15995,0.321232,-1.72042,-1.26128,-0.237287,0.000280004,
388,-0.0276059,-0.0406501,0.265937,0.0232855,0.0350539,0,-0.272223,-0.0592862,0.409772,0.953581,-0.0176641,-0.0023911,0.300607,0.236064,0.527129,0.517052,-0.535838,0.317731,-0.648352,0.247575,0.523352,1.37438,0.0981514,0.525941,-0.768225,-0.11616,0.565562,3.41535,0.242716,0.0507455,0.380962,-7.21422,-2.48393,-0.469499,0.000328665,
389,-0.0199403,-0.0414978,-0.0162657,0.0128107,0.038205,0,0.14659,0.163076,0.446641,0.949241,-0.0376826,-0.0260107,0.311198,0.446,0.538122,0.524934,-0.52101,-0.0794931,-0.7752,0.219941,0.523384,2.32493,0.0775571,1.71033,-1.54293,-1.32154,0.399487,4.83681,0.00733647,0.0979011,0.0149466,-8.53853,-2.3914,-0.63443,0.000974311,
390,-0.0100861,-0.041682,-0.283367,-0.0141822,0.0445245,0,0.465734,0.375553,0.520612,0.941078,-0.0622153,-0.0640875,0.326181,0.559092,0.540511,0.524457,-0.523158,-0.469866,-0.861336,0.185029,0.523352,1.98779,-0.0232963,1.22422,-1.32254,-1.00469,0.955022,-0.719627,0.0927615,-0.024448,-0.0538458,-7.08806,-1.06879,-0.762875,-0.000554532,
391,0.000202868,-0.041853,-0.317808,-0.0248552,0.0484158,0,0.799179,0.423279,0.566179,0.933465,-0.0779372,-0.0951551,0.33692,0.473225,0.542728,0.523913,-0.525892,-0.552315,-0.84451,0.146442,0.523338,1.66331,0.119407,0.629818,-0.628235,-0.813668,0.260468,-2.70721,-0.00381121,-0.00267987,-0.0367079,1.67152,1.71335,-0.787193,-0.000369968,
392,0.00973319,-0.0415026,-0.129317,-0.0177017,0.05003,0,0.275699,0.322719,0.585087,0.931445,-0.0780337,-0.100198,0.340999,0.283362,0.538184,0.523898,-0.525483,-0.325414,-0.683624,0.108134,0.52333,1.34673,0.17074,0.0690424,0.254688,-0.164217,-0.0714837,-4.86237,-0.178375,0.000189967,0.0123165,7.35379,4.70753,-0.742087,0.000166601,
393,0.0173557,-0.0405587,0.212506,0.000896143,0.0492314,0,-0.15635,0.111744,0.575733,0.933689,-0.0719499,-0.0996986,0.336317,0.0228048,0.525944,0.523897,-0.525001,0.0830763,-0.486538,0.0740167,0.52334,1.16444,0.0778825,-0.375711,-0.10777,0.432341,-0.330088,-5.55593,-0.317568,-6.44326e-05,0.0105006,8.97477,0.0117995,-0.621618,2.9447e-05,
394,0.0229494,-0.0402426,0.495652,0.0204896,0.0469221,0,-0.490625,-0.115153,0.548686,0.937434,-0.079901,-0.0844899,0.32817,-0.209865,0.521845,0.523892,-0.523611,0.492663,-0.512664,0.046915,0.523346,1.30727,-0.0264791,-0.728104,-0.121273,0.860077,-0.24404,-3.76437,0.0470395,-0.000121757,0.0394345,7.42133,-0.377281,-0.464209,0.000140703,
395,0.0280273,-0.0407087,0.541063,0.0199073,0.0432829,0,-0.761269,-0.150494,0.506075,0.936704,-0.0903794,-0.062155,0.332497,-0.304296,0.527889,0.523858,-0.523375,0.537919,-0.552127,0.0274325,0.523352,1.80375,0.092252,-1.03858,-0.119896,0.978934,0.335729,-0.032861,0.193706,0.000420461,-0.00591974,-1.91186,-1.19637,-0.29912,0.000112305,
396,0.0301812,-0.0416587,0.406645,0.0137108,0.0392919,0,-0.261163,-0.0400996,0.459361,0.938511,-0.0826463,-0.0390714,0.332926,-0.210754,0.540208,0.523891,-0.523441,0.307111,-0.637768,0.0185519,0.523352,2.17199,-0.612778,-0.36125,2.41056,-0.089088,-0.879262,3.61581,0.25934,0.00189868,0.00277292,-7.25922,-2.20852,-0.0293336,4.53126e-05,
397,0.0267663,-0.0427757,0.102825,-0.0100197,0.0370381,0,0.161222,0.166794,0.432987,0.949933,-0.0278199,-0.0255676,0.310161,0.0382815,0.554694,0.523744,-0.523508,-0.0935051,-0.751979,0.022976,0.523353,2.6692,-0.78075,-0.467668,-0.619443,0.791885,0.360919,6.31699,0.291802,-0.0250329,-0.00203791,-8.59868,-2.28944,0.164518,0.00209376,
398,0.0242073,-0.0419769,-0.218601,-0.0107677,0.041144,0,0.454677,0.366426,0.481038,0.94711,-0.051312,-0.0276309,0.315572,0.352814,0.544335,0.523884,-0.524132,-0.470245,-0.810153,0.0361136,0.523379,3.38445,-0.90718,1.56382,-0.29641,-0.126365,-0.179661,6.38701,-0.484328,0.000747065,-0.0218971,-6.64699,-0.271341,0.366392,-0.00122603,
399,0.0178052,-0.0401257,-0.308139,-0.0211571,0.046557,0,0.81563,0.416915,0.544411,0.950571,-0.047675,-0.0308189,0.305275,0.558728,0.52033,0.523867,-0.525363,-0.548982,-0.75608,0.0585544,0.523338,2.87849,-0.777978,0.976851,0.449069,-0.148659,-0.182834,-0.0760397,-0.189674,-0.00100792,-0.0282118,1.55026,2.40899,0.516022,-0.000255599,
400,0.0100622,-0.0402422,-0.164532,-0.0142172,0.0495284,0,0.275633,0.321188,0.579212,0.954195,-0.0282668,-0.0311396,0.296215,0.495108,0.52184,0.523884,-0.526797,-0.325216,-0.562014,0.087171,0.523343,2.57033,-0.705632,0.412379,0.967676,-0.265341,-0.707717,-2.36376,0.0560275,0.000449919,-0.0296107,7.34917,5.33188,0.630561,0.000102989,
401,0.000208458,-0.040353,0.102059,0.00494875,0.0504972,0,-0.156499,0.115672,0.590561,0.96053,-0.0145167,-0.0220181,0.276924,0.349915,0.523277,0.52389,-0.528573,0.0831926,-0.490956,0.120189,0.523348,2.38133,-0.801476,0.0241376,0.388216,0.518901,-0.874927,-3.43564,0.00995503,-1.13964e-05,-0.0391299,8.97759,-0.842844,0.686774,5.94759e-05,
402,-0.00974456,-0.0404454,0.332358,0.0233686,0.0496054,0,-0.490725,-0.106781,0.580114,0.966129,-0.00916558,-0.00804047,0.257773,0.200688,0.524475,0.52389,-0.530439,0.49283,-0.517423,0.153686,0.523351,2.49059,-0.879868,-0.44438,0.308551,0.458511,-0.71549,-2.54033,0.0384746,5.98487e-06,-0.0353133,7.41999,-0.227351,0.653038,4.60727e-05,
403,-0.0164937,-0.0409237,0.370448,0.0211442,0.0467106,0,-0.760514,-0.13978,0.546209,0.965954,-0.00624887,-0.00156123,0.258633,0.136291,0.530678,0.523876,-0.531856,0.537911,-0.548053,0.182457,0.523356,2.98162,-0.803201,-0.916245,0.0942446,0.0994909,0.253945,-0.0455463,0.207728,0.000315453,-0.0241537,-1.91773,-0.992493,0.517712,-5.07909e-05,
404,-0.0206035,-0.0420024,0.255383,0.00323341,0.0417799,0,-0.258945,-0.0316612,0.488482,0.963024,-0.00677374,-0.00186318,0.269324,0.201081,0.544665,0.52387,-0.53286,0.306161,-0.622038,0.204425,0.523354,3.31872,-0.809137,-1.39144,-0.158962,-0.105707,0.628886,2.61567,0.349442,-0.000172385,-0.0162055,-7.31004,-1.9567,0.363269,-2.75053e-05,
405,-0.0218794,-0.0431611,-0.000721674,-0.00794219,0.0356845,0,0.163665,0.163841,0.417149,0.95716,-0.0217885,-0.00435575,0.288705,0.374055,0.559691,0.523834,-0.533753,-0.0958845,-0.720317,0.218268,0.523359,3.87577,-0.741976,-0.249044,-1.06042,0.570418,1.42293,4.15462,-0.0966314,-0.000947077,-0.04113,-8.60684,-1.62574,0.178667,0.000981571,
406,-0.0197763,-0.0413484,-0.282407,-0.0222121,0.0382158,0,0.470088,0.363381,0.446768,0.947,-0.0172929,0.0247205,0.319815,0.550525,0.536184,0.523821,-0.53734,-0.481072,-0.751998,0.223018,0.523339,3.80071,-0.800374,0.493024,0.948486,1.15895,1.62095,0.838959,-0.545238,-0.000663807,-0.0778566,-6.9075,0.0487199,0.00338491,-0.000478838,
407,-0.0164665,-0.0400691,-0.336651,-0.0240108,0.0402317,0,0.775901,0.402514,0.47036,0.937726,-0.00434159,0.0404904,0.34498,0.512886,0.519595,0.523853,-0.540793,-0.554329,-0.682981,0.220092,0.523351,2.67035,-0.707926,0.724573,-0.499469,-1.03852,0.68598,-1.81253,0.0568646,7.28887e-05,-0.050686,1.85019,2.69047,-0.120396,0.000351682,
408,-0.0132454,-0.0403033,-0.161278,-0.0160278,0.0421615,0,0.273907,0.298981,0.492948,0.934334,-0.000984115,0.0126095,0.356173,0.363684,0.522632,0.523859,-0.543302,-0.323253,-0.493397,0.211433,0.523349,2.32483,-0.684139,0.222436,-0.327589,-0.827571,0.191427,-4.13768,0.0330796,-2.73528e-05,-0.0536156,7.34568,1.84164,-0.220088,-0.000164317,
409,-0.00986815,-0.0403621,0.18293,0.00203415,0.042122,0,-0.157995,0.0883235,0.492486,0.933217,-0.00691339,-0.00576276,0.359201,0.132532,0.523395,0.523855,-0.546079,0.0848713,-0.506745,0.198548,0.523347,2.17676,-0.795868,-0.273281,-0.478361,-0.547197,0.0891639,-5.10021,0.00453044,-5.63874e-05,-0.05539,8.96642,-0.525315,-0.296698,2.25291e-05,
410,-0.00574025,-0.040402,0.489056,0.0197179,0.039801,0,-0.490951,-0.138059,0.46532,0.931817,-0.0130393,-0.0243357,0.361877,-0.0831598,0.523912,0.52385,-0.548688,0.493694,-0.520718,0.182353,0.523351,2.34877,-0.88716,-0.810154,-0.512631,-0.660828,0.147181,-3.54004,0.0167157,-6.6465e-05,-0.0490186,7.39891,-0.105469,-0.351043,4.56724e-05,
411,-0.000459884,-0.0407486,0.537401,0.0221619,0.0362927,0,-0.760959,-0.172382,0.424266,0.92895,-0.00992769,-0.0150985,0.369763,-0.167646,0.528407,0.523712,-0.547747,0.538242,-0.550964,0.163588,0.523327,2.79673,-0.543021,-0.817485,1.16536,1.42453,-0.0366345,0.141411,0.160558,0.0221365,0.0876834,-1.91535,-1.09626,-0.380766,0.000144022,
412,0.00463928,-0.0415198,0.388266,0.0215904,0.0334415,0,-0.266016,-0.0595269,0.390909,0.926923,-0.0135181,0.00439343,0.374983,-0.0639127,0.538407,0.523868,-0.542937,0.308629,-0.634723,0.14442,0.523382,2.91987,-0.158939,0.409214,-2.15415,-1.37437,0.742259,3.92778,0.133676,-0.00231696,0.119334,-7.13195,-2.16593,-0.398526,0.00227031,
413,0.00941665,-0.0418838,0.049219,0.0058934,0.0376973,0,0.150415,0.163151,0.440701,0.924157,-0.0300114,-0.0211008,0.380247,0.191167,0.543127,0.523783,-0.529083,-0.082644,-0.747955,0.126625,0.523354,3.34813,-0.267641,1.04427,-0.338474,-0.352696,-0.201063,6.33799,0.129198,0.00081766,0.340637,-8.58528,-2.40503,-0.315369,-0.000499018,
414,0.0126096,-0.0423956,-0.3154,-0.0202313,0.0414375,0,0.466847,0.368261,0.484473,0.923453,-0.0486899,-0.0314568,0.379307,0.509103,0.549764,0.523821,-0.521084,-0.472446,-0.833918,0.112781,0.523343,3.28662,-0.250035,0.640657,-0.816532,-0.0144294,-0.112074,6.38442,0.144364,0.00067993,-0.0509059,-7.05002,-1.06089,-0.233505,-0.000163208,
415,0.0158409,-0.0426191,-0.381779,-0.0301222,0.0430708,0,0.793716,0.409432,0.503592,0.920324,-0.0451024,-0.0289684,0.387467,0.54281,0.552662,0.52385,-0.524211,-0.552888,-0.817984,0.102752,0.523329,2.6676,-0.297051,0.11212,0.618509,-0.0414149,0.363522,-1.51391,-0.0182169,0.000360768,-0.0642063,1.71225,1.67278,-0.153467,0.000166704,
416,0.0173849,-0.0421365,-0.194457,-0.022889,0.0423524,0,0.275548,0.300448,0.495182,0.919322,-0.0247609,-0.0220703,0.392106,0.399976,0.546404,0.52387,-0.52742,-0.325116,-0.66119,0.0982837,0.523332,2.3407,-0.282627,-0.445469,1.09757,-0.0653426,-0.0580381,-4.17746,-0.23181,0.000248261,-0.0649824,7.34886,4.5782,-0.0243532,-1.76235e-05,
417,0.0164503,-0.0409142,0.177286,-0.00377259,0.0394913,0,-0.156234,0.0809629,0.461695,0.921498,-0.00238778,-0.00918289,0.388266,0.16099,0.530554,0.52386,-0.530774,0.0830522,-0.475914,0.100538,0.523337,2.15507,-0.4091,-0.836962,0.618225,0.571182,-0.272195,-5.37321,-0.408102,-0.000345429,-0.0715987,8.96746,-0.30386,0.115406,0.00012709,
418,0.0138047,-0.0401447,0.499446,0.0149027,0.0350018,0,-0.49023,-0.152313,0.409163,0.923854,0.00370406,0.00878295,0.382627,-0.0690144,0.520576,0.523839,-0.534228,0.492308,-0.511582,0.109203,0.523348,2.32491,-0.468365,-1.27841,0.458678,0.504229,-0.21965,-3.8395,0.0594169,-0.00019892,-0.0658551,7.41515,-0.501666,0.229453,0.000117048,
419,0.0117392,-0.0404156,0.550985,0.0352751,0.0318144,0,-0.764059,-0.185741,0.371875,0.92033,-0.0052977,-0.00576541,0.391065,-0.163383,0.524089,0.522716,-0.534498,0.537353,-0.562437,0.121583,0.523336,1.41211,0.109842,0.484477,0.0060102,0.473972,0.556889,0.139906,-0.000559745,-0.0822205,0.096262,-1.88837,-1.42725,0.269418,4.79738e-05,
420,0.00972711,-0.0407515,0.404299,0.0242831,0.0351299,0,-0.269982,-0.056641,0.410661,0.913587,-0.0198907,-0.00697683,0.406097,-0.0593378,0.528444,0.520268,-0.527192,0.313251,-0.662101,0.13662,0.523364,2.0304,0.295909,0.64962,-0.885823,-0.10882,0.686315,4.02592,0.199599,0.0534304,0.154805,-7.14374,-2.61031,0.33545,-6.95442e-05,
421,0.00612964,-0.041558,0.0396832,0.00978677,0.0381807,0,0.149345,0.164371,0.446357,0.908631,-0.0405706,-0.033225,0.414294,0.207412,0.538902,0.525381,-0.522623,-0.0821078,-0.796153,0.155337,0.523385,2.77339,0.327389,1.42606,-2.4337,-1.29602,0.249702,6.52946,0.0556268,-0.011239,-0.0123205,-8.55086,-2.56905,0.411519,0.00107904,
422,0.000823045,-0.041672,-0.346393,-0.014043,0.044356,0,0.465872,0.375748,0.518639,0.905461,-0.0673856,-0.0742155,0.412422,0.531333,0.540381,0.524154,-0.523497,-0.471289,-0.888782,0.176841,0.523349,2.62291,0.278993,1.24593,-1.32715,-0.787966,-0.0156627,5.35327,0.0541035,-0.015383,-0.0201378,-7.04712,-1.18737,0.439578,-0.000569682,
423,-0.00392011,-0.0417005,-0.404636,-0.025191,0.0482227,0,0.796741,0.422851,0.563919,0.90081,-0.0806724,-0.0985638,0.415113,0.537429,0.54075,0.523879,-0.524824,-0.55249,-0.877762,0.19797,0.523335,2.10754,0.256508,0.59759,-0.616,-0.727598,0.0651682,-1.78151,-0.0397724,-0.000865821,-0.0275282,1.68938,1.60361,0.41392,0.000111593,
424,-0.00849936,-0.0412133,-0.201673,-0.0181313,0.0496171,0,0.275467,0.321414,0.580251,0.899781,-0.0804037,-0.106067,0.415547,0.377049,0.534433,0.523895,-0.524544,-0.325157,-0.722224,0.217423,0.523331,1.77393,0.237496,0.0251401,0.2717,-0.0932388,-0.144729,-4.607,-0.213357,0.000263458,0.0179031,7.35356,4.59982,0.367241,0.000125394,
425,-0.012886,-0.0402178,0.194951,0.000613955,0.0485678,0,-0.156368,0.109588,0.567961,0.90301,-0.0708981,-0.102364,0.411178,0.115736,0.521524,0.523899,-0.523607,0.0831952,-0.474521,0.233968,0.523338,1.56068,0.101371,-0.404263,0.24058,0.691744,-0.258783,-5.83982,-0.116363,8.52617e-05,0.0350891,8.96697,1.27129,0.297482,-0.000152404,
426,-0.0165076,-0.0403001,0.529872,0.0199843,0.0461364,0,-0.490186,-0.117454,0.539485,0.907173,-0.079769,-0.083824,0.404533,-0.133903,0.522591,0.523885,-0.5234,0.492335,-0.504073,0.2463,0.52335,1.71711,0.0599932,-0.776229,-0.150002,0.832681,-0.187754,-4.15872,0.0451906,-0.0001678,-0.00544118,7.41194,-0.658251,0.195049,0.000189904,
427,-0.0171925,-0.0407518,0.58194,0.0196425,0.0422662,0,-0.762229,-0.153603,0.494173,0.904746,-0.0927891,-0.063845,0.41079,-0.241409,0.528448,0.52385,-0.523533,0.537804,-0.557668,0.251918,0.523351,2.19659,0.29365,-1.06412,-0.0461309,1.07683,0.404362,-0.163275,0.187918,0.000367393,-0.00150821,-1.90401,-1.48,0.0485404,2.00521e-05,
428,-0.0169736,-0.0416561,0.429033,0.0126119,0.0391534,0,-0.261191,-0.0406872,0.45774,0.907079,-0.0653926,-0.0434775,0.413571,-0.148726,0.540175,0.523888,-0.523479,0.307384,-0.657306,0.252213,0.523355,2.66506,-0.400028,-0.47139,2.44217,-0.37665,-0.518176,3.8152,0.265909,6.62526e-05,-0.000376566,-7.26776,-2.49699,-0.0297468,0.000158294,
429,-0.0158914,-0.0427747,0.0613915,-0.00598937,0.0366393,0,0.158527,0.164724,0.42832,0.909869,-0.0315311,-0.0258061,0.412889,0.114754,0.55468,0.523679,-0.523526,-0.0919141,-0.785046,0.247361,0.523365,3.31677,-0.270354,-0.0782383,-1.63265,0.647441,1.26238,6.6201,0.172669,-0.00542306,-0.00126826,-8.52649,-2.45122,-0.181433,0.00228088,
430,-0.0126065,-0.0413531,-0.328323,-0.01091,0.0426866,0,0.457564,0.370587,0.499095,0.905179,-0.0467005,-0.0334627,0.421129,0.436589,0.536246,0.523778,-0.524495,-0.470047,-0.848266,0.237143,0.523368,3.69362,-0.320215,1.54865,-0.268115,-0.0359853,0.0871515,6.45238,-0.502631,0.00216366,-0.0268419,-6.75823,-0.492209,-0.248735,-0.00111375,
431,-0.0087559,-0.0401616,-0.413261,-0.0213864,0.0479986,0,0.810785,0.421038,0.561294,0.903995,-0.0419641,-0.0311583,0.424336,0.547995,0.520794,0.523852,-0.526082,-0.549723,-0.804249,0.222345,0.523338,3.14861,-0.331606,0.958311,0.576493,-0.0425256,0.240374,-0.840841,0.0277465,0.000485372,-0.0340768,1.58456,2.22871,-0.342222,-5.67186e-06,
432,-0.00420542,-0.0403211,-0.223866,-0.0143731,0.0508846,0,0.275635,0.325037,0.595099,0.903908,-0.0217717,-0.0240275,0.426497,0.432304,0.522863,0.52389,-0.527827,-0.325154,-0.618204,0.204147,0.523343,2.8013,-0.346133,0.396616,1.1179,-0.0993316,-0.159714,-3.76269,0.0245588,0.000458838,-0.0364414,7.34686,5.19171,-0.383139,3.96739e-05,
433,-0.000226271,-0.0403638,0.167568,0.00499437,0.0517368,0,-0.156156,0.119702,0.605083,0.90701,-0.00367935,-0.00950621,0.420985,0.208147,0.523416,0.523897,-0.529865,0.0829542,-0.48046,0.184999,0.523347,2.61837,-0.491604,0.0299778,0.54413,0.627634,-0.303448,-5.19323,0.00321357,-7.60637e-05,-0.045622,8.96884,-0.823079,-0.383063,7.2748e-05,
434,0.00359123,-0.0404228,0.508735,0.0234821,0.0509,0,-0.490234,-0.102401,0.595279,0.909799,0.000646106,0.0090462,0.41495,-0.0148875,0.524182,0.523896,-0.532038,0.492282,-0.514318,0.166302,0.523352,2.78611,-0.532686,-0.430099,0.413447,0.552362,-0.227779,-3.73964,0.0287975,2.30877e-05,-0.0409347,7.41629,-0.33707,-0.365388,5.96259e-05,
435,0.0088829,-0.0408652,0.561798,0.0210257,0.0480015,0,-0.762248,-0.135683,0.561328,0.905426,0.00295491,0.0187159,0.42408,-0.105742,0.529919,0.523885,-0.533697,0.537808,-0.549512,0.148033,0.523357,3.29005,-0.327924,-0.927389,0.121605,0.191532,0.507868,0.084981,0.199103,0.000343042,-0.0282047,-1.90387,-1.06587,-0.347253,-4.689e-05,
436,0.0138887,-0.0419093,0.399717,0.00288334,0.0429693,0,-0.259475,-0.0280849,0.502404,0.899258,0.00176237,0.0200661,0.436954,0.000241965,0.543458,0.523879,-0.534861,0.306562,-0.626363,0.132601,0.523355,3.67388,-0.233106,-1.42828,-0.193939,-0.035244,0.627961,4.12199,0.339643,-0.000150795,-0.0184964,-7.30402,-1.99805,-0.270006,-1.7819e-05,
437,0.0177543,-0.0431911,0.000308067,-0.0216023,0.0360082,0,0.166728,0.165227,0.420937,0.892786,-0.0105442,0.0156231,0.450086,0.273953,0.56008,0.523855,-0.535721,-0.0966136,-0.728385,0.122077,0.523353,3.9069,0.066563,-1.59524,-2.22775,0.910213,0.937806,6.79679,0.30395,-0.00117433,-0.0213929,-8.76553,-2.06129,-0.164174,0.000515771,
438,0.0203537,-0.0416264,-0.401514,-0.019955,0.037282,0,0.470046,0.361386,0.435841,0.884808,-0.0161718,0.0357386,0.464302,0.560642,0.53979,0.523828,-0.538877,-0.482339,-0.768531,0.117354,0.523345,4.19672,0.0589039,0.723262,0.522602,0.536543,1.0362,1.46655,-0.635649,-0.00108265,-0.072718,-6.86678,-0.0131053,-0.0394018,-0.000454424,
439,0.0213772,-0.0400923,-0.454498,-0.0263118,0.0404301,0,0.775044,0.40311,0.472683,0.877216,-0.0104427,0.0320912,0.478908,0.511912,0.519897,0.523843,-0.542105,-0.554474,-0.702866,0.119432,0.523338,3.48324,-0.0267038,0.497844,0.388974,-0.361989,0.476514,-2.49959,0.037545,-9.39859e-05,-0.0637748,1.85731,2.61766,0.116757,1.28064e-05,
440,0.0197152,-0.0403035,-0.220529,-0.0183414,0.0414369,0,0.273979,0.296876,0.484466,0.87388,0.00876657,0.0310716,0.485069,0.307788,0.522634,0.523856,-0.545295,-0.323258,-0.501125,0.129119,0.523344,3.11205,-0.0928731,-0.00624155,0.803386,-0.310445,0.0805824,-5.64,0.0323641,0.000196826,-0.0657482,7.34304,4.34548,0.272435,3.93403e-05,
441,0.0156296,-0.0403608,0.245326,0.000964496,0.0407319,0,-0.157798,0.0840106,0.476214,0.873408,0.0167387,0.0402185,0.485037,-0.00741911,0.523378,0.523852,-0.548844,0.0847038,-0.498716,0.146297,0.523347,2.97973,-0.214351,-0.378052,0.403545,0.298201,-0.00852492,-6.95689,0.00431646,-7.36837e-05,-0.0719547,8.96375,-0.752703,0.409454,5.91991e-05,
442,0.0100197,-0.0403901,0.615902,0.0216995,0.0387451,0,-0.49125,-0.141408,0.452963,0.874626,0.0151181,0.0285638,0.48372,-0.30247,0.523758,0.523847,-0.551836,0.493782,-0.520087,0.169324,0.523358,2.80885,-0.368246,-0.614739,-0.792671,-0.909418,-0.113895,-4.86145,0.0115177,-0.000117394,-0.0496404,7.41027,-0.148792,0.51018,-8.03114e-05,
443,0.00491408,-0.0407481,0.668051,0.0187883,0.0349208,0,-0.758926,-0.176554,0.408215,0.86963,0.0061344,-0.00786743,0.493604,-0.42865,0.5284,0.523824,-0.553909,0.538109,-0.553396,0.195123,0.523358,3.3183,-0.139511,-1.15027,-1.23334,-1.16911,0.496373,-0.212395,0.171655,0.000202002,-0.03604,-1.93087,-1.17472,0.53954,-8.44136e-05,
444,-0.001739,-0.041541,0.510002,0.0230249,0.0332875,0,-0.271625,-0.0622557,0.389107,0.86989,-0.0174279,0.00658119,0.492894,-0.318383,0.538682,0.521736,-0.54801,0.312804,-0.639935,0.222799,0.523356,3.30654,-0.0666624,0.527707,-1.02264,-0.574017,0.15226,4.54282,0.2145,0.020691,0.167952,-7.06972,-2.26633,0.559182,0.00200783,
445,-0.0088512,-0.0422886,0.102509,0.0105868,0.037409,0,0.143261,0.159227,0.437327,0.871633,-0.0345895,-0.0297742,0.48803,-0.00948179,0.548377,0.524414,-0.536035,-0.076869,-0.758635,0.250592,0.523365,3.9431,-0.0107671,1.47585,-0.628328,-0.411877,-0.752282,7.7532,0.156282,-0.00692986,0.381034,-8.49198,-2.47949,0.556802,-0.000887743,
446,-0.0170987,-0.0429942,-0.348127,-0.0159857,0.0427025,0,0.461105,0.368387,0.499282,0.881831,-0.0403202,-0.0451363,0.467665,0.38752,0.557526,0.523932,-0.521322,-0.465219,-0.849622,0.276388,0.52334,3.8321,-0.0497592,1.01998,-0.520621,-0.189744,-1.04705,8.1215,0.206955,-0.00491018,0.0213437,-7.04705,-1.1615,0.475088,-0.000211026,
447,-0.0240894,-0.0435465,-0.436824,-0.0268366,0.0458101,0,0.814245,0.415635,0.535665,0.892946,-0.0448085,-0.0465503,0.445502,0.570146,0.564689,0.523855,-0.523177,-0.550534,-0.837867,0.296118,0.523327,3.21544,-0.154717,0.423923,0.131661,0.142103,-0.660054,-0.950072,0.0853842,-0.000255067,-0.0477218,1.56303,1.59105,0.308623,8.36836e-05,
448,-0.0284219,-0.0435022,-0.229199,-0.0200658,0.0463726,0,0.276406,0.312632,0.542252,0.902067,-0.0354145,-0.0407526,0.428205,0.444773,0.564114,0.523878,-0.525581,-0.326263,-0.683975,0.306793,0.523328,2.87451,-0.155758,-0.159924,0.720676,0.0654684,-0.958199,-4.0395,-0.108341,0.000415942,-0.0491322,7.35684,4.54302,0.12141,-3.7888e-05,
449,-0.0309971,-0.0427875,0.16543,-0.00112863,0.0446607,0,-0.15579,0.0976517,0.522206,0.913437,-0.0196663,-0.0298014,0.405411,0.206139,0.554847,0.523879,-0.528116,0.0824414,-0.476804,0.30767,0.52333,2.66855,-0.245319,-0.57226,0.34162,0.570106,-1.07686,-5.49484,-0.269611,-0.000260581,-0.0549396,8.97947,0.0926701,-0.0817527,6.49931e-05,
450,-0.0311662,-0.0417237,0.489806,0.0175848,0.0413159,0,-0.490458,-0.132572,0.483051,0.923885,-0.0204537,-0.0147582,0.381838,-0.0320041,0.541051,0.523865,-0.530753,0.49229,-0.509594,0.298077,0.523338,2.81701,-0.245927,-1.01319,0.149496,0.545062,-0.962175,-4.04247,-0.279016,-0.000108379,-0.0498128,7.42704,-0.489662,-0.301038,9.49588e-05,
451,-0.0267916,-0.0409221,0.534978,0.0154226,0.0359978,0,-0.761848,-0.173088,0.420815,0.926652,-0.0243043,-0.00794588,0.37505,-0.141099,0.530656,0.523838,-0.532847,0.537847,-0.557796,0.276692,0.523349,3.33076,-0.067941,-1.48152,-0.17582,0.20194,-0.148006,-0.340904,-0.137843,0.000170564,-0.03682,-1.90711,-1.43132,-0.534695,1.60425e-05,
452,-0.0176711,-0.0403343,0.395778,0.0259727,0.0336955,0,-0.272551,-0.0604292,0.393881,0.921115,-0.0127343,-8.05332e-05,0.389083,-0.0599377,0.523035,0.522664,-0.530515,0.311816,-0.655069,0.244442,0.523379,3.52743,0.172594,0.824716,-1.01113,0.0534391,1.04729,3.46302,-0.0867769,0.00336243,0.130307,-7.00505,-2.414,-0.738797,0.00164213,
453,-0.00644776,-0.0403859,0.0533332,0.00563199,0.0374741,0,0.144771,0.159606,0.438089,0.91166,-0.0392027,-0.0267615,0.408195,0.178219,0.523703,0.524255,-0.523712,-0.0772056,-0.780519,0.205578,0.52338,3.91572,0.187001,0.988045,-1.50262,-0.822844,0.607766,6.05909,0.0320281,-0.00829656,0.132997,-8.56478,-2.56266,-0.814536,-0.000542864,
454,0.00418827,-0.0403498,-0.335688,-0.0141793,0.0421645,0,0.463076,0.368075,0.492984,0.905291,-0.0589148,-0.0513608,0.41754,0.48228,0.523235,0.523897,-0.523105,-0.467737,-0.869423,0.164923,0.523351,3.78048,0.118008,1.2126,-0.529622,0.0591298,0.210437,6.08096,0.00506882,-0.00297028,-0.0385968,-7.04665,-0.995322,-0.808939,-0.000756326,
455,0.0141485,-0.0403667,-0.414979,-0.0251665,0.0459662,0,0.806613,0.416395,0.537493,0.902158,-0.0626592,-0.0489031,0.42402,0.55207,0.523455,0.523859,-0.525294,-0.551315,-0.850439,0.125853,0.52334,3.23652,0.0885396,0.593442,0.207408,0.104051,0.342956,-1.35923,0.00217615,-4.5902e-05,-0.0453488,1.61692,1.73052,-0.751434,0.00018605,
456,0.0226918,-0.0403668,-0.219464,-0.0182563,0.0472658,0,0.276104,0.314984,0.552712,0.901012,-0.0526321,-0.0423595,0.4285,0.410764,0.523455,0.523881,-0.527581,-0.325813,-0.689561,0.091862,0.523344,2.90381,0.0674457,0.0164412,0.75052,0.0340912,-0.0340684,-4.26914,-0.00049275,0.000357518,-0.0468765,7.35234,4.68339,-0.607248,-1.56243e-05,
457,0.0283758,-0.040367,0.182037,0.000705393,0.0463216,0,-0.155853,0.102818,0.541655,0.903666,-0.0374531,-0.030783,0.425484,0.162755,0.523458,0.523883,-0.530022,0.0825945,-0.476484,0.0666178,0.523347,2.71507,-0.0764589,-0.391869,0.353807,0.605169,-0.24953,-5.64109,-0.00022381,-0.000247642,-0.0537907,8.97265,0.1155,-0.401358,0.00012565,
458,0.0311644,-0.040374,0.527138,0.0194666,0.043761,0,-0.490293,-0.124839,0.511672,0.906741,-0.0400646,-0.0144438,0.419532,-0.0794667,0.523549,0.523872,-0.532618,0.492177,-0.509374,0.0522749,0.523352,2.88972,-0.122275,-0.826517,0.104707,0.612574,-0.228724,-4.06038,0.00153518,-6.76689e-05,-0.0491949,7.42318,-0.49334,-0.175398,4.54827e-05,
459,0.0329531,-0.0406567,0.580842,0.0173001,0.0392384,0,-0.762441,-0.163032,0.458736,0.902787,-0.0462117,-0.00617045,0.427554,-0.182612,0.527214,0.523852,-0.534684,0.537826,-0.556317,0.0482499,0.523357,3.3966,0.0692937,-1.2958,-0.225459,0.271269,0.44803,-0.086935,0.143742,0.000235332,-0.0361598,-1.90243,-1.3783,0.031652,-4.14946e-05,
460,0.0334759,-0.0413624,0.426532,0.00628025,0.0341409,0,-0.26115,-0.0560356,0.399091,0.893639,-0.013175,-0.0152999,0.448331,-0.0798107,0.536366,0.523831,-0.536248,0.306265,-0.652419,0.0551319,0.523358,3.73322,-0.0444845,-1.09091,0.873536,-0.41966,1.05973,4.13281,0.228587,-0.067573,0.0116792,-7.23005,-2.43238,0.248633,-0.00025465,
461,0.0308673,-0.0410863,0.041679,0.00927368,0.0368463,0,0.139328,0.156888,0.430743,0.885053,-0.0264163,-0.00488824,0.464714,0.187857,0.532786,0.519222,-0.525695,-0.075747,-0.766575,0.0732788,0.523385,4.66259,0.775456,1.3398,-0.641959,0.254527,0.344115,6.69027,-0.306192,0.0276652,0.229171,-8.32726,-2.17291,0.488516,-0.000474465,
462,0.0242442,-0.0402381,-0.376121,-0.0172001,0.0415452,0,0.45123,0.361202,0.485734,0.88223,-0.0441085,-0.00435571,0.468728,0.521906,0.521787,0.525182,-0.52249,-0.456683,-0.843009,0.102915,0.523352,4.53957,0.758025,0.852227,-0.53342,0.367374,0.0969311,6.67092,-0.0101161,0.0365164,-0.0285028,-6.9215,-0.900789,0.693136,-0.000365431,
463,0.0163107,-0.0403318,-0.46375,-0.0285744,0.0439737,0,0.824326,0.414132,0.514164,0.876633,-0.0524865,0.00519922,0.478259,0.545087,0.523002,0.524294,-0.524246,-0.55805,-0.820708,0.140468,0.523341,3.96194,0.619787,0.294052,0.168836,0.438186,0.408863,-1.96313,0.0190155,-0.0191002,-0.036532,1.51212,1.77011,0.81988,0.000134733,
464,0.00660281,-0.0403618,-0.245913,-0.0213603,0.0440728,0,0.283472,0.31001,0.515324,0.874015,-0.0467731,0.0195803,0.483247,0.365461,0.523391,0.523894,-0.526114,-0.334504,-0.658296,0.183491,0.523344,3.60025,0.560857,-0.241856,0.782751,0.36742,0.0573778,-5.19547,0.00169108,-0.00148759,-0.039039,7.37788,4.70562,0.902106,-2.51649e-05,
465,-0.00441401,-0.040365,0.214606,-0.00162933,0.0421596,0,-0.150828,0.0929299,0.492927,0.874933,-0.0366567,0.0405153,0.481152,0.0674357,0.523432,0.523866,-0.528207,0.0764674,-0.469746,0.228918,0.523346,3.42416,0.428161,-0.588355,0.3663,0.959296,-0.112057,-6.71397,1.58034e-05,-0.000264481,-0.046893,9.0501,-0.437211,0.917012,0.000101655,
466,-0.0128899,-0.0403695,0.603562,0.0286899,0.0407091,0,-0.490848,-0.133402,0.475947,0.867498,-0.00953214,0.0444215,0.495362,-0.215942,0.523491,0.523835,-0.530284,0.490263,-0.510497,0.270788,0.523356,2.54605,-0.224361,0.0961954,0.842234,-2.63778,1.38125,-4.64621,0.00293657,0.000245845,-0.0229783,7.52411,-0.56282,0.759177,0.000318465,
467,-0.0166532,-0.0407904,0.67625,0.0270027,0.0398345,0,-0.763887,-0.161192,0.465712,0.842578,0.0443205,-0.00662815,0.536707,-0.333985,0.528949,0.523833,-0.531002,0.537847,-0.562462,0.304697,0.523358,2.94365,0.133872,-0.336594,0.0258663,-2.54099,1.93908,-0.0989255,0.204344,0.00114239,-0.0105346,-1.89129,-1.50912,0.618316,0.00015493,
468,-0.0211809,-0.0418297,0.510994,0.021449,0.0407965,0,-0.263027,-0.0361,0.476971,0.829748,0.00920743,-0.0460867,0.556156,-0.215785,0.542426,0.523537,-0.528908,0.308588,-0.666637,0.332253,0.523334,2.48878,1.01966,0.395462,-1.29609,0.873244,0.337075,4.788,0.354161,0.0205218,0.120487,-7.24078,-2.62236,0.489278,-0.000379714,
469,-0.0258712,-0.0434359,0.0369177,-0.00579429,0.041512,0,0.163321,0.180194,0.485346,0.828022,-0.0309312,-0.0488557,0.557705,0.110765,0.563255,0.523966,-0.523211,-0.0926579,-0.800682,0.352671,0.523341,2.67077,1.07369,-0.0548024,-1.48188,0.765905,-0.0206929,8.24552,0.475348,-0.00305837,0.0509825,-8.79681,-2.73557,0.328568,0.000147819,
470,-0.0304754,-0.0445118,-0.451883,-0.0102509,0.042914,0,0.47152,0.379031,0.501757,0.837894,-0.0431592,-0.0504811,0.541777,0.511834,0.577205,0.523877,-0.523767,-0.486947,-0.893684,0.365091,0.523354,3.38268,1.28883,1.70823,0.361941,0.651416,-1.00877,7.63045,-0.15776,-0.00227138,-0.0557407,-6.78484,-0.739688,0.168325,0.000136341,
471,-0.0321469,-0.0437994,-0.503149,-0.0203826,0.0488127,0,0.766313,0.425635,0.570829,0.847189,-0.0363084,-0.022597,0.529567,0.545011,0.567968,0.523856,-0.526921,-0.555298,-0.860098,0.366791,0.523327,2.80461,1.05291,1.08872,1.17622,0.796791,-0.513399,-2.14631,-0.213084,0.000175164,-0.0642794,1.92931,2.05615,-0.0855718,-0.000175764,
472,-0.0310744,-0.0427159,-0.249553,-0.012486,0.0523104,0,0.272446,0.327566,0.611804,0.856025,-0.0135714,0.0129466,0.516594,0.349237,0.553918,0.52389,-0.530176,-0.321954,-0.681595,0.356604,0.523325,2.43013,0.986951,0.565259,1.88981,0.740778,-0.72448,-5.65542,-0.35056,0.000478571,-0.0669051,7.35587,5.06305,-0.318881,-3.16483e-05,
473,-0.0280178,-0.0411715,0.237355,0.00772289,0.0539652,0,-0.158731,0.125164,0.631195,0.865466,0.0151295,0.0562178,0.497573,0.0281986,0.533891,0.523903,-0.533649,0.085876,-0.475275,0.335419,0.523332,2.24143,0.897398,0.283304,1.48071,1.27872,-0.865262,-7.17429,-0.45858,-9.03829e-05,-0.0738249,8.94731,-0.224264,-0.524397,0.000160646,
474,-0.0229013,-0.0401731,0.607179,0.0266155,0.0543496,0,-0.490542,-0.092246,0.6357,0.872944,0.0279109,0.0993981,0.47677,-0.278714,0.520944,0.523907,-0.53716,0.493706,-0.510365,0.304787,0.523346,2.44978,0.959039,-0.12821,1.29705,1.07276,-0.87561,-5.11948,0.0352461,8.79775e-05,-0.0658081,7.37852,-0.463254,-0.699745,0.000162462,
475,-0.0145509,-0.040683,0.651671,0.0318471,0.0529621,0,-0.765272,-0.120322,0.61944,0.874527,0.0389327,0.122315,0.467682,-0.419196,0.527556,0.523906,-0.539886,0.538222,-0.550006,0.265675,0.523597,1.9934,0.701363,0.140468,-0.885641,-1.09361,-0.525005,-0.538088,0.23896,0.00108514,-0.0335842,-1.88181,-1.13399,-0.839369,0.0270173,
476,-0.00518278,-0.0420316,0.49407,0.0140475,0.0526685,0,-0.260616,0.00226099,0.616,0.884902,0.0236707,0.0790092,0.458417,-0.327385,0.545043,0.523903,-0.541235,0.307698,-0.627371,0.222213,0.52318,2.32356,0.714918,-0.33125,-1.63143,-1.35302,-0.502789,4.17481,0.45516,-0.000302508,-0.0219159,-7.30089,-1.94815,-0.898397,0.00301655,
477,0.00397076,-0.0439055,0.100467,-0.0128523,0.0503565,0,0.167014,0.209057,0.588912,0.895046,-0.00288366,0.0283939,0.445061,-0.0337621,0.569343,0.523903,-0.542209,-0.095946,-0.721239,0.177869,0.52332,2.5563,0.64837,-0.733989,-2.00858,-1.32645,-0.898222,7.54298,0.513439,8.06615e-05,-0.0177122,-8.83258,-1.80442,-0.875563,0.00124643,
478,0.0114059,-0.0456073,-0.324573,-0.0394133,0.0464156,0,0.488875,0.392918,0.542755,0.906201,-0.0320642,-0.0208662,0.421113,0.352737,0.591411,0.523901,-0.543173,-0.496499,-0.769918,0.136122,0.523331,2.45486,0.610753,-1.12231,-1.754,-1.17637,-1.2725,7.91288,0.371563,-3.01787e-05,-0.0208546,-7.20089,-0.158411,-0.796057,-0.000102168,
479,0.0174019,-0.0463915,-0.382404,-0.0442736,0.0406783,0,0.758498,0.396273,0.475587,0.917174,-0.0325857,-0.0521836,0.393709,0.562211,0.601581,0.523875,-0.544203,-0.53789,-0.705346,0.0989134,0.523297,1.61244,0.37781,-1.37215,2.03171,0.0523247,0.043017,-0.4985,0.0115159,-0.000225445,0.0595068,1.93351,2.7038,-0.725721,-0.0017969,
480,0.0236397,-0.0457474,-0.197448,-0.0334866,0.0346224,0,0.264971,0.270177,0.404724,0.924244,0.000438312,0.00250704,0.381795,0.469655,0.593228,0.523878,-0.542144,-0.309701,-0.498435,0.0674538,0.523296,1.14471,0.485319,-1.57975,2.581,1.80622,-0.683121,-3.17198,-0.343541,-0.000997929,0.0317463,7.20685,4.40521,-0.548449,0.000195987,
481,0.0279517,-0.0436227,0.137855,0.0099334,0.0324039,0,-0.149497,0.0574622,0.378772,0.927756,0.00555049,0.000707419,0.373146,0.285195,0.565676,0.523835,-0.539938,0.0849299,-0.497692,0.0455221,0.523197,-0.943438,0.348814,0.507059,-1.49831,-0.149286,-0.537015,-4.15364,-0.780563,5.91201e-05,0.0291102,8.39421,-0.786212,-0.242576,-0.00152483,
482,0.0298083,-0.0406935,0.433152,0.0284263,0.0341908,0,-0.458954,-0.141471,0.399675,0.927622,-0.00177678,-0.00988327,0.373385,0.110431,0.527692,0.523802,-0.538769,0.46692,-0.524646,0.0378102,0.523296,-0.854888,0.227632,0.200577,-0.289122,-0.231599,0.0828102,-2.90017,-0.708256,-0.000160905,0.0239551,6.90613,-0.306893,-0.0501032,0.00157446,
483,0.0304796,-0.0400838,0.503865,0.030189,0.0345205,0,-0.814758,-0.183976,0.403531,0.923001,-0.00490343,-0.0118102,0.384586,0.0471932,0.519786,0.523791,-0.537205,0.549986,-0.565481,0.0398802,0.523344,-0.250186,0.467186,-0.0892937,-0.0684332,0.0927104,0.602944,0.348772,0.152641,0.000296074,0.0372,-1.55835,-1.31964,0.142,0.000300794,
484,0.029287,-0.041,0.354144,0.0233763,0.0343002,0,-0.287206,-0.0683617,0.400954,0.915949,-0.0203963,-0.00930262,0.400668,0.154219,0.531666,0.523535,-0.533538,0.330193,-0.66128,0.0519329,0.523411,0.761601,0.894829,0.465274,-1.18127,-1.33089,0.319834,3.75321,0.22711,0.0601342,0.125079,-7.0858,-2.41761,0.349386,0.00584518,
485,0.0240723,-0.0416554,0.00236125,0.00890339,0.0394659,0,0.126787,0.155948,0.461398,0.913815,-0.0329175,-0.0411373,0.402698,0.39003,0.540166,0.524045,-0.520638,-0.0584359,-0.785955,0.0747712,0.52339,1.44148,0.897471,1.20646,-1.14978,-0.380286,0.192709,5.85861,0.22226,-0.00862123,0.0621058,-8.59254,-2.65353,0.553422,-0.00149821,
486,0.0180369,-0.0425781,-0.34335,-0.0177809,0.043719,0,0.45755,0.36605,0.511181,0.905939,-0.0611775,-0.0568762,0.415086,0.558228,0.552131,0.523838,-0.52281,-0.454177,-0.885907,0.105587,0.523342,1.08692,0.699294,0.78081,-0.724319,-0.0545886,1.25261,-0.450768,0.251278,-0.00127438,-0.0666641,-7.26898,-1.36262,0.670128,-0.000602217,
487,0.011778,-0.0432571,-0.414799,-0.0294425,0.0459099,0,0.815697,0.42032,0.536834,0.895174,-0.0621003,-0.0587883,0.437437,0.475266,0.560936,0.52387,-0.526273,-0.560488,-0.885074,0.141692,0.52333,0.717159,0.731068,0.221822,0.26611,-0.19283,0.760622,-2.86631,0.109916,0.000227475,-0.0688555,1.5759,1.36969,0.773294,0.000111623,
488,0.00380322,-0.0432658,-0.196855,-0.0227171,0.0455898,0,0.284034,0.314738,0.533085,0.888886,-0.0483687,-0.0567134,0.452024,0.260384,0.561048,0.523885,-0.529716,-0.335244,-0.741055,0.181618,0.523329,0.385222,0.72987,-0.371872,0.842006,-0.206856,0.400079,-5.70564,-0.105402,0.000221682,-0.0697303,7.38263,4.36995,0.825074,-6.20162e-05,
489,-0.00521943,-0.0425281,0.24854,-0.00410511,0.0428864,0,-0.1505,0.0954389,0.501434,0.886579,-0.0253513,-0.0486968,0.459308,-0.0535906,0.551482,0.52388,-0.53323,0.0760728,-0.487601,0.222757,0.523331,0.207981,0.613672,-0.830819,0.708263,0.149136,0.133238,-6.84298,-0.284161,-0.000375869,-0.0729933,9.05491,2.25014,0.823968,0.000142002,
490,-0.0143285,-0.0413543,0.609218,0.0154793,0.03856,0,-0.491353,-0.140285,0.450796,0.885699,-0.0225053,-0.0387798,0.46209,-0.342264,0.536261,0.523857,-0.536777,0.490557,-0.503844,0.262295,0.523341,0.412835,0.556362,-1.21163,0.209809,0.432645,0.142449,-4.72377,-0.319443,-7.91194e-05,-0.0576435,7.53865,-0.64407,0.75517,-0.000154954,
491,-0.0210638,-0.040352,0.662602,0.0187587,0.0333467,0,-0.764645,-0.181393,0.389799,0.880296,-0.017537,-0.00612385,0.474061,-0.463145,0.523263,0.523792,-0.53654,0.538069,-0.560779,0.29587,0.523342,0.843389,0.510023,-1.15297,1.65333,0.328982,0.588512,-0.157595,-0.17692,0.000900087,0.0341161,-1.88615,-1.61858,0.605224,0.000707085,
492,-0.025467,-0.0403214,0.5253,0.0277502,0.0339094,0,-0.291043,-0.065914,0.396382,0.870666,-0.0222017,-0.0117756,0.491233,-0.360576,0.522867,0.51925,-0.525952,0.323311,-0.663853,0.321909,0.523403,1.81915,0.919225,0.93627,-2.17044,-0.714632,0.714432,4.27614,0.0309967,-0.106739,0.314087,-6.74137,-2.54055,0.442568,0.000594484,
493,-0.0295581,-0.0406884,0.133974,0.0061479,0.0381209,0,0.124632,0.151437,0.445658,0.867888,-0.0474171,-0.0385382,0.492987,-0.0591673,0.527626,0.520567,-0.521835,-0.0578225,-0.799138,0.339898,0.523364,2.14138,0.8382,0.930709,-1.05377,-0.578171,-0.517334,7.75932,0.162468,0.161651,-0.0468908,-8.49652,-2.86492,0.279474,-0.000306304,
494,-0.0337765,-0.0409391,-0.324095,-0.0115086,0.0429949,0,0.4462,0.360359,0.502704,0.875781,-0.0651067,-0.0699958,0.473148,0.339591,0.530876,0.525243,-0.524227,-0.44629,-0.904697,0.348988,0.523366,2.38445,0.828579,1.35672,-1.40914,-0.806527,-1.23252,8.18494,-0.0305859,-0.0307912,-0.0488124,-7.05228,-1.37104,0.0847908,-0.000321081,
495,-0.035966,-0.0406661,-0.438444,-0.0236048,0.0474491,0,0.848028,0.422044,0.554858,0.886492,-0.0741464,-0.0965262,0.44645,0.559606,0.527337,0.524051,-0.526654,-0.555254,-0.905251,0.346537,0.523338,1.77916,0.710045,0.769881,-0.209127,0.0253362,-0.67309,-0.397551,-0.105975,-0.00998409,-0.00792734,1.35495,1.31374,-0.19107,-0.000770255,
496,-0.0339602,-0.0402369,-0.240927,-0.0174836,0.0494022,0,0.283046,0.325473,0.577733,0.89514,-0.0694707,-0.0975806,0.429391,0.460915,0.521771,0.52389,-0.527116,-0.334853,-0.763729,0.330632,0.523338,1.45426,0.710888,0.143346,0.44727,-0.0753538,-0.931894,-3.52445,0.0145288,-0.000177524,-0.0112106,7.40797,4.3252,-0.441614,0.000114339,
497,-0.0295512,-0.0403387,0.150127,0.000313527,0.0487983,0,-0.152141,0.11332,0.57066,0.906312,-0.0519931,-0.0946303,0.408584,0.245292,0.523092,0.523894,-0.527735,0.0775434,-0.492616,0.30297,0.523345,1.25678,0.624504,-0.402368,0.65866,-0.0127442,-1.07214,-5.08766,0.0157054,-4.07682e-05,-0.0144853,9.07191,5.22229,-0.661084,8.23876e-05,
498,-0.0231075,-0.0403704,0.478236,0.0212336,0.0465521,0,-0.49282,-0.116205,0.544354,0.91736,-0.0527615,-0.0857827,0.385108,0.0241609,0.523503,0.523885,-0.528299,0.492448,-0.493082,0.265582,0.523348,1.34366,0.560451,-0.653342,0.13091,1.04977,-0.847208,-3.77435,0.00323729,0.000367473,0.0241985,7.54039,-0.960532,-0.83898,-0.000505793,
499,-0.0125728,-0.04068,0.523806,0.0202563,0.0430474,0,-0.75912,-0.151486,0.503319,0.920367,-0.0611598,-0.0651509,0.380709,-0.0740515,0.527517,0.523866,-0.526525,0.53841,-0.561221,0.21933,0.523354,1.83893,0.741818,-1.00682,-0.027678,0.967526,0.0421275,-0.17363,0.155717,0.000384354,0.049872,-1.93035,-1.75998,-0.991809,-0.000187277,
500,-0.000499376,-0.0415304,0.369299,0.0102851,0.0386033,0,-0.259977,-0.042019,0.451303,0.921684,-0.0591544,-0.039551,0.381361,0.01114,0.538544,0.523871,-0.522799,0.306602,-0.674645,0.168824,0.523353,2.28653,0.233977,-0.697,2.17835,0.106788,-0.444418,3.47537,0.262169,0.00124808,0.0440422,-7.28627,-2.75266,-1.00667,-6.75461e-05,
501,0.0109308,-0.0421349,0.0280261,0.00807005,0.0372903,0,0.154086,0.165633,0.435938,0.924535,-0.035428,-0.0251977,0.37861,0.242569,0.546383,0.523663,-0.523232,-0.089793,-0.8088,0.119539,0.523425,3.39083,0.218831,1.29934,-1.37562,-0.115395,0.50339,5.62109,-0.302839,-0.000185731,-0.0256123,-8.38483,-2.22309,-0.970062,0.0021526,
502,0.0221259,-0.040471,-0.318924,-0.0123362,0.0440444,0,0.458067,0.373656,0.514991,0.920944,-0.0603963,-0.0320092,0.383652,0.519012,0.524807,0.523789,-0.525149,-0.468614,-0.877492,0.0746371,0.52337,3.34119,0.17159,1.39968,-0.912767,0.206351,0.122125,5.49022,-0.416929,0.00185086,-0.0408222,-6.81993,-0.693568,-0.832519,-0.00125291,
503,0.0315197,-0.0402496,-0.380989,-0.0228823,0.0487266,0,0.812221,0.422981,0.56982,0.917613,-0.0736692,-0.0296046,0.389466,0.54018,0.521936,0.523861,-0.52747,-0.549796,-0.842773,0.0376347,0.523342,2.81842,0.171599,0.810819,-0.165372,0.217046,0.223241,-1.5899,0.0468144,0.00055637,-0.0471021,1.575,2.05841,-0.641943,4.75608e-05,
504,0.0376047,-0.0403512,-0.191507,-0.0160402,0.0509537,0,0.275626,0.32531,0.595908,0.917641,-0.0726189,-0.0251881,0.389907,0.393811,0.523253,0.523896,-0.529825,-0.325313,-0.664712,0.0121997,0.523344,2.49097,0.175404,0.232717,0.386727,0.100735,-0.215053,-4.24308,0.00958124,0.000398542,-0.0477148,7.35297,5.04233,-0.375412,-1.4314e-05,
505,0.0393805,-0.0403666,0.179039,0.00303856,0.0509641,0,-0.156325,0.117203,0.596031,0.921785,-0.0671906,-0.0164059,0.381482,0.152149,0.523453,0.5239,-0.532314,0.0830794,-0.464188,0.00103572,0.523348,2.30274,0.0533833,-0.164006,-0.070061,0.729885,-0.455663,-5.41508,0.00081998,-0.000182183,-0.0548537,8.97249,-0.518613,-0.0714162,0.000120049,
506,0.0372839,-0.0403896,0.493199,0.021671,0.0493405,0,-0.490563,-0.107495,0.57701,0.925795,-0.0785125,-0.00182798,0.369779,-0.079594,0.523751,0.523895,-0.534945,0.4926,-0.5087,0.00475165,0.523352,2.47071,-0.00189815,-0.610952,-0.247348,0.70304,-0.438292,-3.86692,0.01261,-1.35662e-05,-0.0497574,7.42059,-0.560394,0.216821,3.46119e-05,
507,0.0338899,-0.040741,0.542893,0.0220564,0.0458246,0,-0.760604,-0.142529,0.535834,0.9231,-0.0896779,0.00488561,0.373926,-0.179303,0.528307,0.523876,-0.537049,0.537867,-0.555663,0.0208597,0.523357,2.86673,-0.0456272,-0.82582,0.489816,-0.438684,0.632329,-0.114549,0.157406,-0.000273445,-0.0377061,-1.91688,-1.30134,0.436732,-2.97396e-05,
508,0.0293837,-0.0416719,0.401954,0.00628872,0.0420538,0,-0.25919,-0.0308584,0.491687,0.917369,-0.0610312,-0.00824579,0.393244,-0.0864566,0.540379,0.523865,-0.538691,0.306292,-0.644912,0.0482799,0.523357,3.20371,-0.21187,-1.09023,0.720705,-1.10541,0.812272,3.79638,0.315584,-4.25506e-06,-0.0281451,-7.30532,-2.26354,0.658048,-3.35157e-05,
509,0.0215406,-0.0428583,0.0416831,-0.0126363,0.0369693,0,0.163284,0.167856,0.432182,0.91342,-0.0321079,-0.027814,0.404795,0.170265,0.555764,0.523026,-0.539283,-0.0959413,-0.759849,0.0863434,0.523351,3.79384,0.105131,-0.712672,0.194221,0.632652,0.236767,6.42025,0.263297,-0.150919,0.0871102,-8.57885,-2.26328,0.856746,-0.000514757,
510,0.0110034,-0.0417432,-0.331058,-0.017312,0.0407481,0,0.45714,0.366056,0.476404,0.91199,-0.0336925,-6.76311e-05,0.408826,0.477879,0.541304,0.521981,-0.533694,-0.471798,-0.813803,0.132443,0.523351,4.26962,0.0898585,0.92563,0.455854,1.1634,0.0755038,6.11451,-0.422952,0.117448,0.105304,-6.69154,-0.325182,0.983319,-0.000535374,
511,-0.000546608,-0.0401362,-0.40236,-0.0273804,0.0434527,0,0.808429,0.409039,0.508063,0.9104,-0.0268635,0.036438,0.411244,0.550896,0.520465,0.524806,-0.52881,-0.549747,-0.762556,0.182088,0.523335,3.71437,0.0691586,0.365747,1.178,1.1723,0.21038,-1.2837,-0.114906,-0.0262253,0.0928965,1.60068,2.35301,1.00426,6.05466e-05,
512,-0.0124717,-0.0402677,-0.20846,-0.0141581,0.0441864,0,0.275179,0.305639,0.516654,0.909748,-0.00618244,0.072952,0.408655,0.415597,0.522171,0.523971,-0.524288,-0.324861,-0.572597,0.231122,0.523352,2.82499,-0.055592,0.416231,0.366272,-0.239561,-0.40916,-4.11161,0.0452018,-0.00548434,0.100634,7.35414,5.22219,0.964493,0.00176012,
513,-0.0243693,-0.0403566,0.174223,0.00600409,0.0455712,0,-0.157121,0.0998054,0.532867,0.914923,-0.00992747,0.0699096,0.397404,0.177071,0.523323,0.523867,-0.522996,0.0837995,-0.496083,0.276269,0.523357,2.57908,-0.182103,0.125041,-0.330281,0.1841,-0.524467,-5.4177,0.0078273,-0.000378169,-0.0164505,8.97994,-0.676516,0.838788,-0.00031034,
514,-0.0341242,-0.0404549,0.499902,0.0238966,0.0449978,0,-0.491139,-0.12162,0.526153,0.919238,-0.0204649,0.0692351,0.387026,-0.0557259,0.524598,0.523865,-0.523719,0.493436,-0.518249,0.312801,0.523352,2.73838,-0.212286,-0.395566,-0.401927,0.0841064,-0.432587,-3.90618,0.0439478,4.60541e-05,-0.01241,7.41775,-0.195731,0.62416,-2.89795e-06,
515,-0.0389606,-0.0409621,0.551846,0.0212797,0.0420491,0,-0.758718,-0.154405,0.491632,0.916701,-0.0326346,0.0603766,0.393636,-0.156363,0.531175,0.523853,-0.523989,0.538043,-0.550132,0.336063,0.523357,3.21111,-0.0543991,-0.903593,-0.422977,-0.395984,0.577925,-0.117034,0.20784,-3.93991e-05,-0.00262147,-1.93229,-1.06798,0.318164,-7.6846e-05,
516,-0.0380903,-0.0419737,0.40709,0.00886395,0.0389239,0,-0.258721,-0.0406151,0.455054,0.907361,-0.020297,0.0165882,0.419534,-0.0595236,0.544293,0.523844,-0.523552,0.30589,-0.630126,0.343719,0.523362,3.06866,-0.220517,-0.833472,-0.743387,-2.30214,1.15559,3.90939,0.329106,1.50202e-05,0.0141379,-7.30891,-2.12751,0.00726799,-0.000185992,
517,-0.0342235,-0.0430814,0.0263588,0.00639799,0.0364885,0,0.157092,0.164842,0.426557,0.895921,-0.0288016,-0.0269938,0.442457,0.203105,0.558657,0.521638,-0.523398,-0.0930321,-0.737761,0.337453,0.523348,3.97213,0.446273,1.15219,-0.881109,0.232824,0.590021,6.35153,-0.0454223,-0.0997789,0.00344195,-8.37591,-1.91211,-0.246003,0.00086561,
518,-0.0292453,-0.0423873,-0.370858,-0.0146853,0.0424097,0,0.459116,0.370222,0.495853,0.892168,-0.0361228,-0.0266377,0.449469,0.514795,0.549657,0.52385,-0.523695,-0.470902,-0.792746,0.319556,0.523343,3.92438,0.45706,1.18027,-0.0338345,0.10321,0.21071,6.17195,-0.17497,0.144413,-0.00770254,-6.79115,-0.437156,-0.472768,-0.000347172,
519,-0.021317,-0.0415461,-0.441707,-0.0251703,0.0461352,0,0.807164,0.416401,0.539471,0.887571,-0.0290797,-0.017193,0.45943,0.540902,0.538749,0.524366,-0.524408,-0.550328,-0.746192,0.290539,0.523332,3.36414,0.376123,0.587555,0.720871,0.153425,0.411962,-1.76434,-0.262185,-0.0191434,-0.016002,1.61074,2.27672,-0.676432,0.000100875,
520,-0.0119982,-0.0402702,-0.230044,-0.01792,0.0474679,0,0.275848,0.31529,0.555078,0.885312,-0.0083919,-0.00292951,0.464913,0.374996,0.522203,0.523914,-0.525279,-0.325245,-0.558631,0.253725,0.523337,2.99262,0.337982,0.0465221,1.28742,0.106729,0.0199397,-4.84644,-0.272643,-0.00203942,-0.0196586,7.34178,5.20517,-0.793452,8.3275e-06,
521,-0.00249639,-0.0402573,0.208357,0.00189315,0.0470294,0,-0.156016,0.104949,0.549943,0.885851,0.0072607,0.0203677,0.463465,0.0968115,0.522036,0.523879,-0.526577,0.0827894,-0.490756,0.21312,0.523345,2.83031,0.202581,-0.27558,0.784681,0.807431,-0.0780424,-6.26996,0.0470683,-9.78244e-05,-0.0299155,8.97046,-0.855306,-0.832881,0.000152762,
522,0.00704574,-0.0404312,0.574921,0.02039,0.044887,0,-0.490262,-0.121332,0.524856,0.885882,0.0141052,0.0453452,0.461474,-0.171307,0.524291,0.523875,-0.527962,0.492237,-0.517438,0.172109,0.523352,3.02772,0.185412,-0.735564,0.626772,0.698864,-0.0681818,-4.46919,0.0447769,-3.71015e-05,-0.0252209,7.41937,-0.228188,-0.807909,8.19039e-05,
523,0.0174857,-0.0409004,0.630572,0.0223179,0.0411776,0,-0.764563,-0.157128,0.481431,0.880052,0.0134025,0.0445255,0.472595,-0.28591,0.530375,0.52386,-0.528537,0.538062,-0.551065,0.133048,0.523371,2.90736,0.205456,-0.801052,-1.33142,-1.19859,0.51104,-0.143554,0.201863,0.000328375,0.00756706,-1.88676,-1.11773,-0.735556,0.000220816,
524,0.0265084,-0.0419674,0.469478,0.0046082,0.0367236,0,-0.260176,-0.0483671,0.429308,0.874719,-0.00494715,-0.00272265,0.484597,-0.178547,0.544212,0.523846,-0.527945,0.307282,-0.634311,0.100322,0.52336,3.30631,0.308465,-1.26184,-1.80913,-1.40506,0.513257,4.40218,0.347371,-0.000281488,0.0159949,-7.30286,-2.19937,-0.574143,-0.000175875,
525,0.0321739,-0.0425449,0.0564548,0.00486519,0.0365411,0,0.149669,0.160606,0.427172,0.872518,-0.0332016,-0.0225181,0.486933,0.111499,0.551701,0.524157,-0.52074,-0.0846393,-0.743727,0.0774906,0.523355,4.22008,0.7852,0.953809,0.00363423,-0.106847,-0.648756,7.15016,-0.045819,0.027715,0.0174298,-8.42073,-2.19636,-0.328149,-5.12443e-05,
526,0.033391,-0.0419673,-0.375063,-0.0175107,0.0411748,0,0.457234,0.364364,0.481398,0.879049,-0.0317121,-0.0246212,0.475038,0.469151,0.54421,0.52399,-0.522952,-0.465643,-0.814976,0.0671651,0.523344,4.18761,0.784178,0.871597,0.114404,-0.0889458,-0.660941,7.18295,-0.147653,-0.00663381,-0.0522705,-6.87829,-0.772105,-0.0811385,-0.000300566,
527,0.031916,-0.0411824,-0.448814,-0.0281488,0.0436116,0,0.818876,0.409263,0.509923,0.885051,-0.0195437,-0.0187604,0.464705,0.555723,0.534032,0.523859,-0.525833,-0.549306,-0.78579,0.0688591,0.523333,3.59942,0.649763,0.287284,0.814087,-0.016078,-0.395973,-1.4712,-0.258924,-0.000511756,-0.0592339,1.52942,1.91552,0.150081,0.000121913,
528,0.0275244,-0.0401821,-0.231396,-0.0209267,0.0436771,0,0.276178,0.304691,0.51069,0.891664,0.00523999,-0.0079314,0.452598,0.402846,0.52106,0.523871,-0.528811,-0.325939,-0.617211,0.0820559,0.523338,3.23601,0.622462,-0.24685,1.36861,-0.0887101,-0.767657,-4.61813,-0.0182234,0.000304801,-0.0607839,7.35403,4.80723,0.377239,2.20455e-05,
529,0.0199226,-0.0403118,0.19173,-0.00146224,0.0418018,0,-0.156053,0.0884784,0.488737,0.900618,0.0300199,0.0103745,0.433449,0.135607,0.522742,0.523865,-0.532033,0.0826835,-0.486713,0.10568,0.523346,3.05722,0.512517,-0.606581,0.912851,0.564452,-0.90795,-6.06062,0.02744,-0.000197099,-0.0684556,8.98158,-0.667235,0.565973,0.000138291,
530,0.0101424,-0.0403666,0.532634,0.0228124,0.0384898,0,-0.487527,-0.141268,0.449975,0.909988,0.0380337,0.027824,0.411949,-0.125287,0.523454,0.523859,-0.53524,0.492003,-0.515542,0.137431,0.523341,2.60075,0.508012,-0.494763,-1.78883,-0.139529,-1.43017,-4.38507,0.00757596,0.000776818,-0.0496061,7.29654,-0.292293,0.785328,-0.000941615,
531,-0.00107706,-0.040722,0.570194,0.0199653,0.0351895,0,-0.765702,-0.175254,0.411358,0.919365,-0.00588706,0.00125539,0.393361,-0.243212,0.528062,0.523829,-0.537323,0.537209,-0.555793,0.176501,0.52335,3.11458,0.699521,-1.02888,-2.23839,-0.337419,-0.763755,-0.353874,0.174602,-0.000105095,-0.0365205,-1.87527,-1.3086,0.795504,0.000209384,
532,-0.0101644,-0.0415048,0.422568,0.0248866,0.0338069,0,-0.26651,-0.0584817,0.395183,0.919486,-0.0142124,-0.00596241,0.392821,-0.158355,0.538213,0.523787,-0.532665,0.308845,-0.64971,0.214493,0.523361,3.22302,-0.032345,0.733927,-1.14501,-0.611849,0.883029,3.66163,0.192451,-0.00123918,0.182659,-7.12133,-2.38416,0.722429,0.00224907,
533,-0.0169896,-0.0422886,0.0778374,0.00656297,0.0384245,0,0.149056,0.164889,0.449211,0.912997,-0.0410381,-0.0266829,0.40502,0.0922087,0.548377,0.523728,-0.520937,-0.0816521,-0.773483,0.248542,0.523362,3.70568,0.0224212,1.1049,-1.08658,-0.366995,0.132503,6.38754,0.247441,0.00253051,0.0552234,-8.56064,-2.59837,0.640744,-0.000452659,
534,-0.0239312,-0.0432223,-0.310382,-0.0186475,0.0423379,0,0.466805,0.3706,0.495013,0.912478,-0.0535492,-0.0445933,0.403147,0.417688,0.560484,0.523825,-0.522823,-0.47214,-0.868826,0.276935,0.523341,3.5857,-0.00593458,0.795519,-0.785874,0.00340201,-0.236581,6.62382,0.222129,0.000637607,-0.0601135,-7.05824,-1.18074,0.498971,-0.000402596,
535,-0.0292668,-0.0437129,-0.394742,-0.028772,0.044656,0,0.794752,0.41358,0.522152,0.915277,-0.0549978,-0.0429262,0.396736,0.563324,0.566846,0.523855,-0.526203,-0.552767,-0.857233,0.296593,0.523326,3.01747,0.0137075,0.244993,0.347571,0.108199,-0.0676606,-0.856717,0.0576799,2.52926e-05,-0.0700971,1.70443,1.59683,0.285395,0.000103056,
536,-0.0317704,-0.0435379,-0.208908,-0.0217515,0.0444643,0,0.27551,0.306575,0.519908,0.918186,-0.0411609,-0.0354753,0.392404,0.450149,0.564577,0.523875,-0.529705,-0.325133,-0.703404,0.30524,0.523327,2.6942,0.034273,-0.332896,0.900775,0.0624765,-0.403955,-3.6473,-0.148087,0.000308882,-0.0707421,7.35102,4.53514,0.0641014,-3.6579e-05,
537,-0.032322,-0.042654,0.153525,-0.00283358,0.0420236,0,-0.156261,0.0889611,0.491334,0.923839,-0.0219475,-0.0227166,0.381475,0.234353,0.553114,0.52387,-0.533309,0.0830945,-0.492481,0.302785,0.523329,2.49143,-0.0728117,-0.7444,0.515167,0.589657,-0.566835,-4.97464,-0.317054,-0.000319738,-0.0759613,8.96635,0.462097,-0.157671,6.94582e-05,
538,-0.0303429,-0.0413906,0.46813,0.0159123,0.0379585,0,-0.490037,-0.143026,0.443758,0.928938,-0.0200724,-0.00509568,0.369656,0.019425,0.536732,0.523851,-0.536996,0.492188,-0.512575,0.289284,0.523338,2.63639,-0.114112,-1.17794,0.24807,0.610722,-0.432904,-3.63322,-0.335174,-0.000172793,-0.0706888,7.41017,-0.372273,-0.381616,0.000108688,
539,-0.0225108,-0.0402957,0.526209,0.0184819,0.0324504,0,-0.760591,-0.18392,0.379316,0.922722,0.00122351,0.00341426,0.385448,-0.0712646,0.522534,0.523808,-0.540253,0.537618,-0.556328,0.263219,0.523349,2.75992,-0.0182962,-1.17781,1.05663,-0.79308,1.21377,0.00115943,-0.119404,0.000705597,-0.0594673,-1.91617,-1.36339,-0.640892,7.08729e-05,
540,-0.0126918,-0.0403251,0.38256,0.0271553,0.0344376,0,-0.278131,-0.0608939,0.402562,0.915709,-0.02129,-0.0123793,0.401086,0.0202963,0.522915,0.521011,-0.529671,0.317077,-0.651972,0.228739,0.523342,2.36621,0.378818,0.912268,-1.57117,-0.926849,0.479329,3.62542,0.0462633,0.0177013,0.291897,-6.98021,-2.48087,-0.748346,0.00114678,
541,-0.00317913,-0.0407938,0.0291551,0.00246079,0.0380494,0,0.142759,0.159607,0.444821,0.912627,-0.0408142,-0.0370939,0.405056,0.264983,0.528992,0.525012,-0.521441,-0.0737982,-0.783509,0.190456,0.523351,2.53834,0.298183,0.655607,-1.13026,-0.519065,0.0514495,6.17184,0.20886,-0.00666058,-0.0392651,-8.6499,-2.77798,-0.787668,5.21062e-05,
542,0.00609702,-0.0409464,-0.338274,-0.0143709,0.043657,0,0.457842,0.369328,0.510455,0.911011,-0.0589308,-0.0450118,0.40566,0.546469,0.530972,0.524069,-0.523611,-0.461584,-0.88224,0.151699,0.523351,2.72683,0.217899,1.15928,-0.633325,0.19305,0.446083,2.32963,0.0220504,-0.0121618,-0.047649,-7.03075,-1.30748,-0.778383,-0.000411992,
543,0.0153804,-0.0408494,-0.395078,-0.0253508,0.0472953,0,0.824673,0.418986,0.553057,0.908246,-0.0672164,-0.0422085,0.410839,0.521696,0.529714,0.523876,-0.52614,-0.549265,-0.878245,0.114908,0.523341,2.31599,0.248025,0.563763,0.0128231,0.160287,0.104425,-1.90963,-0.0732268,-0.000622735,-0.0505861,1.49135,1.44309,-0.694447,7.22483e-05,
544,0.0226106,-0.0402825,-0.193317,-0.0186062,0.0484618,0,0.27637,0.318755,0.566719,0.909459,-0.0616582,-0.0370083,0.409527,0.35714,0.522362,0.523888,-0.528677,-0.326507,-0.730937,0.0839093,0.523341,1.98659,0.261077,-0.0142653,0.589523,0.0685094,-0.272709,-4.65011,-0.0831789,0.000341694,-0.0516358,7.36721,4.42796,-0.544985,-4.14928e-05,
545,0.0269915,-0.0403208,0.199368,0.000127863,0.0473351,0,-0.156149,0.105961,0.553523,0.914571,-0.046606,-0.0280736,0.400749,0.0953073,0.522859,0.523891,-0.531299,0.082703,-0.489332,0.0616319,0.523346,1.79999,0.158215,-0.44955,0.391711,0.446399,-0.524121,-5.81394,0.021852,-0.00026294,-0.0561164,8.98769,1.48344,-0.344159,0.000180669,
546,0.0284463,-0.0403716,0.523255,0.0190915,0.0445879,0,-0.491088,-0.122636,0.521354,0.920256,-0.0494414,-0.0148437,0.387897,-0.152167,0.523518,0.523878,-0.534029,0.492922,-0.507454,0.0498887,0.523353,1.97641,0.110829,-0.86777,-0.00525142,0.542514,-0.537529,-4.09904,0.00764466,-8.12728e-05,-0.0517756,7.43446,-0.529002,-0.129263,3.76015e-05,
547,0.0291014,-0.0406721,0.570768,0.0169061,0.0398895,0,-0.760371,-0.161118,0.466355,0.919403,-0.0572504,-0.00912279,0.389021,-0.257927,0.527415,0.523856,-0.536227,0.538033,-0.555755,0.0476219,0.523358,2.49358,0.255739,-1.33591,-0.343629,0.220561,0.149377,-0.152489,0.146877,0.000214123,-0.0388808,-1.91926,-1.3968,0.0560979,-4.60289e-05,
548,0.0281727,-0.0414877,0.425031,0.00795799,0.035303,0,-0.259962,-0.0525031,0.412686,0.916536,-0.0233107,-0.0213151,0.398703,-0.162327,0.537991,0.523824,-0.53702,0.306567,-0.652456,0.0557644,0.523346,2.64204,-0.34354,-0.926795,2.28049,0.281709,0.389133,3.93931,0.261322,-0.00135446,0.0929682,-7.28559,-2.47681,0.269675,-0.00168889,
549,0.0253875,-0.0416738,0.0777665,0.00981546,0.0367975,0,0.140621,0.157746,0.430172,0.909538,-0.0374823,-0.0270999,0.41304,0.0967598,0.540404,0.522292,-0.527443,-0.0776687,-0.768734,0.0737567,0.523426,3.95676,0.0511613,1.40409,-1.80102,-1.10629,0.250725,6.45774,-0.266191,0.0790293,0.204102,-8.29453,-2.10266,0.469025,-0.000533293,
550,0.0190246,-0.0403712,-0.310359,-0.0124276,0.0431985,0,0.449105,0.365437,0.505088,0.905378,-0.0618771,-0.0647353,0.415055,0.425307,0.523513,0.524478,-0.522474,-0.455947,-0.836026,0.101417,0.52336,3.84248,0.040279,1.31985,-1.34638,-0.933233,-0.0260596,6.69476,-0.266971,-0.0178246,-0.0190853,-6.86193,-0.703037,0.635009,-0.000861505,
551,0.0108592,-0.0402888,-0.414371,-0.0244783,0.0475141,0,0.829525,0.423021,0.555619,0.902224,-0.0719758,-0.0942686,0.414639,0.56854,0.522445,0.523922,-0.523824,-0.557078,-0.803123,0.135591,0.52334,3.28775,0.0150113,0.693703,-0.517167,-0.911466,0.164495,-1.01796,0.0335876,-0.00375182,-0.0304031,1.47583,1.99239,0.728036,8.05658e-05,
552,0.00199852,-0.0403571,-0.227379,-0.0174604,0.0493961,0,0.28302,0.32514,0.577662,0.901594,-0.0665,-0.100496,0.41546,0.443783,0.523329,0.523886,-0.523474,-0.334198,-0.628678,0.173224,0.523336,2.93394,-0.00182804,0.14198,0.478155,-0.155086,-0.221154,-3.94505,0.00574303,0.000353733,0.00246496,7.38474,4.96938,0.778536,0.000202069,
553,-0.00786063,-0.0403665,0.160768,0.00140864,0.0490126,0,-0.151583,0.114213,0.57317,0.905617,-0.0598641,-0.0949066,0.408984,0.210071,0.523452,0.52389,-0.523734,0.0771343,-0.489555,0.211867,0.523345,2.73175,-0.139209,-0.291858,0.0130335,0.49045,-0.3561,-5.39275,0.000681621,-8.31751e-05,-0.0108064,9.05869,-0.561629,0.767076,0.000114217,
554,-0.0172498,-0.0403767,0.500945,0.0203794,0.0468351,0,-0.492062,-0.11488,0.547667,0.909717,-0.065311,-0.0854151,0.401066,-0.0239492,0.523584,0.523885,-0.524206,0.491632,-0.515873,0.247908,0.523351,2.88537,-0.177528,-0.733231,-0.118519,0.423837,-0.264738,-3.97919,0.00389518,-5.16102e-05,-0.00771974,7.53314,-0.276148,0.674935,6.33865e-05,
555,-0.0236145,-0.0406781,0.554265,0.0212391,0.0433996,0,-0.761945,-0.150337,0.507442,0.908906,-0.0708257,-0.0643825,0.405869,-0.127964,0.527492,0.523843,-0.523097,0.538312,-0.550325,0.276792,0.523343,3.33468,0.0994287,-0.909108,0.472041,1.32435,0.262518,-0.20181,0.15089,0.000510447,0.011198,-1.90788,-1.09644,0.499739,8.7375e-05,
556,-0.0277272,-0.0415505,0.398435,0.00845185,0.0390149,0,-0.260028,-0.0409106,0.456119,0.908,-0.0639679,-0.0364194,0.412453,-0.0377037,0.538805,0.52385,-0.523392,0.306979,-0.631172,0.296982,0.523358,3.74545,-0.320386,-0.880286,1.83688,-0.381318,0.19956,3.75608,0.297132,0.000137915,-0.00630525,-7.29771,-2.11423,0.320091,0.000511036,
557,-0.029884,-0.0424717,0.0281368,0.000504794,0.036125,0,0.159557,0.163723,0.422303,0.908471,-0.0235507,-0.0199491,0.416807,0.213826,0.550751,0.523793,-0.523525,-0.0930508,-0.738157,0.307966,0.523369,4.51429,-0.166196,0.569901,-0.12795,0.417825,0.84955,6.1834,-0.112561,-0.00273793,-0.00867555,-8.52166,-1.85445,0.103897,0.00193138,
558,-0.0281408,-0.0415094,-0.364193,-0.0215424,0.0393736,0,0.467639,0.365008,0.460318,0.900536,-0.0345289,-0.00381847,0.433392,0.518388,0.538273,0.523806,-0.524511,-0.477695,-0.790317,0.307878,0.523353,4.44605,-0.16823,0.540369,-0.126,0.847667,0.677224,6.04072,-0.260046,0.00080385,-0.0213784,-6.9149,-0.383943,-0.108813,-0.000642918,
559,-0.0236239,-0.0402527,-0.43765,-0.0315952,0.0404218,0,0.784921,0.402634,0.472586,0.891097,-0.0376296,0.0214064,0.451743,0.541297,0.521976,0.523843,-0.525873,-0.553469,-0.742136,0.296887,0.523337,3.86266,-0.221353,-0.0303418,0.623115,0.893863,0.807035,-1.78941,-0.316151,0.000252523,-0.0285254,1.77874,2.28964,-0.319871,7.35214e-05,
560,-0.0176305,-0.040237,-0.228699,-0.0187093,0.039422,0,0.274643,0.291471,0.460883,0.884124,-0.0268464,0.0469029,0.464117,0.374864,0.521772,0.523859,-0.527272,-0.324208,-0.556402,0.277074,0.523348,3.01625,-0.465553,-0.0373034,-0.209358,-0.595985,0.224248,-4.84668,0.05425,0.000504973,-0.0131258,7.3515,5.11698,-0.464311,0.000956829,
561,-0.0108307,-0.0403488,0.210326,0.00405914,0.0388963,0,-0.15706,0.0785031,0.454731,0.881246,-0.0324465,0.0292753,0.470633,0.0975343,0.523223,0.523837,-0.52808,0.0841244,-0.490887,0.251314,0.523349,2.58095,-0.816036,-0.0689863,1.32888,-0.752921,1.37087,-6.12375,0.00716049,-0.00179242,-0.032804,8.95018,-0.857109,-0.607298,-0.00079501,
562,-0.000251708,-0.0404155,0.597073,0.022055,0.0375432,0,-0.489804,-0.144424,0.438898,0.865262,0.00612543,0.0283823,0.500478,-0.163115,0.524088,0.523824,-0.529586,0.49238,-0.51906,0.219859,0.523348,2.81432,-0.908539,-0.571747,1.27595,-0.821058,1.43091,-4.31654,0.0285548,0.000164231,-0.027213,7.39165,-0.250184,-0.651189,0.00014597,
563,0.0113794,-0.0408011,0.665302,0.026557,0.0355751,0,-0.763267,-0.174371,0.415869,0.842964,0.00564596,-0.00310476,0.537931,-0.266083,0.529087,0.523833,-0.530349,0.537801,-0.558141,0.187303,0.523368,2.54299,-0.272325,-0.380413,-2.50655,-0.664963,1.56358,0.175101,0.165199,0.000213824,-0.0118684,-1.89594,-1.30252,-0.63615,-7.20666e-05,
564,0.0191995,-0.0417271,0.488831,0.0161439,0.0343628,0,-0.262908,-0.0565122,0.401686,0.835367,-0.0193329,-0.0161349,0.549116,-0.136979,0.541096,0.52327,-0.527378,0.308467,-0.652893,0.15929,0.52334,2.93897,0.192614,-0.128326,0.356547,-0.319436,-0.597185,4.8866,0.264361,0.0804009,0.128097,-7.24102,-2.46822,-0.478163,0.00064687,
565,0.0236812,-0.0420457,0.0320181,0.00737767,0.0384532,0,0.14292,0.162993,0.449547,0.836683,-0.0333059,-0.0405899,0.545165,0.180179,0.545226,0.524003,-0.521959,-0.0778635,-0.774562,0.138702,0.523375,3.6726,0.878732,1.16424,-1.27043,-0.434005,-0.210043,7.90823,0.0611088,-0.00572033,-0.0300842,-8.41383,-2.51951,-0.329246,-0.000793144,
566,0.0255859,-0.0422416,-0.436942,-0.0172037,0.0427865,0,0.456704,0.367157,0.500265,0.84009,-0.0468053,-0.0616624,0.536895,0.551323,0.547767,0.523855,-0.523837,-0.462079,-0.865583,0.127069,0.523341,3.42539,0.676805,0.882023,-0.57235,-0.0682456,0.079129,3.10324,0.0310725,-0.00220253,-0.0484436,-6.96867,-1.11423,-0.152446,-0.000565449,
567,0.0262455,-0.0421383,-0.498991,-0.0282581,0.0452094,0,0.825697,0.413335,0.528631,0.83978,-0.0506628,-0.0644546,0.536701,0.521507,0.546427,0.52386,-0.526451,-0.548938,-0.852573,0.124208,0.523332,2.98919,0.542798,0.274417,0.0727821,-0.054382,-0.0961411,-2.43438,-0.0854546,0.000178775,-0.0526698,1.48404,1.61067,0.0374509,0.000126046,
568,0.0242792,-0.0414274,-0.252425,-0.0217392,0.0451056,0,0.276368,0.30906,0.527415,0.842916,-0.0415879,-0.0619955,0.532842,0.312446,0.537209,0.523879,-0.529112,-0.326431,-0.69814,0.130797,0.523334,2.63238,0.459545,-0.324433,0.649778,-0.108281,-0.377242,-5.89961,-0.283632,0.000282003,-0.0544768,7.36449,4.54564,0.226046,-2.78578e-05,
569,0.0196635,-0.0401968,0.253436,-0.002909,0.0426641,0,-0.156079,0.0912277,0.498831,0.849637,-0.0262205,-0.0534608,0.523996,-0.0210842,0.521252,0.523875,-0.531908,0.082646,-0.487889,0.146356,0.52334,2.44764,0.341217,-0.749347,0.372947,0.331685,-0.534304,-7.42906,-0.102435,-0.000279547,-0.0596735,8.9866,0.356346,0.397365,0.000169978,
570,0.0129143,-0.0402928,0.63788,0.0172351,0.0386362,0,-0.491148,-0.141276,0.451688,0.857664,-0.0255438,-0.0418526,0.511868,-0.337542,0.522496,0.523859,-0.534475,0.492887,-0.511685,0.169452,0.523348,2.61986,0.335201,-1.05109,0.550429,1.09588,-0.519295,-5.25389,0.0367928,1.94399e-06,-6.27794e-05,7.43879,-0.406324,0.523804,-0.000666481,
571,0.0064365,-0.0406556,0.685752,0.0196107,0.0336619,0,-0.759715,-0.180404,0.393487,0.858947,-0.0244256,-0.00904952,0.511402,-0.478806,0.5272,0.523811,-0.533106,0.538037,-0.557273,0.1965,0.523354,3.005,0.273338,-1.06856,1.87183,-0.247904,0.403015,-0.405715,0.133828,-0.00017038,0.0346795,-1.92442,-1.39353,0.562527,0.000668569,
572,0.00123517,-0.0412077,0.537895,0.0264795,0.0341848,0,-0.273537,-0.0598646,0.399604,0.850327,-0.0176497,-0.00941355,0.525875,-0.3763,0.534361,0.522991,-0.527499,0.313661,-0.653886,0.224707,0.523401,2.81072,0.548519,0.864526,-2.08733,-0.715033,0.760204,4.43118,0.138554,0.052428,0.15068,-7.03025,-2.47425,0.57496,0.000601673,
573,-0.00565371,-0.0419688,0.113186,0.00470844,0.0379907,0,0.147068,0.161815,0.444134,0.848081,-0.0408048,-0.0399269,0.526782,-0.0647832,0.544229,0.524193,-0.521794,-0.0783556,-0.784797,0.254082,0.523356,3.15758,0.501882,0.903201,-0.818907,-0.426691,-0.641489,7.9955,0.253089,-0.0113867,-0.0153469,-8.63988,-2.75725,0.601603,-0.000484788,
574,-0.014232,-0.0423729,-0.37127,-0.0100364,0.0432196,0,0.462014,0.371401,0.505335,0.856252,-0.055966,-0.0606889,0.509919,0.341955,0.54947,0.523866,-0.523716,-0.468639,-0.881017,0.282799,0.523357,3.36044,0.543187,1.62712,-0.954205,-0.2713,-0.903272,8.2572,-0.0658292,-0.00182848,-0.0484049,-6.9741,-1.08113,0.547912,-0.000254062,
575,-0.0219768,-0.0419921,-0.471614,-0.0211471,0.0487952,0,0.807358,0.423721,0.570623,0.86667,-0.0614684,-0.0722149,0.489785,0.560387,0.544532,0.523855,-0.526364,-0.551065,-0.86547,0.306586,0.523334,2.77342,0.41332,0.989473,-0.0771615,-0.171848,-0.541776,-0.444977,-0.128774,-0.000167361,-0.0565927,1.61117,1.67549,0.3962,-0.000100117,
576,-0.0269775,-0.0412254,-0.259117,-0.0146292,0.0517141,0,0.275965,0.32766,0.604818,0.874265,-0.0529252,-0.0754424,0.476621,0.453343,0.534589,0.523889,-0.529205,-0.325687,-0.705989,0.321879,0.523335,2.43981,0.362417,0.374289,0.508591,-0.24695,-0.78032,-3.80908,-0.268998,0.000537352,-0.0576576,7.35323,4.6816,0.218603,-5.55971e-07,
577,-0.0301518,-0.0401488,0.169424,0.00394322,0.0522041,0,-0.155985,0.121288,0.610559,0.884345,-0.0379353,-0.0733248,0.459475,0.220521,0.520629,0.523901,-0.532151,0.0827391,-0.488029,0.327748,0.52334,2.23487,0.23285,-0.0727006,0.18822,0.223127,-0.864076,-5.49109,-0.067373,-0.000117926,-0.0629264,8.97192,0.404933,0.0204261,0.000103426,
578,-0.0309983,-0.040313,0.526967,0.0226553,0.0509989,0,-0.490188,-0.10203,0.596439,0.893996,-0.0383006,-0.0681493,0.441202,-0.0167416,0.522759,0.523899,-0.53518,0.492173,-0.511463,0.323323,0.523351,2.38261,0.241507,-0.511239,-0.00695873,0.202436,-0.765889,-4.01116,0.0667363,1.7674e-05,-0.0574879,7.41814,-0.409871,-0.196525,0.000122329,
579,-0.0274477,-0.0408865,0.574194,0.0210472,0.0479708,0,-0.762389,-0.135768,0.560969,0.895013,-0.0419848,-0.0709791,0.438351,-0.117574,0.530195,0.523885,-0.537641,0.537786,-0.550183,0.307128,0.523358,2.87301,0.491096,-0.925142,-0.319808,-0.149054,0.000742897,-0.0436171,0.22914,0.000311403,-0.0438584,-1.9027,-1.13342,-0.431931,-4.48482e-05,
580,-0.0211108,-0.0420377,0.405519,0.00693621,0.0434439,0,-0.26,-0.0266498,0.507961,0.894263,-0.0490312,-0.0676251,0.439677,-0.0158336,0.545123,0.523873,-0.538127,0.306708,-0.63036,0.281035,0.523334,3.16356,0.558875,-1.02856,0.680209,1.83196,0.196811,4.07046,0.363015,-0.000467431,0.0942735,-7.28914,-2.06709,-0.610176,-0.00112448,
581,-0.0141543,-0.0434207,0.0104905,-0.0177465,0.038287,0,0.166318,0.171895,0.447601,0.90068,-0.0391867,-0.0285024,0.431773,0.254162,0.563057,0.523889,-0.53314,-0.0958597,-0.735441,0.248308,0.523347,3.66638,0.451564,-1.21825,2.05587,-0.159853,-1.54614,6.63549,0.318656,0.000795033,0.112133,-8.78844,-2.11819,-0.67956,0.000544683,
582,-0.00655903,-0.0427327,-0.364056,-0.0225753,0.0387231,0,0.464889,0.364008,0.452705,0.906685,-0.0269794,0.0039197,0.420925,0.553111,0.554136,0.523771,-0.529228,-0.479408,-0.784138,0.211612,0.523356,4.11953,0.474512,0.44781,0.311655,1.7897,0.470462,2.34612,-0.401997,0.000100667,0.058935,-6.75658,-0.124028,-0.788199,-0.000911924,
583,0.003251,-0.0409277,-0.409499,-0.0304787,0.0394177,0,0.785541,0.399602,0.460834,0.903261,-0.0296726,0.0519699,0.424897,0.521169,0.530729,0.523836,-0.52651,-0.552707,-0.723422,0.172082,0.523332,3.48546,0.450324,0.075847,0.480224,1.22868,0.0297637,-2.14873,-0.537484,0.000697665,0.0583395,1.77192,2.53061,-0.792174,0.000465922,
584,0.0116819,-0.0401393,-0.192292,-0.0172458,0.0407548,0,0.273761,0.294888,0.476483,0.905889,-0.0431036,0.0397265,0.419439,0.342067,0.520505,0.523857,-0.523212,-0.323253,-0.526658,0.134229,0.523349,2.56747,0.345701,0.102032,-0.547964,-0.475231,-0.511668,-4.98741,0.0697513,6.35363e-05,0.0200412,7.35141,5.31882,-0.723425,-0.000230352,
585,0.0205643,-0.0403265,0.212552,0.00520496,0.0414032,0,-0.157131,0.086386,0.484072,0.903328,-0.0249014,0.0418712,0.426174,0.0688432,0.522934,0.523833,-0.523913,0.0842379,-0.498193,0.099799,0.523338,2.20602,0.0537472,0.0436157,1.23724,-0.136067,0.671244,-5.99135,0.0228253,0.000207515,-0.0236564,8.94708,-0.728799,-0.63886,0.000280914,
586,0.028482,-0.0404639,0.564354,0.0243699,0.040572,0,-0.489812,-0.134942,0.474343,0.896619,0.00411386,0.0507433,0.439867,-0.184876,0.524715,0.523842,-0.52499,0.492363,-0.519127,0.0724586,0.523351,2.28361,-0.057659,-0.342762,0.770015,-0.565104,0.660745,-4.17448,0.0515389,0.00021666,-0.0146188,7.39266,-0.167629,-0.456551,0.000450185,
587,0.0355775,-0.041023,0.627058,0.0233391,0.0386563,0,-0.762565,-0.164789,0.451923,0.883938,0.0201169,0.0185347,0.466804,-0.287098,0.531965,0.523834,-0.524924,0.537731,-0.55243,0.0543569,0.523361,2.53184,0.0788455,-0.698224,-0.223296,-1.53855,1.28365,0.0663076,0.232056,0.000318773,0.00646833,-1.90115,-1.15024,-0.250909,-0.000167493,
588,0.039321,-0.042158,0.469353,0.0115395,0.0359489,0,-0.260427,-0.0506602,0.420243,0.871596,-0.00907848,-0.024536,0.489527,-0.170044,0.546683,0.523844,-0.524656,0.306962,-0.639214,0.0485212,0.523366,2.50145,0.74157,-0.575027,-2.55416,-0.151282,0.788465,4.58196,0.357337,-0.0104043,0.0335042,-7.28186,-2.30316,0.0175219,-0.00103565,
589,0.0362187,-0.0430015,0.0491457,0.00988049,0.0373377,0,0.151993,0.164516,0.436493,0.875079,-0.0342302,-0.0323218,0.481684,0.128806,0.557621,0.523896,-0.522759,-0.0873802,-0.754787,0.0581612,0.52339,3.71262,0.920053,1.46479,-1.28839,-0.709413,-0.586036,7.28166,-0.0250842,-0.000372591,-0.0179847,-8.40006,-2.21604,0.342458,0.000682086,
590,0.0288697,-0.0429552,-0.376029,-0.0154014,0.0428058,0,0.460541,0.37066,0.50049,0.882127,-0.0479218,-0.0608259,0.464602,0.492981,0.557021,0.523847,-0.523794,-0.469496,-0.831397,0.0816401,0.523349,3.57731,0.841467,1.10163,-1.32499,-0.159666,-0.872133,7.28348,0.00617661,-0.000837078,-0.0277683,-6.88864,-0.83404,0.598174,-0.000727561,
591,0.0193666,-0.0427805,-0.434718,-0.026372,0.0460977,0,0.807267,0.416447,0.539032,0.887347,-0.0668712,-0.0720245,0.450506,0.541554,0.554755,0.523857,-0.525552,-0.550653,-0.804065,0.115476,0.523328,2.99743,0.719396,0.470533,-0.631774,-0.0248718,-0.581232,-1.5359,-0.0967798,0.000282896,-0.0365245,1.61081,1.90287,0.763139,8.6351e-05,
592,0.00793228,-0.0420567,-0.215705,-0.019972,0.0467854,0,0.275706,0.313375,0.547086,0.894579,-0.0723587,-0.0794871,0.433791,0.388015,0.545369,0.523882,-0.527381,-0.325346,-0.634848,0.156277,0.523331,2.66668,0.704034,-0.155783,-0.0703933,-0.152132,-0.914767,-4.58071,-0.278436,0.000341348,-0.0371062,7.35105,4.84387,0.869548,-7.35389e-06,
593,-0.00486915,-0.0406957,0.191883,-0.000462177,0.0451157,0,-0.156341,0.0987569,0.527534,0.904884,-0.0747989,-0.0797559,0.411374,0.125371,0.52772,0.523885,-0.529098,0.0830662,-0.481838,0.200327,0.523333,2.43634,0.570209,-0.50989,-0.110606,1.21171,-0.860087,-5.92399,-0.433355,0.000636973,0.00735448,8.97483,-0.634555,0.890763,-0.000656534,
594,-0.0172441,-0.0402179,0.518894,0.0185611,0.0420903,0,-0.490551,-0.130317,0.492114,0.914875,-0.0887918,-0.0566198,0.389762,-0.128902,0.521525,0.523873,-0.528663,0.492616,-0.51399,0.242942,0.523344,2.59409,0.57513,-0.918497,-0.215988,1.10446,-0.812545,-4.26039,0.0521765,-0.000269014,0.0104344,7.41941,-0.346684,0.814423,0.000282496,
595,-0.0248591,-0.040564,0.572406,0.0226464,0.0388262,0,-0.761443,-0.164348,0.453912,0.914888,-0.0665636,-0.0377194,0.396393,-0.242228,0.526013,0.523845,-0.52646,0.537895,-0.55388,0.277888,0.523352,2.87249,0.363141,-0.767638,1.8667,0.150267,0.641802,-0.309844,0.141626,0.000149068,0.0742482,-1.91042,-1.25214,0.608524,1.40188e-05,
596,-0.0289448,-0.0414163,0.430257,0.00746085,0.0348102,0,-0.259678,-0.054061,0.40692,0.909596,-0.0225936,-0.0169201,0.414534,-0.153743,0.537066,0.523829,-0.523014,0.30655,-0.644996,0.303019,0.523352,3.21252,0.212932,-0.975832,2.61209,0.50754,0.905236,3.80663,0.294636,-0.000255806,0.0211545,-7.29581,-2.38178,0.397955,-0.000911422,
597,-0.0304842,-0.0417664,0.0686219,0.0109032,0.036778,0,0.150243,0.161385,0.429943,0.899781,-0.0340964,-0.0252299,0.434275,0.0991849,0.541605,0.523793,-0.523281,-0.0847207,-0.760067,0.31813,0.523406,4.17878,0.363649,1.551,-1.38925,-0.53231,0.362316,6.33937,-0.171099,0.000546147,-0.0141957,-8.44995,-2.15663,0.217194,-0.000637054,
598,-0.0312223,-0.0410179,-0.337665,-0.0136557,0.0431558,0,0.461947,0.371523,0.504588,0.895483,-0.0554638,-0.0479471,0.439016,0.420642,0.531899,0.523825,-0.524259,-0.469282,-0.831862,0.32331,0.523354,4.05554,0.371956,1.27299,-1.02462,-0.435204,0.117533,6.52375,-0.161307,0.000350728,-0.0210196,-6.95102,-0.786576,-0.00889463,-0.000614682,
599,-0.0295677,-0.0402826,-0.431094,-0.0245584,0.0472458,0,0.806149,0.419654,0.552478,0.893427,-0.0631927,-0.0625973,0.440314,0.562475,0.522364,0.523857,-0.525558,-0.551064,-0.801979,0.316911,0.523338,3.50268,0.344647,0.652177,-0.166761,-0.407916,0.261132,-0.864334,-0.0881016,0.000130362,-0.0291302,1.61951,1.95616,-0.249766,7.07117e-05,
600,-0.0250287,-0.0403188,-0.237171,-0.0180159,0.0487335,0,0.276024,0.319099,0.569901,0.891509,-0.0550763,-0.0714292,0.443933,0.442366,0.522833,0.523886,-0.527051,-0.325608,-0.629506,0.299385,0.523344,3.16609,0.313149,0.0390596,0.424741,-0.504666,-0.0716184,-3.91506,0.0226053,0.000406917,-0.0311474,7.34804,4.92091,-0.447448,2.49073e-05,
601,-0.019078,-0.0403618,0.17039,0.000663776,0.0479153,0,-0.155915,0.107817,0.560318,0.89298,-0.04651,-0.0742721,0.441483,0.208316,0.52339,0.523888,-0.528781,0.0826552,-0.490963,0.27327,0.523346,2.97777,0.161894,-0.396322,-0.0564041,0.100908,-0.168265,-5.43549,0.0035163,-0.000133273,-0.0386901,8.97282,-0.52411,-0.596048,6.37807e-05,
602,-0.0116789,-0.0403749,0.527253,0.0190909,0.0452344,0,-0.490233,-0.120207,0.528924,0.894341,-0.0498152,-0.0741424,0.438378,-0.0260377,0.523561,0.523879,-0.530605,0.492176,-0.516137,0.240781,0.523351,3.14699,0.129345,-0.863658,-0.163322,0.0257259,-0.0808413,-3.95041,0.00290955,-7.17119e-05,-0.0340285,7.42021,-0.266539,-0.70314,5.91742e-05,
603,-0.00209757,-0.0406519,0.580354,0.0202213,0.0414744,0,-0.762496,-0.156076,0.484906,0.89238,-0.0514731,-0.0509399,0.445437,-0.123867,0.527153,0.523834,-0.529242,0.537817,-0.551079,0.20356,0.523341,3.56962,0.438229,-1.00697,0.610915,1.24253,0.335623,0.0155233,0.139987,0.000728074,0.0586269,-1.90197,-1.12608,-0.769702,0.000272977,
604,0.00777789,-0.0414687,0.412945,0.00692823,0.0367117,0,-0.259804,-0.0480942,0.429168,0.889893,-0.0396366,-0.0236365,0.453828,-0.0181041,0.537745,0.52384,-0.526135,0.306702,-0.634374,0.165687,0.523358,4.02745,0.0870091,-1.02932,1.88132,-0.435269,0.276901,4.16228,0.276282,0.000196168,0.0678727,-7.29644,-2.18472,-0.737725,0.000362771,
605,0.0171088,-0.0418098,0.0126599,0.00295678,0.0357291,0,0.152276,0.159359,0.417671,0.8855,-0.0195592,-0.0116845,0.46408,0.252988,0.542168,0.523727,-0.522034,-0.0870722,-0.740034,0.130911,0.523383,4.87582,0.631629,0.778805,-0.541147,0.839496,0.792546,6.65882,-0.174037,0.0310026,-0.00971413,-8.43422,-1.93882,-0.655948,-5.2127e-05,
606,0.0253422,-0.0407549,-0.402709,-0.020549,0.0393231,0,0.462015,0.361359,0.459726,0.877792,-0.0342592,0.0102463,0.477706,0.561402,0.528488,0.523919,-0.523461,-0.470187,-0.799115,0.102219,0.523349,4.61344,0.494627,0.596616,0.0121169,1.18986,1.10317,2.35661,-0.268644,-0.00421632,-0.0342469,-6.92534,-0.545959,-0.509978,-0.000657065,
607,0.032075,-0.0402013,-0.468238,-0.0305037,0.0407089,0,0.804365,0.402358,0.475946,0.866189,-0.0393539,0.0419847,0.496392,0.519917,0.521309,0.523856,-0.525311,-0.551156,-0.759476,0.0820423,0.523339,4.15498,0.431056,0.0646974,0.712459,1.11275,0.763623,-2.475,0.0437762,-0.000417247,-0.0372707,1.63212,2.10976,-0.29912,0.000119573,
608,0.0352833,-0.0403357,-0.237288,-0.0173072,0.0411006,0,0.275612,0.296899,0.48053,0.859197,-0.0394969,0.0512649,0.507536,0.314306,0.523052,0.523863,-0.526727,-0.325297,-0.582678,0.0734032,0.523357,3.22938,0.186506,0.107392,-0.432968,-0.461342,0.280762,-5.72306,0.0166289,0.000118236,-0.0196878,7.35296,4.94021,-0.0470913,-0.000110231,
609,0.0358347,-0.0403608,0.248501,0.00540129,0.0411563,0,-0.155893,0.0863287,0.481183,0.851554,-0.0336038,0.0459938,0.521163,-0.00558278,0.523377,0.523833,-0.528162,0.082882,-0.492337,0.0770379,0.523339,2.88055,-0.18711,0.0705957,1.52567,-0.422655,1.59513,-6.99943,0.0011599,-0.00065571,-0.0434609,8.95371,-0.730861,0.168549,-0.000281484,
610,0.0355839,-0.040424,0.653032,0.0266746,0.0408433,0,-0.489815,-0.133765,0.477518,0.832042,0.00222706,0.0453677,0.55285,-0.302037,0.524198,0.52384,-0.529957,0.491744,-0.517432,0.0919471,0.523357,2.74592,-0.445239,-0.111391,0.290289,-1.58791,1.52617,-4.87967,0.0371912,0.000284414,-0.0218486,7.41581,-0.227961,0.42577,0.000316966,
611,0.0336268,-0.0409466,0.719789,0.0236414,0.0391168,0,-0.763649,-0.163344,0.457312,0.803537,0.0321791,0.0102905,0.594296,-0.422352,0.530975,0.523834,-0.530631,0.5377,-0.553119,0.118309,0.523358,3.24669,-0.152227,-0.668168,0.0293214,-1.84745,2.08583,0.0382114,0.230594,0.000399373,-0.00773627,-1.89265,-1.19194,0.645164,-0.000130987,
612,0.0275306,-0.0420535,0.554441,0.0162807,0.0375486,0,-0.262645,-0.0460634,0.438961,0.782042,-0.00250234,-0.0379728,0.622062,-0.289602,0.545328,0.523155,-0.530442,0.30788,-0.642042,0.156116,0.523344,2.79673,0.746437,-0.111522,-0.887235,0.94373,0.134126,5.24673,0.36176,-0.0900402,0.0908504,-7.2304,-2.32562,0.885236,-0.00213511,
613,0.0145716,-0.0435398,0.0438942,-0.000984703,0.0368748,0,0.159063,0.165044,0.431077,0.791808,-0.0262588,-0.0204344,0.609863,0.0662927,0.564602,0.523786,-0.524389,-0.0911292,-0.762564,0.205321,0.523393,3.43068,1.16163,0.411964,-0.503907,-0.53194,-1.35578,8.79859,0.21765,0.127648,0.141517,-8.60876,-2.34765,1.0868,0.0071373,
614,-0.000367528,-0.0429439,-0.471833,-0.0119093,0.0430865,0,0.460832,0.372685,0.503777,0.80312,-0.0370859,-0.0535957,0.592242,0.496317,0.556874,0.524259,-0.52273,-0.472197,-0.828838,0.260463,0.523393,3.66506,1.39442,1.4619,-1.15929,-0.618253,-0.876983,8.52768,-0.230264,-0.016114,-0.0245451,-6.81758,-0.596974,1.12943,-0.00219466,
615,-0.0140663,-0.0419306,-0.54123,-0.0227261,0.0479323,0,0.802544,0.421411,0.560517,0.807345,-0.0431672,-0.0727833,0.583981,0.545442,0.543734,0.523886,-0.524392,-0.550957,-0.789578,0.31448,0.523333,3.0981,1.0588,0.832755,-0.361614,-0.462871,-0.304499,-2.04834,-0.295379,-0.00175786,-0.035273,1.64435,2.14307,1.04612,-0.000164689,
616,-0.0263289,-0.0405127,-0.286009,-0.016417,0.0501411,0,0.275561,0.322835,0.586389,0.811815,-0.036382,-0.0845625,0.576612,0.347531,0.525348,0.523887,-0.526195,-0.324995,-0.607713,0.362864,0.523335,2.7442,0.930765,0.193697,0.235245,-0.537345,-0.5052,-5.83709,-0.44051,0.000399079,-0.0374082,7.34397,5.10966,0.89169,2.49217e-05,
617,-0.0366217,-0.0402488,0.250245,0.0022955,0.0499987,0,-0.156164,0.114204,0.584721,0.818863,-0.02861,-0.089534,0.56624,0.0108318,0.521925,0.523894,-0.528231,0.0829994,-0.476294,0.40167,0.523343,2.5523,0.799514,-0.236991,-0.187832,0.0151199,-0.522335,-7.61685,0.0453286,-4.24498e-05,-0.0442538,8.96595,-0.957785,0.662654,0.00014909,
618,-0.0439208,-0.0404253,0.656766,0.0206147,0.0479773,0,-0.490106,-0.111575,0.561044,0.825967,-0.0314658,-0.0941538,0.554908,-0.315413,0.524214,0.523891,-0.530278,0.492186,-0.513777,0.427469,0.523352,2.74089,0.887604,-0.713073,-0.252209,-0.118745,-0.535671,-5.45046,0.0481954,-1.96671e-05,-0.0375955,7.41359,-0.363266,0.371817,8.20242e-05,
619,-0.046197,-0.0408783,0.705933,0.0219895,0.0449209,0,-0.762742,-0.145317,0.525253,0.827698,-0.0354763,-0.077851,0.554614,-0.463186,0.530088,0.523862,-0.528938,0.537798,-0.551933,0.436935,0.523343,3.12794,1.19545,-0.832044,0.433097,1.0129,0.0195111,-0.488008,0.188023,0.000461324,0.0597455,-1.9,-1.15783,0.0256872,0.000230273,
620,-0.0444782,-0.0418982,0.541582,0.00435581,0.0404135,0,-0.259646,-0.0363051,0.472487,0.828649,-0.0431748,-0.055584,0.555326,-0.359095,0.543313,0.523862,-0.525799,0.306699,-0.635129,0.430001,0.523352,3.52657,1.33842,-1.28353,0.0386223,0.808801,0.0870466,4.61122,0.338569,-0.000106784,0.0658502,-7.30237,-2.15953,-0.299428,8.57424e-05,
621,-0.0406028,-0.0429912,0.0861984,-0.000546244,0.0360597,0,0.160872,0.164392,0.421539,0.838198,-0.0259826,-0.0274681,0.544054,-0.0408113,0.557488,0.523851,-0.522799,-0.0947141,-0.745067,0.408742,0.523372,4.66766,1.09715,0.475328,0.765813,0.00773348,-0.802618,7.86703,-0.0365807,-0.00704645,-0.00245368,-8.50283,-2.01552,-0.541068,0.00635412,
622,-0.033821,-0.0420421,-0.397915,-0.0179251,0.0399757,0,0.463569,0.365719,0.467364,0.845313,-0.039173,-0.0230633,0.532335,0.356231,0.54518,0.523794,-0.523722,-0.475653,-0.800975,0.37505,0.523374,4.68692,1.1244,0.886567,-0.252915,0.773943,-0.611346,8.04603,-0.321439,0.00112664,-0.0272278,-6.81831,-0.383149,-0.802998,-0.00153152,
623,-0.0244976,-0.0405956,-0.495259,-0.0283773,0.0424299,0,0.79416,0.407349,0.49609,0.85432,-0.0461316,-0.00362211,0.517683,0.563544,0.526423,0.523838,-0.5253,-0.552043,-0.752503,0.329392,0.523335,4.09018,0.963592,0.279984,0.516056,0.875311,-0.312426,-0.581883,-0.426854,9.7019e-06,-0.0352971,1.70678,2.2968,-1.02963,-0.000104816,
624,-0.0125802,-0.0401678,-0.273586,-0.0207802,0.0424935,0,0.275388,0.300633,0.496835,0.860637,-0.0379143,0.0243121,0.507224,0.445599,0.520876,0.523862,-0.527121,-0.324657,-0.565616,0.274671,0.52334,3.72587,0.866464,-0.239532,1.20086,0.773672,-0.610929,-4.10689,0.0708953,0.000368694,-0.0382029,7.33851,5.15815,-1.15613,5.3599e-05,
625,-0.000387154,-0.0403358,0.182264,0.00431442,0.0410799,0,-0.156492,0.0859341,0.480288,0.868702,-0.0356433,0.0557241,0.490898,0.195523,0.523053,0.523859,-0.529216,0.0831675,-0.493974,0.21624,0.523352,3.02378,0.509368,-0.0384111,-0.836801,-0.147906,-0.810835,-5.88841,0.0182147,0.000210623,-0.0262702,8.97891,-0.751105,-1.18097,0.00138205,
626,0.0134854,-0.0403881,0.567045,0.025242,0.0405243,0,-0.48977,-0.134995,0.473785,0.870395,-0.0233834,0.0478317,0.489468,-0.0548141,0.523732,0.523831,-0.530769,0.492181,-0.517983,0.157256,0.523351,3.00962,0.322922,-0.255509,1.12097,-0.821422,0.497651,-4.15873,0.0123842,5.71916e-05,-0.0338509,7.39734,-0.208439,-1.17148,-8.2507e-05,
627,0.029071,-0.0407998,0.629668,0.0246457,0.0385151,0,-0.763714,-0.165259,0.45027,0.858391,0.00958507,0.0290387,0.512083,-0.155576,0.52907,0.523832,-0.531893,0.53779,-0.553026,0.101551,0.52336,3.2067,0.48085,-0.569356,0.0175658,-1.9927,1.11505,0.101583,0.200701,0.000536097,-0.00902587,-1.89244,-1.18952,-1.03865,4.12226e-05,
628,0.0418133,-0.0418326,0.454352,0.0134724,0.0363777,0,-0.260391,-0.0493942,0.42526,0.847166,-0.00450375,-0.020768,0.530904,-0.036342,0.542464,0.523849,-0.532391,0.307144,-0.641794,0.0561096,0.52337,3.02622,1.27524,-0.385003,-3.17254,-0.723206,0.697788,4.63431,0.329398,-0.000343726,-0.0121677,-7.28972,-2.3484,-0.783238,-9.86972e-05,
629,0.0479077,-0.0428075,-0.00655444,0.00965903,0.0369333,0,0.158873,0.165844,0.431761,0.851622,-0.0299988,-0.0250535,0.522697,0.267039,0.555106,0.523762,-0.52558,-0.0923114,-0.761562,0.0268334,0.523353,3.81401,1.54773,1.47046,-0.57679,-0.249222,-0.589543,7.34537,-0.115375,0.000139284,0.184636,-8.52389,-2.12938,-0.412659,0.00224137,
630,0.049789,-0.0420567,-0.440112,-0.0133466,0.0437127,0,0.46765,0.376669,0.511108,0.856283,-0.0394752,-0.0305932,0.514086,0.584988,0.545369,0.523801,-0.522589,-0.477094,-0.828594,0.0151364,0.523347,3.55802,1.33175,1.3472,-0.276523,0.240084,0.239408,1.2935,-0.166322,-0.000345458,-0.0255111,-6.93412,-0.677309,-0.0693151,-0.000777691,
631,0.0483271,-0.0412643,-0.481883,-0.0234537,0.0482147,0,0.785686,0.423225,0.563825,0.856796,-0.0408107,-0.0241716,0.513469,0.511757,0.535094,0.523862,-0.524016,-0.553384,-0.792528,0.0210306,0.523333,3.13229,1.24823,0.774376,0.3549,0.185799,-0.174386,-3.13253,-0.246078,0.000474407,-0.0291873,1.77277,2.09583,0.298725,8.92064e-05,
632,0.0421077,-0.0401764,-0.223407,-0.0160463,0.0503312,0,0.274774,0.322991,0.588616,0.861386,-0.0283844,-0.0135043,0.506977,0.271777,0.520986,0.523893,-0.525524,-0.324192,-0.612575,0.0444084,0.523338,2.75841,1.1913,0.225853,0.986204,0.0771488,-0.489444,-6.43955,-0.0799927,0.000393143,-0.0319171,7.34572,5.08134,0.63476,8.55474e-06,
633,0.0315356,-0.0402913,0.268745,0.00349298,0.0504969,0,-0.15689,0.115363,0.590557,0.869374,-0.014002,0.00417754,0.493938,-0.0828372,0.522477,0.523897,-0.527315,0.0837726,-0.479296,0.0832408,0.523347,2.59216,1.11132,-0.122972,0.563565,0.66831,-0.671579,-7.73496,0.0359036,-7.05081e-05,-0.039894,8.96376,-0.867756,0.916136,0.000161847,
634,0.0178223,-0.0404359,0.632084,0.0219316,0.0490057,0,-0.490482,-0.108656,0.573089,0.878277,-0.0107143,0.022793,0.477488,-0.411386,0.524352,0.523895,-0.529144,0.492797,-0.514177,0.133771,0.523354,2.81718,1.15425,-0.586284,0.43345,0.49845,-0.804526,-5.42579,0.0415907,-1.47268e-05,-0.0330743,7.4093,-0.343654,1.10358,5.29075e-05,
635,0.00372544,-0.0408999,0.673327,0.0191755,0.045369,0,-0.761834,-0.144004,0.5305,0.881749,-0.0100977,0.0313429,0.470569,-0.543805,0.530369,0.52388,-0.530403,0.537964,-0.550927,0.190053,0.523358,3.3746,1.34483,-1.11118,-0.00721674,0.184815,-0.365821,0.412056,0.198588,0.00026046,-0.0198827,-1.9076,-1.12087,1.16711,-6.26706e-05,
636,-0.0107507,-0.0419166,0.512362,0.000930855,0.0395251,0,-0.259592,-0.0391147,0.462091,0.885502,-0.0166713,0.0308734,0.463309,-0.401659,0.543552,0.523867,-0.53117,0.306661,-0.632012,0.247775,0.523355,3.78837,1.37851,-1.62179,-0.476706,0.0218335,-0.31431,5.23581,0.32577,-0.000242017,-0.0106831,-7.30309,-2.11141,1.14313,-1.97814e-05,
637,-0.0237997,-0.0430305,0.104622,-0.00360151,0.0346265,0,0.163886,0.160173,0.404772,0.886818,-0.014572,-0.000359853,0.461889,-0.0540341,0.557997,0.52381,-0.531528,-0.0951558,-0.738016,0.302063,0.523378,4.14976,0.599646,0.175861,-3.49498,-1.98415,-0.141238,8.555,-0.00976336,-0.000465061,-0.000308769,-8.66795,-1.84739,1.04885,0.00216244,
638,-0.0367702,-0.0413427,-0.340642,-0.00890393,0.0411655,0,0.470914,0.372118,0.481289,0.893042,-0.0437285,-0.0369884,0.446313,0.373576,0.536111,0.523837,-0.52524,-0.482361,-0.779134,0.349865,0.523342,4.33489,0.418378,1.81573,-0.655588,-0.108065,-0.897765,8.65298,-0.575028,-0.000191671,0.180665,-6.90044,-0.0888125,0.850988,-0.000611651,
639,-0.0468551,-0.0400605,-0.424782,-0.0191851,0.0475917,0,0.774421,0.422222,0.556528,0.901978,-0.0445916,-0.0400814,0.427598,0.571497,0.519483,0.523846,-0.52272,-0.55481,-0.715065,0.384181,0.523333,3.67217,0.362119,1.20438,0.344148,-0.0352812,-0.474716,-0.940686,0.0622028,-4.15206e-05,-0.0226474,1.86322,2.62551,0.518712,0.0001884,
640,-0.0522196,-0.0403033,-0.220061,-0.0118426,0.0514799,0,0.274064,0.325891,0.602073,0.908972,-0.0285112,-0.0362057,0.414301,0.448812,0.522632,0.523885,-0.523899,-0.323398,-0.509461,0.400989,0.523344,3.31303,0.357781,0.636924,0.822627,-0.0343797,-0.816774,-3.94244,0.0338159,0.000515264,-0.0262929,7.3448,4.49707,0.159315,4.42664e-05,
641,-0.0538563,-0.040363,0.162258,0.00736651,0.0534965,0,-0.157699,0.124364,0.625702,0.918113,-0.0217871,-0.0222313,0.395094,0.216431,0.523406,0.523898,-0.525516,0.0846041,-0.500428,0.399496,0.523346,3.12581,0.277518,0.255191,0.402156,0.575506,-0.824862,-5.34092,0.00468256,9.22679e-05,-0.0344704,8.96358,-0.685071,-0.219688,6.60235e-05,
642,-0.0508235,-0.0404612,0.483011,0.0258271,0.0536119,0,-0.490614,-0.0943696,0.627055,0.925814,-0.018122,-0.00699473,0.377481,-0.0148241,0.52468,0.523904,-0.527131,0.493308,-0.519479,0.379003,0.523351,3.27408,0.271555,-0.203951,0.321148,0.467721,-0.694846,-3.92049,0.0470108,6.41297e-05,-0.0299226,7.39675,-0.149447,-0.596928,6.30468e-05,
643,-0.041519,-0.0410043,0.53156,0.0235082,0.0517266,0,-0.760013,-0.124046,0.604964,0.925969,-0.0168578,-0.000350603,0.377224,-0.119242,0.531722,0.523896,-0.528252,0.537916,-0.544071,0.339667,0.523357,3.78612,0.453346,-0.682542,0.0295644,0.101923,0.143463,-0.275176,0.233142,0.0003769,-0.0178566,-1.92168,-0.829392,-0.95669,-5.61625e-05,
644,-0.0280147,-0.0422124,0.383196,0.00556918,0.0477871,0,-0.259034,-0.0124966,0.558816,0.923468,-0.0197269,-0.00165679,0.383164,-0.0363839,0.547388,0.523895,-0.528922,0.306157,-0.607242,0.285388,0.523354,4.16919,0.50377,-1.16059,-0.302628,-0.112328,0.368076,3.55881,0.39075,-0.000112676,-0.00910603,-7.30648,-1.68784,-1.21175,-2.46359e-05,
645,-0.0121528,-0.0437415,0.0319064,-0.0220034,0.0418214,0,0.168408,0.183653,0.488967,0.920545,-0.0274528,-0.00856431,0.389577,0.206884,0.567217,0.523885,-0.529288,-0.0974693,-0.691416,0.22144,0.523346,4.33187,0.458474,-1.63011,-0.477508,-0.155223,0.17708,6.15051,0.40066,-8.54141e-05,-0.00594645,-8.82628,-1.67712,-1.34501,-0.000128197,
646,0.00417357,-0.0441181,-0.33779,-0.0264232,0.0368397,0,0.476401,0.36468,0.430666,0.919925,-0.0168865,0.00336957,0.391716,0.507472,0.5721,0.523854,-0.53071,-0.492007,-0.728624,0.153695,0.523329,4.77793,0.394432,0.137726,1.83098,2.0111,0.190186,5.74522,-0.425758,-0.000855333,-0.0821544,-6.82184,0.44303,-1.36316,-0.000396307,
647,0.0197411,-0.0421491,-0.372741,-0.024057,0.0383618,0,0.775806,0.388721,0.448477,0.919755,-0.0101566,0.0290468,0.391284,0.538034,0.546568,0.523844,-0.534172,-0.535034,-0.639904,0.0880096,0.523333,3.16831,0.310808,0.612167,-0.756963,-0.652132,-0.139589,-1.4851,-0.597013,-0.000256104,-0.0498994,1.79289,3.07886,-1.26486,0.000122786,
648,0.0326642,-0.0398842,-0.175978,-0.0158508,0.0398876,0,0.259951,0.284219,0.466333,0.92333,-0.0195487,0.00921884,0.383399,0.398277,0.517198,0.523846,-0.536723,-0.30676,-0.49453,0.0301627,0.523334,2.82105,0.298135,0.14776,-0.691833,-0.248778,-0.611686,-4.08533,-0.128891,4.31884e-05,-0.0559231,7.29287,0.0170951,-1.04748,-2.78378e-05,
649,0.0417872,-0.0401926,0.181278,0.0017347,0.039445,0,-0.167152,0.0737227,0.461153,0.929143,-0.0330684,-0.00174995,0.368234,0.16705,0.521197,0.523845,-0.539524,0.0963074,-0.514572,-0.0148971,0.523346,2.6902,0.216475,-0.366783,-0.613038,-0.156284,-0.703358,-5.15494,0.0807721,-5.41514e-05,-0.0555149,8.81706,-0.290858,-0.757567,0.000169499,
650,0.0479258,-0.0404299,0.479895,0.0221236,0.0371523,0,-0.487754,-0.1475,0.434323,0.932715,-0.0311792,-0.0139217,0.358995,-0.0499791,0.524274,0.523827,-0.542238,0.495901,-0.522028,-0.0448106,0.523346,2.63083,0.0690262,-0.584646,1.14516,-1.1352,0.264706,-3.49721,0.0164301,-0.000319797,-0.0556573,7.17091,-0.0543003,-0.456189,-6.58874e-05,
651,0.0535513,-0.0407844,0.536813,0.0229375,0.0343542,0,-0.759582,-0.177998,0.401586,0.925003,0.0061467,-0.00359377,0.379892,-0.134591,0.528871,0.523797,-0.541368,0.537522,-0.551785,-0.0593994,0.523332,3.03521,0.157452,-0.736764,1.96203,0.836504,0.959916,0.0946895,0.165654,0.000433989,0.0835392,-1.92375,-1.12778,-0.112187,0.000260126,
652,0.0546378,-0.0416133,0.391562,0.022434,0.0337877,0,-0.263782,-0.0579698,0.394959,0.916464,-0.0171806,-0.00731843,0.399681,-0.0336198,0.53962,0.523805,-0.536651,0.307777,-0.638807,-0.0553319,0.523378,2.81991,0.41414,0.497374,-1.72796,-1.63354,0.950097,3.87301,0.245193,-0.000611714,0.110578,-7.1846,-2.29124,0.271796,0.00094361,
653,0.0499714,-0.0424663,0.0344953,0.00505418,0.0383788,0,0.152707,0.166286,0.448676,0.911256,-0.0308799,-0.025557,0.409885,0.218242,0.550681,0.523807,-0.522626,-0.0845917,-0.757841,-0.0311877,0.523351,3.26403,0.301328,0.97222,-0.635053,-0.282294,0.187738,6.32333,0.276515,0.000235324,0.138354,-8.61021,-2.51871,0.679977,-0.000309188,
654,0.040036,-0.0435173,-0.349479,-0.0202011,0.0416866,0,0.470486,0.370812,0.48739,0.909638,-0.0475844,-0.0340954,0.411256,0.532872,0.56431,0.523833,-0.522784,-0.476456,-0.848654,0.0112905,0.523339,3.14025,0.24085,0.666048,-0.254679,-0.034151,-0.0249727,5.16239,0.238502,0.000491603,-0.035519,-7.07143,-1.10871,1.01362,-0.000375044,
655,0.0273228,-0.0441146,-0.407566,-0.0302169,0.0433678,0,0.782661,0.41087,0.50707,0.90764,-0.035599,-0.0283295,0.417278,0.536666,0.572056,0.523858,-0.52496,-0.554339,-0.834663,0.067463,0.523325,2.589,0.186587,0.110866,0.825984,-0.042471,0.134511,-1.80227,0.0801307,0.000159203,-0.0443797,1.79832,1.6434,1.24288,0.000133849,
656,0.0117055,-0.0439987,-0.201483,-0.0228229,0.0426496,0,0.274773,0.30094,0.498662,0.908558,-0.0104453,-0.0184046,0.417222,0.375048,0.570553,0.523872,-0.52722,-0.324359,-0.67904,0.13316,0.523325,2.2612,0.191555,-0.443166,1.33994,-0.0359498,-0.243678,-4.63906,-0.140194,0.000205489,-0.0469209,7.35185,4.56078,1.38546,-4.55054e-05,
657,-0.00573286,-0.0431198,0.19619,-0.00365941,0.0397858,0,-0.156897,0.0815009,0.465142,0.912173,0.0185992,-0.00165917,0.409381,0.112264,0.559155,0.523862,-0.529691,0.0837914,-0.473484,0.20309,0.523328,2.07967,0.0816625,-0.829908,0.919979,0.567535,-0.450893,-5.86286,-0.322789,-0.000370766,-0.054447,8.96288,0.00516814,1.41417,0.000108653,
658,-0.023236,-0.0418068,0.526218,0.0200462,0.035545,0,-0.484844,-0.150243,0.415518,0.91681,0.0226322,0.0186646,0.398245,-0.138094,0.542129,0.523847,-0.532325,0.491589,-0.509362,0.271866,0.523315,1.79197,0.155811,-0.765941,-2.09709,1.17072,-1.24195,-4.15084,-0.376797,0.00130062,-0.0509494,7.18805,-0.526528,1.45606,-0.00222567,
659,-0.0386952,-0.0405341,0.57249,0.0282645,0.0331421,0,-0.770192,-0.181226,0.387407,0.917442,-0.0139358,-0.00975446,0.397505,-0.242337,0.525625,0.523777,-0.533176,0.536538,-0.562131,0.336636,0.523321,1.55743,0.0201294,-0.204494,0.913192,-0.21253,0.635136,-0.0324778,-0.305648,-0.00220842,0.0813073,-1.8391,-1.55648,1.14701,-0.000764913,
660,-0.0480494,-0.0402596,0.435258,0.0252709,0.034174,0,-0.277201,-0.0608011,0.399478,0.907704,-0.0212634,-0.0127958,0.418876,-0.143901,0.522065,0.523377,-0.525043,0.315343,-0.666633,0.385403,0.523385,2.51144,0.362785,0.735604,-2.20246,-1.51015,1.03579,3.86511,0.0419899,0.060813,0.207101,-6.95716,-2.59554,0.818485,0.00161443,
661,-0.0545189,-0.0406762,0.0716871,0.0063729,0.0377885,0,0.139738,0.1583,0.441768,0.901444,-0.0425937,-0.0327228,0.429551,0.122019,0.527468,0.524047,-0.521937,-0.0728531,-0.803401,0.417356,0.523361,2.86902,0.427329,1.03694,-1.80413,-0.439052,0.376681,6.71127,0.106838,-0.00812727,-0.0445808,-8.51707,-2.79514,0.459893,0.000879598,
662,-0.0585775,-0.0406182,-0.327403,-0.0135116,0.0433974,0,0.456996,0.368077,0.507416,0.901753,-0.066919,-0.0671001,0.421736,0.45743,0.526715,0.523862,-0.524248,-0.460433,-0.903075,0.431066,0.523358,2.94033,0.369085,1.23778,-1.19591,-0.709877,-0.596707,6.77746,-0.0413705,-0.00114692,-0.0505648,-7.0334,-1.29457,0.0758294,-0.000473591,
663,-0.0581441,-0.0403331,-0.402188,-0.0248116,0.0473475,0,0.828145,0.418966,0.553669,0.905242,-0.0779321,-0.0850202,0.408944,0.560018,0.523019,0.52386,-0.527205,-0.548911,-0.898133,0.423644,0.52334,2.35877,0.356116,0.615104,-0.379414,-0.365624,-0.375631,-1.30037,-0.0301165,6.99831e-05,-0.0620124,1.46821,1.45912,-0.369155,0.000100794,
664,-0.0524407,-0.0403495,-0.206147,-0.0186918,0.0486276,0,0.276361,0.319283,0.56866,0.909095,-0.0738938,-0.0962501,0.398525,0.423841,0.523231,0.523887,-0.530303,-0.326616,-0.750072,0.395024,0.523344,2.04177,0.39271,-0.0221216,0.256053,-0.459647,-0.650729,-4.12368,0.00798131,0.000396646,-0.0624196,7.37158,4.44135,-0.770645,-9.59708e-06,
665,-0.0425545,-0.0403653,0.169319,0.000364099,0.0475781,0,-0.15624,0.106687,0.556369,0.916396,-0.0580441,-0.0887446,0.385971,0.184912,0.523436,0.523899,-0.531673,0.0827788,-0.492574,0.347855,0.523338,1.80627,0.270682,-0.426628,0.527663,0.593218,-0.650898,-5.41839,0.000820045,-0.00044733,-0.0160136,8.98908,2.36343,-1.10789,0.000222755,
666,-0.0294504,-0.0403735,0.486847,0.0197821,0.0450492,0,-0.491032,-0.121193,0.526755,0.923815,-0.060674,-0.0709174,0.371289,-0.0488088,0.523542,0.523878,-0.532472,0.492937,-0.50478,0.286241,0.52335,1.94858,0.238284,-0.799579,0.0120885,0.752138,-0.545582,-3.94248,0.00165727,-0.000130763,-0.0143551,7.43115,-0.6035,-1.35709,0.000113447,
667,-0.0119619,-0.0406517,0.536873,0.0194733,0.0410792,0,-0.760336,-0.157412,0.480279,0.923779,-0.0688753,-0.0486761,0.373523,-0.153778,0.52715,0.523857,-0.531672,0.53802,-0.556455,0.213618,0.523348,2.42385,0.388744,-1.08205,0.136087,1.24899,0.331634,-0.27572,0.141433,0.00023471,0.0445086,-1.91949,-1.45758,-1.52872,2.86015e-05,
668,0.00695008,-0.041446,0.392073,0.0114533,0.0370567,0,-0.260221,-0.0469848,0.433204,0.923098,-0.0455474,-0.0279355,0.380836,-0.0715598,0.537451,0.523862,-0.528099,0.306681,-0.655775,0.137258,0.523352,2.78553,-0.345143,-0.581975,2.88807,-0.163038,-0.0711167,3.46803,0.24043,0.000888823,0.164035,-7.27975,-2.50123,-1.5135,-0.000357127,
669,0.0257857,-0.0419667,0.0506072,0.00822689,0.0361872,0,0.153934,0.161685,0.423031,0.918194,-0.0306444,-0.0215289,0.394358,0.1656,0.544202,0.523743,-0.522281,-0.0887939,-0.778034,0.0639132,0.523404,3.77767,-0.0883402,1.30926,-1.56094,-0.483045,0.798219,5.85842,-0.304614,0.00102947,-0.00763698,-8.43287,-2.04859,-1.4063,0.00133289,
670,0.0420422,-0.0403123,-0.322464,-0.0126284,0.0428186,0,0.461534,0.37134,0.500641,0.911599,-0.0541852,-0.0381123,0.405708,0.458766,0.522749,0.523813,-0.523569,-0.470885,-0.839207,0.000411411,0.523361,3.68248,-0.128796,1.38349,-0.991457,-0.16543,0.372429,5.90154,-0.346446,0.000744614,-0.0291135,-6.8847,-0.558375,-1.14119,-0.0008861,
671,0.054278,-0.0402477,-0.405504,-0.0231528,0.0474442,0,0.803793,0.420147,0.554801,0.906985,-0.0654353,-0.0460803,0.413488,0.551405,0.521911,0.523857,-0.525266,-0.551,-0.798276,-0.0477781,0.523341,3.14753,-0.141285,0.7908,-0.247657,-0.162464,0.403597,-1.05842,0.0507568,0.000310035,-0.0358419,1.63572,2.17062,-0.789904,9.10623e-05,
672,0.0615356,-0.0403518,-0.217538,-0.0163881,0.0495616,0,0.275643,0.32126,0.579601,0.904606,-0.0633015,-0.0510193,0.418423,0.42654,0.523261,0.523889,-0.527066,-0.325167,-0.615276,-0.0762529,0.523344,2.81807,-0.180871,0.197517,0.244058,-0.274782,-0.0465852,-3.91288,0.0093337,0.000406995,-0.0367028,7.34701,5.12764,-0.350317,-3.50072e-06,
673,0.0624458,-0.0403666,0.170351,0.00242563,0.0494497,0,-0.156285,0.112451,0.578291,0.906537,-0.0619467,-0.0498737,0.414567,0.196218,0.523453,0.523892,-0.529095,0.0830425,-0.480069,-0.0817817,0.523348,2.63819,-0.345755,-0.224372,-0.236989,0.434916,-0.244264,-5.28987,0.00101849,-9.80374e-05,-0.045305,8.97224,-0.841282,0.124713,6.99322e-05,
674,0.057634,-0.0403878,0.507979,0.0208985,0.0475128,0,-0.490539,-0.113241,0.555604,0.909027,-0.0725512,-0.0441439,0.407992,-0.0309739,0.523728,0.523888,-0.531242,0.492566,-0.514297,-0.0643421,0.523352,2.8052,-0.406392,-0.687138,-0.340839,0.357994,-0.245477,-3.80947,0.0108415,-2.76041e-05,-0.0403218,7.42073,-0.339068,0.568755,3.96059e-05,
675,0.0495964,-0.0407282,0.559891,0.0190623,0.0436702,0,-0.761552,-0.149274,0.51061,0.904559,-0.0860163,-0.0459356,0.415048,-0.125315,0.528143,0.52387,-0.532875,0.537896,-0.551596,-0.0273495,0.523357,3.30334,-0.221708,-1.122,-0.655497,0.0024821,0.41583,0.0154785,0.163838,0.000264438,-0.0277193,-1.90957,-1.14716,0.927628,-3.37318e-05,
676,0.0381713,-0.0415003,0.402447,0.0132767,0.0397627,0,-0.260459,-0.0383888,0.464872,0.899712,-0.0652191,-0.0485874,0.42884,-0.0238014,0.538155,0.523884,-0.531646,0.306719,-0.634111,0.0268337,0.523337,3.6704,-0.672521,-0.40196,2.88202,0.356087,0.0425245,3.89391,0.20419,0.00209632,0.200998,-7.27203,-2.14812,1.2607,-0.00101631,
677,0.0222426,-0.0424239,0.016616,-0.0109883,0.0371132,0,0.16267,0.167395,0.433866,0.901811,-0.0138586,-0.00888417,0.431818,0.238915,0.550132,0.523821,-0.522293,-0.094209,-0.745259,0.0952029,0.523351,4.08712,-0.429013,-0.559468,-0.0900104,1.56719,1.07471,6.58071,0.245335,-0.00379354,0.0487015,-8.6484,-2.24943,1.44697,0.00143924,
678,0.00643578,-0.0420754,-0.384731,-0.0213082,0.0382211,0,0.4662,0.362245,0.44683,0.891787,-0.0194529,0.0327619,0.450849,0.544652,0.545612,0.523818,-0.52337,-0.478611,-0.8103,0.17003,0.523355,4.47859,-0.335885,0.568638,1.33371,1.50377,1.00196,3.1685,-0.293724,-0.00034445,-0.0392318,-6.83035,-0.489721,1.53665,-0.000797169,
679,-0.0100221,-0.0406809,-0.446375,-0.0248914,0.0413683,0,0.785277,0.40497,0.483663,0.883017,-0.0119297,0.045776,0.466951,0.524617,0.527529,0.523846,-0.52472,-0.553043,-0.767823,0.246302,0.523343,3.44489,-0.532044,0.6303,0.291902,-0.141827,0.567793,-2.07278,-0.42823,-1.39866e-05,-0.0223069,1.77485,2.16762,1.51363,-0.000182269,
680,-0.0262421,-0.0402006,-0.225828,-0.0170671,0.0429711,0,0.274582,0.301641,0.502426,0.878269,0.0046673,0.0490904,0.475617,0.342765,0.521301,0.523861,-0.525905,-0.323886,-0.587657,0.318345,0.523342,3.08331,-0.57356,0.123237,0.954027,-0.192975,0.233235,-5.17592,0.0568365,0.000257869,-0.0258849,7.34216,5.01856,1.3711,-5.48112e-06,
681,-0.0407817,-0.0403412,0.226192,0.00250649,0.0427721,0,-0.156934,0.0909123,0.500097,0.875896,0.0180772,0.0610981,0.478275,0.0492601,0.523124,0.523859,-0.527449,0.0838773,-0.493569,0.380738,0.523346,2.93781,-0.705492,-0.221047,0.456102,0.460889,0.14396,-6.55358,0.0154568,-0.000106898,-0.0346073,8.95918,-0.686149,1.12491,0.000103229,
682,-0.0519664,-0.0404313,0.598959,0.0228724,0.0417427,0,-0.490644,-0.13161,0.488045,0.875729,0.0156671,0.0476056,0.480194,-0.229634,0.524292,0.523855,-0.528514,0.493,-0.517587,0.428728,0.523356,2.85295,-0.889111,-0.494393,-0.451719,-0.57764,0.0875038,-4.61545,0.0303341,-8.78735e-05,-0.0174996,7.40966,-0.220529,0.790287,-0.000109626,
683,-0.0570162,-0.0408751,0.655682,0.0198672,0.0384014,0,-0.760633,-0.165682,0.44894,0.867801,0.0107348,0.0218131,0.496316,-0.346946,0.530047,0.523837,-0.529012,0.537925,-0.552572,0.457082,0.523357,3.34897,-0.634547,-1.04258,-0.887069,-0.887408,0.819953,-0.102534,0.197548,0.000303436,-0.00522727,-1.91686,-1.17095,0.363392,-8.07789e-05,
684,-0.0570479,-0.0418477,0.494859,0.00974492,0.0336003,0,-0.259803,-0.0578462,0.392766,0.857945,-0.0189598,-0.0179588,0.513078,-0.233085,0.542659,0.523841,-0.529102,0.306437,-0.640225,0.464544,0.523365,3.38037,-0.102002,-0.749459,-2.46048,-0.325725,0.39541,4.58757,0.246592,0.000197098,0.0556832,-7.28699,-2.31517,-0.0585482,-0.000436669,
685,-0.0548759,-0.0416795,0.0709027,0.00617708,0.0371404,0,0.14662,0.160714,0.434185,0.862008,-0.0271388,-0.0114553,0.506038,0.066642,0.540478,0.523631,-0.521024,-0.0812947,-0.754671,0.4523,0.523358,4.24384,0.369522,1.06477,0.206952,0.131581,-0.760727,7.56424,-0.104378,0.0799939,-0.0444671,-8.43379,-2.38475,-0.430013,-0.000161743,
686,-0.0489134,-0.0413224,-0.382413,-0.0200322,0.0408641,0,0.458203,0.363113,0.477762,0.869419,-0.0369137,-0.00906212,0.492611,0.448351,0.535848,0.524064,-0.523633,-0.464806,-0.840171,0.421281,0.523346,4.16739,0.387539,0.617644,-0.247181,0.339286,-0.680464,7.70687,-0.0737767,-0.0084016,-0.0524072,-6.94243,-1.06045,-0.804665,-0.000224199,
687,-0.0384453,-0.0407825,-0.465023,-0.0306973,0.0422269,0,0.818978,0.405697,0.493714,0.875476,-0.0370396,0.00287353,0.481832,0.564735,0.528846,0.523865,-0.526533,-0.54957,-0.825235,0.37245,0.523336,3.5614,0.246334,0.0366878,0.57201,0.444777,-0.253055,-1.49259,-0.205382,-0.00107374,-0.0603677,1.52932,1.63322,-1.14332,0.0001101,
688,-0.0244316,-0.0402107,-0.244881,-0.0233298,0.0412472,0,0.276311,0.297742,0.482246,0.880456,-0.0222016,0.0218155,0.473104,0.407823,0.521432,0.523864,-0.529576,-0.326146,-0.67105,0.309626,0.52334,3.19564,0.213233,-0.483298,1.23237,0.361157,-0.533615,-4.75715,0.0319765,0.000236184,-0.0621778,7.35632,4.51398,-1.36637,-8.28726e-06,
689,-0.00907981,-0.0403354,0.196754,-5.82524e-05,0.0385843,0,-0.155885,0.0783812,0.45108,0.887545,-0.0036596,0.0394782,0.459012,0.131298,0.523049,0.523853,-0.532627,0.0825036,-0.484758,0.238867,0.523343,2.63268,-0.00410036,-0.466828,-0.371963,-0.529392,-0.58695,-6.2979,0.0169951,-0.000297353,-0.0490118,8.98219,-0.0856945,-1.44608,0.00018471,
690,0.00670877,-0.0403933,0.558913,0.0188756,0.0360225,0,-0.490927,-0.149341,0.421105,0.894746,-0.0132955,0.003536,0.446363,-0.140416,0.523799,0.523835,-0.534528,0.492705,-0.5127,0.166921,0.523351,2.63499,-0.0651414,-0.887898,-1.00676,-1.18624,-0.599483,-4.58218,0.0138791,-0.000195345,-0.0341476,7.43465,-0.391424,-1.43641,1.88066e-06,
691,0.0238233,-0.040602,0.61181,0.0273071,0.0326258,0,-0.756997,-0.183474,0.381366,0.892914,-0.00269979,0.00224578,0.450213,-0.261787,0.526506,0.523745,-0.531381,0.5378,-0.558739,0.0965921,0.523319,2.63178,0.118846,-0.306222,2.25142,0.526311,0.762925,-0.227052,0.0405175,0.000446087,0.157983,-1.94509,-1.40894,-1.37678,0.000662409,
692,0.0403552,-0.0409513,0.457733,0.0283914,0.0344843,0,-0.266174,-0.0561496,0.403108,0.88459,-0.0223717,-0.0179077,0.465488,-0.163219,0.531035,0.52372,-0.522545,0.308511,-0.659536,0.033655,0.52337,2.43126,0.434444,1.08239,-1.25948,-0.125003,0.34811,4.0403,0.107071,0.00256738,0.150678,-7.1223,-2.5783,-1.12919,-0.0007921,
693,0.0512734,-0.0416677,0.0566143,0.00387895,0.0386185,0,0.156448,0.168377,0.451481,0.884598,-0.0425266,-0.0349415,0.463096,0.115606,0.540325,0.523812,-0.522681,-0.0871664,-0.794909,-0.0134161,0.523355,2.77229,0.35792,0.870465,-0.779356,-0.819523,-0.788102,7.06952,0.254107,0.00129711,-0.0307287,-8.69118,-2.82632,-0.75036,0.000144851,
694,0.0562035,-0.0420653,-0.362297,-0.0111579,0.0438683,0,0.467515,0.37704,0.512929,0.890011,-0.0608766,-0.0581704,0.448096,0.466643,0.54548,0.523824,-0.52474,-0.476975,-0.893012,-0.0407721,0.523357,2.97874,0.362935,1.56286,-0.895963,-0.272157,-0.681885,6.97149,-0.046965,0.000548069,-0.0515073,-6.93245,-1.12073,-0.344486,-0.000388423,
695,0.0565762,-0.0417471,-0.426772,-0.0218072,0.0491539,0,0.785861,0.425643,0.574826,0.894805,-0.0688184,-0.0677886,0.435881,0.553354,0.541354,0.52386,-0.5276,-0.553293,-0.878489,-0.0476853,0.523335,2.41023,0.270722,0.936663,-0.196732,-0.163865,-0.448801,-1.35503,-0.117375,0.00036068,-0.0587314,1.7712,1.67603,0.0667125,-4.19767e-06,
696,0.0520119,-0.0410095,-0.214639,-0.0149791,0.0518693,0,0.27438,0.327272,0.606636,0.900863,-0.0642701,-0.0733419,0.423008,0.410094,0.53179,0.523894,-0.53052,-0.32396,-0.718648,-0.0340568,0.523336,2.09227,0.251346,0.330046,0.301103,-0.259787,-0.780389,-4.3508,-0.26522,0.000440143,-0.0586798,7.35281,4.69528,0.476837,-6.6262e-06,
697,0.0422234,-0.0401871,0.181151,0.00333591,0.0521184,0,-0.157294,0.120233,0.609554,0.910237,-0.0513726,-0.0756834,0.403857,0.158987,0.521125,0.523905,-0.533467,0.0842186,-0.466872,-0.00116102,0.523342,1.89674,0.145815,-0.140987,0.0820883,0.14205,-0.993903,-5.68332,0.0109138,-0.000177994,-0.0627488,8.96133,1.1724,0.83949,0.000203464,
698,0.0282362,-0.0403594,0.50234,0.0221411,0.0506728,0,-0.49048,-0.103491,0.592618,0.920206,-0.0558788,-0.0729024,0.380505,-0.0854514,0.52336,0.5239,-0.536515,0.492982,-0.502295,0.0475416,0.523352,2.05407,0.121945,-0.566599,-0.231001,0.218723,-0.9894,-4.10681,0.0543747,1.42823e-05,-0.057712,7.40231,-0.730541,1.10464,6.58788e-05,
699,0.0135182,-0.0408794,0.544559,0.0205637,0.0474242,0,-0.760829,-0.137534,0.554567,0.923088,-0.064509,-0.0772962,0.371177,-0.195379,0.530102,0.523885,-0.538997,0.537889,-0.55693,0.105404,0.523357,2.56147,0.279173,-0.973522,-0.541035,-0.113561,-0.28125,-0.310279,0.213677,0.00027538,-0.0443351,-1.9152,-1.44932,1.22815,-4.31664e-05,
700,-0.00158728,-0.041949,0.396905,0.00545427,0.0430177,0,-0.259475,-0.0278883,0.502971,0.924631,-0.0766964,-0.0605813,0.368109,-0.112374,0.543972,0.523883,-0.537927,0.306484,-0.652971,0.167608,0.52334,2.86975,0.234543,-1.17377,-0.100831,1.2251,0.0989082,3.60415,0.34295,-0.0003286,0.056817,-7.30124,-2.38194,1.26188,0.000239238,
701,-0.0185612,-0.0431771,0.0651546,-0.0141112,0.0390875,0,0.16642,0.17442,0.45697,0.935103,-0.0497569,-0.0344041,0.349175,0.129276,0.559899,0.523901,-0.531146,-0.0959525,-0.77327,0.23074,0.523347,3.25922,-0.441607,-0.858389,2.3739,-0.148291,-1.6701,6.07695,0.301904,-0.000703074,0.171895,-8.78926,-2.42676,1.25743,0.000170867,
702,-0.0333842,-0.0426217,-0.263395,-0.0154016,0.0405794,0,0.462831,0.369161,0.474429,0.940687,-0.0386565,-0.0102887,0.336908,0.428285,0.552696,0.523719,-0.523901,-0.479465,-0.838715,0.287774,0.523366,3.95989,-0.453453,1.15732,0.467947,1.31867,-0.0763674,5.9286,-0.489707,0.00267163,0.121327,-6.67861,-0.320783,1.03902,-0.000758163,
703,-0.0445263,-0.0405867,-0.334209,-0.0255055,0.0442086,0,0.788522,0.412089,0.516913,0.942637,-0.0298032,0.0286774,0.331247,0.559442,0.526307,0.52383,-0.523094,-0.552081,-0.786648,0.332241,0.523334,3.43081,-0.347601,0.564201,1.17095,1.36124,-0.0327662,-0.761789,-0.56607,0.000798677,-0.0153672,1.74804,2.37989,0.736577,-0.000124896,
704,-0.0519857,-0.0402201,-0.170359,-0.0175232,0.0455479,0,0.27442,0.308976,0.532594,0.943616,-0.00413324,0.0719196,0.32311,0.462002,0.521554,0.523872,-0.523936,-0.323636,-0.594775,0.360135,0.52334,3.09327,-0.273393,0.0767522,1.87746,1.29979,-0.50151,-3.11605,0.0542608,0.000444405,-0.0192034,7.33944,5.27436,0.384406,7.54491e-05,
705,-0.056482,-0.0403459,0.128769,0.0097153,0.0475446,0,-0.158039,0.105521,0.555976,0.949595,-0.00165021,0.0792358,0.303295,0.278702,0.523184,0.523877,-0.524302,0.0847699,-0.493827,0.370442,0.52337,2.16381,-0.475011,0.486399,-0.489488,-0.0575016,-0.927259,-4.20389,0.0131037,-0.000211015,-0.00447516,8.97768,-0.664031,0.0205058,-0.000488684,
706,-0.0562423,-0.0405226,0.383632,0.0274798,0.0484906,0,-0.49142,-0.110966,0.567056,0.955822,-0.0143588,0.0729965,0.284375,0.0968155,0.525476,0.523875,-0.524448,0.494086,-0.517539,0.361159,0.523354,2.2872,-0.524455,-0.0448563,-0.499478,-0.150114,-0.744293,-3.08037,0.0788374,2.03857e-05,-0.00130177,7.4073,-0.220171,-0.388682,-0.000120947,
707,-0.0488978,-0.0412129,0.4268,0.0243017,0.0470406,0,-0.757736,-0.138853,0.550074,0.956016,-0.0274349,0.05943,0.285917,0.0153363,0.534427,0.523868,-0.524194,0.538111,-0.548647,0.330853,0.523357,2.79046,-0.423538,-0.605173,-0.773328,-0.481497,0.222081,-0.191586,0.276716,0.000412249,0.00855563,-1.94028,-1.01764,-0.802993,-6.36801e-05,
708,-0.0363072,-0.0425932,0.304819,0.00624689,0.0433935,0,-0.25854,-0.0263053,0.50737,0.953037,-0.0449996,0.0391941,0.296918,0.0832495,0.552326,0.523869,-0.5236,0.305768,-0.623656,0.282602,0.523353,3.14119,-0.415893,-1.09144,-1.11351,-0.664212,0.554232,2.88363,0.436141,-9.02928e-05,0.0149183,-7.31151,-1.97195,-1.12367,-2.95767e-05,
709,-0.0202854,-0.044149,0.0231206,-0.0172201,0.0388814,0,0.169067,0.174913,0.454557,0.94995,-0.0307795,0.0048987,0.310842,0.279408,0.572501,0.523868,-0.523516,-0.0981185,-0.723203,0.221238,0.523346,3.30064,-0.639931,-1.15359,0.694145,-2.02651,0.269108,4.92114,0.37953,0.000171719,-0.00210974,-8.82839,-2.0154,-1.32202,-0.000136275,
710,-0.00258865,-0.0440352,-0.282293,-0.0195539,0.0382374,0,0.473167,0.366817,0.447021,0.94532,-0.0200222,0.00106388,0.325529,0.515687,0.571025,0.523823,-0.525653,-0.488308,-0.769181,0.153204,0.523334,3.75532,-0.793349,0.796267,0.749179,1.09689,0.763682,4.52878,-0.426975,0.000153485,-0.0808643,-6.80752,0.130943,-1.39884,-0.000315844,
711,0.0153619,-0.0421785,-0.339397,-0.0290087,0.0404067,0,0.762774,0.403705,0.472408,0.93937,-0.00217294,0.0375091,0.34084,0.535604,0.546949,0.523844,-0.529811,-0.555933,-0.69558,0.0843834,0.523323,3.24955,-0.687187,0.239275,1.40755,1.08092,0.51289,-1.29915,-0.537479,2.87783e-05,-0.0821758,1.9603,2.79206,-1.35042,7.26073e-05,
712,0.0308037,-0.0400347,-0.167925,-0.0129166,0.0420219,0,0.271908,0.297785,0.491314,0.937267,0.00843638,0.0427243,0.345882,0.410709,0.51915,0.523862,-0.533243,-0.321642,-0.500572,0.0215953,0.52335,2.16834,-0.627018,0.520958,-0.565781,-0.605622,-0.062581,-3.67852,-0.155414,3.36318e-05,-0.0604112,7.36574,1.99686,-1.15829,-0.000157783,
713,0.0425331,-0.0402279,0.160592,0.00534459,0.0432933,0,-0.160268,0.0908265,0.506198,0.938884,-0.00448946,0.0279945,0.343063,0.200783,0.521655,0.523856,-0.536367,0.0871272,-0.508173,-0.0290442,0.523349,2.01995,-0.748204,0.041268,-0.680123,-0.311583,-0.19925,-4.70975,0.0641664,-9.85042e-05,-0.062345,8.97227,-0.470917,-0.871574,1.77955e-05,
714,0.0503673,-0.0405375,0.452512,0.0230171,0.0423163,0,-0.49242,-0.13133,0.49476,0.940505,-0.0179813,0.013434,0.339037,0.000124477,0.52567,0.523855,-0.539324,0.495871,-0.5209,-0.063831,0.523352,2.17333,-0.847401,-0.496132,-0.727463,-0.408342,-0.180495,-3.32759,0.0967491,6.79285e-06,-0.0559785,7.39004,-0.0974334,-0.523202,3.77454e-05,
715,0.0556905,-0.0412344,0.502412,0.0203726,0.0391014,0,-0.754201,-0.163777,0.457131,0.936117,-0.0334538,-0.00876843,0.349985,-0.080786,0.534706,0.523841,-0.541727,0.538435,-0.54976,-0.0815001,0.523356,2.67664,-0.738127,-0.995463,-1.02436,-0.742457,0.547224,0.0742964,0.261935,0.000307796,-0.0429268,-1.96958,-1.04931,-0.166801,-3.30721e-05,
716,0.0562944,-0.0422814,0.358233,0.0117161,0.035472,0,-0.259835,-0.051698,0.414664,0.932412,-0.0239155,-0.0128268,0.360377,0.0118658,0.548283,0.523854,-0.538921,0.306069,-0.630363,-0.079505,0.523324,3.0548,-0.85313,-0.55258,2.15718,0.303744,-0.0172098,3.55166,0.25827,0.000371851,0.201262,-7.27273,-2.16146,0.254083,3.16428e-05,
717,0.0530058,-0.0424271,0.0304366,0.00629798,0.0367272,0,0.151735,0.161904,0.429349,0.925834,-0.0245796,-0.017578,0.37672,0.244601,0.550173,0.523796,-0.52868,-0.086011,-0.732682,-0.0584852,0.523393,3.92836,-0.368083,1.10307,-1.36136,-0.554749,0.992811,5.75286,-0.204473,-1.08552e-05,0.20025,-8.46369,-1.89221,0.602857,-0.000425805,
718,0.0457265,-0.0416214,-0.33335,-0.0190877,0.0407593,0,0.463614,0.365795,0.476535,0.916302,-0.0442106,-0.0398621,0.39604,0.530663,0.539725,0.523826,-0.521897,-0.471172,-0.793711,-0.0193433,0.523346,3.76181,-0.372796,0.74659,-0.662803,-0.626676,0.86576,4.71469,-0.203892,-2.5886e-05,-0.0137591,-6.95834,-0.575639,0.954526,-0.000614153,
719,0.0346027,-0.0405911,-0.403006,-0.0293465,0.042758,0,0.800245,0.408114,0.499931,0.907255,-0.0525099,-0.0481702,0.414501,0.534645,0.526364,0.523854,-0.523437,-0.551802,-0.753826,0.0355962,0.523334,3.23691,-0.374312,0.182776,-0.193937,-0.241217,0.658339,-1.66963,-0.327347,0.000165513,-0.0322098,1.66265,2.13212,1.24171,0.000160449,
720,0.0198242,-0.0402283,-0.208674,-0.0225089,0.0422928,0,0.275889,0.300398,0.494485,0.9021,-0.0475797,-0.0537515,0.425514,0.380396,0.521659,0.52387,-0.525065,-0.325368,-0.57486,0.102624,0.523341,2.9047,-0.400016,-0.406474,0.375673,-0.358112,0.221598,-4.47747,0.0482131,0.000223129,-0.0335515,7.34462,5.00538,1.43993,5.43695e-05,
721,0.00228809,-0.0403454,0.194549,-0.00258465,0.0398155,0,-0.156465,0.0819977,0.46549,0.902144,-0.0441741,-0.045697,0.426728,0.124137,0.523178,0.523838,-0.526492,0.0830384,-0.498743,0.176933,0.523338,2.71473,-0.488014,-0.719486,0.468048,0.935993,-0.170976,-5.76122,0.0123758,-0.000633729,-0.00872795,8.9868,-0.595604,1.53118,-7.71965e-05,
722,-0.01525,-0.0403672,0.543117,0.0187702,0.0361587,0,-0.490608,-0.149009,0.422698,0.902631,-0.0307723,-0.0210831,0.428797,-0.12033,0.523461,0.523825,-0.52694,0.492881,-0.518709,0.251617,0.523348,2.72295,-0.61743,-0.899301,2.06589,0.0561542,0.694088,-3.99465,0.00153335,-0.000180232,-0.0113636,7.41234,-0.178718,1.44235,0.000147008,
723,-0.0284478,-0.0406241,0.605924,0.0253632,0.0319376,0,-0.766031,-0.185873,0.373316,0.89076,0.00386227,0.0019262,0.454454,-0.217206,0.526792,0.523646,-0.526575,0.538337,-0.554592,0.318378,0.523354,2.53665,0.177225,-0.501465,-1.12383,0.952746,0.467163,0.102321,0.113628,-0.000720972,0.0411879,-1.87633,-1.25213,1.2561,9.47022e-05,
724,-0.0404572,-0.0410508,0.444526,0.0275831,0.0344024,0,-0.268055,-0.0582505,0.40215,0.884469,-0.0205803,-0.0157433,0.465879,-0.101527,0.532325,0.523925,-0.522776,0.311941,-0.646132,0.373952,0.523366,2.51285,0.217465,0.983282,-0.261982,-0.308136,0.0453391,4.37449,0.128336,0.0142025,0.0105869,-7.16978,-2.43505,0.996559,-0.000901074,
725,-0.0499834,-0.041869,0.0326491,0.00243687,0.0379166,0,0.154992,0.165283,0.443267,0.881989,-0.0364685,-0.0325036,0.468732,0.192328,0.542935,0.523882,-0.523351,-0.0854135,-0.774389,0.415354,0.523356,2.80204,0.293804,0.718155,-1.27065,-0.500005,0.0343462,7.3338,0.28162,-0.00219965,-0.012438,-8.70838,-2.68669,0.667232,0.000120888,
726,-0.0564814,-0.0420637,-0.391807,-0.0137209,0.0436703,0,0.468813,0.375967,0.510612,0.883134,-0.0548715,-0.06334,0.461575,0.548508,0.54546,0.523836,-0.524338,-0.475826,-0.863019,0.439636,0.523355,2.95982,0.298358,1.30312,-1.17955,-0.572985,-0.17288,5.76571,-0.000632364,-0.000601351,-0.0256869,-7.02196,-1.0477,0.287282,-0.000610162,
727,-0.0570428,-0.0418951,-0.447246,-0.0246897,0.0477824,0,0.78589,0.422248,0.558762,0.880286,-0.0647786,-0.0809142,0.462983,0.541134,0.543274,0.523861,-0.525983,-0.553739,-0.845143,0.442621,0.523335,2.40867,0.212273,0.654141,-0.363272,-0.480399,0.0546304,-2.26969,-0.0879134,0.000348655,-0.0342692,1.77226,1.73844,-0.152515,4.48774e-05,
728,-0.0528274,-0.0412315,-0.220759,-0.0182548,0.0492126,0,0.274885,0.319909,0.575513,0.879507,-0.0599866,-0.0933399,0.462771,0.349451,0.534669,0.523889,-0.527732,-0.324441,-0.682833,0.424742,0.523337,2.07086,0.198968,0.00892827,0.2437,-0.550081,-0.183999,-5.37229,-0.25627,0.000372046,-0.0362737,7.35043,4.73206,-0.557798,-3.09435e-05,
729,-0.044588,-0.040152,0.223642,0.000386273,0.0481214,0,-0.156804,0.107923,0.562732,0.881677,-0.0494439,-0.100582,0.458349,0.0473183,0.52067,0.523892,-0.529628,0.0836784,-0.485654,0.388067,0.52334,1.86749,0.091421,-0.429464,0.00479904,0.0908955,-0.283802,-6.70407,-0.0720046,-0.000190207,-0.0298256,8.96423,-0.0123977,-0.904608,-0.000216085,
730,-0.0327869,-0.0402992,0.584303,0.020454,0.0458432,0,-0.490506,-0.118627,0.536052,0.886473,-0.0506907,-0.0811511,0.452781,-0.239507,0.52258,0.523881,-0.529069,0.492808,-0.512517,0.335916,0.523345,2.02009,0.0765762,-0.732427,0.247102,0.755726,-0.220194,-4.77962,0.052698,-8.45526e-05,0.0168473,7.41006,-0.383465,-1.17868,0.000343497,
731,-0.0167989,-0.040784,0.63775,0.0202237,0.0420777,0,-0.762389,-0.154309,0.491967,0.8841,-0.0558316,-0.0625159,0.459719,-0.367453,0.528866,0.523847,-0.527391,0.53803,-0.552954,0.271652,0.52335,2.49162,0.33735,-1.00792,0.395132,1.05752,0.3013,-0.362978,0.197153,-3.15053e-05,0.0609579,-1.9035,-1.22709,-1.37223,-0.000175659,
732,0.000316847,-0.0418034,0.482772,0.0084275,0.0370884,0,-0.260555,-0.047049,0.433576,0.882927,-0.0573482,-0.0343967,0.464724,-0.269941,0.542085,0.523839,-0.523608,0.306989,-0.641081,0.201836,0.523349,2.96763,0.0708586,-0.882748,1.89247,0.226624,-0.352837,4.13795,0.298047,0.00139119,0.0968372,-7.27796,-2.27264,-1.39678,0.000389954,
733,0.0153759,-0.0426775,0.0880882,0.00303335,0.0351351,0,0.155163,0.159185,0.410721,0.889815,-0.0235517,-0.0163146,0.455421,0.0136291,0.553419,0.523637,-0.523078,-0.0902591,-0.756396,0.134417,0.523401,4.04958,0.132058,0.804181,-1.69275,-0.377072,0.284176,7.10447,-0.118182,-0.00286056,-0.0150184,-8.42103,-2.05607,-1.3246,0.0034044,
734,0.0298757,-0.0411012,-0.337314,-0.0115071,0.0415379,0,0.458591,0.367158,0.485649,0.88871,-0.0455934,-0.0385641,0.454564,0.372766,0.532979,0.523762,-0.524636,-0.469482,-0.811549,0.0730166,0.523371,4.05334,0.113093,1.48648,-0.954758,-0.233793,-0.196623,7.31687,-0.468793,0.00237102,-0.0378338,-6.81378,-0.393917,-1.13725,-0.00133282,
735,0.041098,-0.0401521,-0.436673,-0.0220444,0.0466174,0,0.810943,0.417546,0.545118,0.891095,-0.053805,-0.0491996,0.447921,0.561807,0.520671,0.523843,-0.526734,-0.550042,-0.763299,0.022845,0.523338,3.47776,0.0510689,0.895048,-0.128016,-0.216927,-0.0153783,-0.568713,0.0495712,0.000297529,-0.0452769,1.58423,2.298,-0.880273,-4.02339e-05,
736,0.0490652,-0.0403252,-0.240633,-0.0153442,0.0491822,0,0.27594,0.320328,0.575157,0.893119,-0.047624,-0.0545336,0.443955,0.455179,0.522916,0.523882,-0.528998,-0.325489,-0.574577,-0.0124717,0.523343,3.14115,-0.00565516,0.302499,0.3625,-0.333443,-0.432468,-3.67107,0.0230795,0.000509252,-0.0457691,7.34701,5.22913,-0.532959,5.72106e-05,
737,0.0518126,-0.0403643,0.161721,0.00348331,0.0496024,0,-0.156185,0.113023,0.580079,0.899078,-0.0463494,-0.0519571,0.432216,0.232398,0.523423,0.523889,-0.531546,0.0828721,-0.496631,-0.0291903,0.523347,2.96569,-0.163482,-0.118895,-0.100649,0.391293,-0.559686,-5.22778,0.00293618,-9.33044e-06,-0.0541893,8.97746,-0.655527,-0.141906,5.35737e-05,
738,0.0498645,-0.040405,0.5066,0.021941,0.0481047,0,-0.490673,-0.111408,0.562537,0.905233,-0.0526732,-0.0461585,0.419105,0.00665634,0.523951,0.523888,-0.534124,0.492629,-0.518292,-0.0267064,0.523351,3.12371,-0.200801,-0.584419,-0.185868,0.312142,-0.549481,-3.81303,0.0191182,-1.81651e-06,-0.0487642,7.42496,-0.192285,0.237844,5.33846e-05,
739,0.0453101,-0.0407904,0.55484,0.0201051,0.0447039,0,-0.761292,-0.146063,0.522712,0.90432,-0.0615183,-0.0480529,0.419657,-0.0881119,0.528949,0.523873,-0.536167,0.537927,-0.548095,-0.00726284,0.523357,3.6166,0.00409189,-1.01908,-0.480061,-0.0455297,0.12021,0.00189332,0.178961,0.000284012,-0.0357424,-1.91171,-0.994019,0.556818,-3.02798e-05,
740,0.0371426,-0.0417132,0.389102,0.00989557,0.0397693,0,-0.260297,-0.0383384,0.464948,0.902601,-0.0703383,-0.0499553,0.421745,0.0120612,0.540915,0.523872,-0.53659,0.306664,-0.62326,0.0280654,0.523339,4.00999,-0.0295087,-0.735839,1.85074,1.1276,-0.257218,3.87206,0.221413,0.00296759,0.165743,-7.27623,-1.99131,0.867391,-0.00165427,
741,0.0238668,-0.042525,0.0107272,-0.0156064,0.0363071,0,0.165036,0.165382,0.424434,0.913191,-0.0156338,-0.0044384,0.407207,0.269301,0.551442,0.523868,-0.526346,-0.0951382,-0.726672,0.0776079,0.523336,4.34124,-0.161027,-1.01073,2.17099,0.805179,-0.53768,6.42855,0.223321,-0.00761973,0.205377,-8.74749,-2.12663,1.09913,0.000915023,
742,0.0112313,-0.0418089,-0.36141,-0.0164367,0.0373243,0,0.465944,0.359947,0.436337,0.908764,-0.0176846,0.030663,0.415806,0.559973,0.542156,0.523769,-0.522652,-0.479015,-0.781112,0.134535,0.523357,3.98088,-0.226149,1.05249,-0.843688,0.110993,0.80635,2.17188,-0.397953,0.000818079,-0.021181,-6.8083,-0.290659,1.18625,-0.00055439,
743,-0.00162308,-0.040203,-0.413627,-0.0258599,0.0407176,0,0.784979,0.403208,0.476047,0.902171,-0.0295063,0.0285814,0.429418,0.52125,0.521332,0.523833,-0.523874,-0.552987,-0.729241,0.194561,0.523338,3.53967,-0.202136,0.534222,-0.185695,0.0309078,0.418608,-2.26227,-0.181046,0.000369116,-0.0249901,1.77692,2.34314,1.21356,-3.21598e-05,
744,-0.0150708,-0.0402664,-0.200077,-0.018318,0.0418596,0,0.274531,0.298374,0.489414,0.899613,-0.02594,0.0290425,0.434948,0.336122,0.522153,0.523857,-0.525159,-0.323806,-0.540868,0.253552,0.523343,3.18223,-0.215896,-0.000868703,0.421206,-0.0890217,0.0295291,-5.11955,0.0445553,0.000314081,-0.0270137,7.34126,5.17093,1.14855,6.10399e-05,
745,-0.0279408,-0.0403551,0.219408,0.00105217,0.0411796,0,-0.157173,0.0857654,0.481455,0.899794,-0.0285701,0.0379838,0.433719,0.0500027,0.523303,0.523855,-0.526803,0.084074,-0.503221,0.307179,0.523347,3.02911,-0.321062,-0.365868,-0.0400272,0.535253,-0.0615992,-6.31519,0.00776513,-8.69755e-05,-0.0350614,8.96286,-0.554632,0.994009,7.26562e-05,
746,-0.0369051,-0.0403748,0.573756,0.0263068,0.0394367,0,-0.489874,-0.138505,0.461056,0.894613,-0.0112903,0.0450338,0.444423,-0.215167,0.52356,0.523832,-0.528558,0.49238,-0.519821,0.349607,0.523354,2.52256,-0.704482,-0.151323,0.503409,-1.76635,0.963388,-4.31037,0.0120553,0.000312329,-0.0200407,7.39506,-0.138475,0.710533,0.000690354,
747,-0.039767,-0.0408033,0.641023,0.0238109,0.0377587,0,-0.762158,-0.167566,0.441419,0.877569,0.0187713,-0.000526463,0.479083,-0.322237,0.529116,0.523826,-0.529034,0.537715,-0.552136,0.376816,0.52336,2.98544,-0.527627,-0.651492,0.0768392,-2.22765,1.68193,0.0039184,0.205467,0.000377272,-0.00414478,-1.90426,-1.14379,0.396162,-0.00017884,
748,-0.0407779,-0.0418226,0.483113,0.018409,0.0369261,0,-0.265145,-0.048822,0.431676,0.866759,-0.00684165,-0.0259548,0.498005,-0.205414,0.542334,0.521852,-0.526309,0.309328,-0.638408,0.389347,0.523332,2.75421,0.524354,0.0907788,-1.01038,1.33324,0.117016,4.63408,0.334963,-0.0378196,0.13553,-7.18752,-2.28475,0.112178,-0.000275957,
749,-0.0417312,-0.0432189,0.0541519,-0.00202615,0.0367023,0,0.158234,0.163526,0.429059,0.872724,-0.0308744,-0.0193617,0.486852,0.106065,0.56044,0.524653,-0.522533,-0.0892532,-0.757947,0.388489,0.523356,3.39737,0.547986,0.298559,-0.2004,-0.819686,-1.54723,7.68582,0.255952,0.00980948,-0.0174197,-8.6744,-2.39048,-0.127663,0.00159125,
750,-0.0400597,-0.0425373,-0.380543,-0.0111731,0.0430733,0,0.462957,0.373091,0.503622,0.880459,-0.0461456,-0.0439457,0.469821,0.484132,0.551601,0.524026,-0.524378,-0.473151,-0.822973,0.374,0.523359,3.63146,0.69988,1.53999,-1.0277,-0.300322,-0.717054,7.54952,-0.271361,-0.00922223,-0.0437513,-6.87065,-0.559163,-0.436011,-0.000930037,
751,-0.0341855,-0.0413778,-0.447845,-0.0219421,0.0482722,0,0.798212,0.422592,0.564498,0.884833,-0.0551792,-0.054516,0.459407,0.564011,0.536566,0.523863,-0.526901,-0.551611,-0.781743,0.344703,0.523332,3.02763,0.578659,0.913925,-0.196624,-0.176943,-0.306069,-1.82411,-0.329423,-0.000411659,-0.052623,1.67658,2.18313,-0.727165,2.2466e-05,
752,-0.0252239,-0.0402028,-0.226669,-0.0152389,0.0508803,0,0.27542,0.324876,0.595049,0.88953,-0.0493453,-0.0593447,0.45031,0.39403,0.521329,0.52389,-0.529537,-0.324845,-0.597678,0.302995,0.523337,2.67588,0.563499,0.309313,0.450052,-0.308562,-0.600149,-4.94964,-0.0360243,0.000484615,-0.0534194,7.34407,5.15798,-0.93807,2.86123e-05,
753,-0.0148211,-0.0403132,0.200014,0.00366708,0.0513257,0,-0.15638,0.118279,0.600267,0.897154,-0.0436996,-0.0573853,0.435788,0.111401,0.52276,0.523897,-0.532389,0.0831982,-0.496046,0.252869,0.523345,2.48758,0.471967,-0.102556,-0.00149571,0.28616,-0.680837,-6.34464,0.0271055,-9.8887e-06,-0.0597233,8.96775,-0.593846,-1.06741,0.000135346,
754,-0.0034157,-0.0404421,0.546761,0.0220873,0.0498999,0,-0.490244,-0.105621,0.583564,0.904593,-0.0464423,-0.0533349,0.420369,-0.16189,0.524432,0.523897,-0.535214,0.492398,-0.517861,0.198146,0.523351,2.66952,0.478805,-0.568656,-0.0928171,0.180774,-0.660885,-4.60088,0.0412007,-4.0926e-06,-0.0531576,7.41246,-0.205662,-1.1212,6.45525e-05,
755,0.00980776,-0.0409111,0.596758,0.0202891,0.0465765,0,-0.762111,-0.140152,0.54464,0.904769,-0.0525756,-0.0571741,0.41876,-0.287877,0.530514,0.523881,-0.53747,0.53782,-0.547296,0.141816,0.523357,3.18401,0.669986,-1.00028,-0.438176,-0.136719,0.0247069,-0.461457,0.200584,0.000279662,-0.0399505,-1.90497,-0.965949,-1.11411,-4.08581e-05,
756,0.0224395,-0.0419438,0.445467,0.00615305,0.0415874,0,-0.25993,-0.0325461,0.486228,0.903244,-0.0639404,-0.0606036,0.419987,-0.202331,0.543906,0.523873,-0.538349,0.306666,-0.620121,0.0892021,0.52334,3.48543,0.656836,-1.10572,0.368761,1.78599,0.289563,3.83465,0.324311,-0.00012452,0.0970642,-7.29032,-1.94182,-0.991398,-0.0016127,
757,0.0318517,-0.0431785,0.0756056,-0.014037,0.0374773,0,0.166066,0.169262,0.438126,0.910009,-0.0372304,-0.0222812,0.412313,0.062283,0.559916,0.523875,-0.531525,-0.0956207,-0.719908,0.0462245,0.523346,3.91387,-0.0489812,-0.852905,2.70194,-0.549259,-1.20365,6.71656,0.30941,-0.000167886,0.147694,-8.78703,-2.03989,-0.725264,0.000349663,
758,0.0382268,-0.0428626,-0.312261,-0.0202868,0.0380402,0,0.467174,0.363155,0.444713,0.914297,-0.0217976,0.00234961,0.40445,0.396428,0.55582,0.52375,-0.525516,-0.481629,-0.768735,0.015937,0.523363,4.48839,-0.0537115,0.686484,0.401666,1.35775,-0.09108,6.69683,-0.360795,0.00190366,0.0997268,-6.77722,-0.0648888,-0.476228,-0.000720863,
759,0.0413198,-0.0412376,-0.396061,-0.030106,0.0397116,0,0.780222,0.400791,0.464273,0.916564,-0.0194831,0.0416258,0.397237,0.564819,0.534747,0.523825,-0.523012,-0.553594,-0.705308,-0.000247637,0.523332,3.8998,-0.0493635,0.117668,0.987324,1.44146,-0.0756878,-0.711043,-0.481176,0.000300474,-0.00961284,1.81466,2.57851,-0.182538,-0.000149276,
760,0.0408778,-0.0400658,-0.208508,-0.0158648,0.040778,0,0.273772,0.294948,0.476754,0.919143,-0.0213643,0.0505351,0.390085,0.458341,0.519553,0.523854,-0.52352,-0.323238,-0.505959,-0.00151225,0.523349,2.93067,-0.0499271,0.238462,-0.393335,-0.228047,-0.554507,-3.52347,0.0602886,0.000210868,-0.0113089,7.35047,4.31831,0.132431,-0.000135292,
761,0.0360621,-0.0403043,0.149714,0.00305704,0.0410222,0,-0.158247,0.0847289,0.479613,0.924346,-0.0404491,0.0488945,0.376242,0.248547,0.522646,0.523849,-0.524393,0.0850806,-0.500222,0.0127238,0.523349,2.77356,-0.171568,-0.173363,-0.731276,0.36964,-0.660068,-4.85662,0.0335557,-9.49693e-05,-0.0193799,8.97015,-0.699999,0.430404,2.90788e-05,
762,0.0311496,-0.0404195,0.474976,0.0255537,0.0405071,0,-0.490029,-0.135464,0.473584,0.919866,-0.0161404,0.0584974,0.38751,0.0451158,0.524139,0.52383,-0.525971,0.492967,-0.519602,0.038338,0.523345,2.56713,-0.420709,-0.229076,0.825242,-0.436225,0.707445,-3.41011,0.0370818,0.000440554,-0.0263364,7.38086,-0.150283,0.626983,0.000596973,
763,0.0259963,-0.040938,0.541756,0.0247032,0.0391604,0,-0.761153,-0.163253,0.457823,0.908023,-6.10241e-05,0.0276551,0.418007,-0.0360408,0.530863,0.523831,-0.526436,0.537785,-0.552102,0.0733657,0.52336,2.79137,-0.258279,-0.563641,-0.103249,-1.52055,1.42991,0.150024,0.225948,0.000401847,-0.00396842,-1.91233,-1.13573,0.792847,-0.000146336,
764,0.0191325,-0.0421135,0.387335,0.0117072,0.036013,0,-0.259752,-0.0501315,0.420993,0.892516,0.00459348,-0.0113571,0.450849,0.0694722,0.546106,0.523839,-0.526464,0.306357,-0.637422,0.116611,0.52336,2.92296,0.390684,-0.555072,-2.48666,-0.58075,1.4517,4.04027,0.361122,0.000362559,-0.00447931,-7.28608,-2.27224,0.930788,0.000625895,
765,0.00836804,-0.0429682,-0.0129761,0.00897153,0.037082,0,0.155155,0.164665,0.433501,0.886582,-0.0321039,-0.0249618,0.46078,0.331206,0.557189,0.523781,-0.522529,-0.0891786,-0.750549,0.166243,0.52336,3.65016,1.03486,1.385,-0.443795,-0.367232,-0.124202,6.3225,-0.08246,0.0677001,0.0352233,-8.48342,-2.08314,1.05003,0.000755358,
766,-0.00392003,-0.0425238,-0.396106,-0.0157569,0.0427934,0,0.465377,0.372635,0.500345,0.885379,-0.0338679,-0.0319446,0.462533,0.570421,0.551427,0.524043,-0.523288,-0.473826,-0.818303,0.218701,0.52334,3.36031,0.846012,1.09069,0.00389434,-0.0595314,0.659398,0.108301,-0.0880254,-0.00888509,-0.0286621,-6.94553,-0.698536,1.03752,-0.000518512,
767,-0.0152166,-0.0419937,-0.440072,-0.02607,0.0461894,0,0.793819,0.417479,0.540107,0.882533,-0.0244649,-0.0289998,0.468717,0.492477,0.544552,0.523882,-0.524815,-0.55243,-0.783986,0.268929,0.523332,2.97036,0.867063,0.510331,0.679269,-0.139498,0.0964118,-2.97695,-0.188015,-0.000945895,-0.031131,1.71028,2.04713,0.966399,9.64968e-05,
768,-0.0257919,-0.0409263,-0.200152,-0.0188861,0.0471584,0,0.275393,0.314194,0.551454,0.883257,-0.00081125,-0.0212345,0.468407,0.26764,0.530711,0.523884,-0.526436,-0.324822,-0.607435,0.313297,0.523335,2.60014,0.866777,-0.0513574,1.29387,-0.165297,-0.232896,-5.99156,-0.366371,0.000268149,-0.0345346,7.34426,4.99404,0.81094,-4.54893e-07,
769,-0.0348151,-0.0401667,0.25686,0.000747821,0.0461533,0,-0.156303,0.101992,0.539684,0.886706,0.0233572,-0.00571423,0.461708,-0.060905,0.520861,0.523882,-0.528361,0.083147,-0.478245,0.348361,0.523343,2.42811,0.783801,-0.390765,0.839154,0.407338,-0.369734,-7.14169,0.049171,-0.000149277,-0.0424124,8.96556,-0.909299,0.59337,0.000145995,
770,-0.0410698,-0.0403678,0.609099,0.0191416,0.0435067,0,-0.490193,-0.125711,0.508696,0.890441,0.0364684,0.0108149,0.453506,-0.362742,0.523468,0.523873,-0.530333,0.492314,-0.514444,0.371123,0.523353,2.64215,0.791518,-0.859417,0.715702,0.250623,-0.386916,-4.94967,0.0478276,-9.01001e-05,-0.036287,7.41311,-0.352415,0.319318,0.000103918,
771,-0.0424056,-0.0408076,0.658094,0.0204669,0.0389621,0,-0.762216,-0.163862,0.455502,0.888198,0.0389619,0.0163661,0.457513,-0.494503,0.529172,0.523858,-0.531796,0.537772,-0.554814,0.378504,0.523362,2.82025,1.38246,-0.982434,-1.80266,0.809779,-0.0799042,-0.344266,0.166634,0.0011637,-0.028364,-1.904,-1.26647,-0.00236802,0.000344448,
772,-0.0405588,-0.0417011,0.507746,0.0109623,0.0345534,0,-0.259636,-0.0549227,0.403916,0.888954,-0.0189403,0.0049559,0.457577,-0.392039,0.540759,0.523834,-0.533053,0.306634,-0.646645,0.37075,0.523368,2.97428,0.724843,-0.630242,-0.417846,-1.40793,0.334511,4.38959,0.297871,-0.00133583,-0.0201989,-7.30044,-2.36459,-0.307549,0.000764777,
773,-0.0346698,-0.042514,0.124209,0.0121077,0.0377953,0,0.150779,0.165093,0.441847,0.884063,-0.0402784,-0.0268454,0.464855,-0.0931523,0.551299,0.522119,-0.525822,-0.0857706,-0.765937,0.349125,0.523363,3.64501,0.718706,1.67592,-1.08895,0.131156,-0.591599,7.4932,0.116073,0.0157403,0.330322,-8.42099,-2.43536,-0.531798,-0.000248202,
774,-0.0290718,-0.0430819,-0.308471,-0.0143242,0.0439911,0,0.461315,0.373783,0.514366,0.892329,-0.0617572,-0.0354555,0.445733,0.29487,0.558664,0.524387,-0.521715,-0.469205,-0.853685,0.317193,0.523342,3.56017,0.710751,1.20649,-0.799975,0.187937,-0.97172,8.02721,0.180967,-0.00991578,-0.0513499,-6.9282,-1.08779,-0.746522,-0.000255722,
775,-0.0220039,-0.0435686,-0.413779,-0.0252399,0.0478096,0,0.808832,0.421095,0.55908,0.904847,-0.0707342,-0.0360119,0.418273,0.569593,0.564974,0.523932,-0.524426,-0.550973,-0.838007,0.275437,0.523328,2.98591,0.700033,0.58428,0.0338286,0.293366,-0.746178,0.177811,0.0745882,-0.00449492,-0.0581829,1.60082,1.68674,-0.939225,-9.27879e-05,
776,-0.012187,-0.0435081,-0.224444,-0.0184096,0.0490541,0,0.276159,0.320151,0.573657,0.91428,-0.0651977,-0.0288144,0.398761,0.49098,0.56419,0.523887,-0.527338,-0.325881,-0.678457,0.225599,0.523327,2.65671,0.698356,0.00167668,0.601477,0.201444,-1.0364,-3.05635,-0.105841,0.000306268,-0.0586174,7.35267,4.67337,-1.05046,-2.89532e-05,
777,-0.00222319,-0.0428279,0.131303,0.00059127,0.0480708,0,-0.15587,0.108346,0.562139,0.926129,-0.054967,-0.0170252,0.372792,0.301188,0.55537,0.52389,-0.530344,0.0825827,-0.484135,0.17233,0.523329,2.46333,0.598374,-0.403082,0.184764,0.768767,-1.17685,-4.52482,-0.253201,-0.000167022,-0.0643267,8.97489,-0.0609544,-1.07766,7.56568e-05,
778,0.00755526,-0.0418553,0.42835,0.0192913,0.0454389,0,-0.490286,-0.119574,0.531318,0.936427,-0.0602024,0.000678709,0.34566,0.104169,0.542757,0.52388,-0.53345,0.492195,-0.512279,0.119334,0.523337,2.60192,0.571964,-0.84396,0.0318839,0.772766,-1.05841,-3.36501,-0.249053,-6.10064e-05,-0.0592543,7.42209,-0.393084,-1.0433,9.44598e-05,
779,0.0193368,-0.0411467,0.471242,0.0214181,0.0414218,0,-0.760373,-0.156111,0.48429,0.93839,-0.0486323,0.00839504,0.342036,0.0183466,0.533569,0.523847,-0.536094,0.537573,-0.552902,0.0681808,0.523346,2.92586,0.41303,-0.887279,1.77119,-0.795763,0.476983,-0.0594404,-0.129776,7.82967e-05,-0.0507465,-1.91772,-1.21683,-0.991257,1.67753e-05,
780,0.0314819,-0.0409572,0.330343,0.0034446,0.0366027,0,-0.258793,-0.048015,0.427893,0.934548,-0.00289616,0.00180848,0.355821,0.100865,0.531112,0.523843,-0.538374,0.305909,-0.640806,0.023085,0.523351,3.29393,0.438966,-1.36916,1.44821,-0.985242,0.66673,3.33244,0.0289578,-7.58587e-05,-0.0406371,-7.30686,-2.28815,-0.813034,6.46774e-05,
781,0.0423393,-0.0400695,0.00328316,0.0099494,0.0354013,0,0.157677,0.160136,0.413836,0.923613,-0.0322124,-0.0122976,0.381772,0.318576,0.519601,0.523814,-0.541034,-0.0904957,-0.741703,-0.011305,0.523394,4.00514,0.589273,1.48901,-1.05745,-0.129831,0.730642,5.27753,-0.250106,0.000602025,-0.0811074,-8.55974,-1.48985,-0.541635,-0.000248355,
782,0.0484831,-0.0402449,-0.34508,-0.0141377,0.0418667,0,0.470888,0.372457,0.489498,0.91626,-0.0421443,-0.0156846,0.398052,0.550837,0.521875,0.523818,-0.545532,-0.478936,-0.779954,-0.0300849,0.523356,3.70712,0.48744,1.2793,-0.209061,0.0991827,1.10421,1.26109,0.123591,-0.000793473,-0.0931274,-7.00752,-0.139936,-0.222128,-0.000541765,
783,0.0505406,-0.0405311,-0.399368,-0.0241318,0.0461021,0,0.778869,0.418195,0.539084,0.909204,-0.0402652,-0.0117566,0.414233,0.512604,0.525586,0.52386,-0.550203,-0.554559,-0.718457,-0.0316874,0.523344,3.30421,0.535567,0.713887,0.37171,0.0114274,0.47216,-2.06727,0.0242188,0.000244565,-0.091952,1.82793,2.57657,0.150583,5.78464e-05,
784,0.0471861,-0.0403241,-0.192595,-0.0165206,0.0479639,0,0.274668,0.316129,0.560887,0.907047,-0.0261004,-0.00609073,0.420175,0.339628,0.522902,0.523885,-0.554752,-0.324037,-0.515963,-0.0149449,0.523344,2.95281,0.509289,0.178099,0.77354,0.0359671,-0.0127857,-4.82937,-0.0476474,0.000274318,-0.0920037,7.34427,4.4626,0.519168,-4.113e-05,
785,0.0387614,-0.0403434,0.211075,0.00278761,0.0480248,0,-0.157309,0.107384,0.561601,0.908421,-0.0213006,0.0105287,0.417381,0.0690601,0.523152,0.523885,-0.559597,0.0841183,-0.502457,0.0193382,0.523347,2.80298,0.388355,-0.194611,0.382711,0.682248,-0.15973,-5.98341,0.0118129,-3.93823e-05,-0.0975427,8.97024,-0.614592,0.845409,6.49988e-05,
786,0.0268062,-0.0404017,0.547454,0.021223,0.0462121,0,-0.490889,-0.117736,0.540372,0.910118,-0.0210787,0.0281028,0.412857,-0.184551,0.523908,0.523881,-0.564277,0.493317,-0.519809,0.0677052,0.523352,2.99537,0.340046,-0.659241,0.217403,0.591083,-0.193947,-4.17553,0.0197445,-4.36814e-05,-0.0895087,7.4099,-0.13783,1.0871,6.13757e-05,
787,0.0142293,-0.0407782,0.599196,0.0185094,0.0422735,0,-0.75996,-0.153684,0.494259,0.905606,-0.0243292,0.0368591,0.421814,-0.289651,0.52879,0.523863,-0.568302,0.538002,-0.548124,0.124549,0.523357,3.51408,0.506171,-1.17724,-0.140958,0.256443,0.477828,-0.051118,0.174087,0.000260211,-0.0742542,-1.92238,-0.98898,1.2044,-5.34051e-05,
788,0.00108159,-0.0417174,0.447761,0.00551416,0.0370861,0,-0.259302,-0.046707,0.433549,0.899515,-0.0106425,0.030458,0.435696,-0.18369,0.54097,0.523843,-0.571708,0.306338,-0.624097,0.185929,0.523361,3.87005,-0.013177,-1.16703,1.10475,-1.40497,0.790937,4.25402,0.311947,-0.000213872,-0.0623322,-7.30264,-2.03479,1.25206,1.74748e-05,
789,-0.0123001,-0.0425832,0.0614173,0.00938029,0.0364142,0,0.15449,0.163116,0.425687,0.893505,-0.028806,-0.0129483,0.447941,0.100103,0.552197,0.523376,-0.568372,-0.0901779,-0.72914,0.247575,0.523353,4.27035,0.5401,1.43098,-0.894672,0.216902,0.0503179,6.86397,-0.0346456,0.0346531,0.353886,-8.38644,-2.05322,1.22403,0.000105452,
790,-0.0263126,-0.042472,-0.350056,-0.0165888,0.0417004,0,0.461316,0.3684,0.48755,0.894702,-0.0367246,-0.0182771,0.444776,0.445801,0.550754,0.52407,-0.551122,-0.471187,-0.798474,0.305158,0.523341,4.16457,0.554533,0.993704,-0.189426,-0.0853433,-0.252447,6.97005,-0.00329112,-0.00738683,0.335602,-6.86691,-0.737778,1.08023,-0.000196568,
791,-0.0379523,-0.0422435,-0.430497,-0.027066,0.0446568,0,0.803782,0.412781,0.522161,0.896759,-0.0300709,-0.0156993,0.441217,0.556707,0.547792,0.523876,-0.535065,-0.550974,-0.76684,0.352616,0.523331,3.57964,0.501151,0.40369,0.611465,-0.0185078,-0.0289992,-1.18534,-0.114059,-0.00124622,0.309718,1.63574,1.97857,0.821212,0.000106216,
792,-0.0462137,-0.0414458,-0.22717,-0.0199146,0.0451814,0,0.275767,0.30869,0.528303,0.899141,-0.00935542,-0.00692508,0.437504,0.421038,0.537448,0.523876,-0.521554,-0.325221,-0.594519,0.385807,0.523334,3.21815,0.491452,-0.150797,1.19376,-0.0192066,-0.37296,-4.21655,-0.299722,0.000269701,0.0650838,7.34408,4.89312,0.510503,-2.451e-05,
793,-0.0511825,-0.040174,0.179068,-0.000371246,0.0437827,0,-0.156058,0.0946584,0.511927,0.903751,0.00815989,0.0111348,0.427835,0.174094,0.520956,0.523871,-0.522897,0.0828485,-0.497721,0.402531,0.523339,3.03042,0.378978,-0.499687,0.739031,0.627625,-0.431929,-5.65019,-0.0981875,-0.00013595,-0.0441834,8.96926,-0.554563,0.159569,0.000120975,
794,-0.0517372,-0.0402936,0.524435,0.0181497,0.040693,0,-0.490105,-0.13445,0.475759,0.907213,0.0171241,0.0316285,0.419132,-0.0691792,0.522506,0.523859,-0.524996,0.49215,-0.51823,0.401066,0.523351,3.19405,0.366743,-0.956556,0.611167,0.529122,-0.322078,-4.09316,0.0489234,-0.000122504,-0.0394237,7.41492,-0.194034,-0.215131,0.000144815,
795,-0.0463167,-0.0407572,0.57705,0.0200151,0.0364359,0,-0.762577,-0.171697,0.425942,0.905163,0.0160974,0.0146073,0.424509,-0.174582,0.528518,0.523838,-0.525991,0.53778,-0.552737,0.38056,0.523363,3.14696,0.320579,-1.02714,-1.22877,-1.58703,0.2617,-0.144314,0.1905,0.000141669,-0.0034398,-1.90122,-1.17897,-0.585617,-0.000105785,
796,-0.0373046,-0.0416386,0.417217,0.0217165,0.03325,0,-0.266997,-0.06003,0.388669,0.904035,-0.0205585,-0.0111899,0.426816,-0.0781578,0.539947,0.523526,-0.522239,0.308432,-0.641185,0.343593,0.523333,3.5297,0.419482,0.422778,0.347853,1.31659,0.0419445,3.82423,0.168464,-0.0209743,0.247084,-7.09013,-2.25994,-0.882844,5.81291e-06,
797,-0.0248583,-0.04203,0.0487188,0.00719519,0.0371618,0,0.144439,0.15929,0.434434,0.900936,-0.0285641,-0.0115243,0.432858,0.177896,0.545024,0.523904,-0.522241,-0.0784539,-0.75609,0.293827,0.52337,4.23806,0.465373,1.14951,-0.570395,-0.393337,0.130927,6.45977,0.0425446,-0.000696419,-0.054921,-8.4694,-2.32757,-1.09862,-3.76329e-05,
798,-0.0110191,-0.0421668,-0.351293,-0.0187338,0.0414083,0,0.460343,0.364802,0.484131,0.899936,-0.0402274,-0.0227072,0.433567,0.501814,0.546797,0.523848,-0.525135,-0.465197,-0.837975,0.235902,0.523346,4.11729,0.446301,0.748191,-0.515391,-0.165781,-0.0724816,6.49949,0.0550876,-0.00058972,-0.0579791,-7.01636,-0.996246,-1.21896,-0.000326627,
799,0.00409979,-0.0421321,-0.42285,-0.0294816,0.0433098,0,0.814815,0.408921,0.506391,0.898144,-0.0410046,-0.0244841,0.4371,0.540341,0.546348,0.523854,-0.528326,-0.550331,-0.819657,0.173846,0.523333,3.55206,0.386534,0.161193,0.223062,-0.0914124,0.122339,-1.51633,-0.0732769,0.00012766,-0.0644068,1.55875,1.70559,-1.25372,8.44363e-05,
800,0.0183808,-0.0414527,-0.21854,-0.0225146,0.0427922,0,0.276408,0.30226,0.500331,0.898952,-0.0287582,-0.0224286,0.436527,0.389933,0.537537,0.523871,-0.531541,-0.326212,-0.661386,0.113513,0.523334,3.21037,0.370997,-0.402322,0.727961,-0.156135,-0.252214,-4.47566,-0.278936,0.000244017,-0.0648473,7.3549,4.6043,-1.15839,-3.26745e-05,
801,0.0301469,-0.0401581,0.191925,-0.00344713,0.0400917,0,-0.155769,0.0832049,0.468722,0.903202,-0.0136163,-0.0152896,0.428728,0.132022,0.52075,0.523862,-0.534864,0.0824172,-0.475243,0.0605796,0.52334,3.03048,0.241993,-0.801249,0.307484,0.404353,-0.433844,-5.83064,-0.148928,-0.000303519,-0.0706128,8.97963,-0.316109,-0.958764,0.000144462,
802,0.0389099,-0.0402686,0.535616,0.015108,0.0357272,0,-0.490603,-0.150088,0.41765,0.907978,-0.0130828,-0.00436788,0.418791,-0.117631,0.522182,0.523844,-0.538255,0.492375,-0.511427,0.019329,0.523351,3.21379,0.207074,-1.25849,0.148912,0.342188,-0.437758,-4.16881,0.0516065,-0.000181648,-0.0644427,7.43104,-0.505739,-0.694112,0.000122059,
803,0.0470532,-0.0403779,0.589371,0.0352792,0.0322101,0,-0.734542,-0.183107,0.376504,0.90205,0.00263237,0.00305541,0.431612,-0.218649,0.5236,0.523735,-0.53908,0.534631,-0.560736,-0.00938459,0.523334,1.793,0.298731,0.500089,-0.596334,-0.207365,0.66794,0.177481,-0.0369586,-0.00474589,0.0810723,-2.11865,-1.40436,-0.423415,-0.000769847,
804,0.0510515,-0.0406627,0.426233,0.0237743,0.0346329,0,-0.256289,-0.0513739,0.404847,0.896353,-0.023266,-0.0127865,0.442546,-0.10399,0.527293,0.523735,-0.533707,0.300495,-0.661445,-0.0214641,0.523355,2.27231,0.514362,0.670594,-0.932668,-0.780654,-0.0820216,4.3365,0.164015,0.0361662,0.139081,-7.21061,-2.60593,-0.0503008,0.000609361,
805,0.0488266,-0.0413409,0.0339139,0.0113618,0.0382471,0,0.15988,0.170997,0.447135,0.897459,-0.0419218,-0.0373739,0.437508,0.181008,0.536088,0.523934,-0.52382,-0.0943777,-0.794824,-0.0142842,0.523376,3.0923,0.473987,1.6503,-1.04907,-0.393072,-0.521686,6.89146,0.0751028,-0.00277791,0.273168,-8.46258,-2.64651,0.340372,-0.000263861,
806,0.0409542,-0.0417505,-0.355685,-0.0150554,0.0443385,0,0.467766,0.378905,0.518434,0.903693,-0.0578772,-0.0559031,0.420552,0.523342,0.541398,0.523853,-0.522375,-0.47823,-0.891826,0.0114857,0.523349,2.96196,0.420169,1.18464,-0.812319,-0.282171,-0.879803,6.80576,0.13933,-0.000597512,-0.0405311,-6.90335,-1.24725,0.685833,-0.000322852,
807,0.0300288,-0.042084,-0.400937,-0.0256587,0.0479857,0,0.783486,0.422682,0.561143,0.908657,-0.0642818,-0.0638822,0.40759,0.546908,0.545723,0.523865,-0.524749,-0.553513,-0.883172,0.0518359,0.523335,2.38042,0.350574,0.557054,-0.117089,-0.166511,-0.571697,-1.9398,0.0330507,0.00029045,-0.0484604,1.78966,1.5688,0.935084,9.76273e-05,
808,0.0162574,-0.0418566,-0.18749,-0.0187909,0.0490824,0,0.274091,0.319172,0.573988,0.915593,-0.0576302,-0.0687842,0.391965,0.379774,0.542775,0.523891,-0.527168,-0.323688,-0.729091,0.102966,0.523336,2.06688,0.380616,-0.0482755,0.409722,-0.260726,-0.891433,-4.72277,-0.150871,0.000346757,-0.0489123,7.3543,4.57227,1.11019,-3.70413e-05,
809,0.000378076,-0.0410057,0.189728,-0.000536358,0.047715,0,-0.157571,0.106195,0.557972,0.925339,-0.042154,-0.0704043,0.370154,0.115424,0.53174,0.523894,-0.529635,0.0845143,-0.482022,0.160234,0.523338,1.874,0.319077,-0.525313,0.179981,0.114182,-1.09593,-5.84219,-0.298146,-0.000260557,-0.0527119,8.96042,1.39593,1.18345,0.00013261,
810,-0.0160209,-0.040184,0.489464,0.0183105,0.0446307,0,-0.490469,-0.122603,0.521855,0.935218,-0.0439268,-0.0674885,0.344794,-0.135203,0.521085,0.52388,-0.532178,0.493114,-0.505713,0.218136,0.523348,2.03055,0.300645,-0.946047,-0.126903,0.15204,-1.05519,-4.19645,0.0165896,-7.84128e-05,-0.0477237,7.39686,-0.593111,1.13131,8.00914e-05,
811,-0.0287514,-0.0404902,0.534323,0.0191521,0.0405049,0,-0.760575,-0.159129,0.473558,0.938722,-0.0474004,-0.0395323,0.339104,-0.252586,0.525056,0.523863,-0.530598,0.537887,-0.557278,0.269227,0.523342,2.45662,0.345228,-1.11306,0.351159,1.46835,0.0105589,-0.51049,0.141856,-9.72092e-06,0.06448,-1.91718,-1.46149,0.933968,0.000326207,
812,-0.0380908,-0.0413001,0.402521,0.00781203,0.0355234,0,-0.259366,-0.0516695,0.415264,0.939124,-0.0337394,-0.0138876,0.341636,-0.181129,0.535559,0.523836,-0.527212,0.30632,-0.657361,0.309665,0.523363,2.66386,-0.374517,-0.93984,2.34326,-0.842737,0.171773,3.3181,0.271949,-0.000289056,0.0724791,-7.29956,-2.5166,0.692733,0.000474755,
813,-0.0432133,-0.0416549,0.100543,0.00957654,0.0366377,0,0.144145,0.158991,0.428302,0.934097,-0.0367431,-0.0217334,0.354458,0.0446257,0.540159,0.521284,-0.521615,-0.0809886,-0.777912,0.336854,0.523405,3.86483,-0.242482,1.39903,-1.77987,-0.528234,0.408879,5.72153,-0.195317,0.0128975,-0.0153338,-8.30952,-2.20678,0.409892,-0.000181994,
814,-0.0455876,-0.0406614,-0.245157,-0.0133097,0.0428111,0,0.451775,0.366035,0.500553,0.929518,-0.066889,-0.0462603,0.359698,0.34154,0.527276,0.52507,-0.523386,-0.459526,-0.850888,0.349153,0.523357,3.76667,-0.211854,1.25267,-1.31635,-0.491292,0.126034,6.1607,-0.235678,-0.00814245,-0.0380101,-6.85493,-0.811418,0.0835794,-0.000675453,
815,-0.0449577,-0.0402879,-0.352702,-0.0244823,0.0468655,0,0.839706,0.416994,0.548023,0.928594,-0.081031,-0.0655714,0.356157,0.553215,0.522433,0.524092,-0.525436,-0.547331,-0.823155,0.344949,0.523341,3.27963,-0.105542,0.638838,-0.40286,-0.514564,0.126324,0.2655,0.0237628,-0.0121081,-0.0442402,1.3923,1.89419,-0.262526,-2.9719e-05,
816,-0.0399686,-0.0403541,-0.201184,-0.0183623,0.0482641,0,0.276389,0.318325,0.564403,0.927624,-0.0780018,-0.0800382,0.356402,0.494781,0.52329,0.52389,-0.527658,-0.32679,-0.654219,0.324032,0.523344,2.96234,-0.0708442,0.0114289,0.197184,-0.631289,-0.26516,-2.43196,0.00717604,-0.000294725,-0.0449702,7.37687,4.84147,-0.568666,1.20272e-05,
817,-0.0324396,-0.0403662,0.116289,0.0010868,0.0472969,0,-0.156575,0.105712,0.553075,0.930076,-0.071538,-0.0877154,0.349495,0.339575,0.523447,0.523888,-0.529768,0.0829437,-0.493009,0.289299,0.523342,2.72388,-0.233721,-0.356129,0.125047,0.760598,-0.25439,-3.77515,0.000818101,0.000500771,-0.000771928,9.00306,-0.304806,-0.819818,-0.000745116,
818,-0.0221,-0.040376,0.408883,0.0199856,0.0448783,0,-0.49189,-0.122173,0.524754,0.933091,-0.0776516,-0.0696927,0.344173,0.176341,0.523575,0.523878,-0.529784,0.49377,-0.515831,0.243446,0.523347,2.8503,-0.307371,-0.784114,-0.0618158,0.768982,-0.0779305,-2.76208,0.00330044,-0.000205211,0.000566357,7.44235,-0.27249,-1.01348,0.000219341,
819,-0.00750598,-0.0406225,0.460348,0.0224547,0.0412497,0,-0.756237,-0.156903,0.482275,0.929099,-0.0749842,-0.0461681,0.359196,0.115902,0.526772,0.52383,-0.528463,0.538061,-0.551149,0.188608,0.523345,3.1555,-0.21058,-0.787517,1.9388,0.431604,1.22387,0.365523,0.0970053,4.85999e-05,0.0467473,-1.95201,-1.12189,-1.17299,2.44239e-05,
820,0.00970715,-0.0412962,0.314685,0.0051955,0.0371384,0,-0.258612,-0.0461633,0.43416,0.919874,-0.0303844,-0.0223753,0.390394,0.216858,0.535508,0.523838,-0.525918,0.305636,-0.634489,0.129838,0.523353,3.53145,-0.172475,-1.1946,1.94529,-0.00849553,1.37477,3.64859,0.250818,4.53791e-05,0.0546084,-7.304,-2.20365,-1.17892,5.4155e-05,
821,0.0264692,-0.0412851,-0.0430821,0.00794012,0.0355312,0,0.15752,0.161094,0.415356,0.905624,-0.0163259,-0.00497909,0.423737,0.445783,0.535363,0.523818,-0.523787,-0.091553,-0.736672,0.0738801,0.523392,4.43005,0.316841,1.29633,-0.0090875,0.790496,1.29933,5.3655,-0.499267,5.3834e-05,0.0172349,-8.48634,-1.6192,-1.05057,0.000168521,
822,0.0414445,-0.040184,-0.391692,-0.0191396,0.0399539,0,0.468382,0.366453,0.467109,0.886996,-0.0255369,0.0179247,0.460722,0.545954,0.521085,0.523808,-0.523502,-0.477355,-0.785568,0.0269812,0.523352,4.1096,0.139459,0.776019,0.179191,0.993758,1.91859,-0.480444,0.0267566,0.000215839,-0.0021103,-6.95539,-0.353937,-0.824257,-0.000488269,
823,0.0522439,-0.0403276,-0.450471,-0.0287466,0.042132,0,0.784549,0.407267,0.492603,0.869455,-0.0238829,0.0459266,0.491292,0.452102,0.522948,0.523854,-0.523673,-0.553626,-0.735615,-0.00518224,0.523343,3.71231,0.14251,0.252304,0.80953,0.87361,1.21637,-3.25652,0.0216887,6.12013e-05,-0.00404743,1.78199,2.32983,-0.471905,6.85971e-05,
824,0.0575531,-0.0403613,-0.208224,-0.01572,0.0428103,0,0.274687,0.301331,0.500543,0.85648,-0.0145903,0.064263,0.511956,0.211641,0.523385,0.52387,-0.523701,-0.324205,-0.547109,-0.0185494,0.523358,2.83072,-0.0551072,0.25818,-0.188655,-0.431278,0.767562,-6.34113,0.00188654,0.000267495,0.00921382,7.34964,5.18777,-0.0649325,0.000281536,
825,0.0572556,-0.040367,0.289566,0.00325811,0.0431465,0,-0.157418,0.0919372,0.504479,0.847721,-0.0248891,0.0580845,0.526664,-0.135453,0.523459,0.523862,-0.523579,0.0841767,-0.505031,-0.0108636,0.523352,2.7232,-0.217003,-0.148441,-0.62715,0.174469,0.588008,-7.53231,0.000888107,-0.000153288,-0.000577039,8.97435,-0.489897,0.364834,-0.000142383,
826,0.0521499,-0.0403674,0.673061,0.0238518,0.0415649,0,-0.490574,-0.132382,0.485965,0.838417,-0.0332819,0.05165,0.541554,-0.449318,0.523464,0.523848,-0.523605,0.493406,-0.520065,0.0171879,0.52335,2.80765,-0.351271,-0.399822,0.742552,-0.929375,1.43327,-4.96883,-0.0269306,-0.000754985,-0.00114343,7.39116,-0.126702,0.72768,-0.000112932,
827,0.0456324,-0.0406065,0.728607,0.0206828,0.0386073,0,-0.760328,-0.165058,0.451349,0.813809,-0.0045585,0.0372646,0.579919,-0.536251,0.526564,0.523837,-0.52358,0.537954,-0.550555,0.0614419,0.523356,3.37223,-0.102295,-0.962106,0.369181,-1.16533,1.78408,1.3318,0.148313,0.000456076,-0.000211341,-1.91933,-1.08595,1.05758,-6.71732e-06,
828,0.0347353,-0.0414199,0.560296,0.0103612,0.0348256,0,-0.26011,-0.0541157,0.407101,0.79058,-0.0123528,-0.0108041,0.612139,-0.339222,0.537111,0.523849,-0.523687,0.306743,-0.634431,0.121442,0.523371,2.91992,0.491517,-0.690267,-3.79014,-0.685997,1.27868,6.51382,0.253984,-6.96388e-05,-0.00490271,-7.28618,-2.25739,1.33756,0.000169334,
829,0.0152138,-0.0415569,0.0529678,0.0112916,0.0378622,0,0.151999,0.165748,0.442631,0.802325,-0.0252161,-0.0266112,0.59576,0.0612709,0.538888,0.52369,-0.522497,-0.0866234,-0.749705,0.196453,0.523351,4.13879,0.671647,1.60002,0.0971169,0.394846,-1.5077,9.62602,-0.112671,0.0164557,-0.0230774,-8.44382,-2.34695,1.6194,0.000166903,
830,-0.00777418,-0.0412654,-0.45963,-0.0160532,0.0435243,0,0.4632,0.373339,0.508901,0.826545,-0.0265454,-0.0164797,0.562002,0.540584,0.535108,0.523868,-0.5237,-0.471013,-0.833061,0.2784,0.523343,3.95643,0.535503,1.04568,0.307192,0.484906,-1.5229,7.88683,-0.0378524,-0.00131453,-0.0257019,-6.94672,-1.00049,1.64956,-0.000265156,
831,-0.0285169,-0.0409256,-0.509584,-0.0265177,0.0466904,0,0.801062,0.41845,0.545973,0.840928,-0.0178456,0.00719287,0.540805,0.547175,0.530701,0.52386,-0.525396,-0.551645,-0.813394,0.35642,0.523336,3.35709,0.231066,0.461672,1.16697,0.581833,-0.970716,-2.55134,-0.141039,0.000206058,-0.0356324,1.65648,1.76384,1.48769,0.000174374,
832,-0.0468781,-0.0402711,-0.247771,-0.0188328,0.0475439,0,0.275738,0.315529,0.555969,0.854738,0.00729223,0.0387204,0.517563,0.330494,0.522214,0.523884,-0.527261,-0.325289,-0.65048,0.423608,0.523341,2.95598,0.182927,-0.0434741,1.97002,0.510256,-1.17401,-6.08679,-0.0244652,0.000353031,-0.040076,7.3477,4.73223,1.20254,4.30502e-06,
833,-0.0617528,-0.0403353,0.245485,0.00144402,0.0466698,0,-0.15608,0.103769,0.545732,0.868057,0.0387505,0.0790484,0.488596,-0.0113474,0.523047,0.523884,-0.529456,0.082874,-0.492978,0.473702,0.523346,2.76917,0.141302,-0.320437,1.67603,0.989511,-1.26329,-7.5753,0.0159084,-0.00015741,-0.0480992,8.96898,-0.316496,0.805563,0.000126884,
834,-0.0716582,-0.040429,0.611024,0.0260683,0.0461095,0,-0.490153,-0.117466,0.539171,0.880101,0.0580988,0.0746596,0.465266,-0.337334,0.524262,0.523871,-0.530809,0.4922,-0.515877,0.505356,0.52335,2.34413,-0.117047,-0.173901,0.132959,-1.57716,-0.795607,-5.474,0.0317311,6.99072e-05,-0.0136278,7.4154,-0.27149,0.434088,5.4194e-05,
835,-0.0742344,-0.0409063,0.658155,0.0267437,0.0444711,0,-0.763967,-0.146789,0.519987,0.886241,0.0644087,0.0333868,0.457509,-0.494415,0.530452,0.523873,-0.531156,0.537925,-0.551228,0.51286,0.523359,2.52551,0.522023,-0.362646,-2.03796,-1.19152,-0.432183,-0.834971,0.208007,0.000764502,-0.00484605,-1.89092,-1.15014,-0.114901,8.66182e-05,
836,-0.0707168,-0.0420618,0.509242,0.00896463,0.0418728,0,-0.259953,-0.0318377,0.489569,0.893373,0.0253725,-0.0204006,0.448135,-0.415883,0.545435,0.523859,-0.531177,0.30704,-0.634166,0.493887,0.523356,2.92274,0.561318,-0.829951,-2.75761,-1.26997,-0.326511,3.93908,0.386831,-0.000378468,0.00392785,-7.30279,-2.15487,-0.639044,-2.93186e-05,
837,-0.0613654,-0.0435569,0.136132,-0.00846617,0.0392525,0,0.159517,0.172538,0.4589,0.897192,-0.0399727,-0.0424162,0.437777,-0.131476,0.564823,0.522064,-0.526175,-0.0913694,-0.742962,0.449849,0.523317,3.16826,0.785396,-0.326063,-1.90512,2.71682,-0.322822,7.40284,0.38767,0.00104557,0.240612,-8.62298,-2.20151,-1.11736,-0.000544744,
838,-0.0503527,-0.0445837,-0.264875,-0.0184399,0.0393017,0,0.467501,0.366271,0.459476,0.915388,-0.0454074,-0.0235477,0.399311,0.247083,0.578138,0.524902,-0.522204,-0.480831,-0.81537,0.386561,0.523345,3.83103,0.230721,0.864616,0.833195,0.336977,-1.793,7.69422,-0.0319727,-0.019484,-0.0478202,-6.81355,-0.524581,-1.44331,0.000736083,
839,-0.0356084,-0.0438597,-0.359661,-0.0248331,0.0431782,0,0.782837,0.409728,0.50485,0.933054,-0.0269056,0.00028358,0.35873,0.558644,0.56875,0.523999,-0.525085,-0.552913,-0.769142,0.306682,0.523328,3.44763,0.353447,0.635344,1.32758,0.696829,-1.45169,2.08646,-0.25323,-0.00906223,-0.0599964,1.79281,2.26188,-1.75748,-0.000477538,
840,-0.0171601,-0.0425698,-0.187507,-0.0170691,0.0447611,0,0.274376,0.306649,0.523382,0.945341,0.0041345,0.0287589,0.324786,0.520419,0.552024,0.523864,-0.528128,-0.323525,-0.583591,0.214182,0.523322,3.07027,0.392615,0.12102,1.79871,0.607765,-1.61495,-2.23035,-0.416769,6.08602e-05,-0.0610458,7.33715,5.13986,-1.93322,-1.04197e-06,
841,0.00159829,-0.0407159,0.0950513,0.0027785,0.0446122,0,-0.156936,0.0966898,0.521639,0.956474,0.0292568,0.0647418,0.283038,0.377666,0.527982,0.523865,-0.531388,0.0839579,-0.49048,0.117016,0.52333,2.91592,0.32431,-0.194616,1.16792,1.35633,-1.74304,-3.47077,-0.544112,-2.729e-05,-0.0683045,8.9532,-0.780897,-1.95481,0.000143035,
842,0.02007,-0.0401624,0.314443,0.027242,0.0451213,0,-0.490516,-0.120953,0.527599,0.967958,0.0232328,0.0524751,0.244468,0.224765,0.520805,0.523864,-0.533557,0.49291,-0.517078,0.0224403,0.523358,2.32484,0.388466,-0.0618035,-0.478222,-0.856051,-1.53551,-2.63938,0.0747173,-9.25763e-05,-0.0364168,7.40673,-0.240382,-1.84032,-0.000271661,
843,0.0388178,-0.0408344,0.335803,0.0243713,0.0436589,0,-0.760604,-0.149293,0.510478,0.97405,0.0137059,0.0227493,0.22477,0.152334,0.52952,0.523852,-0.534998,0.537866,-0.551022,-0.0651055,0.523356,2.81212,0.445263,-0.596919,-0.751665,-1.19381,-0.622065,-0.26687,0.270913,0.00033762,-0.0242648,-1.91688,-1.10955,-1.6433,-5.39668e-05,
844,0.0550505,-0.0421923,0.225141,0.00671366,0.0401205,0,-0.258925,-0.0369392,0.469059,0.976898,-0.00240279,-0.0131276,0.21329,0.200111,0.547128,0.523852,-0.53601,0.306143,-0.632349,-0.13856,0.523353,3.12738,0.37258,-1.0474,-1.15735,-1.30739,-0.318318,2.15855,0.430491,-0.000118688,-0.016714,-7.31015,-2.13157,-1.29648,-8.42548e-06,
845,0.067818,-0.0437929,0.0228986,-0.00692577,0.036431,0,0.160109,0.164277,0.425884,0.975926,-0.0404362,-0.0109424,0.21404,0.345088,0.567884,0.52332,-0.53285,-0.0922944,-0.740117,-0.192144,0.523329,3.42285,-0.0808043,-0.168655,0.485774,1.33737,0.202827,3.603,0.369622,0.0504834,0.181731,-8.603,-2.16236,-0.839345,-0.000515828,
846,0.0755295,-0.0441187,-0.188521,-0.0215649,0.0388833,0,0.464125,0.362571,0.454579,0.974111,-0.0238446,0.0308747,0.222678,0.519199,0.572108,0.52411,-0.524906,-0.475385,-0.8016,-0.220973,0.523334,3.61826,-0.304977,0.525231,1.10963,1.54536,0.357487,3.45239,-0.0062207,-0.00901512,0.150962,-6.84785,-0.519162,-0.311228,-0.000105556,
847,0.0760127,-0.0438101,-0.225294,-0.0247404,0.0403344,0,0.792193,0.40179,0.471562,0.971909,-0.00289745,0.0706179,0.224496,0.534096,0.568107,0.523881,-0.522837,-0.552115,-0.760518,-0.222223,0.523331,2.6696,0.240008,0.64005,-0.436443,-0.0221217,-0.034492,-0.94225,-0.160873,-0.00130313,-0.0188624,1.72123,2.14018,0.243168,0.000832691,
848,0.0691693,-0.042865,-0.103215,-0.0162208,0.042337,0,0.274594,0.299906,0.495003,0.974102,-0.0140583,0.059504,0.217683,0.447569,0.555852,0.523863,-0.523723,-0.324101,-0.582417,-0.196262,0.523332,2.32204,0.393443,0.208095,-0.313307,-0.426777,-0.657412,-2.50436,-0.327564,2.40612e-05,-0.0174989,7.34952,4.96247,0.794434,-0.000201396,
849,0.0549082,-0.0413759,0.103394,0.00266817,0.0423477,0,-0.157465,0.0893784,0.495128,0.978194,-0.0280536,0.0546058,0.198412,0.306718,0.536541,0.523858,-0.524811,0.084234,-0.491963,-0.144464,0.523335,2.15047,0.304123,-0.207062,-0.74322,0.228399,-0.937258,-3.12502,-0.443706,-9.57973e-05,-0.0250743,8.97362,-0.742274,1.27158,5.51523e-05,
850,0.037305,-0.0401371,0.283331,0.0239964,0.0410592,0,-0.490148,-0.13373,0.480045,0.979731,-0.0260186,0.0541173,0.191108,0.176175,0.520477,0.523832,-0.526292,0.492957,-0.517353,-0.073449,0.523334,1.9735,0.129942,-0.383013,1.00426,-0.304796,0.387733,-2.10147,0.00490534,6.40415e-05,-0.0345071,7.38702,-0.230119,1.56535,0.000214591,
851,0.0206284,-0.0405396,0.336506,0.0241007,0.038379,0,-0.763412,-0.165729,0.448677,0.975286,-0.00291566,0.0430948,0.216684,0.124384,0.525697,0.523832,-0.527589,0.537881,-0.553109,0.00794376,0.523345,2.15128,0.136695,-0.623762,-0.568758,-1.71969,0.827269,0.0337193,0.188874,0.00119939,-0.0048972,-1.89507,-1.20638,1.66107,-0.0012701,
852,0.00314733,-0.0415827,0.244849,0.00691617,0.0347091,0,-0.259788,-0.0544296,0.405737,0.970299,-0.00926511,-0.00445892,0.24169,0.186878,0.539222,0.52383,-0.527652,0.306638,-0.642206,0.0924229,0.523347,2.51401,0.118249,-1.03015,-1.27852,-1.72648,1.33068,2.44382,0.343098,-0.000948401,0.00215689,-7.29473,-2.32841,1.71534,0.00063437,
853,-0.0136167,-0.0417424,0.0216043,0.00953762,0.0373818,0,0.145497,0.161355,0.437008,0.961174,-0.0343904,-0.00671367,0.273709,0.334701,0.541293,0.523705,-0.520251,-0.0810867,-0.750059,0.176943,0.523353,3.59667,-0.0823442,1.39573,-0.311785,0.612287,1.07683,3.60184,-0.139659,0.00299757,-0.0269873,-8.38037,-2.1131,1.67117,-0.000130771,
854,-0.0300849,-0.0413376,-0.244067,-0.0173007,0.042253,0,0.456904,0.366377,0.49402,0.954045,-0.0437024,0.00666513,0.296386,0.514403,0.536044,0.523814,-0.523184,-0.463568,-0.823133,0.256166,0.523342,3.50159,-0.070736,0.880756,-0.156301,0.564712,0.874816,3.58639,-0.0686824,0.000962595,-0.060687,-6.92973,-0.821834,1.49871,-0.000114092,
855,-0.044331,-0.0408592,-0.309249,-0.0278448,0.0447869,0,0.822856,0.412284,0.523684,0.948318,-0.042032,0.0232267,0.313666,0.53164,0.529841,0.523862,-0.526345,-0.549089,-0.796008,0.323731,0.523338,3.08065,0.0749494,0.316138,0.525481,0.523068,0.609535,-1.04401,-0.180118,0.000202505,-0.0627495,1.50282,1.88391,1.20877,0.000117974,
856,-0.0555909,-0.0401953,-0.160562,-0.0205776,0.0449867,0,0.276388,0.308641,0.526024,0.945523,-0.0259911,0.0415992,0.321838,0.424923,0.521232,0.52388,-0.529482,-0.326275,-0.628344,0.374788,0.523341,2.75905,0.15672,-0.210461,1.15209,0.47712,0.121751,-3.20672,0.0137521,0.000252704,-0.0637604,7.35799,4.80225,0.838322,-5.95824e-07,
857,-0.0631194,-0.0403258,0.142213,-0.00071978,0.0433098,0,-0.155858,0.093365,0.50639,0.94487,-0.00869548,0.0673976,0.320318,0.239385,0.522924,0.523872,-0.532825,0.0824692,-0.478975,0.405905,0.523346,2.57806,0.0595955,-0.532011,0.577628,1.17354,-0.0648335,-4.20825,0.0216242,-0.000281784,-0.0709923,8.98273,-0.723746,0.410721,0.000100699,
858,-0.0657052,-0.0404029,0.418371,0.0230977,0.0421332,0,-0.491939,-0.130669,0.492617,0.947132,-0.0248036,0.0488198,0.316138,0.0594965,0.523924,0.523859,-0.535235,0.493537,-0.513895,0.415,0.523365,2.03418,-0.16842,-0.475116,-1.02657,-0.838043,-0.192887,-2.99279,0.0180269,-0.000247817,-0.0419081,7.45364,-0.376691,-0.0524479,-0.000380432,
859,-0.0600909,-0.0407776,0.472643,0.0222765,0.03906,0,-0.756395,-0.163715,0.456648,0.941671,-0.03695,0.0142765,0.334196,-0.0107047,0.528782,0.52383,-0.536995,0.538071,-0.556109,0.399184,0.523358,2.42118,-0.153187,-0.805195,-0.0292811,-1.73638,1.34992,0.205714,0.154905,-4.2421e-05,-0.034161,-1.95079,-1.29329,-0.571416,-9.4337e-05,
860,-0.0472892,-0.041664,0.34141,0.00847259,0.0349301,0,-0.259223,-0.0531704,0.408324,0.929028,-0.0209244,-0.0196314,0.368895,0.0848685,0.540278,0.523705,-0.537523,0.305602,-0.649065,0.360347,0.523336,2.69138,0.0115477,-0.870539,1.53189,0.449415,1.097,3.58754,0.304526,-0.0109061,0.110334,-7.27941,-2.41333,-0.971808,-0.00206314,
861,-0.0316016,-0.0418375,0.014844,0.00508328,0.0374885,0,0.141451,0.159925,0.438258,0.918867,-0.0278286,-0.00484179,0.393556,0.305795,0.542527,0.524211,-0.522629,-0.0777268,-0.761621,0.305033,0.52337,3.94186,0.312654,0.936731,-0.790299,0.515037,0.995805,5.46733,-0.0626681,0.0335056,0.259689,-8.3375,-2.23582,-1.24248,-0.000309252,
862,-0.0138419,-0.0415957,-0.34517,-0.0210622,0.0405895,0,0.452888,0.359509,0.474548,0.909946,-0.0389574,0.000798874,0.412893,0.559874,0.539391,0.524022,-0.522306,-0.458733,-0.840686,0.23874,0.523345,3.72004,0.257181,0.481865,-0.0283154,0.36647,1.20924,1.87156,-0.0513123,-0.00885836,-0.0521061,-6.92258,-0.942842,-1.42103,-0.000453326,
863,0.00551842,-0.0411285,-0.414504,-0.0316832,0.041442,0,0.837716,0.402717,0.484526,0.89964,-0.0347918,0.0139867,0.435019,0.519978,0.533333,0.523867,-0.525015,-0.547607,-0.820743,0.166968,0.523337,3.30335,0.282191,-0.0718068,0.61691,0.319023,0.837584,-2.19436,-0.19166,-0.000774021,-0.0538996,1.40516,1.71813,-1.44991,8.61708e-05,
864,0.0234877,-0.0401423,-0.211157,-0.0243415,0.04002,0,0.276505,0.294503,0.467882,0.892961,-0.0177573,0.0307688,0.44873,0.338035,0.520545,0.523864,-0.527731,-0.326824,-0.662934,0.0973563,0.523339,2.94189,0.260077,-0.579549,1.19322,0.283473,0.403687,-5.05971,-0.068994,0.00016468,-0.0556557,7.37348,4.57485,-1.33367,-2.73345e-05,
865,0.0384018,-0.040284,0.220678,-0.000933947,0.0375517,0,-0.156614,0.0748753,0.438997,0.890476,-0.00591782,0.0303678,0.453977,0.0527895,0.522382,0.523852,-0.530147,0.082936,-0.477678,0.036852,0.523354,2.30331,0.0194195,-0.555784,-0.70621,-0.511488,0.147386,-6.34065,0.0388196,-0.000413465,-0.0427942,9.00682,-0.263482,-1.08659,9.12256e-05,
866,0.0504582,-0.0403844,0.586434,0.019672,0.0343862,0,-0.491579,-0.154982,0.40196,0.88587,-0.00315993,0.00974309,0.463821,-0.214821,0.523684,0.523818,-0.53223,0.493738,-0.511664,-0.00966064,0.523349,2.31951,-0.161279,-0.814939,0.915371,-1.47221,1.11806,-4.33586,0.00910888,-0.000462152,-0.0421123,7.42814,-0.473118,-0.792535,-0.00014276,
867,0.0596106,-0.0405149,0.643335,0.0330363,0.0322804,0,-0.750629,-0.184298,0.377327,0.874706,-0.00585216,0.00234638,0.484613,-0.318119,0.525376,0.523634,-0.532643,0.537337,-0.560522,-0.0391883,0.523352,1.8262,0.353701,0.263054,-0.0483078,0.293163,0.682911,0.23447,0.0182198,0.0107295,0.0329695,-1.99459,-1.45176,-0.391315,0.00035856,
868,0.0629473,-0.0409339,0.47727,0.0226701,0.0345261,0,-0.260595,-0.0543404,0.403597,0.866849,-0.0177145,-0.0164251,0.497985,-0.191271,0.530809,0.523798,-0.530647,0.305388,-0.663709,-0.047431,0.523371,2.11577,0.523823,0.534073,-1.25291,-0.29229,0.547184,4.81425,0.208904,-0.0334134,0.0668489,-7.22027,-2.6624,0.0569979,-0.000386447,
869,0.058622,-0.0417503,0.0477636,0.00969025,0.0381702,0,0.154497,0.167671,0.446235,0.869184,-0.0410174,-0.0398964,0.491167,0.12535,0.541397,0.524136,-0.52391,-0.088474,-0.799845,-0.0321497,0.523373,2.95322,0.819566,1.4521,-1.72836,-0.910289,-0.894802,7.76336,0.12229,-0.00271899,0.188729,-8.48518,-2.69936,0.54617,0.000997297,
870,0.0472254,-0.0422096,-0.385192,-0.0136915,0.0441321,0,0.464435,0.37607,0.516018,0.879502,-0.0592765,-0.069371,0.467065,0.511158,0.547352,0.523901,-0.522766,-0.473312,-0.899611,0.00538878,0.523345,2.89151,0.756785,1.29197,-0.678722,-0.423463,-1.1886,7.67711,0.118041,-0.00247135,-0.0261591,-6.92397,-1.30584,0.94943,-0.000415924,
871,0.0325928,-0.0424817,-0.436742,-0.0246854,0.0481815,0,0.7955,0.422585,0.563435,0.887467,-0.0600436,-0.0789179,0.450077,0.547618,0.55088,0.523866,-0.524475,-0.552135,-0.89433,0.0596137,0.523331,2.29364,0.605318,0.645604,0.0349571,-0.273443,-0.744084,-1.92726,0.0225027,6.11167e-05,-0.0357901,1.69736,1.49245,1.22774,0.00013004,
872,0.0150601,-0.0422278,-0.21013,-0.0180364,0.049638,0,0.274959,0.32121,0.580495,0.896717,-0.0481089,-0.0841034,0.43187,0.374579,0.547588,0.523891,-0.526287,-0.324613,-0.743999,0.12545,0.523333,1.96773,0.612255,0.031481,0.569763,-0.346935,-1.02369,-4.96941,-0.154335,0.000373784,-0.0373543,7.35378,4.49865,1.40554,-2.88014e-05,
873,-0.00433801,-0.0413739,0.201668,1.59055e-05,0.048578,0,-0.156851,0.109343,0.56808,0.908376,-0.0263738,-0.0852476,0.408522,0.0940758,0.536516,0.523897,-0.528188,0.0837168,-0.483903,0.196846,0.523336,1.77128,0.553907,-0.46628,0.447708,-0.0465109,-1.2053,-6.24003,-0.295881,-0.00023932,-0.0412385,8.96499,2.26587,1.45342,0.000139339,
874,-0.0238212,-0.0402738,0.523981,0.020266,0.0458502,0,-0.490378,-0.118529,0.536134,0.920491,-0.0224638,-0.0805877,0.381702,-0.173816,0.522249,0.523886,-0.529939,0.492664,-0.502685,0.267097,0.523342,1.88601,0.515812,-0.750217,0.433256,0.863171,-1.07311,-4.49694,-0.118862,0.000221168,0.0124142,7.40912,-0.680803,1.35375,-0.000681831,
875,-0.0391313,-0.0404009,0.568455,0.0193198,0.0420763,0,-0.761417,-0.154221,0.491951,0.925919,-0.0211693,-0.0550202,0.373092,-0.299111,0.523898,0.523864,-0.528005,0.537854,-0.557645,0.327801,0.52335,2.38719,0.651349,-1.0963,0.300195,0.838524,-0.259736,-0.533074,0.115571,0.000123147,0.0432198,-1.91049,-1.51146,1.09504,0.000219254,
876,-0.0504005,-0.0411011,0.42723,0.00246384,0.0366573,0,-0.259402,-0.0481437,0.428532,0.928282,-0.0226652,-0.0254851,0.37031,-0.222395,0.532978,0.523851,-0.524391,0.306473,-0.659714,0.374084,0.523348,2.74441,0.610911,-1.46924,0.409391,1.31782,0.0197346,3.56979,0.246939,-0.000273409,0.0947851,-7.30362,-2.56097,0.760501,0.000124342,
877,-0.0566185,-0.0412092,0.105082,0.0105485,0.0363676,0,0.146627,0.159538,0.425142,0.925024,-0.0443381,-0.0195573,0.376805,0.0166322,0.534379,0.523685,-0.522959,-0.0836305,-0.782488,0.403155,0.523446,4.05456,-0.13436,1.50985,-1.3052,-0.252151,0.164235,5.9405,-0.280611,0.00238598,-0.0137006,-8.30372,-2.276,0.415804,-0.000916907,
878,-0.0590169,-0.0402481,-0.256384,-0.0147347,0.0421333,0,0.453441,0.365312,0.492618,0.923677,-0.0590531,-0.0374907,0.376734,0.325379,0.521917,0.523806,-0.523709,-0.461994,-0.862714,0.413247,0.523366,3.96455,-0.0876746,1.12561,-0.51393,-0.521417,-0.142308,6.40826,-0.0599299,0.00119954,-0.0158423,-6.84359,-0.961368,-0.0086,-0.000977538,
879,-0.0573043,-0.0403194,-0.36381,-0.0257402,0.0456463,0,0.832513,0.414052,0.533747,0.926964,-0.0536747,-0.050708,0.367811,0.553904,0.522841,0.523858,-0.524667,-0.547954,-0.842438,0.402118,0.523344,3.46924,0.0100833,0.517933,0.389903,-0.540952,-0.123112,0.514477,0.0240969,-0.000482188,-0.0230663,1.43848,1.74599,-0.447593,-7.75176e-05,
880,-0.0500717,-0.0403613,-0.206456,-0.0191989,0.0465945,0,0.276299,0.313375,0.54485,0.929086,-0.0321679,-0.0582919,0.363822,0.498743,0.523385,0.523878,-0.525884,-0.326477,-0.681253,0.369861,0.523344,3.13548,0.0544519,-0.0730262,0.950947,-0.604695,-0.450108,-2.41994,0.00290634,0.000434044,-0.0259386,7.36892,4.68009,-0.836033,-1.99833e-05,
881,-0.0394194,-0.0403665,0.115601,-0.000423411,0.045244,0,-0.156255,0.0993168,0.529037,0.933606,-0.00698966,-0.0612981,0.352949,0.343239,0.523451,0.523879,-0.527301,0.0827768,-0.486407,0.320208,0.523345,2.93129,-0.0631668,-0.504442,0.454612,-0.0573951,-0.585122,-3.79044,0.000203538,-0.000241504,-0.033084,8.99039,-0.00570275,-1.14522,4.40587e-05,
882,-0.0256069,-0.0403739,0.405936,0.0185107,0.0421244,0,-0.49118,-0.130434,0.492514,0.937865,0.0017747,-0.059499,0.341857,0.179147,0.523547,0.523865,-0.528884,0.493039,-0.512725,0.257193,0.52335,3.04503,-0.139854,-0.925841,0.439051,0.272453,-0.378651,-2.78455,0.00140414,-0.00012519,-0.00891739,7.43463,-0.376929,-1.37477,-0.000477578,
883,-0.00744951,-0.0406349,0.452954,0.0184657,0.0379535,0,-0.759828,-0.167135,0.443699,0.936331,0.0109878,-0.025789,0.349998,0.115867,0.526933,0.523833,-0.525993,0.538047,-0.555023,0.18435,0.523345,3.48974,0.0158023,-1.18181,0.80219,1.15718,0.474682,0.244977,0.134523,0.000403733,0.0685871,-1.92356,-1.30795,-1.52115,0.000298723,
884,0.0120068,-0.0412627,0.303715,0.0146058,0.0336339,0,-0.262397,-0.0582766,0.39316,0.931487,-0.0173527,0.00567271,0.363317,0.209739,0.535074,0.523831,-0.523073,0.307438,-0.648743,0.108326,0.523375,3.77916,0.5135,-0.274613,-0.492722,0.456038,0.904309,3.46212,0.0632056,-0.000532881,0.0136088,-7.22429,-2.31055,-1.52792,0.00101605,
885,0.0316574,-0.0402351,-0.0313603,0.00502684,0.0369024,0,0.16004,0.164797,0.4314,0.921819,-0.0272368,-0.000944425,0.386661,0.430309,0.521748,0.523809,-0.523613,-0.0904949,-0.750895,0.0358287,0.523376,4.12524,0.483511,1.00251,-0.214023,-0.291874,0.873191,5.38222,-0.151482,0.00016117,-0.0175006,-8.71467,-2.04368,-1.3671,-0.00089863,
886,0.0488813,-0.0403067,-0.364105,-0.0221006,0.0402028,0,0.480461,0.371568,0.470021,0.910199,-0.0341865,-0.0013886,0.412755,0.559046,0.522677,0.523808,-0.524817,-0.486881,-0.81904,-0.0253363,0.523347,3.76941,0.286105,0.536508,-0.359305,0.429903,1.47967,-0.680502,0.0629182,0.000240757,-0.0305743,-7.15375,-0.696186,-1.08323,-0.000134749,
887,0.0613875,-0.0403718,-0.40685,-0.0316647,0.0413101,0,0.756011,0.407147,0.482983,0.899957,-0.0384669,0.00825314,0.4342,0.460486,0.523521,0.523857,-0.526403,-0.558231,-0.784825,-0.06873,0.523344,3.38294,0.344159,-0.0106028,0.257017,0.317268,0.724191,-3.24706,-0.000221312,5.93165e-05,-0.0318418,2.02493,2.04132,-0.663537,7.35957e-05,
888,0.0675616,-0.040365,-0.172624,-0.0235997,0.0401371,0,0.272205,0.292534,0.469254,0.894467,-0.0294571,0.0204245,0.445695,0.228542,0.523433,0.523864,-0.528028,-0.322128,-0.610424,-0.0897845,0.523344,3.03399,0.319166,-0.532433,0.799913,0.240798,0.294246,-6.00801,-0.00135258,0.000138981,-0.033875,7.37177,4.91437,-0.180584,-3.52834e-05,
889,0.0672418,-0.0403621,0.268229,0.00114498,0.0372361,0,-0.159362,0.0719537,0.435304,0.891593,-0.0147797,0.040025,0.450824,-0.0949995,0.523394,0.523842,-0.529971,0.0865227,-0.481782,-0.0861909,0.523343,2.47671,0.0401412,-0.370381,2.04803,-0.407707,1.39447,-6.80701,-0.00440131,-0.00174039,-0.0468982,8.94732,-0.812603,0.272403,-0.000847533,
890,0.0642927,-0.0403791,0.628537,0.0228867,0.0361932,0,-0.491464,-0.149889,0.423102,0.877283,0.013027,0.000574825,0.479797,-0.378794,0.523615,0.523824,-0.531025,0.494757,-0.516803,-0.0610652,0.523348,2.14691,-0.13896,-0.502802,0.131843,-2.13026,1.27114,-4.55662,0.00917309,6.0823e-06,-0.0151622,7.38456,-0.428593,0.739706,0.000108321,
891,0.055167,-0.0406751,0.681562,0.0312102,0.0350568,0,-0.760358,-0.176371,0.409805,0.865375,0.0104256,-0.0138638,0.500824,-0.487356,0.527453,0.523563,-0.528355,0.538563,-0.564727,-0.0133468,0.523339,1.99157,0.798916,0.0755601,-0.939189,1.65232,0.0602596,0.188139,0.139033,0.0450222,0.127786,-1.92112,-1.48102,1.1856,5.8747e-05,
892,0.0389123,-0.0416079,0.517849,0.0184312,0.0348294,0,-0.260068,-0.0542147,0.407145,0.865897,-0.0197726,-0.00160436,0.499829,-0.355385,0.539549,0.523981,-0.52251,0.30695,-0.669078,0.0547474,0.523361,2.5117,0.411756,0.106261,0.111706,-0.808018,-0.466033,5.00296,0.317674,-0.00507789,0.0284063,-7.29516,-2.66564,1.54836,0.000746535,
893,0.0184204,-0.042578,0.0994367,0.00952275,0.038447,0,0.15111,0.166731,0.449474,0.868408,-0.0440882,-0.0398056,0.49228,-0.0258961,0.552129,0.523694,-0.523066,-0.0850375,-0.802531,0.137721,0.52337,3.46278,0.472916,1.41634,-1.06094,-0.585228,-1.31006,8.14883,0.201575,0.00644582,-0.0143184,-8.48331,-2.73454,1.79659,-0.000745888,
894,-0.00673896,-0.0434261,-0.346765,-0.0161167,0.0435974,0,0.463951,0.373705,0.509758,0.884078,-0.0599747,-0.0642679,0.458997,0.389849,0.563127,0.523826,-0.523869,-0.471369,-0.904133,0.229013,0.523341,3.354,0.403424,1.04139,-1.47679,0.0259048,-1.52802,8.47376,0.230918,0.000301335,-0.0211101,-6.9657,-1.31694,1.85377,-0.000257736,
895,-0.0313646,-0.0439015,-0.421484,-0.0257868,0.0471387,0,0.79994,0.419695,0.551223,0.900855,-0.0602443,-0.0669875,0.42467,0.576896,0.569292,0.523857,-0.525513,-0.551792,-0.898344,0.317637,0.523322,2.68179,0.350071,0.534768,0.328485,0.162699,-1.18899,-1.13223,0.0590666,7.6706e-06,-0.0388028,1.66478,1.50106,1.68987,0.0001437,
896,-0.0525025,-0.043771,-0.209788,-0.0190326,0.0481431,0,0.275321,0.317131,0.562986,0.915079,-0.0448817,-0.059693,0.3963,0.445376,0.5676,0.523884,-0.527483,-0.325042,-0.748101,0.394312,0.523326,2.35334,0.388273,-0.0646069,0.957583,0.0922433,-1.42996,-4.10412,-0.12688,0.000412388,-0.0407605,7.35513,4.48671,1.38073,-3.24872e-06,
897,-0.0696146,-0.043006,0.15938,-0.000582652,0.0467399,0,-0.156554,0.103719,0.546552,0.930276,-0.0183069,-0.047594,0.3633,0.207106,0.55768,0.523889,-0.529575,0.0833829,-0.488864,0.452139,0.523328,2.13092,0.355457,-0.523565,0.857885,0.396551,-1.55677,-5.41591,-0.277203,-0.00025931,-0.0452477,8.96722,2.32442,0.939453,4.57656e-05,
898,-0.0810241,-0.0419045,0.450675,0.018601,0.0437671,0,-0.490134,-0.124937,0.511744,0.943763,-0.00977432,-0.0313294,0.328991,-0.0283086,0.543396,0.523874,-0.531783,0.492398,-0.503881,0.485409,0.523337,2.25246,0.362455,-0.913331,0.406993,0.500502,-1.39557,-4.01216,-0.288143,-8.9381e-05,-0.0415193,7.40711,-0.636798,0.393767,9.80551e-05,
899,-0.0834453,-0.0410811,0.489442,0.0166147,0.0389298,0,-0.761838,-0.163956,0.455123,0.949231,-0.0061573,-0.0234532,0.313642,-0.143104,0.532719,0.523849,-0.533469,0.537761,-0.557865,0.488953,0.523348,2.76739,0.499519,-1.36319,0.0966151,0.140556,-0.458066,-0.596785,-0.139847,0.000191821,-0.0289339,-1.9069,-1.51568,-0.23037,2.72508e-06,
900,-0.0770751,-0.0407308,0.363728,0.0157528,0.0335645,0,-0.270441,-0.059699,0.392348,0.949272,-0.0166219,-0.00152597,0.314013,-0.0845638,0.528175,0.522724,-0.531304,0.309678,-0.660244,0.462145,0.523356,3.33353,0.363469,-0.173759,-1.31646,1.00199,1.22582,2.85096,-0.0985609,-0.0559017,0.149755,-7.00959,-2.46791,-0.845174,0.00418766,
901,-0.0617163,-0.0402587,0.0834371,0.0107364,0.0371233,0,0.143131,0.158471,0.433984,0.93917,-0.0461753,-0.0261778,0.339325,0.115569,0.522054,0.524231,-0.52315,-0.077121,-0.780954,0.408289,0.523399,3.75927,-0.340164,1.49205,-1.13492,-0.607141,0.701566,5.14021,-0.0105407,0.029789,0.192606,-8.46927,-2.36875,-1.3132,-0.00141454,
902,-0.0425113,-0.040411,-0.254152,-0.0157375,0.0425816,0,0.460006,0.367644,0.497866,0.932578,-0.060305,-0.0479232,0.352655,0.381488,0.524028,0.524015,-0.522698,-0.464339,-0.866719,0.333108,0.523355,3.66074,-0.305612,1.03958,-0.658861,-0.653812,0.444272,5.49483,0.07404,-0.00772029,-0.032702,-7.03032,-1.07603,-1.69072,-0.000340574,
903,-0.0206085,-0.0404787,-0.355383,-0.0267777,0.045708,0,0.817735,0.415207,0.534469,0.929841,-0.0588719,-0.064832,0.357388,0.552492,0.524907,0.523872,-0.524478,-0.550179,-0.851651,0.242946,0.523343,3.18943,-0.196402,0.427761,0.168983,-0.684678,0.35622,-0.0786684,-0.0368269,-0.00106669,-0.0382215,1.53889,1.65287,-1.9248,-1.65855e-05,
904,0.00318205,-0.0403205,-0.201836,-0.0201187,0.0462765,0,0.276507,0.31244,0.541126,0.927431,-0.0425709,-0.0781762,0.363247,0.483271,0.522856,0.52388,-0.526394,-0.326439,-0.694786,0.14542,0.523343,2.88602,-0.164215,-0.164172,0.667927,-0.790137,-0.0527155,-2.64448,0.0113556,0.000351206,-0.0389506,7.35926,4.60024,-1.97329,-2.88064e-05,
905,0.0258831,-0.0403584,0.124876,-0.000332684,0.0448019,0,-0.155855,0.0980927,0.52386,0.92898,-0.0212259,-0.0668561,0.363423,0.31726,0.523347,0.523883,-0.525995,0.0824515,-0.483545,0.049979,0.523335,2.63788,-0.362376,-0.493657,0.693326,0.938206,-0.126514,-3.98124,0.0042085,-0.000423197,0.0235523,8.98382,0.263819,-1.84155,0.000352076,
906,0.0458962,-0.0403726,0.429749,0.0186565,0.0418453,0,-0.490762,-0.131047,0.489247,0.931333,-0.0190064,-0.038367,0.361642,0.145595,0.523531,0.523864,-0.524862,0.492544,-0.5108,-0.0350969,0.52335,2.77952,-0.460237,-0.908657,0.391217,1.04223,-0.0345131,-2.89389,0.00204978,-0.00014605,0.0228408,7.43256,-0.439168,-1.56525,0.000135247,
907,0.0637888,-0.0406456,0.481941,0.0167449,0.0370565,0,-0.761259,-0.169858,0.433202,0.926335,-0.0214619,-0.0171113,0.3757,0.0817042,0.527071,0.523841,-0.523505,0.537938,-0.556172,-0.104446,0.523357,3.269,-0.302207,-1.35132,0.127997,0.690208,0.733868,0.322495,0.138159,0.000227999,0.0135071,-1.912,-1.36994,-1.19225,-3.42279e-05,
908,0.0773309,-0.0409497,0.330901,0.0235926,0.0331295,0,-0.270035,-0.0610231,0.387259,0.917432,-0.0100142,-0.00352662,0.397751,0.182657,0.531014,0.523828,-0.523382,0.30957,-0.65104,-0.152057,0.523376,3.83935,0.65609,0.601916,-0.353299,0.173581,1.21293,3.55572,-0.144973,-0.000593971,-6.34264e-05,-7.02022,-2.28444,-0.731185,0.0021293,
909,0.0850106,-0.0402404,-0.0250292,0.00723313,0.0372581,0,0.148539,0.160789,0.435562,0.905636,-0.0310092,-0.00933549,0.422817,0.414383,0.521817,0.523807,-0.523717,-0.0807397,-0.763497,-0.173618,0.523376,4.10184,0.654667,1.16603,-0.917648,0.320032,0.899441,5.69358,-0.0100786,4.28664e-05,-0.0155116,-8.5844,-2.25535,-0.130357,-0.000790908,
910,0.0857345,-0.0403702,-0.382352,-0.0195249,0.0412228,0,0.468796,0.367898,0.481961,0.8917,-0.0512816,-0.00614444,0.449671,0.555792,0.5235,0.523809,-0.524736,-0.472938,-0.843586,-0.164945,0.523345,3.72774,0.439029,0.713245,-0.25555,0.442531,1.69386,-0.554641,0.0503783,0.000234529,-0.0260462,-7.11622,-0.959987,0.46795,-0.000216004,
911,0.0792407,-0.0403519,-0.439375,-0.0296086,0.0430821,0,0.790355,0.409745,0.503725,0.877763,-0.0546784,0.00518873,0.475937,0.460027,0.523262,0.52386,-0.52609,-0.55352,-0.822934,-0.125959,0.523342,3.35579,0.444704,0.16645,0.305539,0.338298,0.98899,-3.25953,-0.0100057,0.000118422,-0.0272231,1.73853,1.76292,1.07888,9.77347e-05,
912,0.0651069,-0.0403574,-0.200874,-0.0219839,0.0426641,0,0.275514,0.301338,0.498832,0.86866,-0.045402,0.0197136,0.49293,0.221576,0.523334,0.523872,-0.527496,-0.325086,-0.661635,-0.0587628,0.523343,3.00779,0.380338,-0.356142,0.868779,0.28957,0.572167,-6.25387,0.0027296,0.000198211,-0.0298845,7.34912,4.6688,1.6065,-3.00709e-05,
913,0.0444662,-0.0403638,0.280191,-0.00245314,0.0402699,0,-0.156245,0.0834197,0.470808,0.864013,-0.0325156,0.0404317,0.500789,-0.119816,0.523417,0.523863,-0.529122,0.0830716,-0.473691,0.0317635,0.523347,2.87837,0.245805,-0.706675,0.448836,0.856556,0.288415,-7.39254,0.00043344,-0.000327119,-0.0371316,8.9668,-0.346446,2.01305,0.000152476,
914,0.022567,-0.0403698,0.659679,0.0231603,0.0388014,0,-0.48971,-0.140191,0.453621,0.850013,0.0015945,0.033107,0.525718,-0.423102,0.523495,0.523838,-0.530487,0.491808,-0.511257,0.134889,0.523345,2.47349,-0.160508,-0.459267,0.628148,-1.53581,1.20199,-4.87591,0.00254851,4.78284e-05,-0.0179169,7.40825,-0.530076,2.1634,0.000174168,
915,0.000135626,-0.0406846,0.718089,0.0258618,0.0361562,0,-0.764732,-0.172541,0.422669,0.829003,0.0148696,-0.000521951,0.559046,-0.533985,0.527577,0.52384,-0.531087,0.537739,-0.56299,0.243834,0.523365,2.37857,0.592581,-0.448815,-3.08325,-0.350667,1.18988,0.529516,0.143013,0.00103307,-0.0125069,-1.88442,-1.53908,2.21455,0.000488909,
916,-0.0248702,-0.0415383,0.551751,0.0190117,0.0347702,0,-0.263219,-0.0552227,0.406453,0.822782,-0.0291255,-0.0173234,0.567346,-0.37841,0.538647,0.523171,-0.527537,0.308478,-0.669138,0.352672,0.523331,2.80762,0.641862,0.155108,0.510521,0.192162,-0.911127,5.5612,0.253633,0.0482451,0.188458,-7.22976,-2.68067,2.16524,0.000953858,
917,-0.0512556,-0.0421995,0.0911884,0.0124373,0.0386187,0,0.14639,0.165598,0.451483,0.835,-0.0433072,-0.0403498,0.547058,-0.016799,0.547221,0.524134,-0.522112,-0.0818545,-0.804083,0.454961,0.523376,3.87049,0.861488,1.68661,-1.46742,-0.183959,-1.21923,8.87946,0.0818375,-0.0153473,-0.0229667,-8.3885,-2.72836,1.92782,-0.000436339,
918,-0.0728001,-0.0426013,-0.396054,-0.0137043,0.0449643,0,0.457761,0.374303,0.525762,0.851794,-0.0616883,-0.0632552,0.516373,0.432701,0.552431,0.523851,-0.523602,-0.464557,-0.905746,0.532528,0.523345,3.69879,0.879149,1.24178,-0.914016,-0.242693,-1.38045,9.09975,0.138779,-0.00106483,-0.0315076,-6.9327,-1.35336,0.379778,-0.000368431,
919,-0.0725372,-0.0429485,-0.4777,-0.0252441,0.0487824,0,0.819904,0.422955,0.570473,0.863166,-0.0657802,-0.0708767,0.495574,0.572719,0.556934,0.523856,-0.525571,-0.549406,-0.902965,0.522323,0.52333,3.06589,0.690655,0.575109,0.0630274,-0.0523829,-0.596933,-1.64765,0.0427724,0.000378907,-0.0431915,1.52285,1.43743,-0.512029,9.13817e-05,
920,-0.0648749,-0.0427671,-0.249328,-0.0188471,0.0499237,0,0.275989,0.322686,0.583842,0.87169,-0.0549842,-0.0691659,0.482027,0.40583,0.554581,0.523891,-0.527778,-0.325976,-0.75522,0.484016,0.523331,2.71483,0.667612,-0.0410522,0.728283,-0.107737,-0.774738,-5.00043,-0.13715,0.000463058,-0.0457336,7.36286,4.45054,-1.01489,-5.3647e-05,
921,-0.052056,-0.0419666,0.202621,-0.000482525,0.0486025,0,-0.156211,0.109854,0.568366,0.882239,-0.0331935,-0.0617681,0.465551,0.116653,0.544201,0.523898,-0.530106,0.0829003,-0.49623,0.422704,0.523332,2.50189,0.589175,-0.510974,0.628565,0.15041,-0.87075,-6.55357,-0.285305,-0.000250904,-0.0494595,8.97733,2.43513,-1.4306,5.06448e-05,
922,-0.0352064,-0.0408367,0.564961,0.0186699,0.0456669,0,-0.49046,-0.11901,0.533988,0.892388,-0.0296257,-0.0536202,0.447092,-0.166333,0.529549,0.523884,-0.532497,0.492483,-0.505531,0.343619,0.523341,2.6665,0.61697,-0.906998,0.127949,0.23737,-0.801788,-4.78058,-0.294687,-7.81684e-05,-0.0448061,7.41991,-0.574775,-1.73254,0.000102163,
923,-0.013801,-0.0402696,0.614407,0.0175979,0.0409109,0,-0.761879,-0.157854,0.47831,0.894262,-0.0312403,-0.0543797,0.443129,-0.297808,0.522195,0.523861,-0.534333,0.537865,-0.555426,0.251786,0.523353,3.16068,0.824734,-1.26659,-0.0121515,0.321177,-0.0157311,-0.506974,0.0199627,0.000465917,-0.00421748,-1.90692,-1.41521,-1.92318,-0.000617583,
924,0.00962636,-0.0405555,0.460968,0.00561584,0.0356153,0,-0.260123,-0.0516908,0.41634,0.893407,-0.0327927,-0.0100718,0.447937,-0.21216,0.525903,0.52385,-0.529538,0.306905,-0.653546,0.155335,0.523343,3.51149,0.432569,-1.16015,1.74605,0.613475,0.226466,3.89071,0.130454,-0.000511785,0.113586,-7.29146,-2.48376,-1.92444,0.000935737,
925,0.0321961,-0.0404436,0.0769916,0.0104176,0.0360972,0,0.153419,0.16091,0.421978,0.889439,-0.0308406,-0.0248353,0.455335,0.054566,0.524452,0.523791,-0.522752,-0.0878481,-0.77498,0.0635829,0.523456,4.37197,0.445232,1.52048,-1.36615,0.0382529,0.254767,6.70618,-0.293531,-0.000838976,0.210151,-8.4571,-2.29271,-1.74273,-0.00227851,
926,0.0510625,-0.0402965,-0.347044,-0.0151681,0.041833,0,0.464087,0.369339,0.489103,0.887421,-0.0539666,-0.0363446,0.456344,0.395741,0.522544,0.52382,-0.522525,-0.472419,-0.85593,-0.0154781,0.523364,4.26087,0.45673,1.14103,-0.62736,-0.122677,-0.080926,6.93864,0.0497148,0.000525669,-0.0404031,-6.93804,-0.966329,-1.42374,-0.000834457,
927,0.0648999,-0.0403662,-0.442862,-0.0257184,0.0454123,0,0.798211,0.415219,0.531007,0.889104,-0.0576736,-0.0409193,0.45221,0.56758,0.523447,0.523851,-0.524741,-0.551958,-0.835257,-0.0756905,0.523341,3.69525,0.38232,0.542462,0.0835021,-0.0627125,0.0664943,-0.791461,0.00354765,-3.19589e-05,-0.0474462,1.67748,1.7673,-0.996746,8.21567e-06,
928,0.07339,-0.0403669,-0.242283,-0.0186846,0.0465089,0,0.275483,0.312433,0.543847,0.890586,-0.0490662,-0.0400061,0.450388,0.448941,0.523456,0.523877,-0.527125,-0.325046,-0.672844,-0.112373,0.523343,3.36461,0.318772,-0.0301859,0.562467,-0.138755,-0.317062,-3.92847,-0.000623668,0.000402504,-0.0485438,7.34888,4.70777,-0.472635,-2.43345e-06,
929,0.0746541,-0.0403668,0.169146,0.000108131,0.0453595,0,-0.15634,0.0994837,0.530389,0.896064,-0.0374928,-0.033872,0.441039,0.213405,0.523456,0.523879,-0.529666,0.0831481,-0.479818,-0.121807,0.523347,3.18195,0.152295,-0.453987,0.168044,0.492058,-0.526474,-5.4817,-0.00013009,-0.000202675,-0.0560825,8.9684,-0.173587,0.092578,0.000128136,
930,0.069082,-0.0403738,0.520159,0.018709,0.042489,0,-0.490396,-0.128991,0.496782,0.902291,-0.0415378,-0.0223627,0.428539,-0.0233616,0.523546,0.523869,-0.532366,0.492476,-0.511519,-0.10371,0.523352,3.34419,0.113066,-0.903088,-0.00322615,0.469539,-0.544307,-4.00061,0.00149576,-7.17062e-05,-0.0511596,7.41705,-0.423761,0.626007,3.31997e-05,
931,0.0592126,-0.0406459,0.569354,0.0174267,0.0376638,0,-0.761326,-0.167938,0.440309,0.901861,-0.0481183,-0.0189761,0.428919,-0.124808,0.527074,0.523847,-0.534524,0.537864,-0.555831,-0.0618562,0.523357,3.79583,0.276793,-1.2835,0.102591,-0.174398,0.273792,-0.0582571,0.124614,-0.000122283,-0.0383386,-1.91123,-1.33595,1.05751,-0.000131661,
932,0.0466473,-0.0411704,0.411776,0.0158983,0.0336972,0,-0.26379,-0.057982,0.3939,0.8939,-0.0101465,-0.000413145,0.448152,-0.0224672,0.533877,0.523794,-0.532779,0.307264,-0.650411,-0.00044237,0.523354,3.91357,0.640477,-0.145874,-0.143337,1.09937,1.12945,4.02782,0.114176,-0.000328289,0.100885,-7.16675,-2.40368,1.39887,0.00297339,
933,0.0301527,-0.0408517,0.0167167,0.0100436,0.0373502,0,0.153577,0.163624,0.436639,0.884607,-0.0295472,-0.0132261,0.465212,0.243711,0.529744,0.523808,-0.527529,-0.0856016,-0.766829,0.0765051,0.523393,4.38166,0.831337,1.47097,-1.07793,-0.263248,0.417932,6.64668,-0.287603,0.000214504,0.0936755,-8.6027,-2.19535,1.68498,-0.000960178,
934,0.010061,-0.0402525,-0.402631,-0.0169173,0.0426571,0,0.471787,0.373955,0.498749,0.879459,-0.0492521,-0.0293409,0.47251,0.55408,0.521973,0.523825,-0.523262,-0.477485,-0.843194,0.164249,0.523351,4.11423,0.711437,0.996431,-0.835928,-0.0937538,0.786025,2.48684,0.0228132,-0.00087075,0.0361879,-7.0927,-0.875377,1.80857,-0.000609642,
935,-0.00998458,-0.040346,-0.462037,-0.0271737,0.045649,0,0.77965,0.41711,0.533779,0.871471,-0.0584087,-0.0354621,0.485664,0.519592,0.523186,0.52386,-0.52335,-0.554803,-0.817272,0.254325,0.523341,3.66972,0.677333,0.414442,-0.158408,-0.144804,0.475187,-2.34032,0.0127152,0.000260517,-0.00968761,1.82267,1.88824,1.79446,0.000140045,
936,-0.0294935,-0.0403639,-0.230661,-0.0201414,0.0461579,0,0.274717,0.311038,0.539738,0.867056,-0.0532438,-0.0375191,0.493934,0.321817,0.523418,0.523881,-0.523901,-0.324257,-0.648551,0.340041,0.523344,3.32598,0.623906,-0.178615,0.457278,-0.217332,0.198775,-5.54454,0.000781922,0.00028741,-0.0131019,7.35036,4.83938,1.63699,-1.97995e-05,
937,-0.0469142,-0.0403658,0.241185,-0.00117884,0.0444373,0,-0.156945,0.0962028,0.519591,0.865959,-0.0454467,-0.0331023,0.496944,0.00947867,0.523442,0.523877,-0.524728,0.0838341,-0.490011,0.414746,0.523346,3.15159,0.495996,-0.585005,0.0233448,0.325117,0.0902062,-6.9381,0.000134386,-0.000206388,-0.020838,8.96336,-0.395372,1.35431,6.97307e-05,
938,-0.0603988,-0.0403732,0.6207,0.0172336,0.0409637,0,-0.490295,-0.133893,0.478928,0.864715,-0.0512149,-0.027825,0.498869,-0.285306,0.523538,0.523864,-0.525658,0.492701,-0.515361,0.472476,0.523351,3.35588,0.505796,-1.0502,-0.177856,0.239806,0.129838,-4.87012,0.00151606,-0.000137252,-0.0161473,7.4037,-0.292387,0.957833,6.14535e-05,
939,-0.0666007,-0.0405923,0.678851,0.020946,0.0359569,0,-0.761466,-0.173157,0.420337,0.853038,-0.0467102,-0.0337363,0.518657,-0.410709,0.52638,0.523829,-0.526085,0.537738,-0.55389,0.507321,0.523366,3.71276,0.314847,-0.934884,1.85654,-1.29849,1.26254,-0.165717,0.0957405,-0.00355611,0.0249322,-1.90973,-1.22324,0.44923,-0.000363469,
940,-0.0669739,-0.0411761,0.52191,0.0212287,0.0334233,0,-0.264925,-0.0596222,0.390695,0.842877,-0.00765203,0.00649524,0.538012,-0.29611,0.53395,0.523758,-0.522656,0.308698,-0.644726,0.51736,0.52336,3.33485,0.850904,0.373056,-1.77606,0.0941897,0.749406,4.67534,0.164902,0.00151819,-0.0121166,-7.17409,-2.38832,-0.041385,0.00189022,
941,-0.0639919,-0.0417273,0.076042,0.00780133,0.0373821,0,0.154709,0.164102,0.437013,0.841641,-0.0333831,-0.0351699,0.537856,0.0202042,0.541098,0.523837,-0.523261,-0.0863248,-0.769617,0.504694,0.523362,3.87754,0.685766,1.2534,-0.612047,-0.337069,-0.714993,7.94962,0.139011,0.000564211,-0.00550076,-8.63029,-2.62302,-0.465279,-0.00106488,
942,-0.0571889,-0.0422443,-0.410223,-0.0165401,0.0421878,0,0.470767,0.372712,0.493257,0.848142,-0.0490319,-0.053342,0.524791,0.4213,0.547802,0.523836,-0.523667,-0.477581,-0.865616,0.470259,0.523344,3.8052,0.705217,1.03426,-0.606805,-0.024142,-0.76334,8.08062,0.106447,0.000113459,-0.0157707,-7.04637,-1.19625,-0.901734,-0.000345122,
943,-0.0454076,-0.0424303,-0.491437,-0.0273647,0.0451824,0,0.780972,0.415715,0.528315,0.855616,-0.0506423,-0.0531414,0.51238,0.556893,0.550214,0.523852,-0.524804,-0.554436,-0.855512,0.415143,0.523332,3.2098,0.536905,0.393497,0.299962,0.0960402,-0.344207,-1.1692,-0.00855256,0.000118577,-0.0262352,1.81145,1.57448,-1.29703,0.00010235,
944,-0.0292706,-0.0420251,-0.261765,-0.020238,0.0456135,0,0.274573,0.309408,0.533363,0.861674,-0.0380759,-0.0449954,0.504027,0.410891,0.54496,0.523875,-0.526177,-0.324135,-0.702384,0.343514,0.523333,2.86767,0.474625,-0.188842,0.885121,0.0356808,-0.540591,-4.64231,-0.201743,0.000341125,-0.029347,7.35158,4.52934,-1.56438,-4.50637e-05,
945,-0.0111677,-0.0409547,0.201175,-0.00128961,0.043797,0,-0.156986,0.0941261,0.512094,0.869949,-0.0198239,-0.0312955,0.491749,0.13697,0.531079,0.523875,-0.52775,0.0839309,-0.491617,0.261963,0.523336,2.67775,0.348498,-0.596493,0.524042,0.500838,-0.641878,-6.30152,-0.360591,-0.000257922,-0.0359939,8.95917,0.44307,-1.69378,9.85336e-05,
946,0.00751066,-0.0401658,0.577358,0.0175142,0.0403801,0,-0.490123,-0.135658,0.472097,0.878041,-0.0176773,-0.0161158,0.477988,-0.133968,0.520849,0.523861,-0.529453,0.492581,-0.512394,0.177373,0.523347,2.85911,0.372633,-1.02179,0.310687,0.433461,-0.618465,-4.55037,0.0444535,-0.000103938,-0.0312848,7.39973,-0.37864,-1.69083,0.000126055,
947,0.0269354,-0.0405813,0.62674,0.0153141,0.03502,0,-0.761983,-0.176088,0.409376,0.87861,-0.0178867,-0.0103284,0.477093,-0.251906,0.526237,0.523836,-0.530632,0.537803,-0.555757,0.0952442,0.523357,3.36334,0.627739,-1.492,-0.0527062,0.0955896,0.0162362,-0.191833,0.169873,0.000168829,-0.0187352,-1.90591,-1.3487,-1.57712,1.57224e-05,
948,0.0451341,-0.0411546,0.466565,0.0285675,0.0337127,0,-0.273412,-0.0607663,0.394081,0.873636,-0.0116355,-0.00173495,0.486437,-0.14929,0.533671,0.523101,-0.525795,0.312546,-0.649573,0.0226737,0.523392,3.40397,0.690471,1.07726,-1.3738,-0.212232,0.740289,4.20864,0.0940155,0.0266141,0.173815,-6.99861,-2.35832,-1.32806,0.00146177,
949,0.0592292,-0.0417688,0.0534595,0.00494613,0.0380263,0,0.145255,0.161296,0.44455,0.867813,-0.0372155,-0.0372961,0.49409,0.138774,0.541636,0.52404,-0.522639,-0.0771557,-0.774164,-0.0334351,0.523374,3.77632,0.729868,0.919985,-1.38768,-1.23773,-0.126193,7.29939,0.224169,-0.00548322,-0.0223018,-8.59856,-2.63052,-0.917469,-0.000744559,
950,0.0665853,-0.0422826,-0.393528,-0.0152186,0.0429484,0,0.461988,0.369721,0.502159,0.869715,-0.0504183,-0.0546481,0.487921,0.501699,0.548298,0.5238,-0.523716,-0.466631,-0.867771,-0.0671987,0.52334,3.76387,0.730745,1.10369,-0.49081,-0.0435393,-0.410475,7.25118,0.0935506,0.000568055,-0.0228009,-7.03761,-1.17284,-0.43782,-0.000124538,
951,0.0686711,-0.0424397,-0.464461,-0.0262563,0.0462627,0,0.809853,0.417016,0.540965,0.870842,-0.0531081,-0.0533181,0.485768,0.542783,0.550336,0.523851,-0.525235,-0.550953,-0.857208,-0.0769545,0.523331,3.18323,0.555478,0.48365,0.188436,0.0864957,-0.105541,-1.7385,-0.0123175,0.000609561,-0.0320649,1.59379,1.57183,0.0520316,0.000124294,
952,0.0645588,-0.0420322,-0.239481,-0.0193995,0.0470916,0,0.276157,0.314552,0.550672,0.874558,-0.0437397,-0.0473795,0.480615,0.373976,0.545052,0.523883,-0.526881,-0.325954,-0.704005,-0.0618315,0.523333,2.84201,0.490766,-0.0957838,0.699866,0.0335172,-0.453429,-4.98718,-0.199233,0.000359217,-0.0344893,7.35539,4.53488,0.550559,-3.08465e-05,
953,0.0541432,-0.0409808,0.211983,-0.000616541,0.045641,0,-0.155979,0.100633,0.533685,0.882104,-0.0290603,-0.0359121,0.468783,0.0873208,0.531417,0.523884,-0.528712,0.0826612,-0.492231,-0.0230352,0.523338,2.65691,0.356995,-0.522881,0.397298,0.554191,-0.65829,-6.46739,-0.353184,-0.00024014,-0.0415714,8.97741,0.463995,1.00012,0.000161331,
954,0.0386169,-0.040194,0.573918,0.018261,0.0425375,0,-0.490575,-0.128825,0.497349,0.890592,-0.0298005,-0.0210606,0.453336,-0.189698,0.521215,0.523872,-0.530689,0.492449,-0.512471,0.035666,0.523348,2.83894,0.357165,-0.947225,0.181206,0.498698,-0.715357,-4.6285,0.0346389,-8.88761e-05,-0.0365887,7.42688,-0.374715,1.34419,9.83863e-05,
955,0.0212686,-0.0405833,0.621403,0.0161355,0.0375113,0,-0.761748,-0.168431,0.438524,0.892332,-0.0334242,-0.0152728,0.449881,-0.31208,0.526263,0.523847,-0.532131,0.537905,-0.554393,0.107199,0.523357,3.35069,0.569718,-1.41137,-0.184962,0.166186,-0.0950786,-0.291132,0.166037,0.000170213,-0.0238937,-1.90807,-1.29545,1.53472,1.81467e-06,
956,0.00296305,-0.0413221,0.465479,0.0187381,0.0333241,0,-0.266495,-0.0597338,0.389535,0.891008,-0.0102696,-0.00195454,0.453868,-0.215821,0.535843,0.523632,-0.528604,0.308319,-0.64709,0.185959,0.523366,3.62354,0.292563,0.128955,-0.328551,0.8712,0.768195,4.04465,0.152379,-0.0113343,0.206685,-7.1043,-2.3424,1.60468,0.00331684,
957,-0.0148364,-0.0416563,0.0795159,0.00827727,0.0371301,0,0.147931,0.160599,0.434064,0.884223,-0.0377936,-0.0332137,0.464348,0.0602403,0.540177,0.523771,-0.522285,-0.0811369,-0.767096,0.265419,0.523402,4.15884,0.388241,1.27144,-1.80909,-1.3994,0.120548,7.02433,-0.0145402,0.00187761,-0.0161403,-8.52201,-2.40616,1.57345,-0.000972174,
958,-0.0327769,-0.0414674,-0.353041,-0.0142067,0.0432142,0,0.46259,0.371231,0.505272,0.884155,-0.0487784,-0.0501299,0.461928,0.413953,0.537727,0.523835,-0.523433,-0.468306,-0.852708,0.339873,0.523343,4.10497,0.314423,1.21307,-0.469275,-0.277923,-0.230293,7.1863,-0.0274919,0.000209697,-0.0243262,-7.0082,-1.06397,1.40118,-0.000258283,
959,-0.047951,-0.0411778,-0.447095,-0.0252518,0.0470263,0,0.806841,0.419147,0.549906,0.88635,-0.0451282,-0.055083,0.457507,0.569014,0.533973,0.523857,-0.52491,-0.551223,-0.836418,0.401876,0.523335,3.52756,0.249411,0.584494,0.392863,-0.210468,0.0535677,-1.01932,-0.120635,5.00347e-05,-0.0331457,1.61512,1.68957,1.07697,0.00012161,
960,-0.0583482,-0.0403834,-0.244022,-0.0185484,0.0482477,0,0.276149,0.317805,0.564211,0.887314,-0.02706,-0.0525142,0.457365,0.438405,0.52367,0.523884,-0.526628,-0.325814,-0.677037,0.445675,0.52334,3.18022,0.226403,-0.0124261,0.985164,-0.226315,-0.219962,-4.17902,-0.291451,0.000407782,-0.0363648,7.3506,4.66423,0.679841,6.02103e-06,
961,-0.0642328,-0.0402672,0.177502,0.000473015,0.0472051,0,-0.155736,0.10566,0.552,0.890762,-0.00396667,-0.0429037,0.452423,0.190248,0.522165,0.523886,-0.528593,0.0824968,-0.483498,0.468362,0.523345,2.97228,0.0948837,-0.414289,0.599357,0.319802,-0.307153,-5.73551,0.0407694,-0.000220741,-0.044095,8.97092,-0.0801858,0.233728,9.12957e-05,
962,-0.0647012,-0.0403989,0.540476,0.0191022,0.0445158,0,-0.490013,-0.122335,0.52051,0.893757,0.00281208,-0.0305205,0.447503,-0.0574952,0.523872,0.523875,-0.530702,0.491927,-0.51218,0.468189,0.523352,3.1315,0.0851753,-0.861149,0.397352,0.275336,-0.169947,-4.1866,0.0302466,-8.07892e-05,-0.0396596,7.4187,-0.397335,-0.237471,8.01672e-05,
963,-0.0577896,-0.040784,0.597816,0.0171198,0.0398926,0,-0.762949,-0.160952,0.466391,0.888009,0.00608828,-0.0275015,0.458962,-0.164483,0.528866,0.523853,-0.532287,0.537735,-0.554005,0.444015,0.523358,3.62592,0.337808,-1.31312,0.0360072,-0.0732411,0.641171,-0.115152,0.16825,0.000243217,-0.0266814,-1.89819,-1.26931,-0.709555,-6.1098e-05,
964,-0.0455911,-0.0416248,0.435771,0.00938793,0.0346477,0,-0.268115,-0.0562518,0.405019,0.880815,-0.00876491,-0.004615,0.473357,-0.0619595,0.539768,0.522686,-0.530204,0.309669,-0.64435,0.398857,0.523339,3.88811,1.14243,-0.802808,-1.63048,3.09409,0.948541,4.17505,0.248856,-0.0383567,0.135566,-7.09121,-2.29782,-1.10251,0.00060202,
965,-0.029962,-0.0416482,0.028652,0.00909827,0.0364961,0,0.146461,0.157894,0.426646,0.874505,-0.0283021,-0.00233382,0.484185,0.214126,0.540072,0.524641,-0.522998,-0.0797359,-0.755499,0.337751,0.523391,4.61353,1.01282,1.34476,-0.589214,-0.229251,0.226709,6.89141,-0.295996,-0.00593433,0.111032,-8.51596,-2.02592,-1.34303,-0.000409931,
966,-0.0127935,-0.0406062,-0.407179,-0.0177264,0.0412661,0,0.463932,0.366003,0.482467,0.872636,-0.031625,-0.0118748,0.487201,0.555543,0.52656,0.523979,-0.522992,-0.468614,-0.82467,0.266815,0.523351,4.43602,0.97195,0.866872,-0.13111,-0.238607,0.233782,5.50936,-0.236434,-0.00776801,-0.025262,-7.05364,-0.755271,-1.49833,-0.000569311,
967,0.00633672,-0.0402644,-0.474003,-0.0281044,0.043737,0,0.80398,0.410683,0.511392,0.867175,-0.0221558,-0.0106949,0.497396,0.540664,0.522128,0.523858,-0.524573,-0.551733,-0.794396,0.190796,0.52334,3.88234,0.836623,0.305234,0.653961,-0.214861,0.39289,-2.42104,0.0337345,-0.000301354,-0.0327244,1.63623,1.94367,-1.53213,0.000136008,
968,0.0243962,-0.0403501,-0.241706,-0.0207478,0.0438885,0,0.276312,0.305279,0.513165,0.864301,0.000741122,-0.00470431,0.502953,0.336828,0.523239,0.523871,-0.526256,-0.32589,-0.624145,0.117238,0.523343,3.51658,0.772185,-0.229435,1.17018,-0.26282,0.0520549,-5.70555,0.00882023,0.000289594,-0.0353377,7.34696,4.84579,-1.40932,-1.25645e-05,
969,0.039497,-0.0403642,0.239021,-0.00135815,0.0420797,0,-0.155676,0.089518,0.49199,0.86464,0.0220731,0.00807858,0.501841,0.014686,0.523422,0.523866,-0.528214,0.0823841,-0.489743,0.0531636,0.523347,3.36058,0.63055,-0.594622,0.695817,0.356756,-0.107049,-7.16885,0.00093021,-0.000194045,-0.043385,8.97482,-0.571205,-1.15596,9.1426e-05,
970,0.0508026,-0.0403727,0.621361,0.0170113,0.0385471,0,-0.490374,-0.141168,0.450645,0.866058,0.0313247,0.0223329,0.498462,-0.291634,0.523532,0.523854,-0.530241,0.492153,-0.516018,0.00403074,0.523352,3.57889,0.632453,-1.06911,0.54138,0.228393,-0.202375,-5.10069,0.001583,-0.000125582,-0.0374141,7.42806,-0.273817,-0.812546,5.97252e-05,
971,0.0581299,-0.0405833,0.67058,0.0201559,0.0346031,0,-0.762738,-0.177409,0.404498,0.866888,-0.00840288,0.00134338,0.49843,-0.428317,0.526263,0.523839,-0.531512,0.537866,-0.555244,-0.0268974,0.523367,3.38246,1.05501,-1.0137,-2.89288,0.0963988,-0.160087,-0.393271,0.112183,-0.00020977,-0.0200799,-1.90025,-1.28944,-0.41758,-0.00021641,
972,0.0610276,-0.0411389,0.513813,0.0249655,0.033655,0,-0.265012,-0.0587016,0.393406,0.863912,-0.0112145,-0.00631895,0.503479,-0.326469,0.533468,0.523722,-0.525936,0.308355,-0.648789,-0.0369228,0.523354,3.39083,0.399496,0.744457,-0.93828,-0.332394,0.701637,4.37722,0.146507,0.000216832,0.19811,-7.15919,-2.40974,0.00808638,0.00240017,
973,0.0585744,-0.0418022,0.0953909,0.0064231,0.0375509,0,0.154517,0.164486,0.438988,0.859993,-0.0367012,-0.035135,0.507771,-0.0238774,0.542069,0.523815,-0.522444,-0.0860595,-0.77507,-0.0246898,0.523362,3.90512,0.359997,1.11571,-0.634475,-0.2387,-0.580309,7.67762,0.193729,0.00151822,-0.025316,-8.63469,-2.65548,0.489998,-0.000984996,
974,0.0490306,-0.0424345,-0.373258,-0.0166145,0.0419907,0,0.470245,0.372025,0.490949,0.866094,-0.0529197,-0.0486449,0.494686,0.36724,0.550268,0.523834,-0.523855,-0.47727,-0.871561,0.00985321,0.523345,3.87931,0.352037,1.02516,-0.540366,0.0452236,-0.761603,7.95433,0.10661,0.000336914,-0.0350501,-7.03468,-1.18609,0.893445,-0.00031104,
975,0.0348744,-0.042534,-0.465906,-0.0268031,0.0451992,0,0.782564,0.415677,0.528511,0.87614,-0.0435606,-0.0482211,0.477657,0.569231,0.551559,0.523853,-0.525843,-0.554251,-0.860868,0.0620628,0.523329,3.27058,0.233919,0.448011,0.66542,-0.078746,-0.476344,-0.746956,-0.0330291,-0.000222007,-0.0437389,1.7988,1.58268,1.18598,5.68411e-05,
976,0.0183681,-0.0420427,-0.250293,-0.0196025,0.0458857,0,0.274644,0.310245,0.53655,0.883796,-0.0214956,-0.0403198,0.465637,0.448515,0.545188,0.523875,-0.528071,-0.324241,-0.707372,0.126293,0.523332,2.93853,0.183723,-0.125425,1.16784,-0.0999968,-0.760011,-4.05448,-0.221868,0.000379736,-0.0461734,7.35261,4.53575,1.38316,3.12156e-06,
977,-0.000333905,-0.0409084,0.17331,-0.000838164,0.0442996,0,-0.156999,0.0957239,0.517978,0.893653,0.00574927,-0.026266,0.447952,0.205372,0.530479,0.523876,-0.530483,0.0839154,-0.481533,0.197241,0.523337,2.74079,0.0585368,-0.551792,0.859008,0.419466,-0.906215,-5.65879,-0.373823,-0.000250056,-0.0530696,8.96135,0.895377,1.45701,0.000122969,
978,-0.0192088,-0.0401875,0.524279,0.0180497,0.041109,0,-0.49024,-0.133424,0.480629,0.903188,0.0156437,-0.00806432,0.428884,-0.0393102,0.52113,0.523863,-0.533062,0.492673,-0.507645,0.268313,0.523348,2.89617,0.0576217,-0.969373,0.61769,0.417456,-0.829566,-4.14093,0.0455701,-9.28675e-05,-0.0488273,7.40202,-0.537933,1.38513,0.000114128,
979,-0.0346563,-0.0406067,0.571098,0.0189348,0.0360909,0,-0.762564,-0.172805,0.421904,0.905247,0.0193646,0.000644289,0.424443,-0.14695,0.526566,0.523842,-0.535126,0.537856,-0.558383,0.3314,0.52336,3.16969,0.621613,-1.13438,-1.23792,0.716839,-0.295566,-0.184346,0.157971,0.000999366,-0.0399463,-1.90157,-1.49004,1.15859,0.000440796,
980,-0.046394,-0.0412722,0.409437,0.0259199,0.0337187,0,-0.26674,-0.0585643,0.394151,0.904891,-0.020645,-0.00877859,0.425052,-0.0521496,0.535196,0.523687,-0.536003,0.308476,-0.660988,0.381124,0.523384,3.39264,0.443087,0.838159,-1.1124,-0.409089,0.710192,3.84439,0.110992,-0.013358,0.108419,-7.10076,-2.51552,0.832309,0.000647811,
981,-0.0535331,-0.0418084,0.0361511,0.00510076,0.0380371,0,0.151288,0.164584,0.444677,0.900974,-0.0353875,-0.0248774,0.431711,0.20523,0.54215,0.523822,-0.52698,-0.083365,-0.792036,0.414141,0.523364,3.80962,0.442823,0.969967,-1.22914,-0.442641,0.0926276,6.48178,0.188281,0.000663924,0.183204,-8.59602,-2.72045,0.486964,-0.000197149,
982,-0.0568715,-0.0420973,-0.362147,-0.0176019,0.0427679,0,0.468139,0.372527,0.500046,0.899479,-0.0535153,-0.0399391,0.431832,0.526477,0.545896,0.523837,-0.522592,-0.473746,-0.88744,0.42828,0.523346,3.65507,0.415306,0.907864,-0.660983,-0.168502,0.102668,5.31972,0.0687107,-0.000319422,-0.0174085,-7.06159,-1.22507,0.075589,-0.000338446,
983,-0.0545395,-0.042135,-0.424376,-0.0283323,0.0452754,0,0.789877,0.415492,0.529403,0.896284,-0.0566061,-0.0429748,0.437748,0.535561,0.546385,0.52386,-0.523804,-0.553384,-0.878855,0.421026,0.523335,3.1264,0.389226,0.291932,0.155452,-0.110544,0.213211,-1.75089,-0.050168,0.000207182,-0.0257309,1.74167,1.54456,-0.352834,8.98512e-05,
984,-0.0477876,-0.0415609,-0.215123,-0.0213678,0.0452632,0,0.275173,0.30872,0.529261,0.895558,-0.0449804,-0.0411244,0.440751,0.373346,0.53894,0.523879,-0.525151,-0.324799,-0.72721,0.393862,0.523335,2.78655,0.387825,-0.296836,0.754268,-0.148343,-0.0525501,-4.71335,-0.247466,0.000264995,-0.0288808,7.3521,4.5001,-0.72897,-4.57207e-05,
985,-0.037556,-0.0403117,0.202732,-0.00269463,0.042909,0,-0.156498,0.0916038,0.501698,0.897753,-0.025115,-0.0339556,0.438469,0.104424,0.522742,0.523876,-0.526678,0.0833931,-0.484504,0.349746,0.523339,2.58821,0.275923,-0.732337,0.493953,0.241446,-0.214947,-6.03268,-0.331007,-0.000339751,-0.0345759,8.96205,1.39842,-1.02973,0.000104958,
986,-0.0244787,-0.0402538,0.553726,0.0162122,0.0389735,0,-0.489984,-0.139883,0.455635,0.900138,-0.0233424,-0.0246598,0.434279,-0.15316,0.52199,0.523856,-0.528343,0.492245,-0.506452,0.29285,0.52335,2.76951,0.249507,-1.14862,0.124837,0.275132,-0.150901,-4.28511,0.0505781,-0.000161819,-0.0308958,7.40544,-0.571299,-1.24596,0.000125069,
987,-0.00772649,-0.0406587,0.608269,0.020317,0.0336361,0,-0.764635,-0.180484,0.393186,0.895656,-0.0205839,-0.00752557,0.444208,-0.262547,0.527241,0.523802,-0.527764,0.538039,-0.559872,0.226702,0.523338,3.12607,0.168034,-0.998749,2.25751,0.641026,0.713519,-0.0994408,0.141306,-0.000692191,0.088428,-1.88613,-1.54183,-1.38802,2.45049e-05,
988,0.0107931,-0.0412553,0.456742,0.0262836,0.0340209,0,-0.267291,-0.0585902,0.397686,0.885869,-0.0158274,-0.0121236,0.463506,-0.157925,0.534978,0.523796,-0.523253,0.310314,-0.665811,0.157233,0.523401,2.8365,0.51657,0.86386,-2.42373,-1.15904,0.914462,4.19603,0.147525,-0.000229415,0.0831545,-7.14251,-2.66733,-1.38585,0.000759072,
989,0.026271,-0.0419082,0.0577679,0.00679236,0.0392286,0,0.150623,0.167655,0.45862,0.882806,-0.0479498,-0.0458708,0.465027,0.124699,0.543444,0.523892,-0.523122,-0.0821709,-0.803918,0.092766,0.523365,3.2607,0.582882,1.13047,-1.64139,-0.765659,-0.374528,7.15865,0.234823,0.00176531,-0.0167512,-8.62842,-2.88784,-1.20384,-0.000603798,
990,0.0373554,-0.0427213,-0.365833,-0.0161466,0.0439275,0,0.469789,0.376322,0.513622,0.888835,-0.0622983,-0.0642466,0.449403,0.482302,0.553988,0.523877,-0.52372,-0.475071,-0.912441,0.0392605,0.523334,3.21127,0.470354,1.05913,-0.402798,0.176774,-0.856881,7.14714,0.183794,-0.00085092,-0.0129919,-7.0876,-1.44773,-0.940452,-7.34014e-05,
991,0.0452968,-0.0431439,-0.428252,-0.0266907,0.0471561,0,0.785686,0.420688,0.551427,0.896772,-0.0542936,-0.0581671,0.435281,0.560296,0.559468,0.523867,-0.524725,-0.553929,-0.913847,-0.000376516,0.523327,2.62309,0.376204,0.457327,0.677176,0.114332,-0.548041,-1.66898,0.0508017,-1.82904e-05,-0.0227147,1.77434,1.36286,-0.642149,0.000182611,
992,0.0492818,-0.0429657,-0.211337,-0.0194475,0.0478948,0,0.274697,0.316115,0.560078,0.905202,-0.0333557,-0.0475818,0.42099,0.401429,0.557157,0.523887,-0.525911,-0.324416,-0.770159,-0.0234249,0.523329,2.29951,0.374993,-0.109122,1.17169,0.0535826,-0.862303,-4.66114,-0.143449,0.000315804,-0.0255009,7.35692,4.36296,-0.281094,-3.43941e-05,
993,0.048183,-0.0421306,0.187568,-0.00130347,0.0463352,0,-0.157126,0.10211,0.541814,0.916,-0.00306481,-0.0332234,0.399789,0.135817,0.546328,0.52389,-0.527248,0.0840051,-0.498862,-0.0280601,0.523331,2.10111,0.304788,-0.598277,1.33008,0.153019,-1.12234,-5.95224,-0.292505,-0.000119361,-0.0289379,8.96449,5.22569,0.0942494,0.000106337,
994,0.0422897,-0.0409404,0.506193,0.0182673,0.0431773,0,-0.490412,-0.127024,0.50484,0.927269,0.00945751,-0.0145289,0.373995,-0.12048,0.530894,0.523874,-0.528774,0.492839,-0.494881,-0.0144961,0.523343,2.25809,0.258655,-0.948788,0.554037,0.513855,-1.14588,-4.31344,-0.314971,-9.51e-05,-0.028588,7.40425,-0.895677,0.441197,6.446e-05,
995,0.0343568,-0.0402258,0.547609,0.0160631,0.0381349,0,-0.761181,-0.166482,0.445821,0.932182,0.0162651,-0.00443767,0.361597,-0.239763,0.521627,0.52385,-0.529833,0.537873,-0.561851,0.0135035,0.523353,2.77535,0.389898,-1.41835,0.283775,0.135397,-0.463175,-0.478406,0.0155743,0.000183803,-0.0165187,-1.9124,-1.77655,0.696453,2.57786e-05,
996,0.0249989,-0.040398,0.410334,0.020805,0.033325,0,-0.271362,-0.0610759,0.389546,0.931829,-0.0300866,-0.00758452,0.361569,-0.165025,0.52386,0.523573,-0.529526,0.310826,-0.676923,0.0528904,0.523388,3.12744,0.215132,0.319272,-1.24124,0.183913,0.573122,3.31996,0.00145424,-0.0398217,0.180757,-7.01454,-2.73277,0.889287,-0.000219509,
997,0.0146699,-0.0403607,0.0971501,0.0116212,0.0379043,0,0.138765,0.159235,0.443123,0.925946,-0.0493984,-0.0273834,0.373409,0.0640849,0.523376,0.523835,-0.522263,-0.0739487,-0.815385,0.101534,0.523379,3.8142,-0.252963,1.56177,-0.903446,-0.327426,0.183329,5.84551,0.0114683,0.00110381,-0.0110958,-8.39539,-2.82628,1.05644,-0.000802502,
998,0.00170842,-0.0405255,-0.263012,-0.0148309,0.0436116,0,0.454384,0.36772,0.509923,0.924647,-0.0627377,-0.0426814,0.373189,0.367029,0.525514,0.523844,-0.523461,-0.458398,-0.923359,0.155965,0.523352,3.72012,-0.248899,1.09601,-0.609817,-0.363268,-0.171175,6.2689,0.07854,-9.9144e-05,-0.0256638,-6.99272,-1.506,1.11973,-0.000217718,
999,-0.0122239,-0.0406221,-0.363201,-0.0260413,0.0469936,0,0.836932,0.41763,0.549524,0.927414,-0.0629277,-0.0532011,0.364846,0.562366,0.526766,0.523863,-0.52491,-0.548002,-0.929248,0.210927,0.523341,3.21712,-0.183303,0.488423,0.168761,-0.342853,-0.0803658,-0.221676,-0.0261532,-0.000370936,-0.0325632,1.41079,1.24362,1.06625,-1.07086e-06,
