step,action0,action1,action2,action3,action4,action5,action6,action7,state0,state1,state2,state3,state4,state5,state6,state7,state8,state9,state10,state11,state12,state13,state14,state15,state16,state17,state18,state19,state20,state21,state22,state23,state24,state25,state26,
0,0.00437148,-0.0521749,-0.000918915,-0.159903,-0.00823711,-0.0023915,-0.136245,0.0731676,0.654131,0.996935,0.042092,0.0582416,-0.0309292,-0.00735012,0.0565116,0.0761231,0.0462263,-0.000918915,0.0158844,-0.0385503,0.043975,0.047868,0.0731876,0.0648389,0.0549416,0.0181467,0.0555343,0.0700165,0.0293458,0.035029,0.0451245,0.00214929,0.0969759,0.0306798,0.0941912,
1,0.0042697,-0.054058,-0.0255056,-0.167145,-0.112123,-0.00247806,-0.71803,0.0802901,0.677808,0.996417,0.0431314,0.0674989,-0.0271427,-0.0042344,0.424181,0.0761593,-0.415096,-0.0255139,-0.4154,-0.0363374,0.429545,0.150195,-0.0275616,0.236156,0.004059,0.438551,0.217708,0.0541645,7.64727,-0.0337426,-10.2026,-0.977734,-9.32728,0.0587091,8.34724,
2,0.00385631,-0.053517,-0.199966,-0.164353,-0.213104,-0.00245319,0.485939,0.131969,0.671005,0.996112,0.0425978,0.0763988,-0.0104643,-0.0066757,0.766491,0.0534659,-0.913035,-0.204112,-0.855581,-0.033152,0.826843,0.149038,-0.164068,-0.511027,-0.167548,0.321235,1.02536,-0.147921,6.05811,-0.865437,-9.71897,-6.13103,-8.28695,0.071917,7.55123,
3,0.00328397,-0.0513705,-0.383661,-0.138389,-0.298279,-0.00235453,0.994172,0.192648,0.644019,0.999025,-0.0280708,0.0329574,0.00866636,-0.0483871,1.03176,-0.0275617,-1.28562,-0.416263,-1.23543,-0.0294146,1.1775,-0.0113839,-0.0448824,-0.78548,-3.37509,-2.89982,0.698234,-1.50601,4.55393,-2.36746,-0.381026,-2.37296,-5.74961,0.0764683,6.6014,
4,0.00303001,-0.0511671,-0.331453,-0.0700444,-0.27301,-0.00234518,0.983712,0.174206,0.641462,0.996754,-0.0106065,-0.0123566,0.0788469,-0.192821,1.22072,-0.191147,-1.23794,-0.351663,-1.2443,-0.027248,1.25874,0.201492,-0.634361,0.0545922,1.85774,-1.04629,3.22236,-4.24715,3.12973,-4.24306,1.07418,4.9168,1.43519,0.047104,-1.03761,
5,0.00261269,-0.0516882,0.0651973,0.0549266,-0.226861,-0.00236913,0.998364,0.0533811,0.648013,0.990605,0.02611,0.0133584,0.133575,-0.460241,1.23509,-0.447436,-1.18673,0.0653363,-1.14292,-0.0232577,1.19793,-0.276467,-0.16281,0.28215,0.658298,1.40898,1.30135,-6.42658,-0.61601,-5.99583,0.991153,11.7362,2.62697,0.0887308,-1.36877,
6,0.00187882,-0.0529378,0.527673,0.0944039,-0.186606,-0.00242656,0.999974,-0.110831,0.663722,0.988361,0.0224038,0.0184693,0.149333,-0.552329,1.21553,-0.557425,-1.13826,0.627242,-1.00332,-0.0163291,1.12446,0.030695,-0.207841,0.088998,-0.497156,-0.847004,1.54927,0.74024,-0.166876,0.777765,0.951807,0.8325,2.94089,0.136537,-1.59533,
7,0.00108226,-0.0522765,0.485559,0.03396,-0.140724,-0.00239617,1,-0.0914966,0.655408,0.98171,0.0130157,-0.0096118,0.189692,-0.41986,1.22317,-0.530521,-1.09203,0.558874,-0.8802,-0.00952538,1.03709,0.184764,-0.303761,-0.409838,-0.604372,-1.0343,1.4349,4.53168,0.176908,0.245445,0.89487,-1.13224,1.99245,0.144165,-1.89959,
8,0.000220293,-0.0496937,0.467267,-0.104432,-0.110184,-0.00227748,-1,-0.0839232,0.622944,0.975265,0.00325208,-0.0394663,0.217464,-0.10989,1.22294,-0.524874,-1.04878,0.5312,-0.799726,-0.00203992,0.934875,0.278313,-0.317742,-0.885239,-0.56479,-1.19803,0.907897,7.83944,-0.0355032,0.0366298,0.835372,-0.192254,1.23349,0.153746,-2.18604,
9,-0.00050314,-0.0467415,0.321564,-0.307027,-0.0891267,-0.00214188,-0.999759,-0.0286163,0.585853,0.968076,0.022586,-0.0572525,0.242983,0.357894,1.20171,-0.524119,-1.00875,0.339897,-0.754455,0.00495406,0.818899,1.02687,-0.376544,-0.736122,1.46435,-0.754565,1.21878,10.8448,-0.812834,0.00258901,0.780217,-7.4009,0.584101,0.123812,-2.44807,
10,-0.000694848,-0.0466027,-0.186069,-0.395496,-0.0472479,-0.0021355,-0.989839,0.123764,0.58411,0.941076,0.0306503,-0.0592823,0.331544,0.571926,1.10499,-0.524175,-0.964439,-0.189392,-0.725063,0.00686209,0.691889,2.13618,0.013361,0.265734,-0.720808,0.575756,5.86103,-0.99465,-3.03793,0.00418033,0.931177,-13.8203,0.546652,-0.0293174,-2.63865,
11,-0.000707289,-0.0471854,-0.532764,-0.364196,0.00379378,-0.00216226,-0.834183,0.247029,0.59143,0.900796,0.0323843,-0.0477362,0.430394,0.490878,0.884836,-0.523919,-0.917798,-0.636018,-0.674666,0.00689851,0.553835,1.69612,0.27418,-0.151432,0.892558,0.670607,2.574,-2.24038,-5.75265,0.00357634,0.896222,1.58353,1.44168,0.0384377,-2.87999,
12,-0.000826507,-0.0455811,-0.480534,-0.271906,0.0566588,-0.00208859,-0.0764572,0.22132,0.571278,0.868686,0.0362492,-0.029682,0.493143,0.284775,0.537353,-0.52341,-0.874206,-0.551163,-0.558916,0.00834565,0.505543,1.55967,0.217198,-0.66591,0.364458,0.567247,3.16624,-5.97246,-8.12777,0.0128586,0.848289,0.931464,3.17401,0.0152798,0.443733,
13,-0.000764021,-0.0425339,-0.459425,-0.0894854,0.0994859,-0.0019487,0.362104,0.209257,0.533015,0.821961,0.0537664,-0.0126204,0.56686,-0.093937,0.48811,-0.512711,-0.833543,-0.519656,-0.501837,0.0082685,0.520317,1.4081,0.203972,-0.936049,1.34616,0.365741,3.67695,-9.15145,1.01604,0.409401,0.784978,0.334711,-0.519084,-0.0133732,0.128325,
14,-0.000661958,-0.038195,-0.401021,0.157999,0.121024,-0.0017496,0.427552,0.182905,0.478557,0.771007,0.0714192,0.0184757,0.63254,-0.590307,0.520684,-0.474168,-0.795731,-0.438813,-0.519002,0.00797917,0.523078,1.05301,0.372062,-0.929154,1.03081,2.81827,0.438227,-4.2428,0.268989,1.17942,0.715346,2.74346,-0.150871,0.0800591,0.0154038,
15,-0.00141203,-0.0357354,-0.223859,0.152014,0.11917,-0.00163679,0.244412,0.123437,0.4477,0.77529,0.0286032,0.0349991,0.629987,-0.560978,0.563412,-0.393543,-0.760247,-0.22973,-0.522498,0.0181936,0.523333,0.22491,0.0536751,-0.495681,-2.17372,0.135419,-0.212839,1.19004,1.43313,2.01598,0.701282,5.63876,-0.0231272,0.264186,0.00105078,
16,-0.002237,-0.0334526,0.0898718,0.144659,0.115614,-0.00153211,-0.0988177,0.0309455,0.419067,0.783323,0.0123658,0.0174275,0.621247,-0.529905,0.66056,-0.27517,-0.725716,0.0902374,-0.523039,0.0307924,0.523357,0.233642,0.197811,-0.435225,1.33811,-1.0604,-0.559588,0.231241,2.39727,2.70153,0.679184,7.14078,-0.0013006,0.227214,0.00037556,
17,-0.00347896,-0.0364962,0.373214,0.116335,0.100565,-0.00167168,-0.414039,-0.058485,0.457243,0.811678,0.0338194,0.0165857,0.58289,-0.489407,0.787806,-0.120858,-0.693877,0.40297,-0.523124,0.0438899,0.52339,-0.857919,0.00944027,1.20879,0.142164,-0.348432,-2.57088,1.24259,2.86257,3.45118,0.60661,5.56612,-0.00785081,0.271941,0.000136228,
18,-0.00492435,-0.0403238,0.484834,0.0438551,0.0780976,-0.00184727,-0.543537,-0.101065,0.505273,0.8454,0.0409802,0.00991259,0.532468,-0.360998,0.948815,0.065592,-0.664348,0.557757,-0.534228,0.0562196,0.52338,-0.593517,0.225926,0.714064,-0.00967424,-0.628779,-2.09495,3.87142,3.57224,3.99831,0.575627,-0.342973,-0.432886,0.215908,-0.000158986,
19,-0.00602332,-0.0422178,0.40366,-0.0933568,0.0514292,-0.00193419,-0.448547,-0.065629,0.529046,0.870983,0.046712,-0.00438662,0.489067,-0.0835942,1.131,0.274636,-0.636373,0.442293,-0.573785,0.0656763,0.52336,-0.370476,0.357585,0.241283,-0.256021,-0.749191,-1.85755,7.20001,3.712,4.35929,0.54342,-4.24513,-1.14136,0.162221,-0.000247057,
20,-0.00677954,-0.0431179,0.153963,-0.288605,0.0188776,-0.00197551,-0.170958,0.0197081,0.540347,0.892034,0.0484354,-0.045432,0.447064,0.339432,1.24974,0.496313,-0.609464,0.155827,-0.639661,0.0723761,0.523374,0.32183,0.590967,0.53368,-2.48472,-2.62558,-1.03924,9.66359,-0.227289,4.47946,0.541977,-7.07857,-1.43369,0.0836894,0.00163978,
21,-0.00779074,-0.0487053,-0.207304,-0.405496,0.0023374,-0.00223207,0.228673,0.126568,0.610524,0.889849,0.0181878,-0.107107,0.443132,0.583013,1.18125,0.550209,-0.574255,-0.211935,-0.701055,0.0736115,0.523339,0.707011,0.337008,1.50691,-1.68648,-0.382907,0.643533,-1.04606,-2.41081,-0.728123,0.768166,-7.76658,-1.1071,-0.0110075,-0.000842397,
22,-0.00838515,-0.053624,-0.479322,-0.382583,-0.00280183,-0.00245811,0.537499,0.221835,0.672351,0.883454,-0.0230797,-0.131718,0.449028,0.492951,0.989233,0.51517,-0.537306,-0.549316,-0.731545,0.0719426,0.523309,0.564113,0.256715,0.954647,-2.01398,0.0613072,0.291373,-2.51465,-5.24612,-0.668667,0.709928,-4.7425,-0.121994,-0.0535983,-0.000313794,
23,-0.00830713,-0.0560308,-0.463997,-0.301799,0.00199476,-0.00256878,0.519333,0.215448,0.702621,0.883649,-0.0659912,-0.146492,0.439716,0.283705,0.663269,0.482995,-0.519586,-0.526364,-0.696979,0.0682026,0.523282,0.187828,0.321321,0.261706,-1.7484,0.421464,-0.104024,-5.83026,-7.77451,-0.634262,-0.0683482,2.84211,1.49093,-0.107052,-0.000225857,
24,-0.00741332,-0.0559792,-0.28135,-0.135877,0.027775,-0.0025664,0.310071,0.149408,0.701971,0.882279,-0.0901819,-0.154853,0.435283,-0.0845764,0.463943,0.452755,-0.523982,-0.293337,-0.584351,0.0609204,0.523269,-0.170654,0.453956,-0.251551,-0.148925,-0.279185,-0.00715835,-8.88029,1.13764,-0.572142,-0.09776,6.44873,3.00675,-0.181968,-8.88202e-05,
25,-0.00595952,-0.0539959,0.0771632,0.0988279,0.0465907,-0.00247521,-0.0842978,0.0419526,0.677027,0.88244,-0.093687,-0.159378,0.432575,-0.568816,0.510971,0.430409,-0.529316,0.0773941,-0.502996,0.0507776,0.52327,-0.054445,0.4911,-0.521527,-0.412167,0.676627,-0.0136148,-8.49477,0.467498,-0.256641,-0.112247,8.35306,-0.354393,-0.221524,-4.16914e-05,
26,-0.00458719,-0.0521118,0.424074,0.104672,0.0357744,-0.0023886,-0.472538,-0.0722458,0.653338,0.889926,-0.124728,-0.141976,0.415112,-0.568685,0.551346,0.431316,-0.533917,0.469734,-0.519264,0.0405017,0.523283,0.513557,0.160662,-0.626193,-0.980417,1.43735,-0.552677,1.92976,1.14908,0.202571,-0.0896244,7.3476,-0.172219,-0.214888,7.54039e-05,
27,-0.00300528,-0.0490417,0.482689,0.0339086,0.0273454,-0.00224753,-0.541193,-0.096848,0.614751,0.89036,-0.162409,-0.123353,0.407022,-0.398151,0.626554,0.446568,-0.538283,0.554461,-0.54079,0.0282,0.523293,0.915228,0.365687,-0.933999,-1.02417,1.30096,0.221005,4.87576,1.85194,0.414684,-0.082673,-1.73215,-0.686054,-0.265984,3.24524e-05,
28,-0.00180462,-0.0480586,0.349242,-0.110374,0.00465951,-0.00220237,-0.386755,-0.0431536,0.602399,0.902431,-0.164983,-0.115459,0.380878,-0.0862951,0.719846,0.478797,-0.535759,0.373182,-0.591718,0.0172807,0.523321,1.87393,-0.407378,1.2034,1.85331,-0.30162,-3.07803,7.32724,1.79256,1.045,0.324405,-5.47605,-1.34218,-0.136302,0.000168594,
29,-0.00121094,-0.0521272,0.0356717,-0.312074,-0.0397405,-0.00238931,-0.0386963,0.0579464,0.653531,0.934619,-0.113624,-0.125072,0.312944,0.333711,0.78681,0.527806,-0.521563,0.0356944,-0.664507,0.0106885,0.523315,2.10899,-0.622264,0.810516,1.40958,-0.606757,-3.15828,9.472,0.88961,0.401319,0.0702682,-8.00892,-1.56515,-0.134239,-0.000193693,
30,-0.000403237,-0.0540209,-0.340736,-0.424613,-0.0774872,-0.00247636,0.377201,0.174396,0.677342,0.954764,-0.0708266,-0.131387,0.257188,0.596231,0.772609,0.523739,-0.523141,-0.362833,-0.729594,0.0034341,0.523287,1.62613,-0.975237,0.102353,1.29149,-0.130202,-1.778,-1.20681,-1.43394,-0.295485,-0.0603187,-7.93548,-1.04644,-0.161831,-0.000251364,
31,0.000463171,-0.0529913,-0.490175,-0.373456,-0.100098,-0.00242902,0.550098,0.23239,0.664395,0.968541,-0.0315384,-0.127796,0.211192,0.474718,0.624743,0.495903,-0.526619,-0.566037,-0.748382,-0.00402139,0.523276,1.26294,-0.843571,-0.616214,1.40906,-0.00958004,-2.45514,-3.60557,-4.45657,-0.810004,-0.078526,0.656778,0.279345,-0.138334,-5.48611e-05,
32,0.00124777,-0.0502416,-0.398379,-0.252789,-0.106825,-0.00230266,0.442708,0.196723,0.629831,0.980564,0.0121921,-0.113731,0.159407,0.210364,0.480776,0.438605,-0.531288,-0.435342,-0.69287,-0.011428,0.523278,1.35455,0.00461551,-0.37453,1.55458,1.34189,-2.34319,-6.93655,0.678703,-1.463,-0.119485,4.49591,1.90411,-0.164157,3.56209e-05,
33,0.00203864,-0.0481685,-0.135136,-0.0570383,-0.0963937,-0.00220741,0.147642,0.112002,0.603779,0.990147,0.0587254,-0.0712611,0.105273,-0.200344,0.513529,0.348359,-0.537695,-0.13639,-0.563362,-0.0194771,0.523291,1.2246,0.334063,-0.705145,2.18132,1.21726,-2.45773,-9.47135,0.347256,-2.14347,-0.133539,7.44849,3.26626,-0.158469,0.000197183,
34,0.00254696,-0.0449012,0.245308,0.133261,-0.108954,-0.00205737,-0.270095,-0.00135066,0.562739,0.993427,0.10466,-0.0285674,0.0365078,-0.581722,0.521987,0.227012,-0.544443,0.253108,-0.504501,-0.0261082,0.523313,1.35135,0.216558,-0.847734,0.379119,2.37119,-4.95889,-0.610736,0.0583059,-2.67064,-0.136679,8.05545,-0.445464,-0.0513231,0.000290828,
35,0.00173081,-0.042195,0.488171,0.114027,-0.152555,-0.00193315,-0.548374,-0.0917058,0.528761,0.994997,0.0730998,0.027708,-0.0622086,-0.522471,0.549205,0.0760669,-0.549901,0.562918,-0.524674,-0.0188822,0.523241,1.59139,0.67177,-0.477273,-2.7457,0.306043,-2.39762,2.08582,1.03924,-3.38669,-0.0748389,1.35104,-0.373662,0.343361,0.000696298,
36,0.000194249,-0.0393946,0.441971,0.0331936,-0.181225,-0.00180464,-0.494777,-0.0720113,0.493611,0.992545,0.00476688,0.0438058,-0.113633,-0.332282,0.620688,-0.117278,-0.55336,0.494598,-0.559586,-0.00227005,0.523322,1.61407,0.372122,-0.79275,-2.30292,-0.258911,-2.09211,5.48408,1.81459,-4.33664,-0.0634875,-3.38853,-1.00969,0.327776,0.00135185,
37,-0.001181,-0.0375911,0.232901,-0.124066,-0.215876,-0.0017219,-0.254003,0.00204218,0.47098,0.985499,-0.0333689,-0.0261671,-0.164298,0.0128049,0.715602,-0.3619,-0.5564,0.239539,-0.620242,0.0144647,0.523369,0.899135,-0.130708,-0.417906,-0.617465,-2.73646,-1.53585,8.31943,1.95995,-5.38134,-0.0263063,-6.80401,-1.43287,0.321648,-0.0013867,
38,-0.00237482,-0.0388645,-0.131465,-0.324826,-0.230747,-0.00178032,0.129964,0.110557,0.486959,0.985244,-0.0320274,-0.0417841,-0.162858,0.45214,0.782909,-0.565146,-0.552127,-0.132618,-0.683469,0.028132,0.523651,1.67427,-1.65512,2.03546,-1.84613,-1.97476,-0.114943,9.01269,0.50967,0.115815,0.121006,-7.77547,-0.802167,0.26057,0.00969914,
39,-0.00397611,-0.0460058,-0.437984,-0.392802,-0.230966,-0.00210809,0.489125,0.211897,0.576612,0.982273,-0.0833457,-0.0715641,-0.151894,0.569181,0.747635,-0.535556,-0.546707,-0.488989,-0.701948,0.0397776,0.523335,1.31663,-1.40252,1.52921,-1.93121,-1.10345,0.820209,-1.30367,-1.89174,0.404306,0.0992267,-6.48571,0.0520643,0.212263,-0.000444255,
40,-0.00555327,-0.051022,-0.481466,-0.348169,-0.219067,-0.00233851,0.539555,0.229434,0.639639,0.979679,-0.109801,-0.0805971,-0.147232,0.426547,0.584023,-0.52586,-0.539573,-0.552587,-0.660679,0.0500817,0.523311,1.21491,-0.965215,0.935665,-0.860668,-0.359495,0.00953366,-4.37883,-4.64143,0.0658247,0.136376,1.94641,1.58522,0.19102,0.000149007,
41,-0.00676861,-0.0535916,-0.338136,-0.224976,-0.189211,-0.00245662,0.374205,0.175101,0.671943,0.97726,-0.122387,-0.0937294,-0.145599,0.125773,0.495292,-0.52444,-0.533669,-0.359692,-0.541025,0.0581078,0.523296,1.1623,-0.623784,0.348126,-0.0272416,-0.808936,0.000829962,-7.62734,0.640065,0.00814974,0.100452,5.73728,3.18864,0.132407,-0.000212382,
42,-0.00744983,-0.0539863,-0.0118934,-0.024626,-0.180073,-0.00247477,0.01313,0.0747925,0.676907,0.975363,-0.127432,-0.104688,-0.146524,-0.307677,0.517603,-0.524276,-0.529324,-0.0118943,-0.502123,0.0634873,0.523283,1.13247,-0.404709,-0.162268,-0.195631,-0.250886,-0.151397,-9.69294,0.204417,0.000161433,0.0739402,8.15605,-0.57249,0.0817659,-9.24494e-05,
43,-0.00768582,-0.0527578,0.362007,0.109945,-0.189943,-0.00241829,-0.40106,-0.042621,0.661459,0.97265,-0.127209,-0.109122,-0.160819,-0.584251,0.522854,-0.524233,-0.525402,0.388924,-0.519613,0.0670281,0.523279,1.05125,-0.893423,-0.388524,0.225772,0.215916,-1.22021,0.842432,0.0312648,-0.000133127,0.0930283,7.88378,-0.147421,0.0696693,-1.35609e-05,
44,-0.00751467,-0.0507629,0.489684,0.0656865,-0.199299,-0.00232661,-0.549619,-0.0940746,0.636382,0.971785,-0.116193,-0.106529,-0.175454,-0.47684,0.544572,-0.524281,-0.522882,0.565271,-0.534456,0.0681179,0.523287,1.23032,-1.27575,-0.621124,0.486199,0.262558,-0.0103211,3.40402,0.831101,-0.000354799,-0.0116815,-0.867267,-0.44623,-0.026184,0.000157782,
45,-0.0067649,-0.0477737,0.388998,-0.0454089,-0.206619,-0.00218928,-0.431755,-0.0523808,0.59882,0.975872,-0.0970064,-0.0970562,-0.169835,-0.222302,0.597048,-0.524296,-0.523631,0.423133,-0.573448,0.0651678,0.523295,1.34628,-1.52697,-0.890493,0.99763,0.715629,0.372182,6.7521,1.26428,0.000179707,-0.00156226,-4.78574,-1.10676,-0.0907405,-0.000174631,
46,-0.00558196,-0.0433203,0.110483,-0.217478,-0.21752,-0.00198479,-0.120899,0.0393335,0.542888,0.981636,-0.0690432,-0.0814293,-0.158095,0.177711,0.650137,-0.524313,-0.523572,0.111165,-0.636924,0.059312,0.523306,1.5384,-1.68886,-1.34144,1.25541,0.917459,0.529252,9.22722,0.861884,-0.000111369,0.00430365,-7.66883,-1.42766,-0.143785,2.47486e-05,
47,-0.00412458,-0.0378725,-0.269653,-0.382004,-0.220556,-0.00173481,0.296963,0.153358,0.474511,0.990225,-0.039433,-0.0389342,-0.128002,0.596631,0.65166,-0.524419,-0.52348,-0.280139,-0.697618,0.0501415,0.523324,1.98067,-1.83629,-1.10641,0.254107,3.75463,3.24144,1.93924,-0.790459,-0.00190549,0.00128954,-7.87923,-0.971854,-0.256493,-7.60786e-05,
48,-0.00283976,-0.0342504,-0.486957,-0.346017,-0.198334,-0.00156869,0.546124,0.233009,0.429073,0.997472,-0.00398636,0.035646,-0.0613412,0.533256,0.541522,-0.524342,-0.524414,-0.561035,-0.7135,0.038178,0.523352,1.61188,-1.99867,-1.10608,1.48549,2.85085,2.15361,-2.48614,-3.56006,0.00104,-0.0311925,-0.633264,0.265493,-0.226951,9.29213e-05,
49,-0.0017941,-0.0328804,-0.431538,-0.252345,-0.16419,-0.00150587,0.481102,0.210601,0.411891,0.999667,-0.0110367,0.0213546,-0.00938667,0.325152,0.504258,-0.524311,-0.524982,-0.480006,-0.657013,0.0251262,0.523368,0.486767,-0.829776,-0.268928,0.159613,-1.7042,2.56757,-5.76946,0.495278,2.82533e-05,-0.0232225,3.5868,1.97631,-0.289861,1.96216e-05,
50,-0.00077568,-0.0310768,-0.214622,-0.0816238,-0.110229,-0.00142319,0.235482,0.136685,0.389276,0.999041,-0.00689652,0.000243822,0.0432318,-0.0342744,0.519526,-0.524226,-0.52672,-0.219776,-0.520504,0.0114944,0.523368,0.189874,-0.395069,-0.541421,0.0021183,0.538851,1.33824,-8.57895,0.129402,0.000490239,-0.0510438,6.76596,2.85125,-0.245572,9.43199e-05,
51,0.000125122,-0.0302089,0.147565,0.133723,-0.0932645,-0.00138341,-0.161314,0.0293139,0.378394,0.99676,-0.0007633,0.00144995,0.0804134,-0.484773,0.522738,-0.524111,-0.529483,0.149203,-0.510689,-0.00190744,0.523311,-0.442479,0.178972,0.167799,-1.28848,0.61685,0.716943,-9.49631,0.0236847,0.00150873,-0.0512979,7.90267,-0.375818,-0.210659,-0.00019225,
52,0.000730189,-0.0309101,0.450287,0.164396,-0.0969887,-0.00141555,-0.504037,-0.0751395,0.387186,0.996915,-0.00500107,-0.00248044,0.0782897,-0.555614,0.5457,-0.524024,-0.529812,0.506431,-0.522528,-0.0108787,0.523383,-0.25104,-0.373172,0.0462849,0.285941,-0.414744,-0.287652,1.17985,0.921617,-0.000912946,0.0147781,6.38585,-0.111753,-0.166634,0.00094714,
53,0.00134809,-0.030942,0.470755,0.100434,-0.0986522,-0.00141701,-0.528838,-0.0839124,0.387586,0.996179,0.00150309,-0.0183351,0.0853775,-0.418463,0.620166,-0.524056,-0.527279,0.536395,-0.540703,-0.0200638,0.523425,0.483333,-0.474801,0.717493,-0.189597,-1.35968,0.244759,4.13833,1.95995,0.00356231,0.180303,-1.9011,-0.53451,-0.18541,0.00169175,
54,0.00221365,-0.0339779,0.331325,-0.0447383,-0.100124,-0.00155619,-0.365129,-0.0301583,0.425655,0.993432,-0.00621224,-0.0426545,0.105998,-0.13172,0.733713,-0.524072,-0.521925,0.35151,-0.579794,-0.0299994,0.523418,0.914636,-0.436683,0.673346,-0.0343748,-0.76281,0.984039,7.31723,2.579,-0.000411563,-0.0315918,-5.5215,-1.05412,-0.198381,-0.000861893,
55,0.00341578,-0.0391478,0.0254548,-0.249639,-0.0994192,-0.00179331,-0.0251811,0.0647575,0.490513,0.987047,-0.015978,-0.0790539,0.138684,0.27729,0.846865,-0.52407,-0.523184,0.0254631,-0.629326,-0.04017,0.523471,1.78985,-0.707483,1.79214,-0.504236,-1.57832,1.69469,9.07164,1.9703,-0.000517604,-0.0188181,-7.54586,-0.957776,-0.207891,-0.00179999,
56,0.00494203,-0.0452982,-0.328088,-0.40113,-0.0880785,-0.0020756,0.364021,0.171523,0.567725,0.975062,-0.0246398,-0.113465,0.189135,0.594755,0.896223,-0.5241,-0.524568,-0.347644,-0.663813,-0.0502148,0.52337,1.42321,-0.647764,1.24917,-0.273957,-0.944295,2.85967,-0.419956,0.0293709,-0.000464166,-0.0364183,-7.38754,-0.432263,-0.20227,-0.00115126,
57,0.00625752,-0.0490469,-0.493411,-0.372397,-0.061158,-0.00224777,0.554289,0.233083,0.614817,0.95829,-0.0345694,-0.13146,0.251402,0.498463,0.824168,-0.524038,-0.526746,-0.571102,-0.653479,-0.0587115,0.523324,1.12751,-0.487314,0.61436,-0.181812,-0.597417,2.01395,-3.09278,-2.88592,0.000729464,-0.0527198,0.351143,0.833316,-0.130907,-0.000393663,
58,0.00696048,-0.0501893,-0.411626,-0.273684,-0.0228141,-0.00230025,0.45828,0.199031,0.629172,0.943203,-0.0422128,-0.142102,0.297308,0.258069,0.61516,-0.523958,-0.529747,-0.452891,-0.570153,-0.0638172,0.523304,0.870579,-0.40803,-0.0512269,-0.169343,-0.331122,1.87419,-6.49241,-5.45444,0.000768693,-0.0675647,4.33304,2.48739,-0.0741521,-0.000213189,
59,0.00704784,-0.0493256,-0.155877,-0.0927089,0.00784775,-0.00226057,0.170685,0.113923,0.618319,0.931056,-0.0339326,-0.144791,0.333196,-0.132402,0.476361,-0.523866,-0.533149,-0.157813,-0.502204,-0.0657524,0.523293,0.656338,-0.243836,-0.327374,1.15371,-0.403979,0.98523,-9.10692,0.944296,0.00253298,-0.069698,7.44757,-0.403355,-0.00378576,3.48429e-05,
60,0.00659949,-0.047129,0.230297,0.12473,0.0132188,-0.00215967,-0.253603,-0.00171775,0.59072,0.922852,-0.00662717,-0.143686,0.357289,-0.578289,0.515045,-0.52216,-0.536958,0.236708,-0.518856,-0.064446,0.523304,0.85325,-0.392215,-0.745439,1.00897,-0.476054,-0.00161311,-3.57706,0.421963,0.0870814,-0.0786068,8.34068,-0.166114,0.0819372,0.000435499,
61,0.00552865,-0.0434423,0.490661,0.119869,0.00936341,-0.0019904,-0.550297,-0.0980102,0.54442,0.923651,0.0223112,-0.14868,0.352514,-0.543282,0.558572,-0.515129,-0.540584,0.566795,-0.526979,-0.0585801,0.523315,1.29768,-0.456038,-0.996056,1.60481,-0.588153,-0.0174135,2.02464,1.31649,0.156982,-0.0281524,1.49349,-0.153903,0.121241,-0.000315918,
62,0.00441823,-0.0389913,0.444534,0.0455532,0.00652916,-0.00178614,-0.497653,-0.0784493,0.488551,0.91866,0.0607016,-0.148307,0.361086,-0.355702,0.644793,-0.506108,-0.541511,0.498226,-0.552327,-0.0521678,0.523335,1.52397,0.152702,-0.586019,-0.000177752,0.580628,0.885734,5.43448,2.11246,0.156147,0.0512698,-3.24131,-0.818161,0.10476,0.00125013,
63,0.00430128,-0.0401784,0.257112,-0.120985,0.0127341,-0.0018406,-0.283111,-0.0115723,0.503447,0.905998,0.0330022,-0.110708,0.407213,-0.0110415,0.755945,-0.506075,-0.528891,0.266144,-0.6009,-0.0492842,0.523364,2.06368,1.07688,0.313335,-0.62267,1.85595,2.58213,8.34698,2.32351,-0.0094358,0.282907,-6.25648,-1.20721,0.0443303,0.000189088,
64,0.00408643,-0.0404718,-0.0902337,-0.325205,0.0195876,-0.00185406,0.0965408,0.0909295,0.50713,0.882517,-0.00244621,-0.0849982,0.46253,0.442318,0.84595,-0.503702,-0.521902,-0.0906037,-0.661557,-0.0464824,0.523362,2.36108,1.30476,0.0993578,0.168904,-1.0835,1.16405,9.63751,1.25243,0.157072,-0.0301711,-7.97641,-1.18751,0.0973251,0.00146888,
65,0.00379621,-0.0424023,-0.415793,-0.383577,0.0265055,-0.00194266,0.463327,0.194899,0.531363,0.862137,-0.0028694,-0.0762971,0.50089,0.570311,0.841882,-0.491324,-0.524033,-0.45849,-0.694758,-0.0412118,0.52335,2.29047,0.916008,0.383619,-0.0827633,1.37072,2.29201,-1.2551,-1.32016,0.28792,-0.0514526,-6.80182,-0.249369,0.111225,-0.000411412,
66,0.00319256,-0.0427259,-0.484379,-0.328168,0.047348,-0.00195751,0.543204,0.221005,0.535425,0.840596,-0.0228925,-0.0435763,0.539421,0.43428,0.707034,-0.471887,-0.527161,-0.557057,-0.671238,-0.0343955,0.523334,1.87909,0.864584,-0.219148,0.125779,1.55011,1.52666,-4.16843,-4.04831,0.483409,-0.0710293,1.52783,1.17798,0.156491,-4.04677e-05,
67,0.00231294,-0.0407554,-0.358064,-0.19413,0.0830556,-0.00186708,0.396599,0.170918,0.510689,0.821071,-0.0404782,-0.00666642,0.56935,0.143392,0.482245,-0.43974,-0.531146,-0.384034,-0.57308,-0.0261258,0.523332,1.5224,0.7867,-0.706571,0.741347,1.24133,1.46927,-7.43918,-1.23992,0.802537,-0.0926068,5.36161,2.7447,0.170443,-1.30373e-05,
68,0.00139352,-0.0373188,-0.0504881,0.0170513,0.110733,-0.00170941,0.0549248,0.0734372,0.467564,0.802212,-0.0406844,0.0337164,0.594696,-0.284375,0.506224,-0.385383,-0.536245,-0.0505526,-0.50044,-0.0171922,0.523341,1.28456,0.722469,-1.01834,0.794998,1.53488,1.19127,-9.65425,0.568907,1.36558,-0.109027,7.95829,-0.445347,0.18876,0.000172653,
69,0.00152273,-0.0355339,0.327858,0.17456,0.119175,-0.00162755,-0.364383,-0.0447433,0.445172,0.777497,0.0356415,0.0196729,0.627568,-0.608492,0.529587,-0.299624,-0.541635,0.34737,-0.518597,-0.0197313,0.523299,1.21592,-0.0791379,-0.32912,1.14862,-2.70714,0.108417,0.740136,0.466986,2.11761,-0.0980301,7.924,-0.178994,-0.0826227,0.00164105,
70,0.00153507,-0.0352062,0.498809,0.123546,0.104272,-0.00161252,-0.561039,-0.110512,0.441061,0.802454,0.00567896,0.00196521,0.596684,-0.496243,0.582028,-0.173194,-0.546771,0.579636,-0.530072,-0.0200766,0.523369,1.12257,0.0606726,-0.264345,-1.80526,0.264744,-1.31866,3.40327,1.66375,2.89511,-0.101616,-0.5285,-0.371279,-0.0120296,0.000716806,
71,0.00147719,-0.0341747,0.410944,0.00717528,0.080805,-0.00156522,-0.456143,-0.0715871,0.428124,0.827985,-0.00517511,-0.0242169,0.560203,-0.242588,0.683918,-0.0120319,-0.549359,0.451979,-0.567624,-0.0199035,0.523378,1.53207,0.0609856,0.159282,1.48567,-1.16118,-2.95653,6.6251,2.36465,3.57284,0.117053,-4.50764,-1.10541,0.0388453,-0.000952094,
72,0.00155015,-0.0367177,0.157917,-0.184818,0.0500608,-0.00168184,-0.17417,0.0156783,0.460023,0.853408,0.0096738,-0.0385392,0.519727,0.149938,0.796477,0.174888,-0.538368,0.15993,-0.628552,-0.0194382,0.523443,2.51773,0.782306,1.62168,-0.421531,-1.10055,-1.2545,8.94292,2.06353,3.91016,0.400175,-7.06434,-1.2764,-0.015531,0.000838786,
73,0.00183318,-0.0424056,-0.211425,-0.390579,0.0252168,-0.00194281,0.233591,0.126217,0.531404,0.867343,0.0160836,-0.0677531,0.492815,0.58766,0.862277,0.374582,-0.520995,-0.216346,-0.687082,-0.0198995,0.523392,2.39115,0.608853,1.22643,-0.870265,-0.529186,-0.160187,3.36859,0.582072,4.04141,0.0827567,-7.95993,-1.0613,-0.0277221,-0.00109928,
74,0.00211363,-0.046042,-0.478382,-0.383053,0.0191433,-0.00210975,0.536563,0.220134,0.577067,0.864759,-0.00396929,-0.0842859,0.495047,0.544735,0.819006,0.554375,-0.522744,-0.547886,-0.715521,-0.0211283,0.523345,2.11057,0.310748,0.609885,-1.13119,0.0320496,0.167265,-2.12477,-2.28913,0.825858,-0.0612168,-2.46825,-0.0854002,-0.0119253,-0.000482503,
75,0.00218717,-0.0472277,-0.451042,-0.306866,0.0283291,-0.00216421,0.50414,0.208702,0.591961,0.862568,-0.0301666,-0.0950749,0.496011,0.354273,0.63713,0.534842,-0.52622,-0.507516,-0.67947,-0.0213133,0.523321,1.84836,0.256518,-0.0198741,-1.10102,0.224092,0.190136,-5.46317,-4.96486,-0.537226,-0.0771183,2.87458,1.51467,0.00248906,-0.000232346,
76,0.0021101,-0.0460682,-0.265734,-0.147294,0.0570398,-0.00211096,0.292603,0.142722,0.577396,0.859328,-0.0458385,-0.101309,0.49919,0.00618178,0.481182,0.514064,-0.530466,-0.275749,-0.567053,-0.021081,0.52331,1.49553,0.289259,-0.520341,0.0336299,-0.21351,0.215922,-8.43869,0.645031,-0.292614,-0.0926419,6.36724,2.9757,0.00639274,-9.08136e-05,
77,0.0018998,-0.0433713,0.0878381,0.078072,0.0720071,-0.00198714,-0.0963858,0.0371417,0.543528,0.859779,-0.044297,-0.0884114,0.501,-0.453767,0.513734,0.510015,-0.534084,0.0881793,-0.508694,-0.0201627,0.523306,1.29838,0.330407,-0.811236,0.602716,1.04494,-0.0765632,-9.94625,0.350511,0.125994,-0.0495083,8.17658,-0.317898,0.0302228,0.000234383,
78,0.0014074,-0.0395234,0.424815,0.148285,0.059214,-0.00181055,-0.472928,-0.0735679,0.495227,0.875834,-0.0490026,-0.0646474,0.475746,-0.578183,0.544751,0.526767,-0.536201,0.470748,-0.520558,-0.0163936,0.523333,1.85795,0.206211,-1.07744,0.263873,1.54465,-1.48042,1.52048,0.885387,0.137295,-0.00744763,7.12288,-0.112362,0.0988306,-0.000338041,
79,0.000915773,-0.0348721,0.481667,0.0929475,0.0457636,-0.0015972,-0.540681,-0.0964845,0.436871,0.889105,-0.0542208,-0.0348746,0.453141,-0.428708,0.614779,0.525199,-0.535791,0.552894,-0.539361,-0.012092,0.523358,2.34812,-0.227091,-0.60873,1.98776,-0.336162,-1.36923,4.30247,1.85369,-0.0457205,0.108909,-1.68107,-0.621132,0.110508,0.000707955,
80,0.000393457,-0.0338487,0.350303,-0.0408129,0.0176358,-0.00155027,-0.390567,-0.0428778,0.424036,0.911395,0.0124934,-0.0204226,0.410835,-0.139154,0.718681,0.523988,-0.524581,0.374481,-0.586646,-0.0053525,0.523392,2.95375,-0.223726,-0.112458,0.340134,-0.520204,-1.35299,7.35935,2.3241,-0.0113056,0.239197,-5.34006,-1.21784,0.112956,0.00226745,
81,0.000127248,-0.0385257,0.0579547,-0.245622,-0.00310082,-0.00176478,-0.061708,0.0501861,0.482708,0.917753,0.0038053,-0.0465185,0.3944,0.272412,0.811597,0.523647,-0.522633,0.0580523,-0.645165,-0.00152065,0.523433,3.77477,0.299024,1.46777,-0.751235,-0.986214,-0.498424,9.23172,1.56226,0.00069826,-0.0282803,-7.50904,-1.23381,0.0660338,-0.00112096,
82,-0.000121755,-0.0433674,-0.304555,-0.39726,-0.0169322,-0.00198696,0.337022,0.159558,0.54348,0.917775,-0.00555845,-0.0715463,0.390563,0.597926,0.842077,0.522542,-0.52458,-0.319964,-0.695625,0.0012923,0.523367,3.37473,0.0782456,0.920859,-0.745831,-0.361688,0.766222,-0.45397,-0.319998,-0.0602899,-0.0542596,-7.61976,-0.793444,0.0352449,-0.00078061,
83,-0.000335847,-0.0458549,-0.494846,-0.3651,-0.0146486,-0.00210116,0.555956,0.23046,0.574717,0.911418,-0.0237113,-0.0836475,0.402192,0.501955,0.753645,0.516862,-0.527725,-0.57336,-0.704927,0.00337093,0.523335,3.04605,0.0891838,0.314022,-0.769276,-0.0239521,0.0386806,-3.00051,-3.1917,-0.151241,-0.0714869,0.0247271,0.408408,0.0552608,-0.00035362,
84,-0.000590431,-0.0458447,-0.422595,-0.264396,0.000373984,-0.00210069,0.470905,0.200888,0.574588,0.910348,-0.0415367,-0.0898338,0.401835,0.26595,0.530995,0.506975,-0.531679,-0.467713,-0.642866,0.00592753,0.52332,2.7571,0.137335,-0.328629,-0.722065,0.142232,0.109795,-6.40963,-5.69491,-0.243763,-0.086673,4.09415,2.06124,0.0456558,-0.000149257,
85,-0.000727789,-0.0439049,-0.179497,-0.0798674,0.0336451,-0.00201163,0.197117,0.119453,0.550229,0.909008,-0.0358909,-0.0852729,0.406379,-0.123514,0.49782,0.495788,-0.535455,-0.182474,-0.513974,0.00762998,0.523305,2.37725,0.178595,-0.611001,0.966551,0.862383,0.230723,-9.15332,0.735686,-0.201488,-0.0339125,7.28691,1.32139,0.0294365,-0.000248487,
86,-0.00081592,-0.0407243,0.204489,0.143354,0.0341637,-0.00186565,-0.225358,0.00552839,0.510299,0.91072,-0.0274014,-0.0548727,0.408445,-0.575562,0.519239,0.49224,-0.537528,0.20893,-0.515163,0.00922326,0.523327,2.60018,0.131026,-0.986435,0.503211,0.928194,-0.871173,-3.70271,0.167527,0.0723093,-0.0427305,8.37627,-0.256618,0.0621426,0.000698014,
87,-0.00101613,-0.0359615,0.48661,0.143629,0.0194928,-0.00164716,-0.545642,-0.0961064,0.450537,0.924716,-0.0289692,-0.0339786,0.378029,-0.544404,0.553649,0.50215,-0.539692,0.560499,-0.526437,0.0130101,0.523351,3.04516,0.064111,-1.36374,0.235333,1.01443,-0.810067,1.89771,1.19916,0.301789,-0.0242846,2.48267,-0.196404,0.0554578,-0.00016093,
88,-0.00108046,-0.0317771,0.45284,0.0737112,0.00668064,-0.00145529,-0.506065,-0.0809219,0.398056,0.932172,0.00521235,-0.00793844,0.361891,-0.36723,0.637083,0.520395,-0.536563,0.510103,-0.552997,0.0156576,0.523371,3.15926,-0.836091,-0.463343,3.8275,-0.64664,-1.24174,5.10292,2.09743,0.442084,0.192975,-3.09683,-0.850014,0.0712578,6.68077e-05,
89,-0.0013913,-0.0354633,0.267196,-0.0914545,-0.0142183,-0.00162431,-0.291581,-0.0123737,0.444287,0.939995,0.00283061,-0.027904,0.340035,-0.0426098,0.746716,0.526041,-0.523736,0.277385,-0.603487,0.0180643,0.523485,3.43954,-0.198948,1.6063,-0.82946,-0.652792,-0.953181,7.85616,2.28676,-0.0643047,0.386508,-6.26253,-1.20701,0.0413457,-0.00189439,
90,-0.00175926,-0.0410151,-0.08103,-0.304166,-0.0374605,-0.001879,0.0899342,0.0928785,0.513949,0.946553,-0.0120517,-0.0495795,0.318486,0.389439,0.840838,0.520119,-0.521832,-0.0812975,-0.664063,0.0197457,0.523399,3.52709,-0.214267,1.2124,-0.684539,-0.726203,-0.841066,9.40723,1.46883,-0.168728,-0.0613271,-8.0686,-1.20987,0.0251634,-0.000925087,
91,-0.00192903,-0.0448611,-0.416389,-0.3875,-0.0491842,-0.00205553,0.463907,0.201095,0.562235,0.946948,-0.0142457,-0.0653439,0.314352,0.563629,0.855277,0.504237,-0.525592,-0.459295,-0.705418,0.0197917,0.523348,3.0484,-0.390205,0.6739,-0.330571,-0.286649,0.291539,-0.87418,-0.84588,-0.461192,-0.0862662,-7.05672,-0.458461,-0.0138984,-0.000315144,
92,-0.0019587,-0.0463036,-0.478801,-0.343046,-0.0477085,-0.00212176,0.536714,0.226122,0.580352,0.948239,-0.0182814,-0.0705633,0.30908,0.445774,0.743097,0.473862,-0.530327,-0.548524,-0.690923,0.0194687,0.523325,2.69507,-0.268146,0.0570251,-0.201206,-0.0319816,-0.40018,-3.81902,-3.62026,-0.762487,-0.101776,1.4668,1.02389,-0.0083181,-0.00015205,
93,-0.00182618,-0.0452982,-0.354526,-0.221208,-0.0286532,-0.0020756,0.39273,0.178893,0.567725,0.950837,-0.021989,-0.0704967,0.300757,0.172779,0.503488,0.428124,-0.535771,-0.379667,-0.599583,0.0185553,0.523316,2.39741,-0.135056,-0.544409,0.0421527,0.076346,-0.256001,-7.07179,-4.79969,-1.06325,-0.116373,5.25567,2.62007,-0.0302577,-0.000140897,
94,-0.00151976,-0.042517,-0.0519906,-0.0220818,-0.00474437,-0.00194793,0.0566127,0.0848284,0.532803,0.952666,-0.00367438,-0.0704815,0.295715,-0.236487,0.497695,0.371475,-0.541992,-0.052061,-0.493637,0.0164539,0.52332,2.16049,0.00206166,-0.886778,0.659249,-0.0640904,-0.32219,-9.2815,0.786316,-1.20583,-0.132886,7.82713,-0.236497,-0.0469552,0.000141887,
95,-0.00120556,-0.0384645,0.322121,0.159915,-0.0152333,-0.00176197,-0.356103,-0.0295839,0.48194,0.957496,0.0161468,-0.0547173,0.28275,-0.59625,0.531144,0.312394,-0.547025,0.340557,-0.515778,0.0144297,0.523334,2.50906,-0.285872,-1.15754,0.863302,0.740171,-1.52231,-0.144089,0.558114,-1.13646,-0.0706517,7.88932,-0.275205,-0.0086399,0.000224793,
96,-0.000974853,-0.0334398,0.499152,0.135583,-0.0308193,-0.00153152,-0.561749,-0.0987847,0.418908,0.966493,0.0240913,-0.0212113,0.254678,-0.510293,0.58737,0.254476,-0.549481,0.580182,-0.534554,0.013424,0.523364,2.80317,0.118372,-1.1609,-1.17926,1.96737,-0.878705,2.8959,1.67325,-1.18915,-0.0495131,-0.502262,-0.479081,-0.0426127,0.00101788,
97,-0.000797463,-0.0324358,0.415275,0.0325915,-0.0481574,-0.00148549,-0.463356,-0.0627674,0.406317,0.972168,0.0042365,-0.0119196,0.233944,-0.284633,0.690556,0.190851,-0.546717,0.457792,-0.572271,0.0113216,0.523431,2.77511,-0.610873,1.33742,-0.0872998,-1.14801,-0.696678,5.97717,2.37609,-1.35414,0.276219,-4.21391,-0.948573,-0.0431944,0.000958309,
98,-0.000721147,-0.0373978,0.167135,-0.155257,-0.0675181,-0.00171304,-0.181246,0.0217254,0.468556,0.974359,0.00288312,-0.0482601,0.219743,0.0811939,0.811153,0.115805,-0.5325,0.169529,-0.628742,0.00887818,0.523408,3.02108,-0.66537,1.15476,0.083935,-0.787179,-0.483765,8.65293,2.4588,-1.6466,0.328318,-7.31559,-1.3222,-0.0523618,-0.00133485,
99,-0.000481676,-0.0416067,-0.212565,-0.366276,-0.081234,-0.00190615,0.233904,0.134169,0.521375,0.97289,-0.00844227,-0.0665872,0.221315,0.533158,0.901125,0.0223027,-0.521086,-0.217568,-0.687402,0.00532925,0.523377,3.11664,-0.651388,0.936848,-0.12627,-1.08619,0.168496,7.76249,1.13712,-2.06937,-0.0146964,-8.20958,-1.03849,-0.0774568,-0.000413375,
100,-5.91986e-05,-0.0445269,-0.485876,-0.382527,-0.0768163,-0.00204019,0.545332,0.230381,0.558039,0.966241,-0.0200972,-0.0683292,0.247599,0.553544,0.888267,-0.0954224,-0.523546,-0.559365,-0.711471,0.000611939,0.523342,2.54758,-0.674694,0.447707,-0.392752,0.342146,0.781643,-1.63699,-1.60656,-2.58509,-0.0613584,-2.3959,0.0333361,-0.0815828,-0.000383296,
101,0.000302189,-0.0450996,-0.451658,-0.314198,-0.0610508,-0.00206648,0.50476,0.215984,0.565231,0.963127,-0.0316341,-0.0590388,0.260575,0.38559,0.739853,-0.235139,-0.527006,-0.508401,-0.667749,-0.00308399,0.523326,2.2519,-0.564629,-0.156727,-0.277403,0.562174,0.554224,-5.0539,-4.3096,-3.00703,-0.0759456,3.12305,1.70269,-0.0716511,-0.00013933,
102,0.000620303,-0.0433028,-0.255683,-0.162441,-0.025948,-0.00198399,0.281271,0.146733,0.542668,0.959991,-0.0402422,-0.0440069,0.273607,0.0573657,0.489564,-0.392993,-0.53118,-0.264559,-0.544972,-0.00659373,0.52332,1.91609,-0.42103,-0.690254,0.319895,0.415933,0.593945,-8.04864,-2.2453,-3.30206,-0.0942144,6.60144,3.205,-0.0720263,-6.22057e-06,
103,0.00085676,-0.0399761,0.107941,0.054669,-0.0114788,-0.00183132,-0.118375,0.0383277,0.500909,0.957535,-0.033683,-0.0294002,0.284829,-0.381543,0.504278,-0.541992,-0.536287,0.108576,-0.503744,-0.00986646,0.523331,1.83573,-0.263746,-1.02835,0.411034,0.529017,0.0852273,-9.48774,0.618167,-0.813316,-0.107778,8.3183,-0.520898,-0.053014,0.000207836,
104,0.000843836,-0.0351583,0.441417,0.170059,-0.0221038,-0.00161032,-0.491691,-0.0739662,0.440461,0.96259,-0.0270188,-0.0151265,0.269186,-0.596207,0.544068,-0.531167,-0.541181,0.493817,-0.522149,-0.0110513,0.523345,2.25266,-0.624969,-1.20108,1.2424,1.29306,-0.95508,1.52511,0.970993,0.425472,-0.0381323,7.09724,-0.208692,-0.00255861,-0.000851408,
105,0.000814424,-0.0310351,0.470947,0.112321,-0.0309453,-0.00142128,-0.529434,-0.0862449,0.388752,0.965253,0.012748,-0.0101424,0.26081,-0.444442,0.622039,-0.514696,-0.542126,0.536682,-0.544905,-0.0120848,0.523406,2.00997,-0.51582,-0.0714808,-0.138804,-1.35465,-0.659614,4.50751,2.09783,0.253177,-0.0135868,-1.85306,-0.676245,-0.0128076,0.00204298,
106,0.00101001,-0.0343353,0.335953,-0.0392675,-0.0445555,-0.00157258,-0.370915,-0.0337458,0.430138,0.966606,3.13665e-05,-0.036105,0.253709,-0.14566,0.740909,-0.50476,-0.536073,0.357062,-0.589224,-0.013545,0.523427,2.43789,-0.235787,1.03148,-0.87752,-0.72704,0.197447,7.50211,2.69832,0.101723,0.186573,-5.37001,-1.13325,-0.0439058,-0.000434559,
107,0.00130691,-0.0386872,0.0296604,-0.248707,-0.0582851,-0.00177219,-0.0341867,0.0618414,0.484734,0.963911,-0.00799388,-0.0747103,0.255401,0.278264,0.862547,-0.506972,-0.525568,0.0296734,-0.648132,-0.0155526,0.523406,3.00837,-0.319155,1.81245,-1.09506,-1.63709,0.477203,9.36482,2.03013,-0.197454,0.26404,-7.59715,-1.04096,-0.0507811,0.00121597,
108,0.00179044,-0.0452222,-0.327793,-0.404305,-0.0607703,-0.00207211,0.363372,0.169968,0.56677,0.954601,-0.0207171,-0.117638,0.272889,0.603254,0.914084,-0.52591,-0.522184,-0.347293,-0.68635,-0.0182228,0.52337,2.63925,-0.395837,1.42055,-0.700548,-1.16717,1.47037,-0.597635,0.0567291,-0.227662,-0.0387895,-7.48951,-0.496634,-0.0623169,-0.000901684,
109,0.00219923,-0.0497827,-0.49492,-0.374179,-0.04894,-0.00228157,0.556099,0.232712,0.624063,0.943449,-0.0409654,-0.138694,0.298312,0.497918,0.842636,-0.525316,-0.524524,-0.573476,-0.678696,-0.0203284,0.523326,2.31342,-0.286669,0.817005,-0.849033,-0.444187,0.593977,-3.26712,-2.88616,0.0498586,-0.0569767,0.397547,0.776375,-0.0178214,-0.000409396,
110,0.00233333,-0.0517347,-0.411345,-0.274156,-0.0252657,-0.00237127,0.458808,0.19851,0.648597,0.937299,-0.0583264,-0.151121,0.308594,0.248825,0.633299,-0.524017,-0.527526,-0.452516,-0.598286,-0.0207522,0.523298,2.03732,-0.158782,0.209147,0.00615769,0.0812503,0.36035,-6.6651,-5.46031,0.0074786,-0.0233831,4.40399,2.42739,0.00162646,-0.000949736,
111,0.00228794,-0.0516599,-0.152526,-0.0915066,0.0029986,-0.00236783,0.166872,0.113284,0.647657,0.936111,-0.0469504,-0.144178,0.317341,-0.150546,0.485862,-0.523798,-0.528669,-0.154338,-0.496626,-0.020378,0.523286,1.69741,0.00866134,-0.195024,0.838267,0.0840583,0.225118,-9.29241,0.652439,0.001745,-0.0372765,7.49652,-0.174995,0.0146802,0.000122141,
112,0.00206098,-0.0500532,0.23509,0.116881,-0.000539019,-0.002294,-0.258762,-0.00221162,0.627462,0.936962,-0.0287206,-0.136004,0.320594,-0.581008,0.51523,-0.522832,-0.530912,0.241924,-0.516322,-0.0189474,0.523296,1.93355,-0.135029,-0.583432,0.612671,-0.0112614,-0.954883,-2.341,0.303601,0.0598706,-0.0480306,8.36324,-0.251204,0.0713957,0.000314432,
113,0.00150067,-0.0469486,0.493658,0.105312,-0.0132165,-0.00215139,-0.554381,-0.0977996,0.588454,0.945323,-0.0126899,-0.136327,0.296003,-0.535579,0.551506,-0.519676,-0.533438,0.57149,-0.528776,-0.0147107,0.523306,2.37425,-0.255383,-0.964018,0.381898,-0.400285,-0.489819,2.05434,1.14284,0.0484047,-0.051813,1.40233,-0.248928,0.068254,0.000195081,
114,0.00107386,-0.0426987,0.443673,0.0293824,-0.0215785,-0.00195627,-0.494898,-0.0760758,0.535084,0.946375,0.00730992,-0.135176,0.29334,-0.346269,0.626578,-0.519227,-0.534823,0.497005,-0.558731,-0.0115767,0.523301,2.61175,-0.346815,-1.05284,1.81368,0.617034,0.0110348,5.48647,1.85289,-0.0137286,0.0343614,-3.5457,-0.939086,0.0581527,-0.00033561,
115,0.000815237,-0.0385788,0.230872,-0.121886,-0.0294712,-0.00176721,-0.254265,-0.000302023,0.483374,0.944673,0.0160946,-0.10536,0.310215,0.00155246,0.721744,-0.524167,-0.532954,0.237332,-0.618098,-0.00972887,0.523352,3.1344,0.474783,-0.455634,-1.28158,2.46253,2.03303,8.38452,1.93695,-0.159035,0.104051,-6.67296,-1.40175,-0.0210922,0.000453472,
116,0.000911361,-0.0379782,-0.126228,-0.320683,-0.0285343,-0.00173966,0.135105,0.105325,0.475838,0.934445,-0.00442853,-0.0440594,0.353343,0.448294,0.792343,-0.523832,-0.52142,-0.127248,-0.683425,-0.0110482,0.523375,3.91613,0.783123,0.368713,1.38292,-0.722263,-0.102442,9.27316,0.746277,0.0649973,0.0527855,-7.94112,-1.11283,0.021231,0.00211374,
117,0.000929289,-0.0422037,-0.434146,-0.38241,-0.0282449,-0.00193354,0.48469,0.206733,0.528869,0.92998,0.00398363,-0.0153519,0.367268,0.568754,0.759005,-0.524168,-0.522959,-0.483629,-0.704572,-0.0101359,0.523372,3.83861,0.497367,0.854148,0.644522,1.35457,0.913782,-1.26814,-1.8554,0.00586012,-0.0476094,-6.45474,0.00438823,0.01695,-0.000473726,
118,0.000813878,-0.0444449,-0.480247,-0.330654,-0.0150969,-0.00203642,0.538539,0.225171,0.55701,0.925768,0.00825755,0.0257309,0.377125,0.428695,0.598492,-0.523843,-0.525865,-0.550724,-0.666563,-0.00842865,0.52334,3.40785,0.588111,0.285952,0.850794,1.55601,0.229527,-4.31169,-4.54551,0.0029223,-0.0667812,1.83316,1.50385,0.0421398,-0.000262435,
119,0.000628321,-0.0447868,-0.341427,-0.201015,0.0148584,-0.00205212,0.37784,0.172254,0.561302,0.921272,0.0256202,0.0691913,0.381857,0.131613,0.480202,-0.523725,-0.52985,-0.36367,-0.551544,-0.00645723,0.523326,3.06242,0.690238,-0.0769403,1.85914,1.06115,0.224295,-7.54838,0.8795,0.00124274,-0.0939975,5.61794,3.08871,0.0368673,-0.000135279,
120,0.000431766,-0.0458409,-0.0202974,-0.00284003,0.0260548,-0.00210052,0.0230134,0.0731938,0.574541,0.919808,0.0379292,0.0780431,0.382654,-0.299252,0.514305,-0.521231,-0.534252,-0.0203016,-0.506994,-0.00433499,0.523384,1.75626,0.754055,0.550275,-0.715852,-0.915316,-0.038201,-9.6688,0.33034,0.0979008,-0.0802544,8.09884,-0.412456,0.0469528,-0.000571531,
121,9.31322e-05,-0.0467505,0.354497,0.126336,0.0172059,-0.00214229,-0.391839,-0.0431686,0.585967,0.928009,0.028128,0.0478237,0.368404,-0.579205,0.529648,-0.51073,-0.538368,0.379631,-0.520362,-0.000916829,0.523339,2.18321,0.564643,-0.0957497,-0.921747,-1.12864,-1.5071,0.6935,0.288405,0.327427,-0.0830469,7.90652,-0.117237,0.100923,-0.000551937,
122,-0.000317809,-0.0452409,0.486959,0.0845198,0.00437088,-0.00207297,-0.546096,-0.095246,0.567005,0.938729,0.0176409,0.00699361,0.344135,-0.47993,0.567027,-0.491966,-0.542552,0.561038,-0.533976,0.00323326,0.523326,2.64506,0.601889,-0.643929,-0.99041,-1.69488,-0.560902,3.22251,1.19828,0.4233,-0.0845104,-0.718628,-0.425286,0.0645355,-0.000122557,
123,-0.000563671,-0.0417981,0.391848,-0.0208054,-0.00988527,-0.00191493,-0.435338,-0.0559103,0.523778,0.942303,0.0081577,-0.0458969,0.331499,-0.234385,0.640816,-0.470331,-0.546871,0.426823,-0.572065,0.00620783,0.523329,2.9463,0.616747,-1.06704,-1.18008,-2.05351,-0.411864,6.5736,1.74595,0.442278,-0.0881722,-4.61981,-1.09014,0.0542489,8.521e-05,
124,-0.00067121,-0.0376503,0.12235,-0.190813,-0.0258585,-0.00172462,-0.132776,0.0328086,0.471724,0.940873,0.00778316,-0.0777344,0.329627,0.156829,0.721645,-0.449667,-0.547972,0.123278,-0.634442,0.0082079,0.523306,3.32901,0.774898,-0.28208,0.909248,2.37723,1.66425,9.01033,1.48166,0.334475,0.241648,-7.30261,-1.30985,-0.0180099,-0.000770446,
125,-0.000558489,-0.0374978,-0.243173,-0.377033,-0.0217348,-0.00171763,0.266665,0.140467,0.469811,0.927803,0.00395995,-0.0121101,0.372852,0.586879,0.754803,-0.438151,-0.533336,-0.250764,-0.68688,0.0068573,0.523369,3.83188,0.815102,0.396865,1.52259,1.36798,1.40112,3.15639,-0.222871,0.152235,0.274143,-7.69869,-0.730675,-0.0173101,0.00048537,
126,-0.000461524,-0.037844,-0.488652,-0.359346,-0.00859646,-0.00173351,0.548538,0.227653,0.474154,0.909752,0.0256599,0.0375273,0.412656,0.541414,0.674805,-0.435424,-0.521624,-0.563665,-0.696936,0.00561483,0.523363,3.41262,0.740418,-0.204547,1.67224,1.5901,1.31869,-2.22166,-2.95176,-0.0149207,0.0517338,-2.0237,0.320102,-0.0139533,-0.000299781,
127,-0.000430168,-0.0387042,-0.449129,-0.277888,0.0152162,-0.00177297,0.502047,0.210422,0.484948,0.898098,0.0321438,0.0304463,0.437561,0.344289,0.493142,-0.437731,-0.523036,-0.504772,-0.639408,0.00511686,0.52337,2.26774,0.692786,0.104878,0.213785,-0.833082,1.10986,-5.63141,-1.13441,-0.0761678,-0.0504697,3.25939,1.96928,-0.0148116,-0.000365425,
128,-0.000356467,-0.0382004,-0.246733,-0.114441,0.0546428,-0.00174986,0.271501,0.138613,0.478626,0.886349,0.0537099,0.0148665,0.459651,-0.0118508,0.509614,-0.438616,-0.526047,-0.254675,-0.513458,0.0042962,0.523356,1.9478,0.697824,-0.339545,0.509371,-0.637285,0.937516,-8.59035,0.44186,0.0382408,-0.0688054,6.71524,1.29656,-0.0139545,-0.00015725,
129,-0.00041043,-0.0368549,0.116987,0.108383,0.0548452,-0.00168814,-0.128678,0.0303647,0.461744,0.885565,0.0450057,0.032857,0.461162,-0.474813,0.521129,-0.425869,-0.530226,0.117797,-0.515053,0.00512742,0.523349,1.44661,0.825437,-0.31003,-0.582084,1.50289,-0.706791,-9.92242,0.0856731,0.465868,-0.0916046,8.19486,-0.258542,0.039147,0.000473064,
130,-0.000765043,-0.0356438,0.442692,0.149814,0.0390749,-0.00163259,-0.494196,-0.0786965,0.446551,0.904835,-4.6141e-05,0.014996,0.425499,-0.55562,0.54583,-0.391875,-0.533788,0.495616,-0.522411,0.0098827,0.52337,1.52764,0.6505,-0.547725,-2.04225,-0.120359,-1.92548,1.06403,0.885229,0.870849,-0.0704614,6.90929,-0.0498054,0.103433,6.55025e-05,
131,-0.000986865,-0.0336049,0.470365,0.0955069,0.0252883,-0.00153909,-0.525417,-0.0895725,0.420977,0.915992,-0.0157175,-0.0187796,0.400448,-0.425711,0.616283,-0.341838,-0.535382,0.535811,-0.538666,0.0135226,0.523371,1.81013,0.177879,-0.114695,1.26222,-1.04418,-0.747284,4.06888,1.9041,1.1912,0.0915589,-1.90518,-0.584275,0.0599249,-0.00110937,
132,-0.00112577,-0.0330478,0.329852,-0.0366087,0.01074,-0.00151355,-0.373197,-0.0350088,0.41399,0.920107,0.0122905,-0.027653,0.390496,-0.142698,0.725957,-0.279233,-0.529398,0.349749,-0.582254,0.0156864,0.52342,2.45503,0.615127,0.347242,-1.53492,-1.57325,0.143853,7.12633,2.40795,1.31113,0.148144,-5.37025,-1.0774,0.0133642,0.00683581,
133,-0.00128263,-0.0386199,0.0334003,-0.237906,0.00105306,-0.0017691,-0.0345918,0.0572439,0.48389,0.9159,0.00467952,-0.0583498,0.397116,0.254499,0.83105,-0.214161,-0.520368,0.033419,-0.632519,0.0152903,0.523433,3.05514,0.926225,1.39216,-0.712412,-0.829614,0.579259,8.93478,1.88606,1.30134,-0.0625882,-7.49239,-1.07247,-0.0222325,-0.00130343,
134,-0.0012732,-0.0431664,-0.320572,-0.396569,-0.001801,-0.00197773,0.355146,0.164066,0.540956,0.905974,-0.00567976,-0.080046,0.415657,0.597536,0.878634,-0.151007,-0.524078,-0.338725,-0.673934,0.0135768,0.523366,2.69861,0.771958,0.849676,-0.658142,-0.231045,1.68042,0.0244022,0.0393444,1.20312,-0.0842531,-7.40393,-0.593726,-0.0578218,-0.000844437,
135,-0.00107568,-0.0453514,-0.490112,-0.366526,0.0107923,-0.00207804,0.550246,0.2269,0.568394,0.889817,-0.0240076,-0.0880937,0.447089,0.508787,0.807886,-0.0924026,-0.528628,-0.565938,-0.672794,0.0109168,0.523334,2.33784,0.756365,0.234483,-0.659145,0.0993332,0.944412,-2.94448,-2.84407,1.15359,-0.0990092,0.207399,0.627121,-0.0417658,-0.000273445,
136,-0.00085939,-0.0451801,-0.413282,-0.266979,0.035499,-0.00207018,0.459998,0.195257,0.566242,0.880719,-0.0374132,-0.0804541,0.465255,0.276247,0.602116,-0.034365,-0.532627,-0.455111,-0.600801,0.00875486,0.523312,2.01037,0.747312,-0.321965,0.121085,0.831595,0.815346,-6.32637,-5.36802,1.16754,-0.0621488,4.17801,2.24106,-0.0455381,-4.27816e-05,
137,-0.000580736,-0.0430926,-0.165567,-0.0850582,0.0662546,-0.00197434,0.18123,0.112636,0.540029,0.872972,-0.0335755,-0.058344,0.483102,-0.107072,0.496656,0.0292562,-0.536314,-0.167892,-0.503539,0.0062033,0.523318,1.65399,0.752959,-0.684959,0.844579,0.687051,0.727164,-8.98815,0.573926,1.37492,-0.0851636,7.28672,-0.0259296,-0.0527796,0.000124679,
138,-0.000323114,-0.039546,0.215471,0.135502,0.0678651,-0.00181159,-0.237235,-0.00109447,0.495511,0.867318,-0.025497,-0.032433,0.496042,-0.550818,0.518022,0.108538,-0.540808,0.220688,-0.517697,0.00376152,0.523334,1.8598,0.726489,-1.09196,0.590753,0.678781,-0.257909,-3.96369,0.202868,1.80951,-0.0895859,8.26224,-0.198697,-0.0193703,0.000493803,
139,-0.000267677,-0.0343367,0.489327,0.146652,0.0597967,-0.00157265,-0.54935,-0.100863,0.430155,0.875998,-0.0245574,-0.0153094,0.481446,-0.54009,0.552732,0.209452,-0.545232,0.564715,-0.527314,0.00358961,0.523357,2.32427,0.77412,-1.53543,0.23535,0.443472,-0.218128,1.5359,1.17965,2.20221,-0.0875009,2.33691,-0.187412,-0.0197718,0.000309975,
140,-0.000204505,-0.0313211,0.453078,0.0826256,0.049742,-0.00143439,-0.509538,-0.0847014,0.392338,0.881594,0.0152285,-0.00470077,0.471739,-0.383109,0.633822,0.328408,-0.542797,0.510446,-0.552903,0.0030068,0.523436,2.11317,0.723513,0.439979,-0.509224,-0.552331,-0.547284,4.74397,2.04069,2.52075,0.132036,-3.06347,-0.783566,-0.0149577,0.00300816,
141,-0.000179487,-0.0354069,0.265762,-0.0753543,0.0319806,-0.00162172,-0.291225,-0.0156571,0.443579,0.888748,0.00475157,-0.0305735,0.45735,-0.0764299,0.743661,0.459559,-0.529673,0.27578,-0.602525,0.00233412,0.523436,2.63818,0.832407,1.09833,-0.555661,-0.915732,-0.978549,7.58458,2.40432,2.732,0.312258,-6.40433,-1.25238,-0.00508602,-0.000961932,
142,-0.00016491,-0.0391667,-0.0892668,-0.277883,0.00898275,-0.00179418,0.0991989,0.0917018,0.490751,0.897061,0.00405491,-0.0580726,0.438055,0.341195,0.84601,0.54001,-0.521828,-0.089625,-0.665714,0.00193842,0.523392,2.93585,0.746294,1.08031,-0.14429,-0.380706,-0.502532,9.0554,1.65755,-0.206973,-0.0270999,-8.14257,-1.25441,-0.0156679,-0.00109592,
143,-2.09008e-05,-0.04426,-0.420311,-0.394785,0.00068728,-0.00202794,0.468605,0.198934,0.554688,0.894999,0.00248583,-0.0684888,0.440773,0.585781,0.869638,0.525071,-0.524053,-0.464604,-0.704026,0.000217358,0.52336,2.72721,0.555048,1.03019,-0.208779,-0.0673509,0.78578,-0.997862,-0.583533,-0.288855,-0.0578848,-6.95556,-0.392072,-0.0487167,-0.000453317,
144,0.000145554,-0.0471307,-0.479286,-0.351776,0.00709746,-0.00215975,0.537366,0.222432,0.590741,0.892259,-0.000965879,-0.0682041,0.446341,0.461196,0.768935,0.512177,-0.527387,-0.54926,-0.686719,-0.0014213,0.52333,2.35611,0.582711,0.419006,-0.0650151,0.164415,0.0315272,-3.96442,-3.42301,-0.23837,-0.0744183,1.55395,1.07076,-0.0259796,-0.000228058,
145,0.000283908,-0.0475886,-0.351545,-0.231798,0.0302769,-0.00218078,0.389409,0.173682,0.596494,0.892067,-0.00429436,-0.0626225,0.447522,0.181039,0.537352,0.501994,-0.531521,-0.376003,-0.593739,-0.00274558,0.523314,2.02906,0.609963,-0.191626,0.0534552,0.362513,0.0939396,-7.21248,-5.82242,-0.169214,-0.091183,5.34387,2.63724,-0.027881,-0.000197985,
146,0.000434898,-0.0463183,-0.0446026,-0.0350602,0.0526842,-0.00212244,0.048661,0.0782132,0.580536,0.891395,0.0108329,-0.0520837,0.450094,-0.234451,0.499244,0.499664,-0.536539,-0.0446471,-0.506149,-0.00432135,0.52331,1.75637,0.663297,-0.488618,0.843092,0.180714,-0.00520637,-9.39108,0.68575,0.0705239,-0.109733,7.88989,-0.187452,-0.0292864,5.54146e-05,
147,0.000476721,-0.0435055,0.329671,0.144807,0.0464156,-0.0019933,-0.364748,-0.0367398,0.545214,0.895584,0.0261925,-0.0410175,0.442222,-0.597242,0.525606,0.513025,-0.54214,0.349533,-0.519184,-0.00504381,0.523324,2.21621,0.590467,-0.943284,0.406303,0.0140822,-1.49088,-0.132549,0.377264,0.473391,-0.109921,7.89219,-0.153329,0.0273483,0.000313332,
148,0.000343088,-0.0388236,0.484993,0.118552,0.0324336,-0.00177844,-0.543985,-0.0965881,0.486445,0.908098,0.0346738,-0.0404416,0.415356,-0.509665,0.57061,0.527055,-0.547637,0.558002,-0.533328,-0.00406849,0.523338,2.65294,0.65352,-1.40477,0.153117,-0.310839,-0.678025,2.95586,1.41469,-0.0552099,-0.11011,-0.410189,-0.412269,0.0029327,9.30074e-05,
149,0.000313604,-0.0338753,0.403421,0.0250203,0.0204002,-0.00155149,-0.449509,-0.0624807,0.424369,0.912877,0.0123249,-0.0110774,0.407899,-0.278242,0.660204,0.52442,-0.548507,0.441978,-0.570622,-0.00426284,0.523354,2.7001,1.10966,-1.10355,-1.7157,2.7465,0.125243,6.27624,2.16023,-0.0276343,0.039413,-4.17858,-1.06162,-0.0181013,0.000812042,
150,0.000291124,-0.0356231,0.164556,-0.152403,0.000822752,-0.00163164,-0.177777,0.0184592,0.446291,0.918999,0.00200415,-0.0327569,0.392891,0.086858,0.762314,0.523789,-0.538888,0.166839,-0.626687,-0.00376288,0.523472,3.7684,0.46791,1.3906,-0.538001,-1.22916,-0.861405,8.38684,1.94176,-0.0031439,0.361265,-6.83223,-1.21256,0.0194933,-0.00177594,
151,0.000244747,-0.0407043,-0.194303,-0.360482,-0.0199348,-0.00186473,0.214273,0.12516,0.510048,0.925634,0.00161041,-0.0572171,0.374066,0.525095,0.827723,0.523404,-0.521134,-0.198098,-0.681459,-0.00276801,0.523396,3.77693,0.428114,1.09761,-0.870763,-0.546214,-0.278912,7.59343,0.691288,-0.0233627,0.127988,-7.74811,-0.972277,0.00823007,-0.000824945,
152,0.000295905,-0.0438311,-0.471818,-0.379769,-0.0221759,-0.00200824,0.528692,0.221282,0.549301,0.920818,-0.0191333,-0.0679621,0.383548,0.55138,0.795286,0.517523,-0.522557,-0.537985,-0.705838,-0.00310744,0.523351,3.3429,0.235201,0.497272,-0.992711,0.110438,0.435109,-1.44379,-1.96577,-0.186089,-0.0620654,-4.87463,-0.00965855,-0.00194257,-0.000365858,
153,0.000252956,-0.0445483,-0.463542,-0.316977,-0.0129777,-0.00204117,0.518726,0.217831,0.558308,0.920458,-0.0413505,-0.0710785,0.382093,0.395777,0.629895,0.505379,-0.526089,-0.525694,-0.665856,-0.00261356,0.523331,2.98785,0.312091,-0.131082,-0.845474,0.309708,-0.0212691,-4.75821,-4.63055,-0.313448,-0.0779559,2.60201,1.59564,0.0108232,-0.000158781,
154,0.000217529,-0.0429751,-0.291278,-0.17176,0.0158,-0.00196895,0.321178,0.15534,0.538554,0.919952,-0.0525986,-0.0709568,0.381952,0.0797701,0.482946,0.488002,-0.530371,-0.304653,-0.547842,-0.00232996,0.523323,2.65211,0.412776,-0.617879,0.266136,-0.0972903,0.0528179,-7.85906,0.621473,-0.377939,-0.0934886,6.20984,3.11797,-1.4766e-05,-7.00752e-05,
155,0.000189473,-0.0398568,0.0564797,0.0433065,0.0265395,-0.00182585,-0.0617418,0.0508435,0.499412,0.920824,-0.0484996,-0.0553988,0.382965,-0.356724,0.514091,0.472826,-0.534155,0.05657,-0.50551,-0.00218852,0.523318,2.41143,0.408087,-0.887997,0.79966,1.43928,0.114021,-9.59101,0.334574,-0.226402,-0.0295831,8.22469,-0.46383,0.00444313,8.94553e-06,
156,4.67155e-05,-0.0355795,0.407501,0.164238,0.0170296,-0.00162964,-0.453669,-0.062929,0.445745,0.92836,-0.048948,-0.0203039,0.367886,-0.586384,0.537788,0.467213,-0.535636,0.447387,-0.520252,-0.000604555,0.523353,2.93559,0.214809,-1.27706,0.172895,1.29458,-1.40338,1.20137,0.618174,0.000617236,-0.0295183,7.41673,-0.126051,0.0626145,0.00034446,
157,-0.00011553,-0.0322332,0.485931,0.114392,0.00738291,-0.0014762,-0.544494,-0.0950293,0.403776,0.935358,-0.00105895,-0.0111805,0.353523,-0.456848,0.597532,0.469188,-0.534372,0.559449,-0.536704,0.0016505,0.523371,2.8065,-0.670602,-0.44508,3.62486,-0.446612,-0.261992,3.94766,1.74441,0.0946615,0.137808,-1.48781,-0.538889,0.0380328,-0.000493242,
158,-0.000231681,-0.0331174,0.365151,-0.0196469,-0.00687085,-0.00151674,-0.405711,-0.0462102,0.414864,0.939224,0.00807883,-0.0164398,0.342816,-0.178966,0.700363,0.475538,-0.527465,0.392844,-0.577874,0.00322141,0.523473,2.96319,0.107543,0.962619,-1.82429,-1.89222,-0.72125,7.08474,2.33773,0.154374,0.153734,-5.11953,-1.07229,0.0308521,0.000855843,
159,-0.000449061,-0.0386614,0.0731197,-0.225543,-0.0310911,-0.001771,-0.0788159,0.0478678,0.48441,0.947049,-0.0030435,-0.0476522,0.317518,0.226667,0.806605,0.481943,-0.521377,0.0733161,-0.636439,0.00534754,0.52341,3.29397,-0.0610574,1.29584,-0.687884,-0.851093,-1.06342,9.23354,1.97447,0.0976069,-0.0448838,-7.71323,-1.29681,0.0423879,-0.000768197,
160,-0.000654532,-0.0428272,-0.302634,-0.392266,-0.0516631,-0.00196216,0.334734,0.16135,0.536698,0.951798,-0.0139014,-0.0687539,0.298597,0.58905,0.860879,0.480552,-0.524159,-0.317735,-0.690299,0.00703497,0.523363,2.88769,-0.226856,0.752026,-0.722009,-0.224243,0.135779,0.327089,0.217367,-0.169413,-0.0705886,-7.93739,-0.866165,0.0113329,-0.00068236,
161,-0.000764164,-0.0446279,-0.490758,-0.366296,-0.0557742,-0.00204482,0.550992,0.231478,0.559307,0.95175,-0.032194,-0.0747601,0.295883,0.513055,0.799578,0.463273,-0.528138,-0.566946,-0.702774,0.0078813,0.523335,2.53577,-0.163358,0.144102,-0.708594,0.158411,-0.583594,-2.64213,-2.64424,-0.504749,-0.0878149,0.135234,0.353462,0.029357,-0.000253698,
162,-0.000867344,-0.0439699,-0.416143,-0.271758,-0.0468794,-0.00201461,0.463389,0.201598,0.551044,0.955441,-0.0490175,-0.0742957,0.281443,0.295188,0.603386,0.428642,-0.532868,-0.458962,-0.643211,0.00907959,0.523325,2.27235,-0.0648934,-0.482413,-0.618931,0.337304,-0.471414,-6.04226,-5.184,-0.877615,-0.101492,4.12125,2.01606,0.0172936,-0.000113148,
163,-0.000840189,-0.0413721,-0.171267,-0.0946398,-0.0170155,-0.00189538,0.187337,0.120585,0.51843,0.959175,-0.0449191,-0.0579669,0.27314,-0.075224,0.498981,0.377922,-0.536531,-0.173846,-0.507661,0.00934863,0.523317,1.93763,0.0953356,-0.826271,0.954473,0.656432,-0.320945,-8.7507,0.504387,-1.15105,-0.0668904,7.25529,2.72459,-0.00244428,0.000249228,
164,-0.000748238,-0.037407,0.209321,0.133932,-0.0205888,-0.00171346,-0.230305,0.00787585,0.468671,0.963408,-0.033057,-0.0326444,0.263983,-0.533186,0.518381,0.318735,-0.540246,0.214093,-0.507603,0.00920944,0.523341,1.97643,0.118016,-1.19544,0.588976,0.866016,-0.678025,-7.90192,0.187241,-1.20938,-0.0776787,8.25985,-0.492859,0.00401709,0.0004087,
165,-0.00074929,-0.0324956,0.48603,0.158945,-0.0373478,-0.00148823,-0.54633,-0.0924443,0.407066,0.971576,-0.0261528,0.00165549,0.235274,-0.554371,0.551562,0.258517,-0.542205,0.559603,-0.530159,0.0106181,0.523363,2.13778,-0.672725,-0.982382,1.78235,-0.219909,-0.343262,1.62176,1.14232,-1.25972,-0.0205888,2.43219,-0.388922,0.00749686,0.00117816,
166,-0.000719405,-0.0313692,0.45376,0.0863941,-0.0473057,-0.00143659,-0.508992,-0.0783476,0.392941,0.972849,0.0106446,-0.0094925,0.230999,-0.391435,0.6336,0.190897,-0.539835,0.511431,-0.564062,0.0105611,0.523433,2.03237,-0.320537,0.775304,-1.01788,-0.996602,-0.514189,4.82553,2.08411,-1.42984,0.124168,-2.95918,-0.933197,0.000681209,0.00176922,
167,-0.000801882,-0.0360364,0.269916,-0.0761561,-0.0650243,-0.00165059,-0.297132,-0.0107228,0.451476,0.974728,-0.00803652,-0.0313068,0.221046,-0.0789247,0.74753,0.112049,-0.527268,0.280435,-0.620623,0.0102456,0.523424,2.48774,-0.469913,1.14969,-0.759161,-1.30124,-0.637159,7.70591,2.50386,-1.70281,0.27404,-6.34662,-1.36827,-0.00368754,-1.84836e-05,
168,-0.000865844,-0.0402352,-0.0830796,-0.282574,-0.0872046,-0.00184321,0.0915896,0.0956424,0.504161,0.976345,-0.0107853,-0.0620015,0.206859,0.344806,0.854622,0.0183389,-0.522247,-0.0833681,-0.688658,0.00990675,0.52338,2.64156,-0.705912,1.06483,0.386145,-1.05088,-0.613648,9.19323,1.77472,-2.01143,-0.029651,-8.1887,-1.34964,-0.00660256,-0.00051979,
169,-0.000708925,-0.0443017,-0.418327,-0.389752,-0.0896429,-0.00202985,0.466291,0.203493,0.555211,0.97061,-0.026171,-0.0678285,0.229415,0.572957,0.887369,-0.0984401,-0.524274,-0.461914,-0.73481,0.00736553,0.523351,2.33397,-0.749482,0.811665,-0.456034,0.266975,1.88874,-0.826189,-0.4293,-2.63142,-0.0547916,-7.04582,-0.535068,-0.0761962,-0.000439309,
170,-0.000427627,-0.046297,-0.479265,-0.347707,-0.0742298,-0.00212146,0.537256,0.22731,0.580269,0.962517,-0.0395226,-0.0587235,0.261823,0.456981,0.795112,-0.242261,-0.527505,-0.549229,-0.723694,0.00425105,0.523327,1.98643,-0.594178,0.201179,-0.304833,0.537229,1.16258,-3.79177,-3.239,-3.12729,-0.0721689,1.51833,0.966729,-0.0568864,-0.000145417,
171,-0.000139662,-0.0459065,-0.352922,-0.228597,-0.0419745,-0.00210353,0.390918,0.178631,0.575365,0.955035,-0.0513494,-0.0435138,0.288753,0.185136,0.573309,-0.408376,-0.531469,-0.377694,-0.634858,0.00140022,0.523316,1.675,-0.515154,-0.39963,-0.161635,0.779713,1.17968,-7.05238,-5.61541,-3.51482,-0.0866741,5.31058,2.57547,-0.0574398,-0.000151416,
172,0.000137817,-0.0435319,-0.0476022,-0.0319208,0.00144326,-0.00199451,0.0518534,0.0832187,0.545545,0.948145,-0.0475527,-0.0289406,0.312926,-0.222489,0.493872,-0.548029,-0.536382,-0.0476563,-0.495913,-0.00145725,0.523318,1.48333,-0.300031,-0.759965,0.486019,0.425719,0.554192,-9.2277,0.746819,-0.149563,-0.107904,7.8771,0.712121,-0.0462523,0.000115075,
173,0.000258378,-0.0397179,0.327115,0.150019,-0.00120297,-0.00181947,-0.361859,-0.0320563,0.497668,0.947411,-0.0446064,-0.014853,0.316547,-0.583219,0.524263,-0.52873,-0.541892,0.346485,-0.51255,-0.00299487,0.523336,1.84228,-0.505592,-1.16828,0.0350379,0.444234,-0.790263,-0.440126,0.468466,0.482897,-0.109367,7.90161,-0.368007,0.00684041,0.000314361,
174,0.000235021,-0.0347253,0.484056,0.132039,-0.0120126,-0.00159047,-0.543674,-0.0929593,0.435029,0.952317,-0.0317002,0.00206376,0.303453,-0.511247,0.574714,-0.505396,-0.544883,0.556559,-0.535796,-0.00311636,0.523342,2.08128,-0.701709,-1.13609,2.13504,-0.438968,-0.164065,2.6071,1.5377,0.448924,0.00719309,-0.362543,-0.550821,-0.0160425,0.000868056,
175,0.000257995,-0.0312154,0.403746,0.0432474,-0.0252217,-0.00142954,-0.455358,-0.0595393,0.391013,0.954896,0.00765607,-0.019295,0.296213,-0.29901,0.672291,-0.485225,-0.544286,0.442407,-0.578251,-0.00380611,0.523427,2.26831,-0.103343,0.424131,-1.47578,-1.28522,-0.263405,5.76962,2.29071,0.37953,0.0978594,-4.03409,-1.06444,-0.0272549,0.00551751,
176,0.000534733,-0.0376328,0.174083,-0.138762,-0.0362774,-0.00172382,-0.189401,0.0179699,0.471504,0.952114,0.00615148,-0.0510837,0.301382,0.0440682,0.786042,-0.469313,-0.524761,0.176794,-0.631792,-0.00654204,0.523446,3.0649,0.0652494,1.68783,-0.646786,-1.20544,0.679887,8.13552,2.34634,0.215036,0.431057,-6.77819,-1.2126,-0.069109,-0.000987798,
177,0.00094665,-0.0435295,-0.185226,-0.346608,-0.0430362,-0.0019944,0.204125,0.123732,0.545515,0.944188,0.000162726,-0.0835475,0.318636,0.472809,0.874203,-0.465418,-0.521917,-0.188504,-0.687125,-0.0100102,0.523381,3.06261,0.116712,1.26536,-0.522445,-1.15228,0.869313,9.00566,1.18841,-0.057424,-0.0546123,-7.82462,-1.00191,-0.0696047,-0.000736158,
178,0.0014395,-0.0473337,-0.469086,-0.399075,-0.0354639,-0.00216907,0.525493,0.22074,0.593293,0.929358,-0.00934307,-0.103407,0.354279,0.576011,0.868247,-0.477561,-0.525144,-0.533904,-0.713289,-0.013996,0.523334,2.59689,-0.0144156,0.653389,-0.499342,-0.369047,1.73113,-1.686,-1.39828,-0.404872,-0.0723769,-5.01299,-0.0533137,-0.0755497,-0.000385539,
179,0.0017668,-0.0486182,-0.463741,-0.334075,-0.0155478,-0.00222807,0.518958,0.217695,0.60943,0.917345,-0.0199746,-0.111617,0.381604,0.408956,0.727021,-0.503118,-0.529283,-0.525986,-0.67559,-0.0167234,0.523313,2.2417,0.0631568,0.00608801,-0.398561,-0.0981897,1.13246,-4.97405,-4.22966,-0.627749,-0.0900848,2.52064,1.54913,-0.0449681,-0.000157425,
180,0.00191498,-0.0473839,-0.294956,-0.186491,0.0221635,-0.00217138,0.32527,0.155566,0.593923,0.906232,-0.0295382,-0.114943,0.405783,0.082455,0.491992,-0.528832,-0.53421,-0.308874,-0.560012,-0.0185993,0.523304,1.91837,0.140875,-0.575379,0.151334,-0.334617,1.007,-8.05745,-1.4922,-0.0144934,-0.111108,6.1356,3.07055,-0.0325292,-4.06748e-05,
181,0.00190364,-0.0445755,0.04977,0.0318829,0.0436704,-0.00204242,-0.0547584,0.0511714,0.558649,0.898374,-0.0142603,-0.105928,0.426029,-0.364068,0.508009,-0.523218,-0.538594,0.0498318,-0.504451,-0.0196566,0.5233,1.66856,0.197066,-0.839588,1.26121,0.422424,0.612808,-9.78969,0.500244,0.187728,-0.0646618,8.19681,-0.450134,-0.00975698,0.000251459,
182,0.00162931,-0.0405121,0.402391,0.152398,0.0400952,-0.00185592,-0.447645,-0.0630107,0.507636,0.900179,0.00686241,-0.0878685,0.426508,-0.59365,0.537763,-0.505043,-0.541875,0.440618,-0.519853,-0.0185146,0.52333,2.17547,0.00740341,-1.22121,0.846971,0.207304,-0.875074,1.40664,0.695645,0.537294,-0.0660731,7.44289,-0.139047,0.0589501,0.000232069,
183,0.00125095,-0.0352668,0.484391,0.103018,0.0332771,-0.0016153,-0.543489,-0.0965942,0.441821,0.904311,0.0347272,-0.0660987,0.420294,-0.452785,0.599828,-0.472098,-0.543136,0.557076,-0.537795,-0.0163326,0.523343,2.58597,0.168209,-1.48657,1.56882,0.322023,-0.124516,4.21221,1.77739,0.783182,-0.00648565,-1.37292,-0.579964,0.0355165,0.000303545,
184,0.00111303,-0.0324786,0.370453,-0.0257697,0.025913,-0.00148745,-0.418794,-0.0507613,0.406853,0.903517,0.00186352,-0.0150471,0.428284,-0.161789,0.703378,-0.428181,-0.537803,0.399489,-0.580748,-0.0157809,0.523385,2.94748,0.91348,0.0534853,0.454899,0.33307,-0.259463,7.18914,2.26863,1.13089,0.214873,-4.95245,-1.11669,0.0248581,0.0066659,
185,0.0011857,-0.0373921,0.0933393,-0.229915,0.00941856,-0.00171277,-0.0988849,0.038895,0.468484,0.906015,0.00672261,-0.053495,0.419798,0.244854,0.802815,-0.367619,-0.522179,0.0937491,-0.634653,-0.0145996,0.523491,3.88198,1.17448,1.84956,-0.866838,-1.28941,-0.173828,9.16583,1.75817,1.26988,0.19003,-7.34536,-1.08373,0.0197231,-0.00219999,
186,0.00131278,-0.0438492,-0.27215,-0.40046,-0.00109421,-0.00200907,0.301373,0.147906,0.549529,0.902867,-0.00136823,-0.0863394,0.421159,0.602737,0.845609,-0.304555,-0.522561,-0.282944,-0.679864,-0.0137805,0.523383,3.55467,0.972043,1.34182,-0.839175,-0.556406,1.01616,0.00500965,-0.0251105,1.22741,-0.0550867,-7.73,-0.733734,0.000263972,-0.00129132,
187,0.00138276,-0.0480293,-0.497073,-0.376402,0.00408513,-0.00220102,0.558787,0.230084,0.602031,0.891942,-0.021369,-0.103138,0.439711,0.515081,0.770953,-0.244932,-0.525657,-0.57688,-0.688416,-0.0132492,0.523335,3.2241,0.931429,0.734769,-0.925394,-0.095626,0.355678,-2.75946,-2.93524,1.17556,-0.0713288,-1.00425,0.380097,0.0320062,-0.000532994,
188,0.001223,-0.0496506,-0.439875,-0.286287,0.0201135,-0.0022755,0.491082,0.206068,0.622402,0.88846,-0.0420669,-0.112975,0.442839,0.290508,0.558779,-0.186713,-0.52964,-0.491643,-0.627828,-0.0113349,0.52331,2.91727,0.955652,0.0733952,-0.888349,0.0795442,0.253521,-6.19447,-5.53183,1.15023,-0.0874775,3.75288,2.03059,0.0410814,-0.000222386,
189,0.0010097,-0.0492794,-0.214003,-0.111768,0.0534657,-0.00225845,0.234696,0.128435,0.617738,0.887061,-0.0358653,-0.103069,0.448567,-0.0914686,0.488426,-0.126792,-0.532348,-0.219111,-0.500502,-0.0094286,0.523291,2.49621,1.02856,-0.267655,0.949193,0.407764,0.124374,-9.06122,0.925394,1.24632,-0.0503225,7.11526,1.11978,0.0409764,0.000166523,
190,0.000734388,-0.0474318,0.168271,0.120994,0.0514809,-0.00217358,-0.184798,0.0151025,0.594525,0.88866,-0.0232916,-0.081117,0.450734,-0.572309,0.517038,-0.0561587,-0.535271,0.170715,-0.512101,-0.00712553,0.523303,2.50371,1.06964,-0.666359,0.770859,0.543096,-0.344357,-8.23133,0.243187,1.58469,-0.0636546,8.47222,-0.369445,0.0603592,0.000291242,
191,0.000194249,-0.0440615,0.480908,0.128519,0.0356854,-0.00201882,-0.539126,-0.0949966,0.552194,0.904971,-0.0157788,-0.0672425,0.41983,-0.565942,0.551013,0.0317473,-0.538349,0.551735,-0.527194,-0.00202921,0.523318,3.06137,0.92694,-1.06043,0.314055,0.339445,-1.40386,2.19805,1.11067,1.90166,-0.0638818,5.57231,-0.234278,0.103187,7.36763e-05,
192,-0.000166291,-0.03929,0.468063,0.0524626,0.0216898,-0.00179984,-0.523598,-0.0887112,0.492298,0.914134,-0.0078758,-0.0512685,0.402081,-0.372302,0.628776,0.130201,-0.540181,0.532381,-0.556014,0.00194851,0.523317,3.40647,1.06345,-1.25764,1.20316,1.2999,-0.695444,5.52737,1.98766,2.04743,0.0270173,-2.89906,-0.910649,0.0739538,-0.000263227,
193,-0.000402932,-0.033836,0.284283,-0.0976941,0.00112412,-0.00154969,-0.334231,-0.0193488,0.423876,0.921843,0.00814118,-0.0194562,0.386988,-0.0184866,0.734882,0.233971,-0.538855,0.296668,-0.615987,0.00548346,0.523437,3.98293,0.868289,-0.362746,0.127846,-1.25996,-0.789869,8.48578,2.19777,2.09917,0.0419697,-6.37967,-1.37561,0.072812,0.0160241,
194,-0.000719179,-0.0389677,-0.063251,-0.318294,-0.0157918,-0.00178505,0.072979,0.0861356,0.488253,0.925399,0.00249006,-0.0481976,0.375909,0.436087,0.806596,0.335393,-0.528937,-0.063378,-0.667458,0.00849675,0.523463,4.61922,0.894131,1.78102,-1.08973,-0.696993,-0.244109,9.85667,0.809395,1.97245,0.200279,-8.19998,-0.832472,0.0528585,-0.00264012,
195,-0.000971573,-0.0448819,-0.410229,-0.390513,-0.0168305,-0.00205648,0.45716,0.196794,0.562496,0.918895,-0.0220055,-0.0645682,0.388561,0.570979,0.787312,0.427324,-0.522321,-0.451023,-0.691997,0.00996362,0.523366,4.14369,0.635595,1.19931,-1.26235,0.051263,1.03829,-1.24497,-1.55565,1.72025,-0.00480451,-7.30525,-0.155894,0.0183601,-0.000640022,
196,-0.00119299,-0.0483947,-0.486035,-0.344898,-0.00577259,-0.00221781,0.545429,0.226726,0.606622,0.912611,-0.0527183,-0.0718024,0.399006,0.436249,0.63992,0.509175,-0.523677,-0.559611,-0.663488,0.0113443,0.523328,3.75105,0.693015,0.563698,-1.19379,0.270701,0.300141,-4.12227,-4.31807,1.54767,-0.0372881,1.52816,1.28181,0.0295856,-0.000295249,
197,-0.00130718,-0.0495519,-0.359957,-0.222357,0.023481,-0.00227096,0.399041,0.177648,0.621162,0.906451,-0.0743664,-0.0761996,0.408669,0.146939,0.49363,0.53083,-0.526003,-0.386379,-0.559248,0.0121393,0.523307,3.44729,0.70348,0.0506729,-0.217808,-0.107725,0.611771,-7.42288,0.326901,-0.185601,-0.0557198,5.37222,2.87967,0.0029965,-0.000244406,
198,-0.0012884,-0.0487655,-0.05186,-0.020991,0.0410551,-0.00223484,0.0567077,0.080997,0.611281,0.900525,-0.0820298,-0.0758477,0.420207,-0.280482,0.51585,0.524968,-0.529323,-0.05193,-0.505819,0.0121582,0.523301,3.20956,0.733169,-0.45118,-0.317878,0.266794,0.473969,-9.65514,0.259824,-0.0505552,-0.0762618,7.98577,-0.41085,-0.00232749,-2.11541e-05,
199,-0.00126964,-0.046076,0.328771,0.144828,0.0370306,-0.00211131,-0.363611,-0.0361104,0.577493,0.899891,-0.0953136,-0.0757397,0.418777,-0.614438,0.524225,0.523923,-0.533283,0.348458,-0.519999,0.0126822,0.523312,3.71255,0.568089,-0.86286,-0.832696,0.174699,-1.1047,0.822325,0.0819167,-0.0043258,-0.0785642,8.04275,-0.129248,0.0476591,0.000219534,
200,-0.00129647,-0.041964,0.486482,0.103056,0.0264925,-0.00192254,-0.544412,-0.0974357,0.525861,0.905608,-0.114828,-0.0823982,0.399874,-0.497514,0.554737,0.523818,-0.536824,0.560301,-0.532818,0.0142217,0.523318,4.03847,0.60919,-0.996614,-0.278636,1.36753,0.0119974,3.4808,1.11796,0.000496009,0.0104353,-0.461969,-0.386332,0.00492179,-0.00120872,
201,-0.00131616,-0.0396491,0.40181,-0.00923584,0.0153529,-0.00181632,-0.446044,-0.0619209,0.496805,0.912049,-0.0940527,-0.0643502,0.393928,-0.244463,0.62777,0.523827,-0.533267,0.439852,-0.568878,0.0152822,0.523345,4.17006,-0.584909,0.424928,3.432,-0.519723,-1.28111,6.44837,1.75695,0.00434633,0.25769,-4.30041,-1.04585,0.0703956,-0.00056245,
202,-0.00162785,-0.0405334,0.147609,-0.19286,-0.0100942,-0.00185689,-0.161913,0.0243284,0.507904,0.928835,-0.010005,-0.0437464,0.367767,0.142088,0.71126,0.523751,-0.521141,0.149248,-0.63108,0.0184882,0.523351,4.44836,-0.652954,-0.0729393,3.23152,-0.500355,-1.31093,9.01941,1.58963,-0.00217036,0.0465427,-7.30387,-1.43667,0.0527864,0.00019437,
203,-0.00167863,-0.0398185,-0.225689,-0.381223,-0.0274511,-0.00182409,0.248734,0.13525,0.498931,0.931379,0.0231338,-0.0247887,0.362469,0.581728,0.751816,0.519715,-0.523075,-0.23171,-0.693626,0.0194078,0.523368,4.5124,-0.596476,-0.262223,-0.392625,1.43952,1.42353,3.4502,0.0419606,-0.178009,-0.0666502,-7.9394,-1.0592,-0.0307221,-0.00061562,
204,-0.00143025,-0.0376401,-0.485981,-0.359584,-0.0184591,-0.00172415,0.5453,0.226907,0.471595,0.915542,-0.00635978,0.0112834,0.402014,0.54335,0.683914,0.505682,-0.526969,-0.559527,-0.720238,0.0174946,0.523349,4.08829,-0.663273,-0.825577,-0.506199,1.92408,1.29141,-2.06763,-2.73273,-0.357098,-0.0850059,-2.24597,-0.0174262,-0.0294918,-0.000231977,
205,-0.00114833,-0.0344594,-0.450777,-0.270817,0.00489834,-0.00157827,0.503026,0.211125,0.431694,0.898698,-0.0284442,0.036415,0.436127,0.356453,0.498368,0.485048,-0.531373,-0.507135,-0.679339,0.0153445,0.523358,2.77258,-0.784892,-0.331537,-1.58629,-0.653428,1.76993,-5.39897,-1.8293,-0.466618,-0.0744349,3.13783,1.64314,-0.0625455,0.000504212,
206,-0.000761854,-0.032829,-0.254525,-0.110359,0.0560043,-0.00150352,0.279562,0.139941,0.411247,0.870451,-0.0101401,0.0171799,0.49185,0.0152275,0.508274,0.462677,-0.53583,-0.263276,-0.559521,0.0106864,0.523364,2.32448,-0.986419,-0.618583,0.832551,-1.07072,2.64661,-8.28278,0.474101,-0.418089,-0.0973769,6.59299,3.1311,-0.100526,0.000303612,
207,-0.000414298,-0.0299894,0.107502,0.111071,0.0892564,-0.00137335,-0.114655,0.0298856,0.375642,0.840372,0.00328593,9.76567e-05,0.542,-0.434807,0.520891,0.452565,-0.540759,0.10813,-0.503841,0.00636208,0.523381,1.53683,-1.20434,-0.310471,-1.02936,0.686787,0.904374,-9.58471,0.0919051,0.0181958,-0.105347,8.08715,-0.465025,-0.0720433,-0.00203608,
208,-0.000646183,-0.0306577,0.434099,0.170751,0.0837195,-0.00140398,-0.485882,-0.0797415,0.384021,0.842289,0.00239471,-0.000745029,0.53902,-0.567724,0.545358,0.462769,-0.540464,0.483562,-0.521725,0.00970647,0.523342,1.55093,-0.842151,0.156897,0.49639,-0.129978,-0.763639,1.17313,0.881601,0.479642,0.03953,6.92459,-0.22847,0.104691,0.0015883,
209,-0.000958758,-0.031726,0.483492,0.105034,0.072845,-0.00145295,-0.542772,-0.100137,0.397416,0.849944,0.00797793,-0.00657384,0.526772,-0.433491,0.616628,0.500701,-0.536554,0.555693,-0.546594,0.0139163,0.523411,1.75081,-0.167038,0.750018,0.0548992,-0.459609,-0.85283,4.12523,1.89551,1.02341,0.193965,-1.83664,-0.726793,0.0767142,0.000640345,
210,-0.00129215,-0.0341904,0.345417,-0.0388393,0.0529543,-0.00156594,-0.383383,-0.0448755,0.428321,0.860224,0.0116315,-0.0253695,0.509152,-0.1456,0.727398,0.532949,-0.526621,0.368515,-0.599751,0.0174023,0.523419,2.33863,0.0296475,1.02176,-0.862158,-0.970846,-0.605313,7.25399,2.44861,-0.148506,0.306857,-5.50704,-1.33506,0.059369,0.000947213,
211,-0.00169939,-0.0387506,0.0333819,-0.244736,0.0283173,-0.00177509,-0.0355848,0.0538762,0.48553,0.869711,0.00903442,-0.0526164,0.490666,0.268924,0.837157,0.52578,-0.521918,0.0334005,-0.670946,0.0201901,0.523397,2.60951,0.187875,1.07711,-0.226866,-0.816642,-0.943329,9.32987,1.96142,-0.0756795,-0.042826,-7.93702,-1.53651,0.0528363,-0.00061023,
212,-0.00198671,-0.0439604,-0.333262,-0.397476,0.0138394,-0.00201418,0.369458,0.165603,0.550926,0.867148,0.00265957,-0.0827253,0.491126,0.594511,0.882236,0.523754,-0.524406,-0.353831,-0.730942,0.0208019,0.523374,2.566,0.136503,1.24346,-0.906764,-0.674494,1.14109,-0.386116,-0.083542,-0.00802172,-0.0642598,-7.64634,-0.920556,-0.0224349,-0.000824237,
213,-0.00205999,-0.047698,-0.483387,-0.368747,0.0163449,-0.0021858,0.542349,0.221635,0.597868,0.855739,-0.0130627,-0.104732,0.506528,0.498544,0.805354,0.523694,-0.528059,-0.555531,-0.745386,0.0198756,0.523333,2.23559,0.0871155,0.626083,-0.88558,-0.35089,0.378846,-3.10584,-2.967,0.000479742,-0.0810453,0.366841,0.329189,-0.0133271,-0.000351443,
214,-0.00199743,-0.0489026,-0.401298,-0.270498,0.0324852,-0.00224114,0.446382,0.188565,0.613003,0.84958,-0.0296413,-0.121402,0.512442,0.259401,0.59302,0.523707,-0.532492,-0.439177,-0.688808,0.0187962,0.523312,1.96812,0.0583593,-0.033358,-0.869007,-0.168556,0.419679,-6.43032,-5.50657,0.000108955,-0.0963714,4.25458,1.92171,-0.0307628,-0.000230068,
215,-0.00175825,-0.0481273,-0.148467,-0.0915776,0.0663379,-0.00220552,0.162425,0.105585,0.603262,0.846536,-0.0267554,-0.117149,0.518592,-0.126808,0.49126,0.523752,-0.536365,-0.150136,-0.56011,0.0168127,0.52329,1.59879,0.133777,-0.340881,1.20256,0.291386,0.0532341,-8.99954,0.744065,0.00148723,-0.0607995,7.27956,3.21887,-0.0463279,0.000108811,
216,-0.001454,-0.0460471,0.228189,0.122907,0.0801022,-0.00210999,-0.251428,-0.00641238,0.577131,0.849615,-0.011517,-0.0954623,0.518563,-0.567165,0.517152,0.523936,-0.539797,0.234419,-0.503726,0.0145328,0.52331,1.82447,0.12847,-0.686906,0.522071,0.477987,-0.984051,-3.67566,0.23709,0.00299727,-0.0709168,8.11328,-0.476045,-0.018481,0.000556829,
217,-0.00130728,-0.0426662,0.484144,0.121524,0.0634073,-0.00195477,-0.542708,-0.0991512,0.534676,0.867543,-0.00792026,-0.0778225,0.491171,-0.541647,0.551113,0.524009,-0.542653,0.556694,-0.528132,0.0141039,0.523318,2.25658,0.152771,-0.939794,0.586603,1.1368,-0.736549,1.82685,1.11169,-0.000616269,-0.0161703,1.64543,-0.498959,-0.0305157,-0.000168669,
218,-0.00100255,-0.0380766,0.444387,0.0527993,0.0482143,-0.00174418,-0.49605,-0.0814568,0.477073,0.876503,-0.00929137,-0.0475045,0.478956,-0.364925,0.62763,0.523956,-0.543344,0.498016,-0.570728,0.0121222,0.523333,2.54009,0.252102,-1.32487,0.621679,1.4409,-0.505531,5.21503,1.93832,-0.000415807,0.00926303,-3.19282,-1.19946,-0.0449672,-4.80179e-05,
219,-0.00075016,-0.0333216,0.24591,-0.0885994,0.022578,-0.0015261,-0.293306,-0.00923585,0.417424,0.888426,0.00494006,-0.0175579,0.458657,-0.0344091,0.728998,0.523953,-0.540224,0.253769,-0.643107,0.0103666,0.523474,3.64053,0.513446,0.477491,0.479495,-0.842949,-1.15049,7.74132,1.88639,-0.00185376,0.273436,-6.29867,-1.54112,-0.0415078,0.0170259,
220,-0.000565494,-0.0392606,-0.0952606,-0.29511,0.00369424,-0.00179849,0.107201,0.0930424,0.491929,0.891247,0.00197863,-0.0448002,0.451297,0.380152,0.79128,0.523769,-0.52224,-0.0956964,-0.708595,0.00663111,0.523428,4.16726,0.858627,1.6496,-1.12342,-0.704061,-0.0116468,8.96095,0.769968,-0.00166613,0.157765,-7.84852,-1.18594,-0.083234,-0.00209025,
221,-0.000176933,-0.0447412,-0.416683,-0.396759,-0.00207439,-0.00205002,0.4644,0.196805,0.560729,0.884385,-0.0194843,-0.0652532,0.461764,0.587506,0.774221,0.523099,-0.522712,-0.459691,-0.748992,0.00182019,0.523358,3.7472,0.583615,1.08465,-1.16384,-0.017252,1.14564,-1.29604,-1.42697,-0.020383,-0.0495222,-6.72186,-0.440754,-0.109357,-0.000449109,
222,0.000308607,-0.0478194,-0.484105,-0.348651,0.00686537,-0.00219138,0.543079,0.223303,0.599394,0.875281,-0.0465408,-0.0749946,0.475493,0.449086,0.631976,0.522603,-0.525649,-0.556635,-0.734418,-0.00296999,0.523328,3.38435,0.584348,0.459865,-1.07576,0.218562,0.494664,-4.21832,-4.24052,-0.00652626,-0.0668329,1.52932,1.00974,-0.0887589,-0.00023478,
223,0.000792529,-0.0485598,-0.357545,-0.2233,0.0330247,-0.00222539,0.39625,0.17407,0.608696,0.867981,-0.0636916,-0.0802709,0.48591,0.155654,0.490319,0.523769,-0.52941,-0.383392,-0.644052,-0.00751062,0.523309,3.04353,0.59564,-0.052734,-0.0312458,-0.1482,0.575388,-7.49411,0.430184,0.0441525,-0.083757,5.36883,2.59684,-0.0939458,-0.000208992,
224,0.0012252,-0.0472579,-0.0496421,-0.0189047,0.0717144,-0.00216559,0.0541501,0.0775155,0.59234,0.861598,-0.0609048,-0.0807182,0.497417,-0.274821,0.515321,0.523966,-0.533995,-0.0497034,-0.504146,-0.0119316,0.523305,2.80816,0.585825,-0.569405,-0.00924576,0.0962712,0.428238,-9.70527,0.280887,-0.00545414,-0.10111,7.9568,0.857229,-0.0800436,6.96394e-05,
225,0.00141099,-0.0441654,0.329035,0.149435,0.0685,-0.00202359,-0.363927,-0.0389757,0.5535,0.861983,-0.0690432,-0.0814455,0.495566,-0.611623,0.52497,0.523983,-0.53919,0.348774,-0.514335,-0.0147051,0.52332,3.33057,0.508418,-0.968132,-0.672881,0.0960528,-1.14835,0.742934,0.113773,0.00129979,-0.102439,7.9962,-0.301692,-0.00788097,0.000232849,
226,0.00133626,-0.0401871,0.486018,0.108996,0.0556609,-0.001841,-0.545226,-0.0996094,0.503557,0.872776,-0.0833256,-0.0661989,0.476379,-0.498335,0.557549,0.523957,-0.54155,0.559584,-0.536117,-0.0153075,0.523312,3.61146,0.640083,-0.981747,0.384874,2.00959,-0.232625,3.41594,1.17822,-0.000174554,0.0258431,-0.445646,-0.569935,-0.0221387,0.000117905,
227,0.0012373,-0.0372007,0.401577,-0.000298653,0.0401228,-0.001704,-0.447058,-0.0639923,0.466082,0.882433,-0.0542782,-0.0469243,0.464934,-0.246991,0.634956,0.52393,-0.53996,0.439545,-0.581362,-0.0153135,0.523365,3.91754,-0.141764,-0.453776,2.46963,-1.97002,-1.09339,6.59242,1.90437,-0.000174067,0.040554,-4.32293,-1.22897,0.0269593,0.000532134,
228,0.00106385,-0.0363207,0.147751,-0.180394,0.0140362,-0.00166363,-0.164537,0.0218961,0.455042,0.896201,0.0179775,-0.0214294,0.442765,0.142931,0.725279,0.523854,-0.530655,0.149395,-0.652583,-0.0134862,0.523373,4.23957,0.270746,0.0165097,0.0544726,0.995078,-0.0382955,9.05568,1.71682,-0.00330373,0.19565,-7.16506,-1.57708,0.000407523,0.00192684,
229,0.00118374,-0.0388741,-0.218481,-0.377791,0.000625059,-0.00178076,0.24133,0.130347,0.487079,0.89436,0.00630902,-0.00838677,0.447224,0.579567,0.764199,0.523697,-0.522452,-0.223928,-0.714626,-0.0140191,0.523402,4.54095,0.445489,1.10472,0.637226,0.159572,0.691669,3.40644,-0.12076,-0.00789471,0.0395878,-7.81886,-0.941407,-0.025976,-0.00104308,
230,0.00140314,-0.0420936,-0.478189,-0.371683,0.00423192,-0.00192849,0.536325,0.221282,0.527488,0.882413,0.015656,0.00697449,0.470164,0.543111,0.68908,0.522918,-0.523245,-0.547593,-0.73665,-0.0153444,0.523361,4.17131,0.294021,0.52202,0.681492,0.502037,0.639973,-1.99683,-2.86001,0.002305,-0.0306878,-2.38643,0.052135,-0.00939195,-0.000472627,
231,0.00144294,-0.0430903,-0.450458,-0.297135,0.019066,-0.00197424,0.50355,0.20939,0.54,0.87575,0.0262755,0.0286704,0.481197,0.359296,0.49658,0.523794,-0.525196,-0.506678,-0.693627,-0.015414,0.523339,3.82964,0.300383,0.0424594,1.27124,0.445303,0.562858,-5.3306,-1.87552,0.00332643,-0.0476946,2.87493,1.66143,-0.00195579,-0.000317424,
232,0.00143228,-0.0425681,-0.265095,-0.14175,0.0524832,-0.00195027,0.291819,0.143043,0.533445,0.866654,0.0622711,0.0569848,0.491717,0.017589,0.507525,0.523765,-0.528038,-0.275035,-0.57372,-0.0154882,0.52333,3.52613,0.305032,-0.322118,2.10332,0.325099,0.497433,-8.31329,0.496876,-0.00107343,-0.0659686,6.35997,3.12328,0.0018628,-3.7441e-05,
233,0.00138812,-0.0428251,0.0883701,0.0718553,0.0748884,-0.00196207,-0.0956118,0.0371434,0.536671,0.861954,0.0742667,0.034875,0.500304,-0.436938,0.52071,0.523876,-0.53073,0.0887175,-0.495784,-0.0149204,0.523366,2.46393,0.0304344,0.0328025,-0.975205,-1.30535,0.44783,-9.84301,0.0993047,0.00151809,-0.0537286,8.16869,-0.568629,0.0204835,-0.000701388,
234,0.00106805,-0.0415676,0.424974,0.138582,0.0632685,-0.00190435,-0.47312,-0.0739674,0.520885,0.871222,0.0667028,-0.0104208,0.486225,-0.57092,0.5387,0.523996,-0.5333,0.470966,-0.520769,-0.011828,0.523346,3.05548,-0.0549358,-0.623156,-1.20226,-1.60686,-1.03774,1.26093,0.618293,0.000545155,-0.0521249,7.11988,-0.356007,0.0846654,-0.00033186,
235,0.000703776,-0.0385706,0.481768,0.0833986,0.0496195,-0.00176684,-0.538874,-0.0972837,0.483271,0.878714,0.0561795,-0.05557,0.470763,-0.433062,0.594117,0.523935,-0.534871,0.55305,-0.551839,-0.00840049,0.523336,2.98879,0.422032,-0.284724,-1.60425,1.30053,-0.700469,4.22907,1.56247,-0.00131442,0.0940601,-1.67261,-0.891905,0.0701256,-0.00115122,
236,0.000388101,-0.0370972,0.349855,-0.0509269,0.0285757,-0.00169925,-0.388012,-0.0442837,0.464784,0.889972,0.00457399,-0.0247485,0.455319,-0.139425,0.685098,0.52389,-0.528026,0.373932,-0.613206,-0.00481676,0.523348,3.2143,0.522412,-0.608624,-1.26382,2.01117,-0.660553,7.49475,2.07735,-0.000137291,0.135911,-5.47014,-1.55481,0.0706786,0.000619693,
237,6.35536e-05,-0.0359146,0.0384991,-0.243242,-0.00266013,-0.00164501,-0.0469146,0.0549461,0.449947,0.904857,0.00294395,-0.0295142,0.424682,0.284477,0.768699,0.523774,-0.522377,0.0385277,-0.691923,-0.000814779,0.523425,4.10793,0.742963,1.19613,-0.603413,-1.75899,-0.840297,9.36997,0.921445,-0.00634967,0.00244827,-7.75869,-1.20465,0.0534647,0.00331738,
238,-7.76318e-05,-0.0430156,-0.325681,-0.399938,-0.0115575,-0.00197081,0.361473,0.165667,0.539063,0.904228,-0.00815231,-0.057548,0.423077,0.606987,0.755128,0.521587,-0.524076,-0.34478,-0.725766,0.000830734,0.523399,3.77594,0.507448,1.64644,-0.983068,-0.180923,0.973219,-0.695136,-1.21866,-0.0843561,-0.0544934,-7.65463,-0.39486,0.00997175,-0.00128435,
239,-0.000178017,-0.0483927,-0.496795,-0.370266,-0.00282794,-0.00221772,0.558481,0.230215,0.606597,0.895581,-0.0330069,-0.068551,0.438345,0.497617,0.622369,0.515783,-0.527238,-0.57644,-0.71452,0.00169286,0.523341,3.42138,0.507827,1.03984,-1.00233,0.144417,0.260355,-3.3333,-4.06655,-0.135222,-0.0716597,0.446382,0.831325,0.0298304,-0.00055786,
240,-0.000318807,-0.0514631,-0.411318,-0.271706,0.0197287,-0.00235878,0.458061,0.195277,0.645183,0.891536,-0.0477706,-0.0743836,0.44424,0.245056,0.487109,0.508902,-0.531239,-0.452479,-0.631649,0.0028504,0.523308,3.08852,0.549595,0.537197,0.0346964,-0.21437,0.360717,-6.74302,0.532665,-0.137436,-0.0886539,4.4635,2.47441,0.0149257,-0.000331473,
241,-0.00040061,-0.0524942,-0.149974,-0.0903793,0.0558586,-0.00240617,0.164361,0.109044,0.658145,0.888075,-0.0420432,-0.0759891,0.451421,-0.158515,0.514717,0.5061,-0.536104,-0.151695,-0.495285,0.00351125,0.523293,2.79554,0.584645,0.016209,0.102342,0.060231,0.208443,-9.37754,0.299706,0.0227695,-0.107879,7.54197,0.693258,0.0145106,-8.63104e-05,
242,-0.000509997,-0.0516622,0.239126,0.116536,0.051339,-0.00236794,-0.263231,-0.0070439,0.647686,0.888611,-0.0443896,-0.0734941,0.450554,-0.591016,0.522076,0.517597,-0.541792,0.24633,-0.512392,0.00454217,0.523293,3.12036,0.543123,-0.418106,-0.338344,0.069943,-1.10334,-2.17802,0.0515056,0.449469,-0.113561,8.38952,-0.371371,0.0574584,0.00030101,
243,-0.000819505,-0.0491656,0.496408,0.098619,0.0352033,-0.00225322,-0.557556,-0.102223,0.616308,0.90167,-0.0529937,-0.0812592,0.421402,-0.536112,0.545964,0.526571,-0.54754,0.575827,-0.531687,0.00767035,0.523299,3.58442,0.543023,-0.831698,-0.595789,-0.217935,-0.637088,2.24777,0.898479,-0.0670529,-0.115894,1.3218,-0.40125,0.0380154,9.69845e-05,
244,-0.000888926,-0.0450505,0.443379,0.0173394,0.0210707,-0.00206423,-0.494216,-0.0789696,0.564614,0.904968,-0.0639496,-0.0973286,0.409231,-0.336544,0.60784,0.52425,-0.553405,0.496588,-0.570015,0.00908187,0.523309,3.86538,0.608306,-1.14785,-0.536803,0.0659671,-0.374634,5.7053,1.56442,-0.0205893,-0.0863171,-3.6503,-1.12587,0.0217468,-0.000641699,
245,-0.000903206,-0.0410241,0.223333,-0.138131,0.00149954,-0.00187941,-0.247933,-0.000367622,0.514062,0.911116,-0.0703059,-0.0527677,0.402665,0.0201017,0.686217,0.52381,-0.551587,0.229162,-0.639591,0.0101352,0.523318,4.3135,0.181187,-0.689194,1.71298,-0.209277,-1.45331,8.43606,1.57171,-0.00125178,0.0703099,-7.00456,-1.62526,0.0610663,0.00193466,
246,-0.00116651,-0.0384511,-0.155077,-0.330395,-0.0347495,-0.00176135,0.169702,0.113778,0.481771,0.932377,-0.00233362,-0.0419752,0.359035,0.468052,0.736006,0.523692,-0.545243,-0.156983,-0.717992,0.0139672,0.523328,4.59083,-0.143771,-0.562541,2.95997,0.846328,-1.85581,9.47712,0.419693,-0.0217911,0.239108,-8.3745,-1.49986,0.0698175,0.000106867,
247,-0.00112338,-0.0363813,-0.46528,-0.370574,-0.0398274,-0.00166641,0.52055,0.218957,0.455803,0.92635,0.000390492,0.0287324,0.375566,0.578485,0.692666,0.51183,-0.535036,-0.528258,-0.765285,0.014217,0.523343,4.15439,-0.406273,-0.681391,1.53285,3.12082,1.50028,-1.68542,-2.10271,-0.381765,0.178703,-5.54725,-0.465482,-0.0150096,4.84773e-05,
248,-0.00109575,-0.0365277,-0.465489,-0.300922,-0.02574,-0.00167313,0.521051,0.218252,0.457639,0.915005,-0.0358098,0.0297394,0.400747,0.411823,0.521858,0.487327,-0.52503,-0.528567,-0.748007,0.0138118,0.523381,2.28761,-0.304839,0.210323,-2.64867,-0.568314,0.97038,-4.95452,-3.83351,-0.616849,0.203488,2.41978,1.14457,-0.0149593,-0.000190832,
249,-0.000899358,-0.0371691,-0.301406,-0.158603,0.0146849,-0.00170254,0.332338,0.15693,0.465686,0.895576,-0.0343487,0.00132691,0.443579,0.0899546,0.506748,0.451967,-0.522487,-0.316314,-0.651233,0.0111404,0.523356,1.79695,-0.454837,-0.0313137,0.438408,-1.25497,2.15044,-7.94675,0.478144,-0.78631,-0.0317026,6.04284,2.70708,-0.0685059,9.82235e-05,
250,-0.000612177,-0.0359628,0.0385968,0.0535366,0.0696331,-0.00164722,-0.0424239,0.0524905,0.450553,0.87163,-0.00966808,-0.0170123,0.489775,-0.352395,0.520375,0.416468,-0.524422,0.0386256,-0.50041,0.00783777,0.523362,1.62548,-0.55067,-0.53817,0.40299,-0.933499,1.96119,-9.73051,0.10885,-0.637169,-0.0464417,8.13621,1.27709,-0.0616277,0.000169349,
251,-0.000459357,-0.0332304,0.393511,0.171668,0.0762654,-0.00152192,-0.436248,-0.0627214,0.416281,0.857636,0.00604606,-0.0235478,0.513682,-0.586855,0.53505,0.397633,-0.525626,0.428985,-0.511602,0.0063654,0.523361,2.13014,-0.568037,-0.652779,1.44017,0.526193,-0.254752,1.20006,0.478612,-0.161734,0.0493661,7.50425,-0.396001,0.0128636,-0.000760948,
252,-0.00042463,-0.0308592,0.481964,0.119033,0.0680292,-0.00141322,-0.542244,-0.0987878,0.386547,0.859178,-0.000662349,0.00265909,0.51167,-0.457618,0.58916,0.402478,-0.523094,0.553349,-0.542086,0.00633679,0.523402,1.97437,0.0218614,-0.121564,-0.812198,0.0624801,-0.5233,3.89952,1.62482,0.390449,0.0108501,-1.16152,-0.804966,0.000643856,0.00187979,
253,-0.000528861,-0.0335772,0.373758,-0.0165043,0.0451415,-0.00153782,-0.415629,-0.0541918,0.42063,0.873222,0.00618321,-0.0193993,0.486897,-0.188659,0.684154,0.434616,-0.523237,0.403658,-0.59604,0.00725275,0.52343,2.55888,0.031691,1.27711,-0.650613,-1.23245,-1.16719,6.85918,2.17628,0.869409,-0.00747445,-4.75638,-1.33021,0.0169714,0.000934997,
254,-0.000656233,-0.0379903,0.0955954,-0.217805,0.0171399,-0.00174021,-0.103869,0.036738,0.475989,0.88567,0.00592064,-0.0477441,0.461816,0.213976,0.786711,0.485012,-0.523634,0.0960358,-0.670432,0.00795285,0.523398,2.70814,0.0647584,0.935435,-0.501251,-0.706836,-1.04784,9.22698,1.92598,1.14419,-0.0091934,-7.52644,-1.64078,0.0108203,-0.000465799,
255,-0.00063921,-0.0428488,-0.272914,-0.388237,-0.001157,-0.00196316,0.301635,0.146936,0.536969,0.885891,-0.00621949,-0.0792667,0.457028,0.578884,0.834065,0.530414,-0.524454,-0.283804,-0.737642,0.00686682,0.523383,2.74902,0.0211853,1.29241,-1.13072,-0.69002,1.10788,0.564073,0.0220216,0.0727674,-0.0328403,-7.73841,-1.08798,-0.0578149,-0.000846178,
256,-0.000424303,-0.0468226,-0.486509,-0.373944,0.000265578,-0.0021456,0.546205,0.224129,0.586872,0.872326,-0.0300593,-0.103703,0.476853,0.517102,0.763944,0.52557,-0.526579,-0.560343,-0.763612,0.00417055,0.52334,2.44112,-0.0408164,0.686086,-1.19485,-0.306396,0.494991,-2.26396,-2.80107,-0.103167,-0.0516203,-0.622712,0.0372022,-0.0401032,-0.000502773,
257,-0.00022318,-0.0482632,-0.431305,-0.294419,0.0134636,-0.00221177,0.48111,0.201051,0.60497,0.864811,-0.0545798,-0.122462,0.483865,0.3185,0.5588,0.520752,-0.529565,-0.479684,-0.720836,0.00212805,0.523317,2.18213,-0.060499,0.0259417,-1.19392,-0.146783,0.492611,-5.65091,-5.38437,-0.0909116,-0.0676756,3.58554,1.66097,-0.0433504,-0.000228374,
258,7.9103e-06,-0.0477913,-0.211783,-0.133468,0.044539,-0.00219009,0.232241,0.125963,0.599041,0.862285,-0.0551499,-0.11758,0.489488,-0.0350648,0.489578,0.517518,-0.531769,-0.21673,-0.602662,-7.61725e-05,0.523296,1.80731,0.0415554,-0.324141,0.84593,0.219512,0.116391,-8.4735,0.891411,-0.0182795,-0.0407033,6.89533,3.05842,-0.0450176,0.000162237,
259,0.00020992,-0.0456173,0.159592,0.0865668,0.068959,-0.00209025,-0.175104,0.015954,0.571732,0.864132,-0.0425675,-0.100978,0.491189,-0.486791,0.517184,0.5249,-0.534248,0.161671,-0.505438,-0.00211798,0.52331,1.70142,0.0688101,-0.745757,0.539594,0.498548,-0.094271,-9.58524,0.234847,0.241905,-0.0581666,8.23081,-0.187413,-0.0362783,0.000196877,
260,0.000174352,-0.042349,0.468217,0.129413,0.0563637,-0.00194021,-0.524288,-0.0913328,0.530694,0.878971,-0.0435006,-0.0781246,0.468416,-0.556438,0.54404,0.525117,-0.535382,0.532611,-0.520471,-0.00189516,0.523318,2.27073,-0.0726695,-0.94666,0.345897,1.32153,-1.02848,1.24091,0.8381,-0.0413404,0.00405536,5.51685,-0.252655,0.00968247,0.000214932,
261,0.000191885,-0.0377563,0.465854,0.0758568,0.0445932,-0.00172948,-0.521487,-0.0897514,0.473053,0.886726,-0.0516764,-0.0511806,0.456538,-0.411625,0.608733,0.524006,-0.535264,0.529106,-0.5496,-0.00233987,0.52334,2.6653,0.104046,-1.3794,0.104124,1.03384,-0.394973,4.53601,1.74059,-0.00665128,-0.00114329,-2.50517,-0.906895,-0.0118751,0.000197613,
262,5.15937e-05,-0.0347005,0.299476,-0.0545216,0.0162424,-0.00158933,-0.330801,-0.0255729,0.434719,0.906449,-0.00569549,-0.0274192,0.421385,-0.11585,0.703149,0.523919,-0.527584,0.314082,-0.609268,-0.000684619,0.523366,3.30309,-0.490036,-0.586836,2.87046,-0.823706,-2.46746,7.3536,2.06517,-0.00147888,0.224299,-6.08501,-1.47882,0.0595599,0.00038764,
263,5.95001e-05,-0.0372798,-0.0270811,-0.249271,-0.00780097,-0.00170762,0.0318697,0.0748549,0.467075,0.915465,0.00545654,-0.0388692,0.400478,0.288915,0.779552,0.523039,-0.522004,-0.0270911,-0.67415,-0.000734839,0.523488,4.31878,0.344135,1.71003,-0.853407,-0.664126,0.0632091,8.83752,0.998199,0.00386356,-0.0295533,-7.62873,-1.11983,-0.0400075,-0.00155901,
264,0.000287113,-0.0430953,-0.365944,-0.394496,-0.0144016,-0.00197447,0.407076,0.180072,0.540063,0.91083,-0.0121302,-0.0568555,0.408666,0.592827,0.781825,0.521302,-0.524104,-0.393834,-0.714298,-0.00306669,0.523385,3.90963,0.146405,1.17073,-0.923203,-0.00807524,1.21873,-0.445011,-0.883309,-0.0867432,-0.0563767,-7.05501,-0.501472,-0.0644757,-0.00123383,
265,0.000577822,-0.0465657,-0.490128,-0.363205,-0.00463147,-0.0021338,0.550355,0.227666,0.583644,0.900741,-0.0362518,-0.0629337,0.428242,0.492604,0.666469,0.515034,-0.527349,-0.565963,-0.705701,-0.00571093,0.523338,3.56552,0.161288,0.565121,-0.898595,0.254428,0.56458,-3.29937,-3.70699,-0.159351,-0.07275,0.773044,0.831881,-0.0406488,-0.000361453,
266,0.000802382,-0.0476642,-0.393044,-0.259585,0.0202241,-0.00218425,0.436959,0.188638,0.597444,0.893789,-0.0553451,-0.0647366,0.440327,0.242912,0.484914,0.506598,-0.531376,-0.428377,-0.623346,-0.00774721,0.523316,3.23884,0.187524,0.0477493,-0.0218605,-0.0379494,0.650232,-6.66158,-0.170684,-0.174522,-0.0889289,4.69916,2.456,-0.0445728,-0.000293288,
267,0.000994168,-0.0468464,-0.119063,-0.0750481,0.0540282,-0.00214669,0.130257,0.0997934,0.58717,0.887441,-0.0520237,-0.0623888,0.453706,-0.153367,0.511232,0.50206,-0.536245,-0.119917,-0.50644,-0.00976691,0.523309,2.9556,0.194086,-0.438472,0.094809,0.222304,0.503807,-9.16873,0.408681,-0.010283,-0.107382,7.61523,0.266546,-0.0331738,1.23652e-05,
268,0.00103979,-0.0441798,0.265487,0.131992,0.0537172,-0.00202425,-0.292737,-0.0158773,0.55368,0.884515,-0.0557542,-0.0563908,0.459723,-0.574184,0.521554,0.511564,-0.541843,0.275473,-0.517362,-0.010833,0.523319,3.27826,0.143476,-0.882084,-0.307371,0.204206,-0.701124,-2.35957,0.0742878,0.401716,-0.111191,8.21142,-0.205239,0.018839,0.00039685,
269,0.000820745,-0.0398352,0.487459,0.126095,0.0434857,-0.00182486,-0.546982,-0.0988127,0.49914,0.892673,-0.0662885,-0.0612135,0.441582,-0.532558,0.549406,0.526739,-0.547401,0.561813,-0.530148,-0.00948521,0.523335,3.76162,0.183388,-1.30074,-0.588123,-0.110826,-0.152122,2.0604,1.03281,-0.0303148,-0.111068,0.415834,-0.307387,0.0087139,0.000162722,
270,0.000661107,-0.0360557,0.428815,0.0501247,0.0332415,-0.00165148,-0.479305,-0.0735579,0.451719,0.897942,-0.051698,-0.0327248,0.43584,-0.345798,0.622098,0.524463,-0.547176,0.476244,-0.562871,-0.00844239,0.52335,3.85427,-0.523592,-0.504618,2.68242,-1.27066,-0.623108,5.33876,1.87564,-0.0268824,0.0373958,-3.65856,-0.979738,0.0430852,0.00119358,
271,0.000440971,-0.0344993,0.207605,-0.103295,0.01191,-0.00158011,-0.230448,0.00431671,0.432196,0.907484,0.018431,-0.01864,0.419269,-0.0109723,0.720699,0.523848,-0.541257,0.212258,-0.623606,-0.0058856,0.523384,4.11697,0.0689511,-0.0385158,-0.405759,0.858594,-0.146554,8.0774,2.06047,-0.00444766,0.131158,-6.79713,-1.42089,0.0222529,0.00188226,
272,0.000490157,-0.038625,-0.153358,-0.308495,-0.000392912,-0.00176933,0.169267,0.111416,0.483954,0.906838,0.00511976,-0.0307428,0.420325,0.415451,0.782732,0.523709,-0.535091,-0.1552,-0.675656,-0.00584241,0.523423,4.53397,0.466701,1.66079,-0.248581,-0.718659,0.0979895,9.01236,0.535676,-0.00121584,0.107404,-7.95642,-0.733014,-0.00571464,-0.00091772,
273,0.000652375,-0.0440883,-0.455055,-0.387805,0.00263903,-0.00202005,0.509091,0.212817,0.552531,0.898231,0.00426749,-0.0419764,0.437494,0.569542,0.75196,0.522616,-0.530576,-0.513302,-0.690779,-0.00681086,0.523364,4.09082,0.224655,1.08196,-0.227303,-0.157437,1.19374,-1.13305,-1.74218,-0.0354542,0.0764004,-6.37625,0.118753,-0.0255553,-0.000463603,
274,0.000736952,-0.0471796,-0.4706,-0.339848,0.0190195,-0.00216199,0.527156,0.218711,0.591356,0.891227,0.00171599,-0.0438737,0.451428,0.432293,0.596044,0.52256,-0.527355,-0.536163,-0.646079,-0.00718872,0.523332,3.68598,0.267234,0.476457,-0.100323,0.0618115,0.516681,-4.33748,-4.47467,0.0154526,0.0537484,2.21538,1.65654,-0.00216057,-0.000271662,
275,0.00077603,-0.0481704,-0.315268,-0.21302,0.0535697,-0.0022075,0.348316,0.160774,0.603803,0.884794,0.0111822,-0.0412383,0.464019,0.135487,0.490823,0.524204,-0.525252,-0.332476,-0.524854,-0.00741386,0.523312,3.34084,0.285496,0.0389624,0.974427,-0.261688,0.54504,-7.51091,0.645672,-0.00647865,0.030297,5.90078,3.18311,-0.00608091,-0.000184297,
276,0.000765047,-0.0475708,0.0185872,-0.0135714,0.062119,-0.00217996,-0.0203077,0.0588591,0.59627,0.878743,0.0278599,-0.0306217,0.475496,-0.288161,0.516368,0.523942,-0.52444,0.0185904,-0.508268,-0.00740127,0.523308,3.14865,0.260826,-0.367023,0.793541,0.179964,0.440754,-9.41854,0.249824,-0.00188728,0.00516385,8.12495,-0.442291,0.00436177,-7.08974e-07,
277,0.000615362,-0.0451775,0.380146,0.14483,0.0593187,-0.00207006,-0.422042,-0.0562013,0.56621,0.878131,0.0409434,-0.0207908,0.476212,-0.608446,0.525512,0.523955,-0.5244,0.411768,-0.520877,-0.00626924,0.523319,3.68534,0.166138,-0.861846,0.311187,-0.0038062,-0.999361,0.754554,0.123216,0.00064369,-0.000394661,7.61883,-0.101024,0.0631248,0.00019417,
278,0.000332074,-0.0407971,0.494163,0.103281,0.0503728,-0.00186899,-0.55483,-0.10241,0.511213,0.884921,0.0471986,-0.0218181,0.46283,-0.490212,0.558148,0.523923,-0.524566,0.572284,-0.536034,-0.00374708,0.523331,4.10399,0.319911,-1.33363,0.090105,-0.348873,-0.189266,3.70083,1.1733,-9.68107e-05,-0.00640954,-1.17525,-0.503625,0.0361414,4.56728e-05,
279,0.000159568,-0.0357159,0.382467,-0.00845482,0.0361027,-0.00163589,-0.424765,-0.056171,0.447455,0.890402,0.0157079,-0.0319342,0.453781,-0.219891,0.633523,0.523918,-0.525305,0.414734,-0.57993,-0.00205711,0.523364,3.8291,1.15473,-1.11228,-3.10766,0.953704,-0.596931,7.0884,1.82834,-0.00040779,-0.0247223,-5.09352,-1.2464,0.0290914,0.000247124,
280,-2.80051e-05,-0.0336925,0.0907368,-0.193656,0.00863366,-0.00154311,-0.109089,0.0395431,0.422077,0.904338,-0.00564003,-0.0223761,0.426192,0.189432,0.715981,0.523857,-0.521935,0.0911131,-0.648119,0.000382743,0.523396,4.68513,0.770699,0.889305,0.265311,-1.25735,-1.15861,9.18502,1.1991,-0.0064509,-0.00648783,-7.68585,-1.1914,0.0412165,0.00681719,
281,-0.000114247,-0.040306,-0.286309,-0.390146,-0.00258099,-0.00184646,0.317617,0.152835,0.50505,0.907612,-0.00176811,-0.0379274,0.418089,0.600585,0.721924,0.523534,-0.524115,-0.298975,-0.681026,0.00130488,0.523421,4.46021,0.639316,1.63942,-0.0982145,-0.0148025,0.675343,1.79396,-0.697412,-0.0119154,-0.065536,-8.00798,-0.39325,-0.00704295,-0.00159904,
282,-0.000101333,-0.0456319,-0.493474,-0.376607,0.0060137,-0.00209092,0.554603,0.229067,0.571916,0.899983,-0.00751296,-0.0348157,0.434467,0.531585,0.616414,0.522477,-0.527856,-0.571201,-0.672113,0.00102206,0.523356,4.03578,0.582506,1.03719,-0.0599819,0.331861,0.193402,-2.63984,-3.49836,-0.00798749,-0.0823824,-0.124434,0.738508,0.00946717,-0.000630094,
283,-0.000135595,-0.0487625,-0.425245,-0.293691,0.0270838,-0.0022347,0.474201,0.201027,0.611243,0.89784,-0.00395994,-0.0260563,0.439532,0.313488,0.494287,0.523437,-0.532362,-0.471337,-0.593994,0.00127965,0.523322,3.70708,0.618115,0.575419,0.896231,0.0498263,0.254171,-6.05775,0.374139,0.0476208,-0.098307,3.97983,2.37705,-0.00137509,-0.000342945,
284,-0.00012788,-0.0501541,-0.187848,-0.129582,0.0533695,-0.00229863,0.206162,0.12101,0.628731,0.895405,0.0171568,-0.0114067,0.444776,-0.0591796,0.516081,0.523936,-0.537744,-0.191269,-0.494815,0.00117328,0.523306,3.40349,0.633867,0.159374,0.961505,0.426675,0.150469,-8.82634,0.245025,-0.00459498,-0.118747,7.19768,-0.229101,-0.000738955,-0.00012475,
285,-0.000120982,-0.0499744,0.193623,0.0903055,0.0492696,-0.00229038,-0.212563,0.00765468,0.626471,0.893564,0.0343495,0.00920135,0.447525,-0.52382,0.522158,0.523901,-0.543999,0.197377,-0.516005,0.00111399,0.523302,3.43998,0.658157,-0.26101,0.953129,0.362172,-0.177571,-8.17436,0.0428646,0.000788894,-0.12884,8.34279,-0.262774,0.00708123,0.000139049,
286,-0.000330338,-0.0478394,0.480152,0.111124,0.0368446,-0.0021923,-0.53821,-0.0946688,0.599645,0.90487,0.0441681,0.021426,0.422847,-0.553929,0.540712,0.523896,-0.550298,0.55058,-0.527287,0.00317779,0.523308,4.08444,0.592004,-0.799426,0.395456,0.0653927,-0.766946,1.48694,0.696986,-0.0015693,-0.126225,2.65736,-0.189373,0.0291586,5.4076e-05,
287,-0.000389447,-0.0436425,0.452627,0.0492728,0.0255,-0.00199959,-0.505816,-0.0824353,0.546933,0.910146,0.0507062,0.0233135,0.410512,-0.394583,0.595132,0.52383,-0.556652,0.509795,-0.55394,0.00410748,0.523316,4.41908,0.675363,-1.30585,0.161019,-0.173657,-0.488082,4.86489,1.47191,-0.000469117,-0.128651,-2.91452,-0.870128,0.0147683,6.71577e-05,
288,-0.000379607,-0.0380563,0.265891,-0.0843722,0.00665901,-0.00174324,-0.293399,-0.0136923,0.476817,0.916154,0.0372397,0.0205658,0.398563,-0.0749466,0.675451,0.523789,-0.563285,0.275924,-0.611895,0.00459244,0.523342,4.484,1.37059,-1.27548,-2.13553,0.833854,-0.608709,7.89688,1.72602,-0.000675412,-0.1404,-6.39998,-1.44899,-0.000249443,0.000554342,
289,-0.000340667,-0.0350047,-0.08747,-0.272407,-0.0141426,-0.00160328,0.0945826,0.0930454,0.438534,0.922829,0.0031102,0.00978205,0.385072,0.356442,0.735058,0.523665,-0.570699,-0.0878069,-0.675402,0.00448113,0.523385,5.1169,1.06254,0.913836,-0.330554,-0.344876,-0.626682,9.25707,0.308994,-0.00212938,-0.178217,-8.06307,-0.717195,-0.00338272,0.000731187,
290,-0.000265962,-0.0381529,-0.420254,-0.37595,-0.0168052,-0.00174767,0.468089,0.200773,0.478029,0.921452,0.0112192,0.00960409,0.388212,0.57985,0.697397,0.5201,-0.580306,-0.464527,-0.691334,0.00320942,0.523372,4.59634,0.797949,0.540205,0.548388,0.10272,0.911504,-1.03662,-1.75143,-0.1425,-0.201875,-7.0186,0.0372473,-0.044806,-5.93338e-05,
291,-0.000139115,-0.0391805,-0.479662,-0.326347,-0.00363074,-0.00179482,0.537655,0.224308,0.490924,0.916919,0.0243315,0.0207036,0.397793,0.453622,0.543164,0.511118,-0.590597,-0.549834,-0.652776,0.00163463,0.523359,4.18795,0.87588,-0.0206217,0.68117,0.301125,0.236449,-3.9919,-4.39817,-0.226907,-0.209079,1.56257,1.49228,-0.0272542,-7.75245e-05,
292,8.05454e-06,-0.0384335,-0.351567,-0.200101,0.0264379,-0.00176055,0.388403,0.175153,0.481551,0.912667,0.0561213,0.0358784,0.40324,0.171975,0.507531,0.499759,-0.601293,-0.37603,-0.538439,-9.64849e-05,0.523351,3.67649,0.933016,-0.21391,1.18347,-0.467826,0.272215,-7.25227,0.419143,-0.227386,-0.212307,5.35895,3.06577,-0.0367625,0.000632789,
293,0.000134215,-0.0379164,-0.0438273,-0.00303291,0.0341915,-0.00173683,0.0486062,0.0794118,0.475062,0.910968,0.0656209,0.013726,0.406992,-0.245995,0.520269,0.493701,-0.611665,-0.0438695,-0.51272,-0.00162971,0.523363,2.98231,1.01021,-0.226738,-0.527629,-0.0885408,-0.488084,-9.42561,0.106374,0.00261944,-0.220159,7.82525,-0.28286,-0.00556862,-0.000487584,
294,-4.1763e-05,-0.0367059,0.322842,0.159115,0.015146,-0.0016813,-0.356958,-0.0317894,0.459875,0.930769,0.0223417,0.0283186,0.363825,-0.582795,0.523985,0.502018,-0.623232,0.34141,-0.52145,0.000523858,0.523365,3.25859,1.05671,-0.59473,-1.69059,1.20128,-3.06254,0.0444747,0.0542647,0.308254,-0.224968,7.71044,-0.0746767,0.0812435,0.00025801,
295,-0.000300016,-0.0345475,0.496474,0.12886,-0.0107437,-0.00158231,-0.557917,-0.0985563,0.4328,0.952649,-0.00182005,0.0231394,0.303185,-0.503243,0.556088,0.518934,-0.634178,0.575931,-0.530172,0.0039987,0.523385,3.03066,0.092997,-0.0648003,1.14618,-2.58064,-1.48818,2.72544,1.23117,0.349692,-0.20977,-0.420671,-0.257123,0.0420944,0.000377531,
296,-0.000426666,-0.0344152,0.413298,0.0245717,-0.0287414,-0.00157625,-0.460747,-0.0628198,0.43114,0.96082,0.0265414,-0.00135106,0.275897,-0.280892,0.638874,0.525039,-0.640504,0.455133,-0.560078,0.00570861,0.523378,3.26192,0.322108,0.177051,-0.630211,0.536196,-0.355022,6.13306,2.06005,-0.0519266,-0.0284183,-4.30102,-0.905889,0.0124328,0.000676043,
297,-0.000473529,-0.0349644,0.161,-0.152524,-0.0457382,-0.00160143,-0.177458,0.0228208,0.438029,0.963762,0.0126134,-0.00519505,0.266414,0.0915082,0.742326,0.517164,-0.640948,0.163136,-0.614438,0.00623599,0.523394,3.82256,-0.0586851,0.681936,1.03382,-0.524016,-1.2082,8.60895,2.0022,-0.243199,0.142426,-7.30395,-1.23301,0.0331898,0.000763818,
298,-0.000569682,-0.038834,-0.213092,-0.360064,-0.0626304,-0.00177892,0.235266,0.133894,0.486576,0.966799,0.00270238,-0.0290184,0.25387,0.536554,0.806274,0.495368,-0.633817,-0.218134,-0.663463,0.00675373,0.523405,4.18128,-0.0701694,0.863244,-0.589995,-0.892209,-0.135102,7.63559,0.636579,-0.602601,0.131531,-8.0716,-0.835062,-0.00316852,-0.000975528,
299,-0.000509797,-0.0410863,-0.48274,-0.373303,-0.0608997,-0.00188226,0.541696,0.228767,0.514843,0.962276,-0.0094305,-0.0440763,0.268317,0.553798,0.771261,0.453533,-0.62823,-0.554538,-0.679547,0.00571194,0.52336,3.62489,-0.0947323,0.275284,-0.592149,-0.241995,0.28881,-1.67554,-2.01281,-1.03223,0.0982447,-2.41468,0.183026,-0.0109294,-0.000461367,
300,-0.000476091,-0.0411563,-0.451284,-0.302396,-0.0472799,-0.00188547,0.504137,0.215721,0.515721,0.961518,-0.0187531,-0.0365973,0.271647,0.384386,0.604753,0.392617,-0.621962,-0.507864,-0.629141,0.00532521,0.523334,3.27657,0.00119598,-0.246197,-0.0327273,0.867134,0.212851,-5.07243,-4.62842,-1.40803,0.142607,3.01967,1.82242,-0.0100175,3.08249e-05,
301,-0.000382081,-0.039308,-0.259873,-0.149154,-0.0155006,-0.00180067,0.285816,0.148091,0.492525,0.960336,-0.0128382,-0.0162852,0.278074,0.0552833,0.483098,0.315613,-0.615522,-0.269212,-0.509373,0.00447495,0.523338,2.95431,0.145212,-0.618691,0.919565,0.638646,0.267976,-8.0702,0.792782,-1.66915,0.113094,6.49802,1.18918,-0.0215821,8.997e-05,
302,-0.000269382,-0.0360818,0.0992193,0.0688564,-0.0146861,-0.00165268,-0.108789,0.0410273,0.452045,0.959009,0.00230385,0.00853405,0.283239,-0.385621,0.514887,0.231458,-0.610466,0.0997119,-0.514323,0.00343753,0.523351,2.8426,0.209348,-1.01728,0.852425,0.819306,0.165421,-9.55266,0.312794,-1.69644,0.0908955,8.24459,-0.286494,-0.0206732,0.000189748,
303,-0.000266893,-0.0318678,0.433932,0.164999,-0.0224464,-0.00145945,-0.482888,-0.070858,0.399193,0.963323,-0.00353525,0.0064333,0.268245,-0.563302,0.542735,0.146854,-0.605387,0.48333,-0.522041,0.0038567,0.523373,2.37977,0.072775,-0.79708,-1.67924,-1.06995,-1.02323,0.854903,0.807207,-1.68296,0.160452,7.11173,-0.0587703,0.0255106,-0.000911374,
304,-0.000278528,-0.032016,0.484053,0.110758,-0.0266489,-0.00146625,-0.54385,-0.0921337,0.401052,0.963666,0.0151865,0.00178188,0.266671,-0.447639,0.610102,0.0624778,-0.587498,0.556555,-0.536718,0.00400616,0.523376,1.94082,-0.0568996,0.383877,-0.57086,-0.338272,-0.0510853,3.81458,1.90451,-1.71662,0.400041,-1.95945,-0.542635,0.000348107,0.00104237,
305,-0.000301342,-0.03404,0.341711,-0.0234426,-0.038608,-0.00155904,-0.378386,-0.0359193,0.426434,0.964692,0.00847979,-0.0213646,0.262376,-0.177103,0.721064,-0.0247665,-0.565835,0.364014,-0.578778,0.00407632,0.523404,2.45899,-0.305409,0.838395,-0.147362,-0.812876,0.12573,6.93521,2.50326,-1.74552,0.521643,-5.67125,-1.10967,-0.0072057,0.000314108,
306,-0.000253367,-0.0379668,0.0231456,-0.220305,-0.0485924,-0.00173914,-0.0252111,0.0635037,0.475694,0.960621,-0.000535574,-0.0529416,0.272771,0.219672,0.836192,-0.11683,-0.538486,0.0231518,-0.636315,0.00307244,0.523411,3.27894,-0.391064,1.65158,-0.464666,-1.16191,0.602966,8.81253,2.0616,-1.93017,0.674113,-7.8473,-1.13384,-0.0295768,-5.38454e-05,
307,-0.000116359,-0.0435725,-0.342206,-0.385026,-0.0511627,-0.00199637,0.379467,0.174759,0.546055,0.952756,-0.0044607,-0.0793488,0.293154,0.566091,0.895563,-0.220291,-0.51944,-0.364614,-0.679522,0.0012292,0.523368,2.9133,-0.445722,1.12638,-0.308375,-0.58618,1.62276,0.745724,0.334195,-2.22617,-0.0581753,-7.67312,-0.604259,-0.0547402,-0.00072857,
308,9.45663e-05,-0.0468367,-0.487546,-0.370659,-0.0386062,-0.00214625,0.547198,0.229401,0.587048,0.941785,-0.0110293,-0.0905448,0.323605,0.508964,0.841348,-0.337813,-0.523718,-0.561948,-0.67696,-0.00092923,0.523333,2.54329,-0.355216,0.509698,-0.232681,-0.244755,0.833739,-2.41226,-2.47853,-2.46638,-0.0955364,0.564097,0.693781,-0.0287179,-0.000272928,
309,0.000231867,-0.0476272,-0.398235,-0.285773,-0.0129977,-0.00218255,0.442822,0.193445,0.59698,0.934796,-0.0170918,-0.0954374,0.341695,0.302833,0.652516,-0.465187,-0.528825,-0.435154,-0.601154,-0.00224047,0.523316,2.26563,-0.305959,-0.119956,-0.212163,-0.0158815,0.762473,-5.80257,-5.05487,-2.62814,-0.108884,4.47457,2.32616,-0.0242696,-0.000201439,
310,0.000329043,-0.0461689,-0.135121,-0.120566,0.0166159,-0.00211558,0.147916,0.107615,0.578661,0.929587,-0.0174176,-0.0965639,0.355303,-0.0518971,0.48936,-0.540571,-0.534768,-0.136375,-0.501767,-0.00328012,0.52331,1.99725,-0.136128,-0.536628,0.297029,-0.133449,0.286635,-8.36484,0.404325,0.239868,-0.130684,7.45626,-0.0611083,-0.0150211,-5.89387e-06,
311,0.00036463,-0.0431004,0.246407,0.0933758,0.0152442,-0.0019747,-0.271084,-0.00654905,0.540127,0.927295,-0.00989413,-0.0966056,0.361515,-0.484478,0.515158,-0.522542,-0.541551,0.254317,-0.517344,-0.0038942,0.523318,1.99793,-0.11855,-1.01367,0.302569,-0.129593,0.19192,-8.93312,0.297164,0.418369,-0.13997,8.16443,-0.212597,-0.00976781,0.000117583,
312,0.000255233,-0.0390115,0.495013,0.137469,0.00883445,-0.00178706,-0.556365,-0.0993539,0.488804,0.932424,0.0116893,-0.0806032,0.352068,-0.551481,0.546671,-0.497235,-0.545714,0.573623,-0.52843,-0.00301206,0.523325,2.59814,-0.322842,-1.11957,1.3908,0.453301,-0.0512289,1.25623,0.96195,0.553502,-0.049311,1.28035,-0.233942,0.00246673,0.000562788,
313,0.000249671,-0.0343821,0.443347,0.0813347,0.00357627,-0.00157473,-0.495238,-0.076974,0.430725,0.932197,0.0221866,-0.0553534,0.357005,-0.400762,0.618566,-0.468687,-0.547709,0.496543,-0.557868,-0.00334371,0.52336,2.70211,0.465829,-0.612533,-0.759823,2.65436,0.470675,4.73146,1.88919,0.571291,0.0479574,-3.48044,-0.901711,-0.0288767,0.000316761,
314,0.000356007,-0.0332359,0.235158,-0.0603957,-0.00556067,-0.00152217,-0.268466,-0.00275968,0.41635,0.929775,0.00161405,-0.012945,0.367898,-0.0936601,0.723811,-0.440239,-0.54046,0.241997,-0.612734,-0.00493244,0.523442,3.43758,0.236757,0.449801,-0.274383,-2.09906,-0.291971,7.40289,2.24464,0.610935,0.169228,-6.65126,-1.24297,-0.00972318,0.00738601,
315,0.000489631,-0.0391771,-0.120366,-0.260744,-0.0177066,-0.00179466,0.134368,0.10315,0.490882,0.928412,-0.00373729,-0.0588372,0.366846,0.302148,0.813035,-0.411943,-0.525068,-0.121249,-0.66076,-0.00575378,0.523453,4.03392,0.341457,1.8798,-0.924818,-1.14035,0.12658,8.52515,1.37962,0.525644,0.351979,-7.99936,-0.78102,-0.0183715,-0.00185233,
316,0.000678664,-0.0456605,-0.436853,-0.399032,-0.0192879,-0.00209224,0.488307,0.207304,0.572275,0.923024,-0.0165133,-0.0865583,0.374516,0.587069,0.831909,-0.390135,-0.522341,-0.487405,-0.679533,-0.00684087,0.523365,3.63494,0.191742,1.33934,-0.84848,-0.430252,1.02844,-0.41184,-0.601635,0.332251,-0.0394699,-6.66557,0.0178104,-0.0333752,-0.000891917,
317,0.000817409,-0.0496963,-0.482245,-0.367305,-0.0061076,-0.0022776,0.540936,0.225438,0.622978,0.917392,-0.0332094,-0.0992594,0.383974,0.481687,0.729537,-0.37672,-0.524866,-0.55378,-0.640753,-0.00756882,0.523324,3.24013,0.261938,0.696372,-0.759516,-0.125746,0.23552,-3.65398,-3.47075,0.196931,-0.059149,1.95364,1.51992,-0.00475524,-0.000292661,
318,0.000852923,-0.0511754,-0.338711,-0.258119,0.0233747,-0.00234556,0.374892,0.170829,0.641567,0.914364,-0.0494553,-0.107392,0.387245,0.216157,0.508433,-0.368286,-0.528257,-0.360387,-0.525327,-0.00766883,0.523302,2.92176,0.30975,0.073453,-0.395844,-0.210517,0.220878,-6.93871,-2.8646,0.142447,-0.0792639,5.75066,3.09002,-0.00227926,-0.000240503,
319,0.000835948,-0.0507169,-0.0117323,-0.0729034,0.0286256,-0.0023245,0.0128874,0.0701477,0.635804,0.912264,-0.0546411,-0.111401,0.390356,-0.183754,0.50696,-0.357076,-0.532837,-0.0117331,-0.508824,-0.00758432,0.523294,2.67557,0.354735,-0.369211,-0.184497,0.00261894,0.0997863,-9.04085,0.497888,0.304957,-0.100703,8.17587,-0.424008,0.0058789,-4.69311e-05,
320,0.000725358,-0.0486475,0.36282,0.121755,0.0247285,-0.00222942,-0.40247,-0.0471568,0.609798,0.91465,-0.0500214,-0.101972,0.387962,-0.582052,0.520698,-0.336881,-0.536486,0.389936,-0.520935,-0.00686164,0.523288,2.94426,0.292022,-0.60198,0.732061,0.575802,-1.0393,-1.96288,0.10712,0.520331,-0.0367303,7.90896,-0.0971881,0.048509,0.000380408,
321,0.000464366,-0.0455502,0.490315,0.104244,0.0143571,-0.00208717,-0.549925,-0.0978252,0.57089,0.924042,-0.0389582,-0.0888975,0.369764,-0.523971,0.548343,-0.307136,-0.53834,0.566255,-0.534203,-0.00469212,0.523312,3.44668,0.334617,-0.929854,0.724757,0.359563,-0.43473,2.65467,0.991918,0.661926,-0.0217064,-0.894623,-0.430678,0.0296528,-0.00027653,
322,0.000291273,-0.0412603,0.388955,0.0146911,0.00148148,-0.00189025,-0.432275,-0.0557125,0.517027,0.930033,-0.0180005,-0.0658254,0.361083,-0.305675,0.615885,-0.272291,-0.538114,0.423077,-0.572982,-0.00324973,0.52332,3.72594,0.372834,-1.30836,1.03074,0.505658,-0.406827,6.05313,1.7029,0.73339,0.0022336,-4.80562,-1.11752,0.0274118,0.000304094,
323,0.000161251,-0.0353457,0.110151,-0.139145,-0.0163709,-0.00161892,-0.122758,0.0359463,0.442812,0.933979,0.00326598,-0.035048,0.355591,0.0601359,0.70145,-0.236495,-0.53665,0.110827,-0.637245,-0.0021006,0.523338,4.15387,0.574132,-1.4322,-0.169968,1.75067,0.791921,8.54319,1.69962,0.669174,0.0611234,-7.55643,-1.40366,-0.00966767,0.00156675,
324,0.000140389,-0.037525,-0.257283,-0.332562,-0.0237805,-0.00171887,0.285556,0.145369,0.470151,0.933864,-0.00234249,-0.0117402,0.357427,0.479362,0.731649,-0.205308,-0.528023,-0.266334,-0.670516,-0.00172249,0.523451,5.07683,0.533127,1.12736,0.620618,0.582275,-0.286115,8.44853,-0.159381,0.564183,0.192988,-7.71681,-0.284246,0.0160156,-0.00186496,
325,0.000137893,-0.0408008,-0.489026,-0.380129,-0.0177707,-0.00186916,0.549433,0.229286,0.51126,0.93094,0.00475659,0.015242,0.364822,0.57248,0.662817,-0.183398,-0.522571,-0.564247,-0.657778,-0.00155583,0.523371,4.45347,0.425091,0.531293,0.76507,1.11448,0.142639,-1.75123,-2.56986,0.343339,-0.0119981,-1.27197,0.783647,0.0107735,-0.00074077,
326,8.36422e-05,-0.0418591,-0.441312,-0.310553,0.00219315,-0.00191773,0.492787,0.209495,0.524544,0.929257,0.014523,0.0499035,0.365759,0.398686,0.49479,-0.169713,-0.523807,-0.493668,-0.577567,-0.000919823,0.523346,4.1145,0.489819,0.0590559,1.33666,0.946457,0.0966137,-5.17332,-1.07998,0.204057,-0.036971,3.4329,2.41797,0.00813494,-0.000247685,
327,4.76716e-05,-0.042717,-0.230073,-0.16459,0.0194415,-0.0019571,0.252143,0.13639,0.535313,0.928226,0.030116,0.062529,0.365486,0.0659302,0.510239,-0.159319,-0.525722,-0.236464,-0.506531,-0.000513704,0.523376,2.79386,0.591186,0.680662,-0.907791,-1.1224,-0.044952,-8.12278,0.417563,0.209367,-0.0264865,6.83736,-0.268719,0.0107845,0.000448239,
328,-4.19399e-06,-0.0442626,0.141479,0.0366657,0.015601,-0.00202805,-0.154206,0.026326,0.55472,0.930824,0.0191093,0.0294906,0.363773,-0.37208,0.521118,-0.145469,-0.527379,0.142921,-0.519505,4.36128e-05,0.523346,2.69252,0.659132,0.0907088,-0.845801,-1.04776,-0.141421,-9.38635,0.0805219,0.34407,-0.0396271,8.32524,-0.137568,0.0115606,-0.000482294,
329,-0.000165071,-0.043406,0.460889,0.14109,0.0077042,-0.00198873,-0.515299,-0.083879,0.543964,0.938282,0.00686051,-0.0058257,0.345754,-0.588575,0.531611,-0.124956,-0.52939,0.521798,-0.52293,0.0017505,0.523337,3.20866,0.438108,-0.506351,-1.07051,-1.28148,-1.44477,1.30937,0.340899,0.475565,-0.0407051,6.84419,-0.0240909,0.0592289,-0.000128948,
330,-0.000295451,-0.0404499,0.473537,0.0816864,-0.00351486,-0.00185306,-0.530336,-0.0889644,0.506855,0.943363,-0.00623577,-0.0528698,0.327462,-0.441956,0.574238,-0.101141,-0.531362,0.540565,-0.539517,0.0033625,0.52334,3.70034,0.498719,-0.957889,-1.21077,-1.78996,-0.564172,4.54193,1.3522,0.490535,-0.0410454,-2.43485,-0.632464,0.0243839,1.49733e-06,
331,-0.000364148,-0.0373267,0.310233,-0.0536291,-0.0204487,-0.00170977,-0.34354,-0.0261475,0.467663,0.948556,0.0135319,-0.0443065,0.313203,-0.13524,0.654842,-0.078305,-0.52572,0.326578,-0.58596,0.00449165,0.523316,3.78485,0.561096,-0.870489,1.67109,0.90122,-0.666745,7.7116,1.87126,0.427292,0.176821,-6.10711,-1.22817,0.018901,0.000880452,
332,-0.000283606,-0.0347739,-0.0263559,-0.244343,-0.030426,-0.0015927,0.0242924,0.0768662,0.435639,0.945983,-0.00169524,-0.0159192,0.323821,0.294547,0.731432,-0.062848,-0.522618,-0.026365,-0.643825,0.00375534,0.523413,4.82938,0.619681,0.817187,-0.919417,0.132805,0.0187875,9.26668,0.813351,0.24724,-0.0294422,-7.95589,-0.719665,-0.00659376,0.00308113,
333,-0.00025426,-0.0386549,-0.37835,-0.388143,-0.032745,-0.00177071,0.420996,0.186886,0.484329,0.944543,0.0045743,-0.0237271,0.327497,0.606614,0.718993,-0.0563705,-0.525042,-0.40948,-0.659211,0.0030283,0.523393,4.40089,0.391192,0.787307,0.863595,-0.247814,1.24209,-0.747437,-1.18661,-0.0246019,-0.0666811,-7.40542,-0.0017315,-0.0446194,-0.00103308,
334,-0.000119984,-0.0405932,-0.491217,-0.345537,-0.016207,-0.00185964,0.551493,0.230637,0.508654,0.936755,0.0267059,-0.0192194,0.348435,0.489827,0.590048,-0.0629377,-0.528754,-0.567663,-0.625099,0.0013607,0.523358,3.99956,0.489352,0.192937,0.954728,-0.00735376,0.500684,-3.66512,-3.94914,-0.235416,-0.0817044,1.05106,1.35375,-0.0235933,-0.000209632,
335,3.90342e-06,-0.0404533,-0.383763,-0.228885,0.015207,-0.00185322,0.426115,0.18786,0.506898,0.930679,0.0587635,-0.0111935,0.360913,0.222153,0.484788,-0.0772585,-0.533316,-0.416393,-0.51653,-4.44207e-05,0.523346,3.66245,0.586873,-0.222374,1.79947,-0.279308,0.503829,-7.01625,0.780695,-0.335341,-0.102426,4.96767,2.40354,-0.0322429,-0.000133987,
336,8.0805e-07,-0.039734,-0.101366,-0.0358507,0.0131846,-0.00182021,0.111144,0.0977947,0.497871,0.93195,0.0787893,0.0319837,0.352475,-0.188862,0.515135,-0.0895346,-0.539552,-0.101892,-0.511277,-9.3623e-06,0.523327,2.9606,0.985837,0.0714948,0.786116,3.82473,-2.4039,-9.38775,0.294169,-0.123702,-0.158093,7.47922,-0.360071,0.0627835,-0.000191379,
337,-0.00046912,-0.0424158,0.273072,0.155542,-0.00897095,-0.00194328,-0.300832,-0.0134589,0.531532,0.951553,0.0226287,0.0520887,0.302194,-0.613137,0.523157,-0.093089,-0.545626,0.283982,-0.521327,0.00509115,0.523364,2.16897,1.07034,0.49987,-2.47123,1.02268,-3.34715,-1.68849,0.0347018,0.00668293,-0.111167,7.96226,-0.0790732,0.137807,0.000109573,
338,-0.00111745,-0.0433293,0.486215,0.115909,-0.0417709,-0.00198521,-0.545166,-0.0925004,0.543001,0.971941,-0.0488022,0.0592616,0.222345,-0.534058,0.553336,-0.0943852,-0.551026,0.559888,-0.527529,0.0118711,0.523349,2.6644,0.967422,-0.0382312,-2.45533,0.906809,-2.88773,2.80951,1.1643,-0.0742798,-0.104641,0.404906,-0.167984,0.108686,-0.000167247,
339,-0.00165007,-0.0450924,0.427689,0.00452331,-0.0674802,-0.00206615,-0.47632,-0.066919,0.565141,0.982819,-0.0666879,0.0128619,0.171621,-0.309789,0.634286,-0.107431,-0.556558,0.474692,-0.551415,0.0168425,0.523349,2.15403,0.15064,0.387313,-0.748551,-2.22563,-1.99695,6.15051,2.01787,-0.415926,-0.111515,-3.66297,-0.798395,0.0919575,-0.0002909,
340,-0.00209267,-0.0458931,0.204754,-0.175313,-0.0964567,-0.00210291,-0.223312,0.0110329,0.575196,0.986998,-0.0806951,-0.0510804,0.12928,0.0680299,0.733052,-0.140042,-0.562147,0.209212,-0.60212,0.0209868,0.523334,2.33246,-0.0114547,0.124704,-0.825631,-1.82443,-1.44105,8.92821,1.92813,-0.851533,-0.0900828,-6.93617,-1.22573,0.067816,-0.000985564,
341,-0.00233707,-0.0469775,-0.168458,-0.382403,-0.114077,-0.00215271,0.18382,0.121889,0.588817,0.988982,-0.0685258,-0.0523621,0.120322,0.536887,0.793638,-0.191871,-0.562916,-0.17091,-0.659876,0.0228957,0.523313,2.33445,-0.414576,0.202406,1.08855,-0.699272,-0.5554,8.09122,0.502918,-1.32539,-0.00807258,-8.23382,-1.06564,0.0342953,0.000546481,
342,-0.00234683,-0.0464244,-0.473254,-0.389023,-0.117794,-0.00212731,0.530044,0.226636,0.581869,0.989149,-0.0412787,-0.0561827,0.129321,0.556981,0.748007,-0.279033,-0.56396,-0.540139,-0.689522,0.0232658,0.523313,1.8144,-0.418892,-0.456098,1.05352,-0.164819,0.272336,-1.61972,-2.30347,-2.12139,-0.030056,-5.4303,-0.126338,0.00203076,-4.15774e-05,
343,-0.00221211,-0.0432806,-0.466211,-0.312028,-0.110549,-0.00198297,0.521634,0.223812,0.542389,0.99054,-0.0121645,-0.0533251,0.125853,0.39265,0.5644,-0.403207,-0.566039,-0.529635,-0.654305,0.0235265,0.523312,1.47935,-0.112093,-1.09765,1.1584,0.092601,-0.22062,-4.93229,-5.02173,-2.85425,-0.0496545,2.66057,1.52254,-0.00446453,5.91044e-05,
344,-0.00191705,-0.0383634,-0.293015,-0.152121,-0.0859517,-0.00175733,0.323271,0.161061,0.480671,0.992085,0.0275597,-0.039678,0.115901,0.0679848,0.494532,-0.544294,-0.569393,-0.306644,-0.537666,0.0230064,0.523316,1.20167,0.476424,-1.21911,1.84305,1.60013,-1.62807,-8.01166,0.735369,-0.781683,-0.0906141,6.17973,3.16296,0.00965869,-0.000179015,
345,-0.00198294,-0.0343311,0.0494312,0.0697334,-0.0994775,-0.00157239,-0.0516173,0.0584414,0.430085,0.996557,0.0485079,0.0151284,0.0655163,-0.375813,0.517924,-0.532917,-0.574109,0.0494917,-0.51223,0.0265961,0.523293,0.803648,1.54372,-0.463921,-1.23303,0.439433,-1.82169,-9.7557,0.203295,0.304505,-0.0734479,7.99507,-0.301423,0.242527,-0.00164726,
346,-0.00284561,-0.0317803,0.394625,0.181881,-0.122959,-0.00145544,-0.440039,-0.0527558,0.398096,0.999933,0.000237179,0.00231954,0.0113265,-0.59943,0.540833,-0.525224,-0.577182,0.430436,-0.521444,0.0412334,0.523339,1.00944,1.2855,-0.902228,-2.22395,-0.963075,-2.75368,1.5856,0.709571,0.0550914,-0.0551023,7.25504,-0.0776844,0.329462,0.00136191,
347,-0.00379046,-0.0315359,0.480519,0.119388,-0.137256,-0.00144424,-0.540084,-0.0879438,0.395032,0.999685,0.0164598,-0.00515622,-0.0182284,-0.462886,0.602884,-0.524116,-0.572363,0.55114,-0.532572,0.0553507,0.523389,0.972485,-0.0701431,0.215438,-0.0201469,0.0558173,-0.20458,4.00472,1.82147,-0.0225502,0.157642,-1.09135,-0.316174,0.247031,0.00144079,
348,-0.0047433,-0.0330747,0.375432,-0.016597,-0.142925,-0.00151478,-0.415117,-0.0455892,0.414328,0.999418,-0.00387838,-0.0301499,-0.0154909,-0.185116,0.710647,-0.524203,-0.561896,0.405776,-0.56017,0.066039,0.523422,1.54099,-0.486327,0.780159,0.0915918,-0.962731,0.588245,7.07321,2.49066,0.00509855,0.342497,-4.70636,-0.786533,0.174891,-0.00106964,
349,-0.00584679,-0.0370641,0.1048,-0.219632,-0.140837,-0.00169773,-0.114051,0.0422301,0.464369,0.99812,-0.0137367,-0.0573774,0.0166093,0.224197,0.826232,-0.524176,-0.542529,0.105381,-0.603101,0.0726307,0.523408,1.97048,-0.733835,0.905731,-0.666367,-1.13922,1.72221,9.35445,2.16571,-0.000786779,0.383726,-7.35063,-0.975133,0.095615,-0.000401855,
350,-0.00722692,-0.0432249,-0.259027,-0.393038,-0.135419,-0.00198042,0.286445,0.150176,0.541691,0.993216,-0.0407897,-0.0977338,0.0480176,0.588322,0.88195,-0.524186,-0.524203,-0.268271,-0.63129,0.076961,0.523396,1.99418,-1.06185,1.95902,-1.13321,-1.1604,1.8753,0.332873,0.109443,-0.00110744,0.342156,-7.63283,-0.207502,0.0512348,-0.00108075,
351,-0.00849805,-0.0499048,-0.487586,-0.382496,-0.114597,-0.00228718,0.547648,0.232484,0.625598,0.985988,-0.0735514,-0.119465,0.0902507,0.517576,0.815238,-0.524165,-0.522205,-0.562011,-0.613784,0.0783603,0.52334,1.74849,-0.869406,1.36138,-1.16737,-0.677556,1.21028,-2.38864,-2.75243,0.000835775,-0.0523499,-1.27635,0.89635,0.01685,-0.000664963,
352,-0.00912692,-0.0539711,-0.440994,-0.30836,-0.0843176,-0.00247406,0.49253,0.212841,0.676715,0.978854,-0.103833,-0.134597,0.113784,0.312725,0.610939,-0.524118,-0.525229,-0.49322,-0.527583,0.0778022,0.523304,1.54547,-0.686212,0.673686,-1.16401,-0.513196,1.00471,-5.77687,-5.39866,0.000177753,-0.0678576,3.38984,2.53859,-0.0417559,-0.000350818,
353,-0.00901023,-0.0559265,-0.231449,-0.152319,-0.0728407,-0.00256398,0.254301,0.140206,0.701309,0.975362,-0.111876,-0.135514,0.133371,-0.0488088,0.473986,-0.524041,-0.527199,-0.237959,-0.512018,0.0741138,0.523278,1.27366,-0.390767,0.257306,0.262373,-0.246801,0.768032,-8.66435,1.01138,0.000924626,-0.0500985,6.7856,-0.320496,-0.108489,-1.1314e-05,
354,-0.00817081,-0.055897,0.137981,0.0668082,-0.0677024,-0.00256262,-0.151007,0.0304604,0.700938,0.972903,-0.106328,-0.137731,0.152262,-0.513513,0.51316,-0.523994,-0.530162,0.139317,-0.521281,0.0672445,0.523273,1.22622,-0.336065,-0.264654,0.307981,-0.180375,0.64909,-9.91217,0.379219,0.000373162,-0.067762,8.29202,-0.074906,-0.165363,-2.99207e-05,
355,-0.00707607,-0.0544365,0.458051,0.0960771,-0.0715746,-0.00249546,-0.511357,-0.0800775,0.682568,0.973958,-0.100642,-0.14377,0.143553,-0.565903,0.543808,-0.523941,-0.533307,0.517653,-0.523164,0.0598019,0.523272,1.43958,-0.87338,-0.409443,0.728336,0.30919,-0.320526,1.63371,0.8414,0.00112923,-0.0343023,6.83098,-0.0124744,-0.17144,-0.000691621,
356,-0.00556187,-0.0523612,0.472968,0.0261616,-0.070495,-0.00240006,-0.52986,-0.0864401,0.656473,0.974669,-0.084627,-0.136316,0.155807,-0.403963,0.602607,-0.52398,-0.534625,0.539709,-0.538396,0.048873,0.523281,1.91067,-0.984607,-0.709153,0.668577,0.0335181,0.59734,4.83149,1.50227,-0.000308377,-0.0296286,-2.34704,-0.593486,-0.246516,0.000187454,
357,-0.00380606,-0.0490084,0.312553,-0.115193,-0.0751372,-0.002246,-0.345334,-0.0249908,0.614333,0.975203,-0.0605036,-0.125812,0.171725,-0.0823407,0.680647,-0.523986,-0.534748,0.329291,-0.582923,0.0357384,0.523286,2.20938,-0.961944,-1.03363,1.21067,0.229664,0.537089,8.00878,1.61496,0.000244557,0.00529443,-6.04411,-1.18465,-0.280438,0.000245705,
358,-0.00202082,-0.0439378,-0.0282905,-0.302162,-0.0835021,-0.00201314,0.0307168,0.0795447,0.550641,0.97503,-0.0311184,-0.112196,0.189104,0.365291,0.737863,-0.524001,-0.53419,-0.0283019,-0.645031,0.02117,0.523299,2.38365,-0.892796,-1.51208,1.59548,0.382125,0.565613,9.88029,0.680875,-0.000189219,0.0256117,-8.23947,-1.29673,-0.302248,0.000133667,
359,-0.000311161,-0.0390335,-0.382097,-0.384988,-0.0734398,-0.00178807,0.423688,0.189917,0.48908,0.968337,-0.0228477,-0.0521168,0.243073,0.596267,0.714847,-0.524198,-0.528175,-0.41426,-0.690392,0.00367,0.523316,2.92373,-0.762879,-0.960602,0.933154,3.51226,3.08827,-1.47583,-1.58295,0.00120285,0.19484,-7.24127,-0.52501,-0.373379,0.000296892,
360,0.00102075,-0.0346346,-0.491048,-0.314224,-0.0472284,-0.00158631,0.550772,0.231627,0.433892,0.952079,-0.00600403,0.0336249,0.303939,0.455429,0.567332,-0.524002,-0.522683,-0.567399,-0.680714,-0.0135706,0.52334,2.54381,-0.806412,-1.36112,1.84349,3.07845,2.26902,-4.12608,-4.30263,0.00147657,-0.00873286,1.07481,0.891355,-0.325787,0.000301656,
361,0.00213994,-0.0326203,-0.382015,-0.179099,-0.00680872,-0.00149395,0.423797,0.187557,0.40863,0.935349,-0.0183762,0.0125351,0.353025,0.164766,0.501598,-0.523899,-0.523494,-0.414155,-0.593992,-0.0302087,0.523374,0.847202,-0.510584,-0.504181,-1.31253,-1.67147,1.95755,-7.46788,0.525837,0.00109833,-0.0206337,5.00975,2.55482,-0.325426,0.00012745,
362,0.00308834,-0.0310693,-0.0945721,0.026549,0.0314941,-0.00142285,0.103482,0.0947774,0.389181,0.917933,0.00810883,-0.00794492,0.396572,-0.262773,0.519024,-0.523574,-0.524315,-0.0949984,-0.507051,-0.0457758,0.523356,0.20081,-0.261022,-0.106875,0.806545,1.66053,0.0684691,-9.68829,0.154907,0.0186687,-0.00874831,7.65033,-0.159281,-0.236011,-4.09329e-05,
363,0.00355696,-0.0304323,0.284433,0.189049,0.0282208,-0.00139365,-0.31383,-0.0196574,0.381194,0.918311,0.000367727,0.00268645,0.395851,-0.606108,0.531373,-0.516491,-0.524154,0.296839,-0.519292,-0.0538264,0.523355,0.347873,-0.29362,-0.280182,-1.0575,-0.725778,-0.629574,0.567014,0.348553,0.276979,0.0182997,8.02821,-0.147012,-0.048798,0.000319845,
364,0.00365014,-0.0303132,0.492841,0.144737,0.0199471,-0.00138819,-0.555005,-0.0989102,0.379702,0.924887,0.00536332,-0.00898849,0.380098,-0.509159,0.580667,-0.494596,-0.523087,0.570207,-0.527895,-0.0554536,0.523395,0.775424,-0.189721,0.62584,0.137022,-0.558564,-0.572494,2.80463,1.57062,0.576504,-0.00356415,0.151786,-0.138012,-0.0318563,0.00176882,
365,0.00397603,-0.0323099,0.425859,0.0325992,0.00999292,-0.00147972,-0.475077,-0.0701344,0.404737,0.928668,0.00801586,-0.028454,0.369731,-0.28381,0.683246,-0.462559,-0.523493,0.472178,-0.552013,-0.0566682,0.523418,1.21271,-0.18297,0.534256,0.118833,-1.51153,-0.486107,6.12429,2.4966,0.743819,-0.00267587,-3.91227,-0.808368,-0.0119599,0.000487839,
366,0.0045761,-0.0359951,0.200119,-0.154577,0.00335562,-0.0016487,-0.21875,0.00774232,0.450958,0.922335,0.00765606,-0.0566587,0.382138,0.0890746,0.809056,-0.425983,-0.523444,0.204275,-0.599076,-0.0585361,0.523418,1.91083,0.319975,1.29897,-0.639329,-0.474329,1.51799,8.77362,2.53367,0.717047,0.00283629,-6.79219,-1.08489,-0.0599191,-0.000576653,
367,0.00547095,-0.0415735,-0.161634,-0.372787,0.00231821,-0.00190462,0.177267,0.113931,0.520958,0.90725,0.00654334,-0.0943167,0.409828,0.549284,0.90158,-0.389646,-0.523507,-0.163795,-0.647726,-0.0605795,0.52339,2.22694,0.396368,1.52651,-0.115402,-1.81096,1.09752,7.884,1.19103,0.726139,-0.00271267,-7.92568,-0.857164,-0.0229362,-0.000136434,
368,0.00621733,-0.0466893,-0.458461,-0.390621,0.0139029,-0.00213948,0.512976,0.213287,0.585197,0.885157,-0.00751711,-0.112929,0.451317,0.559187,0.890739,-0.355865,-0.524132,-0.51825,-0.666844,-0.061287,0.523348,1.90019,0.145198,1.01253,-0.811451,-0.192502,2.00791,-1.77718,-1.59164,0.660761,-0.0185592,-6.26733,0.0546374,0.00772348,-0.000361775,
369,0.00631541,-0.0493594,-0.470807,-0.328049,0.034943,-0.00226212,0.527381,0.217243,0.618744,0.868948,-0.0264332,-0.121364,0.479064,0.389733,0.741634,-0.320197,-0.525654,-0.536472,-0.625222,-0.0588786,0.523318,1.49671,0.162947,0.347513,-0.687081,0.0619056,1.18689,-4.98039,-4.35202,0.750332,-0.0390646,2.30608,1.59815,0.0746884,-0.000253099,
370,0.00581298,-0.0496912,-0.311337,-0.184169,0.0691726,-0.00227737,0.343737,0.157586,0.622913,0.858566,-0.0362151,-0.116301,0.498022,0.0619808,0.487531,-0.278698,-0.527072,-0.327868,-0.515521,-0.0538316,0.523294,1.15543,0.231437,-0.0937143,0.602026,0.377005,0.656909,-8.10211,-2.26644,0.911155,-0.0237848,6.00706,1.20473,0.12413,-6.93981e-05,
371,0.00493596,-0.0486182,0.0277078,0.0312273,0.0745877,-0.00222807,-0.0304184,0.0543044,0.60943,0.852858,-0.0235998,-0.0989165,0.512144,-0.389662,0.503562,-0.221523,-0.528862,0.0277185,-0.516003,-0.0467211,0.5233,0.948203,0.255757,-0.48868,0.91695,0.299591,0.459256,-9.94885,0.640791,1.37176,-0.0451036,8.19826,-0.225218,0.161545,9.78201e-05,
372,0.00362635,-0.045969,0.38902,0.12461,0.0698464,-0.0021064,-0.431989,-0.0608948,0.57615,0.859386,-0.0103464,-0.0861017,0.50392,-0.570291,0.540156,-0.139841,-0.531141,0.423161,-0.52222,-0.0363075,0.523313,1.47555,0.172133,-0.869075,0.497795,0.147817,-1.0935,1.05282,0.827416,1.88222,-0.0477815,7.61863,-0.0484853,0.245447,4.97749e-07,
373,0.00223207,-0.0418322,0.481257,0.0806288,0.0617244,-0.0019165,-0.538631,-0.0978819,0.524206,0.867343,0.00172513,-0.0781492,0.491534,-0.448928,0.603479,-0.0361914,-0.533094,0.552268,-0.535601,-0.0245622,0.523317,1.81846,0.432309,-1.06532,1.39605,0.625228,-0.586697,3.78379,1.69761,2.24541,0.0167535,-1.08248,-0.478675,0.235468,-0.000801204,
374,0.0010178,-0.0368539,0.372459,-0.0323947,0.0471711,-0.00168809,-0.413594,-0.0535186,0.461732,0.875878,0.0275089,-0.0398604,0.480097,-0.17696,0.701096,0.0841358,-0.531402,0.402017,-0.576828,-0.0127156,0.523333,2.08069,0.584183,-1.50226,1.54813,0.831101,-0.627646,7.07034,2.20178,2.57165,0.0326262,-4.90131,-1.16595,0.236457,0.00048076,
375,0.000214205,-0.03605,0.104935,-0.215908,0.0344632,-0.00165122,-0.114902,0.0331793,0.451647,0.874939,0.0060564,-0.0353817,0.4829,0.222711,0.793418,0.216971,-0.522486,0.105518,-0.633337,-0.00273585,0.523489,3.52858,1.47127,1.35141,-0.334691,-1.25503,-0.598135,8.78934,1.41112,2.78699,0.176485,-6.98216,-1.04431,0.206451,8.50865e-05,
376,-0.000628379,-0.0414695,-0.246709,-0.382638,0.0221496,-0.00189985,0.273403,0.137906,0.519653,0.876621,0.00516678,-0.0649361,0.476752,0.574211,0.818682,0.35851,-0.522733,-0.254648,-0.673878,0.0069754,0.523404,3.30903,1.25698,1.14081,-0.841587,-0.460627,0.683223,0.620587,-0.32757,2.85464,-0.0525163,-7.45316,-0.638942,0.169782,-0.00158159,
377,-0.00149277,-0.0448462,-0.483207,-0.369419,0.0257441,-0.00205485,0.542376,0.222409,0.562049,0.867965,-0.0141887,-0.0826832,0.489489,0.519215,0.73251,0.501754,-0.525729,-0.555255,-0.679591,0.0153208,0.52335,3.02651,1.15234,0.542596,-1.01856,-0.117503,0.231839,-2.04205,-3.09467,2.89191,-0.0673976,-2.02057,0.400305,0.17385,-0.000584573,
378,-0.00231997,-0.0457477,-0.448337,-0.292898,0.0429032,-0.00209624,0.501017,0.207595,0.57337,0.862277,-0.0379189,-0.0961806,0.495771,0.331778,0.513807,0.539458,-0.529487,-0.50364,-0.619433,0.0233404,0.523327,2.7971,1.04718,-0.0755746,-0.967279,-0.0264054,0.587191,-5.42468,-4.57497,-0.416746,-0.0824985,3.07628,1.99507,0.144533,-0.000270356,
379,-0.00288282,-0.0447163,-0.253859,-0.133602,0.0766632,-0.00204888,0.279512,0.138592,0.560417,0.854622,-0.0398534,-0.0971288,0.508527,-0.0142593,0.501431,0.526351,-0.533164,-0.262539,-0.501707,0.0296735,0.523308,2.41376,1.00662,-0.422,0.465534,0.704029,0.562131,-8.39637,0.650977,-0.108105,-0.0440983,6.53831,0.674926,0.116337,-0.000210209,
380,-0.00319815,-0.0421558,0.106607,0.0895011,0.0778244,-0.00193135,-0.116969,0.0308808,0.528269,0.850328,-0.0425714,-0.0738045,0.51931,-0.469936,0.519605,0.524121,-0.535797,0.107219,-0.514247,0.0349226,0.523321,2.29537,1.01393,-0.869288,0.417955,0.845067,0.445809,-9.81777,0.143001,-0.0110341,-0.0597114,8.23764,-0.302307,0.0932574,0.000247082,
381,-0.00337511,-0.0380291,0.437974,0.155096,0.0706517,-0.001742,-0.48781,-0.0801086,0.476477,0.858883,-0.0510922,-0.0561222,0.506518,-0.582924,0.542656,0.524005,-0.538379,0.488975,-0.523091,0.040861,0.523341,2.86095,0.877266,-1.11125,0.186393,1.59357,-0.855251,1.75088,0.770338,0.000574122,0.000380235,7.03283,-0.0570759,0.122258,-0.00072601,
382,-0.0033974,-0.0342177,0.474256,0.0917451,0.0629107,-0.00156719,-0.531496,-0.0948887,0.428663,0.866123,-0.0406579,-0.0288558,0.497339,-0.421789,0.607793,0.524002,-0.536177,0.541645,-0.540055,0.0457187,0.523364,3.30137,0.0817723,-0.169899,3.27308,-0.756644,-0.861313,4.56003,1.78217,0.00109809,0.185721,-1.82813,-0.602967,0.109708,0.000297914,
383,-0.00363186,-0.0333082,0.336329,-0.050936,0.0448425,-0.00152549,-0.373563,-0.0404386,0.417257,0.876928,0.016052,-0.0187323,0.479988,-0.114156,0.71058,0.523952,-0.527185,0.357515,-0.586185,0.0502099,0.523408,3.28115,0.927367,0.0628026,-1.39747,0.418294,-0.299576,7.73107,2.30495,-0.00121,0.168646,-5.44084,-1.21263,0.0488974,0.00132789,
384,-0.00425824,-0.0378122,0.0337051,-0.261527,0.0242393,-0.00173205,-0.0355679,0.054834,0.473755,0.884119,0.00936937,-0.0456052,0.464936,0.31302,0.802532,0.523889,-0.521297,0.0337242,-0.646377,0.051849,0.523421,3.93743,1.23897,1.31471,-0.078085,-1.42216,-0.752437,9.50034,1.50676,-0.000767065,-0.045529,-7.63737,-1.27278,0.0154596,-0.000863464,
385,-0.00469264,-0.0423508,-0.325304,-0.389161,0.012139,-0.00194029,0.360193,0.163992,0.530716,0.882522,-0.00275306,-0.0705392,0.464943,0.584501,0.826842,0.523752,-0.524396,-0.344331,-0.695915,0.0510057,0.52337,3.5972,0.949175,0.862574,-1.06891,-0.1874,0.884527,-0.86091,-0.499775,-0.00139319,-0.0763416,-7.51802,-0.751306,-0.050276,-0.000614056,
386,-0.00466711,-0.0446139,-0.494333,-0.353398,0.0149307,-0.00204418,0.555304,0.227701,0.559131,0.874906,-0.0285458,-0.0841007,0.476079,0.481897,0.731129,0.523715,-0.528607,-0.572551,-0.702345,0.0481502,0.52334,3.26283,0.925644,0.256933,-1.07082,0.125061,0.101971,-3.18223,-3.3039,-0.00011356,-0.0921016,0.365553,0.480503,-0.059566,-0.000313921,
387,-0.00426797,-0.0443645,-0.411914,-0.247256,0.0309516,-0.00203273,0.458576,0.194178,0.556,0.872742,-0.0538048,-0.092115,0.476384,0.237141,0.505152,0.523704,-0.533556,-0.453277,-0.637261,0.0442803,0.523326,2.96159,0.927199,-0.372874,-0.839833,0.182667,0.182593,-6.57831,-4.61221,-3.26179e-05,-0.106018,4.35873,2.11217,-0.0973486,-0.000181244,
388,-0.00353311,-0.0424193,-0.155481,-0.0584747,0.0652114,-0.00194344,0.169887,0.109438,0.531576,0.87071,-0.0535437,-0.0751656,0.48306,-0.158943,0.498887,0.523791,-0.536804,-0.157401,-0.50774,0.0383402,0.523309,2.58618,0.878552,-0.621678,0.862317,1.27362,0.344035,-9.24256,0.745459,0.000782007,-0.0319765,7.44741,1.22631,-0.132,0.000289647,
389,-0.0027012,-0.0392247,0.230487,0.153223,0.0644163,-0.00179684,-0.254063,-0.00550214,0.491479,0.872015,-0.0563554,-0.0371988,0.484799,-0.586848,0.52361,0.523942,-0.538731,0.236914,-0.513784,0.0317041,0.523338,2.90059,0.841334,-0.985072,0.244498,1.351,-0.908155,-2.2219,0.253141,0.00255057,-0.0388621,8.33522,-0.309113,-0.103087,0.000617139,
390,-0.00203674,-0.0351875,0.490533,0.142378,0.0517863,-0.00161166,-0.551149,-0.100755,0.440827,0.885007,-0.0530182,-0.0179617,0.462201,-0.536553,0.564154,0.523943,-0.540669,0.566595,-0.529239,0.0266519,0.523368,3.02683,0.0712806,-0.616359,2.13254,-1.59082,-0.0247193,2.10559,1.37003,-0.00162935,-0.0351539,1.49366,-0.29301,-0.130869,0.000669091,
391,-0.00138922,-0.0327293,0.444124,0.0604401,0.0472394,-0.00149895,-0.496367,-0.0809559,0.409996,0.8819,0.0192016,-0.00825928,0.470973,-0.345456,0.65677,0.523896,-0.539348,0.497644,-0.561918,0.0195457,0.523359,3.10787,0.112489,-0.539656,2.50142,0.666505,0.461527,5.51419,2.31433,-5.03474e-05,0.108264,-3.40826,-1.01094,-0.15183,0.000517821,
392,-0.000933839,-0.0352017,0.241029,-0.109121,0.0298349,-0.00161231,-0.26184,-0.00790648,0.441005,0.885163,0.00563891,-0.0340384,0.464001,-0.00322446,0.774029,0.523896,-0.533128,0.248413,-0.621974,0.0122149,0.523503,3.38835,0.908608,1.27528,-1.35963,-1.94478,-0.68538,8.16996,2.38336,-0.000308383,0.196892,-6.57145,-1.39187,-0.144032,-0.0022748,
393,-0.000534953,-0.0412309,-0.117801,-0.324036,0.00308068,-0.0018889,0.129769,0.10015,0.516658,0.89751,0.0179706,-0.0421243,0.438609,0.434498,0.867554,0.523819,-0.520729,-0.118629,-0.69076,0.00597274,0.523387,3.52259,0.727876,1.31563,0.387033,-0.32917,-1.14946,9.41621,1.40389,-0.00139232,-0.015717,-8.12136,-1.35897,-0.123535,-0.0006107,
394,0.00011079,-0.0453505,-0.439525,-0.389821,-0.0105884,-0.002078,0.490743,0.206764,0.568382,0.900338,0.0193973,-0.0364291,0.433229,0.566129,0.876248,0.522632,-0.523583,-0.491152,-0.73808,-0.00112441,0.523348,3.12917,0.43518,0.745431,0.0229616,0.447011,0.120138,-1.12922,-1.02977,-0.0247305,-0.0694191,-6.79687,-0.547272,-0.146359,-0.000283911,
395,0.000767618,-0.0471532,-0.472901,-0.33953,-0.0115636,-0.00216078,0.529784,0.220655,0.591024,0.905333,0.0181173,-0.0212119,0.423784,0.431711,0.754688,0.520687,-0.527505,-0.539608,-0.726926,-0.00749205,0.523323,2.73262,0.47924,0.16766,0.268172,0.660425,-0.56209,-4.22705,-3.81278,-0.0687998,-0.0861589,1.88594,0.979944,-0.120821,-0.000191141,
396,0.00136288,-0.0467184,-0.331331,-0.210663,0.00580461,-0.00214082,0.366445,0.168032,0.585563,0.910502,0.0189384,-0.000121966,0.413072,0.139975,0.506241,0.515368,-0.532227,-0.351517,-0.638658,-0.0134259,0.523312,2.38737,0.547973,-0.35654,0.650919,0.755109,-0.401856,-7.41351,-4.94694,-0.141938,-0.103031,5.60617,2.54213,-0.118802,-0.000170523,
397,0.00188301,-0.0448836,-0.0115769,-0.00814533,0.0352361,-0.00205656,0.0123849,0.0702077,0.562518,0.913709,0.0473863,0.0233702,0.402919,-0.281675,0.497904,0.50997,-0.537752,-0.0115777,-0.501913,-0.0193099,0.523313,2.18283,0.643543,-0.600016,1.47075,0.437791,-0.53675,-9.43644,0.776396,-0.0787311,-0.119046,7.97037,0.790763,-0.109383,0.000180458,
398,0.00212467,-0.0416334,0.354828,0.154896,0.0228245,-0.00190737,-0.39319,-0.0437503,0.52171,0.921679,0.070358,0.0457607,0.378765,-0.606523,0.533432,0.512927,-0.543763,0.380038,-0.51398,-0.0234922,0.523332,2.68411,0.50574,-1.10502,0.846722,0.264416,-2.11375,0.679759,0.655078,0.205349,-0.117329,7.70961,-0.316649,-0.0359667,0.00023551,
399,0.0020988,-0.0383946,0.493575,0.112705,9.06858e-05,-0.00175876,-0.553725,-0.0981032,0.481062,0.940614,0.0486991,0.00831246,0.335863,-0.494303,0.594398,0.525791,-0.548643,0.571359,-0.53823,-0.0251671,0.523364,2.18089,0.615529,-0.946121,-1.91804,-1.53098,-1.40093,3.49565,1.76237,0.110975,-0.0945182,-0.851383,-0.634623,-0.0387776,-0.000354005,
400,0.00200414,-0.0342257,0.3945,0.0030921,-0.0238906,-0.00156756,-0.435733,-0.0562304,0.428764,0.951707,0.00626732,-0.0351106,0.30493,-0.234316,0.700507,0.524335,-0.552022,0.430272,-0.586781,-0.0269632,0.523349,2.31369,0.630021,-0.801166,-1.43306,1.5471,-0.844001,6.8571,2.45675,-0.0711966,0.100167,-4.74082,-1.30298,-0.0322989,-0.00215658,
401,0.00213649,-0.0364952,0.129012,-0.186021,-0.0550074,-0.00167164,-0.142308,0.032451,0.457232,0.963262,0.00316033,-0.0210506,0.267718,0.154048,0.809486,0.520476,-0.533002,0.130101,-0.654469,-0.0269542,0.523447,3.71746,-0.0723168,1.35438,-0.293263,-1.1057,-1.45891,8.81435,1.95802,-0.155287,0.48107,-7.25797,-1.39262,-0.000405767,0.000774894,
402,0.00247026,-0.0418246,-0.240817,-0.386404,-0.0793458,-0.00191615,0.266424,0.142676,0.524111,0.968895,-0.00159069,-0.0511656,0.242119,0.581166,0.867185,0.502232,-0.520905,-0.248181,-0.713035,-0.0271882,0.523395,3.53686,-0.14727,1.15536,-0.988803,-0.33922,-0.122383,3.3263,0.411405,-0.589043,-0.0457359,-7.89645,-0.978967,-0.0150111,-0.00126581,
403,0.00271372,-0.0452421,-0.484734,-0.379591,-0.0837749,-0.00207303,0.544118,0.229988,0.567021,0.967617,-0.0280495,-0.0575578,0.244169,0.541528,0.816385,0.458686,-0.523962,-0.557603,-0.734452,-0.0276075,0.523345,3.13206,-0.12679,0.563695,-1.0583,0.2273,-0.300462,-2.11788,-2.41825,-1.12205,-0.0703473,-1.48879,0.111828,0.0151067,-0.000519435,
404,0.00264763,-0.0462744,-0.442742,-0.302443,-0.0761939,-0.00212043,0.494401,0.212853,0.579986,0.969157,-0.053928,-0.0557846,0.23391,0.350353,0.628835,0.389013,-0.527839,-0.495687,-0.686971,-0.0263331,0.523324,2.86952,-0.0128211,-0.0501771,-0.961489,0.436928,-0.281176,-5.50071,-5.06358,-1.66428,-0.0843109,3.25305,1.77403,0.0320739,-0.000198972,
405,0.0024143,-0.0450721,-0.240022,-0.142205,-0.0476364,-0.00206522,0.263891,0.142499,0.564886,0.969913,-0.0662945,-0.0524721,0.2283,0.00186355,0.488908,0.294234,-0.53244,-0.24731,-0.561087,-0.0246543,0.523314,2.58817,0.18971,-0.527589,0.167762,-0.0213011,-0.156431,-8.41781,0.581443,-2.12034,-0.100063,6.65335,3.25368,0.0358413,-5.45161e-05,
406,0.00204409,-0.0420939,0.124085,0.0814215,-0.0356591,-0.00192851,-0.135964,0.0345237,0.527492,0.971409,-0.0663837,-0.0482155,0.222785,-0.452357,0.515704,0.18227,-0.537783,0.125054,-0.503219,-0.0223536,0.523323,2.49843,0.27879,-0.973249,-0.118636,0.363345,-0.266354,-9.73924,0.279437,-2.35688,-0.112416,8.22995,-0.484319,0.0555743,0.000122939,
407,0.00151633,-0.0384743,0.44729,0.1503,-0.0457691,-0.00176242,-0.4999,-0.0754581,0.482062,0.975409,-0.0704252,-0.00974195,0.208621,-0.575535,0.543293,0.065604,-0.540236,0.502146,-0.521885,-0.0181448,0.523335,2.87898,-0.295957,-1.05564,0.0279811,1.8477,-0.763413,1.48673,0.833889,-2.38407,-0.0383366,6.86716,-0.233026,0.106057,0.000367385,
408,0.0010538,-0.035955,0.471046,0.0886856,-0.0511325,-0.00164686,-0.527247,-0.0854216,0.450455,0.977166,-0.0299509,-0.0137521,0.209907,-0.426861,0.611092,-0.0585182,-0.540599,0.53683,-0.5459,-0.0134949,0.523372,2.6541,-1.34769,-0.233052,3.02013,-1.73427,0.299698,4.41218,1.84174,-2.51179,0.0545765,-2.04015,-0.731218,0.0978088,-0.000140101,
409,0.000687117,-0.0349284,0.324054,-0.0504362,-0.0589866,-0.00159978,-0.358842,-0.0290149,0.437577,0.974425,0.0189739,-0.0314759,0.221686,-0.126009,0.716429,-0.190414,-0.538065,0.342848,-0.596937,-0.00905811,0.523395,3.0601,-0.43255,0.153296,-1.09165,0.57092,0.817715,7.58977,2.345,-2.76196,0.0515657,-5.63895,-1.29475,0.0667867,0.000661101,
410,0.000456933,-0.0378303,0.00597059,-0.254265,-0.0683788,-0.00173288,-0.00494292,0.0692329,0.473982,0.970491,-0.0100327,-0.0569714,0.234095,0.296492,0.811057,-0.333583,-0.534507,0.0059707,-0.65528,-0.00556098,0.523439,3.78887,-0.906354,1.94536,-0.192567,-1.81544,0.266143,9.17779,1.29437,-2.86026,0.137711,-7.81474,-0.90123,0.0777739,-0.00108008,
411,0.000200766,-0.0450954,-0.3515,-0.406208,-0.0690703,-0.00206629,0.390089,0.178777,0.565178,0.964067,-0.00665165,-0.0874681,0.250759,0.608903,0.826237,-0.485505,-0.527259,-0.375947,-0.684832,-0.00204911,0.523371,3.38994,-1.02926,1.52482,-0.121682,-0.785696,1.53104,-0.790747,-0.652079,-3.25011,0.1309,-7.48709,-0.317287,0.0516113,-0.000786878,
412,-0.000156756,-0.0499698,-0.489145,-0.372923,-0.0568266,-0.00229017,0.549223,0.231139,0.626414,0.956901,-0.00675445,-0.1037,0.271184,0.493589,0.720054,-0.542496,-0.522843,-0.564432,-0.667473,0.00144352,0.523328,3.13704,-0.781227,0.917215,-0.0433983,-0.530338,0.153406,-3.53436,-3.57079,0.449807,-0.000367308,0.668301,0.997968,0.0874409,-0.000396055,
413,-0.000640136,-0.0523708,-0.396005,-0.268899,-0.0330401,-0.0024005,0.440343,0.194018,0.656594,0.954588,-0.00458288,-0.114124,0.275166,0.232607,0.49432,-0.527305,-0.523709,-0.432236,-0.576499,0.00562389,0.523302,2.84369,-0.621897,0.331178,0.360372,-0.607717,0.203851,-6.87603,-2.15593,0.136689,-0.0318791,4.58762,2.63444,0.0755675,-0.000276236,
414,-0.00105065,-0.0528405,-0.127486,-0.0838755,-0.0130999,-0.00242209,0.13967,0.106951,0.662499,0.951744,0.0132598,-0.123967,0.280427,-0.174651,0.505784,-0.524175,-0.525994,-0.128537,-0.50332,0.0091482,0.523288,2.57467,-0.481149,-0.10173,0.588217,-0.335018,0.0700071,-9.39417,0.555186,0.019782,-0.0568983,7.53737,-0.359174,0.0682923,-0.000103862,
415,-0.00140894,-0.0515106,0.255859,0.122627,-0.0175178,-0.00236097,-0.281824,-0.00785496,0.64578,0.951193,0.0297729,-0.128607,0.278936,-0.603037,0.52057,-0.523626,-0.529187,0.264754,-0.519013,0.0125854,0.523291,2.83789,-0.656898,-0.556466,0.38595,-0.476187,-1.12946,-1.91753,0.111846,0.0155077,-0.0665247,8.20592,-0.160355,0.0997603,0.000271225,
416,-0.00184708,-0.0483931,0.500545,0.100659,-0.0315584,-0.00221773,-0.56258,-0.100104,0.606602,0.957189,0.0448515,-0.140991,0.248796,-0.535302,0.548579,-0.523753,-0.532637,0.582404,-0.528147,0.0175649,0.523299,3.27825,-0.8103,-0.983716,0.208368,-0.935979,-0.648999,2.53834,1.0032,-0.000822003,-0.0702607,1.10193,-0.206149,0.0702562,0.000188244,
417,-0.00193037,-0.0436947,0.441851,0.0141873,-0.0432846,-0.00200198,-0.493296,-0.0746496,0.547589,0.955655,0.0557608,-0.166267,0.236578,-0.320849,0.615966,-0.523786,-0.536278,0.494428,-0.556549,0.0203351,0.523312,3.60125,-0.85895,-1.37437,-0.00623469,-1.25922,-0.393861,6.01539,1.68424,-0.000249958,-0.0758746,-3.83529,-0.922192,0.0445142,0.0001396,
418,-0.0018067,-0.0422291,0.221616,-0.156506,-0.0575965,-0.00193471,-0.241867,0.00373039,0.529188,0.959644,0.00663878,-0.152242,0.236351,0.0516825,0.699272,-0.52392,-0.53505,0.227307,-0.614765,0.0196941,0.523313,3.83614,0.412171,0.409522,-0.0365079,3.2131,0.845059,8.86148,1.67785,-0.00319548,0.265389,-6.81148,-1.35085,-0.0601378,-0.0010902,
419,-0.00152662,-0.0426045,-0.147458,-0.365326,-0.0656474,-0.00195194,0.16105,0.113769,0.533902,0.963792,-0.014619,-0.0717061,0.256418,0.52419,0.752122,-0.523936,-0.522244,-0.149093,-0.679898,0.0164942,0.523327,3.88577,0.558841,-0.268906,-0.0630153,3.44118,1.12496,8.34779,0.443597,-0.000348368,0.100401,-8.23991,-1.25628,-0.0742594,0.000295089,
420,-0.00104796,-0.0406886,-0.461813,-0.373046,-0.0566953,-0.00186402,0.516352,0.219321,0.509852,0.951978,-0.0278009,0.0168667,0.304436,0.555819,0.706911,-0.523981,-0.523237,-0.523152,-0.72026,0.0118567,0.523328,3.4609,0.0300207,-0.555908,1.41354,2.9835,2.38134,-1.3886,-2.22541,0.000469572,-0.0553725,-6.72228,-0.359356,-0.0935889,0.000159252,
421,-0.000650308,-0.0384886,-0.473065,-0.303645,-0.0361536,-0.00176307,0.528169,0.222853,0.482242,0.935899,-0.0238211,0.0778069,0.342742,0.405074,0.530044,-0.523927,-0.526099,-0.539856,-0.69761,0.00777885,0.523361,1.71856,0.352867,0.168177,-1.66614,-0.494274,1.33909,-4.63327,-4.82821,-8.09795e-06,-0.0322169,2.4732,1.25768,-0.090616,0.00152631,
422,-0.000238345,-0.0386958,-0.307259,-0.164844,0.00200896,-0.00177258,0.339496,0.160952,0.484842,0.924741,-0.043427,0.0383774,0.376157,0.0932933,0.501557,-0.523846,-0.528132,-0.323108,-0.594997,0.00283575,0.523363,1.26234,0.426901,-0.22432,-1.16485,-1.34459,1.24813,-7.81168,0.622021,0.00107983,-0.0486992,6.16175,2.82973,-0.10009,-0.00034232,
423,0.000211787,-0.0370187,0.0385904,0.0449039,0.0391935,-0.00169565,-0.0421779,0.0552395,0.463799,0.90924,-0.0414796,-0.000684257,0.414199,-0.34118,0.519445,-0.523522,-0.531208,0.0386192,-0.503805,-0.00263409,0.523352,0.948949,0.323979,-0.614763,-0.28872,-1.47846,1.76431,-9.56867,0.144589,0.0111598,-0.0713566,8.29333,-0.242818,-0.111947,5.72169e-06,
424,0.000510414,-0.0341205,0.399359,0.165027,0.0457895,-0.00156273,-0.444094,-0.0620438,0.427444,0.897479,-0.0168944,-0.017818,0.440374,-0.57837,0.534618,-0.514502,-0.531864,0.436628,-0.518782,-0.00688818,0.523348,1.33759,0.134657,-0.789058,1.62217,-0.589053,0.325992,0.952111,0.462536,0.348229,0.0575351,7.6372,-0.171099,-0.0553738,0.000182284,
425,0.000683823,-0.0305757,0.48474,0.121002,0.0477718,-0.00140022,-0.5439,-0.0978523,0.382993,0.889118,0.00930329,-0.0135429,0.457384,-0.459943,0.587203,-0.489569,-0.528759,0.557612,-0.537946,-0.0102995,0.523385,1.37141,0.789856,-0.558003,-0.477748,1.37844,0.59937,3.76663,1.61275,0.657765,0.102339,-1.33761,-0.572609,-0.0674481,0.000301197,
426,0.00094489,-0.0333153,0.373898,-0.00825859,0.0379891,-0.00152581,-0.413991,-0.0530787,0.417345,0.889165,0.00829758,-0.0334073,0.456289,-0.204308,0.679095,-0.442156,-0.521773,0.403834,-0.576232,-0.0130601,0.523446,2.07819,1.07618,1.07239,-0.585609,-1.28541,0.114665,6.65302,2.17661,1.12203,-0.0244918,-4.87232,-1.02406,-0.0620792,-0.000548836,
427,0.00133556,-0.0373143,0.0922024,-0.204028,0.0267227,-0.00170921,-0.0996165,0.037604,0.467508,0.883762,0.00810472,-0.0601534,0.463984,0.188072,0.783121,-0.380961,-0.523248,0.0925973,-0.634685,-0.0164792,0.523402,2.28822,1.3353,0.992255,-0.416363,-0.388839,0.810037,9.01992,1.98189,1.31595,-0.0173743,-7.53463,-1.30111,-0.079796,-0.000835157,
428,0.0018393,-0.0423556,-0.277528,-0.391875,0.0197912,-0.00194051,0.306828,0.147628,0.530776,0.87474,0.00194282,-0.0833965,0.477358,0.591223,0.836424,-0.311402,-0.524381,-0.289008,-0.684502,-0.0199895,0.52339,2.46812,1.24788,1.50912,-0.715426,-0.619166,1.03635,1.85808,0.16323,1.43982,-0.0338319,-7.74882,-0.694077,-0.07075,-0.000871273,
429,0.00234769,-0.0471506,-0.483977,-0.380451,0.0261276,-0.00216067,0.543207,0.222288,0.590992,0.861496,-0.0132228,-0.0995458,0.497735,0.530913,0.772553,-0.237805,-0.526486,-0.556438,-0.691245,-0.022915,0.523343,2.08251,1.14093,0.887941,-0.733502,-0.116701,0.462885,-2.43531,-2.69268,1.52403,-0.0516207,-0.438252,0.413299,-0.0338042,-0.000505669,
430,0.00258662,-0.0494171,-0.427311,-0.300316,0.0437148,-0.00226477,0.476517,0.19887,0.619469,0.855832,-0.0298034,-0.109196,0.504718,0.324441,0.571471,-0.158695,-0.529455,-0.474173,-0.630458,-0.0240866,0.523316,1.80764,1.10973,0.24128,-0.737502,0.059835,0.402675,-5.79396,-5.33003,1.63863,-0.0672172,3.59467,2.00572,-0.0146179,-0.000271148,
431,0.00263982,-0.0494176,-0.207627,-0.1383,0.0774879,-0.0022648,0.228741,0.12381,0.619475,0.85021,-0.0308677,-0.115232,0.51275,-0.0355396,0.494819,-0.0706161,-0.533263,-0.212281,-0.505104,-0.0245817,0.523299,1.42897,1.11058,-0.175852,0.549093,0.124227,0.260107,-8.58642,0.715709,1.87714,-0.0605873,6.85756,1.15801,0.000662317,-0.000632819,
432,0.00248905,-0.0478526,0.161735,0.0820238,0.0773021,-0.00219291,-0.177402,0.0142038,0.599811,0.849148,-0.025117,-0.10316,0.517372,-0.492058,0.517961,0.035128,-0.536676,0.163901,-0.513277,-0.0239377,0.5233,1.33516,1.14834,-0.624467,0.461402,0.305171,0.075107,-9.66433,0.202621,2.34983,-0.0747013,8.17858,-0.327136,0.0238717,0.000153348,
433,0.00198627,-0.0450224,0.467883,0.121946,0.0659618,-0.00206293,-0.523871,-0.0923034,0.564261,0.863625,-0.0190245,-0.0846256,0.496618,-0.55827,0.542616,0.1651,-0.53882,0.532115,-0.52641,-0.0203058,0.523306,1.86637,1.09233,-0.838098,0.710016,0.89782,-1.12062,1.33386,0.781587,2.81958,-0.017541,5.47089,-0.198227,0.0852762,0.000192634,
434,0.00148738,-0.0408817,0.465615,0.0647718,0.0546191,-0.00187287,-0.521186,-0.090676,0.512274,0.87259,-0.0140116,-0.0621978,0.484275,-0.408966,0.603222,0.313855,-0.539711,0.528753,-0.553044,-0.0167486,0.523327,2.23938,1.2977,-1.26384,0.503263,0.614225,-0.526287,4.62246,1.63379,3.14039,-0.0202989,-2.49227,-0.861391,0.0727717,0.000178464,
435,0.000984172,-0.0352391,0.298467,-0.0642091,0.0353143,-0.00161403,-0.330271,-0.0270691,0.441475,0.881355,-0.00768055,-0.0286583,0.471522,-0.0989342,0.694631,0.476185,-0.539268,0.312917,-0.611606,-0.0128596,0.523339,2.54048,1.35797,-1.53324,1.22,0.614827,-0.883583,7.72684,2.00995,3.36682,0.0207992,-6.11287,-1.4694,0.0884628,0.000850844,
436,0.000659933,-0.0371593,-0.0265889,-0.258671,0.0139102,-0.0017021,0.0373811,0.0728731,0.465563,0.890234,0.0049685,-0.0380125,0.453888,0.31091,0.762705,0.539287,-0.525419,-0.0265983,-0.670936,-0.00817679,0.5235,4.17973,1.31374,1.45627,-1.20229,-0.776372,-0.208339,8.91477,0.810739,-0.344778,0.3379,-7.65113,-0.961779,0.081666,-0.00569768,
437,0.00041816,-0.0419868,-0.365672,-0.382125,0.0075253,-0.00192359,0.406095,0.178261,0.526147,0.886642,-0.0198568,-0.060978,0.457988,0.569494,0.754144,0.523182,-0.521542,-0.393494,-0.703645,-0.00458454,0.523371,3.78962,1.0543,0.931758,-1.33173,-0.000283856,0.943835,-0.499729,-1.12821,-0.285987,-0.0600851,-7.03495,-0.363326,0.056715,-0.000684358,
438,0.000121999,-0.04451,-0.489768,-0.351461,0.0155911,-0.00203941,0.549794,0.225966,0.557826,0.87852,-0.052661,-0.0727346,0.46919,0.477925,0.62909,0.511203,-0.524963,-0.565401,-0.688595,-0.00126159,0.523341,3.44658,1.04301,0.322736,-1.31775,0.276439,0.244107,-3.11515,-3.85062,-0.190689,-0.0761243,0.757828,0.951364,0.0759969,-0.000231585,
439,-0.000216894,-0.0446923,-0.393214,-0.248292,0.0386537,-0.00204778,0.437018,0.187302,0.560116,0.874003,-0.0760951,-0.0799564,0.473218,0.237283,0.496023,0.504951,-0.529142,-0.428598,-0.600658,0.00223373,0.523325,3.11706,1.05382,-0.202578,-0.342808,-0.0716633,0.30499,-6.48439,0.299264,-0.0579483,-0.0913126,4.68209,2.5571,0.0624971,-0.000177982,
440,-0.000490931,-0.0427862,-0.120065,-0.0636822,0.0661016,-0.00196028,0.131313,0.0988785,0.536182,0.870732,-0.0820096,-0.0823317,0.47783,-0.150366,0.516371,0.509415,-0.534102,-0.120942,-0.495709,0.00528165,0.523323,2.83519,1.0549,-0.728106,-0.35899,0.260196,0.155134,-9.00068,0.237843,0.232686,-0.108601,7.60082,-0.188142,0.0615881,4.31959e-05,
441,-0.000716716,-0.0392655,0.26416,0.152318,0.0608853,-0.00179872,-0.29161,-0.016409,0.491991,0.871329,-0.09314,-0.065829,0.47726,-0.585165,0.522352,0.529031,-0.538087,0.273991,-0.516145,0.00840332,0.523324,3.06653,1.00816,-0.97852,-0.00839336,1.28121,-0.704479,-3.33249,0.0428791,0.109443,-0.0446771,8.20409,-0.2594,0.090144,0.000661551,
442,-0.00103662,-0.035906,0.486683,0.142987,0.0500138,-0.00164461,-0.546282,-0.0991914,0.44984,0.882648,-0.0916599,-0.0436137,0.458943,-0.542651,0.551931,0.525738,-0.538466,0.560611,-0.531269,0.013293,0.523356,3.14347,-0.0329151,-0.00562448,2.90064,-0.699678,0.162252,2.13517,1.11403,-0.0670832,0.105802,0.445387,-0.328642,0.0822063,0.000377808,
443,-0.00130544,-0.0353357,0.428572,0.0547074,0.0449659,-0.00161846,-0.477391,-0.0745195,0.442686,0.883406,-0.0112425,-0.0336865,0.46726,-0.350692,0.632478,0.524054,-0.533395,0.475909,-0.565269,0.0170107,0.523377,3.40513,-0.0714985,-0.349236,3.03237,-0.922215,0.231787,5.52601,2.09692,-0.010773,0.113361,-3.65538,-1.02971,0.065314,-0.000252806,
444,-0.00144658,-0.0347451,0.209052,-0.107306,0.0339862,-0.00159138,-0.236865,0.00169135,0.435278,0.877831,0.00883141,-0.0158524,0.478626,-0.00405545,0.742845,0.523866,-0.526739,0.213805,-0.628436,0.0191707,0.523422,3.61927,1.09305,0.580162,-1.48757,-0.752963,0.244283,8.19797,2.19523,0.000512883,0.148356,-6.70979,-1.41374,0.0252096,0.00536482,
445,-0.00178553,-0.0404028,-0.151993,-0.319255,0.0200709,-0.0018509,0.168924,0.108858,0.506264,0.877156,0.00509012,-0.0583958,0.476614,0.428773,0.813775,0.523837,-0.522472,-0.153785,-0.682165,0.0203447,0.523418,3.88261,1.0901,1.75461,-0.111283,-0.837838,-0.19616,9.14946,0.831196,-0.000661819,-0.0170274,-8.01673,-0.906867,0.0228165,-0.00173358,
446,-0.00204226,-0.0461622,-0.456169,-0.39622,0.0182833,-0.00211527,0.510318,0.211329,0.578576,0.870502,0.0089793,-0.0701816,0.487053,0.576677,0.795462,0.523731,-0.524165,-0.514917,-0.706221,0.0203616,0.523352,3.47419,0.776205,1.14275,-0.0966018,-0.246001,0.904823,-1.37735,-1.53861,-0.000681169,-0.0453004,-6.43682,-0.064683,-0.0143002,-0.000390421,
447,-0.00215304,-0.0494473,-0.471044,-0.344078,0.0298203,-0.00226616,0.527671,0.217148,0.619848,0.866174,0.0106997,-0.0722673,0.494374,0.427259,0.647931,0.523736,-0.526907,-0.536826,-0.670741,0.0200368,0.523321,3.07204,0.782424,0.518649,0.0455377,-0.013696,0.228848,-4.57961,-4.34256,-0.000366792,-0.0630618,2.25469,1.47107,-0.0113603,-0.00026388,
448,-0.00206847,-0.0504475,-0.314142,-0.212273,0.059673,-0.00231212,0.347113,0.158808,0.632418,0.862548,0.0181197,-0.0692898,0.50088,0.118635,0.469869,0.523779,-0.530514,-0.331153,-0.558986,0.0188671,0.523301,2.71496,0.78788,0.057703,1.07616,-0.322725,0.303461,-7.74125,0.467388,0.000839825,-0.0815915,5.94261,2.9948,-0.0380667,-0.000235805,
449,-0.00181271,-0.0498972,0.021672,-0.0077221,0.07552,-0.00228683,-0.0237029,0.0564856,0.625502,0.858574,0.0419675,-0.0592559,0.507521,-0.31603,0.509621,0.523912,-0.535118,0.0216771,-0.504774,0.0167171,0.523298,2.52031,0.770746,-0.344318,0.957101,0.0306771,0.173444,-9.62931,0.486092,0.00154909,-0.101399,8.15427,-0.442822,-0.0478281,1.59081e-05,
450,-0.00156836,-0.0476224,0.383344,0.127011,0.0684962,-0.00218233,-0.425548,-0.0584973,0.596919,0.863026,0.0599832,-0.0507057,0.499015,-0.586471,0.531375,0.524007,-0.540236,0.415856,-0.519882,0.0151562,0.523308,3.07579,0.71661,-0.822663,0.467899,-0.182451,-1.32565,0.927153,0.391928,0.000600715,-0.10195,7.62321,-0.136768,-0.00334355,6.22173e-05,
451,-0.00131829,-0.0434422,0.495472,0.086089,0.0566583,-0.00199039,-0.556397,-0.103882,0.544419,0.872866,0.0728212,-0.0526611,0.479614,-0.471264,0.573858,0.523963,-0.54538,0.574348,-0.537222,0.0139682,0.523318,3.47509,0.894134,-1.27268,0.244552,-0.521961,-0.463459,3.64005,1.2997,-0.000198661,-0.103898,-1.25294,-0.554946,-0.044306,5.30797e-05,
452,-0.000952276,-0.0393665,0.382812,-0.0274544,0.041465,-0.00180335,-0.424726,-0.0570115,0.493259,0.880658,0.0413822,-0.0461107,0.469684,-0.204139,0.651974,0.52388,-0.548386,0.415176,-0.583484,0.0111365,0.52333,3.2467,1.65824,-0.626735,-1.99224,2.89873,-0.170182,7.01019,1.81205,-0.00139884,0.036445,-5.03505,-1.27172,-0.0749488,-0.000115856,
453,-0.000616625,-0.0364859,0.0920487,-0.209428,0.0192798,-0.00167121,-0.102151,0.0380164,0.457115,0.888776,-0.0133379,-0.0185218,0.457773,0.205491,0.734039,0.52388,-0.546481,0.0924416,-0.655189,0.00778138,0.523367,3.92031,1.42177,-0.3758,0.557457,-0.799667,-1.85347,9.25732,1.42322,0.00129626,0.0544581,-7.83398,-1.56091,-0.0336569,0.00103065,
454,-0.000403148,-0.0395098,-0.286486,-0.375949,-0.000403134,-0.00180993,0.316833,0.152267,0.495057,0.898877,0.0017845,-0.0216431,0.437663,0.570801,0.745037,0.523563,-0.545405,-0.299177,-0.703502,0.00469755,0.523387,4.06999,1.26845,1.37042,0.55801,0.52336,0.636814,0.737744,-0.814383,0.00408115,-0.0150723,-7.91275,-0.530719,-0.10227,-0.000852401,
455,7.61895e-06,-0.0437873,-0.49166,-0.36528,0.00475088,-0.00200624,0.552164,0.22781,0.548752,0.893249,0.00701491,-0.00111006,0.449507,0.516188,0.636444,0.523624,-0.546577,-0.568355,-0.7014,-8.00903e-05,0.523354,3.69766,1.22515,0.783518,0.66763,0.744206,-0.0190957,-2.16836,-3.50567,0.000758719,-0.0316993,-0.173853,0.603204,-0.0795164,-0.000352232,
456,0.000412569,-0.0459308,-0.425479,-0.288955,0.0222593,-0.00210465,0.474436,0.200746,0.57567,0.892567,0.0200784,0.0251964,0.449763,0.321472,0.482666,0.523638,-0.548597,-0.471658,-0.630149,-0.00413413,0.52333,3.37336,1.24789,0.361712,1.64127,0.473015,0.0772072,-5.59362,0.249505,0.000160773,-0.049864,3.90922,2.23969,-0.0865876,-0.00031059,
457,0.000847814,-0.0465973,-0.191352,-0.132795,0.053107,-0.00213525,0.209936,0.121685,0.584041,0.889956,0.0567752,0.0573924,0.448844,-0.0285425,0.512244,0.523718,-0.551582,-0.194973,-0.502415,-0.00837372,0.523318,3.08436,1.25877,0.0129157,1.89148,0.72995,-0.0561442,-8.38397,0.379284,0.00106944,-0.0716653,7.13127,0.759202,-0.0800054,-5.5218e-05,
458,0.00123375,-0.0467498,0.187988,0.0763041,0.0488961,-0.00214225,-0.209908,0.0089965,0.585957,0.888057,0.0806858,0.080333,0.445412,-0.472557,0.521601,0.523876,-0.555307,0.191417,-0.514145,-0.0121457,0.523402,2.14108,1.12321,0.375335,-0.340077,-0.838616,-0.062175,-9.38063,0.0658278,0.00211186,-0.0657942,8.3251,-0.3062,-0.0723467,0.00269002,
459,0.00140243,-0.0467917,0.476201,0.126129,0.0368702,-0.00214418,-0.532224,-0.093186,0.586483,0.901308,0.0766337,0.053267,0.423005,-0.579035,0.538701,0.523899,-0.558483,0.544581,-0.527435,-0.0137939,0.523355,2.83552,1.06323,-0.316657,-0.732238,-1.21266,-0.908954,1.76885,0.617748,-0.0015298,-0.0626682,2.74925,-0.226989,-0.0281658,-0.00119967,
460,0.00148207,-0.044513,0.452745,0.0522349,0.0232286,-0.00203955,-0.505692,-0.0824187,0.557864,0.911058,0.0715185,0.0146127,0.405764,-0.406654,0.59196,0.523831,-0.561699,0.509967,-0.555622,-0.015325,0.523325,3.16823,1.14123,-0.810129,-0.926567,-1.52746,-0.636955,5.1049,1.50305,-0.000521975,-0.0665592,-2.77404,-0.893147,-0.0264583,-0.000174473,
461,0.00148812,-0.0409777,0.272961,-0.0933258,0.00325002,-0.00187728,-0.301128,-0.0158429,0.51348,0.918501,0.0469425,-0.0335001,0.391191,-0.0753899,0.674172,0.523758,-0.56518,0.283857,-0.614026,-0.0167177,0.523343,3.40461,1.55706,-0.860891,-3.00168,-1.18561,-0.11537,8.11939,1.7734,-0.00157696,-0.0719993,-6.20895,-1.42284,-0.0397517,0.000425891,
462,0.00154361,-0.0381503,-0.0708868,-0.286951,-0.0143458,-0.00174756,0.0756384,0.087953,0.477998,0.919665,-0.0182737,-0.0384314,0.390392,0.368754,0.741702,0.522676,-0.562693,-0.0710657,-0.684764,-0.0186283,0.523314,3.7401,1.52388,-0.278016,-0.196905,0.992507,-1.10569,9.48906,0.874614,0.0170314,0.195529,-7.96867,-1.39609,-0.00073879,0.00127238,
463,0.00161326,-0.0380188,-0.405105,-0.379518,-0.0269839,-0.00174152,0.450155,0.195097,0.476347,0.922044,-0.000348936,-0.00143215,0.387081,0.589522,0.725832,0.519503,-0.55454,-0.444206,-0.731183,-0.0195363,0.523334,3.26473,0.915694,0.0687345,1.55886,2.59961,1.71562,-1.31578,-1.45863,-0.177215,0.118016,-6.9681,-0.465554,-0.0529441,0.000298086,
464,0.00175258,-0.0380441,-0.481997,-0.322535,-0.0122406,-0.00174268,0.538946,0.224633,0.476665,0.907335,0.00286934,0.0560522,0.416645,0.452211,0.585139,0.506831,-0.548755,-0.5534,-0.718247,-0.0212093,0.523369,1.83229,0.949532,0.523565,-1.34689,0.200461,1.09445,-4.1648,-4.15363,-0.329757,0.130787,1.30486,0.9708,-0.0226735,0.00134249,
465,0.00191022,-0.0394437,-0.364329,-0.198473,0.0200131,-0.00180689,0.404116,0.178379,0.494227,0.895014,-0.016007,0.0437052,0.443603,0.161666,0.501296,0.488799,-0.542724,-0.391817,-0.629464,-0.0222956,0.523364,1.47204,0.974993,0.130247,-0.475665,-0.280599,1.15155,-7.43086,0.471311,-0.390291,0.109278,5.12531,2.56873,-0.0190049,-0.000318628,
466,0.00192738,-0.0389253,-0.0683849,0.00369404,0.063139,-0.00178311,0.074776,0.0845462,0.487721,0.882885,-0.020631,0.0346436,0.467855,-0.266908,0.518696,0.47365,-0.537807,-0.0685454,-0.491839,-0.022796,0.523353,1.22444,0.959484,-0.355841,-0.519073,0.00226174,0.974007,-9.69229,0.164278,-0.218943,0.0858619,7.78311,0.627792,0.00153236,-1.66491e-05,
467,0.00170513,-0.0366093,0.309121,0.170592,0.0628222,-0.00167687,-0.341759,-0.0310423,0.458663,0.876489,-0.035186,0.025707,0.479445,-0.607035,0.526969,0.474766,-0.533809,0.325279,-0.511722,-0.0214449,0.523364,1.61651,0.515534,-0.573052,-0.297662,-0.975671,-0.407918,0.61171,0.178227,0.2647,0.0791193,7.98221,-0.398953,0.0733568,0.000470632,
468,0.0013116,-0.0337427,0.49459,0.130574,0.0560935,-0.00154541,-0.555366,-0.103085,0.422705,0.878296,-0.0171256,-0.0077506,0.477747,-0.501555,0.567126,0.498434,-0.530017,0.572956,-0.53654,-0.0178989,0.523376,1.97923,0.532403,-0.962129,0.0330315,-1.79216,0.431517,3.2008,1.41602,0.672995,0.0733858,-0.2896,-0.598074,0.0554334,7.24965e-05,
469,0.000972099,-0.0321062,0.417568,0.0229428,0.0436462,-0.00147038,-0.46915,-0.0703964,0.402183,0.879933,0.00901188,-0.0106914,0.474892,-0.26207,0.655812,0.530028,-0.521016,0.460887,-0.582908,-0.0139428,0.523405,2.57193,0.763695,0.810321,-0.600811,-0.701304,-0.64839,6.217,2.03527,0.0346828,0.061433,-3.9845,-1.16739,0.0964157,0.00370661,
470,0.000715533,-0.0375229,0.184946,-0.168473,0.0203013,-0.00171877,-0.201677,0.00999945,0.470124,0.88892,-0.00208624,-0.0375328,0.456518,0.108986,0.753887,0.525676,-0.522676,0.188208,-0.648995,-0.00877967,0.523426,3.15275,0.848969,1.39936,-0.884216,-0.593938,-0.813755,8.72063,1.95565,-0.0687484,-0.0505165,-6.99933,-1.52065,0.105152,-0.000788036,
471,0.000323684,-0.0423323,-0.186668,-0.382369,-0.00486414,-0.00193945,0.205687,0.12079,0.530484,0.897337,-0.00989742,-0.0617698,0.43689,0.567793,0.817177,0.523969,-0.525428,-0.190024,-0.720522,-0.00351973,0.523378,3.13458,0.810272,1.04795,-0.322242,-0.929625,-0.74148,7.79646,0.574605,-0.0141921,-0.0610716,-8.12227,-1.33722,0.100934,-0.000715341,
472,-6.15709e-05,-0.0451973,-0.479664,-0.387913,-0.014653,-0.00207097,0.537881,0.222806,0.566458,0.895324,-0.0134236,-0.0759423,0.438689,0.56241,0.775066,0.5211,-0.529283,-0.549837,-0.763472,0.000627002,0.523341,2.70187,0.517305,0.421242,-0.453081,-0.235441,0.0521857,-2.13123,-2.23523,-0.0718018,-0.085842,-5.17438,-0.387272,0.086928,-0.00029256,
473,-0.000534288,-0.0455803,-0.466005,-0.309728,-0.0129627,-0.00208855,0.521591,0.217363,0.571268,0.89922,-0.0183595,-0.0818285,0.429385,0.371938,0.595022,0.51597,-0.533999,-0.529329,-0.741633,0.00539506,0.523323,2.30993,0.587895,-0.218779,-0.286237,-0.00534541,-0.397109,-5.46607,-4.94758,-0.149089,-0.101509,2.86146,1.24742,0.091773,-0.000128486,
474,-0.000889303,-0.0437896,-0.282803,-0.147062,0.00924992,-0.00200634,0.3116,0.151308,0.548781,0.902228,-0.00804837,-0.0833768,0.423046,0.0208845,0.497377,0.506683,-0.539458,-0.294985,-0.640551,0.00934786,0.523317,1.96494,0.698852,-0.67821,0.883681,-0.40098,-0.299222,-8.55329,0.563342,-0.220119,-0.11678,6.48146,2.78536,0.0687298,-1.43428e-05,
475,-0.00110356,-0.0406041,0.0775289,0.0840717,0.0426594,-0.00186014,-0.085479,0.0435637,0.50879,0.905949,0.0229333,-0.0589099,0.418641,-0.448049,0.51805,0.498065,-0.542933,0.0777632,-0.496741,0.0125118,0.523321,1.76351,0.729883,-0.953328,1.42466,0.595695,-0.435507,-10.1806,0.194615,-0.130099,-0.07066,8.40889,0.737821,0.0608742,0.000495784,
476,-0.00135478,-0.0360678,0.426951,0.15889,0.0257419,-0.00165204,-0.475316,-0.0711193,0.45187,0.921146,0.0403943,-0.0344906,0.385575,-0.578056,0.542389,0.500314,-0.546082,0.473677,-0.512959,0.0172949,0.523349,2.24511,0.506845,-1.20732,0.524808,1.56855,-2.24384,1.50398,0.769444,0.211206,-0.0222074,7.39678,-0.384667,0.121086,-0.000420164,
477,-0.00154524,-0.0312129,0.483456,0.103794,-1.21238e-05,-0.00142943,-0.544749,-0.0935201,0.390982,0.940907,0.00368178,0.00681036,0.338577,-0.427428,0.608276,0.514825,-0.547377,0.555637,-0.543003,0.0227983,0.523379,2.22464,0.194945,-0.703898,0.186174,-0.155774,-1.53695,4.46241,1.86644,0.358675,-0.0196413,-1.79085,-0.807733,0.0918149,0.00260099,
478,-0.00205039,-0.0347101,0.354913,-0.0464042,-0.0244266,-0.00158977,-0.391663,-0.0416089,0.434839,0.951387,0.00433477,-0.0200448,0.307315,-0.133078,0.711189,0.526387,-0.537597,0.380144,-0.5928,0.0272,0.523449,2.54778,-0.308029,1.45198,-0.0988018,-0.874895,-1.52616,7.36546,2.29191,-0.0221393,0.351408,-5.31333,-1.25629,0.0919641,-0.00107627,
479,-0.00268885,-0.0396082,0.0494685,-0.257069,-0.0548025,-0.00181444,-0.0532112,0.0558476,0.496292,0.961182,0.00672929,-0.043176,0.272432,0.290965,0.813949,0.520531,-0.521535,0.0495292,-0.661189,0.0312531,0.523397,2.70931,-0.365305,1.01499,-0.310501,-0.910635,-1.36035,9.57773,1.81966,-0.208601,0.119232,-7.89052,-1.47464,0.0703936,-0.000582975,
480,-0.00308819,-0.0428758,-0.324828,-0.38626,-0.0743563,-0.0019644,0.359505,0.169616,0.537308,0.963756,-0.0123665,-0.0577193,0.260174,0.573798,0.85463,0.498848,-0.522815,-0.343766,-0.721568,0.0331546,0.523361,2.36195,-0.487301,0.593157,-1.47349,0.261158,0.638507,-0.533146,-0.168186,-0.660735,-0.0619496,-7.85216,-0.95198,0.00190366,-0.000495412,
481,-0.00315252,-0.0443175,-0.499787,-0.355016,-0.0731303,-0.00203057,0.561698,0.235977,0.555409,0.959758,-0.0392208,-0.0546555,0.272651,0.487775,0.774897,0.453417,-0.526548,-0.581193,-0.736557,0.0327422,0.523329,1.94598,-0.429429,0.114309,-0.330586,0.448629,0.289422,-2.83741,-2.99532,-1.14072,-0.0871638,0.537225,0.337502,-0.0131432,-0.000211609,
482,-0.00297478,-0.043572,-0.411055,-0.254508,-0.055705,-0.00199635,0.457425,0.199838,0.546049,0.957723,-0.0501414,-0.0435265,0.279926,0.258751,0.56367,0.384601,-0.531257,-0.452127,-0.676902,0.0314258,0.523325,1.66584,-0.337061,-0.492836,-0.219638,0.621591,0.417111,-6.29274,-5.43524,-1.60822,-0.101452,4.57137,2.0362,-0.0402127,-4.4309e-05,
483,-0.00253475,-0.0408339,-0.144637,-0.0706082,-0.018027,-0.00187068,0.158252,0.112315,0.511675,0.95534,-0.0412017,-0.0320233,0.290865,-0.122672,0.491414,0.296392,-0.536745,-0.146179,-0.540226,0.0285761,0.523327,1.37947,-0.195691,-0.90003,0.954649,0.124215,0.416661,-8.94479,0.833238,-1.9176,-0.117728,7.63941,3.41953,-0.0693868,8.08971e-05,
484,-0.00199103,-0.0365357,0.24724,0.149249,-0.0084624,-0.00167349,-0.272558,-0.00485468,0.457739,0.954088,-0.0293386,-0.0182437,0.297529,-0.560345,0.519586,0.199623,-0.542896,0.255233,-0.511765,0.0250912,0.523346,1.56643,-0.342656,-1.28362,0.275791,0.417771,-0.533146,-3.74426,0.276762,-1.93643,-0.12202,8.42685,-0.316346,-0.0461828,0.00052092,
485,-0.00157228,-0.0315763,0.50151,0.155494,-0.0173861,-0.00144609,-0.564765,-0.100458,0.395538,0.95848,-0.0155601,0.0035171,0.284712,-0.540784,0.559441,0.105855,-0.546375,0.583947,-0.527736,0.0229299,0.523366,1.83742,-1.10918,-0.891863,2.26235,-0.650786,0.228782,1.68538,1.28323,-1.82253,-0.00408557,1.16498,-0.307667,-0.066624,0.00122523,
486,-0.00138969,-0.0323101,0.446581,0.076032,-0.0268709,-0.00147973,-0.49866,-0.0762743,0.404739,0.960163,0.00560104,-0.0133576,0.279065,-0.375703,0.644791,0.0156609,-0.540949,0.501136,-0.557502,0.0198064,0.523441,1.96194,-0.571699,0.947493,-0.955364,-0.582526,-0.326502,4.92465,2.14333,-1.80134,0.216635,-3.6178,-0.875994,-0.0675708,-7.26371e-06,
487,-0.0012769,-0.0357423,0.22811,-0.0860382,-0.0453505,-0.00163711,-0.250136,0.00192083,0.447787,0.96303,-0.00179571,-0.0363585,0.266925,-0.0559837,0.762109,-0.0763973,-0.528836,0.234333,-0.613671,0.0164493,0.523409,2.25721,-0.698512,0.757442,-0.247996,-1.07648,-0.644892,7.84494,2.54551,-1.88235,0.259818,-7.02921,-1.3641,-0.0667507,-0.000321263,
488,-0.00106279,-0.0405709,-0.144252,-0.291159,-0.0617854,-0.00185861,0.158606,0.112705,0.508374,0.962318,-0.0105501,-0.0695972,0.262658,0.362299,0.865487,-0.177262,-0.521565,-0.145781,-0.674096,0.0120594,0.52341,3.0073,-0.713509,1.74129,-0.914947,-1.32993,0.267673,8.86998,1.56997,-2.14627,-0.0332771,-8.16793,-1.03456,-0.106855,-0.00046365,
489,-0.00061929,-0.0463927,-0.456913,-0.396191,-0.0626735,-0.00212586,0.511379,0.217528,0.581472,0.954881,-0.0268481,-0.0988431,0.278766,0.575065,0.888116,-0.294164,-0.524001,-0.515997,-0.703564,0.00614365,0.523354,2.55199,-0.792205,1.16658,-0.926762,-0.605506,1.2327,-0.936495,-0.638748,-2.52906,-0.0584968,-6.65385,-0.155666,-0.129399,-0.000564921,
490,-6.56129e-05,-0.0496817,-0.472015,-0.352892,-0.0501023,-0.00227693,0.528818,0.223319,0.622794,0.948887,-0.04448,-0.1143,0.290811,0.446855,0.784498,-0.427982,-0.527488,-0.53828,-0.671424,0.000607724,0.52332,2.17271,-0.631255,0.504476,-0.790318,-0.318026,0.426083,-4.17203,-3.48464,-2.83707,-0.076999,2.30056,1.42812,-0.105954,-0.000265647,
491,0.000491142,-0.0503592,-0.313151,-0.229766,-0.0208691,-0.00230806,0.345916,0.164347,0.631308,0.944821,-0.061541,-0.125017,0.296474,0.158016,0.549776,-0.542885,-0.531706,-0.329992,-0.560853,-0.00448773,0.523302,1.95334,-0.44331,-0.167687,-0.69262,-0.192715,0.00087966,-7.34404,-5.88516,-0.148577,-0.0923666,6.00578,2.98435,-0.0938491,-0.000173586,
492,0.00097619,-0.0493335,0.0261338,-0.0339322,-0.0080244,-0.00226093,-0.0288593,0.0615822,0.618418,0.946244,-0.0516916,-0.122702,0.294779,-0.256958,0.502735,-0.529213,-0.535039,0.0261427,-0.505562,-0.0091057,0.523288,1.69214,-0.28226,-0.403078,0.897033,0.266198,-0.197785,-9.24271,0.561011,0.274266,-0.0537346,8.21828,-0.416178,-0.088615,0.000207933,
493,0.00128967,-0.0469624,0.388326,0.126631,-0.0159128,-0.00215202,-0.431473,-0.0538983,0.588628,0.951629,-0.0323463,-0.113597,0.28364,-0.581252,0.523435,-0.51663,-0.537933,0.422265,-0.519987,-0.0126386,0.523308,2.06392,-0.519454,-0.778274,0.582735,0.0521062,-1.4329,0.0793344,0.272658,0.243719,-0.0592489,7.64298,-0.131811,-0.0331668,0.00023707,
494,0.0014059,-0.0432152,0.481135,0.0973076,-0.0273912,-0.00197997,-0.538503,-0.0912711,0.541569,0.957657,-0.0155851,-0.112746,0.264458,-0.493612,0.560076,-0.507903,-0.540589,0.552081,-0.536207,-0.0149749,0.523316,2.47147,-0.61509,-0.98256,1.27108,0.3221,-0.363187,3.12858,1.18337,0.127461,-0.0106376,-1.08718,-0.511081,-0.0580504,-0.000785201,
495,0.00148339,-0.0384854,0.371923,-0.00113315,-0.0388415,-0.00176293,-0.412858,-0.0471481,0.482201,0.960363,0.0137812,-0.0963502,0.261207,-0.253794,0.635653,-0.506418,-0.540973,0.401341,-0.57786,-0.0177455,0.52333,2.76664,-0.664844,-1.42092,1.18741,0.246301,-0.202657,6.44003,1.83317,-0.0691859,-0.0111132,-4.91264,-1.14935,-0.052566,0.000378903,
496,0.00182481,-0.0359485,0.0997011,-0.171385,-0.0399203,-0.00164656,-0.109375,0.0405451,0.450373,0.95437,-0.00767295,-0.0373711,0.29618,0.125805,0.723635,-0.520529,-0.53301,0.100201,-0.63836,-0.0233726,0.523355,3.40534,0.229155,-0.549125,-0.384384,3.26567,2.2224,8.74991,1.69731,-0.448016,0.234966,-7.2778,-1.3138,-0.133259,0.000230255,
497,0.0022846,-0.0390147,-0.257043,-0.366871,-0.0470886,-0.00178721,0.284392,0.146682,0.488843,0.953248,-0.0056027,-0.0340345,0.300215,0.551892,0.753706,-0.526101,-0.522736,-0.266068,-0.674169,-0.0269589,0.523426,4.2933,-0.0635902,1.49355,0.0427453,-0.0369177,-0.123758,6.95968,-0.31974,0.0632166,0.0802179,-7.43588,-0.262286,-0.0536079,-0.00119853,
498,0.00282663,-0.0437583,-0.481787,-0.380131,-0.0391774,-0.0020049,0.540755,0.227499,0.548388,0.949848,-0.00772952,-0.0242588,0.311673,0.552759,0.670844,-0.524168,-0.523131,-0.553078,-0.660165,-0.0297333,0.523363,3.75305,-0.106136,0.89539,0.107192,0.589569,0.109751,-1.98843,-2.97096,0.016437,-0.0322871,-1.38557,0.814283,-0.0332925,-0.000641656,
499,0.00308618,-0.046198,-0.441006,-0.310104,-0.0191697,-0.00211691,0.492498,0.210828,0.579026,0.950017,-0.00788039,-0.00771578,0.312004,0.368693,0.486045,-0.523852,-0.525207,-0.493236,-0.578804,-0.0307458,0.523333,3.43419,0.0087577,0.382979,0.649917,0.395665,0.0337446,-5.3473,-1.05188,0.00118315,-0.0548103,3.18757,2.43335,-0.0138843,-0.000309238,
500,0.00314965,-0.0469542,-0.241023,-0.16008,-0.000140974,-0.00215164,0.265119,0.141398,0.588525,0.950199,0.00933503,0.0100024,0.311343,0.027889,0.507841,-0.523755,-0.528562,-0.248406,-0.499857,-0.0308717,0.523317,3.13337,0.127621,0.012065,0.886912,0.773147,-0.109239,-8.26237,0.503467,0.00117065,-0.0777482,6.57912,-0.378203,0.0112522,-0.000138228,
501,0.00298588,-0.046183,0.119896,0.0527687,-0.00611346,-0.00211623,-0.131244,0.0342507,0.578838,0.950548,0.0253047,0.0361732,0.307425,-0.418926,0.520785,-0.523573,-0.532843,0.120769,-0.518021,-0.0297562,0.523315,3.05747,0.21411,-0.398995,0.975074,0.766108,-0.2123,-9.59797,0.0946111,0.0060363,-0.0928206,8.17394,-0.192245,0.0332379,3.81102e-05,
502,0.00247387,-0.0435727,0.443411,0.135527,-0.0169398,-0.00199638,-0.494923,-0.0752105,0.546058,0.956771,0.0371102,0.0573091,0.282716,-0.577726,0.534673,-0.523051,-0.537458,0.496633,-0.522708,-0.0261337,0.523326,3.51083,-0.0800048,-0.915058,0.555719,0.552816,-1.53777,1.36208,0.464156,0.00445181,-0.0929062,6.86562,-0.0324794,0.10154,-3.56698e-05,
503,0.00190313,-0.0398819,0.470273,0.0788037,-0.0289341,-0.001827,-0.526266,-0.0860621,0.499726,0.963736,0.0322065,0.0397788,0.261903,-0.432049,0.582814,-0.523981,-0.541512,0.535674,-0.538425,-0.0219684,0.523357,3.31154,0.0679272,-0.970351,-1.00383,-1.59833,-0.680281,4.45372,1.44778,0.00386471,-0.0749717,-1.93038,-0.589148,0.0831629,-0.000205194,
504,0.00135054,-0.0351188,0.326596,-0.0494487,-0.045722,-0.00160851,-0.360951,-0.0303023,0.439966,0.968907,0.0165531,-0.00994264,0.24667,-0.129366,0.667609,-0.523813,-0.545336,0.345867,-0.582711,-0.0177072,0.523358,3.60717,0.0348392,-1.40141,-1.20791,-1.97584,-0.515149,7.62941,1.93664,0.00161754,-0.078085,-5.63348,-1.17434,0.0868952,6.23581e-05,
505,0.00107325,-0.0358799,0.0172518,-0.243789,-0.0593336,-0.00164342,-0.0196528,0.0658837,0.449513,0.969671,-0.00284257,-0.0299823,0.242551,0.285934,0.74385,-0.519577,-0.53705,0.0172544,-0.631817,-0.0137728,0.523391,4.94429,-0.562234,1.77253,0.189242,-0.00393346,-0.294678,8.91786,1.082,0.104839,0.405901,-7.50875,-0.745919,0.0899234,0.00054912,
506,0.000873426,-0.0418417,-0.332607,-0.392441,-0.0644469,-0.00191693,0.368194,0.172652,0.524325,0.969356,0.000621349,-0.0240057,0.244484,0.596061,0.751414,-0.524923,-0.521425,-0.353045,-0.655846,-0.00960918,0.523374,4.53894,-0.650688,1.21132,0.221077,0.600437,0.886476,-0.484308,-0.758138,-0.122245,0.0290349,-7.3135,-0.224385,0.0669251,-0.000411354,
507,0.000564879,-0.0455139,-0.494387,-0.362213,-0.0534831,-0.00208551,0.555411,0.234022,0.570434,0.965717,0.00143515,-0.00504957,0.259545,0.497214,0.642542,-0.524609,-0.523193,-0.572637,-0.635123,-0.0057123,0.523343,4.17402,-0.509223,0.633294,0.314391,0.848764,0.0954113,-3.15096,-3.57306,0.0267153,-0.0532041,0.405477,1.04058,0.0942588,-0.000355104,
508,0.000115866,-0.0470241,-0.410797,-0.262652,-0.0296019,-0.00215485,0.457323,0.200242,0.589402,0.964857,0.0093092,0.0173698,0.262035,0.254127,0.485358,-0.523947,-0.526375,-0.451782,-0.54137,-0.00113398,0.523322,3.86766,-0.340462,0.176238,1.0802,0.484859,0.111046,-6.54564,0.170924,0.00333605,-0.0780001,4.38891,2.7025,0.0859363,-0.000213261,
509,-0.000324683,-0.0470929,-0.152861,-0.0822522,-0.0208723,-0.00215801,0.167476,0.115365,0.590268,0.963514,0.0314253,0.0432214,0.262269,-0.139723,0.512748,-0.523814,-0.530815,-0.154685,-0.506015,0.00317301,0.523313,3.62634,-0.197245,-0.152724,1.15991,0.973521,-0.0478107,-9.18693,0.362295,0.00128079,-0.098479,7.47139,-0.456479,0.0856581,-4.29854e-05,
510,-0.000737341,-0.0456806,0.233658,0.133846,-0.0262554,-0.00209316,-0.257236,8.55059e-05,0.572528,0.96208,0.0530617,0.0731855,0.257353,-0.588177,0.521781,-0.523727,-0.53603,0.240363,-0.520165,0.00742905,0.523317,3.83876,-0.320593,-0.600865,0.973345,0.814562,-1.03881,-3.45515,0.0641526,0.0056525,-0.105616,8.33877,-0.120564,0.112574,0.000362329,
511,-0.00129332,-0.0441061,0.492825,0.118261,-0.0410435,-0.00202087,-0.55143,-0.0954775,0.552755,0.972092,0.0453078,0.0552293,0.223461,-0.544269,0.550263,-0.523733,-0.540572,0.570182,-0.526343,0.013497,0.5234,3.43038,-0.29948,-0.530099,-0.850838,-1.53249,-0.803,2.20685,1.05948,-0.00186235,-0.0854109,1.43106,-0.122977,0.0953473,-0.00173275,
512,-0.00156439,-0.0409769,0.443913,0.0353672,-0.0528728,-0.00187725,-0.495083,-0.0738987,0.51347,0.977619,0.0311009,0.00819542,0.207909,-0.347422,0.623599,-0.523824,-0.544903,0.497344,-0.54982,0.0175748,0.523345,3.76291,-0.366131,-1.02006,-1.04688,-1.93814,-0.511577,5.64325,1.86462,-0.000849509,-0.0884152,-3.50755,-0.808279,0.0719676,-0.000422226,
513,-0.00162079,-0.0362074,0.229945,-0.117791,-0.070129,-0.00165844,-0.253512,0.00252675,0.453621,0.979266,0.0108755,-0.0476823,0.196588,0.00859701,0.720494,-0.523891,-0.549377,0.236325,-0.602295,0.0206109,0.523352,4.13487,-0.262982,-1.12291,-2.38155,-1.45936,0.060913,8.56941,1.99347,-0.0013437,-0.0846626,-6.86757,-1.25888,0.0390086,0.000654569,
514,-0.00180002,-0.0379431,-0.130314,-0.322742,-0.0801389,-0.00173805,0.141642,0.109781,0.475398,0.979244,-0.00521926,-0.0335065,0.199827,0.453371,0.788116,-0.52212,-0.537883,-0.131438,-0.648461,0.0218415,0.523373,5.09435,-0.766689,1.35931,0.920491,0.371588,-0.414998,9.23308,0.725936,-0.0484184,0.367242,-7.96081,-0.678759,0.0346934,0.000686908,
515,-0.00204827,-0.0420973,-0.442158,-0.383247,-0.080003,-0.00192866,0.493626,0.213234,0.527534,0.977902,0.0143515,-0.0109878,0.208281,0.57153,0.764178,-0.52486,-0.521318,-0.494862,-0.661462,0.0223974,0.523361,4.61036,-0.837285,0.744415,0.972918,0.904336,0.637614,-1.37807,-1.65974,0.0232557,0.119697,-6.57952,0.152254,-0.00134136,-0.00011404,
516,-0.00217204,-0.0439267,-0.468994,-0.32753,-0.0681786,-0.00201263,0.525173,0.224012,0.550502,0.976895,0.0368571,0.020209,0.209546,0.424762,0.613066,-0.524066,-0.522633,-0.533767,-0.615093,0.02276,0.52334,4.22066,-0.590936,0.186942,1.20303,1.12215,-0.0941183,-4.47314,-4.36588,0.00508176,-0.0578787,1.85951,1.69078,0.00215546,-0.000186752,
517,-0.00211927,-0.0439082,-0.328283,-0.193902,-0.042806,-0.00201178,0.362977,0.171534,0.550269,0.97429,0.0703602,0.0528945,0.207389,0.121863,0.490874,-0.52397,-0.526155,-0.347877,-0.507783,0.0222164,0.523328,3.94119,-0.379768,-0.118302,1.97713,1.00746,-0.118221,-7.62067,0.567134,0.000172698,-0.0847755,5.54718,0.721425,-0.021934,-0.000154763,
518,-0.00203784,-0.0449024,-0.010498,0.00531225,-0.0474784,-0.00205743,0.0130405,0.0743409,0.562755,0.974743,0.0858385,0.048363,0.200422,-0.310185,0.516105,-0.523883,-0.529939,-0.0104986,-0.515734,0.0208887,0.523364,3.16592,-0.0281413,0.0864792,0.4719,-0.441484,-0.298594,-9.63115,0.259431,0.00127229,-0.0814059,7.91386,-0.244836,-0.033388,-0.0010734,
519,-0.00190822,-0.0440884,0.353635,0.137062,-0.0582268,-0.00202006,-0.391248,-0.0391504,0.552532,0.978713,0.0965709,0.0382404,0.177009,-0.584463,0.529259,-0.523847,-0.534116,0.37857,-0.522182,0.019922,0.523337,3.49113,-0.35533,-0.520448,0.186498,-0.695746,-1.74882,0.855357,0.273211,3.56896e-06,-0.0839878,7.6573,-0.0482743,0.00619791,-0.0002369,
520,-0.00205137,-0.0423222,0.491665,0.0924988,-0.0773191,-0.00193899,-0.551964,-0.0937792,0.530358,0.988215,0.0733049,0.0161707,0.133401,-0.477421,0.567658,-0.523918,-0.537925,0.568363,-0.530395,0.0223119,0.523333,3.39087,-0.157543,-0.436707,-2.00183,-1.1257,-1.52546,3.37436,1.25466,-0.000874865,-0.0698584,-0.780416,-0.284791,0.065213,0.00014934,
521,-0.00214663,-0.039657,0.394397,-0.0191778,-0.0994706,-0.00181668,-0.438326,-0.05304,0.496904,0.994852,0.0249252,-0.0201831,0.096127,-0.223542,0.64566,-0.523995,-0.541469,0.430138,-0.561291,0.0249199,0.523343,3.66808,-0.302035,-0.882816,-2.20808,-1.48238,-1.33724,6.75509,1.85767,-0.000701496,-0.0718225,-4.71797,-0.94269,0.0389296,0.000134007,
522,-0.00201537,-0.0356793,0.119246,-0.194219,-0.123965,-0.00163422,-0.126833,0.0377731,0.446997,0.996039,-0.0201663,-0.0536644,0.0679723,0.177427,0.732164,-0.52391,-0.544106,0.120104,-0.616404,0.0260083,0.52333,3.64856,-0.624864,-0.768123,0.285067,1.24566,0.219132,9.2147,1.60828,0.010327,0.0754184,-7.67073,-1.26296,-0.0181377,-0.00253118,
523,-0.00224011,-0.0398648,-0.254368,-0.379065,-0.133147,-0.00182621,0.280553,0.148982,0.499511,0.997201,-0.00943044,-0.0337206,0.0660617,0.576099,0.760437,-0.524536,-0.532761,-0.263102,-0.650923,0.0258694,0.523391,4.10218,-1.74898,1.17414,0.468016,0.769662,0.466385,2.11968,-0.243981,-5.74392e-05,0.23388,-7.89856,-0.440938,-0.0207803,-0.000561713,
524,-0.00230787,-0.0433433,-0.491997,-0.370465,-0.126272,-0.00198585,0.552729,0.235132,0.543176,0.996754,-4.23176e-05,-0.00922401,0.0799738,0.531799,0.679085,-0.524188,-0.522295,-0.568884,-0.645092,0.0245094,0.523355,3.74611,-1.54578,0.579105,0.558898,1.07688,-0.00430073,-2.05083,-2.98599,0.00396797,0.0765353,-1.25127,0.66376,-0.0180387,-0.000512563,
525,-0.00225551,-0.0445662,-0.441716,-0.294299,-0.108866,-0.00204199,0.493218,0.214373,0.558533,0.996691,0.0150417,0.0199018,0.0773617,0.342895,0.494004,-0.524142,-0.523093,-0.494238,-0.569653,0.0232947,0.523333,3.50672,-1.27706,0.0899433,1.16424,0.886092,-0.086308,-5.47803,-1.18541,-0.000183321,-0.04388,3.52945,2.34674,-0.0372314,-0.000211115,
526,-0.00202298,-0.0442851,-0.226519,-0.13685,-0.094343,-0.00202909,0.248889,0.140084,0.555002,0.995051,0.0481869,0.0467134,0.0732714,-0.00440341,0.509612,-0.524105,-0.525926,-0.232609,-0.503651,0.0210261,0.523324,3.31025,-1.03536,-0.218127,1.46658,1.23077,-0.225686,-8.39151,0.438824,0.00031971,-0.0676856,6.90964,-0.365169,-0.0513791,-5.73397e-05,
527,-0.00174527,-0.0441668,0.14871,0.0763428,-0.101291,-0.00202365,-0.162578,0.0288211,0.553516,0.994762,0.0593568,0.0517864,0.0651498,-0.455405,0.521086,-0.524068,-0.529038,0.150387,-0.519064,0.0181883,0.523368,2.50508,-0.366697,0.135703,-0.59227,-1.03513,-0.40233,-9.63789,0.0852091,0.00041709,-0.0550258,8.3979,-0.155177,-0.0613675,-0.000189141,
528,-0.00155898,-0.0433736,0.467522,0.135045,-0.115205,-0.00198724,-0.522866,-0.0823499,0.543557,0.998403,0.0410624,0.0219169,0.0320074,-0.575362,0.539158,-0.524065,-0.531782,0.531578,-0.52287,0.0165447,0.523343,2.80372,-0.863345,-0.508127,-0.815207,-1.43726,-1.53329,1.52764,0.636775,-0.0010178,-0.056129,5.72556,-0.0264355,-0.0280873,-0.000353362,
529,-0.00120769,-0.0402785,0.466666,0.0703533,-0.128513,-0.0018452,-0.522209,-0.0818973,0.504705,0.99955,0.0187742,-0.0218818,0.00828314,-0.416771,0.595099,-0.52412,-0.534561,0.530309,-0.539299,0.0138032,0.523341,3.20048,-1.10492,-1.0126,-1.01668,-1.97192,-0.742855,4.80113,1.58933,-5.33543e-05,-0.057791,-2.48912,-0.623571,-0.0641128,-2.3029e-05,
530,-0.000793738,-0.0355305,0.299535,-0.0656592,-0.146226,-0.00162739,-0.329972,-0.0189515,0.445129,0.99716,-0.0115828,-0.0738863,-0.00891153,-0.0978042,0.685113,-0.524152,-0.537504,0.314151,-0.584234,0.0102861,0.523356,3.58088,-1.21225,-0.915331,-1.87169,-0.867387,0.0706588,7.91761,1.99175,-0.00183523,0.0230087,-6.04129,-1.09583,-0.094158,-0.000299702,
531,-0.00033153,-0.0361945,-0.0274425,-0.266917,-0.15269,-0.00165785,0.0257106,0.0810781,0.45346,0.999492,-0.006397,-0.0310026,0.00371524,0.336025,0.767162,-0.524127,-0.520702,-0.0274529,-0.630946,0.00421741,0.523373,4.46813,-1.70557,1.14475,0.708788,0.252923,-0.59111,9.25461,1.13356,0.00121053,0.154916,-7.69913,-0.705071,-0.0917018,0.00292363,
532,3.70908e-05,-0.0411232,-0.367869,-0.387828,-0.158587,-0.00188396,0.408464,0.187062,0.515306,0.999942,-0.000569642,-0.0104344,-0.00270738,0.589377,0.769321,-0.524225,-0.522331,-0.396244,-0.644784,-0.000415205,0.523382,4.12754,-1.74304,0.972688,0.178473,1.19756,0.424475,-1.05854,-0.952674,-0.000587689,-0.0707913,-7.1122,0.0388112,-0.105236,-0.000572892,
533,0.000465769,-0.0438563,-0.484,-0.346647,-0.149533,-0.0020094,0.543026,0.231902,0.549619,0.999737,0.00555054,0.022166,-0.00216422,0.470723,0.651806,-0.524214,-0.526289,-0.556473,-0.608592,-0.00488844,0.523347,3.87141,-1.42815,0.406519,0.336888,1.40027,-0.344072,-3.65074,-3.72601,-7.02535e-05,-0.0876677,0.691509,1.39581,-0.0764307,-0.000304094,
534,0.000838614,-0.044528,-0.389925,-0.233469,-0.127873,-0.00204024,0.433306,0.194864,0.558053,0.998199,0.0203617,0.0554303,-0.0105481,0.205188,0.48889,-0.5242,-0.531168,-0.424331,-0.50648,-0.00866859,0.52333,3.7016,-1.11579,0.0202215,1.06612,1.24083,-0.329578,-6.94558,0.0661515,0.000118118,-0.111703,4.56342,1.00091,-0.0757755,-0.000234833,
535,0.00117301,-0.0441939,-0.122004,-0.0425284,-0.133918,-0.0020249,0.128752,0.108457,0.553857,0.994991,0.0465558,0.0858819,-0.0211866,-0.204501,0.513397,-0.524152,-0.537149,-0.122924,-0.514165,-0.012217,0.523341,3.24374,-0.393698,0.210677,-0.072776,0.00259089,-0.490964,-9.43314,0.340172,9.33168e-05,-0.112643,7.48314,-0.291787,-0.0661499,0.0033034,
536,0.00143582,-0.045001,0.257307,0.133476,-0.143801,-0.00206195,-0.282091,-0.00499621,0.563992,0.99664,0.022017,0.0670145,-0.0416197,-0.582848,0.522399,-0.524148,-0.542456,0.26636,-0.521853,-0.0146855,0.523359,3.14014,-0.42765,-0.0999188,-1.12758,-0.948592,-1.91014,-0.566138,0.0522908,0.000585433,-0.104889,8.08933,-0.0575619,-0.00618769,-0.00072966,
537,0.00139319,-0.0434821,0.498421,0.108701,-0.162389,-0.00199222,-0.559818,-0.0963539,0.544919,0.995348,-0.0106164,0.0404908,-0.0867776,-0.51968,0.54953,-0.524189,-0.547758,0.579019,-0.525535,-0.0147482,0.523334,3.38948,-0.748005,-0.669179,-1.14486,-1.47769,-1.23244,2.23945,1.02648,-0.000754144,-0.105182,1.12361,-0.0904802,-0.0187632,-3.89556e-05,
538,0.00136375,-0.0398764,0.441668,0.0259496,-0.177175,-0.00182674,-0.49301,-0.0718716,0.499657,0.992751,-0.0465871,0.00112769,-0.110792,-0.320202,0.619499,-0.524227,-0.553032,0.49417,-0.547559,-0.0157443,0.523338,3.61511,-1.00013,-1.12103,-1.37295,-1.8694,-0.948475,5.71526,1.76355,-0.000109136,-0.106256,-3.76097,-0.782323,-0.0174602,7.38295e-05,
539,0.00141112,-0.0377256,0.215167,-0.13191,-0.188112,-0.00172807,-0.237422,0.00827353,0.472668,0.993898,-0.0159864,-0.0203836,-0.107214,0.0287291,0.706833,-0.523992,-0.551954,0.220362,-0.59808,-0.0172215,0.52333,3.19392,-1.9646,-0.223465,3.14281,-1.00423,0.218194,8.24081,1.73146,-0.0119335,0.101167,-7.14849,-1.23086,-0.0238612,0.000873004,
540,0.00150843,-0.0370464,-0.165498,-0.326927,-0.190781,-0.00169692,0.181227,0.121545,0.464146,0.996561,0.0142099,-0.0044806,-0.0815124,0.469218,0.764847,-0.524314,-0.546537,-0.167821,-0.650226,-0.018747,0.523369,3.44199,-2.19261,-0.222001,-0.292903,2.08217,1.56564,9.37042,0.606349,0.000458586,0.110674,-8.39123,-0.895142,-0.0335046,7.30721e-05,
541,0.00190466,-0.0366749,-0.476712,-0.37123,-0.169862,-0.00167988,0.535261,0.228774,0.459485,0.999095,0.0214086,0.0336236,-0.0148753,0.578131,0.731794,-0.524308,-0.541932,-0.545354,-0.671435,-0.0239116,0.523301,1.99126,-1.69759,0.471989,-0.692045,-0.0990125,2.81933,-1.68953,-1.92259,0.00110516,0.090905,-5.54936,0.0365438,-0.225995,-0.00112492,
542,0.00274945,-0.0374791,-0.467174,-0.30278,-0.13739,-0.00171676,0.521933,0.224768,0.469575,0.998573,0.00884006,0.0332736,0.0408355,0.409795,0.570103,-0.524241,-0.53801,-0.531062,-0.627838,-0.0337757,0.523343,1.73153,-1.33872,-0.0763383,-0.567234,0.105055,2.08029,-5.02393,-4.52567,0.00011177,0.0696246,2.78045,1.69537,-0.181634,0.000844924,
543,0.00333186,-0.0363281,-0.287826,-0.151454,-0.0892141,-0.00166397,0.317196,0.159597,0.455136,0.99532,0.00783938,0.0294423,0.0917089,0.0801102,0.500885,-0.524174,-0.535232,-0.300706,-0.512224,-0.0422288,0.523358,1.46069,-1.11487,-0.47852,0.10174,-0.0430624,1.94244,-8.1396,0.542087,0.000380169,0.0427987,6.40329,1.20152,-0.151956,1.32387e-05,
544,0.00359429,-0.0338744,0.0692557,0.0680811,-0.0716814,-0.00155145,-0.0759124,0.052148,0.424357,0.99006,0.00320362,0.0257337,0.138232,-0.369268,0.51897,-0.524058,-0.533286,0.0694225,-0.515069,-0.048859,0.523368,0.997062,-0.892505,-0.678899,-0.988354,-0.739045,1.79968,-9.82281,0.161546,0.000995411,0.0420628,8.38807,-0.258558,-0.116484,0.000142816,
545,0.00348619,-0.0304631,0.421097,0.184477,-0.0616109,-0.00139506,-0.467585,-0.0640793,0.381581,0.985696,-0.00668335,-0.00551526,0.168312,-0.596321,0.539123,-0.523971,-0.530421,0.465673,-0.522086,-0.0527019,0.523378,1.0391,-1.41291,-0.760933,1.30056,-1.13727,0.365546,1.49117,0.642577,0.000610728,0.166143,7.48436,-0.0536034,-0.0342606,-0.00123751,
546,0.00357776,-0.0307014,0.482915,0.116757,-0.06566,-0.00140598,-0.541951,-0.0899942,0.384568,0.986126,0.00101112,-0.0142356,0.165382,-0.4517,0.600926,-0.523789,-0.521673,0.554806,-0.53396,-0.0536662,0.523429,1.20558,-0.694334,0.955728,-0.288261,-0.977729,-0.578961,4.18729,1.78016,0.0105227,-0.00270499,-1.62686,-0.409589,-4.78854e-05,0.00050746,
547,0.00393449,-0.0340176,0.35283,-0.0311598,-0.079009,-0.00155802,-0.390319,-0.0382427,0.426153,0.987164,-0.000805555,-0.0433898,0.153701,-0.160665,0.708508,-0.523884,-0.523288,0.37758,-0.569868,-0.0532582,0.523418,1.50132,-0.793114,0.619833,-0.362595,-1.31957,-0.376321,7.44977,2.52389,-0.00346139,-0.037113,-5.44456,-1.02767,0.0169378,-0.000245918,
548,0.00431242,-0.0373208,0.047064,-0.238713,-0.0883813,-0.0017095,-0.0583533,0.0582327,0.467589,0.984202,-0.0138492,-0.0676902,0.163013,0.264963,0.824112,-0.524007,-0.523376,0.0471162,-0.623162,-0.0532011,0.523441,2.2778,-0.893869,1.46043,-0.90173,-2.56595,0.170108,9.41739,1.96645,0.00169353,-0.0034541,-7.72662,-0.987701,0.0113274,0.00474353,
549,0.0051344,-0.0447079,-0.316034,-0.399349,-0.0883946,-0.0020485,0.351143,0.167554,0.560311,0.976318,-0.0341399,-0.110514,0.182823,0.59422,0.873585,-0.524067,-0.523687,-0.333376,-0.654985,-0.0528598,0.523401,2.19127,-0.94936,1.62031,-1.06628,-0.973831,1.75649,-0.353176,0.0696209,-0.000878691,-0.0154982,-7.64197,-0.392899,0.00259378,-0.0017129,
550,0.00556766,-0.0499488,-0.491949,-0.375994,-0.0725269,-0.0022892,0.552771,0.232942,0.62615,0.965426,-0.0619161,-0.13201,0.216085,0.501263,0.803799,-0.524038,-0.524881,-0.568809,-0.643376,-0.0512932,0.523332,1.88125,-0.782865,0.985286,-1.06951,-0.527731,0.883254,-2.98488,-2.83538,0.000534718,-0.0342821,0.242251,0.844016,0.0665957,-0.000610017,
551,0.00536977,-0.0526773,-0.413557,-0.28465,-0.0457945,-0.00241459,0.460477,0.200885,0.660447,0.959206,-0.0784212,-0.141087,0.232094,0.266538,0.596831,-0.524003,-0.525684,-0.455481,-0.559632,-0.046901,0.523295,1.63059,-0.623993,0.369316,-0.308634,-0.0555971,0.634184,-6.3738,-5.42494,0.00049314,-0.00520049,4.23633,2.49334,0.107659,-0.000182196,
552,0.0047165,-0.0532334,-0.163032,-0.111149,-0.027854,-0.00244015,0.178694,0.117823,0.667439,0.95529,-0.0801308,-0.141832,0.246746,-0.119195,0.493523,-0.523898,-0.52672,-0.165251,-0.509697,-0.0407636,0.523286,1.331,-0.449979,-0.0873765,0.248462,-0.101065,0.548249,-9.03671,0.671054,0.0012616,-0.034996,7.34905,-0.298164,0.138917,-5.65462e-05,
553,0.00372039,-0.0519946,0.220348,0.102813,-0.0262794,-0.00238321,-0.24227,0.0036733,0.651865,0.953398,-0.0721529,-0.139633,0.257544,-0.563939,0.517466,-0.523799,-0.528503,0.22594,-0.52057,-0.0329226,0.523283,1.47437,-0.558744,-0.449795,0.563788,0.037159,-0.499072,-3.78157,0.222261,0.00275597,-0.0213623,8.30752,-0.102148,0.200571,0.000223632,
554,0.00236049,-0.0496417,0.484938,0.0997801,-0.0335041,-0.00227509,-0.54388,-0.0928664,0.622291,0.959027,-0.0571243,-0.13642,0.241646,-0.541765,0.547137,-0.523745,-0.529382,0.557918,-0.524646,-0.0218812,0.523292,1.87765,-0.793904,-0.703511,0.730132,0.0392888,-0.128185,1.75896,0.961088,-0.00122752,-0.00325873,1.7001,-0.0610587,0.208188,5.33261e-05,
555,0.00117092,-0.0462871,0.445096,0.0284528,-0.0371183,-0.00212101,-0.496637,-0.0756439,0.580146,0.960375,-0.0344934,-0.128654,0.244824,-0.368247,0.612417,-0.523797,-0.52877,0.499023,-0.544534,-0.0116426,0.523301,2.16568,-0.80139,-0.970413,1.34578,0.253992,0.0102857,5.1568,1.64364,-0.000485808,0.0358283,-3.20559,-0.727499,0.205324,-0.000267073,
556,0.000144055,-0.041503,0.244694,-0.113553,-0.047019,-0.00190139,-0.268998,-0.00351701,0.520074,0.961158,-0.00594482,-0.116154,0.250297,-0.035769,0.697665,-0.523819,-0.527242,0.252434,-0.593835,-0.00159781,0.523317,2.45518,-0.804328,-1.40991,1.34836,0.232165,0.112721,8.11877,1.76409,-0.000413094,0.0376749,-6.62909,-1.23725,0.19645,-1.40621e-05,
557,-0.000415645,-0.038198,-0.106199,-0.302114,-0.0451024,-0.00174974,0.115947,0.100858,0.478595,0.954551,-0.00918187,-0.0636877,0.291018,0.403457,0.761947,-0.524004,-0.521499,-0.106803,-0.651292,0.00500974,0.523339,3.37455,-0.0209562,-0.503429,0.00129048,3.32862,2.83443,9.44475,0.815417,0.00135614,0.00855596,-7.78852,-1.07415,0.0839159,0.000150547,
558,-0.000841645,-0.0381824,-0.417845,-0.371079,-0.0325538,-0.00174903,0.46533,0.201229,0.4784,0.941002,-0.000377322,-0.00939609,0.338269,0.567715,0.736442,-0.523743,-0.523649,-0.461261,-0.675704,0.0101484,0.523359,3.37103,-0.239524,-0.0951795,1.22574,2.11835,2.22959,-1.0365,-1.67419,-0.00377148,-0.0563301,-6.47508,-0.0438995,0.0954323,-8.70977e-05,
559,-0.00122712,-0.0368623,-0.482751,-0.31475,-0.00788425,-0.00168847,0.540099,0.226104,0.461836,0.923866,0.00908439,0.0476576,0.379628,0.441813,0.586855,-0.523791,-0.52677,-0.554555,-0.641055,0.0153271,0.52336,2.3558,-0.137746,-0.079473,-0.193351,0.515034,1.49122,-3.98242,-4.28861,-0.000609981,-0.0516072,1.49737,1.4229,0.106154,0.00109433,
560,-0.00162452,-0.0371643,-0.357356,-0.190713,0.0324651,-0.00170232,0.396144,0.177018,0.465625,0.910444,0.000282972,0.0183415,0.413225,0.15985,0.50075,-0.523696,-0.529176,-0.383158,-0.529782,0.0201256,0.523372,1.57501,-0.102638,-0.137269,-0.583261,-1.22655,1.38345,-7.26556,0.484188,0.00160695,-0.0563314,5.32024,3.01248,0.0873368,-0.000297587,
561,-0.00188867,-0.0357179,-0.0515916,0.0102734,0.0485691,-0.00163599,0.0564481,0.0806471,0.447481,0.896794,-0.00661365,-0.007947,0.442327,-0.259407,0.518609,-0.517795,-0.532303,-0.0516604,-0.510537,0.0243469,0.523363,1.345,-0.127204,-0.631554,-0.703401,-0.671531,1.20037,-9.48568,0.168734,0.23383,-0.0682612,7.919,-0.364811,0.0793165,-4.44382e-05,
562,-0.00202169,-0.0324908,0.326484,0.177699,0.0521538,-0.00148801,-0.36029,-0.0361318,0.407006,0.888708,-0.00408462,-0.0180368,0.458101,-0.595048,0.528537,-0.496906,-0.53373,0.345734,-0.52116,0.0286534,0.523354,1.6423,-0.214981,-0.809106,1.40904,0.293114,-0.477309,0.343954,0.231887,0.614997,0.076196,7.99914,-0.0863561,0.114338,-0.000357582,
563,-0.00217383,-0.0298549,0.485025,0.142391,0.0464935,-0.00136718,-0.545606,-0.0976958,0.373956,0.893028,-0.000460909,-0.00248443,0.449994,-0.501053,0.571827,-0.457434,-0.529106,0.558051,-0.531328,0.0335325,0.523405,1.25228,0.131445,0.161942,-0.983832,-0.731506,-0.441307,2.97111,1.44985,0.979782,0.132273,-0.382552,-0.294795,0.0827505,0.00163204,
564,-0.0026495,-0.0329693,0.407053,0.0271596,0.0348868,-0.00150995,-0.452541,-0.0649285,0.413006,0.898568,0.0104285,-0.0296778,0.437705,-0.27672,0.664246,-0.397782,-0.521481,0.446791,-0.559127,0.0370057,0.523432,1.77273,0.338171,0.85323,-0.388671,-1.42407,-0.328656,6.10007,2.29768,1.34297,-0.0290391,-4.10088,-0.858545,0.050921,-0.000180656,
565,-0.00302464,-0.0366367,0.165944,-0.158957,0.0238945,-0.00167813,-0.181475,0.0163299,0.459007,0.895709,0.011305,-0.0486369,0.441828,0.094269,0.78067,-0.326976,-0.523358,0.168286,-0.61073,0.0380116,0.523399,2.02643,0.623628,0.821566,-0.258707,-0.457721,0.487574,8.72851,2.35806,1.50068,-0.0386003,-7.06101,-1.22317,-0.00179943,-0.000245247,
566,-0.00330831,-0.0410086,-0.199897,-0.369462,0.01577,-0.0018787,0.219372,0.124171,0.513868,0.888169,0.00585912,-0.0784892,0.452726,0.544918,0.861081,-0.249092,-0.525211,-0.204038,-0.661461,0.0371379,0.523411,2.66531,0.810026,1.97273,-1.27123,-1.15126,0.740433,7.5696,0.723251,1.60992,-0.0442456,-7.73659,-0.646214,-0.0351962,-4.63333e-05,
567,-0.00352538,-0.0476302,-0.47473,-0.39178,0.0247954,-0.00218269,0.532444,0.21894,0.597016,0.869725,-0.0197199,-0.107776,0.481221,0.555794,0.82848,-0.169251,-0.527915,-0.54236,-0.670215,0.0340629,0.523356,2.27979,0.571432,1.37467,-1.44449,-0.379313,1.35938,-1.77222,-2.00243,1.61444,-0.0604758,-4.81519,0.290107,-0.0681549,-0.000667499,
568,-0.00346169,-0.0517864,-0.463609,-0.332325,0.0435653,-0.00237364,0.51909,0.21352,0.649247,0.858344,-0.0462033,-0.125295,0.49539,0.38365,0.659193,-0.0854374,-0.530947,-0.525792,-0.616112,0.0307568,0.523309,1.88936,0.579527,0.749703,-0.829261,0.151076,0.621786,-5.09059,-4.74643,1.71754,-0.0455381,2.70244,1.86064,-0.0738462,-0.000425168,
569,-0.0030706,-0.0535501,-0.287031,-0.191168,0.0754399,-0.00245471,0.316538,0.148954,0.671421,0.850115,-0.0617645,-0.130142,0.50651,0.05151,0.467855,0.00636639,-0.533762,-0.299799,-0.50348,0.026381,0.523291,1.50906,0.564015,0.228079,-0.117383,-0.0645952,0.579973,-8.17186,0.465443,1.95525,-0.0701287,6.30881,0.676469,-0.101538,-0.000164382,
570,-0.0024344,-0.0534502,0.0654251,0.0204707,0.0766495,-0.00245012,-0.0714433,0.0425809,0.670165,0.843744,-0.0655727,-0.130027,0.516612,-0.399227,0.509082,0.115596,-0.537707,0.0655656,-0.514729,0.0209542,0.523283,1.34666,0.577453,-0.296847,-0.0696486,0.0791726,0.40245,-9.84305,0.507613,2.41045,-0.0863894,8.28911,-0.284064,-0.115342,-4.82227e-05,
571,-0.00186405,-0.0517132,0.415478,0.1078,0.0701638,-0.00237028,-0.461573,-0.0717203,0.648327,0.850492,-0.0691019,-0.131143,0.504668,-0.572697,0.537309,0.247908,-0.541638,0.458066,-0.522121,0.0165854,0.523283,1.82766,0.575186,-0.448163,0.437357,0.768678,-1.36102,1.15261,0.622897,2.84989,-0.0355609,7.42148,-0.0545444,-0.0656984,-0.000797076,
572,-0.00129551,-0.0493033,0.480753,0.0537167,0.0593356,-0.00225954,-0.539077,-0.0979412,0.618038,0.863449,-0.0671835,-0.113677,0.486847,-0.441757,0.58754,0.398636,-0.54329,0.551498,-0.537863,0.0120917,0.523293,2.20079,0.802438,-0.806888,0.269978,0.549859,-0.589521,4.06846,1.37947,3.1891,-0.0360501,-1.51162,-0.572719,-0.103753,0.000203628,
573,-0.00065522,-0.045231,0.354703,-0.0687098,0.0435859,-0.00207252,-0.393011,-0.0473951,0.566882,0.871209,-0.068141,-0.102316,0.475272,-0.156026,0.664559,0.546842,-0.545252,0.379885,-0.583765,0.00666739,0.523307,2.53044,0.829624,-1.22878,-0.0346029,0.413535,-0.139671,7.32931,1.69448,0.750215,-0.0427819,-5.33223,-1.25859,-0.119394,0.000205596,
574,-0.000221117,-0.0419553,0.0491955,-0.248559,0.0186973,-0.00192214,-0.0537956,0.0504302,0.525751,0.885925,-0.0478689,-0.0748293,0.455244,0.25614,0.732041,0.533512,-0.540352,0.0492552,-0.653516,0.00242606,0.523325,3.62819,0.380109,-0.0965503,3.0363,0.123608,-2.79919,9.0103,0.983423,-0.330772,0.284164,-7.85563,-1.51723,-0.0210498,2.20702e-05,
575,-6.00878e-05,-0.0403525,-0.323942,-0.381927,-0.0152156,-0.00184859,0.356533,0.165616,0.505633,0.911777,0.0116312,-0.0414476,0.408423,0.579905,0.733922,0.519493,-0.526952,-0.342714,-0.717239,0.000685507,0.52334,3.57249,0.112367,-0.463366,0.194982,1.77618,0.0603763,-0.0267119,-0.918351,-0.2965,0.2402,-7.69204,-0.982383,-0.090903,0.00104878,
576,0.000299117,-0.0376006,-0.496142,-0.342244,-0.0176783,-0.00172234,0.55733,0.230979,0.4711,0.910733,-0.0191873,0.00639553,0.4125,0.501903,0.618752,0.502055,-0.522529,-0.575405,-0.733858,-0.0036626,0.523348,3.25336,0.122533,-0.972139,-0.218419,2.38845,-0.234995,-2.71942,-3.65749,-0.375741,-0.0235069,0.416021,0.289882,-0.0709872,-0.000187752,
577,0.000747273,-0.0343036,-0.411894,-0.237931,-0.00276459,-0.00157113,0.458819,0.196682,0.429741,0.908385,-0.0271278,0.0423796,0.415095,0.283323,0.49403,0.480366,-0.523961,-0.453251,-0.676978,-0.0100308,0.523315,1.75201,-0.266474,0.0388368,-0.282094,-1.29595,0.691757,-5.92626,0.378125,-0.491469,-0.0171998,4.42432,1.97633,-0.249857,-0.000410851,
578,0.00160455,-0.0334803,-0.152398,-0.067347,0.0358143,-0.00153338,0.165928,0.110791,0.419415,0.902187,-0.0188969,0.00834233,0.43085,-0.0805673,0.516148,0.456158,-0.525068,-0.154205,-0.544338,-0.0220684,0.52336,1.42115,-0.255024,-0.500747,-0.1861,-1.33807,0.591085,-8.60653,0.249023,-0.476777,-0.0287179,7.51049,3.31955,-0.230596,0.00068668,
579,0.00218454,-0.0307793,0.235627,0.152057,0.0499654,-0.00140955,-0.258087,-0.00528938,0.385546,0.897287,-0.0128384,-0.00944423,0.441159,-0.528051,0.522326,0.438884,-0.525642,0.242509,-0.502949,-0.0326848,0.523366,1.39322,-0.247447,-0.674191,0.860101,0.620269,-0.0639484,-7.70091,0.0434653,-0.234917,0.0697912,8.37024,-0.548935,-0.183327,-0.000616952,
580,0.00259351,-0.0304407,0.490779,0.162861,0.0388222,-0.00139403,-0.551237,-0.0994573,0.381299,0.904435,0.000785553,-0.00448068,0.426588,-0.549161,0.546639,0.437271,-0.522815,0.566978,-0.525191,-0.039236,0.523393,0.646795,-0.437412,0.501748,-0.520252,-0.548454,-0.432786,1.73665,0.912954,0.143393,-0.0124154,1.35503,-0.318419,-0.102972,0.000469917,
581,0.00304443,-0.0320043,0.442669,0.0772075,0.0263266,-0.00146571,-0.494102,-0.0783545,0.400906,0.909399,-2.8267e-05,-0.0140557,0.415687,-0.37616,0.620576,0.450627,-0.523475,0.495583,-0.558855,-0.0438053,0.523405,1.02908,-0.454112,0.434167,0.419514,-0.516655,-0.941804,5.09907,2.0005,0.420585,-0.00428755,-3.45254,-1.01747,-0.065551,5.09538e-06,
582,0.00354756,-0.0351316,0.236967,-0.0853525,0.0035236,-0.0016091,-0.26082,-0.00419186,0.440126,0.918114,0.00271368,-0.0296291,0.395199,-0.0533705,0.728131,0.47532,-0.523427,0.243971,-0.619333,-0.046496,0.523421,1.89358,-0.365496,1.29358,-0.629011,-0.538932,-0.995983,7.77332,2.2868,0.536149,0.00113739,-6.55006,-1.37976,-0.0393778,0.000293972,
583,0.00409422,-0.039561,-0.122127,-0.290898,-0.0230219,-0.00181228,0.134319,0.103625,0.4957,0.927778,-0.00161002,-0.0525975,0.369404,0.368432,0.823,0.502183,-0.523634,-0.12305,-0.686619,-0.0476448,0.523395,2.04516,-0.419454,0.966142,-0.349885,-1.14261,-1.30696,9.0764,1.50664,0.541984,-0.0076582,-8.11612,-1.30713,-0.00369422,-0.000473831,
584,0.00467127,-0.0438719,-0.437677,-0.392091,-0.0330814,-0.00201012,0.488914,0.20782,0.549814,0.925768,-0.0185001,-0.078899,0.369306,0.581646,0.83892,0.522157,-0.524767,-0.488559,-0.727636,-0.0490099,0.523365,1.89309,-0.512535,0.96455,-1.16265,-0.356579,0.994136,-1.12077,-0.807086,0.275858,-0.0383441,-6.59863,-0.38304,-0.0355186,-0.000575985,
585,0.0049685,-0.0464446,-0.482094,-0.344328,-0.0244838,-0.00212824,0.540711,0.225527,0.582124,0.919594,-0.0426477,-0.0935898,0.379169,0.447899,0.727795,0.524354,-0.527156,-0.553548,-0.708261,-0.0492351,0.523333,1.5446,-0.44098,0.329573,-1.06213,-0.115651,0.33598,-4.20694,-3.61611,-0.11798,-0.0558403,1.96268,1.14368,0.017605,-0.000248723,
586,0.00480372,-0.0464595,-0.338155,-0.216849,0.00165692,-0.00212892,0.374298,0.170651,0.58231,0.914541,-0.0656783,-0.104006,0.385336,0.155375,0.504,0.514299,-0.530353,-0.359716,-0.611156,-0.0475869,0.523316,1.23145,-0.379859,-0.27277,-0.512117,-0.233583,0.425312,-7.46647,-2.24129,-0.279783,-0.0722117,5.75977,2.73432,0.0444168,-0.000269134,
587,0.00433183,-0.0449489,-0.0103479,-0.0138266,0.030755,-0.00205956,0.0108075,0.0699048,0.563338,0.914467,-0.059167,-0.0902211,0.390012,-0.270127,0.508325,0.500045,-0.532344,-0.0103485,-0.499555,-0.0443574,0.523307,0.959279,-0.272299,-0.551219,0.5504,0.761806,0.065474,-9.53776,0.468037,-0.273189,-0.0395989,8.18619,-0.072355,0.0844546,0.000340728,
588,0.00352433,-0.0419969,0.364068,0.151225,0.0227972,-0.00192406,-0.403798,-0.0472008,0.526274,0.920265,-0.0576109,-0.0709322,0.380477,-0.60102,0.527962,0.492695,-0.53448,0.391491,-0.516837,-0.0386302,0.523331,1.44146,-0.433194,-0.924162,-0.0183792,0.650698,-1.45513,0.521591,0.325786,-0.0122593,-0.0422013,7.90264,-0.235129,0.166508,0.000302913,
589,0.00251818,-0.037978,0.490716,0.114203,0.00845464,-0.00173965,-0.550945,-0.0974842,0.475835,0.931244,-0.0629821,-0.0425497,0.356381,-0.494729,0.571285,0.495585,-0.534484,0.566881,-0.536901,-0.0305276,0.523337,1.81924,-0.392434,-1.16689,0.266978,1.39493,-0.526809,3.41061,1.40265,0.124591,0.0178808,-0.919483,-0.566237,0.156025,0.000255491,
590,0.00158159,-0.0348229,0.389038,0.0073702,-0.0144704,-0.00159495,-0.431962,-0.0546837,0.436255,0.944551,-0.0314158,-0.0255716,0.325858,-0.247319,0.657621,0.506124,-0.529147,0.423185,-0.581784,-0.0209129,0.523366,2.4312,-1.33805,-0.0347919,3.26599,-0.410218,-2.54352,6.3495,1.9904,0.356165,0.296374,-4.78477,-1.22039,0.245531,-3.88166e-05,
591,0.000802233,-0.0354685,0.117822,-0.172167,-0.044902,-0.00162455,-0.132192,0.0353323,0.444352,0.956858,0.000412728,-0.0330408,0.288669,0.130703,0.751813,0.518838,-0.521783,0.118649,-0.646706,-0.0104144,0.523502,3.54848,-0.800464,1.12407,-1.75178,-2.11763,-0.046669,8.66561,1.59055,0.139485,-0.0319098,-7.23023,-1.23037,0.145558,0.00227994,
592,0.000286063,-0.0420592,-0.24451,-0.381591,-0.0574685,-0.00192691,0.27109,0.142888,0.527055,0.955662,-0.0135062,-0.0614958,0.287656,0.567695,0.79214,0.517395,-0.523587,-0.252231,-0.696516,-0.00313088,0.523415,3.69398,-0.906697,1.49214,-0.7523,-0.664244,0.287114,7.25369,0.12627,-0.200506,-0.0440891,-7.71353,-0.825038,0.137598,-0.00167939,
593,-0.000289082,-0.0467009,-0.482512,-0.390172,-0.051756,-0.00214001,0.541578,0.227617,0.585343,0.947114,-0.0318903,-0.0723973,0.310994,0.557993,0.72831,0.496133,-0.526567,-0.554188,-0.710559,0.00284886,0.523345,3.14243,-0.953432,0.857512,-0.749297,-0.0403821,0.703699,-2.24526,-2.65416,-0.610722,-0.0690252,-1.51694,0.254534,0.128311,-0.000608417,
594,-0.000969728,-0.0488664,-0.442616,-0.314475,-0.033257,-0.00223947,0.494315,0.21086,0.612548,0.941388,-0.0510562,-0.0765964,0.324524,0.3611,0.527348,0.457229,-0.530401,-0.495509,-0.65654,0.00913211,0.523318,2.87084,-0.883558,0.225566,-0.75949,0.127727,0.672378,-5.60266,-5.3633,-0.946218,-0.0840397,3.17723,1.89335,0.11986,-0.000254075,
595,-0.00153421,-0.0489481,-0.243198,-0.156815,0.00560737,-0.00224323,0.267483,0.141,0.613576,0.935112,-0.0490665,-0.0801764,0.341658,0.00751574,0.498142,0.40544,-0.535066,-0.250791,-0.524944,0.0144237,0.523303,2.5589,-0.772615,-0.244128,0.424848,-0.309446,0.678917,-8.51771,0.727625,-1.12515,-0.101907,6.58049,3.3552,0.0976746,-9.65616e-05,
596,-0.00195882,-0.0471325,0.117932,0.0654575,0.0155194,-0.00215983,-0.129094,0.0333363,0.590765,0.930031,-0.0464882,-0.0779341,0.356101,-0.452119,0.518925,0.351616,-0.540629,0.118763,-0.507535,0.0191267,0.523305,2.44628,-0.745128,-0.695159,0.0954342,0.103793,0.54674,-9.85574,0.166622,-1.02779,-0.118058,8.18956,-0.466011,0.0881703,4.16184e-05,
597,-0.00236889,-0.043748,0.442975,0.134376,0.00761197,-0.00200443,-0.493231,-0.0766958,0.548259,0.933912,-0.0490057,-0.0746679,0.346166,-0.576421,0.538756,0.30528,-0.545709,0.496017,-0.523969,0.0249242,0.523309,2.86515,-1.06981,-0.837306,0.603741,1.40252,-0.700911,1.49536,0.61694,-0.830727,-0.0173015,6.90533,-0.194121,0.122979,-0.00110524,
598,-0.00254067,-0.039794,0.470366,0.0752961,0.00123939,-0.00182296,-0.527046,-0.088054,0.498623,0.936895,-0.0479628,-0.034562,0.344575,-0.42402,0.593461,0.26522,-0.545726,0.535813,-0.5475,0.0293926,0.523326,3.30912,-0.991587,-1.22067,0.506681,1.40996,0.126751,4.58955,1.56421,-0.758586,-0.00239084,-1.91813,-0.743718,0.0730461,0.000428812,
599,-0.00254669,-0.035097,0.327743,-0.0544643,-0.0154259,-0.00160751,-0.360864,-0.032673,0.439692,0.941972,-0.0207178,-0.0224038,0.334303,-0.118613,0.682316,0.229283,-0.544856,0.347233,-0.599238,0.033411,0.523366,3.72953,-1.54681,-0.702134,3.38198,-1.02383,-1.69902,7.49811,1.94325,-0.649366,0.152572,-5.57254,-1.30502,0.109071,-0.00102605,
600,-0.00283899,-0.0363375,0.0208222,-0.251701,-0.0381259,-0.0016644,-0.0210918,0.0632998,0.455253,0.948531,0.00522698,-0.0299598,0.315221,0.300663,0.756769,0.193827,-0.534362,0.0208267,-0.66155,0.0359728,0.523484,4.7174,-0.458958,1.48522,-0.424473,-0.172348,-0.0365097,9.2154,0.97731,-0.76979,0.303234,-7.45176,-1.10407,0.00291548,-0.00113436,
601,-0.00313108,-0.0412005,-0.327612,-0.380739,-0.0440476,-0.00188751,0.363436,0.169209,0.516277,0.944799,-0.00775577,-0.0305767,0.326127,0.571318,0.757677,0.148444,-0.521517,-0.347077,-0.703277,0.0349844,0.52339,4.29385,-0.595616,0.941062,-0.519931,0.505135,1.23044,-0.505718,-0.917444,-1.05261,0.0562818,-7.27069,-0.576643,-0.0471195,-0.00111384,
602,-0.00309566,-0.0438188,-0.491202,-0.352678,-0.0343396,-0.00200768,0.551655,0.230614,0.549147,0.936514,-0.0266968,-0.0195145,0.349066,0.485467,0.643154,0.0894643,-0.523022,-0.567639,-0.700328,0.0325182,0.523347,3.95393,-0.53575,0.365433,-0.475782,0.776551,0.558465,-2.86394,-3.63976,-1.2952,-0.0511013,0.278527,0.681836,-0.0471198,-0.000386786,
603,-0.00283327,-0.0442278,-0.412109,-0.255596,-0.0106358,-0.00202646,0.4588,0.19837,0.554283,0.931221,-0.0383249,-0.00438244,0.362409,0.256832,0.484725,0.0201267,-0.526023,-0.453538,-0.624704,0.0294862,0.523329,3.63623,-0.456876,-0.110551,0.406959,0.409082,0.648152,-6.25459,0.184368,-1.47416,-0.0712591,4.24505,2.33603,-0.0770504,-0.000179842,
604,-0.0023471,-0.0428435,-0.16116,-0.0767547,0.0263856,-0.00196291,0.176542,0.115168,0.536901,0.926342,-0.0280423,0.0110664,0.375476,-0.12304,0.51264,-0.0535343,-0.530049,-0.163302,-0.49413,0.0252173,0.523326,3.34378,-0.39779,-0.54232,0.531969,0.677311,0.483446,-8.91817,0.367221,-1.47422,-0.0902292,7.33854,0.632795,-0.0901371,7.12151e-06,
605,-0.00178914,-0.0398826,0.221245,0.139679,0.0247935,-0.00182703,-0.243542,0.00115555,0.499736,0.922896,-0.0256758,0.0333888,0.382739,-0.562041,0.521784,-0.120514,-0.534814,0.226907,-0.512293,0.0206521,0.523336,3.55314,-0.475071,-0.96941,0.207543,0.755283,-0.473867,-3.75248,0.0648525,-1.18818,-0.0954326,8.27668,-0.375545,-0.0673128,0.000424714,
606,-0.00135123,-0.0358925,0.492676,0.142089,0.0157776,-0.001644,-0.553352,-0.0985884,0.449671,0.928285,-0.00599042,0.0317372,0.370464,-0.540629,0.5502,-0.174166,-0.53965,0.569948,-0.529511,0.0173339,0.523364,3.68214,-0.98836,-0.991746,1.62564,-1.95674,0.430839,1.75628,1.06487,-0.984585,-0.0993541,2.2407,-0.311126,-0.100649,0.000332494,
607,-0.000841333,-0.0325619,0.451995,0.0705615,0.0108409,-0.00149127,-0.506349,-0.0810562,0.407897,0.925464,0.00613282,0.00598669,0.37874,-0.36578,0.62735,-0.218909,-0.544588,0.508886,-0.562988,0.0118981,0.523395,3.35242,-0.202041,-0.114726,-1.62412,-1.00682,0.0377424,5.20207,2.00451,-0.800591,-0.100467,-3.33084,-1.00873,-0.107779,0.00123605,
608,-0.000480167,-0.0355708,0.253713,-0.0943083,-0.00387056,-0.00162924,-0.27886,-0.00905252,0.445635,0.925341,0.00608594,-0.0300551,0.377893,-0.0372546,0.734285,-0.255856,-0.540178,0.262377,-0.621845,0.00621547,0.523406,3.85943,0.110765,1.52619,-0.0831739,-0.633383,0.114667,7.92399,2.26566,-0.684618,0.286909,-6.48059,-1.33817,-0.128129,-0.000152356,
609,2.39244e-05,-0.0407281,-0.104093,-0.306022,-0.018543,-0.00186583,0.114299,0.0979483,0.510347,0.922991,0.00966796,-0.046457,0.381885,0.39567,0.826815,-0.289985,-0.526443,-0.104663,-0.688302,-0.000270419,0.523385,3.93102,0.156754,1.06375,-0.114139,-0.681417,0.255076,9.38014,1.44036,-0.680975,0.262079,-8.18669,-1.31865,-0.131327,-0.000306529,
610,0.000695435,-0.0439191,-0.434321,-0.385804,-0.0217184,-0.00201228,0.484644,0.205698,0.550406,0.91424,0.00301201,-0.0493265,0.402147,0.565709,0.840369,-0.328073,-0.522104,-0.483873,-0.733792,-0.00728843,0.523347,3.51103,-0.0657263,0.52693,-0.351148,0.415561,1.30744,-0.956707,-0.870455,-0.831436,-0.0372034,-6.98871,-0.517586,-0.143568,-0.000250594,
611,0.0013019,-0.0448139,-0.483426,-0.33672,-0.0121765,-0.00205336,0.542142,0.225234,0.561643,0.907217,-0.00903026,-0.0386723,0.418783,0.44063,0.727317,-0.3718,-0.524532,-0.555591,-0.721415,-0.0133714,0.523329,3.09554,-0.0109543,-0.0691023,-0.172711,0.684576,0.505967,-4.02464,-3.6306,-0.926702,-0.0575437,1.94702,0.999497,-0.109429,-0.000106808,
612,0.00174631,-0.0434027,-0.340247,-0.208278,0.0142616,-0.00198858,0.376407,0.1705,0.543923,0.902317,-0.0190335,-0.0222175,0.43008,0.156836,0.504043,-0.419308,-0.527848,-0.362242,-0.631318,-0.0185202,0.523323,2.75145,0.0211032,-0.592004,0.351576,0.557824,0.534878,-7.29848,-2.22821,-0.971273,-0.0785561,5.75545,2.59895,-0.100035,-5.98182e-05,
613,0.00202023,-0.0402522,-0.013257,-0.00338086,0.0519915,-0.00184399,0.0142897,0.0695427,0.504374,0.897869,-0.00800467,-0.00593082,0.44015,-0.260833,0.50841,-0.463948,-0.53231,-0.0132581,-0.493038,-0.0231052,0.523329,2.51154,0.0463014,-0.96262,0.621421,0.621235,0.325479,-9.39133,0.466228,-0.818188,-0.0971807,8.1833,0.64811,-0.0788149,0.000133197,
614,0.00199487,-0.0356198,0.362103,0.166134,0.0464407,-0.00163149,-0.401584,-0.0480445,0.44625,0.89894,-0.0065031,0.0134337,0.437818,-0.590763,0.529854,-0.493808,-0.537223,0.389044,-0.512018,-0.0257868,0.523352,2.96518,-0.076658,-1.39679,0.137167,0.613118,-1.06191,0.275295,0.400234,-0.363876,-0.0965931,7.92391,-0.390639,-0.00885351,0.000323266,
615,0.00175953,-0.0303951,0.490157,0.138607,0.0353932,-0.00139194,-0.549664,-0.0991846,0.380728,0.904314,0.00818167,-0.0116187,0.426632,-0.49651,0.580258,-0.503953,-0.541832,0.566007,-0.539297,-0.026659,0.52339,2.38228,-0.0494836,-0.576336,-1.35146,-1.65706,-0.196316,3.15654,1.59101,-0.0254785,-0.0315274,-0.873792,-0.695585,-0.0244329,-0.000348074,
616,0.0020585,-0.0339106,0.39604,0.0184977,0.0203469,-0.00155311,-0.440505,-0.0599533,0.424812,0.908746,0.00722169,-0.0175288,0.416918,-0.264713,0.677266,-0.492606,-0.528496,0.432282,-0.585304,-0.0279522,0.52341,2.61316,0.442646,1.20025,0.0163866,-0.484705,-0.456766,6.21287,2.34676,0.407926,0.344209,-4.55278,-1.21422,-0.0227437,0.000378636,
617,0.00236709,-0.03779,0.128895,-0.170024,-0.000292934,-0.00173103,-0.1411,0.0287681,0.473476,0.912463,0.0124124,-0.0307248,0.407815,0.110574,0.794745,-0.468959,-0.522035,0.129982,-0.655186,-0.0288389,0.523396,2.86902,0.520972,0.79815,-0.354312,-0.533918,-0.117269,8.77541,2.34609,0.530659,-0.0338138,-7.49509,-1.56538,-0.0187456,2.1993e-05,
618,0.00270979,-0.0417807,-0.248826,-0.377057,-0.0154258,-0.00191413,0.2743,0.140998,0.523559,0.910346,0.00355028,-0.0554404,0.410101,0.558381,0.872694,-0.443115,-0.524086,-0.25698,-0.720791,-0.0298561,0.523393,3.25379,0.605927,1.53269,-0.624253,-0.884624,0.206224,7.3921,0.681791,0.507732,-0.0569264,-7.96139,-0.96652,-0.0155818,-0.000502973,
619,0.00310704,-0.0466948,-0.490852,-0.389535,-0.0139004,-0.00213973,0.551407,0.228033,0.585266,0.901511,-0.0106452,-0.0684436,0.427177,0.556449,0.83672,-0.422662,-0.527424,-0.567093,-0.741931,-0.0306236,0.523345,2.72635,0.433973,0.931276,-0.635942,0.0132845,0.35209,-2.11678,-2.09376,0.352088,-0.076787,-1.32091,0.108418,0.00958012,-0.000550153,
620,0.00314385,-0.0491786,-0.44215,-0.316708,-0.000901272,-0.00225382,0.49378,0.20771,0.616472,0.899053,-0.0259492,-0.0721216,0.431078,0.364247,0.663207,-0.407916,-0.531667,-0.49485,-0.694981,-0.0294178,0.523318,2.43299,0.442247,0.313424,-0.585229,0.223111,0.213427,-5.54245,-4.8259,0.235133,-0.0923588,3.48249,1.75679,0.0348802,-0.000262054,
621,0.00292623,-0.0492917,-0.229077,-0.160864,0.0311629,-0.00225901,0.251807,0.1338,0.617892,0.896535,-0.0352569,-0.0725149,0.435573,0.013984,0.46966,-0.396636,-0.536798,-0.235382,-0.570949,-0.0273186,0.523303,2.08459,0.50448,-0.201697,0.245369,-0.264874,0.215035,-8.44596,0.417391,0.220155,-0.115867,6.86826,3.20107,0.0470001,-0.000113996,
622,0.00251902,-0.0476585,0.143821,0.057874,0.0476284,-0.00218399,-0.157523,0.0230202,0.597372,0.895325,-0.0308753,-0.0722879,0.438422,-0.439574,0.509466,-0.380164,-0.542948,0.145336,-0.508125,-0.0243248,0.523303,1.98001,0.540059,-0.630231,0.0394965,0.123257,0.0228397,-9.68559,0.495953,0.436696,-0.128907,8.34968,-0.327181,0.0722886,3.73797e-05,
623,0.00180021,-0.0443548,0.46317,0.129463,0.0363152,-0.00203229,-0.51822,-0.0872967,0.555878,0.904672,-0.0333571,-0.0752362,0.418086,-0.569924,0.54407,-0.34887,-0.5493,0.525147,-0.521818,-0.0186812,0.523317,2.55981,0.408251,-1.04529,-0.316561,-0.140504,-1.16473,1.28836,0.889608,0.793628,-0.126799,5.7452,-0.182106,0.130252,9.40267e-05,
624,0.00114524,-0.0403832,0.466144,0.0735032,0.0245639,-0.00185,-0.52217,-0.0879348,0.506018,0.913441,-0.0149146,-0.0527105,0.403268,-0.424147,0.611337,-0.304182,-0.550884,0.529536,-0.546154,-0.0130555,0.523316,2.87766,0.583897,-1.15945,1.32255,0.704151,-0.638164,4.53363,1.79264,1.00362,-0.00831705,-2.35244,-0.794877,0.111303,0.000518016,
625,0.00057093,-0.0347441,0.304567,-0.0535111,0.00632238,-0.00159133,-0.336435,-0.0263051,0.435266,0.920022,0.00756866,-0.026008,0.39093,-0.118278,0.712226,-0.250711,-0.551438,0.319979,-0.601032,-0.00756641,0.523347,3.18063,0.643593,-1.67816,1.14347,0.554108,-0.528653,7.67729,2.23726,1.13381,-0.0136542,-6.00161,-1.39364,0.107907,0.000317156,
626,0.000237294,-0.037299,-0.0138436,-0.251536,-0.00964508,-0.00170851,0.0199064,0.0715502,0.467316,0.923064,0.00315896,-0.0356444,0.382979,0.293883,0.796033,-0.19438,-0.540304,-0.013845,-0.653636,-0.00292912,0.523541,4.46941,0.925324,1.81037,-0.533184,-0.665801,-0.371231,8.97573,1.13371,1.12554,0.313469,-7.57107,-0.789247,0.0890818,-0.00326803,
627,-0.0001007,-0.0435174,-0.354766,-0.398873,-0.0162784,-0.00199384,0.394765,0.176995,0.545362,0.922899,-0.0027384,-0.0514581,0.381579,0.600969,0.804337,-0.141891,-0.525503,-0.379962,-0.678542,0.00106513,0.523392,4.07806,0.732507,1.27603,-0.474138,-0.0788189,0.749715,-0.625788,-0.774208,0.95568,0.277098,-7.08654,-0.218453,0.0613162,-0.00156689,
628,-0.000468802,-0.0474226,-0.485619,-0.365794,-0.00718605,-0.00217315,0.545052,0.226966,0.594408,0.918636,-0.0152765,-0.0533692,0.391185,0.493182,0.693503,-0.0978202,-0.522061,-0.558967,-0.656731,0.00454953,0.523336,3.70971,0.760488,0.679401,-0.434805,0.255866,0.0606428,-3.40724,-3.63545,0.812674,-0.0429625,0.550043,1.07782,0.0786525,-0.00040887,
629,-0.000871802,-0.0489506,-0.396816,-0.261698,0.0163344,-0.00224334,0.441259,0.191737,0.613606,0.918011,-0.0259347,-0.0502575,0.392501,0.239107,0.481669,-0.0594592,-0.524674,-0.433296,-0.562572,0.00819577,0.523313,3.37984,0.834516,0.145561,0.201343,-0.00221048,0.12896,-6.72806,-1.16503,0.725679,-0.0645318,4.44546,2.68312,0.062666,-0.000261097,
630,-0.00117367,-0.0487409,-0.135101,-0.077365,0.0301848,-0.00223371,0.147959,0.106744,0.610972,0.917636,-0.0181453,-0.0446288,0.394491,-0.161097,0.506223,-0.0209174,-0.528488,-0.136354,-0.509073,0.0110812,0.523304,3.09714,0.916951,-0.272906,0.387095,0.260827,-0.00188612,-9.25979,0.56362,0.814598,-0.086407,7.409,-0.310916,0.0542336,-5.17896e-05,
631,-0.0014028,-0.04673,0.244467,0.129914,0.0255896,-0.00214135,-0.269208,-0.00645138,0.585708,0.920102,-0.0120769,-0.0356362,0.389868,-0.586741,0.520816,0.0246423,-0.533065,0.252184,-0.520468,0.0138158,0.52331,3.40138,0.834898,-0.729933,0.126628,0.175042,-1.20849,-2.1893,0.104605,1.0253,-0.0915371,8.14261,-0.1074,0.0852554,0.000326678,
632,-0.00169245,-0.0429189,0.493014,0.117629,0.0113447,-0.00196637,-0.553607,-0.0983839,0.537849,0.933226,-0.0117968,-0.0346694,0.357418,-0.535,0.549763,0.079437,-0.537681,0.570478,-0.526733,0.0181517,0.523321,3.85242,0.802832,-1.1843,-0.0859956,-0.140991,-0.845623,2.19646,1.0474,1.14674,-0.0923768,1.32702,-0.144233,0.0599517,0.000186569,
633,-0.00165908,-0.0373108,0.442726,0.042745,-0.00115519,-0.00170904,-0.493334,-0.0762277,0.467464,0.938934,-0.0128867,-0.0429978,0.341156,-0.338565,0.622428,0.137236,-0.542336,0.495665,-0.551819,0.0204729,0.523338,4.14072,0.831333,-1.53516,0.16413,0.133235,-0.627325,5.63156,1.84818,1.1675,-0.0563392,-3.54041,-0.850638,0.0368042,-0.000749436,
634,-0.00158214,-0.0328583,0.229338,-0.109729,-0.0200259,-0.00150486,-0.269255,0.000214191,0.411615,0.945059,0.0186249,-0.00438619,0.32634,0.0136864,0.719123,0.193839,-0.538603,0.235666,-0.605297,0.0221726,0.523484,4.67348,0.303105,0.374863,0.180542,-0.964448,-0.55596,8.33089,1.93038,1.08279,0.105933,-6.69668,-1.12077,0.0312942,0.0126939,
635,-0.00189577,-0.0377342,-0.136107,-0.324643,-0.0319528,-0.00172847,0.153433,0.109186,0.472776,0.947229,0.00509584,-0.0319141,0.318926,0.459243,0.776555,0.242386,-0.534016,-0.137389,-0.642224,0.0231309,0.523494,4.89208,0.275577,1.50965,-1.1416,-0.465798,-0.132961,9.51558,0.524164,0.867115,0.073264,-8.25421,-0.520354,0.0103377,-0.00310654,
636,-0.00206806,-0.0426011,-0.454886,-0.386392,-0.0272653,-0.00195178,0.509308,0.21576,0.533859,0.941309,-0.0234139,-0.042057,0.334097,0.575956,0.74224,0.277437,-0.531201,-0.513059,-0.647368,0.0223459,0.523378,4.38377,0.0913399,0.942453,-1.32253,0.255451,1.07226,-1.54765,-1.872,0.551942,0.0438977,-6.7764,0.306819,-0.0292842,-0.000844925,
637,-0.00208956,-0.0450939,-0.47212,-0.328213,-0.0103887,-0.00206622,0.528952,0.222509,0.565159,0.936623,-0.0555196,-0.0430554,0.343222,0.418589,0.580208,0.300627,-0.529624,-0.538438,-0.592924,0.0213278,0.52334,3.97161,0.213676,0.316177,-1.19814,0.439818,0.351883,-4.72852,-4.58928,0.358712,0.0216309,2.25235,1.85748,-0.0253588,-0.000274723,
638,-0.00191892,-0.0454342,-0.31537,-0.189671,0.0138524,-0.00208185,0.348383,0.164207,0.569434,0.932456,-0.0745377,-0.0420871,0.350998,0.102418,0.494511,0.316507,-0.529161,-0.332596,-0.506174,0.0194391,0.523323,3.62454,0.316278,-0.123855,-0.385195,0.309812,0.369411,-7.89511,0.671714,0.277095,-0.00426615,5.95119,0.00710339,-0.0466037,-0.000146795,
639,-0.00160486,-0.0438876,0.0210267,0.0226469,0.0134261,-0.00201084,-0.0230065,0.0618344,0.550011,0.929267,-0.0862298,-0.0358031,0.357416,-0.339984,0.517586,0.332719,-0.529846,0.0210314,-0.518211,0.0168317,0.523321,3.46094,0.387096,-0.655012,-0.301667,0.4138,0.267394,-9.78432,0.209582,0.370778,-0.022437,8.17526,-0.174082,-0.0574282,2.18973e-05,
640,-0.00132221,-0.0404324,0.383793,0.147113,0.00781265,-0.00185226,-0.426108,-0.053615,0.506635,0.93219,-0.101453,-0.0334871,0.345844,-0.581716,0.531581,0.353954,-0.531038,0.416432,-0.52263,0.0150545,0.523336,3.96034,0.145688,-1.07151,-0.799873,0.302436,-1.2503,1.033,0.354451,0.478354,-0.0249424,7.64782,-0.0319259,-0.00932875,9.94046e-05,
641,-0.00110085,-0.0373342,0.484224,0.102123,0.000907748,-0.00171012,-0.54358,-0.0941178,0.467758,0.937396,-0.0907202,-0.029401,0.334955,-0.464657,0.575437,0.378815,-0.528537,0.556818,-0.53343,0.0135759,0.523344,3.59109,-0.858641,0.0235052,3.13152,-1.52673,0.257357,3.58479,1.39337,0.521636,0.148227,-1.05425,-0.380762,-0.0396648,0.000583892,
642,-0.000904153,-0.0366112,0.376213,-0.0196971,-0.00384281,-0.00167696,-0.416815,-0.0503973,0.458686,0.93759,-0.00444839,-0.0426632,0.345087,-0.202142,0.661965,0.404307,-0.522804,0.406766,-0.569122,0.0113707,0.523368,3.87743,-0.875921,-0.374,3.13832,-1.28551,0.29278,6.89496,2.0592,0.497052,0.0126964,-4.91615,-1.04243,-0.0508259,-0.000406151,
643,-0.000594664,-0.0363117,0.0942116,-0.207405,-0.0110979,-0.00166322,-0.103113,0.0404779,0.454929,0.931191,0.0111989,-0.0210934,0.363748,0.202191,0.756936,0.427429,-0.523514,0.094633,-0.628744,0.00754031,0.523388,3.99874,0.161392,0.00185296,-0.951207,1.44541,1.20621,9.26354,1.74742,0.426578,-0.0221168,-7.56053,-1.33171,-0.0994802,5.89403e-05,
644,-0.000293255,-0.0395037,-0.276568,-0.391738,-0.0188127,-0.00180965,0.305975,0.151129,0.49498,0.927956,0.012985,-0.0243011,0.37167,0.609899,0.789834,0.447622,-0.524717,-0.287924,-0.673024,0.00341758,0.523393,4.25118,-0.0051831,0.913921,0.350498,-0.187906,1.0018,1.58922,-0.240426,0.33318,-0.0390904,-7.81961,-0.605253,-0.100288,-0.00103731,
645,0.000131974,-0.0419595,-0.484947,-0.366916,-0.00962145,-0.00192234,0.544201,0.226612,0.525804,0.917676,0.0199432,-0.0212494,0.396258,0.532366,0.706339,0.460424,-0.527125,-0.557932,-0.674835,-0.00144786,0.523355,3.84858,-0.0317959,0.326173,0.402318,0.142038,0.548142,-2.77048,-3.07474,0.201397,-0.0559498,-0.417755,0.522144,-0.0811764,-0.000354739,
646,0.000497093,-0.0421388,-0.427385,-0.272644,0.0118105,-0.00193057,0.476595,0.202842,0.528055,0.911935,0.0277843,-0.0122132,0.40921,0.309419,0.504067,0.468669,-0.530292,-0.474274,-0.607884,-0.00543025,0.523339,3.53503,0.0179169,-0.176459,0.907505,0.0847554,0.609286,-6.11918,-2.06883,0.130898,-0.0715929,3.6252,2.14867,-0.0829298,-0.000264222,
647,0.000843855,-0.0407289,-0.206416,-0.0966848,0.0427014,-0.00186586,0.22646,0.127351,0.510357,0.904505,0.0580329,0.00159291,0.422494,-0.0665816,0.508934,0.47754,-0.534322,-0.210986,-0.502748,-0.00953795,0.523335,3.23123,0.0544941,-0.523032,1.37948,0.250835,0.503034,-8.89856,0.44456,0.220953,-0.0911194,6.87953,0.131734,-0.0770066,4.45763e-05,
648,0.000954669,-0.0387527,0.158179,0.131564,0.0355978,-0.00177519,-0.17372,0.0195979,0.485556,0.908019,0.0574493,0.0393674,0.4131,-0.537073,0.52098,0.497719,-0.539798,0.160202,-0.516759,-0.0113416,0.52334,2.55695,0.290149,-0.264898,-1.16344,1.56694,-1.58705,-8.17573,0.0929432,0.587322,-0.112127,7.96186,-0.226134,0.0370008,0.000318446,
649,0.000469196,-0.0377023,0.45838,0.144401,0.0141948,-0.001727,-0.512623,-0.0833199,0.472376,0.931313,-0.012368,0.0202713,0.363445,-0.557671,0.550224,0.529002,-0.544312,0.518132,-0.524734,-0.00572964,0.523357,2.60355,0.139007,-0.4968,-2.99373,0.132874,-2.32331,1.60748,1.05835,0.169318,-0.0894583,6.35238,-0.0831146,0.120412,0.000123689,
650,8.58282e-05,-0.0363139,0.471158,0.0735592,-0.00255391,-0.00166332,-0.527598,-0.0880595,0.454957,0.94155,-0.0471751,-0.029285,0.332265,-0.397137,0.628997,0.525851,-0.548562,0.536996,-0.543286,-0.00108823,0.523377,2.56931,-0.5822,-0.111609,-0.737987,-2.96797,-0.969628,4.79503,2.08525,-0.0764442,-0.081707,-2.31024,-0.650206,0.085713,6.69836e-05,
651,-0.000339853,-0.0379188,0.313088,-0.0795216,-0.0246203,-0.00173694,-0.346571,-0.0269199,0.475092,0.951359,-0.0178758,-0.0330687,0.305784,-0.0843299,0.74055,0.523514,-0.540177,0.329918,-0.591138,0.00412643,0.523356,2.8677,-1.01736,0.543995,1.76486,-0.430292,-1.82186,7.72046,2.39524,-0.0342217,0.262972,-5.95234,-1.24965,0.124531,0.000737086,
652,-0.000830799,-0.0391538,-0.0224809,-0.281383,-0.054461,-0.00179359,0.0228,0.076914,0.49059,0.962145,0.0165165,-0.0324249,0.270098,0.34929,0.842202,0.51666,-0.52757,-0.0224866,-0.656048,0.00976874,0.523378,3.26537,-1.01419,0.298021,-1.03068,0.34109,-0.140458,9.58926,1.65067,-0.28081,0.241007,-8.00428,-1.28653,0.0717817,0.00120577,
653,-0.00102693,-0.0405633,-0.376229,-0.383723,-0.0585893,-0.00185826,0.417802,0.187016,0.508278,0.957143,0.00861132,-0.0288807,0.288044,0.582937,0.86657,0.491988,-0.521901,-0.406786,-0.701725,0.0116547,0.523357,2.90182,-1.16484,0.281499,0.204832,0.611034,1.70082,-1.09104,-0.623358,-0.70807,-0.0339721,-7.40023,-0.557989,0.00937191,-0.000395414,
654,-0.00110148,-0.0405351,-0.490336,-0.333559,-0.044485,-0.00185697,0.550266,0.230996,0.507925,0.947439,0.00896456,-0.0102249,0.319649,0.461659,0.765919,0.447601,-0.524043,-0.566287,-0.694679,0.0125095,0.523344,2.56183,-1.053,-0.290947,0.34966,0.803387,0.96402,-3.73661,-3.38032,-1.06483,-0.0507361,0.998387,0.827011,0.0227908,-3.28906e-05,
655,-0.00111079,-0.0382808,-0.384895,-0.208088,-0.0149848,-0.00175354,0.427285,0.18886,0.479635,0.939031,0.0113584,0.0139156,0.343364,0.190572,0.539785,0.387696,-0.526973,-0.417847,-0.611964,0.0133593,0.523343,2.23982,-0.98001,-0.835179,0.499342,0.987516,1.04268,-7.07658,-5.6484,-1.32909,-0.0669232,4.90559,2.47028,0.0106426,-2.66297e-05,
656,-0.00102621,-0.0350834,-0.100432,-0.0042722,0.0223342,-0.00160689,0.108945,0.0973477,0.439521,0.929584,0.025268,0.0251447,0.366882,-0.224498,0.500892,0.320548,-0.530435,-0.100943,-0.496931,0.0134685,0.523362,1.20464,-0.883516,-0.468249,-1.23135,-1.07865,0.961111,-9.5163,0.634809,-1.35969,-0.0544277,7.75445,0.0435766,0.00262659,0.000621233,
657,-0.000983021,-0.0320779,0.285093,0.180574,0.0229802,-0.00146908,-0.313523,-0.0194016,0.401828,0.924809,0.00288178,-0.0145262,0.380144,-0.598563,0.530905,0.258611,-0.533165,0.297591,-0.515554,0.0141118,0.52338,1.55413,-1.11296,-0.99152,-1.27394,-0.779532,-0.508928,-0.181649,0.566131,-1.10507,-0.0197294,8.20216,-0.275347,0.050418,-0.000474081,
658,-0.00105701,-0.0299298,0.497119,0.149279,0.0144784,-0.00137062,-0.56082,-0.100519,0.374895,0.929676,0.00539464,0.000534641,0.368338,-0.516396,0.587748,0.20909,-0.525671,0.576952,-0.531419,0.0162641,0.523396,1.34346,-0.566176,0.464068,-0.0127817,-0.495404,-0.572081,2.65625,1.59664,-0.856657,0.246577,0.032804,-0.328362,0.0175583,0.00250181,
659,-0.00127132,-0.0333941,0.426367,0.0376761,-0.00331217,-0.00152943,-0.474748,-0.0695918,0.418334,0.938898,0.00831916,-0.0216919,0.343412,-0.301755,0.689141,0.171627,-0.522267,0.472875,-0.564264,0.0175305,0.523425,1.66487,-0.570415,0.967782,0.184062,-1.01562,-1.32079,5.9349,2.48351,-0.651927,-0.0340919,-4.0609,-0.994199,0.0290899,-0.000322989,
660,-0.00143337,-0.0368189,0.187695,-0.146004,-0.0253033,-0.00168648,-0.204778,0.0132412,0.461293,0.944771,0.00193835,-0.046068,0.324471,0.0650844,0.816456,0.138223,-0.523596,0.191108,-0.6239,0.0179243,0.523401,1.99733,-0.501758,0.824908,-0.363845,-0.55699,-0.678505,8.69674,2.59878,-0.669569,-0.000128283,-7.20776,-1.39658,-0.000940821,-0.000742136,
661,-0.00154082,-0.042161,-0.186564,-0.36098,-0.0429724,-0.00193159,0.206323,0.124225,0.528334,0.94539,-0.00450478,-0.0786393,0.31628,0.516589,0.909447,0.100939,-0.523553,-0.189914,-0.683084,0.0168231,0.5234,2.61862,-0.452149,1.67822,-0.559077,-1.09881,0.114338,9.40968,1.16295,-0.831042,-7.7362e-06,-8.06802,-1.00423,-0.0436797,-0.00125124,
662,-0.00139529,-0.0475311,-0.477765,-0.394575,-0.0409265,-0.00217814,0.535776,0.224839,0.595772,0.936087,-0.0155727,-0.0968241,0.337821,0.563427,0.899818,0.0509555,-0.524345,-0.54695,-0.709255,0.0135097,0.523343,2.12231,-0.609965,1.05148,-0.643302,-0.331346,0.976703,-1.71009,-1.52244,-1.13502,-0.0258777,-5.14016,-0.0493042,-0.0674034,-0.000427309,
663,-0.00116515,-0.0504001,-0.465578,-0.332632,-0.0276841,-0.00230994,0.521227,0.219425,0.631822,0.931303,-0.0273131,-0.10567,0.34751,0.393635,0.753361,-0.0109172,-0.526209,-0.528697,-0.67059,0.0106377,0.523314,1.76588,-0.499946,0.403022,-0.51075,-0.0903436,0.394346,-5.05915,-4.31556,-1.35391,-0.0461742,2.79913,1.5829,-0.0593495,-0.000258823,
664,-0.000818806,-0.0507179,-0.285144,-0.187597,0.00436596,-0.00232454,0.314415,0.15386,0.635816,0.927252,-0.0381822,-0.109432,0.356049,0.0626132,0.499158,-0.0819751,-0.529003,-0.297648,-0.553103,0.00742866,0.523297,1.43821,-0.394771,-0.192174,0.0332002,-0.238458,0.44273,-8.15474,-2.44238,-1.48411,-0.0677624,6.41294,3.11247,-0.0725669,-0.000158823,
665,-0.000403779,-0.049218,0.0720617,0.0280084,0.0190994,-0.00225562,-0.0788086,0.0464548,0.616966,0.923455,-0.0334312,-0.11271,0.365254,-0.386871,0.506173,-0.153434,-0.53293,0.0722497,-0.50756,0.00377523,0.523296,1.26418,-0.337629,-0.604712,0.135738,-0.112177,0.295913,-9.81144,0.543267,-1.37631,-0.0870266,8.36806,-0.394864,-0.0722903,2.30408e-05,
666,-0.000148809,-0.0465153,0.422018,0.121359,0.0135906,-0.00213149,-0.470311,-0.0687093,0.583012,0.927226,-0.0270678,-0.102179,0.359276,-0.566974,0.537313,-0.214681,-0.535941,0.466928,-0.520521,0.00147236,0.523302,1.72989,-0.679953,-0.826563,0.376219,0.529441,-0.744548,0.961112,0.707497,-1.09921,-0.0496481,7.42384,-0.114084,-0.0261383,0.000214032,
667,8.19086e-05,-0.0427817,0.48254,0.0754831,0.00799612,-0.00196007,-0.541232,-0.0938568,0.536126,0.930653,-0.0169672,-0.0820745,0.356176,-0.444341,0.594179,-0.266684,-0.537047,0.554232,-0.538449,-0.000881301,0.523317,2.16753,-0.580693,-1.12588,0.692362,0.564183,0.0785879,3.92921,1.55939,-0.970549,-0.0164379,-1.6934,-0.603174,-0.0570598,0.000241203,
668,0.000307398,-0.0376592,0.34962,-0.0405204,-0.00216728,-0.00172503,-0.387396,-0.0411467,0.471835,0.931727,0.00032258,-0.0533585,0.359219,-0.165167,0.684054,-0.31267,-0.536468,0.373645,-0.584928,-0.00375814,0.523333,2.44886,-0.498629,-1.52797,1.02969,0.780721,0.109342,7.21484,2.02997,-0.86663,0.0115118,-5.50452,-1.25289,-0.0592706,0.000338948,
669,0.000592674,-0.0351464,0.0463897,-0.222036,-0.011546,-0.00160978,-0.0495089,0.0543141,0.440311,0.927834,-0.0010508,-0.0332614,0.371507,0.242309,0.767183,-0.356853,-0.52992,0.0464397,-0.64302,-0.00776456,0.523614,4.14118,0.11871,1.49823,-0.660487,-1.24817,0.177894,8.83225,1.01159,-0.856263,0.291777,-7.41291,-0.77639,-0.0861232,-0.000813028,
670,0.00109191,-0.0420439,-0.307229,-0.388328,-0.0140627,-0.00192621,0.33768,0.160883,0.526863,0.923916,-0.00209342,-0.0624286,0.377463,0.584477,0.767372,-0.400926,-0.521909,-0.323074,-0.662871,-0.011955,0.523309,3.85997,-0.0419471,1.54674,-0.378396,-0.6263,1.07202,0.317813,-0.855779,-0.935711,-0.023061,-7.40235,-0.154036,-0.0978634,0.00103413,
671,0.00165408,-0.0470304,-0.492031,-0.372105,-0.000694867,-0.00215514,0.552172,0.229429,0.589482,0.91425,-0.00949967,-0.0760134,0.397843,0.511209,0.654456,-0.449098,-0.523783,-0.568937,-0.640839,-0.0161863,0.523333,3.49595,-0.0273413,0.942291,-0.392882,-0.234479,0.369434,-2.59538,-3.63634,-0.97729,-0.0478757,-0.0378617,1.02305,-0.0625151,7.49218e-05,
672,0.00204929,-0.0496286,-0.422357,-0.288422,0.0247538,-0.00227449,0.470739,0.200781,0.622126,0.910128,-0.0125358,-0.0844579,0.405435,0.295562,0.491374,-0.496932,-0.526672,-0.467389,-0.548852,-0.0190014,0.523316,3.17198,0.035657,0.401436,0.257257,-0.553046,0.34491,-6.00299,-0.00236147,-0.934984,-0.071388,4.00144,2.6489,-0.0534469,-0.000245267,
673,0.00230429,-0.0503166,-0.183511,-0.123253,0.0367077,-0.0023061,0.201357,0.120544,0.630772,0.907237,-0.00406527,-0.0879623,0.411299,-0.0738307,0.513715,-0.529944,-0.530777,-0.186696,-0.509328,-0.021073,0.523301,2.88195,0.1119,-0.0692767,0.282076,-0.0720771,0.0662456,-8.74832,0.321208,-0.00813079,-0.0918086,7.20284,-0.346838,-0.0291456,-0.000113619,
674,0.00234988,-0.049066,0.197365,0.0978613,0.0341263,-0.00224864,-0.216709,0.00748773,0.615056,0.907154,0.00395196,-0.086584,0.411775,-0.533834,0.521806,-0.521254,-0.53572,0.201347,-0.520658,-0.0220391,0.5233,2.91552,0.153081,-0.548663,0.295123,-0.138738,-0.323803,-7.9659,0.0579717,0.317277,-0.10424,8.3137,-0.0998539,-0.000905487,0.000145185,
675,0.00200599,-0.0460484,0.481326,0.117232,0.0227229,-0.00211005,-0.539732,-0.0942181,0.577148,0.918242,0.0113033,-0.0930182,0.384774,-0.55503,0.542587,-0.498224,-0.54087,0.552372,-0.524031,-0.0200495,0.523311,3.52993,0.0321987,-0.971741,-0.0248168,-0.567548,-0.816271,1.62416,0.770026,0.569088,-0.102913,2.60577,-0.036076,0.034727,0.000181593,
676,0.00166133,-0.0413688,0.452426,0.0537045,0.012863,-0.00189523,-0.504843,-0.081521,0.518389,0.921554,0.017202,-0.111531,0.371487,-0.38879,0.601708,-0.466437,-0.546053,0.509506,-0.543081,-0.0184868,0.523324,3.851,0.0836005,-1.294,0.274085,-0.599792,-0.507538,5.00027,1.58655,0.706778,-0.0758221,-2.9551,-0.715245,0.0345477,-0.000609451,
677,0.00141721,-0.0374916,0.266769,-0.0879649,0.000109096,-0.00171734,-0.295425,-0.0133032,0.469733,0.925397,0.0275523,-0.0801853,0.369393,-0.0635485,0.6885,-0.429755,-0.544589,0.276908,-0.591926,-0.0174038,0.523346,4.0321,0.957198,-0.510974,-1.54181,2.50455,0.742257,7.98233,1.86096,0.748322,0.0522582,-6.25045,-1.23089,-0.0150111,0.00133639,
678,0.00140638,-0.0361635,-0.0767298,-0.281724,-0.0104585,-0.00165642,0.0825266,0.0900245,0.453071,0.924618,-0.00361119,-0.0291814,0.37976,0.370003,0.761159,-0.39351,-0.536463,-0.0769568,-0.651804,-0.017906,0.523384,4.56978,1.11244,-0.23185,1.04013,-0.692682,-1.07235,9.25711,0.993228,0.775701,0.166553,-7.95318,-1.16384,0.0283419,0.000934078,
679,0.00150152,-0.0396842,-0.402982,-0.382113,-0.0154576,-0.00181793,0.448464,0.19452,0.497246,0.925088,0.0119965,0.00510123,0.379529,0.58482,0.738222,-0.359522,-0.530236,-0.441398,-0.671894,-0.0174189,0.523373,4.48696,0.864625,0.873367,1.28811,1.64802,0.803759,-1.20231,-1.57301,0.590572,0.104227,-6.78843,0.0208786,-0.00368081,-0.000350456,
680,0.00152293,-0.0420183,-0.480046,-0.334335,-0.00325617,-0.00192503,0.538203,0.224648,0.526542,0.919473,0.0282194,0.0577693,0.387862,0.453611,0.591526,-0.332879,-0.525656,-0.550418,-0.635316,-0.0166844,0.523351,4.05396,0.922051,0.316404,1.48884,1.77704,0.14824,-4.0236,-4.2749,0.470429,0.0799107,1.19433,1.43057,0.0261376,-0.000168209,
681,0.00149855,-0.0448896,-0.366045,-0.218674,0.0250192,-0.00205684,0.40676,0.180568,0.562594,0.917327,0.0404625,0.0655839,0.390606,0.16989,0.499289,-0.310608,-0.522744,-0.39396,-0.523985,-0.0153652,0.523376,2.81767,1.0082,0.824357,0.267037,-0.831841,0.133166,-7.29567,0.475801,0.423616,-0.00766883,5.02701,3.00917,0.0278869,-0.000880692,
682,0.00139837,-0.0474477,-0.074643,-0.0301112,0.0288677,-0.00217431,0.082191,0.0888884,0.594724,0.917399,0.0482163,0.0567172,0.390945,-0.252437,0.518093,-0.285391,-0.523816,-0.074852,-0.508777,-0.0135633,0.523332,2.59574,1.08869,0.421407,0.158453,-0.308429,-0.030494,-9.57785,0.183808,0.58559,-0.0311109,7.71604,-0.426702,0.0417604,-0.000406592,
683,0.00109793,-0.0480291,0.301982,0.129378,0.0213144,-0.00220101,-0.333099,-0.0252516,0.602029,0.922427,0.0535659,0.0494832,0.379224,-0.594262,0.522701,-0.250874,-0.525597,0.316981,-0.520897,-0.0105201,0.523321,3.00563,0.929712,-0.161493,-0.105828,-0.479242,-1.52305,0.29258,0.0330024,0.808517,-0.0366522,7.96794,-0.0967915,0.102964,-1.19545e-05,
684,0.000569065,-0.0462978,0.491005,0.0927663,0.00700976,-0.0021215,-0.551016,-0.0973356,0.58028,0.935095,0.0545361,0.0344322,0.348479,-0.504513,0.548125,-0.207819,-0.527567,0.567332,-0.530142,-0.00565699,0.523318,3.43829,0.957463,-0.709318,-0.197859,-0.920035,-0.703758,2.86959,0.977165,0.905122,-0.0408714,-0.139339,-0.273275,0.0776145,-1.09872e-05,
685,0.000173138,-0.0425045,0.416218,-0.00355957,-0.00707751,-0.00194735,-0.463441,-0.0653696,0.532645,0.941581,0.0563301,0.00834205,0.331936,-0.275477,0.612732,-0.162344,-0.529763,0.459063,-0.561273,-0.00187506,0.523323,3.74325,0.971593,-1.18711,-0.380693,-1.18226,-0.596048,6.26574,1.5999,0.914008,-0.0468091,-4.12982,-0.964362,0.0736078,8.26669e-05,
686,-9.17545e-05,-0.0376833,0.172609,-0.167429,-0.0238633,-0.00172613,-0.189634,0.0179042,0.472138,0.945047,0.0291849,-0.0209455,0.324956,0.105651,0.689047,-0.119465,-0.532052,0.17525,-0.618784,0.00112104,0.523352,4.13635,1.25221,-1.1558,-2.89412,-0.115529,0.334073,8.95631,1.44187,0.792206,-0.0427111,-7.17722,-1.30275,0.0407894,0.000329584,
687,-0.000282041,-0.0359784,-0.198226,-0.363446,-0.0391071,-0.00164793,0.217944,0.127947,0.450748,0.947652,-0.0112671,-0.0255721,0.31808,0.563795,0.720843,-0.0838461,-0.527681,-0.202261,-0.670151,0.00360943,0.523358,4.7865,1.14239,0.425963,1.23356,0.0228619,-0.785489,7.56724,-0.191047,0.647804,0.224333,-7.91725,-0.765238,0.0533672,-0.000348425,
688,-0.000348946,-0.0378691,-0.479905,-0.367148,-0.0310266,-0.00173465,0.537334,0.225882,0.474468,0.938067,0.0232373,0.0331974,0.344077,0.560202,0.640178,-0.0633231,-0.522399,-0.550204,-0.678767,0.00424241,0.52335,4.02112,0.723738,0.213855,2.25022,2.02193,1.23742,-2.0716,-2.92885,0.249302,-0.0180646,-4.94665,0.31809,0.0104963,0.000507619,
689,-0.000469576,-0.041156,-0.465034,-0.297088,-0.0100964,-0.00188546,0.520841,0.219177,0.515718,0.93096,0.034643,0.0330432,0.361969,0.372087,0.488574,-0.0559787,-0.52352,-0.527894,-0.621791,0.00525237,0.523381,2.38569,0.920882,0.997592,-0.0488723,-1.30954,0.767966,-5.42857,-0.10826,0.0349884,-0.0287708,2.86216,1.95203,0.0154304,-0.000496218,
690,-0.000566312,-0.0441241,-0.281793,-0.149031,0.0247837,-0.0020217,0.310942,0.152583,0.552981,0.924631,0.0494541,0.00337371,0.377625,0.0228978,0.512462,-0.0559305,-0.525411,-0.293839,-0.504132,0.00590754,0.523348,2.0618,0.988593,0.516046,0.0428663,-0.992961,0.665833,-8.51414,0.362457,-0.0338605,-0.0476242,6.47015,0.728465,0.0141992,-0.000372977,
691,-0.000649005,-0.0452019,0.0780745,0.0675023,0.0271579,-0.00207118,-0.0851494,0.0443381,0.566515,0.918742,0.0576069,-0.0167788,0.390272,-0.443568,0.521562,-0.0529837,-0.528186,0.0783137,-0.514696,0.00660841,0.523331,1.93338,1.03606,0.0110075,0.0599958,-0.813812,0.526084,-10.13,0.0649671,0.151214,-0.0625008,8.39975,-0.283636,0.0130757,-0.000142116,
692,-0.000864402,-0.0440883,0.426988,0.133088,0.0204217,-0.00202005,-0.475672,-0.0710104,0.552531,0.922847,0.0642154,-0.0396445,0.3777,-0.575925,0.536946,-0.0394103,-0.531236,0.473729,-0.522108,0.00902445,0.523332,2.46754,0.778464,-0.559093,-0.211534,-1.09686,-0.967564,1.42272,0.550192,0.375638,-0.0627321,7.41433,-0.0550105,0.0647045,-0.000144272,
693,-0.000974075,-0.0409495,0.483872,0.0743776,0.0123293,-0.00187599,-0.542744,-0.0948856,0.513126,0.924652,0.0712645,-0.0732826,0.366836,-0.429777,0.588308,-0.0181282,-0.534338,0.556276,-0.537808,0.0109504,0.523336,2.8903,0.954257,-0.920168,-0.642994,-1.34278,-0.146416,4.40734,1.49005,0.488135,-0.0636399,-1.82733,-0.570018,0.0251134,0.000178292,
694,-0.000965288,-0.0391958,0.348907,-0.0631425,-0.000801804,-0.00179552,-0.385976,-0.0410829,0.491116,0.929112,0.0326292,-0.0722395,0.361204,-0.127567,0.673408,0.00684828,-0.533051,0.372773,-0.582521,0.0113379,0.523328,2.82911,1.63562,-0.223096,-0.734737,2.14107,0.0599431,7.65278,1.92155,0.491927,0.144528,-5.48738,-1.19802,-0.00878964,-0.000151512,
695,-0.000856853,-0.037178,0.0347025,-0.257995,-0.0158128,-0.00170296,-0.0391642,0.0579579,0.465798,0.930894,-0.00481018,-0.031147,0.363928,0.309258,0.755095,0.03077,-0.526213,0.0347234,-0.64833,0.0106113,0.523351,3.08473,1.69903,-0.693164,-0.488367,1.377,-0.168535,9.76187,1.33198,0.479408,0.131631,-8.00753,-1.4204,-0.011608,0.000851584,
696,-0.00084009,-0.0394362,-0.333185,-0.380614,-0.026205,-0.00180655,0.369131,0.170176,0.494134,0.931762,0.00255162,-0.0141385,0.362784,0.582774,0.755867,0.0510174,-0.522697,-0.353737,-0.689032,0.00980715,0.523374,3.34734,1.1663,0.98599,0.923855,1.32464,1.319,-0.819878,-1.10903,0.283872,-0.0152489,-7.65319,-0.398676,-0.0509243,-0.000635591,
697,-0.000706306,-0.042186,-0.483445,-0.346297,-0.0142917,-0.00193273,0.542215,0.226274,0.528648,0.922065,0.0124438,0.0270882,0.385886,0.481025,0.632081,0.0606612,-0.52391,-0.55562,-0.677316,0.00770704,0.523351,2.96047,1.20841,0.407464,1.07769,1.47097,0.590298,-3.19317,-3.82041,0.107316,-0.032945,0.368222,0.855522,-0.0324652,-0.00015549,
698,-0.000539955,-0.0429437,-0.401436,-0.243345,0.0113243,-0.00196751,0.446474,0.193122,0.538159,0.913408,0.032914,0.0721503,0.399246,0.237843,0.498372,0.0634105,-0.526058,-0.439359,-0.593895,0.00578772,0.523337,2.63512,1.27135,0.0226078,2.04713,1.11452,0.65509,-6.50856,0.229454,0.00561042,-0.0544975,4.25079,2.47357,-0.0458827,-0.000172495,
699,-0.000321507,-0.0451536,-0.148513,-0.069751,0.0383158,-0.00206896,0.163659,0.110108,0.565909,0.908819,0.0424412,0.0644433,0.409992,-0.153302,0.516771,0.0660038,-0.528083,-0.150184,-0.50065,0.00327722,0.523359,1.45395,1.25415,0.513238,-0.332231,-0.489175,0.423088,-9.10329,0.222534,0.0945371,-0.0451179,7.27891,-0.175627,-0.0483767,-0.00072138,
700,-0.000118818,-0.046125,0.228594,0.12651,0.0361291,-0.00211356,-0.251153,-0.00228998,0.578109,0.907649,0.0394316,0.0496742,0.414911,-0.575404,0.522396,0.07786,-0.530616,0.234859,-0.517489,0.00118559,0.523332,1.73427,1.17144,-0.0667453,-0.553843,-0.537961,-0.756708,-2.37307,0.0405465,0.395867,-0.0512292,8.13152,-0.210063,-0.00658213,2.78686e-05,
701,-0.000125271,-0.0447402,0.484416,0.111985,0.0249471,-0.00204998,-0.543223,-0.0955689,0.560717,0.918588,0.0311658,0.0285153,0.392952,-0.535086,0.547644,0.10385,-0.533264,0.557113,-0.528044,0.00128874,0.523327,2.17396,1.15521,-0.620775,-0.636344,-0.925804,-0.438598,1.93021,0.963098,0.623552,-0.0540071,1.60663,-0.212989,-0.0170345,1.7002e-05,
702,-1.33148e-05,-0.0413063,0.443989,0.0370615,0.0152487,-0.00189236,-0.495702,-0.0779581,0.517605,0.922313,0.025246,-0.00323133,0.385603,-0.353197,0.615138,0.138606,-0.536055,0.497452,-0.555954,0.000148388,0.523332,2.49302,1.22059,-1.09106,-0.786978,-1.23827,-0.257567,5.32159,1.72815,0.768542,-0.0580227,-3.2143,-0.896199,-0.0249384,5.80976e-05,
703,9.92037e-05,-0.0361836,0.243257,-0.10768,-0.000720789,-0.00165735,-0.267472,-0.00580921,0.453323,0.923558,0.0153085,-0.0433356,0.380694,-0.0128444,0.705764,0.178707,-0.539025,0.250856,-0.613444,-0.00126236,0.52335,2.86632,1.39857,-1.16874,-1.89167,-0.28632,0.575301,8.25461,1.87683,0.786214,-0.004714,-6.5248,-1.34349,-0.0489543,4.00025e-05,
704,0.000234224,-0.037289,-0.0986643,-0.305557,-0.016664,-0.00170804,0.106603,0.0966054,0.46719,0.926526,0.00244344,-0.0227908,0.375531,0.417516,0.768703,0.213963,-0.523384,-0.0991487,-0.67042,-0.002892,0.523386,4.16629,1.55182,1.05759,0.452125,-0.0122508,-1.08015,9.04533,0.635906,0.702493,0.327843,-7.6421,-0.939867,-0.0106588,0.000900698,
705,0.000359338,-0.0403183,-0.41195,-0.378478,-0.0269682,-0.00184702,0.458679,0.19824,0.505203,0.930228,0.0106814,-0.0106517,0.366673,0.57163,0.743483,0.243967,-0.522228,-0.453326,-0.698391,-0.00410297,0.523368,3.71404,1.30422,0.467159,0.450265,0.563279,0.0556231,-1.17568,-1.62231,0.50717,-0.0503635,-6.53002,-0.186456,-0.0311357,-0.000233712,
706,0.000446378,-0.0410324,-0.481188,-0.325803,-0.023228,-0.00187979,0.539536,0.226075,0.514166,0.933028,0.0174832,0.00988791,0.359243,0.439989,0.595035,0.264592,-0.525171,-0.552161,-0.671168,-0.00500795,0.523348,3.32417,1.38298,-0.101422,0.618882,0.744701,-0.511624,-4.06712,-4.29547,0.3129,-0.0665658,1.35162,1.26204,-0.011937,-0.000149881,
707,0.000508035,-0.0398145,-0.361555,-0.196359,-0.00210564,-0.00182391,0.400632,0.180294,0.498881,0.935841,0.0385434,0.0331045,0.348741,0.154553,0.482521,0.275857,-0.528949,-0.388362,-0.567872,-0.00587432,0.523341,3.0028,1.51488,-0.473522,1.77636,0.285828,-0.405738,-7.32644,0.829305,0.141584,-0.0850816,5.16911,2.86103,-0.0229584,-5.8005e-05,
708,0.000568156,-0.0384829,-0.0631023,0.00602946,0.00750517,-0.00176281,0.0691862,0.0871018,0.482171,0.939287,0.0568217,0.0314825,0.336926,-0.268885,0.514771,0.282637,-0.532996,-0.0632284,-0.509588,-0.00679717,0.523359,2.28478,1.66962,-0.409058,0.150184,-0.513581,-0.513591,-9.58735,0.312815,0.129286,-0.0831037,7.81219,-0.286224,-0.0146334,-0.000146803,
709,0.000488387,-0.0367248,0.313067,0.169504,-0.00649961,-0.00168217,-0.345614,-0.0269711,0.460112,0.950559,0.0394168,0.00317431,0.308017,-0.605441,0.530703,0.291207,-0.53678,0.329893,-0.52055,-0.00612297,0.523368,2.27885,1.57842,-0.63915,-1.98222,-0.358115,-2.78802,0.589607,0.319539,0.231209,-0.0766483,7.88658,-0.105381,0.0745334,1.28226e-05,
710,0.000203041,-0.0331742,0.494859,0.132026,-0.0333195,-0.00151935,-0.554852,-0.096624,0.415576,0.96908,-0.00404136,-0.0208999,0.245826,-0.500884,0.577426,0.300751,-0.540546,0.57338,-0.530592,-0.00281835,0.523373,2.69043,1.50432,-1.02055,-1.66524,-0.0738021,-1.82954,3.19069,1.53396,0.15521,-0.0377106,-0.318206,-0.296082,0.0419237,-0.000750775,
711,5.3305e-05,-0.0328361,0.41469,0.021387,-0.0519456,-0.00150385,-0.463745,-0.0622693,0.411337,0.975849,0.0188524,-0.00923131,0.217437,-0.26365,0.672313,0.308543,-0.532742,0.457005,-0.561303,-0.000747535,0.523392,2.82317,0.304995,0.348176,0.275085,-0.41721,-0.235067,6.35049,2.28677,0.0374114,0.210188,-4.19522,-0.867453,0.0223401,0.0018839,
712,-5.8686e-06,-0.0360361,0.172666,-0.166871,-0.0633644,-0.00165058,-0.188027,0.0200942,0.451472,0.975195,0.0013573,-0.0398201,0.217731,0.115419,0.783232,0.299889,-0.521356,0.17531,-0.608514,7.49833e-05,0.523432,3.73113,-0.153274,1.76002,-0.699338,-0.699064,-0.102976,8.68473,2.1018,-0.371408,0.109682,-6.98466,-1.00136,0.0226961,-0.00085408,
713,-9.2655e-05,-0.0421547,-0.195906,-0.383036,-0.0745439,-0.00193129,0.215859,0.129155,0.528254,0.974265,-0.0123709,-0.0596295,0.217023,0.570626,0.854344,0.270145,-0.522671,-0.199798,-0.653136,0.00101178,0.523385,3.65883,-0.148286,1.29595,-0.695178,-0.523047,0.331858,7.70729,0.75329,-0.822179,-0.0569224,-8.01466,-0.785646,0.00934573,-0.000692126,
714,-6.02793e-05,-0.0460405,-0.481421,-0.390157,-0.0675845,-0.00210968,0.540031,0.228541,0.577048,0.967096,-0.0326048,-0.0645267,0.243922,0.562363,0.820785,0.215028,-0.52623,-0.552517,-0.667788,0.000602584,0.523343,3.17222,-0.216789,0.687475,-0.864077,0.166475,1.12313,-2.19588,-2.07103,-1.34785,-0.0791959,-5.01929,0.193473,-0.00438983,-0.000361366,
715,-0.00010243,-0.0474965,-0.465617,-0.313662,-0.0495455,-0.00217655,0.521205,0.221629,0.595337,0.962696,-0.0533,-0.0615847,0.258036,0.36834,0.648347,0.137973,-0.530649,-0.528756,-0.616587,0.000992491,0.52332,2.82298,-0.0409137,0.0538087,-0.711622,0.375972,0.606589,-5.54308,-4.80674,-1.74734,-0.0955127,2.91073,1.84154,0.00802571,-0.000194533,
716,-0.00011534,-0.0466608,-0.280422,-0.152607,-0.0162097,-0.00213817,0.309022,0.154547,0.584839,0.958299,-0.0643686,-0.0566523,0.272601,0.0136905,0.490498,0.0438978,-0.535883,-0.292284,-0.503499,0.00113764,0.523309,2.48966,0.123627,-0.401039,0.0662532,0.190811,0.636341,-8.62024,0.383832,-2.01214,-0.11627,6.51924,0.687501,-0.000657029,-8.22943e-05,
717,-0.00011092,-0.0441396,0.0816391,0.0775261,-0.0136797,-0.00202241,-0.0893992,0.0459187,0.553175,0.954751,-0.0657268,-0.0481395,0.286028,-0.457734,0.515332,-0.0571051,-0.54204,0.0819128,-0.514677,0.00115666,0.523314,2.37308,0.196044,-0.880051,0.0791686,0.343385,0.515833,-10.2223,0.287022,-2.02746,-0.128788,8.43256,-0.28503,0.00124881,9.71209e-05,
718,-0.000244187,-0.0405502,0.430014,0.146903,-0.0171631,-0.00185766,-0.479492,-0.069733,0.508114,0.957043,-0.0648887,-0.0215284,0.281769,-0.582049,0.542934,-0.155226,-0.546334,0.477899,-0.522104,0.00277219,0.523314,2.77368,-0.353374,-0.887686,0.787538,2.03834,-0.105147,1.64586,0.813782,-1.90315,-0.0352015,7.40258,-0.0549042,0.0424105,0.000123978,
719,-0.000333386,-0.0369888,0.484754,0.085271,-0.0177881,-0.00169428,-0.544664,-0.0929881,0.463424,0.956217,-0.043309,0.00356121,0.289413,-0.426495,0.609452,-0.251769,-0.547914,0.557634,-0.536921,0.00414983,0.52337,2.90822,-1.09344,-0.617095,2.26467,-2.45401,0.21353,4.50115,1.831,-1.94366,-0.0292848,-1.89593,-0.521269,0.0368308,0.0010272,
720,-0.000432099,-0.0340026,0.343858,-0.050623,-0.0259201,-0.00155733,-0.380497,-0.0374351,0.425966,0.954385,0.016203,-0.0436506,0.294928,-0.119445,0.713624,-0.349557,-0.549468,0.366619,-0.579048,0.00585153,0.523389,3.19327,-0.293519,-0.199062,-0.538836,-0.364389,0.600595,7.75328,2.30912,-1.98329,0.0210974,-5.62353,-1.13054,0.00766823,5.43144e-05,
721,-0.000440083,-0.0372623,0.0332963,-0.259674,-0.0323293,-0.00170682,-0.035149,0.0596944,0.466855,0.949051,-0.00146894,-0.0560978,0.310086,0.312492,0.807793,-0.450843,-0.540979,0.0333147,-0.629589,0.00543768,0.523474,4.20514,-0.198454,1.98062,-0.557129,-1.63996,0.157272,9.43369,1.33193,-1.9865,0.242057,-7.76022,-0.787571,0.000304254,-0.000844314,
722,-0.000465212,-0.0443748,-0.331762,-0.393934,-0.0332104,-0.00203321,0.368052,0.170385,0.556129,0.941513,-0.00402039,-0.0921377,0.324112,0.582888,0.823339,-0.542709,-0.529725,-0.352033,-0.655689,0.00482543,0.523384,3.84638,-0.295253,1.5113,-0.519168,-0.958649,1.14952,-0.81975,-0.663491,-0.388881,0.210101,-7.65715,-0.28389,-0.0244608,-0.00105455,
723,-0.000458224,-0.0491946,-0.487247,-0.3658,-0.0232282,-0.00225455,0.547059,0.228724,0.616673,0.933882,-0.0117646,-0.114068,0.338695,0.481368,0.718822,-0.530531,-0.522003,-0.561485,-0.638216,0.00428632,0.523332,3.49886,-0.182471,0.89251,-0.474269,-0.558401,0.15082,-3.18545,-3.49301,0.268053,0.000512484,0.411173,0.96868,0.00283075,-0.000482458,
724,-0.000481436,-0.0514711,-0.40361,-0.268516,-0.000576404,-0.00235915,0.449089,0.195171,0.645284,0.931014,-0.0185788,-0.128904,0.340957,0.237745,0.49769,-0.521753,-0.523507,-0.442228,-0.549131,0.00430377,0.523306,3.20004,-0.0708609,0.287015,-0.0866574,-0.661359,0.16824,-6.53052,-2.15212,0.0861592,-0.0454176,4.32741,2.58782,-0.00619783,-0.000266029,
725,-0.000439237,-0.0517369,-0.147932,-0.0901071,0.0102007,-0.00237137,0.162135,0.111338,0.648624,0.928219,-0.0117344,-0.141069,0.344052,-0.154036,0.50677,-0.517634,-0.526438,-0.149583,-0.509982,0.00390631,0.523292,2.9173,0.0387135,-0.188278,0.144995,-0.394925,0.0380651,-9.11995,0.520293,0.0785914,-0.0691752,7.35426,-0.327956,-0.00840896,-0.000100145,
726,-0.00040235,-0.0500079,0.232257,0.114988,0.006335,-0.00229192,-0.255555,-0.00195626,0.626893,0.928112,-0.00440156,-0.149528,0.340925,-0.576661,0.520698,-0.511603,-0.530228,0.238838,-0.52079,0.0037023,0.523295,3.17209,-0.0703817,-0.643932,-0.0267737,-0.501384,-1.11089,-2.35461,0.105831,0.184603,-0.0783775,8.19154,-0.0958528,0.0287122,0.000271346,
727,-0.000548919,-0.0466113,0.487822,0.106095,-0.00669925,-0.0021359,-0.547457,-0.0958418,0.584218,0.935869,0.00329389,-0.166107,0.31072,-0.534999,0.547014,-0.501092,-0.534253,0.562376,-0.525701,0.00541994,0.523305,3.60643,-0.169138,-1.03688,-0.170272,-0.948435,-0.686,1.9662,0.941731,0.218007,-0.0814645,1.51978,-0.10193,0.0116936,0.00020598,
728,-0.000485304,-0.0430806,0.443771,0.0307194,-0.0122245,-0.00197379,-0.496045,-0.0767162,0.539879,0.938139,0.0370312,-0.149014,0.310353,-0.351639,0.612348,-0.490108,-0.533659,0.497144,-0.547729,0.00518536,0.523303,3.81188,-0.294954,-1.03236,1.72311,0.443217,-0.156227,5.35781,1.66727,0.198259,0.0272188,-3.33767,-0.782606,-0.0119706,0.000599249,
729,-0.000269494,-0.0401179,0.241085,-0.121159,-0.0207514,-0.00183783,-0.265495,-0.00394141,0.502689,0.939536,0.0240496,-0.116139,0.321255,-0.0102653,0.698304,-0.482796,-0.532119,0.248474,-0.600111,0.00309251,0.523353,4.03541,0.702102,-0.386344,-2.02069,2.40989,1.1658,8.27114,1.76255,0.0908277,0.0364327,-6.56027,-1.30172,-0.0793591,0.000363655,
730,0.000114789,-0.0389653,-0.114393,-0.318096,-0.0254426,-0.00178494,0.122477,0.101931,0.488223,0.935979,-0.023868,-0.0460666,0.348211,0.435637,0.761664,-0.484345,-0.523709,-0.11515,-0.66254,-0.00135626,0.523349,4.42474,0.988287,-0.264672,0.462572,0.798624,-0.156772,9.41614,0.712199,-0.0452578,0.172282,-8.03473,-1.18794,-0.0567936,0.00185585,
731,0.000436648,-0.038259,-0.435153,-0.370656,-0.0259651,-0.00175254,0.485333,0.20709,0.479361,0.92946,0.00842034,-0.00360024,0.368809,0.566169,0.732918,-0.49334,-0.522847,-0.485032,-0.697711,-0.00525448,0.52334,3.87608,0.496439,-0.253413,1.80376,2.62437,1.56077,-1.131,-1.78629,-0.306948,-0.0277856,-6.76773,-0.230259,-0.0841907,-4.84112e-07,
732,0.000695769,-0.0375662,-0.482288,-0.31276,-0.00993179,-0.00172076,0.53971,0.225526,0.470668,0.918388,0.0172336,0.0420928,0.393058,0.432466,0.578002,-0.51239,-0.524101,-0.553845,-0.670973,-0.00852731,0.523376,2.11795,0.555738,0.461193,-1.29024,-1.02291,0.793804,-4.20403,-4.38964,-0.467713,-0.00247185,1.93694,1.29215,-0.0557918,0.000939226,
733,0.000942524,-0.0384306,-0.339495,-0.185528,0.0225829,-0.00176041,0.375853,0.170906,0.481514,0.911658,0.0099798,0.00393164,0.410811,0.14007,0.495918,-0.52647,-0.524804,-0.361333,-0.566358,-0.0112913,0.523367,1.78702,0.636793,-0.0419417,-0.544183,-1.46285,0.686194,-7.46549,0.638336,0.0351782,-0.0249626,5.73181,2.88003,-0.0525469,-0.000298133,
734,0.00109,-0.037247,-0.0135124,0.0179114,0.04168,-0.00170612,0.0148574,0.0701558,0.466663,0.905257,0.00772728,-0.0294098,0.423775,-0.285711,0.517863,-0.520617,-0.526402,-0.0135136,-0.508983,-0.0134736,0.523357,1.57604,0.652138,-0.560363,-0.68898,-0.928626,0.510445,-9.54799,0.199442,0.197049,-0.0386296,8.16223,-0.308253,-0.0356666,-6.40459e-05,
735,0.00106962,-0.0342568,0.361156,0.180312,0.0403732,-0.00156898,-0.399169,-0.047428,0.429154,0.902669,0.00835148,-0.0474853,0.427627,-0.612508,0.530542,-0.501943,-0.527174,0.387867,-0.520509,-0.0143774,0.523349,1.98775,0.348573,-0.701665,1.11531,0.381392,-0.446534,0.815989,0.306818,0.598472,0.0725566,7.90864,-0.109552,0.0141889,-0.00076259,
736,0.000958023,-0.0315552,0.489657,0.133241,0.0355696,-0.00144512,-0.550045,-0.0988659,0.395273,0.905597,0.00853479,-0.0185076,0.423648,-0.492707,0.578153,-0.465433,-0.523009,0.565229,-0.533791,-0.013981,0.523383,2.12472,0.86769,-0.611875,-0.749249,1.81012,-0.0266801,3.66746,1.58223,0.860878,0.0242659,-0.860739,-0.424159,0.00101466,0.000606193,
737,0.000947047,-0.0325356,0.393184,0.00889932,0.023713,-0.00149007,-0.43576,-0.0588197,0.407568,0.909394,0.00823104,-0.0267187,0.414994,-0.235303,0.674271,-0.411971,-0.523222,0.428559,-0.568441,-0.013404,0.523443,2.54786,0.883024,1.14554,-0.23247,-0.556124,-0.0138936,6.66564,2.28636,1.19797,-0.0039032,-4.49743,-0.922368,-0.00455621,-0.000854846,
738,0.00109602,-0.0364554,0.129795,-0.189073,0.0115256,-0.00166981,-0.142032,0.0281013,0.456732,0.907044,0.00532356,-0.0494175,0.418092,0.160986,0.786596,-0.349218,-0.523605,0.130905,-0.623293,-0.0138426,0.523413,2.86953,0.985097,0.864865,-0.297251,-1.67197,-0.146064,9.13296,2.19066,1.32918,-0.00859147,-7.39873,-1.26709,-0.000325947,-1.73452e-05,
739,0.00131114,-0.042543,-0.239454,-0.385931,0.00126223,-0.00194912,0.264574,0.137564,0.53313,0.903687,-0.000193892,-0.0750998,0.421556,0.575201,0.85316,-0.283395,-0.52247,-0.246689,-0.670856,-0.0141866,0.523386,3.10594,0.997302,1.5684,-0.538784,-0.191262,0.969445,2.28087,0.557209,1.2898,-0.0239042,-7.83873,-0.762611,-0.0221238,-0.00101963,
740,0.00155244,-0.0476031,-0.490216,-0.382799,0.00746801,-0.00218145,0.55064,0.22709,0.596677,0.891898,-0.0172341,-0.0797254,0.44482,0.53369,0.809565,-0.220707,-0.524068,-0.566101,-0.682763,-0.0150085,0.523342,2.76156,0.903628,0.96615,-0.613313,0.274709,0.598891,-1.97672,-2.27574,1.2414,-0.0415008,-2.05154,0.276881,0.00414634,-0.000538407,
741,0.00155527,-0.0501902,-0.449766,-0.312886,0.0238094,-0.00230029,0.502685,0.209959,0.629184,0.887831,-0.0348046,-0.0776978,0.452226,0.348543,0.628424,-0.1585,-0.526623,-0.505685,-0.627754,-0.014259,0.523314,2.44009,0.907635,0.33486,-0.552038,0.446653,0.369871,-5.40151,-4.9497,1.24121,-0.059757,3.29967,1.91089,0.0205397,-0.000266749,
742,0.00144632,-0.0504874,-0.245699,-0.159815,0.0567949,-0.00231395,0.27033,0.138111,0.63292,0.883919,-0.0417952,-0.0734252,0.459945,0.00372938,0.490176,-0.0934841,-0.530199,-0.253537,-0.505121,-0.0131819,0.523298,2.0721,0.940484,-0.12401,0.224085,0.165955,0.323562,-8.36964,0.548081,1.35962,-0.0846078,6.75791,1.14744,0.0248443,-0.000143411,
743,0.00123638,-0.0491091,0.124339,0.0578174,0.0568554,-0.00225062,-0.136115,0.0278941,0.615598,0.881857,-0.0422923,-0.0642875,0.465196,-0.449137,0.515896,-0.0167478,-0.534832,0.125313,-0.513295,-0.0115856,0.523297,1.9565,0.978856,-0.588256,0.159761,0.358648,0.158131,-9.73274,0.270001,1.70786,-0.0995007,8.38248,-0.325235,0.0380949,3.45264e-05,
744,0.000772088,-0.0459941,0.453211,0.126339,0.0471579,-0.00210755,-0.506415,-0.0840557,0.576465,0.891237,-0.0464937,-0.0610172,0.447002,-0.574164,0.539431,0.0780408,-0.539713,0.510637,-0.523811,-0.00772601,0.52331,2.51489,0.848202,-0.999751,-0.271733,0.179982,-1.26438,1.43279,0.672327,2.06714,-0.0991188,7.03132,-0.0982978,0.0979962,-1.07659e-05,
745,0.000364005,-0.041368,0.472834,0.0698407,0.0370441,-0.00189519,-0.528172,-0.0919918,0.518379,0.897473,-0.0521818,-0.0604272,0.433783,-0.422949,0.595432,0.186599,-0.543803,0.539508,-0.544007,-0.00405061,0.523311,2.83987,0.989177,-1.12024,0.787339,1.49133,-0.262572,4.58961,1.54975,2.29693,0.0154241,-2.21895,-0.702462,0.0665038,-0.00126463,
746,1.28631e-05,-0.0369205,0.318164,-0.0615627,0.019587,-0.00169114,-0.352859,-0.0319685,0.462567,0.906225,-0.0269208,-0.030893,0.420805,-0.115744,0.683318,0.305898,-0.542037,0.335883,-0.594648,-0.00016041,0.523353,3.3204,0.454558,-0.832391,2.6328,-1.88965,-1.55423,7.60498,1.94632,2.48607,0.0485777,-5.88739,-1.29885,0.109258,0.0011793,
747,-0.000292594,-0.0351671,-0.00759428,-0.252382,-0.00081994,-0.00161073,0.00330145,0.068966,0.440572,0.9126,0.00874803,-0.0242588,0.408039,0.309997,0.762141,0.427964,-0.535837,-0.0075945,-0.657701,0.00383099,0.523423,4.36239,0.917904,1.20792,-0.751468,-0.192674,0.113662,9.22888,0.85498,2.38837,0.158325,-7.66828,-0.848036,0.050768,0.0034142,
748,-0.000545215,-0.0414564,-0.354228,-0.382624,-0.00252541,-0.00189925,0.393494,0.175845,0.519489,0.909341,-1.38561e-05,-0.0269201,0.41518,0.574264,0.747558,0.53791,-0.52922,-0.3793,-0.676134,0.00605414,0.5234,4.10283,0.611208,1.39056,-0.326213,0.400565,1.21616,-0.612037,-1.25298,0.813244,0.113651,-7.25588,-0.0693027,0.0225857,-0.0010328,
749,-0.000738969,-0.045842,-0.487566,-0.355574,0.0135326,-0.00210057,0.547432,0.22641,0.574554,0.898588,-0.0142603,-0.0187626,0.43816,0.478952,0.616321,0.530512,-0.524123,-0.56198,-0.64726,0.00741918,0.523349,3.76903,0.592596,0.809887,-0.312263,0.623527,0.66653,-3.14643,-3.9731,-0.321815,0.0905315,0.620475,1.2118,0.0348718,-0.000477499,
750,-0.000919025,-0.0481135,-0.396142,-0.258388,0.0441462,-0.00220489,0.440526,0.189586,0.603089,0.891076,-0.018324,-0.00589542,0.453446,0.237207,0.486,0.517528,-0.523078,-0.432414,-0.54647,0.00879038,0.52332,3.43272,0.617618,0.373217,0.753668,0.286461,0.704624,-6.4975,0.580015,-0.196115,-0.0183188,4.53012,2.81156,0.0186616,-0.000297591,
751,-0.00102684,-0.0488293,-0.130372,-0.0820989,0.0590326,-0.00223777,0.142806,0.10291,0.612083,0.88413,-0.00808171,0.0147524,0.466937,-0.151639,0.514618,0.516188,-0.524632,-0.131497,-0.507176,0.00967732,0.523308,3.15373,0.616597,-0.0204877,0.745224,0.719333,0.544212,-9.0355,0.305814,0.139419,-0.042432,7.48421,-0.414577,0.0160225,-8.01575e-05,
752,-0.00109036,-0.0478871,0.251294,0.127498,0.059168,-0.00219449,-0.276906,-0.0116738,0.600245,0.878861,-0.000110941,0.0387538,0.475501,-0.589282,0.522089,0.526416,-0.527082,0.259703,-0.520354,0.0104786,0.523309,3.44536,0.566717,-0.482298,0.435774,0.624692,-0.432919,-3.31045,0.0519375,-0.00716297,-0.0505971,8.17161,-0.114241,0.0438445,0.000397626,
753,-0.00128393,-0.0449285,0.49739,0.114839,0.0506294,-0.00205862,-0.558718,-0.103723,0.563082,0.88719,-0.00367041,0.0524201,0.458402,-0.54244,0.547985,0.524498,-0.529697,0.577381,-0.527883,0.0131532,0.523318,3.94601,0.603902,-1.01011,0.0167103,0.369542,-0.228034,2.29774,0.978013,-0.0267093,-0.0542533,1.19502,-0.187669,0.0299018,9.01181e-05,
754,-0.00122119,-0.0398693,0.442239,0.0354694,0.0429745,-0.00182642,-0.493729,-0.079743,0.499569,0.887896,-0.00861243,0.0566846,0.456458,-0.340253,0.616729,0.523915,-0.532528,0.494976,-0.556097,0.014101,0.523329,4.25716,0.726878,-1.52734,-0.187667,0.119643,-0.0577427,5.76544,1.76346,-0.00232959,-0.0592327,-3.71064,-0.933652,0.0115075,0.000121882,
755,-0.00112937,-0.0356121,0.219123,-0.121391,0.0289065,-0.00163114,-0.240636,-0.000659998,0.446153,0.888962,0.0154258,0.00808533,0.45765,0.0202675,0.710139,0.52386,-0.534877,0.224619,-0.615589,0.0146021,0.523367,3.90201,0.203392,-0.979031,-0.612048,-3.22803,0.138459,8.64798,1.94497,-0.000229586,-0.0392786,-7.08392,-1.44691,0.00592651,2.38406e-05,
756,-0.00118897,-0.0385271,-0.154855,-0.332552,0.0157455,-0.00176484,0.170074,0.110495,0.482725,0.887906,0.00448289,-0.0415455,0.458123,0.472658,0.762762,0.523801,-0.530397,-0.156752,-0.670215,0.014208,0.523382,4.43251,0.884645,1.74355,-0.644226,-0.237466,0.0753492,9.44257,0.335075,-0.00104783,0.249798,-8.16552,-0.870535,-0.0136029,-0.000326839,
757,-0.00118735,-0.0442552,-0.463136,-0.392487,0.0180384,-0.00202771,0.518262,0.214647,0.554627,0.877254,-0.0125489,-0.04519,0.477731,0.580076,0.717853,0.523683,-0.522025,-0.525096,-0.692274,0.0123492,0.523357,3.94566,0.572232,1.14545,-0.67168,0.434264,1.16081,-1.75465,-2.10608,0.000504965,-0.00477589,-5.52087,-0.0199479,-0.0440098,-0.000170608,
758,-0.00109602,-0.0475863,-0.465132,-0.332051,0.0328924,-0.00218067,0.520696,0.214908,0.596466,0.86923,-0.0318594,-0.0397283,0.491778,0.411042,0.543288,0.523723,-0.523531,-0.528039,-0.654004,0.0105997,0.523331,3.55469,0.565059,0.535316,-0.538981,0.610376,0.635963,-4.98655,-4.85664,2.29854e-05,-0.0398541,2.34645,1.5383,-0.0376524,-0.000251957,
759,-0.000872855,-0.0489502,-0.303762,-0.191732,0.0666647,-0.00224332,0.335344,0.155261,0.613601,0.861308,-0.0309115,-0.0290805,0.506307,0.0834646,0.50536,0.523791,-0.526012,-0.319044,-0.539071,0.00820573,0.52331,3.21142,0.561346,0.104846,0.654284,0.228955,0.64375,-8.09204,0.483507,0.000958426,-0.0589025,5.98078,3.04467,-0.053173,-0.000174979,
760,-0.000592563,-0.0485928,0.0335092,0.0202913,0.0791186,-0.00222691,-0.0365954,0.052731,0.609111,0.854544,-0.0263322,-0.0115333,0.518583,-0.366412,0.519923,0.523941,-0.529511,0.0335281,-0.507784,0.00561176,0.523305,3.03375,0.545018,-0.29914,0.474682,0.607424,0.520272,-9.88745,0.121517,0.00170356,-0.0788432,8.10617,-0.416393,-0.052073,-1.39448e-05,
761,-0.000441432,-0.0464855,0.389014,0.135432,0.073929,-0.00213012,-0.431988,-0.0610163,0.582638,0.857687,-0.0288587,0.00189016,0.513358,-0.596956,0.52911,0.524023,-0.533479,0.423153,-0.520646,0.00437045,0.523316,3.62825,0.481728,-0.770877,-0.121911,0.45544,-1.06449,1.49563,0.251378,0.000233818,-0.0798138,7.48617,-0.10928,0.00623973,6.5765e-06,
762,-0.000344153,-0.042459,0.480271,0.0810522,0.0651176,-0.00194526,-0.538323,-0.0976497,0.532074,0.864523,-0.038115,0.00439265,0.501127,-0.454007,0.566251,0.523985,-0.537524,0.550761,-0.537097,0.00373113,0.523324,4.01433,0.679221,-1.25116,-0.337366,0.128676,-0.253833,4.20495,1.22543,-3.88056e-06,-0.0826888,-1.05782,-0.546618,-0.0255907,2.72593e-05,
763,-0.000206809,-0.0372355,0.372147,-0.0404508,0.0520024,-0.00170559,-0.413344,-0.0539614,0.46652,0.868241,-0.0295173,-0.00834006,0.495194,-0.16249,0.640857,0.523963,-0.541613,0.401623,-0.581264,0.00255717,0.523349,4.39655,0.277364,-1.10724,1.11025,-2.30833,-0.565485,7.3964,1.74941,1.34946e-05,-0.0754491,-4.87303,-1.2009,-0.0113167,0.000568985,
764,-0.000137188,-0.0347086,0.0939346,-0.229137,0.0323492,-0.0015897,-0.105972,0.0363759,0.434821,0.87399,0.0107928,-0.0164066,0.485548,0.261005,0.713777,0.523577,-0.539007,0.0943522,-0.646236,0.00181998,0.523372,5.1322,1.15897,1.05708,0.569282,0.340663,-0.114282,9.36914,0.925034,0.00884038,0.252175,-7.18618,-1.18133,-0.0409738,0.00224406,
765,6.91008e-05,-0.0382645,-0.264982,-0.382721,0.0240557,-0.0017528,0.292244,0.143179,0.47943,0.869051,0.00725718,9.94284e-05,0.494669,0.595787,0.714821,0.52383,-0.52724,-0.274909,-0.694809,-0.000831417,0.523383,4.8147,0.901602,0.60705,0.112052,1.05994,1.4093,-0.352911,-0.833046,-0.00184772,0.214743,-7.61104,-0.805628,-0.0756124,-0.000449441,
766,0.000366262,-0.0395567,-0.490341,-0.350359,0.0321466,-0.00181208,0.550591,0.224346,0.495645,0.851658,-0.00582322,0.0258442,0.523428,0.508309,0.604032,0.523777,-0.522159,-0.566295,-0.707811,-0.00426268,0.523361,4.50897,0.81097,0.0481419,0.137962,1.2672,0.861242,-2.69468,-3.57422,0.000492451,-0.0280517,-1.17898,0.275194,-0.0523566,-0.000345641,
767,0.000579654,-0.0388898,-0.440412,-0.253707,0.0520347,-0.00178148,0.491568,0.202849,0.487276,0.839565,-0.00752058,0.0582816,0.540072,0.288171,0.497944,0.523804,-0.52401,-0.4924,-0.653099,-0.00686207,0.523348,4.17733,0.775797,-0.350338,1.21608,0.94994,0.864254,-6.08636,0.404168,0.000241583,-0.0452721,3.50163,1.90341,-0.0545733,-9.46615e-05,
768,0.000803176,-0.0390194,-0.225923,-0.0806241,0.0909048,-0.00178743,0.248657,0.127947,0.488903,0.828911,-0.0133693,0.0337381,0.558202,-0.0893271,0.517344,0.523891,-0.525504,-0.231964,-0.523076,-0.00947653,0.523365,3.12782,0.483959,-0.166713,-0.977429,-0.820307,0.757311,-8.9771,0.205285,0.000967385,-0.0343534,6.87915,2.71012,-0.0484658,-0.000370055,
769,0.000934917,-0.0373243,0.147155,0.150438,0.0995102,-0.00170967,-0.161296,0.0164088,0.467633,0.818806,-0.0296817,0.00526026,0.573279,-0.568166,0.522466,0.52404,-0.527618,0.14878,-0.51203,-0.0115326,0.523356,3.14935,0.47081,-0.718186,-1.32778,-0.510095,0.341268,-8.24895,0.0364045,0.00179884,-0.0464205,8.34487,-0.334605,-0.0251297,0.000111292,
770,0.000778001,-0.0335675,0.464968,0.160716,0.0909341,-0.00153738,-0.519445,-0.0937274,0.420509,0.826752,-0.0467179,-0.0333888,0.559628,-0.565346,0.551686,0.52408,-0.52974,0.527796,-0.525243,-0.0106725,0.523371,3.61713,0.237251,-0.772095,0.207412,-1.59684,-0.390642,2.10886,1.09627,-0.00222399,-0.000360572,5.69978,-0.175436,0.0100253,-0.000738271,
771,0.000732439,-0.0327375,0.466263,0.0773054,0.0839908,-0.00149932,-0.522632,-0.0940415,0.4101,0.830084,0.00879721,-0.000283135,0.557569,-0.381252,0.633063,0.52403,-0.521972,0.529712,-0.55036,-0.0103025,0.523364,3.85393,0.177043,-0.338185,2.81722,0.125699,-0.145619,5.27933,2.17468,0.000824039,0.0420779,-2.40175,-0.835924,0.00685854,0.00082062,
772,0.000761629,-0.0352409,0.305238,-0.0911136,0.0630054,-0.00161411,-0.336103,-0.0322193,0.441497,0.84233,0.0099539,-0.0100032,0.538777,-0.0418528,0.745933,0.524052,-0.522989,0.320758,-0.606119,-0.00995123,0.523442,3.36844,1.25658,0.966432,-0.776216,-1.50661,-1.23096,8.28836,2.38432,-0.000713158,-0.027017,-5.95718,-1.39401,0.00610611,-0.000519947,
773,0.000884522,-0.0395153,-0.0284787,-0.311713,0.0389362,-0.00181018,0.0313029,0.0706198,0.495125,0.851751,0.0116353,-0.0597023,0.520404,0.417025,0.8401,0.523943,-0.524553,-0.0284903,-0.675172,-0.0103052,0.523413,3.61097,1.51856,1.87299,-1.25018,-1.74822,-0.124389,9.98183,1.16572,-0.000966356,-0.0482106,-7.92191,-1.13813,-0.0293997,-0.000126552,
774,0.00124801,-0.0460902,-0.378659,-0.398255,0.0340747,-0.00211197,0.420472,0.179679,0.577673,0.841168,-0.00190714,-0.0815886,0.53458,0.582252,0.839335,0.523833,-0.525142,-0.409873,-0.717803,-0.0124623,0.523355,3.21869,1.09744,1.35939,-0.946875,-0.116274,1.27546,-1.45577,-1.17009,-0.000654312,-0.0219401,-7.33769,-0.567395,-0.0490925,-0.000304404,
775,0.00153404,-0.0502715,-0.490651,-0.35285,0.041718,-0.00230403,0.550923,0.22291,0.630206,0.82909,-0.0237575,-0.0932364,0.550774,0.442814,0.709317,0.523835,-0.526736,-0.566779,-0.712488,-0.0140416,0.523322,2.86896,1.03426,0.734801,-0.882195,0.154065,0.518063,-4.09812,-4.0072,-0.000276995,-0.0411784,1.03256,0.766196,-0.0168691,-0.000309819,
776,0.00166485,-0.0519553,-0.383791,-0.232785,0.0645748,-0.0023814,0.426389,0.180116,0.65137,0.821124,-0.0432469,-0.0996054,0.560324,0.154085,0.482681,0.523852,-0.529258,-0.41643,-0.63425,-0.0147438,0.523299,2.53605,0.988762,0.178667,-0.118656,-0.0734559,0.618955,-7.42375,-1.28213,0.000499481,-0.0598998,4.95039,2.35819,-0.0157404,-0.000335715,
777,0.00171923,-0.0516997,-0.0971578,-0.0315908,0.101227,-0.00236966,0.106225,0.0879117,0.648157,0.812938,-0.0370332,-0.0991009,0.57266,-0.277702,0.506098,0.523948,-0.532711,-0.0976202,-0.50401,-0.0153008,0.523289,2.27115,0.952315,-0.30178,0.201477,0.00839656,0.474047,-9.82715,0.568343,0.000956038,-0.0796814,7.77748,0.788008,-0.00209194,2.10162e-05,
778,0.00149845,-0.0497075,0.288718,0.114178,0.097099,-0.00227811,-0.318299,-0.0286147,0.623118,0.81549,-0.0395086,-0.0999771,0.5687,-0.572922,0.527462,0.52409,-0.536862,0.301724,-0.514557,-0.0138718,0.523299,2.77539,0.955606,-0.700413,-0.433184,0.0046793,-1.15011,0.463562,0.295996,0.000947463,-0.0838864,8.20019,-0.294262,0.0710329,6.5409e-05,
779,0.00104996,-0.0460858,0.498465,0.0886596,0.084526,-0.00211177,-0.560061,-0.108546,0.577617,0.827419,-0.0461593,-0.110199,0.548728,-0.494365,0.562861,0.52406,-0.541208,0.57909,-0.533992,-0.0104856,0.523307,3.11648,1.1481,-1.10315,-0.585836,-0.307023,-0.270429,2.57599,1.11454,-0.000685791,-0.0881934,-0.0284682,-0.484077,0.0483854,0.000149955,
780,0.000722772,-0.0421136,0.424734,-0.000707773,0.0720461,-0.00192941,-0.473914,-0.0766147,0.527739,0.833564,-0.0593594,-0.0748718,0.544096,-0.278885,0.632721,0.524028,-0.540418,0.470637,-0.577646,-0.00790029,0.523305,3.27822,1.27024,-1.16624,0.457916,1.83236,-0.118817,6.02512,1.68646,-5.714e-05,0.0352476,-4.16571,-1.25499,0.0537684,0.000613084,
781,0.000284122,-0.0384768,0.17935,-0.16084,0.0453208,-0.00176253,-0.19466,0.00891159,0.482094,0.850526,-0.0267035,-0.0570225,0.522151,0.0860795,0.713832,0.524022,-0.537263,0.182319,-0.65184,-0.00339966,0.52335,4.05589,0.784724,-0.411156,3.30635,-0.308535,-2.31736,8.48604,1.52397,0.00143419,0.215666,-7.32917,-1.71002,0.134016,-0.0013824,
782,-0.00012525,-0.0377006,-0.198058,-0.353894,0.0182265,-0.00172693,0.216528,0.121979,0.472355,0.865603,0.000657002,-0.0270405,0.500001,0.529195,0.753704,0.52375,-0.525932,-0.202083,-0.727217,0.00152957,0.523388,4.80574,1.1876,1.10789,0.464964,1.1727,0.254953,7.5099,-0.225406,7.0747e-05,0.191135,-7.89627,-1.00612,0.0537243,0.000533747,
783,-0.000267317,-0.0410711,-0.479009,-0.37249,0.0221307,-0.00188157,0.53709,0.219378,0.514652,0.850109,-0.000540003,0.0166539,0.526343,0.551907,0.676985,0.523709,-0.52269,-0.548839,-0.753481,0.00299623,0.523365,4.38517,0.845002,0.553234,0.892476,1.62248,1.22111,-1.50781,-2.8045,0.000619121,-0.0216294,-4.93525,-0.0614916,0.0309759,-0.000277148,
784,-0.000453949,-0.0422283,-0.464876,-0.308796,0.0375369,-0.00193468,0.520445,0.212574,0.529179,0.837347,0.00199401,0.0674409,0.542493,0.392125,0.498733,0.523747,-0.524209,-0.52766,-0.716321,0.00494841,0.523343,3.96304,0.804573,0.101084,1.73847,1.52197,0.84145,-4.86311,-1.2416,0.000159038,-0.0391148,2.8338,1.54118,0.0328865,-0.000299492,
785,-0.00061607,-0.0445118,-0.282324,-0.171879,0.0720104,-0.00203949,0.312186,0.1457,0.557849,0.826124,0.00984677,0.0687822,0.559188,0.0697768,0.510715,0.523822,-0.525634,-0.294441,-0.601992,0.00637052,0.523373,2.70998,0.391351,0.625052,-0.425674,-0.756956,0.788256,-7.99677,0.397034,0.000820789,-0.0281296,6.45795,3.01952,0.025954,-0.0008647,
786,-0.000766821,-0.0460044,0.0768994,0.0309025,0.101704,-0.00210803,-0.0835766,0.0372431,0.576594,0.816985,0.00939221,0.0490528,0.574492,-0.371532,0.521152,0.523965,-0.527475,0.0771279,-0.504994,0.00767159,0.523334,2.56538,0.324037,0.137283,-0.679576,-0.39252,0.659134,-9.64093,0.0778994,0.00151731,-0.0458403,8.39013,-0.196824,0.0266866,-0.000339269,
787,-0.00100153,-0.0453404,0.425773,0.137783,0.0982432,-0.00207754,-0.474295,-0.0781544,0.568255,0.81811,-0.00266851,0.0262488,0.574456,-0.594367,0.530391,0.524091,-0.529813,0.472061,-0.519103,0.0101668,0.523329,3.17092,0.335132,-0.463946,-1.13047,-0.562081,-0.817083,1.44817,0.294225,0.000525563,-0.0473687,7.41762,-0.171671,0.0758586,-0.000114767,
788,-0.00116523,-0.0424924,0.48356,0.0777297,0.0910876,-0.0019468,-0.542158,-0.10225,0.532494,0.821218,-0.0159351,-0.00750159,0.570343,-0.447179,0.570067,0.524065,-0.532215,0.555797,-0.541797,0.0126229,0.523331,3.5458,0.617687,-0.947923,-1.25049,-1.01382,0.0326871,4.42341,1.28235,0.000148629,-0.0499743,-1.79425,-0.731268,0.0337309,-3.08902e-05,
789,-0.00114649,-0.0378888,0.346516,-0.0514972,0.0781426,-0.00173556,-0.383647,-0.0482889,0.474716,0.818875,-0.0261087,-0.0506981,0.571133,-0.143496,0.646557,0.524052,-0.53481,0.369853,-0.596048,0.0139316,0.523342,3.77668,0.812579,-1.34759,-1.38655,-1.37524,0.080824,7.69894,1.76993,-0.000147909,-0.0537644,-5.6141,-1.43017,0.0182876,0.000160162,
790,-0.00131391,-0.0357415,0.029954,-0.242527,0.0479474,-0.00163707,-0.0378194,0.0527116,0.447777,0.840043,0.00952596,-0.0180785,0.542136,0.284029,0.717248,0.524026,-0.523397,0.0299674,-0.673138,0.0169264,0.523342,4.5397,1.09711,0.137643,0.784887,0.800093,-0.866322,9.44558,1.01581,-0.0042296,0.26609,-7.82977,-1.52435,0.0341354,0.00348219,
791,-0.00139469,-0.0384555,-0.330945,-0.387783,0.0365163,-0.00176156,0.36659,0.162692,0.481827,0.837405,0.000875615,0.00629464,0.546546,0.607052,0.711238,0.523864,-0.522544,-0.351056,-0.726999,0.0166974,0.523387,4.57868,1.06091,0.71817,0.436073,1.29921,1.22263,-0.705434,-1.10623,-0.0012164,-0.0472654,-7.53785,-0.770296,-0.0359605,-0.000629279,
792,-0.00131546,-0.0401843,-0.497394,-0.347308,0.0427803,-0.00184087,0.558923,0.225395,0.503522,0.822387,-0.008242,0.0414961,0.567354,0.496798,0.586248,0.523848,-0.525236,-0.577388,-0.734728,0.0150702,0.523359,4.21361,0.948272,0.159789,0.591379,1.46504,0.562964,-3.36761,-3.86984,0.000168286,-0.060858,0.492774,0.449454,-0.0239262,-0.000288909,
793,-0.00118614,-0.0408146,-0.410308,-0.238978,0.0628713,-0.0018698,0.456421,0.18932,0.511433,0.812487,-0.00735811,0.067145,0.579052,0.242263,0.503746,0.523866,-0.528368,-0.451129,-0.671256,0.0133785,0.523363,3.39625,0.668053,0.302785,0.0782969,-0.124112,0.638095,-6.79126,0.391577,0.000215062,-0.0597651,4.51433,2.07645,-0.0425064,7.83256e-05,
794,-0.000986402,-0.0410674,-0.146549,-0.0520628,0.100694,-0.0018814,0.160787,0.101931,0.514606,0.80404,0.000518991,0.068823,0.590578,-0.163493,0.518988,0.523943,-0.531722,-0.148153,-0.534929,0.0110571,0.523348,3.11676,0.606097,-0.172138,0.44655,-0.0919509,0.516684,-9.41673,0.147846,0.000935733,-0.0743214,7.57801,3.36834,-0.0493759,-0.000222564,
795,-0.000792421,-0.0406547,0.243607,0.153432,0.109598,-0.00186246,-0.267848,-0.0149442,0.509425,0.800377,-0.0101881,0.0387296,0.598158,-0.596835,0.522765,0.524082,-0.535133,0.25124,-0.510638,0.00897298,0.523358,3.07706,0.429717,-0.388338,-1.57662,-0.773868,-0.753079,-2.07964,0.0275286,0.0017921,-0.0661148,8.40316,-0.360652,-0.00465529,2.99942e-05,
796,-0.000745206,-0.0380277,0.499152,0.133408,0.0975599,-0.00174193,-0.560778,-0.109832,0.476459,0.814021,-0.0292798,-0.00452157,0.580079,-0.536197,0.552334,0.524098,-0.538438,0.580181,-0.530918,0.00902219,0.523355,3.51886,0.603959,-0.915473,-1.58661,-1.19926,-0.366283,2.3717,1.14661,-0.000869253,-0.0656643,1.23792,-0.450206,-0.023375,4.91544e-05,
797,-0.000587623,-0.0347736,0.443398,0.047978,0.0844188,-0.00159268,-0.493679,-0.085269,0.435635,0.818501,-0.0292583,-0.0365393,0.572595,-0.332715,0.629995,0.524111,-0.537288,0.496616,-0.572705,0.00778103,0.523342,3.96977,0.461499,0.0902117,2.40229,0.0634793,-1.091,5.59827,1.82022,0.00210643,0.334643,-3.71135,-1.19984,-0.000804149,-0.00114807,
798,-0.0005665,-0.0351333,0.222081,-0.11935,0.0578848,-0.00160918,-0.24773,-0.00556724,0.440148,0.834725,0.00814092,-0.0134506,0.550442,0.0190899,0.725383,0.524033,-0.52174,0.227809,-0.645785,0.00742443,0.523396,4.12264,1.37968,0.69152,-0.701298,-0.470091,-0.482492,8.42735,1.88036,-0.00129664,0.0848837,-6.905,-1.65001,-0.0483678,0.00279713,
799,-0.000330021,-0.0395921,-0.148906,-0.333866,0.0388695,-0.0018137,0.164578,0.104887,0.49609,0.835087,0.00328581,-0.0500921,0.547822,0.468674,0.785147,0.523938,-0.522905,-0.15059,-0.719414,0.00383745,0.523408,4.18484,1.6825,1.19019,-0.662401,-1.1956,0.0322503,9.56823,0.609028,-0.000497263,-0.0502551,-8.27534,-1.35724,-0.0788559,-0.00106414,
800,7.83114e-05,-0.0433044,-0.463061,-0.389787,0.0344413,-0.00198407,0.518421,0.210762,0.542689,0.822146,-0.0175392,-0.071018,0.564557,0.579697,0.752878,0.523835,-0.526459,-0.524985,-0.764375,-0.000832406,0.523356,3.78117,1.24641,0.642907,-1.23656,0.0918894,1.12521,-1.71778,-1.86611,5.77301e-05,-0.0827976,-5.63458,-0.481175,-0.0951274,-0.000402891,
801,0.000471643,-0.0445802,-0.46558,-0.324141,0.042437,-0.00204264,0.521125,0.21112,0.558709,0.812405,-0.0443613,-0.0821104,0.575576,0.412405,0.590532,0.523831,-0.53101,-0.528701,-0.749318,-0.00486955,0.523334,3.42089,1.16545,0.00610733,-1.09781,0.280612,0.603658,-4.95358,-4.60778,-0.000508998,-0.0977632,2.35125,1.0707,-0.0780519,-0.000159523,
802,0.000845771,-0.0436191,-0.303983,-0.176785,0.0695005,-0.00199851,0.33547,0.151112,0.54664,0.802279,-0.0573178,-0.087351,0.587735,0.0864044,0.498808,0.523855,-0.536263,-0.3193,-0.658045,-0.00892509,0.523323,3.09233,1.09601,-0.493179,0.00292286,-0.100642,0.668952,-8.06295,0.530482,0.000437333,-0.112288,5.99356,2.56966,-0.0820543,-8.0794e-05,
803,0.00111979,-0.0406553,0.0339098,0.0433237,0.109296,-0.00186248,-0.0359403,0.0482186,0.509433,0.794391,-0.0546751,-0.0820488,0.599352,-0.362085,0.518268,0.523954,-0.541814,0.0339293,-0.513788,-0.0126798,0.523321,2.85505,1.08996,-0.827051,0.935446,1.02936,0.234408,-9.8594,0.183065,-0.000597145,-0.070263,8.1284,1.4037,-0.061045,-0.000761735,
804,0.00111573,-0.0368436,0.390276,0.163954,0.104365,-0.00168762,-0.433885,-0.0653089,0.461602,0.805382,-0.059888,-0.0513954,0.587479,-0.594193,0.53441,0.524107,-0.545008,0.424786,-0.514928,-0.0139429,0.523348,3.41635,1.15887,-1.14097,0.157465,1.13223,-1.39653,1.41335,0.470203,0.00108927,-0.063266,7.51238,-0.270735,0.012279,0.000382552,
805,0.00101337,-0.0337731,0.480905,0.109931,0.0931628,-0.0015468,-0.538991,-0.101314,0.423087,0.817869,-0.0300015,-0.0259444,0.574036,-0.457579,0.586761,0.524087,-0.544915,0.55173,-0.539225,-0.0138165,0.523369,3.72916,0.313645,-0.274162,3.38281,-0.711032,-0.315532,4.00813,1.60203,0.000453909,0.0956361,-1.08768,-0.697069,0.00304206,-5.2952e-05,
806,0.000979714,-0.0328089,0.372395,-0.0205094,0.0771796,-0.00150259,-0.415981,-0.0572556,0.410995,0.824386,0.0130628,-0.00521737,0.565853,-0.17509,0.683841,0.524074,-0.540512,0.401936,-0.591524,-0.0137507,0.523418,3.17589,1.38692,0.570201,-1.46942,-0.0629958,-0.76656,7.22832,2.19001,0.000399481,0.08493,-4.81498,-1.35266,-0.00703564,0.00251053,
807,0.00113529,-0.0373365,0.095108,-0.227431,0.0504157,-0.00171023,-0.103659,0.0334613,0.467787,0.838908,0.00898988,-0.0346417,0.543096,0.239695,0.779614,0.524022,-0.531466,0.0955417,-0.664575,-0.0139997,0.523411,3.5857,1.70214,1.41089,-0.436145,-0.571184,-0.929264,9.3759,1.70329,-0.00176164,0.270435,-7.4236,-1.58275,-0.00710853,-0.000242245,
808,0.00131885,-0.0419373,-0.274781,-0.396456,0.0278861,-0.00192132,0.303549,0.14474,0.525526,0.846855,0.005216,-0.0486064,0.529572,0.605451,0.820337,0.523893,-0.521428,-0.285907,-0.735102,-0.0144765,0.52337,3.2898,1.36091,0.86371,-0.434898,0.0645022,0.34835,-0.017,-0.0533327,-0.00201757,-0.000938444,-7.84203,-1.2463,-0.02697,-0.000715858,
809,0.00146107,-0.0442089,-0.484469,-0.366059,0.0210778,-0.00202559,0.5436,0.221303,0.554045,0.844329,-0.00878428,-0.0496356,0.533448,0.515273,0.74506,0.523814,-0.523394,-0.557195,-0.769185,-0.015212,0.523341,2.96846,1.24333,0.272208,-0.409676,0.412932,-0.308662,-2.81934,-2.93237,-0.000193666,-0.0515317,-0.441421,-0.129094,0.00574277,-0.000321791,
810,0.00141359,-0.0441073,-0.427556,-0.269883,0.0268684,-0.00202093,0.476652,0.198447,0.55277,0.848469,-0.0227352,-0.0440748,0.526916,0.290004,0.534856,0.523759,-0.526373,-0.47451,-0.735008,-0.0147516,0.523328,2.67172,1.20822,-0.326519,-0.303264,0.580667,-0.206756,-6.16197,-5.45654,-0.000767625,-0.0676598,3.60588,1.4837,0.0108209,-0.000138499,
811,0.00132052,-0.0421406,-0.207326,-0.0909914,0.0524446,-0.00193065,0.227484,0.123776,0.528077,0.851027,-0.0133369,-0.0320326,0.523974,-0.0881108,0.500118,0.523773,-0.530167,-0.211959,-0.625607,-0.0144247,0.523324,2.34169,1.24895,-0.714611,0.991086,0.101375,-0.192806,-8.94107,0.660201,0.000319877,-0.0837582,6.86638,2.8783,0.00782362,3.28158e-05,
812,0.00114732,-0.0384366,0.161945,0.144057,0.0806295,-0.00176069,-0.178062,0.0145757,0.481589,0.8551,0.0068001,-0.0163338,0.518162,-0.561824,0.519354,0.523881,-0.534653,0.164119,-0.500923,-0.0137427,0.523338,2.34901,1.29867,-1.11766,0.678947,0.233769,-0.682847,-8.13848,0.156503,0.00175194,-0.0941969,8.17194,0.152692,0.0314236,0.000455368,
813,0.000716574,-0.0330312,0.467574,0.161398,0.0618252,-0.00151279,-0.523441,-0.0912067,0.413783,0.876887,0.0108548,-0.0103664,0.480463,-0.56325,0.553287,0.524011,-0.539152,0.531655,-0.517435,-0.00998963,0.523363,2.92801,1.25137,-1.59596,0.115558,0.0129218,-1.75851,2.00277,1.19481,0.000290028,-0.0902198,5.45512,-0.348576,0.0790241,0.000130608,
814,0.000457464,-0.0317189,0.466182,0.0822488,0.0442483,-0.00145262,-0.522918,-0.0896261,0.397326,0.890392,0.00815125,-0.00304078,0.455111,-0.384959,0.637878,0.523949,-0.535962,0.529592,-0.548724,-0.00664158,0.523419,2.12425,0.68569,0.998256,-0.34991,-1.20862,-0.936434,5.10859,2.18717,-0.00063507,0.144181,-2.41541,-0.879152,0.0671496,0.0011791,
815,0.000259303,-0.0354869,0.302871,-0.0870284,0.0225246,-0.00162539,-0.333677,-0.027242,0.444583,0.899354,0.0108763,-0.0281597,0.436177,-0.0521775,0.758529,0.523874,-0.52678,0.318011,-0.607275,-0.00336446,0.523402,2.3773,0.719177,0.827269,-0.155746,-0.397278,-0.713201,8.19659,2.64372,-0.000786602,0.220754,-6.03927,-1.46827,0.0634573,-0.000336627,
816,6.66087e-05,-0.0399749,-0.0321556,-0.30513,0.000576739,-0.00183127,0.0381439,0.0754554,0.500894,0.903396,0.00502802,-0.0633549,0.424072,0.398617,0.865129,0.52376,-0.522593,-0.0321723,-0.677696,-0.000767089,0.523414,2.87137,0.862486,1.53674,-0.762426,-0.507165,-0.17896,9.82368,1.61684,-0.00124785,-0.0184906,-7.96758,-1.34728,0.0431449,-0.002058,
817,-8.25047e-05,-0.045297,-0.382236,-0.39221,-0.00996132,-0.00207554,0.424598,0.185111,0.567709,0.899626,0.003547,-0.080983,0.429072,0.572435,0.886833,0.52263,-0.52427,-0.414438,-0.728847,0.000838328,0.523353,2.52076,0.569644,1.04764,-0.356522,-0.36686,0.7038,-1.13219,-0.708541,-0.0359697,-0.0456697,-7.32927,-0.71378,0.0233539,-0.000328661,
818,-0.000270073,-0.0482408,-0.491994,-0.349396,-0.00781517,-0.00221074,0.55246,0.228144,0.604688,0.895966,-0.00169089,-0.0892278,0.435064,0.448062,0.780461,0.519883,-0.527013,-0.568879,-0.729671,0.00257638,0.523324,2.16504,0.599938,0.429401,-0.243718,-0.0949366,-0.0627776,-3.81887,-3.52339,-0.0740802,-0.0634946,1.11465,0.66648,0.0432432,-0.000251592,
819,-0.000477686,-0.0487028,-0.382098,-0.231375,0.00997408,-0.00223196,0.424276,0.184817,0.610493,0.89617,-0.00618597,-0.0913936,0.434153,0.172658,0.544444,0.514999,-0.530618,-0.414261,-0.655399,0.0045136,0.523308,1.8507,0.652134,-0.202922,-0.140909,0.107786,0.0395424,-7.16713,-5.89944,-0.120573,-0.0809075,5.03673,2.29251,0.0332648,-0.000191792,
820,-0.000582058,-0.0472228,-0.0911665,-0.032361,0.0466515,-0.00216398,0.0996135,0.0921219,0.591899,0.895157,0.0122451,-0.0899999,0.4364,-0.246187,0.501039,0.511437,-0.535071,-0.0915482,-0.50888,0.00567256,0.523303,1.56102,0.744343,-0.585724,1.00475,-0.353898,-0.0551492,-9.56788,0.620422,-0.0246834,-0.09738,7.8458,2.86186,0.0196,5.3869e-05,
821,-0.000718038,-0.0441769,0.295712,0.139713,0.0425555,-0.00202412,-0.325763,-0.0247429,0.553644,0.900442,0.0284894,-0.0878581,0.425057,-0.590755,0.524541,0.519094,-0.540156,0.309743,-0.507456,0.00748132,0.52332,1.9923,0.602341,-0.931158,0.376328,0.0582584,-1.64046,0.190973,0.328673,0.339498,-0.0804147,8.21897,-0.498213,0.0745022,-0.000231243,
822,-0.000935184,-0.0403131,0.492499,0.112334,0.0247523,-0.00184678,-0.55328,-0.0994627,0.505138,0.915123,0.0389313,-0.054559,0.397564,-0.506303,0.565697,0.525826,-0.540776,0.56967,-0.536236,0.0106794,0.523324,2.35083,0.588045,-1.16357,0.744499,1.02211,-0.680368,2.74295,1.31985,-0.0498689,-0.00592267,-0.154428,-0.652269,0.0382776,0.000468633,
823,-0.000915915,-0.0352285,0.417989,0.0231535,0.00849769,-0.00161354,-0.466412,-0.0675468,0.441342,0.921295,0.0234873,-0.0284537,0.387111,-0.283319,0.650323,0.524084,-0.541236,0.461456,-0.586003,0.0119713,0.523368,2.53063,1.16777,-1.19304,-2.40604,1.69601,0.000872352,6.14494,2.04504,-0.0157438,-0.0118415,-4.0532,-1.3153,0.00026198,0.000886177,
824,-0.000981981,-0.0351051,0.185668,-0.14775,-0.0144857,-0.00160788,-0.205746,0.0126101,0.439794,0.927606,-0.00413958,-0.028999,0.372409,0.0802696,0.747358,0.523537,-0.53186,0.188969,-0.656499,0.01288,0.52343,3.84672,0.614873,1.20573,-1.21965,-1.75384,-0.774564,8.34972,1.76731,0.00337133,0.338197,-6.76761,-1.43093,0.019223,0.00154488,
825,-0.00121866,-0.0411256,-0.173032,-0.358494,-0.0368228,-0.00188407,0.190639,0.119212,0.515337,0.932767,-0.0074126,-0.0630407,0.354847,0.517472,0.800911,0.52108,-0.520288,-0.175694,-0.719761,0.0136412,0.523396,3.98329,0.570573,1.36756,-0.450754,-1.14396,-0.702762,9.2003,0.466413,-0.101192,-0.0550977,-7.86563,-1.16544,0.0105831,-0.000710904,
826,-0.001286,-0.0453951,-0.463429,-0.388642,-0.0431598,-0.00208005,0.518836,0.218424,0.568941,0.929618,-0.0232795,-0.0769339,0.359651,0.562903,0.75753,0.507895,-0.5243,-0.525528,-0.753403,0.0130387,0.523349,3.46772,0.332141,0.7903,-0.994929,0.0934062,0.340413,-1.6637,-2.17452,-0.394962,-0.0911826,-5.15505,-0.201577,-0.0138306,-0.00038491,
827,-0.001296,-0.0472616,-0.463548,-0.325672,-0.0370531,-0.00216576,0.518787,0.218485,0.592386,0.929794,-0.045469,-0.0796604,0.356469,0.398122,0.580317,0.481712,-0.52927,-0.525702,-0.723305,0.0126201,0.523324,3.12166,0.427116,0.155439,-0.856079,0.314095,-0.0588296,-4.90607,-4.89426,-0.664817,-0.106185,2.34754,1.39218,-0.0136905,-0.000209568,
828,-0.00115364,-0.0469357,-0.301972,-0.181619,-0.0105868,-0.00215079,0.333232,0.159538,0.588292,0.929471,-0.0514199,-0.0797922,0.356474,0.074809,0.491392,0.442864,-0.534971,-0.316969,-0.614987,0.0113119,0.52331,2.80187,0.551136,-0.324533,0.329462,-0.116956,0.0453864,-8.00347,0.759843,-0.885916,-0.121803,5.97064,2.92939,-0.0360811,-9.9825e-05,
829,-0.000911627,-0.0446353,0.0346125,0.0346998,0.0180244,-0.00204516,-0.0379917,0.057927,0.5594,0.930111,-0.0431317,-0.0774009,0.356429,-0.370415,0.517065,0.397973,-0.541412,0.0346333,-0.497808,0.00940061,0.523314,2.63011,0.630373,-0.796128,0.138484,0.204542,-0.112685,-9.78931,0.230866,-0.911581,-0.136402,8.07679,-0.0954479,-0.0384978,0.000116385,
830,-0.000778381,-0.0412244,0.388701,0.151971,0.00645424,-0.0018886,-0.431985,-0.0549926,0.516577,0.938579,-0.0408736,-0.0528971,0.338528,-0.597478,0.533851,0.357791,-0.545444,0.422749,-0.516458,0.00869198,0.523316,3.03086,0.322161,-0.924947,0.5642,1.66179,-1.47464,1.51941,0.445182,-0.697504,-0.0284179,7.45507,-0.250446,0.0143811,0.00030535,
831,-0.000671743,-0.0366921,0.479946,0.0988804,-0.00842396,-0.00168067,-0.538169,-0.0914315,0.459702,0.948193,-0.0433712,-0.0144213,0.314391,-0.453467,0.583471,0.324081,-0.54688,0.550266,-0.538648,0.00842924,0.523345,3.46708,0.36383,-1.36815,0.303159,1.41141,-0.663469,4.22361,1.53079,-0.64391,-0.030135,-1.04167,-0.636459,-0.0187602,0.000249265,
832,-0.000574883,-0.0334163,0.373102,-0.0275521,-0.0261635,-0.00153044,-0.4155,-0.0480239,0.418612,0.954325,0.0141937,-0.0181243,0.297883,-0.164274,0.67573,0.291397,-0.546295,0.402828,-0.584784,0.0079219,0.523378,3.43563,-0.17808,-0.0722812,1.10586,-0.346284,-0.340926,7.30594,2.10596,-0.658174,0.100824,-4.74002,-1.18178,-0.0242719,0.00144748,
833,-0.000478005,-0.0362627,0.104315,-0.229944,-0.0428534,-0.00166097,-0.113741,0.0392754,0.454315,0.955748,0.000111398,-0.0324162,0.292397,0.252445,0.766455,0.254265,-0.537542,0.104888,-0.644298,0.00606928,0.523435,4.50317,0.0349324,1.81047,-0.561332,-0.775032,-0.523441,9.25144,1.44394,-0.816325,0.333982,-7.12557,-1.12148,-0.0343087,-0.000248639,
834,-0.000351179,-0.0426055,-0.255038,-0.391113,-0.0555483,-0.00195199,0.281653,0.146236,0.533914,0.955914,-0.00701182,-0.0512458,0.289055,0.587659,0.793427,0.206014,-0.522477,-0.263845,-0.690899,0.00379418,0.523381,4.10267,-0.0893529,1.31295,-0.493284,-0.226182,0.803584,-0.150273,-0.331512,-1.13115,0.124586,-7.62955,-0.759438,-0.0676118,-0.000823163,
835,-6.9816e-05,-0.0467005,-0.485404,-0.370903,-0.0515199,-0.00213999,0.544894,0.22907,0.585338,0.950249,-0.0217738,-0.056018,0.305637,0.510469,0.705534,0.140792,-0.522877,-0.558636,-0.701003,0.000688033,0.523342,3.80554,-0.059458,0.730561,-0.566078,0.148333,0.248197,-2.46401,-3.15908,-1.45857,-0.0410835,-1.34783,0.344033,-0.0472821,-0.000502004,
836,0.000169395,-0.0484086,-0.441373,-0.287865,-0.0356851,-0.00221845,0.492908,0.21088,0.606797,0.948689,-0.0354679,-0.0544472,0.309462,0.302427,0.499047,0.0604771,-0.525366,-0.493753,-0.642324,-0.00161034,0.523317,3.49808,0.0583684,0.1759,-0.0495969,0.038461,0.264011,-5.83059,-2.04085,-1.75252,-0.0601506,3.30597,1.9955,-0.0512999,-0.000292618,
837,0.000447792,-0.0481551,-0.236137,-0.122009,-0.00193544,-0.0022068,0.2596,0.139621,0.603611,0.946798,-0.0257197,-0.054754,0.316091,-0.0620643,0.507577,-0.0312471,-0.528919,-0.243065,-0.514817,-0.00427937,0.523306,3.19494,0.191932,-0.299531,0.435746,0.0047469,0.189163,-8.72567,0.492038,-1.91694,-0.0817039,6.69232,1.37166,-0.0505849,-7.54552e-05,
838,0.000657956,-0.0460983,0.129489,0.105614,-0.000789689,-0.00211234,-0.142009,0.0310642,0.577773,0.946269,-0.0189293,-0.0480512,0.319228,-0.530549,0.520744,-0.125022,-0.533379,0.130591,-0.515158,-0.00656901,0.523309,3.18089,0.229819,-0.743806,0.290904,0.169878,-0.204336,-8.26661,0.0999298,-1.82685,-0.094079,8.24625,-0.253428,-0.0328236,0.000201019,
839,0.000568082,-0.0422805,0.451543,0.129983,-0.0135777,-0.00193707,-0.504489,-0.078687,0.529834,0.955417,-0.0171983,-0.0471472,0.290965,-0.557204,0.54493,-0.213043,-0.537927,0.508236,-0.522175,-0.00618489,0.523323,3.5787,-0.0605479,-1.19205,-0.0321446,-0.0227826,-1.35226,1.44129,0.862358,-1.71694,-0.0925125,6.85347,-0.0536436,0.0171199,1.33542e-05,
840,0.00053606,-0.0370776,0.471795,0.075401,-0.022379,-0.00169835,-0.527662,-0.0870445,0.464538,0.959328,-0.0111217,-0.0408481,0.2791,-0.406134,0.610828,-0.299107,-0.541006,0.537951,-0.539172,-0.00665661,0.523321,3.98006,-0.172446,-1.2504,1.40049,1.40527,0.116726,4.57394,1.75914,-1.68024,0.0169647,-2.16215,-0.619489,-0.0238895,-0.000584916,
841,0.000540561,-0.0323288,0.319624,-0.0551479,-0.0327233,-0.00148059,-0.36131,-0.0285734,0.404975,0.959498,0.0143965,-0.0154697,0.28092,-0.0987224,0.709788,-0.38479,-0.540225,0.337605,-0.584431,-0.00769977,0.523441,4.13724,-0.225104,0.332106,-0.256078,-1.40161,-0.2887,7.60352,2.13626,-1.7323,0.0196881,-5.7278,-1.102,-0.0129711,0.00651307,
842,0.000695998,-0.0375082,-0.00326215,-0.265897,-0.0467962,-0.0017181,0.00634474,0.0711111,0.469941,0.959347,-0.00109686,-0.0573966,0.27633,0.324951,0.796144,-0.473169,-0.537138,-0.00326217,-0.634671,-0.0085433,0.523454,4.55911,-0.333874,1.86171,-0.894742,-0.706933,0.142965,9.33502,1.33665,-1.78644,0.128858,-7.92142,-0.911851,-0.0190175,-0.0019002,
843,0.000936825,-0.0439252,-0.362023,-0.394309,-0.0496033,-0.00201256,0.401964,0.181789,0.550483,0.954607,-0.0228125,-0.071007,0.288382,0.586825,0.811855,-0.539576,-0.531278,-0.388945,-0.665487,-0.00981693,0.523373,4.18388,-0.397845,1.33478,-0.992077,0.123897,1.06015,-0.958685,-0.682056,0.0983423,0.105716,-7.51093,-0.334068,-0.0328938,-0.000707706,
844,0.00109947,-0.0480317,-0.485815,-0.35945,-0.0407692,-0.00220113,0.545199,0.229227,0.602061,0.949979,-0.0496416,-0.0700397,0.300282,0.473711,0.706345,-0.527883,-0.526649,-0.55927,-0.648413,-0.0105342,0.523333,3.81617,-0.271781,0.719923,-0.93783,0.476824,0.177199,-3.52336,-3.51489,0.149918,0.0795714,0.713741,1.00299,0.000933044,-0.000324952,
845,0.00111774,-0.0496556,-0.390867,-0.252637,-0.0177468,-0.00227573,0.434387,0.191677,0.622465,0.94813,-0.0743088,-0.0640619,0.302363,0.213935,0.485972,-0.524303,-0.523388,-0.425551,-0.557518,-0.0103582,0.523311,3.51113,-0.149284,0.13459,-0.438446,0.263504,0.205129,-6.83889,-1.96908,0.024143,0.0249983,4.60356,2.62642,0.00210207,-0.0002342,
846,0.00108002,-0.0493527,-0.121208,-0.0653882,-0.00458217,-0.00226182,0.132729,0.104753,0.61866,0.947097,-0.0819414,-0.0583725,0.304772,-0.190572,0.504187,-0.523773,-0.523577,-0.12211,-0.507498,-0.0100703,0.523301,3.25073,-0.013822,-0.31438,-0.192955,0.482804,0.0631674,-9.32172,0.618292,0.00295275,-0.0171599,7.51107,-0.365454,0.0112796,-6.92235e-05,
847,0.000922445,-0.0471422,0.259354,0.141054,-0.0095515,-0.00216028,-0.285782,-0.0092028,0.590886,0.948306,-0.0910512,-0.0490331,0.300036,-0.613426,0.521811,-0.523468,-0.52479,0.268635,-0.520244,-0.0090053,0.523306,3.53215,-0.175252,-0.752554,-0.463853,0.450367,-1.15761,-1.6886,0.105488,0.0276888,-0.0269493,8.13122,-0.116899,0.0621195,0.000315536,
848,0.000559588,-0.0440751,0.500414,0.114106,-0.0209483,-0.00201944,-0.562733,-0.100102,0.552365,0.95638,-0.0940415,-0.0259832,0.275351,-0.535181,0.552622,-0.521515,-0.524297,0.582195,-0.527304,-0.0058439,0.523309,3.92222,-0.378687,-0.902737,0.318246,1.10717,-0.156907,2.74541,1.12275,0.00981862,0.024671,1.07093,-0.167413,0.0402461,0.000498234,
849,0.000348369,-0.040623,0.44165,0.0197689,-0.0276421,-0.00186101,-0.49432,-0.0743184,0.509028,0.959068,-0.0694335,-0.00545627,0.274479,-0.312138,0.628657,-0.524,-0.523056,0.494144,-0.553304,-0.00394784,0.523343,3.80942,-1.13137,-0.545855,2.43451,-2.30437,-0.184555,6.10472,1.92467,-0.0750979,-0.0101178,-3.82133,-0.852326,0.0550995,0.00127722,
850,9.99296e-05,-0.0375768,0.212722,-0.14871,-0.0414572,-0.00172125,-0.233414,0.00660509,0.470801,0.960628,0.00355995,-0.0494183,0.273383,0.0658659,0.725724,-0.524096,-0.523762,0.217737,-0.608092,-0.00122438,0.523358,4.0829,-1.1339,-0.994363,2.2042,-2.56336,-0.141793,8.99729,1.95431,0.0119354,-0.018306,-7.20919,-1.33325,0.051838,-6.69963e-05,
851,2.39849e-05,-0.0380849,-0.165456,-0.358559,-0.0485483,-0.00174456,0.180939,0.1186,0.477177,0.955945,-0.00647716,-0.0552731,0.288223,0.537902,0.78246,-0.523839,-0.524817,-0.167778,-0.660914,-0.000289947,0.523393,4.82341,-0.469409,1.92656,0.0676153,0.371857,0.407944,7.9643,-0.0383091,0.00175556,-0.0655205,-8.15334,-0.445652,0.0160893,0.000243867,
852,6.33908e-05,-0.0446595,-0.468925,-0.384192,-0.0353221,-0.00204628,0.525226,0.221843,0.559704,0.946154,-0.00346707,-0.0336012,0.32195,0.556775,0.713932,-0.523893,-0.528729,-0.533664,-0.660865,-0.000653324,0.523364,4.33178,-0.617938,1.35586,0.444568,0.897253,1.36616,-1.61145,-2.66316,0.000373676,-0.0838754,-5.41017,0.439708,-0.0032644,-0.000313352,
853,8.03703e-06,-0.0488536,-0.465492,-0.328335,-0.0124254,-0.00223888,0.521223,0.219981,0.612387,0.93978,0.000829077,-0.00462863,0.341748,0.393786,0.513687,-0.523829,-0.53344,-0.528571,-0.598896,-7.5706e-05,0.52333,3.90773,-0.470805,0.782102,0.698692,1.0461,0.759434,-4.88722,-4.31598,0.000499132,-0.102776,2.52363,2.02931,0.0124575,-0.000349571,
854,-3.8298e-05,-0.0513104,-0.296738,-0.193276,0.018852,-0.00235177,0.327566,0.158053,0.643264,0.93284,0.0235281,0.0253861,0.358624,0.0710853,0.502379,-0.523722,-0.539329,-0.310924,-0.49794,0.000343438,0.523306,3.57117,-0.38383,0.466313,1.36629,1.10344,0.631142,-7.99766,0.619455,0.00140835,-0.128942,6.15251,0.0101153,0.0107257,-0.000266231,
855,-0.000106311,-0.0524678,0.0487298,0.0111112,0.0194308,-0.00240496,-0.0531931,0.0534274,0.657813,0.925082,0.0453616,0.0657886,0.371265,-0.37292,0.51962,-0.520178,-0.546176,0.0487878,-0.515844,0.000932263,0.523295,3.43914,-0.336976,0.113217,1.41853,1.23876,0.501874,-9.74705,0.13529,0.14021,-0.144142,8.2185,-0.258853,0.0124658,-4.18504e-05,
856,-0.000318902,-0.0519121,0.402579,0.118876,0.0157781,-0.00237942,-0.447491,-0.0614301,0.650827,0.92283,0.0611812,0.103452,0.365976,-0.597689,0.527665,-0.508697,-0.553385,0.440866,-0.522312,0.00282653,0.523298,3.92926,-0.587779,-0.418717,0.875033,1.13636,-0.959759,1.53333,0.193888,0.318092,-0.143558,7.47314,-0.0460461,0.0670212,-8.41284e-05,
857,-0.000560879,-0.0509697,0.484668,0.0529798,0.00853351,-0.00233611,-0.507121,-0.0950637,0.638981,0.927099,0.0577744,0.101793,0.356073,-0.451325,0.559549,-0.491139,-0.560132,0.557501,-0.536083,0.0050634,0.523492,3.04097,-0.483903,0.0625245,-1.18284,-1.49058,-0.156453,4.30064,1.07477,0.388314,-0.126877,-1.3858,-0.50422,0.0295154,-0.0343436,
858,-0.000685374,-0.0502409,0.369118,-0.0856387,-0.00262702,-0.00230262,-0.412552,-0.0481216,0.629821,0.932932,0.0434507,0.0515127,0.35369,-0.153544,0.62141,-0.470398,-0.566574,0.397811,-0.577942,0.00627728,0.523222,3.34473,-0.432123,-0.411064,-1.31459,-1.90752,-0.0677835,7.58518,1.39373,0.441388,-0.130848,-4.9742,-1.16196,0.0186839,0.00276196,
859,-0.000716094,-0.047838,0.0796999,-0.278007,-0.0188527,-0.00219224,-0.087743,0.0450619,0.599628,0.935201,0.0298302,-0.0081906,0.352763,0.283633,0.672866,-0.449132,-0.573276,0.0799544,-0.642868,0.0068889,0.523297,3.54874,-0.36283,-0.778391,-1.36757,-2.14922,0.089292,9.88237,0.666813,0.409178,-0.138013,-7.71835,-1.4297,0.0057494,0.000418616,
860,-0.000605106,-0.0439156,-0.29878,-0.390225,-0.0285228,-0.00201212,0.329486,0.158403,0.550363,0.92833,0.014325,-0.063219,0.366061,0.576709,0.653474,-0.433631,-0.580568,-0.313279,-0.703773,0.00634225,0.523302,3.14027,-0.546508,-1.23165,-1.36968,-1.34371,1.53298,-0.576595,-1.41514,0.199131,-0.152974,-8.01357,-1.01571,-0.0327386,2.06843e-05,
861,-0.000488597,-0.0394122,-0.489785,-0.342941,-0.0243573,-0.00180545,0.549305,0.228922,0.493832,0.920972,-0.0252431,-0.0356778,0.38717,0.491489,0.51276,-0.430854,-0.583397,-0.565429,-0.720574,0.00570732,0.523279,2.6478,-0.301663,-1.136,0.715869,3.43273,0.307263,-2.74631,-3.34423,-0.0719272,0.0695813,0.0930506,0.282472,0.00436872,0.000267795,
862,-0.000419417,-0.0340505,-0.416749,-0.230628,-0.00830922,-0.00155952,0.467034,0.199187,0.426566,0.917875,-0.024435,0.048716,0.393109,0.268712,0.506063,-0.438536,-0.580743,-0.459781,-0.664413,0.00567181,0.523333,2.04944,-0.46689,-1.18091,1.76619,1.88711,0.563823,-6.02273,0.507227,-0.246974,0.0395136,4.0667,1.95513,-0.0967944,-0.00268064,
863,0.000888997,-0.0338526,-0.173906,-0.0664187,0.0329652,-0.00155045,0.187453,0.117779,0.424085,0.909279,0.021701,0.0128866,0.415421,-0.0850148,0.520111,-0.453879,-0.578609,-0.176608,-0.531256,-0.0120923,0.523311,0.44958,-1.1087,-0.0944376,0.870045,-2.6688,1.00761,-8.38745,0.111294,-0.333111,0.0372883,7.23228,3.3429,-0.377272,0.00222951,
864,0.002052,-0.0340137,0.199238,0.140361,0.034938,-0.00155784,-0.219736,0.00734675,0.426104,0.913186,0.0211595,0.00738343,0.406926,-0.52439,0.52289,-0.462905,-0.577725,0.203337,-0.509559,-0.0277794,0.523366,0.122828,-0.927923,-0.067613,-0.513026,0.67529,-1.14769,-7.64128,0.0198925,-0.0366375,0.00790645,8.05276,-0.397037,-0.276235,0.000831423,
865,0.00279872,-0.0327057,0.474725,0.156913,0.0128878,-0.00149787,-0.531972,-0.0902985,0.409701,0.932156,-0.00120106,0.013364,0.361809,-0.551376,0.549569,-0.457072,-0.577257,0.542353,-0.52746,-0.0394054,0.523389,0.719084,-1.01972,-0.583928,-0.794271,0.334678,-1.64549,1.44294,1.04134,0.237468,0.00968157,2.63379,-0.319498,-0.23133,0.000223327,
866,0.00358461,-0.0318487,0.454316,0.0876908,-0.00329841,-0.00145857,-0.508741,-0.080906,0.398954,0.94091,0.010006,-0.00909513,0.338385,-0.397385,0.624048,-0.441375,-0.572059,0.512234,-0.556147,-0.0518302,0.523414,1.29525,-0.578358,0.782174,-0.51537,-0.686258,-0.357057,4.57241,1.92112,0.388385,0.311695,-2.43613,-0.742726,-0.264199,0.000937663,
867,0.00486695,-0.0347773,0.289689,-0.065571,-0.0178223,-0.00159285,-0.319023,-0.0196329,0.435682,0.942615,0.00343469,-0.0320351,0.332323,-0.092972,0.732983,-0.422965,-0.55513,0.302835,-0.605872,-0.0644395,0.523409,1.63549,-0.507257,0.650614,-0.0965683,-1.21196,-0.486657,7.57135,2.42696,0.359076,0.36437,-5.93858,-1.25201,-0.229977,-0.000213513,
868,0.0064623,-0.0389526,-0.0365189,-0.269627,-0.0289681,-0.00178436,0.0396991,0.0792121,0.488064,0.937514,-0.00413575,-0.0681932,0.341175,0.323798,0.836209,-0.40846,-0.533382,-0.0365432,-0.665687,-0.0763797,0.523409,2.42314,-0.366197,1.35051,-1.19346,-1.52794,1.01763,9.09861,1.71137,0.217807,0.481304,-7.65215,-1.15903,-0.23912,0.000141125,
869,0.00867007,-0.045794,-0.370195,-0.395795,-0.0268505,-0.00209837,0.411463,0.182435,0.573952,0.922874,-0.0185724,-0.114234,0.367299,0.578071,0.861449,-0.403257,-0.520253,-0.399165,-0.698914,-0.0871403,0.52337,2.21307,-0.529313,1.50408,-1.05116,-1.15154,1.83215,-0.750092,-0.528498,-0.0300431,-0.0533288,-6.93505,-0.334608,-0.198977,-0.000854908,
870,0.0104118,-0.050655,-0.483075,-0.366635,-0.0109831,-0.00232165,0.541907,0.225071,0.635025,0.907022,-0.030561,-0.136512,0.397167,0.473652,0.76342,-0.40943,-0.523386,-0.555052,-0.681865,-0.0945823,0.523316,1.85027,-0.458024,0.929646,-0.220697,-0.390756,0.936568,-3.38717,-3.3689,-0.215749,-0.0619188,0.679543,1.00336,-0.10112,-0.00028152,
871,0.0112477,-0.0530395,-0.389358,-0.265713,0.0188537,-0.00243124,0.432625,0.187489,0.665001,0.896637,-0.0360425,-0.144051,0.417125,0.220903,0.531852,-0.422009,-0.526898,-0.423598,-0.591747,-0.0975711,0.523297,1.57444,-0.430629,0.259596,-0.21249,-0.132215,0.896287,-6.69302,-5.8746,-0.28731,-0.0787892,4.54572,2.58956,-0.0197214,-0.000209435,
872,0.0111884,-0.0532775,-0.122384,-0.0845731,0.0478814,-0.00244218,0.134053,0.100701,0.667994,0.886378,-0.0278717,-0.149361,0.43732,-0.176088,0.497217,-0.432447,-0.531585,-0.123313,-0.505322,-0.0966215,0.523285,1.25578,-0.401128,-0.163041,0.380607,-0.249888,0.746138,-9.16838,0.752405,-0.134194,-0.104732,7.44258,-0.21106,0.0625821,-9.2576e-05,
873,0.0102454,-0.0517062,0.255512,0.118118,0.0496273,-0.00236996,-0.281477,-0.012966,0.648239,0.879876,-0.019775,-0.150518,0.450302,-0.594694,0.51909,-0.430002,-0.537097,0.26437,-0.518995,-0.091174,0.523288,1.5635,-0.498203,-0.581472,0.142203,-0.301334,-0.46922,-1.98625,0.17213,0.251704,-0.111491,8.07603,-0.158176,0.182827,0.000300928,
874,0.00851875,-0.0490279,0.497306,0.0981919,0.0416068,-0.00224689,-0.55886,-0.10363,0.614578,0.887936,-0.00184869,-0.146966,0.435851,-0.534284,0.549247,-0.408814,-0.541019,0.577248,-0.528649,-0.0799596,0.52329,1.95279,-0.444596,-0.796257,0.83128,-0.213811,-0.256415,2.38724,1.02865,0.579327,-0.0613569,1.15857,-0.231178,0.235849,0.000330407,
875,0.00662458,-0.045409,0.441823,0.0120363,0.0337155,-0.00208069,-0.493402,-0.0794124,0.569116,0.890092,0.0271713,-0.135096,0.434451,-0.327748,0.617555,-0.373523,-0.542662,0.494389,-0.558703,-0.0671468,0.523304,2.23235,-0.311036,-1.1087,1.18514,-0.127963,-0.239929,5.84993,1.69558,0.841506,-0.0331018,-3.71698,-0.968567,0.277987,0.000264526,
876,0.00471625,-0.040969,0.22045,-0.146165,0.0198463,-0.00187688,-0.243858,-0.000953195,0.513371,0.890678,0.0515484,-0.113639,0.437175,0.0377633,0.702259,-0.327753,-0.542226,0.226049,-0.619838,-0.0529945,0.523327,2.73119,0.673217,-0.250303,-0.292001,2.03331,1.61793,8.72255,1.67773,0.849837,0.137889,-6.69774,-1.41687,0.222446,0.00129512,
877,0.00378328,-0.0406561,-0.13632,-0.351178,0.0230962,-0.00186252,0.149293,0.103714,0.509444,0.870805,-0.00370586,-0.0631219,0.487545,0.502949,0.756365,-0.287151,-0.532322,-0.137608,-0.687312,-0.0428386,0.523348,2.87299,1.27912,-0.345901,-1.11265,2.82139,2.4588,9.88055,0.496549,0.856691,0.19693,-7.9732,-1.31151,0.207924,-4.76023e-05,
878,0.00277829,-0.0390551,-0.445595,-0.371394,0.036126,-0.00178906,0.497474,0.204658,0.489351,0.836022,-0.0155338,-0.022557,0.548012,0.562667,0.712203,-0.241569,-0.523763,-0.499732,-0.730947,-0.0327507,0.523343,2.63729,0.935518,-0.603914,0.931707,1.20634,2.91856,-1.48535,-2.17098,0.969953,0.158147,-6.52129,-0.462066,0.210406,3.64457e-05,
879,0.00163641,-0.0354793,-0.469415,-0.297207,0.0587292,-0.00162504,0.525327,0.212004,0.444487,0.802282,-0.0118546,0.0218025,0.596429,0.410208,0.538215,-0.186869,-0.522913,-0.534395,-0.716075,-0.021237,0.523346,2.19105,0.841535,-1.17581,1.13289,1.47076,2.25942,-4.59726,-4.76799,1.20253,-0.0257752,1.95276,1.04639,0.239112,0.000136568,
880,0.000767023,-0.0325809,-0.324246,-0.149511,0.0958242,-0.00149214,0.357775,0.155794,0.408135,0.772693,-0.00598128,0.00414022,0.634738,0.100888,0.504349,-0.117092,-0.523678,-0.343075,-0.625676,-0.0108409,0.523359,1.12185,0.220585,-0.706611,-0.961805,-1.59436,1.75285,-7.75161,0.525566,1.58185,-0.0119728,5.66125,2.55231,0.198669,0.000345322,
881,4.67358e-05,-0.0305171,-0.0087477,0.0601187,0.135873,-0.00139753,0.00870955,0.0573995,0.382258,0.749458,0.00333055,-0.00275035,0.662038,-0.330038,0.519851,-0.0220631,-0.526238,-0.00874804,-0.505523,-0.000705269,0.523367,0.424965,-0.183346,-0.494678,1.39985,-0.802267,2.01181,-9.49442,0.128436,2.18844,-0.0704856,7.80371,0.254897,0.177386,0.000579617,
882,-0.000939461,-0.0301938,0.34109,0.183698,0.134874,-0.00138272,-0.377904,-0.051747,0.378205,0.745198,-0.0107275,-0.0022393,0.666753,-0.592828,0.532565,0.111173,-0.52976,0.363262,-0.517175,0.0143289,0.523372,0.125305,-0.157194,0.233789,0.257672,-0.0845014,-1.23999,1.1201,0.392657,3.0778,-0.0358443,7.23204,-0.215227,0.371386,0.00049165,
883,-0.00215986,-0.030912,0.481814,0.127879,0.120281,-0.00141563,-0.540775,-0.105386,0.387209,0.767242,0.00773474,-0.00317845,0.641303,-0.476915,0.58432,0.284127,-0.530273,0.553119,-0.536098,0.0321767,0.523408,0.389688,0.565696,0.383762,0.0683697,-0.0182157,-1.06008,3.47234,1.66741,3.75054,0.0548921,-0.328167,-0.486675,0.326385,0.000631064,
884,-0.00346306,-0.0331595,0.40474,0.00202907,0.0998479,-0.00151867,-0.450766,-0.0720437,0.415392,0.788711,0.0129417,-0.0169932,0.614392,-0.224969,0.685945,0.488081,-0.524153,0.443723,-0.576579,0.0480911,0.523418,0.841114,0.9849,0.65254,-0.338377,-1.0022,-1.69772,6.61231,2.40884,4.39637,0.167306,-4.04273,-1.13863,0.309599,0.000586174,
885,-0.00499752,-0.0369736,0.166252,-0.192468,0.0739388,-0.00169358,-0.181093,0.00970201,0.463233,0.806498,0.014901,-0.0415421,0.589587,0.164963,0.799854,0.547279,-0.522872,0.168607,-0.642849,0.0622329,0.523409,1.53058,1.0539,1.05748,-0.399417,-0.518087,-1.00506,9.01914,2.1802,-0.611325,-0.0194819,-6.98292,-1.53207,0.261811,-0.000754907,
886,-0.00679821,-0.0424232,-0.194999,-0.387643,0.0501799,-0.00194362,0.215381,0.117553,0.531625,0.817287,0.0111951,-0.0716017,0.571656,0.580246,0.866375,0.527412,-0.523651,-0.198836,-0.71134,0.0737661,0.523386,1.73653,1.07327,1.38611,-0.901238,-0.406065,0.0726063,2.23023,0.536802,-0.160692,-0.0245214,-7.78589,-1.25379,0.184414,-0.00106838,
887,-0.00827839,-0.0467705,-0.473074,-0.381895,0.0417674,-0.0021432,0.530216,0.214314,0.586217,0.813424,-0.00873866,-0.0890977,0.57474,0.537012,0.821443,0.52414,-0.525437,-0.539869,-0.750718,0.0814627,0.523344,1.5576,0.86343,0.806812,-1.15798,0.0645679,0.0734392,-1.8854,-2.31024,-0.0164821,-0.0445861,-4.88014,-0.32906,0.132511,-0.000406564,
888,-0.00919048,-0.0486806,-0.463729,-0.313317,0.0437384,-0.00223094,0.519017,0.210762,0.610213,0.818206,-0.0312446,-0.0997373,0.565345,0.359631,0.638843,0.523864,-0.528157,-0.52597,-0.727585,0.086882,0.523317,1.19133,0.80277,0.160883,-0.965614,0.284168,-0.353767,-5.18729,-4.97473,-0.000900457,-0.0628374,2.64415,1.24123,0.0740278,-0.000224765,
889,-0.00926838,-0.0482366,-0.289585,-0.161623,0.0652909,-0.00221054,0.319344,0.147774,0.604635,0.821973,-0.0426445,-0.10389,0.558344,0.0226703,0.48171,0.523867,-0.531738,-0.302716,-0.628143,0.0884268,0.523304,0.834066,0.800673,-0.340962,0.249521,-0.135502,-0.240564,-8.26874,0.625949,0.000307585,-0.080354,6.2564,2.72995,-0.0120996,-0.000119657,
890,-0.008586,-0.0458663,0.0602171,0.0605374,0.0930635,-0.00210169,-0.0660177,0.0428512,0.57486,0.826498,-0.0335765,-0.101733,0.552652,-0.433251,0.513779,0.523951,-0.536134,0.0603266,-0.50534,0.0861589,0.523307,0.660982,0.834713,-0.82023,0.13407,0.0843754,-0.41424,-9.95233,0.346931,0.000851533,-0.0961527,8.24871,0.253068,-0.0755256,0.000138142,
891,-0.00763015,-0.0425713,0.410506,0.135379,0.0816093,-0.00195042,-0.457038,-0.0703713,0.533485,0.842326,-0.0433564,-0.0826211,0.530831,-0.570728,0.540916,0.52409,-0.53825,0.451394,-0.517229,0.0825051,0.523314,1.28313,0.688575,-0.925308,-0.0567081,1.5059,-1.24514,1.22998,0.744162,-0.000523557,-0.0126687,7.39431,-0.21639,-0.0857867,0.000257613,
892,-0.00629344,-0.0380855,0.486753,0.0867177,0.0691894,-0.00174458,-0.546184,-0.101334,0.477184,0.853543,-0.065139,-0.0576692,0.513707,-0.436879,0.602058,0.524015,-0.538968,0.56072,-0.540605,0.0760798,0.52334,1.66858,0.92907,-1.34369,-0.341562,1.22814,-0.376836,4.1059,1.69344,-0.000213908,-0.0169126,-1.56103,-0.716603,-0.16422,0.000200934,
893,-0.00553795,-0.0365009,0.360691,-0.0375016,0.0430073,-0.0016719,-0.399035,-0.0492087,0.457304,0.875993,-0.0268315,-0.0415898,0.479777,-0.163823,0.695315,0.52408,-0.53062,0.387289,-0.593357,0.069857,0.523371,2.76621,-0.0234851,0.221367,3.01924,-0.518928,-2.5178,6.87646,2.05343,-0.000103223,0.32256,-5.35958,-1.39231,-0.10414,-0.000440392,
894,-0.00501178,-0.0368472,0.0573735,-0.224691,0.0106444,-0.00168778,-0.0642027,0.0487368,0.461648,0.895584,0.0108295,-0.0313494,0.443655,0.236867,0.78762,0.52367,-0.521535,0.0574683,-0.667893,0.0626248,0.523403,3.33914,0.319818,0.209208,-2.02651,0.429588,0.323583,9.11334,1.61341,-0.00522653,-0.0297359,-7.68268,-1.5256,-0.216565,0.00102667,
895,-0.00465339,-0.0424892,-0.30555,-0.38997,0.00214128,-0.00194665,0.33876,0.157937,0.532454,0.890462,0.00301418,-0.0612886,0.450902,0.585587,0.803492,0.523549,-0.524054,-0.32112,-0.714318,0.050414,0.523395,3.46343,0.28095,1.46008,-0.304525,-0.959018,1.12892,0.320053,-0.624162,-0.00334626,-0.066198,-7.60563,-0.638664,-0.278759,-0.00125868,
896,-0.00371759,-0.0471084,-0.486785,-0.372529,0.00961881,-0.00215873,0.546512,0.224649,0.590462,0.878099,0.00264588,-0.0825301,0.471299,0.511727,0.701596,0.523733,-0.527771,-0.560769,-0.716423,0.0363189,0.523342,3.1223,0.246138,0.851031,-0.301819,-0.632842,0.462036,-2.60475,-3.42691,0.00281281,-0.0819243,0.0138174,0.541938,-0.278216,-0.00048381,
897,-0.00235535,-0.0492779,-0.416704,-0.287793,0.029974,-0.00225838,0.464337,0.195879,0.617719,0.871134,0.00288056,-0.0981564,0.481126,0.296459,0.495678,0.523702,-0.532236,-0.45972,-0.648867,0.0219951,0.523316,2.8147,0.251844,0.297614,0.278337,-0.745299,0.530241,-5.97808,-1.40154,-0.000846691,-0.0973224,3.97216,2.15352,-0.299353,-0.000372729,
898,-0.000734372,-0.0494551,-0.178798,-0.121987,0.0693836,-0.00226652,0.196101,0.115884,0.619946,0.862542,0.0259466,-0.108345,0.493569,-0.0707887,0.509227,0.523768,-0.537501,-0.181739,-0.507516,0.00683319,0.523302,2.51794,0.250364,-0.222562,0.785993,-0.758414,0.444948,-8.68937,0.448356,0.00109082,-0.113763,7.11917,2.79939,-0.303836,-7.48767e-05,
899,0.000820259,-0.0479293,0.197352,0.0982591,0.07298,-0.00219643,-0.216465,0.00381259,0.600775,0.856929,0.044334,-0.10539,0.502593,-0.527093,0.521038,0.523929,-0.542902,0.201333,-0.507267,-0.00787591,0.523294,2.50377,0.238957,-0.483301,1.15911,0.299851,-0.0971202,-7.92108,0.0883507,0.00209264,-0.0772406,8.20612,-0.503624,-0.2761,-1.93534e-05,
900,0.00192089,-0.0453306,0.478317,0.118667,0.059898,-0.00207709,-0.536107,-0.0964817,0.568131,0.868732,0.0614711,-0.0852272,0.484007,-0.553309,0.543181,0.523985,-0.54602,0.547788,-0.531006,-0.0195036,0.523307,3.10668,0.208593,-0.780996,0.976454,0.700885,-0.650923,1.50778,0.791948,-0.000991208,-0.0333553,2.63131,-0.446777,-0.233649,0.000119058,
901,0.00278207,-0.04134,0.452186,0.0559128,0.0475297,-0.0018939,-0.505619,-0.0849111,0.518027,0.873575,0.0736616,-0.0617604,0.477103,-0.393269,0.60364,0.523938,-0.547823,0.509161,-0.570559,-0.0309797,0.523325,3.34734,0.477809,-1.05355,0.295855,0.967435,-0.38416,4.86881,1.61248,-0.00328449,-0.0245325,-2.82243,-1.12639,-0.222933,0.000360238,
902,0.0035402,-0.0386095,0.273334,-0.0865878,0.0279768,-0.00176862,-0.300914,-0.0186878,0.483759,0.881333,0.00541567,-0.0344648,0.471206,-0.0739273,0.691165,0.523867,-0.548216,0.284277,-0.641133,-0.0422144,0.523355,3.21191,1.23741,-0.845144,-2.29821,2.31234,-0.201859,7.88927,1.90173,0.000350294,-0.0108925,-6.22997,-1.68706,-0.21526,-4.90395e-05,
903,0.00408993,-0.0368234,-0.0721587,-0.276782,-0.00209544,-0.00168669,0.0775375,0.0864816,0.461349,0.894301,-0.00561494,-0.0395451,0.44568,0.354299,0.761937,0.523827,-0.547225,-0.0723474,-0.723286,-0.0511387,0.523378,4.29489,1.18786,1.206,0.690303,-0.222534,-1.08615,9.02802,0.677601,-0.00428166,0.18207,-7.76532,-1.33946,-0.167783,0.000923899,
904,0.005616,-0.0433259,-0.395737,-0.387636,-0.0125614,-0.00198505,0.440082,0.189806,0.542958,0.896296,-0.00509248,-0.0155383,0.443154,0.574209,0.734369,0.521612,-0.538609,-0.431885,-0.762072,-0.059666,0.523371,4.05351,0.949884,1.41526,0.393121,1.2434,0.559902,-0.8847,-1.58857,-0.0721185,0.15291,-6.73089,-0.404772,-0.165394,-0.000316086,
905,0.00686973,-0.0477993,-0.477355,-0.353004,-0.00728812,-0.00219046,0.535196,0.221747,0.599142,0.894143,-0.00887546,0.0200357,0.447244,0.45969,0.585914,0.5166,-0.531621,-0.546327,-0.747047,-0.0661421,0.523337,3.68204,0.948415,0.841654,0.578768,1.42126,0.0166691,-3.67385,-4.32879,-0.134093,0.127175,1.00293,0.993023,-0.100293,-0.000336535,
906,0.00768129,-0.0504157,-0.371034,-0.246062,0.0147976,-0.00231066,0.411699,0.180549,0.632018,0.892035,0.00464933,0.0606374,0.447856,0.194074,0.499305,0.508989,-0.525954,-0.400221,-0.65763,-0.070109,0.523309,3.35822,0.990315,0.485678,1.81216,1.0243,0.113506,-6.92639,0.522503,-0.169005,0.0994589,4.80926,2.57282,-0.0574015,-0.000260667,
907,0.0080272,-0.051639,-0.0906566,-0.0629201,0.049901,-0.00236687,0.0991471,0.0914938,0.647394,0.888573,0.0389361,0.106394,0.444525,-0.211065,0.518229,0.503698,-0.522805,-0.0910318,-0.50861,-0.0715263,0.523297,3.12788,1.03588,0.176217,2.08275,1.17998,-0.101589,-9.25874,0.176831,-0.0448865,-0.0069649,7.53485,1.40802,0.00259984,-9.75219e-06,
908,0.00805694,-0.0533819,0.283439,0.105854,0.0445621,-0.00244698,-0.277902,-0.0213737,0.669306,0.890351,0.0518374,0.127933,0.433845,-0.579691,0.522643,0.511168,-0.523456,0.295708,-0.513336,-0.069441,0.523524,2.25425,0.88051,0.735576,-0.721658,-0.539519,-1.33134,-0.580197,0.0315424,0.357056,-0.0101926,7.95194,-0.323071,0.104641,-0.0257444,
909,0.00754771,-0.0551163,0.493043,0.0707129,0.0294819,-0.00252672,-0.55466,-0.100356,0.691118,0.906214,0.0377041,0.105956,0.407587,-0.516571,0.543653,0.527569,-0.524203,0.570524,-0.532951,-0.0629988,0.523248,2.65773,0.918841,0.129229,-0.842286,-0.879981,-0.595586,2.32249,0.803072,-0.0161936,-0.0186166,0.169284,-0.462149,0.132454,0.00119168,
910,0.00655885,-0.0545893,0.425881,-0.0236085,0.0150578,-0.00250249,-0.474773,-0.0711545,0.684489,0.914792,0.0248328,0.0741045,0.396292,-0.313853,0.595711,0.524732,-0.52539,0.472208,-0.573876,-0.055275,0.52328,2.95748,0.969231,-0.382611,-1.0593,-1.13,-0.54312,5.76012,1.27339,-0.037788,-0.0286691,-3.9505,-1.16703,0.17681,0.000196901,
911,0.00516039,-0.0521629,0.189638,-0.183784,-0.00630384,-0.00239094,-0.207987,0.0109835,0.653979,0.922152,0.00924452,0.0345337,0.385173,0.0446349,0.65304,0.523818,-0.52709,0.19316,-0.643479,-0.045518,0.523284,3.21957,1.01269,-0.822067,-1.27517,-1.33474,-0.515888,8.55705,1.0186,-0.00581797,-0.039555,-7.18644,-1.60998,0.213178,1.56656e-05,
912,0.00357115,-0.048094,-0.191799,-0.369041,-0.029262,-0.002204,0.210302,0.124525,0.602844,0.927422,-0.00908274,-0.00808837,0.37382,0.496618,0.668177,0.522283,-0.529472,-0.195446,-0.71924,-0.0341716,0.52329,3.24787,1.01539,-1.2222,-1.34587,-1.2355,-0.509858,9.51225,-0.402225,-0.0546091,-0.0563311,-8.34758,-1.4208,0.2408,3.69477e-05,
913,0.00209001,-0.0421265,-0.479305,-0.378007,-0.036612,-0.00193,0.537035,0.22451,0.5279,0.921988,-0.0338713,-0.0376934,0.383888,0.558411,0.580697,0.512896,-0.533207,-0.54929,-0.765471,-0.022838,0.523299,2.61109,0.834941,-1.78707,-1.35786,-0.450114,0.234338,-1.42575,-3.07032,-0.280199,-0.0865328,-2.68496,-0.437887,0.242636,0.000111927,
914,0.000773005,-0.0347581,-0.454548,-0.292299,-0.032238,-0.00159197,0.509394,0.214331,0.435442,0.922803,-0.0495013,-0.0246129,0.381285,0.403676,0.492815,0.493814,-0.537569,-0.51257,-0.743393,-0.0102403,0.523286,1.70469,0.765747,-1.46614,3.799,2.01506,0.973573,-4.60343,0.589326,-0.501551,-0.0872822,2.73641,1.35035,0.217105,-0.0012899,
915,0.000118751,-0.031875,-0.28022,-0.14811,-0.00339865,-0.00145978,0.306474,0.151834,0.399284,0.921284,0.00138172,0.0430288,0.386501,0.102569,0.516518,0.464488,-0.542618,-0.292056,-0.633717,-0.0017156,0.523284,-0.278957,0.715253,0.0331042,-0.770793,-0.685653,-0.565308,-7.50936,0.234438,-0.66792,-0.0675065,6.15397,2.94611,0.107311,0.00167098,
916,0.000164104,-0.0327652,0.063272,0.0422191,0.0273886,-0.00150059,-0.0718265,0.0490483,0.410446,0.923557,0.0159856,-0.00285083,0.383118,-0.307161,0.522181,0.43098,-0.546047,0.0633991,-0.502279,-0.00230635,0.523338,-0.840113,0.477215,0.095511,-0.130722,-2.05917,-0.046114,-8.97407,0.0396578,-0.666698,-0.0735457,8.05107,0.228483,-0.0414235,0.00183261,
917,0.000192418,-0.0333516,0.401208,0.162032,0.0184144,-0.00152748,-0.446618,-0.0604287,0.4178,0.929325,-0.00421886,-0.0123634,0.369031,-0.566757,0.530118,0.408202,-0.547877,0.439059,-0.516421,-0.00265667,0.523378,-0.372346,0.146273,0.102257,-1.30276,1.24018,-1.0824,0.428744,0.291014,-0.264515,-0.00175713,7.03711,-0.244978,0.0230392,0.000519762,
918,0.000134103,-0.033237,0.481218,0.119625,0.00435492,-0.00152222,-0.539801,-0.092812,0.416363,0.936948,-0.036782,-0.0127304,0.347296,-0.474725,0.57319,0.39823,-0.547687,0.552207,-0.539111,-0.00185792,0.523409,0.228286,-0.156519,0.152711,-0.531353,-1.11917,-1.41681,3.1167,1.37153,-0.0774836,0.0489881,-1.21731,-0.654019,0.0329485,0.000371151,
919,-5.1871e-05,-0.0360226,0.366872,0.00292217,-0.0208079,-0.00164996,-0.406475,-0.0461237,0.451303,0.94901,-0.0189173,-0.0256753,0.313629,-0.245932,0.656533,0.404266,-0.53794,0.394995,-0.588113,0.000663006,0.523397,0.90332,-0.768624,0.629499,0.596627,-0.645735,-1.45012,6.1833,2.04383,0.166429,0.220558,-5.04363,-1.29599,0.0528226,-0.000125094,
920,-0.000261703,-0.037586,0.07468,-0.174909,-0.0510381,-0.00172167,-0.0813491,0.0482768,0.470916,0.958935,-0.00181406,-0.0390867,0.280913,0.122553,0.75644,0.408389,-0.52736,0.0748893,-0.659383,0.00320572,0.523382,1.09598,-0.85039,0.158668,0.333078,-0.733434,-1.33561,8.5373,1.9507,-0.000138232,0.202493,-7.73935,-1.54983,0.0490933,-0.000200483,
921,-0.000359563,-0.0420515,-0.2893,-0.370849,-0.0683434,-0.00192656,0.32041,0.157542,0.526959,0.959805,-0.0188318,-0.0681931,0.271605,0.541352,0.80866,0.397349,-0.522236,-0.302389,-0.715286,0.00393604,0.523412,2.23814,-0.960757,2.10927,-0.61006,-0.675291,0.152334,6.74778,0.155185,-0.412833,-0.0236496,-7.4087,-0.724239,-0.00463675,-0.00117487,
922,-0.000330255,-0.0491403,-0.483182,-0.392837,-0.063786,-0.00225206,0.542367,0.228385,0.61599,0.954053,-0.0322079,-0.078911,0.287259,0.548347,0.748243,0.364029,-0.524161,-0.555217,-0.721736,0.00309269,0.523347,1.70691,-0.945793,1.4679,-0.5343,-0.110206,0.356064,-1.89461,-2.54735,-0.885566,-0.0485024,-0.38931,0.455681,-0.00729579,-0.00060373,
923,-0.000310704,-0.053741,-0.426065,-0.331365,-0.0451315,-0.00246349,0.475214,0.20506,0.673822,0.950775,-0.0460563,-0.0830202,0.294982,0.368318,0.551986,0.309339,-0.527003,-0.472461,-0.657767,0.00265989,0.523309,1.45661,-0.882361,0.837401,-0.568096,0.0792819,0.414062,-5.27686,-5.28139,-1.29919,-0.0651858,3.59713,2.09029,-0.0110802,-0.000397281,
924,-0.000212296,-0.05618,-0.206231,-0.191058,-0.00647746,-0.00257564,0.226609,0.130355,0.704497,0.946991,-0.0429365,-0.0869295,0.30628,0.0336967,0.487446,0.238078,-0.530824,-0.21079,-0.517673,0.0017383,0.523283,1.14475,-0.768741,0.374961,0.485245,-0.327053,0.430048,-8.08702,0.961941,-1.54966,-0.087604,6.84116,2.84966,-0.0211428,-0.000209609,
925,-0.00010712,-0.0568225,0.161914,0.00933402,-0.000915743,-0.00260519,-0.177274,0.0211147,0.71258,0.944264,-0.0380723,-0.0852995,0.315658,-0.398268,0.51674,0.161287,-0.535704,0.164087,-0.509948,0.000867155,0.523273,1.05488,-0.75197,-0.0801386,0.169079,0.0641053,0.333573,-9.18156,0.246378,-1.52106,-0.105475,8.14379,-0.405357,-0.0161224,-7.62582e-05,
926,-0.000172983,-0.0557078,0.466505,0.0911199,-0.0084306,-0.00255392,-0.522016,-0.0856359,0.698557,0.947195,-0.0385058,-0.0868828,0.306253,-0.56385,0.53022,0.0876971,-0.54098,0.53007,-0.525625,0.00142844,0.523276,1.56565,-1.01541,-0.489916,-0.237355,-0.120821,-0.712451,0.925978,0.297175,-1.43425,-0.106342,5.44454,-0.225224,0.0237781,-2.54648e-05,
927,-0.00018241,-0.0530019,0.465298,0.038707,-0.0167365,-0.00242951,-0.520624,-0.0851024,0.664528,0.947395,-0.0437597,-0.0974212,0.301722,-0.43473,0.561519,0.015457,-0.546314,0.528285,-0.552355,0.00158342,0.523279,1.98455,-0.996836,-0.885519,-0.419021,-0.458392,-0.0697062,4.22257,0.947026,-1.4428,-0.109395,-2.44857,-0.838074,-0.00190642,8.21773e-07,
928,-0.000144766,-0.0488275,0.299739,-0.0855248,-0.0310301,-0.00223769,-0.328924,-0.0227348,0.61206,0.946433,-0.0480403,-0.10835,0.300362,-0.14435,0.614593,-0.0580071,-0.55116,0.314387,-0.608678,0.00136438,0.523276,2.1572,-0.962551,-1.02408,0.921331,0.851656,-0.0578312,7.3583,1.17227,-1.49888,-0.00480811,-6.06747,-1.40547,-0.00610046,-0.00127882,
929,-9.28701e-05,-0.0439245,-0.0411612,-0.260027,-0.0484457,-0.00201253,0.0440301,0.0815488,0.550475,0.951018,-0.0255158,-0.0648851,0.301169,0.268865,0.655913,-0.136875,-0.5497,-0.0411961,-0.681255,0.000973194,0.523291,2.29246,-0.936957,-1.5307,1.39413,1.46472,0.00285207,9.15901,0.484693,-1.65269,0.0300363,-8.14419,-1.49667,-0.00999241,0.000650256,
930,1.81894e-05,-0.0366789,-0.393997,-0.374565,-0.0566936,-0.00168006,0.437247,0.192854,0.459536,0.94856,-0.0173073,-0.0113603,0.315921,0.586276,0.63134,-0.227414,-0.5485,-0.429617,-0.738671,-0.000228329,0.523323,2.08811,-0.996081,-1.95407,-0.255586,3.22465,2.23567,-0.235147,-1.46074,-2.00509,0.0192002,-7.3502,-0.783606,-0.0602304,0.000388859,
931,0.000263319,-0.0315932,-0.480686,-0.32163,-0.0421909,-0.00144686,0.541564,0.225995,0.395751,0.93493,-0.0133696,0.0401737,0.352297,0.493068,0.497888,-0.33446,-0.548799,-0.551395,-0.737645,-0.00383815,0.523319,0.267117,-1.07206,-0.0595707,-0.475413,-0.950372,1.29103,-3.13868,-1.37464,-2.29587,-0.00247192,1.08968,0.792381,-0.129486,-0.00268016,
932,0.000628133,-0.0326746,-0.375484,-0.221322,-0.0110796,-0.00149644,0.413673,0.184465,0.409311,0.924859,-0.0152859,0.0187349,0.37954,0.257196,0.509886,-0.454067,-0.549962,-0.405842,-0.653993,-0.00885236,0.523321,-0.422478,-0.924466,0.109425,-0.192552,-0.864863,1.16928,-6.32816,0.421973,-2.49106,-0.033799,4.80696,2.47853,-0.108193,0.00231016,
933,0.000958255,-0.0319924,-0.0957748,-0.0442997,0.0333721,-0.00146516,0.104508,0.0949437,0.400756,0.915349,-0.00963645,-0.00129404,0.402544,-0.119418,0.520915,-0.542079,-0.552006,-0.0962177,-0.508941,-0.0137931,0.52338,-0.625752,-0.807264,-0.379845,0.074662,-0.597673,0.493793,-8.70672,0.0818801,0.083928,-0.0379594,7.56396,1.37874,-0.0816195,0.000160617,
934,0.00110569,-0.0302343,0.280264,0.168792,0.0308402,-0.00138457,-0.307074,-0.0183722,0.378712,0.916938,0.0083566,0.00147794,0.39894,-0.56065,0.523053,-0.523717,-0.552498,0.292105,-0.513525,-0.0168417,0.523388,-0.655868,-0.601059,-0.377632,-0.38599,0.834807,-1.13535,-7.28266,0.014442,0.513052,-0.00678645,7.86214,-0.313901,0.0143781,-0.0012557,
935,0.000583933,-0.0303934,0.486184,0.166013,0.0171901,-0.00139186,-0.547187,-0.0957253,0.380707,0.927336,0.00384134,-0.003922,0.37419,-0.555678,0.552928,-0.490923,-0.549069,0.55984,-0.529705,-0.00884776,0.523361,0.196665,-0.425069,0.266939,0.269534,-0.467729,-0.369707,2.22044,1.17285,0.719368,0.146009,0.363534,-0.325905,0.146374,0.00183574,
936,0.000167763,-0.0318968,0.428803,0.0702062,0.00957704,-0.00146078,-0.478752,-0.0714033,0.399557,0.927443,0.00348476,-0.0164807,0.373586,-0.360596,0.639886,-0.455135,-0.539041,0.476227,-0.559897,-0.00242202,0.523416,0.868604,-0.0958544,0.514158,-0.443442,-0.799946,0.161533,5.53232,2.28125,0.733144,0.262244,-3.53509,-0.878028,0.115539,0.000716094,
937,-0.00018279,-0.0350882,0.217012,-0.102086,0.00194221,-0.00160711,-0.238113,0.00235323,0.439582,0.921009,0.00322421,-0.0467414,0.386712,-0.0174737,0.761284,-0.416587,-0.522057,0.222346,-0.612196,0.00239869,0.523425,1.5838,0.13932,1.04189,-0.947525,-1.09305,1.22875,8.21061,2.58622,0.759402,0.302104,-6.5735,-1.20657,0.0694748,-0.000107775,
938,-0.000495404,-0.041046,-0.133391,-0.315709,-0.00149016,-0.00188041,0.14692,0.105489,0.514337,0.907341,0.000442735,-0.0880792,0.411065,0.416166,0.864985,-0.379337,-0.52194,-0.134597,-0.665298,0.00555614,0.523401,1.99914,0.324218,1.44657,-1.06712,-1.27657,1.50741,9.24008,1.61172,0.725201,-0.0633799,-7.79377,-0.985126,0.0487179,-0.000637395,
939,-0.000711387,-0.0458866,-0.437466,-0.393834,0.00901153,-0.00210261,0.488283,0.204834,0.575114,0.884377,-0.00569062,-0.100847,0.455714,0.572552,0.885563,-0.346026,-0.524718,-0.488264,-0.693915,0.00713531,0.523343,1.56127,0.158833,0.922941,-0.19901,-0.113926,2.39762,-1.21182,-0.76747,0.625818,-0.0601792,-6.36938,-0.168651,0.0210134,-0.000229349,
940,-0.000920816,-0.0482626,-0.480689,-0.34373,0.031918,-0.00221174,0.538971,0.220944,0.604962,0.862344,-0.0130649,-0.101054,0.495963,0.434336,0.776064,-0.313093,-0.528198,-0.551399,-0.664703,0.00878024,0.52332,1.17897,0.160283,0.282419,-0.0773254,0.145743,1.5982,-4.29447,-3.59056,0.682017,-0.0772591,1.90979,1.32506,0.0368355,-0.000174407,
941,-0.00109615,-0.0481266,-0.33878,-0.213939,0.070436,-0.00220549,0.37487,0.165785,0.603254,0.843168,-0.0212538,-0.0954954,0.528675,0.137811,0.537826,-0.274044,-0.532447,-0.36047,-0.559505,0.0104817,0.523306,0.860896,0.0969761,-0.355803,-0.00692512,0.386872,1.50134,-7.53696,-5.92158,0.878009,-0.0930884,5.69477,2.87221,0.0308895,-0.000160455,
942,-0.00117769,-0.0461352,-0.0145804,-0.00762105,0.0953787,-0.00211403,0.0158596,0.0645838,0.578238,0.824576,-0.0180036,-0.0849432,0.559048,-0.291132,0.49897,-0.218242,-0.537706,-0.0145819,-0.506121,0.0117486,0.523307,0.59749,0.0307714,-0.693967,0.511296,0.266888,1.31468,-9.60601,0.694935,1.34776,-0.113376,8.12225,-0.402891,0.0236149,4.85125e-05,
943,-0.00128305,-0.0425997,0.359097,0.136342,0.0976448,-0.00195172,-0.397429,-0.0530355,0.533841,0.815713,-0.0142638,-0.0738896,0.57354,-0.572987,0.531068,-0.134642,-0.543261,0.385313,-0.520085,0.0138642,0.523321,1.08373,0.0961938,-0.987307,0.763732,0.371387,-0.574906,0.519595,0.59851,1.96362,-0.0903965,7.89133,-0.127372,0.0778731,-0.000269055,
944,-0.00141651,-0.0382565,0.48873,0.106867,0.0902582,-0.00175243,-0.548442,-0.104356,0.47933,0.8241,0.00549018,-0.048781,0.564313,-0.48092,0.585539,-0.0235541,-0.546802,0.563787,-0.535522,0.0170469,0.523336,1.43646,0.490984,-1.26347,1.35063,0.333543,-0.289785,3.1032,1.57081,2.49881,-0.0617794,-0.809887,-0.493811,0.0445622,0.000114081,
945,-0.00134861,-0.0332177,0.392569,0.00932514,0.077767,-0.00152134,-0.437272,-0.0644435,0.416121,0.829135,0.0158736,-0.0164641,0.55858,-0.240746,0.6816,0.11217,-0.548463,0.42776,-0.577456,0.0186951,0.523369,1.617,1.55101,-0.767078,-1.07203,2.44863,0.348553,6.46623,2.24577,2.82208,0.0413176,-4.41972,-1.09467,-0.00674214,0.0010185,
946,-0.00153515,-0.0365903,0.146597,-0.173663,0.058601,-0.001676,-0.158253,0.0180009,0.458425,0.83824,0.0135727,-0.0298098,0.544317,0.126477,0.782165,0.265338,-0.534119,0.148203,-0.633031,0.0193173,0.523509,2.86741,1.89631,1.42355,-0.756962,-1.39836,-0.789143,8.42435,1.88524,3.2717,0.383758,-6.8819,-1.21241,0.00771371,-0.00159186,
947,-0.00174383,-0.041518,-0.211014,-0.378691,0.0390427,-0.00190208,0.233519,0.124559,0.520262,0.846107,0.00976766,-0.0682714,0.528533,0.564154,0.841387,0.435269,-0.520851,-0.215906,-0.687771,0.019335,0.523403,2.82884,1.85448,1.06647,-1.46111,-0.755171,-0.2092,7.3712,0.49094,3.5112,-0.0129012,-7.66442,-0.968487,-0.0151977,-0.00137615,
948,-0.00166552,-0.0445064,-0.478795,-0.384641,0.0380655,-0.00203925,0.537535,0.218258,0.557781,0.835351,-0.0192076,-0.0945874,0.541177,0.55891,0.79563,0.557504,-0.523445,-0.548513,-0.712048,0.0172246,0.523346,2.52511,1.32753,0.560894,-0.712263,-0.236507,1.44737,-2.07412,-2.32237,-0.311534,-0.0697472,-4.67133,-0.00486576,-0.0662088,-0.000948071,
949,-0.00140082,-0.0454201,-0.463565,-0.308974,0.0556746,-0.0020812,0.518656,0.210835,0.569256,0.820223,-0.0326881,-0.104882,0.561396,0.371249,0.611966,0.530426,-0.527337,-0.525727,-0.672397,0.014195,0.523324,2.17475,1.26913,-0.0944924,-0.603206,-0.0358749,0.98046,-5.40871,-5.00449,-0.434693,-0.0849759,2.82587,1.57853,-0.0641225,-6.83104e-05,
950,-0.00102445,-0.0442465,-0.281487,-0.149658,0.0915743,-0.00202731,0.310017,0.144112,0.554518,0.807767,-0.0339742,-0.0949583,0.58081,0.0234337,0.480731,0.519254,-0.530507,-0.293492,-0.556591,0.0106571,0.523307,1.7737,1.20932,-0.452363,1.26061,0.463608,0.848283,-8.48083,0.834648,-0.0124056,-0.0447122,6.43282,3.04809,-0.0770367,6.77588e-05,
951,-0.000626023,-0.0416952,0.0763064,0.077474,0.111059,-0.00191021,-0.0837946,0.0361102,0.522487,0.799106,-0.0220913,-0.0638758,0.597378,-0.441319,0.514375,0.526884,-0.533237,0.0765297,-0.503407,0.00691157,0.523325,1.62387,1.15322,-0.828218,1.01086,0.836579,0.682162,-10.0963,0.331863,-0.0200071,-0.0631371,8.35268,-0.487664,-0.0742478,0.000257421,
952,-0.000419386,-0.037646,0.424218,0.152523,0.104057,-0.00172442,-0.472679,-0.0784547,0.471669,0.80547,-0.0204287,-0.0406301,0.590889,-0.574812,0.544408,0.524701,-0.536286,0.469931,-0.521661,0.00512906,0.523348,2.23775,1.19034,-1.23404,0.339363,0.676098,-0.847983,1.38221,0.870514,-0.0280246,-0.0623841,7.38081,-0.218808,-0.0163726,5.30738e-05,
953,-0.000247967,-0.0325836,0.483086,0.10189,0.0952263,-0.00149227,-0.541999,-0.102744,0.408169,0.811499,-0.0165666,-0.0172819,0.583863,-0.432501,0.614172,0.524087,-0.537174,0.555069,-0.546537,0.00350441,0.523358,2.79121,0.868667,-0.634562,2.83488,-0.144644,-0.739296,4.1718,1.85677,-0.000502458,0.135354,-1.70975,-0.755444,-0.0126958,0.000357999,
954,-0.00020697,-0.0335142,0.355499,-0.0352866,0.0752682,-0.00153494,-0.394852,-0.0510773,0.41984,0.82474,0.0159402,-0.0150862,0.565086,-0.148598,0.717679,0.524057,-0.525494,0.380866,-0.598117,0.0028437,0.523457,2.92706,1.58256,1.1331,-1.68154,-1.07069,-0.815289,7.16897,2.26224,-0.000208404,0.312345,-5.19645,-1.28317,-0.0261307,0.000962421,
955,-0.000120952,-0.0396643,0.0603323,-0.243638,0.0515482,-0.00181702,-0.0647419,0.0434717,0.496996,0.835447,0.00444917,-0.0471962,0.547522,0.260368,0.816278,0.524003,-0.521664,0.0604425,-0.667038,0.00140385,0.523411,3.31197,1.73377,1.56798,-0.862792,-0.595417,-0.765359,9.24375,1.74567,-0.000532801,-0.0536583,-7.66766,-1.50497,-0.0300924,-0.000823939,
956,4.67572e-05,-0.0448782,-0.309624,-0.398098,0.0318591,-0.00205632,0.342556,0.155718,0.56245,0.840431,-0.00858071,-0.0666651,0.537734,0.589947,0.856106,0.523897,-0.524858,-0.325866,-0.73193,-0.000479541,0.523358,3.01551,1.38797,1.0144,-0.900974,0.0666164,0.445314,-0.242626,-0.129974,-0.00156575,-0.0788034,-7.79223,-1.09893,-0.0563098,-0.000648968,
957,0.000286829,-0.0477386,-0.491546,-0.370624,0.0267159,-0.00218767,0.551991,0.2239,0.598378,0.837714,-0.0323448,-0.0739235,0.540116,0.502859,0.776795,0.523837,-0.52924,-0.568177,-0.7568,-0.00276509,0.523326,2.68804,1.28768,0.410426,-0.868147,0.41857,-0.318351,-2.84774,-3.01705,-0.000340625,-0.0961264,0.19604,0.0907029,-0.029877,-0.000315264,
958,0.000446775,-0.0481375,-0.414832,-0.275052,0.0346491,-0.00220599,0.461938,0.193083,0.60339,0.841553,-0.0557201,-0.074732,0.532071,0.274886,0.561626,0.523789,-0.534422,-0.457196,-0.711429,-0.00427122,0.523311,2.40322,1.2388,-0.218224,-0.751583,0.582615,-0.219377,-6.24097,-5.57011,-0.00061839,-0.111268,4.18562,1.71171,-0.0317379,-0.000169365,
959,0.000620729,-0.0464471,-0.16673,-0.0967021,0.0622739,-0.00212836,0.182679,0.110915,0.582155,0.84433,-0.0587882,-0.0692951,0.528062,-0.10469,0.489309,0.523815,-0.54036,-0.169106,-0.59193,-0.00615069,0.523305,2.07226,1.26713,-0.652469,0.524354,0.0781053,-0.205883,-8.92271,0.895927,0.000465523,-0.125922,7.31027,3.05698,-0.0391304,6.15001e-06,
960,0.000729247,-0.0429539,0.215303,0.133929,0.0824117,-0.00196798,-0.236863,-0.00237139,0.538288,0.849167,-0.0521216,-0.0606389,0.522036,-0.570164,0.517327,0.523927,-0.546943,0.220508,-0.499842,-0.00781487,0.523317,2.11306,1.31093,-1.07743,0.0460318,0.322059,-0.658902,-7.85589,0.236191,0.00173937,-0.135541,8.27355,-0.357989,-0.0168766,0.000358996,
961,0.000554954,-0.0380837,0.489911,0.145477,0.0632365,-0.0017445,-0.548697,-0.101616,0.477162,0.869259,-0.0602302,-0.0559239,0.487477,-0.562532,0.553218,0.524027,-0.552647,0.565625,-0.522907,-0.00670892,0.523328,2.68878,1.22631,-1.16626,0.312423,1.96061,-0.821494,2.23035,1.17822,0.000315236,-0.00706801,2.33606,-0.469721,0.00887407,-0.00100865,
962,0.000441904,-0.034932,0.452416,0.0647555,0.0467524,-0.00159995,-0.504955,-0.084439,0.437623,0.881389,-0.0263134,-0.0290022,0.470766,-0.369271,0.636593,0.523978,-0.550596,0.509492,-0.563578,-0.00582491,0.523365,2.99292,0.169088,-0.042996,3.96979,-0.855659,-1.47851,5.38219,2.10039,0.00100324,0.194515,-3.20723,-1.14625,0.052773,-0.000496685,
963,0.00033844,-0.0350041,0.257067,-0.0981029,0.0231899,-0.00160325,-0.284873,-0.0126664,0.438527,0.89086,0.015091,-0.0118974,0.453871,-0.0254001,0.749491,0.523859,-0.540271,0.266094,-0.632927,-0.00445191,0.523414,3.33102,1.01486,0.326996,-1.65048,0.168163,0.281953,8.32374,2.37197,-0.00140791,0.206395,-6.42603,-1.57676,-0.0130289,0.00153625,
964,0.000425738,-0.0405232,-0.0937531,-0.315709,0.00592749,-0.00185642,0.104736,0.0926256,0.507775,0.891616,0.00203258,-0.0582106,0.44903,0.419652,0.828683,0.523783,-0.527566,-0.0941683,-0.695819,-0.0048365,0.523412,3.87732,1.07725,1.99716,-0.394082,-0.891098,-0.337414,9.52346,0.967779,-0.0009772,0.341516,-8.01712,-1.08705,-0.00134911,-0.00152745,
965,0.000578737,-0.0472815,-0.422082,-0.399588,0.00039884,-0.00216668,0.470538,0.199002,0.592637,0.886335,-0.000908187,-0.073145,0.457231,0.577646,0.817629,0.523225,-0.521754,-0.467014,-0.731599,-0.00563318,0.523351,3.45187,0.768569,1.39932,-0.402171,-0.184892,0.858718,-1.35237,-1.38448,-0.00521313,-0.044852,-6.90113,-0.352518,-0.0226172,-0.00034848,
966,0.000666667,-0.0515975,-0.479462,-0.353494,0.00802705,-0.00236496,0.537649,0.221794,0.646872,0.882028,-0.0078728,-0.0775973,0.464697,0.435513,0.676966,0.523784,-0.524483,-0.549528,-0.71235,-0.005945,0.523316,3.07448,0.788219,0.775521,-0.280475,0.0649445,0.170887,-4.31173,-4.22055,0.00171253,-0.0631817,1.59102,1.10882,0.000984165,-0.000300299,
967,0.000696962,-0.0535503,-0.350207,-0.230535,0.0330958,-0.00245472,0.388033,0.172322,0.671424,0.87949,-0.0101239,-0.0769924,0.46954,0.138417,0.477876,0.523707,-0.528104,-0.374364,-0.617509,-0.00598788,0.523292,2.72539,0.8266,0.282063,0.675897,-0.223354,0.278334,-7.54679,-0.0938542,-0.0013044,-0.0819572,5.38542,2.68023,-0.00642254,-0.000314585,
968,0.000723841,-0.0537703,-0.0413032,-0.0307619,0.0651078,-0.00246483,0.0451132,0.0761734,0.67419,0.87661,0.010973,-0.0713773,0.475752,-0.293282,0.509585,0.523779,-0.532677,-0.0413385,-0.496444,-0.0061933,0.523283,2.48775,0.846784,-0.148942,0.724857,0.0223343,0.12389,-9.70248,0.47216,0.001187,-0.102207,7.91489,0.054522,0.00134316,1.48752e-05,
969,0.000552952,-0.0523258,0.333104,0.108016,0.0564462,-0.00239843,-0.368261,-0.0389114,0.656028,0.882318,0.0224575,-0.0659344,0.465472,-0.577249,0.526384,0.523948,-0.537906,0.353641,-0.515412,-0.00486213,0.523291,3.00447,0.750749,-0.597452,0.172004,-0.0956098,-1.42979,0.624703,0.209662,0.0017302,-0.104977,7.89105,-0.282284,0.063504,1.95781e-05,
970,0.000241271,-0.0490628,0.486415,0.0747463,0.0421047,-0.00224849,-0.545604,-0.0982533,0.615016,0.893926,0.0282911,-0.0697717,0.441845,-0.484691,0.556471,0.523915,-0.543263,0.560198,-0.536224,-0.00226298,0.523295,3.39476,0.868217,-1.03672,-0.0248081,-0.406627,-0.583743,3.01293,0.987851,-0.000466785,-0.108886,-0.479121,-0.550004,0.0355697,2.64811e-05,
971,5.28921e-05,-0.0440668,0.400289,-0.0208454,0.0259789,-0.00201906,-0.445144,-0.0622771,0.552261,0.899162,0.0317324,-0.0822657,0.42864,-0.249433,0.618284,0.523863,-0.548818,0.437849,-0.581051,-0.000552468,0.523308,3.67731,0.94339,-1.46746,-0.255524,-0.620777,-0.534658,6.37142,1.47867,-0.000614272,-0.11312,-4.38432,-1.23566,0.032664,0.000165513,
972,-7.91749e-05,-0.0386287,0.143266,-0.182887,0.00729081,-0.0017695,-0.159592,0.023816,0.484001,0.903906,0.0261438,-0.0332649,0.425633,0.132984,0.685542,0.523735,-0.547287,0.144763,-0.652719,0.000943632,0.523316,3.91815,1.15589,-1.34968,-1.05156,2.85302,0.786196,8.90578,1.20678,-0.00386415,0.0604261,-7.23362,-1.58727,-7.24873e-05,0.00191508,
973,-9.27633e-05,-0.0356628,-0.225051,-0.361326,-0.00405436,-0.00163346,0.248023,0.132811,0.44679,0.900232,-0.00676745,0.00734599,0.435297,0.560752,0.699169,0.523576,-0.54471,-0.23102,-0.714652,0.00119766,0.523383,4.68737,1.17934,0.632345,1.54742,1.3297,0.725647,3.50826,-0.842238,-0.0238888,0.0187317,-7.73737,-0.703565,-0.00894568,-0.000612827,
974,-8.93984e-06,-0.037971,-0.479557,-0.358827,0.00417863,-0.00173933,0.537175,0.22208,0.475747,0.885552,0.0125042,0.0410706,0.462552,0.53931,0.591375,0.520988,-0.544015,-0.549673,-0.724661,0.000108396,0.523384,3.50988,0.902751,0.837534,-0.277296,-0.42534,0.909875,-1.7142,-3.44166,-0.0474468,0.024219,-2.299,0.293939,-0.011022,0.000263821,
975,3.77823e-05,-0.0404173,-0.450051,-0.293598,0.0243653,-0.00185156,0.503055,0.209286,0.506446,0.876601,0.0223347,0.0311294,0.479691,0.368949,0.493192,0.519958,-0.543267,-0.506093,-0.669522,-0.000430345,0.523363,3.17854,0.912744,0.40969,0.668456,-0.672216,0.816422,-5.07647,0.558765,0.00152514,0.00588174,2.92417,1.90101,-0.0152072,-0.000300533,
976,0.000105489,-0.041065,-0.262566,-0.147347,0.0626241,-0.00188129,0.289159,0.142247,0.514575,0.866853,0.0485928,0.0268924,0.495461,0.0396708,0.516527,0.524223,-0.543423,-0.272212,-0.538216,-0.00118255,0.523348,2.86848,0.89541,-0.0814528,0.985292,-0.566448,0.72417,-8.07038,0.233758,0.0674408,-0.0122658,6.40065,3.34143,-0.0144324,-0.000160226,
977,0.000147375,-0.0400101,0.0920688,0.0640664,0.0744537,-0.00183288,-0.100692,0.0357147,0.501335,0.857394,0.0694056,0.0299342,0.50908,-0.40166,0.522203,0.524198,-0.54458,0.092462,-0.511637,-0.00169573,0.523345,2.75288,0.853956,-0.47543,0.757156,-0.180544,0.632945,-9.56949,0.0391732,-0.0119092,-0.0312351,8.17328,-0.321202,-0.00813112,8.06463e-06,
978,-0.000251771,-0.0386425,0.419705,0.147243,0.0578377,-0.00177013,-0.467292,-0.0712373,0.484173,0.879973,0.0171735,0.042612,0.472797,-0.570062,0.534025,0.524011,-0.546914,0.463783,-0.521463,0.00299962,0.523354,2.5192,0.825671,-0.368932,-2.79419,0.771797,-2.3559,1.09197,0.469585,-0.00120881,-0.0373036,6.86457,-0.0829629,0.143576,-8.21164e-05,
979,-0.000712898,-0.0370901,0.478624,0.0919188,0.0402933,-0.00169892,-0.536665,-0.0944835,0.464695,0.898123,-0.0316166,0.0147878,0.438357,-0.441302,0.584345,0.523911,-0.548733,0.548254,-0.538044,0.00884954,0.52337,2.66435,0.0926339,-0.0192691,-0.509892,-2.17246,-0.970907,4.0304,1.54816,-0.000747437,-0.0349151,-1.51493,-0.562104,0.100237,0.000306398,
980,-0.00107945,-0.0364701,0.352268,-0.0401989,0.0221618,-0.00167049,-0.387788,-0.0439396,0.456917,0.906506,-0.0166149,-0.0414975,0.419821,-0.15792,0.676515,0.523854,-0.549928,0.37689,-0.582531,0.0136278,0.523365,2.83429,0.0199081,-0.116038,0.239758,-0.675426,-0.609667,7.26454,2.1188,-0.000287307,0.0819865,-5.30269,-1.21677,0.0901366,-0.00176942,
981,-0.00145566,-0.0364385,0.0491155,-0.232285,-0.0019455,-0.00166903,-0.0591634,0.052648,0.45652,0.91596,0.0091909,-0.0329339,0.399811,0.256491,0.770106,0.523672,-0.541007,0.0491748,-0.649115,0.0183934,0.523372,3.49982,0.0563288,0.415343,-0.390601,-0.628114,-0.33365,9.25334,1.53308,-0.0246575,0.196485,-7.64058,-1.30709,0.070308,0.00376197,
982,-0.00183001,-0.0414705,-0.30976,-0.386128,-0.00791962,-0.0018999,0.343324,0.160806,0.519666,0.911035,-0.00357025,-0.0552107,0.4086,0.582844,0.786969,0.520725,-0.532346,-0.326025,-0.68766,0.0203138,0.523397,3.54669,-0.024934,1.29554,-0.789006,-0.258214,1.32392,-0.0966644,-0.622795,-0.0927513,0.149972,-7.51088,-0.46303,0.00927846,-0.00112623,
983,-0.0020557,-0.0454652,-0.486744,-0.364603,0.00315501,-0.00208327,0.546455,0.226078,0.569822,0.898907,-0.0234207,-0.0660092,0.432506,0.503346,0.685818,0.51515,-0.525501,-0.560706,-0.680668,0.0208105,0.523348,3.21288,-0.024986,0.699127,-0.808573,0.0337888,0.624419,-2.69896,-3.39866,-0.118218,0.124172,0.0458989,0.730165,0.0164666,-0.000475634,
984,-0.00216273,-0.0470539,-0.415717,-0.275675,0.0270408,-0.00215622,0.463166,0.196936,0.589777,0.891456,-0.0413323,-0.0719499,0.445445,0.28354,0.48445,0.510118,-0.522694,-0.458388,-0.603653,0.0211532,0.523323,2.90039,-0.0059109,0.159288,-0.128436,-0.148447,0.68165,-6.06557,-1.13405,-0.0803764,-0.0189531,3.99628,2.34395,-0.00726907,-0.000347423,
985,-0.00206711,-0.0467426,-0.176597,-0.10557,0.0573785,-0.00214192,0.193621,0.11678,0.585867,0.88417,-0.0366217,-0.0730566,0.459962,-0.0877647,0.507121,0.51143,-0.524164,-0.179429,-0.502759,0.0203529,0.523312,2.5926,-0.000301791,-0.312872,0.132058,0.0715522,0.557151,-8.76482,0.530894,0.129108,-0.0412339,7.13642,-0.0303137,-0.0209217,-3.82683e-05,
986,-0.00184187,-0.0445227,0.199829,0.118402,0.0580533,-0.00203999,-0.219558,0.00464189,0.557985,0.878774,-0.0363989,-0.0686858,0.470866,-0.54735,0.520809,0.526677,-0.526595,0.203966,-0.517484,0.0190414,0.523316,2.63986,0.0013734,-0.79342,0.0304482,0.104385,0.208903,-7.88411,0.100337,0.170037,-0.0536172,8.19361,-0.205974,-0.0228992,0.00023436,
987,-0.00170561,-0.0405852,0.479204,0.135523,0.0497078,-0.00185927,-0.536567,-0.0955989,0.508553,0.886284,-0.0420261,-0.0739666,0.455261,-0.557792,0.54739,0.525302,-0.529188,0.549136,-0.526618,0.0193466,0.523333,3.26753,-0.0430308,-1.11874,-0.167648,0.199686,-0.399536,1.83601,0.954787,-0.0516744,-0.0291406,2.59435,-0.15845,-0.00956517,-0.000446824,
988,-0.00146104,-0.0364192,0.452123,0.0660179,0.0403293,-0.00166815,-0.505843,-0.0834757,0.456278,0.892945,-0.0437078,-0.0293379,0.447077,-0.381856,0.618301,0.523993,-0.526207,0.50907,-0.55188,0.0184711,0.523334,3.50986,0.10975,-1.24858,0.794288,1.80165,-0.307955,5.18315,1.88304,-0.00755841,0.0690287,-2.88422,-0.848028,-0.0239194,0.00063343,
989,-0.00134375,-0.0335293,0.268369,-0.0800492,0.0175211,-0.00153562,-0.300651,-0.0152664,0.420029,0.905755,0.0136463,-0.0234771,0.42293,-0.053956,0.719608,0.52386,-0.522882,0.2787,-0.606512,0.0184544,0.523394,4.2009,0.0828929,0.570917,0.928262,-0.718705,-0.940456,7.83646,1.99242,-0.00210983,0.0109494,-6.10653,-1.24202,-0.0239465,0.00391759,
990,-0.00127581,-0.0381179,-0.0672748,-0.289253,0.00182161,-0.00174607,0.0749269,0.086015,0.477591,0.907551,0.00562824,-0.0418848,0.41781,0.374265,0.792966,0.523721,-0.523528,-0.0674277,-0.662559,0.0154096,0.523432,4.48185,0.605789,1.37358,-1.01782,-0.626984,0.0516657,9.30781,0.988648,-0.000915614,-0.0242831,-7.80979,-1.00994,-0.0750019,-0.000954901,
991,-0.000997077,-0.042493,-0.398456,-0.392077,-0.00104088,-0.00194682,0.443525,0.191086,0.532501,0.900209,-0.0150813,-0.0592543,0.431144,0.590808,0.787603,0.522899,-0.525415,-0.435443,-0.695659,0.0108011,0.523368,4.03527,0.352905,0.806795,-1.0679,0.0416604,1.30189,-1.36216,-1.17745,-0.0307551,-0.0509619,-6.91962,-0.324689,-0.109242,-0.000583526,
992,-0.000570837,-0.0444862,-0.479429,-0.340766,0.0104857,-0.00203832,0.537513,0.222359,0.557527,0.890332,-0.0413799,-0.0660293,0.448594,0.452455,0.658374,0.522094,-0.528394,-0.549479,-0.676463,0.00590619,0.523339,3.67727,0.370477,0.192568,-1.00483,0.270947,0.611829,-4.15054,-3.96944,-0.00828252,-0.0671673,1.12318,1.07888,-0.0929228,-0.000205617,
993,-0.000102619,-0.0441171,-0.368584,-0.213323,0.0383319,-0.00202137,0.408808,0.178994,0.552893,0.882412,-0.0610947,-0.0689503,0.46137,0.163205,0.48748,0.52381,-0.532134,-0.39714,-0.582975,0.00107065,0.523325,3.34009,0.399405,-0.323438,-0.0560962,-0.0657832,0.675465,-7.39435,0.0699857,0.063519,-0.0826817,4.93956,2.65427,-0.103271,-0.000184884,
994,0.00035907,-0.0418517,-0.0818137,-0.0067431,0.0640851,-0.00191739,0.0893324,0.0879266,0.524451,0.875233,-0.0620291,-0.0670231,0.475002,-0.264408,0.513051,0.52405,-0.536686,-0.0820891,-0.499429,-0.00394945,0.523326,3.09125,0.403505,-0.803884,-0.0848177,0.259924,0.554586,-9.69067,0.354438,-0.00809138,-0.100017,7.64173,-0.382085,-0.0957525,8.05106e-05,
995,0.000637292,-0.0379767,0.293725,0.166025,0.060384,-0.00173959,-0.323984,-0.0259922,0.475819,0.874245,-0.0703702,-0.0553575,0.477157,-0.606237,0.528434,0.52397,-0.540624,0.307459,-0.518033,-0.00772606,0.523334,3.53487,0.234312,-1.04005,-0.0206364,1.28605,-0.805751,0.58126,0.26209,0.000680588,-0.0242307,7.95151,-0.197971,-0.0314337,0.000114929,
996,0.000694334,-0.0343654,0.496086,0.130199,0.0526555,-0.00157396,-0.557073,-0.103495,0.430515,0.882074,-0.0621913,-0.0310723,0.465953,-0.504901,0.571393,0.523929,-0.540271,0.575317,-0.531698,-0.00930339,0.523364,3.58044,-0.657912,-0.167066,3.12872,-0.689618,0.175251,2.96232,1.42273,-7.33303e-07,0.115357,0.00855391,-0.334677,-0.0363328,-8.98557e-07,
997,0.000780198,-0.0331193,0.424396,0.0242361,0.0451154,-0.00151683,-0.473693,-0.0728717,0.414887,0.883099,0.0191837,-0.0120141,0.468641,-0.271549,0.664131,0.523904,-0.533808,0.470175,-0.566871,-0.0108477,0.523377,3.78529,-0.449486,-0.355729,2.45891,-0.0831414,-0.0214717,6.3645,2.27602,-0.000130229,0.148928,-4.07356,-1.06686,-0.0324879,0.000763362,
998,0.00101755,-0.0356135,0.187871,-0.163885,0.0260533,-0.0016312,-0.204853,0.00903264,0.446171,0.888055,0.00552668,-0.0337386,0.458464,0.11176,0.770301,0.523897,-0.526085,0.191294,-0.628573,-0.0131557,0.52346,3.83734,0.964347,1.06438,-1.1574,-2.24843,-0.616145,8.9605,1.99999,-0.000686879,0.166081,-7.10046,-1.39478,-0.0560904,-0.00082718,
999,0.00143721,-0.0417747,-0.183416,-0.374275,0.00652709,-0.00191385,0.202524,0.119414,0.523484,0.891981,0.00990608,-0.0586753,0.448139,0.551588,0.832916,0.523788,-0.521994,-0.186597,-0.691936,-0.0158372,0.523387,3.87995,0.832408,1.36089,-0.15465,-0.543205,0.302249,3.93709,0.593278,-0.00271387,-0.0461871,-8.12519,-1.18796,-0.0667672,-0.00101914,
