step,action0,action1,action2,action3,action4,action5,action6,action7,state0,state1,state2,state3,state4,state5,state6,state7,state8,state9,state10,state11,state12,state13,state14,state15,state16,state17,state18,state19,state20,state21,state22,state23,state24,state25,state26,
0,-0.0215809,0.00136832,-0.00309513,0.000559211,-0.0617481,0.0155244,0.015109,0,0.654131,0.996935,0.042092,0.0582416,-0.0309292,-0.00735012,0.0565116,0.0761231,0.0462263,-0.000918915,0.0158844,-0.0385503,0.043975,0.047868,0.0731876,0.0648389,0.0549416,0.0181467,0.0555343,0.0700165,0.0293458,0.035029,0.0451245,0.00214929,0.0969759,0.0306798,0.0941912,
1,-0.130312,-0.112185,-0.00246105,-0.0147962,-0.052096,0.0135778,0.0129366,0,0.678347,0.996415,0.0431779,0.0671008,-0.028119,-0.00460869,0.435036,0.0665772,-0.413884,0.00188222,-0.420334,-0.040947,0.433174,0.119874,-0.000718734,0.264883,0.0184863,0.385221,0.143504,0.0393758,8.35671,-0.414307,-10.1234,0.110089,-9.64972,-0.124767,8.58434,
2,-0.248881,-0.242884,-0.00105814,-0.0313495,-0.0289542,0.00749058,0.00547027,0,0.673724,0.99585,0.045169,0.0759143,-0.0219157,-0.00332138,0.839913,0.0367275,-0.90514,0.00958057,-0.890923,-0.0707337,0.83128,0.0823545,0.0403844,-0.460786,0.0821178,0.326947,0.32314,0.0132024,7.8427,-0.776684,-9.53148,0.197731,-9.17767,-1.06045,7.35031,
3,-0.360675,-0.376532,9.48014e-05,-0.0454405,0.00537511,-0.00133192,-0.00486058,0,0.645476,0.999574,-0.0040853,0.0267019,-0.0110426,-0.0013944,1.21639,-0.00653051,-1.27287,0.0190253,-1.29208,-0.168537,1.13841,0.125047,0.132023,-0.758633,-1.08659,-4.48274,0.757452,0.0695685,7.15703,-0.939891,-0.6406,0.186501,-1.7644,-2.85464,5.05928,
4,-0.377492,-0.349588,-0.000734987,-0.0438313,0.041459,-0.0102542,-0.012402,0,0.643932,0.999575,-0.00491432,-0.0264997,0.0111199,0.00193584,1.25343,-0.0502786,-1.23676,0.0251627,-1.24623,-0.373205,1.24543,0.544232,-0.0106452,0.407992,0.20696,0.190806,0.609597,0.0624389,-1.12475,-0.813213,0.865883,0.056638,1.29478,-5.31216,-0.688108,
5,-0.373868,-0.238907,-0.00245781,-0.0416135,0.0669723,-0.0167821,-0.0191211,0,0.651829,0.999596,0.00130388,-0.0170232,0.0227194,0.00490023,1.19048,-0.0822916,-1.1965,0.0257039,-1.18306,-0.58717,1.14761,0.396194,-0.0457494,-0.111761,0.321161,0.679173,-0.108858,0.0620809,-1.39396,-0.465941,0.743855,-0.0204386,1.22885,0.550795,-3.20124,
6,-0.37355,-0.22618,-0.00225707,-0.0395082,0.0776572,-0.0189124,-0.0233925,0,0.633189,0.999766,0.010994,0.00215424,0.0185133,0.00749732,1.11486,-0.0927398,-1.16334,0.0213345,-1.12311,-0.540388,0.947645,0.401219,-0.0314163,-0.63506,0.49593,0.803627,-0.148624,0.0406547,-1.62819,0.0427592,0.584051,-0.155626,1.17024,0.571843,-4.78464,
7,-0.372203,-0.223633,-0.00155079,-0.0375017,0.0689784,-0.0155964,-0.0192502,0,0.588098,0.999268,0.0255795,0.0239076,0.0154252,0.0090387,1.02823,-0.0764766,-1.13836,0.00948214,-1.06599,-0.526866,0.672746,0.430231,-0.0245239,-1.17092,0.707595,0.923324,-0.131005,0.0215699,-1.83533,0.603258,0.416768,-0.316689,1.11495,0.0905644,-6.19972,
8,-0.365051,-0.210673,-0.000571063,-0.035775,0.0326861,-0.00702004,-0.00718735,0,0.55927,0.998499,0.0334201,0.0415155,0.0126204,0.00973463,0.935796,-0.0344203,-1.12091,-0.0089962,-1.01684,-0.524948,0.48207,0.469469,-0.25426,-0.127225,0.162677,-0.106416,-0.19355,0.0101314,-1.8589,1.07263,0.285697,-0.432967,0.910149,0.011165,0.534748,
9,-0.343611,-0.20802,0.000242168,-0.0342371,-0.0233673,0.00487358,0.00927592,0,0.543196,0.998484,0.0341519,0.0424793,0.00770906,0.0101391,0.838519,0.0238957,-1.10827,-0.0313556,-0.973077,-0.524709,0.513414,0.575549,-0.16804,-0.522283,-0.0466253,0.192707,-0.193686,0.0056183,-2.03068,1.25849,0.219825,-0.460815,0.84146,0.00141703,0.353145,
10,-0.299996,-0.208866,0.000400845,-0.0328205,-0.0845769,0.0165295,0.0256326,0,0.507927,0.99817,0.0291412,0.0528489,0.00376194,0.0104342,0.733103,0.0810528,-1.09671,-0.0521034,-0.93277,-0.524635,0.521678,0.677429,-0.0826135,-0.913362,-0.287068,0.557481,-0.171965,0.00636149,-2.18427,1.02943,0.242809,-0.370632,0.777589,0.000822806,0.0546546,
11,-0.231772,-0.197232,-3.87296e-05,-0.0315144,-0.12975,0.0235976,0.0351261,0,0.471169,0.997429,0.0274291,0.0662098,-0.000254584,0.0108382,0.62122,0.115722,-1.08163,-0.0657678,-0.895612,-0.524527,0.522821,0.607138,0.0348787,-0.427056,-0.354515,0.757027,-0.228432,0.00480161,-2.29787,0.361491,0.387498,-0.169294,0.702864,0.000640218,0.00536121,
12,-0.14818,-0.232337,-0.000187573,-0.0303187,-0.126756,0.0225033,0.0332249,0,0.460046,0.996774,0.0147839,0.078876,-0.00129296,0.010627,0.510112,0.110354,-1.05743,-0.0675985,-0.861602,-0.524384,0.522897,0.41368,0.0534621,-0.300906,-0.436176,0.556622,0.0400971,-0.00959026,-0.885198,-0.57145,0.560039,0.0910666,0.661484,0.00150006,-9.0463e-05,
13,-0.108825,-0.242036,6.68113e-05,-0.0291814,-0.0707781,0.0124061,0.0187223,0,0.455853,0.996964,0.0141687,0.076562,0.000835464,0.0127446,0.516007,0.0608311,-1.02548,-0.0569201,-0.829253,-0.524243,0.522812,-0.0155852,-0.116124,-0.00654465,0.212767,-0.195949,0.150098,0.0478444,0.246415,-1.39147,0.721736,0.331296,0.62809,0.00194806,-0.000220513,
14,-0.0907385,-0.228693,-9.09043e-05,-0.0281124,0.0222616,-0.00386884,-0.00482242,0,0.452634,0.99736,0.0139818,0.0711639,0.00364533,0.0149136,0.522526,-0.0189693,-0.987678,-0.0372526,-0.798851,-0.524125,0.5228,-0.120454,-0.0963701,-0.108656,-0.0541621,-0.308465,0.112503,0.0330048,0.0425778,-1.79191,0.791533,0.45345,0.590644,0.000747088,-4.82332e-06,
15,-0.107129,-0.233718,-0.00106475,-0.027109,0.118557,-0.0204967,-0.0284741,0,0.448294,0.997595,0.0133129,0.0675395,0.00805826,0.0156621,0.523347,-0.100511,-0.949321,-0.0159935,-0.770317,-0.524072,0.522825,-0.181759,-0.124494,-0.0811709,-0.042805,-0.159504,0.199705,-0.00414114,0.00283521,-1.47499,0.744653,0.398143,0.553086,4.8919e-05,0.000127741,
16,-0.155277,-0.215066,-0.00241778,-0.0261661,0.1775,-0.0305977,-0.0424415,0,0.44442,0.997819,0.0121591,0.063706,0.0122555,0.0151439,0.5234,-0.150069,-0.91691,-0.00164481,-0.743505,-0.524111,0.522818,-0.124403,-0.0936278,-0.0920131,-0.0567555,-0.164402,0.119428,-0.0147733,0.00036584,-0.520545,0.550736,0.177511,0.520359,-0.000289836,-6.0809e-05,
17,-0.218444,-0.169139,-0.00238057,-0.0252779,0.171217,-0.0292704,-0.04037,0,0.441062,0.998059,0.0116638,0.0598559,0.0126144,0.0143556,0.523426,-0.143556,-0.895878,-0.000523356,-0.718251,-0.524214,0.522847,0.0718592,0.0124722,-0.0368309,0.0715966,-0.216101,-0.155701,-0.013014,0.000519315,0.755108,0.311218,-0.12833,0.491702,-0.000130453,-0.000203413,
18,-0.2728,-0.103695,-0.000332997,-0.0244342,0.0930011,-0.0157546,-0.0226457,0,0.440039,0.998554,0.0149464,0.0515313,0.00327893,0.0136608,0.523445,-0.0772524,-0.884143,-0.013848,-0.694263,-0.524323,0.522915,0.356072,0.160518,0.0221803,0.23639,-0.417488,-0.565086,-0.014825,0.000159314,1.88247,0.185539,-0.402338,0.467356,-0.000376915,-1.26429e-05,
19,-0.297516,-0.0749177,-0.000528868,-0.0236375,-0.0363564,0.00615656,0.00571535,0,0.440924,0.998824,0.0193679,0.0423957,-0.0133272,0.0130124,0.523447,0.0301864,-0.874672,-0.0374536,-0.671611,-0.524424,0.52305,0.532861,0.263197,0.036312,0.186039,-0.290048,-0.737043,-0.011272,1.22997e-05,2.40669,0.200067,-0.54024,0.438271,-0.000546297,0.000766791,
20,-0.278323,-0.0824325,-0.0057291,-0.022893,-0.168265,0.0285957,0.0345666,0,0.438599,0.998568,0.0203301,0.0385083,-0.0310748,0.0122904,0.523446,0.140245,-0.861333,-0.0627939,-0.650446,-0.52448,0.523142,0.577711,0.304172,-0.130872,-0.0367062,-0.0245091,-0.670246,-0.017774,-2.69059e-05,1.99892,0.332646,-0.473792,0.408395,-0.000539359,0.00116571,
21,-0.215719,-0.123299,-0.0118317,-0.022206,-0.251719,0.0422305,0.0516803,0,0.427884,0.997971,0.0128755,0.0447342,-0.0434428,0.0101006,0.523445,0.207182,-0.837752,-0.0798571,-0.630918,-0.524462,0.523149,0.532057,0.28426,-0.330239,-0.514074,0.444197,-0.373853,-0.0686009,4.14005e-06,0.699246,0.580116,-0.210382,0.374094,-5.80857e-06,0.000560197,
22,-0.125838,-0.173236,-0.0120079,-0.0215612,-0.24283,0.0400112,0.0475687,0,0.420862,0.997998,0.0107672,0.0414626,-0.0465385,0.00669652,0.523419,0.196282,-0.801266,-0.0809556,-0.61259,-0.524374,0.523035,-0.0310641,0.0451991,-0.0683756,-0.00175922,-0.320721,0.00276857,-0.0863639,-0.000761375,-1.10591,0.885053,0.165627,0.353283,0.000742321,-0.000897329,
23,-0.0437369,-0.205863,-0.00569548,-0.0209635,-0.126955,0.0202743,0.0189039,0,0.413809,0.998384,0.00930296,0.0352538,-0.0435778,0.000274996,0.523408,0.09942,-0.750084,-0.0643935,-0.595601,-0.524177,0.52293,-0.250522,-0.111674,-0.0742723,0.0498211,-0.189944,0.289908,-0.196982,-0.00115763,-2.71808,1.18084,0.492205,0.32542,0.00110155,-0.00101459,
24,-0.00758747,-0.210825,0.00258114,-0.0204089,0.0719198,-0.011217,-0.0260176,0,0.405591,0.998964,0.00808822,0.0270504,-0.0356988,-0.0110445,0.523403,-0.0549999,-0.68799,-0.0369604,-0.579837,-0.523948,0.522863,-0.41336,-0.158732,-0.142799,-0.0336882,-0.342293,0.409333,-0.273719,0.000337848,-3.42295,1.31789,0.602632,0.302774,0.00243379,-0.000305164,
25,-0.0474677,-0.208849,0.00690222,-0.0198941,0.273359,-0.0423317,-0.06965,0,0.393369,0.999518,0.00499306,0.017298,-0.0252817,-0.0244307,0.523419,-0.207679,-0.624956,-0.0122195,-0.565204,-0.523758,0.522851,-0.54473,-0.187523,-0.154782,-0.0246069,-0.397325,0.483776,-0.283364,-0.000875124,-2.64531,1.22872,0.387605,0.280506,0.00133716,-0.000577467,
26,-0.153463,-0.170866,0.00575084,-0.0194187,0.378159,-0.0584872,-0.091057,0,0.383322,0.999848,0.00288022,0.00798355,-0.0152376,-0.036826,0.523455,-0.287094,-0.572504,-0.00583777,-0.551693,-0.523853,0.522861,-0.376078,-0.161436,-0.165755,-0.0580482,-0.302095,0.305221,-0.212117,0.000786899,-0.557134,0.878562,-0.127967,0.259452,-0.00126361,0.000101956,
27,-0.283136,-0.121019,0.00405491,-0.0189407,0.336486,-0.0506456,-0.0786792,0,0.377123,0.999918,0.00053077,0.00322203,-0.012411,-0.0456789,0.523473,-0.248531,-0.538352,-0.0267417,-0.538109,-0.524201,0.522938,0.035919,-0.0550652,-0.198065,-0.209594,0.0407373,0.027616,-0.145969,-1.72278e-05,2.10054,0.472768,-0.703675,0.284579,-0.00243325,0.000954957,
28,-0.383793,-0.0831013,0.00190742,-0.0184061,0.125171,-0.0181143,-0.0312648,0,0.375038,0.999866,0.00114649,-0.000181131,-0.0163348,-0.0501582,0.523463,-0.0888255,-0.522453,-0.0731208,-0.522915,-0.524461,0.523039,0.306181,0.0511081,-0.0805989,-0.176806,-0.0453333,-0.194821,-0.0598023,5.21476e-05,4.3104,0.081167,-1.15349,0.259197,-0.00146533,0.00166261,
29,-0.410476,-0.0861485,-0.00439557,-0.0183861,-0.199185,0.0289009,0.0369672,0,0.373012,0.999719,0.00185858,0.00110823,-0.0235897,-0.0510399,0.523441,0.141743,-0.523839,-0.133084,-0.522347,-0.524688,0.523134,0.219732,0.0814704,0.00283163,-0.137025,-0.141654,-0.177163,0.0255046,0.000109395,4.92791,-0.0916316,-1.2464,-0.0440705,-0.00252116,0.00116425,
30,-0.330902,-0.0815423,-0.0129911,-0.0184432,-0.445281,0.0695214,0.0960418,0,0.378842,0.999569,0.00147207,0.00464606,-0.0289459,-0.0496252,0.52346,0.341419,-0.522722,-0.185461,-0.523969,-0.524772,0.523125,0.341359,0.109634,0.0221887,0.0451635,0.250126,-0.205211,0.0182175,0.000513939,3.1285,-0.001621,-0.877052,-0.0295858,-0.00129599,0.0011667,
31,-0.169874,-0.124,-0.016751,-0.018494,-0.526452,0.0840791,0.11715,0,0.375132,0.999522,0.000499561,0.00224132,-0.0308392,-0.0501552,0.52346,0.413221,-0.523156,-0.211085,-0.525412,-0.524654,0.523159,0.0272142,0.0204786,-0.210287,-0.113629,-0.341681,0.0680516,-0.0420621,-0.000173182,-0.228817,-0.00440296,-0.15455,-0.028585,0.00183713,5.02178e-05,
32,0.017155,-0.14158,-0.010849,-0.0184982,-0.414502,0.0631269,0.0871395,0,0.373346,0.999645,0.000374147,0.000989221,-0.0266288,-0.0565179,0.523394,0.309928,-0.523153,-0.199669,-0.525532,-0.52429,0.523038,-0.162405,-0.0863282,-0.0106612,-0.0238632,-0.169631,0.182257,-0.196556,0.000136497,-3.90503,-3.47123e-05,0.62284,0.0135235,0.00346063,-0.000505489,
33,0.15497,-0.166166,-0.00124637,-0.0184499,-0.0666832,0.00962591,0.00913133,0,0.37548,0.999787,0.00249408,0.00391645,-0.0200876,-0.0701713,0.523412,0.047198,-0.523203,-0.155302,-0.52416,-0.52118,0.523002,-0.376734,-0.115273,0.00434882,-0.121698,-0.038866,0.342891,-0.327749,0.000844466,-6.61493,-0.00125639,1.17386,0.0285381,0.103914,-0.00011812,
34,0.157738,-0.115507,0.00565297,-0.0184237,0.385533,-0.058182,-0.0905574,0,0.373221,0.999879,0.00292367,0.00260617,-0.015057,-0.086738,0.523408,-0.285593,-0.523398,-0.0961109,-0.523416,-0.489735,0.522936,-0.645184,-0.124977,0.0351109,0.0489867,0.131887,0.0127303,-0.338621,-0.000432505,-6.6702,-0.00267756,1.19298,-0.00318902,1.12215,-0.000707347,
35,-0.0343483,-0.0679953,0.0157958,-0.0184373,0.643332,-0.109496,-0.16818,0,0.374915,0.999749,0.000975671,0.00220095,-0.0222931,-0.101054,0.523422,-0.539027,-0.532681,-0.0536855,-0.523802,-0.40891,0.523023,-0.854072,-0.140107,0.137708,0.178835,0.454239,-0.305991,-0.251798,0.000805464,-2.90139,-0.337463,0.502696,-0.0157873,2.10009,0.000913921,
36,-0.324742,0.0508674,0.0297642,-0.0184284,0.603279,-0.102427,-0.16354,0,0.38344,0.998966,0.00670773,-0.00155194,-0.0449385,-0.108524,0.523476,-0.503973,-0.566919,-0.0578978,-0.523548,-0.311995,0.523165,0.00104111,-0.183636,0.534849,0.121294,0.27482,-1.11304,-0.0679151,0.00015928,2.99391,-0.971386,-0.564873,0.0686207,1.78765,0.00213019,
37,-0.499489,0.0808579,0.024413,-0.0184187,0.318719,-0.0507743,-0.0949185,0,0.400871,0.99713,0.0128378,0.00315478,-0.0745461,-0.106205,0.523489,-0.249164,-0.632469,-0.114615,-0.523272,-0.283413,0.532413,0.487696,-0.0714102,0.310763,0.758477,-0.231553,-1.39639,0.162512,0.000843844,7.11849,-1.61072,-1.69811,-0.0087695,-0.581795,0.335131,
38,-0.559908,-0.0916364,-0.0187199,-0.0184246,-0.17072,0.0295889,0.0186082,0,0.447189,0.994457,0.034606,-0.0150801,-0.0981375,-0.0941674,0.523464,0.145119,-0.713259,-0.211526,-0.52344,-0.394271,0.557677,1.549,0.113478,1.10981,0.500733,0.0501626,-0.405205,0.312398,-0.00238551,8.75682,-1.70364,-2.15802,-0.00261926,-3.95425,0.759779,
39,-0.451439,-0.0808502,-0.0746184,-0.0184333,-0.527894,0.109978,0.136527,0,0.489841,0.993205,0.0487118,-0.0118205,-0.105033,-0.082582,0.523459,0.541418,-0.790461,-0.313556,-0.523688,-0.578797,0.577697,1.19229,0.0449686,0.576827,0.488125,0.416856,-0.581881,0.163883,0.00019517,5.9083,-1.39072,-1.91354,-0.0110075,0.410713,0.0503664,
40,-0.0447628,-0.239273,-0.0716472,-0.0184579,-0.508926,0.108272,0.134662,0,0.504469,0.993158,0.0560644,-0.00120327,-0.102437,-0.0889151,0.52347,0.532954,-0.838178,-0.383543,-0.524388,-0.538725,0.565512,1.00723,-0.148683,0.0287025,0.17266,0.451095,0.391769,-0.404222,0.000231115,-2.69847,-0.524746,-0.87972,-0.0141645,0.501069,-0.53556,
41,0.136452,-0.3013,-0.0351386,-0.0184829,-0.321035,0.0628608,0.0712225,0,0.492676,0.994271,0.061851,0.0095601,-0.0866455,-0.121945,0.523475,0.308618,-0.843898,-0.402474,-0.525097,-0.522602,0.507797,0.908677,-0.175368,-0.474616,0.0051206,0.454893,0.81102,-0.911567,-1.40271e-05,-6.24671,0.292635,0.11373,-0.0150238,0.147349,-0.361391,
42,0.235916,-0.235281,0.00534286,-0.0185251,0.062267,-0.0110717,-0.0359842,0,0.462598,0.996156,0.0406331,0.0204332,-0.0748656,-0.172203,0.523471,-0.0542874,-0.817407,-0.383561,-0.526296,-0.493037,0.516931,0.627776,-0.119213,-0.809527,-1.04976,0.49392,0.393652,-1.10939,0.000104492,-8.25628,0.759645,0.631824,-0.0275989,1.06415,0.19691,
43,0.172944,-0.23509,0.0396654,-0.0186059,0.495462,-0.0897722,-0.150913,0,0.431605,0.996423,0.0101481,0.0485839,-0.0684011,-0.224937,0.523363,-0.441347,-0.779491,-0.358636,-0.528593,-0.40334,0.521917,-0.557947,-0.138981,0.768847,-0.524964,1.70194,0.445075,-0.988301,-0.014113,-6.97451,0.875883,0.364657,-0.0803494,2.24953,0.0323118,
44,-0.24599,-0.0905805,0.0508361,-0.0187077,0.553317,-0.111847,-0.183722,0,0.46951,0.995643,0.0171375,0.0588298,-0.0702809,-0.263349,0.523349,-0.550698,-0.752923,-0.367255,-0.531485,-0.263805,0.522742,-0.330065,-0.0979204,0.540036,0.448898,0.0899029,-0.467142,-0.574319,0.00402472,1.323,0.186038,-0.706709,-0.0503131,3.35561,0.00583574,
45,-0.42433,-0.043899,0.0431117,-0.0187895,0.399338,-0.0784633,-0.13854,0,0.484344,0.994361,0.0270657,0.0571629,-0.0851218,-0.281921,0.52346,-0.385503,-0.764227,-0.434855,-0.533811,-0.145005,0.523116,-0.139914,-0.0853108,0.0888784,0.246058,-0.232398,-0.782153,-0.168833,0.000836134,5.25468,-0.628227,-1.98323,-0.0439397,1.40053,0.00263143,
46,-0.528529,-0.0817376,0.00749396,-0.0188562,0.0628042,-0.0115406,-0.0434061,0,0.478056,0.993367,0.0312868,0.0457665,-0.100742,-0.282694,0.52348,-0.0565868,-0.808864,-0.541807,-0.535707,-0.153075,0.523287,0.0773455,0.164388,-0.313426,0.243203,-0.713902,-0.601765,0.137509,0.000263247,7.88774,-1.15114,-0.599441,-0.0320524,-1.6844,0.00105985,
47,-0.530052,-0.165632,-0.0475142,-0.0189053,-0.377952,0.0691478,0.0754478,0,0.453674,0.993596,0.0311093,0.0213022,-0.106516,-0.275392,0.523481,0.339578,-0.86639,-0.531378,-0.537103,-0.330109,0.523179,0.241514,0.362512,-0.64207,0.732721,-0.741999,-0.137727,0.162177,0.000237334,7.92896,-1.13734,0.270818,-0.0272577,-5.38402,-0.00184175,
48,-0.166842,-0.288214,-0.0712016,-0.0189792,-0.535945,0.115389,0.146977,0,0.504508,0.99404,0.0524154,-0.00478294,-0.095468,-0.27795,0.52347,0.568292,-0.890264,-0.503986,-0.539202,-0.577433,0.522833,1.16906,1.02836,1.28537,0.249782,-1.01987,0.655104,-0.227562,-0.0025715,-0.289686,-0.107202,0.805357,-0.0513296,-0.18649,0.00519722,
49,0.0301686,-0.323509,-0.0474389,-0.0190688,-0.410427,0.0927389,0.11758,0,0.555511,0.994933,0.0535992,-0.0310323,-0.0791927,-0.301968,0.52346,0.456015,-0.874377,-0.438285,-0.541749,-0.540176,0.522732,1.05012,0.963571,0.755782,0.0707232,-1.0139,0.925702,-0.734129,0.000374111,-4.15919,0.736627,1.8097,-0.0493803,0.568719,-0.00148735,
50,0.170299,-0.353023,-0.0126649,-0.0191532,-0.162017,0.0363702,0.040201,0,0.579861,0.995583,0.0510332,-0.0573879,-0.0540037,-0.346577,0.523469,0.178404,-0.821351,-0.328962,-0.544147,-0.507028,0.522644,0.914183,0.92957,0.21418,-0.041372,-0.981677,1.21212,-1.04827,6.22674e-05,-6.92214,1.38015,2.55729,-0.0465478,0.755947,-0.000736127,
51,0.211357,-0.332315,0.00635686,-0.0192323,0.172031,-0.0384552,-0.0639751,0,0.576786,0.995178,0.0466331,-0.0823963,-0.025634,-0.400039,0.523471,-0.188641,-0.747137,-0.196827,-0.546396,-0.439157,0.522569,0.758993,0.928122,-0.340146,-0.0668828,-0.916499,1.16556,-1.08986,8.69152e-06,-7.75252,1.58703,2.72712,-0.0433805,1.94919,-0.000923437,
52,0.0782243,-0.125384,0.0131142,-0.0192378,0.470704,-0.108617,-0.165971,0,0.555913,0.99631,0.0367307,-0.0752991,-0.018659,-0.451128,0.523463,-0.534665,-0.676883,-0.0787155,-0.546553,-0.304298,0.52259,0.748587,1.1359,-0.616626,-0.369086,0.461736,-0.136696,-0.96234,0.000406873,-5.09851,1.23407,2.07051,0.00478077,3.41376,0.000497297,
53,-0.29276,0.0224595,0.0271972,-0.0191932,0.496876,-0.107692,-0.169768,0,0.516592,0.996936,0.0257768,-0.0626908,-0.0390388,-0.494596,0.523468,-0.530077,-0.636484,-0.00685297,-0.545283,-0.122951,0.52301,1.05412,1.1168,-0.941431,-0.911807,0.835631,-1.02821,-0.789735,-0.000110936,2.30504,0.389698,0.804845,0.0592699,3.83118,0.00422684,
54,-0.445932,0.032355,0.0283282,-0.019086,0.36244,-0.0666801,-0.116219,0,0.458144,0.996861,0.00557371,-0.0436304,-0.0658309,-0.526731,0.523475,-0.327423,-0.637159,0.0016204,-0.542239,0.0108502,0.527323,1.31487,1.16752,-1.40276,-0.887722,0.580188,-1.09235,-0.222206,0.000123032,5.77385,-0.409383,-0.453876,0.062524,1.54123,0.167568,
55,-0.525666,0.129985,-0.00106507,-0.018813,-0.00949127,0.00151043,-0.0262117,0,0.414529,0.993627,0.0271238,0.00155753,-0.109399,-0.523899,0.523484,0.00740572,-0.663817,-0.0318989,-0.53448,0.00542912,0.54059,2.24725,1.17373,-0.905945,0.8939,1.50504,-1.75706,0.170634,0.000360845,7.81046,-0.735719,-1.05991,0.16692,-1.71479,0.3588,
56,-0.494522,-0.0627508,-0.0646481,-0.0184712,-0.441708,0.0769642,0.0809616,0,0.423488,0.991315,0.018202,0.000866295,-0.130242,-0.517881,0.523544,0.378108,-0.685789,-0.0896152,-0.524765,-0.16262,0.56708,2.93008,2.08563,1.31268,-0.235162,-0.0527918,-0.552459,0.0898061,-0.000663845,6.98959,-0.0698828,-1.22604,0.215534,-5.00861,0.644705,
57,-0.15897,-0.2773,-0.0913962,-0.0183833,-0.549369,0.112478,0.134907,0,0.476521,0.992006,0.00864359,0.00156208,-0.125883,-0.524913,0.523491,0.553832,-0.674705,-0.136077,-0.522266,-0.49722,0.586701,2.83603,1.85836,0.792266,-0.571041,-0.0251638,0.879088,-0.13921,-0.000607122,-0.447402,0.502286,-0.638889,-0.0372822,-8.35068,0.147413,
58,0.0403488,-0.135148,-0.0706653,-0.0184587,-0.428708,0.0881367,0.0991457,0,0.502244,0.992185,-0.00638917,0.00919296,-0.124274,-0.52473,0.523474,0.433264,-0.62976,-0.141504,-0.524409,-0.555943,0.543087,2.36932,1.72198,0.247608,-0.601941,0.364951,-0.00780073,0.0274218,-2.19955e-05,-4.35789,1.29188,0.38883,-0.0441504,0.912088,-1.87573,
59,0.185896,-0.171657,-0.0225602,-0.01854,-0.149583,0.0291179,0.0121672,0,0.503409,0.992208,-0.0253682,0.0208298,-0.120191,-0.524014,0.523474,0.142807,-0.550259,-0.10489,-0.52672,-0.50426,0.514004,2.19556,1.68881,-0.202086,-0.93327,0.411519,0.341344,0.00342909,-3.47997e-06,-7.23604,1.88402,1.07092,-0.0478741,1.15362,0.228004,
60,0.221592,-0.157688,0.0348974,-0.0186249,0.255101,-0.0483519,-0.100967,0,0.483209,0.992075,-0.0415821,0.0391027,-0.111932,-0.523804,0.523474,-0.237258,-0.514744,-0.0502148,-0.529133,-0.414193,0.521408,2.05164,1.7633,-0.608333,-0.562091,0.834643,0.299091,0.00234064,2.50061e-05,-7.96178,-0.193155,1.1164,-0.048142,2.43899,0.0650186,
61,-0.0722074,-0.000809329,0.082131,-0.018672,0.572632,-0.114546,-0.197863,0,0.460059,0.99294,-0.0386708,0.0159292,-0.111003,-0.51868,0.523479,-0.564101,-0.532856,-0.0133975,-0.530471,-0.254393,0.522897,1.66874,1.73993,-0.600202,0.519869,-1.72291,-0.735636,0.237481,0.000316536,-2.16191,-0.531465,0.370778,-0.0146892,3.94425,0.00850422,
62,-0.342089,0.026487,0.0871352,-0.0186922,0.553577,-0.10248,-0.185529,0,0.429638,0.99107,-0.00430616,-0.0198574,-0.131786,-0.491693,0.523483,-0.504234,-0.579874,-0.0311998,-0.531045,-0.0749147,0.523462,1.96708,1.30427,-0.744168,2.07521,-0.995784,-0.975227,0.833736,-4.3326e-05,3.37414,-1.34087,-1.0689,-0.00852348,3.23834,0.0096001,
63,-0.493316,-0.0149962,0.0472145,-0.0184357,0.307897,-0.0500219,-0.11231,0,0.409815,0.989052,0.0172903,0.00614115,-0.146424,-0.435123,0.523455,-0.245466,-0.660886,-0.109851,-0.523757,0.0209464,0.529026,2.7002,0.95712,-0.154228,0.121587,2.0996,-0.823092,1.43261,0.000696048,6.95911,-1.89156,-2.09374,0.230711,0.603893,0.193639,
64,-0.557465,0.0611641,-0.0348367,-0.018393,-0.17948,0.029786,-0.00278287,0,0.427747,0.983031,0.02018,0.0176585,-0.181472,-0.35613,0.523524,0.146086,-0.756356,-0.231064,-0.522544,-0.0392399,0.529763,2.80484,1.36948,0.727474,1.02169,-0.495511,-1.44231,1.70646,-0.000171818,8.68721,-1.9227,-2.76764,-0.03179,-2.92666,-0.165389,
65,-0.443961,-0.235423,-0.139461,-0.0184513,-0.549671,0.108938,0.110869,0,0.461076,0.979057,0.0422843,0.00296318,-0.199124,-0.280432,0.523493,0.536257,-0.841526,-0.367566,-0.5242,-0.281728,0.530653,2.91075,1.55485,0.951752,0.590963,-0.0918675,0.361083,1.31395,-0.000537076,5.72584,-1.37871,-2.70187,-0.0461871,-6.68432,0.104504,
66,-0.0460017,-0.263648,-0.119721,-0.0185413,-0.513743,0.107601,0.115647,0,0.495562,0.983662,0.0504485,0.00328691,-0.172779,-0.242283,0.523472,0.529628,-0.888466,-0.480792,-0.526757,-0.586265,0.518655,2.43439,1.3443,0.422105,0.0265322,0.254858,0.487914,0.255444,-0.000255292,-2.67429,-0.51514,-1.79144,-0.0568707,-0.264845,0.0365063,
67,0.136791,-0.283469,-0.0643824,-0.0186422,-0.311531,0.0622749,0.0512244,0,0.504067,0.985719,0.0501979,0.0103316,-0.160409,-0.251486,0.523472,0.305734,-0.893832,-0.533098,-0.529625,-0.539944,0.521767,2.27685,1.38319,-0.077223,-0.109025,0.338106,0.617174,-0.621157,8.23001e-05,-6.25342,0.29565,0.0515325,-0.0569719,0.939963,0.038059,
68,0.233279,-0.298895,0.0105294,-0.0187429,0.0609421,-0.0114325,-0.0541876,0,0.488086,0.988322,0.0489429,0.0201919,-0.142888,-0.293608,0.523474,-0.0560568,-0.867692,-0.519456,-0.532486,-0.4693,0.522624,2.12427,1.43175,-0.558451,-0.1285,0.504019,0.76107,-1.06064,3.64155e-07,-8.20193,0.747709,0.45397,-0.0575606,1.87821,0.0053893,
69,0.191377,-0.0890756,0.0839134,-0.0188621,0.47537,-0.0904021,-0.170988,0,0.456752,0.988747,0.0190729,0.0359501,-0.143954,-0.342064,0.523469,-0.444461,-0.832212,-0.505934,-0.535875,-0.338993,0.522678,1.8531,1.56032,-0.77762,-1.72792,0.496518,-0.587054,-0.891947,0.000163408,-7.34675,0.667074,0.0822043,-0.0723147,3.36333,0.000323978,
70,-0.251161,0.0404965,0.1143,-0.0190075,0.564272,-0.112812,-0.206883,0,0.461793,0.986423,0.012675,0.0457589,-0.157207,-0.367432,0.523431,-0.555492,-0.812667,-0.529502,-0.540006,-0.148925,0.523052,0.69003,1.26164,0.487118,-0.167338,-0.774535,-1.38837,-0.107036,0.000727312,1.42983,0.0604533,-0.33821,-0.0774181,4.29172,0.00564239,
71,-0.432048,0.082286,0.0985031,-0.0191363,0.403052,-0.0779343,-0.166033,0,0.476082,0.980107,0.0109569,0.0269071,-0.19633,-0.351674,0.523471,-0.382893,-0.830728,-0.527113,-0.543667,0.0151962,0.530636,0.938972,1.0848,0.152233,0.667884,-0.609918,-1.68119,0.72934,0.000459493,5.43877,-0.783405,0.0955833,-0.0704863,2.2874,0.293004,
72,-0.535157,0.0892618,0.0138448,-0.0192518,0.0497603,-0.00903765,-0.0751936,0,0.472735,0.970877,0.02938,0.00679962,-0.237675,-0.298374,0.523481,-0.0443134,-0.882942,-0.524562,-0.546949,0.0484148,0.559893,1.20053,1.10236,-0.217799,1.66193,-0.557088,-1.79863,1.40033,0.000284508,8.06782,-1.29426,0.0194739,-0.0608878,-0.930974,0.866201,
73,-0.526523,-0.0555865,-0.125679,-0.0193557,-0.361311,0.0719928,0.0368237,0,0.496467,0.959728,0.0621406,-0.0343945,-0.271806,-0.228305,0.523525,0.353597,-0.934788,-0.524017,-0.549904,-0.0897316,0.604383,1.70525,1.27241,1.39965,1.92852,-1.6025,-0.944507,1.39805,-0.000422466,7.83327,-0.676565,0.00272288,-0.0666616,-4.55512,0.841251,
74,-0.158754,-0.304303,-0.19867,-0.0194476,-0.486005,0.113543,0.0984938,0,0.55961,0.954367,0.087591,-0.080445,-0.273934,-0.183986,0.523472,0.55912,-0.953416,-0.518813,-0.552514,-0.407265,0.634054,1.57735,1.19147,1.18652,0.373742,-0.546284,0.679861,0.387974,-0.00163985,-0.451582,-0.102149,0.178998,0.0370502,-8.10276,0.353707,
75,0.0181997,-0.180706,-0.158113,-0.0193683,-0.375726,0.0913258,0.0662152,0,0.603837,0.954621,0.0918181,-0.0854599,-0.270121,-0.200249,0.523456,0.449027,-0.937892,-0.491863,-0.550262,-0.561319,0.595339,1.14045,1.27749,0.574441,0.234501,0.0684659,-0.137967,-1.03482,0.000271737,-3.92581,0.719457,0.89294,0.0403507,0.814762,-1.88079,
76,0.146926,-0.233325,-0.0663921,-0.0193001,-0.160652,0.038528,-0.0121435,0,0.619609,0.95492,0.0966655,-0.0846723,-0.267609,-0.279685,0.523466,0.188999,-0.885919,-0.436634,-0.548324,-0.517589,0.503709,1.02586,1.33183,0.0846598,-0.101999,0.0348991,0.285197,-2.13199,6.59778e-05,-6.45492,1.35814,1.31176,0.036239,0.915704,-0.0768534,
77,0.189086,-0.23138,0.0529206,-0.0192403,0.133932,-0.0316173,-0.114299,0,0.611447,0.957624,0.0929705,-0.0824498,-0.259835,-0.395837,0.523469,-0.155073,-0.812263,-0.374843,-0.546622,-0.446292,0.517074,0.920416,1.41275,-0.415338,-0.132436,0.159591,0.374479,-2.51149,2.60835e-05,-7.30042,1.58616,1.16181,0.0321296,1.92791,0.205819,
78,0.122787,-0.182119,0.161203,-0.0191855,0.419303,-0.0989248,-0.210989,0,0.578579,0.959639,0.0918315,-0.0777073,-0.254207,-0.50863,0.523471,-0.486626,-0.740326,-0.338545,-0.545064,-0.3178,0.522074,0.912271,1.40339,-0.873379,-0.187529,0.367004,0.146023,-2.00519,-0.000219227,-5.97588,1.29419,0.305985,0.0372961,3.19942,0.0345574,
79,-0.260701,-0.0466507,0.185683,-0.019055,0.501271,-0.111661,-0.23068,0,0.530096,0.961359,0.0758297,-0.0497421,-0.259932,-0.530723,0.523469,-0.549774,-0.694851,-0.358579,-0.541357,-0.139046,0.522899,1.17815,1.03852,-1.18033,-1.08537,0.881232,-0.668107,0.558171,0.000212048,1.62848,0.524519,-1.14162,0.0804754,3.94496,0.00410596,
80,-0.420466,-0.0250196,0.137342,-0.0189098,0.4124,-0.0771975,-0.185362,0,0.459506,0.958964,0.0549253,-0.0228303,-0.27722,-0.469722,0.523476,-0.379259,-0.689652,-0.455951,-0.537231,0.00624516,0.523255,1.37474,0.915986,-1.6458,-1.1244,0.659104,-0.799096,1.87072,3.70814e-05,5.16293,-0.309369,-2.73908,0.085045,1.8839,0.00348631,
81,-0.511687,0.139313,0.0232334,-0.0186831,0.0771435,-0.0118478,-0.0965596,0,0.399288,0.952308,0.0217966,-0.00697813,-0.304278,-0.353167,0.523607,-0.0580932,-0.715017,-0.544506,-0.530788,0.0243271,0.523205,2.57813,0.531894,0.290515,0.259866,-0.172488,-1.88886,2.79604,0.0107316,7.43698,-0.578112,0.282161,0.230691,-1.01143,-0.00704419,
82,-0.513716,-0.00373302,-0.139944,-0.0183686,-0.364373,0.0641013,0.00714204,0,0.437807,0.939013,0.0397468,-0.0273705,-0.340478,-0.213346,0.523443,0.314724,-0.735636,-0.528653,-0.521849,-0.11401,0.538457,3.05055,0.611021,1.16949,1.00838,-0.608804,-0.998893,2.79217,0.0001825,7.49175,-0.241015,0.176348,0.00403324,-4.50206,0.626863,
83,-0.19016,-0.302205,-0.249167,-0.0184165,-0.546559,0.114212,0.0813496,0,0.487098,0.936212,0.0481097,-0.0519222,-0.344235,-0.103547,0.523467,0.562444,-0.735006,-0.520132,-0.52321,-0.426649,0.56746,3.00286,0.49763,0.783985,0.130231,-1.07264,0.968758,1.60465,0.000189893,0.179665,0.257827,0.152152,-0.030478,-7.98076,0.536115,
84,0.0123607,-0.191284,-0.202797,-0.0184255,-0.450958,0.0954279,0.055979,0,0.513148,0.940047,0.0410956,-0.0593332,-0.333321,-0.0697794,0.523461,0.469317,-0.702032,-0.497779,-0.523466,-0.568874,0.538056,2.4908,0.667224,0.235832,-0.207964,0.0782328,0.25986,-0.246112,0.000291406,-3.81204,1.05896,0.735814,-0.00224325,1.06309,-1.69151,
85,0.168498,-0.268721,-0.084613,-0.0184323,-0.205387,0.0410161,-0.0222237,0,0.513092,0.945081,0.0309064,-0.0552985,-0.320638,-0.118899,0.523472,0.201218,-0.632679,-0.452264,-0.523658,-0.514568,0.51322,2.34613,0.735111,-0.245134,-0.547389,0.0613004,0.87836,-1.70811,0.000122451,-6.88602,1.71049,1.08252,-0.00526565,1.09865,0.254969,
86,0.225013,-0.273868,0.0673594,-0.0184439,0.185018,-0.0350613,-0.12925,0,0.488152,0.953048,0.0182375,-0.048267,-0.298391,-0.217762,0.523475,-0.171979,-0.541436,-0.403513,-0.523988,-0.430466,0.521089,2.21233,0.833685,-0.750181,-0.50747,0.233974,1.04066,-2.24193,2.67698e-05,-8.03194,1.93799,0.869772,-0.00783777,2.25608,0.0667677,
87,0.0877503,-0.168102,0.192465,-0.0184293,0.563312,-0.107701,-0.22988,0,0.441676,0.959578,0.0108007,-0.0297242,-0.27966,-0.314687,0.523467,-0.530123,-0.514779,-0.384005,-0.523576,-0.279214,0.522565,2.19879,0.833154,-1.06777,-0.653912,1.30047,0.367312,-1.63316,-6.6876e-05,-5.28544,-0.247238,-0.0781864,0.0452762,3.78762,0.00913442,
88,-0.309743,0.0585039,0.197648,-0.0184225,0.628271,-0.106599,-0.230949,0,0.377413,0.956905,0.00282029,0.00124904,-0.290385,-0.358119,0.523479,-0.524656,-0.546465,-0.428332,-0.523381,-0.0777211,0.522942,2.25872,0.506375,-1.15655,-0.785578,1.14517,-1.13348,-0.116754,0.000204547,2.66891,-0.965278,-1.68997,-0.0167386,4.18205,-0.00168242,
89,-0.499539,0.327214,0.124192,-0.0184572,0.35949,-0.0564434,-0.17177,0,0.391141,0.939305,0.0125982,-0.00747174,-0.342769,-0.319447,0.523457,-0.27704,-0.607483,-0.542702,-0.524367,0.0543424,0.527883,1.36805,-0.02455,0.374788,1.46881,-0.503723,-3.0123,1.52084,0.000929869,7.11999,-1.55609,-1.07297,-0.0124779,1.40847,0.280558,
90,-0.572928,0.0962947,-0.0671511,-0.0184152,-0.158515,0.0264933,-0.0628568,0,0.4318,0.918522,0.0243135,-0.0264243,-0.393737,-0.223828,0.523525,0.129929,-0.689154,-0.533765,-0.523172,0.0373139,0.596188,2.20149,-0.249512,1.26497,0.374825,-0.868033,-1.57448,2.3017,-6.75281e-05,9.12995,-1.69435,0.322431,-0.0013575,-2.05967,2.41659,
91,-0.46194,-0.110713,-0.290092,-0.0184325,-0.519178,0.110375,0.0564496,0,0.501888,0.906376,0.0307103,-0.0522712,-0.418099,-0.124628,0.523503,0.54339,-0.761342,-0.525337,-0.523665,-0.165262,0.726605,2.39705,-0.217282,1.46886,0.45747,-0.998651,-0.34906,1.66922,-0.000762273,6.16656,-1.21694,0.0621738,-0.0132413,-6.02442,2.80942,
92,-0.0443226,-0.339166,-0.275165,-0.0184568,-0.467063,0.108772,0.0584047,0,0.561846,0.912457,0.0214179,-0.0771519,-0.401263,-0.0970354,0.523478,0.535435,-0.800427,-0.514138,-0.524355,-0.544468,0.843116,2.14001,-0.306732,0.935185,-0.088029,-1.03327,1.14075,-0.528668,-0.000282862,-2.70712,-0.354764,0.409731,-0.0145013,-7.40857,1.8553,
93,0.120793,-0.287236,-0.16137,-0.0184958,-0.278765,0.0649725,-0.00396649,0,0.5919,0.916916,0.01123,-0.0919667,-0.388177,-0.172023,0.523471,0.319014,-0.798056,-0.48276,-0.525465,-0.559709,0.871422,1.78705,-0.0527564,0.305003,-0.00389499,-0.528544,0.776491,-2.4752,0.000117211,-5.93643,0.447174,0.821302,-0.023435,1.20047,-0.703045,
94,0.207077,-0.329314,0.0102951,-0.0185367,0.0191681,-0.00436354,-0.101422,0,0.592926,0.924871,0.00704716,-0.102821,-0.366049,-0.322361,0.523474,-0.0213948,-0.764227,-0.443568,-0.526627,-0.479337,0.784366,1.7061,0.0638592,-0.265968,0.193158,-0.31486,1.1203,-3.52931,-4.53667e-06,-7.66534,0.902998,0.747697,-0.0230438,2.00719,-2.76262,
95,0.182097,-0.273002,0.175137,-0.0185138,0.350388,-0.0797668,-0.205648,0,0.569105,0.934426,0.00854237,-0.0938869,-0.343453,-0.492544,0.52346,-0.391935,-0.720872,-0.425183,-0.525976,-0.343551,0.589116,1.60161,0.129931,-0.676628,-0.109771,1.10045,0.785228,-3.27899,0.000112894,-7.15932,0.833129,-0.00559832,0.0457997,3.41034,-5.03024,
96,-0.221564,-0.00950937,0.253643,-0.018433,0.517771,-0.115545,-0.257413,0,0.52737,0.935258,0.00375519,-0.0716802,-0.346613,-0.536077,0.523481,-0.569069,-0.694182,-0.461695,-0.523679,-0.143328,0.494551,1.73574,-0.211838,-1.00111,-0.812668,0.423472,-0.9044,0.584714,0.000198741,0.818612,0.234167,-1.44402,0.0478333,4.58895,0.658979,
97,-0.389989,0.0570456,0.207915,-0.0184213,0.454729,-0.0886066,-0.224522,0,0.471661,0.928451,-0.0131792,-0.0451703,-0.368464,-0.461488,0.523476,-0.435586,-0.703743,-0.543391,-0.523346,0.0404809,0.525814,1.86068,-0.727409,-0.955396,0.246476,1.39984,-1.34279,2.39842,0.000932273,4.45231,-0.615036,-0.0535244,-0.00627484,2.79012,0.559157,
98,-0.511978,0.142555,0.073914,-0.0184283,0.171026,-0.0281068,-0.147205,0,0.424002,0.911597,0.0367234,-0.0257631,-0.408629,-0.306325,0.523498,-0.137846,-0.749485,-0.529967,-0.523546,0.106535,0.562846,2.13315,-0.538298,-0.594946,0.652597,0.058036,-1.95788,3.77994,0.00413755,7.44542,-1.14628,0.202571,-0.00167877,-0.100509,0.881639,
99,-0.535379,-0.00568548,-0.142925,-0.0184281,-0.276722,0.0503383,-0.0401571,0,0.461894,0.894625,0.0412711,-0.0393805,-0.443161,-0.109827,0.523548,0.247021,-0.794607,-0.524774,-0.523539,0.0158147,0.617042,2.82398,-0.319695,1.27198,0.638831,-1.04513,-1.06842,4.0842,-0.00117984,8.07344,-0.762657,0.0318928,-0.0019069,-3.57897,1.37183,
100,-0.251974,-0.292047,-0.321006,-0.0184356,-0.519815,0.113978,0.0533425,0,0.517627,0.888661,0.0477351,-0.0679091,-0.450989,0.0624022,0.523491,0.561281,-0.820852,-0.523947,-0.523752,-0.256017,0.681917,2.7819,-0.330305,0.98166,0.293919,-1.0377,0.778311,2.80871,-0.000806547,1.44633,-0.289365,0.0035027,-0.00588089,-7.26175,1.2103,
101,-0.0198924,-0.267812,-0.272588,-0.0184382,-0.44491,0.101328,0.0405968,0,0.553709,0.898921,0.0375367,-0.0919014,-0.426716,0.140856,0.523467,0.49853,-0.814172,-0.514819,-0.523829,-0.566812,0.686892,2.39016,-0.133236,0.452444,-0.212651,0.0189151,0.619788,0.367062,-0.000969941,-3.18358,0.53755,0.375373,0.0334242,-0.652806,-0.985789,
102,0.136391,-0.332391,-0.140025,-0.0184232,-0.24303,0.0534338,-0.026616,0,0.561802,0.907771,0.0341514,-0.0872825,-0.408861,0.109045,0.523469,0.262239,-0.769449,-0.489387,-0.523402,-0.536818,0.589644,2.24808,0.00238311,-0.120534,-0.0646672,0.28506,1.13509,-1.62745,0.000239906,-6.24546,1.24722,0.635465,-0.00489486,0.721972,-2.88913,
103,0.208761,-0.349537,0.0433412,-0.0184344,0.0844796,-0.0176792,-0.124756,0,0.543891,0.920871,0.0294722,-0.0794812,-0.38054,0.00409051,0.523473,-0.0866914,-0.6985,-0.463374,-0.523718,-0.477024,0.501882,2.10384,0.101182,-0.572844,-0.482629,0.245807,1.35754,-2.56233,3.66791e-05,-7.69963,1.59067,0.406571,-0.00813532,1.66296,0.342667,
104,0.160024,-0.284281,0.204734,-0.0184256,0.438595,-0.0908854,-0.224082,0,0.504587,0.933171,0.0193828,-0.0619777,-0.353519,-0.112923,0.523467,-0.44685,-0.623861,-0.465893,-0.523468,-0.357744,0.518019,2.01961,0.134933,-0.960751,-0.742994,1.20402,0.998131,-2.12137,-0.000137262,-6.7163,1.39524,-0.500797,0.0263392,3.0997,0.169583,
105,-0.242982,-0.0715612,0.24701,-0.0184244,0.576587,-0.112125,-0.252804,0,0.44621,0.937075,0.0112105,-0.0314149,-0.347531,-0.178066,0.523478,-0.552079,-0.572232,-0.529862,-0.523434,-0.176806,0.522085,2.23536,-0.107117,-1.38697,-0.74314,0.911982,-0.338111,-0.502028,0.000110235,1.25977,0.672928,-1.63468,-0.00476757,4.12816,0.027638,
106,-0.427103,0.0996731,0.183637,-0.018428,0.504092,-0.078522,-0.209535,0,0.369453,0.930498,0.00418781,0.00507642,-0.366239,-0.157213,0.523476,-0.385793,-0.559932,-0.532607,-0.523538,-0.0187171,0.523099,2.24191,-0.430611,-1.18055,0.311349,1.44756,-1.4166,1.33493,0.000742114,5.32058,-0.145749,0.256853,-0.00216322,2.18089,0.00571485,
107,-0.551046,0.13067,0.0222228,-0.0184268,0.055731,-0.00844037,-0.118355,0,0.394109,0.912624,0.0131505,-0.00627816,-0.408541,-0.0579006,0.523479,-0.0413847,-0.57629,-0.525462,-0.523504,0.00721278,0.537614,1.74263,-0.403481,0.802699,0.318893,-0.777666,-1.63982,2.60319,0.000250792,8.50699,-0.566722,0.05208,-0.00161554,-1.0365,0.623117,
108,-0.55005,-0.00750927,-0.21611,-0.0184281,-0.444622,0.078022,0.00322535,0,0.426075,0.899716,0.00878371,-0.0240368,-0.435725,0.0723876,0.523472,0.383326,-0.604983,-0.524185,-0.523541,-0.14308,0.591462,1.88655,-0.360049,0.483461,-0.234376,-0.299487,-0.793156,2.60978,-0.000263575,8.47919,-0.585161,0.00727799,-2.67545e-05,-4.95237,1.52831,
109,-0.13169,-0.387378,-0.310936,-0.0184336,-0.586408,0.115611,0.0613474,0,0.450046,0.902537,0.00365495,-0.0290471,-0.429616,0.159072,0.523476,0.569396,-0.616302,-0.523621,-0.523697,-0.48243,0.662304,1.94778,-0.43391,0.425584,-0.284189,-0.00628774,1.75128,0.858917,-0.000161323,-0.990337,0.138958,-0.00083171,-0.0116147,-8.60439,1.31363,
110,0.080733,-0.327813,-0.216349,-0.0184693,-0.449697,0.0845476,0.0216911,0,0.455826,0.915301,0.00148439,-0.0169468,-0.40241,0.145177,0.523471,0.415535,-0.588546,-0.511828,-0.524711,-0.552574,0.655287,1.46317,-0.175259,-0.174881,-0.157294,0.613279,1.3538,-1.41378,0.000140069,-5.14775,0.965537,0.449694,-0.0223853,0.789337,-1.57066,
111,0.230507,-0.394443,-0.0395278,-0.0185085,-0.100882,0.016844,-0.0695495,0,0.433496,0.931281,0.00709093,0.000646615,-0.364232,0.0364697,0.523474,0.082595,-0.525915,-0.486349,-0.525825,-0.499773,0.518424,1.29365,-0.0597471,-0.700103,-0.0338277,0.851056,1.93016,-2.92145,-3.04724e-05,-8.14484,1.53756,0.568698,-0.0224558,1.31797,-3.14479,
112,0.246881,-0.351736,0.139427,-0.0185499,0.422608,-0.0678312,-0.182673,0,0.392505,0.946984,0.0102619,0.0199423,-0.320497,-0.113137,0.523474,-0.333092,-0.516898,-0.471099,-0.527001,-0.393534,0.508395,0.740232,0.123379,-0.586743,0.163518,-0.623708,1.62601,-3.00586,-0.0025406,-8.48318,-0.195831,0.0506664,-0.0113844,2.84919,0.424006,
113,-0.202439,-0.126552,0.221608,-0.0185067,0.661416,-0.114787,-0.245764,0,0.377622,0.952883,-0.00495116,-0.00629297,-0.303233,-0.228377,0.523432,-0.565299,-0.537328,-0.498068,-0.525773,-0.215356,0.520201,0.89603,-0.27988,0.000888201,0.0683529,0.690624,0.0648958,-1.70461,0.000636646,0.428755,-0.566693,-1.01237,0.118899,4.38508,0.0931238,
114,-0.417753,0.193941,0.179799,-0.0183907,0.525663,-0.086894,-0.21098,0,0.388478,0.946132,0.00567695,0.000250146,-0.323731,-0.267413,0.52344,-0.427124,-0.582828,-0.533167,-0.522477,-0.041737,0.522693,0.976638,-0.301079,0.349018,0.447663,-0.378929,-2.06374,0.133023,0.000942028,5.09905,-1.26094,0.147595,-0.0228578,2.56522,0.0195309,
115,-0.547389,0.138104,0.0430088,-0.018421,0.112065,-0.0178001,-0.123527,0,0.412061,0.926602,0.021391,-0.0169354,-0.375053,-0.22823,0.523491,-0.0872844,-0.657433,-0.526131,-0.523338,0.00982493,0.557387,1.71763,-0.521109,0.935115,0.635701,-0.526581,-1.80094,1.4101,0.000487066,8.40486,-1.6839,0.0742904,-0.00672348,-0.431119,1.32003,
116,-0.554594,-0.0259558,-0.179696,-0.018431,-0.369753,0.0692635,-0.00224535,0,0.465593,0.91194,0.0345855,-0.0459706,-0.40627,-0.152511,0.523517,0.340148,-0.738082,-0.524287,-0.523622,-0.10742,0.642419,2.32406,-0.440129,1.80369,1.09238,-1.18787,-0.860448,1.61329,0.000232338,8.6063,-1.37968,0.0124019,-0.00537259,-4.15022,1.91162,
117,-0.152648,-0.330547,-0.291797,-0.0184414,-0.502251,0.114898,0.0669099,0,0.544303,0.910119,0.041339,-0.0821692,-0.404008,-0.107588,0.523485,0.56585,-0.792196,-0.523799,-0.523919,-0.411518,0.7305,2.12712,-0.552135,1.32305,0.525244,-1.24291,1.09024,0.196184,-0.000470785,-0.573605,-0.795329,0.00489669,-0.00629119,-7.98757,1.61711,
118,0.030059,-0.266735,-0.223307,-0.0184618,-0.379425,0.0908997,0.0353446,0,0.594511,0.914718,0.0392984,-0.110868,-0.386594,-0.150399,0.523471,0.446921,-0.810147,-0.511031,-0.524497,-0.561886,0.748577,1.73751,-0.338826,0.68557,0.452521,-0.837594,0.617983,-1.89797,2.06692e-05,-4.15712,0.0702842,0.497705,-0.0152634,0.839874,-0.870228,
119,0.159338,-0.326527,-0.0842337,-0.0184248,-0.149453,0.0356537,-0.0423439,0,0.617035,0.921434,0.0416971,-0.119779,-0.367251,-0.28383,0.523467,0.174887,-0.790355,-0.480999,-0.523447,-0.51471,0.657207,1.64197,-0.212673,0.184132,0.323221,0.0159248,1.06405,-3.42762,0.000161637,-6.70258,0.721439,0.706537,0.0258968,1.02642,-2.77001,
120,0.196915,-0.309576,0.0803786,-0.0184239,0.153886,-0.0365552,-0.142508,0,0.614146,0.931569,0.0478363,-0.114529,-0.341721,-0.466359,0.523466,-0.179313,-0.748525,-0.454287,-0.52342,-0.435687,0.488957,1.51973,-0.124969,-0.242398,-0.188552,0.580101,1.00186,-3.86611,0.000122455,-7.45885,0.956623,0.362965,-0.0067647,2.12553,-0.933073,
121,0.122387,-0.162282,0.219345,-0.0184382,0.432233,-0.104589,-0.237711,0,0.591051,0.937949,0.0415786,-0.0996423,-0.329535,-0.552344,0.523475,-0.514687,-0.707984,-0.461857,-0.523828,-0.295645,0.50917,1.43154,-0.297728,-0.702142,-0.435144,0.528914,0.0605249,0.612531,0.000127907,-5.96798,0.664873,-0.656164,-0.00905332,3.4661,0.45927,
122,-0.275297,0.00435665,0.240482,-0.018441,0.479807,-0.109169,-0.248539,0,0.546193,0.933067,0.0370288,-0.086431,-0.347196,-0.481533,0.52348,-0.537405,-0.694625,-0.529589,-0.523907,-0.103567,0.52099,1.64647,-0.569862,-1.0337,-0.816585,0.806756,-0.9935,2.19337,-0.000645543,1.93483,-0.122795,-1.0671,0.0223984,4.20254,0.0865354,
123,-0.426555,0.0631047,0.174607,-0.0184228,0.370668,-0.0723952,-0.203516,0,0.485391,0.923971,0.0258362,-0.0563905,-0.377399,-0.330649,0.523476,-0.355581,-0.720633,-0.530204,-0.523391,0.0519838,0.525955,1.86307,-0.649216,-1.41238,-1.03238,0.943906,-1.40508,3.82592,-0.000165079,5.30752,-0.910001,0.184764,-0.0037597,2.03388,0.112968,
124,-0.511945,0.16854,0.0182798,-0.0184269,0.0421758,-0.00679264,-0.118244,0,0.419291,0.90763,0.0369499,-0.0221923,-0.417553,-0.111984,0.523571,-0.0333053,-0.775832,-0.525122,-0.523506,0.0746942,0.54155,2.50501,-0.728392,-0.264046,1.02164,1.31781,-2.16446,4.90131,0.00710611,7.44405,-1.10001,0.0415649,0.00135699,-1.03379,0.358456,
125,-0.504526,-0.105496,-0.192558,-0.0184308,-0.368367,0.0679524,-0.0141605,0,0.45865,0.893918,0.0463926,-0.034231,-0.444508,0.128493,0.523409,0.33369,-0.81324,-0.524156,-0.523615,-0.0626557,0.574041,3.06821,-0.301812,1.32784,0.295405,-0.718077,-0.454895,4.7326,-0.000898624,7.25023,-0.505015,0.00450577,-0.011887,-4.47256,1.03124,
126,-0.179589,-0.365587,-0.316353,-0.0184484,-0.52877,0.115576,0.0591776,0,0.513931,0.896396,0.0424012,-0.0550243,-0.437778,0.323427,0.523449,0.56922,-0.825059,-0.523832,-0.524118,-0.372931,0.604548,2.98968,-0.356344,0.858818,0.0856782,-0.82912,1.29903,3.07438,0.000667014,-0.0334707,0.0241719,0.00330105,-0.00931496,-7.9206,0.199478,
127,0.0164487,-0.286861,-0.249146,-0.0184721,-0.429827,0.0953056,0.035093,0,0.541714,0.907212,0.0357944,-0.0713162,-0.413037,0.416198,0.523464,0.468712,-0.802913,-0.512761,-0.52479,-0.575872,0.546987,2.53519,-0.119621,0.231896,0.10734,-0.356712,0.767134,0.658954,0.000234851,-3.89173,0.853725,0.441594,-0.019156,0.937184,-2.47598,
128,0.164943,-0.357362,-0.102378,-0.0185073,-0.194078,0.0408578,-0.0404667,0,0.541736,0.916977,0.0261963,-0.0802812,-0.389899,0.402836,0.523471,0.20044,-0.743632,-0.485365,-0.525791,-0.521005,0.509192,2.37489,-0.0322296,-0.244212,-0.317658,-0.436657,1.35186,-1.18019,0.000126869,-6.81478,1.51254,0.652483,-0.0207894,1.13294,0.345731,
129,0.218056,-0.345395,0.0790793,-0.018469,0.169715,-0.0341389,-0.14363,0,0.519119,0.930707,0.0139789,-0.0632339,-0.359988,0.326377,0.523466,-0.16745,-0.662459,-0.461055,-0.524702,-0.43541,0.520114,2.20497,0.091538,-0.678371,-0.723934,0.964238,1.37759,-1.87174,0.000214378,-7.88933,1.73882,0.324892,0.0366922,2.27597,0.0941577,
130,0.137893,-0.273619,0.224254,-0.01842,0.525616,-0.105908,-0.240422,0,0.474122,0.942321,0.00518892,-0.034051,-0.332934,0.2496,0.523475,-0.52123,-0.58348,-0.470848,-0.52331,-0.28463,0.522246,2.17984,0.0666332,-1.11853,-0.661754,1.02093,0.980494,-1.20397,0.000101497,-6.27534,1.42229,-0.708649,0.00115879,3.74308,0.0135421,
131,-0.297952,-0.016198,0.230016,-0.0184267,0.603847,-0.108993,-0.244588,0,0.407691,0.943191,-0.00419613,-0.0107006,-0.332053,0.233253,0.52348,-0.536532,-0.533387,-0.535461,-0.523501,-0.0761022,0.522682,2.4628,-0.145491,-1.55394,-0.653911,0.643525,-0.638167,0.522636,2.54182e-05,2.41579,0.585615,-0.477051,-0.00358307,4.58863,0.00363578,
132,-0.474137,0.162465,0.146612,-0.0184119,0.416786,-0.0637227,-0.186421,0,0.374535,0.933312,0.00260572,0.000224258,-0.359058,0.30776,0.523347,-0.312861,-0.522743,-0.529392,-0.523079,0.0862242,0.523176,1.5077,-0.569039,0.516588,0.0626816,-0.338402,-1.77274,2.49438,-0.000624515,6.47195,-0.142141,0.172797,-0.0014892,1.85933,0.00744468,
133,-0.573589,0.112225,-0.0409513,-0.0184239,-0.106079,0.0159791,-0.0795185,0,0.390943,0.917456,-0.000684241,-0.00590888,-0.397794,0.455884,0.523433,0.0783531,-0.54109,-0.524934,-0.523422,0.0908897,0.55329,1.78159,-0.57749,0.165959,-0.329588,0.0648935,-1.47142,3.41928,0.00131921,9.14977,-0.587962,0.0327842,-0.00462375,-1.64563,1.18665,
134,-0.518631,-0.122086,-0.266902,-0.0184307,-0.561847,0.101135,0.0425274,0,0.415953,0.908125,0.00280379,-0.0209762,-0.418164,0.547953,0.523579,0.497571,-0.560136,-0.524058,-0.523613,-0.088349,0.62518,2.67508,-0.318175,0.990936,0.660417,-1.31313,0.00424333,-0.402624,-0.00520411,7.62137,-0.149593,0.00425118,-0.001831,-5.47098,1.64437,
135,-0.067153,-0.407904,-0.268606,-0.0184164,-0.555694,0.109152,0.0619411,0,0.455596,0.920398,-0.00165827,-0.0299716,-0.389828,0.477949,0.523476,0.53732,-0.549388,-0.518473,-0.523209,-0.450358,0.682694,2.40816,-0.41707,0.543337,-0.0990697,-0.312536,1.9999,-2.36088,-0.000168734,-2.26085,0.5823,0.238219,-0.0101403,-8.97817,0.664365,
136,0.130718,-0.313967,-0.15188,-0.0184485,-0.355727,0.0665749,0.0067642,0,0.466896,0.934032,-0.00362587,-0.0267291,-0.356169,0.314419,0.52347,0.326904,-0.515486,-0.49491,-0.52412,-0.570502,0.64016,1.84301,-0.196426,-0.0669487,0.0826203,0.493889,1.35688,-4.1765,0.00010774,-6.13293,0.0287105,0.689484,-0.0236231,1.21789,-2.34103,
137,0.243087,-0.354609,0.0155784,-0.0184903,0.0435671,-0.00754431,-0.0943505,0,0.450802,0.947179,0.0049807,-0.0135604,-0.32038,0.0827513,0.523472,-0.036991,-0.521007,-0.460217,-0.525308,-0.487612,0.492429,1.6793,-0.102471,-0.516188,-0.0659964,0.569095,1.64124,-5.07952,-9.24766e-05,-8.40452,-0.0843003,0.697045,-0.0243856,2.09092,-0.830195,
138,0.207872,-0.305644,0.163332,-0.0185329,0.509777,-0.0892982,-0.204936,0,0.414693,0.958348,0.00432468,0.000109092,-0.285571,-0.162013,0.523473,-0.439004,-0.526036,-0.442995,-0.526519,-0.341322,0.510491,1.64042,-0.0815783,-0.951432,-0.16744,0.538955,1.28345,-4.71456,5.75319e-05,-7.68152,-0.118676,-0.00188768,-0.0237514,3.74706,0.40975,
139,-0.25002,-0.114798,0.199045,-0.0185359,0.66213,-0.113267,-0.236715,0,0.371985,0.961401,-0.0011073,-0.00246675,-0.275139,-0.357183,0.523399,-0.55775,-0.54716,-0.478342,-0.526604,-0.124204,0.520815,1.56171,-0.300478,-0.152912,-0.0121475,0.309756,-0.024889,-3.06067,-0.0015312,1.40632,-0.662116,-1.32103,0.0981253,4.86369,0.0740004,
140,-0.454727,0.0784995,0.141835,-0.0183737,0.459331,-0.0762246,-0.187184,0,0.400723,0.956934,0.0108874,-0.00348363,-0.29008,-0.464106,0.523411,-0.374461,-0.595046,-0.540838,-0.521995,0.0616936,0.522826,1.59485,-0.322667,0.547863,0.817144,-0.146125,-1.32922,-1.31673,0.00210182,5.98926,-1.32428,0.0949684,-0.0313677,2.68848,0.0162924,
141,-0.569046,0.0701932,-0.000580468,-0.0184293,-0.00174122,0.000278956,-0.083406,0,0.417324,0.945772,0.0321589,-0.0161149,-0.322833,-0.502797,0.523471,0.00136774,-0.673338,-0.528551,-0.523575,0.110483,0.537954,1.81166,-0.138523,0.209062,0.770954,-0.562353,-1.38476,-0.24249,0.000619337,9.0181,-1.79655,0.159245,-0.0291339,-0.708268,0.583313,
142,-0.544475,-0.167531,-0.192836,-0.0184145,-0.470207,0.0884108,0.0432509,0,0.452456,0.93824,0.0453605,-0.0288053,-0.341786,-0.51619,0.523546,0.434619,-0.755542,-0.524297,-0.523154,-0.021502,0.573072,2.47585,0.138867,1.13591,0.784836,-0.612314,0.0288408,-0.299462,-0.000123304,8.32361,-1.48518,0.0247828,-0.00498676,-4.52789,0.804661,
143,-0.102804,-0.441027,-0.228817,-0.0184361,-0.535298,0.114351,0.0891988,0,0.500688,0.946238,0.0597344,-0.0453341,-0.314658,-0.527457,0.523493,0.563133,-0.810101,-0.517086,-0.523769,-0.341237,0.580802,2.31189,-0.0600246,0.71652,0.639785,-0.277114,1.89531,0.0641181,-0.000648892,-1.56118,-0.728055,0.270839,-0.0128203,-8.24047,-0.473864,
144,0.09007,-0.313814,-0.140872,-0.0184628,-0.377692,0.0793627,0.0466033,0,0.521355,0.956832,0.06976,-0.0554271,-0.276649,-0.524912,0.523473,0.389941,-0.824752,-0.4874,-0.524525,-0.579877,0.496919,1.85287,-0.0513368,0.128737,0.111024,-0.051684,0.925832,0.0249111,-0.000163466,-5.33103,0.13774,0.919635,-0.0212041,0.818092,-0.540668,
145,0.213796,-0.33552,-0.0203058,-0.0185019,-0.0629024,0.0124585,-0.0471932,0,0.515274,0.963533,0.0657604,-0.0576751,-0.252888,-0.524203,0.523473,0.0610879,-0.803215,-0.434287,-0.525637,-0.515326,0.513055,1.69969,-0.0283733,-0.382022,-0.148689,0.0041398,1.11062,0.00378873,3.0072e-05,-7.80232,0.719149,1.20284,-0.022712,1.59805,0.329624,
146,0.217113,-0.255159,0.101673,-0.0184785,0.344708,-0.0673312,-0.160284,0,0.488716,0.969413,0.0615008,-0.036831,-0.234732,-0.523834,0.523469,-0.33063,-0.765743,-0.385714,-0.524972,-0.397797,0.521204,1.61077,0.0953942,-0.749006,-0.31441,1.00586,0.600448,0.00422107,0.000193082,-7.87007,0.78582,0.775232,0.0166144,3.07874,0.0572643,
147,-0.197004,0.0662455,0.180365,-0.018458,0.593745,-0.116362,-0.232996,0,0.445532,0.969423,0.0383854,-0.0128091,-0.242038,-0.50366,0.523481,-0.573125,-0.738797,-0.375632,-0.524391,-0.210145,0.522581,1.70703,0.0582754,-0.999782,-1.82628,0.323989,-1.45046,0.803689,0.000214634,0.318108,0.290685,-0.356547,0.0101762,4.42848,0.00996877,
148,-0.397817,0.200156,0.163861,-0.018451,0.520284,-0.0911627,-0.206388,0,0.4129,0.959548,0.0207018,0.00959316,-0.28062,-0.431321,0.523501,-0.448221,-0.744606,-0.435072,-0.524191,-0.0317367,0.5329,1.28772,-0.32891,0.488378,-0.239546,0.529313,-2.32991,2.09186,0.000931969,4.63267,-0.442953,-1.98636,-0.0127507,2.65269,0.334805,
149,-0.534898,0.247112,0.0585893,-0.0184457,0.154716,-0.0267038,-0.127807,0,0.446099,0.939866,0.0239283,-0.000653295,-0.340703,-0.299638,0.523519,-0.130962,-0.780397,-0.550302,-0.524041,0.0282238,0.58404,1.84198,-0.149385,0.67832,0.786565,-1.17983,-2.69516,3.16556,-0.000233977,8.06048,-0.995171,-0.567571,0.0188217,-0.211626,1.6914,
150,-0.557686,0.0810586,-0.148544,-0.0184252,-0.301438,0.0588862,-0.0145479,0,0.493638,0.917534,0.035686,-0.0419879,-0.393821,-0.135537,0.523511,0.289058,-0.825467,-0.533864,-0.523458,-0.0765287,0.70432,2.23161,0.0309214,1.65683,1.03253,-1.72051,-1.66599,3.39298,-2.83021e-05,8.69354,-0.663293,0.338734,-0.00496251,-3.91727,2.96585,
151,-0.178724,-0.224051,-0.300233,-0.0184386,-0.486823,0.115536,0.065252,0,0.568373,0.905262,0.0382365,-0.0868677,-0.414116,0.00203758,0.52348,0.569023,-0.845514,-0.521257,-0.523838,-0.369608,0.862709,2.0383,-0.102159,1.38477,-0.246597,-1.99392,0.278925,2.11703,-0.000566417,-0.05111,-0.139358,0.146846,-0.00971695,-7.76553,3.33994,
152,0.000103031,-0.227612,-0.248918,-0.0184812,-0.383513,0.0968669,0.0392821,0,0.626274,0.906921,0.0197642,-0.110941,-0.405951,0.0505962,0.523463,0.476439,-0.829892,-0.502661,-0.52505,-0.571675,0.984009,1.57464,0.0396848,0.869881,-0.22899,-0.617573,0.324589,-0.149322,0.000148198,-3.57321,0.739272,0.602958,-0.033906,0.820616,1.53459,
153,0.132883,-0.313431,-0.119042,-0.0185403,-0.185894,0.0473181,-0.0313376,0,0.655842,0.911886,0.00868614,-0.121747,-0.391876,-0.002301,0.523473,0.232177,-0.776078,-0.466556,-0.526729,-0.523973,1.01707,1.50542,0.149663,0.311382,-0.10795,-0.460567,0.990796,-1.95259,0.000119341,-6.17587,1.40868,0.839094,-0.0331405,0.936988,-0.198181,
154,0.185104,-0.334852,0.0495034,-0.0185981,0.0830298,-0.0209928,-0.125922,0,0.657192,0.921494,0.0015949,-0.129703,-0.366092,-0.119448,0.523475,-0.102944,-0.698591,-0.431373,-0.528372,-0.454144,0.949842,1.43922,0.259348,-0.259091,0.0859406,-0.226195,1.25127,-2.72655,-8.5752e-06,-7.22007,1.68883,0.571028,-0.032602,1.84797,-2.47251,
155,0.137712,-0.275607,0.193913,-0.0186481,0.354428,-0.0894882,-0.218636,0,0.630861,0.931212,0.00167404,-0.132374,-0.339586,-0.243409,0.523472,-0.439944,-0.619931,-0.426001,-0.529792,-0.330314,0.767713,1.37792,0.282582,-0.719606,-0.0103555,0.771724,0.943538,-2.23483,-0.00082739,-6.2717,1.45764,-0.347971,0.0106077,3.09948,-4.79401,
156,-0.225007,-0.122117,0.232353,-0.0185807,0.456543,-0.111048,-0.246829,0,0.589264,0.938856,0.00265325,-0.100542,-0.329293,-0.316404,0.523469,-0.546733,-0.564997,-0.480168,-0.527878,-0.154023,0.500646,1.51482,-0.0404809,-0.97029,-0.790568,1.02261,-0.00231785,-0.695239,0.000391089,0.889313,0.748932,-1.83482,0.0444692,3.94483,-2.51209,
157,-0.376846,-0.00129676,0.185315,-0.0184983,0.396155,-0.0854676,-0.21285,0,0.532546,0.937493,-0.0160451,-0.0747911,-0.339493,-0.307675,0.523481,-0.420078,-0.548585,-0.537938,-0.525536,-0.00191775,0.506461,1.7294,-0.0698817,-1.34737,-1.06919,0.60408,-0.754393,1.02921,6.55508e-05,4.15204,-0.0906259,0.220932,0.0483014,2.15727,0.538655,
158,-0.481141,0.16449,0.0697862,-0.0184085,0.168333,-0.0299472,-0.138012,0,0.459152,0.930698,-0.0293368,-0.0434316,-0.362015,-0.223747,0.523484,-0.146877,-0.568259,-0.527235,-0.522984,0.035269,0.53233,2.10577,-0.404054,-1.32658,0.991763,1.91792,-1.8493,2.3408,0.00139009,6.64783,-0.651516,0.114362,0.00541557,-0.630175,0.474726,
159,-0.510296,-0.0870228,-0.106396,-0.0184224,-0.264914,0.0413667,-0.0424163,0,0.397286,0.91613,0.0211218,-0.000460444,-0.400324,-0.0972413,0.523499,0.202939,-0.603163,-0.524392,-0.523378,-0.0816092,0.584377,2.75709,-0.218575,-0.896085,-1.04573,0.0369182,-0.281822,2.67992,0.00068376,7.40105,-0.741322,0.0152263,-0.00658204,-3.90453,1.5423,
160,-0.402506,-0.236518,-0.254813,-0.0184753,-0.561749,0.102156,0.0502549,0,0.420278,0.918891,-0.00433214,0.0114092,-0.394322,0.0130354,0.523529,0.502631,-0.609921,-0.523909,-0.524882,-0.353402,0.623545,3.74534,-0.0350401,0.938277,-0.882371,0.353169,0.690467,1.7464,-0.00114814,4.74126,0.238948,0.00269098,-0.0413695,-7.07048,0.248833,
161,-0.0745487,-0.241823,-0.247551,-0.0185524,-0.543708,0.105663,0.0618873,0,0.453349,0.928317,-0.0206131,0.0323867,-0.369803,0.0516299,0.523479,0.520013,-0.579695,-0.515424,-0.527072,-0.577579,0.592217,3.19842,0.0639843,0.393474,-0.951545,0.742204,0.7684,-0.171014,-0.000442658,-2.11605,0.962494,0.355526,-0.0486093,0.74389,-1.48605,
162,0.121202,-0.334954,-0.142808,-0.0186148,-0.338757,0.0646994,0.0070383,0,0.478529,0.938268,-0.0176938,0.0279991,-0.344319,-0.00203359,0.523479,0.317669,-0.517924,-0.487561,-0.528847,-0.533602,0.507845,2.64524,0.0813121,0.335857,0.0897693,-0.234757,1.50317,-1.96248,-0.000196745,-5.94458,0.628544,0.755603,-0.0348473,0.628265,-0.160855,
163,0.22856,-0.382193,0.0136184,-0.0186771,0.0373216,-0.0069356,-0.0893906,0,0.483862,0.952006,-0.0157113,0.0250327,-0.304649,-0.123976,0.523474,-0.0340062,-0.519256,-0.449633,-0.530616,-0.481091,0.517702,2.49062,0.171622,-0.13791,0.0847015,-0.0500073,1.84736,-2.90737,-3.09028e-05,-8.10481,-0.133,0.762077,-0.0350586,1.46545,0.170666,
164,0.196141,-0.341668,0.145659,-0.0187371,0.448796,-0.0859744,-0.194769,0,0.464638,0.964105,-0.0126296,0.024596,-0.264076,-0.26318,0.523475,-0.422582,-0.52678,-0.428334,-0.532321,-0.367964,0.521789,2.43128,0.194373,-0.629827,0.0904014,0.00769038,1.53925,-2.66221,1.7559e-05,-7.44322,-0.167576,0.0951657,-0.0332354,3.04644,0.027758,
165,-0.233398,-0.137702,0.176262,-0.0187882,0.600678,-0.111625,-0.227325,0,0.420607,0.968863,-0.010037,0.0205927,-0.246536,-0.365328,0.523481,-0.549593,-0.550585,-0.457804,-0.533773,-0.183004,0.522465,2.72207,-0.0134763,-1.12906,0.144631,-0.247972,0.11888,-1.4401,-1.99548e-05,1.06177,-0.781035,-1.26962,-0.0260756,4.33766,0.00467235,
166,-0.421971,0.0761612,0.125894,-0.018735,0.494354,-0.0795856,-0.181026,0,0.383444,0.969098,0.0144694,-0.0046922,-0.246206,-0.403319,0.523463,-0.39104,-0.608074,-0.544176,-0.532262,-0.0143434,0.522939,2.34246,-0.274012,0.188701,-0.521794,0.736351,-1.33232,-0.0505272,-0.000690209,5.19869,-1.39731,-0.442552,0.150232,2.33783,0.00170103,
167,-0.547463,0.267599,0.0204218,-0.0184444,0.0655209,-0.0104617,-0.0941507,0,0.415343,0.952863,0.0161488,0.00727559,-0.302882,-0.382236,0.523488,-0.0512961,-0.684148,-0.531675,-0.524004,0.0221058,0.53395,2.63794,0.13301,0.575757,0.468226,0.232727,-2.70136,0.874094,6.02463e-05,8.40694,-1.74103,0.258853,0.167632,-0.822217,0.479283,
168,-0.546687,0.0096943,-0.167299,-0.0184063,-0.408192,0.0750954,0.0215943,0,0.452162,0.937169,0.0207701,-0.00027676,-0.348256,-0.337256,0.523499,0.368892,-0.765398,-0.525066,-0.52292,-0.114059,0.600902,3.07947,0.318432,1.04333,0.118385,-0.670796,-1.12595,0.923759,2.61879e-05,8.38531,-1.46345,0.0479354,-0.0222305,-4.57987,2.14302,
169,-0.134255,-0.347254,-0.258736,-0.0184531,-0.548049,0.117082,0.0843729,0,0.497725,0.936856,0.0155386,-0.010529,-0.349212,-0.323994,0.52348,0.576708,-0.820317,-0.520566,-0.52425,-0.436773,0.705674,2.90322,0.182497,0.730812,-0.532919,-0.361384,1.1716,-0.380162,-0.000511019,-0.93949,-0.768735,0.122491,-0.030386,-8.30917,2.06165,
170,0.0632907,-0.304652,-0.183105,-0.0185275,-0.413695,0.088088,0.0470414,0,0.522785,0.94558,0.00627139,0.00123737,-0.325326,-0.389063,0.523466,0.433023,-0.835642,-0.499196,-0.526364,-0.575839,0.742332,2.41563,0.29961,0.226715,-0.45277,0.579836,0.846047,-2.20879,0.000142272,-4.80608,0.131636,0.730008,-0.0459896,1.28581,-0.569774,
171,0.202056,-0.353811,-0.0484088,-0.0186071,-0.12491,0.0251148,-0.0403754,0,0.521125,0.953965,0.00372184,0.0202564,-0.299211,-0.530353,0.523472,0.123166,-0.812978,-0.455371,-0.528628,-0.50189,0.658551,2.28612,0.3521,-0.291239,-0.265861,0.814938,1.22951,-2.79448,3.42287e-05,-7.56321,0.771742,1.02299,-0.0449106,1.67142,-2.76307,
172,0.227605,-0.254762,0.0985815,-0.0186882,0.280277,-0.0546044,-0.153372,0,0.494409,0.958744,0.00469031,0.0445087,-0.280727,-0.537077,0.523474,-0.267996,-0.770214,-0.412237,-0.530931,-0.383184,0.486859,2.11889,0.268329,-0.717457,-0.569242,0.894752,0.591523,0.411672,9.11427e-05,-8.08518,0.942071,0.697364,-0.0477531,3.05606,-0.945971,
173,-0.126174,-0.100839,0.205207,-0.0187445,0.582697,-0.117818,-0.242636,0,0.462596,0.961417,0.00117619,0.035152,-0.272838,-0.499661,0.523482,-0.580366,-0.733925,-0.405546,-0.532533,-0.192278,0.508635,1.69956,0.268416,-0.647428,0.581391,-1.6553,-0.374661,1.09565,0.000265379,-1.09967,0.50552,-0.408092,-0.0140226,4.5755,0.48407,
174,-0.366885,-0.0811282,0.180506,-0.0187698,0.547773,-0.0998749,-0.21939,0,0.424313,0.958879,0.0263093,-0.00458307,-0.282556,-0.40891,0.523483,-0.491331,-0.730838,-0.469426,-0.53325,0.00810004,0.521066,1.82891,-0.0949146,-0.999269,1.73626,-1.17198,-0.497204,2.52597,-4.24876e-05,3.9268,-0.374609,-2.12735,-0.0122879,3.45099,0.0908993,
175,-0.507867,0.21329,0.0874329,-0.0185633,0.258077,-0.0428476,-0.145465,0,0.422963,0.947841,0.0309046,-0.00532143,-0.317197,-0.251225,0.523477,-0.210213,-0.760403,-0.539473,-0.527382,0.106839,0.523027,2.30213,-0.270564,0.511657,0.24268,0.73425,-2.43943,3.76144,0.000459642,7.33729,-0.848093,0.202344,0.197023,0.576699,0.0114643,
176,-0.560188,0.0496262,-0.09251,-0.0183865,-0.225993,0.0394663,-0.0359465,0,0.447288,0.93061,0.0329274,-0.00297167,-0.364515,-0.0526765,0.523501,0.193607,-0.807923,-0.527638,-0.522359,0.0449634,0.560921,2.8159,-0.0479421,0.71068,0.430631,-0.690223,-1.44015,4.17096,0.000945224,8.76452,-0.970016,0.133191,-0.0216534,-2.97767,1.41252,
177,-0.306962,-0.286894,-0.271908,-0.0184359,-0.542125,0.113839,0.071929,0,0.490531,0.924435,0.0404829,-0.0231126,-0.378479,0.132579,0.523493,0.56059,-0.841381,-0.524303,-0.523762,-0.200023,0.633515,2.92026,0.0191225,0.980748,0.0849051,-0.454007,0.713885,3.23785,-0.000863156,2.60895,-0.38455,0.0226055,-0.0375716,-6.7955,1.50344,
178,-0.0233038,-0.346706,-0.228983,-0.0184997,-0.474158,0.103795,0.064944,0,0.526471,0.936483,0.0350468,-0.0351075,-0.347187,0.240482,0.523473,0.510754,-0.839313,-0.511299,-0.525575,-0.56443,0.653862,2.61488,0.0418391,0.429405,-0.0618652,-0.266252,1.14122,1.11662,-0.000408913,-3.11712,0.457,0.520974,-0.0400769,-3.20437,-0.668719,
179,0.143437,-0.345908,-0.115889,-0.0185762,-0.265319,0.0555608,-0.00154395,0,0.532997,0.944501,0.0339163,-0.0363338,-0.324726,0.253535,0.523472,0.272699,-0.79816,-0.473842,-0.527748,-0.547624,0.557647,2.32885,0.178244,-0.156811,0.0955554,0.13423,1.19264,-0.590805,0.0001389,-6.38551,1.18588,0.9617,-0.0434951,0.959792,-3.16051,
180,0.223146,-0.357421,0.033717,-0.0186538,0.0897367,-0.0177672,-0.102784,0,0.514419,0.95459,0.0294255,-0.0340859,-0.294499,0.203572,0.523472,-0.087123,-0.729745,-0.427378,-0.529954,-0.474888,0.499574,2.15554,0.245697,-0.588669,-0.389082,0.0576173,1.37159,-1.40192,3.79877e-05,-7.99364,1.54856,0.897794,-0.0448016,1.94249,0.572142,
181,0.171856,-0.301689,0.159276,-0.0187316,0.47596,-0.0936632,-0.206175,0,0.472626,0.963479,0.0209975,-0.0296299,-0.265311,0.14142,0.523475,-0.460587,-0.657133,-0.401882,-0.532164,-0.339476,0.518279,2.10712,0.260215,-1.08171,-0.306106,0.163714,1.0734,-1.08599,3.88619e-05,-6.95344,1.35705,0.128147,-0.0435345,3.46127,0.1649,
182,-0.254144,-0.118891,0.183436,-0.018746,0.609765,-0.111241,-0.229527,0,0.410668,0.966074,0.0111035,-0.013214,-0.25769,0.11865,0.523459,-0.54769,-0.607971,-0.431522,-0.532574,-0.138556,0.522102,2.32173,0.00213746,-1.29134,-1.26398,1.78359,-0.0829468,0.150716,-0.000582325,1.49172,0.614307,-1.29489,0.0669906,4.56512,0.0249943,
183,-0.445603,0.209636,0.13436,-0.0186299,0.459531,-0.0743156,-0.182306,0,0.390449,0.959463,0.00565423,0.0073991,-0.281682,0.166826,0.523392,-0.365047,-0.594395,-0.535187,-0.529275,0.0282714,0.522905,1.48467,-0.241954,0.470637,0.257226,-0.861111,-2.18422,1.80605,0.000252511,5.76642,-0.0660145,-2.26155,0.0715831,2.1005,0.00789436,
184,-0.558131,0.256994,0.000296816,-0.0184901,0.000861754,-0.000134139,-0.0893032,0,0.405475,0.939023,0.013172,-0.0145208,-0.343295,0.279762,0.523457,-0.000657693,-0.610648,-0.536515,-0.525303,0.0504575,0.561428,1.90294,-0.316935,0.359302,0.499856,0.481568,-2.5265,2.6935,1.67337e-05,8.70651,-0.552957,0.401783,0.130873,-1.19732,1.51506,
185,-0.535374,0.0296411,-0.204701,-0.0184029,-0.455276,0.085098,0.0289629,0,0.452257,0.925033,0.0166546,-0.0378638,-0.377628,0.410065,0.52354,0.418253,-0.628293,-0.525853,-0.522824,-0.101916,0.672465,2.63023,-0.144923,1.33869,0.62843,-1.03254,-1.06268,2.53359,-0.000819734,8.07335,-0.177835,0.0804295,-0.0176383,-4.93977,2.9566,
186,-0.121904,-0.258296,-0.267933,-0.0184302,-0.520799,0.112569,0.0704284,0,0.509979,0.923847,0.00794952,-0.0662448,-0.376903,0.495144,0.523483,0.554283,-0.620988,-0.51875,-0.523599,-0.441007,0.821092,2.39686,-0.280356,1.00633,-0.65851,-0.515964,0.823124,0.888766,-0.00131382,-1.18419,0.450062,0.209457,-0.00361032,-8.5829,2.98981,
187,0.0662165,-0.17452,-0.193149,-0.0184521,-0.374178,0.081911,0.0262512,0,0.543769,0.926986,-0.0109061,-0.062685,-0.36966,0.490236,0.523467,0.402517,-0.57866,-0.49524,-0.524221,-0.564199,0.919411,1.88975,-0.102605,0.368134,-0.720285,0.133119,0.320695,-1.07859,0.000226892,-4.86333,1.2392,0.716589,-0.0176863,1.01285,0.962144,
188,0.190564,-0.249237,-0.0454923,-0.0184855,-0.0937896,0.0198165,-0.0630941,0,0.548836,0.93268,-0.0244217,-0.0501793,-0.356361,0.402074,0.523476,0.0971742,-0.512375,-0.455895,-0.525172,-0.502903,0.934236,1.75807,0.0187871,-0.153058,-0.486418,0.531817,0.912338,-2.43819,0.00011204,-7.33034,0.370233,0.857449,-0.0215891,1.43628,-0.360348,
189,0.206554,-0.245543,0.121951,-0.0185258,0.271899,-0.0565423,-0.170187,0,0.52864,0.941051,-0.0264452,-0.0295419,-0.335933,0.274683,0.523477,-0.277527,-0.518856,-0.425309,-0.526315,-0.398121,0.870755,1.68553,0.12463,-0.655828,-0.190046,0.894718,0.878215,-2.65451,-1.78204e-05,-7.65472,-0.167784,0.370266,-0.0236367,2.74321,-2.16397,
190,-0.125629,-0.0631055,0.239998,-0.0185658,0.557183,-0.116295,-0.25323,0,0.484009,0.945458,-0.0201307,-0.00623613,-0.325063,0.167816,0.523478,-0.572795,-0.537121,-0.437398,-0.527454,-0.226592,0.719999,1.86246,-0.00275365,-1.12926,0.0793404,0.878292,-0.343502,-1.61048,0.000126241,-1.11045,-0.561608,-0.832312,-0.0194714,4.11289,-3.85043,
191,-0.35464,0.0205306,0.217542,-0.0185931,0.557539,-0.10007,-0.234243,0,0.415648,0.939725,-0.011425,0.00987404,-0.341597,0.133426,0.52348,-0.492298,-0.585785,-0.523418,-0.528229,-0.048637,0.520623,2.02998,-0.329946,-1.5226,0.452991,0.738465,-0.945414,0.217756,0.000368564,3.6525,-1.37366,-2.59778,-0.0127251,3.01511,-3.41465,
192,-0.508148,0.195022,0.107013,-0.0185969,0.283288,-0.0434881,-0.163115,0,0.389194,0.923305,0.0275712,-0.00797835,-0.382995,0.184797,0.523508,-0.21336,-0.666606,-0.536635,-0.528336,0.0328831,0.508845,1.8272,-0.38071,0.987823,0.99374,-0.491659,-2.18738,1.80725,-0.000489154,7.34446,-1.75558,0.375152,0.0810387,0.28003,0.483653,
193,-0.565976,0.0394786,-0.106545,-0.0184146,-0.228309,0.0396356,-0.049695,0,0.444487,0.906964,0.0363255,-0.0320387,-0.418414,0.291499,0.523508,0.194438,-0.756785,-0.526144,-0.523155,-0.0433166,0.564987,2.33961,-0.364835,1.33549,1.32434,-1.10655,-1.30417,2.46514,0.000281606,8.9296,-1.78218,0.0826005,0.0866399,-3.28543,1.70077,
194,-0.304473,-0.245675,-0.311449,-0.0184175,-0.522521,0.115238,0.0602227,0,0.520044,0.898061,0.0531357,-0.0650132,-0.431782,0.391394,0.523492,0.567539,-0.829676,-0.524116,-0.523238,-0.304364,0.64933,2.35763,-0.366419,1.57588,0.818587,-0.807099,0.446997,1.52944,-0.000703985,2.55546,-1.16942,0.0122404,-0.0227076,-7.14547,1.69995,
195,-0.0222021,-0.232191,-0.27256,-0.0184619,-0.435849,0.104356,0.0484027,0,0.584103,0.903936,0.0589369,-0.0886645,-0.414203,0.409097,0.523471,0.513535,-0.865726,-0.513301,-0.5245,-0.582723,0.686924,1.8892,-0.21619,0.94987,0.528553,-0.408932,0.305619,-0.785011,-0.000201751,-3.13858,-0.28292,0.442343,-0.0321804,0.200161,-0.176977,
196,0.13119,-0.311339,-0.147166,-0.0185191,-0.237269,0.0572367,-0.0189839,0,0.617086,0.907709,0.0672647,-0.102131,-0.401384,0.321016,0.523474,0.280942,-0.860468,-0.483255,-0.526125,-0.53501,0.635689,1.77423,-0.0938276,0.374956,0.606363,-0.221622,0.85868,-2.72512,8.30861e-05,-6.1423,0.488263,0.754162,-0.0318991,0.951531,-1.85899,
197,0.202029,-0.334932,0.0307379,-0.0185743,0.0529235,-0.0126396,-0.116538,0,0.621577,0.915719,0.0789345,-0.113163,-0.37739,0.161103,0.523474,-0.0619763,-0.826052,-0.449976,-0.527696,-0.464937,0.499427,1.66984,0.0145334,-0.150386,0.48759,-0.161062,1.07464,-3.66111,-0.000118987,-7.56268,0.889804,0.577475,-0.0313982,1.84406,-1.3156,
198,0.1649,-0.252297,0.19531,-0.0185794,0.353608,-0.0857014,-0.217603,0,0.605565,0.92396,0.0823266,-0.108916,-0.357291,-0.0117118,0.523461,-0.421233,-0.78466,-0.443085,-0.527839,-0.337857,0.510556,1.57232,0.0657375,-0.482349,-0.107607,1.07549,0.554626,-3.25566,5.87303e-07,-6.81384,0.76454,-0.296734,0.0354219,3.23049,0.398132,
199,-0.230068,-0.069176,0.25933,-0.0185126,0.483368,-0.115063,-0.259074,0,0.570873,0.92596,0.0896384,-0.0874507,-0.356252,-0.13416,0.523476,-0.56667,-0.762802,-0.496119,-0.525942,-0.149782,0.520946,1.76844,-0.180148,-0.917074,-0.0098532,0.719728,-0.618346,-1.65474,0.000147865,0.993253,0.111993,-1.81337,0.0406846,4.28389,0.0770551,
200,-0.389956,0.0465806,0.210318,-0.0184373,0.417154,-0.0874438,-0.225178,0,0.514059,0.917794,0.0988213,-0.0716177,-0.377836,-0.167432,0.523481,-0.429841,-0.778481,-0.534858,-0.523802,0.0180343,0.523,1.99372,-0.23447,-1.35787,0.164619,0.519932,-1.37974,0.30695,4.46327e-05,4.45152,-0.731893,0.235215,0.0444374,2.44347,0.0147565,
201,-0.503703,-0.0171634,0.0731498,-0.0184228,0.157531,-0.0280385,-0.146276,0,0.459901,0.91078,0.0646263,-0.0444269,-0.405375,-0.114987,0.523475,-0.137511,-0.829356,-0.526324,-0.52339,0.066648,0.532853,2.11192,0.267226,-1.01224,-2.76472,-0.257932,-1.04347,1.78398,0.000254154,7.22828,-1.30168,0.0792943,-0.00493249,-0.467111,0.370589,
202,-0.516546,-0.0575252,-0.131218,-0.0184266,-0.264419,0.0471782,-0.042413,0,0.454068,0.899252,0.0507324,-0.0262194,-0.433688,-0.014737,0.523753,0.23149,-0.884889,-0.524078,-0.523496,-0.0420332,0.5363,3.18646,-0.054298,1.07122,0.640678,0.037134,-0.862725,2.20238,-0.00740849,7.56469,-0.78702,0.00310039,-0.00432472,-3.79076,-0.367869,
203,-0.294622,-0.302725,-0.299134,-0.0184377,-0.512784,0.109453,0.0505128,0,0.505317,0.897347,0.0632878,-0.0314797,-0.435628,0.0677723,0.523378,0.538814,-0.911047,-0.523912,-0.523814,-0.319783,0.520259,3.18484,-0.068629,0.800757,0.33382,0.0158907,0.727673,1.10876,0.00189147,2.34535,-0.321907,0.000758751,-0.00694692,-7.32106,0.0302471,
204,-0.049707,-0.246213,-0.269225,-0.0184545,-0.466806,0.102933,0.0461667,0,0.531808,0.906985,0.0666365,-0.0327466,-0.414567,0.0675138,0.52345,0.50648,-0.906762,-0.515215,-0.52429,-0.597467,0.522118,2.72702,0.103928,0.248409,-0.0308593,0.27748,0.343479,-1.08224,0.000623063,-2.60178,0.484067,0.368783,-0.0164487,0.564359,0.0212826,
205,0.116664,-0.323338,-0.153936,-0.018485,-0.286069,0.059979,-0.0147506,0,0.531561,0.913294,0.0673389,-0.0254803,-0.400886,-0.0343996,0.52347,0.294435,-0.864273,-0.489238,-0.525157,-0.536963,0.522734,2.60616,0.201817,-0.25414,-0.142034,0.351936,0.938534,-2.98221,0.000182549,-5.85483,1.21103,0.664654,-0.0174856,1.09529,0.00466127,
206,0.2058,-0.355727,0.0213376,-0.0185168,0.0453784,-0.00883137,-0.110288,0,0.506621,0.924501,0.0670078,-0.0161981,-0.374894,-0.208068,0.523473,-0.0433019,-0.79398,-0.459687,-0.526061,-0.462527,0.522659,2.4974,0.300374,-0.740299,-0.178641,0.4865,1.26991,-3.95664,3.63649e-06,-7.63934,1.59866,0.518958,-0.0187222,1.8759,-0.00149159,
207,0.170416,-0.186424,0.192954,-0.0185731,0.43251,-0.0828209,-0.21544,0,0.467052,0.930288,0.0338962,0.00663205,-0.365201,-0.395789,0.523471,-0.407009,-0.716457,-0.453167,-0.527662,-0.337782,0.52255,2.32908,0.460432,-1.00515,-1.69878,0.474087,0.207645,-3.57865,0.000177261,-6.9245,1.49105,-0.267099,-0.0344708,3.17818,-0.000760225,
208,-0.222114,-0.073156,0.266553,-0.0186238,0.617863,-0.113338,-0.260536,0,0.410936,0.927784,0.00663131,0.0237884,-0.372299,-0.529933,0.523484,-0.5581,-0.658751,-0.504395,-0.529101,-0.151294,0.522875,1.70594,0.0246966,-0.584657,1.45421,-0.920267,-0.448163,-0.929251,0.000289031,0.829852,0.80056,-1.78827,-0.0086891,4.27184,0.00338945,
209,-0.423958,0.116298,0.213812,-0.0186399,0.491126,-0.0820648,-0.225359,0,0.398578,0.911944,0.0160092,-0.0175695,-0.409625,-0.508789,0.523479,-0.403276,-0.639237,-0.533719,-0.52956,0.0116111,0.523144,1.31247,-0.392514,0.0361268,0.271351,-0.0285136,-1.63419,1.42273,-0.00154149,5.24572,-0.0104627,0.236348,0.0511174,2.32613,0.00347174,
210,-0.54533,0.113902,0.0356235,-0.018463,0.0802707,-0.0125499,-0.132587,0,0.406409,0.897617,0.0140013,-0.00229749,-0.440548,-0.40099,0.523512,-0.0615363,-0.652861,-0.525979,-0.524532,0.048931,0.543966,1.91713,-0.539395,0.454901,0.319993,-0.395788,-1.63764,2.8808,0.00793883,8.34754,-0.482643,0.0678512,0.124243,-0.73306,0.754754,
211,-0.54452,-0.0194915,-0.216475,-0.0184045,-0.407817,0.0725157,-0.0138914,0,0.437028,0.88191,0.0231391,-0.0320323,-0.469759,-0.254802,0.523563,0.356174,-0.67433,-0.524289,-0.522871,-0.0821078,0.596906,2.6014,-0.569173,1.09845,1.13427,-1.4086,-0.813089,2.96054,-0.000593226,8.32475,-0.28072,0.0109427,-0.0209254,-4.43303,1.26278,
212,-0.14675,-0.369716,-0.33111,-0.0184303,-0.547489,0.115273,0.0526885,0,0.490599,0.885449,0.0230919,-0.0538385,-0.461029,-0.151276,0.523487,0.567713,-0.673523,-0.523811,-0.523604,-0.396036,0.65361,2.48353,-0.594591,0.882541,-0.0611908,-0.638757,1.54017,1.20098,-0.000672979,-0.69117,0.288639,0.00329767,-0.0118816,-8.12498,1.02353,
213,0.0520958,-0.300813,-0.241297,-0.018458,-0.4175,0.0884607,0.0202426,0,0.519578,0.90016,0.015112,-0.0639257,-0.430577,-0.152392,0.52347,0.434865,-0.638528,-0.513903,-0.524389,-0.590338,0.6355,2.06275,-0.314973,0.264022,0.0109553,-0.189055,1.09312,-1.2239,-2.15642e-05,-4.58725,1.10367,0.394249,-0.0206817,1.37425,-1.72192,
214,0.193114,-0.370683,-0.0706692,-0.0184936,-0.137457,0.0275421,-0.062569,0,0.518768,0.914494,0.0136996,-0.0677978,-0.398642,-0.256277,0.523473,0.135075,-0.568476,-0.491412,-0.525401,-0.512043,0.506831,1.93228,-0.212811,-0.260426,-0.116308,-0.130226,1.69336,-2.91516,-7.6615e-06,-7.38191,1.69811,0.503314,-0.0206942,1.71128,-1.33807,
215,0.22422,-0.344443,0.118301,-0.0184965,0.261179,-0.050942,-0.168555,0,0.496737,0.930476,0.00373197,-0.0582698,-0.361669,-0.411213,0.523467,-0.249989,-0.507668,-0.478542,-0.525484,-0.393285,0.512513,1.80714,-0.101572,-0.626793,-0.405097,0.688742,1.58589,-3.2815,0.000124162,-8.01563,-0.129083,0.0195004,0.0118958,3.02753,0.323967,
216,-0.110341,-0.133325,0.243248,-0.0184755,0.578214,-0.114553,-0.253113,0,0.454268,0.941509,-0.000447792,-0.039156,-0.334705,-0.53814,0.523479,-0.564137,-0.526917,-0.507486,-0.524887,-0.204456,0.521006,1.95421,-0.331776,-1.06557,-0.376643,0.536378,0.123331,-0.589989,0.000367532,-1.41253,-0.563363,-1.15172,0.0141527,4.52806,0.0633398,
217,-0.349893,0.00808111,0.218206,-0.0184189,0.578362,-0.100086,-0.234518,0,0.396352,0.939413,-0.00482252,-0.0096947,-0.342617,-0.509293,0.523483,-0.492379,-0.575219,-0.532429,-0.523278,-0.00282575,0.522823,2.07702,-0.814459,-1.11399,0.926792,1.44846,-0.851264,1.48579,0.000608407,3.54689,-1.35564,0.19041,0.00074248,3.54516,0.0138085,
218,-0.513363,0.310023,0.109959,-0.0184446,0.283438,-0.0438152,-0.165537,0,0.391906,0.920253,0.0210167,-0.00778059,-0.390683,-0.39587,0.523531,-0.214967,-0.652547,-0.525823,-0.524009,0.10266,0.523403,1.927,-0.217959,0.661501,0.974274,-0.832684,-2.95284,3.02518,0.000156199,7.48179,-1.76895,0.0600576,-0.0134959,0.768788,0.00629611,
219,-0.56921,0.103911,-0.112629,-0.0184134,-0.231658,0.0399291,-0.0546661,0,0.441071,0.897271,0.0331938,-0.029321,-0.439252,-0.229618,0.523501,0.195879,-0.743117,-0.524313,-0.523124,0.0508204,0.577432,2.43389,-0.379957,0.946366,0.620264,-0.736845,-1.6986,3.63151,-0.000600869,9.02261,-1.90042,0.00847679,-0.00737299,-2.86357,2.17598,
220,-0.303246,-0.245725,-0.331785,-0.0184375,-0.535444,0.116116,0.0545762,0,0.508313,0.885991,0.0409141,-0.0545987,-0.458656,-0.0742712,0.523488,0.571906,-0.818085,-0.523976,-0.523808,-0.189408,0.693049,2.47161,-0.385124,1.32245,0.302254,-0.605864,0.463447,2.58271,-0.000870504,2.52914,-1.23589,0.000734043,-0.0210139,-6.76312,2.5819,
221,-0.014386,-0.339001,-0.283799,-0.0184726,-0.449707,0.104211,0.0433412,0,0.562525,0.898101,0.0288464,-0.0722596,-0.432853,-0.00916121,0.523472,0.512816,-0.856988,-0.515382,-0.524804,-0.552394,0.773034,2.1923,-0.307062,0.790432,-0.182129,-0.621942,1.06093,0.0631727,-0.000335807,-3.29094,-0.333124,0.368835,-0.0240415,-3.36031,0.645558,
222,0.143127,-0.360789,-0.14546,-0.018521,-0.240211,0.0551325,-0.0248493,0,0.586784,0.907473,0.0202923,-0.0804653,-0.411834,-0.0574503,0.523472,0.270593,-0.854292,-0.489331,-0.526181,-0.545022,0.742331,1.98353,-0.106954,0.196779,-0.00131131,-0.257771,1.22311,-1.98825,0.000131353,-6.37935,0.437213,0.660062,-0.0278287,0.823986,-1.85411,
223,0.214116,-0.386917,0.0422245,-0.0185696,0.0768732,-0.0172151,-0.12412,0,0.582254,0.920549,0.0196167,-0.085192,-0.38072,-0.181094,0.523475,-0.0844153,-0.822765,-0.461694,-0.52756,-0.479,0.58561,1.8912,0.00504909,-0.379321,0.295148,0.032581,1.46078,-2.94909,-3.36925e-06,-7.80885,0.821422,0.447823,-0.027323,1.80794,-4.39427,
224,0.167844,-0.328484,0.205376,-0.0186182,0.408246,-0.0917704,-0.224778,0,0.553,0.932019,0.0155447,-0.0879962,-0.35122,-0.316963,0.523476,-0.451226,-0.7853,-0.462115,-0.528943,-0.351893,0.497952,1.80104,-0.0023224,-0.765412,-0.409719,0.0318934,1.08506,-2.48945,-0.000361428,-6.87294,0.67697,-0.458177,-0.0132945,3.26822,0.557646,
225,-0.246889,-0.120084,0.247447,-0.0185529,0.523068,-0.112986,-0.253526,0,0.509134,0.936113,0.00358843,-0.065655,-0.345497,-0.39996,0.523473,-0.556353,-0.768975,-0.524239,-0.527086,-0.160911,0.517816,1.96825,-0.222725,-1.08653,-0.781955,0.64482,-0.299061,-0.849629,0.000225105,1.3408,-0.0193979,-1.63596,0.0439941,4.35326,0.184168,
226,-0.413247,0.0270451,0.187412,-0.018442,0.429552,-0.0807617,-0.212075,0,0.45899,0.930555,0.0219515,-0.0377996,-0.363534,-0.395839,0.523489,-0.396844,-0.791445,-0.531024,-0.523935,0.00751515,0.522426,2.02156,-0.835035,-0.926845,1.75722,1.69068,-1.27293,0.998861,0.000316204,4.99259,-0.865168,0.199843,0.0692611,2.39673,0.032967,
227,-0.518351,0.0895363,0.0396588,-0.0184199,0.0954095,-0.0155807,-0.125398,0,0.42413,0.91708,0.0479396,-0.0240661,-0.395078,-0.313396,0.523541,-0.0763992,-0.846448,-0.52532,-0.523307,0.0499591,0.528051,2.50659,-0.185157,0.65455,-0.172035,0.210301,-1.74966,2.28475,0.00248806,7.61415,-1.20033,0.0503054,-0.00078864,-0.611441,0.0971575,
228,-0.527321,-0.0749174,-0.170999,-0.018428,-0.331406,0.0630113,-0.0163923,0,0.477215,0.902809,0.0584793,-0.0345854,-0.424642,-0.195907,0.52353,0.309358,-0.897653,-0.52418,-0.523537,-0.0704888,0.540007,2.89124,-0.0854843,1.11578,0.669292,-0.538558,-0.768994,2.41711,-0.00127096,7.85478,-0.960738,0.00527339,-0.00396968,-4.21144,0.478216,
229,-0.183227,-0.33545,-0.310163,-0.018435,-0.525641,0.116276,0.0632845,0,0.520907,0.900757,0.0664213,-0.0524094,-0.426003,-0.10991,0.523484,0.572698,-0.932596,-0.523843,-0.523736,-0.37237,0.549303,2.76568,-0.177255,0.610017,0.335552,-0.504993,0.930243,1.02962,-0.000527971,0.0395747,-0.444614,0.00318101,-0.00460534,-7.83936,-0.0995916,
230,0.0144599,-0.248505,-0.250009,-0.0184501,-0.43733,0.0963555,0.0374647,0,0.536927,0.907365,0.0665875,-0.0645493,-0.409986,-0.115467,0.52347,0.473908,-0.933124,-0.512031,-0.524165,-0.57439,0.509381,2.34044,0.036854,0.0471008,-0.0549899,-0.282844,0.32241,-1.22827,-6.72248e-05,-3.85302,0.417756,0.470782,-0.0143234,0.896959,-0.0178287,
231,0.165911,-0.328213,-0.107064,-0.0184764,-0.205033,0.0420119,-0.0405017,0,0.526498,0.913326,0.0599775,-0.0700007,-0.39666,-0.221076,0.523473,0.206108,-0.894983,-0.482716,-0.524912,-0.521596,0.518913,2.24433,0.138355,-0.468477,-0.161549,-0.202571,0.93064,-2.98307,5.22321e-05,-6.83417,1.10325,0.69981,-0.0154499,1.08493,0.140088,
232,0.222855,-0.312016,0.0812948,-0.0184257,0.175364,-0.0335832,-0.14696,0,0.493883,0.923463,0.0535053,-0.0528366,-0.376247,-0.386047,0.523462,-0.164722,-0.833421,-0.456371,-0.523473,-0.438183,0.522127,2.10139,0.282389,-0.85565,-0.602828,1.07562,0.901062,-3.61192,0.000190409,-7.9876,1.36182,0.361501,0.0412867,2.23743,0.0207184,
233,0.139591,-0.0974527,0.245988,-0.0184287,0.555212,-0.106061,-0.248724,0,0.443088,0.929673,0.0372017,-0.019596,-0.365979,-0.53937,0.523472,-0.521988,-0.772339,-0.464662,-0.523557,-0.289759,0.522577,1.93595,0.303011,-1.13676,-2.02561,0.894938,-0.449891,-1.09776,0.000167165,-6.30905,1.08942,-0.675933,-0.0176516,3.67429,0.00288483,
234,-0.309961,0.19172,0.273921,-0.0185027,0.580129,-0.108136,-0.260351,0,0.426752,0.914995,0.0186345,0.0325559,-0.401719,-0.515067,0.523469,-0.53228,-0.736493,-0.534833,-0.525659,-0.0921559,0.522979,0.690928,-0.110862,0.829706,-0.929877,0.9991,-2.26265,1.5586,-0.00265279,2.67368,0.351543,-0.797038,-0.0539049,4.14099,0.005073,
235,-0.484524,0.250388,0.176063,-0.0185691,0.32502,-0.0603672,-0.20602,0,0.466842,0.888823,0.0098195,0.036481,-0.456691,-0.389123,0.523469,-0.296345,-0.739397,-0.530632,-0.527547,0.0540927,0.558538,0.639896,-0.0656434,0.606673,-0.123046,-0.295208,-2.66044,3.46241,0.000457506,6.73387,-0.454693,0.204753,-0.0307923,1.72708,1.40337,
236,-0.559888,0.22729,-0.061547,-0.018615,-0.0995585,0.0186204,-0.105438,0,0.485636,0.857663,0.000769918,0.0289375,-0.513397,-0.188461,0.523479,0.0913075,-0.772348,-0.525213,-0.528852,0.0503684,0.672834,0.83441,-0.133661,0.146821,-0.0434935,-0.512055,-2.54993,4.55552,4.81221e-05,8.75615,-0.858532,0.0407161,-0.0217064,-1.84848,3.15249,
237,-0.508222,0.0453465,-0.348391,-0.0186523,-0.480191,0.100979,0.00625332,0,0.504443,0.830513,-0.0110998,0.0125813,-0.556747,0.0218894,0.523615,0.496802,-0.804689,-0.524146,-0.529913,-0.138913,0.862228,1.72956,-0.316358,1.49678,0.0681951,-1.36511,-1.40828,3.85753,-0.00550127,7.34567,-0.21725,0.00614462,-0.0273109,-5.56646,4.19067,
238,-0.0826874,-0.225917,-0.377908,-0.018701,-0.465176,0.109429,0.0177666,0,0.567969,0.826547,-0.0377414,-0.0120612,-0.561471,0.145616,0.523428,0.538693,-0.796691,-0.523648,-0.531297,-0.504505,1.07461,1.46001,-0.342875,1.04264,-0.567174,-1.49708,0.359341,1.12775,0.000799806,-1.95612,0.530447,0.0134709,-0.0269025,-9.02219,4.2998,
239,0.0800568,-0.300548,-0.257529,-0.0187785,-0.305308,0.0735048,-0.0345985,0,0.608249,0.829688,-0.0574638,-0.0143579,-0.555075,0.131943,0.523453,0.36105,-0.750289,-0.519808,-0.533497,-0.561127,1.23653,1.06257,0.000400774,0.573222,-0.375655,0.243905,0.93588,-1.67035,0.000647603,-5.13437,1.32171,0.121666,-0.0536411,1.09422,1.01975,
240,0.178975,-0.377762,-0.0381271,-0.0188717,-0.0467243,0.0111898,-0.120356,0,0.623409,0.846726,-0.0579662,-0.00137067,-0.52886,0.00319237,0.523471,0.0548666,-0.672304,-0.520499,-0.536148,-0.493313,1.20781,1.03347,0.157426,0.0382379,-0.166451,0.486155,1.60154,-3.46425,0.00010447,-7.09653,1.79507,-0.146715,-0.0525819,1.61365,-1.71244,
241,0.178306,-0.339668,0.193167,-0.0189637,0.254303,-0.0610379,-0.216904,0,0.612273,0.866396,-0.0502103,0.0144986,-0.496614,-0.172807,0.523473,-0.299645,-0.582549,-0.525678,-0.538761,-0.381978,1.05485,1.01724,0.277469,-0.483205,0.128222,0.777634,1.44728,-3.57356,-1.88758e-05,-7.08307,1.79512,0.0394865,-0.052037,2.82843,-4.38459,
242,-0.132789,-0.110011,0.344128,-0.0190534,0.483612,-0.116096,-0.28964,0,0.575698,0.877621,-0.0320456,0.0310277,-0.477275,-0.311523,0.523475,-0.571805,-0.512752,-0.524479,-0.54131,-0.211447,0.778483,1.11658,0.12433,-0.976509,0.621795,0.928069,-0.00798916,-1.97342,0.000234673,-0.968549,0.279236,0.0102934,-0.0480661,3.98884,-6.65138,
243,-0.337335,0.0312946,0.310235,-0.0191321,0.472786,-0.101209,-0.27201,0,0.51503,0.87069,-0.008481,0.0406035,-0.49008,-0.344666,0.523479,-0.497941,-0.52925,-0.524454,-0.543547,-0.040689,0.471487,1.20803,-0.14638,-1.37624,0.190389,0.357333,-0.935552,0.62559,0.000159848,3.26947,-0.755791,-0.00142692,-0.0408391,2.8525,-1.47616,
244,-0.475982,0.0683032,0.169077,-0.0191913,0.296474,-0.051433,-0.207624,0,0.438726,0.85676,-0.00650782,0.0348061,-0.514499,-0.257781,0.523483,-0.252402,-0.584469,-0.524446,-0.545231,0.0377213,0.506711,0.902071,-0.0437905,-1.38033,1.60944,-1.68599,-1.24909,2.81825,0.000238401,6.51744,-1.45697,0.000257579,-0.0105857,0.30944,1.13745,
245,-0.521219,-0.00309022,-0.0785326,-0.0190525,-0.142665,0.0224762,-0.107393,0,0.407659,0.838957,0.0239567,-0.0247393,-0.543107,-0.0894447,0.523585,0.110221,-0.656911,-0.524232,-0.541286,-0.0283506,0.565746,2.0212,-1.11689,1.5384,0.973847,0.00151809,-0.893547,3.89903,-0.000363045,7.69042,-1.26481,0.00312293,0.369162,-2.70558,0.971893,
246,-0.465944,-0.248672,-0.315676,-0.0183786,-0.466092,0.0932598,-0.00156951,0,0.482394,0.839229,0.0274418,-0.0320646,-0.542137,0.0851389,0.523505,0.458592,-0.713799,-0.524113,-0.522132,-0.252207,0.610872,2.26377,-1.0674,1.30031,0.158836,-0.288368,0.628461,3.10206,-0.00114992,6.26595,-1.01645,0.000759599,0.165622,-6.26966,0.856503,
247,-0.112501,-0.356721,-0.354077,-0.0183948,-0.499582,0.111958,0.0347856,0,0.533702,0.858536,0.0254671,-0.0380197,-0.510708,0.178137,0.523473,0.551249,-0.746208,-0.523635,-0.522592,-0.593311,0.606808,1.87168,-0.87427,0.726631,-0.0131301,0.0778247,1.34359,0.663388,-0.000441474,-1.3699,-0.291573,0.0271406,-0.0505187,-1.73037,-1.00131,
248,0.0687393,-0.409997,-0.243632,-0.0184865,-0.359633,0.0801168,-0.00526656,0,0.555551,0.875916,0.0283144,-0.0338877,-0.480438,0.146197,0.523472,0.393662,-0.740118,-0.516061,-0.525199,-0.550439,0.502814,1.67993,-0.688456,0.198738,-0.148796,0.231475,1.75078,-1.92576,6.25145e-06,-4.91275,0.533337,0.262618,-0.0515779,1.00508,-1.11898,
249,0.188056,-0.468324,-0.0506126,-0.0185766,-0.0844845,0.0180162,-0.0864181,0,0.554229,0.899226,0.0209573,-0.0266297,-0.436169,0.00778841,0.523474,0.0883444,-0.699219,-0.504612,-0.52776,-0.489178,0.512174,1.55555,-0.586254,-0.273644,-0.417125,0.242167,2.26909,-3.59856,3.5457e-05,-7.27965,1.09728,0.19687,-0.0505718,1.44196,0.337121,
250,0.200748,-0.455498,0.141757,-0.0186643,0.276367,-0.0574777,-0.183862,0,0.528254,0.922755,0.0134839,-0.0164351,-0.384801,-0.176963,0.523474,-0.282128,-0.642144,-0.51058,-0.530252,-0.384676,0.520699,1.46107,-0.546891,-0.76206,-0.41339,0.358091,2.24439,-3.78939,1.08347e-05,-7.53666,1.18547,-0.430459,-0.0491694,2.72746,0.0613048,
251,-0.126952,-0.259412,0.252199,-0.0187474,0.561126,-0.116019,-0.257236,0,0.478482,0.939245,0.00684691,-0.00566041,-0.343133,-0.335474,0.523479,-0.571421,-0.594622,-0.529291,-0.532616,-0.214697,0.522045,1.63616,-0.679044,-1.23045,-0.345672,0.183501,0.867408,-2.54579,0.000255314,-1.08425,0.716845,0.0878194,-0.0430641,4.07009,0.00827188,
252,-0.35567,-0.136886,0.211746,-0.0188167,0.567514,-0.0997817,-0.23176,0,0.405048,0.942863,8.5532e-05,-0.00156842,-0.333176,-0.413327,0.523482,-0.49087,-0.580886,-0.525409,-0.534585,-0.0386128,0.522633,1.84859,-0.856469,-1.70776,-0.261756,-0.0201958,0.0714453,-0.588126,-1.68399e-05,3.67546,-0.159703,0.0398072,-0.0363411,2.98054,0.0069485,
253,-0.501729,0.262909,0.1055,-0.0187147,0.295037,-0.0449311,-0.160756,0,0.38517,0.930782,0.011338,0.000192865,-0.3654,-0.402048,0.523508,-0.220449,-0.597867,-0.524348,-0.531684,0.0418376,0.522973,2.21274,-0.429742,0.622396,0.250842,-0.466187,-2.54921,1.01381,0.000323996,7.17658,-0.558056,0.00454416,0.115892,0.274773,0.00315001,
254,-0.564009,0.157471,-0.100346,-0.0184893,-0.230722,0.0371008,-0.0541018,0,0.411523,0.906847,0.0143332,-0.0177401,-0.420842,-0.333858,0.523492,0.181991,-0.632079,-0.524222,-0.525279,-0.0343931,0.570217,2.65221,-0.349806,0.709687,-0.362963,-0.375233,-1.89204,1.69633,-0.000906485,8.87341,-0.793299,-1.86231e-05,0.213571,-3.22262,1.83255,
255,-0.314155,-0.156714,-0.313778,-0.0183904,-0.558673,0.11193,0.0509761,0,0.464088,0.893354,0.0117799,-0.0296901,-0.448217,-0.270607,0.523492,0.55111,-0.655909,-0.523983,-0.522468,-0.28968,0.681103,2.90081,-0.378894,0.980822,-0.613429,-0.964625,0.0964649,0.834844,-0.000466767,2.76406,-0.289018,0.000795568,-0.0300695,-7.01603,2.69925,
256,-0.0315769,-0.241649,-0.281557,-0.0184559,-0.493367,0.103749,0.0430855,0,0.50182,0.901579,-0.0111317,-0.0336208,-0.431162,-0.287475,0.523468,0.510528,-0.648729,-0.516029,-0.524331,-0.59099,0.783635,2.40081,-0.292968,0.509511,-0.785753,0.0793968,0.671243,-1.46908,-0.000271153,-2.95576,0.566104,0.341839,-0.0490264,-0.0890417,1.41598,
257,0.142899,-0.330805,-0.148143,-0.0185429,-0.278544,0.0563597,-0.0226385,0,0.513688,0.9113,-0.025909,-0.0210224,-0.41039,-0.410517,0.523471,0.276629,-0.602128,-0.491905,-0.526803,-0.539174,0.808311,2.27942,-0.173368,-0.029683,-0.63556,0.294638,1.35633,-3.44067,0.000115765,-6.3748,1.29367,0.616997,-0.0487712,1.06264,-0.414644,
258,0.226348,-0.270287,0.0422404,-0.0186286,0.0900515,-0.0172967,-0.123816,0,0.499034,0.924712,-0.0345221,-0.0049714,-0.379067,-0.557177,0.523474,-0.0848154,-0.528504,-0.465918,-0.529238,-0.461357,0.727329,2.07083,-0.22414,-0.547725,-0.519189,0.536186,1.03396,-0.0231404,1.4566e-05,-8.05935,1.65166,0.431236,-0.0495604,2.05128,-2.80214,
259,0.174939,-0.197564,0.215928,-0.0187166,0.487113,-0.0938313,-0.230297,0,0.460563,0.931619,-0.0325002,0.0150816,-0.361666,-0.52692,0.523475,-0.461419,-0.517384,-0.466768,-0.531738,-0.320089,0.540778,2.01794,-0.197743,-1.00874,-0.0157143,0.886823,0.558216,0.801869,2.84607e-05,-7.01537,-0.215511,-0.459717,-0.0497742,3.58368,-4.64382,
260,-0.260696,-0.0475943,0.256053,-0.0187922,0.603582,-0.111102,-0.255412,0,0.41589,0.931053,-0.0133991,0.0181517,-0.364185,-0.44907,0.523454,-0.546997,-0.543644,-0.530258,-0.533888,-0.112879,0.506025,1.52189,-0.622937,-0.586208,2.49642,-0.688808,-0.451858,2.24159,-0.000821032,1.62848,-0.829016,-1.65129,-0.0266535,4.69698,0.480383,
261,-0.450914,0.10802,0.181526,-0.0187911,0.45777,-0.0727918,-0.20736,0,0.384139,0.920414,0.0158871,-0.00814302,-0.390538,-0.292188,0.523447,-0.357535,-0.603866,-0.532768,-0.533857,0.0678316,0.520797,1.52663,-0.448462,-0.236292,-1.7827,0.091159,-1.53153,4.01856,-0.000829464,5.89555,-1.55278,0.264024,0.0933856,2.50991,0.113059,
262,-0.551987,0.247935,0.000116773,-0.0184967,0.000255636,-4.04927e-05,-0.115973,0,0.412617,0.894152,0.0177542,-0.00178947,-0.447407,-0.0624052,0.523504,-0.000198538,-0.684386,-0.52552,-0.525489,0.112214,0.542445,2.48055,-0.525913,0.836453,1.2652,-0.475574,-2.56727,5.14031,0.00099115,8.53317,-1.73008,0.0536341,0.186121,-0.683938,0.73338,
263,-0.532953,-0.0174224,-0.258535,-0.0183906,-0.442387,0.0843626,-0.000163783,0,0.463558,0.873109,0.0319694,-0.0333188,-0.485333,0.187053,0.523502,0.414621,-0.762529,-0.5242,-0.522475,-0.018707,0.617815,2.86221,-0.403325,1.77136,0.69582,-0.850128,-0.948915,4.84152,-0.000188041,8.00758,-1.18739,0.00781339,-0.0414737,-4.49273,2.08289,
264,-0.127039,-0.322675,-0.336655,-0.0184623,-0.49559,0.112195,0.0425031,0,0.54006,0.873449,0.0317491,-0.0582031,-0.482382,0.374981,0.523478,0.552423,-0.80475,-0.523784,-0.524512,-0.335981,0.715969,2.68749,-0.476929,1.29233,0.309459,-0.947762,1.01656,2.70073,-0.000228,-1.08252,-0.510308,0.00505764,-0.0387037,-8.16441,1.84396,
265,0.0525959,-0.25434,-0.243984,-0.0185366,-0.353068,0.0833426,0.0042577,0,0.589804,0.88275,0.0267053,-0.0785712,-0.462456,0.445748,0.523468,0.409585,-0.809274,-0.515767,-0.526622,-0.576482,0.746412,2.26053,-0.190339,0.667868,0.211675,-0.437527,0.534339,0.155127,-3.38458e-06,-4.597,0.321036,0.321955,-0.0485749,0.715549,-0.601042,
266,0.17077,-0.325459,-0.0705327,-0.0186217,-0.105112,0.0246527,-0.0787412,0,0.608817,0.890878,0.0273938,-0.0893481,-0.444525,0.408651,0.523474,0.120898,-0.778327,-0.499605,-0.529043,-0.521127,0.670397,2.16345,-0.0528766,0.0916446,0.335217,-0.205164,1.07314,-1.62526,8.83474e-05,-6.93162,0.912951,0.32418,-0.0480988,1.28242,-2.42492,
267,0.191804,-0.315729,0.129531,-0.0187059,0.206587,-0.0481734,-0.179057,0,0.59915,0.902139,0.0333905,-0.0964828,-0.419191,0.316422,0.523475,-0.23638,-0.729117,-0.497964,-0.531435,-0.427653,0.505056,2.07176,0.0307052,-0.42421,0.231994,-0.136843,1.07236,-2.05738,-0.000117813,-7.35542,1.05906,-0.255109,-0.0477504,2.44667,-1.68635,
268,-0.0636003,-0.168272,0.279397,-0.0187727,0.468419,-0.110444,-0.263556,0,0.568602,0.90995,0.0298141,-0.0992831,-0.401553,0.239958,0.523468,-0.543732,-0.685885,-0.534216,-0.533333,-0.273181,0.510696,2.13229,-0.091223,-0.686876,-0.495965,0.974608,0.130546,-0.999662,-0.000731094,-2.33032,0.667317,-0.234966,0.0179257,3.73528,0.386506,
269,-0.301441,-0.0371546,0.268665,-0.0187079,0.474426,-0.103809,-0.256305,0,0.526189,0.909224,0.028001,-0.0656452,-0.410144,0.242601,0.52347,-0.510823,-0.673573,-0.528155,-0.531492,-0.101826,0.521117,2.3103,-0.290591,-1.06746,-0.647368,1.08228,-0.69923,1.08343,0.00027055,2.49055,-0.167676,0.12943,0.0397041,3.11935,0.0796142,
270,-0.447016,0.00887461,0.169529,-0.0186337,0.335371,-0.0616966,-0.201248,0,0.461259,0.901767,0.0247243,-0.0371359,-0.429913,0.344436,0.523479,-0.302887,-0.700742,-0.524913,-0.529383,-0.00407893,0.523126,2.54939,-0.416416,-1.53641,-0.596628,0.820021,-1.03084,2.97397,7.12201e-05,5.80021,-0.912283,0.0231186,0.0445253,0.809285,0.013583,
271,-0.518137,0.0831874,-0.0208883,-0.0184882,-0.0451211,0.00707697,-0.108206,0,0.408293,0.888268,0.0336974,-0.00983353,-0.457982,0.520796,0.523602,0.0346994,-0.749336,-0.524269,-0.525247,-0.0440637,0.522268,3.3554,-0.608276,0.490919,0.270503,0.213161,-1.57383,4.07783,0.003073,7.60804,-0.753143,0.00198209,0.121464,-2.31224,-0.0400612,
272,-0.487873,-0.132476,-0.241489,-0.0184098,-0.432738,0.0801635,-0.00397886,0,0.451727,0.878819,0.0337165,-0.0138886,-0.47576,0.541775,0.523491,0.393892,-0.775466,-0.524117,-0.523019,-0.249854,0.52861,3.55873,-0.482086,0.801568,-0.0589455,-0.39397,-0.227728,-0.639717,-0.000624082,6.81918,-0.432742,0.00106771,-0.0124271,-5.9026,0.382649,
273,-0.148748,-0.21407,-0.330576,-0.018434,-0.55247,0.11375,0.0489897,0,0.478506,0.883958,0.0258849,-0.0195861,-0.466438,0.465891,0.523474,0.56015,-0.78171,-0.52368,-0.523707,-0.579381,0.522716,3.11404,-0.397689,0.249978,-0.405519,-0.109129,0.300728,-2.36413,-0.000426785,-0.651283,0.172266,0.0213559,-0.0208297,-1.90707,-0.472017,
274,0.0532145,-0.267097,-0.253098,-0.0184766,-0.442597,0.0870685,0.0105372,0,0.478237,0.887804,0.0130126,-0.0135556,-0.459837,0.290523,0.52347,0.427986,-0.752542,-0.513876,-0.524919,-0.547743,0.520956,2.90209,-0.241725,-0.258534,-0.637234,0.024141,0.700553,-4.64076,0.00010185,-4.60911,0.989593,0.357943,-0.0249088,0.799701,0.0602729,
275,0.201255,-0.393302,-0.0702628,-0.0185218,-0.142782,0.0249789,-0.0763191,0,0.452695,0.899436,-0.000933061,-0.0040084,-0.437032,0.0177295,0.523472,0.122499,-0.688162,-0.494949,-0.526203,-0.499436,0.522517,2.74887,-0.142398,-0.698657,-0.442775,0.796092,1.69597,-6.2712,-0.00038594,-7.54694,1.60411,0.389118,-0.0347951,1.12413,0.0111554,
276,0.23257,-0.436505,0.13801,-0.0185895,0.335217,-0.055015,-0.181934,0,0.411402,0.919905,0.00947781,0.0238616,-0.391299,-0.301623,0.523468,-0.270015,-0.604138,-0.490181,-0.528128,-0.408303,0.522493,2.16596,0.0344077,-0.683264,0.963523,-0.205929,2.14592,-6.49303,0.000297136,-8.18728,1.73291,-0.18902,-0.0189072,2.51727,-0.00226784,
277,-0.12853,-0.0609756,0.272827,-0.0185888,0.656665,-0.117438,-0.265285,0,0.390547,0.929718,-0.00460594,-0.0108846,-0.368083,-0.563161,0.523445,-0.578474,-0.528884,-0.526917,-0.528108,-0.248651,0.522324,1.75402,-0.00896934,-0.362303,-1.57195,-0.203781,-0.345695,-1.13382,-0.000831562,-1.05277,1.2758,-0.52659,0.0885344,3.97019,-0.00105271,
278,-0.385365,0.0364776,0.23816,-0.0184096,0.585148,-0.0977593,-0.241402,0,0.381153,0.923268,0.000889771,0.00446045,-0.384129,-0.519619,0.523465,-0.480856,-0.522604,-0.52726,-0.523013,-0.0775257,0.523079,1.45704,-0.471548,-0.170016,0.955903,0.0235611,-0.959424,1.95179,0.000336128,4.34635,-0.450655,0.0904521,0.0455726,2.87911,0.0102458,
279,-0.537872,0.177218,0.0914576,-0.0184159,0.225789,-0.0337464,-0.158695,0,0.382767,0.90681,0.00686154,-0.00153626,-0.421481,-0.380157,0.523481,-0.165524,-0.559865,-0.524717,-0.523193,-0.00874769,0.528053,1.87848,-0.605895,0.494099,0.164922,0.225448,-1.92129,3.59493,0.000536976,8.14212,-0.991585,0.020011,-0.0106364,-0.031156,0.185585,
280,-0.573708,0.0782834,-0.160534,-0.0184279,-0.337411,0.0550064,-0.0365917,0,0.40844,0.889687,0.010872,-0.0124358,-0.456272,-0.188979,0.523514,0.269972,-0.61172,-0.524217,-0.523535,-0.104547,0.566657,2.74038,-0.652567,1.11668,1.04712,-0.961737,-1.35101,4.04982,0.00334736,9.15267,-0.931377,0.00215524,-0.00540257,-3.67715,1.19983,
281,-0.184385,-0.278223,-0.341528,-0.0184462,-0.583166,0.118073,0.0557877,0,0.463112,0.884062,0.0168283,-0.0399127,-0.465358,-0.0217823,0.523499,0.581633,-0.64377,-0.523937,-0.524054,-0.387108,0.636724,2.68892,-0.717706,1.15117,0.137443,-0.631953,0.928474,2.64046,-0.00107121,0.0628365,-0.326402,0.00241241,-0.0201628,-7.58928,1.57649,
282,0.0371683,-0.236653,-0.269354,-0.0184881,-0.457568,0.0957264,0.0270998,0,0.506088,0.893342,0.0127529,-0.0516597,-0.446216,0.0452755,0.523471,0.470795,-0.638243,-0.513711,-0.525245,-0.578287,0.662373,2.26896,-0.454484,0.555751,0.100447,-0.229912,0.652009,0.0651576,-8.50406e-05,-4.29581,0.539564,0.408863,-0.0286805,1.03498,-0.529664,
283,0.193781,-0.331772,-0.0986712,-0.018538,-0.179799,0.0362634,-0.0559951,0,0.519896,0.904073,0.0135435,-0.0570794,-0.423333,-0.000907003,0.523474,0.17788,-0.594381,-0.489333,-0.526662,-0.517245,0.593061,2.15302,-0.319562,-0.00517205,0.233968,-0.054095,1.37404,-1.89698,4.63582e-05,-7.39542,1.21039,0.565178,-0.0279528,1.32333,-2.22913,
284,0.239714,-0.329882,0.110295,-0.0185876,0.222098,-0.0439391,-0.165742,0,0.507084,0.918422,0.0146302,-0.0598297,-0.390779,-0.111448,0.523474,-0.215575,-0.528419,-0.471918,-0.528074,-0.417631,0.506483,2.0243,-0.212656,-0.4777,-0.0939696,-0.0884514,1.4522,-2.51793,-2.42167e-06,-8.33474,1.42959,0.134271,-0.028941,2.65109,0.14415,
285,-0.0599614,-0.148811,0.265335,-0.0185764,0.558535,-0.114692,-0.260941,0,0.475792,0.929445,0.0134365,-0.0438633,-0.366099,-0.213866,0.523464,-0.564829,-0.518851,-0.49487,-0.527753,-0.244148,0.518568,2.10159,-0.305251,-0.77339,-0.382643,1.07201,0.235377,-1.56891,0.000427477,-2.40147,-0.234763,-1.03011,0.0401096,4.28292,0.147475,
286,-0.338808,0.0318801,0.245629,-0.0185015,0.560572,-0.103267,-0.247066,0,0.426031,0.926573,0.0136485,-0.0190737,-0.375384,-0.241332,0.523479,-0.508135,-0.551306,-0.537586,-0.525627,-0.0453239,0.52244,2.34246,-0.462245,-1.22655,-0.326912,0.819474,-0.969954,0.448811,0.00011219,3.30186,-1.05791,0.210648,0.0436633,3.67481,0.0288788,
287,-0.493869,0.285294,0.133516,-0.0184016,0.331441,-0.0505316,-0.180668,0,0.382476,0.911141,0.00612096,0.00328636,-0.412037,-0.174007,0.523501,-0.247971,-0.618668,-0.52721,-0.522788,0.0714582,0.527599,2.4865,-0.488893,0.49923,-0.104974,0.571592,-2.73259,2.24082,0.00155854,6.97303,-1.53662,0.111162,0.0268933,1.01939,0.118767,
288,-0.566944,0.199244,-0.0919346,-0.0184194,-0.183729,0.0305467,-0.0760953,0,0.428307,0.883478,0.0171195,-0.00707482,-0.468106,-0.0410894,0.523522,0.149819,-0.69469,-0.52456,-0.523292,0.0346965,0.578165,2.97649,-0.468798,1.11841,1.05929,-0.47333,-2.25445,3.06953,-0.000659011,8.95729,-1.51954,0.0179128,-0.0167084,-2.49544,1.91092,
289,-0.449912,-0.10446,-0.347625,-0.0184489,-0.538511,0.112101,0.037807,0,0.487072,0.865337,0.0182132,-0.0308043,-0.499911,0.0909199,0.523491,0.551958,-0.759144,-0.524039,-0.524131,-0.188332,0.703629,3.12525,-0.442004,1.45818,-0.12575,-0.574216,-0.386369,2.20797,-0.000712712,5.87076,-0.968819,0.00165904,-0.030285,-6.37967,3.0378,
290,-0.0332359,-0.260039,-0.328415,-0.0185032,-0.477056,0.108489,0.0360281,0,0.546492,0.873234,0.00206906,-0.0381815,-0.485799,0.134387,0.523473,0.534031,-0.785882,-0.519068,-0.525675,-0.557842,0.83241,2.71265,-0.37503,0.906339,-0.574503,-0.376639,0.605805,-0.419221,-0.000392085,-2.92343,-0.110668,0.23326,-0.0359056,-3.52579,2.11986,
291,0.135414,-0.296713,-0.187859,-0.0185739,-0.273386,0.0620845,-0.0307409,0,0.57726,0.879528,-0.0117021,-0.0341585,-0.474475,0.0543832,0.523471,0.304797,-0.771538,-0.501034,-0.527684,-0.547397,0.8881,2.50725,-0.137184,0.339627,-0.46391,0.0243664,0.879474,-2.77207,0.000136054,-6.22608,0.681138,0.474813,-0.0409293,0.886699,0.123056,
292,0.218706,-0.344515,0.0288948,-0.0186463,0.0445979,-0.0099484,-0.131376,0,0.580707,0.892101,-0.0182479,-0.0259533,-0.450721,-0.115313,0.523474,-0.0487793,-0.726776,-0.483613,-0.529742,-0.479666,0.839567,2.43906,0.00993664,-0.200721,-0.225934,0.319366,1.28179,-4.00542,-1.09209e-05,-7.90268,1.10668,0.224793,-0.0413766,1.81432,-2.04709,
293,0.183777,-0.294642,0.233662,-0.0187188,0.385019,-0.0866752,-0.235717,0,0.557593,0.904928,-0.0152386,-0.0144724,-0.425045,-0.30543,0.523474,-0.426043,-0.674358,-0.496112,-0.531801,-0.351436,0.676353,2.39494,0.0500959,-0.722091,0.102852,0.589607,1.00009,-3.60137,-9.64662e-06,-7.19328,0.990833,-0.716754,-0.0410161,3.30119,-4.46205,
294,-0.228555,-0.0132852,0.297185,-0.018784,0.517278,-0.111695,-0.2707,0,0.510244,0.905672,-0.00788889,-0.00654211,-0.423855,-0.437368,0.523481,-0.549942,-0.641722,-0.532532,-0.533654,-0.156385,0.475288,2.59485,-0.182242,-1.11078,-0.271132,0.0049149,-0.80737,-1.69229,9.3233e-05,0.962091,0.323505,0.0623356,-0.033834,4.49329,-0.0199997,
295,-0.39849,0.0394077,0.236209,-0.0188385,0.452473,-0.0831762,-0.236402,0,0.445194,0.893908,-0.0122902,-0.00668823,-0.448031,-0.465717,0.523483,-0.408763,-0.646423,-0.526476,-0.535203,0.0218392,0.513293,2.51625,-0.753906,-1.1963,1.36138,0.523173,-1.15029,0.539986,0.000385357,4.64838,-0.525165,0.0752247,-0.0331122,2.64784,0.787922,
296,-0.511727,0.168421,0.0633431,-0.0188815,0.134137,-0.0205672,-0.15395,0,0.397057,0.877785,0.0223085,-0.0118452,-0.478389,-0.396174,0.523493,-0.100857,-0.686366,-0.524541,-0.536426,0.0781165,0.557424,2.86672,-0.701303,0.321978,-0.647956,0.159413,-2.03929,2.23372,0.00056678,7.43883,-0.905737,0.0277731,0.0745126,-0.342273,0.8781,
297,-0.530439,0.04658,-0.189183,-0.0187194,-0.321741,0.0574721,-0.0485161,0,0.44928,0.856121,0.016879,-0.0123501,-0.516353,-0.276539,0.523506,0.2821,-0.720274,-0.52418,-0.53182,-0.0288587,0.618009,3.29457,-0.748704,1.24369,-0.104269,-0.479955,-1.29881,2.54812,-0.000461418,7.93927,-0.590504,-0.00155147,0.0903611,-3.92614,1.66379,
298,-0.205193,-0.219734,-0.368232,-0.0185631,-0.530526,0.112775,0.0311919,0,0.499298,0.848191,0.00595799,-0.0201181,-0.529275,-0.187403,0.52348,0.555307,-0.738243,-0.523972,-0.527375,-0.317557,0.707431,3.13863,-0.798633,0.750007,-0.488229,-0.537019,0.399087,1.02476,-0.000396292,0.484419,-0.134514,0.00218759,0.0863387,-7.59816,1.9122,
299,-0.00490132,-0.184382,-0.313345,-0.0184197,-0.449347,0.0968808,0.0102603,0,0.523185,0.855242,-0.0117216,-0.0221093,-0.517624,-0.204192,0.523469,0.476507,-0.72426,-0.518549,-0.523301,-0.596892,0.760061,2.79482,-0.513453,0.190043,-0.619761,-0.152001,0.183302,-1.66073,-0.000153725,-3.47574,0.684816,0.230017,0.059817,0.571329,0.211546,
300,0.152013,-0.282562,-0.148919,-0.0184184,-0.226299,0.0458786,-0.0633767,0,0.519328,0.861458,-0.0246334,-0.0151703,-0.507005,-0.342445,0.523472,0.225104,-0.673079,-0.505886,-0.523265,-0.533437,0.736487,2.72385,-0.36811,-0.343061,-0.510851,0.0700775,0.917782,-3.85401,7.23426e-05,-6.55635,1.35849,0.273919,-0.0126052,1.29232,-1.14397,
301,0.216646,-0.242317,0.0863806,-0.0184422,0.146568,-0.0276981,-0.165978,0,0.48885,0.87399,-0.0310145,-0.00513915,-0.484926,-0.544986,0.523473,-0.13584,-0.598205,-0.504064,-0.52394,-0.442945,0.628739,2.57055,-0.343015,-0.869013,-0.375455,0.315386,0.74601,-1.77231,1.21238e-05,-7.86056,1.63725,-0.18998,-0.0152226,2.32937,-3.14677,
302,0.138393,-0.248008,0.298017,-0.0184753,0.53557,-0.0998256,-0.266694,0,0.436352,0.878884,-0.0288868,0.00951099,-0.476066,-0.533445,0.523473,-0.491087,-0.522365,-0.529214,-0.524881,-0.289693,0.495779,2.29165,-0.29708,-1.02013,0.766117,1.47281,0.890086,0.792196,-0.000240777,-6.28526,1.21326,-0.0673907,-0.0310129,3.77234,0.0538208,
303,-0.282014,0.052686,0.334842,-0.0184982,0.639967,-0.111648,-0.284585,0,0.385232,0.876184,0.00564856,-0.00294606,-0.481934,-0.440977,0.523458,-0.549711,-0.521878,-0.526032,-0.525533,-0.079092,0.515307,2.0063,-0.353367,-1.03043,2.21722,-1.13813,-1.06205,2.8781,8.97832e-05,2.07688,-0.487446,0.0576701,0.00562107,4.63782,0.27058,
304,-0.468069,0.232119,0.225607,-0.0183772,0.437359,-0.0689792,-0.232862,0,0.383764,0.856897,2.85988e-05,0.00114846,-0.515486,-0.239329,0.523416,-0.338748,-0.561323,-0.524528,-0.522094,0.090092,0.534694,1.38241,-1.04915,0.543474,0.79408,0.168249,-2.28909,5.15405,0.0013561,6.31952,-1.10512,0.0077271,-0.0110239,2.26023,0.549842,
305,-0.570298,0.231184,-0.0353642,-0.0184163,-0.0615843,0.00974476,-0.131284,0,0.411677,0.82603,0.00703747,-0.0195565,-0.563243,0.0528488,0.523505,0.0477807,-0.625654,-0.52436,-0.523205,0.117108,0.602069,1.99294,-1.16071,1.02684,1.52688,-1.51037,-2.37222,6.52579,0.00280412,9.05397,-1.31516,0.000873156,-0.0143175,-1.10807,1.97816,
306,-0.533365,-0.00860297,-0.352405,-0.0184269,-0.475742,0.0958682,-0.0111429,0,0.484084,0.802765,0.0140613,-0.0502242,-0.59401,0.363934,0.523496,0.471496,-0.683344,-0.524155,-0.523505,-0.0385608,0.735736,2.30875,-1.47481,1.3993,0.479213,-1.33643,-0.895117,5.92616,-0.000672757,8.01884,-1.06409,-0.000146142,-0.00314981,-5.11575,3.42015,
307,-0.0847091,-0.416878,-0.405832,-0.0184329,-0.500222,0.113855,0.0185314,0,0.541982,0.807493,-0.00148369,-0.0814423,-0.584226,0.552241,0.523472,0.560672,-0.717555,-0.523851,-0.523677,-0.386819,0.900623,2.06053,-1.34522,0.933771,0.169876,-1.09178,1.83511,0.12313,-0.000120465,-1.91676,-0.304497,0.00423728,-0.00745846,-8.78351,3.17222,
308,0.0951492,-0.392733,-0.264046,-0.0184773,-0.329984,0.0765637,-0.0279034,0,0.582924,0.832709,-0.0238381,-0.0828579,-0.546957,0.48243,0.523464,0.376133,-0.708425,-0.520598,-0.524937,-0.593633,0.974926,1.63653,-0.936544,0.495051,-0.622511,-0.0701369,1.66351,-2.84661,0.000229214,-5.4308,0.599719,0.13722,-0.0333553,1.44537,-0.101766,
309,0.201779,-0.456948,-0.0339475,-0.0185364,-0.0456176,0.0103963,-0.115856,0,0.593269,0.858194,-0.0372652,-0.0727422,-0.506777,0.295181,0.523474,0.0509755,-0.665112,-0.519268,-0.526618,-0.504513,0.897768,1.55994,-0.791174,-0.0823217,-0.392436,0.258033,2.22414,-4.6287,7.20681e-05,-7.5576,1.12922,-0.0815005,-0.0339545,2.08222,-2.96178,
310,0.199617,-0.407228,0.195277,-0.0185967,0.292295,-0.0663597,-0.215867,0,0.574992,0.884175,-0.039906,-0.0581332,-0.461803,0.0632077,0.523474,-0.325845,-0.60801,-0.526232,-0.528331,-0.366371,0.669212,1.49658,-0.707337,-0.64792,-0.0183876,0.659411,1.91323,-4.64796,-3.09028e-05,-7.51371,1.15459,0.0402306,-0.0346584,3.4311,-6.15515,
311,-0.18613,-0.164596,0.31207,-0.0186532,0.509079,-0.114538,-0.277445,0,0.533717,0.898168,-0.0415196,-0.0449651,-0.435372,-0.126977,0.523479,-0.564061,-0.563419,-0.524632,-0.529936,-0.162459,0.472653,1.62111,-0.954903,-0.944149,-0.722946,-0.11425,0.27668,-2.96082,0.000156938,0.0981778,0.63561,0.0157004,-0.0273565,4.72435,0.740622,
312,-0.358754,-0.0250765,0.261295,-0.0186966,0.475745,-0.0946171,-0.24996,0,0.477724,0.896678,-0.0537461,-0.0429355,-0.437305,-0.214309,0.523488,-0.465306,-0.553299,-0.524434,-0.531171,0.0348108,0.511644,1.64824,-1.50412,-1.05043,1.1052,0.30228,-0.609168,-0.543307,0.000725182,3.7443,-0.21789,-0.000296884,-0.02336,3.18417,0.425282,
313,-0.488872,0.0532085,0.121094,-0.0185949,0.241342,-0.0411831,-0.178764,0,0.435985,0.888627,0.00212231,-0.0203516,-0.458174,-0.192851,0.523476,-0.202038,-0.579305,-0.524372,-0.528281,0.125803,0.527098,1.86317,-1.94748,-0.942731,1.56547,2.31178,-1.14523,1.37641,4.2892e-05,6.84485,-0.842021,-0.000993373,0.0900057,0.471814,0.204718,
314,-0.539836,-0.0105312,-0.110258,-0.0184367,-0.229621,0.0358014,-0.0712521,0,0.399073,0.877451,0.0107303,0.000999902,-0.479546,-0.104544,0.523489,0.175612,-0.626585,-0.524266,-0.523785,0.060936,0.546673,2.39035,-0.877246,-0.218063,-1.40602,-0.796742,-0.803902,2.14417,0.00629663,8.19598,-0.979218,0.00139598,0.0918889,-2.98722,0.519581,
315,-0.45025,-0.188277,-0.323325,-0.018416,-0.567953,0.106336,0.0323585,0,0.431419,0.872735,0.0221711,-0.0158441,-0.487433,-0.0215157,0.523446,0.523353,-0.651632,-0.524019,-0.523196,-0.174649,0.557078,3.15663,-0.802299,0.786775,0.983905,-0.33323,0.310024,1.19372,-0.00130204,5.87932,-0.243347,0.00177731,-0.0119054,-6.52007,0.0652759,
316,-0.0509476,-0.338586,-0.308749,-0.0184375,-0.54952,0.108066,0.0430272,0,0.457519,0.888473,0.0352239,-0.0326014,-0.456412,-0.0231805,0.523458,0.531934,-0.643977,-0.519975,-0.523807,-0.550933,0.525513,2.75838,-0.752956,0.24186,0.650981,-0.144063,1.35407,-1.21029,0.000194397,-2.5776,0.539398,0.195295,-0.0159176,-3.68725,-1.31626,
317,0.144616,-0.324123,-0.171333,-0.0184724,-0.342113,0.0624559,-0.0184311,0,0.456974,0.901339,0.0412554,-0.0400255,-0.429282,-0.137907,0.523468,0.306625,-0.597883,-0.502546,-0.5248,-0.546452,0.516843,2.44065,-0.514503,-0.216749,-0.215523,-0.145561,1.31448,-3.3673,-0.000143746,-6.40894,1.30316,0.491333,-0.023792,0.757079,0.166951,
318,0.250908,-0.329371,0.0358754,-0.0184752,0.0826158,-0.0139022,-0.124323,0,0.437371,0.915591,0.0248755,-0.0259064,-0.400504,-0.333202,0.523462,-0.0681679,-0.522645,-0.482102,-0.524878,-0.48425,0.521648,2.25409,-0.316163,-0.604535,-0.894427,0.745973,1.45657,-4.44284,0.000210719,-8.56674,1.40243,0.325745,0.0163116,1.74209,0.0387944,
319,0.200663,-0.132682,0.227622,-0.0184544,0.556353,-0.095735,-0.236116,0,0.398618,0.927241,0.0106284,0.00317887,-0.374301,-0.543019,0.523471,-0.470837,-0.517684,-0.48812,-0.524288,-0.354329,0.522479,2.07903,-0.190873,-0.834156,-2.22666,0.783168,0.131991,-3.20624,1.62549e-06,-7.53492,-0.205422,-0.545516,-0.00059881,3.38192,0.00403034,
320,-0.278359,-0.0466117,0.272489,-0.0184209,0.652867,-0.112353,-0.262083,0,0.376674,0.923148,0.00259256,-0.0058456,-0.384391,-0.534106,0.523464,-0.553211,-0.543816,-0.534094,-0.523336,-0.1519,0.522976,1.31684,-0.422438,-0.100121,0.850434,0.722814,-0.458381,1.3953,-0.000936244,1.99955,-0.824127,-0.0856145,0.00933511,4.69291,0.00494735,
321,-0.478752,0.301247,0.188721,-0.0184267,0.426162,-0.0686819,-0.211486,0,0.393658,0.902381,0.00816368,0.00777075,-0.430792,-0.413987,0.523478,-0.337283,-0.599338,-0.527484,-0.523499,0.0198864,0.523221,1.17182,-0.478794,0.401625,0.359022,0.234793,-2.8171,3.35945,0.000463896,6.58739,-1.45105,0.10961,-0.00326375,2.30877,0.0039775,
322,-0.575224,0.224399,-0.0375828,-0.0184289,-0.0737072,0.0119105,-0.109252,0,0.420188,0.871539,0.017508,-0.0159172,-0.489756,-0.216353,0.523546,0.0584006,-0.678609,-0.524707,-0.523563,0.0496075,0.574128,1.91945,-0.64532,0.947304,1.49705,-1.80801,-2.40017,4.53245,0.000319692,9.19654,-1.63184,0.0198923,-0.000487197,-1.06492,1.92852,
323,-0.535527,7.0134e-05,-0.325752,-0.0184164,-0.484316,0.0994623,0.0120761,0,0.491762,0.847999,0.0287362,-0.0618856,-0.525587,-0.00314342,0.523501,0.489288,-0.746944,-0.52408,-0.523207,-0.104256,0.700562,2.22387,-0.763121,1.57135,0.769867,-1.31117,-1.03888,4.00589,-0.000836432,8.0778,-1.21903,0.00134941,-0.00516533,-5.08028,3.21752,
324,-0.0840837,-0.358806,-0.351309,-0.0184367,-0.472345,0.109838,0.0301595,0,0.559902,0.851497,0.0208486,-0.0897524,-0.5162,0.13141,0.523472,0.540725,-0.787244,-0.523332,-0.523784,-0.451004,0.856926,1.9351,-0.86199,1.18103,-0.154737,-1.26361,1.30179,1.41675,-0.000148211,-1.92903,-0.407049,0.032598,-0.011626,-8.74306,3.02475,
325,0.085291,-0.303361,-0.232162,-0.0184703,-0.30716,0.0734949,-0.0198448,0,0.604252,0.860307,-0.00707769,-0.107401,-0.498284,0.13736,0.523467,0.361001,-0.787038,-0.515864,-0.524738,-0.568923,0.937619,1.57806,-0.501429,0.569354,-0.475644,-0.884878,0.904545,-1.17046,0.000220529,-5.23716,0.406732,0.256639,-0.0232843,1.17181,0.245077,
326,0.184544,-0.371185,-0.0307654,-0.0185118,-0.0424655,0.0100834,-0.107764,0,0.61818,0.872297,-0.0277731,-0.118865,-0.473495,0.0377042,0.523475,0.0494411,-0.753679,-0.507243,-0.525918,-0.496421,0.893838,1.52429,-0.370074,-0.0165558,-0.271806,-0.634822,1.43959,-2.80229,5.72393e-05,-7.20877,0.924006,0.0901733,-0.0239894,1.7233,-1.97836,
327,0.182608,-0.346875,0.178976,-0.0185084,0.265687,-0.0631556,-0.20682,0,0.605155,0.887908,-0.039201,-0.114335,-0.443857,-0.104697,0.52347,-0.310069,-0.706764,-0.522132,-0.525821,-0.378659,0.729121,1.45111,-0.29335,-0.523035,-0.248059,0.347224,1.32672,-2.89148,0.000106621,-7.16969,0.954706,-0.679475,0.0119109,2.97255,-4.58994,
328,-0.165082,-0.114693,0.3053,-0.018462,0.478517,-0.113304,-0.27442,0,0.568877,0.896788,-0.0394422,-0.0967226,-0.429953,-0.212457,0.523473,-0.557932,-0.671619,-0.527014,-0.524504,-0.200058,0.477795,1.55807,-0.441983,-0.818199,-0.748257,0.497595,-0.198595,-1.41671,0.000277141,-0.324958,0.461451,0.0815263,0.0440089,4.16575,-1.37633,
329,-0.334208,0.0108791,0.273991,-0.018413,0.45208,-0.0978218,-0.256231,0,0.52458,0.891365,-0.0522084,-0.0717778,-0.444512,-0.225619,0.523481,-0.481165,-0.669752,-0.524814,-0.52311,-0.0261702,0.504561,1.47093,-0.987818,-0.705396,0.387242,1.31143,-1.00055,0.880054,0.000844735,3.20079,-0.39352,0.0168237,-0.00901043,2.80529,0.633304,
330,-0.464921,0.0532123,0.151896,-0.0184263,0.261093,-0.0499364,-0.195665,0,0.487082,0.878101,-0.00386374,-0.0557513,-0.475201,-0.132341,0.523491,-0.245045,-0.70666,-0.524413,-0.523489,0.050658,0.537016,1.59685,-1.40212,-0.854547,1.04505,1.90843,-1.32231,2.81938,-0.000959219,6.2406,-1.07352,0.0033234,-0.00258511,0.27636,0.673571,
331,-0.52408,-0.0687594,-0.070067,-0.0184292,-0.130314,0.0218092,-0.0970644,0,0.433543,0.865165,0.0381365,-0.0293202,-0.499175,0.0323623,0.523484,0.106949,-0.767839,-0.524298,-0.523572,-0.019906,0.579486,2.11693,-1.09839,-0.568306,-0.0694141,0.123477,-0.62802,3.74338,0.00822078,7.76781,-1.24972,0.000480696,-0.000632075,-2.98187,0.915124,
332,-0.461634,-0.271526,-0.287984,-0.0184501,-0.460346,0.0917302,0.00713701,0,0.481411,0.86377,0.0445831,-0.0455422,-0.499839,0.200889,0.523348,0.451027,-0.799258,-0.52409,-0.524166,-0.250426,0.588764,2.90409,-0.988125,1.28963,0.615107,-0.657965,0.666083,3.00951,-0.00684422,6.16003,-0.363776,0.00128354,-0.0139072,-6.34026,-0.227146,
333,-0.121271,-0.354001,-0.324302,-0.0184755,-0.497519,0.111141,0.0447243,0,0.532437,0.880124,0.0472631,-0.0662693,-0.467715,0.294429,0.523404,0.547192,-0.800054,-0.523445,-0.524888,-0.593826,0.527587,2.50638,-0.840566,0.710085,0.427939,-0.32451,1.24886,0.775731,0.00192075,-1.19617,0.320023,0.0471374,-0.0203644,-1.7341,-2.20059,
334,0.0595955,-0.390221,-0.227027,-0.018517,-0.363421,0.0810706,0.00637872,0,0.55576,0.89314,0.0429716,-0.0761757,-0.441194,0.273558,0.52346,0.398369,-0.764085,-0.513134,-0.526067,-0.550716,0.513202,2.2753,-0.688662,0.211679,-0.0470105,-0.3485,1.5672,-1.60169,0.000584177,-4.73377,1.11237,0.352696,-0.0236424,0.996178,0.272016,
335,0.180849,-0.445985,-0.0531898,-0.0185583,-0.0969012,0.02063,-0.0732739,0,0.552917,0.911873,0.0344929,-0.083893,-0.400325,0.153863,0.523473,0.101165,-0.69491,-0.495145,-0.52724,-0.491543,0.520895,2.15165,-0.595861,-0.326158,-0.100569,-0.240299,2.09485,-3.17357,7.09744e-05,-7.13427,1.65112,0.367053,-0.0233093,1.36796,0.0611652,
336,0.198194,-0.400497,0.12315,-0.0185396,0.260403,-0.0538714,-0.171408,0,0.526996,0.931332,0.0277568,-0.0708976,-0.356124,-0.0105847,0.523466,-0.264391,-0.610644,-0.491186,-0.526709,-0.391508,0.522121,2.03993,-0.504522,-0.732458,-0.413342,0.845142,1.85824,-3.40333,0.000160226,-7.48479,1.72376,-0.19546,0.0241417,2.61764,0.00650845,
337,-0.11158,-0.21965,0.230023,-0.0184971,0.548378,-0.11289,-0.247294,0,0.479381,0.945683,0.0229539,-0.049315,-0.320507,-0.153779,0.523477,-0.555877,-0.53612,-0.527491,-0.525502,-0.227513,0.522346,2.1961,-0.631179,-1.16321,-0.360377,0.681684,0.679524,-2.31613,0.000297158,-1.38809,1.25816,-0.49846,0.0261884,3.942,0.0020788,
338,-0.337901,-0.0639013,0.203433,-0.0184065,0.558763,-0.100225,-0.228723,0,0.415122,0.947697,0.0195724,-0.0133427,-0.31829,-0.224314,0.523472,-0.493064,-0.518659,-0.527272,-0.522925,-0.0543923,0.522774,2.37295,-0.724119,-1.47384,-0.69975,1.5146,-0.312736,-0.524992,0.000184765,3.28196,-0.335463,0.0934501,0.00317883,2.98275,0.00533749,
339,-0.488228,0.0654322,0.104391,-0.0184184,0.326014,-0.0477232,-0.15847,0,0.367681,0.940297,0.000179577,-0.00188143,-0.340349,-0.212197,0.523464,-0.234168,-0.551183,-0.524681,-0.523266,0.0285747,0.523168,1.53367,-0.849636,0.683302,1.70798,0.451356,-1.18442,0.985577,-0.00227995,6.82845,-0.893645,0.0259852,0.00317079,0.392172,0.00300377,
340,-0.559002,0.00530942,-0.0731874,-0.0184252,-0.188751,0.0311334,-0.048559,0,0.424651,0.930601,0.0235728,-0.00480044,-0.365244,-0.145672,0.523471,0.152698,-0.599692,-0.524191,-0.523457,-0.039612,0.533785,1.90019,-0.543174,1.01157,0.78051,-0.0423254,-0.8676,1.67021,0.000440286,8.73108,-1.10527,-0.000351022,-0.0047792,-3.10318,0.436367,
341,-0.444561,-0.254313,-0.259797,-0.0184314,-0.552488,0.110488,0.0686135,0,0.464649,0.92736,0.0393503,-0.0140117,-0.371832,-0.0783325,0.52348,0.543952,-0.647316,-0.523961,-0.523633,-0.292496,0.555541,2.01717,-0.500677,0.663731,0.180167,-0.58488,0.759317,1.01811,4.13436e-05,5.74049,-0.795727,0.0016197,0.000253829,-6.94816,0.416916,
342,-0.038751,-0.30761,-0.231301,-0.0184354,-0.525339,0.107918,0.0736873,0,0.483508,0.940393,0.0340038,-0.0267076,-0.33733,-0.0765912,0.523471,0.5312,-0.665924,-0.512904,-0.523749,-0.579348,0.529115,1.46018,-0.481229,0.0841802,-0.080448,-0.278291,1.10282,-0.903453,-0.000147005,-2.81582,0.0411758,0.475377,-0.00815942,0.0394816,-1.45704,
343,0.147891,-0.380465,-0.119714,-0.0184523,-0.321297,0.0607548,0.0108948,0,0.475711,0.950948,0.0228544,-0.0323855,-0.3068,-0.162783,0.523473,0.298252,-0.644038,-0.476792,-0.524228,-0.53653,0.517338,1.2854,-0.430293,-0.408666,-0.425709,-0.303996,1.66098,-2.53593,9.13838e-05,-6.47418,0.828048,0.962255,-0.00990884,0.822688,0.149718,
344,0.245895,-0.323172,0.0265159,-0.0184637,0.0908345,-0.0154871,-0.0919822,0,0.442943,0.963452,0.0093882,-0.0330502,-0.265668,-0.308357,0.52347,-0.0759404,-0.592369,-0.428413,-0.524552,-0.469555,0.521602,1.18991,-0.244931,-0.795051,-0.624614,0.863305,1.31536,-3.27075,-0.000785841,-8.46269,1.22719,0.913604,0.028935,1.86625,0.0339963,
345,0.193468,-0.246121,0.148121,-0.0184212,0.56342,-0.0959612,-0.203304,0,0.393117,0.970642,0.00155502,-0.0029522,-0.240506,-0.462843,0.52347,-0.471956,-0.53496,-0.400654,-0.523343,-0.333557,0.522474,1.15417,-0.195509,-1.21374,-0.536535,1.15708,0.859752,-2.91278,0.000208781,-7.38905,1.07186,0.213113,-0.000531842,3.5564,0.00634912,
346,-0.27343,-0.0614025,0.172025,-0.0184209,0.657007,-0.112431,-0.226558,0,0.373466,0.971057,-0.00661595,-0.00176372,-0.238749,-0.535212,0.52338,-0.553597,-0.5191,-0.422163,-0.523336,-0.131185,0.522741,0.659539,-0.500582,0.481274,0.322873,0.294016,-0.329358,0.155854,0.00104694,1.89617,-0.221616,-1.00667,-0.0012393,4.611,0.0033296,
347,-0.476111,0.0534589,0.114707,-0.0184279,0.437578,-0.0697962,-0.169182,0,0.3881,0.966707,0.0100038,-0.00178535,-0.255683,-0.495978,0.523461,-0.342773,-0.5498,-0.511688,-0.523533,0.0443453,0.523178,0.877962,-0.544255,0.168546,0.0938252,-0.255692,-1.10582,1.40633,0.00101,6.52084,-1.00054,-2.56181,-0.00463804,2.40506,0.0036491,
348,-0.576845,0.0637221,-0.0204365,-0.0184246,-0.0722545,0.010913,-0.0592698,0,0.392762,0.956667,0.0179936,-0.00602816,-0.290565,-0.406531,0.523485,0.0535091,-0.610274,-0.532759,-0.523441,0.0762652,0.532421,1.3859,-0.239295,0.318277,0.303029,-0.253784,-1.25561,2.14889,0.000693945,9.24425,-1.37781,0.240479,0.00213185,-1.0478,0.327768,
349,-0.531962,-0.102169,-0.19237,-0.0184255,-0.521703,0.0977294,0.0659314,0,0.441336,0.949935,0.0419324,-0.029084,-0.308252,-0.306928,0.523462,0.480708,-0.668636,-0.525152,-0.523466,-0.0704566,0.552003,2.18517,0.0571816,1.13907,1.30142,-0.376334,-0.275318,1.84874,-0.00524783,7.98092,-1.03993,0.057635,-0.00209661,-4.90352,0.548947,
350,-0.0705592,-0.436327,-0.204665,-0.018431,-0.546167,0.114119,0.0975347,0,0.487141,0.956755,0.0564645,-0.0497079,-0.280998,-0.253294,0.523446,0.56198,-0.701059,-0.512836,-0.523624,-0.406462,0.559481,2.06773,-0.10734,0.663575,0.620484,-0.598924,2.00977,0.323515,0.000870866,-2.19396,-0.26979,0.451047,-0.00169028,-8.51726,-0.237059,
351,0.124226,-0.302226,-0.115484,-0.0184196,-0.356317,0.0725632,0.0439715,0,0.508111,0.965654,0.0624338,-0.0481495,-0.247582,-0.273623,0.523457,0.356409,-0.693854,-0.473436,-0.523298,-0.563941,0.510374,1.52797,-0.000514551,0.170335,-0.10784,0.521182,1.02612,-1.13277,0.000378744,-6.00424,0.560828,1.12555,-0.00619723,0.896661,-0.0225721,
352,0.237373,-0.338535,0.000383721,-0.0184321,0.00140937,-0.000272818,-0.0571336,0,0.504246,0.973403,0.0604,-0.0349605,-0.218212,-0.350039,0.523471,-0.00133765,-0.652942,-0.410784,-0.523653,-0.497775,0.519064,1.35783,0.0649736,-0.32498,-0.188226,0.66281,1.34124,-1.91814,0.00013231,-8.28635,1.07248,1.37917,-0.00781912,1.74335,0.128847,
353,0.217134,-0.293625,0.099451,-0.0184463,0.423467,-0.0824515,-0.170346,0,0.476351,0.980325,0.059614,-0.0178439,-0.187326,-0.443443,0.523475,-0.405185,-0.600274,-0.353568,-0.524057,-0.369509,0.522101,1.26509,0.107816,-0.786797,-0.118371,0.812269,1.09599,-1.8183,5.42645e-05,-7.87055,1.03472,0.913363,-0.00825408,3.37379,0.0202501,
354,-0.237622,0.0590485,0.146463,-0.0184756,0.604334,-0.116242,-0.221463,0,0.434568,0.980296,0.0244433,-0.00223661,-0.196005,-0.511631,0.523483,-0.572531,-0.563688,-0.337884,-0.524891,-0.168954,0.522612,1.42696,0.0436869,-1.0516,-1.66202,0.172564,-1.16091,-0.940132,5.71739e-05,1.14891,0.413943,-0.292652,-0.0146325,4.71054,0.00424221,
355,-0.429054,0.163173,0.122256,-0.0184876,0.518211,-0.0829484,-0.18165,0,0.377372,0.973355,-0.000177318,0.00304144,-0.229285,-0.525634,0.523488,-0.407638,-0.564358,-0.391934,-0.52523,0.0180101,0.53338,1.26598,-0.337785,-0.629768,1.52141,-1.10155,-1.83524,0.353275,0.000404902,5.36703,-0.402392,-1.84523,0.0157884,2.76663,0.399049,
356,-0.551905,0.161896,0.0236777,-0.0183995,0.0839549,-0.0130792,-0.0923505,0,0.404883,0.959684,0.0056268,-0.00843943,-0.280899,-0.485834,0.523486,-0.064132,-0.590784,-0.502729,-0.522727,0.0747051,0.580151,1.7748,-0.241344,0.692137,-0.343377,-0.190301,-1.86361,1.21531,-0.000384438,8.53099,-0.779032,-2.75113,-0.0159038,-0.449779,1.50101,
357,-0.552652,0.0651238,-0.154428,-0.0184248,-0.414254,0.0742821,0.0265441,0,0.439844,0.945546,0.00851139,-0.0233623,-0.324538,-0.42286,0.523512,0.364882,-0.628663,-0.539294,-0.523447,-0.0444074,0.680291,2.47619,0.130846,1.24303,0.705552,-1.30838,-1.29016,1.28586,0.00159739,8.55175,-0.600859,0.407046,-0.0135366,-4.19062,2.35034,
358,-0.13401,-0.245856,-0.246289,-0.0184547,-0.545916,0.117106,0.0889551,0,0.5003,0.94161,0.0132617,-0.0568317,-0.331608,-0.389393,0.523492,0.576825,-0.641002,-0.516162,-0.524297,-0.34893,0.804113,2.33623,-0.0139847,0.971484,0.225081,-1.26114,0.710525,0.0670993,-0.000633852,-0.944436,0.0397769,0.510131,-0.0173341,-7.98924,2.64969,
359,0.0640006,-0.176071,-0.17844,-0.0184624,-0.404106,0.0878398,0.0486353,0,0.535311,0.944946,0.00327586,-0.0780929,-0.317754,-0.430395,0.523464,0.431797,-0.617827,-0.475189,-0.524515,-0.581004,0.888011,1.87788,0.11823,0.421162,-0.373286,-0.298307,0.276454,-1.68793,-0.000214678,-4.81995,0.877375,1.13129,0.0179144,0.862518,0.727606,
360,0.198769,-0.202266,-0.0495408,-0.0184332,-0.12003,0.0251212,-0.0421668,0,0.542671,0.948534,-0.00729938,-0.0806651,-0.306142,-0.537445,0.52347,0.123197,-0.558807,-0.411511,-0.523685,-0.5182,0.891163,1.72309,0.136197,-0.127246,-0.348033,-0.15886,0.531875,-1.02477,0.000147068,-7.49647,1.4812,1.41779,0.0149121,1.47419,-0.588677,
361,0.22319,-0.159822,0.103098,-0.0184269,0.261721,-0.0537993,-0.156605,0,0.523513,0.951141,-0.0134811,-0.0793584,-0.29808,-0.531876,0.523474,-0.264037,-0.514534,-0.349652,-0.523505,-0.409881,0.82528,1.59101,0.203426,-0.612989,-0.11941,0.32015,0.313355,0.265633,-0.000240973,-7.99454,-0.112794,1.05904,-0.00146223,2.84473,-2.03682,
362,-0.121603,0.0331472,0.223548,-0.0184287,0.55962,-0.116901,-0.248073,0,0.483827,0.951927,-0.0138885,-0.0583353,-0.300398,-0.499713,0.523474,-0.575804,-0.529898,-0.325541,-0.523557,-0.230159,0.696513,1.77336,0.119215,-0.997028,-0.182364,0.790394,-0.948287,1.03014,0.000456743,-1.19007,-0.493832,-0.0739893,-0.000978996,4.33586,-3.1044,
363,-0.354486,0.0640608,0.208093,-0.0184291,0.546395,-0.100532,-0.230765,0,0.428492,0.945178,-0.0172347,-0.0291245,-0.324796,-0.408603,0.523478,-0.494584,-0.575079,-0.371963,-0.523568,-0.0408391,0.55128,1.92766,-0.483883,-1.03481,0.497266,1.56712,-1.20885,2.60712,0.000688162,3.6491,-1.29969,-1.78527,-0.000396649,3.2512,-2.72276,
364,-0.505856,0.121471,0.104505,-0.0184287,0.296111,-0.0451919,-0.159725,0,0.385915,0.932661,0.0252839,0.00471454,-0.359836,-0.243172,0.523493,-0.22173,-0.65452,-0.497793,-0.523558,0.0537896,0.507825,2.17735,-0.31495,-0.45351,-0.832098,0.448656,-1.68893,3.98533,0.000358141,7.28446,-1.87116,-3.25067,-0.000919722,0.552854,0.427214,
365,-0.565705,0.130578,-0.0975692,-0.0184314,-0.224837,0.0371854,-0.0506914,0,0.423656,0.912086,0.0335268,-0.0189176,-0.408188,-0.0303355,0.523488,0.182407,-0.734268,-0.542013,-0.523635,-0.00563396,0.533832,2.96479,0.20718,1.50965,1.41127,-1.13698,-1.85885,4.51666,-0.00377641,8.92199,-1.3885,0.470612,-0.00693939,-2.93309,0.657747,
366,-0.312941,-0.147382,-0.30839,-0.0184499,-0.532655,0.113347,0.0566869,0,0.499344,0.897502,0.0511877,-0.0559982,-0.434436,0.171327,0.523463,0.558147,-0.790854,-0.527047,-0.52416,-0.251333,0.586186,2.89191,0.154222,1.3119,0.941422,-1.13716,-0.152097,3.55208,3.75132e-05,2.73804,-0.949862,0.128037,-0.0114404,-6.88546,1.49216,
367,-0.0285136,-0.177801,-0.278831,-0.0184708,-0.456757,0.104109,0.0451578,0,0.551862,0.898906,0.0539427,-0.0905823,-0.425269,0.288076,0.523466,0.512311,-0.816431,-0.511605,-0.524755,-0.596715,0.63157,2.49104,0.259741,0.742417,0.509166,-1.00145,0.0117433,1.16014,-0.000183465,-3.01549,-0.0837732,0.517425,-0.0180831,-1.57016,0.335044,
368,0.132804,-0.226621,-0.156034,-0.0184581,-0.254501,0.0574518,-0.024639,0,0.575751,0.898109,0.0563859,-0.100687,-0.424361,0.293886,0.523466,0.282001,-0.801797,-0.47781,-0.524392,-0.547874,0.615376,2.27696,0.434356,0.206177,0.223858,-0.0692759,0.356976,-0.916673,0.00029915,-6.17426,0.669559,0.817524,0.014527,1.29059,-0.973977,
369,0.209653,-0.248744,0.0355786,-0.018421,0.0608026,-0.0133834,-0.126656,0,0.5727,0.903417,0.0629175,-0.0982407,-0.412587,0.22054,0.523469,-0.0656237,-0.758506,-0.442624,-0.523337,-0.460852,0.526214,2.16454,0.593882,-0.312838,0.200267,0.71893,0.566795,-2.00819,1.60462e-05,-7.71777,1.05909,0.590904,0.0149571,2.18424,-2.5801,
370,0.169358,-0.208062,0.22388,-0.0184254,0.395378,-0.0876616,-0.231453,0,0.547491,0.909181,0.0675344,-0.0849139,-0.402018,0.129211,0.523474,-0.430917,-0.708668,-0.436532,-0.523463,-0.316159,0.511295,2.09857,0.602599,-0.704871,-0.16368,0.743834,0.362148,-1.65089,-0.000129117,-6.90329,0.93268,-0.330646,-0.00512815,3.59081,0.34129,
371,-0.229153,-0.0353613,0.284541,-0.0184292,0.521726,-0.111441,-0.265954,0,0.503715,0.909274,0.0691057,-0.0622092,-0.405679,0.0903119,0.523477,-0.548681,-0.678947,-0.492811,-0.523573,-0.109727,0.521019,2.26697,0.284362,-1.1018,-0.334033,0.702077,-0.71816,0.0783246,8.4744e-05,0.974428,0.258169,-1.92804,-0.000840599,4.65752,0.0777786,
372,-0.401056,0.157715,0.227838,-0.0184291,0.450331,-0.0825806,-0.232276,0,0.444442,0.898306,0.0523953,-0.0366465,-0.434694,0.146629,0.523464,-0.405822,-0.686374,-0.534733,-0.523567,0.0750087,0.523068,2.26846,0.182804,-1.07891,-2.86825,0.368968,-1.96912,2.16583,-0.000443724,4.70803,-0.536236,0.225509,0.000636425,2.70582,0.0144384,
373,-0.517193,0.227163,0.0614957,-0.0184312,0.12571,-0.0197075,-0.154292,0,0.406261,0.874385,0.0219087,-0.0084599,-0.484664,0.294307,0.523681,-0.0966397,-0.725606,-0.526354,-0.523629,0.135297,0.549815,2.46147,-0.586195,0.448329,0.496038,-0.329889,-2.48409,3.73333,0.00930167,7.58237,-0.91203,0.0794252,0.00273614,-0.224732,0.906997,
374,-0.535196,0.076981,-0.201293,-0.0184309,-0.327236,0.0600178,-0.0474546,0,0.460746,0.848456,0.0297011,-0.0401233,-0.526907,0.486862,0.523448,0.294625,-0.758478,-0.524394,-0.523621,0.0320953,0.621621,2.79408,-0.562157,1.46988,1.0996,-1.18789,-1.54668,3.96852,-0.000186325,8.06911,-0.48788,0.0134618,-0.00485093,-3.88812,2.04095,
375,-0.190775,-0.269268,-0.381086,-0.01844,-0.519606,0.115369,0.0330246,0,0.524263,0.839139,0.0329169,-0.0779858,-0.53729,0.538935,0.523463,0.568193,-0.770888,-0.523964,-0.523877,-0.256029,0.734463,2.6019,-0.497499,1.11883,0.0979044,-1.66325,0.689981,-0.703241,-9.61327e-06,0.192128,-0.00847597,0.00218396,-0.00446172,-7.60102,2.44506,
376,0.00633156,-0.215827,-0.315322,-0.0184152,-0.418573,0.0968391,0.00922737,0,0.567426,0.848018,0.0130591,-0.0942738,-0.521352,0.435168,0.523458,0.476301,-0.750652,-0.518607,-0.523174,-0.571658,0.803927,2.20986,-0.188224,0.550092,-0.591466,-0.0197095,0.355657,-3.41347,-1.29567e-06,-3.69454,0.809062,0.229691,-0.000591372,-0.540027,0.35548,
377,0.151249,-0.293479,-0.146368,-0.0184278,-0.198533,0.0448149,-0.0657454,0,0.580587,0.856024,0.0021383,-0.0841585,-0.510035,0.211036,0.523469,0.219878,-0.693448,-0.506004,-0.523533,-0.536058,0.78162,2.12832,-0.0101173,-0.0119067,-0.467701,0.276786,0.965432,-5.53795,0.000160008,-6.54108,1.47545,0.270391,-0.00869142,0.889738,-1.2355,
378,0.206607,-0.314221,0.086372,-0.0184446,0.126213,-0.0275861,-0.166301,0,0.566459,0.8706,-0.00185033,-0.0709518,-0.486846,-0.0860212,0.523471,-0.135291,-0.61309,-0.504771,-0.524008,-0.465383,0.667385,2.10456,0.115567,-0.550639,-0.181368,0.560047,1.22298,-6.33711,-2.27686e-05,-7.65575,1.73727,-0.216381,-0.0101766,1.9278,-3.31728,
379,0.142017,-0.202734,0.288808,-0.0184625,0.453884,-0.0986886,-0.262616,0,0.526805,0.883077,0.00241427,-0.0565932,-0.465797,-0.379277,0.523472,-0.485457,-0.533126,-0.530694,-0.524518,-0.333823,0.477887,2.11129,0.122975,-0.969188,-0.349296,0.442361,0.570698,-5.3944,9.91339e-05,-6.35727,1.46883,-0.0358575,-0.0104933,3.32684,-0.887668,
380,-0.268293,0.133043,0.333504,-0.0184757,0.55368,-0.111968,-0.2842,0,0.469628,0.876842,-0.00307397,-0.0469708,-0.478469,-0.553369,0.523481,-0.551298,-0.517142,-0.526319,-0.524893,-0.144492,0.506405,2.23029,-0.270742,-1.36563,-0.424204,0.141893,-1.573,-0.0556407,6.84209e-06,1.78746,-0.38088,0.0691425,-0.00631723,4.24131,0.570352,
381,-0.438595,0.126648,0.237588,-0.0184188,0.446713,-0.0743533,-0.237765,0,0.40376,0.863271,-0.0156459,-0.0051954,-0.504471,-0.492247,0.523475,-0.365233,-0.555534,-0.52466,-0.523277,0.0135282,0.558775,2.1087,-1.08492,-1.11132,0.743318,1.94934,-1.58486,2.42899,0.00109329,5.59612,-1.13594,0.0104497,0.0047742,2.11462,1.49029,
382,-0.549807,0.246064,0.00954836,-0.018426,0.0171825,-0.00268178,-0.146695,0,0.406525,0.833526,0.00477763,-0.00810262,-0.5524,-0.329773,0.523579,-0.013149,-0.610457,-0.524375,-0.523481,0.0369453,0.639161,2.50492,-1.17731,0.971454,0.517401,-1.28286,-2.45178,4.04101,-0.0169114,8.47166,-1.06537,0.00103231,-0.0038818,-1.11481,1.73078,
383,-0.537984,0.111493,-0.303394,-0.018443,-0.420591,0.0818182,-0.0319079,0,0.476364,0.80421,-0.00233618,-0.0445912,-0.592666,-0.1317,0.523441,0.402059,-0.651378,-0.524205,-0.523963,-0.116243,0.757734,2.68814,-1.18673,1.46546,0.578241,-1.32581,-1.62001,3.88724,0.000942179,8.14545,-0.699322,0.00127757,-0.0131345,-4.99532,3.12765,
384,-0.120577,-0.276733,-0.424806,-0.0184781,-0.511701,0.116854,0.0191136,0,0.541192,0.797499,-0.0123825,-0.0674833,-0.599407,0.00142637,0.523457,0.575572,-0.669113,-0.523935,-0.52496,-0.459201,0.92988,2.28987,-1.2672,1.21538,-1.12291,-1.16625,0.88294,1.46667,-1.56073e-05,-1.21026,-0.00864053,0.00329614,-0.026413,-8.68029,3.70553,
385,0.0646623,-0.249895,-0.316813,-0.0185377,-0.366443,0.0862478,-0.0242342,0,0.586059,0.804091,-0.0490532,-0.0665802,-0.588727,-0.0036501,0.523464,0.423932,-0.648382,-0.519934,-0.526655,-0.571971,1.05966,2.0258,-0.83525,0.594139,-1.10292,-0.587326,0.727726,-1.65601,0.000327429,-4.8329,0.833281,0.145221,-0.0379138,1.27146,1.5062,
386,0.186723,-0.351831,-0.090114,-0.0186051,-0.106658,0.0247315,-0.110139,0,0.601842,0.818053,-0.0780342,-0.0594051,-0.56672,-0.14246,0.523474,0.121285,-0.591846,-0.517714,-0.528571,-0.49839,1.08716,2.00675,-0.682006,0.0343657,-0.928733,-0.329073,1.5225,-3.87818,6.65375e-05,-7.25273,1.42411,-0.0542235,-0.0388331,1.66831,-0.391001,
387,0.207196,-0.337237,0.175379,-0.0186744,0.223149,-0.0513242,-0.21262,0,0.589565,0.837478,-0.0991193,-0.0485438,-0.535209,-0.348156,0.523475,-0.251867,-0.517688,-0.526,-0.530539,-0.383015,1.00338,2.0026,-0.560018,-0.523739,-0.628596,-0.00154096,1.51992,-4.34421,-1.22304e-05,-7.66778,1.25595,0.0199862,-0.0400456,2.93589,-2.94033,
388,-0.10573,-0.138372,0.359537,-0.0187458,0.488833,-0.113088,-0.294249,0,0.553478,0.85087,-0.101246,-0.0382303,-0.514109,-0.527738,0.523479,-0.556858,-0.518448,-0.524645,-0.532568,-0.201907,0.797756,1.87008,-0.900918,-0.739987,0.753044,0.605018,0.167918,-2.39303,0.000313179,-1.50344,-0.403256,0.0160375,-0.0409252,4.30287,-5.26724,
389,-0.322488,0.0284702,0.333124,-0.0188159,0.479125,-0.101912,-0.281479,0,0.510488,0.847309,-0.0667422,-0.0394658,-0.52541,-0.516704,0.523482,-0.501424,-0.559093,-0.524464,-0.534562,-0.0105977,0.515318,1.78424,-1.25311,-1.07351,1.16632,0.610998,-0.959001,1.69043,4.01524e-05,2.94481,-1.20952,-0.000678497,-0.0377797,3.35337,-4.96065,
390,-0.462904,0.0360641,0.192578,-0.018842,0.300203,-0.0553738,-0.221025,0,0.466165,0.836731,-0.0191418,-0.039908,-0.545823,-0.373383,0.523475,-0.271779,-0.636638,-0.524441,-0.535302,0.0948483,0.501605,1.6273,-1.7974,-0.836118,1.33199,1.98499,-1.11532,4.01878,-0.000413097,6.19063,-1.87264,0.000892659,0.0411506,0.887243,0.824372,
391,-0.5333,-0.0362451,-0.0631715,-0.0187686,-0.108857,0.0173286,-0.120926,0,0.413066,0.823426,0.0311999,-0.0180639,-0.566277,-0.142776,0.52348,0.0849718,-0.737785,-0.524349,-0.533217,0.0544351,0.548295,2.17081,-1.47457,-0.550626,-0.0104273,0.363414,-0.794312,5.18197,0.00779204,8.01719,-2.04311,0.000989698,0.0433764,-2.41436,0.932828,
392,-0.479968,-0.240382,-0.32431,-0.0187189,-0.467728,0.0909653,-0.0128575,0,0.468518,0.81835,0.0434416,-0.0307501,-0.57225,0.097008,0.523368,0.447245,-0.805168,-0.524149,-0.531804,-0.152741,0.561246,2.88948,-1.39434,1.38523,0.646263,-0.391915,0.44517,4.42248,-0.00305954,6.61889,-1.08972,0.00111434,0.0252072,-5.93968,-0.0297823,
393,-0.116629,-0.471781,-0.372552,-0.0186751,-0.505756,0.111758,0.026594,0,0.524839,0.838255,0.0484229,-0.0473714,-0.541054,0.25262,0.523426,0.550257,-0.841476,-0.52384,-0.53056,-0.53061,0.518486,2.71404,-1.37134,0.86808,0.397607,-0.318497,2.09963,1.83644,0.001334,-1.28807,-0.371815,0.00742432,0.0238573,-7.49273,-1.09479,
394,0.0665211,-0.409824,-0.259861,-0.0186487,-0.362053,0.0805822,-0.0125049,0,0.554692,0.856706,0.0464588,-0.0532658,-0.510939,0.275483,0.52346,0.395958,-0.839306,-0.517812,-0.52981,-0.556532,0.516644,2.34125,-0.997343,0.335081,-0.0190188,-0.0804958,1.61155,-0.920837,0.000465891,-4.86925,0.453957,0.208564,0.0125139,0.986291,0.171884,
395,0.186983,-0.472999,-0.0569602,-0.0186281,-0.0875631,0.0188187,-0.0939738,0,0.558469,0.879885,0.042455,-0.0553212,-0.470042,0.183051,0.523472,0.0922804,-0.802326,-0.510282,-0.529225,-0.496605,0.521432,2.23223,-0.878224,-0.183485,-0.0805079,0.0370418,2.16407,-2.76165,7.83499e-05,-7.25797,1.02164,0.0938608,0.0108144,1.40766,0.0375871,
396,0.200881,-0.462215,0.152834,-0.0186105,0.268203,-0.056582,-0.191888,0,0.536683,0.904185,0.0383799,-0.0544078,-0.42192,0.0379459,0.523474,-0.277722,-0.748801,-0.522662,-0.528725,-0.393979,0.522122,2.13771,-0.828582,-0.686038,-0.108942,0.140616,2.15041,-3.03985,1.65809e-05,-7.53936,1.11898,-0.583444,0.00918982,2.68678,0.00308328,
397,-0.123492,-0.272413,0.279715,-0.0185933,0.548164,-0.115449,-0.266451,0,0.490589,0.920952,0.035667,-0.0526068,-0.384458,-0.0819407,0.523479,-0.568591,-0.704388,-0.526677,-0.528236,-0.225875,0.522202,2.28957,-0.961668,-1.15059,-0.0347783,-0.0559983,0.804086,-1.75223,0.000224661,-1.15275,0.659793,0.0737129,0.013008,4.03175,0.000647394,
398,-0.349381,-0.111202,0.241315,-0.0184281,0.543325,-0.100193,-0.243818,0,0.430102,0.924169,0.034494,-0.019889,-0.379904,-0.115967,0.523463,-0.492907,-0.693514,-0.524739,-0.52354,-0.0502341,0.522617,2.39748,-1.08347,-1.37376,-0.786297,1.62079,-0.251601,0.369136,0.000337989,3.53566,-0.215236,0.0145692,0.106254,2.99137,0.00594139,
399,-0.501111,0.231861,0.120666,-0.0184154,0.284836,-0.0455678,-0.173611,0,0.405485,0.910796,0.0149713,0.00467039,-0.412558,-0.0526842,0.523562,-0.223577,-0.717638,-0.524372,-0.523181,0.0293387,0.523012,2.38962,-0.772205,0.579585,0.267002,0.0397015,-2.50466,2.1382,0.000474889,7.16014,-0.73116,0.00159262,-0.016425,0.265899,0.00390103,
400,-0.561124,0.0692119,-0.106051,-0.0184319,-0.208591,0.0357863,-0.0665488,0,0.440532,0.886724,0.0280997,-0.0115117,-0.461301,0.0728015,0.523533,0.175537,-0.756242,-0.524257,-0.523649,-0.0457582,0.561272,2.96862,-0.7322,1.0112,0.923758,-1.13592,-1.49373,2.86683,-0.000780237,8.7909,-0.762862,0.000458932,-0.00258756,-3.21439,1.45621,
401,-0.318131,-0.254258,-0.332168,-0.018444,-0.533216,0.111321,0.0420142,0,0.489694,0.876051,0.0333057,-0.042463,-0.47919,0.192381,0.52349,0.548083,-0.783449,-0.524025,-0.523993,-0.303581,0.642236,2.98079,-0.751007,1.19275,0.137992,-0.592585,0.569681,1.90532,-0.000911854,2.85015,-0.252702,0.000861131,-0.0219652,-7.04109,1.71733,
402,-0.0380293,-0.251996,-0.298948,-0.0184867,-0.468273,0.103941,0.0362416,0,0.535066,0.886575,0.0272896,-0.0540128,-0.458609,0.224653,0.52347,0.511475,-0.775504,-0.517121,-0.525206,-0.580378,0.679128,2.54259,-0.546994,0.599149,-0.0383939,-0.193937,0.565309,-0.576238,-0.000151555,-2.82989,0.560912,0.29765,-0.0308078,0.145238,-0.222433,
403,0.128007,-0.339073,-0.165047,-0.0185418,-0.270909,0.0586966,-0.0267838,0,0.550938,0.895965,0.0256411,-0.0565181,-0.439767,0.141913,0.523473,0.288125,-0.729173,-0.496425,-0.526771,-0.536021,0.622015,2.42286,-0.417482,0.0392293,0.087481,0.0157318,1.23914,-2.71885,9.04874e-05,-6.07923,1.28768,0.525425,-0.0308982,0.839441,-2.04757,
404,0.210868,-0.365432,0.0309699,-0.0185961,0.0568084,-0.0117806,-0.123119,0,0.539631,0.910853,0.0269541,-0.0563917,-0.40797,-0.0209452,0.523474,-0.0577635,-0.655456,-0.475815,-0.528315,-0.47206,0.504445,2.29587,-0.30826,-0.442753,-0.172868,0.0320631,1.53367,-3.7841,-6.52959e-05,-7.74258,1.66307,0.299613,-0.0315847,1.71236,-0.288879,
405,0.171833,-0.31479,0.20703,-0.0186516,0.419026,-0.0864625,-0.223321,0,0.505679,0.924824,0.020006,-0.0541247,-0.375993,-0.199796,0.523474,-0.424993,-0.576148,-0.483261,-0.529891,-0.350143,0.516136,2.24693,-0.296443,-0.924698,-0.232177,0.0638452,1.27836,-3.37328,3.78378e-05,-6.95296,1.5092,-0.58997,-0.0312694,3.15245,0.220201,
406,-0.238307,-0.0905879,0.263698,-0.0186403,0.583006,-0.115423,-0.260831,0,0.452787,0.931672,0.0117514,-0.0351573,-0.361405,-0.325791,0.523464,-0.568459,-0.520143,-0.539257,-0.529571,-0.164365,0.521686,2.43892,-0.538383,-1.1627,-0.912902,1.27015,-0.143473,-1.67725,9.34151e-05,1.16318,0.367382,-0.32164,0.0486146,4.27476,0.0397219,
407,-0.426988,0.0143134,0.196677,-0.018552,0.509671,-0.0825207,-0.217142,0,0.383166,0.92751,0.00137863,-0.00025904,-0.373796,-0.359346,0.523477,-0.405526,-0.529864,-0.529955,-0.52706,0.00149733,0.523009,2.67976,-0.662828,-1.63364,-0.915598,1.01503,-0.827985,0.316553,0.000165526,5.31782,-0.625448,0.191825,0.051783,2.37329,0.0106191,
408,-0.548513,0.182677,0.0346204,-0.0183648,0.0859425,-0.0130035,-0.126254,0,0.393184,0.910591,0.00909989,-0.00315315,-0.413197,-0.306772,0.523471,-0.0637606,-0.567247,-0.524954,-0.52174,0.0350465,0.524211,2.03878,-0.656303,0.673406,0.537278,-0.0993494,-1.96755,1.74897,0.000215058,8.43631,-0.969176,0.0324329,-0.0105556,-0.918241,0.0611232,
409,-0.555323,-0.0227055,-0.211203,-0.018418,-0.432447,0.0739333,-0.0064019,0,0.416808,0.893189,0.0172058,-0.0135875,-0.449147,-0.215797,0.523482,0.363162,-0.616378,-0.524168,-0.523252,-0.109073,0.560247,2.34165,-0.603575,0.398128,-0.162551,-1.05472,-0.712002,1.87548,0.000492704,8.62704,-0.983848,0.00266267,-0.0243989,-4.75815,1.33801,
410,-0.135344,-0.392036,-0.32238,-0.0184787,-0.590861,0.116802,0.059926,0,0.450159,0.89645,0.0157076,-0.0274489,-0.442015,-0.164325,0.523485,0.575313,-0.643522,-0.523762,-0.524977,-0.438048,0.61573,2.55134,-0.6811,0.714044,-0.265066,-0.641158,1.74849,0.194911,-0.000149676,-0.917918,-0.185275,0.00245816,-0.0362653,-8.39754,0.93248,
411,0.0789897,-0.324532,-0.224939,-0.0185507,-0.444775,0.0862153,0.0220144,0,0.470843,0.911069,0.00490113,-0.0342835,-0.410796,-0.212682,0.523472,0.423771,-0.631393,-0.51232,-0.527024,-0.5773,0.589156,2.09091,-0.411586,0.114402,-0.149074,-0.178876,1.27081,-2.11797,-1.23827e-05,-5.11358,0.664209,0.445831,-0.0440203,1.32933,-1.96953,
412,0.227364,-0.391474,-0.0460012,-0.0186274,-0.106557,0.0190331,-0.0691362,0,0.463577,0.926263,-0.00224737,-0.0355744,-0.375188,-0.357137,0.523473,0.0933319,-0.583067,-0.487007,-0.529205,-0.498479,0.493386,1.93606,-0.319395,-0.367437,-0.529229,-0.185296,1.82829,-3.64534,-2.4825e-06,-8.08021,1.26896,0.564644,-0.0444041,1.82061,0.239537,
413,0.245189,-0.307781,0.140006,-0.0186953,0.373431,-0.0651953,-0.182478,0,0.433403,0.941593,-0.0184265,-0.0301379,-0.334896,-0.53374,0.523469,-0.320111,-0.517371,-0.471961,-0.531135,-0.368236,0.515067,1.77339,-0.30519,-0.766116,-0.988024,0.773184,1.31055,-1.57657,-0.000683981,-8.44805,1.10201,0.0409428,0.00110195,3.3921,0.26796,
414,-0.200587,-0.190055,0.23213,-0.018693,0.653808,-0.117341,-0.251326,0,0.392719,0.9503,-0.00779041,0.00632768,-0.311174,-0.527018,0.523472,-0.577991,-0.51932,-0.502468,-0.531068,-0.157859,0.521578,1.79579,-0.582381,-0.918969,0.693378,1.86502,0.505736,0.832612,0.000383509,0.39086,-0.416616,-1.24533,-0.00039845,5.01304,0.0452231,
415,-0.408057,0.145834,0.188482,-0.0185802,0.552206,-0.0898922,-0.216428,0,0.377757,0.944532,0.0058853,-0.00343682,-0.328347,-0.444268,0.523452,-0.44194,-0.559051,-0.531443,-0.527863,0.0469428,0.522767,1.36616,-0.851521,0.480295,0.277869,0.924179,-1.7145,2.49316,0.000260276,4.87122,-1.07743,0.157594,0.177702,3.2114,0.00834557,
416,-0.552527,0.227722,0.0524536,-0.0183905,0.138058,-0.0215633,-0.129726,0,0.404326,0.925883,0.00755734,0.0063236,-0.377682,-0.288152,0.523483,-0.105743,-0.626318,-0.52565,-0.522471,0.129801,0.549191,1.72437,-0.648159,0.468886,0.239092,-0.0590796,-2.34982,3.73557,0.000687331,8.54846,-1.61406,0.054483,-0.0140484,0.153135,1.03438,
417,-0.566204,0.0384175,-0.180545,-0.0184245,-0.37505,0.0674583,-0.00831308,0,0.446349,0.907148,0.0240378,-0.02799,-0.419191,-0.0976882,0.523536,0.331256,-0.702008,-0.524248,-0.523439,0.0426953,0.63446,2.47151,-0.464697,1.44481,1.59449,-1.46745,-1.22124,3.8837,-0.000336973,8.93597,-1.30713,0.00886828,-0.0229925,-3.62339,2.26474,
418,-0.153116,-0.341143,-0.301878,-0.0184743,-0.524332,0.115046,0.0634235,0,0.516949,0.904764,0.0360722,-0.0714559,-0.418324,0.0573656,0.523485,0.566588,-0.749887,-0.523833,-0.524853,-0.236845,0.749062,2.28507,-0.566102,1.28025,0.586478,-1.41507,1.22528,2.33647,-0.000648377,-0.564269,-0.650119,0.00456251,-0.0308961,-7.54425,2.341,
419,0.0381694,-0.31755,-0.221438,-0.0184434,-0.391247,0.0902143,0.034424,0,0.570183,0.917419,0.0324304,-0.0903289,-0.386175,0.116308,0.523463,0.443533,-0.761056,-0.51294,-0.523976,-0.588409,0.800276,1.92389,-0.386973,0.756008,0.127891,-0.16347,1.04087,0.0546502,-0.000134159,-4.31529,0.199423,0.451275,0.0254484,-1.62328,-0.266807,
420,0.170725,-0.343071,-0.0769623,-0.0184239,-0.144156,0.0330218,-0.0449478,0,0.592763,0.926896,0.0349387,-0.0920556,-0.362172,0.0787317,0.523471,0.161967,-0.734878,-0.484602,-0.523422,-0.543708,0.72899,1.73222,-0.226356,0.163246,0.2842,0.172924,1.26008,-1.55115,0.000182895,-6.93069,0.84468,0.673022,-0.00317054,1.37797,-2.56681,
421,0.205621,-0.33792,0.0878117,-0.0184308,0.181201,-0.0412468,-0.146628,0,0.586741,0.938353,0.0443769,-0.089395,-0.330957,-0.0110541,0.523475,-0.202351,-0.68749,-0.459827,-0.523616,-0.445605,0.540727,1.63338,-0.135632,-0.403415,0.545941,0.476291,1.28878,-2.03561,2.16415e-05,-7.63572,1.04971,0.321491,-0.00448488,2.53559,-4.94469,
422,0.0699716,-0.243051,0.214556,-0.0184397,0.474005,-0.110034,-0.239696,0,0.55858,0.946991,0.045179,-0.0866154,-0.306048,-0.0939232,0.523477,-0.541697,-0.643153,-0.470479,-0.523869,-0.28445,0.504141,1.62274,-0.219553,-0.773374,-0.0650828,0.0564985,0.688503,-1.28325,0.000147898,-4.93691,0.720229,-0.733464,-0.00419856,3.90288,0.523776,
423,-0.299831,-0.0570704,0.209563,-0.0184219,0.497579,-0.107676,-0.236155,0,0.515633,0.94922,0.0389366,-0.0652481,-0.3053,-0.11646,0.523473,-0.529999,-0.628123,-0.535515,-0.523365,-0.0804703,0.519637,1.85264,-0.437446,-1.06088,-0.552306,0.804579,-0.508668,0.360564,0.00021862,2.45604,-0.113987,-0.478274,-0.00468037,4.2499,0.127547,
424,-0.452198,0.0123012,0.135209,-0.0184268,0.3579,-0.0650923,-0.179534,0,0.453433,0.944916,0.0320928,-0.0355251,-0.323792,-0.0605749,0.52347,-0.319604,-0.653463,-0.52947,-0.523502,0.0730077,0.522859,2.06358,-0.457422,-1.39084,-0.987823,1.53241,-0.986975,1.85986,-0.00011999,5.92682,-0.893185,0.173455,-0.0011566,1.90908,0.0230069,
425,-0.531786,0.157926,-0.0147254,-0.018429,-0.0426836,0.00649219,-0.0817177,0,0.395972,0.935684,0.0242733,-0.00792921,-0.351915,0.0546162,0.523922,0.0318321,-0.704982,-0.524928,-0.523566,0.0857036,0.523536,2.71551,0.252607,0.242499,0.961254,-0.582585,-1.99637,2.74513,0.0322174,7.97301,-0.937039,0.0344857,-0.0006244,-1.28793,-0.122565,
426,-0.498708,-0.0857758,-0.199624,-0.0184289,-0.450789,0.0826873,0.025044,0,0.444492,0.924345,0.040357,-0.0219677,-0.378781,0.184665,0.523224,0.406349,-0.737716,-0.523981,-0.523564,-0.0694633,0.535622,3.22283,0.233677,1.10809,0.572357,-0.431106,-0.476901,2.4644,-0.0147789,7.10002,-0.522549,0.000734885,-0.000834448,-4.93487,0.729792,
427,-0.136115,-0.346972,-0.265301,-0.0184307,-0.544342,0.113693,0.0740872,0,0.487372,0.92744,0.0464276,-0.0363405,-0.369295,0.267548,0.523344,0.559865,-0.747823,-0.520912,-0.523615,-0.401676,0.555248,3.09325,0.108198,0.603535,0.297429,-0.444942,1.27034,0.866491,0.00446905,-0.90166,0.110005,0.121308,-0.000379001,-8.32475,0.0607141,
428,0.0613457,-0.245146,-0.189564,-0.0184418,-0.41487,0.0849296,0.0359759,0,0.502329,0.934532,0.0489548,-0.0444769,-0.34968,0.26219,0.523451,0.417421,-0.721831,-0.501082,-0.523931,-0.560946,0.507904,2.56905,0.264625,0.028466,0.0162367,-0.104701,0.593331,-1.06917,0.000768132,-4.76793,0.926081,0.662016,-0.0114434,0.795423,-0.37898,
429,0.200679,-0.308604,-0.0473593,-0.0184636,-0.11759,0.0222797,-0.0525872,0,0.491346,0.941762,0.044899,-0.0467222,-0.329978,0.175273,0.523471,0.109257,-0.660917,-0.462675,-0.524549,-0.510752,0.517017,2.41549,0.355591,-0.478715,-0.134539,-0.0250725,1.1168,-2.39796,0.000158198,-7.53524,1.50612,0.87324,-0.0132306,1.1991,0.199508,
430,0.224388,-0.272088,0.111651,-0.0184395,0.314217,-0.0569879,-0.162984,0,0.456953,0.950965,0.0408437,-0.0321466,-0.304901,0.0495663,0.523464,-0.279719,-0.583225,-0.429639,-0.523863,-0.415526,0.521867,2.25339,0.467266,-0.879154,-0.469496,1.18422,0.970295,-2.62845,8.84591e-05,-8.01904,1.60233,0.451919,0.0415107,2.5988,0.0334483,
431,-0.157365,0.0627427,0.220119,-0.018421,0.617177,-0.112997,-0.243884,0,0.410322,0.951964,0.0128352,-0.000803961,-0.305939,-0.0567629,0.523471,-0.556409,-0.517357,-0.435677,-0.523339,-0.250791,0.52264,2.29944,0.441034,-1.0752,-1.78799,0.652287,-1.12016,-1.62919,0.000404896,-0.479327,0.460944,-0.680399,-0.00634108,4.02201,0.0056494,
432,-0.363159,0.0921074,0.201917,-0.0184251,0.581767,-0.094734,-0.224826,0,0.372131,0.942465,0.000408689,-0.00430326,-0.334278,-0.0957703,0.523462,-0.465884,-0.527023,-0.511176,-0.523456,-0.0832195,0.534041,1.61328,-0.545128,0.414295,-0.00440408,0.969581,-1.32212,0.0668321,-0.00147345,3.84317,-0.503549,-2.11262,0.00471568,2.6119,0.388449,
433,-0.526477,0.211068,0.0860797,-0.0184271,0.226482,-0.0354499,-0.150005,0,0.400828,0.925985,-0.00207244,0.00644062,-0.377499,-0.0538589,0.523457,-0.173886,-0.567818,-0.538145,-0.523511,-0.0234897,0.568465,1.70203,-0.445826,0.412535,-0.0144585,0.0141812,-2.15684,1.57329,0.000707167,7.83249,-1.14356,0.376939,-0.00241568,-0.164146,1.00643,
434,-0.564817,0.12575,-0.135302,-0.0184294,-0.295418,0.0500966,-0.034824,0,0.428931,0.9069,0.000520296,-0.00891262,-0.421251,0.0380974,0.523599,0.245833,-0.625142,-0.526546,-0.523578,-0.123714,0.651484,2.48677,-0.464554,0.970035,1.04027,-1.19831,-1.67582,2.10047,-0.00339834,8.8958,-1.08914,0.0983109,-0.0012974,-3.76835,2.24594,
435,-0.216926,-0.245703,-0.31535,-0.0184447,-0.547055,0.115093,0.0583575,0,0.490323,0.897854,0.00392485,-0.0433721,-0.438135,0.11478,0.52349,0.566821,-0.661783,-0.524143,-0.524013,-0.407753,0.777395,2.41796,-0.567835,1.15055,0.390641,-0.706596,0.680598,0.961013,-0.0011275,0.72362,-0.469048,0.0153855,-0.0187758,-7.62115,2.88756,
436,0.00307936,-0.224603,-0.26454,-0.0184868,-0.445787,0.0984717,0.0366007,0,0.53677,0.902927,-0.0134295,-0.0586823,-0.425557,0.104825,0.523468,0.484383,-0.663413,-0.513022,-0.525209,-0.557573,0.871521,2.00018,-0.367599,0.638817,-0.413802,-0.665278,0.535799,-1.34681,0.000122016,-3.63123,0.390483,0.429743,-0.0280771,0.701183,0.923513,
437,0.158145,-0.325854,-0.119804,-0.018536,-0.213121,0.046062,-0.0366718,0,0.554764,0.911269,-0.0289502,-0.0676639,-0.405181,-0.00939951,0.523475,0.226005,-0.626315,-0.485939,-0.526608,-0.521,0.875315,1.91038,-0.258488,0.0782108,-0.293621,-0.491476,1.2873,-3.20744,6.21312e-05,-6.67878,1.08857,0.652069,-0.0278768,0.720843,-0.758175,
438,0.218278,-0.345203,0.0678219,-0.0185851,0.134441,-0.0282552,-0.138306,0,0.544301,0.924181,-0.0391102,-0.072987,-0.372871,-0.187895,0.523475,-0.138574,-0.564676,-0.460818,-0.528003,-0.457181,0.778471,1.82355,-0.145424,-0.498214,-0.0654787,-0.230669,1.51214,-3.92593,-2.64262e-05,-7.89393,1.37497,0.35593,-0.0279002,1.82202,-3.09679,
439,0.151498,-0.272502,0.221144,-0.0186177,0.480227,-0.101449,-0.236475,0,0.506761,0.93592,-0.0402481,-0.0706888,-0.34269,-0.366935,0.523466,-0.499128,-0.514963,-0.467986,-0.52893,-0.328568,0.563947,1.73723,-0.130776,-0.891423,-0.183793,1.20555,1.06805,-3.24065,-0.000901465,-6.54604,0.0366779,-0.626943,0.0377749,3.3152,-5.46616,
440,-0.273085,-0.0654281,0.235127,-0.0185253,0.549193,-0.1087,-0.246272,0,0.460574,0.938201,-0.0460946,-0.0402735,-0.340635,-0.483245,0.523476,-0.53508,-0.532473,-0.533368,-0.526302,-0.138644,0.491094,1.78787,-0.745021,-0.789001,0.405941,1.3917,-0.322157,-1.43891,0.000549,1.88825,-0.715182,-0.759164,0.0498557,4.27236,0.839777,
441,-0.444029,0.0630388,0.161605,-0.0184347,0.412019,-0.070091,-0.195921,0,0.417496,0.932669,0.001369,-0.018014,-0.36028,-0.510251,0.523488,-0.344225,-0.586934,-0.530023,-0.523727,0.0210072,0.520676,2.00416,-1.01728,-1.0718,1.84291,1.4419,-1.21878,0.338518,-9.84725e-05,5.72754,-1.45801,0.185502,0.0534721,2.12625,0.332647,
442,-0.538998,0.178084,-0.00368651,-0.0184199,-0.00973226,0.00145734,-0.0996302,0,0.390055,0.919507,0.0208575,-0.0070213,-0.392457,-0.464804,0.523681,0.00714545,-0.665529,-0.525055,-0.523308,0.0456643,0.544566,2.66937,-0.123987,0.881346,0.727295,-0.604311,-2.07389,1.46976,0.00907403,8.17164,-1.45496,0.0384658,-0.00572209,-1.03881,0.414831,
443,-0.519594,-0.0161446,-0.221222,-0.0184387,-0.434708,0.0817862,0.0114724,0,0.45851,0.903534,0.0346528,-0.0341267,-0.425748,-0.394964,0.523355,0.401901,-0.724015,-0.524113,-0.523841,-0.100449,0.586016,2.91385,-0.0392942,1.42247,0.807854,-0.960667,-0.903526,1.33137,0.00169437,7.64856,-1.03972,0.00454441,-0.0119972,-4.80302,1.37729,
444,-0.1302,-0.30638,-0.306438,-0.0184607,-0.524347,0.115125,0.0618693,0,0.517288,0.902462,0.0363142,-0.0617186,-0.424777,-0.371176,0.523445,0.566978,-0.759433,-0.523417,-0.524466,-0.430179,0.649961,2.7272,-0.160414,0.922071,0.224454,-1.01802,0.964158,-0.363439,0.00108243,-1.01966,-0.385932,0.0230808,-0.0123642,-8.35633,1.18209,
445,0.0597282,-0.223985,-0.225073,-0.018492,-0.388109,0.0859383,0.0211857,0,0.547925,0.906817,0.0296938,-0.0821136,-0.412383,-0.443687,0.523466,0.422403,-0.757342,-0.510588,-0.525355,-0.573411,0.651251,2.32807,0.0851377,0.30649,0.147001,-0.638099,0.401061,-2.52783,0.000212739,-4.7364,0.463225,0.481076,-0.0213864,1.20455,-1.10843,
446,0.189235,-0.183311,-0.0637961,-0.0184765,-0.115856,0.0246172,-0.0679226,0,0.55112,0.911132,0.0255274,-0.0846136,-0.402525,-0.551276,0.523461,0.120724,-0.719061,-0.483672,-0.524914,-0.503603,0.556205,2.11274,0.0704774,-0.180344,-0.390911,0.416017,0.183455,0.16155,0.000127658,-7.30338,1.06712,0.600181,0.0384325,1.59331,-2.67855,
447,0.212884,-0.161818,0.134295,-0.0184209,0.251102,-0.0522722,-0.180318,0,0.531155,0.913486,0.0159808,-0.0690771,-0.400645,-0.531019,0.523472,-0.256528,-0.661884,-0.466606,-0.523337,-0.391504,0.506561,2.00395,0.163161,-0.615373,-0.730718,0.439881,0.121574,0.261535,0.00014302,-7.78369,1.21841,0.0862679,0.00740432,2.87895,0.395545,
448,-0.111303,0.0179105,0.291391,-0.0184261,0.5444,-0.114119,-0.269833,0,0.489146,0.912269,0.00592787,-0.0523409,-0.40619,-0.493502,0.52348,-0.561979,-0.6116,-0.494466,-0.523484,-0.212117,0.519979,2.14861,0.0304501,-1.05554,-0.560212,0.318944,-0.964578,1.24519,0.00030262,-1.39358,0.793442,-1.17818,-0.00351786,4.29307,0.121051,
449,-0.340417,0.0613585,0.274083,-0.018428,0.544808,-0.10076,-0.257232,0,0.431061,0.901712,-0.009715,-0.0229445,-0.431618,-0.3796,0.523468,-0.495716,-0.593576,-0.535329,-0.523539,-0.0226176,0.529295,2.30597,-0.271264,-1.28324,-1.59768,1.18295,-1.21725,3.29415,9.42966e-05,3.33739,-0.0668781,0.189993,-0.00103603,3.29628,0.249415,
450,-0.495769,0.223283,0.143288,-0.0184358,0.312626,-0.0480048,-0.190563,0,0.386901,0.884698,0.0108965,0.00972021,-0.465936,-0.168534,0.523533,-0.235552,-0.614589,-0.526722,-0.523759,0.0764484,0.550823,2.18464,-0.492441,-0.0735125,-0.339567,-0.0882846,-2.30367,5.13963,0.00347781,7.02183,-0.716692,0.0895304,-0.00179733,0.683363,0.580883,
451,-0.556731,0.138713,-0.106646,-0.0184244,-0.195228,0.0322233,-0.0857966,0,0.424579,0.856489,0.0147313,-0.027006,-0.515248,0.108125,0.523542,0.158048,-0.649495,-0.524498,-0.523436,0.0237501,0.61088,2.77589,-0.911466,1.54714,0.815389,-0.916409,-1.79387,5.91124,-0.00166724,8.66636,-0.643518,0.0176318,0.00178183,-2.76314,1.78209,
452,-0.441096,-0.0545575,-0.369168,-0.018428,-0.527742,0.110693,0.0250436,0,0.493229,0.83886,0.016201,-0.0596148,-0.54083,0.376431,0.523487,0.544966,-0.674347,-0.524049,-0.523537,-0.212494,0.722457,2.82454,-0.914756,1.17179,0.610316,-1.20267,-0.589017,4.82831,-0.000643845,5.65647,-0.355656,0.00111222,-0.00237884,-6.66549,2.67993,
453,-0.0416545,-0.241033,-0.354968,-0.0184004,-0.477893,0.108041,0.0236425,0,0.543084,0.843665,-0.000987898,-0.0802663,-0.530835,0.538927,0.523455,0.531808,-0.671478,-0.521615,-0.522752,-0.570314,0.842111,2.40132,-0.664297,0.855576,-1.15635,-0.262062,0.635444,0.840646,-0.000545445,-2.75904,0.454634,0.121283,0.0169612,-2.21963,2.10294,
454,0.127941,-0.313636,-0.207581,-0.0184215,-0.281161,0.0632069,-0.039944,0,0.570592,0.853499,-0.0261298,-0.0651813,-0.516341,0.500761,0.523467,0.310322,-0.629633,-0.511587,-0.523354,-0.5453,0.900425,2.21905,-0.426746,0.268844,-1.05336,0.155682,1.19584,-2.07383,0.00036408,-6.07787,1.21619,0.27103,-0.0173615,0.885473,0.24406,
455,0.214504,-0.364614,0.0239484,-0.0184547,0.0348474,-0.00763092,-0.137246,0,0.570205,0.871141,-0.0440953,-0.0449467,-0.486979,0.361487,0.523476,-0.0374156,-0.55858,-0.505819,-0.524297,-0.479001,0.854661,2.13297,-0.27212,-0.283206,-0.813423,0.518227,1.66233,-3.4855,3.9671e-05,-7.81679,1.62333,-0.0370464,-0.0203866,1.75864,-2.05637,
456,0.183154,-0.301657,0.241581,-0.0184933,0.38261,-0.0838883,-0.239054,0,0.543361,0.889044,-0.0494163,-0.0196474,-0.454723,0.195776,0.523478,-0.412279,-0.513111,-0.529158,-0.525392,-0.354256,0.687202,2.09792,-0.195675,-0.784294,-0.30114,1.0112,1.2734,-3.14262,1.71716e-05,-7.18075,-0.154092,-0.304389,-0.0237314,3.22017,-4.62259,
457,-0.230006,-0.0314596,0.322343,-0.01853,0.544113,-0.115088,-0.281386,0,0.493667,0.892542,-0.0459923,0.00309585,-0.448603,0.0877767,0.52348,-0.566794,-0.535767,-0.52693,-0.526437,-0.163294,0.477934,2.27595,-0.450375,-1.12883,-0.693108,0.345757,-0.54403,-1.19123,-1.9495e-05,0.991936,-0.743035,0.0868524,-0.0165271,4.40886,-0.122821,
458,-0.406849,-0.000681624,0.25015,-0.018567,0.462794,-0.0854456,-0.243265,0,0.445477,0.886044,-0.0191169,0.0165132,-0.462913,0.0886282,0.523496,-0.41997,-0.593616,-0.524796,-0.527488,0.0104279,0.511954,2.01461,-1.3426,-0.938892,1.91703,1.48187,-0.820922,1.20737,2.98297e-05,4.84269,-1.55364,0.0152859,-0.0228609,2.5576,0.676133,
459,-0.529531,0.162848,0.0638177,-0.0186037,0.131477,-0.0202887,-0.156138,0,0.399701,0.872155,0.0167337,0.0182851,-0.488601,0.193181,0.52352,-0.0994904,-0.683407,-0.52439,-0.528531,0.0608269,0.543797,2.43545,-0.631467,-0.0542577,0.307262,-1.00003,-1.99861,2.96638,0.0062258,7.91458,-1.8707,0.00304127,-0.0208797,-0.525121,0.485345,
460,-0.547226,0.0280229,-0.209999,-0.0186572,-0.348585,0.062746,-0.0432435,0,0.44983,0.849533,0.0275377,-0.0212193,-0.526389,0.348731,0.523554,0.308053,-0.755323,-0.524218,-0.530052,-0.0590874,0.577604,2.8852,-0.554834,1.58885,1.27028,-1.1794,-1.22895,3.2496,-0.0017266,8.3999,-1.18346,0.000688923,-0.0399794,-4.23971,1.00545,
461,-0.17195,-0.271243,-0.381282,-0.0187262,-0.526381,0.115979,0.0346063,0,0.518657,0.842035,0.0357405,-0.0612056,-0.534746,0.468087,0.523487,0.571222,-0.801076,-0.523959,-0.532013,-0.366209,0.631374,2.69228,-0.606632,1.14847,0.82867,-1.25323,0.661608,1.53334,-0.000731283,-0.187331,-0.655482,0.00272659,-0.0386088,-8.01969,1.14565,
462,0.022441,-0.202055,-0.309382,-0.0188017,-0.413496,0.09443,0.00492389,0,0.560948,0.845865,0.0350945,-0.0935609,-0.523953,0.473853,0.523468,0.46438,-0.81199,-0.517432,-0.534157,-0.573669,0.637216,2.27081,-0.258448,0.515974,0.607995,-0.81353,0.178489,-1.27792,-8.31425e-06,-4.00857,0.210569,0.261746,-0.048499,0.864242,-0.890097,
463,0.16484,-0.278914,-0.129714,-0.0188316,-0.177026,0.0393977,-0.0746797,0,0.57392,0.850982,0.0411802,-0.102587,-0.51343,0.354839,0.523463,0.193269,-0.784725,-0.504371,-0.535009,-0.520704,0.556719,2.17463,-0.0719235,0.00898104,0.288562,0.510868,0.737296,-3.46528,0.000110582,-6.81264,0.876662,0.260271,0.011913,1.12243,-2.31892,
464,0.211878,-0.290644,0.111064,-0.0188137,0.160236,-0.0349297,-0.179035,0,0.563174,0.862267,0.0482095,-0.0948733,-0.495147,0.162099,0.523468,-0.171332,-0.734332,-0.50529,-0.534498,-0.436169,0.509064,2.08981,0.0582582,-0.436393,0.0059332,0.466274,0.888816,-4.23812,8.74664e-05,-7.76313,1.13764,-0.292149,0.00853658,2.25031,0.313575,
465,0.135336,-0.207797,0.317454,-0.0187951,0.479121,-0.105788,-0.276071,0,0.530053,0.871281,0.0541297,-0.0844813,-0.480418,-0.0242842,0.52347,-0.520636,-0.68488,-0.53125,-0.533971,-0.287689,0.520088,2.09744,0.0454096,-0.823658,-0.145497,1.04926,0.393449,-3.22585,-0.000469933,-6.22452,0.84165,0.0253805,0.0321603,3.67946,0.101477,
466,-0.289667,0.0266744,0.333761,-0.0187087,0.533002,-0.109312,-0.283414,0,0.481029,0.867373,0.0616412,-0.0563548,-0.4906,-0.122581,0.523472,-0.538113,-0.663081,-0.526257,-0.531514,-0.0826675,0.522563,2.25614,-0.303931,-1.20539,-0.325949,0.971625,-1.0921,-0.739919,0.000158062,2.23916,0.0351485,0.0667271,0.0511788,4.50845,0.0171424,
467,-0.454843,0.204748,0.228603,-0.0186179,0.395576,-0.0674264,-0.235376,0,0.420433,0.844273,0.0256454,-0.0263186,-0.534651,-0.0964872,0.523471,-0.331098,-0.680295,-0.524667,-0.528934,0.081459,0.525703,2.21634,-0.419555,-1.26877,-2.95827,0.210102,-2.27106,1.74325,-0.000426781,5.9917,-0.726919,0.0113737,0.0738243,2.1131,0.138042,
468,-0.546415,0.213845,-0.0219421,-0.0184883,-0.0371074,0.00580332,-0.143038,0,0.407205,0.809382,0.0210621,-0.0161653,-0.586681,0.0306267,0.523785,0.0284544,-0.72135,-0.524372,-0.52525,0.104864,0.561389,2.42275,-1.23412,0.989548,1.11304,-0.963755,-2.38884,3.31253,-0.00201454,8.37579,-0.759694,0.00114206,0.0792635,-1.11539,1.1417,
469,-0.519953,0.0406839,-0.336681,-0.0184116,-0.442884,0.0872379,-0.0312621,0,0.478813,0.781029,0.0253075,-0.05593,-0.62147,0.187247,0.523366,0.428823,-0.745445,-0.524199,-0.523071,-0.0474017,0.645195,2.6186,-1.24379,1.49478,0.967241,-1.37364,-1.29611,2.96174,0.00170391,7.65808,-0.347958,0.00128808,-0.00730348,-4.96501,2.33248,
470,-0.119624,-0.246615,-0.426748,-0.0184298,-0.495813,0.112616,0.00593997,0,0.541811,0.774456,0.0162897,-0.0938148,-0.62542,0.269367,0.523448,0.554516,-0.74618,-0.523915,-0.523589,-0.38541,0.766066,2.38184,-1.21782,1.05158,0.242908,-1.17456,0.569463,0.351552,0.000493217,-1.22903,0.305622,0.00343672,-0.00608028,-8.51804,2.49927,
471,0.0596206,-0.134189,-0.319586,-0.0184388,-0.353413,0.0823426,-0.0388979,0,0.582072,0.77667,0.00211158,-0.0957422,-0.622585,0.2095,0.523455,0.404647,-0.711102,-0.522427,-0.523845,-0.590036,0.8419,2.06221,-0.665102,0.503915,-0.675782,-0.056394,-0.127114,-2.72215,0.000388798,-4.73422,1.09745,0.0592771,-0.0148363,1.34327,0.557481,
472,0.177279,-0.229872,-0.0886792,-0.018467,-0.0974105,0.0222728,-0.127231,0,0.593818,0.780583,-0.00956712,-0.0845534,-0.619233,0.0181804,0.52347,0.109223,-0.642339,-0.524635,-0.524647,-0.511565,0.844367,2.07605,-0.493317,-0.0320524,-0.57065,0.199329,0.600553,-4.91259,0.000128843,-7.06239,1.64953,-0.00630704,-0.0172256,1.74457,-0.451083,
473,0.194844,-0.211005,0.19949,-0.018499,0.227869,-0.0515229,-0.230994,0,0.579163,0.790379,-0.0143774,-0.070962,-0.608325,-0.237726,0.523472,-0.252844,-0.557541,-0.524212,-0.525555,-0.394254,0.780037,2.12333,-0.375947,-0.551402,-0.319816,0.458603,0.591894,-5.31959,-8.64061e-06,-7.41693,1.74184,0.00570366,-0.0189447,2.9372,-2.10893,
474,-0.0766699,0.00463241,0.417625,-0.018532,0.499967,-0.113394,-0.316345,0,0.540101,0.793291,-0.00845841,-0.0584789,-0.605969,-0.460624,0.523475,-0.55838,-0.512112,-0.524346,-0.526494,-0.21528,0.638249,2.21466,-0.5421,-0.993829,0.167849,0.538516,-0.741523,-3.59694,0.000276818,-2.07445,-0.189368,-0.00091911,-0.0163936,4.21814,-3.54984,
475,-0.321635,0.194831,0.400512,-0.0185553,0.510197,-0.103346,-0.309392,0,0.47988,0.770969,0.00113601,-0.0534056,-0.634629,-0.536116,0.523482,-0.508527,-0.542016,-0.524515,-0.527154,-0.0226246,0.501843,2.17507,-0.855368,-1.39213,-0.163866,0.0759968,-2.0129,0.601109,9.57073e-05,2.92627,-0.99679,-0.00140581,-0.0106226,3.49309,-0.174638,
476,-0.471063,0.172144,0.235573,-0.0184812,0.340197,-0.0559275,-0.251164,0,0.411605,0.746475,-0.00466556,-0.0114881,-0.665298,-0.434431,0.523473,-0.274503,-0.608963,-0.524502,-0.525049,0.0892676,0.537413,1.89915,-1.45015,-1.28946,0.0945063,1.62685,-1.95615,3.45988,0.000985107,6.39397,-1.67236,-0.000268246,0.0521375,1.01894,1.40894,
477,-0.549419,0.15903,-0.0892907,-0.018413,-0.121984,0.0197181,-0.15268,0,0.419029,0.709248,0.0152848,-0.0254392,-0.704334,-0.222683,0.523932,0.0966918,-0.68021,-0.524411,-0.52311,0.0551085,0.61471,2.11773,-1.92348,1.41991,0.959408,-1.39262,-1.96916,4.98411,-0.0109765,8.45843,-1.13557,0.000763079,-0.00244989,-2.34548,1.6592,
478,-0.499806,-0.0219885,-0.433879,-0.0184394,-0.476056,0.0987717,-0.0414836,0,0.498449,0.683267,0.00129693,-0.0625178,-0.727486,0.00339369,0.523301,0.485869,-0.725066,-0.524223,-0.523861,-0.158241,0.718133,2.22971,-1.95374,1.59873,0.483344,-1.48456,-0.867683,4.0707,0.00355159,7.12799,-0.713957,0.00148481,-0.0190119,-6.17399,2.52509,
479,-0.0807611,-0.304217,-0.483997,-0.0184835,-0.478789,0.113251,-0.0178353,0,0.568225,0.687722,-0.011131,-0.0885139,-0.720472,0.121732,0.523436,0.557671,-0.740102,-0.52395,-0.525115,-0.551708,0.836525,1.97692,-1.7755,1.142,0.210431,-0.99707,0.975811,0.709746,0.00124542,-1.99397,0.0754822,0.00400704,-0.0269895,-7.72252,2.21752,
480,0.0908103,-0.288797,-0.335595,-0.0185456,-0.315645,0.0761043,-0.0709984,0,0.607794,0.69614,-0.019675,-0.102128,-0.710333,0.0690508,0.523465,0.373867,-0.716035,-0.523763,-0.526881,-0.563289,0.888864,1.91837,-1.28079,0.48906,0.281482,-0.434494,0.901384,-2.8078,0.000380558,-5.34553,0.884961,0.00125432,-0.0364428,1.28393,-0.105748,
481,0.192648,-0.366504,-0.050107,-0.0186087,-0.0476753,0.0113169,-0.160627,0,0.617895,0.716861,-0.0222715,-0.114016,-0.687469,-0.129284,0.523473,0.0554898,-0.658923,-0.523948,-0.528672,-0.484423,0.830621,1.98124,-1.12035,-0.0856654,0.472183,-0.242859,1.53675,-5.1064,-2.36311e-06,-7.37248,1.39598,-0.00248058,-0.035109,1.8653,-2.2071,
482,0.19193,-0.300696,0.265188,-0.0186253,0.269268,-0.0636982,-0.260944,0,0.60184,0.741484,-0.0137748,-0.115496,-0.660812,-0.387443,0.523456,-0.31274,-0.588788,-0.524229,-0.529144,-0.358224,0.655589,2.0027,-0.957887,-0.481823,0.175925,1.40424,1.16144,-5.21687,-0.000427758,-7.35784,1.40748,-0.00125119,0.0491042,3.17683,-4.77435,
483,-0.172432,0.033367,0.451066,-0.0185401,0.484293,-0.114806,-0.329434,0,0.568285,0.750838,0.00713639,-0.0926383,-0.653918,-0.548236,0.523473,-0.565393,-0.531311,-0.524405,-0.526722,-0.167776,0.481265,1.86851,-1.26487,-0.810457,-0.409235,0.848316,-0.951656,0.0181464,0.000559159,-0.177565,0.898626,-0.000727399,0.049392,4.4474,0.332359,
484,-0.345988,0.153823,0.403912,-0.0184515,0.456184,-0.0974837,-0.31196,0,0.517268,0.730027,0.014282,-0.0717252,-0.679494,-0.465147,0.523482,-0.479492,-0.522628,-0.524544,-0.524204,0.018587,0.521063,1.84148,-1.5033,-1.24418,-0.406369,0.641002,-1.71602,3.27782,-6.9323e-06,3.46033,-0.361647,-0.00124654,0.0513445,3.01826,0.930587,
485,-0.478058,0.137542,0.210189,-0.0184181,0.264791,-0.0464475,-0.249312,0,0.446366,0.700296,0.0179984,-0.0453039,-0.712186,-0.231947,0.523469,-0.227899,-0.558006,-0.524513,-0.523255,0.10339,0.594762,1.81513,-1.81665,-1.53435,-1.34345,1.20119,-1.65905,6.02404,-0.000354698,6.56991,-1.04622,0.000695262,-0.00638986,0.391306,2.01016,
486,-0.52496,0.158982,-0.129588,-0.0184246,-0.169899,0.0274381,-0.14965,0,0.416708,0.675949,-0.0194155,-0.00174557,-0.736691,0.0996884,0.523751,0.134565,-0.606317,-0.524365,-0.52344,0.0412717,0.705299,2.53924,-2.55374,1.21896,-0.838905,0.132413,-1.86611,7.25506,0.009818,7.78965,-0.53504,0.00122761,-0.00768969,-2.83457,2.08777,
487,-0.462009,0.0162503,-0.448484,-0.0184406,-0.49716,0.0982013,-0.0508623,0,0.47043,0.649091,-0.0210708,0.0134948,-0.760299,0.429437,0.523335,0.483044,-0.624651,-0.524211,-0.523895,-0.192994,0.83441,2.63899,-2.60861,0.824,-0.482638,0.384401,-0.972125,5.94893,0.00185454,6.16941,-0.246812,0.000975424,-0.00731368,-6.50964,3.09802,
488,-0.0906098,-0.222135,-0.495588,-0.0184573,-0.523548,0.111168,-0.0300348,0,0.500303,0.653652,-0.0297658,0.0374271,-0.755283,0.553347,0.523432,0.547326,-0.618667,-0.523979,-0.524369,-0.569906,0.987073,2.40918,-2.13142,0.428219,-1.88966,0.301507,0.58143,-0.866215,0.000721228,-1.80062,0.481296,0.00409432,-0.0182239,-3.43872,2.98594,
489,0.0986559,-0.287273,-0.341809,-0.0184847,-0.354796,0.0741538,-0.0825515,0,0.521728,0.664746,-0.0418726,0.0565828,-0.743746,0.421906,0.523472,0.364249,-0.575167,-0.523833,-0.52515,-0.550953,1.09178,1.91781,-1.47479,0.445517,0.174353,-0.321596,1.08662,-4.36941,0.000380937,-5.49983,1.2548,0.000958662,-0.00814745,0.940352,1.21586,
490,0.21376,-0.377794,-0.029523,-0.0185,-0.0312862,0.00637155,-0.175786,0,0.530332,0.69203,-0.0391895,0.0499639,-0.71907,0.146135,0.523475,0.0312405,-0.509797,-0.524004,-0.525582,-0.487291,1.09827,1.99801,-1.2869,-0.0880014,0.450668,0.0243212,1.8277,-6.6438,-5.2302e-05,-7.8016,0.310762,-0.00198082,-0.0100573,1.60085,-0.940632,
491,0.206141,-0.344269,0.311108,-0.0185172,0.351929,-0.0722647,-0.279788,0,0.512919,0.722551,-0.0231771,0.042767,-0.689605,-0.183379,0.523471,-0.354938,-0.518906,-0.524256,-0.526074,-0.370211,0.982909,2.06976,-1.21234,-0.610957,0.794843,0.238913,1.569,-6.53591,-7.8893e-05,-7.64626,-0.241222,-0.00102223,-0.00921804,3.06854,-3.65151,
492,-0.200772,-0.0626139,0.459483,-0.0185285,0.558277,-0.113072,-0.332806,0,0.46929,0.733958,-0.00116896,0.0297434,-0.678543,-0.444619,0.523475,-0.556779,-0.543876,-0.524437,-0.526393,-0.182553,0.741575,2.08182,-1.53301,-1.14012,1.19769,0.113805,-0.356043,-3.93078,3.30577e-05,0.394603,-0.755643,-0.00120158,-0.00325937,4.42803,-5.98132,
493,-0.388498,0.0695666,0.37815,-0.0185295,0.52139,-0.0886026,-0.303491,0,0.40019,0.718769,0.0204889,0.00805232,-0.6949,-0.539233,0.52348,-0.435567,-0.601391,-0.524554,-0.526422,-0.00250918,0.471682,1.94229,-1.71735,-1.45871,1.19206,-0.884701,-1.28072,0.338445,0.000220225,4.41803,-1.53351,-0.0012258,0.00813116,2.79124,-1.16061,
494,-0.5185,0.223982,0.12634,-0.018375,0.175078,-0.0269853,-0.226279,0,0.39746,0.683061,0.0173766,-0.0104456,-0.73008,-0.452477,0.523485,-0.132343,-0.6822,-0.524392,-0.52203,0.0583059,0.508166,1.53355,-2.25133,1.079,0.297379,0.162973,-2.40236,3.08736,0.00075205,7.61852,-1.68611,-0.00160068,0.0471352,-0.22005,1.10236,
495,-0.550795,0.0752466,-0.265022,-0.0184094,-0.305142,0.0551554,-0.11567,0,0.456314,0.645807,0.0209446,-0.0210862,-0.762922,-0.279804,0.523494,0.270706,-0.76376,-0.524364,-0.523008,-0.0451098,0.597635,1.75041,-2.43778,1.08348,0.199781,-0.634799,-1.54289,3.81638,-0.000152461,8.49986,-1.65207,0.000280756,-0.0268612,-3.89035,2.5304,
496,-0.199501,-0.316794,-0.517751,-0.0184646,-0.531222,0.114791,-0.0287472,0,0.507471,0.635775,0.00907589,-0.0264363,-0.771368,-0.143091,0.523474,0.565322,-0.830687,-0.524162,-0.524577,-0.334347,0.732216,1.71212,-2.34346,1.06807,-0.935693,-0.295993,0.938697,1.66138,-0.000417794,0.368799,-0.988881,0.00132083,-0.0421465,-7.64125,2.8156,
497,0.00443002,-0.323943,-0.441363,-0.0185433,-0.433731,0.0971717,-0.0508454,0,0.546682,0.656414,-0.00813785,-0.0110437,-0.754276,-0.155926,0.523467,0.477948,-0.858119,-0.523863,-0.526814,-0.568646,0.81117,1.66327,-1.88853,0.496844,-0.867595,0.178841,0.951403,-2.13719,2.78447e-05,-3.65755,-0.116722,0.00363647,-0.0498352,0.506741,0.366317,
498,0.155485,-0.440097,-0.208647,-0.0186302,-0.20668,0.0448941,-0.122683,0,0.558049,0.681859,-0.0145634,0.00825129,-0.731292,-0.340765,0.523473,0.220267,-0.846055,-0.523887,-0.529282,-0.527664,0.769477,1.7336,-1.74229,-0.0411705,-0.590309,0.445089,1.83797,-5.23174,3.81801e-05,-6.62564,0.594645,-0.00098916,-0.0485772,0.833936,-2.01493,
499,0.21259,-0.327075,0.128681,-0.0187153,0.136562,-0.0286176,-0.221483,0,0.542616,0.712259,-0.0105265,0.0271395,-0.701313,-0.564683,0.523472,-0.140353,-0.808643,-0.524124,-0.531702,-0.458685,0.590362,1.49425,-1.68649,-0.568409,-0.398382,0.758238,1.04254,-0.257,1.00694e-05,-7.77769,0.903928,-0.00137725,-0.0497265,1.93097,-5.11999,
500,0.138907,-0.359237,0.415607,-0.0188156,0.472288,-0.100119,-0.316407,0,0.51008,0.728166,0.00285986,0.0547898,-0.683201,-0.523949,0.523466,-0.492539,-0.768313,-0.524355,-0.534552,-0.325914,0.493291,1.28249,-1.54544,-0.66994,-0.0838104,1.87246,1.33127,1.31282,-4.94192e-05,-6.2954,0.71996,-0.000941179,-0.0677033,3.36314,0.68577,
501,-0.268887,-0.0494321,0.448753,-0.0188886,0.531162,-0.109261,-0.328781,0,0.482887,0.728825,0.0154286,0.0410808,-0.683292,-0.386411,0.523462,-0.537859,-0.75166,-0.52451,-0.536628,-0.134753,0.516943,0.892667,-1.40691,-0.612507,1.21386,-1.00377,-0.729295,4.18757,0.000293698,1.80006,-0.0473743,-0.00143029,-0.0283287,4.2607,0.215196,
502,-0.437057,0.0327107,0.315237,-0.0189332,0.402757,-0.0718889,-0.2825,0,0.439382,0.710745,0.0227087,-0.000668512,-0.703083,-0.100375,0.523475,-0.353085,-0.773994,-0.524558,-0.537896,0.0247728,0.522463,0.802385,-1.78421,-1.02057,1.99137,-0.749208,-1.28485,7.22928,0.000294167,5.55906,-0.848566,-0.000454042,-0.0249627,2.13626,0.0400741,
503,-0.534251,0.0403586,0.00908515,-0.0189653,0.0114996,-0.00192073,-0.191458,0,0.435067,0.676814,0.0337043,-0.0472691,-0.733861,0.309687,0.523486,-0.00941746,-0.823029,-0.524422,-0.538808,0.047277,0.526586,1.17721,-1.76463,0.953513,0.630342,-0.0476287,-1.40189,9.13519,-0.00124081,8.04306,-1.09899,0.00466408,0.0881033,-1.1376,0.128458,
504,-0.521113,-0.361648,-0.355014,-0.0187958,-0.403923,0.0781343,-0.0744821,0,0.47615,0.673707,0.0393046,-0.0601708,-0.735495,0.574299,0.523472,0.38388,-0.876533,-0.524301,-0.533991,-0.105329,0.539289,1.62761,-1.52458,0.626352,0.646768,-0.129622,1.1985,-0.607371,0.000181923,7.68837,-1.04381,0.000377673,0.0939681,-4.95812,0.382886,
505,-0.137813,-0.59909,-0.48172,-0.0186395,-0.53327,0.115967,-0.00827314,0,0.510252,0.709081,0.0463905,-0.0758655,-0.699497,0.478015,0.523475,0.571164,-0.909509,-0.524056,-0.529549,-0.439942,0.512455,1.61329,-1.53437,0.646179,0.0830829,-0.0193992,3.14964,-3.20661,-0.00022949,-0.868828,-0.288028,0.00245992,0.0817435,-8.41764,-0.0435208,
506,0.0564891,-0.540547,-0.353569,-0.0185107,-0.409521,0.0878785,-0.0378922,0,0.527559,0.754617,0.0427359,-0.0731131,-0.650677,0.234667,0.523466,0.431988,-0.902517,-0.523675,-0.525887,-0.562583,0.518945,1.36469,-0.993889,0.0658811,-0.21968,0.354278,2.60548,-6.50955,5.11456e-05,-4.67307,0.56176,0.00172282,0.0678537,0.962271,0.101031,
507,0.1948,-0.602273,-0.100489,-0.0184165,-0.131629,0.0263409,-0.114709,0,0.518375,0.801124,0.0387348,-0.0646394,-0.593735,-0.147447,0.523468,0.129181,-0.858959,-0.523792,-0.523211,-0.505711,0.521523,1.33151,-0.868211,-0.43091,-0.29118,0.427169,3.25169,-8.75618,-1.48111e-05,-7.41601,1.17672,-0.00200417,0.00588251,1.3098,0.0187005,
508,0.222652,-0.488812,0.176476,-0.0184258,0.273878,-0.0522361,-0.212431,0,0.484587,0.84616,0.0336205,-0.0531326,-0.529207,-0.568557,0.523469,-0.25635,-0.796452,-0.524098,-0.523476,-0.406293,0.521795,1.09736,-0.987792,-0.941427,-0.578603,0.49647,2.30351,-3.41633,7.50708e-05,-7.98347,1.32756,-0.00171766,-0.00875202,2.6788,0.000715433,
509,-0.114449,-0.171912,0.357473,-0.0184256,0.606946,-0.114939,-0.294063,0,0.427137,0.86365,0.0252939,-0.0298138,-0.502573,-0.542299,0.523471,-0.566056,-0.740856,-0.524331,-0.52347,-0.233723,0.522041,1.10792,-1.21816,-1.27496,-0.911178,1.2031,0.0780478,1.70636,-1.80135e-08,-1.33143,0.893268,-0.000760609,0.0252498,4.21209,0.00338825,
510,-0.365897,0.196761,0.32388,-0.018464,0.545566,-0.0982083,-0.277206,0,0.419332,0.848266,0.0187993,0.0141669,-0.529047,-0.392438,0.523496,-0.483079,-0.709102,-0.524461,-0.524559,-0.0582775,0.522719,0.603503,-0.814588,0.418155,-0.764379,1.17826,-2.258,4.25559,0.00027863,3.90448,0.29057,-0.00114356,-0.0320278,2.93437,0.0115969,
511,-0.519434,0.251221,0.146985,-0.0184931,0.231424,-0.0395292,-0.207106,0,0.437109,0.813505,0.0173978,0.0241992,-0.580794,-0.126404,0.523486,-0.193915,-0.712427,-0.524455,-0.525386,0.0196254,0.559067,0.600591,-0.916081,0.263836,0.15765,-0.515841,-2.62861,6.36714,-0.000195282,7.64341,-0.422463,0.000245379,-0.00314453,0.20224,1.43076,
512,-0.559033,0.132672,-0.178373,-0.0184839,-0.250181,0.0446089,-0.0961986,0,0.454916,0.779262,0.00733458,-0.00261371,-0.62665,0.210345,0.523611,0.218866,-0.73617,-0.524322,-0.525126,-0.0620425,0.670926,1.46697,-1.31537,1.37858,1.50074,-1.94239,-1.87509,7.09306,0.00702045,8.73099,-0.259835,0.00135098,0.0108024,-3.32103,2.78773,
513,-0.261132,-0.235061,-0.447086,-0.0184661,-0.518717,0.114851,0.00371447,0,0.522993,0.759861,0.000650927,-0.0637438,-0.646952,0.522977,0.523434,0.56562,-0.737979,-0.52411,-0.524619,-0.325582,0.828633,1.32649,-1.34511,1.38663,0.630435,-1.71627,0.502592,5.40203,-0.000327623,1.63774,0.196788,0.000180089,-0.00173781,-7.19987,3.50911,
514,-0.0186913,-0.335459,-0.38734,-0.0184777,-0.432171,0.10215,-0.00805723,0,0.577266,0.779198,-0.0144296,-0.100408,-0.618515,0.535528,0.523456,0.502601,-0.707731,-0.523299,-0.524951,-0.596311,0.956155,1.05925,-0.758603,0.738459,0.462988,-1.05717,1.24293,-2.06644,0.000382297,-3.20691,1.00661,0.0387839,-0.0150706,0.574768,1.61555,
515,0.133215,-0.428003,-0.203102,-0.0184569,-0.232275,0.0544577,-0.0711211,0,0.600178,0.801981,-0.0183423,-0.113417,-0.586196,0.363821,0.523468,0.267274,-0.64035,-0.523452,-0.524359,-0.534301,0.973379,1.00673,-0.573202,0.171045,0.364037,-0.174588,2.02886,-4.78045,0.000246871,-6.18242,1.68845,-0.0448009,0.0199775,1.21976,-0.906846,
516,0.201554,-0.41836,0.0545948,-0.0184194,0.0678104,-0.0155546,-0.163566,0,0.596655,0.831119,-0.00910967,-0.109972,-0.545036,0.0936113,0.52347,-0.0762715,-0.548304,-0.524198,-0.523292,-0.450323,0.850433,1.0383,-0.401394,-0.348451,0.567193,0.619113,2.08186,-6.02114,3.05185e-05,-7.553,1.9967,0.00841189,-0.00410224,2.12313,-3.98551,
517,0.158503,-0.318652,0.279257,-0.0184285,0.383722,-0.0878955,-0.256999,0,0.567612,0.856948,0.0167312,-0.101373,-0.505058,-0.190045,0.523468,-0.432073,-0.513445,-0.524218,-0.523551,-0.310077,0.578926,1.02698,-0.334752,-0.785358,1.09275,1.44567,1.39293,-5.32817,-0.000195824,-6.6859,-0.241496,-0.0012847,-0.00245085,3.47697,-6.8518,
518,-0.226227,-0.0700085,0.341036,-0.0184294,0.503189,-0.11112,-0.286728,0,0.525063,0.864653,0.0405147,-0.082044,-0.493967,-0.397716,0.523473,-0.547088,-0.540746,-0.524402,-0.523576,-0.110792,0.484893,1.09933,-0.648101,-0.990006,0.0797176,0.961679,-0.304295,-3.00716,0.000154253,0.91432,-0.850982,-0.00114457,-0.000401318,4.48496,0.987954,
519,-0.392042,-0.0172354,0.265843,-0.0184293,0.436608,-0.0836303,-0.250776,0,0.466547,0.860263,0.0532791,-0.0544452,-0.504128,-0.482369,0.523474,-0.411005,-0.602575,-0.524462,-0.523575,0.0675142,0.521269,1.20422,-0.895829,-1.36308,-0.346079,1.35489,-0.727733,-0.401302,-8.54565e-05,4.49955,-1.61558,-0.000180274,0.000299542,2.66137,0.45143,
520,-0.507077,0.0196639,0.0771381,-0.0184292,0.145884,-0.0228941,-0.168813,0,0.40595,0.851475,0.0192924,-0.0193015,-0.523684,-0.453973,0.523484,-0.112271,-0.695773,-0.5244,-0.523571,0.126858,0.540232,1.6681,-0.398492,-0.752254,-2.60721,0.116483,-1.09279,1.52208,0.0041659,7.31653,-2.05807,0.00492026,0.00439487,-0.213346,0.259555,
521,-0.518722,-0.0325865,-0.185135,-0.0184275,-0.302512,0.0524082,-0.0658178,0,0.437564,0.831094,0.0369454,-0.0326717,-0.553941,-0.36648,0.52346,0.257197,-0.781689,-0.524198,-0.523524,0.0320067,0.538962,2.58575,-0.858908,1.37964,1.7331,-0.404403,-0.878722,1.95964,-0.0106394,7.62458,-1.49085,-0.00210825,-0.00370238,-3.59998,-0.212069,
522,-0.275231,-0.315392,-0.387165,-0.0184375,-0.532,0.11368,0.0258592,0,0.501595,0.82678,0.0658196,-0.0635394,-0.555036,-0.305466,0.523426,0.559801,-0.842338,-0.524017,-0.523807,-0.237617,0.521756,2.55813,-0.86592,1.07778,1.23706,-0.480473,0.912558,0.489898,0.00140319,1.93381,-0.976505,0.00107267,-0.00635065,-7.16456,-0.181968,
523,-0.0227955,-0.363754,-0.332512,-0.0184478,-0.455583,0.102419,0.0175273,0,0.544472,0.845603,0.0677588,-0.0901977,-0.521756,-0.352309,0.523464,0.503933,-0.868972,-0.520443,-0.524101,-0.589985,0.521648,2.2932,-0.666113,0.568556,0.410924,-0.599135,1.22449,-2.31251,6.79276e-05,-3.12697,-0.101944,0.173137,-0.0109709,-1.70777,0.0316275,
524,0.137496,-0.352915,-0.173508,-0.0184549,-0.249581,0.0547126,-0.0474905,0,0.559541,0.859292,0.0653828,-0.103899,-0.496536,-0.525209,0.523464,0.268528,-0.855297,-0.508928,-0.524301,-0.546765,0.522394,2.1221,-0.458803,0.110597,-0.248754,0.509916,1.16414,-3.74753,-0.000815298,-6.26736,0.638575,0.264888,0.055376,1.22684,0.00508292,
525,0.211527,-0.267853,0.0520607,-0.0184175,0.0790137,-0.0167615,-0.149386,0,0.55149,0.869787,0.0612718,-0.0844869,-0.482263,-0.539766,0.523467,-0.0821906,-0.813636,-0.504326,-0.52324,-0.461152,0.522523,1.88995,-0.50687,-0.411528,-0.535301,0.753242,0.620817,0.469817,0.000237962,-7.75597,1.02413,-0.0829521,-0.0081527,2.17585,0.000847929,
526,0.164308,-0.201829,0.26951,-0.0184334,0.426913,-0.0907183,-0.252749,0,0.519527,0.877798,0.0595547,-0.0617635,-0.471284,-0.507255,0.523475,-0.446024,-0.766288,-0.529183,-0.523692,-0.3165,0.522717,1.87144,-0.445338,-0.861163,-0.405865,0.861508,0.240524,0.830005,0.000107408,-6.80209,0.869844,-0.214223,-0.00973365,3.60155,0.00231185,
527,-0.243421,0.160839,0.340021,-0.0184462,0.557397,-0.112272,-0.286727,0,0.466888,0.870492,0.0561595,-0.0406229,-0.487278,-0.416498,0.523483,-0.552807,-0.740163,-0.526595,-0.524056,-0.110565,0.522867,1.91689,-0.557726,-1.10141,-1.97513,-0.0251661,-2.06435,2.80212,-9.95001e-05,1.26884,0.194428,0.0761042,-0.0111222,4.56277,-0.00071015,
528,-0.424957,0.221796,0.268887,-0.0184642,0.465219,-0.0791741,-0.253018,0,0.410106,0.841848,0.0206769,-0.0172503,-0.539042,-0.217591,0.523494,-0.38901,-0.750955,-0.52475,-0.524566,0.0675531,0.551356,1.43782,-1.08362,-0.408638,0.030259,0.581526,-2.48327,5.13364,0.0012832,5.26936,-0.584839,0.0125224,-0.0218672,2.55001,1.0572,
529,-0.54535,0.217096,0.0370456,-0.0184976,0.0568699,-0.00971619,-0.166926,0,0.444581,0.804871,0.0231967,-0.0379297,-0.591782,0.0816302,0.523531,-0.0476406,-0.784374,-0.524418,-0.525515,0.11516,0.633197,1.6441,-1.17168,1.17397,1.22538,-1.602,-2.49822,6.81604,-0.000132393,8.34795,-0.734798,0.00186068,-0.00904443,-0.590494,2.21596,
530,-0.542811,0.0422314,-0.293887,-0.0184361,-0.35989,0.0747298,-0.0515761,0,0.517644,0.774595,0.0256105,-0.0748103,-0.627495,0.420027,0.523487,0.367089,-0.815966,-0.524226,-0.523769,-0.0124092,0.77529,1.81486,-1.40183,1.39515,0.780946,-1.03635,-1.40404,6.72646,-0.000564719,8.27799,-0.623614,0.000208942,0.0540965,-4.49556,3.54892,
531,-0.136666,-0.43682,-0.440365,-0.0184247,-0.48241,0.116855,0.0125361,0,0.581225,0.77357,0.00766989,-0.106238,-0.624696,0.566543,0.523471,0.575579,-0.831901,-0.524001,-0.523442,-0.331162,0.953974,1.61732,-1.17956,1.07828,0.0792252,-0.715606,1.83175,-0.944445,-0.000126964,-0.891563,-0.00547769,0.00261934,-0.0179739,-8.24377,3.62403,
532,0.03896,-0.417262,-0.330567,-0.0184634,-0.363132,0.0903473,-0.017934,0,0.620228,0.800385,-0.00947851,-0.115444,-0.588189,0.440472,0.523467,0.44419,-0.810886,-0.521762,-0.524542,-0.57555,1.04979,1.33832,-0.79095,0.446746,-0.298544,-0.290658,1.70832,-4.07,7.95511e-05,-4.33074,0.836765,0.0938941,-0.0285724,0.677757,0.244417,
533,0.161825,-0.495101,-0.119204,-0.0185134,-0.140047,0.0339685,-0.0913657,0,0.627913,0.829051,-0.0214269,-0.114853,-0.546831,0.181415,0.523474,0.166614,-0.753587,-0.520815,-0.525964,-0.523108,0.985064,1.3158,-0.645581,-0.138881,-0.0769274,-0.00588639,2.41605,-6.2748,3.63825e-05,-6.75236,1.45092,-0.0548484,-0.0279527,1.17791,-2.80882,
534,0.195601,-0.480157,0.121879,-0.0185615,0.163413,-0.0383621,-0.183988,0,0.606331,0.861339,-0.0238496,-0.111263,-0.495124,-0.146505,0.523472,-0.188184,-0.676578,-0.525867,-0.527332,-0.436402,0.757043,1.29168,-0.544858,-0.725563,0.318567,0.346287,2.39799,-6.83543,-7.43323e-05,-7.43226,1.628,0.0383253,-0.0267042,2.2798,-6.28425,
535,0.117274,-0.314482,0.302607,-0.0185647,0.455387,-0.105721,-0.270267,0,0.562439,0.884681,-0.0128686,-0.0926672,-0.456714,-0.457109,0.523465,-0.520299,-0.60417,-0.524489,-0.527422,-0.28925,0.46351,1.27554,-0.548946,-0.960336,-0.483913,0.857789,1.23722,-5.59659,0.000268038,-5.86683,1.28437,0.0130931,0.0105611,3.59268,-0.286591,
536,-0.283787,0.0280369,0.315245,-0.0185141,0.50949,-0.109081,-0.276312,0,0.50758,0.8841,-0.0213429,-0.064521,-0.462329,-0.547731,0.523476,-0.536967,-0.560639,-0.524407,-0.525984,-0.0907904,0.504499,1.32497,-0.959823,-1.3021,-0.955037,0.876618,-0.958383,0.913553,0.000133172,2.1143,0.460076,-0.00149154,0.0356473,4.32478,0.640423,
537,-0.438206,0.187411,0.216876,-0.0184183,0.393746,-0.0696532,-0.227553,0,0.436625,0.870793,-0.0280973,-0.0276653,-0.490066,-0.445711,0.523482,-0.342068,-0.55786,-0.524436,-0.52326,0.0692236,0.540734,1.44944,-1.42824,-1.35357,0.698055,1.57717,-1.98578,3.16323,0.000949045,5.5867,-0.317238,0.000348217,0.0290199,2.10433,0.792177,
538,-0.530115,0.201506,0.0022691,-0.0184212,0.00444693,-0.000658759,-0.139149,0,0.385883,0.845215,0.00163634,-0.00540089,-0.534397,-0.252279,0.523588,-0.00322994,-0.582108,-0.524347,-0.523344,0.0942847,0.611527,2.31655,-1.0962,0.2236,0.0534369,-0.995975,-2.11297,4.54832,0.0188253,7.92993,-0.418794,0.000889526,-0.00714469,-0.992686,1.79949,
539,-0.508131,0.0312915,-0.271627,-0.0184268,-0.417385,0.076238,-0.0333147,0,0.447625,0.824252,-0.00761928,-0.0178258,-0.565891,-0.0309367,0.523438,0.374527,-0.589528,-0.524176,-0.523502,-0.0441815,0.722394,2.91426,-1.38925,1.35691,-0.220814,-0.945313,-1.01933,4.31273,-0.00026787,7.34452,-0.0559978,0.000186862,-0.00291583,-4.61058,2.80818,
540,-0.153348,-0.243701,-0.395534,-0.0184304,-0.53015,0.113649,0.0222783,0,0.503645,0.821409,-0.0290645,-0.0333307,-0.568623,0.129135,0.523459,0.559645,-0.578078,-0.523922,-0.523607,-0.362625,0.864788,2.7286,-1.40739,0.885873,-0.540363,-1.07941,0.783382,2.10835,0.000405528,-0.559465,0.507198,0.00333798,-0.00146938,-8.1006,2.88649,
541,0.0395575,-0.21609,-0.306712,-0.0184422,-0.408896,0.0887417,-0.0110853,0,0.53369,0.830591,-0.0545109,-0.0423213,-0.55259,0.160318,0.523466,0.436254,-0.532695,-0.519778,-0.523939,-0.572503,0.960568,2.3838,-1.0371,0.298368,-0.610077,-0.590753,0.660437,-0.836817,0.00015567,-4.34239,1.30082,0.164762,-0.0130609,0.827838,0.965141,
542,0.178747,-0.329372,-0.104074,-0.0184692,-0.147607,0.0305544,-0.0921298,0,0.535439,0.843967,-0.0695871,-0.0419793,-0.530203,0.0632211,0.523475,0.149857,-0.515431,-0.514224,-0.524707,-0.519054,0.96783,2.32047,-0.866112,-0.233955,-0.299841,-0.159326,1.4666,-3.02886,8.3355e-05,-7.09195,-0.211028,0.0586205,-0.0168957,1.1901,-0.661092,
543,0.209752,-0.457991,0.138496,-0.0185234,0.221729,-0.0446953,-0.190208,0,0.516711,0.873792,-0.0478776,-0.0198699,-0.483529,-0.104925,0.523471,-0.21929,-0.522035,-0.527183,-0.52625,-0.428873,0.874408,2.10381,-0.77274,-0.589466,0.740905,1.59986,2.43147,-3.67118,5.06689e-05,-7.7198,-0.0571741,-0.185828,-0.0344833,2.41261,-3.0496,
544,-0.0558022,-0.27794,0.304201,-0.0185816,0.540627,-0.109928,-0.272498,0,0.475198,0.897152,-0.00728426,0.00919623,-0.441565,-0.258385,0.523475,-0.541172,-0.532866,-0.52578,-0.527903,-0.272831,0.641338,2.19288,-0.864451,-1.07402,1.16511,1.77255,1.08071,-2.46315,0.000252744,-2.48286,-0.374429,0.054254,-0.0299043,3.82155,-6.24586,
545,-0.315118,-0.0957341,0.279351,-0.0186235,0.570605,-0.102779,-0.260082,0,0.414361,0.901215,0.0279523,0.0264557,-0.431661,-0.322342,0.523484,-0.50572,-0.571011,-0.524572,-0.529093,-0.0960589,0.477466,1.7807,-0.90971,-0.940958,0.996729,-0.885189,-0.181065,-0.109638,0.00011963,2.78495,-1.14396,0.00767734,-0.00443662,3.21677,0.847553,
546,-0.477084,0.136362,0.161791,-0.0186046,0.351151,-0.0543097,-0.199605,0,0.386118,0.884718,0.0139919,-0.00952007,-0.465819,-0.273985,0.523475,-0.266546,-0.642727,-0.524349,-0.528557,-0.00289585,0.513834,1.69311,-1.43801,0.218828,1.17165,1.00416,-1.76916,1.97301,-0.000541779,6.54528,-1.63702,0.00712134,0.122697,0.656898,0.364717,
547,-0.554263,0.0526817,-0.0728001,-0.0183882,-0.135435,0.0224719,-0.0971772,0,0.429631,0.8635,0.0251883,-0.0175739,-0.503412,-0.149133,0.523496,0.1102,-0.726848,-0.52429,-0.522406,-0.0536035,0.553557,2.42591,-1.12847,1.00656,0.448947,-0.816693,-1.34698,3.01047,0.000312689,8.59711,-1.76447,-0.00116937,0.00549026,-2.66691,1.20754,
548,-0.496749,-0.215432,-0.329351,-0.0184266,-0.501415,0.102194,0.0182861,0,0.484656,0.853998,0.0351453,-0.0400526,-0.51754,-0.0167562,0.523493,0.502821,-0.803062,-0.5241,-0.523498,-0.282163,0.617987,2.84314,-1.06791,1.64097,0.2662,-0.425482,0.280151,2.28454,-0.000107406,7.04746,-1.17255,0.00165152,-0.0395804,-6.35632,1.24789,
549,-0.0769365,-0.314217,-0.334564,-0.0184994,-0.475799,0.109282,0.035608,0,0.552248,0.868706,0.0305484,-0.0483531,-0.492014,0.0339015,0.523473,0.537965,-0.841533,-0.522095,-0.525566,-0.581392,0.639211,2.35921,-0.875909,1.0506,-0.0804728,-0.0710266,0.905362,-0.206661,-0.000326725,-2.0692,-0.377524,0.112728,-0.0471215,-0.371917,-0.384193,
550,0.0942007,-0.399275,-0.211898,-0.0185825,-0.305088,0.0713289,-0.015001,0,0.590636,0.882339,0.0301131,-0.0480461,-0.467186,-0.0371508,0.523473,0.350326,-0.840067,-0.510437,-0.527929,-0.54078,0.562781,2.25254,-0.734481,0.490326,0.119573,0.152576,1.53001,-2.6203,8.75013e-05,-5.41221,0.430886,0.346878,-0.0459684,0.754321,-2.65493,
551,0.192105,-0.440707,-0.0172447,-0.0186632,-0.0268943,0.00623555,-0.102013,0,0.60382,0.901715,0.0267123,-0.0455473,-0.429095,-0.203568,0.523473,0.0305737,-0.805727,-0.496533,-0.530222,-0.487128,0.506252,2.13998,-0.637908,0.0381875,-0.345407,0.0825828,1.89886,-4.02528,-2.42335e-06,-7.3615,0.939665,0.210545,-0.0459329,1.38735,0.36776,
552,0.183999,-0.417769,0.168152,-0.0187431,0.289972,-0.0678902,-0.199522,0,0.593296,0.920876,0.0184861,-0.0400512,-0.387353,-0.403013,0.523474,-0.333383,-0.758471,-0.504592,-0.532492,-0.384529,0.519183,2.07243,-0.612934,-0.458176,-0.322996,0.185721,1.78511,-3.95266,2.01854e-05,-7.19776,0.950553,-0.526856,-0.0448352,2.7057,0.119022,
553,-0.184726,-0.152036,0.260104,-0.0188178,0.488197,-0.113952,-0.258631,0,0.55862,0.931879,0.0116708,-0.0350732,-0.36088,-0.541853,0.523481,-0.561153,-0.724336,-0.531049,-0.534615,-0.21844,0.521928,2.23384,-0.845362,-0.926759,-0.284053,-0.0459195,-0.0292453,-0.296732,0.000162437,0.0698346,0.416869,0.0911957,-0.0389458,3.94187,0.0179073,
554,-0.353472,-0.0676627,0.222588,-0.0188809,0.458863,-0.0950107,-0.233669,0,0.50062,0.928899,0.00534433,-0.0360055,-0.36854,-0.502827,0.523482,-0.467253,-0.724865,-0.525905,-0.536409,-0.0592132,0.522864,2.39137,-0.996887,-1.39309,-0.161296,-0.210483,-0.575307,1.72379,-3.36609e-05,3.62648,-0.430692,0.0573392,-0.0328813,2.43851,0.00944385,
555,-0.477722,0.0325943,0.106762,-0.018858,0.250545,-0.0428772,-0.163377,0,0.436571,0.921005,0.0299912,-0.0257652,-0.38754,-0.378016,0.523472,-0.210359,-0.762204,-0.524457,-0.535757,-0.00389188,0.523187,2.68275,-1.66002,-0.971941,1.60448,2.48303,-1.26772,3.25945,-0.000156396,6.56139,-1.03344,0.0102154,0.103373,-0.199843,0.00197804,
556,-0.52844,-0.024348,-0.0826145,-0.0186844,-0.185309,0.0310596,-0.0611826,0,0.431703,0.909595,0.0402386,-0.00761032,-0.413474,-0.201085,0.523556,0.152336,-0.811064,-0.524207,-0.530825,-0.0974468,0.523612,3.38702,-0.381082,0.982768,0.42508,-0.0745013,-0.972177,3.81067,0.000368314,7.88482,-0.767193,0.000125005,0.0923567,-3.45828,-0.133567,
557,-0.46093,-0.21913,-0.270207,-0.0185291,-0.505621,0.10211,0.0436375,0,0.47935,0.906513,0.045217,-0.0133255,-0.419537,-0.0312547,0.523503,0.502401,-0.838992,-0.523995,-0.526411,-0.360971,0.522813,3.52,-0.348817,0.740837,0.223696,-0.1916,0.254972,2.9973,-0.000949409,6.14155,-0.415138,0.00229752,0.0871661,-7.07703,0.0209597,
558,-0.0814372,-0.222015,-0.276123,-0.0184137,-0.510089,0.108203,0.0566123,0,0.502737,0.913282,0.0420573,-0.0150214,-0.404871,0.0656233,0.52347,0.532611,-0.840551,-0.516927,-0.523132,-0.584681,0.522878,2.95798,-0.222633,0.199278,-0.28265,0.0902279,0.272155,0.91396,-0.000175173,-1.98094,0.343506,0.305258,0.00602602,0.928558,-0.00223056,
559,0.102591,-0.325579,-0.174268,-0.0184254,-0.348981,0.0698289,0.002696,0,0.500144,0.919862,0.0352157,-0.00956753,-0.39054,0.0597191,0.523473,0.342934,-0.803965,-0.492337,-0.523463,-0.533955,0.522843,2.84843,-0.14649,-0.301752,-0.387779,0.144295,1.03836,-1.13536,8.92933e-05,-5.5773,1.11482,0.673851,-0.00880965,0.72826,4.37672e-05,
560,0.215171,-0.371807,-0.00345169,-0.0184428,-0.00816474,0.00148167,-0.0915921,0,0.472706,0.931994,0.027522,-0.00161915,-0.361425,-0.0276007,0.523475,0.00726472,-0.736592,-0.459257,-0.523959,-0.480018,0.522652,2.70847,-0.041397,-0.793578,-0.428952,0.302691,1.46795,-2.34789,2.92524e-06,-7.83041,1.57759,0.649956,-0.011091,1.42375,-0.00172935,
561,0.199222,-0.33492,0.161014,-0.0184636,0.441742,-0.0765527,-0.197296,0,0.421178,0.944203,0.0211989,0.00977578,-0.328537,-0.14273,0.523476,-0.376079,-0.659009,-0.443934,-0.52455,-0.371442,0.522526,2.62979,0.00476901,-1.2656,-0.395041,0.426974,1.30679,-2.25745,2.35638e-05,-7.50571,1.52617,-0.0314016,-0.0124539,2.90706,-0.00148159,
562,-0.212554,-0.011106,0.235922,-0.0185106,0.637993,-0.114013,-0.250172,0,0.395202,0.945385,0.00733827,0.00806649,-0.325773,-0.222257,0.52344,-0.561457,-0.593884,-0.479735,-0.525884,-0.202879,0.522483,0.9429,0.0303477,0.414952,-0.0332783,-0.443695,-0.754771,-0.924212,-0.000260342,0.634654,1.10994,-1.39974,-0.0466333,3.79396,-0.00029399,
563,-0.422737,0.134291,0.18961,-0.0185845,0.496823,-0.0843034,-0.214381,0,0.40384,0.935837,0.00431505,-0.00451785,-0.352378,-0.224077,0.523469,-0.414328,-0.560644,-0.535526,-0.527985,-0.0558397,0.523244,1.20827,-0.0419581,-0.0668839,0.210295,-0.571817,-1.64158,0.838957,0.000501475,5.21679,0.226488,0.117347,-0.0380067,2.1052,0.0105238,
564,-0.54836,0.162268,0.0359392,-0.0186018,0.094799,-0.0143983,-0.121691,0,0.394479,0.921889,0.00168847,-0.00677086,-0.387391,-0.148946,0.523468,-0.0706008,-0.564523,-0.526955,-0.528477,-0.0298375,0.548395,1.59161,-0.306659,-0.164122,0.569668,0.779915,-1.82954,2.16615,0.000865012,8.43207,-0.337146,0.102298,0.0272223,-1.03102,0.973668,
565,-0.542878,-0.00172963,-0.187315,-0.0184823,-0.416419,0.0710772,-0.00129119,0,0.418318,0.910539,0.00441883,-0.0169509,-0.413052,-0.0377761,0.523536,0.349085,-0.575357,-0.524386,-0.525082,-0.170075,0.61549,2.94123,-0.336727,1.39567,0.149734,-0.724391,-0.78885,2.28942,-0.00328282,8.2795,-0.0534188,0.0181565,0.140902,-4.5197,1.66223,
566,-0.153854,-0.292912,-0.294317,-0.0184,-0.556656,0.114281,0.0644455,0,0.476128,0.911491,-0.0033819,-0.0335548,-0.409934,0.038755,0.523476,0.562784,-0.564629,-0.523799,-0.522741,-0.490197,0.69598,2.7354,-0.45636,0.914697,-0.223236,-0.779123,1.14056,0.784106,-0.000222002,-0.549478,0.474882,0.00524292,-0.021111,-8.25701,1.55839,
567,0.0483843,-0.229746,-0.223168,-0.0184504,-0.427678,0.0886353,0.0294276,0,0.506494,0.917082,-0.0143898,-0.0415236,-0.39627,0.0243184,0.523471,0.435728,-0.520805,-0.511181,-0.524175,-0.553345,0.718227,2.27874,-0.223629,0.321521,-0.161095,-0.283016,0.768663,-1.36328,0.000150174,-4.51475,1.02548,0.47657,-0.0308162,0.823104,-0.650415,
568,0.19335,-0.321309,-0.0670049,-0.0185067,-0.14248,0.0280594,-0.0546142,0,0.509642,0.927541,-0.0158165,-0.0426968,-0.370938,-0.0832164,0.523475,0.137613,-0.518409,-0.482993,-0.525775,-0.504685,0.644192,2.15081,-0.104248,-0.206681,0.132354,0.0747189,1.40492,-2.92437,1.93425e-05,-7.38671,-0.151384,0.650092,-0.0320389,1.12041,-2.29659,
569,0.226295,-0.315687,0.110092,-0.0185624,0.26534,-0.0506718,-0.16221,0,0.485972,0.940167,-0.0109387,-0.0402163,-0.338155,-0.238114,0.523475,-0.24866,-0.522665,-0.461048,-0.527357,-0.415018,0.49681,2.04003,-0.0223779,-0.685219,-0.0369216,0.0910119,1.35908,-3.26518,-1.29474e-05,-8.05827,-0.033511,0.229595,-0.0320389,2.45531,-0.910591,
570,-0.109968,-0.147327,0.229687,-0.0186067,0.590541,-0.114542,-0.248382,0,0.441692,0.948144,-0.0164198,-0.0360168,-0.315367,-0.376843,0.523473,-0.564083,-0.533196,-0.478583,-0.528615,-0.253782,0.511504,2.17931,-0.165447,-0.990419,-0.686447,0.861843,0.205749,-2.27861,-0.000806964,-1.41986,-0.388789,-0.896753,0.0304268,3.99478,0.37601,
571,-0.35312,-0.0326846,0.202629,-0.0185206,0.580372,-0.0999309,-0.228216,0,0.393926,0.948109,-0.00200887,-0.00171703,-0.317934,-0.445732,0.523481,-0.491609,-0.57305,-0.538981,-0.526168,-0.0783164,0.521341,2.22604,-0.822396,-0.929836,1.49634,1.87874,-0.588037,-0.489733,0.000375812,3.61864,-1.19713,-0.0532377,0.0484553,3.03647,0.0731868,
572,-0.512073,0.221986,0.0996416,-0.0184177,0.277099,-0.0429444,-0.156732,0,0.393394,0.932317,0.0204483,-0.0090673,-0.360949,-0.431313,0.523501,-0.210689,-0.64422,-0.528667,-0.523245,0.000935804,0.523122,1.98029,-0.355031,1.02924,0.666254,-0.127268,-2.33615,1.03223,-0.000602627,7.44789,-1.62428,0.161329,0.107867,0.243537,0.0117333,
573,-0.570401,0.14283,-0.107774,-0.0184111,-0.240662,0.0412642,-0.0441881,0,0.438129,0.912754,0.0306468,-0.0255437,-0.406557,-0.363559,0.523489,0.202436,-0.730405,-0.524724,-0.523057,-0.0786539,0.563357,2.26362,-0.326233,0.756506,1.1093,-0.430077,-1.93315,1.67967,-7.10331e-05,9.05705,-1.80745,0.0276848,-0.0197088,-3.41997,1.59002,
574,-0.268903,-0.246383,-0.302094,-0.018455,-0.528634,0.114029,0.0608325,0,0.507155,0.904181,0.0373394,-0.0513075,-0.422411,-0.303192,0.523493,0.561534,-0.798912,-0.523966,-0.524306,-0.342049,0.655332,2.46369,-0.322423,1.34926,0.153307,-0.939198,0.494571,0.754375,-0.000715157,1.80019,-1.11488,0.00366085,-0.0283081,-7.21234,2.25952,
575,-0.021355,-0.223665,-0.264438,-0.0185101,-0.444097,0.102268,0.0464857,0,0.560069,0.909164,0.0277778,-0.0704871,-0.409489,-0.321058,0.523472,0.503187,-0.832515,-0.513106,-0.52587,-0.567872,0.720141,2.06889,-0.156843,0.754739,-0.0783341,-0.620881,0.294405,-1.44122,-0.000129858,-3.1551,-0.23807,0.441739,-0.036089,0.498172,0.352056,
576,0.134928,-0.317644,-0.138813,-0.0185724,-0.239325,0.0546636,-0.0214679,0,0.584023,0.914167,0.0207463,-0.083326,-0.396138,-0.439709,0.523473,0.268287,-0.825399,-0.483548,-0.527642,-0.529692,0.696253,2.0031,-0.059216,0.203683,0.0598655,-0.491693,0.952084,-3.29108,3.03835e-05,-6.21646,0.51758,0.737167,-0.0344519,0.697537,-1.29427,
577,0.205446,-0.248249,0.0388073,-0.0186327,0.0716351,-0.015971,-0.121373,0,0.579818,0.921181,0.0177724,-0.0942199,-0.377136,-0.543827,0.523474,-0.0783137,-0.789924,-0.451326,-0.529356,-0.470958,0.574903,1.83467,-0.124862,-0.377727,0.141364,-0.318319,0.519755,0.222069,4.38394e-06,-7.63213,0.900533,0.556729,-0.0347606,1.6487,-3.54002,
578,0.161729,-0.177786,0.210333,-0.0186279,0.396988,-0.0890318,-0.225777,0,0.553565,0.924734,0.00901909,-0.0841285,-0.371089,-0.520923,0.52346,-0.437688,-0.74845,-0.446021,-0.52922,-0.352828,0.50451,1.71693,-0.0566828,-0.657626,-0.980651,0.865041,0.106153,0.60247,0.000134019,-6.75037,0.759993,-0.336962,0.0399976,3.06473,0.409039,
579,-0.232756,0.0121376,0.271921,-0.0185525,0.516884,-0.111656,-0.261483,0,0.510543,0.920599,-0.00434877,-0.0592423,-0.385964,-0.452386,0.523478,-0.549748,-0.727447,-0.502317,-0.527076,-0.173333,0.519413,1.89311,-0.29378,-1.07696,-0.898345,0.590032,-1.08879,2.12233,9.96101e-05,1.04857,0.082728,-1.908,0.0452167,4.10379,0.139863,
580,-0.402081,0.086081,0.218294,-0.0184769,0.437966,-0.082288,-0.227585,0,0.457384,0.907894,0.00927233,-0.0381903,-0.417353,-0.299051,0.523489,-0.404378,-0.745083,-0.538549,-0.524926,-0.0148173,0.527868,1.7356,-0.969247,-0.942657,1.60637,1.63815,-1.58652,3.99576,0.000194532,4.73166,-0.790554,0.351212,0.0372924,2.25092,0.192486,
581,-0.512914,0.102276,0.0562681,-0.0184217,0.121031,-0.0193288,-0.145445,0,0.414018,0.890795,0.0400909,-0.0227035,-0.452063,-0.0647995,0.523519,-0.094782,-0.797182,-0.526915,-0.523358,0.0230496,0.552162,2.38651,-0.454542,0.420227,-0.364578,-0.172913,-1.76322,5.35918,0.00707353,7.47,-1.09172,0.106944,0.00919634,-0.629506,0.616077,
582,-0.527876,-0.0319654,-0.181121,-0.0184293,-0.311544,0.058604,-0.0384942,0,0.474262,0.872797,0.0442044,-0.0417587,-0.48428,0.206056,0.523556,0.287669,-0.836472,-0.52442,-0.523573,-0.0970336,0.585475,2.85102,-0.407257,1.51884,0.654372,-0.854673,-0.958853,5.47253,-0.00190039,7.86958,-0.64385,0.0160352,-0.00849072,-4.17605,0.858477,
583,-0.201431,-0.29522,-0.344696,-0.0184427,-0.500779,0.113384,0.0424045,0,0.538992,0.867987,0.0471518,-0.0678228,-0.489669,0.439257,0.523487,0.558333,-0.856751,-0.523927,-0.523956,-0.39741,0.621121,2.74496,-0.460303,1.05533,0.415376,-0.899896,0.750562,3.86225,-0.000768951,0.407907,-0.17447,0.00279736,-0.00745104,-7.81489,0.570852,
584,-0.0106822,-0.244253,-0.291754,-0.0184649,-0.415773,0.0976261,0.0222127,0,0.576448,0.873857,0.0456398,-0.0878496,-0.475997,0.542724,0.523468,0.480197,-0.844738,-0.515997,-0.524587,-0.587849,0.594532,2.3015,-0.0891704,0.41753,0.354849,-0.362703,0.416401,-0.178645,5.39011e-05,-3.36309,0.646306,0.315996,-0.0194894,1.30563,-1.61233,
585,0.134756,-0.329075,-0.144003,-0.0184996,-0.21526,0.0489556,-0.0463836,0,0.583621,0.881494,0.0473059,-0.09939,-0.459186,0.480656,0.523473,0.240224,-0.795318,-0.497052,-0.525573,-0.521197,0.505595,2.17623,0.0165748,-0.0934579,0.0759301,-0.373688,1.07536,-2.28596,-2.20809e-05,-6.21303,1.32859,0.439541,-0.0203323,1.26043,-0.133322,
586,0.197573,-0.320575,0.0582591,-0.0185003,0.0953779,-0.0208314,-0.14312,0,0.567288,0.894519,0.0422309,-0.0970441,-0.434321,0.34275,0.523463,-0.102153,-0.721484,-0.484343,-0.525593,-0.435114,0.51718,2.03602,0.165505,-0.525351,-0.454835,1.0871,1.11737,-3.22373,-0.000196898,-7.47218,1.61957,0.0682598,0.0430913,2.18112,0.190468,
587,0.144916,-0.26704,0.23842,-0.0184274,0.422213,-0.0913429,-0.239074,0,0.529783,0.907709,0.0430626,-0.0683654,-0.411747,0.196113,0.523471,-0.449112,-0.645897,-0.506665,-0.523519,-0.292731,0.52185,1.9955,0.164453,-0.971895,-0.360482,1.15189,0.848427,-2.64567,0.000167586,-6.41493,1.40533,-0.953048,0.0335009,3.50333,0.0325397,
588,-0.239548,-0.010646,0.28924,-0.0184238,0.551626,-0.111747,-0.267824,0,0.470924,0.909152,0.0462694,-0.0430691,-0.411638,0.111669,0.52348,-0.550199,-0.593939,-0.531149,-0.523417,-0.0945923,0.52266,2.21995,-0.0226167,-1.39657,-0.264428,0.833212,-0.757785,-0.752968,2.38781e-05,1.18871,0.676379,0.14057,-0.00513973,4.41237,0.00569564,
589,-0.418757,0.1763,0.22321,-0.0184282,0.476969,-0.0797073,-0.229736,0,0.400867,0.897198,0.0193487,-0.0145991,-0.440963,0.128398,0.523465,-0.391641,-0.580657,-0.525728,-0.523542,0.075052,0.523276,2.1899,-0.0992013,-1.3388,-3.03883,-0.0266533,-1.94415,1.40957,5.53831e-05,5.1226,-0.132927,0.0519937,-0.00132287,2.37471,0.00797146,
590,-0.530106,0.201489,0.0404065,-0.0184286,0.0861194,-0.0127633,-0.145878,0,0.385124,0.870885,0.0074403,-0.00525537,-0.491402,0.238524,0.523545,-0.0625828,-0.597054,-0.524434,-0.523553,0.117456,0.552312,2.35846,-0.915862,1.08918,0.580329,-0.106459,-2.13364,2.96716,-0.00053611,7.92998,-0.466812,0.0122581,0.00495286,-0.597843,1.10488,
591,-0.537429,0.0263811,-0.229049,-0.0184285,-0.389481,0.0689085,-0.0334491,0,0.437233,0.851009,0.00969106,-0.0305184,-0.524174,0.389848,0.523505,0.338399,-0.620701,-0.524189,-0.523551,-0.005554,0.641268,2.7251,-0.914385,0.90863,0.494662,-1.27466,-1.03131,3.08687,-0.000759863,8.12979,-0.492473,0.000304989,-0.00116978,-4.32319,2.46067,
592,-0.154647,-0.326747,-0.380649,-0.0184302,-0.566211,0.118018,0.0403599,0,0.48115,0.850189,-0.00104742,-0.0460953,-0.524455,0.497547,0.523473,0.581357,-0.630855,-0.523799,-0.5236,-0.313828,0.764536,2.62426,-1.03192,0.763139,-0.532662,-0.666436,1.28736,1.23094,-0.000182081,-0.533631,0.0749452,-0.00010923,-0.00259795,-7.98868,2.47634,
593,0.0526,-0.287393,-0.28526,-0.018441,-0.442551,0.0918222,0.00870747,0,0.504554,0.867632,-0.0206467,-0.0491909,-0.494336,0.488332,0.523469,0.451482,-0.60575,-0.516788,-0.523906,-0.60105,0.825081,2.18549,-0.723373,0.139525,-0.577997,-0.0807078,1.04494,-1.56772,-7.1889e-05,-4.59709,0.919709,0.29424,-0.0149638,0.655936,-0.0293678,
594,0.202486,-0.366648,-0.0895558,-0.0184702,-0.155434,0.0299059,-0.0764247,0,0.497277,0.883433,-0.0321846,-0.040393,-0.465702,0.359613,0.523474,0.146674,-0.544049,-0.50123,-0.524736,-0.52866,0.770832,2.04274,-0.561012,-0.427105,-0.418804,0.231652,1.69752,-3.56656,8.50954e-05,-7.57196,1.54461,0.326277,-0.0175416,1.65315,-2.12422,
595,0.239357,-0.362705,0.140213,-0.0185046,0.280405,-0.0511388,-0.185516,0,0.462749,0.902942,-0.0319402,-0.0253537,-0.427823,0.169116,0.523476,-0.250956,-0.515655,-0.499015,-0.525713,-0.411355,0.599665,1.94078,-0.439092,-0.951198,0.0473313,0.774877,1.70797,-4.04779,-2.40704e-05,-8.32738,-0.179889,-0.232162,-0.0212226,3.02626,-4.70177,
596,-0.117686,-0.265849,0.288648,-0.0185484,0.630783,-0.11642,-0.270146,0,0.410176,0.918912,-0.016031,-0.00393051,-0.394116,-0.00274314,0.52348,-0.573414,-0.532114,-0.531809,-0.526958,-0.220341,0.489192,1.90139,-0.643488,-1.05383,0.958649,1.48814,0.99843,-2.82569,0.000319904,-1.26756,-0.46181,-0.19432,-0.0299383,4.61269,0.677374,
597,-0.370757,0.174207,0.247819,-0.0185542,0.59785,-0.0988806,-0.245847,0,0.374632,0.918313,0.00656995,-0.000966693,-0.395799,-0.0848438,0.523432,-0.486408,-0.573005,-0.527245,-0.527124,-0.0214888,0.515837,1.13537,-0.563639,0.59955,-0.387267,0.2361,-1.91973,-0.424233,-0.00101467,4.01446,-0.984933,0.104472,0.0773017,3.1646,0.258105,
598,-0.533223,0.273538,0.109843,-0.0184109,0.236801,-0.0377298,-0.172532,0,0.40736,0.891298,0.0102335,-0.00363897,-0.453288,-0.0597869,0.523481,-0.18508,-0.636067,-0.524722,-0.523051,0.06643,0.55874,1.66205,-0.735773,0.652112,0.676036,-0.810074,-2.6754,1.39771,0.00109659,8.01508,-1.55003,0.0169389,0.025721,0.425327,1.43844,
599,-0.573417,0.11628,-0.161281,-0.01842,-0.277722,0.0500823,-0.0562291,0,0.457797,0.862455,0.0215454,-0.0458561,-0.503592,0.0276304,0.523508,0.245763,-0.710297,-0.524237,-0.52331,-0.0063319,0.671208,2.28026,-0.934373,1.65366,0.975762,-1.34853,-1.73287,2.09169,-0.000321624,9.14428,-1.39917,0.0039997,-0.00650193,-3.27966,3.00674,
600,-0.203255,-0.200055,-0.371716,-0.0184291,-0.511906,0.115464,0.0370778,0,0.534432,0.849647,0.0180834,-0.0709446,-0.522244,0.0992102,0.523477,0.568662,-0.769009,-0.523989,-0.523569,-0.27044,0.83845,2.07807,-0.958242,1.28595,-0.0130951,-0.976937,0.224943,0.779534,-0.000360229,0.445026,-0.954458,0.0014626,-0.00642695,-7.28191,3.6875,
601,-0.00151569,-0.227592,-0.313326,-0.0184481,-0.411223,0.0983381,0.0144717,0,0.587972,0.855988,-0.00460358,-0.0854066,-0.509872,0.0694866,0.523468,0.483721,-0.793897,-0.518052,-0.524108,-0.574013,0.980361,1.737,-0.735326,0.762126,-0.587738,-0.622492,0.374496,-1.93215,-0.000136133,-3.5417,-0.0610995,0.256841,-0.0187864,-0.434808,2.02274,
602,0.141507,-0.316709,-0.153068,-0.018484,-0.202109,0.0480906,-0.057575,0,0.61176,0.862704,-0.0235335,-0.0885711,-0.497337,-0.0819856,0.523473,0.235974,-0.778876,-0.50321,-0.52513,-0.536273,1.03723,1.67668,-0.576536,0.196866,-0.47498,-0.36706,1.01013,-4.11221,0.000100671,-6.34713,0.657713,0.333002,-0.0209498,0.898445,0.265927,
603,0.199068,-0.351831,0.0685366,-0.0185216,0.0963232,-0.0225369,-0.155315,0,0.607689,0.876125,-0.0369228,-0.0884163,-0.472467,-0.310687,0.523474,-0.110519,-0.737834,-0.49749,-0.526199,-0.466772,0.992021,1.65738,-0.462817,-0.35982,-0.24995,-0.109099,1.31954,-5.02777,-2.50857e-05,-7.50258,0.981774,-0.100032,-0.0217475,1.87283,-2.05563,
604,0.145796,-0.261058,0.263447,-0.0185598,0.399416,-0.0933087,-0.250554,0,0.57635,0.889254,-0.0417077,-0.0860494,-0.447306,-0.543423,0.523474,-0.458833,-0.693883,-0.526877,-0.527284,-0.339181,0.827104,1.63479,-0.470735,-0.893202,0.0410184,0.106464,0.74068,-3.51129,1.60092e-05,-6.43248,0.777341,-0.428474,-0.0220086,3.2241,-4.52067,
605,-0.245763,-0.041404,0.322122,-0.0185569,0.509816,-0.112698,-0.280279,0,0.52414,0.885056,-0.0399048,-0.0737847,-0.457863,-0.533913,0.523463,-0.554921,-0.67285,-0.526779,-0.527202,-0.154285,0.558904,1.63753,-0.907048,-1.08878,-1.00445,1.53133,-0.671067,1.55968,-0.00054823,1.31751,0.0712168,0.0792675,0.0543123,4.14308,-6.19325,
606,-0.406807,0.114677,0.248994,-0.0184539,0.415203,-0.0814086,-0.242634,0,0.480971,0.874116,-0.0192109,-0.0406043,-0.483636,-0.39844,0.523491,-0.400037,-0.689805,-0.524771,-0.524275,0.00372063,0.485455,1.47759,-1.6367,-0.780002,1.22187,1.5828,-1.69401,3.83901,0.000349039,4.84175,-0.73749,0.0146261,0.061283,2.20005,1.04324,
607,-0.51784,0.120942,0.0607139,-0.0184162,0.108981,-0.0180572,-0.161423,0,0.429944,0.851899,0.030488,-0.0248138,-0.522228,-0.165949,0.523489,-0.0885454,-0.740369,-0.524397,-0.523203,0.0375234,0.557277,1.75412,-1.65491,-1.1417,0.888609,0.999352,-1.80485,5.44024,0.000160873,7.60091,-1.27545,0.00177895,-0.0089163,-0.810532,1.81938,
608,-0.524992,-0.037009,-0.210054,-0.0184525,-0.323607,0.0602019,-0.0528727,0,0.467751,0.834096,0.0314055,-0.0455528,-0.548838,0.108702,0.523448,0.295531,-0.775466,-0.524227,-0.524234,-0.0888892,0.641632,2.55664,-1.19329,1.94128,0.70054,-0.919404,-0.841817,5.55936,-0.0100482,7.79256,-0.262418,0.000719742,-0.0355679,-4.26796,1.65563,
609,-0.197069,-0.302241,-0.385119,-0.0185118,-0.491118,0.113893,0.0273002,0,0.554333,0.830821,0.0299201,-0.0744192,-0.55073,0.340878,0.523419,0.560857,-0.776782,-0.523984,-0.525918,-0.393204,0.714984,2.44264,-1.21803,1.49496,0.392888,-1.03931,0.910932,3.73615,0.00141264,0.319844,0.201521,0.00216224,-0.0327708,-7.88365,1.28686,
610,-0.0105779,-0.240562,-0.325084,-0.0185769,-0.393484,0.0977006,0.0072482,0,0.613864,0.839592,0.0241343,-0.0969931,-0.533943,0.453373,0.523457,0.480565,-0.746314,-0.518818,-0.527768,-0.586596,0.722032,2.07868,-0.845132,0.861452,0.334433,-0.536716,0.52821,0.789969,0.000461373,-3.36504,1.00915,0.208066,-0.0426542,1.26326,-0.981516,
611,0.126622,-0.337447,-0.163785,-0.0186507,-0.199546,0.0498446,-0.0592827,0,0.642481,0.850078,0.0241266,-0.112206,-0.513999,0.432439,0.523473,0.244594,-0.679258,-0.507859,-0.529867,-0.521636,0.629977,2.00626,-0.710166,0.279852,0.448014,-0.359729,1.29681,-1.60827,0.000140751,-6.0518,1.66834,0.23004,-0.0412426,1.22711,-2.6868,
612,0.184224,-0.353216,0.0550978,-0.0187227,0.0718115,-0.0177419,-0.150811,0,0.642534,0.866718,0.0251704,-0.124937,-0.482241,0.324022,0.523474,-0.0869989,-0.58864,-0.507513,-0.531911,-0.43899,0.490888,1.88935,-0.60006,-0.217777,0.0833878,-0.437805,1.53706,-2.71661,-0.000103165,-7.20231,1.95941,-0.214189,-0.040932,2.07239,-0.0868666,
613,0.140687,-0.248476,0.248224,-0.018765,0.34844,-0.0864952,-0.242467,0,0.621107,0.881982,0.0186928,-0.126529,-0.453594,0.201627,0.523464,-0.425154,-0.514183,-0.528903,-0.533115,-0.304078,0.513093,1.83014,-0.504956,-0.554631,-0.268762,1.23951,0.904647,-2.18307,-0.00047312,-6.33078,0.144952,-0.00765077,0.0304267,3.32559,0.334457,
614,-0.22439,-0.0266915,0.320384,-0.0187039,0.470279,-0.113948,-0.280174,0,0.584056,0.887134,0.026894,-0.0980747,-0.450168,0.141303,0.523473,-0.561131,-0.52838,-0.52565,-0.531377,-0.115454,0.521421,1.99905,-0.740249,-0.944343,-0.184348,1.03398,-0.564212,-0.245753,0.000184789,0.876603,-0.603079,0.0479122,0.0365417,4.2107,0.0589898,
615,-0.380445,0.0436286,0.260133,-0.018636,0.411243,-0.0880204,-0.248164,0,0.525913,0.879749,0.0352353,-0.0755257,-0.468078,0.187795,0.523479,-0.43269,-0.578663,-0.524577,-0.529449,0.0496544,0.523151,2.17567,-0.932719,-1.38774,-0.148804,0.787313,-1.08307,2.08572,5.44228e-05,4.23391,-1.40157,0.00674079,0.0404298,2.4083,0.0134666,
616,-0.494417,0.00680169,0.0972554,-0.018506,0.177278,-0.0309373,-0.171733,0,0.449931,0.870507,0.0392013,-0.0381368,-0.489107,0.336501,0.52347,-0.151736,-0.663094,-0.524387,-0.525754,0.0982562,0.531814,2.3925,-1.09645,-1.71632,-0.878365,1.54717,-0.965268,3.85005,0.000171342,6.98737,-1.97064,0.000390179,0.0917456,-0.440293,0.331292,
617,-0.518549,-0.00121629,-0.14375,-0.0184086,-0.267551,0.0439694,-0.0671041,0,0.417944,0.859111,0.0286073,-0.0240484,-0.510423,0.541631,0.524172,0.215724,-0.747926,-0.524231,-0.522985,-0.00904608,0.536109,3.31879,-0.536954,1.01302,0.921211,-0.23673,-1.03204,3.54025,0.0170576,7.61512,-1.16212,0.000759415,-0.00788809,-3.77355,-0.39831,
618,-0.387412,-0.245789,-0.346997,-0.0184356,-0.539062,0.108851,0.0292551,0,0.472226,0.855711,0.0480204,-0.0361738,-0.51395,0.538591,0.523216,0.535825,-0.791136,-0.524014,-0.523754,-0.287612,0.518928,3.32788,-0.417088,0.898311,0.852761,0.0420602,0.501348,-1.13397,-0.00248751,4.39494,-0.656862,0.00177481,-0.0164924,-7.3445,0.0395315,
619,-0.0502971,-0.193471,-0.326785,-0.0184731,-0.499492,0.105945,0.0298299,0,0.504926,0.866246,0.0556916,-0.0399882,-0.49489,0.419858,0.523381,0.521413,-0.803212,-0.519548,-0.524818,-0.582288,0.521886,2.74563,-0.140138,0.419859,-0.295622,0.224689,0.133687,-3.56958,0.00275137,-2.58978,0.16508,0.209745,-0.031699,0.0963762,0.0354363,
620,0.127934,-0.289759,-0.191824,-0.0185304,-0.304767,0.0619351,-0.0339383,0,0.513213,0.871967,0.0515232,-0.0301085,-0.485914,0.186043,0.523457,0.304061,-0.775732,-0.50432,-0.526447,-0.537468,0.522834,2.64683,0.00117938,-0.0820061,-0.359834,0.332531,0.825088,-5.7686,0.000586424,-6.07766,0.929647,0.39435,-0.0325167,0.822508,0.00635758,
621,0.222732,-0.333638,0.0291689,-0.018588,0.0511775,-0.00977289,-0.134301,0,0.497016,0.884781,0.0479131,-0.0183765,-0.463172,-0.130526,0.523468,-0.0479187,-0.718778,-0.491432,-0.528086,-0.474378,0.522729,2.59889,0.127974,-0.562863,-0.338674,0.472763,1.21448,-6.8849,3.00032e-05,-7.98511,1.3463,0.123904,-0.0329864,1.69406,-0.00166781,
622,0.184421,-0.156913,0.243492,-0.018649,0.458429,-0.0870293,-0.240343,0,0.458851,0.896176,0.040468,-0.00270576,-0.441841,-0.460759,0.523467,-0.427793,-0.654339,-0.509258,-0.529818,-0.352008,0.522608,2.49046,0.2714,-0.833006,-1.82447,0.328804,0.0999535,-6.30748,-0.00017571,-7.20623,1.2446,-0.816503,-0.044595,3.12702,-0.00204713,
623,-0.234855,0.189194,0.327753,-0.018719,0.615183,-0.111505,-0.281894,0,0.406671,0.881625,0.00118631,0.0199608,-0.471527,-0.558444,0.523479,-0.548997,-0.609259,-0.529707,-0.531807,-0.164181,0.522945,2.119,0.122273,-0.823704,-0.316866,-1.24588,-2.06903,1.09352,0.000121752,1.09183,0.554548,0.117514,-0.0197368,4.36316,0.00349163,
624,-0.429137,0.219459,0.255977,-0.0187134,0.477552,-0.0782156,-0.246591,0,0.392763,0.855178,0.00629121,-0.00839994,-0.518229,-0.444821,0.523464,-0.384281,-0.601998,-0.525403,-0.531648,0.00331533,0.555282,1.47896,-0.664187,0.282608,-1.42712,0.418297,-2.26051,3.44073,-0.00092915,5.36918,-0.19769,0.0435651,0.0952883,2.33702,1.2659,
625,-0.546472,0.294796,0.0307156,-0.0185207,0.0508435,-0.00830134,-0.160423,0,0.424953,0.818528,-0.000712768,-0.0170802,-0.574212,-0.229966,0.523509,-0.040703,-0.62111,-0.524451,-0.526172,0.0429948,0.650994,1.96389,-1.27328,0.963292,0.831484,-1.34872,-2.80219,5.12675,0.000665814,8.37925,-0.518566,0.0053455,0.121371,-0.71992,2.52598,
626,-0.53949,0.139031,-0.294653,-0.0183969,-0.38718,0.0759964,-0.0473988,0,0.485572,0.784177,-0.00760066,-0.0470211,-0.618706,0.0250057,0.523489,0.373335,-0.643511,-0.524198,-0.522654,-0.0892879,0.823475,2.25437,-1.56364,1.41459,0.0390056,-0.896112,-1.78761,5.07618,-0.000493329,8.18647,-0.389242,0.000282818,-0.0142962,-4.55174,4.36979,
627,-0.144761,-0.233154,-0.435789,-0.0184355,-0.495873,0.114262,0.00688394,0,0.549719,0.772474,-0.0364814,-0.0578894,-0.631349,0.217951,0.523467,0.562691,-0.647316,-0.523981,-0.523751,-0.410373,1.06011,1.92262,-1.59271,1.13172,-0.917216,-0.634687,0.615764,2.65605,-0.000182608,-0.730639,0.239865,0.00288622,-0.0308452,-8.27286,5.10795,
628,0.0356098,-0.240795,-0.342867,-0.0185008,-0.374204,0.0889191,-0.0288303,0,0.590484,0.779362,-0.0595562,-0.0487493,-0.621829,0.268546,0.523467,0.437131,-0.614974,-0.522478,-0.525607,-0.564294,1.2496,1.71619,-1.16808,0.490588,-0.684139,0.0519986,0.712387,-0.614423,0.000338767,-4.26537,1.04676,0.0525211,-0.0410305,0.906567,0.725496,
629,0.162625,-0.349961,-0.126097,-0.0185728,-0.141112,0.0327745,-0.106802,0,0.601191,0.79633,-0.0692649,-0.0346542,-0.599883,0.175736,0.523476,0.160753,-0.547619,-0.524696,-0.527653,-0.513251,1.21345,1.70702,-0.9932,-0.0590577,-0.49723,0.294203,1.57038,-3.0769,3.36028e-05,-6.7684,1.6438,-0.0251501,-0.0410257,1.12178,-1.64525,
630,0.196957,-0.356419,0.144653,-0.0186472,0.175223,-0.0397654,-0.204267,0,0.58537,0.820062,-0.0673407,-0.0169042,-0.568047,0.00247513,0.523476,-0.195075,-0.516096,-0.524249,-0.529767,-0.428916,1.0688,1.70735,-0.835628,-0.573588,-0.0177359,0.795218,1.66129,-3.84602,-4.11462e-05,-7.45977,-0.159984,0.00999858,-0.0432079,2.24089,-4.12078,
631,0.0676228,-0.227638,0.359262,-0.0187225,0.473443,-0.107044,-0.292762,0,0.54405,0.838207,-0.0513809,0.00219292,-0.542921,-0.158541,0.523475,-0.526865,-0.531037,-0.524293,-0.531908,-0.283712,0.80223,1.71394,-0.866354,-1.0778,0.349553,1.03812,0.740249,-2.59888,7.70147e-05,-4.89091,-0.435768,-0.00126989,-0.041857,3.55701,-6.52219,
632,-0.287359,0.0124915,0.363375,-0.0187889,0.526067,-0.107032,-0.294385,0,0.478681,0.83458,-0.0310054,0.0148206,-0.549814,-0.218605,0.52348,-0.526805,-0.571877,-0.52447,-0.533793,-0.0973209,0.482025,1.77388,-1.20461,-1.45588,-0.0747738,0.423368,-0.874765,0.162955,0.000104829,2.19005,-1.18348,-0.00140313,-0.0343914,3.89187,-1.86165,
633,-0.448657,0.0846328,0.23986,-0.0188523,0.394733,-0.0662109,-0.242912,0,0.413819,0.819843,0.00795685,0.0138967,-0.572364,-0.144148,0.523495,-0.325112,-0.649283,-0.524489,-0.535595,0.0408621,0.50629,1.48717,-1.92396,-1.34376,2.45406,1.17621,-1.44402,2.79409,5.55758e-05,5.8401,-1.89392,0.00035488,-0.0350603,1.65586,0.92023,
634,-0.547464,0.158073,-0.02566,-0.018924,-0.0412412,0.00650609,-0.148464,0,0.410715,0.790141,0.0277748,-0.0185769,-0.612014,0.0355585,0.523561,0.0319003,-0.736524,-0.52438,-0.537635,0.0386804,0.552792,2.16049,-1.18859,1.22205,1.66634,-1.68297,-2.04119,4.37108,-0.00036361,8.40648,-1.48965,0.00048202,-0.0461791,-1.67395,0.832734,
635,-0.517565,-0.0767629,-0.344938,-0.0189303,-0.432725,0.0875883,-0.0343773,0,0.49379,0.769132,0.0335967,-0.0589541,-0.635477,0.243029,0.523497,0.430555,-0.799797,-0.52419,-0.537813,-0.140903,0.614722,2.34318,-1.43112,1.64441,0.881629,-1.05376,-0.621106,3.93859,-0.000859942,7.59353,-1.17147,0.000294364,0.0168137,-5.50159,1.75424,
636,-0.119759,-0.374001,-0.427358,-0.0189024,-0.479917,0.112673,0.00584415,0,0.563719,0.773957,0.0286965,-0.0902116,-0.626122,0.371262,0.523472,0.554801,-0.840662,-0.523926,-0.53702,-0.504566,0.685857,2.13636,-1.41486,1.15616,0.474625,-1.12909,1.33953,1.22034,-0.000106854,-1.22653,-0.472179,0.00361885,0.0163012,-9.0115,1.09541,
637,0.0538484,-0.301073,-0.317527,-0.018892,-0.344707,0.0830762,-0.035253,0,0.603481,0.782032,0.0242579,-0.111002,-0.612794,0.353939,0.523468,0.408269,-0.843436,-0.52172,-0.536725,-0.561217,0.670639,1.86033,-0.91689,0.477859,0.500591,-0.502774,0.810068,-1.90668,0.000191574,-4.62147,0.357932,0.0609397,0.0026652,1.08576,-1.68084,
638,0.169054,-0.381987,-0.0924708,-0.0188882,-0.103537,0.0244317,-0.116245,0,0.612599,0.797605,0.0265631,-0.12835,-0.588767,0.202846,0.523473,0.119814,-0.81079,-0.524452,-0.536615,-0.498837,0.533357,1.84071,-0.76341,-0.114838,0.688966,-0.276758,1.44052,-4.11848,1.20252e-05,-6.89718,0.94371,-0.0398168,0.00176429,1.40694,-3.79337,
639,0.189594,-0.331819,0.172938,-0.0187973,0.205172,-0.0479983,-0.21508,0,0.601209,0.816527,0.0301705,-0.118415,-0.564227,-0.0146773,0.523462,-0.23552,-0.760176,-0.524265,-0.534034,-0.398894,0.50726,1.77272,-0.597219,-0.437527,-0.146385,0.672147,1.14388,-4.58225,0.000206676,-7.31064,1.08426,0.00911133,0.0575321,2.57097,0.438076,
640,-0.0625089,-0.164423,0.371138,-0.0186979,0.46685,-0.109895,-0.297895,0,0.568,0.829189,0.0357418,-0.104262,-0.547994,-0.206436,0.523473,-0.541009,-0.715774,-0.524314,-0.531209,-0.238655,0.519992,1.84899,-0.737728,-0.875539,0.00715143,0.540543,0.0637359,-3.08775,0.000331617,-2.3517,0.693368,-0.000997525,0.0577846,3.83434,0.103485,
641,-0.298757,-0.0478952,0.356043,-0.0185376,0.480233,-0.103779,-0.291045,0,0.518474,0.827442,0.0425948,-0.0768336,-0.554637,-0.28918,0.52347,-0.510673,-0.701988,-0.524475,-0.526652,-0.0623029,0.522637,1.86718,-1.04679,-1.1801,-0.577891,1.1709,-0.67007,-0.248524,0.000219268,2.43308,-0.135931,-0.00145012,0.102919,3.22298,0.019207,
642,-0.44663,0.021649,0.225383,-0.0184058,0.346257,-0.0620027,-0.237146,0,0.447744,0.816859,0.0469259,-0.0461146,-0.573073,-0.236526,0.523479,-0.304394,-0.727599,-0.524482,-0.522907,0.0411602,0.523251,2.00014,-1.24487,-1.65385,-0.558019,0.949568,-1.14971,2.33294,8.30911e-05,5.79081,-0.881786,0.000166127,-9.30684e-05,0.934148,0.00406221,
643,-0.523331,0.102454,-0.0283509,-0.0184217,-0.045653,0.00731501,-0.144592,0,0.417104,0.797971,0.0278205,-0.0270464,-0.601446,-0.082117,0.523994,0.0358666,-0.775694,-0.524361,-0.523358,0.0094543,0.522956,2.68139,-1.33188,0.659521,0.826824,-0.484361,-1.73449,3.83739,0.0120908,7.74422,-0.892112,0.000630535,-0.00788173,-2.12762,-0.0318208,
644,-0.494021,-0.109263,-0.318884,-0.0184457,-0.431703,0.0821356,-0.0392355,0,0.464165,0.779787,0.041295,-0.0498412,-0.622689,0.098814,0.523229,0.403626,-0.808399,-0.524203,-0.52404,-0.187325,0.53224,2.94381,-1.35027,1.0384,0.720899,-0.59573,-0.423845,3.4059,-0.000150524,6.97881,-0.50175,0.000947172,-0.0160355,-5.71497,0.461696,
645,-0.141816,-0.340844,-0.420786,-0.0184737,-0.528338,0.11315,0.0101037,0,0.503564,0.786093,0.0431242,-0.0708182,-0.612521,0.206017,0.523403,0.557169,-0.817595,-0.523941,-0.524835,-0.556777,0.53438,2.72836,-1.30127,0.520933,0.407177,-0.539073,1.12899,0.911622,0.00240914,-0.788776,0.124653,0.00392776,-0.0170605,-7.28816,-0.368722,
646,0.0504816,-0.285734,-0.323095,-0.018518,-0.411361,0.0860988,-0.0279959,0,0.514206,0.793031,0.0423974,-0.0806385,-0.60233,0.174935,0.52346,0.423196,-0.791038,-0.521091,-0.526094,-0.563261,0.515863,2.44793,-0.848839,-0.049967,0.0940185,-0.246526,0.775809,-2.15122,0.000546493,-4.55564,0.935277,0.0838781,-0.0268942,1.235,0.132675,
647,0.189796,-0.357283,-0.0958807,-0.0185056,-0.132733,0.0256613,-0.112526,0,0.500747,0.809282,0.043173,-0.0724124,-0.581339,0.0109145,0.523465,0.125847,-0.729851,-0.522914,-0.525742,-0.493874,0.521311,2.37661,-0.643982,-0.503412,-0.22611,0.676969,1.37044,-4.39207,0.000178548,-7.31474,1.51288,-0.150577,0.0204622,1.53384,0.0541666,
648,0.218623,-0.229807,0.184925,-0.0184788,0.281997,-0.0519181,-0.219253,0,0.467011,0.827147,0.036382,-0.0504596,-0.558532,-0.220401,0.523465,-0.254787,-0.650742,-0.524725,-0.524981,-0.385833,0.522381,2.27553,-0.343135,-0.757356,-1.81357,0.535712,0.588434,-4.84525,-6.12089e-05,-7.90092,1.6594,0.0212573,0.00488739,2.74356,0.00540506,
649,-0.111457,-0.000500717,0.389346,-0.0184721,0.61265,-0.113889,-0.305625,0,0.41781,0.83003,0.00782268,-0.0138102,-0.557493,-0.42261,0.523477,-0.560838,-0.578842,-0.52432,-0.524791,-0.211875,0.522775,2.41359,-0.537138,-1.2121,-1.72184,0.508644,-0.801537,-3.24191,0.000384473,-1.39052,1.21727,0.00112902,0.00555546,4.21079,0.00416895,
650,-0.361558,0.246127,0.35753,-0.018464,0.595967,-0.0988042,-0.291516,0,0.375935,0.81071,0.00509555,-0.000447545,-0.585425,-0.508232,0.523469,-0.486029,-0.53927,-0.524495,-0.524561,-0.0295171,0.523293,1.20541,-0.570855,0.0255071,0.249672,-0.821277,-2.35324,-0.158085,-0.000895619,3.80722,0.407351,-0.0011028,0.00276351,2.96414,0.00520187,
651,-0.523378,0.207116,0.160273,-0.0184188,0.262875,-0.0397523,-0.2198,0,0.384873,0.776082,-0.00143009,-0.00408978,-0.630617,-0.451004,0.52348,-0.195011,-0.535497,-0.524447,-0.523275,0.0501824,0.567107,1.30607,-1.32153,0.496997,-0.197889,-0.214705,-2.08553,2.41868,0.000413636,7.749,-0.219791,0.00119122,0.00223756,0.302913,1.69585,
652,-0.571196,0.0806779,-0.193697,-0.0184246,-0.275934,0.0458495,-0.103818,0,0.421912,0.748027,-0.012233,-0.0165136,-0.66335,-0.304686,0.523511,0.224961,-0.549644,-0.524319,-0.523441,-0.0256845,0.683374,1.76522,-1.83119,0.843089,-0.177758,-0.818094,-1.28009,3.42524,-0.000479618,9.07989,-0.371604,-0.00024813,-0.00384064,-3.3411,2.97951,
653,-0.250378,-0.202087,-0.473259,-0.018438,-0.572148,0.117494,0.000171557,0,0.47253,0.735681,-0.0306956,-0.0310566,-0.675919,-0.173558,0.523495,0.578753,-0.554134,-0.524125,-0.523821,-0.28986,0.83817,1.91279,-1.98758,1.14373,-0.717567,-1.19069,0.537187,1.82013,-0.000681191,1.41311,0.175995,0.000663192,-0.0116238,-7.20839,3.21588,
654,0.00802148,-0.294649,-0.402913,-0.0184719,-0.470109,0.101227,-0.0182606,0,0.518595,0.755227,-0.0550585,-0.0315873,-0.652382,-0.17142,0.52347,0.498028,-0.522959,-0.52355,-0.524786,-0.591317,0.957436,1.63462,-1.60033,0.643453,-0.613436,-0.19131,1.21063,-1.68555,-0.000262486,-3.72755,0.846932,0.0236543,-0.0285654,-0.0548407,1.57381,
655,0.171548,-0.414231,-0.18631,-0.0185255,-0.224025,0.0469901,-0.0914555,0,0.53752,0.780226,-0.0630857,-0.0213871,-0.62194,-0.327269,0.523472,0.230565,-0.519723,-0.52387,-0.526309,-0.536453,0.979957,1.6203,-1.39826,0.110705,-0.259234,0.206706,2.08973,-4.52705,8.49447e-05,-6.94723,-0.10739,0.00148183,-0.0303161,1.23811,-0.654632,
656,0.233808,-0.35351,0.113197,-0.018578,0.148399,-0.0303861,-0.193868,0,0.529602,0.812072,-0.0611047,-0.00972416,-0.580268,-0.553501,0.523473,-0.149031,-0.522823,-0.524027,-0.527801,-0.444863,0.871887,1.45056,-1.35143,-0.411528,-0.0754993,0.438566,1.63069,-1.32673,2.67089e-05,-8.21283,-0.0248494,-0.00140273,-0.0305161,2.42691,-3.63957,
657,0.160722,-0.21602,0.366054,-0.0186325,0.507216,-0.106103,-0.295327,0,0.496325,0.827409,-0.0521689,0.00241956,-0.559166,-0.530891,0.523475,-0.522196,-0.529348,-0.524289,-0.52935,-0.283625,0.629388,1.37927,-1.35366,-0.924478,0.232597,0.686459,0.664616,1.0531,2.55815e-05,-6.73031,-0.235606,-0.00114364,-0.0311978,4.0034,-6.0426,
658,-0.29994,-0.0489611,0.380659,-0.0186866,0.564765,-0.109555,-0.301539,0,0.447842,0.824345,-0.027763,0.00794716,-0.56535,-0.411788,0.523485,-0.53932,-0.559021,-0.524481,-0.530886,-0.0584821,0.476363,1.17402,-1.7921,-0.920013,1.3492,1.05378,-0.464493,3.67017,5.2534e-05,2.4583,-0.939909,-0.00140893,-0.0347037,4.98511,0.916154,
659,-0.473185,0.213842,0.237929,-0.0187455,0.403302,-0.0644276,-0.243083,0,0.393046,0.812083,0.0133852,0.00839827,-0.583328,-0.163297,0.523489,-0.316331,-0.624105,-0.524495,-0.53256,0.130266,0.518911,1.30627,-1.51755,-0.428099,0.929676,0.206644,-2.25363,6.2698,0.00123522,6.44706,-1.51008,0.0015149,-0.043215,2.48462,0.552413,
660,-0.563319,0.179782,-0.0581943,-0.018798,-0.0877681,0.0142023,-0.143435,0,0.420459,0.770542,0.0219043,-0.0282412,-0.636386,0.185629,0.52352,0.0696393,-0.696999,-0.524356,-0.534052,0.165445,0.575809,1.88039,-1.58258,1.47282,1.06233,-0.56907,-2.12884,7.66342,-0.00119795,8.85352,-1.42128,0.00516516,0.0626574,-0.990216,1.68147,
661,-0.524464,-0.0548498,-0.399432,-0.0186795,-0.484227,0.0986483,-0.0249184,0,0.487819,0.745592,0.0246856,-0.0620601,-0.663048,0.548038,0.523481,0.485257,-0.762925,-0.524192,-0.530685,0.0152217,0.689564,2.12299,-1.55773,1.17632,0.986172,-1.16893,-0.710291,5.62622,-0.000416165,7.77815,-1.22248,0.000331246,0.0684314,-5.00838,2.87013,
662,-0.08452,-0.522236,-0.42529,-0.0185842,-0.486703,0.110632,0.000647876,0,0.544207,0.768737,0.0135859,-0.0812164,-0.634242,0.539703,0.523468,0.544668,-0.801275,-0.523907,-0.527977,-0.325961,0.815691,1.86667,-1.30963,1.00238,-0.0635931,-0.415175,2.58339,-2.29551,0.000141773,-1.92044,-0.333367,0.00459154,0.0453889,-8.59173,2.21118,
663,0.0902584,-0.481528,-0.271408,-0.018514,-0.321492,0.073791,-0.041747,0,0.577746,0.807268,0.00635883,-0.0833636,-0.584233,0.350453,0.523468,0.362461,-0.797547,-0.523111,-0.525982,-0.576993,0.827541,1.57253,-0.871642,0.322298,0.0395005,0.326043,2.24119,-5.24576,-1.70894e-05,-5.3347,0.474531,0.0296838,0.031914,0.706335,-1.70179,
664,0.194165,-0.525155,-0.0305208,-0.018459,-0.0399307,0.00888668,-0.124797,0,0.579436,0.842536,0.0126518,-0.0768068,-0.532986,0.044895,0.523471,0.0435731,-0.760939,-0.524263,-0.524418,-0.51677,0.656028,1.52688,-0.721557,-0.252387,0.408381,0.645474,2.66513,-6.96209,-7.94211e-06,-7.40318,0.986321,0.00833476,0.0311039,1.51011,-5.1313,
665,0.19033,-0.475271,0.201593,-0.0184202,0.30048,-0.0661129,-0.219763,0,0.556268,0.874934,0.0204619,-0.0684713,-0.47894,-0.300014,0.523469,-0.32463,-0.710834,-0.524133,-0.523317,-0.407955,0.479542,1.43422,-0.687583,-0.622669,-0.276678,0.357913,2.30997,-6.8327,3.56001e-05,-7.32557,1.02282,-0.000227511,-0.00156786,2.83438,0.590205,
666,-0.180692,-0.182713,0.320386,-0.0184274,0.530092,-0.115892,-0.281056,0,0.513746,0.894628,0.014678,-0.0597672,-0.442554,-0.569051,0.523479,-0.570791,-0.672816,-0.524328,-0.52352,-0.234357,0.51235,1.48891,-1.06605,-1.08439,-0.341353,0.105869,0.243797,-1.03549,0.0002982,-0.0114636,0.501279,-0.00052183,-0.0032827,4.12016,0.364257,
667,-0.365069,-0.0334087,0.271611,-0.0184276,0.50325,-0.0958052,-0.254674,0,0.452148,0.892324,0.00768155,-0.0374146,-0.449777,-0.515745,0.523464,-0.471184,-0.669593,-0.524452,-0.523525,-0.0650453,0.521469,1.53707,-1.21787,-1.34433,-1.13114,1.47942,-0.71763,2.30423,-9.46107e-05,3.88606,-0.365981,-0.000840134,0.000173629,2.66237,0.064958,
668,-0.500015,0.213064,0.123119,-0.01843,0.254544,-0.0396123,-0.183098,0,0.396673,0.874233,0.0290076,-0.014992,-0.484408,-0.353363,0.523603,-0.194323,-0.701933,-0.524392,-0.523594,-0.0001593,0.523127,2.05906,-0.980228,0.0453592,0.950925,-0.366734,-2.35663,4.16043,0.00680171,7.13137,-0.842329,0.000682356,-0.00226019,-0.00998895,0.00950126,
669,-0.547116,0.0264336,-0.130509,-0.0184133,-0.228955,0.0390961,-0.0769832,0,0.437149,0.85285,0.0294219,-0.0275139,-0.520601,-0.12942,0.523457,0.191788,-0.743578,-0.524261,-0.52312,-0.0864875,0.557792,2.78777,-1.06528,1.13866,0.350235,-0.933317,-1.20248,4.80002,0.000928936,8.39751,-0.812833,-0.000217298,-0.014846,-3.43158,1.3299,
670,-0.312095,-0.207104,-0.364147,-0.0184428,-0.530695,0.110377,0.026274,0,0.488398,0.843232,0.0316486,-0.0501515,-0.534269,0.0802053,0.523474,0.5434,-0.77341,-0.524047,-0.523959,-0.353395,0.625667,2.73771,-1.07981,0.789427,0.362424,-0.739247,0.265752,3.58947,-0.000200432,2.71969,-0.428262,0.00108749,-0.0170367,-7.23098,1.41542,
671,-0.0456738,-0.312795,-0.332614,-0.0184937,-0.480014,0.103916,0.0217093,0,0.519447,0.855339,0.0281789,-0.0551318,-0.514355,0.188395,0.52346,0.511353,-0.772636,-0.52051,-0.525405,-0.576499,0.655643,2.27007,-0.853647,0.393916,-0.0851041,0.518046,0.991079,0.775689,9.76044e-05,-2.68061,0.442725,0.161235,-0.0421948,0.734774,-0.191432,
672,0.125298,-0.41747,-0.184292,-0.0185668,-0.288024,0.0596933,-0.036777,0,0.525219,0.873397,0.0342225,-0.0425539,-0.483938,0.165381,0.523472,0.293029,-0.732089,-0.509249,-0.527482,-0.531236,0.588843,2.18437,-0.722615,-0.160686,0.0772522,0.739044,1.81947,-1.67751,0.000154218,-6.02556,1.17418,0.287198,-0.040531,0.743358,-2.46224,
673,0.214526,-0.446038,0.0308373,-0.018638,0.0560852,-0.0108927,-0.129848,0,0.505407,0.897,0.0406125,-0.0269476,-0.439336,0.0498794,0.523473,-0.0534098,-0.663644,-0.502139,-0.529505,-0.472485,0.496271,2.04092,-0.612328,-0.592513,-0.343802,0.712775,2.13874,-2.93088,-2.37481e-05,-7.81722,1.56453,-0.00134702,-0.0409108,1.60097,0.399101,
674,0.175608,-0.398433,0.215745,-0.0187091,0.450804,-0.0863477,-0.227321,0,0.464248,0.918704,0.0398325,-0.00825003,-0.392845,-0.0873935,0.523474,-0.424425,-0.588988,-0.525493,-0.531526,-0.355306,0.516432,1.97898,-0.604034,-1.05529,-0.313881,0.801849,1.87268,-2.56205,4.85337e-05,-7.02881,1.42216,-0.734645,-0.0399126,3.07475,0.217155,
675,-0.23989,0.0468923,0.282645,-0.01879,0.625523,-0.115323,-0.267406,0,0.411084,0.92106,0.00257337,0.0143923,-0.389147,-0.1704,0.523474,-0.567961,-0.534347,-0.527605,-0.533825,-0.177068,0.521557,1.99989,-0.616296,-1.20276,-2.39855,-0.0127114,-1.04232,-0.789948,0.000154506,1.19584,0.757348,0.10231,-0.0471237,4.09401,0.0350599,
676,-0.432999,0.0564213,0.212306,-0.0187571,0.506549,-0.0810914,-0.224447,0,0.379339,0.911377,-0.00040288,-0.00411525,-0.411551,-0.157138,0.523463,-0.398471,-0.521711,-0.524837,-0.532891,-0.0202578,0.53132,1.39766,-1.40221,-0.133247,1.11302,1.50443,-1.08573,1.30062,-0.000609472,5.46161,-0.178764,0.0230656,0.135714,2.1945,0.343887,
677,-0.560899,0.185736,0.0236595,-0.018482,0.0556062,-0.00828942,-0.126936,0,0.387932,0.896577,-0.00181771,-0.000916165,-0.442882,-0.0551718,0.523478,-0.0406445,-0.543865,-0.524343,-0.525071,0.00829081,0.557959,1.55352,-0.89871,0.214979,0.835295,-0.359624,-1.95525,2.77535,0.000719092,8.78489,-0.692566,0.00211445,0.162364,-1.01462,0.715428,
678,-0.554507,-0.00107541,-0.238496,-0.0183996,-0.461172,0.0799059,-0.00316487,0,0.418189,0.88189,0.00116708,-0.017017,-0.471146,0.0833797,0.523544,0.392621,-0.574565,-0.524157,-0.522729,-0.136297,0.620972,2.14626,-0.806455,0.702516,-0.125565,-0.200472,-0.791924,2.77275,-0.00149834,8.60364,-0.588122,0.00120999,-0.0214451,-4.81283,1.85991,
679,-0.11938,-0.379029,-0.335644,-0.0184387,-0.598139,0.117048,0.0554488,0,0.443758,0.887344,-0.00913558,-0.0170238,-0.460704,0.173699,0.523486,0.576534,-0.587348,-0.523822,-0.523841,-0.472138,0.710693,1.96046,-0.858591,0.340318,-0.459584,0.0458954,1.72908,0.855816,-0.00053413,-1.23411,0.0853662,0.00517862,-0.025733,-8.58872,1.72663,
680,0.0969404,-0.318,-0.227715,-0.0184961,-0.451778,0.0830991,0.0118883,0,0.445577,0.901884,-0.0144568,-0.00277814,-0.431727,0.155019,0.523471,0.408382,-0.562047,-0.512956,-0.525474,-0.576155,0.72529,1.47441,-0.546648,-0.252601,-0.340047,0.662795,1.32074,-1.59456,7.26969e-05,-5.46607,0.922499,0.414235,-0.0361496,1.41633,-1.11846,
681,0.245944,-0.391416,-0.0308907,-0.0185602,-0.0751681,0.0121399,-0.0844552,0,0.419927,0.918477,-0.0104099,0.0189818,-0.394881,0.0353948,0.523474,0.0595256,-0.516769,-0.490979,-0.527296,-0.489798,0.612217,1.30929,-0.402288,-0.757757,-0.0116228,1.09969,1.92003,-3.17814,1.56316e-05,-8.46373,0.106534,0.466006,-0.037634,2.03272,-3.38805,
682,0.252706,-0.356826,0.169364,-0.0185942,0.463026,-0.0747774,-0.201138,0,0.389405,0.935089,0.0133358,0.00363597,-0.354144,-0.125044,0.523475,-0.367324,-0.521183,-0.483445,-0.528262,-0.345738,0.493235,0.680211,-0.347699,-0.736067,0.986845,-0.692414,1.65719,-3.23759,-6.77824e-05,-8.60425,-0.0845767,-0.158939,-0.014833,3.7125,0.409261,
683,-0.219379,-0.151524,0.252106,-0.0185253,0.668577,-0.114457,-0.256146,0,0.370545,0.937594,0.000866922,0.0019698,-0.347724,-0.248438,0.523413,-0.56366,-0.53568,-0.523302,-0.526301,-0.124616,0.515764,0.337677,-0.33114,0.297272,0.564375,-0.00893547,0.229691,-1.65169,-0.00365653,0.774323,-0.466346,-1.38924,0.151174,5.13605,0.248038,
684,-0.437775,0.0152225,0.189686,-0.0183915,0.499183,-0.0820907,-0.213616,0,0.390941,0.932085,0.00718118,-0.00852653,-0.362069,-0.280274,0.523433,-0.403404,-0.576797,-0.530881,-0.5225,0.0822928,0.522027,0.449994,-0.335543,0.230002,0.297808,-0.136545,-0.899035,0.309877,0.00139696,5.57664,-1.22004,0.194734,-0.0205315,3.23879,0.0455987,
685,-0.561912,0.0301354,0.0220281,-0.0184225,0.0573367,-0.00882878,-0.113433,0,0.400678,0.921648,0.0236965,-0.0110845,-0.387144,-0.230703,0.52348,-0.0432892,-0.649719,-0.525315,-0.523381,0.161452,0.526519,0.839429,-0.256168,0.257347,0.462056,-0.2878,-1.09563,1.65372,0.000656659,8.81369,-1.68964,0.0437918,-0.0102104,-0.0243928,0.123136,
686,-0.553454,-0.117659,-0.202791,-0.0184271,-0.440114,0.0791321,0.013581,0,0.43729,0.914006,0.0436229,-0.0285984,-0.402333,-0.147094,0.523477,0.388803,-0.728878,-0.524033,-0.523512,0.0639693,0.532659,1.47917,-0.173207,0.798813,1.17352,-0.209149,-0.259015,1.69447,-0.000996223,8.5745,-1.53277,0.00119755,-0.00197212,-3.91604,0.185454,
687,-0.123875,-0.523814,-0.275453,-0.0184359,-0.570928,0.116688,0.0773127,0,0.470571,0.92422,0.0607325,-0.0456207,-0.374229,-0.103281,0.52347,0.574748,-0.78733,-0.5235,-0.523763,-0.226481,0.520951,1.43392,-0.158422,0.553148,0.651443,-0.24428,2.61664,0.0734191,0.000162843,-1.14511,-0.801872,0.0199656,-0.00703066,-7.66809,-0.229369,
688,0.0830951,-0.468347,-0.166376,-0.0184204,-0.420616,0.0844304,0.0460928,0,0.49161,0.948081,0.059794,-0.0528365,-0.307857,-0.149844,0.523466,0.414956,-0.805152,-0.511276,-0.52332,-0.579051,0.520776,1.23647,0.0339623,0.237732,-0.202808,0.484456,2.122,-1.89515,-0.000358396,-5.19406,0.0763384,0.477777,-0.00158113,-1.76293,0.0392831,
689,0.222424,-0.469502,-0.029066,-0.0184293,-0.092061,0.0173727,-0.0416231,0,0.490225,0.96335,0.0549175,-0.0392399,-0.259616,-0.272271,0.523469,0.085188,-0.785863,-0.47945,-0.523573,-0.540522,0.521951,0.981439,0.122276,-0.278613,-0.335641,0.68392,2.15827,-3.00107,0.000149903,-7.97879,0.692705,0.784632,-0.00589149,1.3866,0.00972033,
690,0.235871,-0.446508,0.0875118,-0.0184403,0.351254,-0.0653223,-0.150578,0,0.464469,0.976616,0.0495982,-0.0214987,-0.208082,-0.423873,0.523474,-0.320736,-0.748527,-0.44855,-0.523888,-0.432412,0.522163,0.861104,0.151066,-0.747576,-0.333376,0.836783,2.02447,-3.06209,5.59159e-05,-8.25538,0.800456,0.454171,-0.00668285,2.92514,0.00126721,
691,-0.197861,-0.109351,0.139735,-0.018464,0.619641,-0.116924,-0.219913,0,0.422373,0.982438,0.0172099,-0.00224086,-0.185779,-0.543621,0.523482,-0.575922,-0.720443,-0.452163,-0.524561,-0.249419,0.522226,0.97212,-0.0410215,-0.961289,-1.40633,0.453594,-0.300994,-0.459855,0.000366038,0.335478,0.318282,-0.588185,-0.0134832,4.43572,0.00102173,
692,-0.402936,0.21534,0.126818,-0.0185032,0.518805,-0.0909105,-0.190116,0,0.413203,0.975916,0.0189341,0.0120039,-0.216994,-0.519409,0.523512,-0.446974,-0.721724,-0.519179,-0.525674,-0.0727419,0.522912,0.808493,-0.169079,0.49342,0.11646,-0.14596,-2.39936,1.04504,0.000300805,4.75138,-0.355491,-2.06896,-0.0254539,2.65658,0.0101398,
693,-0.540221,0.259836,0.0452537,-0.018529,0.148297,-0.0248471,-0.110194,0,0.433322,0.958834,0.0263978,-0.00482123,-0.282698,-0.44535,0.523505,-0.121852,-0.754639,-0.532708,-0.526407,-0.0140668,0.561635,1.31088,-0.0111586,0.394128,0.990071,-1.2323,-2.74612,1.90376,0.000879133,8.20646,-0.933304,0.248538,-0.00248099,-0.271862,1.50203,
694,-0.559189,-0.0100554,-0.129485,-0.0184595,-0.31705,0.0613213,0.00595648,0,0.487072,0.941783,0.0433636,-0.0538485,-0.329036,-0.345917,0.523503,0.30104,-0.79293,-0.525434,-0.524432,-0.118846,0.670756,1.80809,0.225894,1.54029,0.125457,-1.16414,-1.0382,2.07669,-0.00144664,8.73616,-0.705169,0.0595802,0.133232,-3.92244,2.94581,
695,-0.168069,-0.29326,-0.252116,-0.0184029,-0.501591,0.117136,0.0869059,0,0.555889,0.936134,0.0432129,-0.0798684,-0.339715,-0.268914,0.523475,0.576972,-0.814829,-0.522351,-0.522823,-0.412217,0.811742,1.6836,0.0696991,1.17301,-0.232942,-1.1011,0.795148,1.00124,-0.000241517,-0.265123,-0.185648,0.0364001,-0.0224293,-7.78142,2.69808,
696,0.0177502,-0.227267,-0.201086,-0.0184513,-0.394441,0.0956098,0.0571663,0,0.599013,0.93849,0.0271348,-0.0986612,-0.329796,-0.265218,0.523469,0.470218,-0.802601,-0.504495,-0.524198,-0.560262,0.889396,1.29987,0.210681,0.556424,-0.31274,-0.701028,0.360209,-0.845006,0.000103194,-3.91714,0.66821,0.668889,-0.0311254,0.7939,0.429888,
697,0.153157,-0.302478,-0.0857322,-0.0185053,-0.177721,0.0422454,-0.019034,0,0.612991,0.942221,0.0145726,-0.111841,-0.315434,-0.343323,0.523474,0.207255,-0.752443,-0.461902,-0.525734,-0.517663,0.868637,1.21614,0.297612,-0.000894421,-0.175629,-0.554052,0.946431,-2.26783,4.2017e-05,-6.57918,1.33346,1.03213,-0.0303125,0.891577,-1.24664,
698,0.200595,-0.245743,0.0564563,-0.0185314,0.128277,-0.02974,-0.120493,0,0.600778,0.94876,0.00699925,-0.113723,-0.294742,-0.46956,0.523464,-0.14586,-0.679653,-0.41574,-0.526477,-0.446136,0.752265,1.15795,0.475454,-0.42483,-0.294601,0.761943,0.656024,-2.7731,-0.000279501,-7.5335,1.57367,0.796487,0.020528,1.96698,-3.39149,
699,0.135356,-0.112761,0.183049,-0.0184979,0.429057,-0.0995258,-0.220148,0,0.567023,0.953299,0.00855179,-0.0917111,-0.28764,-0.542883,0.523471,-0.489603,-0.607979,-0.398155,-0.525523,-0.313538,0.541647,1.08785,0.383938,-0.924011,-0.0541396,0.979903,-0.122613,0.321589,0.000180319,-6.22493,1.29572,-0.084468,0.0175082,3.32716,-5.01952,
700,-0.26596,0.0186609,0.219531,-0.0184484,0.514515,-0.112282,-0.24314,0,0.516342,0.949133,-0.00145972,-0.0697263,-0.307054,-0.492784,0.523476,-0.552856,-0.56235,-0.440447,-0.524118,-0.126174,0.504766,1.31805,0.045209,-1.11827,-1.33569,0.915488,-0.900898,1.65743,-0.000231398,1.73854,0.530561,-1.58111,0.0484851,4.15222,0.524779,
701,-0.426475,0.121518,0.162872,-0.0184185,0.415696,-0.0762551,-0.198158,0,0.449794,0.941469,-0.0259869,-0.0400793,-0.333698,-0.371909,0.523478,-0.374611,-0.557004,-0.544252,-0.523267,0.0284193,0.53376,1.61797,-0.115703,-1.37618,-1.02742,1.21529,-1.55366,3.17424,8.10064e-06,5.30558,-0.286786,-0.617591,-0.00543143,2.05709,0.627857,
702,-0.527019,0.147823,0.0246545,-0.0184265,0.0651739,-0.00988478,-0.114957,0,0.394533,0.922014,0.00983773,0.0019611,-0.387026,-0.186631,0.523495,-0.0484673,-0.581458,-0.532446,-0.523495,0.0526458,0.585261,2.24648,-0.178483,-0.879207,-0.417411,0.404831,-1.75863,4.18879,0.00098316,7.84687,-0.717081,0.279477,-0.00244002,-0.997355,1.40161,
703,-0.518581,0.0628021,-0.18405,-0.0184414,-0.39845,0.0686016,-0.00690676,0,0.424323,0.907155,0.00190117,-0.0188596,-0.42037,0.0213957,0.523501,0.336887,-0.594661,-0.525232,-0.523918,-0.0837658,0.657584,3.21836,0.00075711,1.63396,0.483269,-1.00994,-1.22801,4.13751,-0.0158802,7.62056,0.104234,0.0526513,-0.0206891,-4.48803,1.57927,
704,-0.169473,-0.20739,-0.310112,-0.0184771,-0.542151,0.115139,0.0604916,0,0.496151,0.901575,-0.00189682,-0.045947,-0.430171,0.188886,0.52341,0.567048,-0.576222,-0.5239,-0.524933,-0.397769,0.745366,3.05199,-0.106579,1.21001,0.0609817,-1.13786,0.541797,2.57111,0.00169517,-0.236522,0.617235,0.00894533,-0.0194533,-8.05011,1.9376,
705,0.0285306,-0.132773,-0.247798,-0.0185197,-0.419826,0.0928787,0.0292439,0,0.542235,0.90423,-0.0135048,-0.0672499,-0.421501,0.25827,0.523456,0.456707,-0.525183,-0.512404,-0.526144,-0.590792,0.801531,2.57332,0.136015,0.610879,-0.075405,-0.698871,0.12216,0.223727,0.000509864,-4.12722,1.41668,0.451451,-0.030186,1.38723,0.327265,
706,0.172339,-0.237898,-0.0961865,-0.0185764,-0.168182,0.0364683,-0.0523046,0,0.559725,0.908435,-0.017673,-0.0780971,-0.410287,0.223636,0.523473,0.178886,-0.517025,-0.485529,-0.527756,-0.515065,0.792977,2.45315,0.272916,0.0767163,0.13858,-0.320299,0.828951,-1.59337,0.000137371,-6.96312,-0.185794,0.622362,-0.0329138,1.57899,-0.660347,
707,0.215811,-0.255533,0.0976901,-0.0186344,0.183065,-0.0390308,-0.158239,0,0.549403,0.917028,-0.0168588,-0.0847248,-0.389355,0.128237,0.523475,-0.191468,-0.522392,-0.464611,-0.529402,-0.406771,0.717035,2.37345,0.394119,-0.489087,0.284683,-0.104126,0.941321,-2.21696,1.65541e-06,-7.84349,-0.0433918,0.21839,-0.0330493,2.74261,-2.36382,
708,0.0785521,-0.160357,0.259544,-0.0186091,0.505025,-0.109911,-0.255978,0,0.517006,0.925433,-0.00970811,-0.0635541,-0.373418,0.0379057,0.523465,-0.541088,-0.531588,-0.481687,-0.528683,-0.233391,0.55467,2.34989,0.354277,-0.845015,-0.0183336,1.30306,0.29315,-1.39447,0.000338783,-5.10494,-0.318846,-0.893036,0.0316275,4.17784,-4.11695,
709,-0.305758,0.0800897,0.263874,-0.0185454,0.537664,-0.10747,-0.256239,0,0.467716,0.92039,-0.00871376,-0.0418703,-0.388655,0.0186714,0.523479,-0.528974,-0.56694,-0.535931,-0.526873,-0.0144836,0.499831,2.58814,0.136335,-1.17409,-0.477024,0.558083,-1.30036,0.594341,8.93257e-05,2.58314,-1.0934,-0.00151035,0.0380279,4.57446,0.615479,
710,-0.465158,0.117538,0.167454,-0.0184389,0.376598,-0.0625175,-0.199692,0,0.411687,0.90789,0.00709271,-0.0125907,-0.418959,0.0957685,0.523493,-0.306928,-0.639522,-0.527665,-0.523847,0.153475,0.544029,2.65538,-0.69176,-0.979206,1.82825,2.21813,-1.64262,2.48423,0.000661535,6.24647,-1.79544,0.118525,0.0674464,2.1698,1.13682,
711,-0.556928,0.214586,-0.0411476,-0.0184204,-0.0842647,0.0136193,-0.101382,0,0.420045,0.882611,0.027184,-0.0180682,-0.46897,0.248055,0.523555,0.0667803,-0.723583,-0.524689,-0.523323,0.17198,0.606875,2.76329,-0.18579,1.28302,1.06868,-1.25224,-2.39691,3.58395,-0.000151885,8.67184,-1.46665,0.0209925,-0.00760282,-1.36576,1.28751,
712,-0.518459,0.0541064,-0.30701,-0.0184353,-0.469893,0.0962901,0.0114693,0,0.49341,0.857355,0.0371928,-0.0625128,-0.50956,0.414624,0.523508,0.473584,-0.785092,-0.524099,-0.523745,0.00432969,0.702216,2.88968,-0.140549,1.37426,1.31741,-1.36577,-1.43708,3.08517,-0.000920886,7.61727,-1.09498,0.00272256,-0.0093172,-5.31753,2.61581,
713,-0.0875356,-0.394011,-0.351364,-0.0184786,-0.481792,0.113336,0.0395908,0,0.564431,0.861149,0.028965,-0.0858076,-0.50022,0.507038,0.523468,0.558094,-0.817123,-0.523543,-0.524976,-0.349865,0.835938,2.5104,-0.370128,1.29387,-0.369501,-0.915501,1.52204,0.656234,-1.84307e-05,-1.86124,-0.240959,0.0267919,-0.0286377,-8.82616,2.76975,
714,0.0854095,-0.322439,-0.231921,-0.0185391,-0.317933,0.0773126,-0.00756005,0,0.612714,0.87585,0.00952798,-0.0948354,-0.473078,0.47544,0.523467,0.379827,-0.808341,-0.51483,-0.526695,-0.5752,0.898497,2.0841,-0.0506966,0.62201,-0.411437,-0.229063,1.00989,-1.89903,0.000128668,-5.23948,0.58504,0.323074,-0.0414313,0.874404,-0.237961,
715,0.188475,-0.38259,-0.0388038,-0.0186125,-0.0558264,0.0135031,-0.0956418,0,0.629451,0.890165,-0.00132341,-0.0930549,-0.446033,0.340301,0.523475,0.0662109,-0.765583,-0.500713,-0.528781,-0.513064,0.827658,2.00069,0.0842208,0.0465706,-0.214218,0.0786187,1.50788,-3.49378,6.32453e-05,-7.28812,1.12172,0.242612,-0.0420168,1.52459,-2.57691,
716,0.190856,-0.35845,0.161205,-0.0186867,0.252027,-0.0609923,-0.196044,0,0.617592,0.906535,-0.00329116,-0.0865536,-0.413148,0.162711,0.523475,-0.299421,-0.708231,-0.506013,-0.530889,-0.404548,0.631621,1.93493,0.150097,-0.520032,0.100011,0.433157,1.40903,-3.60784,-2.16893e-05,-7.33624,1.17212,-0.448418,-0.0423736,2.80405,-5.24323,
717,-0.160688,-0.13072,0.280247,-0.0187575,0.46786,-0.112956,-0.265211,0,0.582464,0.915625,-0.00540254,-0.0807087,-0.393811,0.0168403,0.523478,-0.556202,-0.661788,-0.530211,-0.5329,-0.232816,0.485727,2.07252,-0.00297958,-0.843024,-0.449962,-0.243623,-0.0810873,-2.22266,0.000156842,-0.412951,0.68879,0.0754437,-0.0356538,4.06636,0.648322,
718,-0.330723,-0.0836474,0.250656,-0.0187975,0.449643,-0.0983358,-0.246779,0,0.530686,0.911724,-0.0178316,-0.0788914,-0.402763,-0.0403837,0.523469,-0.48371,-0.648867,-0.525733,-0.534039,-0.0631451,0.515098,2.19641,-0.226255,-1.07742,-1.16536,1.00994,-0.367059,-0.0917303,-0.00113234,3.12452,-0.164312,0.0515433,0.0413734,2.73075,0.304233,
719,-0.458367,0.100769,0.138337,-0.0186843,0.273845,-0.0512754,-0.183973,0,0.47572,0.906179,-0.0140317,-0.0385451,-0.4209,0.00116796,0.523492,-0.251627,-0.674563,-0.524504,-0.530822,0.0106537,0.522215,2.39797,-0.855905,-0.968946,1.54626,2.08791,-1.58303,1.75634,0.00104245,6.07829,-0.844205,0.0082786,0.067511,0.250868,0.0469196,
720,-0.522978,-0.0397628,-0.0560254,-0.0185616,-0.118698,0.0191995,-0.0890489,0,0.419411,0.890476,0.0384879,-0.0152956,-0.453141,0.111731,0.523496,0.0941478,-0.724427,-0.524275,-0.527335,-0.0596654,0.542471,2.84403,-0.489074,-0.850715,-0.328945,-0.2428,-0.753261,2.63783,0.00013171,7.73815,-1.12659,0.000203149,0.0787076,-2.97962,0.724487,
721,-0.462187,-0.193586,-0.25942,-0.0184644,-0.477085,0.0893777,0.0140677,0,0.449618,0.887419,0.0305427,-0.0177438,-0.459609,0.22916,0.52354,0.439397,-0.750575,-0.524063,-0.524571,-0.290612,0.548267,3.62084,-0.315579,1.29918,-0.0143509,0.230226,0.207627,2.06672,-0.00126668,6.17242,-0.129657,0.00139249,0.0366946,-6.31074,-0.296771,
722,-0.127741,-0.230663,-0.307421,-0.0184193,-0.522988,0.111123,0.0514482,0,0.500765,0.896567,0.0310339,-0.00956603,-0.441716,0.282184,0.523483,0.547105,-0.740457,-0.522526,-0.523291,-0.58304,0.515483,3.12189,-0.188675,0.75672,-0.421372,0.509198,0.469473,0.0934169,-0.000771983,-1.06865,0.525274,0.0855647,-0.00175921,-0.286959,-0.0601627,
723,0.0627858,-0.316163,-0.220072,-0.0184287,-0.383107,0.0813606,0.01085,0,0.526154,0.904481,0.0253126,0.00808494,-0.425685,0.230702,0.523474,0.3998,-0.694513,-0.50943,-0.523557,-0.542103,0.52053,2.95888,-0.08371,0.260518,-0.574255,0.579592,1.12354,-2.13966,5.54383e-05,-4.79626,1.30741,0.43007,-0.00592539,0.64119,0.083363,
724,0.190654,-0.378407,-0.0495955,-0.0184407,-0.09651,0.0195884,-0.0729444,0,0.527133,0.918879,0.0189861,0.0281154,-0.393079,0.0859831,0.523475,0.0960554,-0.61568,-0.486873,-0.523899,-0.49971,0.522385,2.8271,0.0233482,-0.217125,-0.608872,0.72138,1.68506,-3.63728,-7.69821e-06,-7.33216,1.84274,0.472261,-0.00782721,1.0514,0.0115068,
725,0.207278,-0.35993,0.128825,-0.0184561,0.285465,-0.056855,-0.17498,0,0.504941,0.934052,0.0143547,0.0514716,-0.353116,-0.100546,0.523475,-0.279065,-0.521881,-0.47696,-0.524336,-0.413822,0.52249,2.73577,0.091702,-0.661879,-0.54079,0.89435,1.67895,-3.82218,2.42362e-05,-7.66944,1.58166,-0.0707973,-0.00974948,2.37339,-0.000624734,
726,-0.126846,-0.20762,0.23763,-0.0184539,0.566981,-0.116382,-0.252482,0,0.473585,0.94526,0.0234396,0.0508251,-0.321483,-0.263189,0.523509,-0.573228,-0.518007,-0.511628,-0.524274,-0.25984,0.522512,2.30659,-0.0497987,-0.632037,1.00251,-0.964659,0.624263,-2.67613,4.29021e-05,-1.08656,-0.373919,-1.29466,0.0156865,3.78232,0.000501044,
727,-0.359767,0.122094,0.212467,-0.0184325,0.535221,-0.0996019,-0.231941,0,0.435724,0.941873,0.0178368,0.019068,-0.334952,-0.348856,0.523486,-0.489979,-0.557029,-0.532177,-0.523664,-0.100716,0.522813,2.33768,-0.0419622,-0.864509,-0.660559,-1.57723,-1.55743,-0.77042,-0.000263799,3.76698,-1.17836,0.202035,0.00790834,2.58735,0.00398272,
728,-0.505106,0.146526,0.103243,-0.0184284,0.278446,-0.0428076,-0.16017,0,0.390138,0.926807,0.0109288,-0.00853157,-0.375283,-0.347716,0.523486,-0.210017,-0.632075,-0.525691,-0.523549,-0.0394419,0.544888,2.6566,-0.851201,-0.197558,1.48188,0.905836,-1.82054,0.806263,0.000490659,7.26488,-1.71484,0.0615314,0.00326294,-0.119428,0.809125,
729,-0.562127,0.0437035,-0.103688,-0.018429,-0.227749,0.0388847,-0.0499238,0,0.437169,0.90923,0.0251883,-0.0213256,-0.414984,-0.290239,0.523512,0.19075,-0.706137,-0.524288,-0.523566,-0.134136,0.595239,3.17897,-0.540884,1.16157,0.383951,-1.00786,-1.26076,1.48181,-0.00043228,8.8196,-1.47587,0.00715593,-0.000823998,-3.64399,1.39268,
730,-0.308535,-0.218163,-0.305833,-0.0184442,-0.535946,0.113788,0.0587852,0,0.497444,0.901918,0.0286083,-0.0420219,-0.428906,-0.237834,0.523486,0.560337,-0.765692,-0.523957,-0.523998,-0.412913,0.667114,3.10578,-0.559471,1.02709,0.261406,-0.581131,0.350396,0.619238,-0.00061212,2.64285,-0.98306,0.00131674,-0.0121296,-7.51109,1.53978,
731,-0.0254756,-0.202653,-0.276784,-0.0184755,-0.46955,0.104035,0.045823,0,0.533836,0.904618,0.0257875,-0.0517991,-0.422278,-0.26276,0.52347,0.511944,-0.792973,-0.5134,-0.524886,-0.559938,0.702116,2.66818,-0.374154,0.438303,0.0373506,-0.222108,0.208902,-1.59953,4.10268e-05,-3.07475,-0.115254,0.42232,-0.0214652,0.770899,-0.124148,
732,0.14034,-0.309776,-0.147506,-0.0185122,-0.264271,0.0562948,-0.0223923,0,0.542302,0.910369,0.0253066,-0.0570026,-0.40907,-0.391459,0.523473,0.276309,-0.779532,-0.485011,-0.525929,-0.524196,0.658849,2.60469,-0.278499,-0.100253,0.150049,-0.114586,0.960162,-3.53296,2.04291e-05,-6.32394,0.647652,0.710991,-0.0202124,0.599718,-1.59462,
733,0.219243,-0.248954,0.0407326,-0.0185475,0.0811963,-0.0163477,-0.124389,0,0.523352,0.919739,0.0291103,-0.0605226,-0.386743,-0.545346,0.523473,-0.080161,-0.737443,-0.454354,-0.526935,-0.469455,0.524228,2.4276,-0.323276,-0.667286,0.235131,0.0668775,0.597513,-0.324968,8.18548e-06,-7.91368,1.03625,0.523678,-0.0211135,1.59215,-3.76966,
734,0.171489,-0.160959,0.221649,-0.0185506,0.459818,-0.0917963,-0.231879,0,0.482408,0.923396,0.0226548,-0.0503462,-0.379857,-0.527182,0.523463,-0.451354,-0.689204,-0.451148,-0.52702,-0.351562,0.505009,2.30868,-0.27134,-0.950005,-0.849311,1.08102,0.0779651,0.578129,-0.000233394,-6.94598,0.889011,-0.389261,0.0441415,3.11354,0.532983,
735,-0.251576,0.0503427,0.281306,-0.0184678,0.601912,-0.112867,-0.265543,0,0.424149,0.918017,0.0146295,-0.0213625,-0.395695,-0.457689,0.523478,-0.555765,-0.662417,-0.510995,-0.524667,-0.167826,0.520099,2.50211,-0.533725,-1.39198,-0.747681,0.80713,-1.24244,2.18381,0.000126208,1.43815,0.185242,-1.99811,0.0494174,4.22362,0.120101,
736,-0.447451,0.266005,0.211693,-0.0184245,0.455337,-0.0759174,-0.22371,0,0.403202,0.898553,0.0188827,0.00640021,-0.438411,-0.298884,0.523503,-0.372946,-0.671545,-0.537921,-0.523438,-0.0124337,0.529717,1.72273,-0.629361,0.64444,-0.580571,0.606627,-2.67289,4.15113,0.000414214,5.81064,-0.530315,0.366032,-0.00160939,2.02085,0.27319,
737,-0.559489,0.258307,0.00567629,-0.0184282,0.0106824,-0.00177536,-0.130985,0,0.432905,0.868175,0.0108397,0.0098085,-0.496042,-0.0581688,0.523506,-0.00870471,-0.709605,-0.52668,-0.523542,0.00746155,0.590135,2.18687,-0.795765,0.48423,0.0860105,-0.420505,-2.67305,5.47007,-0.00046947,8.74463,-0.993449,0.0950654,-0.00151186,-1.21855,2.13855,
738,-0.543409,0.0597291,-0.286765,-0.0184357,-0.431521,0.0847185,-0.0135962,0,0.479062,0.842145,0.00747952,-0.0144631,-0.539005,0.20861,0.523502,0.416379,-0.7484,-0.524377,-0.523755,-0.149643,0.732625,2.68589,-0.832613,1.11497,0.266869,-1.27944,-1.42206,5.20916,-0.000565667,8.29441,-0.637981,0.0153532,-0.00525225,-5.07269,3.61575,
739,-0.122145,-0.340882,-0.374629,-0.0184644,-0.503854,0.113,0.0291708,0,0.533166,0.842152,-0.0120332,-0.0284325,-0.538356,0.408803,0.523466,0.556425,-0.7606,-0.523861,-0.524573,-0.496618,0.917111,2.35507,-0.934682,0.96243,-0.825717,-0.556578,1.2085,2.82887,-0.000165036,-1.1793,0.110798,0.0050007,-0.0247653,-8.78573,3.78488,
740,0.0603666,-0.298227,-0.273603,-0.018525,-0.36537,0.0829818,-0.0122215,0,0.565584,0.851115,-0.0315601,-0.0186688,-0.523697,0.479249,0.523467,0.407803,-0.734863,-0.517648,-0.526293,-0.557721,1.03916,1.99186,-0.550783,0.362181,-0.775669,0.136931,0.941058,-0.00325493,0.000291731,-4.74889,0.916611,0.222055,-0.0372082,0.967855,1.11906,
741,0.182368,-0.384511,-0.0712825,-0.0185912,-0.101616,0.0223196,-0.0955545,0,0.570278,0.867098,-0.0432796,-0.00269839,-0.496246,0.428928,0.523476,0.109453,-0.674886,-0.50946,-0.528175,-0.499711,1.03895,1.90928,-0.398802,-0.173971,-0.609163,0.424082,1.64834,-1.9936,5.9034e-05,-7.16489,1.47886,0.107002,-0.0382265,1.34917,-1.10959,
742,0.201456,-0.379332,0.154974,-0.0186596,0.245388,-0.0526816,-0.195727,0,0.548336,0.886701,-0.0461399,0.018302,-0.459671,0.318508,0.523476,-0.258541,-0.598477,-0.521469,-0.530119,-0.400769,0.914138,1.83456,-0.292797,-0.702017,-0.341229,0.805736,1.71587,-2.41894,-1.81038e-05,-7.55106,1.57694,-0.581066,-0.039769,2.59671,-3.86089,
743,-0.108355,-0.150322,0.307011,-0.0187293,0.529545,-0.112729,-0.274771,0,0.500248,0.898743,-0.0380254,0.0425103,-0.43475,0.229257,0.523478,-0.555079,-0.531063,-0.526349,-0.532099,-0.237256,0.655981,1.94994,-0.39449,-1.22761,0.0454917,0.978666,0.228261,-1.14516,0.000107314,-1.4517,1.12194,0.0615024,-0.0371531,3.93741,-6.44232,
744,-0.332005,0.0222791,0.282285,-0.0187556,0.526458,-0.100786,-0.260552,0,0.450132,0.89515,-0.0190023,0.0138445,-0.445144,0.230306,0.523494,-0.495843,-0.520201,-0.524711,-0.532849,-0.0637773,0.470632,1.39662,-0.698925,-0.998311,1.37181,-1.66091,-0.865399,1.16042,-0.000299987,3.15242,-0.387551,0.0124152,-0.00351087,3.00202,0.875268,
745,-0.479708,0.0499234,0.150378,-0.0186699,0.320323,-0.0504531,-0.193993,0,0.396189,0.884909,-0.00240781,-0.0138271,-0.465553,0.338089,0.523454,-0.247585,-0.557135,-0.524372,-0.530411,0.0228367,0.525442,1.66843,-1.2313,-0.737888,0.730224,2.45865,-1.09339,3.1376,-0.000299951,6.61172,-1.02822,0.00539506,0.187014,0.490132,1.14213,
746,-0.5428,0.112945,-0.0818856,-0.0183868,-0.16815,0.0258867,-0.0891158,0,0.397305,0.870702,0.0072206,-0.0029641,-0.49175,0.518693,0.52377,0.126952,-0.607873,-0.524266,-0.522366,-0.0362614,0.583242,2.82112,-0.924908,1.13189,1.06801,-1.02129,-1.56891,4.0935,0.00364342,8.27574,-0.836364,-0.000152342,0.0154451,-2.76514,1.01115,
747,-0.479056,-0.102175,-0.320907,-0.018418,-0.520348,0.101087,0.0188887,0,0.458072,0.859887,0.00981271,-0.0401497,-0.508808,0.540361,0.523307,0.497334,-0.63977,-0.524077,-0.523254,-0.269995,0.648136,2.9036,-0.809644,1.05609,0.621,-1.3994,-0.23515,-0.724159,0.00276742,6.59624,-0.50852,0.00185965,-0.0217912,-6.55773,1.65867,
748,-0.0813625,-0.226536,-0.330564,-0.0184783,-0.51327,0.108369,0.0348136,0,0.499692,0.869739,0.0114047,-0.0595214,-0.489777,0.445099,0.523433,0.533437,-0.644424,-0.522007,-0.524966,-0.576789,0.709739,2.31699,-0.662454,0.529029,0.291078,-0.247665,0.575192,-3.02971,0.00120351,-1.98215,0.281759,0.114869,-0.0425696,-0.505287,0.821012,
749,0.103413,-0.321944,-0.209476,-0.0185541,-0.342141,0.0699221,-0.0181024,0,0.511726,0.879484,0.0156137,-0.066491,-0.471002,0.236915,0.523467,0.343393,-0.610954,-0.510472,-0.527122,-0.540512,0.70821,2.19652,-0.519058,-0.0379217,0.378395,-0.0627853,1.28078,-5.28343,0.000281144,-5.59344,1.05217,0.339953,-0.0419402,0.678407,-0.868941,
750,0.21346,-0.358571,-0.00471123,-0.0185649,-0.00873194,0.00166983,-0.110966,0,0.498131,0.896921,0.0259816,-0.0570553,-0.437723,-0.0593141,0.523459,0.00818731,-0.54708,-0.49756,-0.527428,-0.488599,0.606692,2.08531,-0.337055,-0.495073,0.214727,1.23086,1.63396,-6.55529,3.0219e-05,-7.79535,1.50134,0.178638,0.0268845,1.39095,-3.17392,
751,0.197678,-0.312625,0.195025,-0.0185197,0.403382,-0.0760226,-0.214936,0,0.46393,0.913886,0.0427823,-0.0326585,-0.402387,-0.379882,0.523466,-0.373464,-0.511998,-0.508695,-0.526143,-0.382062,0.495558,2.02961,-0.313486,-0.835655,0.0770274,1.15927,1.35223,-6.26739,0.000145077,-7.47432,-0.238629,-0.618644,0.0240901,2.8604,0.374651,
752,-0.211239,0.239324,0.295636,-0.018492,0.611403,-0.11412,-0.27135,0,0.419838,0.910766,0.0191972,-0.00154855,-0.412474,-0.551259,0.523477,-0.561984,-0.536299,-0.532145,-0.525356,-0.209229,0.516387,2.00102,-0.495635,-1.00747,-2.33036,0.489494,-2.30298,0.289707,0.000204663,0.607582,-0.738385,0.152577,0.0110252,4.07842,0.232014,
753,-0.417864,0.235154,0.249693,-0.0184489,0.522153,-0.0855066,-0.243054,0,0.385437,0.887027,0.00196835,-0.00360705,-0.461699,-0.483663,0.523483,-0.420271,-0.59217,-0.526004,-0.524132,-0.0489891,0.570328,0.905594,-0.581804,0.34645,1.32993,-1.35172,-2.35246,2.41125,0.000711363,5.10139,-1.34172,0.0608947,0.0259209,2.24682,1.74111,
754,-0.54817,0.179138,0.0565996,-0.0184125,0.100587,-0.0172073,-0.15729,0,0.444157,0.859027,0.0060191,-0.0333506,-0.510807,-0.32049,0.523499,-0.084377,-0.663591,-0.524503,-0.523097,-0.0139594,0.689903,1.36679,-1.15282,1.29064,0.535849,-1.50965,-2.07815,4.09052,1.89168e-06,8.42656,-1.64159,0.0083987,-0.0120122,-0.798448,3.12888,
755,-0.55558,0.0524186,-0.24104,-0.0184304,-0.336503,0.0697299,-0.0379376,0,0.519601,0.83517,0.00516358,-0.0644829,-0.546174,-0.111472,0.523489,0.342446,-0.741421,-0.524218,-0.523605,-0.14989,0.870348,1.68063,-1.16186,1.8347,0.45784,-0.882494,-1.36556,4.27214,-0.000113988,8.63424,-1.43018,0.00111571,-0.0113934,-4.60285,4.03207,
756,-0.148922,-0.239009,-0.393674,-0.0184514,-0.466023,0.115568,0.0284198,0,0.598826,0.826646,-0.00120957,-0.0857187,-0.556153,0.0522096,0.523473,0.569179,-0.79805,-0.523943,-0.524203,-0.476809,1.07624,1.4222,-1.19164,1.32682,-0.0879955,-0.899599,0.445775,2.29116,-0.000179526,-0.647808,-0.84409,0.00335694,-0.0126261,-8.44548,4.20271,
757,0.0206905,-0.223533,-0.317837,-0.0184865,-0.354857,0.0921477,-0.00600497,0,0.648856,0.827769,-0.0122066,-0.0954797,-0.552751,0.0929296,0.523469,0.453092,-0.818361,-0.518252,-0.525201,-0.577052,1.23179,1.17468,-0.809564,0.688578,0.00883273,-0.307665,0.313196,-0.650619,0.000253916,-3.97445,0.0256391,0.212975,-0.023139,1.44819,1.01288,
758,0.141953,-0.332047,-0.136497,-0.0185266,-0.153015,0.039616,-0.0806141,0,0.669473,0.836944,-0.0147972,-0.101319,-0.537625,0.00297293,0.523475,0.194342,-0.800239,-0.509415,-0.52634,-0.502866,1.21463,1.16907,-0.664109,0.138152,0.154007,-0.14767,1.08981,-2.92827,2.14198e-05,-6.35602,0.695011,0.141365,-0.0226624,1.51861,-1.21172,
759,0.182011,-0.358436,0.0962354,-0.0185667,0.11469,-0.0292952,-0.174904,0,0.66263,0.85299,-0.0133038,-0.104973,-0.51109,-0.164918,0.523475,-0.143677,-0.758962,-0.517181,-0.527478,-0.403021,1.09453,1.1479,-0.551088,-0.413204,0.343866,0.0733287,1.3384,-3.77965,-3.77562e-05,-7.15769,0.954297,-0.446523,-0.022987,2.46618,-3.57323,
760,0.12253,-0.257432,0.293502,-0.0186073,0.378811,-0.095901,-0.264013,0,0.628547,0.86643,-0.00277857,-0.106973,-0.487696,-0.331574,0.523474,-0.471658,-0.717662,-0.528205,-0.528632,-0.24953,0.854335,1.15481,-0.515303,-0.950943,0.682377,0.311752,0.682815,-2.8926,-1.02353e-05,-5.97081,0.699434,0.0986982,-0.0232052,3.66253,-6.01502,
761,-0.242047,-0.0810738,0.337319,-0.0186289,0.468661,-0.110907,-0.285263,0,0.570658,0.865403,0.018886,-0.10737,-0.489073,-0.418247,0.523469,-0.546031,-0.701094,-0.525048,-0.529246,-0.0481445,0.513689,1.18587,-0.872437,-1.20757,-0.0345879,1.29971,-0.456202,-0.604732,-0.00095989,1.24049,-0.0256838,0.0280735,0.039026,4.38061,-6.24006,
762,-0.394998,-0.00560709,0.260317,-0.0184932,0.394924,-0.081435,-0.248262,0,0.509078,0.859662,0.0133886,-0.0652987,-0.506496,-0.386012,0.523469,-0.400167,-0.722124,-0.524498,-0.525391,0.122289,0.495037,1.25742,-1.05165,-1.4157,-1.33589,1.21438,-0.968149,1.86827,0.000323014,4.56773,-0.817135,0.00265516,0.0864229,2.45046,0.870917,
763,-0.495507,0.210422,0.0758686,-0.0184062,0.131747,-0.0219427,-0.170892,0,0.431398,0.84236,0.0229718,-0.0336943,-0.53737,-0.247233,0.523503,-0.107604,-0.77611,-0.524379,-0.522917,0.170763,0.536069,1.54698,-1.55583,-1.42641,1.92422,1.99099,-2.4421,3.68128,0.000288042,7.01528,-1.30193,0.00308648,-0.00907693,-0.479919,0.754126,
764,-0.509952,-0.0711662,-0.185202,-0.0184289,-0.290017,0.0511932,-0.0710928,0,0.44701,0.820773,0.0481528,-0.0464519,-0.567323,-0.056418,0.523932,0.251223,-0.821352,-0.524238,-0.523564,0.0647878,0.592312,2.46836,-0.916577,1.66511,0.902414,-1.35876,-0.686983,3.96045,-0.0164127,7.38904,-0.491683,-7.05387e-05,-0.0199387,-3.76157,1.45339,
765,-0.281799,-0.290893,-0.38669,-0.0184251,-0.504373,0.11092,0.0182721,0,0.522614,0.817629,0.0442632,-0.0817894,-0.568185,0.102236,0.523227,0.546097,-0.835583,-0.524037,-0.523456,-0.211123,0.649367,2.44415,-0.858539,1.35145,0.207586,-0.683314,0.749785,2.3957,0.00527596,2.0739,-0.0888365,0.00127362,0.0394954,-7.25444,0.839116,
766,-0.0433806,-0.325197,-0.345023,-0.0184242,-0.434906,0.102721,0.0128519,0,0.576322,0.834185,0.035782,-0.098263,-0.541478,0.148376,0.523425,0.505433,-0.819681,-0.521585,-0.523429,-0.571569,0.636602,2.15931,-0.634611,0.752966,0.0872358,-0.395733,1.01378,-0.5054,0.0016065,-2.72514,0.715149,0.121968,-0.0147653,-2.09681,-1.32944,
767,0.110605,-0.364642,-0.197758,-0.018455,-0.254796,0.0597801,-0.0458765,0,0.598413,0.847275,0.03392,-0.10551,-0.519463,0.0610654,0.523467,0.293456,-0.766153,-0.513292,-0.524305,-0.545134,0.512074,2.01381,-0.417559,0.161954,0.17841,-0.122778,1.37396,-2.97411,0.000318685,-5.7352,1.42333,0.199429,-0.0178344,0.884679,-2.90877,
768,0.189173,-0.396866,0.021034,-0.0184887,0.0292673,-0.00669723,-0.135969,0,0.595919,0.866123,0.0219762,-0.108903,-0.487327,-0.120009,0.523473,-0.0328374,-0.685398,-0.512192,-0.525262,-0.482092,0.507603,1.91332,-0.303333,-0.304645,-0.319087,-0.210225,1.72677,-4.2612,6.12275e-05,-7.30221,1.80093,-0.150914,-0.0197959,1.63078,0.462807,
769,0.160789,-0.318416,0.225338,-0.01848,0.342962,-0.0780842,-0.230792,0,0.570203,0.885251,0.0109401,-0.0976703,-0.454612,-0.323929,0.523464,-0.383633,-0.598668,-0.529355,-0.525016,-0.367827,0.520053,1.86089,-0.210975,-0.702404,-0.623874,0.864913,1.27278,-3.89642,5.78001e-05,-6.73159,1.66936,0.027292,0.0329867,2.93217,0.0948735,
770,-0.204846,-0.083907,0.313054,-0.0184237,0.510478,-0.112989,-0.277089,0,0.524672,0.893508,0.00555174,-0.0739374,-0.442884,-0.472195,0.523479,-0.556367,-0.531336,-0.525612,-0.523415,-0.194867,0.52229,2.02556,-0.436425,-1.12073,-0.561345,0.660348,-0.201994,-2.04617,0.000161537,0.477351,1.02672,0.0486877,0.0142033,3.9791,0.0149479,
771,-0.376055,0.000387169,0.256952,-0.018425,0.467776,-0.0895788,-0.246925,0,0.461282,0.890044,-0.000490068,-0.0412472,-0.454004,-0.514955,0.523475,-0.440391,-0.521338,-0.524551,-0.523451,-0.0373677,0.523081,2.1415,-0.631973,-1.46386,-0.969462,1.16851,-0.727258,0.316487,0.000152864,4.13412,-0.375604,0.00625439,-0.0040717,2.33379,0.0070223,
772,-0.502346,0.165198,0.0963629,-0.0184282,0.213136,-0.0315092,-0.169197,0,0.37932,0.879552,-0.00242715,-0.00266366,-0.475789,-0.452767,0.523481,-0.154543,-0.555652,-0.524375,-0.523543,0.00868685,0.523573,2.42552,-0.986596,-1.5848,1.04996,2.03612,-1.83641,2.1692,0.000829829,7.19285,-0.947932,0.00152086,-0.00057845,-0.456167,0.003662,
773,-0.532341,-0.0347394,-0.145514,-0.0184245,-0.290988,0.04516,-0.0634439,0,0.392857,0.864054,0.012797,-0.0100446,-0.503137,-0.331075,0.523499,0.221573,-0.597857,-0.524212,-0.523438,-0.0972205,0.542723,2.86289,-0.863437,0.852834,-0.375431,-0.325984,-0.609398,2.70197,-0.000531119,7.99096,-0.854268,-0.00161106,0.00112192,-3.7655,0.865143,
774,-0.295839,-0.254234,-0.345277,-0.0184285,-0.57402,0.109991,0.0330853,0,0.440216,0.862427,0.00854418,-0.0166982,-0.505833,-0.226515,0.523486,0.541484,-0.626592,-0.524008,-0.523552,-0.375299,0.574139,2.96414,-0.929998,0.73397,-0.115026,-0.315439,0.787592,1.48515,-0.00049499,2.37061,-0.378633,0.0013276,-0.00298563,-7.3863,0.470802,
775,-0.0314089,-0.240442,-0.310259,-0.0184404,-0.519697,0.101973,0.0260453,0,0.462831,0.873528,0.00221048,-0.018273,-0.486426,-0.216597,0.523471,0.501723,-0.625063,-0.518266,-0.52389,-0.572354,0.55032,2.54359,-0.663335,0.167886,-0.178306,0.0256839,0.695965,-1.06051,-2.94312e-05,-2.95906,0.432049,0.23794,-0.0114796,0.835453,-1.40563,
776,0.15289,-0.352738,-0.158284,-0.0184615,-0.295037,0.0535231,-0.0403632,0,0.458952,0.886621,-0.00467491,-0.0141069,-0.462258,-0.325028,0.523473,0.262678,-0.585222,-0.502581,-0.524489,-0.527727,0.507656,2.43794,-0.560717,-0.31147,-0.514274,0.00127157,1.53832,-3.25911,4.04753e-05,-6.57384,1.15789,0.387293,-0.0127675,0.761816,0.307779,
777,0.242189,-0.387674,0.0621775,-0.0184855,0.136885,-0.0227782,-0.143327,0,0.430821,0.905514,-0.0160087,-0.0061508,-0.42397,-0.512947,0.523474,-0.111702,-0.51871,-0.491193,-0.525171,-0.463007,0.519528,2.32761,-0.439968,-0.808401,-0.488135,0.17666,1.88918,-4.24966,-1.03836e-06,-8.38595,1.21945,0.0716215,-0.014639,1.81857,0.114652,
778,0.165845,-0.32633,0.244408,-0.018525,0.587062,-0.0999927,-0.244965,0,0.38823,0.922546,2.75395e-05,0.0101621,-0.385754,-0.540264,0.523453,-0.491915,-0.517715,-0.513471,-0.526294,-0.329772,0.522064,1.64492,-0.585176,-0.656844,1.60354,-0.100283,1.44168,0.542403,-0.00266557,-6.83272,-0.276824,-0.95395,-0.00964377,3.49873,0.0162388,
779,-0.290344,0.023798,0.270212,-0.0184741,0.636893,-0.107535,-0.258657,0,0.373481,0.917281,-0.00333719,0.000627634,-0.398227,-0.467174,0.523424,-0.529295,-0.547303,-0.529891,-0.524846,-0.134047,0.522494,0.932823,-0.54101,0.137364,0.707044,-0.224103,-0.912774,2.30237,-0.000138619,2.25389,-0.89513,0.140268,0.0826905,4.38848,0.00435193,
780,-0.482429,0.285456,0.175708,-0.018407,0.391524,-0.0622756,-0.205033,0,0.392729,0.89705,0.0113649,-0.00534586,-0.441751,-0.304382,0.52347,-0.305737,-0.606047,-0.525344,-0.52294,0.0243856,0.524902,1.06175,-0.615654,0.370821,0.67421,-0.179275,-2.71616,4.18468,0.000688007,6.68059,-1.49505,0.0390012,-0.0152999,2.0037,0.109495,
781,-0.567767,0.07796,-0.0560602,-0.0184227,-0.107841,0.0176716,-0.101492,0,0.425245,0.869567,0.0218606,-0.0262298,-0.492633,-0.0690539,0.523501,0.0866543,-0.685863,-0.524339,-0.523386,0.0388086,0.578091,1.77492,-0.908601,1.08047,0.135357,-0.631585,-1.45201,5.20902,-0.000508495,8.98108,-1.6937,0.00575729,-0.00334999,-1.37984,1.99256,
782,-0.519723,-0.0934873,-0.326694,-0.0184334,-0.497645,0.101889,0.0185953,0,0.487642,0.855469,0.0287546,-0.0504958,-0.514583,0.174121,0.523496,0.501308,-0.759562,-0.524095,-0.523691,-0.129026,0.684481,2.1582,-0.906053,1.31237,0.786876,-0.920395,-0.457665,4.52214,-0.000419342,7.65106,-1.2861,0.00108473,-0.00669583,-5.32152,2.28149,
783,-0.0747537,-0.439529,-0.337743,-0.0184484,-0.485668,0.109884,0.0359127,0,0.541877,0.865588,0.0257442,-0.0756743,-0.494336,0.33374,0.523473,0.540954,-0.803146,-0.522725,-0.524117,-0.484353,0.778158,1.9387,-0.985758,0.897556,0.281602,-0.744891,1.89313,1.89609,-0.000137044,-2.11198,-0.456377,0.0644113,-0.0105554,-8.8502,1.4656,
784,0.0988129,-0.35258,-0.213103,-0.0184872,-0.314648,0.071311,-0.0157717,0,0.571313,0.878497,0.017628,-0.0836056,-0.470045,0.36577,0.523468,0.350237,-0.805537,-0.512066,-0.525219,-0.554156,0.768478,1.51877,-0.600331,0.281106,0.00847541,-0.143616,1.23088,-0.615207,0.000259206,-5.50289,0.356176,0.33703,-0.024942,0.845258,-1.81653,
785,0.199696,-0.40455,-0.0140115,-0.0185315,-0.0226712,0.00496847,-0.106058,0,0.570779,0.894963,0.0173191,-0.0854097,-0.437546,0.296713,0.523475,0.0243609,-0.775067,-0.498715,-0.526478,-0.495219,0.615102,1.4198,-0.472499,-0.305031,0.238464,0.175581,1.66052,-2.13451,4.93723e-05,-7.51533,0.859335,0.198803,-0.0255382,1.50611,-4.29859,
786,0.189716,-0.368921,0.181141,-0.018577,0.32558,-0.0705154,-0.207027,0,0.544553,0.911495,0.0160222,-0.0840305,-0.402316,0.190178,0.523474,-0.346316,-0.731805,-0.508093,-0.527772,-0.38555,0.490579,1.3014,-0.442732,-0.712518,-0.311143,-0.061986,1.45326,-2.12576,6.72273e-06,-7.3132,0.873523,-0.568907,-0.026201,2.87087,0.558611,
787,-0.19758,-0.118812,0.281641,-0.0185468,0.540137,-0.115908,-0.267398,0,0.501851,0.920417,0.00918694,-0.0630564,-0.385709,0.120196,0.523472,-0.570871,-0.702045,-0.530922,-0.526913,-0.209996,0.515615,1.45652,-0.557475,-1.01177,-0.630753,1.05104,-0.214245,-0.673115,-0.000100605,0.329859,0.319992,0.12006,0.0467601,4.14424,0.258275,
788,-0.378017,0.0227257,0.234363,-0.0184478,0.499101,-0.0927085,-0.237755,0,0.441869,0.916561,0.00708112,-0.0328771,-0.398478,0.138922,0.523478,-0.455865,-0.70759,-0.525765,-0.524101,-0.0431841,0.522108,1.63296,-0.914552,-1.22371,0.278302,1.50055,-1.12877,1.41459,0.000865662,4.17867,-0.52258,0.0526302,0.0755873,2.5487,0.0461053,
789,-0.507237,0.198695,0.0960311,-0.0184129,0.213689,-0.0340515,-0.163508,0,0.408855,0.897773,0.0337473,-0.0198293,-0.438717,0.251299,0.52354,-0.167021,-0.746475,-0.524463,-0.523107,0.0141849,0.527051,2.18413,-0.497249,0.452938,0.707338,-0.730863,-2.3228,3.05621,0.00122774,7.32035,-0.979702,0.00852432,-0.0120129,-0.193463,0.122691,
790,-0.545116,0.00265635,-0.137357,-0.0184253,-0.253889,0.0452396,-0.0556984,0,0.454319,0.879096,0.0383904,-0.0360694,-0.473725,0.416961,0.523513,0.221964,-0.796311,-0.524218,-0.523461,-0.0833403,0.566337,2.76736,-0.664996,0.880016,0.5651,-0.811465,-1.12402,3.57126,-0.000701085,8.3416,-1.05683,-5.26061e-05,-0.00622194,-3.72372,1.47089,
791,-0.292322,-0.325635,-0.340783,-0.0184519,-0.526566,0.114383,0.0465849,0,0.511232,0.874821,0.042882,-0.0552425,-0.479371,0.539593,0.523489,0.563292,-0.831053,-0.523989,-0.524218,-0.361381,0.63141,2.80435,-0.550359,1.05003,0.280355,-0.546179,1.0011,0.178817,-0.000582529,2.29556,-0.456842,0.00141186,-0.0185925,-7.42448,1.22683,
792,-0.024231,-0.284785,-0.295928,-0.0184924,-0.457619,0.103642,0.0367288,0,0.548152,0.887102,0.0414216,-0.0656378,-0.455002,0.485541,0.523471,0.509993,-0.832581,-0.515828,-0.525367,-0.584277,0.631349,2.31695,-0.311481,0.411172,0.139886,0.000176424,0.711463,-2.29534,-8.93303e-05,-3.09903,0.386855,0.339354,-0.029699,0.950268,-1.20606,
793,0.137207,-0.373433,-0.154865,-0.0185443,-0.257833,0.0560978,-0.0284726,0,0.554554,0.898573,0.0455722,-0.0667494,-0.431316,0.319412,0.523474,0.27534,-0.794786,-0.493078,-0.526841,-0.528343,0.520223,2.20994,-0.205532,-0.140931,0.216128,0.169393,1.3991,-4.33373,-1.87104e-05,-6.26169,1.1209,0.567655,-0.0290164,1.01711,-2.60925,
794,0.214809,-0.393673,0.0402551,-0.0185965,0.076132,-0.0157293,-0.126168,0,0.537192,0.914427,0.0414024,-0.0656874,-0.397234,0.0797579,0.523472,-0.0771282,-0.72944,-0.470761,-0.528325,-0.453954,0.511151,2.08707,-0.110248,-0.591432,-0.184506,0.106077,1.64139,-5.24715,1.13418e-05,-7.823,1.48796,0.328438,-0.029963,1.9508,0.34247,
795,0.16885,-0.323026,0.209179,-0.0186359,0.443377,-0.0904615,-0.225851,0,0.495962,0.929141,0.0368691,-0.058964,-0.363128,-0.168794,0.523467,-0.444754,-0.65946,-0.47734,-0.529446,-0.31961,0.520586,2.0139,-0.085785,-0.972645,-0.507686,1.16272,1.22105,-4.69772,-0.000818601,-6.89305,1.30998,-0.588645,0.0263301,3.4194,0.0733652,
796,-0.244354,-0.0712381,0.251232,-0.0185616,0.585192,-0.112295,-0.254423,0,0.438233,0.934573,0.0337664,-0.0262314,-0.353192,-0.358779,0.523472,-0.552924,-0.611948,-0.53476,-0.527334,-0.121266,0.522345,2.25953,-0.292316,-1.37275,-0.563627,1.06787,-0.395398,-2.91871,0.000236309,1.28825,0.592908,-0.421688,0.0446196,4.50521,0.0119369,
797,-0.432737,0.241066,0.19242,-0.0184958,0.489637,-0.0779336,-0.213878,0,0.379814,0.922026,0.00421655,0.000780929,-0.387105,-0.453723,0.523495,-0.38289,-0.601988,-0.529053,-0.525464,0.0506191,0.523056,1.83125,-0.595467,-0.0430685,-0.572431,0.350696,-2.4061,-0.898823,0.00161838,5.4551,-0.138593,0.15833,0.0217504,2.37745,0.00504899,
798,-0.553267,0.277469,0.0184126,-0.0184457,0.0412515,-0.00637521,-0.125469,0,0.402352,0.893831,0.0106821,-0.0116214,-0.448127,-0.462652,0.523524,-0.0312585,-0.620231,-0.524958,-0.524041,0.0903084,0.56491,2.36481,-0.681863,0.688858,1.34946,-1.36022,-2.68053,0.518358,0.000331598,8.56894,-0.565204,0.0299863,0.0447165,-0.711747,1.62155,
799,-0.546662,0.0635424,-0.24524,-0.0184193,-0.433181,0.0798277,-0.00701826,0,0.449299,0.873909,0.00331087,-0.0236432,-0.485502,-0.43533,0.523479,0.392235,-0.645147,-0.524158,-0.523291,-0.0427354,0.690619,2.55943,-0.680906,0.848521,-0.389657,-0.188768,-1.30294,0.588472,-0.000114233,8.38473,-0.486285,0.00384511,-0.00725768,-4.61614,3.46048,
800,-0.125922,-0.280661,-0.351269,-0.0184474,-0.536661,0.116254,0.0473196,0,0.507473,0.872707,-0.0196958,-0.0205745,-0.487413,-0.452758,0.523482,0.57259,-0.646895,-0.523819,-0.524088,-0.363177,0.86358,2.66301,-0.778972,1.11598,-1.21861,-0.364366,0.941004,-1.25901,-0.000150932,-1.10468,0.318941,0.00457219,-0.0195529,-8.2454,3.54816,
801,0.0679217,-0.155889,-0.255518,-0.0184906,-0.386715,0.0857667,0.00554016,0,0.549024,0.880395,-0.0501265,-0.00772281,-0.471522,-0.539949,0.523471,0.421555,-0.610144,-0.514861,-0.525316,-0.574236,0.984981,2.2098,-0.649137,0.556241,-1.42148,0.10498,0.154697,-0.20352,-5.19219e-05,-4.89674,1.147,0.359864,-0.0310902,0.878213,1.33351,
802,0.196328,-0.198061,-0.0686594,-0.0185473,-0.105416,0.0229336,-0.0866144,0,0.564702,0.881704,-0.0779606,0.0133405,-0.465127,-0.529668,0.523473,0.112465,-0.538199,-0.496526,-0.526928,-0.51485,1.02142,2.07132,-0.576344,0.0705504,-1.2884,0.310707,0.532578,0.184455,2.64669e-05,-7.447,1.72681,0.372384,-0.0332872,1.40985,0.132479,
803,0.216091,-0.200739,0.159406,-0.0186088,0.251897,-0.0550126,-0.1974,0,0.557214,0.885844,-0.0930961,0.0379552,-0.45296,-0.524733,0.523474,-0.270003,-0.514656,-0.493878,-0.528676,-0.410292,0.991293,2.02698,-0.442022,-0.378625,-0.753783,0.72633,0.583105,0.0374817,2.689e-05,-7.84921,-0.229818,-0.26064,-0.0359895,2.76092,-1.32486,
804,-0.12248,-0.16199,0.314865,-0.0186896,0.51369,-0.116295,-0.279291,0,0.53602,0.895728,-0.0668129,0.0764618,-0.432852,-0.494916,0.523473,-0.572794,-0.533821,-0.534091,-0.530971,-0.236602,0.888927,1.98279,-0.562707,-0.619707,0.65941,1.97154,0.300744,1.18434,0.000458173,-1.17272,-0.563059,-0.285622,-0.0458318,4.1929,-2.74796,
805,-0.343535,0.0732184,0.287676,-0.0187237,0.471026,-0.101216,-0.262867,0,0.517344,0.889719,-0.0325416,0.0534048,-0.452205,-0.383498,0.523477,-0.497973,-0.582965,-0.528358,-0.531942,-0.0530581,0.72577,1.42071,-0.445406,-0.437566,2.23006,-0.99293,-1.27853,3.30228,0.000110971,3.40612,-1.39174,0.133922,-0.00800112,3.14514,-3.7763,
806,-0.481041,0.0940099,0.155536,-0.0187338,0.264509,-0.0501407,-0.198357,0,0.482456,0.8746,0.00694158,0.002878,-0.484787,-0.170004,0.523482,-0.24605,-0.669232,-0.524965,-0.532229,0.038214,0.555,1.63028,-0.600482,-0.946934,2.51992,-1.01829,-1.53207,5.22077,4.20947e-05,6.6453,-2.05141,0.0244489,-0.00377342,0.528288,-3.06146,
807,-0.536754,-0.0709928,-0.0845821,-0.0187062,-0.155121,0.0257041,-0.0945161,0,0.428253,0.857003,0.0448328,-0.0420833,-0.511629,0.11261,0.52346,0.126057,-0.777901,-0.524301,-0.531444,-0.0234183,0.506537,1.93882,-0.867453,-0.54612,0.689096,0.850747,-0.627687,6.06635,0.00262864,8.11162,-2.2149,0.00669617,0.153653,-2.89636,0.46059,
808,-0.46659,-0.331802,-0.309869,-0.0183559,-0.488046,0.0974894,0.0136121,0,0.477533,0.858693,0.0532873,-0.0383876,-0.508265,0.39225,0.523516,0.47952,-0.862841,-0.52408,-0.521489,-0.247661,0.520305,2.84852,-0.992237,1.06488,-0.0526679,-0.129907,1.00103,5.12373,-0.00110123,6.28195,-1.49466,0.000808752,0.00438243,-6.27893,0.119056,
809,-0.0939143,-0.476427,-0.322717,-0.0184184,-0.509174,0.111202,0.0455226,0,0.517926,0.883079,0.0518695,-0.0354862,-0.464996,0.553031,0.523475,0.547496,-0.917014,-0.522964,-0.523264,-0.589766,0.522431,2.42053,-0.683032,0.517551,-0.19893,0.618223,2.03286,-0.0100685,-0.000535941,-1.73597,-0.695991,0.0704718,-0.0475022,-1.80157,0.00904408,
810,0.0903914,-0.508971,-0.201577,-0.0185058,-0.354537,0.0753371,0.00326841,0,0.530508,0.905854,0.05143,-0.017801,-0.42008,0.491692,0.523471,0.370084,-0.930701,-0.511273,-0.525749,-0.549478,0.522286,2.17483,-0.532671,0.00197499,-0.417556,0.781653,2.28815,-2.3855,0.000113687,-5.33734,0.143883,0.384107,-0.0489374,1.00412,-0.00374821,
811,0.206297,-0.547295,-0.0213991,-0.0185904,-0.0459949,0.00916323,-0.0804588,0,0.518605,0.930782,0.0483029,0.00300554,-0.362357,0.338432,0.523474,0.0449292,-0.909735,-0.492209,-0.528153,-0.484216,0.522121,2.02204,-0.462612,-0.473498,-0.518877,0.908837,2.6566,-3.73417,2.76254e-06,-7.64947,0.691566,0.378773,-0.0473056,1.60168,-0.00170423,
812,0.204345,-0.52374,0.132118,-0.0186718,0.353719,-0.0685342,-0.178625,0,0.483666,0.952393,0.0446926,0.0269763,-0.300369,0.152392,0.523474,-0.336555,-0.873986,-0.48814,-0.530465,-0.368523,0.521999,1.92021,-0.462958,-0.921073,-0.543308,0.99626,2.49552,-3.70702,1.03538e-05,-7.60975,0.738419,-0.21133,-0.0451802,3.01425,-0.0014548,
813,-0.194743,-0.217467,0.198382,-0.0187719,0.58823,-0.115619,-0.238457,0,0.448224,0.961498,0.0191519,0.0549953,-0.26857,-0.00116702,0.523435,-0.569436,-0.848528,-0.529087,-0.533312,-0.190772,0.521961,0.97665,-0.207928,0.434584,-0.697633,0.0381112,0.230568,-2.22759,-0.00710654,0.272619,0.338071,-1.1168,-0.0693574,3.85252,-0.00461665,
814,-0.391855,-0.120175,0.158331,-0.0188792,0.466716,-0.0913647,-0.204127,0,0.471791,0.961566,0.019355,0.043698,-0.270383,-0.0694981,0.523426,-0.44922,-0.85259,-0.530241,-0.536359,-0.0408488,0.522637,1.10403,-0.186045,0.257015,0.60869,-0.531628,-0.414718,-0.591864,0.00180557,4.49556,-0.496072,0.185735,-0.0549562,2.22033,0.0108938,
815,-0.519899,-0.118039,0.0536796,-0.0189687,0.161457,-0.0295251,-0.116974,0,0.472319,0.958434,0.0335703,0.0246664,-0.282257,-0.0697014,0.523473,-0.144806,-0.893298,-0.525173,-0.538903,-0.00352483,0.523052,1.34898,-0.163864,-0.227988,0.965348,-0.608629,-0.485138,0.573254,0.000346922,7.65592,-1.12479,0.0391385,-0.0472322,-0.703571,0.00219876,
816,-0.540643,-0.184722,-0.0968129,-0.0190461,-0.279836,0.0520178,0.00235108,0,0.471729,0.955488,0.0569322,-0.00730596,-0.289392,-0.0326552,0.523592,0.255277,-0.947867,-0.524154,-0.541103,-0.129653,0.522904,2.07791,0.169074,1.12221,2.18506,-1.49059,-0.125323,0.904315,0.00212775,8.21748,-0.800395,0.00604559,-0.0464888,-4.2034,-0.00813048,
817,-0.243202,-0.451115,-0.204511,-0.0191317,-0.51852,0.116347,0.102323,0,0.530114,0.955104,0.0921448,-0.0588745,-0.275355,-0.00722206,0.523481,0.573052,-0.973193,-0.523758,-0.543537,-0.431526,0.522891,2.07775,0.113577,0.995996,1.41995,-1.68675,1.74894,0.114506,-0.000824992,1.26431,-0.284319,0.00350473,-0.0476198,-7.86614,0.00153363,
818,-0.00899989,-0.287296,-0.163169,-0.0190835,-0.434876,0.101543,0.0865377,0,0.56971,0.959394,0.105804,-0.0743392,-0.250683,-0.0378278,0.523447,0.499593,-0.966562,-0.505781,-0.542166,-0.570513,0.522405,1.4999,0.208643,0.544097,0.407594,0.332137,0.542648,-1.33311,0.000373267,-3.39573,0.550387,0.72065,0.0591173,1.11367,-0.00576256,
819,0.143133,-0.346398,-0.0769546,-0.018982,-0.227533,0.0518779,0.017496,0,0.584053,0.963765,0.114573,-0.0703648,-0.230387,-0.132755,0.523466,0.254589,-0.921037,-0.455347,-0.539282,-0.517351,0.522621,1.39433,0.242863,0.029896,0.27486,0.364401,1.02536,-2.45544,0.000182644,-6.37942,1.26589,1.29213,0.0562266,1.00008,0.00413309,
820,0.209424,-0.349326,0.0260822,-0.0188862,0.0906435,-0.0199874,-0.0823249,0,0.572897,0.969642,0.120918,-0.0646408,-0.202472,-0.266633,0.52347,-0.0980128,-0.849526,-0.389197,-0.536558,-0.442615,0.522595,1.25889,0.297233,-0.472838,0.22227,0.492465,1.14604,-2.89623,2.48053e-05,-7.71311,1.59288,1.35374,0.0527154,1.98142,-0.00108555,
821,0.157387,-0.176505,0.114523,-0.0187932,0.41813,-0.0929485,-0.18666,0,0.545151,0.974368,0.107926,-0.0480455,-0.191444,-0.402147,0.523468,-0.457052,-0.774754,-0.338667,-0.533917,-0.3094,0.522549,1.12305,0.409039,-0.730763,-0.85514,0.728295,0.0611451,-2.53924,0.000167871,-6.6636,1.3953,0.6832,0.0529028,3.35874,-3.54125e-05,
822,-0.24936,0.0718663,0.151935,-0.0186991,0.531175,-0.112958,-0.220059,0,0.499351,0.973802,0.0833847,-0.0300641,-0.20941,-0.503958,0.52348,-0.556214,-0.723285,-0.33802,-0.531242,-0.117178,0.522888,1.33804,0.291945,-1.08789,-1.68588,0.118104,-1.46493,-1.54179,3.07128e-05,1.39206,0.669926,-0.649862,0.0517518,4.30829,0.00376324,
823,-0.420186,0.114353,0.127703,-0.0186034,0.446425,-0.0797166,-0.182012,0,0.433329,0.967365,0.0418249,-0.0164178,-0.24937,-0.527445,0.523481,-0.391687,-0.711171,-0.409368,-0.528522,0.0480118,0.536249,1.54738,0.192725,-1.5155,-1.95627,-0.11335,-1.72163,0.364519,7.70447e-05,5.15628,-0.17682,-2.19046,0.0575959,2.31534,0.527105,
824,-0.520397,0.214669,0.0286775,-0.0183618,0.0917557,-0.0148504,-0.0998056,0,0.420441,0.95381,0.0192341,-0.00901123,-0.299658,-0.486575,0.523565,-0.0728178,-0.726933,-0.531842,-0.521656,0.0891002,0.578878,2.49717,0.239754,0.677888,0.662961,-0.689148,-2.40212,1.25573,-0.00608323,7.66859,-0.478118,-1.22616,0.0369429,-0.609576,1.14737,
825,-0.529692,0.0624319,-0.143275,-0.0184117,-0.344366,0.0645948,0.00643875,0,0.469304,0.93674,0.0339635,-0.0404324,-0.346021,-0.421152,0.523493,0.317154,-0.744117,-0.531201,-0.523075,-0.0327452,0.665604,2.7683,0.438121,1.21443,0.743128,-1.37824,-1.43342,1.36368,-7.63163e-05,7.91913,-0.234861,0.231231,-0.039775,-4.24393,2.32955,
826,-0.176622,-0.23969,-0.260968,-0.0184913,-0.512397,0.114618,0.0778775,0,0.529857,0.929634,0.030865,-0.0722265,-0.360016,-0.38169,0.523479,0.564459,-0.739543,-0.520132,-0.525336,-0.335122,0.787074,2.65996,0.351916,1.17722,-0.33014,-1.23066,0.531724,0.221047,-0.000232497,-0.0933797,0.403627,0.199613,-0.0507086,-7.82728,2.53111,
827,0.011917,-0.171335,-0.211543,-0.0185855,-0.405791,0.0946093,0.0501204,0,0.574105,0.931525,0.00905016,-0.0941522,-0.351161,-0.417889,0.52347,0.465267,-0.698938,-0.496319,-0.528013,-0.571629,0.866263,2.27321,0.479016,0.570008,-0.565254,-0.878657,0.132526,-1.64829,-5.88127e-05,-3.80346,1.21256,0.756745,-0.0585826,0.586025,0.656868,
828,0.151546,-0.231774,-0.0924959,-0.0186877,-0.183707,0.0419679,-0.0265436,0,0.58868,0.933119,-0.0111118,-0.108233,-0.342712,-0.537039,0.523473,0.205892,-0.622388,-0.450721,-0.530918,-0.526412,0.866836,2.17286,0.540927,0.0114574,-0.496965,-0.734676,0.641108,-2.48797,5.08885e-05,-6.54704,1.84587,1.06572,-0.0575655,0.947474,-0.622764,
829,0.201199,-0.160894,0.0649607,-0.0187226,0.133835,-0.0298847,-0.131686,0,0.578345,0.935152,-0.0331178,-0.102033,-0.337614,-0.537838,0.523468,-0.14657,-0.524491,-0.403117,-0.53191,-0.451916,0.794184,1.97978,0.531984,-0.469821,-0.80895,0.116217,0.306535,0.439189,0.000139799,-7.54579,2.0706,0.834327,-0.0166089,2.0101,-2.27584,
830,0.134805,-0.098025,0.21341,-0.0187533,0.445295,-0.0996613,-0.232354,0,0.543994,0.936481,-0.0418393,-0.0903656,-0.336285,-0.504527,0.523474,-0.490274,-0.514445,-0.38576,-0.532783,-0.317229,0.653371,1.96209,0.571705,-0.924542,-0.312324,0.424754,-0.0876665,0.891699,7.46939e-05,-6.21401,-0.362211,-0.133258,-0.01758,3.36524,-3.34551,
831,-0.269024,-0.00376667,0.248649,-0.018728,0.532287,-0.112165,-0.253415,0,0.494519,0.933069,-0.0553232,-0.0628802,-0.349811,-0.42144,0.523472,-0.552275,-0.549937,-0.430686,-0.532062,-0.128528,0.493337,2.11263,0.0690715,-0.987605,-1.05098,0.957358,-0.740511,2.41902,0.000390105,1.80288,-1.05543,-1.6949,0.0249307,4.17581,-0.749801,
832,-0.433648,0.12197,0.179826,-0.0186854,0.402362,-0.0754348,-0.206835,0,0.461644,0.926937,-0.0106374,-0.0373841,-0.373197,-0.257465,0.523495,-0.370566,-0.621937,-0.541835,-0.530851,0.0269334,0.513335,2.11286,-0.670988,-0.792547,2.04635,1.69178,-1.64686,4.12387,-2.85158e-05,5.47697,-1.81209,-0.725137,0.0256765,2.06655,0.567312,
833,-0.536519,0.0244355,0.0161959,-0.018623,0.0381842,-0.00611652,-0.115525,0,0.417068,0.910776,0.0350412,-0.0217234,-0.410836,-0.0237507,0.523486,-0.0299901,-0.723558,-0.532239,-0.529079,0.0498221,0.562521,2.46055,-0.164196,-0.474063,-1.18818,0.035651,-1.16188,5.19733,-0.000536958,8.10501,-2.22757,0.268812,0.105784,-1.06547,1.34824,
834,-0.52195,-0.0761651,-0.204143,-0.0184143,-0.383095,0.0735774,-0.00346161,0,0.475645,0.899002,0.036731,-0.0229496,-0.435797,0.232357,0.523533,0.361408,-0.804279,-0.525134,-0.523147,-0.0936497,0.60632,3.14455,-0.176392,1.63741,0.372385,-0.13884,-0.631174,5.0392,-0.00201367,7.71034,-1.3581,0.0492523,0.0504475,-4.71187,0.729867,
835,-0.155306,-0.359515,-0.306505,-0.0184182,-0.497909,0.113815,0.0585924,0,0.544843,0.90151,0.0415348,-0.0286392,-0.429808,0.440025,0.52348,0.560472,-0.856775,-0.523877,-0.52326,-0.419251,0.627697,3.02654,-0.263246,1.12531,0.125299,-0.112478,1.21032,3.28197,-0.000373712,-0.520511,-0.750317,0.00890259,-0.0121695,-8.28381,0.130468,
836,0.0261292,-0.286904,-0.235921,-0.0184513,-0.382978,0.0904785,0.0283214,0,0.585645,0.910045,0.0456482,-0.025889,-0.411174,0.533809,0.52347,0.444839,-0.872817,-0.512315,-0.524199,-0.568346,0.567967,2.54095,0.0246515,0.511719,0.144795,0.516833,0.670248,0.0821972,0.000128544,-4.08048,0.102019,0.443598,-0.0241765,1.03715,-2.49591,
837,0.157174,-0.351096,-0.0898259,-0.018495,-0.154486,0.0358431,-0.047889,0,0.599795,0.919498,0.0493506,-0.0151912,-0.389689,0.494695,0.523472,0.175816,-0.851095,-0.485971,-0.525441,-0.512824,0.498134,2.39456,0.103041,0.0757049,-0.30496,0.445947,1.15674,-1.63221,4.00166e-05,-6.65938,0.763916,0.608533,-0.0258068,1.1743,0.501532,
838,0.196691,-0.355852,0.0839417,-0.0185416,0.157851,-0.0361251,-0.146841,0,0.591419,0.931288,0.0473248,-0.00143178,-0.361193,0.398597,0.523475,-0.177201,-0.806986,-0.464966,-0.526766,-0.427029,0.51759,2.28932,0.182735,-0.409304,-0.267546,0.636515,1.25274,-2.20698,3.54155e-05,-7.45437,0.999076,0.235075,-0.0271832,2.24873,0.188477,
839,0.121378,-0.296808,0.221889,-0.0185886,0.451277,-0.104036,-0.238334,0,0.5593,0.940789,0.0478597,0.0147468,-0.335272,0.306339,0.523477,-0.51195,-0.764518,-0.479769,-0.528101,-0.281468,0.521885,2.27683,0.143492,-0.87482,-0.205216,0.661454,0.889894,-1.48852,2.04578e-05,-5.94804,0.701538,-0.819032,-0.0261008,3.56278,0.0275276,
840,-0.276825,-0.070669,0.230502,-0.0186245,0.512046,-0.108822,-0.244652,0,0.503267,0.941303,0.0470965,0.025202,-0.333308,0.275479,0.52348,-0.535681,-0.749279,-0.536349,-0.529122,-0.0848336,0.522587,2.53353,-0.0267249,-1.36204,-0.124685,0.283344,-0.589972,0.228898,2.91503e-06,1.96705,-0.0880177,-0.0879643,-0.01795,4.29547,0.00504889,
841,-0.438508,0.154672,0.166129,-0.0186573,0.399951,-0.0703734,-0.198524,0,0.433484,0.928874,0.0141789,0.0280414,-0.36906,0.329997,0.523472,-0.345617,-0.77275,-0.528124,-0.530053,0.070941,0.523123,2.51419,-0.15927,-1.42151,-1.21806,-0.414967,-2.0693,1.9247,0.00102236,5.59404,-0.854017,0.133674,-0.0201586,1.99221,0.00539086,
842,-0.53946,0.145593,0.000175898,-0.018725,0.000390566,-6.50436e-05,-0.108853,0,0.433812,0.907228,0.0228975,0.0196045,-0.419559,0.453971,0.523527,-0.000318913,-0.822407,-0.524763,-0.531978,0.0874144,0.54609,2.58164,-0.274333,0.768151,1.18979,-0.894217,-2.07906,3.01891,2.55184e-05,8.18537,-1.06429,0.0239493,-0.0376744,-1.26064,0.884265,
843,-0.523812,-0.0922811,-0.231157,-0.0187967,-0.409463,0.0810482,0.00414658,0,0.486445,0.892186,0.0393547,-0.0166774,-0.449642,0.54067,0.523502,0.398258,-0.865043,-0.524123,-0.534016,-0.0715806,0.607788,2.74842,-0.0669132,1.05365,1.24476,-1.07668,-0.612074,-0.212635,-0.000660001,7.7605,-0.750828,0.0029285,-0.0421462,-5.08567,1.66847,
844,-0.132972,-0.399039,-0.318374,-0.0188682,-0.515235,0.115289,0.0576798,0,0.529383,0.894331,0.0438225,-0.0546571,-0.441887,0.487112,0.523476,0.567795,-0.886336,-0.523771,-0.536049,-0.415365,0.671366,2.57769,-0.194557,0.682961,0.420236,-1.17646,1.46389,-1.91872,-0.00033066,-0.964923,-0.0978676,0.00468853,-0.0431065,-8.63697,0.879395,
845,0.0527292,-0.33348,-0.229092,-0.0189698,-0.392256,0.0871929,0.0226655,0,0.549404,0.906608,0.0480226,-0.0664089,-0.413939,0.335692,0.523465,0.428601,-0.869217,-0.51287,-0.538936,-0.570068,0.64075,2.06622,0.0314607,0.0836748,0.438292,0.0463653,1.0042,-4.117,0.00010456,-4.59959,0.756103,0.429583,-0.0621121,1.08043,-2.07377,
846,0.184898,-0.39003,-0.0668998,-0.0190764,-0.129829,0.0270553,-0.0595242,0,0.539909,0.918766,0.0582875,-0.0702423,-0.384107,0.0928794,0.523468,0.132686,-0.816331,-0.488136,-0.541965,-0.50796,0.500987,1.95342,0.124095,-0.411993,0.224745,0.0395125,1.49313,-5.58078,-0.000102648,-7.21587,1.35967,0.557461,-0.059643,1.39844,-0.937224,
847,0.213923,-0.345738,0.111736,-0.019121,0.247517,-0.0495137,-0.163851,0,0.510685,0.932719,0.0579113,-0.0572596,-0.351289,-0.191497,0.523452,-0.242968,-0.744864,-0.471999,-0.543234,-0.405835,0.512436,1.81671,0.229865,-0.743805,-0.419949,1.40348,1.26551,-5.7934,-1.56931e-05,-7.80476,1.49677,0.0908463,0.0189747,2.67852,0.334152,
848,-0.0745615,-0.0417298,0.239599,-0.01909,0.567684,-0.114337,-0.251688,0,0.464441,0.942139,0.0538308,-0.0224912,-0.330106,-0.453265,0.523465,-0.563066,-0.68033,-0.496641,-0.542351,-0.236755,0.521008,1.78599,0.208699,-0.923913,-2.29422,0.693284,-0.679382,-4.6449,0.000346038,-2.11569,1.10482,-1.04135,0.00993956,4.0024,0.0609409,
849,-0.34148,0.184348,0.2384,-0.019071,0.573976,-0.10229,-0.243727,0,0.40921,0.929935,0.00239084,0.0155215,-0.367389,-0.552552,0.523478,-0.503295,-0.647195,-0.533678,-0.541811,-0.0545416,0.523007,1.74859,-0.495585,-0.960938,-0.732695,1.41882,-2.08974,0.662965,0.000471791,3.36076,0.208953,0.154635,0.00692541,3.29905,0.0163598,
850,-0.504879,0.251378,0.129574,-0.0190235,0.300056,-0.0481885,-0.179082,0,0.405786,0.907653,0.0170594,-0.0121115,-0.4192,-0.476685,0.523502,-0.236455,-0.655437,-0.526367,-0.540461,0.0428888,0.55558,1.20692,-0.408212,0.344884,1.50947,-2.02458,-2.55046,2.35681,0.000509295,7.25885,-0.494869,0.0770606,0.0379329,0.680646,1.26469,
851,-0.564288,0.0564472,-0.0980923,-0.0187105,-0.192128,0.0335622,-0.068154,0,0.449555,0.890154,0.0144562,-0.0252021,-0.454733,-0.339346,0.523476,0.164619,-0.68479,-0.524411,-0.531565,-0.0118295,0.659998,1.65441,-0.758544,0.854667,-0.102223,-0.30968,-1.31261,3.14405,-4.14005e-05,8.8815,-0.722588,0.0120479,0.210165,-2.8955,2.94358,
852,-0.353976,-0.204571,-0.32433,-0.0183802,-0.519191,0.111175,0.0448024,0,0.505541,0.882873,0.00580823,-0.0428944,-0.467613,-0.205042,0.523499,0.547362,-0.708303,-0.524004,-0.522179,-0.250782,0.807915,2.16554,-0.788578,1.53753,-0.116758,-1.05227,0.339383,2.23399,-0.000307282,3.6376,-0.173426,0.000971,0.0441366,-6.63104,2.92917,
853,-0.0429434,-0.276755,-0.294206,-0.0184137,-0.449573,0.105391,0.0420601,0,0.56914,0.893448,-0.0139097,-0.0621806,-0.444624,-0.155608,0.523476,0.518667,-0.696422,-0.517131,-0.52313,-0.59174,0.912986,1.80687,-0.6664,0.977972,-0.426984,-0.814353,0.845126,-0.21292,-0.000474275,-2.73403,0.63862,0.301726,-0.0355466,-1.66015,1.28867,
854,0.116201,-0.333172,-0.167543,-0.0184797,-0.261183,0.0618546,-0.0178767,0,0.603384,0.902409,-0.0305899,-0.0721618,-0.423691,-0.219486,0.523473,0.303665,-0.646085,-0.494895,-0.525006,-0.54774,0.925052,1.65447,-0.502715,0.4024,-0.269237,-0.55397,1.3122,-2.33236,9.64943e-05,-5.84569,1.37092,0.577728,-0.0370369,1.16915,-0.789936,
855,0.196435,-0.370198,0.0148623,-0.0185437,0.0253266,-0.00592411,-0.109695,0,0.609186,0.916771,-0.0414617,-0.079356,-0.389248,-0.363984,0.523475,-0.0290467,-0.567837,-0.470128,-0.526826,-0.469749,0.825304,1.56738,-0.394242,-0.173523,-0.0376958,-0.333861,1.69066,-3.43795,-1.51556e-05,-7.44918,1.7562,0.414985,-0.0357761,1.94325,-3.18073,
856,0.169203,-0.310194,0.177719,-0.0186057,0.337288,-0.0789129,-0.206654,0,0.586814,0.93115,-0.0425229,-0.0833995,-0.352415,-0.528935,0.523474,-0.387721,-0.508165,-0.469432,-0.528588,-0.339333,0.602057,1.49153,-0.394582,-0.704248,0.451423,0.0105187,1.34038,-2.6211,-1.7268e-06,-6.90018,-0.13205,-0.377956,-0.0352098,3.26395,-5.7293,
857,-0.212279,-0.058656,0.247706,-0.0186645,0.499863,-0.114159,-0.254403,0,0.543912,0.934107,-0.0460563,-0.0903336,-0.34229,-0.529951,0.523484,-0.562179,-0.530537,-0.524297,-0.530258,-0.148487,0.49219,1.61536,-0.70902,-0.97491,-0.499988,-0.288349,-0.362848,0.951899,-0.000487058,0.628748,-0.723241,-1.46136,-0.0113778,4.36094,0.695712,
858,-0.374822,0.134246,0.209782,-0.0185351,0.439191,-0.089873,-0.22587,0,0.498154,0.927184,-0.0505311,-0.0581265,-0.366603,-0.437852,0.523474,-0.441846,-0.586551,-0.530315,-0.52658,0.0270721,0.518898,1.7043,-1.06787,-0.780731,0.98778,1.74125,-1.67731,2.72433,0.000987918,4.10616,-1.49747,0.178939,0.0942451,2.67064,0.290424,
859,-0.495724,0.224913,0.0890469,-0.0184024,0.19033,-0.0333843,-0.156463,0,0.451503,0.909118,0.00808042,-0.037529,-0.414766,-0.266438,0.523493,-0.163746,-0.675234,-0.525262,-0.522809,0.0898951,0.55732,1.97544,-1.23886,-1.15243,2.04937,1.61515,-2.39893,4.11557,-8.01256e-05,7.02097,-2.05126,0.0399732,0.0020928,-0.140161,1.24148,
860,-0.526021,-0.0297406,-0.122591,-0.0184295,-0.243923,0.0425957,-0.0530913,0,0.445989,0.892488,0.036426,-0.0314728,-0.448494,-0.0511599,0.523907,0.208976,-0.765341,-0.524244,-0.523579,-0.00236533,0.644713,2.69038,-0.726632,1.85211,0.559255,-0.70171,-0.874174,4.49187,0.00571148,7.81713,-1.2099,0.00521501,-0.0295493,-3.45731,1.91931,
861,-0.40046,-0.247697,-0.314007,-0.0184742,-0.498148,0.110809,0.0480071,0,0.530021,0.888935,0.0339026,-0.0574792,-0.453146,0.14482,0.523231,0.545543,-0.815909,-0.523963,-0.524852,-0.266324,0.731899,2.76129,-0.711276,1.46962,0.272575,-1.09486,0.479876,3.35752,0.00383849,4.69577,-0.819609,0.00192784,-0.0233285,-7.08609,1.58026,
862,-0.0499236,-0.292032,-0.288656,-0.0185181,-0.442781,0.107247,0.0491374,0,0.589566,0.899689,0.0221593,-0.0822931,-0.428132,0.250863,0.523415,0.52787,-0.835636,-0.516428,-0.526099,-0.583053,0.763275,2.30156,-0.569091,0.875974,-0.0336253,-0.771979,0.757656,0.929419,0.0018368,-2.59731,0.0195146,0.331708,-0.0315601,-0.378902,-0.307129,
863,0.107519,-0.364203,-0.169783,-0.018575,-0.268526,0.0652787,-0.00837496,0,0.618608,0.908148,0.0143844,-0.0975172,-0.40688,0.243547,0.523466,0.320521,-0.815157,-0.491594,-0.527716,-0.540113,0.694697,2.17183,-0.444637,0.291168,0.136514,-0.536042,1.3026,-1.20861,0.000430632,-5.67433,0.794684,0.654453,-0.0317278,0.873832,-2.41912,
864,0.191161,-0.396234,0.00256935,-0.01863,0.00450687,-0.00106948,-0.0982777,0,0.618138,0.921363,0.0127774,-0.109561,-0.372725,0.153464,0.523475,-0.00524371,-0.764419,-0.461329,-0.529277,-0.478165,0.509808,2.06094,-0.353563,-0.294059,0.28052,-0.305327,1.61212,-2.38373,-2.27563e-05,-7.34242,1.23347,0.556876,-0.0309492,1.59772,-3.99407,
865,0.172135,-0.340233,0.16067,-0.0186492,0.312382,-0.0738254,-0.196226,0,0.596128,0.933988,-0.00033815,-0.109909,-0.339979,0.037885,0.523461,-0.362631,-0.703971,-0.451972,-0.529825,-0.365252,0.502441,1.91111,-0.310325,-0.583442,-0.789215,0.822236,1.28254,-2.24404,-0.000330266,-6.95894,1.1778,-0.175101,0.0380794,2.91323,0.617839,
866,-0.20356,-0.163676,0.238407,-0.0185807,0.498882,-0.116495,-0.252831,0,0.556467,0.942619,-0.0136523,-0.0861928,-0.322264,-0.0417135,0.523474,-0.573786,-0.659766,-0.49538,-0.527877,-0.191469,0.519327,2.1053,-0.515372,-0.99241,-0.722996,0.562632,0.136703,-0.939959,0.000278771,0.451236,0.592544,-1.54347,0.0417114,4.03364,0.130538,
867,-0.37246,-0.0330582,0.19662,-0.0184773,0.455054,-0.0935429,-0.221926,0,0.497672,0.941729,-0.0262768,-0.0626732,-0.329437,-0.0438705,0.523472,-0.459992,-0.652253,-0.5412,-0.524939,-0.0310194,0.522556,2.29579,-0.527256,-1.31514,-1.04903,1.32758,-0.695763,0.839626,-0.00034156,4.05268,-0.28663,0.345818,0.0994056,2.40393,0.0227003,
868,-0.495327,0.133245,0.0876949,-0.0184123,0.219347,-0.0375977,-0.149358,0,0.439452,0.931277,0.017372,-0.0303707,-0.362628,0.0340936,0.523497,-0.184431,-0.682495,-0.527694,-0.52309,0.0196029,0.523278,2.57429,-1.06397,-1.31227,1.86609,1.85817,-1.80419,2.25034,-0.000134867,7.01066,-0.922148,0.131026,-0.0108771,-0.366076,0.0055247,
869,-0.531747,0.00640281,-0.0989882,-0.0184263,-0.241328,0.0393866,-0.0429458,0,0.416972,0.919776,0.0305333,-0.0142259,-0.390995,0.158431,0.523695,0.193215,-0.725699,-0.524549,-0.523488,-0.0815776,0.539825,3.4507,-0.198873,1.05203,0.339773,-0.170918,-1.04976,2.72973,0.00243804,7.97348,-0.529041,0.0218123,-0.0129144,-3.59268,0.412088,
870,-0.407136,-0.21144,-0.274002,-0.018455,-0.539668,0.109037,0.0595208,0,0.472373,0.916292,0.0347191,-0.0201215,-0.398496,0.27256,0.523414,0.53675,-0.739078,-0.523934,-0.524306,-0.351907,0.556651,3.5431,-0.170764,0.906493,0.152455,-0.204,0.342416,1.84695,0.00098877,4.84995,-0.0965717,0.00327102,-0.0156184,-7.22496,0.33538,
871,-0.0493533,-0.204165,-0.258026,-0.01849,-0.50378,0.106668,0.0601043,0,0.503141,0.923097,0.0335469,-0.0213309,-0.382506,0.312482,0.523455,0.524997,-0.72394,-0.513846,-0.525299,-0.579898,0.534114,2.96752,-0.0730736,0.321892,-0.0942103,0.211082,0.314941,-0.215316,0.000514029,-2.60872,0.693572,0.422661,-0.0260445,0.795213,-1.22187,
872,0.130301,-0.29679,-0.146844,-0.0185369,-0.309831,0.0623193,-0.00262524,0,0.50739,0.929352,0.0289827,-0.0149012,-0.367754,0.254788,0.523471,0.305952,-0.67047,-0.482901,-0.526631,-0.531601,0.515467,2.81866,-0.00323698,-0.155307,-0.381511,0.197353,1.02052,-2.07949,0.000164919,-6.12466,1.44008,0.810837,-0.0269589,0.792096,0.195813,
873,0.226582,-0.329877,0.0219613,-0.0185856,0.0535801,-0.0100301,-0.103011,0,0.487184,0.940244,0.0220966,-0.00561772,-0.339738,0.126371,0.523474,-0.04918,-0.58858,-0.444026,-0.528015,-0.469469,0.521432,2.66909,0.105555,-0.650058,-0.386162,0.374564,1.36852,-3.04955,1.42515e-05,-8.06415,1.83337,0.74522,-0.0284273,1.68606,0.0501518,
874,0.188161,-0.274273,0.174685,-0.0186359,0.47677,-0.0880147,-0.20925,0,0.443074,0.950446,0.0176876,0.00709581,-0.310306,-0.0183372,0.523476,-0.432661,-0.509675,-0.426024,-0.529445,-0.345974,0.522477,2.61785,0.145152,-1.09611,-0.190544,0.572984,1.08762,-2.74113,6.94407e-05,-7.28177,0.338537,-0.0178498,-0.0290978,3.24119,0.00585424,
875,-0.240681,0.078578,0.225452,-0.018683,0.637976,-0.111992,-0.245028,0,0.38815,0.948562,-0.00442056,0.00836257,-0.316449,-0.117692,0.523461,-0.551417,-0.524373,-0.463008,-0.530785,-0.156346,0.522689,1.95692,0.0644689,-0.705593,-0.12048,-2.73018,-1.23147,-1.23062,-0.000921235,1.21228,-0.647244,-1.46362,0.000585624,4.32754,0.00255804,
876,-0.438145,0.14173,0.165504,-0.0184865,0.481139,-0.0776737,-0.20002,0,0.386567,0.942903,0.00229954,0.00759083,-0.332972,-0.137179,0.523444,-0.381608,-0.571373,-0.53964,-0.525199,0.00931405,0.535273,2.04582,-0.667447,0.411884,-1.12548,0.638164,-1.70489,0.47973,0.000967697,5.58548,-1.245,-0.0886158,0.16657,2.27616,0.47354,
877,-0.557799,0.20207,0.0123459,-0.0183996,0.0311302,-0.00495991,-0.107487,0,0.414903,0.922384,0.00785002,-0.00119215,-0.386193,-0.0821739,0.523481,-0.024319,-0.643627,-0.528981,-0.52273,0.0404498,0.58271,2.28611,-0.5779,0.596706,0.715931,-0.903649,-2.20225,1.67529,0.00130784,8.69694,-1.64057,0.168791,-0.0217426,-0.948017,1.39564,
878,-0.545876,0.00577839,-0.219775,-0.0184411,-0.427513,0.0818797,0.0124884,0,0.467916,0.905222,0.0240196,-0.0398608,-0.422384,0.000635575,0.523505,0.402362,-0.713485,-0.524685,-0.52391,-0.103565,0.677877,2.71603,-0.452746,1.57092,1.15093,-1.09653,-1.02879,1.64034,-0.00024661,8.36273,-1.13638,0.0311363,-0.0338901,-4.78098,2.38383,
879,-0.116325,-0.345134,-0.308019,-0.0185055,-0.516831,0.117539,0.0671908,0,0.537755,0.905093,0.0283895,-0.0710802,-0.418269,0.0393208,0.523477,0.578976,-0.752787,-0.523006,-0.525739,-0.436831,0.794208,2.46047,-0.623497,1.18133,0.405649,-0.884641,1.25011,-0.0750494,-0.000231785,-1.2944,-0.449205,0.0394328,-0.039284,-8.52666,2.28132,
880,0.0703089,-0.22697,-0.220822,-0.018592,-0.366647,0.0859388,0.0232828,0,0.583591,0.910561,0.0150698,-0.0846958,-0.404323,-0.0193068,0.523464,0.422406,-0.75325,-0.508228,-0.528199,-0.577845,0.84123,1.97601,-0.308168,0.625698,-0.427766,-0.450649,0.426822,-2.26456,0.000196499,-4.94343,0.423228,0.539447,-0.0550209,1.34444,-0.366605,
881,0.191821,-0.298621,-0.0584675,-0.0186882,-0.10082,0.0233323,-0.0663648,0,0.600905,0.916854,0.00206432,-0.0891174,-0.389143,-0.170263,0.523472,0.114421,-0.716754,-0.478028,-0.530933,-0.49971,0.781632,1.89228,-0.188478,0.0649391,-0.276171,-0.22546,0.968996,-3.76148,6.11454e-05,-7.35575,1.03255,0.668088,-0.054387,1.77706,-2.00427,
882,0.209998,-0.282429,0.126167,-0.0187832,0.232163,-0.0535242,-0.17373,0,0.590166,0.925743,-0.00432634,-0.0897889,-0.367313,-0.364473,0.523473,-0.262684,-0.661895,-0.457313,-0.533632,-0.378258,0.628954,1.826,-0.106085,-0.4934,-0.0136138,0.0397689,0.932406,-4.00397,-1.82505e-05,-7.72483,1.16101,0.165261,-0.0535042,3.06926,-4.08619,
883,-0.115656,-0.0994371,0.258679,-0.0188746,0.495631,-0.115234,-0.258958,0,0.554763,0.930561,-0.00963556,-0.0899537,-0.354784,-0.536358,0.523478,-0.56752,-0.614627,-0.480198,-0.536229,-0.190256,0.494356,1.94964,-0.325817,-0.822595,-0.720816,-0.142663,-0.217845,-2.37075,-0.000143018,-1.30764,0.73585,-1.0458,-0.0342827,4.45086,0.352657,
884,-0.333929,0.0159387,0.237963,-0.0188552,0.477883,-0.101753,-0.243271,0,0.511264,0.926672,-0.0401006,-0.0614667,-0.368636,-0.525446,0.523471,-0.500636,-0.599469,-0.538151,-0.535677,0.00651623,0.516433,2.08608,-0.593855,-1.07316,-1.63766,0.638855,-0.935126,1.3881,0.000251441,3.19474,-0.130524,0.0376344,0.0175422,3.43002,0.253017,
885,-0.470435,0.168338,0.137077,-0.01882,0.288878,-0.0531679,-0.181992,0,0.466225,0.914406,-0.0166339,-0.0431553,-0.402147,-0.413779,0.523494,-0.260932,-0.624502,-0.528127,-0.534678,0.113963,0.530682,2.17359,-1.27784,-0.917078,1.93491,1.26849,-1.95274,3.06091,6.40484e-05,6.3781,-0.853764,0.137175,0.0232641,0.887102,0.323517,
886,-0.535813,0.00510065,-0.0578713,-0.0187125,-0.128966,0.0207515,-0.0815682,0,0.416872,0.900927,0.0244223,-0.0130837,-0.433085,-0.240337,0.52348,0.101761,-0.675361,-0.524709,-0.531624,0.0718295,0.577325,2.56865,-0.928018,-0.540071,-0.297093,0.303818,-0.971467,3.86005,0.0068953,8.08575,-1.0836,0.0238353,0.0700941,-2.46664,1.44388,
887,-0.476014,-0.189783,-0.263499,-0.0186067,-0.492551,0.094336,0.0259753,0,0.456914,0.896129,0.024712,-0.0231988,-0.442497,-0.0641743,0.523492,0.463915,-0.702437,-0.524048,-0.528615,-0.138156,0.62884,3.28512,-0.611681,1.17566,0.311153,-0.622157,0.249355,3.20118,-0.00226648,6.5182,-0.269602,0.00277423,0.0561726,-5.98857,0.852587,
888,-0.104656,-0.442405,-0.287555,-0.0185098,-0.518958,0.110521,0.0578182,0,0.502822,0.909319,0.0209925,-0.0396764,-0.413672,0.0429436,0.523466,0.544116,-0.698155,-0.520962,-0.525863,-0.517815,0.635356,3.14099,-0.703589,0.664592,0.104923,-0.649875,2.06187,1.10846,0.000158547,-1.52453,0.432885,0.129386,0.0553228,-9.16585,-0.581586,
889,0.0819472,-0.342346,-0.187879,-0.01843,-0.366866,0.0766154,0.0145051,0,0.519671,0.921759,0.0200157,-0.0479303,-0.384268,0.0458298,0.523468,0.376388,-0.65714,-0.503068,-0.523593,-0.565942,0.525803,2.64566,-0.427773,0.0325354,0.276856,-0.0796144,1.36291,-0.99843,0.000213892,-5.17155,1.2047,0.558458,0.0355192,1.26018,-3.77462,
890,0.202563,-0.387102,-0.0262066,-0.0184245,-0.0593738,0.0116721,-0.0731274,0,0.511509,0.935839,0.0109284,-0.051996,-0.3484,-0.0370786,0.523473,0.0572315,-0.58396,-0.473644,-0.523437,-0.489806,0.505175,2.47724,-0.354687,-0.406594,-0.366725,-0.23227,1.79418,-2.31077,8.29479e-05,-7.57352,1.71556,0.619823,-0.00514912,1.78125,0.51671,
891,0.205572,-0.357573,0.129811,-0.0184346,0.34402,-0.0657696,-0.176412,0,0.478388,0.950056,-0.000342614,-0.0532444,-0.307504,-0.154571,0.523476,-0.322939,-0.507468,-0.456505,-0.523724,-0.366081,0.519596,2.36484,-0.300394,-0.866121,-0.317577,0.303196,1.68173,-2.38856,-0.00043488,-7.63473,0.299944,0.0719635,0.0113774,3.15972,0.113387,
892,-0.184055,-0.159846,0.205186,-0.0184203,0.601238,-0.114089,-0.239525,0,0.429433,0.95919,-0.00847665,-0.021645,-0.281807,-0.246724,0.523472,-0.561835,-0.522966,-0.484062,-0.523318,-0.173709,0.52215,2.54851,-0.46583,-1.17562,-0.693532,1.07078,0.301792,-1.29566,0.000376918,0.0563543,-0.583695,-1.15883,-0.00689836,4.52197,0.0161677,
893,-0.392695,0.102226,0.166156,-0.0184329,0.5648,-0.0913617,-0.207517,0,0.372982,0.958795,0.00527408,0.00519019,-0.284001,-0.271647,0.523476,-0.449205,-0.571012,-0.538449,-0.523677,0.0125994,0.522855,1.89395,-0.595349,-0.0895634,0.90762,0.141984,-1.44846,0.383377,-0.00246258,4.51456,-1.17956,0.107822,-0.0154891,2.70221,-0.000237583,
894,-0.542469,0.231509,0.0567964,-0.0184172,0.166576,-0.0262174,-0.125987,0,0.406259,0.941478,0.0184186,-0.0112186,-0.336384,-0.221447,0.523473,-0.128575,-0.638391,-0.527808,-0.523231,0.0693625,0.537563,1.93052,-0.300755,0.807999,0.65869,-0.471797,-2.39211,1.58949,0.000405877,8.26864,-1.60142,0.131849,0.00180382,-0.323045,0.644986,
895,-0.564447,0.0555468,-0.151777,-0.018428,-0.347714,0.0618948,-0.00720609,0,0.444924,0.922712,0.0297066,-0.0331327,-0.382914,-0.134325,0.523518,0.303863,-0.718547,-0.524536,-0.523538,-0.0433753,0.608944,2.52371,-0.141804,1.73637,1.29147,-1.06323,-1.35378,1.87767,0.0031914,8.88577,-1.3076,0.023344,-0.016865,-4.01316,1.9172,
896,-0.163144,-0.289998,-0.29018,-0.018464,-0.523837,0.11791,0.0747383,0,0.530558,0.916706,0.0455575,-0.0668963,-0.391279,-0.0715893,0.523501,0.580822,-0.767257,-0.523841,-0.52456,-0.341107,0.709576,2.38746,-0.246386,1.51442,0.464845,-1.2547,0.838534,0.641487,-0.000992083,-0.363976,-0.70906,0.00519245,-0.0200608,-7.88794,2.14931,
897,0.0304798,-0.226276,-0.22526,-0.018505,-0.395203,0.0946156,0.044021,0,0.591467,0.921146,0.0411216,-0.0969966,-0.374687,-0.0926764,0.523473,0.465298,-0.780372,-0.510027,-0.525725,-0.575722,0.760924,1.97032,-0.0669449,0.894276,0.278219,-0.892229,0.384444,-1.4622,-0.000187038,-4.16534,0.175524,0.55209,-0.0287904,0.70559,-0.0721737,
898,0.165291,-0.301912,-0.0896347,-0.0185547,-0.160992,0.0387494,-0.0357551,0,0.621833,0.924532,0.0394791,-0.119682,-0.359664,-0.205256,0.523473,0.190086,-0.754464,-0.475455,-0.527138,-0.523666,0.715875,1.88424,0.0435671,0.318942,0.390993,-0.756907,0.939651,-3.02914,3.3916e-05,-6.82175,0.856116,0.828058,-0.027444,1.13992,-1.71647,
899,0.206661,-0.282664,0.0764112,-0.0185211,0.144772,-0.0350865,-0.13951,0,0.627138,0.932484,0.0410587,-0.119485,-0.338394,-0.369364,0.523461,-0.172102,-0.705741,-0.441824,-0.526184,-0.437701,0.576757,1.7609,0.180783,-0.131741,0.111365,0.614751,0.87308,-3.53147,0.000185965,-7.65679,1.09534,0.523819,0.0414153,2.28366,-3.83268,
900,0.135729,-0.19865,0.216968,-0.0184519,0.423197,-0.105474,-0.237389,0,0.610689,0.939407,0.0401288,-0.107311,-0.323093,-0.527425,0.523474,-0.519075,-0.658144,-0.441247,-0.524217,-0.288711,0.501684,1.70802,0.124245,-0.531873,-0.372799,0.389518,0.369735,-2.33774,0.00016349,-6.23236,0.810044,-0.49159,0.037371,3.66828,0.481338,
901,-0.2793,0.0420061,0.237447,-0.0184182,0.462169,-0.109727,-0.247787,0,0.57389,0.934197,0.0348547,-0.0992924,-0.340885,-0.526084,0.523483,-0.540172,-0.637818,-0.506784,-0.523258,-0.0838835,0.518853,1.9016,-0.207798,-0.965369,-0.368394,0.122848,-1.15493,1.05027,-4.33391e-05,2.0193,0.00793596,-2.13424,-0.00628444,4.50293,0.159279,
902,-0.424163,0.0660626,0.171395,-0.0184267,0.348759,-0.0729062,-0.201833,0,0.522624,0.927111,0.0183618,-0.0701189,-0.367711,-0.431807,0.523475,-0.358099,-0.657306,-0.536899,-0.5235,0.085275,0.534406,2.1235,-0.319316,-1.22683,-1.15641,0.7682,-1.33599,2.71224,0.00019142,5.25062,-0.785449,0.330679,-0.0031452,2.28742,0.45796,
903,-0.506742,0.161068,0.0211078,-0.0184278,0.0468206,-0.00817591,-0.115924,0,0.454551,0.915497,0.0064083,-0.0367903,-0.400587,-0.268452,0.523477,-0.0400879,-0.708412,-0.526423,-0.523531,0.120059,0.568713,2.54822,-0.674581,-1.11347,0.42082,2.44311,-2.02171,3.82849,0.00046964,7.30778,-1.2052,0.093818,0.00235534,-0.859311,0.890516,
904,-0.496545,-0.079851,-0.180426,-0.0184325,-0.366278,0.0649946,-0.0160749,0,0.441385,0.899914,0.0300815,-0.0129231,-0.434837,-0.0790535,0.523594,0.319123,-0.754127,-0.524281,-0.523666,-0.00813977,0.627325,3.37283,-0.314995,1.12979,-0.316834,-0.23074,-0.537785,3.73416,-0.00887153,7.04149,-0.455077,0.0128921,-0.0129876,-4.18696,1.27789,
905,-0.198461,-0.345125,-0.301267,-0.0184496,-0.538235,0.112053,0.0562327,0,0.487175,0.903165,0.0143752,-0.0180699,-0.428671,0.0693175,0.52347,0.551718,-0.764039,-0.523836,-0.524152,-0.302588,0.674371,3.32434,-0.35749,0.669891,-0.630135,-0.532553,1.2344,2.21162,-0.000226278,0.347734,0.0501713,0.00343025,-0.00843073,-7.57906,0.616826,
906,0.000779792,-0.297614,-0.240298,-0.0184676,-0.455116,0.0952553,0.0389324,0,0.506757,0.917131,-0.00394353,-0.0217327,-0.397973,0.122475,0.523467,0.468464,-0.741202,-0.513732,-0.524662,-0.585277,0.640876,2.90898,-0.17466,0.0956232,-0.56762,-0.128031,0.927954,-0.0536324,-4.61931e-05,-3.58642,0.854205,0.41453,-0.0168205,0.277536,-1.93184,
907,0.15928,-0.360276,-0.102545,-0.0184991,-0.221135,0.0429439,-0.0325832,0,0.497816,0.928129,-0.0159406,-0.0166675,-0.371544,0.07594,0.523473,0.210686,-0.682095,-0.486775,-0.525559,-0.533196,0.503217,2.73618,-0.0836283,-0.406568,-0.698003,-0.0180335,1.45875,-1.79371,-8.57887e-06,-6.70146,1.50983,0.657771,-0.0191046,1.10376,-1.3662,
908,0.217531,-0.477234,0.0655532,-0.0185541,0.171531,-0.0313472,-0.130554,0,0.471494,0.945491,-0.0219826,0.00838524,-0.324797,-0.0311865,0.523468,-0.153748,-0.598725,-0.461426,-0.527122,-0.450924,0.511377,2.44043,-0.0857336,-0.681606,-0.31427,1.52622,2.48203,-2.48281,8.62672e-05,-7.8786,1.81399,0.362772,-0.0394321,2.18142,0.364823,
909,0.13762,-0.42101,0.178368,-0.0186033,0.548734,-0.103027,-0.220934,0,0.436822,0.962321,-0.00711296,0.0264011,-0.270539,-0.140207,0.523484,-0.506946,-0.519427,-0.467163,-0.528518,-0.304576,0.520565,1.61868,-0.210747,-0.467847,1.7001,-0.858934,2.14254,-1.88282,0.000284006,-6.26998,0.664018,-0.586046,-0.00424814,3.66412,0.0658477,
910,-0.291163,0.0285524,0.170926,-0.0186068,0.605381,-0.108085,-0.222318,0,0.402874,0.968772,0.0215271,-0.0101453,-0.24681,-0.197688,0.523479,-0.532027,-0.52492,-0.528731,-0.528619,-0.101229,0.522075,1.56446,-0.331215,-0.532023,-1.02843,-1.7017,-0.912017,-0.399754,-0.00112448,2.27095,-0.50071,-0.797351,0.00902852,4.34167,0.00765416,
911,-0.470716,0.307721,0.118583,-0.0184141,0.409774,-0.0637982,-0.16896,0,0.382263,0.957213,-0.00496755,0.000568451,-0.28934,-0.185196,0.523473,-0.313232,-0.568141,-0.528784,-0.523143,0.0588852,0.526734,1.89225,-0.539672,-0.342608,0.779257,0.969232,-2.81926,0.896136,0.00123278,6.38526,-1.18401,0.143958,0.0629698,2.08482,0.170648,
912,-0.560712,0.193496,-0.0309295,-0.0184147,-0.0866158,0.013614,-0.0713224,0,0.408431,0.935488,0.0180747,-0.0153813,-0.35256,-0.120626,0.523517,0.0667546,-0.627533,-0.524742,-0.523159,0.0790974,0.583418,2.56299,-0.219486,1.29719,0.811261,-0.967457,-2.12294,1.67566,-0.000211806,8.7793,-1.20958,0.0303999,-0.0120149,-1.23908,2.07366,
913,-0.520244,-0.0454185,-0.237767,-0.0184277,-0.492129,0.0971855,0.0450092,0,0.471287,0.921423,0.0205053,-0.0419112,-0.385749,-0.0455685,0.523487,0.478016,-0.682494,-0.524007,-0.523528,-0.0818192,0.7183,2.80381,-0.135693,1.32413,-0.18766,-1.19577,-0.658808,1.32988,-0.000108557,7.66504,-0.96587,0.00234871,-0.0039544,-5.14874,3.27884,
914,-0.0802694,-0.36066,-0.267208,-0.0184553,-0.505829,0.113554,0.0730387,0,0.533253,0.926527,0.00629551,-0.0521576,-0.372541,-0.025518,0.523473,0.559177,-0.707882,-0.517899,-0.524313,-0.428242,0.86749,2.56047,-0.287968,1.02401,-0.595784,-0.547751,1.42571,-0.496699,3.14396e-05,-2.00386,-0.121282,0.253457,-0.0170444,-8.68455,2.72437,
915,0.100685,-0.289211,-0.167973,-0.0184968,-0.332379,0.0753112,0.0218077,0,0.568887,0.935719,-0.0113981,-0.0521715,-0.34868,-0.0977088,0.523469,0.369956,-0.693218,-0.491813,-0.525492,-0.575251,0.934055,2.10652,-0.0851888,0.410387,-0.546787,0.0342285,0.93599,-2.38335,0.000101502,-5.53975,0.702754,0.779933,-0.0281934,1.25814,-0.0363209,
916,0.207441,-0.341414,-0.0165904,-0.0185467,-0.0361474,0.00799381,-0.071754,0,0.575824,0.945446,-0.021947,-0.0442712,-0.32201,-0.244823,0.523474,0.039195,-0.64502,-0.450053,-0.52691,-0.495721,0.879127,1.99229,0.0208103,-0.133083,-0.339655,0.286702,1.37303,-3.492,2.59961e-05,-7.67275,1.2218,0.89024,-0.0285232,1.91713,-2.14402,
917,0.201791,-0.304568,0.1302,-0.0185968,0.315303,-0.0695504,-0.177896,0,0.55592,0.955698,-0.0243719,-0.0316977,-0.291621,-0.418194,0.523474,-0.341562,-0.583739,-0.419365,-0.528335,-0.364549,0.711736,1.90812,0.0779721,-0.660841,-0.0387037,0.582606,1.19567,-3.44209,-1.02352e-05,-7.55785,1.22951,0.342294,-0.0285087,3.31661,-4.5326,
918,-0.200327,-0.0279395,0.207624,-0.0186436,0.535109,-0.116689,-0.2425,0,0.511247,0.959952,-0.0201002,-0.0182679,-0.278843,-0.537494,0.523482,-0.574754,-0.536249,-0.433961,-0.529665,-0.165804,0.470348,2.11672,-0.212477,-1.05479,-0.408749,0.123396,-0.567182,-0.213209,0.000350914,0.385516,0.680183,-0.908837,-0.0234044,4.63516,-1.13419,
919,-0.380504,0.025562,0.176301,-0.0186782,0.494255,-0.0930569,-0.212982,0,0.448807,0.954342,-0.0351408,-0.0166663,-0.296172,-0.506286,0.523484,-0.457588,-0.524219,-0.522117,-0.530649,0.0242779,0.505733,2.29983,-0.465079,-1.40517,-0.24519,-0.0694133,-0.891946,1.37664,0.000111623,4.23523,-0.191946,-2.60096,-0.0155908,2.9826,0.915291,
920,-0.515369,0.0654477,0.0696109,-0.0186601,0.21972,-0.0331159,-0.133591,0,0.386349,0.945152,0.00550462,-0.00602821,-0.326528,-0.406629,0.52347,-0.162429,-0.550373,-0.536198,-0.530132,0.101472,0.553994,2.44997,-0.718865,-1.06457,0.102373,2.1105,-1.18339,2.58507,-0.00104141,7.53535,-0.839345,0.357382,0.101473,0.130327,1.02677,
921,-0.545671,0.0702108,-0.111313,-0.0183976,-0.298146,0.0477786,-0.023057,0,0.405074,0.931803,0.00871698,-0.0114054,-0.362679,-0.268534,0.523436,0.23444,-0.583898,-0.525961,-0.522673,0.0206618,0.604481,3.21655,0.0572235,1.23121,0.595595,-0.523889,-1.26053,2.93104,-0.00766278,8.35752,-0.583373,0.0819342,0.176654,-3.34401,1.03372,
922,-0.256944,-0.222139,-0.267564,-0.0183966,-0.57089,0.113459,0.0726789,0,0.457475,0.927072,0.0104695,-0.0318715,-0.373379,-0.146817,0.523431,0.558705,-0.603011,-0.524017,-0.522644,-0.241336,0.667006,3.14976,-0.00094339,0.820634,0.0720065,-0.812142,0.603225,1.94155,0.00118735,1.55028,-0.189078,0.011535,-0.037604,-7.12816,1.47301,
923,-0.00877771,-0.240306,-0.222553,-0.0184619,-0.493473,0.100385,0.0594486,0,0.485306,0.935894,0.00170375,-0.0505641,-0.348631,-0.101075,0.523464,0.493857,-0.591476,-0.511152,-0.5245,-0.590004,0.697787,2.78091,0.0494387,0.263348,-0.124143,-0.609288,0.741739,-0.0746088,2.60655e-05,-3.40017,0.640715,0.523657,-0.0420395,-1.6641,-0.225303,
924,0.163884,-0.273775,-0.103512,-0.0185047,-0.255451,0.0486034,-0.0136713,0,0.48503,0.942025,-0.00584477,-0.0526033,-0.331341,-0.145146,0.523462,0.238494,-0.542062,-0.474851,-0.525718,-0.545988,0.642744,2.50126,0.197315,-0.24473,-0.376048,0.425201,1.03915,-1.68342,5.98771e-05,-6.79351,1.33051,0.917163,0.00906821,1.25796,-1.96281,
925,0.238417,-0.291607,0.0557501,-0.0184925,0.159432,-0.0284101,-0.121085,0,0.460347,0.951767,-0.00630627,-0.0356389,-0.304679,-0.246319,0.523471,-0.139334,-0.516759,-0.432593,-0.525372,-0.455031,0.50716,2.34423,0.304454,-0.700065,-0.255613,0.731109,1.19801,-2.35475,0.000108652,-8.30792,-0.150483,0.773783,0.00432104,2.37125,-1.37491,
926,0.161951,-0.22318,0.18909,-0.0184867,0.577959,-0.104771,-0.226359,0,0.415417,0.959095,-0.0115681,-0.0163655,-0.282375,-0.350715,0.523476,-0.51559,-0.528768,-0.416384,-0.525206,-0.295864,0.512626,2.32888,0.298731,-1.12043,-0.400348,0.67709,0.713427,-1.82635,7.35932e-05,-6.75491,-0.331264,-0.117799,0.00288443,3.98221,0.327586,
927,-0.312845,0.101399,0.199775,-0.0184797,0.638874,-0.108575,-0.233235,0,0.37546,0.95756,0.000258329,0.00365011,-0.288211,-0.402795,0.523447,-0.534459,-0.561774,-0.461448,-0.525007,-0.0756896,0.521231,1.22969,-0.0757704,0.607974,-0.530764,-0.20929,-1.43029,-0.144186,-0.00409968,2.73608,-0.835337,-1.64976,0.000809906,4.483,0.0588538,
928,-0.501216,0.267644,0.12545,-0.018462,0.361455,-0.0584134,-0.172562,0,0.402407,0.942232,0.0129783,-0.00951802,-0.334574,-0.373004,0.523462,-0.286731,-0.621355,-0.540451,-0.524502,0.0869236,0.542245,1.51845,-0.195406,0.351125,1.28065,-0.403969,-2.61437,1.32497,0.000860763,7.16355,-1.55064,0.0150361,0.0154957,2.04387,0.778815,
929,-0.572589,0.143991,-0.0630993,-0.0184095,-0.150439,0.0254554,-0.0621361,0,0.437519,0.922073,0.0257389,-0.0298485,-0.385003,-0.286247,0.523581,0.124836,-0.70215,-0.528686,-0.523011,0.0984631,0.622722,2.33887,-0.51442,1.79775,0.953292,-0.467269,-1.90144,2.1434,0.00145993,9.11973,-1.52263,0.172188,0.000764313,-1.50085,2.26226,
930,-0.466771,-0.0872603,-0.287082,-0.0184244,-0.504675,0.1101,0.0569588,0,0.51834,0.907712,0.0388208,-0.0520178,-0.414543,-0.193977,0.52352,0.542027,-0.771067,-0.524496,-0.523436,-0.0787466,0.758685,2.40424,-0.485134,1.44219,0.468208,-0.935627,-0.513722,1.54888,-0.0014044,6.28645,-1.23536,0.0286048,-0.0090029,-5.55293,3.16511,
931,-0.0483085,-0.349342,-0.275948,-0.0184418,-0.457777,0.109054,0.0587895,0,0.576771,0.912294,0.0303951,-0.0752331,-0.401416,-0.171694,0.52348,0.536836,-0.811106,-0.514856,-0.523929,-0.435863,0.896894,2.21668,-0.599171,0.915275,-0.0630297,-1.01821,1.19957,-0.627159,-0.000204225,-2.6293,-0.373581,0.375236,-0.00880657,-8.69713,2.36557,
932,0.113578,-0.273458,-0.1628,-0.0184688,-0.277763,0.0663297,-0.000752548,0,0.606602,0.918767,0.0185995,-0.0913284,-0.383641,-0.251734,0.52347,0.325697,-0.809541,-0.485355,-0.524697,-0.578149,0.948019,1.81854,-0.345436,0.285311,-0.087345,-0.486091,0.665104,-2.56708,4.59211e-05,-5.79389,0.431021,0.795554,-0.0197682,1.35854,-0.295491,
933,0.200061,-0.318689,0.00362953,-0.0185035,0.00663754,-0.0015465,-0.0967629,0,0.606916,0.925806,0.0130041,-0.100668,-0.364115,-0.406813,0.523473,-0.0075826,-0.776238,-0.446853,-0.525683,-0.491349,0.883369,1.74653,-0.229955,-0.274402,0.0965502,-0.287687,1.02785,-3.62704,1.73028e-05,-7.52271,0.898039,0.745559,-0.0196594,2.10678,-2.27459,
934,0.179253,-0.196874,0.167626,-0.0185234,0.329035,-0.0759617,-0.200548,0,0.580125,0.932835,0.0133772,-0.103178,-0.344956,-0.546229,0.523466,-0.373164,-0.732488,-0.427645,-0.526248,-0.352005,0.713901,1.59671,-0.283166,-0.714126,-0.305876,0.927725,0.254582,-0.169883,-0.000774768,-7.10208,0.85278,0.0324805,0.0395408,3.47012,-4.4833,
935,-0.204765,0.0162202,0.254253,-0.018437,0.503859,-0.113319,-0.256156,0,0.534676,0.93181,0.0157126,-0.0768308,-0.354373,-0.513035,0.523476,-0.558008,-0.704478,-0.461465,-0.523792,-0.149819,0.488498,1.74107,-0.508921,-1.06588,-0.661424,0.629681,-1.08291,1.29819,0.000429865,0.475733,0.274915,-1.37554,0.0515178,4.60854,-1.23999,
936,-0.373887,0.0516515,0.218218,-0.0184219,0.458498,-0.0902002,-0.229748,0,0.475575,0.923559,-0.00446386,-0.0478548,-0.380431,-0.403459,0.523474,-0.443463,-0.711488,-0.541049,-0.523364,0.03797,0.510788,1.92289,-0.684718,-1.34062,-1.51244,0.891057,-1.31904,3.07463,9.08055e-05,4.08496,-0.554118,-0.0980402,-0.00568194,2.92472,0.765337,
937,-0.496144,0.189949,0.0913186,-0.0184285,0.20584,-0.0335159,-0.158931,0,0.418242,0.90476,0.0353692,-0.0246758,-0.423733,-0.212973,0.523499,-0.164392,-0.755,-0.529485,-0.523553,0.113575,0.556338,2.16073,-1.23279,-0.838479,1.58436,1.45483,-2.27665,4.51856,0.000408913,7.03175,-1.11667,0.186864,0.0014743,0.137538,1.03558,
938,-0.534006,0.0121213,-0.126994,-0.018429,-0.240381,0.0429492,-0.0557955,0,0.456597,0.885658,0.040866,-0.0383352,-0.460946,0.022077,0.52357,0.210712,-0.795494,-0.524816,-0.523566,0.0356692,0.62525,2.73662,-0.471837,1.36496,0.522769,-1.31742,-1.18328,4.89855,-0.0015834,8.03582,-0.658626,0.0311027,-0.0013575,-3.28273,1.8153,
939,-0.303028,-0.228677,-0.325446,-0.0184402,-0.501363,0.110363,0.0422231,0,0.523767,0.877366,0.0408481,-0.0706599,-0.472829,0.236963,0.523498,0.54333,-0.815608,-0.523992,-0.523884,-0.221057,0.712773,2.70981,-0.445596,1.20082,0.574429,-0.956549,0.351619,3.70247,-0.00106606,2.52441,-0.184903,0.00361276,-0.0105315,-6.97767,1.72,
940,-0.0488667,-0.262757,-0.294625,-0.0184594,-0.442088,0.103623,0.0372339,0,0.570531,0.88536,0.0380831,-0.0975844,-0.452952,0.357941,0.523472,0.509902,-0.804458,-0.517127,-0.524431,-0.572278,0.754356,2.37028,-0.307882,0.62175,0.325965,-0.715128,0.598594,1.17656,-0.000395508,-2.61834,0.62073,0.294957,-0.0170216,-2.03384,-0.0397239,
941,0.108074,-0.285665,-0.172686,-0.0184707,-0.266677,0.0614805,-0.0225817,0,0.586765,0.890877,0.0393343,-0.107334,-0.439625,0.361755,0.523466,0.301824,-0.755487,-0.496125,-0.524752,-0.54501,0.704232,2.16529,-0.102314,0.0664219,0.129641,0.399465,0.824753,-1.01342,1.22328e-06,-5.68528,1.33115,0.531153,0.0245697,0.884944,-1.95033,
942,0.190915,-0.321364,0.0131724,-0.0184304,0.0222268,-0.00491478,-0.115039,0,0.575904,0.902837,0.0473991,-0.0986031,-0.415833,0.280632,0.523473,-0.0240977,-0.679189,-0.474492,-0.523606,-0.482439,0.556606,2.06455,0.0277197,-0.49977,0.312729,0.695247,1.18179,-2.22155,9.97406e-05,-7.33743,1.71842,0.336379,0.0212004,1.6113,-3.93888,
943,0.165111,-0.263233,0.192034,-0.0184257,0.354091,-0.0769163,-0.213497,0,0.542419,0.915057,0.0511809,-0.0826297,-0.391439,0.174814,0.52347,-0.377872,-0.595753,-0.478881,-0.523471,-0.369064,0.500421,1.94628,0.0653268,-0.843367,-0.328866,0.978356,0.892009,-2.0141,1.94445e-05,-6.81812,1.61759,-0.505729,-0.00293483,2.91567,0.578664,
944,-0.201581,-0.0654329,0.271844,-0.0184289,0.537853,-0.112558,-0.261968,0,0.489831,0.920502,0.0526359,-0.058519,-0.382728,0.112273,0.523476,-0.55423,-0.530688,-0.535602,-0.523563,-0.196308,0.51875,2.12935,-0.162273,-1.19724,-0.525361,1.33215,-0.319646,-0.496281,-0.000421758,0.411024,0.986537,-0.612464,0.000659933,3.99093,0.158315,
945,-0.383023,0.163181,0.228012,-0.0184311,0.496798,-0.0886546,-0.233622,0,0.424817,0.913118,0.0373927,-0.0268128,-0.40509,0.138362,0.523473,-0.435824,-0.521058,-0.530093,-0.523625,-0.0390539,0.522692,2.15102,-0.0852832,-1.21059,-2.65212,0.0474379,-1.77509,1.52984,-0.000317245,4.29277,-0.349024,0.190637,0.00546001,2.27333,0.0278858,
946,-0.510792,0.217455,0.0815184,-0.0184277,0.196346,-0.0282469,-0.157573,0,0.369981,0.893701,-0.00620977,0.00260869,-0.448612,0.254779,0.523538,-0.138533,-0.552589,-0.525131,-0.523528,0.00293445,0.552812,2.08836,-0.846954,0.300626,0.801871,0.129271,-2.17839,3.12387,-0.00188891,7.41386,-0.771734,0.039625,0.00308479,-0.508884,1.05544,
947,-0.541954,0.0311137,-0.158427,-0.0184257,-0.302175,0.0510654,-0.0499357,0,0.426841,0.874134,0.00518226,-0.025437,-0.48499,0.421688,0.5235,0.250595,-0.587097,-0.524232,-0.523473,-0.107362,0.634702,2.71244,-0.954877,1.4724,-0.114101,-0.67327,-1.01482,3.53597,-0.00169034,8.25424,-0.713331,0.00288734,0.00387452,-3.91838,2.29799,
948,-0.246206,-0.27559,-0.351866,-0.0184288,-0.549862,0.115425,0.044915,0,0.488557,0.869796,-0.00616817,-0.038666,-0.491856,0.540447,0.523475,0.568471,-0.612215,-0.52397,-0.52356,-0.397839,0.752146,2.55882,-0.896741,0.984975,-0.305723,-0.658076,0.954145,0.132252,-0.000165908,1.32662,-0.298361,0.00147387,-0.0040475,-7.68228,2.39858,
949,-0.00470069,-0.239549,-0.298008,-0.0184463,-0.465321,0.100787,0.0281473,0,0.522606,0.880618,-0.0205826,-0.0423838,-0.471478,0.482536,0.523469,0.49585,-0.605848,-0.515919,-0.524058,-0.587427,0.818402,2.07355,-0.622842,0.367629,-0.425505,-0.075264,0.716632,-2.41556,6.54875e-05,-3.47965,0.545242,0.326362,-0.0168932,1.28947,0.272599,
950,0.157963,-0.345476,-0.14092,-0.0184766,-0.238513,0.0491791,-0.0429301,0,0.527188,0.893194,-0.0295947,-0.0369286,-0.447174,0.310067,0.523475,0.241323,-0.560792,-0.495449,-0.524919,-0.520615,0.787673,1.96853,-0.504567,-0.184327,-0.305201,0.125455,1.51951,-4.46715,4.51214e-05,-6.67516,1.25214,0.491267,-0.0174567,1.28428,-1.48774,
951,0.227046,-0.36749,0.0687739,-0.0185088,0.133689,-0.0260354,-0.144624,0,0.504371,0.911004,-0.030611,-0.0269388,-0.410377,0.0662255,0.523475,-0.127682,-0.512675,-0.479303,-0.525834,-0.429448,0.651536,1.87019,-0.375103,-0.715048,0.111385,0.580923,1.74735,-5.27966,-3.06079e-05,-8.0737,-0.0525379,0.158911,-0.0196786,2.35287,-3.93958,
952,0.159886,-0.295988,0.241305,-0.0185427,0.520552,-0.10104,-0.244229,0,0.457637,0.925933,-0.023791,-0.0139129,-0.376682,-0.178524,0.523474,-0.497101,-0.52407,-0.497326,-0.526796,-0.273476,0.481428,1.83318,-0.422739,-1.09155,-0.313823,0.289029,1.21844,-4.51306,4.15377e-05,-6.71359,-0.312697,-0.874842,-0.018734,3.87486,0.211597,
953,-0.280017,-0.109757,0.252792,-0.0185746,0.609591,-0.108353,-0.252586,0,0.400076,0.929568,-0.00718979,-0.00632345,-0.368525,-0.353519,0.523485,-0.533356,-0.55723,-0.535105,-0.527704,-0.0544973,0.511713,1.85958,-1.01094,-1.13987,1.86116,1.09966,-0.0714647,-2.51878,3.04613e-05,2.03444,-1.01005,0.160693,-0.0215424,4.86896,0.396572,
954,-0.468414,0.300587,0.169353,-0.018545,0.416772,-0.0657273,-0.200333,0,0.386365,0.915125,0.00979953,0.000107577,-0.403051,-0.426658,0.523462,-0.322731,-0.618668,-0.526726,-0.526862,0.123882,0.521481,1.46242,-0.468007,0.637158,0.595101,-0.47578,-2.83934,-0.408302,0.000188642,6.3278,-1.43218,0.0904423,0.0433233,2.30077,0.0702933,
955,-0.562083,0.155468,-0.0351894,-0.0184068,-0.0716464,0.0117536,-0.103026,0,0.426623,0.884729,0.027157,-0.0246233,-0.464661,-0.416268,0.523489,0.0576314,-0.697097,-0.524499,-0.522934,0.153558,0.577078,2.10307,-0.778008,1.24946,0.857698,-0.714294,-1.96933,0.796889,0.000290998,8.81849,-1.67621,0.0154401,0.122149,-1.03918,2.09342,
956,-0.524105,-0.0640481,-0.297136,-0.0184107,-0.475129,0.0963226,0.0161029,0,0.487139,0.868244,0.0341161,-0.0546177,-0.49194,-0.384989,0.523491,0.473745,-0.774118,-0.524093,-0.523046,0.00239112,0.705102,2.34804,-0.656818,1.67382,1.27583,-0.483666,-0.666947,0.454693,9.87522e-05,7.76843,-1.21379,0.00180392,-0.0445046,-4.9424,2.86903,
957,-0.0854328,-0.393932,-0.336984,-0.0184927,-0.478712,0.113531,0.0458741,0,0.56975,0.875041,0.0282701,-0.0762927,-0.477161,-0.418085,0.52348,0.559059,-0.812275,-0.52311,-0.525377,-0.33344,0.828841,2.1952,-0.749563,1.40181,-0.0369569,-0.920351,1.52819,-1.74948,-0.000129174,-1.90261,-0.386488,0.0513162,-0.0447783,-8.49229,2.1677,
958,0.0857407,-0.261828,-0.219593,-0.0185763,-0.311882,0.0772196,-0.00106996,0,0.624715,0.88932,0.0144056,-0.0924852,-0.447603,-0.543357,0.52347,0.379368,-0.81045,-0.512131,-0.527751,-0.57951,0.862077,1.7845,-0.609147,0.769287,-0.243792,-0.514736,0.5839,-0.873264,-8.12544e-05,-5.246,0.454451,0.399868,-0.053133,0.789748,-0.805091,
959,0.186139,-0.259927,-0.0383687,-0.0186697,-0.0546662,0.0136341,-0.0930644,0,0.649071,0.893978,0.0033415,-0.100026,-0.436791,-0.533312,0.523473,0.0668529,-0.773919,-0.492801,-0.530405,-0.516275,0.77486,1.65261,-0.575293,0.206669,-0.142794,-0.3576,0.621669,0.302398,3.72239e-05,-7.24094,1.0022,0.370617,-0.052624,1.55742,-2.67029,
960,0.188262,-0.242862,0.163319,-0.0187612,0.239122,-0.0603553,-0.197615,0,0.645542,0.899909,-0.00124518,-0.10561,-0.423094,-0.525124,0.523474,-0.296286,-0.722302,-0.491429,-0.533007,-0.406568,0.596829,1.60087,-0.48901,-0.349041,0.115546,-0.14979,0.57718,0.0587772,1.2315e-05,-7.28381,1.06204,-0.309575,-0.051509,2.81973,-4.43666,
961,-0.157169,-0.023588,0.296672,-0.0188486,0.44284,-0.112397,-0.270853,0,0.618017,0.900393,-0.00747709,-0.11176,-0.420411,-0.491939,0.523481,-0.553429,-0.681086,-0.532894,-0.53549,-0.234541,0.48387,1.73656,-0.638129,-0.708906,-0.400941,-0.66424,-0.796329,1.27268,0.000228193,-0.483311,0.588025,-0.311616,-0.0454228,4.06376,0.802164,
962,-0.320616,0.0198345,0.277818,-0.0188358,0.419813,-0.0991842,-0.258224,0,0.579302,0.890066,-0.0239371,-0.096643,-0.444825,-0.375785,0.523459,-0.487911,-0.672927,-0.528093,-0.535126,-0.0642228,0.522944,1.7964,-0.828053,-0.862636,-1.4745,0.921893,-1.06212,3.35511,9.68241e-05,2.90429,-0.254318,0.125031,0.0504327,2.75633,0.680607,
963,-0.443795,0.141298,0.167291,-0.0187426,0.265923,-0.0550329,-0.203087,0,0.526662,0.876322,-0.040791,-0.0647504,-0.475607,-0.161488,0.523476,-0.270103,-0.703504,-0.524915,-0.532479,0.0123645,0.559741,1.92827,-1.27442,-0.977724,0.276979,1.11658,-1.88578,5.2189,0.00127675,5.72193,-0.964856,0.0234844,0.0555372,0.335713,0.776892,
964,-0.504219,0.178325,-0.0373622,-0.0186388,-0.0604183,0.0110923,-0.118943,0,0.477675,0.850778,0.0138016,-0.0516827,-0.522796,0.124109,0.523492,0.0543884,-0.760095,-0.524304,-0.529528,-0.0514626,0.622762,2.11547,-1.74843,-1.01734,1.70849,2.39888,-2.20695,6.18298,-0.000675448,7.24166,-1.276,0.00481744,0.0897713,-2.87155,1.73949,
965,-0.460274,-0.195498,-0.268457,-0.0184944,-0.394559,0.0791794,-0.0216766,0,0.49543,0.841787,0.0231718,-0.0361524,-0.538099,0.41706,0.523521,0.389036,-0.799423,-0.524139,-0.525425,-0.272287,0.72021,3.02642,-1.57126,1.78861,-1.08036,0.207094,0.152395,5.55489,-0.00067873,6.12519,-0.219674,0.000923864,0.059233,-5.95987,2.09,
966,-0.161939,-0.362305,-0.365799,-0.0184137,-0.481884,0.114516,0.0369156,0,0.570229,0.855606,0.00489462,-0.0156891,-0.517366,0.556462,0.523481,0.563955,-0.795689,-0.523862,-0.52313,-0.598129,0.785937,2.67362,-1.18536,1.17816,-1.14458,0.744544,1.31571,-0.558442,-0.000722728,-0.387951,0.357808,0.00480942,0.00128874,-1.52942,0.5554,
967,0.0143514,-0.420431,-0.284845,-0.0184264,-0.375861,0.0930217,0.0123755,0,0.614869,0.873077,-0.00685831,0.0187311,-0.487174,0.462621,0.523474,0.457414,-0.757472,-0.517029,-0.523492,-0.551569,0.746536,2.48744,-0.999948,0.621807,-1.01621,1.04713,1.8071,-3.18019,9.26888e-05,-3.85093,1.16647,0.257087,-0.00803252,0.953103,-2.11097,
968,0.143251,-0.480861,-0.115783,-0.0184404,-0.167271,0.0409829,-0.0532988,0,0.632581,0.896197,-0.0102756,0.0556424,-0.440034,0.255308,0.523475,0.201055,-0.683561,-0.5026,-0.523891,-0.502932,0.566276,2.35813,-0.885371,0.0903209,-0.705485,1.34833,2.39412,-5.09656,-3.7764e-05,-6.38183,1.78569,0.32008,-0.00787888,0.990913,-5.07565,
969,0.188021,-0.473668,0.0708039,-0.0184564,0.118045,-0.0286784,-0.141655,0,0.630072,0.918402,-0.0195246,0.0950221,-0.383571,-0.0142745,0.523471,-0.140651,-0.588373,-0.496761,-0.524345,-0.428809,0.493114,2.24605,-0.846257,-0.217747,-1.42272,1.10594,2.46702,-5.68362,3.68469e-05,-7.27891,2.01862,-0.0826156,-0.0101479,1.96814,0.756599,
970,0.129256,-0.470068,0.199894,-0.0184625,0.385451,-0.0965112,-0.225001,0,0.62047,0.93811,-0.0266464,0.117497,-0.324706,-0.278102,0.523821,-0.474678,-0.513152,-0.526392,-0.524519,-0.29836,0.51693,1.39677,-0.7591,0.150888,0.473917,-0.682232,2.54204,-4.87053,0.0091296,-6.10634,0.11995,-0.874705,0.0111867,3.24657,0.204902,
971,-0.247479,-0.25519,0.205433,-0.018437,0.441983,-0.111291,-0.237379,0,0.613255,0.952381,-0.0138161,0.0952754,-0.289313,-0.478045,0.523266,-0.547936,-0.529901,-0.528442,-0.523793,-0.11543,0.521521,1.65566,-0.942828,-0.415905,0.725759,-0.823341,0.928537,-3.15227,0.00337361,1.35445,-0.690148,0.128792,0.0164247,4.0558,0.0287957,
972,-0.391608,-0.167457,0.14493,-0.0184262,0.352118,-0.0816432,-0.191679,0,0.579426,0.958459,0.00182095,0.0690429,-0.276743,-0.542936,0.523435,-0.401195,-0.583867,-0.524956,-0.523487,0.0381211,0.522577,1.82701,-1.11597,-0.932227,0.995195,-0.861881,0.267027,0.520091,0.00180565,4.48982,-1.46122,0.0266899,-0.00233091,2.10197,0.0099284,
973,-0.487808,-0.186613,0.0422322,-0.0184292,0.119916,-0.0240735,-0.106373,0,0.520529,0.96103,0.0255616,0.0403884,-0.272279,-0.491483,0.523476,-0.118057,-0.669867,-0.524302,-0.523572,0.0696953,0.522946,2.02499,-1.06554,-1.41448,1.44695,-0.806078,0.273664,1.52916,0.000260663,6.81763,-1.97256,0.00317001,-0.000855663,-0.815557,0.00196356,
974,-0.50848,-0.286631,-0.0809939,-0.0184335,-0.272697,0.0481651,0.00391104,0,0.448799,0.964519,0.0376513,0.00542019,-0.261259,-0.409976,0.523486,0.23634,-0.769595,-0.524099,-0.523694,-0.0587732,0.522925,1.97703,-0.13826,-1.16251,-1.048,-2.31247,0.811855,1.72255,0.000105137,7.35336,-2.00376,0.00122514,-0.0067118,-4.29196,-0.000327509,
975,-0.358799,-0.418149,-0.165509,-0.0185106,-0.542053,0.107813,0.0988119,0,0.464433,0.969329,0.053984,-0.0122947,-0.239447,-0.342253,0.523514,0.530676,-0.832656,-0.521552,-0.525885,-0.349154,0.522431,2.92759,0.414889,1.87238,0.505836,0.465717,1.68491,0.985287,-0.000456665,3.74513,-0.538677,0.0613617,-0.0802304,-7.24524,-0.000173512,
976,-0.0533797,-0.371904,-0.130904,-0.0186543,-0.464454,0.104657,0.105687,0,0.544011,0.978922,0.0623923,-0.0020581,-0.194458,-0.324062,0.523478,0.515027,-0.839182,-0.501129,-0.529969,-0.576501,0.522373,2.44438,0.34111,1.31767,0.0285249,0.73527,1.32605,-0.232278,-0.000379067,-2.53022,0.268768,0.770465,-0.0847637,0.713192,-0.000782747,
977,0.112158,-0.425647,-0.0628142,-0.0187995,-0.266446,0.0625278,0.0527834,0,0.597331,0.9856,0.0640308,0.0141999,-0.155857,-0.35931,0.523473,0.306978,-0.806858,-0.444773,-0.534095,-0.531955,0.522452,2.33307,0.332553,0.817926,-0.1687,0.766086,1.77899,-1.1719,-1.78409e-06,-5.76588,1.01907,1.47655,-0.0799388,0.712,0.00125764,
978,0.194514,-0.434484,0.00325031,-0.0189363,0.0193192,-0.00464501,-0.0351671,0,0.626236,0.991601,0.0623452,0.0324769,-0.108561,-0.427945,0.523472,-0.0227749,-0.745493,-0.363287,-0.537982,-0.476879,0.522367,2.1863,0.334745,0.34285,-0.265887,0.904683,1.93348,-1.57044,-1.52884e-05,-7.41025,1.43317,1.78067,-0.0755789,1.48489,-0.00145726,
979,0.169558,-0.393805,0.0307166,-0.0190647,0.309413,-0.0774728,-0.131021,0,0.632126,0.994828,0.0598236,0.0544815,-0.061408,-0.503812,0.523473,-0.380617,-0.676117,-0.282565,-0.541633,-0.36899,0.522312,2.10809,0.320226,-0.105046,-0.260923,1.03785,1.71652,-1.46479,2.18838e-05,-6.9073,1.34268,1.45076,-0.0704865,2.81962,-0.00054346,
980,-0.207302,-0.197497,0.0237637,-0.0191801,0.449111,-0.11361,-0.176741,0,0.614631,0.994963,0.0563435,0.0763481,-0.0323173,-0.529991,0.52348,-0.559453,-0.624566,-0.234702,-0.544913,-0.200027,0.522388,2.41037,0.251803,-0.608319,-0.256445,0.766036,0.408761,0.152133,5.91827e-05,0.527328,0.721696,0.473213,-0.0603998,3.93013,0.0011927,
981,-0.35854,-0.154043,0.0126791,-0.0192793,0.397327,-0.0919697,-0.14216,0,0.571386,0.99417,0.0515769,0.0922509,-0.0213292,-0.518191,0.523479,-0.452211,-0.610129,-0.243636,-0.54773,-0.0458797,0.522827,2.54978,0.327847,-1.00709,-0.724607,0.29926,0.142646,0.324202,0.000105744,3.73958,-0.130527,-0.811578,-0.0558787,2.2248,0.00508351,
982,-0.472297,-0.0877728,0.00651265,-0.0193856,0.196282,-0.0402336,-0.0664824,0,0.527304,0.996535,-0.00430867,0.0791835,-0.0251002,-0.499585,0.523481,-0.197374,-0.632311,-0.307888,-0.550752,-0.0054631,0.522986,2.41542,0.710425,-1.09768,-2.30898,-0.700504,-0.317522,0.407134,-0.000139566,6.42484,-0.767111,-1.76921,-0.0559999,-0.53055,0.000497988,
983,-0.514355,-0.212818,-0.00349623,-0.0194489,-0.164641,0.030737,0.04125,0,0.48204,0.99877,-0.0338157,0.0316694,-0.0176416,-0.479629,0.523514,0.150753,-0.677061,-0.406659,-0.552551,-0.117106,0.523138,1.96567,0.711082,-1.08963,-0.918173,-2.05183,0.437844,0.400334,-0.00114089,7.50818,-1.01248,-2.17506,-0.0303796,-3.90758,0.00116658,
984,-0.447362,-0.152276,-0.0095842,-0.0195133,-0.532123,0.0981369,0.141966,0,0.43241,0.999774,0.00377622,0.0144511,-0.0151033,-0.46111,0.523482,0.482725,-0.714991,-0.50388,-0.554381,-0.400484,0.522834,2.14566,0.913936,-0.945572,3.46192,0.643845,-0.014684,0.339904,-0.000456043,5.8086,-0.514389,-1.72752,-0.0471288,-7.40414,-0.00099233,
985,-0.0968592,-0.213606,-0.00151325,-0.0196567,-0.612869,0.110497,0.163472,0,0.405063,0.999549,0.00193727,0.0299069,-0.00211602,-0.446239,0.523403,0.543994,-0.7157,-0.530344,-0.558456,-0.589313,0.522911,0.852866,0.200047,0.422388,-1.25901,0.417803,0.389397,0.228272,-0.00314792,-1.67757,0.513828,0.364163,-0.112009,1.31823,0.00272823,
986,0.124417,-0.298048,0.00796212,-0.0198338,-0.409481,0.0715099,0.110883,0,0.428966,0.999572,-0.0123727,0.0201147,0.0172451,-0.436661,0.52343,0.351217,-0.669862,-0.483665,-0.56349,-0.531915,0.522867,0.506846,-0.0816041,0.281791,-0.529475,-0.581049,1.03017,0.169977,0.0011594,-6.00784,1.30575,1.4968,-0.0963169,0.778699,-0.000633578,
987,0.254065,-0.35372,-0.000975286,-0.0200008,0.0199491,-0.00329815,0.00701943,0,0.430609,0.998602,-0.0253535,0.00679283,0.0458771,-0.42708,0.52346,-0.0161711,-0.592817,-0.390727,-0.568238,-0.471377,0.522703,0.288385,-0.203101,-0.154609,-0.320482,-0.0626768,1.53492,0.202375,-0.000197829,-8.63242,1.79,2.20715,-0.0987637,1.63054,-0.00150161,
988,0.224217,-0.229086,-0.0466727,-0.0201707,0.50243,-0.0878646,-0.109557,0,0.415294,0.996206,-0.0265529,0.0100854,0.0822582,-0.418444,0.523439,-0.43192,-0.51371,-0.281596,-0.573066,-0.345552,0.522578,0.172143,-0.373156,-0.416622,0.208708,-0.634127,0.774085,0.109877,-0.000979482,-8.01536,0.417427,2.17317,-0.0835846,3.40113,-0.00125813,
989,-0.251639,-0.00574323,-0.0611281,-0.0202956,0.644918,-0.113362,-0.147052,0,0.386894,0.996486,-0.00686128,-0.00365866,0.0834025,-0.420482,0.523454,-0.558222,-0.524088,-0.19425,-0.576616,-0.13831,0.522796,0.511499,-0.239788,-0.545712,0.970624,0.477503,-0.691962,-0.1878,-0.000433433,1.4396,-0.525799,1.3246,-0.02079,4.8805,0.0025989,
990,-0.447954,0.0676805,-0.0313007,-0.0200852,0.469568,-0.076086,-0.0968287,0,0.389743,0.997956,0.00124749,0.00472076,0.0637218,-0.433461,0.523353,-0.373777,-0.569163,-0.155826,-0.570635,0.0494552,0.523303,0.550401,-0.0645291,0.68468,0.472505,0.463594,-1.22382,-0.353502,0.00185678,5.82391,-1.21782,0.307831,0.236369,2.65261,0.00700161,
991,-0.565546,-0.0457068,-0.000222622,-0.0196712,0.00579417,-0.000919362,0.00840533,0,0.413316,0.999147,0.0126575,0.0115719,0.0375679,-0.456783,0.52345,-0.0045077,-0.642191,-0.158458,-0.558869,0.0979362,0.535767,0.687197,0.280249,0.327958,0.286628,-0.366001,-0.600934,-0.586773,0.0013171,8.91768,-1.69093,-0.416188,0.235775,-0.655892,0.468745,
992,-0.540922,-0.149725,0.016097,-0.0192544,-0.483041,0.087104,0.136842,0,0.431686,0.99887,0.0379465,3.53354e-06,0.0286007,-0.486365,0.52356,0.428162,-0.721924,-0.177239,-0.547024,-0.0341001,0.547196,1.15686,1.1235,1.15191,2.12249,-0.915607,-0.0409806,-0.610028,0.00245348,8.22537,-1.39268,-0.333412,0.288859,-4.41322,-0.151104,
993,-0.109111,-0.444959,0.043424,-0.0186358,-0.545222,0.113541,0.183388,0,0.485718,0.996944,0.0493664,-0.0131033,0.0591167,-0.514647,0.523498,0.559109,-0.773546,-0.172065,-0.529442,-0.345098,0.517736,1.0748,0.948631,0.849072,-0.0353945,-0.45372,1.97735,-0.508652,-0.000975583,-1.43692,-0.682393,0.565464,0.352112,-8.04879,-0.248418,
994,0.0874109,-0.299625,0.0500042,-0.0183419,-0.382515,0.0794295,0.143131,0,0.514497,0.994025,0.0416246,-0.0258313,0.0975455,-0.526187,0.523472,0.39027,-0.785989,-0.110795,-0.52109,-0.578698,0.519951,0.727663,0.609677,0.291595,-0.532198,-0.261093,0.879774,0.0692233,-0.000175448,-5.27881,0.176827,1.88616,-0.0499105,0.799628,0.0768522,
995,0.212837,-0.305294,0.00991672,-0.018436,-0.0649891,0.012894,0.0502447,0,0.51612,0.991915,0.0275676,-0.0332709,0.119318,-0.513763,0.523473,0.0632237,-0.762583,0.00711836,-0.523765,-0.515547,0.522228,0.57549,0.499935,-0.225304,-0.576318,-0.142177,0.952132,0.423545,4.01722e-05,-7.78274,0.756087,2.82247,-0.0531391,1.56318,0.0187503,
996,0.217146,-0.264912,-0.0601919,-0.018526,0.339912,-0.0668258,-0.0633895,0,0.492481,0.989394,0.0139314,-0.0372626,0.139704,-0.491195,0.523475,-0.32814,-0.722967,0.154222,-0.526323,-0.400513,0.52263,0.439672,0.472813,-0.719425,-0.488245,-0.011246,0.726666,0.478945,2.86274e-05,-7.87079,0.828224,3.0599,-0.0489481,3.02617,0.00236,
997,-0.194248,-0.158228,-0.117249,-0.0186074,0.585115,-0.11591,-0.132061,0,0.452546,0.987322,0.0152795,-0.0180987,0.156952,-0.478809,0.523478,-0.570882,-0.693011,0.292339,-0.528637,-0.213435,0.522747,0.621063,0.530192,-0.976443,0.412801,0.801793,0.0547916,0.041087,0.000297385,0.262294,0.349281,2.47906,-0.0394494,4.4549,0.00108409,
998,-0.386556,0.088286,-0.0880889,-0.0185992,0.535479,-0.0920887,-0.0988217,0,0.402419,0.988656,0.020845,0.0105695,0.14837,-0.497319,0.523476,-0.4528,-0.696071,0.389318,-0.528401,-0.031035,0.522956,0.793097,0.722634,-0.537249,-0.77592,1.005,-1.53255,-0.752187,0.00139305,4.37355,-0.422208,1.43057,0.0850791,2.81639,-0.000129148,
999,-0.525859,0.224661,-0.0177573,-0.0183932,0.186694,-0.0304915,-0.0219856,0,0.420584,0.995546,0.02606,0.00700283,0.0903326,-0.531241,0.523527,-0.149548,-0.728345,0.442212,-0.522549,0.0395667,0.535565,1.11133,1.2986,0.517553,0.817508,-1.19028,-2.47108,0.019233,-0.000395858,7.81537,-0.917086,0.665797,0.0315242,0.0370234,0.524131,
