step,action0,action1,action2,action3,action4,action5,action6,action7,state0,state1,state2,state3,state4,state5,state6,state7,state8,state9,state10,state11,state12,state13,state14,state15,state16,state17,state18,state19,state20,state21,state22,state23,state24,state25,state26,
0,1.13556e-05,0.00063118,-0.000160584,-0.00230826,-0.0119363,0,0.000522989,0,0.654131,0.996935,0.042092,0.0582416,-0.0309292,-0.00735012,0.0565116,0.0761231,0.0462263,-0.000918915,0.0158844,-0.0385503,0.043975,0.047868,0.0731876,0.0648389,0.0549416,0.0181467,0.0555343,0.0700165,0.0293458,0.035029,0.0451245,0.00214929,0.0969759,0.0306798,0.0941912,
1,2.36511e-07,0.000477686,-0.000567906,-0.167364,-0.0119297,0,0.000573644,0,0.678336,0.996386,0.0431679,0.067183,-0.0289419,-0.00402041,0.434843,0.0756213,-0.414936,-0.000695448,-0.420334,-0.0370078,0.433123,0.129064,0.00201415,0.264772,0.0237876,0.390409,0.0794113,0.0625593,8.34409,-0.0552199,-10.1921,0.00760097,-9.64973,0.0315817,8.58097,
2,3.86103e-07,0.000120652,-0.000959263,-0.292424,-0.0119224,0,0.000469919,0,0.673614,0.995777,0.0428389,0.0768891,-0.0260834,-0.0011292,0.811102,0.0706511,-0.911993,-0.000175654,-0.890996,-0.0353777,0.851726,0.0662822,0.0130182,-0.464166,-0.0755713,0.373343,0.112067,0.053581,6.72002,-0.142763,-9.69427,0.012839,-9.18034,0.0334644,8.16671,
3,1.16616e-06,0.00048967,0.00181154,-0.305757,-0.0119587,0,-0.00036563,0,0.646339,0.998805,-0.0321012,0.0250117,-0.0270526,0.00332335,1.08532,0.0614236,-1.28361,-0.000712895,-1.2924,-0.0347794,1.24167,0.0585471,0.00968801,-0.871935,-3.21847,-3.70499,-0.0401633,0.122128,4.26452,-0.223428,-0.419874,-0.024246,-1.76171,-0.00708003,6.23582,
4,-0.000305911,0.00178348,0.00296964,0.0108656,-0.011969,0,0.000113863,0,0.644652,0.999664,-0.0209927,-0.014912,0.00305748,0.00847499,1.22814,0.0525085,-1.23738,-0.00259651,-1.24527,-0.0363328,1.25231,0.605662,-0.697766,0.0631988,1.38015,-0.719968,1.26934,0.10203,0.859969,-0.206556,1.06689,-0.0397464,1.36513,-0.0318455,-1.11043,
5,-0.000254992,0.00347779,0.00570723,0.00803223,-0.0119647,0,0.000255298,0,0.641769,0.999306,0.00845125,-0.0197054,0.0304469,0.0140821,1.22704,0.0403065,-1.18548,-0.0050632,-1.1802,-0.0377719,1.19835,0.842712,-0.298268,0.0479689,0.756787,0.855398,0.637563,0.123617,-0.185913,-0.271787,1.00461,-0.0763879,1.18043,-0.0238184,-1.05003,
6,-0.00031389,0.00604995,0.00520777,0.00310477,-0.0119561,0,0.00232483,0,0.632453,0.998589,0.0255841,0.00294421,0.0464344,0.0211621,1.21943,0.0248814,-1.13646,-0.00880793,-1.12282,-0.0389695,1.14775,0.752448,-0.211061,-0.326129,0.520358,0.751949,0.577863,0.157867,-0.118868,-0.344609,0.956559,-0.0697027,1.11788,-0.0275916,-0.939095,
7,0.000467546,0.00763743,0.0025094,-0.0121795,-0.0119505,0,0.00455433,0,0.631234,0.998124,0.0174683,0.00384429,0.0585494,0.0293646,1.21429,0.00595819,-1.08988,-0.0111191,-1.06856,-0.0409456,1.11219,0.153791,0.249034,-0.144812,-0.508872,-0.096626,0.466055,0.177007,-0.0883176,-0.412894,0.908414,-0.0335863,1.0574,-0.0420223,-0.629208,
8,0.000374579,0.00819397,-7.59295e-05,-0.0150458,-0.0119434,0,0.00598903,0,0.61169,0.997524,0.0049156,0.000518662,0.0701552,0.0384604,1.20775,-0.0163657,-1.04556,-0.0119294,-1.01699,-0.0429145,1.08289,0.112325,0.185965,-0.573894,-0.424815,-0.210224,0.445003,0.185717,-0.152159,-0.480157,0.864358,0.00101625,1.00638,-0.0352997,-0.542616,
9,-0.000551768,0.00741193,-0.00327893,-0.0179589,-0.011932,0,0.00669639,0,0.589453,0.99658,0.00859997,-0.0193279,0.0798842,0.0474411,1.20401,-0.0422772,-1.00353,-0.0107908,-0.967889,-0.0441451,1.05812,-0.222987,-0.302836,-0.545528,0.299365,-1.02004,0.385669,0.175248,-0.0778265,-0.552116,0.818732,0.0438861,0.957883,-0.0193167,-0.451536,
10,-8.40882e-05,0.00554449,-0.00558418,-0.0215189,-0.0119253,0,0.00625683,0,0.583987,0.996014,0.00468506,-0.0267264,0.0849755,0.0553489,1.19876,-0.0708378,-0.964261,-0.00807205,-0.926166,-0.0452759,1.03766,-0.000654698,-0.0616957,-0.0370635,-0.0837983,-0.246251,0.178814,0.14236,-0.123391,-0.599419,0.756927,0.0747409,0.785282,-0.0232422,-0.369556,
11,-0.000113244,0.00230335,-0.0084457,-0.0235843,-0.0119181,0,0.00503996,0,0.57463,0.995416,0.00727441,-0.03212,0.0897857,0.0613068,1.18958,-0.102272,-0.927906,-0.00335337,-0.887883,-0.0463829,1.02064,0.0402913,-0.200003,-0.2707,0.206189,-0.146238,0.174012,0.0947697,-0.241596,-0.655678,0.696613,0.113043,0.737438,-0.02124,-0.310622,
12,9.55259e-05,-0.0020532,-0.0105863,-0.0246962,-0.011914,0,0.00272476,0,0.569006,0.995075,0.00935361,-0.0323238,0.0932371,0.0643773,1.17593,-0.136305,-0.894135,0.00298918,-0.854073,-0.0474602,1.0061,0.0361074,-0.189266,-0.234538,0.153846,-0.0747219,0.136894,0.0295602,-0.327958,-0.708505,0.657368,0.141697,0.652187,-0.0206326,-0.274,
13,0.000357858,-0.00709159,-0.0113818,-0.0238976,-0.0119103,0,-0.00062228,0,0.56068,0.994764,0.0120569,-0.0323115,0.0962049,0.0639107,1.15739,-0.172974,-0.86225,0.0103244,-0.823627,-0.048452,0.992506,0.0111814,-0.205281,-0.227371,0.165792,-0.0492567,0.113412,-0.0471981,-0.421668,-0.759527,0.619771,0.152347,0.581679,-0.0183858,-0.271131,
14,0.000481002,-0.0120892,-0.0103878,-0.021354,-0.0119072,0,-0.00465266,0,0.552555,0.994504,0.0144251,-0.0309525,0.0989778,0.0595753,1.1343,-0.212146,-0.832204,0.0176003,-0.796554,-0.0493061,0.978123,0.0237253,-0.161857,-0.160661,0.0515257,0.126736,0.105974,-0.12576,-0.509266,-0.80726,0.583114,0.13904,0.508015,-0.0157166,-0.304546,
15,0.000715028,-0.0161514,-0.0073175,-0.0172336,-0.0119041,0,-0.00882992,0,0.544286,0.994246,0.0169397,-0.0286392,0.101819,0.0516008,1.10742,-0.253728,-0.803914,0.0235143,-0.772446,-0.0499558,0.961169,-0.00146407,-0.180092,-0.164192,0.0557001,0.170096,0.109981,-0.193316,-0.576819,-0.854162,0.548809,0.0979414,0.451928,-0.0114702,-0.373098,
16,0.00102259,-0.0183218,-0.00217568,-0.0121011,-0.011901,0,-0.0124565,0,0.535409,0.993983,0.0194187,-0.0253604,0.104773,0.0408712,1.07781,-0.297591,-0.777294,0.0266742,-0.750982,-0.0503615,0.940128,-0.0417886,-0.227047,-0.119596,0.110853,0.146074,0.112831,-0.235736,-0.605669,-0.899146,0.515392,0.0291198,0.401046,-0.00536952,-0.467033,
17,0.000724118,-0.0177705,0.00456057,-0.00745154,-0.0118971,0,-0.0147389,0,0.527392,0.993665,0.0186636,-0.0252791,0.107904,0.0289641,1.04686,-0.343637,-0.752185,0.0258716,-0.731845,-0.0504844,0.914647,-0.138937,-0.165764,-0.128593,-0.0902295,-0.0326033,0.144048,-0.239164,-0.625609,-0.941893,0.486902,-0.0610401,0.359873,-2.807e-05,-0.556636,
18,0.000590213,-0.0138851,0.0122741,-0.00271311,-0.0118925,0,-0.0149869,0,0.518712,0.993274,0.0168568,-0.0266062,0.111425,0.0181219,1.0159,-0.391728,-0.728568,0.0202149,-0.714738,-0.0503725,0.88435,-0.148953,-0.172919,-0.150186,-0.0630242,-0.0513765,0.138559,-0.195268,-0.607912,-0.981042,0.457129,-0.164292,0.321739,0.00444299,-0.653589,
19,0.000216856,-0.00651644,0.0197192,0.000381264,-0.0118885,0,-0.012596,0,0.510706,0.992941,0.0145447,-0.0275135,0.114458,0.0107717,0.98661,-0.441686,-0.706416,0.00948708,-0.699569,-0.0500672,0.850066,-0.124988,-0.135376,-0.179787,-0.149067,0.0382465,0.11159,-0.0996729,-0.567108,-1.01678,0.429424,-0.263977,0.285312,0.00752417,-0.717407,
20,-0.000151068,0.00388255,0.0254837,0.00100255,-0.0118858,0,-0.00733258,0,0.50334,0.992713,0.0121364,-0.0293747,0.116233,0.00935071,0.960064,-0.493361,-0.685646,-0.00565248,-0.68606,-0.0496415,0.814077,-0.132227,-0.158284,-0.187333,-0.103545,-0.0834304,0.0524728,0.0427535,-0.50254,-1.05032,0.402629,-0.34119,0.256532,0.0091408,-0.723317,
21,-0.000427778,0.0160577,0.0272817,-0.00140111,-0.0118853,0,0.000804156,0,0.496609,0.992672,0.00846633,-0.0323058,0.116132,0.0159507,0.936292,-0.531206,-0.666168,-0.0233779,-0.67389,-0.0492485,0.779741,-0.0510444,-0.108372,-0.15358,-0.216936,-0.0928831,-0.0747243,0.224846,-0.449353,0.0261774,0.377568,-0.365279,0.233909,0.00742964,-0.651725,
22,-0.000886865,0.028,0.0248163,-0.00691413,-0.0118858,0,0.0104711,0,0.490868,0.992714,0.00382091,-0.0369696,0.114623,0.0318388,0.91479,-0.525548,-0.647922,-0.0407643,-0.662608,-0.0490195,0.751118,-0.031661,-0.128849,-0.1272,-0.239918,-0.187364,-0.0478209,0.407169,-0.415848,0.0886045,0.35336,-0.332248,0.21681,0.00211342,-0.49522,
23,-0.00121065,0.0377648,0.0177294,-0.0150842,-0.0118861,0,0.0203942,0,0.485626,0.992743,-0.00208439,-0.0427825,0.112365,0.0560279,0.893787,-0.523268,-0.630849,-0.0549807,-0.652297,-0.0490714,0.732298,-0.00843913,-0.130411,-0.0873086,-0.27983,-0.228376,-0.115489,0.559068,-0.423993,0.00330243,0.329737,-0.237331,0.196258,-0.00394312,-0.259571,
24,-0.00149178,0.0431663,0.00585992,-0.0248781,-0.0118876,0,0.0290459,0,0.480532,0.992871,-0.00848791,-0.0490177,0.108316,0.086452,0.870855,-0.52386,-0.614924,-0.0628445,-0.642967,-0.049459,0.726714,-0.00477802,-0.140586,-0.0989283,-0.271431,-0.239077,-0.193609,0.657228,-0.489978,0.00178268,0.307077,-0.0784317,0.177513,-0.011038,0.0340906,
25,-0.00156477,0.042152,-0.0102095,-0.0344294,-0.0118933,0,0.0347051,0,0.474037,0.99334,-0.0106835,-0.0494618,0.103515,0.118678,0.842342,-0.523645,-0.59947,-0.0613677,-0.634502,-0.0502964,0.736235,0.0826842,-0.151013,-0.14437,0.0240847,0.248917,-0.206702,0.631165,-0.650938,0.000791807,0.308977,0.136653,0.161009,-0.0220811,0.344907,
26,-0.00149207,0.0332258,-0.0284433,-0.042151,-0.0119042,0,0.0354831,0,0.465082,0.994258,-0.00947879,-0.0439685,0.0971022,0.147471,0.804727,-0.523661,-0.584544,-0.0483725,-0.626766,-0.0515874,0.760926,0.0728881,-0.182682,-0.240928,0.0733044,0.225587,-0.290708,0.523855,-0.852844,-0.000453428,0.288331,0.380845,0.148539,-0.0299132,0.63964,
27,-0.000736311,0.016038,-0.046134,-0.0456588,-0.0119167,0,0.0300537,0,0.452668,0.995299,-0.00834057,-0.0358758,0.0895745,0.167917,0.755843,-0.523673,-0.570671,-0.0233492,-0.619688,-0.053289,0.798331,0.0729649,-0.186764,-0.334867,0.0513976,0.395701,-0.311064,0.295534,-1.10387,-0.000101264,0.26808,0.618124,0.135899,-0.0381705,0.853863,
28,0.000165999,-0.00777087,-0.0562167,-0.0400622,-0.0119222,0,0.0167799,0,0.43988,0.995754,-0.0131366,-0.0342412,0.084434,0.173946,0.694025,-0.52361,-0.557138,0.0113134,-0.612629,-0.0541451,0.841941,-0.0124071,-0.0868993,-0.0261872,-0.342113,-0.41753,0.00363315,-0.054678,-1.36382,0.0152073,0.357532,0.753608,0.153337,0.00409939,0.805559,
29,0.00123218,-0.0347368,-0.0604506,-0.0303467,-0.0119163,0,-0.00113191,0,0.443654,0.995261,-0.0147904,-0.0443668,0.0852498,0.16105,0.620516,-0.523707,-0.535256,0.0505722,-0.604923,-0.0543712,0.87517,-0.0379873,-0.1443,0.0114876,-0.0375436,-0.232722,0.0119972,-0.456721,-1.58018,-0.0245618,0.455564,0.810565,0.15998,0.0045544,0.583831,
30,0.00135051,-0.0610734,-0.0540171,-0.0177829,-0.0119136,0,-0.0228497,0,0.443364,0.995037,-0.0147023,-0.0496441,0.0849692,0.127901,0.538062,-0.523794,-0.519146,0.0889149,-0.59647,-0.0531929,0.895037,-0.0504903,-0.0899556,0.0205726,0.0921711,-0.17398,-0.0397052,-0.866874,-1.7151,0.00376449,-0.0391803,0.724033,0.179171,0.0408119,0.195399,
31,0.000348225,-0.0817582,-0.0364753,-0.0070997,-0.0119141,0,-0.0448653,0,0.442201,0.99508,-0.0123004,-0.051544,0.0837138,0.0758146,0.514775,-0.523701,-0.522972,0.11903,-0.586958,-0.0503609,0.892627,-0.0973971,-0.0173264,-0.0444828,0.119566,-0.0470317,-0.0561936,-1.21383,0.227421,0.000253841,-0.073095,0.488518,0.19611,0.072614,-0.274996,
32,-0.000747716,-0.0925586,-0.0115524,0.00508099,-0.011917,0,-0.0625979,0,0.437689,0.995319,-0.0101086,-0.0490268,0.0826703,0.00996381,0.524678,-0.523703,-0.526204,0.134754,-0.577353,-0.0466553,0.864482,-0.0633801,0.0328624,-0.115919,0.141634,0.211223,-0.0252828,-1.41799,0.169523,-0.000616722,-0.0519603,0.15463,0.19107,0.0723559,-0.844035,
33,-0.000888121,-0.0907906,0.0183609,0.0190248,-0.0119204,0,-0.0731838,0,0.428029,0.995611,-0.00822383,-0.0415257,0.0834694,-0.0613163,0.533933,-0.523729,-0.52803,0.13218,-0.567507,-0.0433997,0.806626,0.0861106,0.0397934,-0.239489,0.168207,0.44267,0.0606526,-1.43149,0.201311,-0.000823707,-0.0157076,-0.245787,0.207135,0.0581255,-1.4666,
34,-0.000480702,-0.074565,0.0522782,0.0330017,-0.0119234,0,-0.0749267,0,0.412819,0.99586,-0.00621529,-0.0288608,0.0859707,-0.127799,0.547318,-0.523744,-0.527833,0.108557,-0.556641,-0.0408637,0.71868,0.261321,0.0262254,-0.401169,0.262606,0.668619,0.101101,-1.22829,0.332864,0.000582959,0.0212092,-0.70066,0.225668,0.044455,-2.05039,
35,-9.05702e-05,-0.0428248,0.0850368,0.0452369,-0.0119232,0,-0.065051,0,0.391838,0.995845,-0.00362324,-0.0117401,0.0902366,-0.178316,0.569715,-0.523731,-0.525678,0.0623472,-0.544887,-0.0389313,0.605138,0.408572,0.00860344,-0.484795,0.227788,0.861767,0.201225,-0.793982,0.559877,-0.000407102,0.0637417,-1.14229,0.246743,0.0336254,-2.49029,
36,-0.000115601,0.00291811,0.113554,-0.0107922,-0.0119107,0,-0.0433865,0,0.385238,0.994795,0.00138815,-0.00902394,0.101488,-0.201389,0.599972,-0.523702,-0.523264,-0.00424839,-0.527291,-0.0376563,0.505392,0.36059,-0.161154,0.164923,-0.0856337,-0.503923,0.586806,-0.133855,0.657071,0.000813143,0.00524218,-1.52975,0.445905,0.0206993,-0.0931962,
37,-0.00377721,0.0585285,0.126293,-0.0227226,-0.0118929,0,-0.00816678,0,0.396983,0.993306,-0.00204348,-0.0196193,0.113813,-0.188702,0.62709,-0.523678,-0.523426,-0.0852099,-0.521239,-0.0364838,0.519636,0.489549,-0.262535,0.21385,-0.0472831,-0.251317,0.412165,0.633233,0.455244,0.000193471,-0.00404371,-1.70401,-0.0615092,0.0252178,0.33781,
38,-0.0120642,0.115721,0.118388,-0.0345274,-0.011879,0,0.0365827,0,0.401468,0.992148,-0.00301957,-0.0225027,0.122993,-0.135824,0.644524,-0.523672,-0.523528,-0.168477,-0.523497,-0.0358461,0.546871,0.665262,-0.424115,0.132921,-0.226324,-0.218893,0.144272,1.42655,0.21211,0.000467762,-0.000884209,-1.59577,-0.0116404,0.0073047,0.756775,
39,-0.0227322,0.163675,0.088798,-0.0560992,-0.011878,0,0.083165,0,0.404712,0.992064,-0.00340391,-0.0243612,0.123307,-0.0464046,0.647582,-0.523648,-0.523545,-0.2383,-0.523542,-0.0374433,0.604941,0.776281,-0.565061,0.0271322,-0.0747021,-0.0127103,-0.170984,2.13397,-0.0982525,0.000412767,-0.000697607,-1.19321,0.00143567,-0.0679917,1.56409,
40,-0.0219545,0.192677,0.0409214,-0.081534,-0.0118894,0,0.122932,0,0.405016,0.993016,-0.00532352,-0.0246626,0.115248,0.0719205,0.631085,-0.523633,-0.52356,-0.280538,-0.523534,-0.0441585,0.711088,0.724855,-0.46356,0.190604,-0.560319,-0.533572,-0.208935,2.61633,-0.530737,0.0135815,0.00447687,-0.548159,-0.000659492,-0.172361,2.61163,
41,-0.0222803,0.19662,-0.023544,-0.101597,-0.0118846,0,0.150947,0,0.437801,0.992613,-0.00949594,-0.0482871,0.110895,0.206906,0.591031,-0.521396,-0.523432,-0.286282,-0.52357,-0.0572635,0.863215,0.651841,-0.461003,0.631736,-0.288237,-0.842478,-0.2091,2.78235,-1.08177,0.0288434,-0.00255429,0.315204,-0.000990532,-0.329354,3.62012,
42,-0.0189691,0.168029,-0.0998726,-0.113527,-0.0118735,0,0.160617,0,0.472042,0.991685,-0.0159647,-0.0734017,0.104485,0.338449,0.519781,-0.520581,-0.523499,-0.244641,-0.523594,-0.077273,1.07109,0.599417,-0.459275,0.646442,-0.351119,-0.850703,-0.266901,2.47908,-1.43358,0.00105622,-0.00115905,1.34344,-0.000310192,-0.468956,4.72115,
43,-0.0113331,0.103321,-0.178439,-0.0154701,-0.0118428,0,0.146297,0,0.505933,0.989126,-0.0129256,-0.103614,0.103572,0.441082,0.516395,-0.521169,-0.523575,-0.150423,-0.523608,-0.103712,1.26524,0.474271,-0.446229,0.475792,0.447864,-0.925991,8.16667e-05,1.63149,0.211012,-0.0455851,-0.00887461,2.42739,-0.00085564,-0.586434,0.0328699,
44,-0.000384811,0.00438049,-0.241451,-0.00584223,-0.0118381,0,0.101984,0,0.519101,0.988736,-0.00308671,-0.110509,0.100892,0.488385,0.5236,-0.524258,-0.524208,-0.00637742,-0.523463,-0.134051,1.23458,0.340141,-0.35736,0.0490907,0.225091,0.12001,-0.269197,0.272462,0.0794265,-0.00689258,-0.0145654,3.33099,-0.0015867,-0.628166,-0.446145,
45,0.0104949,-0.119893,-0.279727,-0.0066605,-0.0118497,0,0.0289977,0,0.508829,0.989702,0.00248426,-0.105284,0.0969448,0.457817,0.52638,-0.523868,-0.524944,0.174551,-0.523562,-0.164773,1.21355,0.241314,-0.356104,-0.459022,0.221612,0.261255,-0.0958119,-1.48097,0.0319166,0.00660453,-0.0148827,3.90144,-0.00118863,-0.600927,-0.395254,
46,0.0106383,-0.254189,-0.281101,0.0107547,-0.0118384,0,-0.0674542,0,0.482947,0.988761,-0.00199452,-0.113089,0.0977647,0.334561,0.526821,-0.523712,-0.525446,0.370172,-0.523731,-0.192533,1.17476,-0.167262,-0.170212,-0.661821,-0.449085,-0.599257,0.206648,-3.4325,-0.0147782,0.00104117,-0.00735535,3.92229,-0.00464746,-0.508643,-1.16974,
47,0.0199172,-0.371193,-0.0942186,0.0484753,-0.011832,0,-0.226732,0,0.459113,0.988227,0.00984909,-0.117851,0.0970664,0.116814,0.528696,-0.523768,-0.52464,0.541129,-0.523715,-0.215505,1.07214,-0.193776,-0.218017,-0.194396,0.675349,-0.587166,0.0365311,-5.2753,0.0881834,-0.000810107,0.037959,1.26668,-0.000900578,-0.427283,-2.88504,
48,-0.0106975,-0.35833,0.0894751,0.105611,-0.0118176,0,-0.286741,0,0.457481,0.987023,0.0141771,-0.119673,0.106131,-0.157749,0.541543,-0.523813,-0.523073,0.522283,-0.523379,-0.233473,0.86373,0.372495,0.12131,0.106089,-0.0667149,0.31195,0.622128,-5.70303,0.425473,-0.000440252,-0.00638623,-1.20238,-0.00173249,-0.29357,-5.43104,
49,-0.0116806,-0.285414,0.223568,0.167536,-0.0118008,0,-0.289678,0,0.461682,0.985614,0.00929594,-0.109666,0.128268,-0.420009,0.581621,-0.523768,-0.523451,0.415715,-0.523505,-0.250605,0.533344,0.82896,0.166415,-0.0277893,-0.0465143,0.499036,1.1644,-4.79586,1.17044,0.00123672,-0.00471094,-3.07054,-0.00180393,-0.389363,-7.76592,
50,-0.00410959,-0.149563,0.338938,-0.0453246,-0.0117654,0,-0.247115,0,0.47021,0.98266,0.00335956,-0.102026,0.154784,-0.545689,0.669851,-0.523732,-0.523484,0.217751,-0.523554,-0.272085,0.488578,1.29374,0.111775,0.252692,-0.0755475,0.556482,1.17576,0.286157,2.34218,-0.00110933,0.000781803,-4.82715,0.000553902,-0.470403,1.00746,
51,0.000304904,0.0423083,0.426479,-0.0280283,-0.0117211,0,-0.156399,0,0.472795,0.978965,-0.00482703,-0.0846618,0.185574,-0.470223,0.775675,-0.523706,-0.523539,-0.0615954,-0.52357,-0.295892,0.517348,1.45412,0.029317,-0.117441,0.132381,0.980279,1.31013,2.71275,1.8944,0.000468842,0.000422244,-6.33112,-0.000439464,-0.481057,0.230326,
52,-0.00282235,0.27375,0.468923,-0.0405535,-0.011673,0,-0.0142012,0,0.454823,0.974941,-0.00767234,-0.0597053,0.214165,-0.260089,0.862783,-0.523679,-0.523564,-0.398697,-0.523588,-0.319045,0.536323,1.547,-0.041925,-0.576366,0.475174,1.08429,0.975816,5.6676,1.59216,0.000157779,0.000953156,-7.14263,-0.000136446,-0.444677,0.52199,
53,-0.0638858,0.389723,-0.0623968,-0.120382,-0.0116819,0,0.297377,0,0.491601,0.975689,-0.0075004,-0.0769087,0.205085,0.0856194,0.918264,-0.519459,-0.523576,-0.56831,-0.523403,-0.339535,0.614641,2.07503,-0.666677,0.88234,-0.100211,-0.985285,-1.44469,8.39962,0.862494,0.101918,-0.00376805,0.836763,-0.00357144,-0.38173,2.54679,
54,-0.0424671,0.325461,-0.21337,-0.224963,-0.0117541,0,0.311896,0,0.526381,0.981717,-0.00595103,-0.0958847,0.164322,0.484269,0.93772,-0.516297,-0.523846,-0.474197,-0.523558,-0.369549,0.810134,1.99184,-0.530712,0.469305,-0.277275,-0.791338,-1.75449,7.5519,-0.0732281,0.0231517,-0.00477406,2.92354,-0.0026879,-0.82083,5.25159,
55,-0.024637,0.189297,-0.35017,-0.286536,-0.0117971,0,0.278965,0,0.534459,0.985309,-0.0087107,-0.107466,0.132442,0.567622,0.892762,-0.518444,-0.524174,-0.275616,-0.523984,-0.417761,1.12556,1.64682,-0.529512,-0.138581,-0.353559,-0.142009,-1.10295,-1.55431,-1.7102,-0.0955627,-0.00718205,5.00994,-0.0120841,-1.10012,7.35076,
56,0.000170889,-0.013538,-0.451007,0.00519105,-0.0118368,0,0.189996,0,0.516961,0.988621,-0.0143015,-0.106199,0.105576,0.427863,0.756883,-0.52463,-0.524765,0.0197095,-0.524672,-0.476363,1.26073,0.971919,-0.0513502,-0.276739,-0.954442,-0.31987,-0.984561,-4.01446,-3.70804,-0.0419656,-0.00980392,6.79202,-0.0184489,-1.25889,-0.884678,
57,-0.0107669,-0.264475,-0.501723,0.00376933,-0.0118603,0,0.041033,0,0.498719,0.990591,-0.0247616,-0.098165,0.0920872,0.149436,0.576906,-0.52393,-0.523778,0.38517,-0.525511,-0.531541,1.21493,0.435689,0.165561,0.0228105,-0.153251,0.797551,0.0486895,-7.09999,-3.48757,0.0121744,0.0619612,7.82023,-0.0184643,-0.272926,-0.851433,
58,-0.0436247,-0.395167,0.0745159,0.0396431,-0.0118479,0,-0.305345,0,0.509439,0.989552,-0.0261057,-0.0897499,0.109771,-0.28838,0.496347,-0.523759,-0.523317,0.576304,-0.526031,-0.527016,1.12801,0.637554,0.448601,0.118502,0.351189,-0.163826,1.55914,-10.3915,0.567147,0.00161237,-0.0077568,-1.00012,-0.00208011,0.120227,-2.66445,
59,-0.0106576,-0.324486,0.226694,0.101513,-0.0118055,0,-0.316424,0,0.504225,0.986012,-0.0176681,-0.0959482,0.135135,-0.582746,0.531568,-0.523406,-0.523593,0.472773,-0.526036,-0.524174,0.925884,1.03799,0.133514,-0.328604,0.368459,-0.461282,0.12051,0.764535,0.833416,4.83969e-05,-0.0022826,-3.11582,0.000961628,0.0184762,-5.3949,
60,0.00063426,-0.180846,0.364423,0.163332,-0.0117888,0,-0.279796,0,0.477,0.984616,-0.00181911,-0.100301,0.143062,-0.499775,0.59075,-0.523798,-0.523506,0.263307,-0.52582,-0.523739,0.603158,1.15408,-0.0142662,-0.761205,0.937344,-0.0300319,0.409796,2.44647,1.52769,0.00197632,0.000247349,-5.24572,0.00776666,0.00280118,-7.49775,
61,0.000228064,0.0204016,0.439784,-0.0512072,-0.0117361,0,-0.179037,0,0.467186,0.98021,-0.00443783,-0.076147,0.182673,-0.315238,0.694848,-0.523855,-0.523392,-0.029702,-0.522487,-0.523679,0.476157,2.08738,0.0454753,0.0788806,-0.178417,1.50624,2.1913,4.92845,2.62769,0.00301429,-0.0027993,-6.57855,0.00326148,0.00216776,1.15991,
62,-0.0243397,0.26292,0.487435,-0.0632821,-0.01164,0,-0.0331958,0,0.461888,0.97219,-0.0158443,-0.0520317,0.227789,0.00399826,0.812611,-0.522981,-0.52352,-0.382903,-0.523264,-0.52317,0.5367,2.45554,-0.376545,0.181342,0.928671,-1.72194,0.39008,7.63875,2.02417,0.126523,0.000981535,-7.51892,-0.0100169,0.0405734,1.27065,
63,-0.0456193,0.390155,-0.0604657,-0.13824,-0.0116905,0,0.296954,0,0.49513,0.976405,0.00365239,-0.0661087,0.205546,0.458803,0.892329,-0.516987,-0.524409,-0.568945,-0.523242,-0.523565,0.647493,2.59214,-0.475209,1.16173,0.85794,0.3707,-2.7986,10.5316,1.14228,0.128844,-0.0422754,0.810769,-0.00188532,-0.0303956,3.13451,
64,-0.0370543,0.327025,-0.210375,-0.241754,-0.0118103,0,0.311756,0,0.538423,0.986411,0.0227688,-0.0403731,0.157624,0.585231,0.92251,-0.514487,-0.526562,-0.476483,-0.523881,-0.524056,0.871446,2.12904,-0.46078,0.597049,0.781865,1.15632,-1.6957,-1.73165,0.0753889,-0.00854579,-0.0426208,2.88057,-0.0169838,0.00614178,5.80526,
65,-0.029241,0.192504,-0.346972,-0.295028,-0.0118804,0,0.279669,0,0.572109,0.992269,-0.00605502,-0.051456,0.112774,0.463342,0.880964,-0.516748,-0.526877,-0.280286,-0.524722,-0.523839,1.20733,2.06669,-0.618042,0.605028,-2.63053,-1.29638,-1.83264,-3.13653,-1.71648,-0.0830584,0.0184224,4.95763,-0.0194173,0.00133194,7.66498,
66,0.000826023,-0.00861004,-0.448143,0.00410676,-0.0118903,0,0.191874,0,0.582579,0.993092,-0.0549175,-0.0782102,0.0680878,0.246922,0.743213,-0.523321,-0.526367,0.0125351,-0.525804,-0.523791,1.25456,1.88412,-0.390274,-0.138811,-2.01358,-0.577642,-1.56147,-5.49423,-3.78095,-0.177874,0.00805569,6.73711,-0.0237116,0.000462602,-0.942978,
67,0.0249446,-0.25785,-0.499259,0.00474588,-0.0118954,0,0.0442361,0,0.567167,0.993517,-0.0818073,-0.0666547,0.0422837,-0.103415,0.559118,-0.523514,-0.52429,0.375509,-0.526949,-0.523648,1.20621,1.66493,-0.393506,-0.361991,0.0825206,2.23672,0.00533154,-8.50271,-3.59006,0.052117,0.090509,7.76755,-0.0164245,0.00276456,-0.994211,
68,0.0531561,-0.391112,0.0611845,0.0426352,-0.0119131,0,-0.297841,0,0.541442,0.994996,-0.0780858,-0.0209697,0.0587031,-0.577752,0.507224,-0.523685,-0.523081,0.570349,-0.526959,-0.520115,1.11047,2.15449,-0.552493,-0.680299,0.222836,1.18163,0.66437,-4.28211,0.411834,-0.0289709,-0.0130245,-0.820443,0.00561084,0.152222,-2.81162,
69,0.063702,-0.327442,0.212288,0.105124,-0.0119202,0,-0.312764,0,0.49603,0.995586,-0.0727982,0.00824885,0.0586598,-0.553058,0.535185,-0.523756,-0.523564,0.477093,-0.526688,-0.502558,0.901911,2.28992,-0.791849,-1.09031,0.758783,1.56538,0.238309,1.52782,0.700111,0.0107343,0.00764707,-2.90801,0.00709471,0.53411,-5.51895,
70,0.0583602,-0.191422,0.350327,0.166641,-0.0119404,0,-0.280453,0,0.447776,0.997278,-0.0322218,-0.000671089,0.0663109,-0.441686,0.589015,-0.523652,-0.52356,0.27871,-0.525399,-0.465018,0.573066,1.68556,-1.24154,-0.995387,2.10624,-1.74232,0.361249,2.93084,1.44291,-0.000760069,-0.00216203,-5.01252,0.0402671,0.966007,-7.61892,
71,-0.00289913,0.00975059,0.43523,-0.0499555,-0.0119232,0,-0.184069,0,0.399978,0.995845,-0.000237124,-0.0356657,0.0837936,-0.235074,0.689542,-0.523714,-0.523479,-0.0141956,-0.523105,-0.407857,0.477597,2.38233,-1.20954,-0.263475,0.701924,1.5296,2.09068,5.27583,2.54604,-0.00458404,0.0109494,-6.49318,0.0268932,1.27857,1.22239,
72,-0.126637,0.241434,0.471271,-0.0625551,-0.0118964,0,-0.0388822,0,0.449658,0.993599,-0.00948429,-0.0496727,0.101017,0.0846895,0.790636,-0.52312,-0.523445,-0.351578,-0.523168,-0.344492,0.542127,3.10923,-2.14477,1.27639,-0.690939,-1.52925,0.0975886,7.73422,1.65543,-0.00521288,-0.00504628,-7.18953,-0.0109687,1.23911,1.31809,
73,-0.162056,0.386057,-0.0333495,-0.128842,-0.0118863,0,0.284341,0,0.50526,0.992755,-0.0228298,-0.0807254,0.0860244,0.548403,0.859038,-0.523855,-0.523973,-0.562929,-0.523485,-0.305949,0.650507,2.91656,-1.72013,0.950823,-0.277529,-0.789539,-1.08689,8.79777,1.07148,0.000932373,-0.0237682,0.446605,-0.00319171,0.3046,2.99559,
74,-0.131815,0.335951,-0.181163,-0.227118,-0.0118712,0,0.306387,0,0.541742,0.991495,-0.0140537,-0.0925988,0.0903657,0.565466,0.886195,-0.523754,-0.525734,-0.489534,-0.523813,-0.321818,0.866651,2.49812,-1.60406,0.483602,0.271444,-0.456612,0.284453,-1.5776,0.0514763,0.00252449,-0.0343879,2.46571,-0.00705156,-0.905972,5.64085,
75,-0.0843392,0.215437,-0.321707,-0.287907,-0.0118559,0,0.283807,0,0.552539,0.990219,-0.00883546,-0.101053,0.0957919,0.455646,0.847024,-0.523687,-0.527387,-0.313694,-0.524163,-0.389954,1.20328,2.43678,-1.5961,-0.0637171,0.148076,-0.219941,0.0932422,-2.8047,-1.60516,0.00049614,-0.032281,4.55152,-0.00672385,-1.81313,7.80589,
76,-0.00657433,0.0272362,-0.430157,0.00489917,-0.0118556,0,0.207237,0,0.541327,0.990191,-0.00458652,-0.0977574,0.0997165,0.259911,0.71605,-0.523686,-0.529347,-0.0396524,-0.524581,-0.494555,1.25414,1.63629,-0.981957,-0.0392504,-0.709964,-0.320518,0.112804,-5.0024,-3.61876,-1.65295e-05,-0.0351572,6.39892,-0.0154659,-2.38935,-0.91805,
77,0.0500293,-0.213079,-0.490629,-0.00101402,-0.0118452,0,0.0710472,0,0.524821,0.989323,-0.0209559,-0.102223,0.101744,-0.062053,0.54011,-0.523687,-0.531171,0.310258,-0.525182,-0.536349,1.21419,1.41153,-0.955803,-0.612053,-0.614223,0.0636753,0.235863,-7.85203,-3.42178,-6.07972e-05,-0.0375346,7.58542,-0.00666455,0.301067,-0.681497,
78,0.0397492,-0.398708,0.0203096,0.0294906,-0.0118313,0,-0.287889,0,0.49509,0.988165,-0.0138544,-0.0976973,0.117443,-0.53469,0.512127,-0.523722,-0.530034,0.581505,-0.524584,-0.513395,1.14227,1.37458,-0.405049,-0.257033,0.479667,-0.34414,1.16581,-9.06431,0.325233,0.00660202,0.092817,-0.271884,0.014097,0.585447,-2.09783,
79,0.0659864,-0.344722,0.191421,0.0918147,-0.0118203,0,-0.315968,0,0.47404,0.98725,0.00302624,-0.101005,0.122992,-0.563068,0.533389,-0.523175,-0.524612,0.502364,-0.523871,-0.476694,0.967232,1.65102,-0.779061,-0.645674,0.855522,-0.0726895,0.0573722,1.3985,0.523044,-0.0224486,0.111493,-2.61053,0.0156162,0.862578,-4.88726,
80,0.0150998,-0.220762,0.31705,0.152279,-0.0118178,0,-0.285331,0,0.443843,0.987039,0.00444217,-0.0840245,0.136651,-0.460852,0.575248,-0.523917,-0.522991,0.321453,-0.52341,-0.423558,0.665998,2.16414,-0.278222,-0.0971056,-0.0296139,2.54079,1.48526,2.66057,1.14064,0.000881248,-0.00919131,-4.47796,0.000923908,1.23682,-7.15313,
81,0.00332188,-0.0355797,0.425326,-0.0371626,-0.0117921,0,-0.210506,0,0.431692,0.984895,-0.00971588,-0.0276691,0.170652,-0.273259,0.658843,-0.523737,-0.523435,0.0517994,-0.523682,-0.360872,0.477821,2.34828,-0.379809,-0.432162,-0.643987,1.73386,1.32094,4.8296,2.19356,0.00250626,-0.00522662,-6.30994,-0.0079864,1.27512,0.784475,
82,-0.0677649,0.200505,0.47709,-0.0409096,-0.0117661,0,-0.0718403,0,0.429686,0.98272,0.00111012,-0.0465748,0.179139,0.0303618,0.754188,-0.520178,-0.523511,-0.291941,-0.523255,-0.296719,0.520063,2.86795,-1.37683,0.639232,-0.28018,-0.843617,0.674009,7.29297,1.57115,0.089814,-0.00045907,-7.30679,0.00337197,1.25726,0.734368,
83,-0.131845,0.39375,0.0189949,-0.0946996,-0.0117475,0,0.270171,0,0.498789,0.981168,-0.00978547,-0.0638224,0.182046,0.465038,0.811034,-0.516723,-0.524227,-0.574224,-0.523276,-0.24701,0.593575,3.17596,-1.3678,1.53594,-0.291368,-0.789621,-0.986778,10.1763,0.84595,0.0648799,-0.0252935,-0.254278,-0.00785331,0.750376,2.17853,
84,-0.108863,0.351443,-0.164166,-0.191873,-0.0117436,0,0.310037,0,0.561967,0.980842,-0.0143023,-0.0776684,0.178078,0.585556,0.834684,-0.517363,-0.525614,-0.512199,-0.523916,-0.235175,0.771623,2.72759,-1.26378,1.00721,-0.359214,-0.395594,0.284286,-1.7101,0.110769,-0.0726655,-0.0273143,2.22756,-0.015051,-0.259373,4.92489,
85,-0.0728067,0.238536,-0.308853,-0.25901,-0.0117195,0,0.293586,0,0.599381,0.978826,-0.0239045,-0.0891177,0.18272,0.472381,0.804893,-0.522975,-0.526897,-0.347354,-0.524658,-0.267511,1.07621,2.65799,-1.24358,0.478694,-0.507352,-0.354503,0.144941,-2.80756,-1.29115,-0.151284,-0.024388,4.34941,-0.0144059,-1.02858,7.23865,
86,-0.0157666,0.0561395,-0.422591,-0.00176168,-0.0117119,0,0.22333,0,0.606318,0.97819,-0.030638,-0.0882635,0.185511,0.279157,0.694405,-0.524206,-0.528396,-0.0817318,-0.525338,-0.330911,1.26768,2.44188,-1.14258,-0.197688,0.0630494,0.575707,0.190352,-4.90506,-3.11453,0.0154768,-0.03694,6.25989,-0.0108652,-1.50311,-0.778305,
87,0.0495954,-0.181338,-0.489346,-0.00491993,-0.0117095,0,0.0930607,0,0.583837,0.977992,-0.031937,-0.0699657,0.19395,-0.0368064,0.541807,-0.523769,-0.53031,0.264023,-0.525494,-0.407126,1.22818,2.25537,-1.11342,-0.69116,0.137815,0.819191,0.54024,-7.70898,-2.99227,0.00331408,-0.0390087,7.55865,0.00637933,-1.54571,-0.586786,
88,0.0949915,-0.389036,-0.0400435,0.0232804,-0.0116575,0,-0.259221,0,0.539587,0.973648,-0.0289305,-0.0548,0.219477,-0.501987,0.505738,-0.523708,-0.532246,0.567302,-0.524431,-0.474124,1.1663,2.49388,-0.994686,-1.08302,0.350256,0.169697,2.12603,-10.8881,0.489513,-0.000164949,-0.0341935,0.53638,0.0302617,-1.15392,-1.87622,
89,0.0703192,-0.35373,0.147871,0.0828245,-0.0115952,0,-0.305423,0,0.477293,0.968445,-0.0270088,-0.0579498,0.240888,-0.569136,0.534061,-0.523594,-0.533565,0.515547,-0.523461,-0.512134,1.00478,2.30536,-0.809146,-0.88205,-0.717914,-1.16311,0.718422,1.35362,0.657911,-0.0264477,0.0238498,-2.0012,-0.0109229,-0.404278,-4.47076,
90,0.0414121,-0.249639,0.291266,0.147279,-0.0115679,0,-0.293507,0,0.437305,0.966164,0.00750921,-0.0452668,0.253813,-0.47676,0.581352,-0.52382,-0.525874,0.363537,-0.523592,-0.518727,0.720464,2.35464,-0.675041,-1.00593,2.00801,0.433586,0.445222,2.34014,1.22937,0.00395917,0.175488,-4.07735,-0.00030933,0.127522,-6.85984,
91,0.0106422,-0.0790741,0.400754,-0.02538,-0.0115082,0,-0.22809,0,0.396737,0.961179,0.00431474,-0.0123676,0.275613,-0.31043,0.66724,-0.523693,-0.522663,0.115122,-0.523522,-0.506085,0.460952,2.63791,-0.547514,-0.366077,-0.803074,-0.768645,0.715781,4.25083,2.18443,0.00416475,-0.0210545,-5.86845,0.0144751,0.39245,0.382366,
92,-0.0264532,0.136444,0.451089,-0.0433546,-0.0114459,0,-0.102725,0,0.442634,0.955979,0.00881264,-0.0403114,0.290521,-0.0417563,0.762929,-0.523667,-0.523246,-0.19865,-0.523308,-0.485466,0.509294,3.48814,-0.788852,1.41267,0.240087,-0.769308,0.60833,6.58917,1.69973,-0.000169546,-0.00950185,-6.7936,-0.00516987,0.434549,0.779855,
93,-0.0667506,0.376288,0.4016,-0.0828809,-0.0113894,0,0.0966679,0,0.502026,0.951257,0.0196612,-0.0599173,0.301882,0.362028,0.837287,-0.523665,-0.523653,-0.548598,-0.523522,-0.468946,0.572417,3.51289,-0.721691,0.961968,0.256232,-0.986269,0.166832,9.54113,1.27578,0.00335035,-0.00907654,-5.88335,-0.00222505,0.233022,1.7354,
94,-0.0558969,0.378815,-0.0998927,-0.182503,-0.011376,0,0.303991,0,0.537051,0.950135,0.0348762,-0.0746857,0.300748,0.603123,0.883873,-0.523944,-0.524469,-0.552304,-0.52383,-0.469112,0.725603,2.90095,-0.600021,0.430222,0.376553,-0.428358,0.533542,-1.58049,0.599347,0.00071736,-0.0184609,1.34371,-0.0113558,-0.256192,4.37278,
95,-0.034658,0.297173,-0.244971,-0.268429,-0.0113619,0,0.305859,0,0.548212,0.948957,0.0386304,-0.0699458,0.305116,0.505791,0.879466,-0.52367,-0.525505,-0.432877,-0.523793,-0.49112,1.00821,2.78446,-0.474369,0.0633889,0.0330922,1.43145,-0.536751,-2.2576,-0.768443,0.0044638,-0.0285991,3.38269,0.0292336,-0.609538,6.90741,
96,-0.0110864,0.146041,-0.375187,-0.0213821,-0.0114254,0,0.261424,0,0.562377,0.954265,-0.00847036,-0.0848867,0.286531,0.351757,0.792209,-0.523652,-0.525425,-0.212623,-0.523509,-0.527739,1.2751,1.94698,-0.308817,0.477882,-3.21239,-0.948397,-0.639034,-3.90395,-2.69366,-0.000844304,0.0133613,5.42683,-0.0111475,-0.702273,-0.118051,
97,0.00441511,-0.0686884,-0.465211,-0.00718135,-0.0114489,0,0.159117,0,0.57383,0.956227,-0.0591531,-0.103817,0.267119,0.0928682,0.657066,-0.523664,-0.522959,0.100001,-0.524177,-0.527653,1.23687,1.71929,-0.261482,0.173541,-0.066013,1.73606,-0.457393,-6.43993,-2.70889,-8.74561e-05,0.0613336,7.06894,-0.0098601,0.135249,-0.527605,
98,0.0129566,-0.325,-0.503661,0.00456014,-0.0115188,0,-0.00126343,0,0.572696,0.962063,-0.0670504,-0.0557843,0.258508,-0.305739,0.522963,-0.523681,-0.523189,0.473523,-0.524014,-0.520319,1.19832,1.57338,-0.162061,-0.221955,0.244205,1.95042,-0.00736627,-9.4769,-2.22046,-5.94194e-05,-0.0184419,7.86189,0.0180369,0.1556,-1.00755,
99,0.0278547,-0.390488,0.0933758,0.0532084,-0.0115135,0,-0.309186,0,0.553296,0.961624,-0.0702192,-0.0222381,0.264298,-0.600348,0.514462,-0.523361,-0.523776,0.569433,-0.523378,-0.511273,1.09,2.29562,-0.289782,-0.591927,0.159264,0.986353,-0.293187,1.14038,0.314748,0.00389781,-0.00594872,-1.25525,-0.00387133,0.229718,-3.30385,
100,0.0235273,-0.310349,0.247528,0.115628,-0.0115391,0,-0.315435,0,0.510615,0.963762,-0.0698416,0.00329618,0.257437,-0.515673,0.539573,-0.523802,-0.524117,0.452116,-0.523548,-0.495179,0.85729,2.40242,-0.308253,-1.12196,0.425288,1.02955,-0.109003,2.00522,0.686431,0.00134152,-0.00793997,-3.42033,-0.0018367,0.411316,-5.9828,
101,0.0399553,-0.156695,0.380884,0.141173,-0.0115602,0,-0.27128,0,0.457161,0.965523,-0.0396127,-0.00423093,0.257251,-0.373986,0.594813,-0.523718,-0.524612,0.228137,-0.523564,-0.470842,0.508939,2.05491,-1.0378,-0.949655,1.64696,-2.56494,0.0220304,3.6435,1.51367,0.00133872,-0.00897773,-5.5238,-0.000708671,0.566463,-6.48895,
102,-0.0137707,0.0614423,0.463483,-0.0428606,-0.0115292,0,-0.163257,0,0.413909,0.962935,0.0111886,-0.0434878,0.265971,-0.127349,0.69418,-0.523627,-0.522917,-0.089452,-0.523551,-0.436246,0.492484,2.54431,-0.911797,-0.47427,0.377988,0.402668,1.66925,6.17539,2.4239,-0.0256023,0.00762261,-7.03482,0.00409061,0.774523,0.940202,
103,-0.0964034,0.306076,0.479981,-0.0657391,-0.0114379,0,0.00243224,0,0.459383,0.955309,0.0113165,-0.0394133,0.292751,0.242574,0.790704,-0.523488,-0.523344,-0.445876,-0.523179,-0.400934,0.551459,3.88426,-1.2845,1.76369,0.169279,-0.582082,0.352437,8.70711,1.48584,-0.00158344,-0.0139488,-7.36558,-0.00441264,0.649857,1.40353,
104,-0.101954,0.389264,-0.081156,-0.147754,-0.0114366,0,0.303929,0,0.535456,0.955202,0.0222398,-0.0495118,0.290936,0.593714,0.850556,-0.523757,-0.524305,-0.567635,-0.523633,-0.386013,0.67573,3.2792,-1.06745,1.25217,0.388918,-0.153904,0.344974,-0.113616,0.919519,-3.33094e-05,-0.0246512,1.08981,-0.0148797,-0.065824,3.5461,
105,-0.0819212,0.315401,-0.233923,-0.243581,-0.011402,0,0.313359,0,0.586046,0.952311,0.0292975,-0.0505528,0.299484,0.529953,0.868299,-0.523698,-0.525459,-0.459497,-0.524387,-0.407655,0.920002,3.20493,-1.05826,0.768091,0.179684,-0.107667,0.240208,-1.63131,-0.200808,0.000999331,-0.0215,3.22092,-0.0143643,-0.792633,6.20305,
106,-0.0431146,0.168627,-0.369138,-0.128068,-0.0113871,0,0.273797,0,0.610453,0.951068,0.032447,-0.0476441,0.303556,0.407889,0.81379,-0.523677,-0.526548,-0.245512,-0.525081,-0.461117,1.25822,3.05865,-1.0407,0.160678,0.476265,0.529683,0.131639,-3.24252,-1.96308,-8.31111e-05,-0.0283241,5.32472,-0.0120715,-1.34219,3.03155,
107,0.00946087,-0.0446601,-0.465005,-0.0039019,-0.0113805,0,0.175974,0,0.633801,0.950513,0.027717,-0.0406099,0.306771,0.182,0.694743,-0.523684,-0.52822,0.0650193,-0.525976,-0.532387,1.24504,2.14091,-0.861799,0.26506,-0.121491,0.525297,0.121046,-5.7587,-2.80089,6.6842e-05,-0.0354682,7.06486,-0.0145524,-0.595564,-0.74094,
108,0.0656908,-0.303089,-0.509293,0.00349427,-0.0113611,0,0.018125,0,0.634998,0.948895,0.0203783,-0.0246729,0.313964,-0.183297,0.556918,-0.523687,-0.53007,0.441514,-0.526262,-0.527951,1.20059,1.9688,-0.882449,-0.207665,-0.0413946,0.808532,0.515607,-8.82721,-2.71421,-4.56101e-05,-0.0377619,7.98407,0.0052692,0.235583,-1.03398,
109,0.0834215,-0.392618,0.0903737,0.0482582,-0.0112445,0,-0.30947,0,0.61392,0.939157,0.017227,-0.0166799,0.342651,-0.583102,0.509366,-0.523442,-0.531703,0.57256,-0.525527,-0.505646,1.09476,2.63211,-0.864912,-0.662367,-0.0501959,-0.101439,0.630919,-0.8313,0.335295,0.0171252,-0.02523,-1.21455,0.0167469,0.678604,-3.1745,
110,0.0690979,-0.314015,0.244495,0.110506,-0.0111929,0,-0.316612,0,0.567759,0.934844,0.0183448,-0.0184885,0.354103,-0.534847,0.534559,-0.52381,-0.53295,0.457472,-0.524647,-0.457363,0.868046,2.77497,-0.895977,-1.18627,0.143567,-0.01324,0.533597,1.46218,0.668786,-0.00327091,-0.0255859,-3.37569,0.0191847,1.24331,-5.87363,
111,0.0378877,-0.161725,0.378772,0.170567,-0.011136,0,-0.273661,0,0.495124,0.930091,0.0237507,-0.0161195,0.366207,-0.419118,0.58738,-0.523727,-0.534224,0.235461,-0.523572,-0.384392,0.523984,2.96009,-0.953438,-1.72341,0.356799,0.0574268,0.493396,3.15413,1.43719,0.00187771,-0.0253188,-5.48776,0.0201774,1.67173,-7.87262,
112,-0.00667512,0.0561288,0.468094,-0.0474326,-0.0110856,0,-0.169655,0,0.408637,0.925883,0.00698179,-0.0284162,0.376676,-0.195972,0.688477,-0.523675,-0.53469,-0.0817162,-0.523485,-0.296194,0.485612,3.26626,-0.483795,-1.3857,-1.74944,1.5903,0.80248,5.73414,2.57702,-0.00083482,0.0533213,-7.12612,-0.000592161,1.84109,1.12312,
113,-0.0501461,0.30409,0.488072,-0.0679452,-0.011062,0,-0.00395441,0,0.439915,0.923915,0.0199577,-0.0201393,0.381546,0.148958,0.782752,-0.519567,-0.521478,-0.442976,-0.523178,-0.207561,0.551881,4.56048,-0.671004,1.26145,0.843776,-0.609814,0.0208995,8.32085,1.42986,0.0637365,0.0784901,-7.53215,-0.00727877,1.70265,1.52062,
114,-0.0496482,0.389668,-0.0816854,-0.147129,-0.0111286,0,0.304385,0,0.491101,0.929473,0.0496233,-0.0258887,0.364619,0.586028,0.83953,-0.517313,-0.522819,-0.568229,-0.523562,-0.132661,0.681591,4.00206,-0.517894,0.771921,1.11461,-0.424618,-0.448214,2.59482,0.848418,-0.0124922,-0.0479573,1.09696,-0.0113766,1.27155,3.64525,
115,-0.0340416,0.315573,-0.230153,-0.243081,-0.0111311,0,0.311997,0,0.528095,0.929686,0.0691952,-0.0398591,0.359593,0.546114,0.853947,-0.520648,-0.524884,-0.459748,-0.524209,-0.0800781,0.932155,2.98985,-0.438694,1.19207,-0.985795,-1.64892,-0.455921,-1.57602,-0.262618,-0.100391,-0.0303241,3.16605,0.0190798,0.880625,6.38604,
116,-0.0101374,0.173885,-0.360129,-0.117552,-0.0112464,0,0.273176,0,0.584363,0.939314,0.0472591,-0.0656942,0.333376,0.427762,0.79639,-0.524656,-0.526704,-0.253169,-0.523247,-0.0408843,1.27691,2.69006,-0.237156,0.791217,-0.990837,-0.203291,-1.11129,-3.15473,-2.02155,0.00544954,-0.0420051,5.17423,-0.00881634,0.642711,2.82391,
117,0.00173051,-0.033649,-0.456288,0.00169501,-0.0113599,0,0.178804,0,0.608625,0.948791,0.03026,-0.0667536,0.307283,0.208295,0.67608,-0.523919,-0.52904,0.0489886,-0.523681,-0.0113818,1.24951,2.44627,-0.20921,0.211207,-0.668985,0.312158,-0.979792,-5.59974,-2.78683,0.00912596,-0.047526,6.89407,-0.00627079,0.53755,-0.90511,
118,0.0103648,-0.286679,-0.502641,0.00595804,-0.0114401,0,0.0256409,0,0.606383,0.955496,0.0142593,-0.0609647,0.288285,-0.147679,0.540018,-0.523715,-0.531446,0.417561,-0.523696,0.0149517,1.19905,2.29673,-0.147015,-0.294801,-0.542658,0.495119,-0.550498,-8.61304,-2.65848,0.00128487,-0.0484243,7.83994,0.00710755,0.515333,-1.11094,
119,0.00982876,-0.384669,0.0623964,0.0480282,-0.0114199,0,-0.294071,0,0.581369,0.953806,0.00205796,-0.0606747,0.294226,-0.598149,0.507928,-0.523547,-0.53367,0.560892,-0.523519,0.0408148,1.09266,2.91589,-0.103786,-0.718325,-0.517062,-0.138273,-0.180678,-2.4946,0.434584,0.0202409,-0.0378708,-0.836756,-0.00311188,0.551027,-3.12483,
120,0.0158609,-0.320727,0.2118,0.109919,-0.0114636,0,-0.308215,0,0.533023,0.957452,-0.00834444,-0.0664816,0.280705,-0.549069,0.537909,-0.523797,-0.535479,0.467278,-0.523645,0.0699391,0.869881,3.11844,-0.201045,-1.22121,-0.414732,0.00353704,-0.480391,1.70523,0.760759,-0.00948486,-0.0361132,-2.90099,-0.000580096,0.602585,-5.76674,
121,0.0150362,-0.185354,0.348136,0.173222,-0.0115,0,-0.275416,0,0.462867,0.960493,-0.00791841,-0.0574558,0.272195,-0.427749,0.595069,-0.5235,-0.536138,0.269872,-0.523572,0.10199,0.529497,3.21913,-0.330001,-1.43101,1.58629,1.36193,-0.0713694,3.12453,1.51931,0.0175529,0.061996,-4.97665,0.000590235,0.673246,-7.8477,
122,-0.00190814,0.013561,0.434449,-0.0461338,-0.0114835,0,-0.180972,0,0.399405,0.959114,0.00696411,-0.02597,0.281739,-0.212938,0.700151,-0.524092,-0.529625,-0.019743,-0.523464,0.136944,0.48733,3.79149,-0.572402,-0.199328,-0.1757,0.523739,0.92794,5.35329,2.51757,-0.00518383,0.225396,-6.47862,0.0132322,0.727085,1.06218,
123,-0.0553832,0.248633,0.476565,-0.0578275,-0.011454,0,-0.0368642,0,0.44848,0.956654,0.00708207,-0.0400581,0.288371,0.119527,0.797312,-0.523798,-0.521636,-0.362071,-0.523241,0.173347,0.543545,4.25932,-0.906846,1.19171,0.127976,-0.962313,-0.034657,8.02963,1.58974,0.00494028,-0.0265,-7.29614,-0.00771663,0.711983,1.15763,
124,-0.0572028,0.391563,-0.0502421,-0.125427,-0.0114927,0,0.29414,0,0.497626,0.959887,0.0199048,-0.0600923,0.273148,0.568865,0.863514,-0.523631,-0.523719,-0.571011,-0.523503,0.198732,0.645404,3.72993,-0.593951,0.815955,0.264735,0.105375,-1.08779,4.14829,1.06318,-0.0175343,-0.0545877,0.6733,-0.00327396,0.302735,2.8885,
125,-0.0474169,0.332456,-0.202163,-0.226146,-0.0115504,0,0.312124,0,0.525913,0.964707,0.0241614,-0.0529937,0.256805,0.550726,0.892402,-0.52375,-0.526397,-0.484424,-0.523791,0.202598,0.857863,3.52492,-0.580146,0.32698,0.129741,0.200957,-0.716715,-1.34483,0.099626,0.00220034,-0.0515801,2.76316,-0.00550381,-0.134738,5.59021,
126,-0.0214318,0.201323,-0.340869,-0.287483,-0.011604,0,0.282823,0,0.531983,0.969182,0.0244545,-0.052797,0.239375,0.448427,0.855813,-0.52369,-0.528794,-0.293132,-0.523956,0.187716,1.19137,3.23073,-0.433077,0.199823,-0.754387,-1.70023,-0.308387,-2.73766,-1.54227,0.000143714,-0.0322839,4.85839,0.0103903,-0.425827,7.73309,
127,-0.000234022,0.00243833,-0.445586,0.000479523,-0.0115937,0,0.198206,0,0.552689,0.968324,-0.00433246,-0.119594,0.219153,0.252547,0.727954,-0.523683,-0.530107,-0.00354989,-0.524277,0.162618,1.2501,2.18122,-0.390433,0.133007,-1.93719,-2.27445,-0.673717,-5.07253,-3.55611,0.000171498,-0.025044,6.68833,-0.0136976,-0.570352,-0.782276,
128,0.0274829,-0.246246,-0.500253,0.000106416,-0.0115676,0,0.0532165,0,0.551734,0.96614,-0.0111598,-0.147443,0.211447,-0.076668,0.554767,-0.523159,-0.528,0.358592,-0.524841,0.134307,1.21132,1.97093,-0.454021,-0.0876184,0.99868,0.354326,0.168199,-8.06893,-3.37817,-0.00330662,0.116397,7.78877,-0.00137533,-0.563006,-0.769511,
129,0.0346045,-0.397068,0.0640381,0.0364619,-0.0114997,0,-0.302765,0,0.539249,0.96047,0.0147845,-0.142104,0.238924,-0.561608,0.507555,-0.523906,-0.522831,0.579096,-0.524244,0.110778,1.12892,2.35187,-0.354046,-0.394092,1.3155,-0.492277,1.65282,-9.1674,0.410089,0.00915681,0.0276386,-0.858862,0.018398,-0.377783,-2.50871,
130,0.0517826,-0.331235,0.21753,0.0990948,-0.0114311,0,-0.317239,0,0.508846,0.954743,0.0459579,-0.147727,0.25403,-0.569924,0.534244,-0.523661,-0.523305,0.482638,-0.523484,0.100191,0.934121,2.71575,-0.635998,-0.853024,1.26897,-0.443859,0.316656,1.87664,0.654441,-0.0185129,-0.0163534,-2.98338,0.00422164,-0.0746088,-5.26574,
131,-0.00911858,-0.194638,0.349911,0.159166,-0.0114487,0,-0.282409,0,0.488906,0.956214,0.0179519,-0.123939,0.264522,-0.439633,0.583132,-0.523765,-0.52355,0.283395,-0.523572,0.105255,0.616974,2.67963,0.190568,-0.297914,-0.011099,2.14811,0.271927,3.33485,1.31622,0.000960231,0.00317121,-5.00569,-0.000182289,0.280822,-7.42382,
132,0.000240294,0.0083597,0.45048,-0.0441005,-0.0114848,0,-0.193333,0,0.46705,0.959227,0.00585538,-0.0841456,0.269758,-0.213208,0.676783,-0.52369,-0.523527,-0.0121706,-0.523596,0.117264,0.482549,2.89633,0.116932,-0.544102,-0.1929,1.44057,0.389827,5.6982,2.41504,0.000372986,-0.00053999,-6.78189,0.000772804,0.195581,0.950435,
133,-0.00191341,0.256955,0.497577,-0.0515038,-0.0114832,0,-0.0438169,0,0.440172,0.959088,-0.00129283,-0.0400265,0.280261,0.144939,0.785563,-0.523316,-0.52354,-0.374205,-0.523556,0.126753,0.530745,3.38167,-0.0302834,-0.505638,1.12586,-0.634728,-1.10189,8.47712,1.87944,0.0520474,-0.0025333,-7.73177,0.00175034,0.228713,0.997905,
134,-0.0107881,0.387172,-0.0505273,-0.120918,-0.011602,0,0.291367,0,0.492198,0.969015,0.0221595,-0.0320651,0.243906,0.577996,0.846108,-0.521528,-0.524828,-0.564565,-0.523279,0.138356,0.62777,3.80287,-0.113176,1.21583,0.987896,0.658092,-1.43185,2.74682,0.879516,-0.0157006,-0.0369417,0.677132,-0.0111448,0.21428,2.83704,
135,-0.00801708,0.328811,-0.200033,-0.217861,-0.0116797,0,0.308941,0,0.541082,0.975499,0.0407982,-0.0077894,0.216045,0.546352,0.866822,-0.524355,-0.52661,-0.479094,-0.523923,0.146465,0.836935,3.64192,-0.0991081,0.743836,0.857931,0.727785,-1.27329,-1.35036,-0.0442589,-0.0187996,-0.0338645,2.73282,-0.0123087,0.118244,5.50928,
136,0.00283165,0.198992,-0.338417,-0.277544,-0.0117501,0,0.280184,0,0.590802,0.981387,0.0371929,-0.0316474,0.185728,0.444086,0.824827,-0.523932,-0.527414,-0.289738,-0.52421,0.151829,1.16781,3.07687,0.0578816,0.894997,-0.970265,-1.78516,-1.17064,-2.72381,-1.62474,0.00925424,-0.00483857,4.81874,-0.00205078,0.0831006,7.64889,
137,9.95438e-05,0.00240484,-0.441598,0.00898917,-0.0118017,0,0.19602,0,0.617759,0.985695,0.0262864,-0.0626117,0.154251,0.249469,0.694601,-0.523717,-0.528007,-0.00350114,-0.524563,0.156442,1.26633,2.7874,0.168387,0.212806,-0.570942,-0.755924,-1.1884,-5.03813,-3.56989,0.00140498,-0.0159334,6.61274,-0.0094112,0.100975,-1.17348,
138,-0.0174275,-0.243422,-0.49591,0.00538948,-0.0118326,0,0.0525079,0,0.614333,0.988276,0.0179068,-0.080406,0.128546,-0.0764206,0.521827,-0.523691,-0.528853,0.354476,-0.524882,0.161189,1.20937,2.66244,0.291204,-0.339147,-0.40838,-0.657579,-0.787793,-7.97194,-2.78637,0.000200455,-0.0180767,7.69644,-0.00128628,0.0878969,-1.10468,
139,-0.0347751,-0.394193,0.0555076,0.0416668,-0.0118073,0,-0.297782,0,0.586522,0.986165,0.016209,-0.105182,0.127095,-0.556011,0.511862,-0.523702,-0.529732,0.574873,-0.524558,0.161256,1.11112,3.12991,0.358406,-0.772042,-0.174333,-1.16807,0.666343,-9.09305,0.401918,0.00644265,-0.0133248,-0.744072,0.00794912,-0.0807306,-2.80899,
140,-0.00100048,-0.332642,0.207864,0.104963,-0.011783,0,-0.314431,0,0.53607,0.98413,0.0142536,-0.134804,0.114507,-0.568321,0.539097,-0.523743,-0.530202,0.484695,-0.524208,0.152556,0.902145,3.43491,0.0122249,-1.25422,-0.253551,-1.07493,-0.551227,1.76776,0.683548,-0.0300203,-0.00929181,-2.8446,0.00886587,-0.291799,-5.53197,
141,-0.00404831,-0.2008,0.328477,0.168237,-0.0117868,0,-0.277009,0,0.478898,0.984451,0.00770195,-0.136629,0.110133,-0.44499,0.591159,-0.523909,-0.52712,0.292371,-0.522294,0.137672,0.571136,3.7975,0.082006,-0.267431,-0.0607169,3.00021,0.908049,3.13377,1.37901,-0.000440262,0.312742,-4.65915,0.0292547,-0.327402,-7.70472,
142,-4.65292e-05,-0.0115199,0.429858,-0.0539045,-0.0118332,0,-0.196116,0,0.466698,0.988326,-0.0110763,-0.0692754,0.135244,-0.232486,0.689368,-0.523751,-0.52127,0.0167714,-0.523153,0.12062,0.476021,4.02738,0.0164308,-0.444479,-0.534158,2.32128,1.06557,5.35301,2.53759,0.00281722,-0.0581408,-6.39341,-0.0231729,-0.346338,1.2711,
143,-0.0432104,0.226697,0.484748,-0.0580027,-0.0118348,0,-0.0576298,0,0.448398,0.988456,0.00261103,-0.040949,0.145845,0.1021,0.801812,-0.521647,-0.52374,-0.3301,-0.523439,0.104894,0.536343,4.05886,-0.775743,-0.165614,2.29156,-1.17757,-0.590154,7.97043,1.9527,0.0743,-0.0440965,-7.46336,0.00405052,-0.274117,1.15314,
144,-0.0835987,0.401987,-0.0351853,-0.121651,-0.0118681,0,0.295468,0,0.476472,0.991235,0.026153,-0.0269853,0.12665,0.571689,0.876775,-0.519875,-0.52603,-0.586324,-0.523311,0.0845665,0.634704,4.33714,-0.846409,0.682304,1.05934,0.542523,-1.70835,8.76959,1.15667,0.0203126,-0.0539589,0.471218,-0.00803725,-0.533623,2.75654,
145,-0.0310108,0.342215,-0.20556,-0.231706,-0.0118962,0,0.319732,0,0.511517,0.993583,0.0351498,-0.0209696,0.105436,0.571312,0.910897,-0.522921,-0.528369,-0.498696,-0.52395,0.0422192,0.843858,3.08825,-0.368401,1.12534,-1.27318,-1.61501,-0.834682,-1.91489,0.215633,-0.112032,-0.0264622,2.81165,-0.0107439,-1.13908,5.63969,
146,-0.0155478,0.208449,-0.348205,-0.299735,-0.0119093,0,0.290813,0,0.555438,0.994684,0.00343363,-0.0661446,0.0788529,0.440666,0.878895,-0.524384,-0.529515,-0.303513,-0.524609,-0.0190376,1.18173,2.9633,-0.303412,0.586864,-1.59559,-1.68912,-1.10199,-3.29908,-1.48211,0.0203547,-0.0202852,4.97777,-0.0160731,-1.31062,7.85197,
147,-0.000152779,0.00520267,-0.453524,0.0190244,-0.0119006,0,0.204482,0,0.565556,0.993954,-0.0238596,-0.0954446,0.0487562,0.216162,0.75158,-0.523794,-0.53089,-0.00757441,-0.525645,-0.0858372,1.27345,2.73199,-0.119459,-0.14712,-1.08122,-0.688547,-1.06861,-5.65771,-3.59508,0.00452392,-0.0312789,6.84052,-0.0226049,-1.3595,-1.40434,
148,0.000681425,-0.249305,-0.508737,0.0132183,-0.0118812,0,0.0564518,0,0.543183,0.992329,-0.0458672,-0.111986,0.0252807,-0.142126,0.579371,-0.5237,-0.532482,0.363051,-0.526607,-0.152321,1.20568,2.63211,-0.0111161,-0.679663,-0.586401,-0.111951,-0.482357,-8.65538,-3.29815,0.0148088,-0.0162611,7.97193,-0.0145333,-1.30244,-1.31208,
149,0.0416502,-0.401229,0.0759811,0.0480683,-0.01191,0,-0.309811,0,0.5129,0.994737,-0.0297737,-0.0864168,0.0463101,-0.596516,0.500773,-0.522448,-0.530275,0.585211,-0.526613,-0.216943,1.09527,3.02329,-0.421755,-0.698172,0.931503,0.533465,0.750446,-2.56045,0.44777,0.0108784,0.0603411,-1.0199,0.00682281,-1.26196,-3.06503,
150,0.047887,-0.328697,0.232853,0.112063,-0.0119218,0,-0.321535,0,0.465749,0.995722,-0.00715746,-0.0718357,0.0576661,-0.548492,0.531936,-0.523461,-0.527287,0.478928,-0.526275,-0.270485,0.872407,3.16428,-0.592631,-1.20327,1.06942,0.588782,0.440493,1.72875,0.78539,-0.0634609,0.0575537,-3.20534,0.00753694,-0.892722,-5.82993,
151,0.0157563,-0.182818,0.362333,0.17577,-0.0119289,0,-0.280156,0,0.402626,0.996315,0.00120994,-0.0399151,0.0759018,-0.422294,0.590292,-0.523951,-0.523772,0.266179,-0.524748,-0.305804,0.528094,3.60018,-0.350608,-1.00357,-0.0154698,2.95046,1.31186,3.29275,1.53369,0.00619019,0.134771,-5.21086,0.0960944,-0.539336,-7.93162,
152,-0.010464,0.0239069,0.450417,-0.0464614,-0.0119064,0,-0.182391,0,0.399309,0.994437,-0.00144358,-0.0270213,0.101794,-0.201093,0.694021,-0.523731,-0.522884,-0.0348054,-0.522731,-0.328374,0.486528,3.10874,-1.78063,1.03018,-0.623416,-1.61027,0.643465,5.47967,2.55581,0.0019049,-0.0176618,-6.78068,-0.0150618,-0.353968,1.08818,
153,-0.132207,0.270293,0.493996,-0.0613137,-0.011879,0,-0.0319647,0,0.466611,0.992148,-0.0119502,-0.0563947,0.110995,0.143823,0.806703,-0.523679,-0.523522,-0.393655,-0.523363,-0.34718,0.544271,3.36048,-2.00075,1.20089,-0.624065,-1.12649,0.263943,8.37463,2.00348,0.000423594,-0.01176,-7.65603,-0.00754939,-0.401662,1.21807,
154,-0.15109,0.396235,-0.0791409,-0.138008,-0.011858,0,0.307723,0,0.516569,0.990396,-0.017259,-0.0872409,0.105865,0.584341,0.892099,-0.523803,-0.524436,-0.577873,-0.523561,-0.390123,0.652954,2.85323,-1.56043,0.806886,0.615204,-1.05488,0.295356,2.65728,1.39261,-0.0353316,-0.0380251,1.06257,-0.00407768,-1.33134,3.09928,
155,-0.113223,0.323655,-0.230511,-0.245734,-0.0118336,0,0.31737,0,0.545647,0.988355,-0.00577375,-0.0975634,0.116627,0.546306,0.9346,-0.523847,-0.526422,-0.471557,-0.52347,-0.482424,0.876508,2.6952,-1.42814,0.384846,0.257632,0.204903,0.063274,-1.53913,0.314877,0.00607589,-0.0419261,3.17125,0.00501273,-2.34402,5.82143,
156,-0.0658851,0.177872,-0.368605,-0.308971,-0.0118545,0,0.279734,0,0.5506,0.990104,-0.00184451,-0.0853693,0.111369,0.429453,0.904739,-0.523695,-0.528507,-0.258976,-0.52362,-0.54274,1.21968,2.50599,-1.5089,-0.196774,0.17137,0.791803,-0.541351,-3.12146,-1.4954,0.000986833,-0.0423029,5.31577,-0.00562381,0.372476,7.88809,
157,0.00495485,-0.0360351,-0.467015,0.0102064,-0.0118656,0,0.183189,0,0.568071,0.991029,-0.0257035,-0.0873553,0.0978274,0.209341,0.775558,-0.523689,-0.530644,0.0524624,-0.524506,-0.527733,1.25943,1.39913,-0.559358,0.214559,-1.19857,0.0457389,-0.368399,-5.64824,-3.66386,1.88684e-06,-0.0433061,7.10467,-0.0190135,0.148924,-1.10996,
158,0.0348923,-0.29665,-0.513306,0.0132278,-0.0118612,0,0.0253771,0,0.564586,0.990662,-0.053371,-0.0855115,0.0918058,-0.150976,0.598342,-0.523692,-0.532854,0.432113,-0.525153,-0.519659,1.19851,1.27304,-0.478423,-0.347076,-1.04814,0.321139,0.103473,-8.73729,-3.4285,-2.34578e-05,-0.0447546,8.07218,-0.00517161,0.172865,-1.32441,
159,0.0528831,-0.390581,0.082687,0.0546267,-0.0118521,0,-0.305344,0,0.545147,0.9899,-0.0556327,-0.0688724,0.110726,-0.607414,0.501872,-0.523541,-0.531799,0.56957,-0.524545,-0.505979,1.079,1.85521,-0.550401,-0.43407,0.72572,0.370512,0.162359,-2.3858,0.312455,0.0237289,0.0687282,-1.1105,0.0223866,0.397538,-3.42565,
160,0.055795,-0.316148,0.235324,0.115825,-0.0118763,0,-0.314392,0,0.511497,0.991925,-0.0370645,-0.0588989,0.106024,-0.549591,0.529365,-0.523737,-0.528399,0.460588,-0.523477,-0.476663,0.840529,2.01091,-0.718188,-0.931295,0.882636,0.368783,-0.191721,1.92503,0.740297,-0.0154384,0.0654783,-3.24136,0.00939018,0.763042,-6.09498,
161,0.0359607,-0.16862,0.370413,0.140354,-0.0118955,0,-0.274383,0,0.451715,0.993525,-0.0131625,-0.0469705,0.102607,-0.413006,0.586716,-0.523763,-0.525221,0.245501,-0.523514,-0.429471,0.485285,2.14125,-0.867893,-1.44435,0.946789,0.274515,-0.17592,3.52781,1.54773,0.00267344,0.0646723,-5.34617,-0.00367011,1.12138,-6.52731,
162,-0.0153131,0.0407227,0.445928,-0.0493671,-0.0118871,0,-0.168064,0,0.39705,0.992827,0.00119246,-0.0172065,0.118313,-0.17553,0.686842,-0.523915,-0.522701,-0.0592869,-0.522889,-0.369476,0.485564,2.82771,-1.52983,-0.057078,-0.32203,-0.0499198,0.886125,5.77619,2.28225,0.0182689,-0.0142742,-6.69485,0.0037038,1.28764,1.21238,
163,-0.144605,0.278756,0.475601,-0.0667969,-0.0118732,0,-0.0145841,0,0.446911,0.991664,3.04454e-05,-0.0427934,0.121537,0.175933,0.777335,-0.523672,-0.523372,-0.406,-0.523229,-0.308706,0.553748,3.47302,-2.1243,1.32663,-0.0860665,-0.812347,-0.108156,8.39944,1.47032,-0.0115192,-0.0136816,-7.27664,-0.00710758,1.13531,1.4894,
164,-0.164606,0.39619,-0.0815464,-0.139881,-0.01188,0,0.30857,0,0.501897,0.992236,0.00378243,-0.0643393,0.106362,0.611172,0.836186,-0.523641,-0.52424,-0.577807,-0.52356,-0.278859,0.677332,3.06796,-1.7027,0.828971,0.179024,-0.575126,-0.367831,2.12972,0.892778,-0.00154627,-0.0243591,1.09508,-0.010744,0.0513825,3.4307,
165,-0.128692,0.321855,-0.235951,-0.235197,-0.0118723,0,0.318329,0,0.53073,0.991593,0.00700542,-0.0755011,0.104853,0.54911,0.854095,-0.523679,-0.525417,-0.468927,-0.524196,-0.306517,0.917144,2.92829,-1.63443,0.332112,-0.0220401,-0.46456,-0.0968866,-1.96525,-0.168199,0.000132409,-0.0219206,3.25052,-0.0123106,-1.1428,6.14123,
166,-0.0519219,0.17347,-0.373707,-0.124677,-0.0118665,0,0.279154,0,0.537059,0.991107,0.00131683,-0.0886385,0.0992391,0.410452,0.802675,-0.523676,-0.526359,-0.252565,-0.524878,-0.385964,1.25357,2.24947,-1.21863,0.419941,-1.68273,-1.38098,-0.392535,-3.57165,-1.87296,-0.00015428,-0.00765323,5.40176,-0.0233877,-2.06626,3.0818,
167,0.010872,-0.042432,-0.469531,-0.00160372,-0.0118256,0,0.180133,0,0.544921,0.987689,-0.0351261,-0.124539,0.0878978,0.168085,0.688537,-0.523683,-0.526876,0.0617755,-0.526159,-0.496505,1.24387,1.98793,-1.04235,-0.12738,-1.15904,-0.825099,-0.182941,-6.10178,-2.68648,0.000282873,0.0119047,7.15475,-0.0256076,-2.34472,-0.698289,
168,0.0723609,-0.304814,-0.515324,0.0058549,-0.0118553,0,0.0208345,0,0.534689,0.990167,-0.0269154,-0.106343,0.0868054,-0.215293,0.556968,-0.52368,-0.522825,0.444033,-0.526938,-0.536411,1.20097,1.76646,-0.966835,-0.405602,0.665405,1.03602,0.0783597,-9.19581,-2.58663,-0.000199945,0.022137,8.11681,-0.00317852,0.310623,-0.998788,
169,0.120861,-0.384378,0.0685263,0.0510018,-0.0118511,0,-0.296125,0,0.506864,0.989817,-0.0118952,-0.0922631,0.10774,-0.619678,0.510757,-0.523381,-0.523279,0.560466,-0.526618,-0.509289,1.09656,2.36123,-1.28342,-0.731311,0.667134,-0.0287538,-0.018455,-0.0309976,0.296186,0.0215153,-0.0111474,-0.919331,0.00848768,0.802315,-3.15173,
170,0.106816,-0.317257,0.218567,0.112032,-0.0118566,0,-0.308579,0,0.457722,0.990281,0.00667697,-0.0902169,0.105639,-0.537059,0.534556,-0.523924,-0.52384,0.462208,-0.526151,-0.448117,0.87247,2.45866,-1.37392,-1.24209,0.843049,0.0795203,-0.104396,2.03213,0.652108,-0.0102591,-0.0121686,-2.99832,0.0108533,1.63287,-5.79196,
171,0.034131,-0.183579,0.338346,0.171417,-0.0118816,0,-0.269844,0,0.41923,0.992369,0.00139684,-0.0381627,0.117242,-0.399574,0.585878,-0.523836,-0.522738,0.267287,-0.523201,-0.350471,0.531876,2.95968,-0.756559,-0.57846,-0.00589681,3.32838,0.866316,3.46374,1.40418,0.00448387,-0.00512407,-4.81759,0.0457399,2.26813,-7.82244,
172,-0.00483232,0.0115001,0.435002,-0.0442986,-0.0118695,0,-0.182718,0,0.399863,0.991352,0.00149824,-0.0255433,0.128711,-0.171418,0.68502,-0.523403,-0.52341,-0.0167426,-0.523257,-0.233164,0.48819,2.73972,-1.70939,0.148021,1.18978,-1.86706,0.153711,5.55823,2.48678,0.0506154,-0.00569094,-6.48893,-0.00468965,2.42667,1.03146,
173,-0.128427,0.244677,0.469224,-0.055369,-0.0118409,0,-0.0353287,0,0.450066,0.988968,-0.00122902,-0.0456881,0.140902,0.172092,0.787761,-0.523784,-0.523477,-0.356305,-0.523285,-0.115927,0.542065,3.45883,-2.14656,1.58951,0.00772186,-0.210247,0.375672,8.17919,1.66702,-0.0219696,-0.00697509,-7.14862,0.000654889,2.27241,1.10028,
174,-0.165483,0.387294,-0.0377122,-0.12301,-0.0118366,0,0.286755,0,0.517602,0.988606,0.00193495,-0.0520468,0.141232,0.598156,0.858309,-0.523757,-0.523967,-0.564745,-0.523536,-0.0278825,0.640424,3.06301,-1.75152,1.07586,0.270739,0.0070342,0.180879,2.28381,1.16353,0.00184425,-0.0170697,0.505107,-0.0103024,1.24495,2.81242,
175,-0.136158,0.334558,-0.187343,-0.224263,-0.0118149,0,0.307829,0,0.559251,0.986792,0.00577119,-0.0496414,0.154089,0.549027,0.892555,-0.523699,-0.524791,-0.487496,-0.524096,0.00254925,0.848447,2.93701,-1.66449,0.596694,0.119084,0.0199122,0.523836,-1.60408,0.213833,0.000892155,-0.0151536,2.55285,-0.00961869,-0.0108355,5.48845,
176,-0.0843112,0.210975,-0.327445,-0.288698,-0.0117926,0,0.283337,0,0.576071,0.98493,0.00654562,-0.0475749,0.166151,0.436744,0.861866,-0.523679,-0.525516,-0.307194,-0.524509,-0.0226421,1.17738,2.87534,-1.62933,0.0660153,0.0427235,0.176336,0.435853,-2.87644,-1.42837,0.000121866,-0.0143521,4.64269,-0.00646644,-0.989779,7.65019,
177,-0.00562365,0.0191308,-0.435674,0.0144087,-0.0117797,0,0.204517,0,0.594819,0.983856,-0.0110175,-0.0526618,0.170685,0.236247,0.739389,-0.523689,-0.526379,-0.027852,-0.525444,-0.0873057,1.27025,1.57761,-1.19583,0.400079,-1.12084,-0.173254,0.144562,-5.11775,-3.45642,-1.26971e-06,-0.0187412,6.50149,-0.0243187,-1.5821,-1.30211,
178,0.0643222,-0.224081,-0.493886,0.0063946,-0.0117542,0,0.0651578,0,0.600728,0.981724,-0.0369094,-0.0590354,0.177118,-0.0924876,0.573204,-0.52369,-0.527363,0.326288,-0.526395,-0.165603,1.21008,1.42213,-1.16913,-0.160596,-0.995576,0.0113579,0.509531,-8.00661,-3.19456,-7.48291e-06,-0.0203447,7.65373,-0.0123247,-1.55058,-1.10611,
179,0.110994,-0.407211,0.0442857,0.0380777,-0.0116749,0,-0.302186,0,0.580513,0.975101,-0.059334,-0.0649907,0.203552,-0.573078,0.499061,-0.523703,-0.528337,0.594004,-0.526506,-0.230327,1.11509,1.81644,-1.11124,-0.616588,-0.82234,-0.506713,1.90313,-9.0323,0.506922,0.00643903,-0.0140792,-0.593311,0.00362897,-1.05078,-2.67534,
180,0.109301,-0.342353,0.215971,0.102885,-0.0116428,0,-0.323804,0,0.54784,0.972423,-0.056854,-0.0635408,0.217081,-0.572641,0.53133,-0.523741,-0.525669,0.498897,-0.525897,-0.259953,0.909763,2.11276,-1.30273,-0.741272,1.20458,0.583998,0.229102,1.98519,0.770401,-0.0131742,0.111879,-2.96094,0.0219312,-0.16545,-5.52141,
181,0.069471,-0.203177,0.358296,0.167596,-0.0116539,0,-0.291848,0,0.497537,0.973344,-0.0287532,-0.0404904,0.223908,-0.436644,0.587766,-0.523753,-0.522889,0.295834,-0.524769,-0.248261,0.577687,2.26534,-1.39303,-1.27956,1.4327,0.705505,0.24473,3.4436,1.48098,0.00239399,-0.0125736,-5.14382,0.0233735,0.625727,-7.74373,
182,-0.00210511,0.00565057,0.461574,-0.0502605,-0.0116473,0,-0.201388,0,0.424993,0.972794,-0.00848748,-0.0337744,0.229038,-0.203131,0.690891,-0.523682,-0.523436,-0.00822649,-0.523664,-0.205167,0.478213,2.44147,-1.51553,-1.60002,0.890983,-0.126086,0.0891364,5.87374,2.63197,0.000375119,-0.00421475,-6.99728,0.0262421,1.09542,1.19508,
183,-0.128345,0.253413,0.491144,-0.0600286,-0.011614,0,-0.0423379,0,0.440886,0.970014,0.0103239,-0.0436217,0.238879,0.149897,0.787483,-0.521092,-0.523466,-0.36904,-0.523059,-0.152988,0.540015,3.76732,-2.07114,1.16367,-0.438739,-0.317135,0.752064,8.45064,1.42532,0.0145679,-0.00364158,-7.59617,-0.00907035,0.997804,1.2591,
184,-0.168321,0.398396,-0.0699586,-0.127027,-0.0115913,0,0.305783,0,0.491611,0.968119,0.0126944,-0.0590715,0.243096,0.591484,0.843839,-0.521429,-0.524022,-0.581047,-0.523501,-0.126967,0.647735,3.29063,-1.73215,0.787955,0.447842,-0.666997,0.199327,2.53146,0.847658,-0.0541515,-0.0222151,0.938641,-0.0121245,0.0364889,3.02748,
185,-0.136285,0.329138,-0.22533,-0.224478,-0.0115396,0,0.3189,0,0.51871,0.963799,0.0240403,-0.0709102,0.2559,0.547523,0.861919,-0.524437,-0.525097,-0.479572,-0.524163,-0.156063,0.868283,3.13095,-1.69359,0.303837,0.263424,-0.593557,0.491512,-1.62105,-0.116765,0.00595453,-0.0199131,3.09605,-0.0119173,-1.18397,5.7737,
186,-0.0693083,0.187346,-0.358781,-0.276714,-0.0115288,0,0.281557,0,0.526656,0.962899,0.0218586,-0.0715424,0.259288,0.427727,0.814825,-0.523803,-0.526148,-0.272774,-0.523597,-0.237697,1.2095,2.94288,-1.50724,0.235593,-1.2363,-1.24532,0.345864,-3.15594,-1.74908,0.00579328,-0.00177259,5.15185,0.0383014,-2.04813,7.81471,
187,0.00648304,-0.0210805,-0.45976,0.00625905,-0.0114453,0,0.189579,0,0.550459,0.955922,-0.0190938,-0.133668,0.260731,0.207986,0.679144,-0.523694,-0.526037,0.0306904,-0.523446,-0.351904,1.25595,1.8875,-1.25108,0.255107,-1.74702,-1.63667,0.216146,-5.60386,-3.66167,-0.000581885,0.0381696,6.96174,-0.00604264,-2.48488,-0.988889,
188,0.071197,-0.278846,-0.510873,0.00735744,-0.011456,0,0.0365903,0,0.562116,0.956822,-0.00500851,-0.133697,0.258055,-0.148587,0.510996,-0.523726,-0.522384,0.406132,-0.523561,-0.471515,1.20236,1.68859,-1.04,0.0689881,1.11902,-0.0592619,-0.0880877,-8.63435,-1.38634,0.00108179,-0.022464,8.01864,-0.00044442,-2.31209,-1.13204,
189,0.103245,-0.382728,0.0546337,0.0487183,-0.0113803,0,-0.289955,0,0.557526,0.950499,0.0258519,-0.13764,0.277378,-0.600874,0.514807,-0.523531,-0.523486,0.558044,-0.52359,-0.534842,1.09609,2.23108,-1.09965,-0.261824,1.18366,-0.869839,0.0311808,-2.46673,0.380447,0.023167,-0.015935,-0.732322,-0.00173564,0.133425,-3.09372,
190,0.0945508,-0.322784,0.202744,0.109837,-0.0113561,0,-0.306061,0,0.532394,0.948477,0.0618602,-0.150218,0.272029,-0.549817,0.542334,-0.523748,-0.52422,0.470284,-0.523611,-0.509177,0.875267,2.41772,-1.19429,-0.755728,1.28521,-0.836004,-0.341714,1.72369,0.716666,-0.0275495,-0.015311,-2.77146,0.00214012,0.878391,-5.72109,
191,0.0140666,-0.196507,0.329343,0.16958,-0.0113934,0,-0.27452,0,0.523063,0.951588,0.0272161,-0.134997,0.274802,-0.430232,0.596082,-0.523819,-0.524459,0.286118,-0.52358,-0.450674,0.538131,2.44355,-0.29119,-0.234814,-1.67123,1.42489,0.377403,3.07251,1.44503,0.00438639,-0.00247008,-4.67298,6.21631e-05,1.46979,-7.76465,
192,0.000393287,-0.00619726,0.429765,-0.0475486,-0.0114522,0,-0.192342,0,0.51577,0.956502,-0.00607207,-0.106036,0.271704,-0.220061,0.697948,-0.523727,-0.522456,0.00902241,-0.523547,-0.37625,0.490304,2.48635,-0.258161,-0.112179,0.499051,2.10119,-0.381272,5.30748,2.61972,0.000951847,-0.00545299,-6.39168,6.70541e-05,1.51282,0.955767,
193,-0.0188992,0.231929,0.485013,-0.0516736,-0.0115393,0,-0.0540249,0,0.495662,0.963778,-0.00834362,-0.0541147,0.261026,0.117139,0.816875,-0.52368,-0.523366,-0.337724,-0.523579,-0.302093,0.53579,2.62029,-0.331464,-0.696448,0.358864,2.00159,-0.547506,8.15783,2.1394,0.000515522,-0.0169157,-7.46882,-0.000425521,1.45369,0.864453,
194,-0.0404905,0.384584,-0.0260543,-0.115987,-0.0116855,0,0.280691,0,0.46856,0.975988,0.0292469,-0.0480388,0.210437,0.567646,0.906542,-0.522065,-0.52466,-0.560767,-0.523436,-0.2329,0.620993,2.46134,-0.42787,-0.0437978,2.70451,0.974316,-2.31366,4.1275,1.36416,-0.0136637,-0.0635012,0.348834,0.00736745,1.28922,2.5,
195,-0.0013457,0.338333,-0.170845,-0.220008,-0.0117891,0,0.304028,0,0.484802,0.98464,0.0436762,-0.0284631,0.166632,0.551052,0.951227,-0.524288,-0.526729,-0.493017,-0.523453,-0.176092,0.811595,1.5943,-0.0161655,0.767509,-1.64304,-1.14984,-1.67079,-1.25158,0.433716,0.00195341,-0.00952717,2.32088,-0.00327843,0.986682,5.08998,
196,0.00178091,0.223144,-0.31136,-0.293825,-0.0118509,0,0.284468,0,0.513548,0.989804,-0.00215592,-0.0756206,0.120682,0.459208,0.931889,-0.523833,-0.526668,-0.324923,-0.52364,-0.127854,1.12014,1.531,0.0324613,0.324418,-2.50064,-1.89849,-1.77481,-2.4139,-1.1927,0.00599599,0.00821739,4.38861,-0.00603398,0.940289,7.24933,
197,4.82705e-05,0.0407161,-0.419968,0.00259734,-0.0118657,0,0.211292,0,0.514971,0.991038,-0.0357224,-0.0995676,0.0815672,0.283878,0.820013,-0.522303,-0.524894,-0.0592773,-0.524391,-0.0817963,1.25781,1.21303,0.00482278,-0.106075,0.242661,1.34309,-0.613212,-4.60085,-3.26257,0.0857586,0.108207,6.21212,-0.0249613,0.897488,-0.791469,
198,-0.018457,-0.193687,-0.483462,-0.00835943,-0.0119102,0,0.0805934,0,0.504015,0.994753,-0.0330534,-0.0658677,0.07096,-0.0169637,0.660981,-0.52031,-0.522948,0.28201,-0.525351,-0.0382906,1.22485,0.564016,0.387658,-0.0756321,-0.62817,0.52056,-0.28414,-7.40853,-3.09693,-0.012762,-0.0151361,7.43689,-0.0183379,0.836445,-0.388734,
199,-0.0393928,-0.395119,-0.0212885,0.0218982,-0.0119093,0,-0.270233,0,0.500321,0.994684,-0.0453899,-0.0536844,0.0752492,-0.466344,0.515459,-0.524193,-0.523626,0.576234,-0.525921,-0.00155941,1.17229,0.892214,0.405086,-0.0986022,0.288749,0.397163,1.07309,-10.5442,-1.29128,-0.11428,-0.00278569,0.284993,0.00187568,0.621241,-1.73477,
200,0.00119085,-0.352213,0.165771,0.080747,-0.0119155,0,-0.311138,0,0.487152,0.995196,-0.0347657,-0.0465975,0.0787672,-0.589126,0.516718,-0.524223,-0.523523,0.513326,-0.525739,0.0225679,1.0156,1.21261,-0.0137394,-0.49262,0.513214,0.25399,-0.324536,1.81781,0.341169,0.0185697,-0.00138796,-2.24996,0.00403755,0.336874,-4.51307,
201,0.00618696,-0.238364,0.310922,0.138479,-0.0119297,0,-0.294352,0,0.449557,0.996385,-0.0200191,-0.037826,0.0733878,-0.470523,0.548125,-0.523755,-0.523625,0.347104,-0.525459,0.039108,0.730944,1.328,-0.105567,-1.01699,0.708672,0.385085,-0.14055,2.9178,0.910149,0.0032054,-0.0027186,-4.38176,0.0075068,0.324814,-6.85427,
202,0.00552965,-0.0550455,0.417694,-0.0182411,-0.0119336,0,-0.220054,0,0.391534,0.996712,-0.000353136,-0.0226452,0.0777991,-0.272128,0.617841,-0.523276,-0.523364,0.0801391,-0.524761,0.0557371,0.468827,1.6837,-0.408659,-0.889267,-0.013239,1.38552,1.39226,4.98465,1.85932,-0.0357061,0.00762421,-6.17089,0.0798841,0.31267,0.180833,
203,-0.0556262,0.165339,0.457446,-0.0375888,-0.0119151,0,-0.0855946,0,0.426048,0.995161,-0.00410398,-0.0340842,0.0920684,0.02553,0.692354,-0.523933,-0.5233,-0.240724,-0.521966,0.0732491,0.510982,2.8422,-1.36998,1.12509,0.00917563,-0.651145,0.284177,7.19147,1.29345,0.00658395,-0.0048258,-6.91658,-0.0417227,0.371447,0.740472,
204,-0.110223,0.393176,0.183664,-0.0779182,-0.0119023,0,0.206738,0,0.471217,0.994095,-0.00233487,-0.053159,0.0945706,0.459766,0.747944,-0.523676,-0.523597,-0.57338,-0.52358,0.0815176,0.577464,2.80968,-1.14315,0.667898,0.174565,-0.849074,-0.660204,10.1644,0.93276,0.0104743,-0.0110885,-2.50093,-0.0235611,-0.0246445,1.90487,
205,-0.0746943,0.36838,-0.134024,-0.168049,-0.0119074,0,0.309791,0,0.493683,0.99452,0.00315661,-0.0577584,0.087082,0.58511,0.778852,-0.523789,-0.524529,-0.537006,-0.524319,0.0598635,0.741807,2.33546,-0.825319,0.222987,0.101127,0.0607392,0.0084408,-1.64688,0.313601,0.001639,-0.0199228,1.81018,-0.0110124,-0.833716,4.65371,
206,-0.0521353,0.269516,-0.282776,-0.2371,-0.0119107,0,0.303049,0,0.492463,0.994793,0.00370254,-0.0562134,0.0849267,0.480556,0.763303,-0.5237,-0.525464,-0.392522,-0.524842,0.00565988,1.03625,2.2956,-0.787347,-0.210393,-0.362064,-0.347353,-0.156255,-2.52451,-0.926524,0.00111967,-0.0112478,3.94773,-0.00696926,-1.32983,7.07695,
207,-0.00402458,0.101437,-0.397072,-0.00031938,-0.0118691,0,0.241618,0,0.498705,0.991322,-0.0342333,-0.0973392,0.0814532,0.306231,0.674746,-0.522761,-0.523044,-0.147679,-0.523475,-0.0675626,1.29692,1.50385,-0.161401,0.712285,-0.598395,0.64163,0.160857,-4.47085,-2.58838,0.0624336,0.0848778,5.80379,0.0717785,-1.57594,-0.679702,
208,0.00267396,-0.123163,-0.474805,0.00381671,-0.0118874,0,0.125951,0,0.523325,0.99285,-0.0406312,-0.0703713,0.0874427,0.0158866,0.548264,-0.522028,-0.523106,0.179312,-0.523243,-0.1452,1.23797,1.30821,-0.0883183,0.257546,-0.0675606,1.21663,0.431329,-7.11665,-2.47642,-0.0356208,-0.0201592,7.26056,-0.0100186,-1.52989,-0.896024,
209,0.00178255,-0.381369,-0.427582,0.021115,-0.0118877,0,-0.0864647,0,0.525985,0.992879,-0.0427062,-0.0421895,0.102892,-0.417489,0.508164,-0.524463,-0.5242,0.55605,-0.523516,-0.219589,1.17165,1.30711,-0.018986,-0.150308,0.102283,0.944458,1.0941,-10.1988,0.388767,0.0061824,-0.0211877,6.3514,-0.00222696,-1.45211,-1.74751,
210,0.0391016,-0.381541,0.110922,0.0802921,-0.011858,0,-0.309809,0,0.507706,0.990394,-0.0463616,-0.024856,0.127879,-0.592058,0.530941,-0.52356,-0.524848,0.556303,-0.52367,-0.290275,1.01712,1.8944,-0.416494,-0.606999,-0.0441319,0.59791,0.491466,1.6733,0.522561,0.00103903,-0.0104964,-1.49384,-0.00323234,-1.36089,-4.41763,
211,0.0329304,-0.293287,0.263173,0.146556,-0.0118386,0,-0.310594,0,0.464178,0.988779,-0.0465818,-0.00818535,0.141704,-0.490448,0.571099,-0.523688,-0.525427,0.427204,-0.523747,-0.349708,0.731722,2.00916,-0.456692,-1.13949,0.230516,0.681943,0.677657,2.38593,1.07895,-6.73963e-05,-0.0127203,-3.6524,0.00032203,-1.01987,-6.97766,
212,0.0334863,-0.132695,0.391306,-0.023217,-0.0118333,0,-0.260073,0,0.417712,0.988332,-0.0100429,-0.026194,0.149708,-0.330998,0.649186,-0.522457,-0.523235,0.193191,-0.523457,-0.392878,0.462122,1.89469,-1.02694,-0.862639,1.18037,-2.59146,0.0978505,4.03162,2.05196,0.00759013,0.0275661,-5.70327,-0.00196715,-0.714365,0.297521,
213,-0.0291278,0.082832,0.447986,-0.0363363,-0.0117716,0,-0.139325,0,0.411805,0.983178,0.00165975,-0.038324,0.178576,-0.0688539,0.740968,-0.524232,-0.523213,-0.120593,-0.523301,-0.423578,0.507472,3.16101,-1.43091,1.23652,-0.470131,-0.713938,0.839182,6.24266,1.4877,-0.00484448,-0.00193967,-6.73411,0.00870112,-0.483658,0.631406,
214,-0.123203,0.323417,0.478871,-0.0616395,-0.0117327,0,0.0155718,0,0.480354,0.979934,-0.0102331,-0.0613989,0.189354,0.313737,0.803853,-0.523842,-0.523496,-0.47121,-0.523417,-0.452044,0.553972,3.38843,-1.5564,1.19895,-0.680977,-0.900602,0.336117,9.10446,1.07126,0.00623653,-0.00653191,-7.34297,-0.00492838,-0.659335,1.2156,
215,-0.117002,0.386875,-0.0817506,-0.144488,-0.0117126,0,0.302592,0,0.527396,0.978247,-0.0200008,-0.0814742,0.189723,0.596795,0.84424,-0.523749,-0.524168,-0.56413,-0.523773,-0.505911,0.672149,2.80155,-1.23399,0.656784,-0.484339,-0.385527,0.505969,-1.08219,0.556427,-0.00480799,-0.0177792,1.09784,-0.0124893,-1.50652,3.49247,
216,-0.0982459,0.31264,-0.234632,-0.233315,-0.0116861,0,0.311846,0,0.547614,0.976035,-0.034163,-0.0922445,0.194113,0.517156,0.844792,-0.523713,-0.524983,-0.455463,-0.524527,-0.533646,0.913406,2.66659,-1.28165,0.147354,-0.740028,-0.277747,-0.0500329,-1.86382,-0.525278,0.00143715,-0.0149224,3.23127,-0.0169497,0.23575,6.13579,
217,-0.0481858,0.165472,-0.369827,-0.122606,-0.011702,0,0.272002,0,0.543054,0.977368,-0.0388302,-0.0876634,0.188572,0.383576,0.77663,-0.523689,-0.523861,-0.240918,-0.525439,-0.525721,1.24836,2.53024,-1.18547,-0.376748,0.774223,1.0406,-0.28588,-3.47062,-2.1859,4.2211e-05,0.0545934,5.33631,-0.0170728,0.0710053,3.13545,
218,0.00374263,-0.0474023,-0.464301,-0.00215503,-0.0117271,0,0.17364,0,0.527033,0.979464,-0.0323708,-0.0684899,0.186846,0.146626,0.647621,-0.523691,-0.523353,0.0690116,-0.526167,-0.524057,1.24269,1.33918,-0.321189,0.178132,-0.990977,-0.713705,0.189055,-5.99068,-2.96154,-3.68899e-05,-0.00596168,7.05095,-0.0183925,0.00959908,-0.649026,
219,0.0138451,-0.305193,-0.50846,0.00532951,-0.0116998,0,0.0160705,0,0.525109,0.977185,-0.0411054,-0.0751848,0.194336,-0.229995,0.510115,-0.523701,-0.523528,0.444587,-0.526631,-0.522871,1.20186,1.19353,-0.184446,-0.16278,0.605011,0.257442,0.410754,-9.04739,-1.09654,8.74897e-05,-0.000506416,7.96589,0.00760289,0.0364572,-0.983929,
220,0.0352451,-0.383991,0.067291,0.0512464,-0.0116396,0,-0.295419,0,0.507884,0.972153,-0.0260076,-0.076107,0.220111,-0.59605,0.515875,-0.523399,-0.523571,0.559897,-0.52588,-0.519642,1.09815,1.85728,-0.372971,-0.541847,0.561063,-0.525599,0.322807,0.10001,0.360391,0.0132939,-0.000611198,-0.902683,0.0154239,0.12041,-3.1405,
221,0.0307022,-0.317431,0.217316,0.113223,-0.0116154,0,-0.308207,0,0.470839,0.970134,-0.00261108,-0.0778463,0.229722,-0.531622,0.542817,-0.523831,-0.523575,0.462462,-0.524956,-0.507376,0.874467,1.95667,-0.39331,-0.954141,1.28111,-0.0513262,0.417948,1.60478,0.714283,-0.00120251,-0.000352926,-2.9803,0.0216852,0.36522,-5.78611,
222,-0.00762473,-0.181131,0.338076,0.17439,-0.0115725,0,-0.268079,0,0.421022,0.966551,0.0125872,-0.0593492,0.249195,-0.41437,0.598022,-0.523762,-0.523538,0.263722,-0.523188,-0.484704,0.534332,2.41663,0.171234,-0.507716,0.115844,2.65631,1.63629,3.05358,1.47489,-0.00208233,0.00719356,-4.81322,0.0534469,0.513387,-7.80348,
223,-0.00125197,0.0124591,0.433603,-0.0445979,-0.0114842,0,-0.181293,0,0.402299,0.959176,0.00245701,-0.0235958,0.281814,-0.206186,0.700894,-0.522707,-0.523478,-0.0181388,-0.523226,-0.461018,0.489026,2.74831,-0.40878,-0.0102433,1.17525,-1.67242,0.281602,5.11863,2.56621,0.108775,0.000199882,-6.46286,-0.00955773,0.458407,1.00265,
224,-0.042115,0.242611,0.466029,-0.0568631,-0.0114415,0,-0.0349306,0,0.459675,0.955607,0.00365936,-0.051103,0.290157,0.112374,0.804925,-0.519839,-0.523429,-0.353292,-0.523272,-0.439257,0.542401,3.63565,-0.706421,1.49007,-0.379825,-0.43764,0.408058,7.73018,1.76949,0.00672316,-0.00275331,-7.08512,-0.00700468,0.416725,1.09583,
225,-0.0411266,0.385233,-0.0316022,-0.125946,-0.0114459,0,0.283156,0,0.523045,0.955974,-0.000559761,-0.0658473,0.285968,0.574982,0.880136,-0.52064,-0.523728,-0.561719,-0.523525,-0.425821,0.640257,3.35903,-0.433863,1.02156,-0.203152,-0.475651,-0.680862,8.65371,1.24342,-0.0417594,-0.0114664,0.423181,-0.00438452,0.123099,2.80036,
226,-0.0410701,0.335961,-0.179314,-0.229241,-0.0114265,0,0.305691,0,0.559645,0.954355,-0.00718445,-0.06809,0.290721,0.571764,0.917642,-0.524505,-0.524412,-0.489548,-0.524136,-0.427943,0.847079,2.97585,-0.497141,0.482787,-0.366027,0.0468055,0.274279,-1.9377,0.26528,0.000237071,-0.0127327,2.4397,-0.0135582,-0.190395,5.45681,
227,-0.0279288,0.216382,-0.319887,-0.29624,-0.0114126,0,0.283647,0,0.570511,0.953196,-0.0186931,-0.0685919,0.293876,0.444718,0.888496,-0.523895,-0.525007,-0.31507,-0.524824,-0.444481,1.17477,2.90257,-0.525125,-0.0582361,-0.475119,0.209128,0.0568973,-3.13409,-1.41762,0.00830517,-0.0115798,4.52273,-0.0135711,-0.469349,7.63211,
228,-0.0033264,0.0293842,-0.42758,0.0156209,-0.0114145,0,0.207377,0,0.55027,0.953354,-0.0257084,-0.050999,0.296401,0.233353,0.765039,-0.523711,-0.52604,-0.0427795,-0.52537,-0.472348,1.26905,2.64442,-0.460515,-0.703371,0.152127,1.15494,0.204252,-5.29818,-3.50707,0.00116945,-0.0260447,6.35136,-0.00657544,-0.643682,-1.26318,
229,0.00812814,-0.209359,-0.48834,0.00432692,-0.0113559,0,0.0723092,0,0.529977,0.94846,-0.0441179,-0.0553293,0.308894,-0.103305,0.597118,-0.523692,-0.527056,0.304839,-0.525637,-0.505478,1.21643,1.86019,-0.157919,-0.616548,-0.788502,-0.00460732,0.770124,-8.13312,-3.22319,0.000166015,-0.0203081,7.53771,0.000917488,-0.662241,-0.912226,
230,-0.021529,-0.395292,0.0110207,0.0333717,-0.0112563,0,-0.282239,0,0.499673,0.94014,-0.0452295,-0.0417301,0.335186,-0.559684,0.504715,-0.523647,-0.524537,0.576487,-0.524772,-0.528011,1.13358,1.78964,0.22121,-0.225759,0.105399,-0.142393,0.99018,-4.3601,0.245415,0.0126825,0.132945,-0.147512,0.0171712,0.0165861,-2.31354,
231,-0.0267729,-0.345614,0.181505,0.092807,-0.011193,0,-0.312789,0,0.492433,0.934856,-0.0379037,-0.0463542,0.34994,-0.550576,0.526231,-0.52379,-0.522677,0.503668,-0.523992,-0.524843,0.951146,1.77247,0.31489,-0.364783,0.42605,-0.222817,0.631377,1.11366,0.547027,-0.00750806,-0.0253756,-2.47052,0.0175565,0.0423644,-5.0169,
232,-0.0182936,-0.224247,0.32476,0.153404,-0.0111288,0,-0.29097,0,0.463825,0.929488,-0.0186227,-0.0383411,0.366381,-0.463515,0.56992,-0.523742,-0.523784,0.32653,-0.523457,-0.523871,0.642874,1.91182,0.33184,-0.831099,1.01122,0.0454638,0.729016,2.36069,1.19504,0.00218293,-0.0217761,-4.59996,-0.00201563,0.00534108,-7.29151,
233,-0.00259382,-0.0339228,0.433742,-0.04795,-0.0110554,0,-0.213776,0,0.414863,0.923359,0.00321859,-0.0325527,0.382541,-0.289189,0.656417,-0.523679,-0.52343,0.0493872,-0.523635,-0.523737,0.463344,2.07227,0.311051,-1.02616,1.24925,-0.0279136,0.55007,4.59214,2.25655,0.000432697,0.0651349,-6.46545,-0.00123244,0.000993406,1.21637,
234,0.00203906,0.196946,0.465155,-0.0529104,-0.0109801,0,-0.0673233,0,0.430759,0.917074,0.00622697,-0.0406148,0.396595,-0.00118654,0.746472,-0.523661,-0.523138,-0.286757,-0.523084,-0.52366,0.525482,3.72041,0.0421136,1.40641,-1.03586,-1.01051,0.261767,6.95211,1.35484,0.000609044,-0.011998,-7.06782,-0.00475332,0.00161562,1.14147,
235,0.0201969,0.389004,0.0310278,-0.104222,-0.010981,0,0.262553,0,0.491552,0.917147,-0.00631035,-0.0763099,0.391124,0.422949,0.802098,-0.52354,-0.523774,-0.567255,-0.523453,-0.522631,0.617291,3.50279,0.210896,1.02294,-0.701781,-1.34431,-1.14435,9.99568,0.860321,0.00820803,-0.0200976,-0.415482,-0.00445666,0.0522253,2.51436,
236,0.0082947,0.352498,-0.150343,-0.197037,-0.0110044,0,0.305544,0,0.530863,0.919101,0.000384861,-0.11118,0.37801,0.585918,0.823215,-0.523933,-0.525134,-0.513743,-0.523906,-0.517027,0.810755,3.02095,0.0956244,0.508098,-0.382008,-1.15404,-0.122016,-1.55381,0.0229728,0.00416423,-0.0279315,2.03542,-0.0136965,0.177472,5.20724,
237,0.00263059,0.246451,-0.295394,-0.259637,-0.0110054,0,0.293131,0,0.545604,0.919182,0.00977937,-0.123451,0.373856,0.482633,0.788473,-0.523688,-0.524555,-0.358891,-0.524817,-0.506608,1.12884,2.94372,0.0434106,0.0410937,0.347631,-0.254881,-0.310397,-2.56559,-1.40522,0.00147429,0.0276667,4.14077,-0.0198994,0.238551,7.50214,
238,0.00178289,0.0711165,-0.411349,0.00717898,-0.0110393,0,0.227918,0,0.530174,0.922015,0.0245071,-0.110727,0.370171,0.303582,0.672331,-0.523677,-0.523617,-0.103537,-0.525704,-0.494345,1.26458,2.70368,0.101985,-0.623695,0.951917,0.705398,-0.189525,-4.57725,-3.22807,-8.71596e-05,0.0118404,6.05663,-0.0139402,0.251756,-0.996591,
239,-0.00640964,-0.160682,-0.482698,-0.00583728,-0.0110523,0,0.103824,0,0.515301,0.923105,0.0187626,-0.118163,0.365462,0.00540475,0.51615,-0.523681,-0.523535,0.233942,-0.526798,-0.484273,1.22788,1.59125,0.162269,-0.336017,-0.809597,-0.578808,-0.0496551,-7.32363,-2.49417,-5.66402e-06,-0.00225046,7.42119,-0.021833,0.181451,-0.437166,
240,-0.0353593,-0.393912,-0.129066,0.0191455,-0.0110184,0,-0.228758,0,0.495258,0.920269,0.0275799,-0.114816,0.373044,-0.440032,0.511412,-0.523692,-0.523542,0.574461,-0.527008,-0.476913,1.1764,1.68417,0.364693,-0.500455,0.96908,0.0873232,1.25884,-10.4805,0.422817,-0.000919016,-0.00065951,1.74205,0.00806727,0.0940542,-1.60404,
241,-0.0243583,-0.364069,0.141269,0.0800144,-0.010945,0,-0.309681,0,0.473362,0.914136,0.0445934,-0.11339,0.386664,-0.57966,0.535661,-0.523006,-0.523555,0.530689,-0.5269,-0.47904,1.02893,1.94757,0.271892,-0.602895,0.921648,-0.0877518,0.102021,1.45804,0.543875,-0.00297956,-0.000981956,-1.90998,0.0032076,-0.165515,-4.32451,
242,-0.065993,-0.26502,0.275767,0.143128,-0.0109108,0,-0.297224,0,0.455631,0.911284,0.0327303,-0.088004,0.40093,-0.48395,0.576178,-0.52403,-0.523488,0.385964,-0.525408,-0.492374,0.751552,1.90092,1.01411,-0.139596,0.193641,2.23361,1.06915,2.36183,1.07888,0.00096277,0.00136052,-3.84152,0.0696857,-0.370817,-6.76104,
243,-0.0245276,-0.0992593,0.397095,-0.0112575,-0.0108185,0,-0.24014,0,0.435861,0.903573,0.0128084,-0.041322,0.426243,-0.318569,0.655045,-0.523765,-0.523551,0.144509,-0.522988,-0.522776,0.464413,2.11847,1.00542,-0.579267,-0.453977,1.46279,1.03913,4.24386,2.0686,0.00367298,-0.000825701,-5.8042,-0.00423573,-0.840404,-0.183026,
244,0.0166781,0.124164,0.463123,-0.0405491,-0.0107709,0,-0.118409,0,0.415774,0.8996,0.0135317,-0.0375325,0.434889,-0.0456348,0.750096,-0.519785,-0.523518,-0.18077,-0.523327,-0.52743,0.506633,3.14373,0.546468,0.637953,-0.590042,-1.57249,-0.0383676,6.50746,1.53789,0.139915,0.00026143,-7.02773,0.0118404,0.11079,0.749109,
245,0.058964,0.366858,0.408972,-0.0758996,-0.0107508,0,0.0861022,0,0.487196,0.897924,0.00446302,-0.0613935,0.435825,0.349325,0.808131,-0.515454,-0.523497,-0.534776,-0.523332,-0.519521,0.566686,3.61004,0.653768,1.39487,-0.645827,-0.452448,-0.181007,9.38421,0.945737,0.051232,-0.00384968,-6.01412,-0.00710985,0.221332,1.63063,
246,0.0525897,0.377107,-0.0831306,-0.168325,-0.0108085,0,0.296723,0,0.543129,0.90274,-0.00503668,-0.0708228,0.424286,0.594129,0.83993,-0.51481,-0.524036,-0.549799,-0.523878,-0.497291,0.713059,2.98104,0.567024,0.842905,-0.571744,0.158401,0.0688793,-1.31481,0.336704,-0.0518563,-0.0130038,1.1165,-0.0166271,0.643397,4.20527,
247,0.0397325,0.303056,-0.232491,-0.248541,-0.0108195,0,0.304768,0,0.572938,0.903657,-0.0220912,-0.0745476,0.421139,0.510775,0.82543,-0.519138,-0.524607,-0.441466,-0.524753,-0.456019,0.987285,2.92203,0.533312,0.342297,-0.777447,0.164433,-0.237745,-1.93051,-0.906431,-0.120547,-0.0100804,3.20007,-0.0180685,1.00496,6.74232,
248,0.0207043,0.157966,-0.36446,-0.0319712,-0.0108579,0,0.264469,0,0.574818,0.906867,-0.0406651,-0.0733455,0.412987,0.374357,0.735624,-0.524922,-0.525225,-0.229988,-0.52567,-0.399452,1.27878,2.73106,0.533239,-0.315904,-0.252155,0.847801,-0.299834,-3.51718,-2.66949,-0.00375997,-0.0209765,5.24635,-0.0172927,1.25478,0.268591,
249,-0.00602218,-0.0507779,-0.456347,-0.00353908,-0.0109025,0,0.166755,0,0.545884,0.910593,-0.0538452,-0.051261,0.406564,0.136599,0.59932,-0.524025,-0.526433,0.0739261,-0.526294,-0.334417,1.23955,2.52264,0.482465,-0.81998,-0.0935233,1.15793,-0.132915,-5.97075,-2.78405,0.0131324,-0.0256143,6.89521,-0.00614772,1.3455,-0.611992,
250,-0.0446406,-0.302559,-0.500217,0.0012118,-0.0109008,0,0.0126708,0,0.511809,0.910448,-0.0706662,-0.0346816,0.406064,-0.237805,0.501994,-0.523416,-0.526006,0.440741,-0.526433,-0.270971,1.20324,1.24679,0.60026,0.109459,-0.42578,0.693291,0.135798,-8.99535,0.124173,0.0257962,0.137612,7.788,-0.0071331,1.15762,-0.768622,
251,-0.0688899,-0.390952,0.0852087,0.0461537,-0.0108349,0,-0.306506,0,0.51828,0.904943,-0.0870809,-0.0197396,0.41606,-0.599545,0.520563,-0.523797,-0.522212,0.570114,-0.526652,-0.224505,1.1112,1.60654,0.71678,0.19294,-0.30263,0.974859,-0.0551168,0.205384,0.393472,0.00938195,-0.0273531,-1.14462,-0.00817221,0.728371,-2.89266,
252,-0.0309796,-0.314889,0.238801,0.108546,-0.0108382,0,-0.314939,0,0.516318,0.905217,-0.0996331,-0.00189151,0.4131,-0.530064,0.548262,-0.52367,-0.523717,0.458749,-0.526952,-0.201629,0.898547,1.57418,0.400078,-0.0425135,0.449264,-0.389715,0.145086,1.7333,0.721126,-0.000566777,-0.0327277,-3.29217,0.00610099,0.189386,-5.58652,
253,-0.00779163,-0.165601,0.373635,0.168064,-0.0108354,0,-0.273858,0,0.509997,0.904989,-0.0682012,-0.0212025,0.419397,-0.403465,0.603425,-0.523674,-0.525362,0.241106,-0.526089,-0.19786,0.568656,1.69319,0.191396,-0.360055,0.933298,-1.28914,0.227437,3.33862,1.47522,4.80404e-05,-0.0325561,-5.40054,0.0230867,-0.037983,-7.59749,
254,0.00179245,0.0496762,0.467616,-0.0560702,-0.0107943,0,-0.173932,0,0.489094,0.90155,-0.0335646,-0.0472077,0.42878,-0.172645,0.706236,-0.523398,-0.524893,-0.072322,-0.524731,-0.201069,0.476333,1.8441,0.146785,-0.408981,1.69053,-1.07045,0.45158,5.86314,2.6257,0.00953689,0.0878195,-7.11661,0.0335432,-0.0950553,1.26962,
255,0.0120102,0.309501,0.50876,-0.0739934,-0.010739,0,-0.0131679,0,0.455695,0.896937,0.0162441,-0.0536092,0.438595,0.198751,0.823627,-0.523808,-0.523164,-0.450878,-0.523284,-0.205306,0.547402,2.03785,0.157767,-0.83654,1.25747,-0.694877,0.610103,8.95945,2.06308,-0.00148145,-0.00853048,-7.97243,0.00360428,-0.0849168,1.57388,
256,0.0108188,0.383545,-0.067268,-0.160634,-0.0108247,0,0.295119,0,0.495361,0.904089,0.032348,-0.0358372,0.424608,0.587231,0.891162,-0.522723,-0.524927,-0.559242,-0.523313,-0.205507,0.682328,2.4212,0.114577,0.775603,0.879269,0.981055,-0.521905,0.668598,0.985614,-0.0312457,-0.0434565,0.902373,-0.0161861,0.0411752,3.76908,
257,0.00272822,0.317122,-0.216292,-0.254208,-0.010887,0,0.307609,0,0.527157,0.909297,0.0340814,-0.0176755,0.414372,0.536163,0.909648,-0.524071,-0.526652,-0.462011,-0.524084,-0.201454,0.935336,2.26497,0.0349729,0.739824,-1.24787,-0.925502,-0.559584,-1.41938,-0.241561,0.00735281,-0.00659262,2.96556,-0.00886895,0.123543,6.27099,
258,0.000167016,0.179866,-0.351513,-0.123483,-0.0109508,0,0.273265,0,0.554858,0.914628,0.00772015,-0.070687,0.397995,0.427943,0.851138,-0.523752,-0.526391,-0.26188,-0.524512,-0.194579,1.27389,2.12208,0.00377711,0.23098,-1.78914,-1.38791,-0.643253,-2.90523,-2.07969,0.0030212,0.00390265,5.03197,-0.0117486,0.148318,2.80434,
259,0.000144092,-0.0228858,-0.449374,0.00329078,-0.010988,0,0.182534,0,0.549021,0.917734,-0.0155285,-0.110838,0.381102,0.222157,0.727081,-0.523687,-0.526437,0.0333187,-0.525194,-0.18726,1.24857,1.89893,-0.0256128,-0.392022,-1.07839,-0.647362,-0.497178,-5.30653,-2.8755,0.0027944,0.0205785,6.76068,-0.0141757,0.143984,-0.871961,
260,0.00169165,-0.272268,-0.498506,0.0070591,-0.011041,0,0.0333821,0,0.5264,0.922161,-0.00983459,-0.0895557,0.376167,-0.118922,0.587435,-0.523663,-0.522793,0.396536,-0.525388,-0.18033,1.20072,1.69213,-0.0252657,-0.640069,0.84961,1.01721,-0.0461972,-8.29889,-2.72285,-0.000595874,-0.00035589,7.75152,0.00801864,0.132325,-1.02417,
261,-0.0183496,-0.398301,0.0854629,0.0438029,-0.0109626,0,-0.311362,0,0.492688,0.91561,-0.00100515,-0.0758596,0.394846,-0.583353,0.508708,-0.523613,-0.523358,0.580908,-0.524683,-0.174924,1.10324,1.55695,0.187099,-0.500238,-0.224465,-0.998771,0.665761,-4.11116,0.176702,0.0186593,-0.00794581,-1.14806,0.00704473,0.0967181,-2.79438,
262,-0.00896836,-0.322144,0.240134,0.105598,-0.0109295,0,-0.320151,0,0.464992,0.912846,0.0199373,-0.0749947,0.400861,-0.552598,0.527491,-0.523197,-0.523507,0.46935,-0.523929,-0.172997,0.893502,1.77377,0.11317,-0.72764,1.33995,0.0593962,0.233765,1.68884,0.529872,-0.0272116,-0.00282478,-3.3117,0.0197536,-0.0310159,-5.56862,
263,-0.029042,-0.173569,0.366019,0.162583,-0.0108497,0,-0.275667,0,0.427831,0.906185,0.0193577,-0.055934,0.418719,-0.427267,0.572116,-0.523937,-0.523587,0.252709,-0.523392,-0.176956,0.563353,2.02257,0.680818,-0.52715,-0.940252,1.92764,1.54199,3.30414,1.24159,0.00393498,0.00329567,-5.2724,-0.0010863,-0.142391,-7.6193,
264,0.00560011,0.0362492,0.459043,-0.0516867,-0.0107217,0,-0.17852,0,0.408423,0.895491,0.000684766,-0.0172489,0.444744,-0.20066,0.662274,-0.523467,-0.523486,-0.0527741,-0.523528,-0.189063,0.47398,2.40626,0.628469,-0.278296,0.555337,-1.03751,-0.101637,5.6302,2.29098,0.040193,-0.00213305,-6.94772,-0.000382516,-0.310499,1.34806,
265,0.0466364,0.281916,0.483337,-0.0681335,-0.0107186,0,-0.0170005,0,0.443176,0.895227,0.00641678,-0.0465255,0.443129,0.146407,0.753928,-0.523384,-0.523439,-0.41061,-0.523312,-0.203398,0.548231,3.62509,0.673154,1.28995,-0.865355,-0.853241,0.101558,8.30559,1.46676,-0.0409658,-0.00233918,-7.43431,-0.00275407,-0.26537,1.6037,
266,0.0684614,0.399556,-0.0918313,-0.140039,-0.0107904,0,0.314489,0,0.498718,0.901231,0.00655777,-0.0801612,0.425809,0.581783,0.811765,-0.523901,-0.523828,-0.582752,-0.523556,-0.206902,0.678056,3.06307,0.69686,0.836999,-0.448746,-0.947974,-0.676545,2.65327,0.86604,0.00457564,-0.0153435,1.23431,-0.00967731,0.103084,3.56413,
267,0.0474394,0.319763,-0.248223,-0.233036,-0.0108294,0,0.32179,0,0.527314,0.904487,0.00350915,-0.104571,0.413469,0.5452,0.828302,-0.523722,-0.52456,-0.46587,-0.524209,-0.189567,0.924987,2.88675,0.603538,0.315372,-0.680459,-0.817305,-0.605985,-1.53889,-0.195995,0.00213177,-0.0130583,3.43057,-0.014284,0.592879,6.29248,
268,0.0208145,0.165009,-0.384351,-0.116089,-0.0108852,0,0.278483,0,0.531987,0.909143,0.00479689,-0.107637,0.402306,0.424558,0.776263,-0.523546,-0.523472,-0.240244,-0.525151,-0.151941,1.26702,2.73013,0.513194,-0.222682,0.520956,0.653699,-0.461502,-3.27112,-1.87471,-0.0262996,0.0159547,5.58319,-0.0204601,0.912083,2.94392,
269,-0.00498466,-0.0569698,-0.478894,0.00279025,-0.0109581,0,0.175338,0,0.511883,0.915233,0.00874707,-0.0830316,0.394179,0.194969,0.66335,-0.523792,-0.523489,0.0829407,-0.526036,-0.10378,1.2472,1.53008,0.355939,0.0524954,-1.02371,-0.534439,-0.500291,-5.89211,-2.6308,0.00278358,-0.0025465,7.34343,-0.0252058,0.990453,-0.812646,
270,-0.0269793,-0.324628,-0.521317,0.010724,-0.0109823,0,0.0105788,0,0.506489,0.917258,-0.00406725,-0.0945273,0.386892,-0.179684,0.535342,-0.52368,-0.523552,0.47298,-0.527019,-0.0567208,1.19768,1.27659,0.337908,-0.208193,0.435189,0.764112,0.0477804,-9.07076,-2.49352,0.000982989,0.00131993,8.25076,-0.00567903,0.893615,-1.193,
271,-0.0475446,-0.392619,0.0997411,0.0588259,-0.0108901,0,-0.312888,0,0.48959,0.909551,0.00762843,-0.0793901,0.407868,-0.589133,0.515266,-0.523421,-0.523563,0.572562,-0.526754,-0.0193039,1.08031,1.94377,0.492164,-0.525009,0.723963,0.0287009,0.211828,-0.747574,0.248093,0.0181785,-0.000769787,-1.34165,0.00680793,0.64248,-3.47959,
272,-0.0380464,-0.309284,0.254632,0.121028,-0.0108718,0,-0.317558,0,0.450807,0.908023,0.0245788,-0.0696578,0.412356,-0.534793,0.538142,-0.523802,-0.523626,0.450561,-0.526376,0.00345598,0.838721,2.10734,0.50035,-1.03428,0.89301,0.155156,0.242231,1.6084,0.662984,-0.00574355,-0.00223416,-3.52533,0.00898255,0.266243,-6.1633,
273,-0.0419063,-0.155925,0.374961,0.0645738,-0.0107682,0,-0.26798,0,0.412108,0.899375,0.0113994,-0.0369132,0.435467,-0.411289,0.591963,-0.523775,-0.523451,0.227015,-0.52343,0.00817584,0.502366,2.33567,1.09392,-0.556138,-0.319081,2.03126,1.55524,3.32541,1.49156,0.00252755,0.00132204,-5.423,0.0837359,-0.0735113,-3.24814,
274,0.00999215,0.0571834,0.448962,-0.0319759,-0.010637,0,-0.158094,0,0.398749,0.888414,0.0100358,-0.0242298,0.458293,-0.186037,0.673854,-0.523505,-0.523439,-0.0832516,-0.523081,-0.00212554,0.503892,3.31544,0.710862,0.985764,0.245055,-0.86528,0.61131,5.46991,1.65771,-0.0171757,0.00979188,-6.75278,-0.00387551,-0.33403,0.610488,
275,0.0526364,0.300886,0.486233,-0.0498422,-0.010551,0,-0.00512479,0,0.450232,0.881233,0.00435398,-0.0483772,0.470179,0.160063,0.746297,-0.523767,-0.523499,-0.438298,-0.523418,-0.0162867,0.544894,3.61293,0.711906,0.854715,-0.79437,-0.716888,0.484952,8.39837,1.27704,0.00257322,-0.00355987,-7.49403,-0.00534774,-0.236748,1.01387,
276,0.070949,0.388023,-0.0758412,-0.123133,-0.0106482,0,0.30118,0,0.488381,0.889353,0.00887744,-0.0722111,0.451395,0.59722,0.797303,-0.523011,-0.524258,-0.565815,-0.523516,-0.016718,0.649297,2.93681,0.743886,0.696211,0.11205,0.336395,-0.990822,2.39381,0.76387,-0.0307282,-0.0364533,1.01801,-0.000842328,0.190918,3.12686,
277,0.048742,0.317126,-0.227458,-0.211888,-0.0107395,0,0.311953,0,0.512183,0.896978,0.0134195,-0.058966,0.43792,0.547801,0.811223,-0.524032,-0.52628,-0.462017,-0.523662,0.005017,0.872627,2.76049,0.625309,0.233809,0.27839,0.415104,-0.752562,-1.72674,-0.185176,0.00872646,-0.0387337,3.12691,-0.00311376,0.687244,5.78919,
278,0.0238358,0.173839,-0.361688,-0.255152,-0.0108459,0,0.273859,0,0.514876,0.905859,0.010543,-0.0609941,0.419031,0.422586,0.763174,-0.523731,-0.527756,-0.253103,-0.523698,0.0474982,1.21141,2.72494,0.557853,0.0628448,-1.66022,-1.82617,-0.835871,-3.25732,-1.72619,0.00294395,0.000516025,5.20014,0.00744683,1.00703,7.66424,
279,-0.00215714,-0.0351033,-0.458552,0.00672679,-0.0108993,0,0.17905,0,0.524222,0.910321,-0.00569926,-0.109372,0.399151,0.196934,0.63264,-0.522812,-0.525532,0.0511058,-0.524012,0.100497,1.25574,1.9036,0.249985,0.144151,0.508638,0.490009,-0.217886,-5.75716,-3.47917,0.0479236,0.145666,6.93813,-0.0111228,1.11196,-0.98724,
280,-0.0170298,-0.289633,-0.504633,0.00972177,-0.0109154,0,0.0247921,0,0.521068,0.911672,0.00516806,-0.0872563,0.401514,-0.167104,0.499685,-0.522792,-0.522799,0.421872,-0.523999,0.154061,1.20094,1.72667,0.239097,-0.25295,0.980402,0.415953,0.238772,-8.77835,-0.109626,-0.0448777,-0.0184534,7.88285,0.0158916,1.02968,-1.19909,
281,-0.0364888,-0.386228,0.0678291,0.0536957,-0.0107819,0,-0.297079,0,0.498864,0.900515,0.0242857,-0.0738604,0.427817,-0.622239,0.518746,-0.523843,-0.523524,0.563181,-0.523442,0.200135,1.08974,2.34303,0.383892,-0.647111,0.902591,-0.104757,0.575746,-2.10904,0.462822,0.0240625,-0.00784098,-0.909935,-0.00243641,0.84829,-3.23054,
282,-0.0364698,-0.319471,0.21772,0.117508,-0.0107412,0,-0.30969,0,0.453932,0.897117,0.0448276,-0.0652356,0.434644,-0.551924,0.551146,-0.523751,-0.523866,0.465444,-0.523576,0.235328,0.861495,2.49769,0.464262,-1.04637,0.58133,0.35027,0.287612,2.10331,0.825096,-0.00501647,-0.00570043,-2.98612,-0.00235762,0.55039,-5.8782,
283,-0.0469172,-0.182308,0.350366,0.147238,-0.0107331,0,-0.274382,0,0.413968,0.896442,0.00587191,-0.0379148,0.441497,-0.410156,0.611952,-0.523718,-0.523349,0.265437,-0.523572,0.255105,0.516381,2.3224,1.0476,-0.770455,0.22996,2.38774,0.176333,3.55638,1.6209,0.00136189,0.0500154,-5.01315,0.00103099,0.242767,-6.51312,
284,0.0020828,0.0174943,0.435013,-0.04142,-0.0107307,0,-0.178507,0,0.398934,0.896239,0.0135091,-0.0264063,0.442579,-0.178159,0.715523,-0.523633,-0.523259,-0.0254694,-0.523419,0.258972,0.494504,3.19592,0.484322,0.693464,-1.34959,-2.05516,0.387837,5.61812,2.39333,-0.00177856,-0.00866377,-6.48914,0.00797805,-0.0853937,0.866376,
285,0.0368285,0.250295,0.473447,-0.0536266,-0.0106762,0,-0.0337955,0,0.470448,0.891693,0.010487,-0.0576466,0.448833,0.16788,0.819573,-0.523671,-0.523432,-0.364494,-0.523397,0.255296,0.539922,3.68078,0.59868,1.3818,-0.693296,-0.926679,0.250228,8.32555,1.8451,0.000163512,-0.00574297,-7.23321,-0.00490066,-0.0605354,0.952855,
286,0.0580646,0.391605,-0.0510119,-0.125714,-0.0106897,0,0.294449,0,0.528215,0.892821,0.00914769,-0.0852865,0.442169,0.600889,0.899003,-0.523672,-0.523932,-0.571073,-0.52359,0.25949,0.632115,3.09889,0.602855,0.867644,-0.326937,-0.695004,-0.226173,2.29213,1.34188,-0.0206422,-0.0183781,0.683644,-0.00774798,0.210712,2.71278,
287,0.0434723,0.33203,-0.203307,-0.233772,-0.0106782,0,0.312286,0,0.558858,0.891853,0.00688406,-0.104257,0.440091,0.549101,0.941419,-0.523766,-0.524809,-0.4838,-0.524081,0.280096,0.836075,2.94059,0.532506,0.367897,-0.51847,-0.701848,-0.150489,-1.69571,0.362546,0.00299044,-0.0159302,2.77948,-0.00981827,0.617961,5.42511,
288,0.0250199,0.20024,-0.343013,-0.302524,-0.010688,0,0.283055,0,0.563671,0.892677,0.00203597,-0.125948,0.432735,0.429485,0.916232,-0.523683,-0.52555,-0.291554,-0.524588,0.318346,1.16145,2.85945,0.508347,-0.186908,-0.623947,-0.645599,-0.341029,-3.07745,-1.35612,0.000644496,-0.0141362,4.89318,-0.0101255,0.909666,7.57126,
289,5.97845e-05,0.000685224,-0.446682,0.0105314,-0.0107518,0,0.197578,0,0.539851,0.898003,0.00514387,-0.108873,0.426276,0.216414,0.794695,-0.523645,-0.524817,-0.000997596,-0.525231,0.367237,1.26327,2.6071,0.354926,-0.747981,0.775,1.30308,-0.323098,-5.41723,-3.49427,-0.000659195,0.0235632,6.70921,-0.0104827,1.04526,-1.0731,
290,0.00568224,-0.248668,-0.502039,0.00248652,-0.0108031,0,0.0526092,0,0.496286,0.902285,0.00667962,-0.0765103,0.424245,-0.128846,0.625711,-0.523676,-0.523659,0.362122,-0.52535,0.418079,1.2124,1.56373,-0.0929336,-0.42206,-0.900823,-0.624352,-0.269831,-8.36752,-3.2557,-0.000522165,0.0376831,7.82701,-0.00944746,0.997237,-0.785332,
291,-0.011198,-0.399128,0.070185,0.0377143,-0.0107718,0,-0.306341,0,0.48034,0.899672,0.0153424,-0.0817066,0.428578,-0.596123,0.501116,-0.523623,-0.523318,0.582122,-0.525122,0.466793,1.13046,1.81795,0.113933,-0.336408,1.31858,-0.370582,-0.0150511,-3.95527,-0.101898,0.0183992,-0.00573532,-0.941694,0.0188147,0.969642,-2.51101,
292,-0.0258749,-0.329894,0.222168,0.098676,-0.0108198,0,-0.318164,0,0.453165,0.903687,0.0455255,-0.0758986,0.418948,-0.555242,0.521264,-0.523734,-0.52358,0.480676,-0.524149,0.512815,0.934996,1.98094,0.31888,-0.497675,-0.114492,0.368869,-0.20077,1.82953,0.563144,-0.0137364,-0.00255677,-3.05031,0.0293538,0.852586,-5.28223,
293,-0.0314195,-0.190167,0.356738,0.156698,-0.0108321,0,-0.282509,0,0.432875,0.904708,0.0170653,-0.057873,0.421739,-0.426355,0.566331,-0.523768,-0.52353,0.276883,-0.523301,0.527436,0.616917,1.99532,0.67228,-0.470365,0.599543,1.83135,0.0192525,3.32042,1.24489,0.0022987,0.00199794,-5.11805,-0.00494986,-0.103321,-7.43676,
294,0.00304859,0.0157875,0.454359,-0.0404497,-0.0108084,0,-0.190274,0,0.403706,0.902728,0.00511032,-0.0263069,0.429376,-0.199748,0.655926,-0.523695,-0.523515,-0.0229845,-0.523504,0.516488,0.482485,2.24343,0.785542,-0.634731,0.695952,1.36806,0.408123,5.72225,2.33195,0.000724733,0.00232445,-6.85667,-0.00219138,-0.333787,0.952412,
295,0.0403014,0.257408,0.483441,-0.0527358,-0.0108203,0,-0.0347137,0,0.440514,0.903722,0.0104432,-0.0408048,0.426042,0.143162,0.749152,-0.523659,-0.523423,-0.374865,-0.523355,0.502885,0.535621,3.6359,0.637066,1.07647,-0.218164,-1.23134,-0.472988,8.21984,1.56963,-0.000750925,-0.00378576,-7.43645,-0.0045889,-0.235426,1.116,
296,0.0654635,0.3981,-0.0706158,-0.118987,-0.0109151,0,0.30583,0,0.489339,0.911646,0.0108842,-0.0636751,0.405867,0.600056,0.814594,-0.523594,-0.523915,-0.580613,-0.523514,0.499101,0.637003,3.11826,0.668711,0.801942,0.675664,-0.773559,-0.771708,3.77357,1.02714,-0.0259076,-0.0313029,0.947503,-0.00412446,0.0559909,2.91819,
297,0.0499843,0.328653,-0.224152,-0.215904,-0.0109481,0,0.31813,0,0.516849,0.914398,0.0320331,-0.0728496,0.396918,0.555177,0.842887,-0.523817,-0.525458,-0.478862,-0.523825,0.513131,0.852122,2.86692,0.618713,0.366275,0.429046,-0.251793,-0.7494,-1.88684,0.109068,0.0074474,-0.0327357,3.079,0.00832864,0.519484,5.66091,
298,0.0343649,0.187446,-0.359934,-0.272124,-0.0110947,0,0.282148,0,0.526792,0.926639,0.0352752,-0.0558414,0.370104,0.422666,0.808329,-0.523652,-0.52734,-0.27292,-0.523399,0.528064,1.18789,2.68386,0.746028,0.0141764,0.176684,0.095106,-1.06017,-3.40497,-1.47135,-0.000279513,-0.0330443,5.17099,-0.00392096,-0.0806868,7.73271,
299,-0.002206,-0.0214652,-0.460255,-0.000311754,-0.0111971,0,0.189587,0,0.543284,0.935196,0.0272582,-0.0950351,0.34005,0.190903,0.68682,-0.523675,-0.528418,0.0312505,-0.524106,0.524631,1.24891,1.68421,0.418075,0.113393,-1.16679,-1.37334,-1.20141,-5.84003,-3.37945,-0.000117321,-0.0202279,6.97142,-0.0186287,-0.0350672,-0.741973,
300,-0.0358192,-0.278446,-0.509611,0.00272788,-0.0112578,0,0.036057,0,0.533028,0.940265,0.0149131,-0.133434,0.312849,-0.177522,0.521674,-0.523681,-0.529454,0.405549,-0.524963,0.522219,1.20863,1.56763,0.523315,-0.512111,-0.984839,-1.24191,-0.794037,-8.87057,-2.68725,3.31012e-05,-0.0214149,7.99102,-0.0136669,-0.0617949,-0.867021,
301,-0.0366981,-0.382344,0.0533865,0.044831,-0.0112232,0,-0.289245,0,0.510943,0.937375,0.0338693,-0.13974,0.317261,-0.580466,0.512215,-0.523374,-0.526808,0.55748,-0.524862,0.511496,1.11509,2.1657,0.390044,-0.453303,1.53328,-0.062054,-0.264363,-0.907733,0.39004,0.0182658,0.102184,-0.715557,0.00870798,-0.330659,-2.85451,
302,-0.0717359,-0.323602,0.195674,0.105534,-0.0112462,0,-0.303878,0,0.484746,0.939299,0.0532447,-0.124731,0.31516,-0.537448,0.539169,-0.523826,-0.522812,0.47148,-0.524426,0.488791,0.905937,2.13436,0.902659,-0.307857,-0.802823,1.25126,0.202604,1.23973,0.67662,-0.00640295,0.00383798,-2.67085,0.0107747,-0.586846,-5.48645,
303,-0.0473145,-0.197477,0.330129,0.16598,-0.0112572,0,-0.275514,0,0.462835,0.940214,0.02131,-0.0954325,0.326244,-0.441901,0.59134,-0.523751,-0.523323,0.287531,-0.523505,0.446677,0.579045,2.28644,0.975299,-0.538531,0.364877,2.12117,0.568278,2.57132,1.40774,0.00250627,-0.00657098,-4.68554,0.0122097,-1.09217,-7.58412,
304,-0.00197642,-0.00751558,0.428527,-0.0490614,-0.0112011,0,-0.19261,0,0.435213,0.935534,0.00860137,-0.053125,0.349114,-0.256844,0.690687,-0.523698,-0.52347,0.0109417,-0.523484,0.384321,0.480097,2.5802,1.06979,-0.620961,0.190313,1.67041,1.19594,4.8146,2.5526,0.000591021,-0.00233591,-6.36882,-0.00260475,-1.39732,1.1388,
305,0.0233674,0.225222,0.465207,-0.0559679,-0.0111508,0,-0.0469811,0,0.437968,0.931332,0.00483493,-0.0440556,0.361463,0.0468486,0.797588,-0.523233,-0.523517,-0.327951,-0.523214,0.317497,0.536075,3.68922,0.422069,1.41397,-0.528839,-0.759404,-0.236957,7.20491,1.5852,0.00572194,-0.000221871,-7.06886,0.00489094,-1.26904,1.11427,
306,0.057049,0.39643,-0.0213639,-0.118845,-0.0112294,0,0.286778,0,0.499895,0.937897,0.0082565,-0.0742332,0.338778,0.482497,0.863493,-0.523677,-0.523718,-0.57816,-0.523446,0.260655,0.631825,3.46423,0.585027,1.01304,-0.118939,-1.32527,-1.97852,10.2219,1.06491,-0.00372858,-0.0105496,0.286004,-0.00466973,-1.00291,2.69582,
307,0.0471583,0.3445,-0.185274,-0.22138,-0.0113493,0,0.313494,0,0.539131,0.94791,0.0110844,-0.0904528,0.305225,0.559724,0.89341,-0.523708,-0.52449,-0.502039,-0.523484,0.2212,0.835323,3.0047,0.556733,0.582695,-0.396799,-0.16066,-1.50078,-1.07251,0.140785,0.0011985,-0.0171788,2.52364,-0.00019244,-0.560328,5.42714,
308,0.0304071,0.221124,-0.328627,-0.287422,-0.0114879,0,0.290582,0,0.555048,0.95948,0.00447862,-0.0961777,0.264815,0.47387,0.859587,-0.523674,-0.525272,-0.32198,-0.523606,0.202425,1.16303,2.93638,0.559479,0.0432792,-0.519725,-0.0284105,-1.79035,-2.35072,-1.48095,0.000257876,-0.0144925,4.66154,-0.00378456,-0.194167,7.66206,
309,0.00423094,0.0284531,-0.437781,0.0111303,-0.0116414,0,0.212124,0,0.539607,0.972304,-5.59751e-05,-0.0809682,0.219246,0.29929,0.734417,-0.523679,-0.526378,-0.041424,-0.523982,0.198486,1.26485,2.65789,0.604911,-0.611247,-0.0151039,1.14271,-1.87025,-4.61007,-3.51119,-8.80666e-05,-0.0264847,6.54091,-0.00758013,0.035186,-1.1194,
310,-0.0456814,-0.217478,-0.499512,-0.00215666,-0.0117549,0,0.0734375,0,0.516128,0.981787,-0.017221,-0.0768023,0.172914,-0.0050748,0.564946,-0.523687,-0.52735,0.316667,-0.52452,0.200557,1.22128,1.57868,0.854955,-0.343248,-1.56691,-0.53622,-1.81721,-7.54007,-3.26828,-2.97274e-05,-0.0113751,7.77295,-0.0160474,0.0469321,-0.621905,
311,-0.0822905,-0.405076,0.0365495,0.0310344,-0.0117906,0,-0.297983,0,0.49624,0.984769,-0.0290177,-0.0719043,0.15562,-0.465059,0.506907,-0.522297,-0.525828,0.590866,-0.524849,0.193221,1.15055,1.8571,0.826701,-0.390692,0.555029,0.99366,1.07698,-10.848,0.38768,0.0263985,0.0773274,-0.489513,0.00161613,-0.349872,-2.18867,
312,-0.0393247,-0.343664,0.208227,0.0945222,-0.0118076,0,-0.321684,0,0.466215,0.986186,-0.0191892,-0.0472975,0.157582,-0.590527,0.531296,-0.521226,-0.52293,0.500815,-0.524802,0.162459,0.969858,2.23733,0.465282,-0.845627,0.591666,0.914536,-0.374076,1.89143,0.59005,-0.00663645,-0.00316285,-2.8498,0.000730899,-0.888849,-5.01905,
313,-0.0194057,-0.208342,0.351459,0.156687,-0.0118319,0,-0.292195,0,0.410511,0.988219,-0.00519514,-0.0213032,0.151467,-0.460685,0.577392,-0.523753,-0.523495,0.303357,-0.524697,0.111939,0.662068,2.38802,0.378907,-1.39119,0.827868,0.98755,-0.143627,3.29135,1.24822,-0.0758081,-0.0123349,-5.03108,0.00381229,-1.12969,-7.27433,
314,0.00215193,-0.0106066,0.430051,-0.0387579,-0.0118219,0,-0.195579,0,0.397357,0.987378,0.00327428,-0.0223138,0.156768,-0.246618,0.660578,-0.523891,-0.522577,0.0154419,-0.521777,0.053534,0.474319,3.03149,-0.825342,1.28429,-0.634674,-1.31441,0.537029,5.18887,2.02453,0.00844976,-0.0117493,-6.39696,-0.00777047,-1.20443,0.887705,
315,-0.0492572,0.22758,0.485199,-0.0470945,-0.0117823,0,-0.0572697,0,0.454553,0.984074,-0.0113443,-0.0544106,0.168847,0.0845637,0.751431,-0.523695,-0.52341,-0.331387,-0.523131,-0.00474498,0.522896,3.13848,-0.88103,1.0189,-0.0493622,-0.797966,0.407706,8.03698,1.62129,0.00150898,-0.00966006,-7.47265,-0.0207293,-1.12816,0.906868,
316,-0.0478164,0.406016,-0.043328,-0.106448,-0.0117725,0,0.30106,0,0.495101,0.983255,-0.00838935,-0.0739497,0.166347,0.565482,0.821097,-0.523497,-0.524016,-0.592247,-0.523417,-0.0680978,0.608744,2.87248,-0.47853,0.646349,-0.0832759,0.171413,-1.03245,9.04669,1.16357,-0.00581817,-0.0231184,0.580455,0.02992,-1.38981,2.50269,
317,-0.039767,0.341828,-0.21445,-0.207861,-0.0117877,0,0.322884,0,0.513713,0.984526,-0.0112552,-0.0608438,0.163953,0.57104,0.858054,-0.523851,-0.525339,-0.49813,-0.523409,-0.145653,0.804762,2.34713,-0.473056,0.237956,0.894475,0.489114,0.45649,-1.81612,0.282182,0.00317021,-0.0412659,2.93907,-0.00521049,-1.70505,5.31205,
318,-0.0299411,0.203486,-0.355902,-0.268493,-0.011778,0,0.290975,0,0.515456,0.983715,-0.000392902,-0.0500279,0.172634,0.443721,0.833521,-0.523708,-0.527076,-0.296284,-0.523598,-0.236012,1.12532,2.25896,-0.598678,0.11205,-1.4544,-1.34979,0.131856,-3.24718,-1.25995,0.00194955,0.000990345,5.10423,-0.00107151,-1.91413,7.37746,
319,0.000331506,-0.00402692,-0.460495,0.00464197,-0.011722,0,0.201917,0,0.524209,0.979033,-0.0368729,-0.099228,0.174036,0.220345,0.723156,-0.523633,-0.524558,0.00586268,-0.523994,-0.335465,1.26064,1.5883,-0.334888,0.168613,0.242689,0.0255139,0.285038,-5.68473,-3.12874,0.00113616,0.171585,6.97613,-0.0111992,-2.05147,-0.883957,
320,0.0180578,-0.262894,-0.514103,0.0039754,-0.0117167,0,0.0501774,0,0.522418,0.978594,-0.0234457,-0.0852265,0.18585,-0.140587,0.571067,-0.523671,-0.52243,0.382864,-0.524012,-0.435463,1.21571,1.41304,-0.279364,-0.262307,0.76705,0.572406,0.649888,-8.7248,-2.96101,-0.000678625,-0.0328218,8.08977,0.0117747,-1.95126,-0.894764,
321,0.0135727,-0.397405,0.0801862,0.0397176,-0.0116308,0,-0.308862,0,0.509545,0.971418,-0.0151182,-0.0862721,0.220625,-0.597799,0.501532,-0.523542,-0.523722,0.579592,-0.523432,-0.529061,1.12656,1.63159,-0.138699,-0.236827,-0.0534627,-1.06888,1.06911,-2.56356,0.448329,0.0211829,-0.0140996,-1.0767,-0.00201643,-1.46679,-2.64799,
322,0.0191008,-0.323985,0.233975,0.102344,-0.0115779,0,-0.318933,0,0.490855,0.967005,0.000688048,-0.0974759,0.235372,-0.548628,0.531019,-0.523718,-0.523298,0.472039,-0.523547,-0.530804,0.9244,1.74725,-0.239679,-0.515819,1.29703,-0.107558,0.524387,1.7641,0.720646,-0.0276445,0.00343709,-3.22168,-0.0014402,0.296029,-5.41999,
323,-0.00448702,-0.177616,0.362769,0.16211,-0.0115209,0,-0.276882,0,0.457631,0.962242,0.0205018,-0.0878856,0.256799,-0.420451,0.584701,-0.523822,-0.523483,0.258603,-0.523562,-0.513478,0.600913,2.09947,0.102762,-0.535409,-0.564666,1.13858,1.67457,3.33611,1.40738,0.00327382,-0.00308592,-5.21814,0.00115942,0.37274,-7.48903,
324,0.00211116,0.028327,0.453014,-0.0501956,-0.0114081,0,-0.180723,0,0.443257,0.952819,-0.000278315,-0.0439546,0.300341,-0.192095,0.682876,-0.523741,-0.523433,-0.0412403,-0.523552,-0.496943,0.475311,2.39651,0.303182,-0.306482,0.143636,2.07053,1.743,5.78583,2.5129,0.00204143,-0.00279827,-6.83068,-0.00108941,0.304694,1.18837,
325,-0.0100564,0.277554,0.48552,-0.064864,-0.0113625,0,-0.0214797,0,0.43823,0.949006,0.00856455,-0.0520112,0.310819,0.164752,0.790735,-0.522186,-0.523564,-0.404247,-0.523393,-0.480437,0.539764,3.41634,-0.147337,0.978823,-0.737792,-0.781143,0.114462,8.36711,1.61473,0.0135185,-0.00705934,-7.47929,0.0179866,0.328458,1.40553,
326,-0.00612687,0.395925,-0.0807679,-0.139953,-0.0114122,0,0.308114,0,0.529105,0.95316,-0.00366879,-0.0594657,0.29654,0.593996,0.843594,-0.522255,-0.524973,-0.577417,-0.523338,-0.465528,0.659754,3.32481,-0.0628433,1.71538,-0.422583,0.373128,-0.455805,2.38228,0.737441,-0.0536641,-0.0378727,1.08456,-0.015505,0.25832,3.3589,
327,-0.00701449,0.321914,-0.235343,-0.236104,-0.0114391,0,0.31813,0,0.602089,0.95541,-0.019706,-0.0508956,0.290193,0.546847,0.853874,-0.524318,-0.526818,-0.469013,-0.524262,-0.454064,0.896031,3.15032,-0.0885772,1.21423,-0.617702,0.528271,-0.3286,-1.68801,-0.318035,0.0128576,-0.0350927,3.24165,-0.0188042,0.20613,6.07165,
328,-0.0047374,0.173871,-0.372236,-0.237883,-0.0114774,0,0.27874,0,0.649189,0.958607,-0.0393194,-0.0407768,0.279041,0.421811,0.794984,-0.5238,-0.528533,-0.253149,-0.525208,-0.445044,1.2511,3.03514,-0.110833,0.643092,-0.540374,0.857443,-0.477801,-3.30149,-2.02326,0.00480877,-0.0362073,5.3769,-0.0181314,0.154571,6.57607,
329,0.000441595,-0.0411355,-0.468076,0.004752,-0.0115146,0,0.180211,0,0.664999,0.96171,-0.0506499,-0.00721851,0.269251,0.192786,0.652585,-0.5237,-0.530827,0.0598879,-0.525868,-0.438263,1.25746,2.75179,-0.0436706,0.0610883,0.0182904,1.73763,-0.226289,-5.83094,-3.66465,0.000622172,-0.0486319,7.12577,-0.00680724,0.117014,-1.10026,
330,-0.00112279,-0.301987,-0.513006,0.00880744,-0.0115061,0,0.0213419,0,0.658021,0.961,-0.0606462,0.0370811,0.267255,-0.176535,0.493023,-0.523688,-0.533337,0.439905,-0.525575,-0.432589,1.19613,2.58672,0.0151162,-0.301392,0.245502,1.55657,0.257181,-8.91553,-0.65546,0.000261862,-0.0515773,8.06555,0.0237187,0.106996,-1.34992,
331,0.00231903,-0.392761,0.0905527,0.0543142,-0.0114137,0,-0.309629,0,0.630666,0.953283,-0.0612945,0.0679244,0.28789,-0.581117,0.514273,-0.523453,-0.535638,0.572771,-0.523919,-0.42871,1.07516,3.2707,-0.0239789,-0.820031,0.133039,0.823359,0.402808,-0.901502,0.611323,0.0160366,-0.0383478,-1.21698,0.0335742,0.075567,-3.46488,
332,0.0523936,-0.31402,0.244769,0.120268,-0.0113757,0,-0.316723,0,0.580269,0.950109,-0.056535,0.0839888,0.295029,-0.53509,0.554509,-0.523891,-0.537564,0.457479,-0.523418,-0.424601,0.834304,2.89789,-0.678905,-0.713538,1.27496,-1.31148,0.93145,1.40953,1.04647,-0.00418256,-0.0444393,-3.37971,-0.00306001,0.0849324,-6.14522,
333,0.0337692,-0.161492,0.379536,0.0621017,-0.0113292,0,-0.273863,0,0.536875,0.946228,-0.00641885,0.0571612,0.318346,-0.42199,0.62812,-0.523759,-0.539766,0.235121,-0.523562,-0.41093,0.498248,3.01593,-0.850938,-1.07402,1.15419,-1.95397,1.0556,3.10845,1.88141,0.00298434,-0.0350204,-5.50077,-0.00432513,0.458704,-3.17016,
334,-0.012897,0.0570573,0.472329,-0.0387315,-0.0112521,0,-0.171445,0,0.473473,0.939786,0.0309563,0.010748,0.340188,-0.201039,0.731085,-0.52368,-0.541094,-0.083068,-0.523578,-0.382355,0.502997,3.2212,-0.91957,-1.49591,0.685966,-2.28195,0.929346,5.7063,2.2306,0.000568994,-0.0235264,-7.21074,0.0054508,0.682145,0.642575,
335,-0.0665572,0.31687,0.496878,-0.0554903,-0.0111338,0,-0.000264669,0,0.415285,0.929907,0.0336892,-0.0137226,0.36599,0.160978,0.826678,-0.523462,-0.542344,-0.461643,-0.523199,-0.351718,0.545433,4.34859,-0.855136,0.852907,-0.199421,0.185833,0.707066,8.51378,1.1059,0.0317025,-0.0612391,-7.71693,0.0290439,0.552317,1.07094,
336,-0.0438671,0.386166,-0.0775267,-0.139818,-0.0112097,0,0.300585,0,0.487749,0.936247,0.0447348,0.000633169,0.348482,0.601514,0.859116,-0.52142,-0.546779,-0.563089,-0.523301,-0.335045,0.655637,3.49641,-0.461684,1.71471,-0.278032,-0.314673,-0.306966,2.353,0.395481,-0.020722,-0.0828064,1.04077,-0.0146319,0.0715111,3.33834,
337,-0.0374738,0.314525,-0.228673,-0.231247,-0.0112175,0,0.310739,0,0.564454,0.9369,0.0352668,-0.0118439,0.347612,0.548404,0.852769,-0.524248,-0.550726,-0.458217,-0.524156,-0.33973,0.889331,3.26648,-0.484578,1.29189,-0.630187,-0.347158,-0.098135,-1.80324,-0.641292,-0.0155534,-0.0758943,3.14453,-0.017496,-0.249219,5.98514,
338,-0.0214691,0.170639,-0.363538,-0.230053,-0.0112409,0,0.272563,0,0.615432,0.938856,0.021568,-0.0238474,0.342806,0.418984,0.779038,-0.523892,-0.55441,-0.248442,-0.525062,-0.358569,1.23882,3.14609,-0.511869,0.720931,-0.607332,-0.0546695,-0.250442,-3.36205,-2.29409,0.0076045,-0.0740224,5.23095,-0.018289,-0.502904,6.5153,
339,0.00398991,-0.0389978,-0.459278,0.00178682,-0.0112575,0,0.176717,0,0.647737,0.940243,0.00879091,-0.0231713,0.339601,0.188364,0.625113,-0.523715,-0.558512,0.0567757,-0.526012,-0.387633,1.2537,2.56742,-0.416205,0.393881,-0.422032,0.431647,-0.0217967,-5.83075,-3.8573,0.00124571,-0.0831175,6.95232,-0.0156387,-0.646173,-0.967935,
340,0.0291328,-0.293671,-0.504431,0.00601439,-0.011239,0,0.0217578,0,0.655964,0.938698,-0.00181887,-0.016019,0.344363,-0.179364,0.491867,-0.523688,-0.562685,0.427765,-0.526287,-0.418593,1.19921,2.40712,-0.403463,-0.0339563,-0.0839593,0.132383,0.412324,-8.85389,0.224507,0.000292156,-0.083898,7.8785,0.00873442,-0.594857,-1.20894,
341,0.0335695,-0.387889,0.0738349,0.0504749,-0.0111251,0,-0.300359,0,0.641851,0.929183,-0.00357775,-0.0185361,0.369137,-0.580574,0.519775,-0.523462,-0.566565,0.565618,-0.525557,-0.443294,1.08661,3.07691,-0.351632,-0.538416,-0.204294,-0.314974,0.505398,-0.893457,0.60016,0.0152807,-0.0690763,-0.990927,0.0145028,-0.36949,-3.27145,
342,0.028138,-0.317819,0.22561,0.115593,-0.0110786,0,-0.311683,0,0.60204,0.925302,-0.00381807,-0.0266659,0.378274,-0.535884,0.558303,-0.523887,-0.569946,0.463029,-0.524775,-0.455152,0.856044,3.22586,-0.360001,-1.05693,-0.00104246,-0.25344,0.480495,1.34542,0.937324,-0.00189862,-0.0671533,-3.10012,0.0176212,-0.111443,-5.93103,
343,0.0167906,-0.175324,0.361351,0.14589,-0.0110176,0,-0.274699,0,0.536188,0.920204,0.000699718,-0.0310591,0.390205,-0.429334,0.625165,-0.523743,-0.573248,0.255266,-0.52375,-0.455614,0.508506,3.41495,-0.389601,-1.55869,0.080091,-0.327406,0.540514,2.90641,1.73085,0.00252845,-0.0622576,-5.19452,0.0225304,0.0911318,-6.50302,
344,-0.00267399,0.0329537,0.456271,-0.0472528,-0.0109571,0,-0.179284,0,0.454235,0.915151,0.0013473,-0.0498446,0.400016,-0.221492,0.736382,-0.523686,-0.574444,-0.0479763,-0.523465,-0.448067,0.492258,3.48264,-0.330095,-1.54223,1.86099,0.419436,0.0648221,5.3724,2.7136,-0.000498951,0.131161,-6.89374,-0.00244365,0.218392,0.943998,
345,-0.0176403,0.277781,0.480115,-0.0626841,-0.0109194,0,-0.0180145,0,0.444444,0.912,0.024685,-0.0222095,0.408845,0.115565,0.838649,-0.523451,-0.565214,-0.404577,-0.522953,-0.438887,0.546066,4.66853,-0.258257,1.44857,0.734603,0.047496,0.208255,8.04958,1.25082,-0.000824361,0.175844,-7.36833,-0.000703592,0.157307,1.21796,
346,-0.0122434,0.396721,-0.0827444,-0.139163,-0.0109704,0,0.30935,0,0.505605,0.916265,0.0459056,-0.0166468,0.397586,0.566569,0.88727,-0.523698,-0.556794,-0.578587,-0.523479,-0.433517,0.656279,4.17301,-0.125331,0.972223,0.977981,0.106542,-0.576796,4.20105,0.706849,-0.00159367,0.157762,1.11128,-0.0160185,0.0464297,3.16777,
347,-0.0105339,0.321602,-0.238213,-0.240967,-0.0109934,0,0.31905,0,0.557032,0.918182,0.0499633,-0.0225582,0.392347,0.549437,0.896143,-0.523696,-0.548686,-0.468557,-0.524522,-0.434747,0.884504,3.3178,-0.133152,1.18641,-1.16869,-1.1165,-0.275652,-1.40817,-0.343809,0.000907982,0.17101,3.28358,-0.0234943,-0.0952871,5.94938,
348,-0.00769682,0.172044,-0.37497,-0.246508,-0.0110398,0,0.27879,0,0.602238,0.922061,0.0320048,-0.0587096,0.381224,0.437535,0.83517,-0.523673,-0.540291,-0.250489,-0.525792,-0.441154,1.23355,3.18746,-0.181985,0.592055,-1.19003,-0.906254,-0.46355,-3.05568,-2.08015,7.19654e-05,0.162522,5.42315,-0.0269728,-0.160914,6.55026,
349,0.00185685,-0.0445358,-0.470382,0.00186727,-0.011076,0,0.179143,0,0.613987,0.925081,0.0188586,-0.0748372,0.371844,0.219984,0.68857,-0.523681,-0.532813,0.0648383,-0.527065,-0.450325,1.25231,2.91179,-0.169609,-0.0717578,-0.666548,-0.140249,-0.240199,-5.61829,-3.77441,-9.18718e-05,0.143128,7.17174,-0.0231194,-0.205358,-0.917559,
350,0.0129137,-0.30684,-0.51479,0.00785941,-0.0110772,0,0.0190253,0,0.59679,0.925179,0.00551114,-0.0809157,0.370763,-0.139452,0.513471,-0.523686,-0.525925,0.446992,-0.527872,-0.460119,1.19924,2.74966,-0.171112,-0.582694,-0.418157,-0.170629,0.242052,-8.73187,-1.49299,0.000129593,0.132242,8.10497,-0.00469062,-0.189225,-1.20236,
351,0.00136604,-0.385067,0.0711144,0.0544195,-0.0109261,0,-0.297522,0,0.557485,0.912558,0.000574534,-0.0956768,0.397598,-0.597417,0.515,-0.523522,-0.522677,0.561476,-0.527774,-0.468399,1.08443,3.35411,-0.0144091,-0.99376,-0.376282,-0.730787,0.642855,-2.574,0.359004,0.0236121,-0.0173836,-0.954227,0.00240773,-0.10908,-3.36481,
352,-0.00371589,-0.316979,0.219784,0.117549,-0.0108949,0,-0.308871,0,0.501993,0.909959,0.0122636,-0.0994712,0.402404,-0.549061,0.542536,-0.523822,-0.523375,0.461802,-0.527285,-0.472988,0.849445,3.46536,0.0476555,-1.07708,2.19713,0.680946,-0.0765457,1.72202,0.739295,-0.0204716,-0.0040651,-3.01587,0.0263105,-0.0790284,-6.03001,
353,-0.0381658,-0.178735,0.348778,0.143146,-0.0108976,0,-0.271271,0,0.446592,0.910183,0.0315154,-0.052964,0.409595,-0.425593,0.59971,-0.523806,-0.523548,0.260232,-0.525663,-0.47803,0.497603,3.45452,0.869017,-0.775924,-0.589408,3.06347,0.501284,3.19842,1.52496,0.00429604,-0.00130802,-4.98714,0.0458995,-0.135908,-6.50874,
354,0.00038536,0.0223066,0.445765,-0.0463773,-0.0108782,0,-0.180957,0,0.409498,0.908558,-0.00262589,-0.0236509,0.417081,-0.207179,0.700069,-0.523055,-0.523398,-0.0324754,-0.523304,-0.491473,0.489108,3.70375,0.0702775,-0.173082,1.55384,-0.842813,-0.144795,5.39385,2.44154,0.0962118,0.0134916,-6.69175,0.0326816,-0.384468,1.05693,
355,0.000203974,0.263637,0.482228,-0.0597908,-0.0108667,0,-0.0294863,0,0.448889,0.907603,0.0175511,-0.0359951,0.417914,0.131263,0.793688,-0.519628,-0.523582,-0.383948,-0.523072,-0.510755,0.546566,4.39518,0.00314634,1.39149,-0.244319,-0.249565,0.201401,8.17763,1.39681,0.0244848,-0.0110479,-7.41154,-0.00977215,-0.382374,1.22602,
356,0.0084889,0.390009,-0.0598506,-0.130234,-0.0109213,0,0.296634,0,0.507026,0.91216,0.0161519,-0.0439747,0.407149,0.58733,0.850195,-0.51939,-0.524277,-0.568731,-0.523551,-0.526635,0.654577,3.87281,0.0884014,0.894648,-0.069737,0.0797856,-0.486478,3.95268,0.87029,-0.0419534,-0.0206592,0.802491,-0.0140214,-0.0590762,3.07238,
357,-0.00138968,0.326924,-0.210805,-0.226493,-0.0109398,0,0.311857,0,0.538785,0.913702,0.00904706,-0.0377941,0.404522,0.553633,0.868729,-0.523976,-0.525324,-0.476336,-0.524484,-0.523926,0.875739,3.65795,-0.0172785,0.391407,-0.263229,0.385417,-0.190754,-1.65868,-0.121146,-0.0546452,-0.0197141,2.88674,-0.019435,0.0989069,5.75488,
358,-0.0100225,0.191362,-0.350294,-0.279699,-0.0110028,0,0.280398,0,0.551833,0.918971,-0.0139454,-0.0390502,0.392138,0.434728,0.820969,-0.523969,-0.525967,-0.278623,-0.525746,-0.520193,1.216,3.29108,-0.213048,0.323534,-2.41635,-0.0403123,-1.12488,-3.07688,-1.78456,0.0101064,0.00559605,5.01197,-0.0398158,0.019556,7.81243,
359,-3.37537e-05,-0.0118457,-0.451639,0.00741274,-0.0110471,0,0.19153,0,0.571684,0.922666,-0.0686045,-0.0799455,0.37093,0.220287,0.683173,-0.523725,-0.525813,0.0172458,-0.527841,-0.521982,1.25792,2.49246,0.0115916,0.144856,-2.09134,-0.0883983,-0.632517,-5.47245,-3.7185,0.00230537,0.0320428,6.80417,-0.0432667,-0.0707036,-1.05836,
360,-0.00787303,-0.263974,-0.503609,0.00680499,-0.0111254,0,0.0425985,0,0.577727,0.929206,-0.0839637,-0.0425196,0.357378,-0.129299,0.512078,-0.523683,-0.522653,0.384439,-0.529373,-0.523937,1.20278,2.24846,0.121291,-0.0193102,0.483475,1.79531,-0.224627,-8.47221,-1.42956,0.000261975,-0.0164429,7.86076,-0.0130604,0.00232622,-1.1265,
361,-0.0282706,-0.395317,0.0747129,0.0460845,-0.0110909,0,-0.305514,0,0.566995,0.926323,-0.0832169,-0.0042941,0.3674,-0.601499,0.51486,-0.523601,-0.523469,0.576525,-0.529346,-0.523721,1.0995,2.79041,0.290493,-0.425263,0.479245,0.915959,0.386154,-3.92692,0.366307,0.0212143,-0.00925201,-1.00278,0.00419563,0.0113487,-2.98097,
362,-0.0162271,-0.324601,0.22816,0.109221,-0.0111202,0,-0.317067,0,0.533482,0.928773,-0.0791961,0.0191303,0.361583,-0.556072,0.541266,-0.523624,-0.52383,0.472939,-0.529135,-0.523707,0.881942,3.06477,0.203226,-0.936685,0.620031,0.838086,-0.152257,1.94118,0.685843,-0.0307983,-0.00773324,-3.13709,0.00556668,-0.00239115,-5.70421,
363,0.0191272,-0.180186,0.365923,0.170915,-0.0111292,0,-0.280044,0,0.493895,0.929524,-0.0374663,0.00907657,0.366741,-0.420564,0.596161,-0.523813,-0.52439,0.262345,-0.527969,-0.523717,0.544482,2.83159,-0.431853,-0.889204,1.76917,-1.70051,0.382045,3.47437,1.48503,0.00372933,-0.0125705,-5.2708,0.0340303,0.000427255,-7.77979,
364,-0.00390012,0.0315138,0.463777,-0.042923,-0.0110922,0,-0.184524,0,0.443109,0.926438,0.00685072,-0.0344486,0.374804,-0.18406,0.699869,-0.523692,-0.524315,-0.04588,-0.526242,-0.520164,0.492235,3.04465,-0.503455,-1.20247,0.743102,-2.50777,0.253773,5.96119,2.64883,0.00103681,0.00626871,-7.04062,0.0415359,0.139093,0.889604,
365,-0.0150372,0.279529,0.478992,-0.0574691,-0.0110009,0,-0.0160737,0,0.445422,0.918807,0.0171726,-0.0374065,0.392555,0.181329,0.810479,-0.523489,-0.522244,-0.407128,-0.521281,-0.515463,0.542273,4.543,-0.218763,1.92349,0.795346,0.335084,0.226075,8.49255,1.56052,0.0135642,-0.0111261,-7.34542,-0.00931691,0.0728852,1.12209,
366,-0.0116605,0.397294,-0.0848416,-0.135681,-0.0110425,0,0.310484,0,0.531295,0.922286,0.0339202,-0.0215691,0.384412,0.619794,0.874825,-0.523743,-0.523624,-0.579429,-0.523284,-0.513751,0.648116,3.97676,-0.11919,1.43951,0.950131,0.761842,-0.20571,2.00588,1.0352,-0.0318716,-0.0352146,1.13965,-0.0500251,-0.0170546,3.08777,
367,-0.0146577,0.321176,-0.240012,-0.239325,-0.0110325,0,0.319479,0,0.591099,0.921449,0.0441005,0.00896937,0.385883,0.549908,0.900394,-0.523836,-0.525353,-0.467934,-0.525869,-0.516659,0.871404,3.81757,-0.185531,0.958991,0.757455,1.04119,-0.0834698,-2.12345,-0.00470197,0.00510406,-0.0332168,3.30991,-0.0502428,-0.09335,5.82298,
368,-0.0144198,0.170044,-0.377854,-0.29606,-0.0111228,0,0.278798,0,0.650341,0.928992,0.0150033,0.0117151,0.369609,0.403271,0.855543,-0.52369,-0.526039,-0.247576,-0.529029,-0.525871,1.214,3.33697,-0.344974,1.06574,-1.77424,0.244284,-1.00692,-3.73242,-1.76854,0.000944356,-0.00329343,5.47212,-0.0669088,-0.0469315,7.84023,
369,0.00341545,-0.0482205,-0.472803,0.00256649,-0.0112112,0,0.177948,0,0.686695,0.936374,-0.0210971,0.0189607,0.349856,0.152148,0.714934,-0.523683,-0.526726,0.0702028,-0.53218,-0.524473,1.25736,3.02833,-0.288137,0.444571,-1.06113,1.09847,-0.739564,-6.28383,-3.84406,-3.20045e-05,-0.0175926,7.22026,-0.0581863,0.0285574,-1.03986,
370,0.0174546,-0.311967,-0.516446,0.00817011,-0.0112401,0,0.0164335,0,0.69692,0.938791,-0.0548204,0.0391828,0.337834,-0.240116,0.527327,-0.523687,-0.527707,0.45448,-0.534585,-0.522594,1.19764,2.87562,-0.227481,-0.0329515,-0.924989,1.3596,-0.242264,-9.37932,-3.66343,5.29725e-06,-0.0210456,8.14173,-0.0362669,0.0455031,-1.34575,
371,0.0184146,-0.387212,0.0793262,0.0534967,-0.01118,0,-0.301925,0,0.682925,0.933766,-0.0798502,0.0488555,0.345425,-0.612584,0.507447,-0.523323,-0.52849,0.564624,-0.535865,-0.518403,1.07507,3.61627,-0.193177,-0.544955,-0.920741,0.351746,-0.43487,0.473156,0.536644,0.0180005,-0.00915931,-1.06508,-0.0240252,0.153495,-3.53258,
372,0.0165773,-0.314374,0.231492,0.116672,-0.0111981,0,-0.311743,0,0.642463,0.935282,-0.102179,0.0493912,0.335213,-0.530467,0.543416,-0.523831,-0.528971,0.457997,-0.536921,-0.507639,0.831842,3.74793,-0.214386,-1.07759,-0.653828,0.39222,-0.336057,1.97766,0.898495,-0.00615884,-0.0106994,-3.18553,-0.0174913,0.273159,-6.17598,
373,0.0499537,-0.168974,0.366553,0.0573149,-0.0112062,0,-0.272835,0,0.595191,0.935958,-0.0963544,0.0302609,0.337318,-0.392254,0.610833,-0.523784,-0.529697,0.246017,-0.537131,-0.491281,0.49463,3.28959,-1.20356,-0.533961,0.420593,-2.92018,0.483841,3.53995,1.81582,0.00223985,-0.0131408,-5.28134,0.0116344,0.385343,-3.12693,
374,-0.0129708,0.0421619,0.461645,-0.0420087,-0.0111573,0,-0.175825,0,0.56089,0.931873,-0.0690151,-0.0432571,0.353523,-0.152689,0.709597,-0.523688,-0.529981,-0.0613822,-0.536241,-0.463251,0.50212,3.46654,-1.25156,-0.870314,-0.120882,-3.23198,0.363695,6.02006,2.1285,0.00097578,-0.00380879,-6.99868,0.0281978,0.732535,0.67409,
375,-0.0838441,0.29771,0.504887,-0.0531574,-0.0111257,0,-0.019145,0,0.516601,0.929231,-0.00978325,-0.0778607,0.36107,0.224614,0.805653,-0.523673,-0.524299,-0.433661,-0.534344,-0.429407,0.541295,3.4578,-1.14775,-1.03411,2.88735,-1.64293,-0.164837,9.0538,1.71403,0.000102075,0.183787,-7.88833,0.0442627,0.616361,0.902296,
376,-0.060809,0.389681,-0.0801394,-0.129488,-0.0112543,0,0.303829,0,0.463997,0.939977,0.0400086,-0.0297855,0.337573,0.592192,0.87817,-0.5237,-0.52293,-0.568248,-0.529187,-0.41254,0.639154,2.75554,-0.634556,-1.16679,2.1662,3.61139,-1.42742,-0.00118724,1.20449,-0.0185342,-0.0216286,1.07606,0.13908,0.0479829,2.99058,
377,-0.0587307,0.320417,-0.223269,-0.218357,-0.011291,0,0.312458,0,0.492751,0.943041,0.026085,-0.0258882,0.330641,0.532593,0.903765,-0.523794,-0.523811,-0.466826,-0.522329,-0.424008,0.845323,1.24518,-0.745958,1.03892,-1.51171,-1.17966,-0.01762,-1.52445,-0.067022,0.00343017,-0.00766632,3.06621,-0.000433414,-0.497128,5.33456,
378,-0.0352278,0.179072,-0.359463,-0.277501,-0.0112842,0,0.276344,0,0.532892,0.942473,-0.00595976,-0.0744971,0.325822,0.417844,0.860387,-0.523691,-0.523865,-0.260724,-0.523421,-0.458734,1.16322,1.13348,-0.80055,0.516407,-1.99244,-1.48558,-0.171858,-3.05416,-1.65368,0.000846878,0.00201859,5.16316,-0.0266602,-0.890984,7.37786,
379,0.00471882,-0.0286505,-0.458121,0.00879449,-0.0112714,0,0.183346,0,0.541373,0.941404,-0.0277512,-0.10336,0.319852,0.203167,0.729126,-0.523698,-0.523319,0.0417113,-0.52474,-0.508488,1.26214,0.854617,-0.670018,-0.0393829,0.291401,0.430739,-0.310347,-5.51012,-3.5775,-0.000784178,0.0296217,6.92973,-0.0215125,-1.09214,-1.04603,
380,0.0462867,-0.2836,-0.505997,0.0108697,-0.011312,0,0.0300108,0,0.528126,0.944789,-0.0205111,-0.0816096,0.316691,-0.148687,0.555755,-0.523696,-0.523395,0.413067,-0.525338,-0.528516,1.20561,0.653753,-0.664125,-0.49504,0.605555,0.870157,0.0353423,-8.53731,-3.36245,0.00026521,-0.00917455,7.91236,-0.00091059,0.109018,-1.21139,
381,0.0382659,-0.383919,0.0593858,0.049848,-0.0112288,0,-0.292477,0,0.500624,0.937845,-0.01101,-0.0755215,0.338558,-0.596574,0.508176,-0.523533,-0.523598,0.559791,-0.52499,-0.516388,1.09618,0.802222,-0.405044,-0.470571,-0.131236,-0.942784,0.457865,-2.50883,0.394336,0.022232,0.00698144,-0.796237,0.00164859,0.392452,-3.09974,
382,0.0335767,-0.321724,0.207686,0.111143,-0.0112173,0,-0.307275,0,0.471744,0.936881,0.00927692,-0.0803268,0.340169,-0.54895,0.53656,-0.523809,-0.523518,0.468735,-0.52452,-0.489825,0.87432,0.962931,-0.424402,-0.770433,1.17279,-0.18366,-0.00183545,1.66857,0.737709,-0.0155156,-0.00180234,-2.84206,0.0144157,0.657568,-5.75105,
383,-0.0117135,-0.19078,0.32396,0.172171,-0.0111751,0,-0.268317,0,0.43139,0.933355,0.0191657,-0.0678502,0.351962,-0.430394,0.592551,-0.523845,-0.523544,0.277775,-0.523177,-0.452586,0.535249,1.54144,0.249758,-0.210798,-0.429068,2.05877,1.46534,3.04999,1.48745,-0.00486965,0.00719998,-4.58724,0.020687,0.797359,-7.78987,
384,-0.000432769,-0.00629469,0.419554,-0.0451403,-0.011058,0,-0.187042,0,0.431356,0.923579,-0.00756125,-0.0251138,0.382511,-0.223106,0.696549,-0.523613,-0.523478,0.00916424,-0.523361,-0.416171,0.489336,1.99122,0.279682,-0.00795615,-0.278559,-0.132269,0.402727,5.13746,2.61588,0.0315659,-0.00258743,-6.20461,-0.00591458,0.686138,0.991224,
385,-0.00127065,0.222361,0.460165,-0.051254,-0.0110552,0,-0.0460972,0,0.445163,0.923345,0.00920878,-0.0586728,0.37935,0.0957938,0.811757,-0.520025,-0.523489,-0.323783,-0.523444,-0.382234,0.537405,2.86805,-0.0232422,0.749303,-0.735963,-0.288921,0.99508,7.63675,2.00278,0.0356648,0.000598885,-6.96967,0.00223074,0.627137,0.931536,
386,0.00760091,0.390019,-0.00617636,-0.116828,-0.0110367,0,0.276977,0,0.522468,0.921801,0.00985802,-0.0884062,0.377319,0.543428,0.886128,-0.518001,-0.524175,-0.568745,-0.523378,-0.350924,0.624627,2.95097,0.0791517,1.45538,-0.132894,-1.35846,-0.841872,8.49898,1.20758,0.0258543,-0.0219986,0.0826672,-0.00719523,0.626193,2.52141,
387,-0.00433987,0.345162,-0.169853,-0.223459,-0.0110166,0,0.308098,0,0.580331,0.920123,0.0148459,-0.112243,0.374907,0.563254,0.923544,-0.520409,-0.525382,-0.503008,-0.524088,-0.319615,0.818736,2.58665,-0.0510985,0.902193,-0.29165,-0.903977,-0.0241747,-1.42004,0.297414,-0.0910151,-0.0228713,2.307,-0.0158299,0.639936,5.22661,
388,-0.00427447,0.229768,-0.312955,-0.295766,-0.0110026,0,0.289542,0,0.611941,0.918947,0.0144456,-0.135525,0.370081,0.46319,0.897055,-0.524564,-0.526453,-0.334576,-0.524915,-0.288944,1.13689,2.5227,-0.0756649,0.351801,-0.451071,-0.795449,-0.272374,-2.57251,-1.34357,0.00248601,-0.0203278,4.4136,-0.0169705,0.587357,7.48015,
389,-0.000592212,0.0456858,-0.424366,0.00794327,-0.0110197,0,0.217018,0,0.611304,0.920376,0.015138,-0.142785,0.363718,0.280529,0.77731,-0.523907,-0.527834,-0.0665125,-0.525769,-0.260908,1.26754,2.28312,-0.0527324,-0.349368,0.104908,0.176682,-0.218315,-4.71355,-3.43138,0.00855994,-0.0330472,6.29235,-0.0155359,0.533845,-1.09781,
390,0.00363402,-0.192094,-0.48867,-0.00152454,-0.011037,0,0.0849222,0,0.580564,0.921822,0.0160517,-0.134479,0.363182,-0.0264187,0.611041,-0.523713,-0.529542,0.279689,-0.526225,-0.235043,1.22093,2.10448,-0.0769517,-0.87175,0.187155,0.398284,0.131013,-7.53965,-3.22295,0.00121887,-0.0350159,7.54458,-0.00104255,0.500298,-0.743633,
391,-0.0130208,-0.396419,-0.0197755,0.0278825,-0.0109704,0,-0.271655,0,0.526237,0.91626,0.0177588,-0.1256,0.37997,-0.483138,0.498606,-0.523699,-0.531268,0.578143,-0.525713,-0.210672,1.14946,2.29744,0.133393,-1.24008,0.412972,-0.236353,1.80857,-10.7177,0.144825,-0.000329087,-0.0302881,0.26473,0.0198859,0.455971,-2.10019,
392,-0.01493,-0.352069,0.168417,0.0901199,-0.0109127,0,-0.312038,0,0.465606,0.911438,0.05183,-0.10235,0.395118,-0.562516,0.522322,-0.5237,-0.528636,0.513116,-0.524135,-0.189577,0.974058,2.64662,0.172338,-1.26161,1.49469,0.872241,0.169394,1.12132,0.581355,-0.00280346,0.0712695,-2.28692,0.034969,0.367462,-4.88501,
393,-0.0568564,-0.239386,0.307487,0.151663,-0.010938,0,-0.293567,0,0.424373,0.913552,0.0119604,-0.0455319,0.403988,-0.478119,0.565903,-0.523697,-0.523822,0.348592,-0.523384,-0.174932,0.67174,2.38397,0.967016,-0.861059,-0.090734,3.42967,0.264749,2.25632,1.17858,0.000510878,0.144157,-4.3281,-0.00389868,0.223877,-7.20679,
394,-0.00115621,-0.0580274,0.41617,-0.0334918,-0.0109268,0,-0.221336,0,0.387426,0.912619,0.00573653,-0.0166115,0.408432,-0.314031,0.650712,-0.523672,-0.522959,0.0844803,-0.523514,-0.174221,0.479509,2.58198,0.0810562,0.102647,0.133548,-2.0111,0.388309,4.21359,2.15964,0.00964589,-0.0165248,-6.14333,0.00356295,-0.195386,0.724705,
395,0.00929423,0.165959,0.467005,-0.0349529,-0.0108081,0,-0.0906982,0,0.438064,0.902707,0.0103721,-0.0436872,0.427906,-0.0419576,0.74411,-0.523641,-0.523386,-0.241627,-0.523418,-0.184883,0.516923,3.34712,0.227816,1.03856,-0.658867,-0.624948,1.0894,6.80294,1.66386,-0.000985292,-0.00695387,-7.10448,-0.00332662,-0.217735,0.544315,
396,0.0357555,0.388729,0.129544,-0.0797365,-0.0106957,0,0.225049,0,0.480472,0.893315,0.00529933,-0.0695827,0.443981,0.374916,0.817926,-0.52343,-0.523743,-0.566851,-0.52354,-0.193463,0.573969,3.24207,0.373735,0.737358,0.0691652,-1.84944,-0.566155,9.81389,1.26639,0.0330837,-0.0155291,-1.74861,-0.000472594,-0.103987,1.72799,
397,0.02221,0.363758,-0.128101,-0.179288,-0.010791,0,0.304595,0,0.515727,0.901274,0.0186722,-0.0680513,0.427464,0.605556,0.862657,-0.523876,-0.525674,-0.530234,-0.523576,-0.191412,0.728368,2.53862,0.248117,0.535751,0.845666,0.536475,-0.134777,-1.71521,0.547953,-0.0294268,-0.0504173,1.7288,-0.00365278,0.15876,4.43376,
398,0.015034,0.268207,-0.275591,-0.259377,-0.0108308,0,0.299245,0,0.530205,0.904599,0.0299961,-0.0464738,0.42266,0.497356,0.856422,-0.523852,-0.528104,-0.390613,-0.523752,-0.179399,1.01124,2.48547,0.227963,0.0362967,0.706735,0.677622,-0.416696,-2.57738,-0.786742,0.00588426,-0.0472773,3.83887,-0.00293452,0.320447,6.86027,
399,0.00138626,0.102752,-0.397016,-0.020537,-0.0108833,0,0.242489,0,0.540616,0.908984,0.0102426,-0.0911673,0.40661,0.322523,0.769947,-0.523695,-0.52859,-0.149594,-0.523879,-0.161646,1.273,1.97179,0.0548827,0.119646,-2.13299,-1.781,-0.620105,-4.42133,-2.6454,0.000907414,-0.00259535,5.80281,-0.00864082,0.394648,-0.0956662,
400,-0.000285235,-0.122059,-0.47572,-0.00531895,-0.0109125,0,0.127281,0,0.536736,0.911429,-0.00171052,-0.117691,0.394263,0.0341509,0.637395,-0.523621,-0.525716,0.177705,-0.524306,-0.142218,1.23592,1.7502,0.0095062,-0.155962,0.758413,0.641118,-0.234527,-7.09288,-2.65871,-0.00604361,0.145748,7.27904,-0.00215327,0.381966,-0.539525,
401,-0.00857003,-0.381093,-0.428904,0.0143075,-0.0109312,0,-0.0855482,0,0.518065,0.912986,0.0113769,-0.0928825,0.397114,-0.398124,0.512819,-0.523692,-0.522921,0.555645,-0.523815,-0.12391,1.18711,1.68196,0.0913481,-0.559992,1.00086,0.439166,0.488526,-10.176,-1.02225,-0.000104629,-0.0143339,6.37577,0.0241581,0.342723,-1.40188,
402,-0.0104962,-0.381567,0.110429,0.0720119,-0.0108679,0,-0.309645,0,0.481598,0.907705,0.0327631,-0.0845207,0.409701,-0.58353,0.517065,-0.523445,-0.52351,0.556341,-0.52345,-0.108998,1.04952,2.37579,0.111741,-0.960571,0.955524,-0.13539,-0.0763469,1.39398,0.331586,-0.0126195,-0.01034,-1.48711,-0.00347131,0.270731,-4.08639,
403,-0.0578197,-0.294453,0.257529,0.133959,-0.0108709,0,-0.30909,0,0.434395,0.907955,0.0271715,-0.0694216,0.412383,-0.495927,0.545861,-0.523794,-0.523846,0.428907,-0.523558,-0.0979899,0.780549,2.15373,0.799285,-0.725746,-1.1255,1.98475,0.241359,2.10134,0.809718,0.00235361,0.0203387,-3.56832,-0.000496856,0.166148,-6.65236,
404,-0.02892,-0.136904,0.386251,0.0216892,-0.0109011,0,-0.260493,0,0.394241,0.910471,0.00693855,-0.0110261,0.413367,-0.346911,0.610136,-0.523699,-0.523253,0.199319,-0.523605,-0.100486,0.448192,2.29929,0.859559,-0.980574,0.0234155,1.90336,-0.00179296,3.85206,1.75527,0.00135286,-0.00783708,-5.61587,-0.00389531,-0.263766,-1.41775,
405,0.00893651,0.0746822,0.447829,-0.0447955,-0.0108486,0,-0.145039,0,0.418271,0.906086,0.00951745,-0.0309706,0.421851,-0.100418,0.693104,-0.523685,-0.523319,-0.108728,-0.523267,-0.119033,0.496274,3.3116,0.486792,1.3638,-0.286501,-0.926733,0.745533,6.05079,1.5937,0.000104665,-0.00288325,-6.7311,-0.00367358,-0.481151,1.00505,
406,0.0409057,0.318007,0.483873,-0.067116,-0.0107578,0,0.00863776,0,0.475729,0.898505,0.0122227,-0.0570805,0.435064,0.276431,0.762033,-0.523666,-0.523548,-0.463305,-0.523502,-0.140727,0.55907,3.39443,0.523195,0.937048,-0.319372,-1.07644,0.490189,8.99859,1.16431,0.00025613,-0.00465673,-7.44532,-0.00276686,-0.388341,1.50211,
407,0.049841,0.385438,-0.0756026,-0.144596,-0.0107651,0,0.299406,0,0.511268,0.899114,0.0170538,-0.0764795,0.430645,0.625705,0.80581,-0.523777,-0.524203,-0.56202,-0.523631,-0.15137,0.690192,2.65561,0.525653,0.473922,-0.190203,0.109679,0.107922,-0.897558,0.597179,-0.00752942,-0.0217704,1.01479,-0.00514041,-0.0593323,3.71961,
408,0.0381346,0.314554,-0.227021,-0.228914,-0.0107642,0,0.310113,0,0.522661,0.899043,0.00903209,-0.0770327,0.430936,0.529118,0.808378,-0.523733,-0.525218,-0.45826,-0.523935,-0.145039,0.942223,2.57564,0.493085,-0.0207387,-0.382874,0.106991,-0.120634,-2.22462,-0.485725,0.00221375,-0.0188893,3.12057,-0.00619696,0.311478,6.34004,
409,0.0163722,0.171471,-0.362968,-0.0792388,-0.0107951,0,0.272859,0,0.50993,0.90162,-0.00287714,-0.0785521,0.425326,0.379389,0.742663,-0.523681,-0.526156,-0.249654,-0.524293,-0.122748,1.26673,1.80579,0.388428,-0.111636,-1.16988,-0.38646,-0.326926,-3.76051,-2.1251,2.67104e-06,-0.0170836,5.22145,-0.013323,0.56621,1.91325,
410,-0.00258797,-0.0379005,-0.459185,-0.000340193,-0.0108264,0,0.177437,0,0.506224,0.904237,-0.0122398,-0.0750013,0.420215,0.129249,0.624883,-0.523633,-0.523729,0.0551781,-0.525067,-0.092497,1.24286,1.17684,0.277778,-0.153727,0.181348,0.695061,-0.0857604,-6.21534,-2.59034,-0.000849934,0.0852911,6.9505,-0.0118286,0.647523,-0.688384,
411,-0.0193748,-0.293,-0.505348,0.00271453,-0.0108211,0,0.0228296,0,0.505027,0.903791,-0.0172877,-0.0737351,0.42122,-0.257601,0.510555,-0.523673,-0.523179,0.426786,-0.525469,-0.061873,1.20723,0.557681,0.268897,-0.157362,0.339355,0.190682,0.212561,-9.22851,-0.638828,-0.000157855,-0.0112889,7.89831,0.00569224,0.58144,-0.830356,
412,-0.0340831,-0.387757,0.0732798,0.0471133,-0.0107288,0,-0.30007,0,0.488504,0.896083,-0.00783485,-0.0686183,0.438481,-0.620046,0.517888,-0.523192,-0.523521,0.565424,-0.524827,-0.0377892,1.11334,1.26213,0.357139,-0.469541,0.677685,0.0218414,0.181523,0.69871,0.292271,0.0269729,-0.00189384,-0.983437,0.0143885,0.410257,-2.90811,
413,-0.0304294,-0.317874,0.225242,0.108966,-0.0107039,0,-0.311576,0,0.452411,0.894002,0.00763758,-0.058497,0.444161,-0.530322,0.540755,-0.523793,-0.523643,0.46311,-0.524086,-0.024032,0.900483,1.38039,0.389267,-0.980746,0.842554,0.172056,0.335212,2.09317,0.619262,-0.0421041,-0.00340555,-3.09478,0.0156836,0.139326,-5.58482,
414,-0.0428474,-0.177899,0.345068,0.168549,-0.0106142,0,-0.269039,0,0.403228,0.886511,0.0147052,-0.0314921,0.4614,-0.387891,0.590663,-0.523952,-0.52344,0.259015,-0.523346,-0.0234618,0.569815,1.81391,0.980325,-0.610526,-0.000814445,2.27383,1.70911,3.58032,1.36173,0.00379277,0.00217591,-4.92659,0.00227965,-0.137204,-7.61909,
415,0.00382135,0.0165876,0.422219,-0.0506769,-0.0104598,0,-0.172336,0,0.401248,0.873611,0.0110886,-0.0238804,0.485911,-0.158679,0.68336,-0.523109,-0.523338,-0.0241494,-0.523289,-0.0372849,0.476519,2.97047,0.937167,1.12593,-0.589485,-1.47196,0.525943,5.43998,2.24734,0.0103498,0.000721233,-6.25311,0.0031719,-0.407208,1.26263,
416,0.0608732,0.245575,0.46779,-0.0624542,-0.0103765,0,-0.0338332,0,0.460185,0.86666,0.00917072,-0.0546267,0.495815,0.181758,0.781947,-0.523948,-0.523473,-0.357613,-0.523448,-0.0563527,0.541227,3.17027,1.00938,1.02828,-0.539972,-0.852026,0.451879,8.18987,1.72108,-0.00264786,-0.00409232,-7.12007,-0.00413184,-0.357542,1.32189,
417,0.0955418,0.387342,-0.0380367,-0.128822,-0.0103986,0,0.286905,0,0.503593,0.8685,0.0189166,-0.0814656,0.488582,0.606185,0.852942,-0.523473,-0.524012,-0.564815,-0.52355,-0.0619119,0.650623,2.55735,1.00489,0.727675,-0.0426924,0.0279103,-0.888674,2.12414,1.12723,-0.0173817,-0.0275809,0.509459,-0.000276255,0.133317,3.02372,
418,0.074986,0.334333,-0.18822,-0.227607,-0.0105206,0,0.308017,0,0.527906,0.878691,0.0132061,-0.0768201,0.470985,0.549919,0.884219,-0.523801,-0.525388,-0.487167,-0.523677,-0.0380593,0.868904,2.40894,0.913318,0.243264,-0.262613,0.281148,-0.93792,-1.72711,0.132219,0.00343217,-0.0258002,2.56524,-0.00330233,0.819522,5.68861,
419,0.0456531,0.210224,-0.328557,-0.288379,-0.010675,0,0.283323,0,0.526768,0.891588,0.00430361,-0.0722584,0.447025,0.431564,0.848833,-0.52369,-0.526629,-0.306099,-0.523883,0.0157816,1.20754,2.34282,0.883923,-0.29832,-0.315299,0.464393,-1.16937,-2.99633,-1.53443,0.000963933,-0.0244044,4.66042,-0.00443879,1.32995,7.83821,
420,0.00252029,0.0179235,-0.435905,0.00719019,-0.0108393,0,0.203798,0,0.524919,0.905309,-0.0182552,-0.0882049,0.415092,0.22516,0.721182,-0.523681,-0.527767,-0.0260942,-0.524676,0.0886553,1.25559,1.1138,0.57202,-0.0767427,-1.28653,-0.0464975,-1.19317,-5.23909,-3.55759,0.0151848,-0.0075705,6.50579,-0.0222944,1.58429,-0.971962,
421,-0.0234786,-0.224905,-0.493057,0.00226651,-0.0109136,0,0.0640474,0,0.516918,0.911516,-0.0335846,-0.0620302,0.405171,-0.110803,0.548657,-0.521917,-0.525833,0.327489,-0.525623,0.165781,1.21054,0.957265,0.424678,-0.350842,0.0649555,1.51645,-0.0580098,-8.15156,-3.35055,0.000263139,0.0448458,7.63628,-0.00872397,1.50796,-0.817781,
422,-0.0536007,-0.407559,0.0453403,0.0316288,-0.0108749,0,-0.302795,0,0.51082,0.908282,-0.0427067,-0.0558413,0.412409,-0.568343,0.50547,-0.524349,-0.522998,0.594516,-0.525709,0.234761,1.1355,0.808549,0.534476,0.0193614,0.335067,0.123629,0.492278,-4.25283,0.485975,-0.0228881,0.0312051,-0.607469,0.00562912,1.25607,-2.24199,
423,-0.0398055,-0.34168,0.219034,0.0957296,-0.010872,0,-0.324547,0,0.501358,0.908042,-0.0359216,-0.0454795,0.414851,-0.551233,0.534925,-0.523938,-0.523321,0.497913,-0.525456,0.286799,0.951533,1.07283,0.473722,-0.442364,0.491922,0.360512,0.130495,1.33255,0.69032,0.00932504,-0.0140392,-3.00506,0.00550855,0.816919,-5.09391,
424,-0.0235588,-0.200831,0.361526,0.158516,-0.0108561,0,-0.291757,0,0.466154,0.906713,-0.0276248,-0.0296356,0.419799,-0.44662,0.586092,-0.52371,-0.524025,0.292416,-0.525118,0.319296,0.640475,1.25319,0.477239,-0.972217,0.659898,0.507444,0.295985,2.84013,1.35059,0.00157422,-0.0140984,-5.19745,0.008413,0.486023,-7.33033,
425,-9.95562e-05,0.00971067,0.464019,-0.0508329,-0.0108433,0,-0.199929,0,0.418153,0.905643,0.00172595,-0.0278959,0.423119,-0.246579,0.679339,-0.520622,-0.523158,-0.0141375,-0.524083,0.339287,0.462215,1.83313,-0.0417063,-0.631631,2.48203,-2.02003,-0.30222,5.02957,2.3215,0.196584,0.0374349,-7.0454,0.0471901,0.327087,1.25561,
426,0.00693691,0.259725,0.481447,-0.0635017,-0.0107119,0,-0.0318289,0,0.432528,0.894668,0.0138653,-0.0428939,0.444451,0.0743691,0.776157,-0.515048,-0.523145,-0.378243,-0.522829,0.354317,0.530292,3.70088,0.108619,2.0359,-0.329162,-0.509541,0.67093,7.55935,1.39478,0.0737239,-0.00661621,-7.39555,-0.0101444,0.320254,1.40806,
427,0.0268088,0.387732,-0.0523637,-0.133267,-0.0107189,0,0.292406,0,0.525987,0.895259,0.014474,-0.0588268,0.441407,0.530849,0.831319,-0.512117,-0.523779,-0.565388,-0.523448,0.372101,0.64653,3.33116,0.280892,1.62314,-0.0590846,-0.611901,-0.701139,8.78021,0.829233,0.0363445,-0.01872,0.701809,-0.0108984,0.380892,3.2228,
428,0.00937844,0.328887,-0.200987,-0.227586,-0.0106945,0,0.309356,0,0.593591,0.89322,0.0165529,-0.06773,0.444181,0.560499,0.847311,-0.514,-0.524796,-0.479205,-0.524208,0.39443,0.874442,3.00361,0.115911,1.10298,-0.135509,-0.346763,0.220057,-1.36372,-0.180367,-0.0804077,-0.0195508,2.74641,-0.0152501,0.532399,5.87657,
429,0.00476212,0.198578,-0.339701,-0.280299,-0.0106683,0,0.280477,0,0.635281,0.891031,0.015589,-0.0763503,0.447203,0.457517,0.796792,-0.519822,-0.525742,-0.289134,-0.524932,0.422271,1.22123,2.92015,0.0975456,0.553201,-0.19138,-0.202765,0.0963337,-2.74416,-1.82714,-0.152386,-0.0187915,4.83948,-0.0132385,0.580767,7.97704,
430,-1.69639e-05,0.00112562,-0.442919,0.00649953,-0.0106844,0,0.195841,0,0.645281,0.892379,0.0104344,-0.0603844,0.447108,0.261721,0.656056,-0.524894,-0.527135,-0.00163875,-0.525751,0.451607,1.2603,2.65281,-0.0613078,-0.0790333,0.144344,1.04034,-0.0317943,-5.06216,-3.78722,0.0178936,-0.0305928,6.63772,-0.0134734,0.590287,-1.13726,
431,0.00692335,-0.245493,-0.4969,0.00405591,-0.0106766,0,0.05164,0,0.630218,0.891726,0.0022988,-0.0334014,0.451336,-0.06549,0.491609,-0.523934,-0.528737,0.357494,-0.525918,0.480168,1.20492,2.48246,-0.114699,-0.486857,0.394451,0.92162,0.374366,-8.00176,-0.664809,0.0101741,-0.0343692,7.7174,0.0120198,0.550596,-1.07578,
432,-0.0161291,-0.395655,0.0600657,0.0412229,-0.01052,0,-0.300398,0,0.595423,0.878645,0.00267813,-0.0124881,0.477305,-0.546774,0.513656,-0.523728,-0.530314,0.577021,-0.524789,0.507438,1.10779,2.82098,0.165562,-0.930229,0.335817,0.503055,1.88514,-9.162,0.611595,0.00787835,-0.0253013,-0.805385,0.0256977,0.542579,-2.79314,
433,-0.00837481,-0.331846,0.212989,0.107258,-0.0104122,0,-0.315885,0,0.535923,0.869641,0.00104245,0.000686527,0.493683,-0.566158,0.551019,-0.523505,-0.531352,0.483531,-0.523665,0.527532,0.899144,3.25116,0.102581,-1.45428,0.232538,0.577788,0.643506,1.65193,0.879716,-0.029952,-0.0201447,-2.91807,0.0215666,0.00418903,-5.53136,
434,-0.00758713,-0.194944,0.352768,0.174734,-0.0103039,0,-0.283896,0,0.449605,0.860596,-0.00052521,0.0183317,0.508959,-0.447001,0.613498,-0.523784,-0.532343,0.283841,-0.523503,0.523696,0.568548,3.42041,0.158313,-2.00553,0.364172,0.721256,0.780278,3.10316,1.61292,0.00303199,-0.0194895,-5.05259,-0.00243895,-0.111938,-7.67512,
435,0.00179151,0.00972673,0.453311,-0.0540859,-0.0101953,0,-0.193938,0,0.396693,0.851522,0.0204474,-0.0220798,0.523454,-0.233529,0.719961,-0.523627,-0.533088,-0.0141608,-0.523489,0.516927,0.4755,3.16329,0.749263,0.490663,-2.22227,-2.54897,0.766776,5.43676,2.5193,0.00264109,-0.00978616,-6.8364,0.0025986,-0.178834,1.29283,
436,0.0654081,0.254556,0.492201,-0.0654782,-0.0100692,0,-0.0421736,0,0.468283,0.840994,0.0179819,-0.0565152,0.537784,0.105996,0.827661,-0.523655,-0.521695,-0.370706,-0.523428,0.508429,0.539954,3.63503,1.04647,1.44078,-0.692432,-0.771694,0.692338,8.26148,1.86982,-0.00029115,0.100043,-7.61832,-0.00360602,-0.156224,1.29233,
437,0.0979701,0.399367,-0.0728865,-0.139643,-0.0100462,0,0.307478,0,0.528903,0.839069,0.0183296,-0.0807471,0.537687,0.568873,0.906092,-0.523501,-0.522846,-0.582473,-0.523571,0.513209,0.649499,3.06846,0.999349,0.925768,-0.187704,-0.637309,-0.168245,4.29518,1.27633,-0.0180687,-0.0518072,0.97813,-0.00552558,0.327518,3.06836,
438,0.0719201,0.328648,-0.228612,-0.248507,-0.00999977,0,0.319856,0,0.562082,0.835193,0.0205076,-0.0953821,0.541234,0.550668,0.942799,-0.523843,-0.525406,-0.478855,-0.523943,0.527832,0.872166,2.87006,0.891047,0.414525,-0.269635,-0.601859,0.220401,-1.42868,0.201125,0.00459698,-0.0495921,3.14366,-0.00639089,-0.0553974,5.8182,
439,0.0379245,0.183708,-0.367325,-0.311621,-0.00996195,0,0.283035,0,0.569078,0.832035,0.0211939,-0.111312,0.543027,0.439442,0.907064,-0.523697,-0.527815,-0.267475,-0.524235,0.52474,1.21606,2.78966,0.840135,-0.146693,-0.330658,-0.473329,0.0569121,-3.00713,-1.61602,0.00126949,-0.0471938,5.29428,-0.00492043,-0.0343624,7.91955,
440,-0.00435117,-0.029327,-0.466242,0.0100745,-0.00998863,0,0.187459,0,0.543284,0.834263,0.0144689,-0.103945,0.541287,0.225723,0.770841,-0.523676,-0.530563,0.0426963,-0.524669,0.523905,1.25841,2.59128,0.603563,-0.811602,-0.0314356,0.790471,-0.0766003,-5.51511,-3.81551,7.46289e-05,-0.056968,7.08934,-0.00610622,-0.00465146,-1.07338,
441,-0.0287047,-0.290174,-0.514816,0.0123035,-0.0100142,0,0.0310271,0,0.493367,0.836399,0.00879172,-0.0716574,0.543345,-0.127885,0.58623,-0.523687,-0.532032,0.422662,-0.524292,0.522562,1.20033,2.22336,0.402331,-0.96911,0.744951,1.04106,0.102417,-8.60249,-3.56867,-0.000142613,0.00719905,8.10556,0.0206202,-0.0409595,-1.19824,
442,0.00941529,-0.388289,0.0742019,0.0461193,-0.00994879,0,-0.300754,0,0.489793,0.830935,0.0324443,-0.0875663,0.548476,-0.581851,0.500578,-0.523557,-0.525914,0.566205,-0.523531,0.515499,1.10188,1.57438,-0.0984865,0.0467207,1.11165,-1.49347,-0.468831,-2.81707,0.436168,0.0213325,0.18546,-0.99588,0.0106319,-0.228954,-2.93828,
443,-0.00733066,-0.318314,0.22266,0.106724,-0.0100202,0,-0.310856,0,0.481206,0.8369,0.0735611,-0.101854,0.532742,-0.546701,0.530834,-0.523719,-0.522607,0.463752,-0.523523,0.506719,0.887468,1.69456,0.09362,-0.204143,0.0989174,-0.89545,-0.409083,1.48931,0.752047,-0.0249302,-0.0228702,-3.05741,-0.00165578,-0.139694,-5.61267,
444,-0.0255379,-0.180667,0.349394,0.16572,-0.0100349,0,-0.272844,0,0.484774,0.838126,0.0558473,-0.108688,0.531613,-0.434503,0.5865,-0.523826,-0.523343,0.263046,-0.523555,0.497751,0.555442,1.60464,0.575111,0.0836377,0.0219162,0.814762,0.0924777,2.99607,1.47925,0.00318925,-0.00650521,-4.99723,1.71456e-06,-0.211721,-7.66063,
445,0.00365769,0.0173943,0.440107,-0.0405921,-0.00993125,0,-0.181328,0,0.497502,0.82947,0.0402268,-0.103568,0.547389,-0.225467,0.689271,-0.523733,-0.523465,-0.0253239,-0.523548,0.481789,0.496147,1.85015,0.855427,0.192797,-0.247032,0.454136,0.981538,5.35574,2.61584,0.00190917,-0.00311241,-6.58463,-0.00086738,-0.411311,0.754314,
446,0.0656768,0.258912,0.486672,-0.0506072,-0.00976884,0,-0.0356122,0,0.502143,0.815906,0.0246971,-0.0879488,0.570922,0.115774,0.808999,-0.523691,-0.523525,-0.377058,-0.523567,0.462162,0.535936,1.97286,1.03308,-0.0966383,0.0809902,1.00679,1.12179,8.27424,2.17531,0.00091107,-0.00164139,-7.5031,-0.000573049,-0.370426,0.838189,
447,0.0897149,0.38862,-0.0547435,-0.12343,-0.00980407,0,0.293858,0,0.494864,0.818848,0.0328122,-0.0704208,0.568729,0.574379,0.903184,-0.522316,-0.524146,-0.566691,-0.523448,0.457486,0.624519,1.83185,0.940138,0.351317,2.23978,0.485349,-1.50821,4.07176,1.4879,0.0343189,-0.0494342,0.733798,0.00760881,0.177517,2.68012,
448,0.0638654,0.328968,-0.202739,-0.231219,-0.010029,0,0.310081,0,0.504193,0.837631,0.0616846,-0.0125595,0.542596,0.551519,0.952627,-0.522872,-0.526827,-0.479324,-0.523501,0.481965,0.825827,1.60614,0.790192,-0.0314673,2.09503,1.41294,-1.64908,-1.43812,0.50515,-0.0403039,-0.0521943,2.77138,-0.0028399,0.803142,5.3585,
449,0.0736,0.205297,-0.309086,-0.284446,-0.0102998,0,0.27159,0,0.54479,0.860253,0.0731066,-0.0306787,0.503665,0.445703,0.935068,-0.523947,-0.528086,-0.298921,-0.523323,0.531666,1.13285,0.581987,1.46087,1.80188,-2.15714,-2.11316,-2.25829,-2.78538,-1.19387,0.0071626,-0.0121187,4.35305,2.40647e-05,0.343138,6.91073,
450,0.00888716,0.0253993,-0.414311,0.000315026,-0.0106406,0,0.197703,0,0.616462,0.888719,0.051496,-0.0856384,0.44743,0.253457,0.824481,-0.523721,-0.528851,-0.0369781,-0.523833,0.527473,1.25943,0.312722,1.42342,1.07516,-1.89808,-1.13249,-2.35523,-4.88444,-3.2143,0.00195085,-0.0175458,6.10981,-0.0167057,-0.122334,-0.863898,
451,-0.0775077,-0.203883,-0.473477,-0.00633078,-0.0109039,0,0.0672474,0,0.654405,0.910709,0.02747,-0.125804,0.392464,-0.0600208,0.667422,-0.523681,-0.529717,0.296862,-0.524689,0.522795,1.22029,0.154161,1.54941,0.44375,-1.72659,-0.934559,-2.0104,-7.63083,-3.07049,0.000242995,-0.0170954,7.23381,-0.0166451,-0.0654748,-0.674685,
452,-0.187495,-0.397748,-0.0103759,0.0252166,-0.0110411,0,-0.276001,0,0.662488,0.922164,0.00151478,-0.158689,0.352744,-0.518476,0.515986,-0.523693,-0.530515,0.580096,-0.525441,0.50477,1.15003,0.438844,1.93714,-0.0499635,-1.70545,-0.821168,-0.302583,-10.6947,-2.45934,-0.000592506,-0.0109557,0.138881,-0.014524,-0.661808,-2.11619,
453,-0.148119,-0.350658,0.17621,0.0834218,-0.0111242,0,-0.314056,0,0.652241,0.929105,-0.0241226,-0.197786,0.311548,-0.572777,0.511956,-0.523597,-0.530801,0.511051,-0.526053,0.439898,0.974138,0.926895,1.72924,-0.321419,-1.29911,-0.586265,-1.43998,1.58687,0.479895,-0.0204494,0.00762109,-2.39608,-0.00663345,-1.95008,-4.90652,
454,-0.0830197,-0.231075,0.322314,0.141596,-0.0112307,0,-0.294422,0,0.642753,0.938001,-0.0183749,-0.181196,0.29493,-0.464363,0.550409,-0.523696,-0.528853,0.33648,-0.525976,0.317432,0.669704,1.16194,1.46462,-0.386062,0.602072,0.819398,-0.48645,2.75158,1.05772,0.000421675,0.040558,-4.56114,0.00468866,-2.93033,-7.2378,
455,-0.0141821,-0.0413124,0.434357,-0.0414092,-0.0112819,0,-0.219222,0,0.614645,0.942281,-0.0111477,-0.171127,0.287573,-0.271608,0.628172,-0.523675,-0.52649,0.0601455,-0.525596,0.159632,0.47818,1.37457,1.3966,-0.710922,-0.0685669,-0.296425,-0.275508,4.94412,2.04395,0.000210428,0.0561791,-6.47691,0.0120596,-3.38112,0.764305,
456,0.0550518,0.203141,0.495792,-0.0417996,-0.0113049,0,-0.0814011,0,0.573785,0.944203,0.000308183,-0.163534,0.285898,0.0483067,0.720094,-0.523213,-0.522902,-0.295781,-0.524784,-0.00795654,0.517883,1.64422,1.10343,-0.799321,0.908707,1.06029,0.559754,7.81547,1.63075,-0.0064044,0.0357418,-7.69393,0.0282713,-3.34097,0.627929,
457,0.158592,0.401671,0.00239384,-0.091532,-0.0112509,0,0.281527,0,0.556401,0.939687,-0.0266351,-0.099625,0.32612,0.518985,0.790594,-0.524064,-0.523296,-0.58586,-0.522902,-0.162968,0.58603,2.128,1.61687,-0.522569,0.0902319,3.26636,0.886102,11.0185,1.20835,0.0124264,-0.0212432,-0.0320397,-0.0127475,-2.80139,2.07383,
458,0.0406938,0.350468,-0.185251,-0.18984,-0.0111475,0,0.317343,0,0.538475,0.931052,-0.0218288,-0.0209205,0.363631,0.574392,0.835951,-0.523754,-0.525316,-0.510772,-0.52348,-0.270833,0.760497,1.88234,0.472112,-0.215073,2.23912,2.20808,1.5497,-1.66007,0.600351,0.00330623,-0.0515274,2.52332,-0.00435744,-1.50812,4.88696,
459,-0.0142601,0.227065,-0.328358,-0.249238,-0.0110032,0,0.29439,0,0.543119,0.918999,-0.0195308,0.00507988,0.393744,0.463975,0.827933,-0.523635,-0.526528,-0.330637,-0.523719,-0.339749,1.05534,1.58669,-0.255449,0.785383,-2.27874,-1.45251,1.11569,-2.67417,-0.950784,0.000106096,0.0175853,4.65725,-0.00903575,-1.30156,6.78286,
460,-0.00574535,0.0347974,-0.437784,-0.0100459,-0.0107621,0,0.216527,0,0.587784,0.898863,-0.045259,-0.0566876,0.432185,0.279808,0.732637,-0.523677,-0.525977,-0.0506605,-0.52423,-0.408534,1.26301,1.12823,-0.67167,0.56983,-1.57774,-1.67383,1.77254,-4.7889,-2.78361,-0.000121159,0.00583794,6.54098,-0.00983811,-1.39687,-0.478755,
461,0.0383611,-0.211333,-0.500747,-0.00556768,-0.0104516,0,0.0786338,0,0.600951,0.872932,-0.0611395,-0.10365,0.472767,-0.0334037,0.59512,-0.523703,-0.525378,0.307714,-0.524503,-0.477617,1.22819,1.06955,-0.738689,0.119331,-0.155896,-0.951575,1.4548,-7.70151,-2.71073,-0.00422085,0.0658158,7.79933,0.00779154,-1.36032,-0.60377,
462,0.0357613,-0.401929,0.0265772,0.0262662,-0.0102252,0,-0.292292,0,0.603267,0.854018,-0.0364579,-0.107893,0.507625,-0.499484,0.501096,-0.523764,-0.522906,0.586238,-0.523341,-0.531804,1.15959,1.2887,-0.361434,-0.112619,1.19459,-1.23726,2.44234,-10.941,0.158951,0.00159315,-0.0120689,-0.35584,0.00832352,-0.235405,-2.12105,
463,0.0303369,-0.344475,0.199467,0.0874552,-0.010009,0,-0.318867,0,0.588991,0.835967,0.00347898,-0.123171,0.534768,-0.568068,0.52292,-0.523245,-0.523543,0.502003,-0.523479,-0.524286,0.983072,1.81921,-0.358016,-0.516895,1.1971,-1.43422,0.815834,1.42076,0.538073,-0.0176364,-0.0127696,-2.72477,-0.00364657,0.308638,-4.92533,
464,0.0149912,-0.213727,0.342788,0.147131,-0.00980531,0,-0.291901,0,0.550971,0.818952,0.0462163,-0.134348,0.555997,-0.462618,0.565139,-0.523825,-0.524194,0.311203,-0.523573,-0.503834,0.679718,1.96857,-0.285318,-1.00608,1.40801,-1.28738,0.910638,2.78677,1.14519,0.00310614,-0.0132878,-4.88952,-0.000692814,0.507975,-7.19027,
465,-0.00389138,-0.01787,0.426413,-0.0420168,-0.00955281,0,-0.198737,0,0.516931,0.797863,0.0712066,-0.130765,0.584162,-0.264733,0.647731,-0.523849,-0.521881,0.0260163,-0.523543,-0.477517,0.467366,1.99571,0.885858,0.331704,-0.233513,1.39226,2.42604,5.09264,2.13893,-0.00157943,0.0406399,-6.3299,0.000909758,0.499914,0.873976,
466,0.0702431,0.215876,0.478542,-0.0517916,-0.00916283,0,-0.0616501,0,0.535827,0.765291,0.0343161,-0.0972838,0.635365,0.0613244,0.743955,-0.523775,-0.522963,-0.314334,-0.523556,-0.454279,0.519383,2.11661,1.32566,0.213415,0.0592291,2.03776,2.43293,7.92885,1.7117,0.00344455,-0.0295931,-7.33627,-0.00100864,0.439222,0.964751,
467,0.135573,0.395575,-0.0149341,-0.106819,-0.00882735,0,0.283861,0,0.532402,0.737271,-0.00415863,-0.0628617,0.672653,0.535755,0.817122,-0.52343,-0.524354,-0.576904,-0.523599,-0.419409,0.605893,1.65485,1.40042,-0.328898,0.190973,1.70902,1.14837,9.04496,1.19809,0.00955802,-0.0346598,0.199904,-0.000421539,0.960058,2.47773,
468,0.0891676,0.3448,-0.184025,-0.202671,-0.00847252,0,0.313215,0,0.511652,0.707636,0.00607217,-0.0186882,0.706304,0.563317,0.850961,-0.523827,-0.526979,-0.502477,-0.52357,-0.348714,0.798357,1.40018,1.05378,-0.61857,1.77559,0.904608,1.80621,-1.40116,0.238906,0.00286459,-0.0541186,2.50603,-0.00052753,1.8816,5.20908,
469,-0.00120305,0.221558,-0.328619,-0.255938,-0.00830382,0,0.290866,0,0.516746,0.693545,0.00902006,-0.0417133,0.719148,0.468774,0.81871,-0.52363,-0.528238,-0.322612,-0.524286,-0.249751,1.10538,1.62775,-0.0220856,0.414036,-2.5803,-2.10434,0.0334125,-2.4435,-1.44339,0.00103426,0.00395053,4.66142,-0.0242665,2.16244,7.11852,
470,-0.00146829,0.0286702,-0.439233,0.0131973,-0.00829957,0,0.21305,0,0.524266,0.693191,0.00900945,-0.0875156,0.715365,0.2896,0.702058,-0.523665,-0.524663,-0.04174,-0.525559,-0.144132,1.28052,1.33152,-0.208335,-0.0584557,0.597758,0.200226,-0.3106,-4.70675,-3.20604,-0.000722653,0.168279,6.56818,-0.0227827,2.06154,-1.18742,
471,0.0266848,-0.217878,-0.499972,0.00658467,-0.00833517,0,0.0734396,0,0.510135,0.696164,0.0148743,-0.0688502,0.714419,-0.0197005,0.547743,-0.523671,-0.522584,0.317251,-0.5263,-0.0439759,1.22198,1.10183,-0.498273,-0.378607,0.437012,0.106501,0.0433993,-7.6418,-2.96797,2.54811e-05,-0.0274466,7.78275,-0.00830088,1.94291,-1.00174,
472,0.0218431,-0.405747,0.0380694,0.0365483,-0.0082055,0,-0.298973,0,0.494047,0.685333,0.0320078,-0.0791891,0.723203,-0.483734,0.508375,-0.523726,-0.523637,0.591852,-0.526418,0.0546718,1.13731,0.839806,-0.218612,-0.357803,1.12967,-1.14969,0.882625,-10.8848,0.403537,-0.00467204,-0.00121669,-0.509898,0.0140909,1.99804,-2.44738,
473,-0.00414987,-0.343062,0.211506,0.100511,-0.008232,0,-0.32255,0,0.46773,0.687547,0.0744079,-0.0735575,0.718563,-0.563089,0.534624,-0.522977,-0.523522,0.499936,-0.525632,0.157535,0.94384,1.2971,0.0491617,-0.771034,1.3483,-0.959243,-0.58442,1.21382,0.6453,-0.0064322,-0.00219093,-2.89678,0.0172072,2.09339,-5.27106,
474,-0.0603289,-0.21492,0.324883,0.161934,-0.00810962,0,-0.284842,0,0.463001,0.677326,0.0602829,-0.0676943,0.730078,-0.467187,0.583811,-0.5242,-0.523391,0.312941,-0.522715,0.256717,0.624444,0.852517,1.14313,0.437548,-0.0922874,1.75456,1.30024,2.62445,1.32781,0.00622862,-0.000302112,-4.6019,0.00994345,1.88176,-7.49935,
475,-0.00821119,-0.0249732,0.432673,-0.0424232,-0.00783838,0,-0.206991,0,0.475887,0.654672,0.0307599,-0.0603757,0.75287,-0.279893,0.678449,-0.523779,-0.523523,0.0363578,-0.523315,0.337345,0.484668,0.966336,1.33759,0.0781761,-0.798122,0.469926,1.40693,4.84915,2.44503,0.00478741,-0.00215812,-6.44557,-0.0116406,1.35083,0.873562,
476,0.0800017,0.216459,0.491415,-0.04302,-0.00757203,0,-0.0691029,0,0.471106,0.632425,0.0136281,-0.0506911,0.772841,0.0354388,0.789768,-0.523668,-0.523539,-0.315183,-0.523584,0.401897,0.52413,1.02492,1.5065,-0.246518,0.450432,0.25418,0.703326,7.69545,1.98969,0.0153405,-0.00114193,-7.60185,-0.000105128,1.24462,0.682631,
477,0.181535,0.399599,-0.0252978,-0.103526,-0.00779069,0,0.290297,0,0.486312,0.650688,0.0453813,-0.0555824,0.755947,0.488447,0.870755,-0.521012,-0.524167,-0.582815,-0.523305,0.48007,0.598601,1.35843,1.86541,1.08072,0.600372,0.158491,-2.55808,10.4578,1.20009,0.0710931,-0.0429293,0.338699,0.00528256,1.86308,2.24984,
478,0.127213,0.343985,-0.194853,-0.210997,-0.00814541,0,0.316796,0,0.526675,0.680315,0.0495545,-0.0342515,0.73044,0.562546,0.910338,-0.520801,-0.526395,-0.501286,-0.523485,0.541326,0.781191,1.11416,1.51116,0.564883,0.668163,0.440908,-1.23103,-1.19512,0.391499,-0.0355984,-0.0441115,2.6592,-0.00366304,-0.272844,5.03638,
479,0.0771981,0.215688,-0.338053,-0.284125,-0.0084276,0,0.29111,0,0.542534,0.703884,0.0522366,-0.0130945,0.708271,0.468926,0.890664,-0.52387,-0.52852,-0.31406,-0.523641,0.527839,1.08975,1.05544,1.45869,0.0619456,0.578734,0.577856,-1.46151,-2.53786,-1.1666,-0.0703354,-0.0412996,4.81285,-0.00237237,-0.144217,7.28641,
480,0.00524789,0.0190367,-0.443771,0.00597154,-0.00862033,0,0.208793,0,0.551456,0.719981,0.0806958,-0.0598517,0.686683,0.284065,0.782129,-0.524003,-0.529227,-0.027715,-0.523632,0.524397,1.27278,0.800382,1.12145,-0.0313358,-0.880272,-2.42034,-1.03516,-4.84625,-3.1682,0.0109579,-0.0105353,6.65387,-0.00961391,-0.0234981,-0.951525,
481,-0.0539783,-0.228534,-0.49878,0.00477108,-0.00887335,0,0.0650259,0,0.540434,0.741113,0.0848626,-0.105287,0.65762,-0.0327236,0.62795,-0.523678,-0.529891,0.332778,-0.523222,0.523762,1.22226,0.468439,0.961593,-0.389932,-1.68764,-0.50464,-1.46187,-7.79837,-3.0033,0.00184173,-0.0156854,7.75735,0.000746306,-0.00510873,-0.935337,
482,-0.125325,-0.386715,0.0307076,0.0374598,-0.00901815,0,-0.283805,0,0.513326,0.753207,0.0676975,-0.121877,0.642839,-0.504419,0.497506,-0.523663,-0.529086,0.563894,-0.523471,0.512589,1.13466,0.493074,1.32323,-0.483564,0.55757,0.679236,0.527776,-11.0555,-0.514882,0.000707341,0.0916762,-0.41119,-0.00345615,-0.449971,-2.55757,
483,-0.115142,-0.337795,0.178593,0.0963487,-0.00912663,0,-0.306611,0,0.484705,0.762267,0.0745604,-0.084646,0.637357,-0.57001,0.517557,-0.521967,-0.523142,0.492231,-0.523615,0.469293,0.93891,1.00591,1.39155,-0.802104,1.2655,1.05689,-0.696077,1.51157,0.637521,0.0118342,0.099361,-2.42956,-0.00252587,-1.29643,-5.24803,
484,-0.101876,-0.221947,0.309634,0.155884,-0.00908889,0,-0.282934,0,0.448202,0.759116,0.0444167,-0.0606172,0.646604,-0.465155,0.565754,-0.523935,-0.523058,0.323179,-0.523465,0.384191,0.621648,1.00805,1.87344,-0.818924,-1.09081,1.78201,1.05304,2.68479,1.2878,-0.0337692,-0.0197729,-4.36161,-0.00206495,-2.09581,-7.42884,
485,-0.0217295,-0.041089,0.414912,-0.0391752,-0.00894119,0,-0.208948,0,0.407637,0.746779,0.0163829,-0.024109,0.664433,-0.278148,0.657662,-0.523889,-0.523453,0.0598202,-0.523542,0.263293,0.484064,1.05505,2.15166,-0.809261,0.120202,1.95425,1.27631,4.77299,2.36885,0.0063517,-0.00281867,-6.12063,0.000443704,-2.74405,0.895407,
486,0.110134,0.180159,0.454141,-0.0395829,-0.00886406,0,-0.0730327,0,0.435005,0.740338,0.0181646,-0.0400258,0.670797,0.0120394,0.755027,-0.52337,-0.523393,-0.262306,-0.523289,0.127821,0.525245,2.54956,2.49679,1.313,-0.636141,-1.15684,-0.0448792,6.97214,1.6177,-0.00816638,-0.0022616,-6.85245,-0.00343245,-2.70136,0.682386,
487,0.232935,0.392782,0.112776,-0.0885656,-0.00892828,0,0.234271,0,0.490868,0.745701,0.0274376,-0.0741868,0.661569,0.435178,0.825957,-0.523682,-0.523612,-0.572802,-0.523506,0.0164292,0.591541,2.35336,2.45347,0.892939,-0.517857,-1.29635,-1.35853,9.94155,1.22399,0.0127442,-0.0100988,-1.51913,-0.0027679,-1.74867,1.95413,
488,0.18037,0.362239,-0.141903,-0.189962,-0.00916993,0,0.308729,0,0.524635,0.765884,0.0249581,-0.090964,0.636022,0.573136,0.868951,-0.523728,-0.524477,-0.528008,-0.523724,-0.0266767,0.75814,2.00564,2.04553,0.43205,-0.755431,-0.0718404,-1.17495,-1.26197,0.507725,0.000826237,-0.0179399,1.91873,-0.007296,0.00955412,4.69578,
489,0.120772,0.259781,-0.289104,-0.267564,-0.00942155,0,0.299281,0,0.534179,0.7869,0.0130061,-0.0998237,0.608814,0.485816,0.858833,-0.523302,-0.524914,-0.378325,-0.524231,0.00675853,1.05339,2.01586,1.8999,0.00858386,-0.0777233,0.792713,-1.12946,-2.23582,-0.896176,0.0401782,0.0288855,4.04425,-0.0167523,1.31239,7.08447,
490,0.0346413,0.0868979,-0.409257,-0.00214306,-0.00966827,0,0.237709,0,0.518635,0.807506,-0.000306561,-0.072093,0.585437,0.324105,0.765887,-0.523169,-0.523786,-0.126512,-0.5251,0.0930313,1.27073,1.64334,1.62233,-0.439135,0.0896623,1.46479,-1.28445,-4.21899,-2.80571,-0.0370921,0.0170548,6.01922,-0.0193588,2.13119,-0.650359,
491,-0.0345336,-0.144797,-0.483623,-0.00534188,-0.00986172,0,0.115757,0,0.516754,0.823663,-0.0199668,-0.0744853,0.561812,0.0433258,0.628695,-0.523297,-0.523435,0.210812,-0.526322,0.203104,1.23213,0.846857,0.97056,-0.0397507,0.0151325,1.32003,-0.393956,-7.00014,-2.68983,0.0524141,-0.00154329,7.44019,-0.0227913,2.26355,-0.508102,
492,-0.0885709,-0.392844,-0.206181,0.0145004,-0.00988161,0,-0.197384,0,0.5175,0.825325,-0.0377116,-0.0622769,0.559945,-0.386295,0.509316,-0.522848,-0.523545,0.572892,-0.527177,0.307042,1.18472,0.461026,0.91804,0.0216476,-0.0175099,0.448234,0.883604,-10.1703,-0.647779,-0.0491311,0.00039536,2.82053,-0.00501975,1.87858,-1.41508,
493,-0.0965933,-0.370147,0.13112,0.073655,-0.00981077,0,-0.309862,0,0.509525,0.819408,-0.0410816,-0.0543491,0.569148,-0.574891,0.517998,-0.523972,-0.523566,0.539596,-0.527357,0.383011,1.04401,0.997666,1.0635,-0.338538,0.277685,0.537313,0.0506903,1.15041,0.349493,0.0145843,-0.0004003,-1.77026,-0.00358492,1.16714,-4.19709,
494,-0.0751511,-0.272557,0.280824,0.133963,-0.00979189,0,-0.304238,0,0.479934,0.817831,-0.0423161,-0.0354795,0.572802,-0.495226,0.548487,-0.523689,-0.523568,0.396957,-0.527489,0.422143,0.771453,1.10448,1.12335,-0.827158,0.669427,0.850205,0.367205,2.02726,0.865427,0.00162858,0.00193222,-3.91809,-0.000672103,0.403501,-6.68669,
495,-0.0186917,-0.103508,0.40346,-0.000491409,-0.00976205,0,-0.246179,0,0.433981,0.815339,-0.0212068,-0.0212129,0.578207,-0.347888,0.614423,-0.522885,-0.523552,0.150695,-0.527033,0.428629,0.481422,1.62281,0.73469,-0.646816,1.91302,-2.22894,-0.0790646,3.7512,1.72817,0.0859271,0.00169131,-5.9162,0.0336326,-0.12525,-0.581983,
496,0.0395029,0.122133,0.464376,-0.0302581,-0.00964619,0,-0.120587,0,0.406398,0.805662,0.0251839,-0.0335992,0.590886,-0.0924074,0.697831,-0.522004,-0.523434,-0.177812,-0.523035,0.418511,0.50888,2.15246,1.31643,0.0351868,0.121235,1.03676,2.38207,6.42338,1.59092,-0.10742,0.0043865,-7.05245,0.139139,-0.310992,0.499535,
497,0.142174,0.365619,0.407807,-0.0639773,-0.00947402,0,0.0858338,0,0.466854,0.791282,0.0141772,-0.0544105,0.608861,0.289364,0.752488,-0.524112,-0.523647,-0.53296,-0.522698,0.413563,0.558223,3.1711,1.59067,1.74254,-0.927983,-1.25052,-0.230716,8.98174,0.75343,0.0137221,-0.0105162,-5.99336,-0.025546,0.0882563,1.43917,
498,0.119512,0.376742,-0.0807833,-0.149965,-0.00958583,0,0.295623,0,0.541028,0.80062,0.0201065,-0.0883856,0.592276,0.577181,0.777103,-0.523721,-0.524556,-0.549265,-0.523905,0.443889,0.695062,2.65192,1.29483,1.2199,-0.641514,-1.09388,-0.226998,-0.545783,0.24049,-0.00320826,-0.020184,1.08477,-0.0261862,1.09475,4.015,
499,0.0941267,0.303926,-0.229734,-0.225174,-0.00961469,0,0.304253,0,0.589569,0.803031,0.0232579,-0.12248,0.582751,0.520946,0.761357,-0.523689,-0.525471,-0.442737,-0.525206,0.519223,0.959889,2.58037,1.26287,0.71447,-0.827166,-1.24145,-0.484765,-1.41111,-0.86106,0.00112944,-0.0165428,3.15996,-0.0256125,1.91346,6.55667,
500,0.0471265,0.160427,-0.361748,-0.06586,-0.00963262,0,0.264876,0,0.609798,0.804529,0.0259927,-0.156354,0.572373,0.410186,0.678207,-0.523668,-0.526358,-0.233571,-0.526458,0.531694,1.28947,2.398,1.19583,0.0271325,-0.537906,-0.556047,-0.473368,-3.00537,-2.45545,6.3695e-05,-0.0238552,5.20113,-0.0298923,-0.226859,1.53784,
501,-0.0117682,-0.0470129,-0.454626,0.00108198,-0.00971035,0,0.16845,0,0.598002,0.81102,0.0275809,-0.150544,0.564643,0.197649,0.546393,-0.523627,-0.526457,0.0684446,-0.527899,0.525091,1.24781,2.25295,1.01834,-0.455718,0.660292,0.709474,-0.286302,-5.47278,-2.81627,-0.000457276,0.0202681,6.86183,-0.0230801,-0.0536709,-0.877473,
502,-0.0691142,-0.297637,-0.49773,0.00818279,-0.00974101,0,0.014635,0,0.564541,0.813582,0.0366351,-0.126077,0.566434,-0.151855,0.509018,-0.523661,-0.525632,0.433554,-0.528382,0.520007,1.19639,2.10808,0.945629,-0.884884,0.96324,0.534367,0.111374,-8.48416,0.384101,-0.000408018,0.0141312,7.73502,0.00328875,-0.14796,-1.17651,
503,-0.124367,-0.388475,0.0765382,0.0551075,-0.00956716,0,-0.301728,0,0.511596,0.799061,0.0476657,-0.10704,0.589722,-0.596295,0.528691,-0.523532,-0.524726,0.566477,-0.52791,0.499333,1.08494,2.58229,1.30701,-1.23548,0.806101,0.11201,0.63021,-2.47857,0.406975,0.0207641,0.0238432,-1.02742,0.0095281,-0.643328,-3.26605,
504,-0.134472,-0.317569,0.225079,0.120594,-0.0095277,0,-0.311314,0,0.445611,0.795765,0.0596607,-0.0796957,0.597366,-0.548084,0.55855,-0.523801,-0.523001,0.462665,-0.527184,0.445753,0.854268,2.16816,1.73185,-0.984195,-0.691525,2.07963,0.208405,1.71088,0.766577,-0.00863554,-0.00350693,-3.09242,0.0140551,-1.50356,-5.93441,
505,-0.0986133,-0.180084,0.351477,0.148368,-0.00944677,0,-0.273395,0,0.415488,0.789006,0.00602873,-0.0099627,0.614275,-0.425238,0.617753,-0.523771,-0.523387,0.262198,-0.523548,0.346768,0.506063,2.07057,2.23473,-0.781085,0.22509,3.58274,0.924992,3.21072,1.60096,0.00352737,-0.00918507,-5.03138,0.0685304,-2.42837,-6.50528,
506,0.00944082,0.0211788,0.442069,-0.0451091,-0.0093349,0,-0.179731,0,0.408238,0.779662,0.0247949,-0.0149816,0.62553,-0.211093,0.720144,-0.523662,-0.523589,-0.0308336,-0.523199,0.211647,0.491574,2.80502,1.81344,0.392728,-1.13649,-1.46819,0.907785,5.37426,2.4721,-0.000219233,5.53069e-05,-6.62164,-0.00733514,-2.99494,0.970139,
507,0.131587,0.261542,0.481823,-0.0580356,-0.00922058,0,-0.0307488,0,0.466639,0.770115,0.0208079,-0.0565177,0.635056,0.126968,0.820033,-0.523661,-0.522216,-0.380892,-0.523294,0.0677481,0.543476,3.17497,2.05798,1.48728,-0.721287,-0.679545,0.402019,8.16364,1.67739,-2.45705e-05,-0.0131691,-7.40324,-0.00638804,-2.76992,1.0894,
508,0.176422,0.388833,-0.0559565,-0.132109,-0.00927188,0,0.294441,0,0.530146,0.774399,0.0237539,-0.080135,0.627153,0.582668,0.890146,-0.523433,-0.523715,-0.567003,-0.523543,-0.0427714,0.644355,2.68219,1.86225,1.03052,0.0227651,-0.88116,-0.520921,4.01244,1.11557,-0.015498,-0.0421684,0.750109,-0.00735591,-1.67712,2.92342,
509,0.13042,0.327664,-0.206584,-0.235505,-0.0093082,0,0.310712,0,0.5684,0.777432,0.0329758,-0.0949523,0.620883,0.553057,0.920271,-0.523794,-0.525774,-0.477417,-0.524144,-0.0928514,0.857994,2.57825,1.62716,0.515508,-0.244871,-0.656659,-0.465513,-1.57252,0.0975737,0.00337132,-0.0389972,2.8263,-0.013724,-0.327475,5.60319,
510,0.0729933,0.194417,-0.345295,-0.297111,-0.00941258,0,0.280194,0,0.580425,0.78615,0.0366779,-0.110596,0.606952,0.438922,0.881762,-0.523683,-0.527644,-0.283073,-0.524906,-0.0848824,1.19126,2.54201,1.5299,-0.0456501,-0.398951,-0.443062,-0.802069,-2.98113,-1.62413,0.000989267,-0.0362593,4.9303,-0.0163514,0.638826,7.70927,
511,-0.0020079,-0.00595648,-0.44721,1.67479e-05,-0.00956641,0,0.193221,0,0.559644,0.798999,0.0348598,-0.104375,0.591178,0.230434,0.747943,-0.52367,-0.529913,0.00867186,-0.525778,-0.0402518,1.24988,2.31339,1.37131,-0.716043,0.100592,0.644698,-0.778778,-5.3321,-3.71485,3.23453e-05,-0.0481712,6.71928,-0.0154719,1.14113,-0.776323,
512,-0.0813297,-0.254977,-0.499695,0.00181046,-0.00968491,0,0.04658,0,0.511559,0.808896,0.0284167,-0.0863193,0.580886,-0.110759,0.566244,-0.523674,-0.53237,0.37132,-0.52616,0.0148556,1.21077,2.1465,1.30007,-1.19754,0.210171,0.833408,-0.333419,-8.28963,-3.5564,-3.24567e-05,-0.0497424,7.77685,0.00183413,1.06304,-0.787472,
513,-0.0829925,-0.38977,0.0565651,0.0340114,-0.00964031,0,-0.295277,0,0.478004,0.805171,0.0354716,-0.0844591,0.585925,-0.575819,0.504494,-0.523478,-0.530561,0.568379,-0.525876,0.0501521,1.13278,1.25207,0.866772,0.0746445,1.04759,-0.517693,0.0787837,-4.23023,0.453965,0.0479689,0.17518,-0.758293,0.00686218,0.370534,-2.31532,
514,-0.0745333,-0.328397,0.207092,0.0949637,-0.00967974,0,-0.311382,0,0.470517,0.808464,0.0653813,-0.0769667,0.579816,-0.552505,0.532862,-0.521907,-0.522619,0.478488,-0.525508,0.0537485,0.948575,1.50496,0.924249,-0.399297,1.19389,-0.380969,-0.324986,1.48372,0.678648,-0.00564569,0.043807,-2.83356,0.00902813,-0.234399,-5.03265,
515,-0.0695514,-0.198436,0.337455,0.153715,-0.00960642,0,-0.279387,0,0.460263,0.80234,0.0435557,-0.0757885,0.590431,-0.443702,0.582494,-0.524277,-0.52317,0.288927,-0.523747,0.0276321,0.643649,1.43468,1.42799,-0.336627,-1.08475,0.822177,0.904501,2.87332,1.31179,-0.018196,-0.0208392,-4.8032,0.0464301,-0.795095,-7.15644,
516,-0.00129288,-0.00321535,0.436346,-0.0482035,-0.00951093,0,-0.193761,0,0.44356,0.794365,0.0271426,-0.0580085,0.604055,-0.242215,0.674997,-0.523912,-0.5235,0.00468113,-0.523383,-0.0237859,0.466503,1.55105,1.63573,-0.298858,-0.209029,0.998669,0.978784,5.16218,2.37137,0.00733637,0.000821166,-6.51405,-0.00365409,-1.27021,1.1365,
517,0.114313,0.236505,0.479154,-0.0576614,-0.00939681,0,-0.0471638,0,0.433152,0.784834,0.0198657,-0.0338468,0.618463,0.08568,0.779595,-0.523027,-0.523518,-0.344394,-0.523419,-0.085722,0.526734,2.33544,1.97445,0.512601,0.339299,-1.21919,-0.51287,7.74091,1.62333,0.0513365,-0.00288932,-7.34873,0.0102246,-1.18162,1.21408,
518,0.211959,0.405503,-0.0468371,-0.121851,-0.00956006,0,0.302,0,0.504698,0.798468,0.0282531,-0.0571577,0.598651,0.541427,0.834506,-0.52113,-0.523956,-0.591493,-0.523338,-0.122045,0.630586,2.51009,2.15497,1.32181,-0.239339,-0.901427,-1.79815,8.70133,0.81594,0.0279878,-0.015769,0.627566,-0.00858964,-0.270636,2.89643,
519,0.149783,0.340767,-0.216334,-0.221074,-0.00974969,0,0.322924,0,0.556775,0.814306,0.0311108,-0.0716762,0.575152,0.563063,0.851859,-0.523103,-0.524815,-0.496578,-0.524141,-0.0974788,0.845789,2.26396,1.79995,0.788943,-0.453517,-0.451442,-1.17427,-1.48978,-0.113993,-0.0754114,-0.0158594,2.96616,-0.0185721,1.25786,5.69459,
520,0.0856459,0.201374,-0.358703,-0.278429,-0.00996855,0,0.290839,0,0.582628,0.832586,0.0281273,-0.0859944,0.546456,0.451234,0.805657,-0.524143,-0.525548,-0.293207,-0.525134,-0.00857841,1.1859,2.19153,1.73421,0.234174,-0.575318,-0.288393,-1.45646,-2.97111,-1.72121,0.0133736,-0.0138946,5.15056,-0.0206617,2.29026,7.89085,
521,-0.00306029,-0.00770979,-0.462006,-0.00147969,-0.0102123,0,0.200193,0,0.57623,0.852943,0.0218592,-0.0779257,0.515692,0.240862,0.670459,-0.523752,-0.52672,0.0112244,-0.526252,0.118911,1.24914,1.91195,1.61474,-0.419167,-0.0545167,0.801148,-1.41771,-5.41667,-3.674,0.00315835,-0.0265839,7.00576,-0.0204888,2.80288,-0.744684,
522,-0.105651,-0.26716,-0.514481,0.000313298,-0.0104088,0,0.0473578,0,0.543592,0.869354,0.0136978,-0.0583653,0.490541,-0.107091,0.500187,-0.523687,-0.528116,0.389085,-0.526861,0.254789,1.21124,1.71308,1.6142,-0.85269,0.229573,0.682402,-0.96855,-8.47506,-1.26255,0.000569178,-0.0299446,8.09813,0.00091528,2.63151,-0.768873,
523,-0.155701,-0.3998,0.0880496,0.0363634,-0.0104519,0,-0.313272,0,0.512855,0.872958,0.00700801,-0.0774466,0.481557,-0.582631,0.512646,-0.523614,-0.529065,0.583111,-0.527137,0.362863,1.13239,1.51303,1.59438,-0.633288,-1.21582,-1.11793,-0.47168,-4.24405,0.51989,0.0188742,-0.007902,-1.18307,-0.0128341,1.72177,-2.44992,
524,-0.100874,-0.321736,0.245012,0.101672,-0.0104887,0,-0.3218,0,0.483707,0.87603,0.00713966,-0.0706499,0.477,-0.553079,0.544198,-0.519928,-0.526338,0.468752,-0.527517,0.418366,0.938809,1.84205,1.27885,-0.656052,1.07047,1.1704,0.325409,1.69144,0.743224,0.0833899,0.0918225,-3.3833,-0.00397249,0.499213,-5.26472,
525,-0.054861,-0.168458,0.381783,0.163357,-0.0104412,0,-0.279579,0,0.437161,0.872061,0.0174351,-0.0301943,0.488154,-0.426324,0.599082,-0.51778,-0.522834,0.245266,-0.527705,0.424294,0.62306,2.017,1.32607,-1.21571,1.27659,1.26809,0.538706,3.36537,1.4462,0.00302122,0.000798507,-5.53917,-0.0033079,-0.255035,-7.34851,
526,0.0144909,0.0482126,0.454457,-0.0393051,-0.0102818,0,-0.167508,0,0.396335,0.858747,0.00693153,-0.0249098,0.511747,-0.196766,0.696953,-0.51998,-0.523268,-0.0701912,-0.523036,0.401823,0.486415,3.18617,1.22277,0.963346,-0.525111,-1.09752,0.792594,5.54008,2.3103,-0.0729996,0.00587156,-6.85855,0.301256,-0.609164,0.833315,
527,0.0951181,0.293713,0.490121,-0.05868,-0.0102181,0,-0.0126909,0,0.468392,0.853425,0.0253469,-0.0374224,0.519252,0.149266,0.798393,-0.524363,-0.523404,-0.427826,-0.522172,0.375443,0.536326,3.57811,1.32073,1.26795,0.459573,-0.914878,0.155456,8.40745,1.81446,-0.0280225,-0.00683432,-7.57482,-0.0453339,-0.455552,1.15388,
528,0.117042,0.385636,-0.0670133,-0.139894,-0.0103013,0,0.296394,0,0.519783,0.860379,0.0527652,-0.0496376,0.50448,0.590097,0.875564,-0.523927,-0.52403,-0.562311,-0.52414,0.371219,0.646226,2.9965,1.23841,0.76576,0.827856,-0.810131,-0.516114,2.55387,1.27978,0.0079705,-0.0188707,0.898942,-0.0405563,0.253401,3.22069,
529,0.0929836,0.320622,-0.21376,-0.241413,-0.0104028,0,0.308905,0,0.550069,0.868853,0.0680416,-0.0412205,0.488636,0.547486,0.912163,-0.523695,-0.525212,-0.467126,-0.52525,0.405074,0.873447,2.76665,1.18231,0.39223,0.534622,0.164212,-1.02895,-1.58781,0.194508,0.00164062,-0.0238836,2.92914,-0.0158345,1.09426,5.85369,
530,0.0564711,0.184234,-0.34895,-0.297479,-0.0105519,0,0.275033,0,0.557492,0.881304,0.077296,-0.0315012,0.465119,0.431292,0.877315,-0.523666,-0.5263,-0.268241,-0.525948,0.475557,1.21717,2.71941,1.24815,0.067038,-0.122753,-1.44671,-0.772856,-3.04261,-1.56788,8.40386e-05,-0.00537362,4.98996,0.00349235,1.73628,7.79548,
531,-0.00372092,-0.0163581,-0.445503,0.00841826,-0.0107614,0,0.184994,0,0.569929,0.898805,0.0681408,-0.064621,0.42817,0.219549,0.745831,-0.523647,-0.526605,0.0238152,-0.525232,0.540664,1.25812,1.93552,0.92534,0.0330031,-1.13131,-0.575773,-1.59062,-5.41019,-3.67096,-0.000782059,-0.00985968,6.68677,0.0206861,-0.129663,-1.06663,
532,-0.0654415,-0.263258,-0.495486,0.00849386,-0.0109377,0,0.037964,0,0.55731,0.913528,0.0522774,-0.084037,0.394552,-0.125204,0.567958,-0.523674,-0.527158,0.383395,-0.524092,0.52534,1.20296,1.77193,1.01235,-0.533431,-0.94749,-0.386926,-1.15297,-8.3539,-3.44737,-0.000221258,-0.012062,7.68747,0.0259871,-0.335193,-1.13903,
533,-0.121169,-0.392963,0.0679539,0.0466533,-0.0109718,0,-0.301519,0,0.519904,0.916383,0.0402279,-0.106199,0.383857,-0.591078,0.506478,-0.523615,-0.527652,0.573067,-0.523362,0.496156,1.09956,2.32856,1.25843,-0.944784,-0.895893,-0.919843,-0.414623,-4.00668,0.395148,0.0177359,-0.0035783,-0.911617,-0.00419295,-0.803753,-2.9796,
534,-0.0724693,-0.325632,0.221068,0.110156,-0.0110356,0,-0.314983,0,0.467024,0.921703,0.0393971,-0.113734,0.368748,-0.554957,0.534104,-0.522495,-0.5262,0.474447,-0.52354,0.435338,0.881799,2.5564,0.906218,-1.00051,1.56,1.24098,0.107879,1.71507,0.702649,0.0527287,0.103182,-3.03441,-0.00161658,-1.64736,-5.72206,
535,-0.0678109,-0.189046,0.349613,0.171041,-0.010989,0,-0.278547,0,0.433436,0.917817,0.018518,-0.0574271,0.392391,-0.432512,0.587812,-0.523297,-0.522429,0.27525,-0.52356,0.340785,0.5433,2.70614,1.46131,-0.796887,-0.353314,2.70028,1.32056,3.18759,1.44761,-0.0630892,-0.0223581,-5.00082,-0.00076573,-2.11939,-7.80216,
536,0.00228245,0.0126524,0.443101,-0.0410822,-0.0108826,0,-0.186286,0,0.399995,0.908926,0.00884322,-0.0224516,0.416259,-0.215497,0.689227,-0.523789,-0.523378,-0.0184202,-0.523502,0.225528,0.491752,3.21702,0.733858,0.13574,-0.0704436,-1.27909,0.528284,5.33376,2.5005,0.00789158,-0.0113669,-6.64117,0.0104572,-2.45867,0.907025,
537,0.0318441,0.251469,0.481947,-0.0525424,-0.0108435,0,-0.0380803,0,0.457976,0.90566,0.00625892,-0.053515,0.420567,0.115887,0.79455,-0.523665,-0.523487,-0.366205,-0.52332,0.107108,0.539583,3.91188,0.515176,1.32081,-0.673693,-1.07917,-0.00969666,8.03391,1.82517,0.000455187,-0.00293015,-7.40579,-0.00583816,-2.29321,0.987158,
538,0.0572904,0.394673,-0.0594936,-0.122836,-0.0108973,0,0.299549,0,0.513241,0.910157,0.00588399,-0.0853871,0.405324,0.566608,0.873234,-0.523599,-0.523812,-0.575579,-0.523551,0.00166859,0.633647,3.393,0.590143,0.834621,-0.383135,-0.947667,-0.795579,4.20116,1.32954,-0.0222817,-0.0143097,0.797687,-0.00721942,-1.9398,2.75316,
539,0.0391024,0.330793,-0.213216,-0.228782,-0.0109347,0,0.315291,0,0.54179,0.913282,0.00360555,-0.108621,0.39256,0.550176,0.915527,-0.523797,-0.524504,-0.481991,-0.524109,-0.0829844,0.840038,3.18458,0.480717,0.322695,-0.636899,-0.812391,-0.622281,-1.33967,0.369821,0.00376674,-0.0120583,2.92133,-0.0125257,-1.44129,5.48298,
540,0.0158518,0.193889,-0.352391,-0.294995,-0.0109956,0,0.283025,0,0.546086,0.918364,0.00086661,-0.122582,0.376271,0.445888,0.891692,-0.523204,-0.524108,-0.282304,-0.524919,-0.146228,1.16772,3.10431,0.332584,-0.101358,0.405133,0.446482,-0.510803,-2.82843,-1.30577,0.0242855,0.0544397,5.04639,-0.0217544,-1.09385,7.59831,
541,-0.000809189,-0.0106663,-0.453929,0.01369,-0.0110863,0,0.193623,0,0.523722,0.925946,0.0092576,-0.0882879,0.367075,0.243551,0.773749,-0.523987,-0.523331,0.0155287,-0.525907,-0.196609,1.26584,2.82778,0.308616,-0.735995,0.95054,1.68517,-0.43533,-5.24051,-3.39796,-0.0117581,-0.00646022,6.84835,-0.0146296,-0.921928,-1.15958,
542,-0.0204219,-0.26478,-0.506707,0.00734104,-0.011132,0,0.0440089,0,0.51257,0.929762,-0.0067913,-0.0900345,0.356918,-0.0948205,0.610534,-0.523823,-0.523626,0.385614,-0.527077,-0.243655,1.21494,1.6208,0.313695,-0.369496,-0.869472,0.0125366,-0.186063,-8.2628,-3.14026,0.00460635,-0.00683974,7.92775,-0.0191551,-0.929812,-1.00518,
543,-0.0536474,-0.396542,0.0783526,0.045126,-0.0110848,0,-0.307635,0,0.492326,0.925816,-0.00594026,-0.0730269,0.370806,-0.560577,0.501181,-0.52364,-0.523307,0.578324,-0.527157,-0.293786,1.11678,2.07285,0.549919,-0.471113,0.972991,0.29585,0.495166,-4.45794,0.0981713,0.0197083,-0.00469428,-1.05192,0.00965329,-1.06067,-2.89041,
544,-0.0431195,-0.323971,0.232436,0.104716,-0.0110768,0,-0.318324,0,0.46843,0.925146,0.00716126,-0.0769706,0.371656,-0.549381,0.524107,-0.523748,-0.523575,0.472019,-0.527009,-0.355112,0.90644,2.02004,0.541362,-0.670131,0.617364,-0.234628,0.107855,1.32144,0.629536,-0.0126207,-0.00422014,-3.19926,0.00506227,-1.39416,-5.56348,
545,-0.0356572,-0.17776,0.363586,0.163439,-0.0110263,0,-0.277352,0,0.428804,0.920932,0.0249603,-0.0614934,0.384032,-0.443359,0.573796,-0.523749,-0.523527,0.258813,-0.526295,-0.431247,0.575477,2.27788,0.8163,-0.721884,-0.35122,1.24492,1.29697,2.89884,1.33991,0.00112381,-0.000770244,-5.23176,0.0515012,-1.6701,-7.63766,
546,0.00583224,0.0282162,0.452828,-0.0479883,-0.0108509,0,-0.180697,0,0.408221,0.906283,3.6386e-05,-0.019666,0.422213,-0.237143,0.668552,-0.523584,-0.523456,-0.0410791,-0.522876,-0.520139,0.478493,2.67345,0.84086,-0.233625,0.200982,-0.154294,0.922077,5.26428,2.40739,0.023981,-0.00249837,-6.82709,0.000614334,-1.851,1.19446,
547,0.0326709,0.271178,0.480533,-0.0631845,-0.0108155,0,-0.023023,0,0.44966,0.903321,0.00603796,-0.0467223,0.42637,0.090277,0.766232,-0.522607,-0.523435,-0.394946,-0.523177,-0.531276,0.543883,3.76215,0.490096,1.47605,-0.645655,-0.538573,0.190722,7.90519,1.58316,-0.0146368,-0.00238123,-7.37685,-0.00925492,0.25081,1.40013,
548,0.0644463,0.393455,-0.0717327,-0.135114,-0.0108778,0,0.303217,0,0.512462,0.908528,-0.000584442,-0.0662512,0.412538,0.564197,0.83119,-0.523864,-0.523765,-0.57379,-0.523528,-0.512093,0.661802,3.39422,0.666119,1.01244,-0.477678,-0.544063,-1.1479,8.92419,1.01999,-0.00786343,-0.0117765,0.962566,-0.00632594,0.510137,3.29762,
549,0.0374705,0.324612,-0.223738,-0.231501,-0.0109079,0,0.315358,0,0.54815,0.911041,-0.0117376,-0.0727892,0.40567,0.569466,0.856093,-0.523785,-0.524477,-0.472956,-0.524273,-0.47606,0.894377,3.01328,0.469436,0.456023,-0.628966,0.0477238,-0.226121,-1.89736,-0.0149787,0.00371527,-0.0134618,3.07301,-0.017106,0.942659,5.98914,
550,0.0190158,0.182569,-0.361467,-0.238154,-0.0109457,0,0.279595,0,0.557204,0.914199,-0.0279529,-0.0768183,0.396936,0.436331,0.81284,-0.523688,-0.525119,-0.265817,-0.525155,-0.422929,1.24592,2.9133,0.423729,-0.121849,-0.588665,0.324665,-0.393371,-3.41699,-1.70079,0.000622905,-0.0147847,5.19647,-0.0173333,1.18059,6.54799,
551,-0.00270773,-0.026523,-0.459781,0.00849214,-0.0109951,0,0.185772,0,0.534019,0.918323,-0.0393802,-0.0583109,0.389529,0.203625,0.686154,-0.523682,-0.526341,0.038614,-0.525843,-0.361745,1.25587,2.63455,0.415304,-0.735651,-0.0629248,1.16245,-0.198072,-5.8636,-3.35817,2.80454e-05,-0.0273042,6.96215,-0.00890368,1.26545,-1.04355,
552,-0.0427963,-0.282946,-0.509176,0.00628668,-0.0109864,0,0.0325375,0,0.508567,0.917601,-0.0528967,-0.0465971,0.391203,-0.166457,0.524038,-0.523641,-0.525754,0.412114,-0.526042,-0.301088,1.20566,1.48949,0.615401,-0.0802699,0.169845,1.0603,0.2796,-8.91677,-3.12972,0.0058003,0.12118,7.98152,0.000190154,1.14361,-0.998958,
553,-0.0748474,-0.384255,0.0602461,0.0455904,-0.0108679,0,-0.293013,0,0.521883,0.907699,-0.0629036,-0.0388476,0.413057,-0.627951,0.509021,-0.523646,-0.522698,0.560285,-0.526189,-0.256291,1.10869,1.60419,0.792656,0.118316,-0.377669,0.0328971,0.441106,-2.06057,0.497454,0.019969,-0.0200875,-0.807813,-0.00297362,0.718262,-2.91978,
554,-0.0599872,-0.32137,0.209541,0.106945,-0.0108484,0,-0.30776,0,0.518538,0.906072,-0.0670145,-0.0334946,0.416438,-0.553285,0.541604,-0.52363,-0.523513,0.468218,-0.526227,-0.234622,0.895827,1.80309,0.75969,-0.266805,0.344873,0.537135,0.333026,2.16808,0.802036,-0.0238176,-0.0127873,-2.86861,0.00240187,0.143162,-5.5762,
555,-0.0360271,-0.187082,0.346379,0.168873,-0.0108101,0,-0.275782,0,0.491965,0.902871,-0.0626413,-0.0155457,0.425038,-0.409603,0.600298,-0.523766,-0.524166,0.27239,-0.526011,-0.238739,0.564945,1.98433,0.783665,-0.801588,0.582198,0.574074,0.488734,3.56842,1.53921,0.00263604,-0.0133131,-4.94795,0.00656974,-0.303962,-7.64237,
556,0.000381845,0.0130104,0.446097,-0.0569858,-0.0107941,0,-0.187669,0,0.470798,0.901535,-0.0158521,-0.0502905,0.429481,-0.178661,0.705018,-0.521412,-0.523067,-0.0189415,-0.524469,-0.259071,0.474421,2.28899,0.119392,-0.346128,1.41237,-2.76125,0.0677748,5.71632,2.64525,0.0704742,0.0135202,-6.69806,0.0435223,-0.524357,1.33028,
557,0.0177668,0.257084,0.483479,-0.0669233,-0.0106435,0,-0.0349702,0,0.458519,0.888956,0.0147208,-0.0672201,0.452794,0.180319,0.82215,-0.520594,-0.523307,-0.374393,-0.523187,-0.28577,0.541647,2.80851,0.281081,-0.00471897,-0.198616,1.09604,2.38696,8.61081,2.03229,-0.0735849,-0.00648843,-7.43724,-0.00399396,-0.557932,1.36214,
558,0.0216138,0.395288,-0.0633342,-0.141502,-0.0105889,0,0.301349,0,0.522719,0.884398,0.0332058,-0.0742864,0.459585,0.610253,0.890986,-0.521809,-0.524669,-0.576481,-0.523355,-0.307566,0.65685,3.01188,0.222085,1.23138,0.920944,-0.799294,-0.0540006,2.08854,1.03473,-0.0568229,-0.0371631,0.849383,-0.0163693,-0.350747,3.19353,
559,0.010038,0.329527,-0.217503,-0.245245,-0.0105481,0,0.316125,0,0.57134,0.880994,0.0577893,-0.0788546,0.462916,0.549505,0.915464,-0.524348,-0.526479,-0.48014,-0.524311,-0.320871,0.884935,2.87058,0.123822,0.725349,0.68371,-0.564255,-0.0371271,-1.88172,-0.047089,0.0102966,-0.0344498,2.98299,-0.019189,-0.176977,5.90936,
560,0.00339881,0.190393,-0.356744,-0.255896,-0.0105497,0,0.282662,0,0.593802,0.881122,0.0761921,-0.0801928,0.459769,0.418245,0.868103,-0.523814,-0.528162,-0.277211,-0.525267,-0.327495,1.23347,2.78427,0.0726141,0.147081,0.680382,-0.0920955,-0.279533,-3.35785,-1.83251,0.00550274,-0.0355352,5.11815,-0.0184523,-0.0888013,6.56465,
561,0.000616004,-0.0166898,-0.458103,0.00267545,-0.0105698,0,0.191727,0,0.596682,0.882799,0.0882614,-0.0695984,0.456104,0.189195,0.731779,-0.523697,-0.530206,0.0242982,-0.526227,-0.331806,1.25246,1.79599,-0.150146,0.284553,-0.366599,-0.433174,-0.233022,-5.77941,-3.60686,0.000732955,-0.0348942,6.92938,-0.0245305,-0.100288,-0.916712,
562,0.0112131,-0.272541,-0.508485,0.00388814,-0.0105729,0,0.0395748,0,0.597283,0.883059,0.0852596,-0.0799371,0.454475,-0.175871,0.555971,-0.523684,-0.531996,0.396934,-0.527146,-0.336699,1.20453,1.63935,-0.167314,-0.253917,-0.240886,-0.217632,0.20798,-8.79667,-3.42857,8.30007e-05,-0.0364391,7.96644,-0.0107147,-0.0963757,-0.999328,
563,-0.00653673,-0.400905,0.0927764,0.0439059,-0.0104439,0,-0.315703,0,0.575023,0.872287,0.0893239,-0.0974853,0.470779,-0.601315,0.507647,-0.523485,-0.533644,0.584734,-0.527187,-0.340372,1.10601,2.25733,0.0662083,-0.64557,-0.128347,-1.13099,0.501518,-1.65954,0.406901,0.0178904,-0.0249665,-1.24712,0.00154516,-0.0314289,-2.91791,
564,-0.0342307,-0.320688,0.246604,0.107549,-0.0103781,0,-0.321749,0,0.53261,0.86679,0.0959873,-0.122715,0.473712,-0.543736,0.535467,-0.523795,-0.534825,0.467221,-0.527071,-0.34287,0.890413,2.16861,0.434077,-0.696003,-1.29977,-0.0232123,0.415383,1.80452,0.69063,-0.00883813,-0.0204253,-3.40672,-0.00301623,-0.0793519,-5.67932,
565,-0.0336359,-0.168135,0.378804,0.167903,-0.0103788,0,-0.277967,0,0.503046,0.866849,0.044731,-0.128041,0.479768,-0.411265,0.588273,-0.523766,-0.534824,0.244796,-0.527077,-0.353547,0.554752,2.05256,0.814079,-0.542293,-0.0806536,1.70179,0.0259907,3.48899,1.42964,0.00031943,0.10795,-5.4883,0.0177704,-0.331439,-7.75844,
566,0.0109375,0.0483485,0.467475,-0.0406073,-0.0104024,0,-0.174788,0,0.48248,0.86882,0.0240789,-0.0852759,0.487134,-0.172546,0.688906,-0.523716,-0.524575,-0.0703891,-0.525203,-0.37637,0.495488,2.33525,0.920306,-0.504362,-0.193195,1.92656,0.632392,6.03919,2.57881,0.00130968,0.232423,-7.11382,0.0559085,-0.581986,0.776448,
567,0.0685959,0.307994,0.509113,-0.0567261,-0.0104025,0,-0.0144806,0,0.447518,0.86883,0.00623376,-0.0496982,0.492571,0.206002,0.806452,-0.523259,-0.522733,-0.448677,-0.523116,-0.402264,0.542244,2.7459,0.906883,-0.573299,1.20979,-1.05074,-1.48738,8.9419,2.07285,0.0585084,-0.0238368,-7.98012,0.000555696,-0.429819,1.10523,
568,0.0842883,0.383131,-0.0655807,-0.141245,-0.0106978,0,0.29423,0,0.495785,0.893497,0.0395068,-0.0241079,0.446679,0.594214,0.875108,-0.520858,-0.52568,-0.558635,-0.523318,-0.410194,0.653313,2.90298,0.895725,0.96444,1.73391,1.04975,-1.87544,0.511259,1.04977,-0.00941372,-0.0690852,0.879639,-0.0186826,0.0953353,3.29462,
569,0.0604444,0.317294,-0.215936,-0.239093,-0.0109437,0,0.307583,0,0.548764,0.914033,0.0478027,-0.00980393,0.402693,0.536468,0.900038,-0.523221,-0.528252,-0.462263,-0.52439,-0.391291,0.883703,2.32392,0.775355,1.23512,-1.17682,-0.838663,-2.25697,-1.54111,-0.0470439,-0.0771199,-0.027027,2.96043,-0.0234299,0.655375,5.87761,
570,0.0340932,0.180015,-0.351588,-0.248943,-0.0112181,0,0.273398,0,0.599499,0.936953,0.0220413,-0.0469555,0.345584,0.422272,0.853638,-0.52393,-0.529177,-0.262096,-0.525662,-0.348056,1.22724,2.19705,0.77069,0.720237,-1.66886,-0.930494,-2.48106,-3.01782,-1.79269,0.00691835,-0.0165538,5.0332,-0.0285349,1.06796,6.46875,
571,-0.0050383,-0.0228856,-0.449585,-0.000394509,-0.0114409,0,0.18265,0,0.617662,0.955556,-0.000749754,-0.065727,0.28739,0.210845,0.720432,-0.523725,-0.530376,0.0333185,-0.52716,-0.289695,1.25018,1.91683,0.895583,0.0550391,-1.13497,-0.15099,-2.28396,-5.41253,-3.52524,0.00172628,-0.0252483,6.76471,-0.0302506,1.2648,-0.84278,
572,-0.0707341,-0.272091,-0.498176,0.00304989,-0.0115973,0,0.0333007,0,0.606419,0.968618,-0.0218906,-0.0740623,0.236252,-0.134742,0.547921,-0.52369,-0.531662,0.396277,-0.528491,-0.229114,1.20464,1.78179,1.05891,-0.500614,-0.961048,0.0657344,-1.81984,-8.38487,-3.37795,0.000235733,-0.026089,7.74448,-0.0217638,1.15854,-0.977019,
573,-0.112142,-0.398116,0.084909,0.0433385,-0.0116516,0,-0.311041,0,0.570739,0.97316,-0.0372514,-0.0867457,0.209875,-0.601813,0.504967,-0.523612,-0.532851,0.580637,-0.529171,-0.18673,1.10725,2.40847,1.14868,-0.905995,-0.822027,-0.677382,-1.1598,-3.86719,0.503137,0.0193201,-0.0170721,-1.14056,-0.0113608,0.56315,-2.89564,
574,-0.0582392,-0.321736,0.241366,0.107993,-0.0117238,0,-0.32037,0,0.525838,0.979186,-0.0324167,-0.0763194,0.185254,-0.555676,0.537032,-0.520927,-0.531188,0.468752,-0.529559,-0.179421,0.892456,2.50753,0.736661,-0.932261,1.23966,1.52087,-0.331461,1.96271,0.777439,0.0671362,0.0772378,-3.32975,-0.00450165,-0.277307,-5.67604,
575,-0.0266933,-0.170427,0.378185,0.170565,-0.0117693,0,-0.279208,0,0.465303,0.982988,-0.0051831,-0.0332439,0.180564,-0.416357,0.594817,-0.51974,-0.527417,0.248134,-0.529743,-0.203633,0.556606,2.68221,0.637272,-1.50139,1.51949,1.49864,-0.141325,3.59742,1.52777,-0.0190887,0.0737246,-5.47775,-0.00270782,-0.687522,-7.74131,
576,-0.00779789,0.0466544,0.460288,-0.0371653,-0.0117738,0,-0.171889,0,0.394459,0.983363,0.00417428,-0.0187593,0.180631,-0.173467,0.699571,-0.522816,-0.52318,-0.0679227,-0.527211,-0.242054,0.496161,2.99842,-0.679947,-0.0206477,-1.59458,-1.83734,0.376113,5.92395,2.49767,-0.120364,0.0443587,-6.97207,0.390478,-0.837562,0.755674,
577,-0.0851389,0.290832,0.486774,-0.0564507,-0.0117622,0,-0.0126924,0,0.464461,0.982398,-0.00505508,-0.0503779,0.179808,0.184924,0.805015,-0.524361,-0.523195,-0.423622,-0.520485,-0.283906,0.542191,3.73649,-1.19318,1.5266,-0.482475,-1.25349,-0.315511,8.61804,1.86011,0.0196199,-0.0138029,-7.50522,-0.081848,-0.837749,1.07641,
578,-0.0803259,0.383923,-0.0611232,-0.138362,-0.0117813,0,0.293116,0,0.529455,0.983987,-0.00717316,-0.0826191,0.15777,0.581993,0.884773,-0.523617,-0.524145,-0.559798,-0.524193,-0.339412,0.647715,3.22456,-0.851657,1.02702,-0.256667,-0.945082,-0.542081,1.24489,1.34011,-0.00662934,-0.0247175,0.819618,-0.07568,-1.39927,3.12301,
579,-0.0651062,0.320467,-0.210641,-0.24217,-0.0117762,0,0.307598,0,0.568312,0.983564,-0.0125217,-0.105983,0.145645,0.539187,0.924744,-0.523688,-0.525299,-0.466899,-0.528008,-0.422388,0.870303,3.10399,-0.827026,0.531534,-0.539187,-0.898968,-0.592693,-1.32805,0.267219,0.000468265,-0.020866,2.88437,-0.0757317,-1.91295,5.75968,
580,-0.0390643,0.185669,-0.347345,-0.303937,-0.0117749,0,0.275271,0,0.580906,0.983456,-0.0234172,-0.12814,0.125878,0.436202,0.893298,-0.523675,-0.526271,-0.270332,-0.531829,-0.527611,1.20985,2.99418,-0.856264,-0.0450112,-0.716836,-0.628632,-0.942141,-2.77846,-1.51139,0.000157799,-0.0187215,4.96372,-0.0776971,-1.88281,7.80449,
581,0.00267289,-0.0153105,-0.447135,0.00669793,-0.0118089,0,0.186623,0,0.559168,0.986292,-0.026042,-0.128331,0.100405,0.237246,0.763806,-0.523682,-0.527727,0.0222901,-0.535662,-0.532535,1.25597,2.75544,-0.710188,-0.747775,-0.10918,0.389935,-0.943072,-5.15475,-3.65455,-0.000158699,-0.0323142,6.71785,-0.073359,0.270225,-0.99001,
582,0.0432511,-0.263404,-0.497152,0.00868596,-0.0118559,0,0.0389069,0,0.510762,0.990222,-0.0211841,-0.108107,0.0855807,-0.0956083,0.586275,-0.523494,-0.528892,0.383608,-0.538922,-0.518953,1.20456,2.5609,-0.668167,-1.09701,0.880573,1.72878,-0.0436908,-8.1427,-3.45217,0.00299441,0.00458944,7.72274,-0.054263,0.272123,-1.07108,
583,-0.0302395,-0.393535,0.0695597,0.0401271,-0.0118628,0,-0.302477,0,0.504298,0.990796,-0.0270251,-0.0866018,0.100466,-0.555311,0.502061,-0.523568,-0.523619,0.573907,-0.54223,-0.502624,1.11397,1.81896,0.312155,0.399774,0.0469028,0.747009,0.554254,-4.46937,0.396862,0.0369472,0.168823,-0.933263,-0.0687283,0.429586,-2.6587,
584,-0.00923242,-0.325465,0.222188,0.100671,-0.0118786,0,-0.315309,0,0.512563,0.992116,-0.0265911,-0.06972,0.100686,-0.54845,0.529572,-0.522998,-0.522806,0.474202,-0.545557,-0.486781,0.912431,2.0156,0.11531,-0.0895175,0.204363,0.682426,0.0388431,1.21621,0.685254,-0.0309904,-0.0269801,-3.05059,-0.0632948,0.195354,-5.3848,
585,0.000184365,-0.184185,0.360082,0.16005,-0.0118906,0,-0.280041,0,0.495016,0.99312,-0.0202831,-0.0521952,0.102839,-0.4489,0.581459,-0.523892,-0.524149,0.26817,-0.548523,-0.479124,0.590135,2.15216,-0.00407167,-0.617814,0.456853,0.669704,0.124251,2.75407,1.38414,0.00413888,-0.0267345,-5.17345,-0.0549049,0.111602,-7.48993,
586,-0.00134208,0.0241898,0.459039,-0.0443355,-0.0118905,0,-0.186993,0,0.456615,0.99311,-0.0227563,-0.047766,0.104559,-0.248776,0.678377,-0.523632,-0.524728,-0.0352172,-0.551207,-0.473709,0.485272,2.23937,-0.225697,-0.868791,0.0501897,0.297792,0.218628,5.22068,2.47931,0.0175961,0.022599,-6.94765,-0.049684,0.103112,0.96965,
587,-0.0972527,0.275791,0.483902,-0.0574521,-0.0118905,0,-0.0217563,0,0.443427,0.993112,-0.0128181,-0.0481519,0.106049,0.0807967,0.783147,-0.52137,-0.523089,-0.401675,-0.545555,-0.468832,0.537758,3.19285,-1.43849,1.52085,-1.20291,-1.20396,-0.211016,7.74241,1.41803,0.0395795,-0.00836371,-7.44593,0.60449,0.0816927,1.18504,
588,-0.111323,0.396088,-0.0804416,-0.131069,-0.0118813,0,0.308101,0,0.524957,0.992337,-0.0334105,-0.0885252,0.0794613,0.544579,0.837063,-0.520026,-0.523864,-0.577656,-0.519055,-0.481486,0.646307,3.11718,-1.14611,1.44078,-0.88004,-1.55313,-1.61171,8.84396,0.817045,0.00205229,-0.0212695,1.08015,0.0294346,-0.586659,3.13161,
589,-0.0825547,0.322776,-0.233845,-0.227565,-0.0118489,0,0.318102,0,0.58152,0.989634,-0.0531732,-0.118788,0.060712,0.563955,0.852812,-0.523953,-0.525013,-0.470272,-0.522583,-0.527448,0.871245,2.70252,-1.04204,0.858534,-1.08322,-1.01682,-0.724807,-1.61898,-0.178892,-0.1001,-0.0215807,3.2198,-0.08541,-0.524203,5.84946,
590,-0.0470869,0.175471,-0.370671,-0.278723,-0.0118236,0,0.279085,0,0.611384,0.987523,-0.0710348,-0.134801,0.039774,0.442303,0.802387,-0.523746,-0.525242,-0.25548,-0.527052,-0.527022,1.21541,2.53654,-1.09237,0.357225,-0.347932,0.181335,-0.621299,-3.23977,-1.82311,0.0239399,0.0225982,5.35052,-0.0933363,0.10106,7.89618,
591,0.00844879,-0.0386953,-0.466982,0.00585726,-0.0118611,0,0.1813,0,0.610512,0.990656,-0.0662662,-0.115939,0.0277175,0.216526,0.662333,-0.523729,-0.524689,0.0563354,-0.531403,-0.524267,1.25807,2.36472,-0.888235,-0.315219,0.284322,1.14346,-0.324355,-5.76271,-3.76876,-0.000662699,0.00643729,7.10401,-0.079797,0.0209504,-1.063,
592,0.055462,-0.298994,-0.512507,0.00993679,-0.0119055,0,0.0231668,0,0.583188,0.994359,-0.0578669,-0.0852892,0.0250624,-0.149258,0.4977,-0.523705,-0.524506,0.435536,-0.534735,-0.521816,1.19899,2.2177,-0.754956,-0.732964,0.539148,0.972327,0.175349,-8.84226,-0.774245,0.00069428,0.000968313,8.05455,-0.0483229,0.0735876,-1.29769,
593,0.100327,-0.391428,0.0858026,0.0556349,-0.0119162,0,-0.307031,0,0.537757,0.995252,-0.0451917,-0.0694702,0.0510427,-0.610078,0.514671,-0.523527,-0.524288,0.570812,-0.536597,-0.509418,1.08098,2.76018,-1.04446,-1.09154,0.513852,0.186504,0.495939,-2.37194,0.542661,0.0234827,0.0108772,-1.15265,-0.0345785,0.447818,-3.39716,
594,0.0973578,-0.315398,0.238842,0.121611,-0.0119298,0,-0.315285,0,0.473529,0.996392,-0.026208,-0.0581379,0.0560065,-0.550118,0.551305,-0.523459,-0.523287,0.459492,-0.53821,-0.469026,0.843553,2.82596,-1.25885,-1.4056,1.59563,1.13284,0.38187,1.96707,0.915884,-0.0186662,0.0177596,-3.29278,-0.027637,1.15177,-6.08886,
595,0.044781,-0.166682,0.368502,0.14953,-0.0119419,0,-0.272199,0,0.393597,0.9974,0.0041598,-0.0204372,0.0689847,-0.410957,0.618082,-0.523855,-0.523417,0.24268,-0.53917,-0.395635,0.488883,3.22016,-1.09359,-1.50222,-0.271088,2.495,0.875911,3.58088,1.73367,0.00415673,-0.00486326,-5.31404,0.0110081,1.7632,-6.51887,
596,-0.0174837,0.0384225,0.446553,-0.0510664,-0.011922,0,-0.170033,0,0.419581,0.995737,-0.00152803,-0.0333612,0.0859831,-0.179684,0.724126,-0.523709,-0.523375,-0.0559382,-0.527149,-0.301262,0.486605,3.10053,-1.85128,1.09796,-0.506322,-1.40652,0.563594,5.74881,2.54564,0.00158665,-0.00448438,-6.70676,0.360509,2.00782,1.14804,
597,-0.134773,0.284048,0.490729,-0.069026,-0.0118883,0,-0.0200238,0,0.465493,0.992924,-0.0163106,-0.0644541,0.0983957,0.182236,0.838156,-0.523679,-0.523573,-0.413722,-0.521906,-0.206292,0.549734,3.21362,-1.9411,0.812465,-0.806553,-1.0323,0.428851,8.68981,1.99931,0.00320543,-0.00431236,-7.5875,-0.0412334,1.7937,1.37608,
598,-0.148283,0.381063,-0.0508729,-0.151438,-0.0118824,0,0.287482,0,0.530505,0.992432,-0.0148368,-0.0886077,0.0837078,0.625396,0.912015,-0.523776,-0.524987,-0.555602,-0.523428,-0.141987,0.668932,2.94997,-1.59238,1.10974,0.108118,-0.530314,-0.261116,1.94594,1.14971,-0.0469635,-0.0369464,0.681776,-0.0326002,0.756221,3.36522,
599,-0.119597,0.323062,-0.19813,-0.253872,-0.0118695,0,0.304469,0,0.573073,0.991359,-0.013711,-0.0991466,0.0847859,0.552453,0.940355,-0.523908,-0.526777,-0.470691,-0.525128,-0.132261,0.902784,2.82934,-1.51207,0.606227,-0.075145,-0.454073,0.0130896,-2.08827,-0.00704314,0.00724278,-0.0338959,2.70574,-0.0328804,-0.352574,5.96933,
600,-0.0701349,0.194712,-0.335218,-0.260385,-0.0118587,0,0.275911,0,0.589712,0.990458,-0.0161247,-0.108657,0.0832301,0.414602,0.893427,-0.523713,-0.528414,-0.283502,-0.526745,-0.171187,1.25306,2.7608,-1.46756,0.029403,-0.0653529,-0.13719,-0.126769,-3.416,-1.85491,0.00140454,-0.0341927,4.76716,-0.0319008,-1.19861,6.49285,
601,-0.000133887,0.000416018,-0.437106,0.00967344,-0.0118771,0,0.192208,0,0.573922,0.991988,-0.00863522,-0.095475,0.0822828,0.186694,0.755119,-0.523689,-0.530579,-0.000605668,-0.528239,-0.242396,1.25773,2.54615,-1.3092,-0.59359,0.40101,0.79765,0.0172358,-5.67432,-3.66632,0.000117812,-0.0454283,6.52826,-0.0251253,-1.64598,-1.1095,
602,0.0452018,-0.242156,-0.491586,0.00276899,-0.0118926,0,0.0507175,0,0.5356,0.993287,-0.00276515,-0.0747096,0.088272,-0.169428,0.577612,-0.52369,-0.532863,0.35263,-0.52909,-0.322988,1.20452,1.81739,-0.75969,-0.433237,-0.798877,-0.114206,0.339551,-8.55501,-3.42765,-0.000114933,-0.0383221,7.60544,-0.021071,-1.60941,-0.859921,
603,0.0778876,-0.392309,0.0500505,0.0362592,-0.0118436,0,-0.294558,0,0.514938,0.989194,-0.0306015,-0.0944965,0.107836,-0.613547,0.497646,-0.523508,-0.534221,0.572107,-0.530069,-0.394778,1.12198,2.1011,-0.807934,-0.444627,-0.415336,-0.620697,0.625948,-2.16856,0.531747,0.0289123,0.0257259,-0.670726,-0.0115054,-1.23611,-2.50009,
604,0.0767544,-0.333196,0.202241,0.0985077,-0.0118475,0,-0.312633,0,0.493165,0.989521,-0.00869926,-0.0822787,0.118335,-0.551177,0.530688,-0.522892,-0.52916,0.485504,-0.530135,-0.44044,0.927453,2.18462,-0.938144,-0.654683,1.27269,0.595483,0.399321,1.8986,0.778052,-0.0297953,0.110363,-2.76428,0.00117064,-0.606007,-5.24718,
605,0.0353557,-0.202314,0.336949,0.160787,-0.0118431,0,-0.281747,0,0.449583,0.989147,0.0169566,-0.0597352,0.133162,-0.422034,0.586596,-0.524105,-0.523726,0.294575,-0.529842,-0.456314,0.610545,2.50736,-0.711129,-0.802498,-0.0812078,1.76595,1.01754,3.24582,1.43858,0.00795761,0.114025,-4.79504,0.0302357,-0.0502673,-7.39897,
606,0.00217996,-0.00761148,0.437779,-0.04479,-0.0118165,0,-0.197603,0,0.410256,0.98693,-0.00836495,-0.0248464,0.159004,-0.203255,0.685503,-0.523045,-0.523026,0.0110813,-0.527697,-0.452937,0.480017,2.76351,-1.16509,-0.286716,1.22072,-0.0316301,0.277679,5.30117,2.43472,0.168606,-0.0105053,-6.54087,0.0727396,0.21228,1.03353,
607,-0.100764,0.229593,0.477877,-0.0521936,-0.0118004,0,-0.0513708,0,0.447248,0.985586,-0.00535373,-0.0513436,0.16111,0.124977,0.779975,-0.514984,-0.523628,-0.334321,-0.521322,-0.44242,0.532215,3.51655,-1.79112,1.53393,-1.0275,-0.787625,0.190654,7.90682,1.37997,0.116872,-0.0170409,-7.32274,-0.0258169,0.206935,1.02135,
608,-0.138254,0.404421,-0.0408296,-0.113488,-0.0117857,0,0.299112,0,0.515024,0.98436,-0.0201569,-0.0799125,0.155704,0.568535,0.836129,-0.510665,-0.524689,-0.589903,-0.523145,-0.450154,0.623984,3.14975,-1.39698,1.12777,-0.191902,-1.11009,-0.358498,4.09718,0.861619,0.0441157,-0.0337676,0.546927,-0.0347414,-0.512205,2.62659,
609,-0.112276,0.341738,-0.211519,-0.21387,-0.0117561,0,0.321703,0,0.55815,0.981883,-0.0237567,-0.103949,0.15664,0.550712,0.857344,-0.511502,-0.526362,-0.497998,-0.52503,-0.500559,0.826035,2.92974,-1.34091,0.618301,-0.416633,-0.943523,0.0287234,-1.30619,-0.00606371,-0.0595532,-0.0312534,2.89697,-0.0376515,-1.48986,5.43518,
610,-0.0703699,0.204734,-0.354471,-0.274732,-0.0117347,0,0.291157,0,0.574771,0.980096,-0.0327863,-0.125615,0.150195,0.448726,0.817736,-0.516361,-0.527869,-0.298101,-0.527025,-0.531161,1.15371,2.76771,-1.40038,0.0347844,-0.586181,-0.63179,-0.4438,-2.76146,-1.5655,-0.13514,-0.0294568,5.08063,-0.0414558,0.1549,7.65333,
611,0.00057887,-0.00188988,-0.458622,0.00619715,-0.0117472,0,0.202361,0,0.558489,0.981139,-0.0333987,-0.127008,0.141847,0.24923,0.691081,-0.524795,-0.529444,0.00275141,-0.528963,-0.525283,1.26104,2.56245,-1.24603,-0.592597,0.648833,0.805517,-0.233745,-5.19659,-3.48572,-0.0785445,-0.00663252,6.9395,-0.0344104,0.0563883,-0.993925,
612,0.0748761,-0.259431,-0.512403,0.00528331,-0.0117858,0,0.0515544,0,0.516879,0.984367,-0.0197233,-0.101113,0.14286,-0.0874262,0.52169,-0.524294,-0.529883,0.377814,-0.530152,-0.522473,1.21207,2.37983,-1.17593,-1.05055,0.752007,0.979363,0.229075,-8.24337,-2.74248,0.0213604,-0.0105827,8.05227,-0.0102926,0.0543263,-0.964671,
613,0.0216216,-0.395291,0.0732477,0.038301,-0.0117576,0,-0.304963,0,0.503441,0.982008,-0.0135395,-0.100341,0.159403,-0.554164,0.512029,-0.52372,-0.525504,0.576486,-0.530786,-0.510021,1.12632,1.76413,-0.222163,0.163357,0.16473,-0.492369,0.257869,-4.57805,0.401338,0.0219073,0.170816,-0.983004,-0.0167191,0.47716,-2.53183,
614,0.0321014,-0.32529,0.226586,0.1004,-0.0117544,0,-0.316902,0,0.50008,0.981742,-0.00619851,-0.113131,0.152794,-0.548544,0.538687,-0.523727,-0.522594,0.473948,-0.531545,-0.482342,0.930674,1.97929,-0.40128,-0.313376,0.273769,-0.507581,-0.290916,1.22132,0.661384,-0.0129881,-0.0245663,-3.11426,-0.0120946,0.618341,-5.27596,
615,0.0189252,-0.181949,0.357998,0.160084,-0.0117519,0,-0.2776,0,0.476321,0.981533,0.00869554,-0.112936,0.154155,-0.448317,0.589165,-0.523681,-0.523588,0.264913,-0.531831,-0.446662,0.613538,2.26131,-0.423148,-0.456408,-0.272464,0.564013,0.913195,2.76313,1.34442,-0.000675819,-0.00829056,-5.1389,0.023545,0.78158,-7.37648,
616,-0.00142876,0.0188328,0.444945,-0.0456518,-0.0117099,0,-0.182951,0,0.473703,0.978023,-0.00651501,-0.0771313,0.193596,-0.249464,0.683827,-0.523727,-0.523028,-0.0274181,-0.527879,-0.4069,0.481771,2.68399,-0.308623,-0.0788439,-0.285543,1.47404,1.73031,5.19198,2.4356,0.00131999,-0.0145139,-6.67616,0.0924701,0.836715,0.980456,
617,-0.0343043,0.264992,0.492817,-0.0560778,-0.0116448,0,-0.0350443,0,0.460696,0.972586,-0.0160873,-0.0497575,0.226588,0.0837835,0.793445,-0.523325,-0.523509,-0.385923,-0.523172,-0.365898,0.533411,3.03609,-0.526651,-0.16751,0.623223,-1.3893,-0.169366,7.98679,1.90287,0.0496808,-0.00367605,-7.63125,0.0825872,0.828405,1.09516,
618,-0.056033,0.391536,-0.0653053,-0.128722,-0.0117137,0,0.299622,0,0.497155,0.978345,-0.000185824,-0.064323,0.196734,0.552731,0.862992,-0.521112,-0.524522,-0.570971,-0.522994,-0.330197,0.636295,3.29753,-0.581821,0.950627,0.168979,0.421906,-1.81749,8.8579,1.03533,0.0143859,-0.0310613,0.875929,-0.0191321,0.591185,2.98641,
619,-0.0448683,0.326051,-0.216062,-0.228783,-0.0117781,0,0.313319,0,0.53047,0.983725,-0.000110059,-0.042744,0.174522,0.566338,0.889869,-0.524109,-0.526137,-0.47506,-0.52429,-0.312259,0.853325,2.91856,-0.559741,0.420015,0.0448676,0.929014,-0.823483,-1.71032,0.047377,-0.0405713,-0.0311196,2.96225,-0.0264711,0.145471,5.67845,
620,-0.0312822,0.188098,-0.35337,-0.282186,-0.0118298,0,0.279607,0,0.544263,0.988038,-0.0175585,-0.032935,0.149624,0.444048,0.849884,-0.523949,-0.527088,-0.273869,-0.52562,-0.313477,1.18777,2.81149,-0.676708,0.305975,-2.42291,-0.837126,-1.24869,-3.15719,-1.64031,0.0095805,0.0120616,5.06249,-0.0279749,-0.200045,7.60894,
621,0.00123861,-0.0167278,-0.453405,-0.0014625,-0.0118195,0,0.189086,0,0.559313,0.987178,-0.0751679,-0.0687381,0.1229,0.225116,0.71851,-0.523508,-0.526214,0.0243535,-0.527312,-0.329441,1.24833,2.18741,-0.301217,0.184296,-0.994952,0.640224,-0.363952,-5.59586,-3.59958,0.0499952,0.0933981,6.83823,-0.0409581,-0.429546,-0.725436,
622,0.0163601,-0.269114,-0.503424,0.00110179,-0.0118369,0,0.0387811,0,0.562486,0.988629,-0.0828202,-0.0279833,0.122353,-0.130856,0.542296,-0.522237,-0.522556,0.391936,-0.528889,-0.350296,1.20917,1.9946,-0.247238,-0.134491,0.0476928,1.88987,0.396966,-8.60377,-3.45581,-0.0234352,-0.0166363,7.85678,-0.0178153,-0.404651,-0.829503,
623,0.038648,-0.397887,0.083389,0.0404153,-0.0118001,0,-0.31034,0,0.546701,0.985562,-0.0835766,0.00884805,0.146986,-0.582881,0.502151,-0.524431,-0.523438,0.5803,-0.529005,-0.368143,1.11957,2.56763,-0.394635,-0.510205,0.0874585,0.842437,0.849243,-2.77587,0.600236,0.00626672,-0.0105755,-1.12,0.0025132,-0.291139,-2.73121,
624,0.0488137,-0.322541,0.238417,0.104728,-0.0117773,0,-0.319736,0,0.508797,0.983658,-0.0833117,0.0305257,0.156665,-0.546354,0.538874,-0.523852,-0.523922,0.46993,-0.528875,-0.374993,0.913634,2.59947,-0.615684,-0.906884,0.452266,0.314687,0.569604,1.5376,0.8719,0.00611047,-0.011565,-3.28656,0.00797819,0.00473727,-5.48535,
625,0.0468347,-0.172835,0.375394,0.167717,-0.0117656,0,-0.279515,0,0.475093,0.98268,-0.0391981,-0.0101451,0.180835,-0.429066,0.601781,-0.523715,-0.524721,0.25164,-0.527329,-0.36594,0.587401,2.12786,-1.10309,-0.850345,1.69877,-2.24601,0.956863,3.15756,1.61508,0.00134147,-0.0168738,-5.43033,0.0393636,0.357521,-7.5534,
626,-0.0114435,0.0433816,0.460218,-0.0468377,-0.011692,0,-0.174158,0,0.430709,0.976533,0.00676836,-0.0587303,0.207096,-0.206636,0.711165,-0.523699,-0.523186,-0.0631579,-0.524713,-0.33996,0.48381,2.59577,-1.07314,-0.361534,1.53246,0.18104,2.02321,5.6864,2.72947,-0.0046407,0.1668,-6.9707,0.152639,0.642971,1.01808,
627,-0.108535,0.293066,0.486248,-0.0665964,-0.0115599,0,-0.0107611,0,0.446817,0.965496,0.00672367,-0.0413752,0.257023,0.147998,0.824952,-0.522831,-0.522937,-0.426882,-0.522333,-0.31081,0.542874,3.68852,-1.51175,1.92714,0.00560169,-0.59529,0.582095,8.28705,1.54763,0.055836,-0.0425374,-7.49434,-0.021402,0.560337,1.36182,
628,-0.117086,0.384747,-0.0641534,-0.149375,-0.0115641,0,0.294765,0,0.534114,0.965846,0.0201759,-0.0647017,0.250097,0.582782,0.887164,-0.520711,-0.525262,-0.561007,-0.523517,-0.302088,0.662961,3.23676,-1.24176,1.4885,0.423216,-0.824047,-0.00428398,2.63231,0.956958,-0.0159491,-0.0519033,0.860415,-0.0266546,-0.231313,3.41679,
629,-0.0970645,0.319869,-0.213803,-0.248818,-0.0115265,0,0.308432,0,0.595857,0.962705,0.0317423,-0.0792584,0.256727,0.546348,0.906452,-0.523916,-0.527789,-0.466024,-0.524944,-0.334868,0.899997,3.07814,-1.23744,0.989791,0.216022,-0.662969,0.208811,-1.4644,-0.176365,-0.0424441,-0.0482845,2.92977,-0.0279873,-1.06757,6.0449,
630,-0.0562038,0.183474,-0.350206,-0.25208,-0.0115037,0,0.27509,0,0.631553,0.960799,0.0384472,-0.0911834,0.258983,0.436113,0.85218,-0.523917,-0.530132,-0.267134,-0.526333,-0.404563,1.25338,2.98511,-1.24738,0.40922,0.21231,-0.261102,0.00574913,-2.93439,-1.97929,0.00770622,-0.048084,5.01053,-0.0271745,-1.71597,6.53308,
631,0.00539304,-0.0188241,-0.448926,0.00686799,-0.0114943,0,0.18514,0,0.635379,0.960019,0.0510084,-0.0790087,0.263667,0.228964,0.709413,-0.523721,-0.532966,0.0274055,-0.52749,-0.49845,1.25796,2.73188,-1.16548,-0.197166,0.676169,0.659226,0.224029,-5.32435,-3.72191,0.00143363,-0.0582566,6.75209,-0.01774,-2.03592,-1.118,
632,0.0592691,-0.268226,-0.500374,0.00142112,-0.0114776,0,0.037475,0,0.618928,0.958621,0.0585397,-0.0553521,0.273048,-0.112183,0.528635,-0.523691,-0.535964,0.390641,-0.528049,-0.53414,1.20157,1.64256,-0.89963,0.194107,-0.397853,0.620802,0.18676,-8.30955,-3.50601,0.000220632,-0.0631213,7.79134,-0.0186205,0.244552,-0.923832,
633,0.0717615,-0.396783,0.0800537,0.0386474,-0.0114114,0,-0.308411,0,0.631436,0.953093,0.0447202,-0.0600166,0.293276,-0.577993,0.508503,-0.523617,-0.539018,0.578678,-0.528668,-0.513758,1.11138,1.92794,-0.735708,0.0305686,-0.607066,-0.343936,0.757795,-4.20072,0.48389,0.0187051,-0.0532659,-1.07491,-0.0101589,0.606352,-2.73869,
634,0.0685373,-0.323348,0.234108,0.101426,-0.011395,0,-0.318574,0,0.619908,0.951729,0.0329814,-0.0734996,0.29618,-0.552027,0.539238,-0.523709,-0.541539,0.471109,-0.529125,-0.470657,0.905354,2.17876,-0.86296,-0.488392,-0.495904,-0.321728,0.157374,1.59176,0.741381,-0.0187758,-0.0500296,-3.22362,-0.00645204,1.10203,-5.48446,
635,0.0406966,-0.175922,0.371123,0.162421,-0.0113775,0,-0.279594,0,0.582743,0.950263,0.0254996,-0.0833671,0.298997,-0.431878,0.59391,-0.523768,-0.544011,0.256136,-0.529247,-0.404634,0.578584,2.35279,-0.941526,-0.999463,-0.283827,-0.23909,0.160348,3.20209,1.43904,0.00279185,-0.0488435,-5.35813,0.00227754,1.53492,-7.56935,
636,-0.0103616,0.0385812,0.467701,-0.0527817,-0.0113513,0,-0.181792,0,0.526025,0.948071,0.00984715,-0.109068,0.298612,-0.207745,0.693829,-0.523683,-0.545791,-0.0561692,-0.528982,-0.322406,0.480275,2.53181,-1.09257,-1.28452,-1.28643,-1.14565,0.0547794,5.74072,2.54439,0.000634209,-0.0271786,-7.11831,0.0129457,1.75347,1.13676,
637,-0.0489461,0.28992,0.493466,-0.0656555,-0.0113005,0,-0.0175053,0,0.494482,0.943836,0.00208451,-0.0645517,0.324042,0.155712,0.807788,-0.523819,-0.534344,-0.42229,-0.524209,-0.24058,0.541033,3.1841,-0.687002,-0.441987,0.906877,3.34637,1.67539,8.78718,2.01695,0.002671,0.36209,-7.64488,0.139974,1.53933,1.30917,
638,-0.0586567,0.384583,-0.0629307,-0.145097,-0.0113373,0,0.294211,0,0.472969,0.946906,0.0417785,-0.0284913,0.317508,0.605626,0.890757,-0.521046,-0.52076,-0.560766,-0.523097,-0.172114,0.658592,3.02342,-0.62021,-0.524636,2.77924,-0.377728,-0.852144,2.31781,1.33261,0.031516,0.00109063,0.84395,-0.0204482,1.16366,3.36448,
639,0.0234994,0.329102,-0.18717,-0.243726,-0.0114598,0,0.304211,0,0.498714,0.957139,0.0408282,-0.032115,0.284933,0.549748,0.928622,-0.520927,-0.522806,-0.479519,-0.523441,-0.117898,0.889807,1.8331,0.290292,0.934421,-1.89251,-1.08866,-1.46684,-1.81734,0.196786,-0.0302409,-0.0340528,2.55041,-0.00406153,0.925968,5.87247,
640,0.016983,0.206086,-0.325727,-0.258081,-0.0115704,0,0.279332,0,0.533682,0.96637,-0.00189456,-0.0794024,0.244582,0.42728,0.893414,-0.524032,-0.524103,-0.300071,-0.523711,-0.0682018,1.23544,1.72935,0.335226,0.394772,-2.30242,-1.34324,-1.6043,-3.0734,-1.58918,-0.0385044,-0.0234461,4.61532,-0.00913832,1.05854,6.50288,
641,0.00117789,0.0164525,-0.430095,0.00589843,-0.011646,0,0.199688,0,0.535625,0.972688,-0.0365004,-0.103123,0.204722,0.217622,0.768566,-0.523425,-0.525115,-0.0239527,-0.524465,-0.0134897,1.25272,1.44208,0.291242,-0.0960953,-0.260537,1.1275,-0.750236,-5.31512,-3.38828,0.0786092,0.0420344,6.39778,-0.0226773,1.12144,-0.930551,
642,-0.016899,-0.222477,-0.487091,0.00133019,-0.0117098,0,0.0621041,0,0.522803,0.978017,-0.0384685,-0.060356,0.195858,-0.120204,0.603885,-0.520764,-0.523038,0.323951,-0.525206,0.0411325,1.20987,1.2516,0.308979,-0.457308,0.331384,1.84793,-0.0742827,-8.16371,-3.20413,0.00627388,-0.00388598,7.5118,-0.00310157,1.06587,-0.778684,
643,-0.0504677,-0.403502,0.0353009,0.0288937,-0.0116876,0,-0.2965,0,0.512178,0.976167,-0.0550279,-0.0455984,0.204917,-0.576745,0.494481,-0.523122,-0.52342,0.58855,-0.52538,0.0892247,1.13781,0.905369,0.50828,0.016182,-0.571897,0.066791,0.723618,-4.1161,0.259836,-0.0519896,-0.00275548,-0.472768,-0.00339028,0.862154,-2.14229,
644,-0.0262082,-0.342638,0.207506,0.0909246,-0.0116623,0,-0.320748,0,0.508075,0.97405,-0.0579274,-0.0297622,0.216763,-0.55286,0.522889,-0.523777,-0.523547,0.499314,-0.52543,0.122387,0.95914,1.08939,0.310933,-0.312831,0.225947,0.783311,0.590252,1.4248,0.67699,0.00158582,-0.0034996,-2.83948,-7.27907e-06,0.458506,-4.97731,
645,-0.0128551,-0.20782,0.350287,0.152129,-0.0116285,0,-0.291326,0,0.479262,0.971231,-0.0552068,-0.00690445,0.231548,-0.445813,0.572524,-0.523699,-0.523744,0.302597,-0.525388,0.139804,0.653582,1.2497,0.251617,-0.846208,0.414302,0.884918,0.714761,2.84601,1.3029,0.000858847,-0.00438185,-5.01186,0.00200108,0.239911,-7.22678,
646,0.000484177,-0.00388408,0.454875,-0.0437076,-0.0116285,0,-0.204308,0,0.448099,0.971228,-0.0211846,-0.0324939,0.234971,-0.250814,0.661398,-0.520923,-0.52317,0.00565471,-0.524097,0.150561,0.470831,1.39939,-0.507105,-0.467908,1.65927,-2.19987,0.136068,4.99793,2.26541,0.10359,0.000599916,-6.86665,0.040399,0.170248,0.999287,
647,-0.0279569,0.246425,0.490739,-0.0509617,-0.0115427,0,-0.0471179,0,0.433799,0.964061,0.00231915,-0.047844,0.261328,0.0749474,0.762653,-0.52116,-0.523329,-0.358853,-0.523223,0.157853,0.524896,2.31684,-0.461519,0.259124,0.157528,1.7869,2.4743,7.99527,1.77945,-0.178117,-0.000974969,-7.58772,-0.00396926,0.104414,1.03758,
648,-0.0536947,0.39192,-0.0506978,-0.11778,-0.0115312,0,0.29454,0,0.492687,0.9631,0.019131,-0.0606532,0.261521,0.537266,0.827395,-0.524404,-0.52383,-0.571536,-0.523356,0.161535,0.623073,2.72648,-0.556942,1.21006,0.646816,-0.397957,-1.38325,8.8229,1.01845,0.0149681,-0.0223043,0.679423,-0.00430532,0.00511561,2.82164,
649,-0.0457107,0.332846,-0.202018,-0.215538,-0.0115735,0,0.312321,0,0.540727,0.966632,0.0336445,-0.055485,0.247815,0.562397,0.855423,-0.523826,-0.525062,-0.484994,-0.523772,0.151013,0.832083,2.34897,-0.558584,0.71978,0.499133,0.0765315,-0.514444,-1.45583,0.110936,0.00593545,-0.0236367,2.7611,-0.00863622,-0.405814,5.52338,
650,-0.0267375,0.201673,-0.341568,-0.275003,-0.0116144,0,0.283367,0,0.563836,0.970052,0.0440164,-0.0483069,0.233942,0.454762,0.821244,-0.523692,-0.526205,-0.293643,-0.524185,0.122893,1.16237,2.29395,-0.539398,0.259035,0.131237,-0.216512,-0.597657,-2.83519,-1.46518,0.00088378,-0.0161816,4.86972,-0.00347637,-0.712077,7.64112,
651,-0.000370929,0.00315268,-0.445233,0.00798622,-0.0116341,0,0.198514,0,0.582552,0.971693,0.0292152,-0.0895013,0.216678,0.254453,0.69939,-0.523681,-0.526242,-0.00458989,-0.524405,0.08334,1.26371,1.61712,-0.478622,0.143959,-1.1436,-1.38329,-0.612737,-5.16131,-3.39488,-4.37189e-06,-0.00143975,6.68163,-0.00926726,-0.872681,-1.08736,
652,0.0246346,-0.245295,-0.499865,0.00488459,-0.011625,0,0.0536547,0,0.573958,0.970932,0.010998,-0.12661,0.202828,-0.0781843,0.535116,-0.523685,-0.526353,0.357205,-0.524804,0.0405574,1.21105,1.49482,-0.408526,-0.486265,-1.01383,-1.21583,-0.223765,-8.11878,-3.17894,-3.90933e-05,-0.00291415,7.78047,-0.00566456,-0.839444,-1.01931,
653,0.0244287,-0.396422,0.0619793,0.042068,-0.0115311,0,-0.301595,0,0.539387,0.96309,0.000336813,-0.164943,0.212723,-0.565663,0.511978,-0.523708,-0.526113,0.578147,-0.524693,0.00305831,1.11643,1.88843,-0.250295,-0.656636,0.73901,-0.872705,0.967549,-9.19197,0.34827,0.0144207,0.0851444,-0.831142,0.016579,-0.659954,-2.76243,
654,0.054831,-0.331532,0.215385,0.105022,-0.0115091,0,-0.316605,0,0.506127,0.961258,0.0391006,-0.158411,0.222169,-0.571108,0.536455,-0.521503,-0.522525,0.483072,-0.523709,-0.02343,0.908762,2.16457,-0.672906,-0.878469,1.8214,0.113694,0.0433555,1.93406,0.632283,0.010725,-0.0174321,-2.95251,0.020648,-0.42335,-5.51679,
655,-0.00659921,-0.198169,0.342852,0.16521,-0.011523,0,-0.281605,0,0.485936,0.962416,0.0153671,-0.122625,0.24183,-0.439029,0.585379,-0.52383,-0.523348,0.288537,-0.523419,-0.0356275,0.579705,2.32838,0.135457,-0.304498,0.0219005,2.45502,0.79277,3.35859,1.33816,-0.0924596,-0.00565797,-4.89055,-0.00361249,-0.0499943,-7.65365,
656,2.62832e-05,0.000821845,0.445046,-0.0497616,-0.0115319,0,-0.195634,0,0.464687,0.963157,0.000732424,-0.0774608,0.257541,-0.212588,0.68124,-0.524085,-0.523504,-0.0011965,-0.523632,-0.0392655,0.479745,2.49252,0.130098,-0.542944,0.396268,1.74946,0.480299,5.67677,2.48488,0.0129176,0.000589123,-6.67807,0.00125849,-0.0928971,1.14735,
657,-0.0122716,0.24809,0.488274,-0.0562432,-0.011541,0,-0.0443935,0,0.430253,0.96392,0.00259599,-0.0398001,0.263189,0.143599,0.791487,-0.523429,-0.523566,-0.361279,-0.523439,-0.0433482,0.536113,3.25777,-0.20118,0.193037,0.517943,-0.441649,-0.753538,8.3105,1.67423,0.0412492,-0.00413414,-7.53634,0.0159702,-0.0550768,1.14678,
658,-0.0218403,0.390983,-0.0488721,-0.123961,-0.0116296,0,0.29326,0,0.501762,0.971315,0.0128229,-0.0489553,0.23235,0.593501,0.845007,-0.521977,-0.524477,-0.57016,-0.523309,-0.0476458,0.639004,3.52402,-0.2269,1.3354,0.420654,-0.303554,-1.41598,3.79661,0.78832,-0.0148168,-0.0261645,0.654897,-0.0140261,-0.12638,2.91793,
659,-0.0180514,0.332594,-0.200576,-0.220558,-0.0116941,0,0.311605,0,0.556064,0.976709,0.0227064,-0.0502295,0.207365,0.554658,0.860703,-0.524191,-0.525756,-0.484624,-0.52417,-0.0582371,0.852779,3.30862,-0.220627,0.847129,0.222606,-0.148167,-1.10671,-1.71121,-0.153528,-0.000196715,-0.0239477,2.74055,-0.0173779,-0.286848,5.61367,
660,-0.0100397,0.202171,-0.34052,-0.27663,-0.0117623,0,0.283233,0,0.585288,0.982404,0.0283159,-0.0500435,0.177697,0.434854,0.812653,-0.523819,-0.526903,-0.294368,-0.525061,-0.075515,1.18742,3.22881,-0.201998,0.31168,0.118892,0.0826199,-1.32645,-3.06924,-1.75604,0.00525686,-0.0224656,4.85275,-0.0179843,-0.404009,7.75353,
661,0.000172468,0.00317555,-0.446237,-0.0030343,-0.0118426,0,0.199076,0,0.615542,0.989113,0.0145052,-0.0516365,0.137038,0.222735,0.676176,-0.523704,-0.528174,-0.00462319,-0.526722,-0.0987175,1.24904,2.05899,0.220939,0.55275,-0.971716,0.00615042,-1.6738,-5.38721,-3.68994,0.000790376,-0.0255669,6.70073,-0.0384439,-0.502794,-0.743294,
662,-0.023332,-0.245981,-0.50087,-0.003743,-0.0118969,0,0.0537987,0,0.62987,0.993644,-0.00561263,-0.0520566,0.0996473,-0.120955,0.504725,-0.523689,-0.529492,0.358206,-0.5284,-0.123417,1.21315,1.9538,0.385836,0.051258,-0.681363,-0.0757805,-1.26592,-8.33484,-1.33969,0.000271381,-0.027828,7.80196,-0.0242262,-0.487538,-0.691391,
663,-0.0258104,-0.397107,0.0640012,0.0329394,-0.0119063,0,-0.302777,0,0.620869,0.994426,-0.0181357,-0.0610295,0.0840429,-0.587129,0.513242,-0.523625,-0.530785,0.579153,-0.529237,-0.152413,1.13446,2.54734,0.263999,-0.407699,-0.67375,-0.550547,-0.620928,-4.07397,0.444347,0.0167444,-0.0184801,-0.858365,-0.0158826,-0.655235,-2.43395,
664,-0.00391926,-0.330778,0.218914,0.0964588,-0.0119132,0,-0.317478,0,0.588354,0.995001,-0.0323122,-0.0766258,0.0552873,-0.554027,0.540978,-0.523845,-0.53159,0.48197,-0.529947,-0.188391,0.943176,2.73775,0.0481605,-0.900224,-0.612731,-0.484721,-1.06166,1.67947,0.661866,-0.00852418,-0.0159652,-3.00333,-0.0105215,-0.795186,-5.19862,
665,0.00476727,-0.19078,0.358504,0.15817,-0.0119087,0,-0.283717,0,0.531093,0.994626,-0.0429961,-0.0890351,0.0307229,-0.432491,0.590876,-0.523766,-0.532377,0.277776,-0.530204,-0.227839,0.628982,2.87092,-0.101644,-1.3897,-0.439618,-0.378625,-0.856261,3.17059,1.32796,0.00279226,-0.0155421,-5.14727,0.00106371,-0.782698,-7.35152,
666,-0.00226982,0.0177287,0.460145,-0.0395566,-0.0119414,0,-0.192143,0,0.471853,0.997361,-0.017913,-0.0604038,0.0360786,-0.214514,0.684284,-0.519713,-0.527984,-0.0258107,-0.530315,-0.266057,0.488338,2.71618,-0.520832,-1.2889,1.2889,1.2729,0.469902,5.55808,2.40603,0.0761534,0.123261,-6.96926,-0.00409981,-0.734024,0.76325,
667,-0.117453,0.269944,0.487889,-0.050205,-0.0119506,0,-0.0284179,0,0.430251,0.998131,-0.00748007,-0.036397,0.0485214,0.13394,0.786724,-0.517753,-0.522898,-0.393147,-0.521651,-0.302338,0.531064,3.57303,-1.77756,0.897154,-0.531571,-0.807212,-0.320767,8.1125,1.40545,0.0411779,0.0124961,-7.52834,0.552705,-0.700906,0.968723,
668,-0.154818,0.393606,-0.0721751,-0.121404,-0.0119519,0,0.303477,0,0.499828,0.998238,-0.00774609,-0.0563404,0.0169066,0.581706,0.836657,-0.516148,-0.524108,-0.574011,-0.52077,-0.356665,0.628031,3.52477,-1.61032,1.41455,0.185315,-0.373727,-1.28316,3.93935,0.704343,-0.0162016,-0.0386806,0.968533,-0.106122,-1.48697,2.88064,
669,-0.120424,0.324211,-0.224943,-0.217078,-0.0119504,0,0.315566,0,0.557866,0.998114,-0.00454022,-0.0610677,-0.00423681,0.551897,0.848728,-0.520017,-0.526,-0.47237,-0.526139,-0.457788,0.840437,3.33992,-1.51722,0.920319,-0.0395471,-0.168894,-0.87743,-1.60276,-0.214759,-0.119463,-0.0356706,3.09045,-0.1057,-2.54241,5.59572,
670,-0.0678883,0.18137,-0.363361,-0.269811,-0.0119446,0,0.27966,0,0.590058,0.997631,-0.0057209,-0.0600031,-0.0331639,0.433053,0.798253,-0.525085,-0.527745,-0.26407,-0.531461,-0.539199,1.17263,3.13537,-1.52493,0.35347,-0.155463,0.349324,-1.51698,-3.13652,-1.79285,0.0119757,-0.035171,5.228,-0.107599,0.165866,7.67518,
671,0.00458271,-0.0290827,-0.462251,0.01075,-0.0119318,0,0.185367,0,0.60714,0.996563,-0.00616287,-0.0469151,-0.0680008,0.213456,0.661429,-0.524013,-0.529921,0.0423406,-0.536812,-0.52756,1.26832,2.69268,-0.641021,0.36744,-0.300378,0.520023,-1.23953,-5.62266,-3.66758,0.0127979,-0.0477519,7.01057,-0.105743,0.137462,-1.23991,
672,0.0324005,-0.286806,-0.509838,0.0112021,-0.0119145,0,0.0301909,0,0.613608,0.99511,-0.00878289,-0.0321021,-0.0929931,-0.14465,0.501586,-0.523728,-0.532365,0.417745,-0.541593,-0.520153,1.20233,2.63266,-0.459512,-0.070722,0.0110703,0.352194,-0.764935,-8.67538,-0.80207,0.00191254,-0.050201,7.99597,-0.0807918,0.155882,-1.39789,
673,0.0812763,-0.385888,0.0661332,0.0540873,-0.0119162,0,-0.296236,0,0.598944,0.995252,-0.00651117,-0.0322755,-0.0915927,-0.599027,0.515431,-0.523538,-0.534669,0.562681,-0.545169,-0.507894,1.08164,3.12121,-0.857364,-0.537019,0.00396083,-0.322351,-0.444468,-2.51519,0.483929,0.0220264,-0.0388246,-0.887083,-0.0688276,0.360184,-3.40427,
674,0.0841388,-0.32,0.216217,0.117404,-0.0118871,0,-0.309451,0,0.559179,0.992824,-0.00569048,-0.0411356,-0.112139,-0.549195,0.548985,-0.523827,-0.536515,0.466216,-0.548451,-0.475155,0.845084,3.19088,-1.07137,-1.05635,0.141802,-0.299752,-0.797717,1.73516,0.853902,-0.0152699,-0.0369007,-2.96447,-0.0610016,0.93574,-6.04005,
675,0.0565229,-0.182345,0.352538,0.145069,-0.0118553,0,-0.275388,0,0.49325,0.990169,0.000422785,-0.0487004,-0.131122,-0.425315,0.612121,-0.523788,-0.53834,0.26549,-0.551211,-0.414303,0.491837,3.22903,-1.26224,-1.56249,0.192007,-0.356124,-0.764179,3.21057,1.66531,0.00355586,-0.0332324,-5.04881,-0.0501764,1.49338,-6.53264,
676,-0.00701548,0.0179879,0.435712,-0.0500852,-0.0118529,0,-0.178535,0,0.425417,0.989972,-0.020912,-0.03621,-0.134934,-0.205047,0.719211,-0.523742,-0.535781,-0.026188,-0.550119,-0.332197,0.487339,3.5677,-1.5866,-0.78676,-0.167776,3.21952,1.11871,5.54953,2.60292,-0.000212132,0.273907,-6.50218,0.135773,1.77232,1.11825,
677,-0.189228,0.253546,0.474966,-0.0640361,-0.0118582,0,-0.0323633,0,0.453587,0.990416,0.000461914,-0.0371121,-0.133037,0.128373,0.829216,-0.518498,-0.520407,-0.369234,-0.531912,-0.244709,0.547455,2.80498,-3.07224,0.958044,0.458139,-0.790421,-0.401797,7.98137,1.87962,0.0871676,0.0648551,-7.26382,0.488364,1.70068,1.26626,
678,-0.23999,0.393875,-0.0580432,-0.136754,-0.0118085,0,0.298499,0,0.490728,0.986264,0.011564,-0.0575117,-0.154411,0.574768,0.908559,-0.515621,-0.522767,-0.574406,-0.52012,-0.195361,0.655564,2.71299,-2.52367,0.570996,0.432366,0.453312,-1.13349,4.03335,1.29561,0.0092444,-0.0744833,0.778174,-0.0670568,0.285841,3.0315,
679,-0.164482,0.330938,-0.211252,-0.245204,-0.0117833,0,0.314629,0,0.508691,0.984158,0.0208694,-0.045303,-0.170132,0.551309,0.94671,-0.518218,-0.526352,-0.482204,-0.52377,-0.22556,0.875556,2.45003,-2.03871,0.492025,-0.90538,-0.402793,-0.700303,-1.45085,0.235844,-0.0946025,-0.056038,2.89314,-0.0722999,-1.49296,5.77392,
680,-0.087232,0.195096,-0.350346,-0.309623,-0.0117135,0,0.282909,0,0.533208,0.97833,-0.0332765,-0.0682644,-0.192623,0.442448,0.913039,-0.524351,-0.528262,-0.284062,-0.52741,-0.329008,1.21699,2.28972,-1.82335,0.275132,-2.51782,-1.74541,-0.88887,-2.89174,-1.56592,-0.0629867,-0.0272646,5.01282,-0.0736418,-2.62487,7.85293,
681,0.003315,-0.00808957,-0.451026,0.0107596,-0.0116529,0,0.193823,0,0.530993,0.973265,-0.0692376,-0.0731975,-0.206405,0.236566,0.780147,-0.52277,-0.528475,0.0117773,-0.531351,-0.473066,1.25839,2.03557,-1.66702,-0.163219,0.272922,1.68365,0.434251,-5.3396,-3.73353,0.0955282,0.0680342,6.79239,-0.0843846,-3.13239,-1.07404,
682,0.0550998,-0.259887,-0.504143,0.00540848,-0.0117141,0,0.0458813,0,0.519713,0.978373,-0.0599628,-0.0291132,-0.195816,-0.105828,0.599516,-0.520379,-0.524907,0.378479,-0.535152,-0.546674,1.20621,1.71071,-0.863081,-0.00775143,-1.0196,1.1377,0.566139,-8.33059,-3.49075,-0.00183372,0.0766382,7.87228,-0.0752064,0.465943,-0.941498,
683,0.115532,-0.393373,0.0680857,0.0425705,-0.0117786,0,-0.301834,0,0.511045,0.98376,-0.0710274,0.00417418,-0.164782,-0.573234,0.500969,-0.523368,-0.523027,0.573669,-0.538125,-0.514648,1.11244,2.06868,-1.19809,-0.221612,0.106309,1.15445,1.29144,-4.28894,0.329324,-0.0763519,-0.00899511,-0.913393,-0.0463784,0.819318,-2.79205,
684,0.117165,-0.32616,0.220106,0.103766,-0.0118057,0,-0.314953,0,0.488015,0.98603,-0.0638051,0.0316962,-0.150566,-0.551793,0.527822,-0.523945,-0.523581,0.475219,-0.540407,-0.453224,0.904424,2.10342,-1.46692,-0.720838,0.199354,1.12849,0.57988,1.48473,0.683893,0.00759644,-0.0120212,-3.02052,-0.044067,1.61872,-5.51149,
685,0.0752658,-0.186121,0.357728,0.16355,-0.0118531,0,-0.280262,0,0.458502,0.989989,-0.0414053,0.0053052,-0.134833,-0.440823,0.580606,-0.523732,-0.524305,0.270989,-0.541571,-0.3531,0.576244,1.33362,-1.64806,-0.617633,1.58272,-2.11329,0.640925,2.95477,1.41592,0.00195767,-0.016612,-5.13442,-0.00706912,2.38236,-7.601,
686,-0.0100788,0.0206699,0.450415,-0.0489458,-0.0118795,0,-0.184665,0,0.425553,0.992192,-0.0128118,-0.0493619,-0.113818,-0.23167,0.679496,-0.523644,-0.523167,-0.0300926,-0.541423,-0.223323,0.479012,1.54757,-1.98366,-0.372421,0.632292,-0.343644,1.7783,5.3701,2.50716,-0.0292571,0.0307723,-6.78064,0.0833462,2.77793,1.1767,
687,-0.197015,0.264479,0.480898,-0.0622962,-0.011934,0,-0.0280704,0,0.439883,0.996741,-0.0178244,-0.0411776,-0.0670353,0.105602,0.784495,-0.523007,-0.523345,-0.385175,-0.526723,-0.0896624,0.541087,2.12676,-3.06946,1.60025,-0.711072,-1.24468,0.476828,7.91935,1.47316,0.0542112,-0.0154251,-7.38431,0.68891,2.61358,1.33872,
688,-0.241123,0.39008,-0.0602781,-0.133388,-0.0118904,0,0.296836,0,0.515561,0.993103,-0.0289289,-0.0804295,-0.080251,0.559366,0.843145,-0.520675,-0.524489,-0.568835,-0.521148,0.00348668,0.654866,2.10694,-2.56091,1.36719,-0.25118,-0.88774,-1.15235,6.95669,0.892885,0.0173821,-0.0345745,0.808245,-0.0691654,1.1146,3.18539,
689,-0.185822,0.327144,-0.210162,-0.229813,-0.0118612,0,0.311751,0,0.569994,0.990663,-0.0370084,-0.0967464,-0.0886372,0.560304,0.862288,-0.523541,-0.526242,-0.476657,-0.524717,0.0131745,0.881432,1.90526,-2.33599,0.838461,-0.367573,-0.700896,-0.179186,-1.55054,-0.118703,-0.104145,-0.0335119,2.87751,-0.069564,-0.698236,5.85972,
690,-0.106209,0.192165,-0.348463,-0.240029,-0.0118286,0,0.280111,0,0.598263,0.987939,-0.0485659,-0.112487,-0.0946836,0.446539,0.814363,-0.524134,-0.527847,-0.279792,-0.528119,-0.0547848,1.2271,1.86498,-2.25669,0.260989,-0.383672,-0.476871,-0.287706,-2.98946,-1.78478,0.0142869,-0.0329721,4.98199,-0.0670839,-2.01108,6.53725,
691,0.0049723,-0.00985152,-0.449477,0.000747299,-0.0118265,0,0.191737,0,0.593348,0.987767,-0.0479896,-0.108847,-0.100826,0.23708,0.683227,-0.523754,-0.529912,0.0143425,-0.531398,-0.172261,1.25044,1.71509,-2.05324,-0.391722,0.0482684,0.432311,-0.143842,-5.36308,-3.44989,0.00277978,-0.0432338,6.76265,-0.0607858,-2.68205,-0.849298,
692,0.122867,-0.260137,-0.501135,0.00228464,-0.0118469,0,0.0437804,0,0.560998,0.989464,-0.0444403,-0.0953015,-0.0995125,-0.10606,0.514667,-0.523698,-0.532115,0.378844,-0.53397,-0.302271,1.20702,1.60479,-1.93054,-0.884711,0.163615,0.573385,0.292058,-8.3365,-2.7137,0.000383123,-0.0447752,7.80763,-0.0394555,-2.52095,-0.886433,
693,0.215229,-0.392761,0.0664543,0.0420239,-0.0118806,0,-0.30084,0,0.508106,0.992285,-0.0380932,-0.0921709,-0.073643,-0.573271,0.510232,-0.523624,-0.534231,0.57277,-0.535279,-0.403896,1.11621,2.00335,-2.26084,-1.23692,0.280702,-0.253128,0.891218,-4.28218,0.49009,0.0178316,-0.0348979,-0.891408,-0.022566,-1.53503,-2.72384,
694,0.127262,-0.326743,0.216779,0.103573,-0.0118964,0,-0.314044,0,0.456422,0.993602,-0.0140914,-0.0914935,-0.0646891,-0.552232,0.542156,-0.523723,-0.531681,0.476071,-0.536237,-0.439271,0.912938,1.62184,-1.59181,-0.596833,0.788686,-0.25701,0.32197,1.44827,0.792552,-0.0232688,0.132966,-2.97257,-0.0264798,0.080907,-5.33103,
695,0.0609882,-0.191402,0.344748,0.165569,-0.0119363,0,-0.277938,0,0.438677,0.996935,-0.0122936,-0.0623945,-0.0455639,-0.443186,0.598991,-0.523811,-0.522775,0.278681,-0.536005,-0.413118,0.593232,2.10757,-1.29772,-0.288939,-0.147825,2.08711,1.08549,2.90879,1.48129,0.00318335,0.160247,-4.92138,0.0331417,0.956435,-7.44463,
696,-0.0032196,0.00796875,0.444222,-0.0430477,-0.0119652,0,-0.190181,0,0.420827,0.999345,-0.0135591,-0.021214,-0.0259868,-0.238708,0.701588,-0.523625,-0.522671,-0.0116015,-0.534285,-0.355392,0.486753,2.06811,-1.6436,-0.199654,0.696629,-0.429758,-0.0723694,5.16991,2.58095,0.0180897,-0.02829,-6.66243,0.0591861,1.37033,0.921171,
697,-0.157611,0.247733,0.475061,-0.0537576,-0.0119475,0,-0.0366083,0,0.454818,0.997869,-0.0192662,-0.054924,-0.0294823,0.0852685,0.808542,-0.523974,-0.523411,-0.36076,-0.520371,-0.289249,0.5353,2.64,-2.60921,1.57854,-0.826733,-0.552498,0.236847,7.7945,1.72512,-0.00989456,-0.00352142,-7.26574,0.195527,1.26515,1.0004,
698,-0.206566,0.390643,-0.0476252,-0.124299,-0.0119236,0,0.292581,0,0.52431,0.995877,-0.0352252,-0.0744224,-0.038064,0.552365,0.881602,-0.523602,-0.523823,-0.569661,-0.521963,-0.255411,0.629425,2.6297,-2.17891,1.16972,-0.306741,-0.990772,-0.876895,8.84187,1.20202,0.00400688,-0.0156442,0.63815,-0.0728733,0.0964819,2.74625,
699,-0.159732,0.333264,-0.197964,-0.229168,-0.0119046,0,0.311041,0,0.568305,0.994287,-0.0448317,-0.0898501,-0.0361998,0.566454,0.917425,-0.523733,-0.524694,-0.485605,-0.525826,-0.289131,0.834593,2.33356,-1.96493,0.629771,-0.44906,-0.625726,0.231166,-1.66787,0.239611,0.00119778,-0.0161057,2.70338,-0.076207,-1.41759,5.44422,
700,-0.0969835,0.204214,-0.337918,-0.295422,-0.0118809,0,0.28344,0,0.586311,0.992309,-0.0589804,-0.103729,-0.0329289,0.449159,0.887076,-0.523687,-0.525431,-0.297344,-0.529575,-0.38736,1.16114,2.26393,-1.9378,0.0783505,-0.596375,-0.504485,0.0568211,-3.01236,-1.44027,0.000455372,-0.0138076,4.81067,-0.073701,-2.50411,7.59895,
701,-0.00328339,0.00757887,-0.442286,0.00883325,-0.0118793,0,0.200007,0,0.571896,0.992174,-0.0644691,-0.102461,-0.0305936,0.240463,0.76268,-0.523686,-0.526535,-0.0110338,-0.533105,-0.527233,1.26343,2.10144,-1.76238,-0.614355,-0.0154051,0.457604,0.162458,-5.31184,-3.52191,9.0543e-06,-0.0270392,6.62575,-0.0660255,-2.53668,-1.07658,
702,0.0949602,-0.239685,-0.498835,0.00602135,-0.0119191,0,0.0570394,0,0.531157,0.995501,-0.0505527,-0.0745838,-0.0293226,-0.0988176,0.592068,-0.523695,-0.526516,0.349028,-0.535909,-0.534888,1.21187,1.88685,-1.61621,-0.982062,1.00434,1.5971,0.187479,-8.23577,-3.30677,-8.23635e-07,0.0250912,7.75851,-0.0411734,0.382291,-0.98551,
703,0.0740828,-0.392993,0.0509991,0.035572,-0.0119357,0,-0.295352,0,0.502168,0.996888,-0.0491269,-0.0610465,-0.00861715,-0.562008,0.50019,-0.523529,-0.523722,0.573111,-0.538024,-0.501694,1.1265,1.73303,-0.76697,-0.0168841,0.250291,0.142896,0.892795,-4.40864,0.370574,0.0412089,0.151912,-0.683471,-0.0427876,0.953331,-2.43959,
704,0.0828637,-0.333289,0.20358,0.0964459,-0.0119529,0,-0.313206,0,0.494039,0.998321,-0.0323914,-0.0479224,0.00297516,-0.550253,0.527478,-0.522031,-0.52288,0.48564,-0.540008,-0.44129,0.935451,1.82598,-1.01286,-0.409245,0.828745,0.602705,0.430567,1.26633,0.666408,-0.0109454,-0.0238817,-2.78338,-0.0377533,1.44735,-5.17946,
705,0.0568872,-0.201337,0.343351,0.156986,-0.0119652,0,-0.283935,0,0.460312,0.999351,-0.00979758,-0.0315695,0.014317,-0.451568,0.577653,-0.524188,-0.524067,0.293152,-0.541796,-0.355894,0.621692,1.91234,-1.15052,-0.947375,1.03472,0.679406,0.41609,2.67071,1.33494,-0.0173397,-0.0235827,-4.89867,-0.0334898,1.96369,-7.35334,
706,0.000797826,-0.00223069,0.441277,-0.0390632,-0.0119653,0,-0.195725,0,0.404948,0.99936,-0.000797883,-0.0244754,0.0260698,-0.258626,0.671549,-0.523895,-0.524603,0.00324759,-0.543085,-0.250078,0.48524,2.21424,-1.45496,-1.10657,-1.16261,0.4983,1.25022,5.01575,2.39603,0.00602259,0.0101838,-6.60669,0.0254835,2.24728,0.864839,
707,-0.143224,0.229854,0.470365,-0.0466328,-0.0119552,0,-0.0466882,0,0.436431,0.998513,-0.00746286,-0.0404581,0.0357642,0.0460391,0.769116,-0.523674,-0.522284,-0.334701,-0.52629,-0.139501,0.529703,3.05113,-2.55186,1.20989,-0.37712,-1.14192,-0.0283106,7.41442,1.58649,0.00103819,-0.0344203,-7.17139,0.51255,2.17218,0.881906,
708,-0.208996,0.401608,-0.0348535,-0.108172,-0.011943,0,0.295099,0,0.489091,0.997497,-0.0154998,-0.0657925,0.0207477,0.493455,0.837021,-0.523494,-0.52415,-0.585768,-0.520336,-0.0586207,0.61477,3.01199,-2.14468,0.884525,-0.336798,-0.524919,-1.65317,10.4731,1.13633,0.00380941,-0.0453625,0.46677,-0.0903485,1.08397,2.5014,
709,-0.158979,0.342484,-0.203003,-0.21078,-0.011939,0,0.31893,0,0.519409,0.997161,-0.0229297,-0.0715552,0.00481195,0.564016,0.87256,-0.523862,-0.526495,-0.499089,-0.525007,-0.0448465,0.80997,2.66451,-1.90268,0.358782,-0.40854,-0.201514,-0.348446,-1.2762,0.293957,0.00436024,-0.0454561,2.77515,-0.0918623,-0.502543,5.28972,
710,-0.0951161,0.210103,-0.345557,-0.277907,-0.0119309,0,0.290731,0,0.524198,0.996485,-0.0339599,-0.0763668,-0.00567725,0.464912,0.848242,-0.523712,-0.528681,-0.305923,-0.529491,-0.098299,1.13067,2.61331,-1.84697,-0.178083,-0.511771,-0.123607,-0.451084,-2.67599,-1.25452,0.00137762,-0.0423533,4.93456,-0.087382,-1.62779,7.51882,
711,-0.0024918,0.00821386,-0.451936,0.00928805,-0.0119277,0,0.205706,0,0.509135,0.996219,-0.0443938,-0.072699,-0.0170558,0.271089,0.736178,-0.523573,-0.530487,-0.0119583,-0.533939,-0.195453,1.26502,1.92654,-1.2341,-0.134442,0.120304,0.847143,-0.131073,-5.07082,-3.20581,0.014053,0.0265024,6.80988,-0.0926033,-2.25853,-1.01494,
712,0.0420213,-0.245714,-0.508577,0.00354591,-0.0119358,0,0.0589307,0,0.509512,0.99689,-0.0486113,-0.0601418,-0.0151633,-0.0587613,0.581498,-0.523759,-0.527829,0.357816,-0.538335,-0.306713,1.21834,1.41932,-0.695936,-0.0616604,0.00835333,0.61317,0.295032,-8.09244,-2.98772,0.00043509,0.0785516,7.96844,-0.0771223,-2.18503,-0.855714,
713,0.0363926,-0.399292,0.0696961,0.0374448,-0.0119407,0,-0.30627,0,0.505819,0.997301,-0.0480506,-0.0541659,0.0121818,-0.546692,0.506631,-0.523731,-0.523212,0.582364,-0.541595,-0.406896,1.13376,1.63484,-0.370266,-0.0378706,0.338094,-0.330974,1.75921,-9.30732,0.289885,0.0076275,0.0699781,-0.935102,-0.0564752,-1.82674,-2.51319,
714,0.0648206,-0.330427,0.224514,0.098896,-0.011938,0,-0.319415,0,0.495263,0.997076,-0.0370212,-0.060304,0.028848,-0.566575,0.528507,-0.523214,-0.523196,0.481456,-0.544327,-0.48819,0.938377,1.83818,-0.79849,-0.426545,0.698386,-0.12633,0.540076,1.68966,0.564692,-0.0220892,-0.0152498,-3.08423,-0.0511408,-1.44904,-5.2871,
715,0.0429417,-0.187604,0.363367,0.157845,-0.0119369,0,-0.283816,0,0.461054,0.996986,-0.0178618,-0.0617194,0.0434784,-0.443417,0.574151,-0.523888,-0.523963,0.27315,-0.546696,-0.532765,0.619939,1.92387,-0.931644,-0.948747,0.904261,-0.0403043,0.466571,3.22668,1.25454,0.00459162,-0.0156612,-5.2281,-0.0433873,0.0600258,-7.43292,
716,-0.00484338,0.018837,0.449056,-0.0405381,-0.0119309,0,-0.185203,0,0.425137,0.996481,-0.00767734,-0.0378668,0.0743831,-0.220877,0.663742,-0.523761,-0.522587,-0.0274241,-0.546285,-0.521514,0.483866,2.47642,-1.04598,-0.476964,-0.11236,1.96751,2.16942,5.65279,2.31492,0.00137012,-0.0083773,-6.75458,0.0725061,0.344693,0.908167,
717,-0.141092,0.262488,0.480491,-0.0526109,-0.0119069,0,-0.0292573,0,0.443047,0.994477,-0.00763501,-0.045505,0.0942735,0.122143,0.759181,-0.520646,-0.523295,-0.382272,-0.532861,-0.504315,0.533984,3.27923,-2.2006,1.36849,-0.696896,-0.651085,0.268142,8.08417,1.47017,0.0646119,-0.0114384,-7.376,0.548597,0.325515,1.08564,
718,-0.167515,0.389011,-0.0567201,-0.12069,-0.0118998,0,0.294837,0,0.502705,0.993885,-0.0173741,-0.0673418,0.0857706,0.574052,0.819805,-0.518589,-0.52412,-0.567265,-0.519613,-0.51323,0.634903,2.99286,-1.76556,0.986686,-0.00818422,-0.926407,-0.325499,4.09619,0.952003,-0.00581342,-0.0267806,0.760377,-0.0789906,-0.686969,2.92847,
719,-0.138545,0.327506,-0.207293,-0.215533,-0.0118842,0,0.310881,0,0.538514,0.99258,-0.0186889,-0.0840096,0.0859002,0.551485,0.844052,-0.521886,-0.525469,-0.477186,-0.523961,-0.529024,0.848863,2.72117,-1.73066,0.46306,-0.22849,-0.589114,-0.129114,-1.44199,0.0253839,-0.106693,-0.0256185,2.83642,-0.0872967,0.114462,5.6108,
720,-0.0821064,0.193944,-0.345815,-0.271706,-0.0118751,0,0.280112,0,0.547913,0.991825,-0.0245461,-0.0969642,0.0792426,0.443577,0.805717,-0.524209,-0.526701,-0.282385,-0.52828,-0.524977,1.18251,2.62759,-1.72591,-0.0980981,-0.341215,-0.364962,-0.369004,-2.86245,-1.54617,0.0116532,-0.0240887,4.93877,-0.0850448,0.0373551,7.71712,
721,0.00220741,-0.00655044,-0.447566,0.0180024,-0.0118865,0,0.193,0,0.52514,0.992773,-0.0220608,-0.0926607,0.073003,0.240768,0.680507,-0.523786,-0.528343,0.00953658,-0.532305,-0.524053,1.2725,2.26865,-1.37087,-0.55529,-0.137238,0.20272,-0.164677,-5.22826,-3.448,0.00383771,-0.0347131,6.72608,-0.0787026,0.00319429,-1.37629,
722,0.0499008,-0.256266,-0.501096,0.0117805,-0.0118908,0,0.0465416,0,0.506188,0.993133,-0.0272663,-0.0882712,0.0717753,-0.0959144,0.515692,-0.523707,-0.527934,0.3732,-0.536126,-0.523392,1.20739,1.69679,-0.792558,-0.346573,0.414368,0.615086,0.128795,-8.21196,-2.60347,0.000476145,0.0622866,7.80679,-0.0650115,0.0128092,-1.2615,
723,0.0432564,-0.390833,0.0599199,0.046571,-0.0118643,0,-0.297197,0,0.504823,0.990918,-0.0234351,-0.0941998,0.093049,-0.558913,0.511071,-0.523637,-0.523133,0.569939,-0.539126,-0.516091,1.10462,1.8129,-0.449777,-0.08133,0.531955,-0.449327,0.667872,-4.45055,0.477799,0.0169685,0.0572811,-0.803424,-0.0531137,0.316381,-2.93444,
724,0.0525828,-0.327776,0.210815,0.109221,-0.0118488,0,-0.312412,0,0.489077,0.989623,-0.00884339,-0.105416,0.0972357,-0.549465,0.542976,-0.52378,-0.523242,0.47758,-0.541675,-0.492319,0.890145,1.99582,-0.652683,-0.565463,0.646862,-0.470822,0.0933114,1.24617,0.794334,-0.00851344,-0.0151427,-2.88688,-0.0475258,0.621132,-5.62702,
725,0.0181172,-0.194355,0.33457,0.17241,-0.0118397,0,-0.275386,0,0.460558,0.988869,0.0038286,-0.0978997,0.111981,-0.451135,0.6014,-0.523769,-0.523502,0.282983,-0.542964,-0.453274,0.55561,2.4571,-0.379213,-0.18536,0.142382,1.85054,1.61812,2.6563,1.52823,-5.46846e-06,0.00478999,-4.75674,0.0344542,0.909709,-7.73455,
726,0.000197859,-0.00193778,0.433395,-0.0401161,-0.0118127,0,-0.191288,0,0.452122,0.986614,-0.00843042,-0.0572756,0.152451,-0.260599,0.707595,-0.523714,-0.523477,0.00282116,-0.540718,-0.406054,0.495792,2.6728,-0.415368,-0.306399,-0.0893022,1.57854,1.64077,4.94617,2.70682,0.00130435,-0.0025748,-6.459,0.0509789,0.985499,0.763316,
727,-0.0767858,0.236984,0.475088,-0.0468794,-0.0117715,0,-0.0443694,0,0.445112,0.983167,-0.00205486,-0.0535547,0.174669,0.0535913,0.82833,-0.52136,-0.523525,-0.345092,-0.535094,-0.357046,0.533392,3.32594,-1.3204,1.17512,0.157996,-1.21478,0.116905,7.4053,1.86656,0.110162,-0.000876512,-7.26628,0.461177,0.973827,0.770892,
728,-0.106304,0.38355,-0.0249607,-0.116973,-0.0117774,0,0.279606,0,0.521951,0.983659,-0.00695457,-0.068039,0.166543,0.498009,0.903153,-0.517386,-0.523877,-0.55925,-0.519717,-0.322778,0.614955,3.37647,-1.13004,1.36888,-0.303767,-0.415703,-1.05768,10.4241,1.26123,0.0590293,-0.011587,0.334182,-0.0679669,0.407822,2.46492,
729,-0.087216,0.337698,-0.171168,-0.224059,-0.0117799,0,0.303736,0,0.576087,0.983869,-0.015057,-0.0692614,0.16425,0.565199,0.943103,-0.518653,-0.52459,-0.492088,-0.523799,-0.323067,0.805064,2.96105,-1.05235,0.832154,-0.421181,0.0812288,0.140392,-1.31717,0.346598,-0.0768899,-0.0136338,2.3254,-0.0818722,-0.397108,5.12379,
730,-0.0572968,0.222221,-0.312022,-0.296991,-0.0117763,0,0.284139,0,0.604665,0.983572,-0.0279026,-0.0683647,0.164722,0.469878,0.918903,-0.52408,-0.525218,-0.323578,-0.527815,-0.358151,1.11683,2.89455,-1.04986,0.301672,-0.546886,0.186887,-0.0484857,-2.48537,-1.30136,-0.0616073,-0.0119336,4.39897,-0.0784642,-1.00195,7.32802,
731,-0.00915064,0.0393075,-0.421397,-0.00221414,-0.0117882,0,0.211053,0,0.602712,0.984569,-0.035803,-0.0522772,0.163124,0.291655,0.800981,-0.524032,-0.526189,-0.0572265,-0.531587,-0.41739,1.25723,2.68015,-0.947044,-0.349954,0.0298177,1.13144,0.0330578,-4.62391,-3.40053,0.0116686,-0.0253318,6.23813,-0.0704771,-1.36405,-0.767735,
732,0.0438607,-0.195895,-0.484055,-0.0071562,-0.0117929,0,0.0793669,0,0.573417,0.984955,-0.0393276,-0.0197995,0.16711,-0.0104147,0.634298,-0.523738,-0.527552,0.285226,-0.534621,-0.48559,1.22354,2.49675,-0.911318,-0.810966,0.112864,1.43474,0.401602,-7.4343,-3.27002,0.00204059,-0.0288351,7.44907,-0.0489236,-1.36456,-0.51839,
733,0.0278091,-0.396987,-0.016507,0.0201459,-0.0117274,0,-0.273238,0,0.543637,0.979491,-0.0575542,-0.0115661,0.192748,-0.461811,0.506467,-0.523709,-0.528636,0.578977,-0.53688,-0.533372,1.16896,2.23709,-0.284539,-0.626864,-0.955746,-0.424221,2.16848,-10.6011,-0.241721,-0.000118605,-0.0147518,0.220963,-0.0399612,0.00226127,-1.72848,
734,0.0424414,-0.351954,0.170017,0.0814026,-0.0116485,0,-0.312565,0,0.504765,0.9729,-0.069666,-0.0190345,0.219657,-0.587823,0.519953,-0.523222,-0.5276,0.512947,-0.538637,-0.522378,1.01205,2.61679,-0.490323,-0.749212,1.13513,0.796581,0.522962,1.77042,0.393745,-0.00735603,0.12392,-2.3093,-0.0202581,0.336594,-4.54472,
735,0.0348602,-0.236057,0.31474,0.140484,-0.0116351,0,-0.294459,0,0.45579,0.971776,-0.0390679,0.0144932,0.232194,-0.470831,0.554093,-0.5239,-0.522661,0.343741,-0.539501,-0.498428,0.725668,2.66916,-0.600869,-1.16741,1.78718,0.529511,0.58526,2.89269,0.967254,0.0035446,-0.00156612,-4.44162,-0.0117241,0.618619,-6.88624,
736,0.00954757,-0.0509127,0.423333,-0.0216765,-0.0116107,0,-0.220101,0,0.404515,0.969739,0.0201505,-0.0118209,0.243025,-0.274369,0.626711,-0.523727,-0.523331,0.0741222,-0.53888,-0.461757,0.464762,2.82198,-0.76289,-0.751956,-0.00377521,-0.860137,0.923289,4.97644,1.9102,0.00103008,-0.00840834,-6.27346,0.0530463,0.822663,0.286982,
737,-0.0453378,0.180026,0.464939,-0.0412491,-0.0115475,0,-0.079376,0,0.416134,0.964459,0.00193014,-0.0306489,0.262442,0.0370928,0.707227,-0.523623,-0.523337,-0.262112,-0.525661,-0.420289,0.511813,4.04805,-1.02512,1.59889,0.136787,-0.489294,0.241027,7.34387,1.26916,-0.0101728,0.00432936,-7.06356,0.53861,0.847903,0.853249,
738,-0.0814961,0.398795,0.10678,-0.0865616,-0.0115488,0,0.240633,0,0.487256,0.964569,0.00892477,-0.0465636,0.259537,0.479543,0.760537,-0.523623,-0.523551,-0.581634,-0.5216,-0.386684,0.586575,3.9474,-0.831678,1.19255,0.238411,-0.749565,-1.00856,10.3542,0.874272,0.00926378,-0.0109227,-1.4374,-0.057902,0.513871,2.12068,
739,-0.0700825,0.362566,-0.155623,-0.179405,-0.0115582,0,0.314046,0,0.533355,0.965353,0.0177249,-0.0535643,0.254777,0.559972,0.787194,-0.523824,-0.524304,-0.528487,-0.524752,-0.377069,0.762658,3.46164,-0.786669,0.680436,0.167976,-0.285735,-0.00352175,-1.00899,0.199385,0.00365415,-0.0145058,2.10866,-0.0631936,-0.113467,4.90667,
740,-0.0490385,0.25316,-0.303547,-0.246454,-0.0115617,0,0.300964,0,0.554693,0.965644,0.0212365,-0.0588049,0.252237,0.482601,0.763987,-0.523701,-0.524974,-0.368671,-0.527852,-0.395197,1.0684,3.39308,-0.788407,0.162828,0.0111096,-0.160342,-0.21451,-2.07689,-1.11709,0.00111692,-0.0127241,4.26681,-0.0605458,-0.60818,7.30243,
741,-0.0100941,0.0722059,-0.422493,0.00525174,-0.011591,0,0.234345,0,0.57346,0.968098,-0.0119282,-0.0890864,0.233896,0.326528,0.663894,-0.523677,-0.524773,-0.105123,-0.53156,-0.436454,1.28256,2.37262,-0.56871,0.428191,-2.36715,-1.19053,-0.738946,-4.16004,-2.86242,-0.000111915,0.00774447,6.25811,-0.0834228,-1.01985,-0.988779,
742,0.0214885,-0.166688,-0.493694,0.000162259,-0.0115812,0,0.106247,0,0.579943,0.967277,-0.0539777,-0.122051,0.21579,0.0467444,0.525287,-0.523673,-0.523628,0.242689,-0.535658,-0.488002,1.23029,2.18722,-0.524479,0.0479095,-0.21558,0.826581,-0.280228,-7.01972,-2.67976,0.00079432,0.119021,7.64969,-0.0752256,-1.03823,-0.811483,
743,0.0376089,-0.405435,-0.111883,0.0248967,-0.0116182,0,-0.243163,0,0.577544,0.970369,-0.0457445,-0.0922307,0.218598,-0.385777,0.511402,-0.523685,-0.522985,0.591393,-0.538406,-0.53047,1.15969,2.32934,-0.37681,-0.207022,0.702065,0.8636,1.14603,-10.2672,0.394302,-0.00113441,-0.0182775,1.50694,-0.0420984,-0.180148,-1.99384,
744,0.0559362,-0.364315,0.167833,0.0883602,-0.0116078,0,-0.31973,0,0.557375,0.9695,-0.033916,-0.0739573,0.231193,-0.574204,0.53506,-0.523413,-0.523651,0.53105,-0.540427,-0.52309,0.988581,2.811,-0.624475,-0.632944,0.682169,0.476632,-0.118892,1.14029,0.554091,-0.0136735,-0.01109,-2.27876,-0.03899,0.309572,-4.83005,
745,0.0417169,-0.248526,0.316455,0.15299,-0.0116278,0,-0.303385,0,0.512723,0.971167,-0.017136,-0.0574792,0.230733,-0.488251,0.578297,-0.523795,-0.524231,0.361916,-0.542228,-0.498007,0.686214,2.94037,-0.683064,-1.15955,0.934719,0.517311,-0.00796177,2.28922,1.17013,0.00263273,-0.0121245,-4.4686,-0.0327612,0.690024,-7.24499,
746,0.0127865,-0.0610078,0.432451,-0.0388125,-0.0116367,0,-0.231809,0,0.444266,0.971913,-0.00278897,-0.0490738,0.230149,-0.318856,0.663506,-0.523695,-0.524467,0.0888195,-0.543817,-0.456892,0.468599,3.11315,-0.85265,-1.53364,0.0616562,-0.313309,-0.0932613,4.47206,2.22902,0.000944784,0.00685968,-6.44144,-0.030817,0.953023,0.818353,
747,-0.0609258,0.17403,0.475857,-0.0424983,-0.0116036,0,-0.090136,0,0.422471,0.969148,0.000397643,-0.0317527,0.244424,-0.0306686,0.75686,-0.523445,-0.522347,-0.253381,-0.533137,-0.409331,0.516473,4.18976,-1.42583,0.77606,-0.101342,-0.760644,0.19805,6.97626,1.39007,0.00575193,-0.0251147,-7.28183,0.532633,0.974455,0.791202,
748,-0.121647,0.399369,0.111131,-0.0881103,-0.01161,0,0.239357,0,0.47052,0.969678,0.00825382,-0.0527473,0.238483,0.394024,0.810038,-0.523728,-0.524115,-0.582477,-0.5188,-0.372325,0.58724,4.15999,-1.24303,0.930851,0.233878,-0.465465,-1.31356,10.0314,0.811867,0.00523143,-0.0461178,-1.49668,-0.093121,0.530483,2.02022,
749,-0.101128,0.363238,-0.155341,-0.185288,-0.0116613,0,0.314376,0,0.504083,0.973965,0.0166868,-0.0561605,0.218998,0.575229,0.833217,-0.523699,-0.526543,-0.529472,-0.524043,-0.368933,0.758603,3.69297,-1.13506,0.418626,0.185013,-0.022988,-0.323962,-1.18596,0.12517,0.000155206,-0.0482118,2.10475,-0.106194,-0.387955,4.81435,
750,-0.0620317,0.253872,-0.304274,-0.256262,-0.0116891,0,0.301737,0,0.515854,0.976286,0.0148826,-0.0595008,0.207615,0.489299,0.805253,-0.523677,-0.528734,-0.369709,-0.529298,-0.406497,1.06023,3.19997,-0.994983,0.41129,-1.61143,-0.937223,-0.818392,-2.238,-1.23761,0.000506992,-0.0264258,4.2781,-0.110538,-1.14749,7.26123,
751,-0.0120662,0.0726018,-0.422847,0.00290151,-0.0117066,0,0.234798,0,0.538066,0.977754,-0.0353609,-0.102219,0.179719,0.324809,0.69787,-0.52356,-0.52915,-0.105699,-0.535273,-0.47547,1.27781,2.44612,-0.67612,0.432619,-1.18721,-0.0331723,-0.628916,-4.34821,-3.0288,0.019939,0.0681555,6.26457,-0.127834,-1.58783,-0.847749,
752,0.0276111,-0.16659,-0.493928,-0.00171945,-0.011752,0,0.106462,0,0.552234,0.981538,-0.0417122,-0.0758527,0.170554,0.0353143,0.550617,-0.523844,-0.52323,0.242546,-0.54132,-0.53699,1.23092,2.19887,-0.674379,0.0556943,0.0696698,1.41635,-0.236107,-7.19307,-2.87219,-0.0134935,0.098889,7.65462,-0.109952,-0.00375664,-0.688979,
753,0.0541951,-0.405409,-0.111972,0.0231339,-0.0117691,0,-0.243111,0,0.545794,0.982971,-0.0410818,-0.0454465,0.173246,-0.405418,0.510134,-0.5238,-0.523081,0.591354,-0.545895,-0.524352,1.1667,2.39333,-0.543303,-0.316438,0.274863,0.815828,1.23424,-10.4282,0.341424,0.00248108,-0.0159503,1.50816,-0.0776394,0.334601,-1.86806,
754,0.0765898,-0.364337,0.167703,0.0862459,-0.0117495,0,-0.319695,0,0.51873,0.981335,-0.0388469,-0.030171,0.185908,-0.584316,0.530924,-0.52334,-0.523624,0.531082,-0.549673,-0.49781,1.00175,2.8607,-0.855786,-0.784368,0.225339,0.483217,-0.104851,1.46474,0.491557,-0.0101269,-0.00877721,-2.27695,-0.073449,0.7263,-4.70975,
755,0.0569538,-0.248623,0.316291,0.149869,-0.0117602,0,-0.303378,0,0.466406,0.982228,-0.0326534,-0.016179,0.184117,-0.482524,0.570694,-0.523813,-0.5241,0.362057,-0.553152,-0.448668,0.705244,2.97569,-0.932654,-1.31393,0.475329,0.545604,-0.0293076,2.59859,1.09398,0.00269273,-0.0102688,-4.46601,-0.0653512,1.23443,-7.1307,
756,0.0239058,-0.0612678,0.430451,-0.0265784,-0.011766,0,-0.230944,0,0.406049,0.982711,-0.000524475,-0.0200645,0.184052,-0.300288,0.651078,-0.522065,-0.522742,0.0891979,-0.555687,-0.37812,0.481938,2.8784,-1.58758,-0.737128,2.06811,-1.16668,0.153265,4.61482,2.08284,0.0926265,0.0441295,-6.40437,-0.0166035,1.58081,0.437734,
757,-0.07515,0.17403,0.479875,-0.0326791,-0.0117282,0,-0.0925447,0,0.432002,0.979555,-0.00208256,-0.0408592,0.196973,-0.00582462,0.740192,-0.519784,-0.5231,-0.253381,-0.54681,-0.297792,0.514982,3.86514,-1.75986,1.17144,-0.418709,-0.418319,0.51269,7.19354,1.52854,-0.000670015,-0.0139184,-7.36342,0.32245,1.65079,0.48345,
758,-0.150519,0.40285,0.107914,-0.0787018,-0.0117069,0,0.242935,0,0.482638,0.977772,-0.0059108,-0.060546,0.20065,0.431987,0.807223,-0.521198,-0.523844,-0.587593,-0.529953,-0.230453,0.57056,3.80455,-1.52874,0.823202,0.0768272,-1.15506,-0.852543,10.3058,1.15779,-0.0347275,-0.0218456,-1.45284,0.343192,1.06412,1.72513,
759,-0.122884,0.363418,-0.163495,-0.180475,-0.0117004,0,0.317532,0,0.510531,0.977233,0.0018287,-0.0815145,0.195877,0.574868,0.849001,-0.524652,-0.525141,-0.529735,-0.521501,-0.206495,0.728135,3.33161,-1.38083,0.310457,0.0493859,-0.745275,0.209477,-1.30686,0.523282,-0.00285693,-0.0258892,2.2182,-0.0378164,-0.0913677,4.5592,
760,-0.0771012,0.251349,-0.308524,-0.257954,-0.0117189,0,0.301873,0,0.517596,0.978774,-0.00286578,-0.0780856,0.189463,0.481637,0.841164,-0.523936,-0.526657,-0.366031,-0.523544,-0.232462,1.01681,3.24082,-1.25,-0.097148,-0.263831,0.441736,-0.418319,-2.41553,-0.82245,0.00993684,-0.030718,4.34428,-0.0393212,-0.952118,6.97109,
761,-0.013475,0.0681387,-0.426329,-0.0130151,-0.0117246,0,0.233527,0,0.517996,0.979253,-0.0298619,-0.0938675,0.177089,0.307747,0.75376,-0.523684,-0.527026,-0.0992012,-0.525617,-0.293533,1.28168,2.21209,-0.804528,0.368236,-1.01125,-0.4152,-0.307706,-4.54113,-2.64405,0.00721873,0.086419,6.32836,-0.0494102,-1.49531,-0.294886,
762,0.0313211,-0.173209,-0.496444,0.0010835,-0.011751,0,0.103285,0,0.529219,0.98146,-0.0270694,-0.0769315,0.173449,0.00831993,0.622482,-0.52365,-0.522745,0.252185,-0.527709,-0.368873,1.23547,2.00657,-0.735808,0.00427674,0.425198,0.907197,0.0189674,-7.4023,-2.61767,-0.00109034,-0.00859599,7.70773,-0.0315379,-1.51969,-0.776254,
763,0.0298489,-0.386659,-0.0492987,0.0235889,-0.0117329,0,-0.254174,0,0.525938,0.979944,-0.0259193,-0.0613883,0.187801,-0.443366,0.507405,-0.523697,-0.523432,0.563812,-0.528844,-0.438196,1.16817,1.85386,-0.313637,0.000419744,-0.247892,-0.351348,1.7468,-10.6552,-0.574546,-0.000764128,-0.0093222,0.660626,-0.0194271,-1.27961,-1.8685,
764,0.0548805,-0.354972,0.139297,0.0814652,-0.0116741,0,-0.303033,0,0.515193,0.975036,-0.0309445,-0.077382,0.205814,-0.581528,0.518353,-0.523375,-0.52366,0.517367,-0.529756,-0.494366,1.00668,2.28974,-0.62887,-0.452448,-0.259902,-0.678903,0.230518,1.5337,0.409211,-0.0178912,-0.00303936,-1.88278,-0.0168526,-0.976196,-4.57402,
765,0.0400093,-0.254649,0.283851,0.140629,-0.0116615,0,-0.293729,0,0.48801,0.973987,-0.0122936,-0.0732169,0.214098,-0.481853,0.553163,-0.523796,-0.523316,0.370842,-0.530126,-0.529081,0.717871,2.36553,-0.639305,-0.780029,1.05714,0.154402,0.297746,2.45262,0.979505,0.00263434,-0.00718623,-3.96409,-0.00401428,-0.116582,-6.94796,
766,0.0119462,-0.0855038,0.396069,-0.028071,-0.0116428,0,-0.230197,0,0.438985,0.972425,0.00614646,-0.0683052,0.222904,-0.310533,0.626697,-0.5237,-0.523577,0.124483,-0.530185,-0.522603,0.455987,2.69086,-0.568389,-0.766419,-0.396575,0.698181,0.906092,4.3722,1.94221,-0.00127989,0.00401889,-5.78625,0.0344612,0.255003,0.489417,
767,-0.021065,0.131762,0.460278,-0.0416975,-0.0115694,0,-0.111328,0,0.415641,0.966292,0.00194346,-0.0170793,0.256876,-0.0276891,0.715145,-0.523378,-0.523475,-0.191833,-0.525135,-0.508897,0.508661,3.25939,-0.650439,-0.373211,0.870251,-0.662061,0.111801,6.82906,1.5431,0.047326,-0.0026939,-6.97187,0.141963,0.33515,0.85349,
768,-0.0933699,0.370528,0.397719,-0.0765649,-0.01159,0,0.0945875,0,0.459773,0.968014,0.0102988,-0.0332402,0.248472,0.377301,0.763711,-0.521972,-0.524067,-0.540154,-0.521586,-0.496188,0.57642,4.10267,-1.02674,1.39885,-0.154581,-0.316928,-0.685155,9.48587,0.590535,-0.00079189,-0.0198539,-5.81514,-0.0487391,0.177727,1.82424,
769,-0.0778651,0.377277,-0.0891682,-0.161588,-0.0116429,0,0.299051,0,0.516897,0.972427,0.00972696,-0.0336013,0.230571,0.573063,0.778245,-0.524104,-0.525369,-0.550048,-0.524198,-0.503996,0.732869,3.5309,-0.840091,0.892638,-0.0972761,0.206531,-0.276813,-0.987984,-0.000791449,-0.038447,-0.0268916,1.19822,-0.0549088,-0.500494,4.41655,
770,-0.0634194,0.300197,-0.239134,-0.231114,-0.0116751,0,0.305521,0,0.549227,0.975122,0.00390595,-0.0288963,0.219743,0.507779,0.748514,-0.523942,-0.526634,-0.437291,-0.526936,-0.52884,1.01742,3.45757,-0.860079,0.389731,-0.277132,0.323521,-0.668659,-1.59532,-1.17944,0.0091716,-0.0242569,3.29705,-0.0552426,-0.000177032,6.94426,
771,-0.0208566,0.151144,-0.371668,-0.0125147,-0.0117429,0,0.263219,0,0.577796,0.980781,-0.0459685,-0.0429615,0.18469,0.387297,0.647797,-0.523711,-0.526828,-0.220054,-0.530575,-0.525263,1.28391,2.70446,-0.561411,0.566397,-2.57052,-0.471636,-1.36216,-3.23026,-2.81657,0.00120762,-0.00151443,5.36732,-0.0772223,0.0521917,-0.327496,
772,0.00798069,-0.0615063,-0.461579,-0.00476923,-0.0117529,0,0.162127,0,0.591827,0.981621,-0.0974344,-0.0578666,0.153554,0.162046,0.51513,-0.52338,-0.526348,0.0895452,-0.534419,-0.523921,1.23854,2.49108,-0.527851,0.199094,-0.554964,1.42738,-0.502871,-5.78177,-1.13445,0.0432294,0.0814988,6.99738,-0.0759103,0.00898312,-0.593506,
773,0.0347013,-0.315753,-0.501479,0.00414901,-0.0117783,0,0.00398708,0,0.594309,0.983739,-0.1052,-0.0130357,0.144988,-0.204369,0.516643,-0.522966,-0.52288,0.46001,-0.537507,-0.522139,1.19795,2.35524,-0.446948,-0.154157,0.0118294,1.92324,0.0539297,-8.84273,0.253732,-0.03912,-0.00221338,7.815,-0.0467357,0.0618748,-1.02062,
774,0.0624869,-0.386734,0.0789411,0.0529721,-0.0117378,0,-0.301472,0,0.575214,0.980356,-0.112598,0.0296882,0.159195,-0.599231,0.529326,-0.523888,-0.523401,0.563922,-0.539433,-0.513904,1.0905,2.98782,-0.657113,-0.596517,-0.186445,1.37473,0.0438025,-0.440035,0.26049,0.0165422,-0.00761594,-1.05987,-0.0373162,0.295366,-3.25203,
775,0.0936016,-0.314242,0.2306,0.115371,-0.011745,0,-0.311308,0,0.550068,0.980959,-0.100653,0.0293232,0.163492,-0.536238,0.553064,-0.523693,-0.523932,0.457804,-0.540673,-0.488175,0.861229,2.16482,-1.21445,-0.28911,1.34214,-2.07229,0.613231,1.67967,0.693759,-0.000192508,-0.0154901,-3.17254,-0.00682944,0.726767,-5.89729,
776,0.0549534,-0.169322,0.365432,0.141945,-0.0117522,0,-0.272552,0,0.522756,0.98156,-0.0565353,-0.0118645,0.182217,-0.412395,0.607942,-0.523682,-0.524731,0.246524,-0.540756,-0.4357,0.516038,2.32834,-1.32153,-0.784885,1.40927,-1.98884,0.614354,3.26337,1.49495,0.000247432,-0.0139179,-5.26259,0.00283927,1.36724,-6.48515,
777,-0.0141115,0.0410964,0.459812,-0.044062,-0.0117069,0,-0.175539,0,0.478503,0.977773,-0.0218316,-0.064453,0.198316,-0.186409,0.706814,-0.523667,-0.524126,-0.0598309,-0.540456,-0.358908,0.494512,2.44364,-1.39695,-0.900858,2.22295,-1.61043,0.388968,5.74277,2.45185,0.000247367,0.10118,-6.96276,0.0161172,1.70258,0.865333,
778,-0.117481,0.290266,0.481007,-0.0591852,-0.011619,0,-0.00956751,0,0.448011,0.970432,-0.00225785,-0.0560105,0.234773,0.174942,0.814997,-0.523572,-0.522983,-0.422796,-0.533909,-0.279917,0.544879,3.5537,-1.6533,0.724234,0.633177,0.909947,1.34969,8.45887,1.64217,0.0276709,-0.0193284,-7.38654,0.481502,1.48427,1.16064,
779,-0.143993,0.38191,-0.054905,-0.139308,-0.0116223,0,0.289517,0,0.514121,0.970706,0.0252523,-0.0469278,0.234288,0.60585,0.87357,-0.521567,-0.524691,-0.556843,-0.518183,-0.227167,0.655389,3.42922,-1.5422,1.12359,1.277,0.346337,0.197921,2.18755,0.898283,-0.0184854,-0.0397453,0.735969,-0.111257,0.595411,3.22077,
780,-0.118973,0.321857,-0.202772,-0.236033,-0.0115778,0,0.305468,0,0.558022,0.966989,0.050485,-0.028185,0.248172,0.549429,0.891842,-0.524105,-0.526621,-0.46893,-0.523974,-0.224466,0.882316,3.29642,-1.50976,0.639919,1.10323,0.535145,0.482459,-1.78648,-0.159202,-0.00832552,-0.0368207,2.77186,-0.11195,-0.472574,5.83665,
781,-0.0673799,0.191057,-0.33976,-0.245823,-0.0115522,0,0.275483,0,0.599452,0.964851,0.0444753,-0.0469386,0.25472,0.425745,0.840553,-0.523828,-0.527427,-0.278179,-0.529478,-0.270183,1.22639,2.67247,-1.43671,0.886277,-1.46449,-1.53517,0.226345,-3.15237,-1.87482,0.00533956,-0.00187825,4.84044,-0.109297,-1.3413,6.48559,
782,0.00191102,-0.00589769,-0.441079,-0.00132276,-0.0115239,0,0.189927,0,0.636519,0.962489,0.0172692,-0.0875138,0.25624,0.209762,0.704208,-0.523703,-0.527831,0.00858627,-0.535147,-0.348701,1.25005,2.16833,-1.31815,0.423186,-1.39021,-1.11873,0.278475,-5.45994,-3.56851,0.000862582,-0.00934125,6.60295,-0.111746,-1.77925,-0.836308,
783,0.0805706,-0.250652,-0.493467,-0.000939608,-0.0114568,0,0.0457735,0,0.641894,0.956884,-0.00913271,-0.120719,0.264037,-0.1367,0.529782,-0.523688,-0.528316,0.365015,-0.540482,-0.435195,1.20797,2.03942,-1.31012,-0.206133,-1.26666,-0.909554,0.681942,-8.37341,-3.41093,6.4568e-05,-0.00993798,7.64491,-0.100482,-1.68191,-0.846327,
784,0.127046,-0.397533,0.0667155,0.0365709,-0.0112861,0,-0.304043,0,0.620672,0.942629,-0.0299183,-0.157681,0.292732,-0.602397,0.509272,-0.523612,-0.528728,0.57978,-0.544961,-0.503485,1.12071,2.5898,-1.30483,-0.591067,-1.10974,-1.55173,1.23505,-3.84075,0.451756,0.0194695,-0.000563809,-0.894928,-0.0867201,-1.0415,-2.62089,
785,0.103017,-0.330832,0.219381,0.100211,-0.0112641,0,-0.317693,0,0.59826,0.940789,-0.00205289,-0.162624,0.297429,-0.556124,0.538244,-0.523843,-0.522879,0.482048,-0.548094,-0.52725,0.919078,2.72387,-1.27018,-0.616607,1.56782,-0.244968,-0.169341,1.92447,0.70122,0.00284461,0.0599194,-3.01007,-0.0544745,0.104749,-5.4071,
786,0.0621733,-0.190694,0.358565,0.162058,-0.0112584,0,-0.283688,0,0.554777,0.940315,0.0391712,-0.154999,0.300413,-0.422444,0.590836,-0.523712,-0.523171,0.27765,-0.550609,-0.503501,0.594705,2.88328,-1.32791,-1.13197,1.75916,-0.158722,-0.134729,3.41148,1.39642,0.00140582,-0.0186121,-5.14828,-0.0458479,0.838614,-7.55033,
787,-0.00117995,0.0127572,0.448472,-0.0465265,-0.0112467,0,-0.189148,0,0.529437,0.939336,0.00522634,-0.137886,0.314018,-0.191659,0.687433,-0.523683,-0.523567,-0.0185729,-0.553509,-0.453709,0.486472,3.13242,-0.37626,-0.226031,-1.85618,1.7664,0.949508,5.81457,2.46898,-0.00100618,0.00224772,-6.7434,-0.0547554,1.17614,0.92586,
788,-0.0134242,0.261109,0.498192,-0.0540082,-0.0113136,0,-0.0412155,0,0.518019,0.944924,-0.0123818,-0.0684273,0.319817,0.173612,0.799734,-0.523702,-0.523482,-0.380261,-0.555712,-0.395486,0.532483,3.18961,-0.209092,-0.498857,0.482273,3.0102,0.0598354,8.77222,2.01559,0.00114102,-0.00269498,-7.74483,-0.0397636,1.14125,0.938454,
789,-0.019559,0.392429,-0.0659027,-0.124607,-0.0114659,0,0.300423,0,0.493833,0.957646,0.0225086,-0.04065,0.284175,0.622378,0.884374,-0.521796,-0.524092,-0.572283,-0.555761,-0.340553,0.626393,2.8379,-0.20244,-0.534584,2.96387,-0.571512,-1.85629,2.02585,1.38101,0.00605193,-0.0297335,0.883977,0.0193451,1.02586,2.78628,
790,0.0401034,0.329392,-0.203009,-0.225846,-0.0116085,0,0.31046,0,0.491048,0.969557,0.0407298,-0.0255689,0.240099,0.551696,0.92797,-0.523798,-0.524986,-0.479944,-0.54999,-0.290323,0.831936,1.91184,0.49514,0.694403,-2.13005,-0.618481,-2.03779,-2.087,0.373932,-0.0287221,0.010948,2.77523,0.19272,1.00313,5.38797,
791,0.0170452,0.198162,-0.341125,-0.29025,-0.011725,0,0.280832,0,0.523677,0.979283,-0.0106276,-0.0698399,0.189773,0.415244,0.902895,-0.52385,-0.524095,-0.288528,-0.540586,-0.234935,1.15195,1.44337,0.349912,0.741167,-2.1562,-1.99024,-1.61181,-3.3089,-1.40442,0.0047337,0.0122434,4.86254,0.184099,1.1771,7.38486,
792,1.84396e-05,0.000211001,-0.443093,0.00484733,-0.0117567,0,0.195296,0,0.543622,0.981931,-0.0383582,-0.103419,0.153771,0.191069,0.781217,-0.522948,-0.523323,-0.000307189,-0.531939,-0.174413,1.25807,1.15142,0.355507,0.22726,0.00939986,0.711282,-0.636631,-5.65594,-3.4459,0.0597243,0.0149017,6.64102,0.160787,1.23875,-0.905619,
793,-0.0270012,-0.246431,-0.496845,0.00286873,-0.0118003,0,0.0509302,0,0.543198,0.985575,-0.0374548,-0.081645,0.143436,-0.165279,0.613493,-0.52241,-0.523471,0.358861,-0.523712,-0.114159,1.21369,0.997457,0.445724,-0.242574,0.178282,0.94984,-0.181359,-8.57093,-3.26677,-0.0398306,-0.00742459,7.71623,0.170269,1.17146,-0.867567,
794,-0.0280682,-0.396154,0.0616504,0.0382436,-0.0117985,0,-0.3013,0,0.521373,0.985423,-0.0358129,-0.0626065,0.154074,-0.610933,0.499419,-0.524029,-0.52373,0.577753,-0.522816,-0.0628091,1.12641,1.57489,0.2878,-0.594427,0.166793,0.0921441,0.219639,-2.22939,0.119817,0.0151338,0.00230977,-0.826714,-0.0259067,0.901625,-2.60017,
795,-0.00619414,-0.330945,0.21666,0.0998709,-0.0118073,0,-0.316717,0,0.480684,0.98616,-0.0293169,-0.0573464,0.152773,-0.550537,0.523122,-0.523545,-0.523494,0.482214,-0.524045,-0.0236251,0.927085,1.69168,0.0760766,-0.947502,0.88844,0.813628,0.349584,1.88498,0.617003,0.0209471,0.00924767,-2.97085,-0.0221126,0.653186,-5.36037,
796,0.00156034,-0.192146,0.356145,0.160119,-0.0118018,0,-0.283558,0,0.421709,0.985705,-0.0056041,-0.0268413,0.166234,-0.419582,0.571451,-0.52381,-0.523521,0.279766,-0.525099,0.00683827,0.604812,1.8352,-0.0330316,-1.45792,1.27394,1.10935,0.577241,3.34551,1.31162,-0.00926727,-0.00285622,-5.10824,-0.0200979,0.567718,-7.51053,
797,-0.00123887,0.00714646,0.422385,-0.0456072,-0.0117647,0,-0.179077,0,0.397303,0.982605,0.00319558,-0.0224195,0.18432,-0.200814,0.65918,-0.523725,-0.523245,-0.0104043,-0.521747,0.0345984,0.476521,3.08469,-0.70521,1.59556,0.305598,-0.5247,0.631782,5.17114,2.06454,0.00275595,0.00911223,-6.25613,0.0550904,0.548493,1.14591,
798,-0.0447081,0.238522,0.473095,-0.0550581,-0.0117258,0,-0.0420681,0,0.467567,0.979352,0.00746022,-0.0354835,0.198883,0.127955,0.750743,-0.523674,-0.523454,-0.347334,-0.522871,0.0612555,0.534096,3.23981,-0.76284,1.16882,0.0542446,-0.577731,0.51822,7.96702,1.60682,0.000266362,-0.00606826,-7.22612,-0.0304714,0.517959,1.15086,
799,-0.040779,0.38491,-0.029314,-0.117391,-0.0117155,0,0.282104,0,0.514493,0.978496,0.0145995,-0.0510358,0.199318,0.573492,0.81838,-0.523753,-0.523909,-0.561246,-0.524021,0.0789675,0.633848,2.83438,-0.430555,0.679263,0.372149,-0.488015,-0.0155394,4.04154,1.10542,-0.0291015,-0.0165837,0.392513,-0.0229679,0.17981,2.81822,
800,-0.0331622,0.336359,-0.177727,-0.212606,-0.0116845,0,0.305348,0,0.536067,0.975906,0.0231292,-0.0584853,0.208932,0.551949,0.850785,-0.523834,-0.524733,-0.49013,-0.525272,0.0798824,0.84167,2.62497,-0.400862,0.193254,0.210037,-0.377046,0.35708,-1.34712,0.198171,0.00490335,-0.0152028,2.41739,-0.0241715,-0.130441,5.47553,
801,-0.02166,0.217582,-0.318145,-0.273301,-0.0116606,0,0.283691,0,0.5327,0.973908,0.0278604,-0.0656187,0.215457,0.454016,0.821454,-0.5237,-0.525452,-0.316819,-0.526435,0.0676214,1.1703,2.55324,-0.404966,-0.271343,-0.235865,-0.621579,0.171253,-2.55613,-1.36012,0.0012204,-0.00749978,4.49522,-0.0203723,-0.360943,7.62724,
802,-0.00264404,0.0312108,-0.426957,0.0131167,-0.0116164,0,0.208322,0,0.531255,0.970215,-0.00672357,-0.124667,0.207594,0.271731,0.704939,-0.523678,-0.524834,-0.0454389,-0.527922,0.0449937,1.26689,1.60995,-0.344624,-0.236454,-2.15521,-2.09914,-0.192546,-4.72408,-3.28136,4.74025e-05,0.0138689,6.33991,-0.0372841,-0.52663,-1.19242,
803,0.0169704,-0.207491,-0.488678,0.00517288,-0.0116051,0,0.0738609,0,0.518586,0.969274,-0.000606446,-0.128117,0.209985,-0.0371958,0.547868,-0.52368,-0.522477,0.302117,-0.529417,0.0184717,1.21285,1.3857,-0.332708,-0.41553,0.981726,0.426092,0.226275,-7.59143,-3.01939,-0.00139219,-0.0227557,7.54474,-0.0185965,-0.531094,-0.950238,
804,0.0203626,-0.394063,0.00758422,0.035767,-0.0115496,0,-0.280167,0,0.488804,0.964639,0.02462,-0.11969,0.233539,-0.49657,0.507934,-0.523705,-0.523662,0.574682,-0.529621,-0.00517259,1.12861,1.65695,-0.209879,-0.757533,1.27284,-0.302546,1.90451,-10.7712,0.414748,-0.000267884,-0.0197142,-0.101512,0.00437632,-0.428526,-2.4039,
805,-0.0280735,-0.347069,0.168538,0.0980118,-0.0115156,0,-0.308841,0,0.45495,0.961798,0.0277481,-0.110363,0.248987,-0.566632,0.534169,-0.523611,-0.523846,0.505798,-0.529416,-0.0208904,0.939667,1.88888,0.328805,-0.272384,-0.570589,1.88163,0.381416,1.31908,0.628733,-0.0438631,0.0603829,-2.28861,0.028366,-0.234346,-5.1415,
806,-0.0233723,-0.234128,0.308476,0.160644,-0.0115259,0,-0.290514,0,0.438421,0.962656,0.0119767,-0.0557671,0.264652,-0.472282,0.582802,-0.52386,-0.52322,0.340929,-0.526868,-0.0380748,0.625013,2.08566,0.406089,-0.592907,0.189933,2.32914,0.675533,2.45431,1.31015,0.0053836,-0.010661,-4.34352,0.0515285,-0.443706,-7.42147,
807,0.00105189,-0.0522366,0.420762,-0.0387163,-0.0114919,0,-0.219689,0,0.399985,0.959814,-0.00200131,-0.0203555,0.279891,-0.296647,0.676219,-0.523668,-0.523543,0.0760497,-0.524315,-0.0639997,0.485439,2.25764,-0.0819179,-0.577889,0.599208,-0.994244,0.15501,4.45666,2.37559,0.0424921,-0.00123492,-6.22656,0.076224,-0.574089,0.849281,
808,-0.0279485,0.172728,0.463502,-0.036388,-0.011439,0,-0.0837865,0,0.441027,0.955401,0.00417167,-0.0476395,0.291414,-0.0187356,0.775168,-0.521059,-0.523397,-0.251484,-0.522701,-0.0919665,0.521964,3.39706,-0.658365,1.26533,-0.739136,-0.67334,0.743033,6.85175,1.70149,0.00262489,-0.00347514,-7.03519,-0.0226254,-0.546279,0.539495,
809,-0.0439836,0.392202,0.120022,-0.0849965,-0.0113818,0,0.231091,0,0.494686,0.950618,-0.00600713,-0.0734828,0.301479,0.399993,0.850544,-0.522409,-0.523654,-0.57195,-0.523416,-0.123382,0.579998,3.2831,-0.45574,0.911128,-0.11959,-1.48429,-0.599906,9.86345,1.29712,-0.0293103,-0.0139385,-1.61812,-0.00608707,-0.692149,1.76907,
810,-0.0293525,0.363974,-0.134559,-0.189897,-0.0114064,0,0.307128,0,0.530777,0.952675,-0.00070125,-0.0919443,0.289752,0.576116,0.89732,-0.524193,-0.524824,-0.530549,-0.523661,-0.165146,0.737559,2.7464,-0.327754,0.523583,-0.232441,0.0641849,-0.364699,-1.22193,0.592971,0.00407152,-0.0280578,1.81753,-0.00396364,-0.974841,4.51397,
811,-0.0217581,0.265141,-0.282389,-0.272754,-0.0114509,0,0.300023,0,0.544355,0.956393,-0.0079515,-0.0924335,0.276958,0.492177,0.891373,-0.5238,-0.526143,-0.386141,-0.523896,-0.217931,1.02439,2.68581,-0.333771,0.010537,-0.400364,0.12505,-0.650073,-2.12797,-0.819551,0.00481029,-0.0250633,3.94185,-0.00533765,-1.13589,6.93862,
812,-0.00676494,0.0956514,-0.403696,-0.00962267,-0.0115201,0,0.24093,0,0.529042,0.962171,-0.0155026,-0.0827617,0.259109,0.336975,0.801297,-0.523695,-0.527567,-0.139257,-0.524207,-0.277299,1.28764,2.47293,-0.287713,-0.653464,0.155863,1.09286,-0.720418,-4.06793,-2.7671,0.000529536,-0.0373063,5.92038,-0.00560107,-1.23701,-0.439064,
813,-8.17083e-05,-0.133123,-0.480772,0.00182644,-0.0115644,0,0.122388,0,0.513229,0.965876,-0.0305733,-0.0774703,0.24525,0.0645961,0.664688,-0.523545,-0.528258,0.193814,-0.524714,-0.340131,1.23729,1.41077,0.00249681,-0.214825,0.0580803,1.04521,-0.128279,-6.81066,-2.70098,0.00385652,0.0445064,7.38173,-0.00883012,-1.26147,-0.778771,
814,-0.0411819,-0.380918,-0.223964,0.0191034,-0.0115641,0,-0.181805,0,0.505268,0.965845,-0.0377582,-0.0583871,0.249619,-0.35534,0.53305,-0.523726,-0.52494,0.555388,-0.524796,-0.402399,1.17829,0.975948,0.439399,-0.00506221,-0.0753934,0.520596,0.965442,-9.96921,-2.56236,-0.00164329,0.113302,3.07628,0.00514815,-1.2508,-1.57873,
815,-0.0198089,-0.369218,0.105435,0.0748172,-0.0115067,0,-0.299775,0,0.497427,0.961058,-0.0358931,-0.0520354,0.26902,-0.600681,0.514414,-0.522765,-0.522939,0.538234,-0.524331,-0.471077,1.03177,1.51165,0.217997,-0.337709,0.346756,0.173699,0.111471,1.52583,0.299278,0.0217796,-0.0154223,-1.41908,0.0102614,-1.47708,-4.26031,
816,-0.0115753,-0.284652,0.253301,0.134142,-0.0114963,0,-0.300998,0,0.468014,0.960185,-0.0256659,-0.0427965,0.274871,-0.50513,0.5427,-0.523767,-0.523675,0.414603,-0.523734,-0.531304,0.75625,1.59185,0.165357,-0.813298,0.815128,0.522866,0.311771,2.24623,0.825658,-0.0397881,-0.00803947,-3.50561,0.013579,-0.141676,-6.74259,
817,-0.00232933,-0.129852,0.379533,-0.00794384,-0.0114811,0,-0.252513,0,0.416423,0.958915,-0.0086072,-0.0250486,0.282455,-0.349525,0.607596,-0.52385,-0.523503,0.189051,-0.523557,-0.526355,0.466789,1.73556,0.072972,-1.06348,1.13589,0.665199,0.363963,3.96,1.76351,0.00738223,0.051608,-5.50073,-0.00305447,0.105731,-0.256848,
818,-0.00706715,0.0776044,0.43479,-0.0328363,-0.0114499,0,-0.135776,0,0.407199,0.956312,0.0066496,-0.0314645,0.290574,-0.0982678,0.685722,-0.523628,-0.523161,-0.112982,-0.523198,-0.522275,0.505994,3.06139,-0.370464,0.913443,-0.647363,-0.599966,0.845907,6.04614,1.33906,-0.00145302,-0.00774059,-6.48498,-0.00115728,0.0405539,0.609425,
819,-0.0310012,0.310719,0.467329,-0.0534304,-0.0113876,0,0.0133513,0,0.450245,0.951105,0.00424063,-0.0486337,0.304987,0.274057,0.743692,-0.523428,-0.523451,-0.452657,-0.523457,-0.521377,0.549868,3.23372,-0.405744,0.755487,0.273914,-0.756115,0.322757,8.8315,0.987342,-0.0101295,-0.00395214,-7.1109,-0.00409898,-0.00268055,1.13814,
820,-0.0246292,0.389082,-0.082072,-0.126636,-0.0113728,0,0.304145,0,0.479467,0.949873,0.0028837,-0.0462173,0.309188,0.618051,0.781012,-0.523841,-0.523897,-0.56737,-0.5237,-0.524444,0.662166,2.65067,-0.257144,0.308325,0.00268181,0.631182,0.694199,-0.738558,0.524258,0.00222224,-0.0143984,1.10219,-0.0120582,-0.00970221,3.33022,
821,-0.0338706,0.314873,-0.235731,-0.207954,-0.0112942,0,0.313725,0,0.487877,0.943303,0.0035193,-0.0291857,0.330629,0.529098,0.781989,-0.523709,-0.5249,-0.458725,-0.52426,-0.523972,0.895331,2.24222,-0.437462,0.277637,-1.25262,0.307275,0.147896,-2.08177,-0.474336,0.00439378,-0.00301364,3.24731,-0.0233215,0.0037899,5.93688,
822,-0.046415,0.167398,-0.369815,-0.201676,-0.011236,0,0.273287,0,0.534259,0.938446,-0.0361844,-0.0629102,0.337716,0.394779,0.713233,-0.523695,-0.524985,-0.243722,-0.525986,-0.523932,1.23356,1.33253,-1.1287,1.0188,-1.85992,-1.18867,0.621585,-3.3842,-2.18215,0.000243246,-0.00560996,5.3361,-0.0372733,0.0035243,6.28496,
823,0.0122856,-0.0457456,-0.464746,0.00225598,-0.0111422,0,0.175062,0,0.568669,0.930614,-0.0556864,-0.0797013,0.352853,0.162095,0.570166,-0.523693,-0.524114,0.0665997,-0.527681,-0.52387,1.25121,1.05459,-1.09258,0.430601,-0.31854,0.205672,0.733062,-5.89566,-3.53474,0.000126737,0.0471398,7.05975,-0.0288018,9.89043e-05,-0.885246,
824,0.0843376,-0.303796,-0.508656,0.00779471,-0.0110388,0,0.017202,0,0.578935,0.921972,-0.0611384,-0.0779444,0.374372,-0.20988,0.506428,-0.523686,-0.52331,0.442547,-0.528455,-0.521794,1.19951,0.900663,-1.13135,-0.0243523,0.006143,-0.0473915,1.14226,-8.95927,0.391379,9.04925e-05,-0.00649038,7.97015,-0.00211824,0.0821715,-1.1797,
825,0.0989327,-0.392816,0.0911172,0.0546342,-0.0108275,0,-0.30987,0,0.567852,0.904325,-0.061004,-0.0772654,0.415337,-0.607647,0.526951,-0.523445,-0.523515,0.572851,-0.528188,-0.503387,1.08634,1.5437,-1.02618,-0.274405,0.770749,0.119742,1.03128,-0.267942,0.428567,0.0154205,0.00125173,-1.22463,0.0128031,0.677663,-3.3304,
826,0.07884,-0.313868,0.245223,0.11948,-0.0107349,0,-0.316803,0,0.542653,0.896595,-0.0436632,-0.0609012,0.436465,-0.534993,0.557861,-0.523844,-0.523582,0.457257,-0.52748,-0.452334,0.851896,1.68335,-1.02328,-0.764219,1.05135,0.311856,0.912326,1.91613,0.804047,-0.0024543,-0.00266249,-3.3864,0.0149786,1.35359,-6.02586,
827,0.0410034,-0.16122,0.379426,0.146505,-0.010634,0,-0.27363,0,0.491232,0.888161,-0.0230845,-0.0394463,0.457253,-0.396952,0.618948,-0.52373,-0.523717,0.234726,-0.526678,-0.372259,0.500399,1.88371,-1.03516,-1.27817,1.10264,0.272023,0.843778,3.59436,1.6331,0.00222817,6.92204e-05,-5.49891,0.0161429,1.84489,-6.52341,
828,-0.0163996,0.056986,0.470346,-0.0479503,-0.0105544,0,-0.170348,0,0.425927,0.881515,0.004093,-0.0348181,0.470852,-0.15345,0.725115,-0.523114,-0.523423,-0.0829642,-0.525653,-0.274604,0.489881,2.27508,-1.1708,-1.09927,2.61209,-1.8106,-0.52094,6.0006,2.55308,0.0723164,0.000864373,-7.17102,0.0505433,2.08081,1.03132,
829,-0.0232643,0.303913,0.483383,-0.0711512,-0.01044,0,-0.00119743,0,0.4647,0.871965,0.0176804,-0.0587118,0.485713,0.211327,0.820743,-0.522154,-0.523456,-0.442718,-0.522255,-0.178995,0.554006,3.68241,-0.311276,1.56982,-0.476403,-0.694337,1.02942,8.70185,1.47856,-0.0246112,-0.0031245,-7.43526,-0.0271449,1.78893,1.48384,
830,-0.0327368,0.388874,-0.0792794,-0.154488,-0.0103572,0,0.30299,0,0.531229,0.865049,0.0180935,-0.077113,0.495396,0.598489,0.879073,-0.52401,-0.523917,-0.567064,-0.523648,-0.0952151,0.681769,3.04477,-0.34203,1.04568,-0.174849,-0.357385,0.893003,0.411173,0.866864,-0.0245395,-0.0153687,1.06444,-0.0316459,1.54254,3.60494,
831,-0.0288303,0.31602,-0.231664,-0.251254,-0.0102045,0,0.312878,0,0.571107,0.852293,0.0148098,-0.0885233,0.515306,0.535307,0.893048,-0.523867,-0.524612,-0.460402,-0.525205,-0.0257544,0.928764,2.95246,-0.370969,0.549619,-0.34689,-0.403704,0.887712,-1.6932,-0.298176,0.0066856,-0.0122372,3.18802,-0.0291817,1.24173,6.25362,
832,-0.01853,0.17045,-0.367063,-0.125281,-0.0100633,0,0.274059,0,0.584332,0.840498,0.00940988,-0.0999186,0.532439,0.410583,0.832461,-0.523698,-0.52522,-0.248166,-0.526572,0.0299152,1.26869,2.82148,-0.442269,-0.0812835,-0.0740349,0.163663,0.799913,-3.28701,-2.10989,0.00103163,-0.0183737,5.28989,-0.0266109,0.987296,2.89742,
833,0.00614531,-0.0410674,-0.462234,0.00134868,-0.0099453,0,0.17693,0,0.565121,0.830644,0.00183949,-0.0860784,0.550107,0.183351,0.706429,-0.523678,-0.526405,0.0597888,-0.527682,0.0747809,1.24744,2.63554,-0.608742,-0.64631,0.127819,0.800651,0.891305,-5.77746,-2.92691,0.000112106,-0.0251029,7.01025,-0.0149728,0.807688,-0.830152,
834,0.0536956,-0.297712,-0.507075,0.00853726,-0.00978054,0,0.0205544,0,0.521053,0.816883,-0.0105519,-0.0650611,0.573025,-0.182386,0.563461,-0.523679,-0.527698,0.433663,-0.527854,0.115163,1.19928,2.53209,-0.73402,-1.10783,0.107494,1.01528,1.33783,-8.82528,-2.7947,-1.8364e-05,-0.025965,7.93574,0.00973296,0.806824,-1.09358,
835,0.0659274,-0.390055,0.0813202,0.046817,-0.00956547,0,-0.304503,0,0.49954,0.79892,0.00265221,-0.0689712,0.597463,-0.582062,0.511473,-0.523634,-0.524553,0.568797,-0.526913,0.164081,1.10119,2.05932,-0.687454,-0.124804,1.45008,-0.977846,-0.128915,-0.850885,0.263626,0.0102852,0.149572,-1.09202,0.031987,1.17075,-2.93717,
836,0.049327,-0.316121,0.234217,0.107474,-0.00958241,0,-0.313941,0,0.480799,0.800335,0.0458608,-0.0638635,0.594375,-0.535377,0.532851,-0.523706,-0.522718,0.460548,-0.525292,0.233385,0.886527,2.21067,-0.634843,-0.634185,1.56349,-0.713781,-0.185299,1.40496,0.588332,0.000233048,-0.0242695,-3.22522,0.0335114,1.59255,-5.62828,
837,-0.00348249,-0.171514,0.360936,0.164225,-0.00954241,0,-0.271956,0,0.459069,0.796994,0.0353979,-0.0597275,0.599983,-0.424945,0.580301,-0.523685,-0.523514,0.249717,-0.523241,0.319244,0.554544,1.9267,0.0825939,-0.205139,-2.12027,1.47898,0.732269,3.0023,1.30127,0.000502936,-0.00609409,-5.18763,0.0156762,1.8331,-7.63476,
838,0.00186929,0.0356381,0.455156,-0.0382398,-0.00950427,0,-0.17677,0,0.453726,0.793809,0.00343454,-0.0378632,0.606978,-0.212907,0.674619,-0.523674,-0.523478,-0.0518845,-0.523403,0.407859,0.496005,1.93916,0.213376,-0.231088,0.349407,1.50379,0.202719,5.45844,2.45178,0.000453194,-0.00216535,-6.8721,-0.00582068,1.71769,0.760776,
839,0.0173717,0.287006,0.497297,-0.0522831,-0.0096722,0,-0.0220103,0,0.439108,0.807834,0.0270279,-0.0323368,0.587901,0.130241,0.783191,-0.522429,-0.523569,-0.418038,-0.523524,0.493908,0.540934,2.50066,0.246136,-0.264589,0.642091,-1.35259,-1.47771,8.26572,1.90567,0.012899,-0.00050535,-7.72582,0.00113199,1.7097,1.0287,
840,0.0481964,0.382336,-0.0555381,-0.128907,-0.00990943,0,0.290029,0,0.479943,0.827648,0.0317396,-0.0339222,0.559322,0.583872,0.851054,-0.523187,-0.524802,-0.557469,-0.523362,0.535594,0.644189,2.4615,0.51243,0.817208,0.353255,0.26657,-1.27319,3.97585,1.05918,-0.0573761,-0.0371791,0.744482,-0.00892761,-0.231372,3.06724,
841,0.0311424,0.321965,-0.203655,-0.22556,-0.0100593,0,0.305878,0,0.508539,0.840167,0.0336845,-0.0211937,0.540866,0.553151,0.879109,-0.524133,-0.526634,-0.469087,-0.523911,0.526194,0.863669,2.30092,0.393318,0.333752,0.25633,0.34772,-0.97369,-1.58904,0.0700629,0.0131909,-0.0351978,2.78445,-0.010526,-0.0928829,5.69262,
842,0.0262429,0.191531,-0.337316,-0.278519,-0.0101072,0,0.274713,0,0.523076,0.84417,0.0502732,-0.0488446,0.531473,0.438492,0.841724,-0.523752,-0.527808,-0.278869,-0.523511,0.524073,1.19717,2.02324,0.557462,0.281986,-0.528403,-3.4808,0.319365,-2.98486,-1.5488,0.00339581,-0.00641793,4.80095,0.0166584,-0.0135721,7.60353,
843,-3.8993e-05,-0.000465426,-0.431408,0.00231779,-0.010268,0,0.188545,0,0.537361,0.857592,0.0398821,-0.0801989,0.506471,0.231991,0.714093,-0.523686,-0.528971,0.000677599,-0.523442,0.523807,1.25115,1.38264,0.340815,0.0938761,-1.28391,0.306577,-1.47652,-5.25866,-3.53169,-0.00469379,-0.0301093,6.4221,-0.0039961,-0.00184489,-0.824426,
844,-0.0217663,-0.239006,-0.484713,0.00132158,-0.010476,0,0.0487455,0,0.528439,0.874971,0.0120313,-0.0852783,0.476454,-0.10275,0.541853,-0.523702,-0.530515,0.348038,-0.523562,0.523408,1.21073,1.21178,0.37045,-0.445366,-1.10861,0.485611,-1.08626,-8.10626,-3.36074,0.000712712,-0.0314084,7.46263,-0.000988237,-0.0140083,-0.792288,
845,-0.0599909,-0.388453,0.038829,0.0369032,-0.0105549,0,-0.287926,0,0.49941,0.881562,-0.00290134,-0.0797671,0.465271,-0.557487,0.50277,-0.523486,-0.530678,0.566446,-0.523574,0.517859,1.12844,1.62765,0.627989,-0.53123,0.92922,1.12921,-0.284467,-4.37372,0.579917,0.0475332,0.0745144,-0.520087,-0.000166084,-0.194901,-2.49179,
846,-0.0225353,-0.335139,0.187844,0.0976634,-0.0106799,0,-0.308398,0,0.46495,0.892001,0.00555248,-0.0489971,0.449335,-0.549346,0.537925,-0.522058,-0.526693,0.488347,-0.52373,0.498226,0.936459,1.40081,0.273346,-0.607036,0.0293099,-0.170571,-0.952127,1.15927,0.836874,-0.0123243,0.0890217,-2.55994,-0.0129339,-0.593255,-5.10783,
847,-0.0105143,-0.211095,0.32878,0.162159,-0.0107785,0,-0.283999,0,0.423499,0.900237,0.0121186,-0.0440549,0.432995,-0.459057,0.596537,-0.524013,-0.522588,0.307367,-0.524202,0.465139,0.625759,1.57438,0.202601,-0.992554,0.941008,0.617295,-0.390944,2.43583,1.50111,-0.01458,0.0199211,-4.66398,-0.00462352,-0.733393,-7.30779,
848,-0.00232726,-0.0255975,0.415367,-0.0384694,-0.0107152,0,-0.198386,0,0.400254,0.894949,0.00860244,-0.0222043,0.445532,-0.284585,0.697643,-0.52307,-0.523129,0.0372666,-0.522885,0.426358,0.487353,2.49461,0.369853,0.223434,-0.122817,-1.09853,0.372055,4.39264,2.45479,0.0570038,-0.0128805,-6.12883,-0.00767541,-0.778266,0.797113,
849,0.0230671,0.195286,0.456526,-0.0416011,-0.0106316,0,-0.0635062,0,0.456098,0.887963,0.0125676,-0.0515517,0.456844,-0.00553058,0.804071,-0.522644,-0.523359,-0.284338,-0.523319,0.388243,0.524514,3.35478,0.48055,1.32025,-0.167226,-0.900248,0.505328,6.89273,1.88505,-0.0340982,-0.00538267,-6.89869,-0.00768046,-0.748683,0.636356,
850,0.0576281,0.383941,0.0415776,-0.0985763,-0.0105969,0,0.255238,0,0.511101,0.885067,0.0210669,-0.0752444,0.458859,0.414332,0.887776,-0.524089,-0.5237,-0.559824,-0.523538,0.356326,0.591341,3.08912,0.610335,0.858009,0.0952381,-1.07707,-0.810255,9.88633,1.46722,0.00731262,-0.0131535,-0.556964,-0.00194884,-0.520019,2.0214,
851,0.0410265,0.35354,-0.134438,-0.206228,-0.0106371,0,0.300288,0,0.542343,0.888422,0.0316053,-0.0886429,0.449276,0.581315,0.940879,-0.523779,-0.52459,-0.51527,-0.523474,0.340706,0.759851,2.63926,0.471821,0.413444,-0.0272414,-0.159626,-0.259783,-1.40562,0.668271,0.00376179,-0.0208599,1.81587,0.00248741,-0.0992351,4.6976,
852,0.0290377,0.255561,-0.27905,-0.289302,-0.0106869,0,0.292346,0,0.550422,0.892581,0.0318299,-0.0931159,0.440018,0.488424,0.935635,-0.523681,-0.525567,-0.372171,-0.523555,0.343459,1.05371,2.57859,0.462216,-0.0991566,-0.169339,-0.131735,-0.533179,-2.30259,-0.865615,0.000720527,-0.0185809,3.89119,-0.00226868,0.206723,7.03685,
853,0.00798357,0.088642,-0.398044,-0.00345073,-0.0107788,0,0.233328,0,0.529302,0.900256,0.0291191,-0.0853088,0.425927,0.325269,0.840238,-0.523673,-0.526711,-0.129052,-0.523787,0.35893,1.26982,2.3607,0.366393,-0.753993,0.20682,0.989914,-0.753609,-4.20846,-2.93514,-5.87783e-05,-0.0296884,5.82082,-0.00692235,0.410859,-0.633075,
854,0.000445528,-0.135751,-0.473481,-0.00702179,-0.0108717,0,0.116171,0,0.49937,0.908016,0.0174148,-0.0932861,0.408046,0.0476494,0.696398,-0.523681,-0.527748,0.19764,-0.52419,0.380743,1.23284,1.37402,-0.0133507,-0.514981,-1.37909,-1.11079,-0.700921,-6.8735,-2.81878,2.46411e-05,-0.0116976,7.23389,-0.0107701,0.458842,-0.445131,
855,-0.00472795,-0.378395,-0.222268,0.0169628,-0.0109112,0,-0.180762,0,0.470263,0.911319,0.0215633,-0.0887105,0.401452,-0.37433,0.557347,-0.523641,-0.524518,0.551688,-0.52405,0.402444,1.18538,1.27171,0.0507559,-0.531949,0.902904,0.296586,0.511803,-9.98212,-2.74441,-0.00275887,0.123962,3.05175,0.0137636,0.401035,-1.39777,
856,0.0261976,-0.368564,0.10092,0.0683676,-0.0109032,0,-0.297683,0,0.464267,0.910651,0.0450451,-0.102434,0.397735,-0.56798,0.509623,-0.522751,-0.522684,0.537275,-0.523744,0.421618,1.05444,1.14126,-0.288847,-0.254335,0.728776,-1.00491,-0.755655,0.930107,0.331219,0.00607636,-0.0249938,-1.35768,0.00709383,0.371109,-3.93619,
857,-0.0247744,-0.290459,0.231421,0.126178,-0.010905,0,-0.2961,0,0.464431,0.910798,0.0391505,-0.106543,0.396942,-0.505128,0.537764,-0.524377,-0.52334,0.423078,-0.523425,0.443504,0.795164,1.20223,0.346877,0.269899,0.152763,0.975235,0.514321,1.57316,0.798171,-0.00242132,-0.00379904,-3.18448,-0.00158672,0.498981,-6.42444,
858,-0.0153471,-0.147486,0.356852,0.0270721,-0.0108467,0,-0.253873,0,0.467462,0.905928,0.0287983,-0.0850979,0.413791,-0.386562,0.599771,-0.523879,-0.523539,0.214727,-0.523539,0.463049,0.471419,1.4846,0.423329,-0.0470575,-0.721998,0.363362,1.14695,3.15644,1.67862,0.00737014,-0.00148142,-5.11994,-0.00128864,0.279027,-1.75437,
859,0.00844779,0.0544196,0.439218,-0.0388587,-0.0107121,0,-0.154685,0,0.463917,0.894686,0.0170685,-0.0747002,0.440075,-0.1679,0.686703,-0.523737,-0.523492,-0.0792278,-0.523546,0.473685,0.501112,1.75414,0.631509,-0.00275261,0.0296171,1.27116,1.65449,5.56192,1.78848,0.000140413,0.000847162,-6.56789,0.000704002,0.136895,0.744315,
860,0.0487492,0.293488,0.478263,-0.0548843,-0.0105384,0,-0.00558361,0,0.451944,0.880182,0.00401872,-0.0525483,0.471702,0.182741,0.766051,-0.523457,-0.523572,-0.427498,-0.523564,0.4823,0.547553,2.09295,0.675899,-0.282051,0.694377,-0.813857,0.100004,8.31637,1.33547,0.0433591,-0.00387621,-7.33061,0.0013764,0.238393,1.13099,
861,0.0578556,0.382291,-0.0569645,-0.12768,-0.0106881,0,0.290522,0,0.488164,0.892686,0.0140033,-0.0569129,0.446852,0.603329,0.808174,-0.52111,-0.524389,-0.557403,-0.523394,0.505089,0.657287,2.19202,0.615411,0.681165,0.0561291,0.376765,-0.943165,2.14415,0.572902,-0.00809562,-0.0228498,0.763665,-0.00876362,0.615342,3.21607,
862,0.0475821,0.321139,-0.205229,-0.213644,-0.010784,0,0.305947,0,0.509809,0.90069,0.010634,-0.0470305,0.431778,0.548569,0.81274,-0.523986,-0.525512,-0.467881,-0.523882,0.531,0.884084,2.02547,0.602755,0.189465,0.00544977,0.373967,-0.660637,-1.74856,-0.382453,-0.0762748,-0.0218405,2.80693,-0.00839042,-0.0558283,5.83581,
863,0.0336087,0.189557,-0.339666,-0.214565,-0.0108365,0,0.274438,0,0.511982,0.905081,0.0103241,-0.0623727,0.420512,0.426169,0.755117,-0.524058,-0.526168,-0.275994,-0.523772,0.525611,1.22527,1.81201,0.721473,0.113906,-1.15526,-3.00113,-0.0123649,-3.13425,-1.90229,0.012784,0.00921856,4.83892,0.0244885,-0.0671105,6.36338,
864,-0.000571853,-0.0071641,-0.440436,0.00254395,-0.0107849,0,0.18869,0,0.512216,0.900771,0.0176926,-0.122241,0.416361,0.210814,0.623249,-0.522917,-0.524145,0.01043,-0.523534,0.523979,1.24921,1.36626,0.324717,-0.138245,0.978029,-0.641548,0.314854,-5.47073,-3.35527,0.0467438,0.118371,6.59082,-0.00220107,-0.0104111,-0.810056,
865,-0.017695,-0.251405,-0.492531,0.00285567,-0.0106924,0,0.0446475,0,0.493944,0.893046,0.0499321,-0.119124,0.431029,-0.135971,0.496029,-0.522997,-0.523157,0.366113,-0.523573,0.523066,1.2082,1.2042,0.286276,-0.579344,1.54996,-0.627116,0.68137,-8.37556,-0.000553533,-0.0474801,-0.0128488,7.62525,6.38745e-07,-0.0264682,-0.825782,
866,-0.0464298,-0.397417,0.0668683,0.0414428,-0.0105416,0,-0.304022,0,0.464649,0.880446,0.0615993,-0.114267,0.456031,-0.60133,0.518189,-0.52401,-0.523588,0.579609,-0.523536,0.51843,1.12196,1.49643,0.474764,-0.601421,-0.295878,0.358968,0.772138,-3.84853,0.489645,0.0257996,-0.00159405,-0.896987,-0.00244754,-0.140467,-2.60507,
867,-0.0708327,-0.333179,0.212044,0.106065,-0.010537,0,-0.316383,0,0.450222,0.880065,0.0412491,-0.0814892,0.465987,-0.555968,0.549386,-0.523635,-0.523512,0.48548,-0.523562,0.503199,0.921808,1.50776,0.865555,-0.327008,-0.16379,2.02377,0.508091,1.90544,0.757433,-0.00124563,-0.00179622,-2.9045,-0.000992083,-0.472958,-5.37299,
868,-0.0447097,-0.196604,0.352449,0.170149,-0.0104906,0,-0.284857,0,0.42019,0.87619,0.0148187,-0.0379364,0.480243,-0.424679,0.6057,-0.523663,-0.523636,0.286259,-0.523623,0.467174,0.598696,1.67095,0.925629,-0.883619,0.0405593,2.05828,0.678932,3.3348,1.48875,-0.000167038,-0.00317406,-5.04735,-0.00119304,-0.963936,-7.53398,
869,0.000975736,0.00445032,0.434344,-0.0411174,-0.0104183,0,-0.187316,0,0.40216,0.870145,0.0125988,-0.0267464,0.491907,-0.207039,0.704818,-0.520936,-0.523091,-0.00647908,-0.523179,0.41271,0.488092,2.96801,0.891915,0.869859,-0.879501,-1.60858,0.584393,5.1996,2.36635,0.0900052,-0.00181322,-6.47666,0.00306633,-1.20713,0.872924,
870,0.0609192,0.239739,0.479214,-0.0499093,-0.0103166,0,-0.0448701,0,0.466788,0.861658,0.0147392,-0.0533267,0.504464,0.120595,0.809549,-0.518866,-0.523405,-0.349107,-0.523401,0.354013,0.53153,3.33454,1.03475,1.15353,-0.445851,-0.889609,0.581749,7.9786,1.87217,0.00411028,-0.0082138,-7.34995,-0.00567307,-1.14005,0.864973,
871,0.0960162,0.387315,-0.0360846,-0.118182,-0.0102988,0,0.286172,0,0.513151,0.86017,0.0201548,-0.0779343,0.503614,0.568169,0.890984,-0.519609,-0.524004,-0.564775,-0.523574,0.30998,0.617538,2.81012,1.00998,0.651156,-0.0498017,-0.784005,-0.162886,4.14558,1.39259,-0.0531397,-0.0203123,0.483278,-0.0057272,-0.639758,2.55439,
872,0.0715225,0.335219,-0.186112,-0.224825,-0.0102613,0,0.307791,0,0.532816,0.85704,0.0255061,-0.0941965,0.505923,0.550969,0.937237,-0.524416,-0.525006,-0.488463,-0.524005,0.295759,0.812931,2.63684,0.868675,0.150654,-0.233224,-0.713449,0.0295069,-1.29196,0.465094,-0.0476865,-0.0185039,2.53547,-0.00884743,0.0764409,5.24194,
873,0.0428834,0.212142,-0.326649,-0.296415,-0.0102591,0,0.283766,0,0.527107,0.856853,0.0278072,-0.112915,0.502274,0.454217,0.918691,-0.524054,-0.52587,-0.308894,-0.52446,0.312696,1.12996,2.57168,0.822718,-0.390029,-0.368495,-0.644572,-0.23371,-2.5679,-1.19348,0.0135053,-0.0164388,4.63001,-0.00907003,0.59689,7.42058,
874,0.00321001,0.0228001,-0.43056,0.00927673,-0.0103997,0,0.204361,0,0.499217,0.868596,0.012755,-0.0798324,0.488881,0.269179,0.805711,-0.523647,-0.526018,-0.033194,-0.523424,0.350179,1.26366,2.03045,0.572733,-0.57603,0.0482373,2.13055,-0.826728,-4.81247,-3.30519,-0.0103824,0.00972107,6.40638,0.0150337,0.901636,-0.974169,
875,0.00135688,-0.217914,-0.490919,-0.000118844,-0.010512,0,0.0677485,0,0.504028,0.877972,-0.0062591,-0.0794133,0.472038,-0.04437,0.646707,-0.523659,-0.522889,0.317303,-0.523471,0.39555,1.22285,0.8527,-0.0253263,0.117335,0.0445257,0.770517,-0.529357,-7.70087,-3.0686,0.000318388,0.0316594,7.59148,-0.00331334,0.891817,-0.694177,
876,-0.0173782,-0.401943,0.0297914,0.030199,-0.01051,0,-0.293473,0,0.50389,0.877812,-0.0151951,-0.0705004,0.473545,-0.509453,0.50459,-0.523691,-0.52326,0.58626,-0.52365,0.438713,1.15087,0.822402,0.175575,-0.102697,-0.319934,-0.158497,1.2096,-10.8876,-1.05867,-0.000488042,-0.0123419,-0.398911,-0.00240063,0.822778,-2.16555,
877,-0.00668626,-0.343798,0.200944,0.090215,-0.0105129,0,-0.318992,0,0.493996,0.878054,-0.0105062,-0.0656995,0.473914,-0.57067,0.515651,-0.522817,-0.523561,0.501012,-0.523578,0.477104,0.971505,1.3127,0.0790396,-0.421264,0.38987,0.215482,-0.237185,1.55515,0.522663,-0.0107058,-0.00501168,-2.7458,2.16266e-05,0.691626,-4.98377,
878,-0.00575066,-0.21235,0.343819,0.149215,-0.0105425,0,-0.291447,0,0.460274,0.880523,-0.00325394,-0.0529729,0.471023,-0.45848,0.557614,-0.524144,-0.523713,0.309196,-0.523589,0.50957,0.665415,1.46766,0.110152,-0.897429,0.916354,0.566843,-0.137847,2.92072,1.15143,0.00309937,0.0154276,-4.90627,5.54739e-05,0.60703,-7.24487,
879,-0.00125281,-0.0120838,0.440446,-0.0363955,-0.0105407,0,-0.202159,0,0.409348,0.88037,0.0132742,-0.03358,0.472912,-0.253765,0.641339,-0.523817,-0.52342,0.0175924,-0.523554,0.526867,0.476403,1.94247,0.421759,-0.625589,0.221204,1.22694,1.18822,5.231,2.17677,-0.00057874,0.0035132,-6.59102,0.00576955,-0.0402171,0.823842,
880,0.0367876,0.224179,0.472551,-0.046155,-0.0104489,0,-0.0520782,0,0.429576,0.872703,0.00808742,-0.040259,0.486522,0.0669379,0.72957,-0.522534,-0.523385,-0.326431,-0.523267,0.524363,0.524748,3.49116,0.667744,1.39466,-0.808484,-1.48894,-0.0396845,7.59218,1.31876,0.02558,-0.00486293,-7.2152,0.00153348,-0.0331819,0.955917,
881,0.0751021,0.398513,-0.0255795,-0.102373,-0.0104956,0,0.289687,0,0.493072,0.876605,0.00324995,-0.0773044,0.47495,0.523426,0.784415,-0.522352,-0.523603,-0.581219,-0.523457,0.523837,0.612274,3.17791,0.766716,1.11657,-0.674438,-0.720529,-1.25806,10.651,0.883354,0.00504499,-0.00036773,0.342473,-0.00431941,-0.000850766,2.52593,
882,0.0466826,0.343578,-0.193463,-0.196478,-0.0105182,0,0.316004,0,0.534425,0.87849,-0.00460896,-0.0949929,0.4682,0.573562,0.808674,-0.524406,-0.523769,-0.50069,-0.523908,0.523956,0.808148,2.78404,0.552594,0.571422,-0.671601,-0.47873,-0.0621382,-1.71199,0.0953595,0.00524165,-0.00316623,2.63948,-0.00958115,0.00238826,5.29155,
883,0.0283335,0.215997,-0.336747,-0.256892,-0.0105275,0,0.29074,0,0.550553,0.87927,-0.00936737,-0.106487,0.464174,0.454914,0.777479,-0.523834,-0.523365,-0.31451,-0.524385,0.5239,1.12896,2.68455,0.533687,0.0819621,0.125509,0.04121,-0.219049,-3.02436,-1.32978,0.0068247,0.00951035,4.79178,-0.00897896,-0.00113923,7.51936,
884,0.00173854,0.018977,-0.444403,0.00672535,-0.010593,0,0.209093,0,0.5377,0.884741,-0.00972744,-0.086264,0.457927,0.246089,0.665236,-0.523694,-0.52371,-0.027628,-0.524922,0.523806,1.26433,2.44515,0.372683,-0.557988,0.475939,1.30453,-0.355986,-5.30741,-3.14693,0.000785422,-0.0135198,6.66587,-0.00914241,-0.00115777,-0.993103,
885,0.00238799,-0.230565,-0.503604,-0.00178669,-0.01064,0,0.0666272,0,0.513546,0.888664,-0.0171374,-0.0747745,0.452097,-0.0935118,0.512831,-0.523686,-0.524151,0.335737,-0.525199,0.523685,1.22294,1.57512,-0.0421248,-0.360729,-0.710168,-0.441706,-0.178632,-8.25223,-2.41796,0.000115452,-0.0025102,7.86065,-0.00398723,-0.00233286,-0.626498,
886,0.000240058,-0.389411,0.0383862,0.0308914,-0.0105913,0,-0.288393,0,0.493459,0.884603,-0.0051891,-0.0739477,0.460416,-0.55828,0.510948,-0.523644,-0.523143,0.567852,-0.524512,0.523086,1.15054,1.63928,-0.00250371,-0.216627,0.230286,-1.01909,0.215397,-4.47879,0.479561,0.016686,-0.00644307,-0.514147,0.0100709,0.00813488,-2.16607,
887,0.0053949,-0.335971,0.189291,0.0930721,-0.0106101,0,-0.309489,0,0.475391,0.886165,0.0185049,-0.0784298,0.456309,-0.550016,0.539902,-0.523351,-0.523525,0.489563,-0.523842,0.523797,0.973334,1.88658,-0.0652654,-0.602188,0.83018,-0.431678,-0.219179,1.18034,0.677253,-0.0321018,-0.00823226,-2.58038,0.0140994,-0.000707035,-4.89566,
888,-0.0229883,-0.211824,0.319881,0.155004,-0.0106035,0,-0.280612,0,0.437145,0.885617,0.0348275,-0.0741287,0.457138,-0.458373,0.589809,-0.523937,-0.523404,0.308431,-0.523454,0.523563,0.673022,2.0038,0.4415,-0.357665,-0.404421,1.33584,0.876476,2.45404,1.30158,0.00402832,0.0975158,-4.52263,0.00106031,-0.0227305,-7.0984,
889,-0.00555467,-0.0292357,0.419637,-0.0429191,-0.0104234,0,-0.203132,0,0.430621,0.870576,0.00329385,-0.0379711,0.490556,-0.281428,0.681609,-0.523747,-0.523087,0.0425633,-0.523514,0.517087,0.465168,2.25693,0.772914,-0.255886,-0.69516,1.23042,1.6509,4.62631,2.36616,0.00291364,-0.015267,-6.20611,-0.00229707,-0.214358,0.947065,
890,0.0418172,0.201319,0.460747,-0.0516904,-0.0103932,0,-0.0616012,0,0.431815,0.86805,0.017284,-0.0471595,0.49393,0.0109329,0.783139,-0.522345,-0.523424,-0.293127,-0.523407,0.508086,0.520498,3.36599,0.845391,1.21102,0.123063,-0.652979,-0.0135282,6.96388,1.58961,-0.0115734,0.00641041,-6.98105,0.0118816,-0.173577,1.02032,
891,0.0934505,0.389091,0.028118,-0.107716,-0.0104133,0,0.263692,0,0.491273,0.869733,0.0176051,-0.0632924,0.48913,0.433344,0.849105,-0.524002,-0.523707,-0.567383,-0.523445,0.507567,0.607394,3.25549,0.978314,1.01507,0.0832819,-0.941881,-1.33815,9.92323,1.06291,-0.00113965,-0.0160583,-0.376486,-0.00405398,0.165714,2.43983,
892,0.0692392,0.351829,-0.152229,-0.208103,-0.0105014,0,0.305815,0,0.528765,0.877089,0.0311439,-0.0782297,0.47289,0.571416,0.880997,-0.523795,-0.524645,-0.512764,-0.523809,0.527439,0.797404,2.87994,0.801002,0.496697,0.108281,-0.721624,-0.373002,-1.21984,0.224329,0.00397745,-0.0190324,2.06157,-0.00839486,0.158548,5.14134,
893,0.0527168,0.245232,-0.291916,-0.27749,-0.0105618,0,0.290871,0,0.541768,0.882135,0.0390217,-0.0900907,0.46065,0.484362,0.853745,-0.523648,-0.525599,-0.357114,-0.52396,0.525499,1.11249,2.63637,0.875082,0.169765,-0.349994,0.914293,-1.36842,-2.24677,-1.31068,0.0060021,-0.0279034,4.08732,0.0417695,-0.0560899,7.42836,
894,0.0100674,0.0718237,-0.408043,-0.000100863,-0.0107921,0,0.226738,0,0.536366,0.90137,0.0219944,-0.0598459,0.42833,0.32158,0.738717,-0.52364,-0.527237,-0.104566,-0.523374,0.524053,1.25679,1.9141,0.570227,0.0930818,-0.791697,0.262133,-1.39045,-4.25185,-3.26586,-0.0015756,-0.0267944,5.99755,-0.0050508,-0.00734131,-0.740161,
895,-0.0197092,-0.157389,-0.478607,-0.010117,-0.0109424,0,0.103723,0,0.536324,0.913925,0.00335847,-0.0758334,0.398721,0.0400521,0.579325,-0.523676,-0.528411,0.229147,-0.523554,0.523747,1.2277,1.556,0.509466,-0.271828,-0.976702,-0.22695,-1.07031,-6.98394,-3.11545,-0.000171392,-0.0237297,7.3376,-0.00151189,-0.00331046,-0.315487,
896,-0.0707762,-0.388585,-0.137274,0.0150688,-0.0110164,0,-0.221945,0,0.510724,0.920102,-0.00963431,-0.0885253,0.381422,-0.387662,0.503035,-0.523684,-0.529388,0.56664,-0.52358,0.519454,1.18351,1.69635,0.740987,-0.600044,0.193028,0.026611,0.358306,-10.1208,0.386241,-0.000211673,0.027857,1.85491,0.000183119,-0.183244,-1.4421,
897,-0.0530355,-0.364001,0.128495,0.0757932,-0.0110348,0,-0.304898,0,0.478152,0.921643,0.00915775,-0.0649605,0.382453,-0.573914,0.525953,-0.522624,-0.525604,0.530589,-0.523614,0.498103,1.04178,2.17668,0.592544,-0.852351,1.23197,0.741162,-0.519644,1.13304,0.502213,0.0082896,0.0843476,-1.73422,-0.00145045,-0.662056,-4.20098,
898,-0.0374808,-0.268538,0.271391,0.137076,-0.0110825,0,-0.297746,0,0.429175,0.925622,0.0264379,-0.0481766,0.374439,-0.495572,0.564576,-0.523983,-0.523109,0.391095,-0.52372,0.456224,0.771015,1.82413,0.56785,-0.750393,-0.960983,-0.260399,0.0107881,1.98744,1.03715,-0.0164194,-0.00385318,-3.77557,0.0115214,-1.01405,-6.58236,
899,-0.0257387,-0.109376,0.383356,0.0017612,-0.0110237,0,-0.240384,0,0.408128,0.920713,0.00808949,-0.0283173,0.389127,-0.350592,0.640031,-0.523857,-0.523314,0.159239,-0.523395,0.398639,0.484297,2.0688,0.957496,-0.32546,0.501542,1.15811,0.798058,3.81246,1.98646,0.00588966,-0.00550095,-5.56611,-0.0043761,-1.27246,-0.633177,
900,0.0123584,0.101945,0.443398,-0.0316824,-0.0109515,0,-0.123128,0,0.421994,0.914679,0.00785934,-0.0389949,0.402218,-0.103616,0.731897,-0.523606,-0.523388,-0.14842,-0.523326,0.333031,0.509512,3.11857,0.493169,1.18884,-0.816586,-0.865422,0.659951,6.0122,1.66521,-0.00111898,0.000383745,-6.6468,2.84924e-05,-1.36056,0.476182,
901,0.0455331,0.339434,0.471546,-0.0605205,-0.0108798,0,0.0314719,0,0.472653,0.908692,0.00231772,-0.0623516,0.412779,0.270533,0.806826,-0.52365,-0.523493,-0.494627,-0.523501,0.269039,0.551286,3.15378,0.545575,0.838683,0.0035554,-0.62722,0.291992,8.92874,1.33585,-0.000437084,-0.00196277,-7.19503,-0.00269761,-1.20154,1.18523,
902,0.0540639,0.376555,-0.0562937,-0.148888,-0.0109403,0,0.286506,0,0.503621,0.913744,0.0180099,-0.0747778,0.398943,0.61848,0.86012,-0.523906,-0.524064,-0.54899,-0.523551,0.219519,0.670972,2.48988,0.583809,0.442021,0.330382,0.0575149,-0.45279,-0.734441,0.804012,-0.0114533,-0.0199651,0.754643,0.00704203,-0.80645,3.57558,
903,0.0441613,0.315907,-0.203423,-0.239014,-0.0110035,0,0.301836,0,0.513658,0.919026,0.0237259,-0.0710683,0.387011,0.531065,0.871983,-0.523786,-0.52499,-0.460235,-0.523553,0.190006,0.914325,2.4196,0.568655,-0.0426687,0.142337,0.0345103,-0.713733,-1.98586,-0.320554,0.00402378,-0.017097,2.78113,-0.00161362,-0.375728,6.13748,
904,0.0439349,0.186114,-0.326163,-0.125023,-0.0110882,0,0.26615,0,0.505114,0.926099,0.0207696,-0.080618,0.367982,0.39752,0.812434,-0.523667,-0.525514,-0.270979,-0.523489,0.180539,1.24874,1.77013,0.960854,0.421643,-2.04671,-0.705358,-1.14048,-3.34137,-2.04751,0.00437083,-0.00193465,4.62226,0.0101544,0.100027,3.09071,
905,-0.000370196,-0.00206896,-0.425248,-0.00196594,-0.0111892,0,0.184156,0,0.518972,0.934538,-0.0126738,-0.0961747,0.342387,0.174571,0.689659,-0.522521,-0.524394,0.00301213,-0.523627,0.19308,1.24254,1.41151,0.727883,0.170177,-0.149227,1.43637,-0.250356,-5.57305,-2.85575,0.0670022,0.0826668,6.30852,-0.00806849,0.3946,-0.64954,
906,-0.0429127,-0.236197,-0.477725,-0.00174651,-0.0112299,0,0.0465228,0,0.516305,0.937934,-0.027367,-0.0601947,0.340453,-0.174484,0.549495,-0.521534,-0.523183,0.343944,-0.523576,0.212073,1.21032,1.24666,0.739382,-0.272632,-0.0445796,1.6219,0.15435,-8.36408,-2.75366,-0.0281224,-0.0100731,7.31967,0.00906434,0.365299,-0.637811,
907,-0.0659486,-0.385047,0.0288453,0.0297953,-0.0111603,0,-0.282021,0,0.516571,0.93212,-0.0488104,-0.0578692,0.354148,-0.608753,0.510746,-0.524316,-0.523488,0.561446,-0.523553,0.221796,1.14354,1.09674,0.696678,0.0774776,-0.162232,0.571389,0.668559,-2.1677,0.326003,0.004533,-0.000107211,-0.386232,-0.00104301,0.034149,-2.14606,
908,-0.0520867,-0.336554,0.177736,0.0895006,-0.0111243,0,-0.305479,0,0.51184,0.929119,-0.053152,-0.0350645,0.364256,-0.551083,0.532015,-0.523816,-0.523568,0.490416,-0.523591,0.211726,0.968204,1.26986,0.629592,-0.343561,0.298895,0.996676,0.572168,1.74218,0.523643,0.00533534,-0.00288074,-2.41752,-0.000482563,-0.441263,-4.8431,
909,-0.0344625,-0.217711,0.318586,0.148486,-0.0110635,0,-0.283968,0,0.481326,0.924039,-0.0540613,-0.00642684,0.378402,-0.434005,0.573912,-0.523692,-0.523742,0.317007,-0.523598,0.180597,0.670314,1.42244,0.6441,-0.884348,0.496479,1.09259,0.756991,2.93165,1.14687,0.000818192,-0.00408105,-4.50219,4.11482e-05,-0.800879,-7.0546,
910,-0.000684339,-0.031932,0.426318,-0.0422424,-0.0110708,0,-0.208489,0,0.445436,0.924647,-0.0165759,-0.0367126,0.378689,-0.239518,0.655006,-0.52351,-0.523522,0.0464889,-0.523575,0.136981,0.464781,1.67586,0.0871819,-0.638222,1.35761,-2.19231,0.186772,4.91822,2.12018,0.0327276,0.00883718,-6.32816,-0.000210621,-0.975936,0.963874,
911,0.0103347,0.202166,0.469755,-0.0477867,-0.0109126,0,-0.0662731,0,0.422635,0.911436,0.0110131,-0.0419885,0.409146,0.0766625,0.749495,-0.52394,-0.523425,-0.29436,-0.523477,0.0878474,0.519083,2.55341,0.207941,0.208245,-0.306261,0.821079,2.21322,7.61758,1.56607,-0.0446699,-0.0014199,-7.15922,0.009547,-0.983494,0.977766,
912,0.0191867,0.390329,0.0251611,-0.101957,-0.010873,0,0.265613,0,0.491982,0.90813,0.0153055,-0.0687664,0.412719,0.516657,0.800414,-0.523693,-0.52385,-0.569199,-0.523326,0.044779,0.606249,3.10792,0.199661,1.34017,0.0342365,-1.55455,-1.06608,10.2734,0.761703,0.0151363,-0.0159923,-0.336867,-0.00713387,-0.773052,2.45042,
913,0.00128025,0.351444,-0.156444,-0.19506,-0.0108645,0,0.307142,0,0.544972,0.907418,0.0287258,-0.0967611,0.407928,0.570375,0.81873,-0.523689,-0.524782,-0.512201,-0.523975,0.00941438,0.79687,2.68191,0.0148033,0.809772,-0.093323,-1.20301,-0.0519457,-1.48142,-0.0201839,1.3855e-05,-0.0175645,2.12007,-0.0144544,-0.623825,5.15868,
914,0.00307357,0.243527,-0.298624,-0.257322,-0.0109107,0,0.292557,0,0.575915,0.911273,0.0277565,-0.110668,0.39568,0.469978,0.781742,-0.523653,-0.525811,-0.354628,-0.523788,-0.0201984,1.11257,2.54933,0.0513305,0.364822,-0.412044,-0.255998,-0.69076,-2.52769,-1.44511,-0.000219424,-0.0206639,4.19058,0.00748642,-0.569408,7.45345,
915,0.000637071,0.0665072,-0.413994,-0.00128683,-0.0110064,0,0.226082,0,0.576633,0.919268,0.0241269,-0.104047,0.378864,0.292264,0.663975,-0.523672,-0.527198,-0.0968258,-0.523575,-0.0473732,1.25704,2.29198,0.0389674,-0.305529,0.10512,0.793028,-0.728229,-4.56208,-3.25255,-0.000232442,-0.0332758,6.1041,0.000455712,-0.517382,-0.751832,
916,-0.00151695,-0.166094,-0.483129,-0.00860845,-0.0110929,0,0.100204,0,0.549282,0.926494,0.0212685,-0.0818325,0.366688,-0.00532554,0.512673,-0.52368,-0.528929,0.241824,-0.523579,-0.0726068,1.22706,2.09506,0.0371515,-0.755066,0.332952,0.765058,-0.403816,-7.31786,-1.2632,5.77644e-05,-0.036601,7.43003,0.000139466,-0.49412,-0.349922,
917,-0.0191533,-0.39867,-0.119701,0.0125813,-0.0111126,0,-0.235597,0,0.517027,0.928134,0.0154848,-0.0835099,0.362426,-0.450498,0.515481,-0.523691,-0.530505,0.581451,-0.523981,-0.0981488,1.18466,1.40762,0.195114,-0.487529,-1.12422,-0.832798,0.740364,-10.4801,0.305514,-0.000926149,-0.0204768,1.61373,-0.0178469,-0.546592,-1.31483,
918,0.000846362,-0.363968,0.152502,0.0756438,-0.0110986,0,-0.31379,0,0.489552,0.926966,0.00882043,-0.0921617,0.363542,-0.583546,0.532532,-0.522561,-0.528894,0.530541,-0.52464,-0.127585,1.04733,1.88105,-0.00944803,-0.539261,0.981825,0.790608,-0.198941,1.59054,0.375505,0.0232564,0.10668,-2.06535,-0.00352155,-0.636586,-4.16616,
919,0.000471657,-0.256015,0.300876,0.137112,-0.0111213,0,-0.301716,0,0.449497,0.928863,0.026751,-0.0631179,0.364024,-0.478495,0.564726,-0.523509,-0.523717,0.372834,-0.524763,-0.158589,0.777418,2.01767,-0.00749229,-1.07114,1.20587,0.869577,0.0278796,2.60363,0.907798,-0.0605394,0.100414,-4.2254,-0.00124256,-0.603916,-6.61055,
920,-0.00870538,-0.0807135,0.410656,0.0220246,-0.0110513,0,-0.234169,0,0.404497,0.92302,8.02743e-05,-0.0233338,0.384045,-0.297784,0.633196,-0.523945,-0.523085,0.117509,-0.523249,-0.189411,0.453603,2.26128,0.438766,-0.767888,0.381716,2.37375,0.818932,4.62143,1.84499,0.00783418,-0.00879228,-6.04421,0.00414509,-0.608449,-1.41323,
921,0.000260965,0.143037,0.455877,-0.048711,-0.0110359,0,-0.100718,0,0.417892,0.921729,0.00868841,-0.0376396,0.385907,-0.0118435,0.718411,-0.523676,-0.523315,-0.208249,-0.523201,-0.219784,0.499302,3.76376,0.00742168,1.44302,-0.582213,-0.814052,0.304136,6.81985,1.55464,-0.0260666,-0.000851396,-6.88608,-0.00158924,-0.635417,1.0836,
922,0.0111906,0.372847,0.216783,-0.0873999,-0.0110088,0,0.179191,0,0.48122,0.919468,-0.00267586,-0.0606215,0.388453,0.404016,0.784482,-0.523749,-0.523557,-0.543552,-0.523466,-0.250511,0.578458,3.65593,0.121937,1.0453,-0.681135,-0.659869,-0.569416,9.80073,1.09434,0.0109176,-0.00966265,-2.97263,-0.00398529,-0.579577,2.07009,
923,0.00546395,0.367152,-0.0898546,-0.178397,-0.0110273,0,0.292679,0,0.523656,0.921013,0.00646862,-0.0836553,0.380387,0.578581,0.81947,-0.523801,-0.524583,-0.535206,-0.523843,-0.277194,0.747282,3.13661,0.0604635,0.595526,-0.0419519,-0.862823,0.0530331,-1.28929,0.352987,0.00157351,-0.0216927,1.20752,-0.0112415,-0.488484,4.6666,
924,0.00270303,0.290518,-0.236441,-0.252227,-0.0110168,0,0.298124,0,0.54076,0.920135,0.0110097,-0.104596,0.377214,0.499533,0.803939,-0.523699,-0.525579,-0.423162,-0.52445,-0.299867,1.04217,3.08346,0.037831,0.0787721,-0.260539,-0.802215,-0.280994,-1.86782,-0.963456,0.00122629,-0.0184767,3.25767,-0.0130125,-0.419286,7.10826,
925,0.00232533,0.144229,-0.36497,-0.00675678,-0.0110412,0,0.255421,0,0.528027,0.922178,0.0143695,-0.115047,0.368979,0.365368,0.710712,-0.523678,-0.526722,-0.209985,-0.525166,-0.319724,1.26597,2.8734,0.0655844,-0.60332,0.255415,0.0711754,-0.363502,-3.48743,-2.75069,2.74029e-05,-0.0301441,5.25486,-0.0144908,-0.37487,-0.498969,
926,-0.000637068,-0.0637809,-0.454923,-0.0070637,-0.0110747,0,0.156751,0,0.492227,0.92497,0.0191184,-0.109606,0.363388,0.128827,0.575219,-0.52361,-0.527517,0.0928568,-0.525823,-0.337954,1.23275,1.53461,0.0406328,0.0533181,-0.189664,-0.120641,-0.15618,-5.97508,-2.6553,0.0107945,0.094135,6.86759,-0.0267366,-0.39916,-0.381389,
927,-0.00559284,-0.313475,-0.494545,0.00129899,-0.0110667,0,0.00123755,0,0.503031,0.924305,0.021709,-0.110528,0.364653,-0.245782,0.508434,-0.52376,-0.522373,0.456683,-0.526957,-0.358614,1.20571,1.00462,0.0725314,0.0231504,0.28269,-0.191109,0.232707,-8.97511,0.257945,0.00084347,-0.00737191,7.66762,-0.0113556,-0.41152,-0.759906,
928,-0.0107491,-0.385019,0.0729561,0.0491572,-0.0109595,0,-0.298164,0,0.494667,0.915351,0.0295472,-0.118405,0.383717,-0.604256,0.523543,-0.523389,-0.523308,0.561405,-0.527308,-0.380624,1.11147,1.68621,0.113401,-0.335241,0.32893,-0.520571,0.140358,0.334776,0.301891,0.0181775,-0.0130917,-0.97907,-0.00595891,-0.439699,-2.98845,
929,-0.0168484,-0.315545,0.222709,0.111052,-0.0109229,0,-0.309077,0,0.468935,0.912296,0.0489406,-0.11663,0.389509,-0.530688,0.547245,-0.523844,-0.523765,0.459707,-0.527393,-0.40404,0.894974,1.76804,0.217082,-0.663907,0.554908,0.0553911,0.396449,1.78517,0.640256,-0.00794313,-0.0073643,-3.05813,0.00371849,-0.502523,-5.64351,
930,-0.0389369,-0.181079,0.343273,0.169733,-0.0108171,0,-0.270368,0,0.459504,0.903454,0.0267999,-0.082034,0.419909,-0.404831,0.598106,-0.523797,-0.523205,0.263646,-0.524507,-0.433408,0.562047,1.90762,0.875114,-0.275842,-0.198522,1.97706,1.61334,3.26113,1.39734,0.00375393,-0.0092842,-4.89739,0.075409,-0.653777,-7.65918,
931,0.00389541,0.0166192,0.441007,-0.0467702,-0.0106656,0,-0.182361,0,0.44231,0.890805,0.00205508,-0.0463127,0.452015,-0.183021,0.697497,-0.523692,-0.523462,-0.0241954,-0.523184,-0.472377,0.485139,2.03738,0.953514,-0.480466,0.130301,1.67231,1.30239,5.58824,2.56574,0.000855185,-0.00252194,-6.6016,-0.00901865,-0.901239,1.03127,
932,0.0520809,0.256186,0.467411,-0.0590603,-0.0106382,0,-0.0259616,0,0.446674,0.88852,0.0157738,-0.0521396,0.455593,0.159039,0.805832,-0.521461,-0.52349,-0.373082,-0.523179,-0.514698,0.53992,3.47187,0.827506,1.70778,-0.339627,-0.767482,-0.121019,7.95012,1.54494,0.0382429,-0.00158633,-7.11254,0.0122807,-0.820712,1.17895,
933,0.0782915,0.392832,-0.0562926,-0.130569,-0.0106974,0,0.297179,0,0.523756,0.893463,0.00519397,-0.0642242,0.44449,0.577215,0.869345,-0.521186,-0.523761,-0.572875,-0.523459,-0.527401,0.64439,2.97623,0.811051,1.25904,-0.518308,0.235657,-0.459831,2.59116,1.0111,-0.042854,-0.0129903,0.754628,-0.014875,0.150742,2.97563,
934,0.0578503,0.330687,-0.20924,-0.23228,-0.0107427,0,0.313693,0,0.573851,0.897241,-0.0128928,-0.0620897,0.436963,0.545253,0.894677,-0.524418,-0.524395,-0.481836,-0.524389,-0.505794,0.861418,2.81191,0.711861,0.75769,-0.736882,0.421144,-0.436694,-1.33997,0.0100518,-0.00313884,-0.0113491,2.8643,-0.019683,0.714506,5.685,
935,0.0309775,0.195836,-0.348724,-0.291824,-0.0108182,0,0.282674,0,0.598355,0.903551,-0.0352906,-0.0597499,0.422823,0.441943,0.852501,-0.523885,-0.524929,-0.28514,-0.525413,-0.46008,1.19925,2.73377,0.643622,0.213857,-0.81704,0.602588,-0.671137,-2.78036,-1.68358,0.00788143,-0.0104795,4.98627,-0.0206354,1.11092,7.81024,
936,-0.00101504,-0.00660167,-0.45065,0.00166456,-0.0109016,0,0.194657,0,0.591515,0.910516,-0.0543112,-0.0367528,0.408241,0.242571,0.716865,-0.523707,-0.525969,0.00961117,-0.526294,-0.400073,1.25281,2.45166,0.625475,-0.414592,-0.198413,1.53227,-0.488603,-5.16756,-3.73021,0.00115967,-0.0246063,6.78515,-0.0134145,1.28735,-0.876856,
937,-0.0386747,-0.257975,-0.503021,0.00244249,-0.0109403,0,0.0465393,0,0.559809,0.913747,-0.0743013,-0.000765651,0.39943,-0.0912416,0.534693,-0.523687,-0.527291,0.375691,-0.526481,-0.337553,1.20867,2.26584,0.609983,-0.844507,-0.130092,1.75358,-0.0313868,-8.15881,-3.56011,0.000110981,-0.0277409,7.84811,0.00784793,1.21319,-0.887945,
938,-0.0925464,-0.392197,0.0642146,0.0380672,-0.0108442,0,-0.299655,0,0.531687,0.90572,-0.108539,-0.0031227,0.409733,-0.552098,0.510032,-0.523624,-0.52795,0.571942,-0.526428,-0.288739,1.12346,2.07546,0.961073,-0.623199,-1.99049,-0.108372,0.35703,-4.63128,0.412731,0.0157488,-0.00142788,-0.861239,-0.00577143,0.782681,-2.56692,
939,-0.0248874,-0.326996,0.215702,0.100289,-0.0108056,0,-0.313792,0,0.522714,0.902494,-0.0951026,-0.00398054,0.420052,-0.548556,0.537606,-0.521973,-0.522981,0.476441,-0.525499,-0.267184,0.925585,1.88424,0.309431,-0.144219,1.38008,-0.928061,0.671894,1.16925,0.686783,-0.00449302,0.0516004,-2.95707,0.0306818,0.0770436,-5.31142,
940,-0.0154444,-0.189016,0.354134,0.160586,-0.0107405,0,-0.280565,0,0.502486,0.897061,-0.0526292,-0.00612004,0.438718,-0.45247,0.589456,-0.523991,-0.523228,0.275207,-0.52385,-0.268036,0.606595,2.06061,0.332392,-0.671018,1.58453,-0.79035,0.826143,2.66279,1.38121,-0.0292381,-0.0160455,-5.07508,0.0356531,-0.10892,-7.43088,
941,0.00132625,0.0161564,0.454466,-0.0485279,-0.0106393,0,-0.190075,0,0.460353,0.888612,-0.0142601,-0.0222114,0.4579,-0.257888,0.68634,-0.523879,-0.523595,-0.0235215,-0.523369,-0.276087,0.47815,2.29646,0.333938,-1.01688,0.673176,-1.69554,0.787794,5.10037,2.4816,0.00696036,-0.000625827,-6.85873,-0.00535206,-0.213474,1.09589,
942,0.0300524,0.263574,0.473158,-0.0586185,-0.0105407,0,-0.0240545,0,0.434325,0.880372,0.019043,-0.0442753,0.471829,0.0664689,0.793772,-0.524032,-0.523346,-0.383855,-0.523237,-0.286131,0.535362,3.8275,0.463816,1.42487,0.529518,0.122467,0.584435,7.60077,1.5819,-0.00883527,0.00367071,-7.2274,0.0160469,-0.196588,1.20969,
943,0.0622708,0.387504,-0.0529085,-0.13096,-0.0105559,0,0.292456,0,0.501384,0.881644,0.0231052,-0.0341314,0.470111,0.522865,0.857952,-0.523646,-0.523663,-0.565053,-0.5234,-0.289351,0.642795,3.59845,0.653524,1.09994,0.369765,0.253544,-0.887604,10.6573,1.02322,0.00474466,-0.0106071,0.709131,-0.00699628,0.0659894,3.06717,
944,0.0318872,0.328503,-0.201202,-0.229382,-0.0105464,0,0.309189,0,0.542647,0.880845,0.020872,-0.0135474,0.47275,0.573073,0.883701,-0.52367,-0.524325,-0.478643,-0.524157,-0.27562,0.862959,3.21034,0.39469,0.577408,0.220839,0.916747,0.225817,-1.75212,0.0168653,-1.29947e-05,-0.0130297,2.74947,-0.016739,0.497936,5.72388,
945,0.00866485,0.197917,-0.340168,-0.286093,-0.0105685,0,0.280244,0,0.57457,0.882698,-0.00494973,-0.0240208,0.4693,0.451578,0.842011,-0.52366,-0.524076,-0.288171,-0.525189,-0.246776,1.20126,2.91353,0.178084,0.605061,-2.2482,-0.732146,-0.391534,-3.09563,-1.66897,4.37557e-06,0.0228113,4.84704,-0.0229003,0.667205,7.76884,
946,3.24282e-06,0.000148699,-0.443383,0.00165663,-0.010572,0,0.195409,0,0.60296,0.882985,-0.0452017,-0.0713292,0.461743,0.238126,0.708533,-0.523675,-0.52351,-0.000216487,-0.526572,-0.212867,1.25325,2.22041,0.0887145,0.257444,-2.2357,-0.759049,-0.175245,-5.41158,-3.66122,-8.91326e-05,-0.000634971,6.64651,-0.0298397,0.693624,-0.893116,
947,-0.00907215,-0.247031,-0.498473,0.00107706,-0.0105529,0,0.051525,0,0.60461,0.881393,-0.0748659,-0.0911439,0.457421,-0.106461,0.530295,-0.523688,-0.523472,0.359735,-0.527749,-0.17914,1.20904,1.97415,0.149363,-0.0164776,0.414085,1.23227,-0.0559714,-8.3499,-3.46898,-0.00023523,0.00208412,7.7508,-0.00700271,0.65668,-0.887879,
948,-0.0416199,-0.396973,0.064014,0.0374149,-0.0104985,0,-0.302695,0,0.595607,0.876845,-0.069879,-0.0662721,0.471029,-0.573734,0.509149,-0.523617,-0.523544,0.578957,-0.527323,-0.149832,1.12062,2.43251,0.426,-0.349634,0.609995,0.266629,0.621631,-4.27343,0.454473,0.0179286,-0.0012971,-0.858537,0.0129249,0.532082,-2.62725,
949,-0.034008,-0.330704,0.218689,0.100573,-0.0105005,0,-0.317343,0,0.566779,0.877016,-0.0593386,-0.0535255,0.473769,-0.551989,0.538216,-0.523706,-0.523611,0.481862,-0.526694,-0.130899,0.919955,2.703,0.418149,-0.830591,0.706768,0.29827,0.130687,1.47679,0.70497,-0.0234346,-0.00216935,-3.00008,0.0134621,0.215007,-5.38036,
950,-0.0209798,-0.190874,0.358114,0.162866,-0.0104888,0,-0.283603,0,0.512215,0.876034,-0.0457237,-0.036367,0.478698,-0.440392,0.591028,-0.523785,-0.52374,0.277912,-0.525935,-0.126718,0.596925,2.88323,0.447159,-1.35779,0.92255,0.374044,0.28278,2.9754,1.40143,0.00338088,-0.00294419,-5.14082,0.0172188,-0.045367,-7.52353,
951,0.000605983,0.016701,0.457633,-0.0423838,-0.0104793,0,-0.191457,0,0.44571,0.875248,-0.0156897,-0.0286653,0.482569,-0.232686,0.688498,-0.52175,-0.52294,-0.0243145,-0.524703,-0.132469,0.487526,3.35076,0.147604,-1.03387,2.66611,-1.48035,-0.470245,5.20483,2.44639,0.134168,0.00554668,-6.92023,0.0477121,-0.170199,0.891611,
952,0.0280258,0.266287,0.485876,-0.052676,-0.0104686,0,-0.0298117,0,0.429214,0.874354,0.0233348,-0.0330216,0.483602,0.0992205,0.787805,-0.517572,-0.523714,-0.387812,-0.522578,-0.14144,0.535559,4.47604,0.428108,1.5437,0.0960948,-0.135999,0.367007,7.92832,1.16709,0.0465541,-0.0395559,-7.48665,-0.00294971,-0.187495,1.04508,
953,0.0541364,0.392107,-0.0665199,-0.122332,-0.0105301,0,0.300438,0,0.499947,0.879491,0.0254243,-0.0312929,0.474205,0.574648,0.833075,-0.515977,-0.52589,-0.571811,-0.523378,-0.144444,0.635248,4.08925,0.561262,1.17382,0.187445,0.0666009,-1.01632,8.91916,0.676265,0.00995573,-0.0472327,0.892293,-0.0177512,0.0573529,2.92358,
954,0.025111,0.325987,-0.217593,-0.216117,-0.0105496,0,0.313868,0,0.54544,0.881113,0.0221792,-0.0191969,0.471996,0.572184,0.843573,-0.519343,-0.528298,-0.474966,-0.524611,-0.132661,0.849306,3.75199,0.313182,0.667848,0.0217676,0.558486,-0.0654311,-2.03983,-0.24865,-0.108625,-0.0466637,2.98428,-0.025294,0.429803,5.6226,
955,0.00903302,0.187122,-0.355466,-0.268548,-0.0105721,0,0.279904,0,0.573181,0.882995,0.0105541,-0.0206051,0.468811,0.433278,0.791732,-0.524673,-0.530278,-0.272448,-0.525807,-0.106975,1.18366,3.37912,0.196366,0.625145,-1.54461,-1.02189,-0.199307,-3.50006,-1.81253,-0.0075151,-0.0218887,5.09703,-0.0212181,0.594418,7.72638,
956,2.18303e-05,-0.0192309,-0.456046,-0.00378408,-0.0105777,0,0.188798,0,0.610754,0.883461,-0.0168739,-0.0732496,0.462435,0.197252,0.654429,-0.523973,-0.531508,0.0279977,-0.527326,-0.0767459,1.24793,2.4878,-0.00461786,0.461674,-1.94214,-1.20154,-0.13046,-5.90861,-3.67073,0.0110337,-0.0254988,6.88937,-0.033338,0.622217,-0.704926,
957,0.00145343,-0.273406,-0.505833,-0.000773177,-0.0105166,0,0.0372396,0,0.617456,0.878362,-0.0446104,-0.119808,0.460583,-0.173766,0.493654,-0.523717,-0.532772,0.398196,-0.528874,-0.0465998,1.20981,2.36587,-0.0216174,-0.16338,-1.63081,-1.32655,0.274071,-8.90647,-0.680356,0.00181858,-0.0258987,7.90882,-0.0239001,0.581603,-0.817533,
958,-0.0332246,-0.40088,0.0929303,0.0404101,-0.0104613,0,-0.315743,0,0.614837,0.873743,-0.0281741,-0.119026,0.470757,-0.584168,0.513869,-0.523549,-0.527528,0.584697,-0.528763,-0.01867,1.11885,2.84818,0.336661,-0.103528,1.1879,-0.294777,-0.0846635,-1.28457,0.568059,0.0110721,0.147149,-1.24921,0.00930391,0.555004,-2.78041,
959,-0.0282004,-0.320371,0.249959,0.105538,-0.0104887,0,-0.322865,0,0.59784,0.876029,0.00248613,-0.110012,0.469536,-0.537953,0.548984,-0.523798,-0.522404,0.466759,-0.528252,0.00253205,0.90988,3.01571,0.357917,-0.58965,1.33538,-0.155373,-0.116095,1.49922,0.833807,-0.000161231,-0.0077604,-3.4562,0.0119591,0.289519,-5.55732,
960,-0.015557,-0.164531,0.386203,0.168515,-0.0104828,0,-0.279039,0,0.555581,0.875538,0.0349467,-0.0955484,0.472317,-0.419568,0.608994,-0.52371,-0.523436,0.239548,-0.527534,0.011514,0.580123,3.21416,0.384656,-1.10825,1.51477,-0.042912,0.0488705,3.22268,1.56035,0.00133941,-0.0216217,-5.61504,0.0171187,0.0721615,-7.61636,
961,0.0133915,0.0573283,0.473116,-0.0531936,-0.0104191,0,-0.171711,0,0.502675,0.870212,0.0420645,-0.0969282,0.481213,-0.19216,0.715744,-0.523685,-0.523664,-0.0834625,-0.526333,0.0116409,0.480597,3.49038,0.950314,-0.711605,-1.85813,0.715116,1.30698,5.84203,2.6807,-0.000366267,0.0148926,-7.22655,0.0434542,-0.0894066,1.12614,
962,0.100658,0.316251,0.506536,-0.0719017,-0.0102578,0,-0.00687456,0,0.477731,0.856747,0.00501776,-0.0518888,0.513096,0.178252,0.836553,-0.523728,-0.523356,-0.460739,-0.522645,0.00908958,0.54455,3.64354,1.29829,-0.491894,1.00087,2.30017,0.955121,8.90992,2.13763,0.0176166,-0.00444705,-7.92405,0.0184053,0.0103596,1.44765,
963,0.103103,0.387416,-0.0812498,-0.160832,-0.0104848,0,0.302761,0,0.463798,0.875701,0.0511342,-0.014408,0.479922,0.582516,0.922016,-0.520261,-0.524384,-0.564924,-0.523153,0.0309221,0.673741,3.34607,1.08475,-0.194432,2.26812,1.98226,-2.03711,1.27305,1.3225,0.0259913,-0.0370135,1.09107,-0.0110177,0.809707,3.66914,
964,0.0693631,0.316201,-0.227823,-0.267728,-0.0107233,0,0.311495,0,0.501317,0.895623,0.0449944,-0.0277107,0.441664,0.538192,0.957048,-0.521569,-0.52474,-0.460666,-0.523479,0.0942294,0.924639,1.93254,0.893192,0.859133,-1.50231,-1.58509,-1.67401,-1.42377,0.0884884,-0.0636339,0.0068877,3.13219,-0.0045865,1.6385,6.33151,
965,0.0377552,0.172738,-0.36323,-0.136013,-0.0109293,0,0.273828,0,0.531298,0.912833,0.0267016,-0.0850046,0.398495,0.427442,0.912218,-0.524332,-0.524152,-0.251499,-0.523774,0.187057,1.26756,1.75334,0.889508,0.248027,-1.61313,-1.42882,-1.85205,-2.99818,-1.86508,0.00464837,0.00814261,5.22582,-0.0115509,2.07043,2.94008,
966,-0.00811554,-0.0366441,-0.459155,0.00305668,-0.0111116,0,0.178305,0,0.526383,0.928058,0.00898866,-0.121933,0.351795,0.215002,0.796142,-0.523837,-0.523967,0.0533489,-0.524533,0.294922,1.2473,1.52112,0.90096,-0.417485,-1.35423,-0.929592,-1.79522,-5.47513,-2.77197,0.00601859,0.00279314,6.94992,-0.0164038,2.24129,-0.823754,
967,-0.0534673,-0.291133,-0.504374,0.0102728,-0.0112306,0,0.0235464,0,0.504394,0.937994,0.0134235,-0.0994073,0.331822,-0.137087,0.661212,-0.52189,-0.523236,0.424061,-0.525085,0.401838,1.19921,1.36031,0.747443,-0.609135,0.782698,1.23274,-0.530475,-8.55514,-2.63482,0.00710571,-0.00827787,7.87725,-5.39218e-05,2.0466,-1.07992,
968,-0.0602354,-0.386815,0.0699473,0.0510177,-0.0112111,0,-0.298237,0,0.471917,0.936366,0.0170371,-0.0822871,0.340819,-0.586639,0.534125,-0.524163,-0.523521,0.564041,-0.525001,0.490951,1.09559,1.33667,0.633245,-0.517503,-0.595913,-0.617059,-0.192569,-2.68906,-2.43667,-0.0226893,-0.00208244,-0.938488,-0.0103655,1.55535,-2.99687,
969,-0.0320184,-0.318683,0.221618,0.106128,-0.0112161,0,-0.310691,0,0.4436,0.936782,0.0268773,-0.0781911,0.340006,-0.547363,0.515717,-0.523017,-0.523539,0.464292,-0.525176,0.531874,0.878143,1.51444,0.408566,-0.708972,1.1118,0.565153,0.334916,1.5463,0.317846,0.0110777,-0.00118875,-3.04235,0.000701461,-0.118679,-5.67687,
970,-0.041623,-0.182775,0.343892,0.158757,-0.0111156,0,-0.271783,0,0.421685,0.928389,0.0113982,-0.0420213,0.369051,-0.432955,0.550043,-0.524425,-0.523468,0.266117,-0.523061,0.518768,0.543077,1.8713,0.926863,-0.344217,0.267151,2.34296,1.64229,3.02758,1.0573,0.00556516,-0.000410783,-4.90746,0.0244443,-0.391052,-7.71778,
971,0.0023172,0.0157637,0.441817,-0.037268,-0.0109479,0,-0.183402,0,0.399048,0.914379,0.000328431,-0.0169433,0.404505,-0.224096,0.63031,-0.523145,-0.523532,-0.0229499,-0.523317,0.492436,0.492102,2.35705,0.597981,-0.227337,1.46508,-1.14938,0.550274,5.12652,2.04574,0.133628,0.00161141,-6.61689,-0.00673859,-0.628658,0.896434,
972,0.0258089,0.252223,0.473504,-0.0469247,-0.0108701,0,-0.0324397,0,0.432669,0.907883,0.00371679,-0.0400555,0.41729,0.0954994,0.714636,-0.518541,-0.523459,-0.367305,-0.523292,0.463361,0.540215,3.45413,0.416239,1.34792,0.0201664,-0.807464,0.0878079,7.66559,1.34474,0.0879319,0.000859144,-7.23435,-0.00181241,-0.534516,1.0105,
973,0.0567313,0.392694,-0.0545784,-0.108617,-0.0109284,0,0.296463,0,0.488544,0.912755,0.0169609,-0.0593946,0.40381,0.556263,0.771065,-0.515127,-0.523753,-0.572672,-0.523504,0.442636,0.635642,3.06853,0.587338,0.868444,0.365853,-0.961055,-1.24986,8.72254,0.91634,0.0465828,-0.0130348,0.731579,-0.00408877,-0.301596,2.78842,
974,0.0368681,0.331788,-0.204673,-0.199102,-0.0109572,0,0.312653,0,0.518546,0.915161,0.0323559,-0.0724118,0.395208,0.566872,0.795825,-0.516636,-0.52448,-0.483446,-0.523931,0.43693,0.843284,2.67913,0.45186,0.406001,0.171904,-0.310187,-0.549809,-1.7191,0.078957,-0.0682978,-0.0167225,2.79898,0.00380053,0.0988474,5.49503,
975,0.0234066,0.19992,-0.343249,-0.254661,-0.0110543,0,0.282947,0,0.527909,0.923271,0.0343951,-0.0689124,0.376348,0.446049,0.763004,-0.521667,-0.525411,-0.291089,-0.52351,0.448705,1.1718,2.55984,0.476317,-0.0832257,0.0470161,0.194075,-0.913912,-3.10437,-1.3786,-0.136942,-0.0184633,4.897,-0.00086037,0.365037,7.63118,
976,-9.5526e-07,-2.65085e-05,-0.447449,0.0127856,-0.0111666,0,0.1975,0,0.533742,0.93265,0.0233634,-0.0898944,0.348622,0.232013,0.649091,-0.524451,-0.526056,3.85929e-05,-0.523967,0.471769,1.2678,1.54209,0.146595,-0.0026832,-1.12974,-0.791069,-1.1853,-5.4335,-3.16598,0.0185153,-0.0114582,6.72386,-0.0138294,0.542191,-1.2226,
977,-0.0139937,-0.249768,-0.501406,0.00921899,-0.0112488,0,0.0514149,0,0.518736,0.939514,0.00753295,-0.115381,0.322404,-0.114229,0.504788,-0.523816,-0.526672,0.363725,-0.524521,0.497934,1.20803,1.39679,0.227872,-0.574445,-0.86308,-0.833538,-0.807699,-8.39094,-1.06573,0.00557545,-0.0139958,7.81343,-0.00465631,0.503372,-1.16662,
978,-0.0198249,-0.399327,0.0711371,0.0471723,-0.0112247,0,-0.306817,0,0.49118,0.937498,0.0195516,-0.106403,0.330748,-0.584256,0.514799,-0.523707,-0.524146,0.582415,-0.524049,0.5186,1.10494,1.93172,0.201622,-0.639269,1.01021,0.21829,0.339547,-4.15407,0.445868,-0.0185893,0.0823806,-0.954532,0.01488,0.353027,-2.92803,
979,-0.0330041,-0.329618,0.223066,0.112075,-0.0112415,0,-0.318333,0,0.448786,0.938904,0.0373638,-0.0916674,0.329636,-0.553554,0.545119,-0.523759,-0.523095,0.480273,-0.523503,0.524949,0.889044,2.11195,0.407138,-0.769912,-0.49412,1.04317,0.177169,1.65218,0.753914,0.00203441,-0.0125758,-3.06329,0.00161806,-0.0557263,-5.68159,
980,-0.0387151,-0.192169,0.351337,0.175611,-0.0112126,0,-0.281405,0,0.426282,0.936493,0.0118033,-0.0404137,0.348149,-0.433725,0.602092,-0.52373,-0.523393,0.279798,-0.523512,0.51497,0.551222,2.34492,0.819891,-0.534419,0.348116,2.74034,0.951195,3.14357,1.52424,0.00155858,-0.00585968,-5.02909,-0.00254396,-0.326504,-7.81322,
981,0.000335333,0.0112971,0.447986,-0.0397636,-0.0111439,0,-0.189905,0,0.400266,0.930756,0.00947875,-0.0215273,0.364884,-0.218948,0.707718,-0.523533,-0.523586,-0.0164471,-0.523521,0.492727,0.49411,2.78307,0.120751,0.00730086,-0.0523528,-2.25643,0.158592,5.31908,2.60163,-0.00349321,-0.00264525,-6.73412,0.00582349,-0.538397,0.822733,
982,0.00273494,0.249972,0.479493,-0.0511165,-0.0110897,0,-0.0376678,0,0.469376,0.926226,0.00751638,-0.0542726,0.372966,0.110719,0.816803,-0.523741,-0.523375,-0.364023,-0.523314,0.467004,0.537223,3.70313,0.0444964,1.709,-0.400324,-0.597573,0.389499,7.99452,1.91591,0.00139499,-0.00393946,-7.35563,-0.00576133,-0.496883,0.88427,
983,0.0198886,0.393135,-0.0549349,-0.124275,-0.0110983,0,0.296882,0,0.543164,0.926947,0.00784978,-0.0720627,0.368122,0.559634,0.900224,-0.52364,-0.523808,-0.573319,-0.523547,0.443774,0.626048,3.18545,0.20548,1.19724,0.0131509,-0.489719,-0.36244,4.28111,1.42844,-0.0217565,-0.0172519,0.736372,-0.00649405,-0.448159,2.64759,
984,0.0126757,0.331596,-0.207801,-0.234826,-0.0110926,0,0.313729,0,0.590322,0.926464,0.0104983,-0.0817205,0.367255,0.54903,0.947142,-0.523768,-0.524673,-0.483165,-0.523979,0.424998,0.827059,2.97537,0.155384,0.701621,-0.12397,-0.44169,-0.0895419,-1.22447,0.456053,0.00284724,-0.0161347,2.8437,-0.0083096,-0.293151,5.37287,
985,0.00677804,0.197464,-0.347444,-0.306128,-0.0111039,0,0.283184,0,0.612187,0.927411,0.0102274,-0.0927829,0.36221,0.451578,0.926325,-0.523686,-0.525438,-0.287511,-0.524385,0.413087,1.14979,2.89061,0.139624,0.162411,-0.230392,-0.333562,-0.297832,-2.66165,-1.27489,0.000653736,-0.0148478,4.96534,-0.00760136,-0.18444,7.51806,
986,-4.28105e-05,-0.00447455,-0.450219,0.0024209,-0.0111571,0,0.195908,0,0.6029,0.931852,0.0077491,-0.0836184,0.352986,0.258346,0.807809,-0.52368,-0.526543,0.00651436,-0.524899,0.405409,1.25834,2.62323,0.0389209,-0.488373,0.114199,0.886904,-0.427946,-5.04431,-3.44953,-3.01195e-05,-0.0264775,6.77688,-0.00916813,-0.123943,-0.909176,
987,-0.00162988,-0.25577,-0.503182,0.00307646,-0.0112024,0,0.0482285,0,0.566687,0.935639,0.00324209,-0.0584618,0.348067,-0.0694203,0.63952,-0.523685,-0.527946,0.372476,-0.524924,0.399154,1.21298,2.44814,0.0259156,-0.950338,0.205117,1.10559,-0.012832,-8.0401,-3.28567,-4.77601e-05,-0.0292369,7.85157,0.00996143,-0.126752,-0.903424,
988,-0.000413126,-0.391038,0.0603882,0.0347925,-0.011129,0,-0.297503,0,0.527607,0.929509,-0.0127278,-0.057827,0.364014,-0.553579,0.496541,-0.523708,-0.52895,0.570241,-0.52461,0.391938,1.12863,1.88273,0.0042907,-0.595035,-1.3257,-0.911247,1.14989,-9.19353,-0.589642,0.00729354,-0.00890039,-0.809726,-0.00216889,-0.157527,-2.44915,
989,0.0151233,-0.328463,0.209063,0.0948233,-0.0111224,0,-0.312184,0,0.495168,0.92896,-0.0172593,-0.0694205,0.363202,-0.568059,0.516662,-0.522861,-0.526442,0.478585,-0.5243,0.385445,0.937125,2.20993,-0.187165,-0.643366,1.35754,0.645024,-0.169671,1.75302,0.642758,-0.00273284,0.135176,-2.86177,0.0208861,-0.131849,-5.19744,
990,0.00993378,-0.193935,0.347734,0.153601,-0.0111462,0,-0.280964,0,0.449772,0.930945,0.0105381,-0.0391676,0.3629,-0.444762,0.565398,-0.524002,-0.522615,0.282372,-0.523459,0.38178,0.623403,2.38382,-0.208359,-1.18537,1.57597,0.807596,-0.0185665,3.16789,1.30119,-8.71217e-05,-0.0153333,-4.97007,0.00161467,-0.0152913,-7.33394,
991,0.00018318,0.0059817,0.438722,-0.0369119,-0.0110961,0,-0.188594,0,0.393758,0.926757,0.00225236,-0.0200018,0.375123,-0.22731,0.656608,-0.523783,-0.523354,-0.00870857,-0.523502,0.382301,0.486298,2.98285,0.124576,-0.610088,-1.25638,0.899336,0.978217,5.42021,2.28339,0.00663494,-0.000603482,-6.55858,0.00434031,0.0372801,0.832398,
992,-0.0113152,0.240194,0.474851,-0.0459064,-0.0110793,0,-0.0419145,0,0.430174,0.925358,0.00872368,-0.0334686,0.377512,0.0976995,0.746719,-0.519766,-0.523419,-0.34977,-0.523319,0.386016,0.530782,4.11048,-0.191603,1.01587,-0.112283,-1.30739,-0.226918,7.84479,1.48523,0.0621269,-0.00650749,-7.26149,-0.00477764,0.088843,0.911284,
993,0.000462995,0.38555,-0.0316679,-0.107525,-0.0111554,0,0.283389,0,0.493009,0.931711,0.0181425,-0.0553886,0.358494,0.564822,0.803476,-0.517772,-0.52435,-0.562184,-0.523451,0.388999,0.619266,3.85142,0.00487755,1.06508,0.208022,-0.928171,-1.40599,8.78868,0.911592,0.0162853,-0.0257725,0.424062,-0.00538606,0.0254256,2.60875,
994,-0.00902495,0.336183,-0.179541,-0.200559,-0.0111945,0,0.305922,0,0.532947,0.93498,0.0289209,-0.0693141,0.346657,0.569702,0.82822,-0.520851,-0.525703,-0.489873,-0.523959,0.389029,0.816824,3.48175,-0.109113,0.555983,0.0932557,-0.682598,-0.419649,-1.80864,0.085099,-0.105089,-0.0258919,2.44289,-0.0104626,-0.00138598,5.27691,
995,-0.0045952,0.216468,-0.320192,-0.260704,-0.0112318,0,0.283836,0,0.547767,0.938095,0.0359403,-0.0842416,0.334049,0.448962,0.795565,-0.524503,-0.526938,-0.315196,-0.524473,0.387353,1.13573,3.39863,-0.0863437,0.0268195,-0.0368968,-0.609481,-0.619477,-3.01058,-1.37964,0.0114456,-0.0238993,4.52755,-0.00987598,-0.0654789,7.46075,
996,-0.000831597,0.0291663,-0.428297,0.00926495,-0.011299,0,0.207602,0,0.532062,0.943709,0.0415102,-0.0809796,0.318014,0.243789,0.680245,-0.523857,-0.528461,-0.0424623,-0.525111,0.383329,1.26663,3.11727,-0.115988,-0.621713,0.344417,0.566545,-0.729376,-5.1761,-3.21976,0.0068331,-0.0354427,6.36457,-0.0127509,-0.0954247,-1.07132,
997,0.0100802,-0.210094,-0.489194,0.000211923,-0.0113487,0,0.0723069,0,0.50703,0.947856,0.0361725,-0.0962021,0.301672,-0.0864863,0.524918,-0.523707,-0.529752,0.305909,-0.525759,0.37881,1.22288,2.38573,-0.195161,-0.623653,-0.75766,-0.959514,-0.483944,-8.01027,-2.99828,0.00100936,-0.0218043,7.55548,-0.0114282,-0.0915546,-0.712736,
998,-0.00147994,-0.396003,0.013023,0.0325369,-0.0113116,0,-0.283442,0,0.466073,0.944756,0.0376741,-0.124308,0.300938,-0.566519,0.509805,-0.523706,-0.530142,0.577532,-0.525812,0.375393,1.14972,2.71787,0.0151765,-0.766226,1.43042,-0.443091,0.568583,-9.03994,0.450577,0.0132627,0.0877728,-0.174317,0.0175731,-0.0517894,-2.21061,
999,-0.0382844,-0.346285,0.180778,0.0951249,-0.0114033,0,-0.312949,0,0.452481,0.95242,0.0253963,-0.0881567,0.290652,-0.571476,0.536495,-0.521313,-0.523473,0.50465,-0.52502,0.373945,0.969117,2.69488,0.449519,-0.284878,-0.830481,2.18258,-0.644481,1.82888,0.631012,0.0161499,0.115094,-2.46029,0.0148922,-0.0293564,-4.98541,
