step,action0,action1,action2,action3,action4,action5,action6,action7,state0,state1,state2,state3,state4,state5,state6,state7,state8,state9,state10,state11,state12,state13,state14,state15,state16,state17,state18,state19,state20,state21,state22,state23,state24,state25,state26,
0,-0.000971552,0.000648736,0.0022712,-0.112055,-0.0710333,0,-0.00620529,-3.86769e-05,0.654131,0.996935,0.042092,0.0582416,-0.0309292,-0.00735012,0.0565116,0.0761231,0.0462263,-0.000918915,0.0158844,-0.0385503,0.043975,0.047868,0.0731876,0.0648389,0.0549416,0.0181467,0.0555343,0.0700165,0.0293458,0.035029,0.0451245,0.00214929,0.0969759,0.0306798,0.0941912,
1,0.0295393,0.00139284,0.00196867,-0.1104,-0.220138,0,-0.0186693,-0.000144753,0.678196,0.996403,0.0428452,0.0675329,-0.028013,-0.00363718,0.427409,0.064882,-0.414933,-0.00197292,-0.420353,-0.0372191,0.433122,0.115066,-0.0136704,0.256232,-0.0257987,0.439053,0.148574,0.07793,7.85828,-0.481901,-10.192,-0.0429828,-9.65098,0.0235794,8.58094,
2,0.0456501,0.00532273,0.00868197,-0.105969,-0.338225,0,-0.0306714,2.55331e-05,0.673405,0.995846,0.0417775,0.0781104,-0.0210796,0.000346927,0.790397,0.00112049,-0.911974,-0.00753956,-0.891112,-0.0306867,0.851896,0.0201078,-0.0407988,-0.45903,-0.107666,0.408311,0.344851,0.0825234,6.67138,-2.05784,-9.69356,-0.178226,-9.1829,0.236661,8.17338,
3,-0.0920689,0.0163826,0.0221229,-0.0971573,-0.38019,0,-0.0385054,0.000806505,0.647347,0.999101,-0.0324119,0.0238374,-0.0133666,0.00789973,1.09642,-0.161238,-1.28352,-0.0232075,-1.29256,-0.011962,1.24298,-0.0229371,-0.0735537,-0.836594,-3.22048,-3.95202,0.390304,0.21084,5.56103,-4.41468,-0.421394,-0.436516,-1.75912,0.513794,6.26278,
4,-0.00642704,0.0376543,0.00412216,-0.0766827,-0.212253,0,-0.041501,0.00153025,0.660303,0.997227,-0.012097,-0.032389,0.065902,0.0131809,1.2468,-0.432403,-1.23625,-0.0533615,-1.24529,-0.00556438,1.25295,-0.229848,-1.14836,0.290063,1.50702,-1.422,3.90275,0.135409,-0.267839,-6.62688,1.11948,-0.741231,1.36977,-0.221468,-1.10588,
5,0.0552702,0.0691945,0.0462041,-0.055157,-0.108512,0,-0.0359023,0.00240117,0.679681,0.988862,0.0172508,-0.0429694,0.141452,0.0212204,1.21521,-0.557413,-1.182,-0.0981689,-1.18251,-0.0171073,1.20561,0.255209,-0.393447,0.537851,1.00212,0.417037,2.15011,0.183904,-0.905875,0.749556,1.05093,-1.05161,1.12542,-0.241635,-0.789512,
6,0.0539853,0.109701,0.0576606,-0.0367558,-0.116495,0,-0.0243131,0.00417649,0.694012,0.979725,0.036813,-0.0300417,0.194631,0.0386396,1.16081,-0.53047,-1.13059,-0.156016,-1.12717,-0.0187733,1.17971,0.267419,-0.401573,0.0348879,0.886957,0.431194,2.08921,0.509765,-1.26696,0.251045,1.00536,-1.26075,1.08824,0.171526,-0.250899,
7,0.0509273,0.155424,0.0641289,-0.020052,-0.123564,0,-0.00237774,0.0075301,0.683239,0.967801,0.0534353,-0.0177531,0.245339,0.0740451,1.09218,-0.524789,-1.08143,-0.221952,-1.07331,-0.000499357,1.18751,0.296285,-0.400493,-0.466057,0.767358,0.391727,1.99277,0.903191,-1.4767,0.0360988,0.961285,-1.37566,1.06623,0.556453,0.556138,
8,0.0729906,0.201833,0.0724437,-0.00725041,-0.142843,0,0.0309515,0.0122911,0.655185,0.954848,0.06049,-0.00151802,0.290866,0.129887,1.01632,-0.524115,-1.03452,-0.28987,-1.02138,0.0358875,1.23397,0.178065,-0.0843113,-0.270701,-0.592403,1.0788,1.32103,1.33132,-1.56147,0.00108464,0.916456,-1.34042,0.972305,0.873474,0.269189,
9,0.0598302,0.241422,0.0538272,-0.00495877,-0.139911,0,0.0763607,0.0181808,0.646482,0.949303,0.0239364,0.00854196,0.313334,0.208042,0.938625,-0.524182,-0.98979,-0.348854,-0.97209,0.0909514,1.22682,-0.332675,-0.121793,-0.27795,-1.5307,0.741474,0.693119,1.791,-1.54469,-0.000560824,0.872863,-1.02961,1.00465,1.33822,-0.152533,
10,0.0471393,0.265281,0.0197224,-0.0130759,-0.138405,0,0.131601,0.0245041,0.623691,0.944643,-0.0200416,0.00927382,0.327356,0.305249,0.862288,-0.524178,-0.947175,-0.38497,-0.919753,0.16716,1.22309,-0.472525,-0.118552,-0.623162,-1.82928,0.416244,0.442873,2.09518,-1.50924,0.000105046,0.832577,-0.419952,1.08801,1.7064,-0.0259044,
11,0.0285405,0.262846,-0.0470334,-0.0354255,-0.138199,0,0.190477,0.0300757,0.594238,0.941583,-0.0591204,0.00122068,0.331549,0.410939,0.78623,-0.524169,-0.906541,-0.381261,-0.862198,0.258661,1.22257,-0.0431092,-0.477736,-0.032444,-0.192635,-0.0814459,-0.407347,2.07994,-1.55018,0.00269582,0.789754,0.559724,1.2142,1.93234,-0.0031492,
12,0.0231701,0.221873,-0.127923,-0.0740332,-0.138199,0,0.241167,0.0329322,0.594764,0.945282,-0.0574525,-0.00212507,0.32115,0.502777,0.703691,-0.524152,-0.868154,-0.319591,-0.797586,0.357331,1.22254,0.0642393,-0.673401,-0.0396254,0.00948964,-0.198379,-0.446548,1.61749,-1.74052,-0.000194707,0.773051,1.89727,1.36926,2.01187,-8.70884e-05,
13,0.0134798,0.128739,-0.220859,-0.135358,-0.13816,0,0.258072,0.0298034,0.589725,0.948752,-0.0537805,-0.00987069,0.311255,0.528863,0.605385,-0.524163,-0.828704,-0.183373,-0.72481,0.458648,1.22246,-0.0145966,-0.788661,-0.153248,0.101723,-0.439091,-0.435747,-0.298271,-2.18755,0.000318336,0.804861,3.53731,1.54079,2.04046,-0.000785967,
14,0.000523062,-0.0252632,-0.309305,-0.192508,-0.138082,0,0.233803,0.0223491,0.578521,0.951727,-0.0428587,-0.0222189,0.303124,0.474249,0.506183,-0.524167,-0.788083,0.0357922,-0.644078,0.537833,1.22228,-0.119593,-0.819186,-0.359977,0.596543,-0.772965,-0.205113,-1.87711,-0.149736,-0.000489403,0.801933,5.21396,1.69183,0.069602,-0.000665774,
15,-0.0174051,-0.230368,-0.382191,-0.247131,-0.136238,0,0.156042,0.0157284,0.552634,0.951848,-0.0182053,-0.0419445,0.303142,0.326381,0.517577,-0.524184,-0.7491,0.332273,-0.557138,0.527008,1.21775,-0.325962,-0.911332,-0.582778,0.897774,-1.25219,0.0263653,-4.01828,0.190791,-0.000251216,0.753929,6.63459,1.78375,-0.237099,-0.16761,
16,-0.0169741,-0.386601,-0.0127182,-0.116554,-0.116245,0,0.0126156,0.00295013,0.517592,0.94746,0.0135096,-0.06295,0.313327,0.0606803,0.522125,-0.524202,-0.712138,0.577633,-0.512391,0.51207,1.16851,-0.073089,-0.834108,-0.834905,1.29402,-1.20277,1.07194,-6.59103,0.0308472,-0.00109171,0.739194,-0.258778,-0.200789,-0.370657,-1.80252,
17,0.0193459,-0.359434,0.03713,-0.0952233,-0.0513115,0,-0.162154,-0.0128172,0.466026,0.936098,0.0517784,-0.0764704,0.339399,-0.263195,0.523022,-0.524128,-0.675967,0.532927,-0.523281,0.490819,1.00975,-0.103908,-0.317765,-0.774628,0.20765,-0.116766,0.909659,-6.36555,0.00504864,-0.00184778,0.72342,-0.845836,-0.182993,-0.478537,-4.52198,
18,0.0483815,-0.322284,0.106866,-0.028345,0.0662861,0,-0.309657,-0.0268342,0.459718,0.932275,0.0407407,-0.0698211,0.352602,-0.551013,0.523133,-0.524049,-0.636333,0.473375,-0.529824,0.470802,0.724109,0.726691,0.487283,0.00380553,-0.519735,0.76307,0.35257,-2.25173,-8.80295e-06,0.00530662,0.82711,-1.62556,-0.127384,-0.314876,-6.89275,
19,0.0344276,-0.235425,0.223272,0.0593214,0.16646,0,-0.302309,-0.026119,0.454385,0.931279,0.0201526,-0.0568442,0.35928,-0.536093,0.523354,-0.511805,-0.594124,0.339847,-0.540235,0.464256,0.456959,0.98486,0.529304,-0.174667,-0.21195,0.401288,0.263781,1.03053,0.00322362,0.481549,0.877052,-3.73333,-0.294088,0.0455174,0.422602,
20,0.0562075,-0.0741388,0.325008,0.120908,0.111162,0,-0.257227,-0.0221587,0.442039,0.928977,0.00969923,-0.0462677,0.367107,-0.445362,0.534421,-0.45968,-0.54956,0.105208,-0.558179,0.472619,0.505691,1.48202,0.749532,-0.126831,-0.535102,1.07665,0.660632,2.58391,0.431651,1.53844,0.929967,-5.56516,-0.390934,0.281329,0.623192,
21,0.0584616,0.149062,0.40117,0.183478,0.0383991,0,-0.162594,-0.0139884,0.424317,0.925533,-0.00915705,-0.0248979,0.377736,-0.260108,0.577594,-0.36457,-0.516962,-0.212727,-0.581047,0.496857,0.522573,1.6438,0.736825,-0.55766,0.105887,1.17461,0.203596,4.80888,1.2895,2.25269,-0.0271376,-7.13504,-0.520471,0.685489,0.0786055,
22,0.00335364,0.37656,0.166934,0.105004,-0.0571687,0,-0.00604695,0.00226657,0.429641,0.929882,-0.00671019,-0.0181866,0.367347,0.036615,0.664802,-0.246536,-0.522064,-0.560986,-0.600936,0.530433,0.555165,2.73477,0.353921,1.20919,0.494958,-0.425137,-1.59856,6.95614,2.11311,2.48345,-0.100058,-2.7928,-0.194075,0.0413584,1.21633,
23,-0.00804537,0.366569,-0.0352086,0.0187826,-0.185699,0,0.188316,0.0298091,0.478831,0.94681,0.0139619,-0.0262348,0.320419,0.406876,0.787037,-0.134879,-0.527013,-0.544568,-0.609843,0.525312,0.683396,2.60971,0.480995,0.769718,0.641895,-0.759543,-2.05569,7.84185,2.76816,1.97441,-0.0950876,0.906533,-0.162345,-0.115009,3.89287,
24,0.0221314,0.318488,-0.107444,-0.120462,-0.324632,0,0.27521,0.0504185,0.507305,0.958324,0.0307571,-0.0297882,0.282455,0.585741,0.925195,-0.0730067,-0.531897,-0.467384,-0.611519,0.517427,0.940061,2.24815,0.429529,0.356556,0.411178,0.107842,-1.11847,-1.31017,2.76076,0.510409,-0.100556,2.16916,0.0919974,-0.199101,6.35293,
25,-0.0287025,0.22211,-0.173038,-0.169612,-0.423397,0,0.228411,0.048484,0.552522,0.963737,0.0207457,-0.0723417,0.256022,0.501969,1.03811,-0.10606,-0.535819,-0.319945,-0.592182,0.516717,1.27477,1.80017,1.0927,1.12427,-1.65027,-1.3656,-1.42688,-2.02431,1.75685,-1.8089,-0.0784313,3.74598,0.64859,0.138264,2.70461,
26,-0.0144301,0.0675189,-0.252931,-0.221734,-0.31486,0,0.157909,0.0377457,0.591665,0.969474,-0.00769021,-0.106706,0.220624,0.371186,1.0926,-0.271263,-0.539691,-0.0957843,-0.551928,0.518096,1.24851,1.57843,1.03974,0.468101,-1.52995,-0.956776,-1.14564,-3.1953,0.434233,-4.77491,-0.0723108,5.20542,0.961658,-0.0820538,-0.867199,
27,-0.00973184,-0.131102,-0.296096,-0.264402,-0.123083,0,0.0499669,0.0168808,0.599576,0.971277,-0.037327,-0.136395,0.191374,0.168972,1.073,-0.543785,-0.542946,0.186777,-0.515105,0.51131,1.21841,1.50649,1.15699,-0.119846,-1.53431,-0.824222,-1.47235,-4.86357,-1.20409,-2.6489,-0.0588377,6.1045,-0.0435472,-0.181154,-0.340246,
28,0.062877,-0.335108,-0.301439,-0.291264,-0.10852,0,-0.104065,-0.0110291,0.590965,0.978165,-0.0409125,-0.128058,0.158496,-0.122676,0.965554,-0.540474,-0.54343,0.493741,-0.521301,0.500282,1.17702,1.50462,1.08325,-0.292981,0.464582,1.27622,-0.912471,-6.78525,-3.08329,0.526538,0.0171303,6.16601,-0.0811368,-0.259862,-1.30145,
29,0.0657066,-0.365666,0.078248,-0.156699,-0.0672022,0,-0.297335,-0.0360612,0.566238,0.981354,-0.0364822,-0.0954263,0.162813,-0.508966,0.761237,-0.526527,-0.542431,0.54309,-0.527269,0.498014,1.05248,1.76784,1.16027,-0.740002,0.446971,1.35934,0.649675,-8.63897,-5.07467,0.105102,0.0187511,-0.720466,-0.156901,0.175243,-3.66635,
30,0.0571736,-0.31068,0.183461,0.00103964,0.0323614,0,-0.312919,-0.0260601,0.51798,0.985078,-0.0354089,-0.0608001,0.15707,-0.559275,0.50053,-0.524148,-0.54129,0.455108,-0.54173,0.519833,0.806749,2.06176,0.863984,-1.18488,0.383062,1.11293,-0.404181,1.27795,-2.30323,0.0139128,0.0228712,-2.79957,-0.412947,0.671558,-6.13986,
31,0.0530269,-0.182498,0.291895,0.0644517,0.163326,0,-0.265797,-0.0219647,0.449502,0.98743,-0.0189684,-0.0311313,0.153797,-0.46415,0.508297,-0.51673,-0.539656,0.261431,-0.566415,0.528271,0.473087,2.19521,0.710516,-1.47971,1.16203,0.994353,0.315983,2.51339,0.64669,0.298531,0.0603281,-4.93656,-0.575881,-0.122985,-2.78584,
32,0.0515008,0.0170403,0.336052,0.118643,0.123582,0,-0.177433,-0.014877,0.384693,0.984913,-0.00434941,0.00251164,0.172978,-0.290128,0.550729,-0.472809,-0.533509,-0.0241394,-0.59536,0.524546,0.497325,2.81653,-0.0979621,0.0201243,-0.355291,0.956272,1.18635,4.25669,0.908347,1.39929,0.282772,-6.27869,-0.373613,-0.0299892,0.859925,
33,-0.0203671,0.246254,0.353032,0.161064,0.0410013,0,-0.040877,-0.00178394,0.428488,0.982589,-0.0151646,-0.0185995,0.184235,-0.0314498,0.609176,-0.381299,-0.520685,-0.35613,-0.606947,0.523938,0.544508,2.99862,-0.903305,0.899381,-0.405459,-1.10941,0.0883865,6.2275,1.53739,2.24892,0.00273611,-7.08993,-0.236042,-0.00265526,0.991537,
34,-0.0129553,0.378135,-0.0475448,0.00751105,-0.0794836,0,0.154183,0.022359,0.466752,0.983815,-0.021297,-0.0422615,0.172825,0.3369,0.712861,-0.263276,-0.523248,-0.563588,-0.617089,0.520746,0.637806,2.83353,-0.634541,0.684365,0.109178,-0.8977,-1.49029,8.46646,2.57096,2.48858,-0.0678478,0.47765,-0.152707,-0.117411,2.72628,
35,0.0100584,0.344091,-0.109836,-0.12745,-0.23274,0,0.272826,0.0446239,0.502597,0.988576,0.000936817,-0.0491106,0.142495,0.574507,0.834719,-0.156693,-0.527485,-0.508125,-0.615255,0.51198,0.839559,2.46539,-0.562099,0.497187,0.916297,-0.236769,-0.617031,-0.702231,2.39104,1.7659,-0.0869497,1.63553,0.12876,-0.241073,5.32764,
36,-0.0422206,0.262085,-0.201636,-0.181145,-0.380398,0,0.238296,0.0443199,0.519128,0.990331,0.0197142,-0.0530379,0.126658,0.513277,0.927923,-0.112495,-0.531638,-0.380104,-0.600129,0.502277,1.16124,2.44544,-0.365309,0.48003,-0.167353,-1.75261,-0.500787,-1.59582,1.35083,0.0196648,-0.0609458,3.42546,0.505993,-0.120606,7.40894,
37,-0.0237658,0.126202,-0.254414,-0.231587,-0.376107,0,0.177649,0.0356773,0.570622,0.991112,-0.00825576,-0.0933186,0.0944534,0.399047,0.960576,-0.178972,-0.534845,-0.179719,-0.561469,0.493612,1.26138,1.87866,0.222705,0.81322,-1.51094,-1.22185,-1.16425,-2.9757,-0.0344937,-2.68759,-0.0642705,4.75845,0.925612,-0.315994,-1.01283,
38,-0.016119,-0.0594893,-0.307573,-0.276819,-0.238542,0,0.0767882,0.01768,0.595457,0.988889,-0.0417374,-0.125431,0.0679968,0.207231,0.91633,-0.378596,-0.537816,0.0843645,-0.515882,0.473655,1.22924,1.69526,0.242157,0.186034,-1.63317,-1.00372,-0.685232,-4.68244,-1.72294,-5.27687,-0.053902,5.79715,0.235666,-0.480709,-0.277977,
39,0.0431482,-0.262726,-0.32014,-0.305442,-0.0929457,0,-0.0726445,-0.00565181,0.596776,0.988589,-0.0596319,-0.126747,0.0554243,-0.0776756,0.781426,-0.579114,-0.538405,0.381079,-0.520377,0.446843,1.20412,1.73786,0.30239,-0.114259,-0.0614512,0.709428,-0.674382,-6.67487,-3.6575,0.459862,0.017204,6.08027,-0.107159,-0.582876,-0.717887,
40,0.0499588,-0.372342,0.0299875,-0.185448,-0.0879971,0,-0.265839,-0.0234788,0.579587,0.990947,-0.0631344,-0.106619,0.0516756,-0.46149,0.546478,-0.537121,-0.537514,0.554038,-0.526489,0.425682,1.1211,2.02951,0.338224,-0.57136,-0.190255,0.907585,0.773703,-8.66637,-5.72275,0.574356,0.0196502,-0.337076,-0.140134,-0.27195,-2.58583,
41,0.0555924,-0.332515,0.120681,-0.0301107,-0.0189857,0,-0.318846,-0.0267292,0.551222,0.993843,-0.0471667,-0.080351,0.0599526,-0.571226,0.502645,-0.521422,-0.53483,0.489608,-0.537253,0.422092,0.926692,2.1397,-0.10704,-0.745031,0.985055,1.07355,0.0697562,1.29561,0.573555,0.00915053,0.0621168,-2.22028,-0.29586,0.121549,-5.16806,
42,0.0640673,-0.224454,0.236061,0.0312004,0.11153,0,-0.277557,-0.0237701,0.500586,0.996418,-0.0236582,-0.0487919,0.0648848,-0.486289,0.525048,-0.524134,-0.5318,0.32344,-0.556636,0.43803,0.613645,2.25208,-0.218917,-1.28888,1.09238,1.3224,0.264821,2.09597,0.324778,-0.0445979,0.0590554,-4.40874,-0.477758,0.512581,-7.33627,
43,0.0322075,-0.0407455,0.323027,0.0917433,0.152506,0,-0.203957,-0.0173661,0.426013,0.996994,-0.00626128,-0.0294181,0.0713983,-0.341003,0.546976,-0.505842,-0.528468,0.0577468,-0.584251,0.474753,0.481607,2.46566,-0.374247,-1.63065,0.0327758,0.402705,0.451503,3.69886,0.543216,0.760991,0.0775376,-6.17935,-0.609257,0.948878,0.980537,
44,0.012987,0.185112,0.325093,0.130772,0.0942085,0,-0.0826269,-0.00600474,0.404023,0.99568,-0.000929262,0.00302373,0.0927977,-0.110244,0.584958,-0.445956,-0.519974,-0.265264,-0.606262,0.527047,0.524061,3.136,-1.4677,0.490105,1.29709,-0.144606,0.0492969,5.45711,0.93498,1.71843,-0.030504,-6.85636,-0.312997,0.959962,0.712001,
45,0.0186485,0.384605,0.0376795,0.0274212,-0.00443287,0,0.0894221,0.0128308,0.43589,0.995939,0.00697459,0.00464221,0.0896355,0.211588,0.651276,-0.344861,-0.523176,-0.574312,-0.617682,0.528555,0.593197,3.18841,-1.40558,0.424395,0.472062,0.015859,-0.976999,7.48202,1.77005,2.3444,-0.0712657,-1.48829,-0.231405,-0.152854,2.02956,
46,-0.0116849,0.362493,-0.0997949,-0.0947658,-0.152383,0,0.270776,0.0389682,0.461062,0.997919,0.00859461,-0.0213984,0.0602214,0.563825,0.74262,-0.230951,-0.526242,-0.537909,-0.625939,0.524419,0.76248,2.48164,-0.925696,0.689822,-0.66015,-0.863971,-1.13089,2.76409,1.87419,2.19838,-0.063162,1.24339,-0.0589801,-0.0309588,4.70589,
47,-0.0404881,0.295798,-0.181395,-0.182598,-0.318346,0,0.256755,0.0411734,0.496928,0.997623,-0.00913135,-0.051457,0.044921,0.541469,0.817088,-0.151845,-0.529404,-0.431893,-0.619661,0.523186,1.05621,2.25523,-0.435507,0.680717,-0.980714,-1.70022,-0.315811,-1.27459,1.10916,0.986616,-0.0579187,3.01073,0.29788,-0.0252552,7.02433,
48,0.0367313,0.168646,-0.268717,-0.234593,-0.391231,0,0.206783,0.0347631,0.525974,0.996191,-0.0308801,-0.0728432,0.0366571,0.445844,0.837705,-0.15979,-0.531348,-0.241186,-0.596347,0.515019,1.27198,1.97748,-0.437867,0.352372,-0.0861056,0.530728,0.227978,-2.55818,-0.269381,-1.26815,-0.000648091,4.64748,0.597413,-0.31629,-0.687209,
49,0.0480673,-0.0160414,-0.333984,-0.279512,-0.295648,0,0.116817,0.0197763,0.530283,0.996744,-0.0358509,-0.0551433,0.0466386,0.271837,0.7814,-0.29292,-0.531385,0.0227241,-0.560755,0.506218,1.23371,1.74053,-0.484872,-0.170732,-0.200171,0.858916,0.650121,-4.38615,-1.96949,-4.03483,0.000255242,5.89826,0.825782,-0.0383345,-0.425119,
50,0.0315063,-0.23008,-0.357583,-0.311041,-0.121307,0,-0.026457,-0.000184736,0.523491,0.99524,-0.0566552,-0.0453709,0.065034,-0.00312933,0.633985,-0.543976,-0.530976,0.331842,-0.519416,0.513485,1.21436,1.12172,-0.339526,-0.287242,-1.0287,0.379912,0.851285,-6.58575,-3.91312,-4.84689,0.01336,6.45981,0.351549,0.32107,-0.407537,
51,0.00528176,-0.385306,0.00125068,-0.191672,-0.0937803,0,-0.226319,-0.0176235,0.518573,0.994632,-0.0620371,-0.0409547,0.071986,-0.388388,0.487361,-0.549565,-0.527111,0.575477,-0.52103,0.527751,1.15626,1.18596,0.0610935,-0.0248757,0.549126,-0.374458,0.853815,-8.83505,0.285629,0.797626,0.117595,0.0132757,-0.101624,-0.0312636,-1.92716,
52,0.00864412,-0.347574,0.105301,-0.0286014,-0.0421774,0,-0.329796,-0.0283671,0.506415,0.994317,-0.0477673,-0.0487245,0.0817197,-0.592912,0.51395,-0.526629,-0.522814,0.513728,-0.529221,0.524677,0.99178,1.42376,-0.28519,-0.472181,0.494563,-0.272977,-0.310766,1.44256,0.330084,0.152298,-0.000155575,-2.04666,-0.226407,-0.0407965,-4.63161,
53,0.0295305,-0.244763,0.225844,0.0327977,0.0752572,0,-0.285674,-0.0245447,0.471717,0.99515,-0.0305422,-0.0462489,0.0812722,-0.502526,0.524648,-0.52393,-0.523415,0.353883,-0.545422,0.523755,0.702044,1.51125,-0.410861,-0.931338,0.86672,0.330315,0.180896,2.14227,0.100116,0.008763,-0.0130126,-4.32831,-0.419974,-0.00509848,-6.93848,
54,0.036014,-0.0642906,0.313184,0.0925826,0.154048,0,-0.212003,-0.0178193,0.417816,0.995125,-0.00748143,-0.0368703,0.0911654,-0.357273,0.535693,-0.509471,-0.5234,0.0911915,-0.569986,0.523745,0.483908,1.83347,-0.555423,-0.957927,0.309398,0.517918,1.23617,3.64205,0.333873,0.547502,0.00602334,-6.08984,-0.523828,-0.000272621,0.399655,
55,0.00186359,0.163193,0.35007,0.143214,0.108774,0,-0.0896722,-0.00658266,0.396517,0.99107,-0.0056732,0.00609474,0.133086,-0.124533,0.567678,-0.461642,-0.523444,-0.233244,-0.593099,0.523815,0.514867,2.64923,-0.930517,-0.297611,1.10365,-0.469583,0.465728,5.53468,0.869247,1.53074,-0.00759749,-7.04562,-0.465926,0.00355745,0.46162,
56,-0.0169085,0.378347,0.0994085,0.0605466,0.0203054,0,0.0827471,0.0114357,0.432868,0.991675,-0.016013,-0.0177057,0.126534,0.197185,0.622857,-0.36616,-0.523683,-0.563938,-0.602138,0.523731,0.569174,3.07807,-1.41686,0.839527,-0.606315,-1.01241,-1.2213,7.51275,1.52217,2.29121,-0.00983552,-2.59886,-0.110514,-0.00230767,1.66825,
57,0.0158837,0.364622,-0.101854,-0.0865448,-0.122058,0,0.270707,0.0368852,0.468404,0.995403,-0.0169949,-0.0399304,0.0853808,0.561083,0.706322,-0.249904,-0.52469,-0.541385,-0.60342,0.520704,0.719536,2.77291,-1.08283,0.703529,0.499391,-0.0655847,-1.42605,2.98251,1.76743,2.33167,-0.0412562,1.18903,0.105083,-0.137936,4.31592,
58,0.00289637,0.297655,-0.201924,-0.181103,-0.291642,0,0.258431,0.0391679,0.490892,0.997456,-0.00431671,-0.0393904,0.0592569,0.541868,0.776675,-0.15889,-0.526731,-0.434779,-0.591603,0.51621,0.996707,2.59468,-0.998406,0.277893,0.357617,-0.44302,-0.875017,-1.25912,1.05498,1.3273,-0.0354392,3.06262,0.371814,-0.0199905,6.73985,
59,-0.0382649,0.171671,-0.252177,-0.231715,-0.4023,0,0.207276,0.0328567,0.530393,0.994941,-0.0208198,-0.0886245,0.0424773,0.443757,0.795454,-0.146508,-0.527753,-0.245599,-0.56137,0.521057,1.28141,2.10854,-0.118873,1.01372,-1.61005,-1.63422,-0.994681,-2.6536,-0.303606,-0.808373,-0.024206,4.51725,0.811433,0.173696,0.149699,
60,0.0143164,-0.0080696,-0.320503,-0.278468,-0.321051,0,0.115868,0.0183504,0.570897,0.993595,-0.040643,-0.0993807,0.0352242,0.266971,0.738263,-0.256245,-0.526869,0.0114306,-0.518964,0.521933,1.23984,1.86511,-0.253773,0.540229,-0.832573,-0.113072,0.088007,-4.38279,-1.97529,-3.61281,0.0227795,5.764,0.370436,-0.127652,-0.623883,
61,0.0298542,-0.217692,-0.347732,-0.310581,-0.154671,0,-0.0259672,-0.000293835,0.583879,0.992323,-0.0641794,-0.0968414,0.0423934,-0.00534305,0.590601,-0.491243,-0.52564,0.313369,-0.520711,0.518117,1.20778,1.66921,-0.25425,-0.0229225,-0.939344,0.337455,0.695461,-6.49097,-3.91546,-5.76943,0.0271986,6.3092,-0.0921743,-0.0266722,-0.658495,
62,0.0308197,-0.373577,-0.0277839,-0.203023,-0.0778577,0,-0.224185,-0.0174154,0.575457,0.992098,-0.0733191,-0.0870675,0.0527835,-0.384302,0.486727,-0.560497,-0.52321,0.556069,-0.524507,0.522031,1.13583,2.13955,-0.0850594,-0.229616,0.671496,0.367817,0.931342,-8.67282,0.734478,0.993947,0.0743857,0.445069,-0.0589934,0.167153,-2.20412,
63,0.0338394,-0.348523,0.0777828,-0.0426021,-0.0303284,0,-0.327996,-0.0282734,0.553356,0.993229,-0.0591067,-0.0761507,0.0648362,-0.589083,0.515582,-0.524835,-0.523181,0.515258,-0.530616,0.524704,0.959978,2.36126,-0.426175,-0.66584,0.562774,0.455211,-0.173221,1.32909,0.281304,0.431293,-0.0152437,-1.6348,-0.185584,-0.0256839,-4.80988,
64,0.055272,-0.25932,0.199774,0.0170595,0.0818144,0,-0.288658,-0.0247409,0.507494,0.9951,-0.0443626,-0.0593937,0.0654311,-0.508659,0.522466,-0.509374,-0.523858,0.375902,-0.544867,0.523911,0.66146,2.43582,-0.550558,-1.11481,1.03562,1.07523,0.360734,1.84271,0.0433912,0.206978,0.00101976,-3.9236,-0.381715,-0.0059847,-7.11666,
65,0.0392028,-0.0928816,0.296849,0.0785676,0.140417,0,-0.224847,-0.01881,0.442853,0.9962,-0.0181178,-0.0368573,0.076808,-0.382617,0.528027,-0.484101,-0.523327,0.131944,-0.567905,0.523892,0.474849,2.57738,-0.638725,-1.40557,1.53761,0.610283,0.515298,3.18604,0.180321,0.8044,0.00879074,-5.81779,-0.535536,0.000815752,0.867023,
66,0.0408371,0.130226,0.32965,0.128069,0.0821207,0,-0.115905,-0.00893939,0.385295,0.994245,-0.00482287,0.00650637,0.106823,-0.174542,0.550046,-0.422603,-0.523389,-0.185515,-0.592894,0.523848,0.514162,3.11209,-1.30109,-0.451228,0.977773,0.657531,0.921018,4.9969,0.611376,1.67709,-0.00784934,-6.85029,-0.406651,0.00237701,0.483175,
67,-0.00509147,0.359699,0.262946,0.127396,-0.00584873,0,0.041753,0.00657739,0.417355,0.993931,-0.0154047,-0.011458,0.108313,0.119309,0.59206,-0.325096,-0.523299,-0.533357,-0.600739,0.52389,0.563249,3.08586,-1.92501,0.792227,0.754929,-0.670453,-0.683975,6.88082,1.21836,2.22708,0.0498957,-5.91121,-0.108818,-0.000981886,1.43395,
68,0.00857293,0.369668,-0.108602,-0.0240819,-0.136798,0,0.242717,0.0316239,0.448812,0.997602,0.00495641,-0.0164353,0.0670506,0.503707,0.674471,-0.216003,-0.523298,-0.549646,-0.603083,0.523283,0.698635,2.94405,-1.61703,0.429458,0.753669,-0.27552,-1.93768,8.47091,2.07261,2.11787,-0.00997777,0.999767,-0.00866253,-0.0309039,3.96819,
69,-0.0360258,0.316208,-0.152655,-0.168486,-0.289061,0,0.266066,0.0399705,0.492313,0.998096,0.0088586,-0.0396904,0.0463756,0.55658,0.771657,-0.139009,-0.524026,-0.463792,-0.593346,0.52488,0.956296,2.20202,-0.54024,1.27982,-0.465479,-1.56569,-0.316469,-1.23062,1.81862,0.998085,-0.0167429,2.42368,0.405486,0.00594364,6.30589,
70,-0.0170493,0.207038,-0.248684,-0.221511,-0.403297,0,0.218897,0.0361766,0.542106,0.996165,-0.002071,-0.077718,0.0401358,0.46858,0.829494,-0.142745,-0.524826,-0.297565,-0.56631,0.518514,1.27794,2.00609,-0.519532,0.64338,-0.37701,-1.01763,-0.219761,-2.28443,0.504484,-1.13046,-0.0219544,4.21792,0.669785,-0.256952,1.69142,
71,-0.00264276,0.0368991,-0.319218,-0.269827,-0.313621,0,0.136791,0.0235848,0.558308,0.994588,-0.0102582,-0.0960733,0.0381967,0.311454,0.813393,-0.271301,-0.526033,-0.0522902,-0.527141,0.502788,1.24524,1.75657,-0.527522,0.0256941,-0.408167,-0.602414,0.160282,-3.9848,-1.13501,-3.9886,-0.0232289,5.57931,0.897406,-0.371822,-0.776074,
72,0.0112953,-0.170875,-0.354131,-0.305327,-0.135363,0,0.00427583,0.00387266,0.545529,0.992941,-0.0242104,-0.105995,0.0474054,0.0587166,0.708323,-0.523233,-0.527056,0.244437,-0.520313,0.484025,1.21398,1.54717,-0.519958,-0.546439,-0.599137,-0.200588,0.692193,-6.10587,-3.05198,-6.07158,-0.016989,6.28454,-0.0904639,-0.379698,-0.476566,
73,0.0423494,-0.371509,-0.279145,-0.298588,-0.0927328,0,-0.18192,-0.014157,0.507343,0.992639,-0.0320287,-0.106218,0.0485676,-0.302052,0.503384,-0.552906,-0.527307,0.552668,-0.52354,0.467797,1.15934,1.80554,-0.320882,-0.849971,0.782725,0.697396,0.255703,-8.33275,-4.12831,0.865594,0.050444,4.91613,-0.0335452,-0.287122,-1.70557,
74,0.0212131,-0.367826,0.0649915,-0.0509692,-0.0484152,0,-0.338092,-0.0284561,0.460859,0.992897,0.00322592,-0.0984645,0.0667005,-0.611061,0.500252,-0.527578,-0.523274,0.546625,-0.527175,0.460933,1.00854,2.21431,-0.639357,-1.13282,1.55668,0.0899133,-0.249165,0.770993,0.703108,0.19034,0.0718019,-1.52999,-0.122299,0.0454252,-4.31062,
75,0.123859,-0.285458,0.200906,0.0119986,0.0634723,0,-0.298863,-0.0258258,0.422181,0.995415,0.0023089,-0.060908,0.073721,-0.529056,0.524359,-0.524056,-0.523113,0.415897,-0.536582,0.466315,0.730973,2.7036,-0.0160034,-0.351895,0.0395981,3.0751,1.04569,1.86526,0.270583,0.0126077,-0.00953899,-3.6337,-0.216244,0.153066,-6.78043,
76,0.0664902,-0.129725,0.29806,0.0782072,0.162207,0,-0.235046,-0.0201824,0.392928,0.994868,-0.00851894,0.00936587,0.100384,-0.401567,0.539825,-0.511735,-0.523513,0.184793,-0.551719,0.496072,0.467439,2.80117,-0.237443,-0.676991,-0.247082,1.40101,1.02107,3.21141,0.343869,0.479493,-0.00527672,-5.60804,-0.383709,1.03645,0.194879,
77,0.0261202,0.0905363,0.333074,0.130264,0.11025,0,-0.127487,-0.0102993,0.386968,0.99184,-0.00501451,-0.00892655,0.127078,-0.194899,0.567538,-0.459726,-0.522846,-0.128594,-0.568489,0.530613,0.508005,2.78355,-1.08338,0.640944,-0.328164,0.232245,1.32617,4.98774,0.728219,1.57386,0.112065,-6.79212,-0.213967,-0.0775744,0.546508,
78,0.0145411,0.325548,0.353508,0.168506,0.0249447,0,0.0324238,0.00606617,0.427983,0.9883,-0.00669837,-0.00299314,0.152349,0.104421,0.623896,-0.362378,-0.522921,-0.478541,-0.577322,0.525355,0.55153,3.06109,-1.21328,0.638362,0.158031,-0.10263,0.683489,7.03885,1.5591,2.31567,-0.0259666,-7.2799,-0.194995,-0.0613007,1.18806,
79,-0.0112723,0.379672,-0.095063,-0.00664055,-0.106531,0,0.244669,0.034741,0.450716,0.990021,0.0148294,-0.0161936,0.139198,0.511488,0.729729,-0.242689,-0.524493,-0.56613,-0.585149,0.523902,0.669201,2.92987,-0.87286,0.236503,1.01333,-0.850295,-1.06261,9.25052,2.67988,2.44718,-0.0330017,1.18911,-0.126207,-0.0096073,3.49743,
80,-0.045782,0.321039,-0.15465,-0.161939,-0.266952,0,0.265957,0.04499,0.481029,0.99102,0.0255872,-0.0307269,0.127596,0.562656,0.859303,-0.143667,-0.526471,-0.471409,-0.580737,0.523945,0.906056,2.01917,-0.186988,0.909591,-0.365584,-1.85058,-0.00494639,-1.44012,2.5113,1.53478,-0.0286341,2.66548,0.268432,0.00071653,5.96657,
81,-0.038344,0.209757,-0.226726,-0.211879,-0.409294,0,0.212327,0.0411823,0.541373,0.990507,0.00322294,-0.0769067,0.113892,0.464725,0.952227,-0.11587,-0.527977,-0.301591,-0.554725,0.517808,1.24997,1.81379,0.271135,0.963626,-1.23213,-1.63673,-0.454009,-2.48098,1.21443,-0.430623,-0.0296495,4.2636,0.681623,-0.285175,6.38355,
82,-0.00987888,0.0388188,-0.297195,-0.259381,-0.354805,0,0.125529,0.0273233,0.570717,0.988871,-0.0194004,-0.105894,0.102689,0.301811,0.972494,-0.211341,-0.529775,-0.0550134,-0.518905,0.496836,1.25642,1.52011,0.222352,0.276847,-1.09759,-0.815301,-0.169201,-4.01937,-0.390872,-3.36498,-0.0357915,5.58237,0.225113,-0.552203,-1.06404,
83,0.0493616,-0.167585,-0.33361,-0.292448,-0.191193,0,-0.00769408,0.00429114,0.572457,0.986867,-0.0391616,-0.113781,0.107766,0.0508828,0.9057,-0.439236,-0.530563,0.23964,-0.521272,0.467734,1.21125,1.28149,0.0368724,-0.111888,0.0209902,0.897232,1.01127,-6.01098,-2.26638,-5.704,0.0269603,6.19422,-0.0746898,-0.616398,-0.752102,
84,0.0558628,-0.364343,-0.258228,-0.281633,-0.0881399,0,-0.190943,-0.0208526,0.555664,0.987593,-0.0422665,-0.0876716,0.123239,-0.302157,0.741258,-0.550367,-0.52921,0.540928,-0.523616,0.446854,1.14382,1.48165,0.201161,-0.556808,0.0514258,1.087,0.628124,-8.09671,-4.29688,0.565854,0.0266717,4.81856,-0.0208471,-0.227861,-1.93278,
85,0.056973,-0.365745,0.0735054,-0.0414106,-0.036867,0,-0.334138,-0.0278656,0.517453,0.985565,-0.0494835,-0.0591842,0.150696,-0.60315,0.49629,-0.529117,-0.527538,0.54322,-0.528502,0.445461,0.983084,1.90217,-0.0815761,-0.869363,0.406662,1.12087,0.551023,0.618597,-2.2517,0.203265,0.0593481,-1.35783,-0.168381,0.19366,-4.48094,
86,0.0628681,-0.285798,0.199441,0.0295865,0.0773435,0,-0.29749,-0.0248857,0.465663,0.98527,-0.0319599,-0.0257424,0.166007,-0.527553,0.506704,-0.524215,-0.523713,0.41642,-0.541593,0.465011,0.697436,2.02302,-0.170656,-1.29545,1.03856,1.29568,0.749993,1.79602,0.606784,0.0245239,0.0767908,-3.6965,-0.358691,0.585641,-6.92433,
87,-0.00743054,-0.12779,0.290952,0.0928772,0.155062,0,-0.236456,-0.020384,0.390854,0.982894,-0.0111373,0.000129718,0.183834,-0.404176,0.541699,-0.508485,-0.523225,0.182006,-0.563578,0.505007,0.479724,2.10785,-0.566405,-1.37245,1.8488,-0.737985,0.567227,3.04824,0.753959,0.652757,-0.00806833,-5.66087,-0.503043,1.02021,0.508175,
88,0.0135331,0.0879242,0.328333,0.138177,0.100853,0,-0.138079,-0.0116705,0.393636,0.977203,-0.00276583,-0.0114685,0.21198,-0.213271,0.587705,-0.448935,-0.523339,-0.124864,-0.580679,0.529789,0.512823,2.93855,-0.995319,0.93724,-0.339879,-0.132186,1.26568,4.60611,1.11274,1.71877,-0.00050945,-6.64618,-0.230312,-0.11338,0.382793,
89,-0.0132801,0.322447,0.358644,0.180196,0.0151883,0,0.0120952,0.00434577,0.43307,0.971788,-0.00989802,-0.0235426,0.234469,0.070063,0.666133,-0.346199,-0.523519,-0.473633,-0.592899,0.524942,0.547875,3.08185,-1.06648,0.633134,-0.168172,-0.907361,0.481724,6.7016,2.01347,2.38984,-0.00312753,-7.29917,-0.263856,-0.0489783,1.01537,
90,0.00662231,0.378736,-0.087648,0.00463269,-0.113706,0,0.215884,0.033885,0.474504,0.977068,0.00607019,-0.0319787,0.210426,0.460028,0.791352,-0.224491,-0.524754,-0.564581,-0.597768,0.52177,0.656077,2.84201,-0.768967,0.749486,0.914941,-0.333355,-1.74968,8.92183,3.06073,2.45659,-0.0342097,1.11647,-0.0241851,-0.0994395,3.29699,
91,0.0148973,0.321339,-0.168638,-0.148385,-0.270266,0,0.267746,0.0501062,0.499522,0.981185,0.0310147,-0.0311253,0.188004,0.572092,0.94139,-0.126674,-0.526571,-0.471883,-0.59286,0.516779,0.886015,2.47445,-0.759522,0.256654,0.944377,-0.0959826,-0.559527,-1.36014,2.94357,1.47956,-0.0363397,2.58811,0.220176,-0.0871737,5.88155,
92,-0.0524388,0.213848,-0.220871,-0.197249,-0.407695,0,0.213959,0.0468193,0.545496,0.982694,0.0322369,-0.0655082,0.170244,0.475481,1.05825,-0.102248,-0.527812,-0.307658,-0.566785,0.522163,1.22231,2.07848,0.0868486,1.18992,-0.985511,-2.04478,-0.778566,-2.49912,1.73601,-0.493202,-0.0180238,4.04673,0.769516,0.240754,6.30456,
93,-0.0284433,0.0503801,-0.292617,-0.246583,-0.358504,0,0.1262,0.0322109,0.586335,0.982699,0.0192219,-0.105892,0.150729,0.312696,1.10665,-0.200417,-0.529009,-0.0714224,-0.520994,0.522384,1.24825,1.80522,0.0384719,0.495399,-0.847169,-1.35129,-0.497869,-3.99657,0.212424,-3.41011,-0.024045,5.3862,0.866146,-0.202977,-0.773732,
94,-0.0199409,-0.149893,-0.325791,-0.282268,-0.199226,0,-0.00703067,0.00638706,0.596024,0.98013,0.00050268,-0.138799,0.141701,0.0640122,1.07158,-0.432179,-0.530068,0.213932,-0.519237,0.507127,1.21958,1.62437,0.0117595,-0.126091,-1.01282,-1.10647,0.0387651,-5.93372,-1.60024,-5.84019,-0.0178639,6.0235,-0.131679,-0.406748,-0.375998,
95,-0.0156296,-0.343385,-0.302337,-0.297932,-0.0835817,0,-0.189074,-0.0249139,0.575418,0.976801,-0.0176491,-0.167732,0.131966,-0.284208,0.94162,-0.574669,-0.530913,0.50699,-0.524316,0.483734,1.17373,1.83907,0.256612,-0.675369,-0.816133,-0.982672,-0.684836,-7.97176,-3.58342,1.05489,-0.0180346,5.70284,-0.0711163,-0.526699,-1.44872,
96,0.0520223,-0.365522,0.0545944,-0.0560789,-0.0600458,0,-0.335538,-0.0391174,0.543263,0.976714,-0.00712538,-0.165893,0.135865,-0.590583,0.711691,-0.529324,-0.528215,0.542856,-0.531956,0.454278,1.03978,2.15547,-0.0676905,-0.653283,1.46091,0.976679,-0.193444,0.276433,-5.59486,0.635882,0.114212,-1.01184,-0.236766,-0.623284,-3.89195,
97,0.0570814,-0.296467,0.185947,0.0120615,0.0317258,0,-0.298095,-0.0241349,0.500016,0.980467,0.0234457,-0.136259,0.13989,-0.530038,0.489106,-0.509213,-0.522905,0.432933,-0.550578,0.433285,0.783068,2.3432,0.0428096,-0.804978,0.428031,1.12864,0.485427,1.44582,-0.3356,0.165484,0.0419897,-3.32295,-0.48613,-0.231186,-6.34653,
98,0.116157,-0.156159,0.288169,0.0716303,0.153921,0,-0.247085,-0.0204845,0.474084,0.981382,-0.00168805,-0.0915531,0.168836,-0.42681,0.515504,-0.497062,-0.52312,0.223019,-0.576827,0.431031,0.463266,2.7794,0.396425,-0.067493,0.141978,2.84923,1.65503,2.67702,0.678785,0.286339,-0.00756512,-5.04684,-0.517953,0.138766,-1.59134,
99,0.0980567,0.0480517,0.36443,0.135716,0.110336,0,-0.153263,-0.0127469,0.459052,0.978215,-0.0151452,-0.0306756,0.204758,-0.243644,0.561893,-0.45477,-0.523512,-0.0681163,-0.605811,0.459169,0.499424,2.97873,0.365982,-0.580276,-0.068327,2.31963,1.32224,4.63314,1.16835,1.39581,-0.00650812,-6.58453,-0.640066,0.980405,0.807509,
100,-0.0330483,0.285828,0.382368,0.179189,0.0282384,0,-0.00037746,0.0027136,0.426734,0.976148,-0.00557448,-0.00382221,0.216999,0.0453969,0.641951,-0.365256,-0.523918,-0.416467,-0.638298,0.526188,0.548399,3.15022,-0.276667,-0.535996,2.07454,-1.47942,-0.819462,6.84149,1.99207,2.19578,-0.0129443,-7.32922,-0.641011,1.39417,1.16252,
101,0.0329526,0.38806,-0.0767045,4.74156e-05,-0.0950129,0,0.205719,0.0307691,0.464783,0.981986,0.0104523,0.00379257,0.188626,0.437856,0.754921,-0.252754,-0.525238,-0.580065,-0.648557,0.529383,0.657982,3.53097,-0.308293,0.826526,0.784512,0.427496,-1.93386,9.02852,2.78968,2.32492,-0.0351331,1.18833,-0.0983035,-0.292015,3.191,
102,-0.0431195,0.330072,-0.150082,-0.149474,-0.24939,0,0.265822,0.0468236,0.514434,0.986253,0.0172202,-0.0162925,0.163536,0.564678,0.891172,-0.158224,-0.526407,-0.48572,-0.647438,0.521791,0.885011,2.59171,-0.188673,1.02139,-0.303997,-1.77341,-0.478617,-1.06788,2.66217,1.47962,-0.0141811,2.58129,0.140066,-0.0122153,5.86599,
103,-0.038801,0.216655,-0.246465,-0.203256,-0.393943,0,0.221344,0.0448525,0.5521,0.986224,0.0153257,-0.061447,0.152811,0.485094,0.993646,-0.131227,-0.527025,-0.311827,-0.632042,0.513218,1.23152,2.47731,-0.19944,0.45468,-0.379169,-1.64901,-0.339675,-2.1083,1.44643,-0.384433,-0.0128787,4.36201,0.471989,-0.327678,6.54121,
104,-0.0116489,0.041485,-0.319847,-0.253293,-0.346828,0,0.142101,0.0321847,0.556737,0.98526,0.0142523,-0.0883121,0.145808,0.336732,1.02682,-0.221655,-0.528038,-0.058796,-0.601054,0.49012,1.25178,2.18215,-0.269746,-0.215426,-0.223579,-0.864725,-0.069383,-3.80853,-0.106429,-3.20983,-0.021445,5.7417,0.769628,-0.595066,-0.894271,
105,-0.00383417,-0.172471,-0.357928,-0.290848,-0.191384,0,0.0121408,0.00838173,0.530958,0.982789,0.00974444,-0.108047,0.149524,0.0923238,0.975013,-0.441546,-0.529028,0.246767,-0.557545,0.458821,1.21563,1.97995,-0.325534,-0.818552,-0.31609,-0.639843,0.454826,-5.94913,-1.95168,-5.56689,-0.0176551,6.47498,0.969819,-0.656889,-0.554849,
106,0.00809391,-0.369296,-0.142433,-0.226534,-0.0938192,0,-0.173196,-0.0201791,0.477042,0.980629,0.00466857,-0.122633,0.152662,-0.262308,0.826283,-0.549919,-0.52989,0.549035,-0.518451,0.426191,1.15695,2.28576,-0.12348,-1.2393,0.0292469,-0.295957,0.480683,-8.22817,-3.98154,0.557424,0.0073183,2.48011,0.0862498,-0.661641,-1.78084,
107,0.0708176,-0.360059,0.0723907,-0.0512074,-0.0447682,0,-0.331757,-0.0324693,0.432036,0.982584,0.016434,-0.0863246,0.163728,-0.591521,0.589707,-0.528998,-0.523787,0.533944,-0.522666,0.395154,1.00208,1.71927,0.15804,-0.170494,-1.02895,1.5264,-0.44786,-0.137668,-5.45664,0.200742,0.212211,-1.19852,-0.159208,-0.555148,-4.31114,
108,0.0742177,-0.28615,0.195534,0.0208264,0.0658765,0,-0.299374,-0.0244682,0.422948,0.986231,0.00502676,-0.0432198,0.159545,-0.532283,0.493772,-0.524399,-0.52259,0.416963,-0.535289,0.380454,0.725697,1.87849,0.0510485,-0.395743,0.112214,1.62638,-0.0566208,1.54318,0.703728,0.028601,-0.0330385,-3.49519,-0.361405,-0.0320288,-6.71956,
109,0.0481936,-0.13514,0.295247,0.0818935,0.16262,0,-0.245002,-0.0208833,0.392141,0.986899,-0.00528603,-0.00816825,0.161043,-0.421541,0.532112,-0.511082,-0.523901,0.192601,-0.557085,0.392217,0.465309,2.1483,-0.0641841,-0.741119,-1.05391,0.870057,0.35076,2.87605,0.828125,0.496962,-0.00979737,-5.45238,-0.500028,0.494554,0.259055,
110,-0.000209878,0.0759305,0.330986,0.12961,0.107661,0,-0.151134,-0.0128954,0.402286,0.984708,-0.00754204,-0.0100282,0.173758,-0.238241,0.581329,-0.455754,-0.523219,-0.107761,-0.577653,0.425407,0.507651,2.64414,-0.843306,0.653871,-0.758501,-0.529285,0.896354,4.54079,1.18184,1.67477,-0.00759165,-6.61073,-0.371177,0.825478,0.560595,
111,0.00416286,0.311842,0.364181,0.171987,0.020435,0,-0.00248405,0.00265148,0.428074,0.981625,-0.00744413,-0.0188137,0.189743,0.0429902,0.662369,-0.354158,-0.523479,-0.456932,-0.597417,0.465855,0.548588,2.80871,-0.90787,0.48485,-4.11976e-05,-0.403164,0.387097,6.65461,2.02308,2.38401,-0.00351194,-7.32027,-0.390308,0.799397,1.08305,
112,-0.00220876,0.374618,-0.0742846,0.00148444,-0.109762,0,0.199675,0.0312444,0.474902,0.985488,0.00282992,-0.0296599,0.167112,0.42833,0.783636,-0.231924,-0.524328,-0.557783,-0.60675,0.507421,0.658948,2.82819,-0.772415,0.773396,0.491316,-0.588165,-1.49245,8.857,2.98065,2.48063,-0.0200943,0.875096,-0.149449,0.835666,3.30414,
113,0.00499524,0.326324,-0.14688,-0.146253,-0.267699,0,0.269498,0.0496807,0.50117,0.987625,0.0195584,-0.0388105,0.150691,0.574686,0.92917,-0.132139,-0.525464,-0.479771,-0.608382,0.528169,0.888537,2.46746,-0.677001,0.277258,0.619017,-0.381092,-0.119439,-1.28019,2.84511,1.5274,-0.0237439,2.23902,0.0829783,-0.0770676,5.85945,
114,-0.0603346,0.228307,-0.21137,-0.194389,-0.407609,0,0.220016,0.0470854,0.532438,0.987661,0.017081,-0.0650221,0.141445,0.485952,1.04134,-0.105068,-0.526284,-0.329192,-0.590789,0.524573,1.22682,2.24576,-0.0211541,0.922461,-1.18041,-2.27218,-0.305264,-2.26294,1.65353,-0.436078,-0.0017558,3.80657,0.596587,-0.0454476,6.29174,
115,-0.0398738,0.0729626,-0.286539,-0.242502,-0.358936,0,0.139682,0.0340202,0.561188,0.984603,-0.00337795,-0.113647,0.132777,0.336465,1.08629,-0.200409,-0.526648,-0.103533,-0.553435,0.511283,1.24944,1.93526,-0.0754848,0.241304,-1.08941,-1.67968,-0.0592619,-3.70153,0.157216,-3.35406,-0.0078392,5.20187,0.899656,-0.483905,-0.815358,
116,0.0312438,-0.12284,-0.330861,-0.276534,-0.203534,0,0.0147993,0.0100216,0.5631,0.980334,-0.0122882,-0.132804,0.145455,0.102557,1.04946,-0.427403,-0.52508,0.174883,-0.515557,0.479864,1.2224,1.70602,-0.324608,-0.116823,0.304575,0.378213,1.20499,-5.63898,-1.61831,-5.70618,0.0722718,5.92899,0.0178157,-0.770069,-0.271488,
117,0.0380947,-0.318421,-0.31811,-0.290668,-0.0919659,0,-0.160809,-0.019879,0.545903,0.978453,-0.0092491,-0.118653,0.168718,-0.232182,0.91961,-0.570154,-0.523024,0.467278,-0.521304,0.448175,1.1866,1.83576,-0.161928,-0.563473,0.384364,0.578511,0.502118,-7.72643,-3.56075,0.925489,-0.00890109,5.77,-0.0969145,-0.498977,-1.15234,
118,0.0416004,-0.374336,0.0429361,-0.0576703,-0.0716728,0,-0.32433,-0.0366472,0.506933,0.975117,-0.00905823,-0.101952,0.19665,-0.568864,0.692162,-0.531816,-0.523464,0.55732,-0.529613,0.430261,1.0723,2.26897,-0.335069,-1.00253,-0.00825162,0.679554,0.860899,-0.761251,-5.51647,0.447744,-0.00473828,-0.959384,-0.239199,-0.19789,-3.4016,
119,0.0473946,-0.308925,0.16964,0.0185461,0.0191606,0,-0.299933,-0.0237163,0.451317,0.974488,0.00932915,-0.0705192,0.212868,-0.534655,0.47647,-0.523344,-0.523529,0.452359,-0.547459,0.428104,0.837424,2.37076,-0.315504,-1.27027,1.73333,0.847285,0.584569,1.00424,-0.0169936,-0.0991729,-0.00181133,-3.23167,-0.473925,0.103927,-5.96353,
120,0.136934,-0.170629,0.287295,0.0785471,0.160898,0,-0.261758,-0.0218705,0.401509,0.970917,-0.00459286,-0.0220357,0.238357,-0.455648,0.51556,-0.5233,-0.523506,0.244079,-0.573862,0.441004,0.490233,2.7198,0.372982,-0.630356,-0.0788788,3.45915,1.61033,2.13819,0.916294,0.0541299,0.00706704,-5.04351,-0.546009,0.395511,-6.40372,
121,-0.0299013,0.0334855,0.328411,0.137957,0.139953,0,-0.18521,-0.0161605,0.390683,0.963641,0.000604156,0.00431337,0.267166,-0.303376,0.572126,-0.490891,-0.523543,-0.047449,-0.600915,0.486167,0.487462,2.81285,-0.807718,0.575629,-0.677451,-1.388,0.998188,3.87106,1.26673,1.21749,-0.00141676,-6.53863,-0.43311,1.4179,1.12063,
122,0.00551643,0.271373,0.366295,0.182406,0.0564647,0,-0.0583627,-0.00368179,0.442866,0.957553,-0.0130759,-0.0234907,0.287,-0.0604461,0.654144,-0.405953,-0.523448,-0.394267,-0.618168,0.533453,0.548558,3.25321,-0.8994,1.25546,-0.173804,-0.364012,0.870811,5.87532,2.05732,2.16692,-0.00128919,-7.35875,-0.319792,-0.0542801,1.31121,
123,-0.00260402,0.384578,-0.0736157,0.0163705,-0.0717968,0,0.128227,0.0215292,0.493981,0.955954,-0.00804037,-0.0344219,0.29138,0.293581,0.787673,-0.28878,-0.52379,-0.574268,-0.63408,0.525783,0.662134,2.99438,-0.591394,0.780926,0.374617,-0.599051,-0.614418,8.26999,3.27413,2.52084,-0.0116799,0.968407,-0.320044,-0.136461,3.2153,
124,-0.00139269,0.340978,-0.122532,-0.0988794,-0.237111,0,0.270285,0.0510275,0.522197,0.956048,0.0155782,-0.0446941,0.289364,0.5777,0.949424,-0.179499,-0.524607,-0.503128,-0.64559,0.517664,0.889296,2.63586,-0.603645,0.347967,1.42997,-0.564859,0.806801,-0.172242,3.19225,1.83857,-0.0254542,1.84037,-0.142592,-0.199022,5.84562,
125,-0.0368465,0.255146,-0.17655,-0.145843,-0.393835,0,0.237099,0.0528158,0.544891,0.952649,0.0362243,-0.0475679,0.298137,0.522357,1.08688,-0.131791,-0.52582,-0.36957,-0.64023,0.509132,1.23216,2.15449,0.194702,1.46368,-1.12414,-1.59123,-0.520046,-1.54259,2.3212,0.117905,-0.010085,3.28818,0.473117,-0.0380171,6.25011,
126,-0.0184409,0.11662,-0.264031,-0.197381,-0.36117,0,0.177684,0.0452403,0.603769,0.955332,0.0189898,-0.0837503,0.282783,0.414386,1.17327,-0.197567,-0.526559,-0.165944,-0.607885,0.500493,1.25086,1.83992,0.0415618,0.873047,-1.1014,-1.05959,-0.398553,-2.76332,1.1452,-2.72603,-0.015108,4.83655,0.823501,-0.306147,-0.864202,
127,-0.0163296,-0.0718657,-0.320223,-0.24112,-0.225924,0,0.078944,0.0256608,0.632218,0.954404,-7.60643e-06,-0.116145,0.274996,0.231074,1.19287,-0.396305,-0.527196,0.101971,-0.559462,0.482046,1.2268,1.67352,-0.0581519,0.25767,-1.11785,-0.99919,-0.00199738,-4.55418,-0.349239,-5.20335,-0.0100673,5.87222,1.11154,-0.430868,-0.188754,
128,-0.0113083,-0.27716,-0.330546,-0.271209,-0.106915,0,-0.0708477,-0.00518576,0.630523,0.952641,-0.0184741,-0.146056,0.266084,-0.0492189,1.13153,-0.558983,-0.527625,0.403132,-0.514214,0.458154,1.20434,1.72545,0.113214,-0.290859,-1.06911,-0.854467,-0.719504,-6.63188,-2.09179,0.448466,-0.00864348,6.17734,0.0212615,-0.520401,-0.704812,
129,0.0301392,-0.381348,0.0516112,-0.138499,-0.0906315,0,-0.26729,-0.0394917,0.605063,0.950495,-0.0349561,-0.165135,0.260897,-0.433283,0.979356,-0.532163,-0.527391,0.568906,-0.521964,0.430009,1.11917,1.95017,0.26847,-0.527504,0.518723,0.343949,0.600369,-8.72088,-3.97803,0.303835,0.0799681,-0.763092,-0.178123,-0.613485,-2.69502,
130,0.0606074,-0.328929,0.146935,0.0185834,-0.0127261,0,-0.330002,-0.0406926,0.575006,0.953427,-0.0137289,-0.134881,0.269436,-0.575706,0.759513,-0.524988,-0.522755,0.483905,-0.537744,0.406133,0.917532,2.20985,0.013198,-0.793597,1.32273,1.23105,-0.0581332,1.31246,-4.80353,0.047435,0.00825995,-2.62608,-0.45556,-0.344939,-5.34435,
131,0.066762,-0.205915,0.266178,0.0833811,0.118287,0,-0.277093,-0.023872,0.52203,0.956945,0.0101071,-0.0939954,0.274443,-0.48511,0.52858,-0.523845,-0.523374,0.295902,-0.567465,0.400275,0.596552,2.38046,-0.0386914,-1.33554,1.45266,1.40904,0.145882,2.30314,-4.43658,0.00733657,-0.0148915,-4.87598,-0.730758,0.106719,-7.47757,
132,0.0646524,-0.00796619,0.354752,0.142671,0.147713,0,-0.193966,-0.0152802,0.463394,0.952982,4.09263e-05,-0.0754706,0.293479,-0.324882,0.505145,-0.502376,-0.52349,0.0112841,-0.606189,0.416698,0.487645,2.97342,0.302723,-0.807585,-1.55813,1.34769,1.73633,4.08308,0.768304,0.8046,0.00493407,-6.4235,-0.792391,0.536617,0.887217,
133,0.130617,0.227775,0.406634,0.196933,0.0892488,0,-0.0558993,-0.00328555,0.44314,0.941236,-0.0186745,0.000883716,0.33723,-0.0620223,0.568908,-0.441451,-0.523416,-0.328396,-0.64406,0.453875,0.528582,3.40794,0.634217,-0.621646,0.50836,3.27334,1.71747,6.42734,1.77015,1.72466,-0.00466714,-7.3109,-0.78362,0.966146,0.763338,
134,-0.00692022,0.3908,-0.0105086,0.0405376,-0.0161226,0,0.143679,0.0200927,0.435894,0.947677,0.0113615,0.0090137,0.318903,0.315139,0.684817,-0.336985,-0.523575,-0.584639,-0.677353,0.530183,0.608245,2.41033,0.396249,0.958255,-1.02165,-0.723584,-1.96088,8.78507,2.93084,2.38157,0.0041407,0.41746,-0.381971,1.75202,2.30622,
135,-0.00244998,0.350555,-0.0776883,-0.101427,-0.168399,0,0.270491,0.0440071,0.487471,0.958126,0.0250797,-0.00371178,0.285221,0.569557,0.830323,-0.22444,-0.524639,-0.518536,-0.687531,0.532515,0.791349,1.82448,0.632559,1.38025,0.3835,-0.595447,-0.498776,-0.512231,2.94463,2.1091,-0.0328197,1.75313,0.00603718,-0.297459,4.90753,
136,-0.0342609,0.264904,-0.179303,-0.1544,-0.331693,0,0.240467,0.046185,0.549252,0.959818,0.0361392,-0.0350414,0.276073,0.519488,0.955465,-0.152008,-0.525715,-0.384394,-0.678788,0.517596,1.09268,1.7926,0.649244,1.00209,-0.044388,-1.5163,-0.31536,-1.27716,2.06684,0.800256,-0.0174989,3.60313,0.335313,-0.300888,7.16117,
137,-0.00370619,0.115952,-0.26623,-0.204796,-0.384694,0,0.188274,0.0405695,0.583023,0.96014,0.0452734,-0.0610906,0.26898,0.424092,1.02792,-0.173218,-0.526818,-0.164985,-0.654122,0.496594,1.276,1.54724,0.529446,0.344639,0.176145,-0.633933,-0.213183,-2.52943,0.840731,-1.62941,-0.0279443,5.16238,0.648828,-0.535885,-1.03143,
138,0.00305505,-0.0850097,-0.326083,-0.248568,-0.276057,0,0.0963998,0.0241755,0.586213,0.959072,0.051475,-0.0730509,0.268691,0.251809,1.03126,-0.322786,-0.528176,0.120705,-0.61496,0.469693,1.23241,1.37262,0.401832,-0.217013,0.0467166,-0.439879,0.232627,-4.34633,-0.695042,-4.33154,-0.025586,6.25618,0.91634,-0.54037,-0.457273,
139,0.0108325,-0.303106,-0.344198,-0.278001,-0.106477,0,-0.0478755,-0.0017507,0.561368,0.955946,0.053278,-0.0799757,0.277367,-0.0197587,0.951555,-0.553737,-0.529362,0.443266,-0.565612,0.443812,1.19441,1.32009,0.463031,-0.749736,0.0795175,-0.216271,-0.0293845,-6.48104,-2.47651,-1.43598,-0.0230097,6.65493,1.06037,-0.488705,-1.05641,
140,0.0170814,-0.374976,0.0687281,-0.130247,-0.0734168,0,-0.24236,-0.0289245,0.51241,0.951154,0.0546114,-0.0851939,0.291661,-0.398616,0.779493,-0.538368,-0.530366,0.558374,-0.516835,0.42123,1.08762,1.63409,0.670305,-1.21073,-0.024698,-0.036637,1.29134,-8.65698,-4.3935,0.480985,-0.0176536,-0.835096,0.356906,-0.415691,-3.20022,
141,0.0628495,-0.323181,0.168511,0.0166062,0.0104471,0,-0.314642,-0.0281841,0.447878,0.948104,0.0302637,-0.0799932,0.306242,-0.559901,0.540739,-0.525919,-0.530948,0.474793,-0.521968,0.40491,0.862907,1.80384,0.928193,-1.2873,-1.88039,1.28791,0.193873,0.782507,-5.15042,0.0878432,-0.00500581,-2.48767,-0.260023,-0.244001,-5.76684,
142,0.121573,-0.210237,0.278595,0.0784121,0.14657,0,-0.279954,-0.0231291,0.402019,0.945273,0.00335535,-0.0276726,0.325089,-0.49255,0.504389,-0.520932,-0.523266,0.302302,-0.53595,0.402872,0.521817,2.14557,1.14835,-0.764196,0.444552,3.00786,1.23768,1.91186,0.598523,0.107636,0.213419,-4.42427,-0.324279,0.16829,-6.47537,
143,-0.0115138,-0.0265926,0.331824,0.138289,0.134954,0,-0.209682,-0.0178879,0.377968,0.936752,0.000734216,-0.00464769,0.349963,-0.352091,0.545671,-0.488721,-0.522579,0.0376765,-0.552762,0.433846,0.496153,2.55852,0.233786,0.611041,-0.236712,-0.855364,1.07435,3.56066,0.946693,1.15849,-0.0265136,-6.00107,-0.200784,1.07089,0.804795,
144,-0.0231878,0.201981,0.387798,0.193564,0.0653803,0,-0.0885886,-0.0068308,0.409037,0.924832,-0.00427757,-0.0148837,0.380059,-0.119035,0.616288,-0.408064,-0.523517,-0.290089,-0.563582,0.483796,0.530424,2.90503,0.248765,0.542261,-0.129293,-1.19381,0.663989,5.69387,1.83959,2.092,-0.013948,-7.13707,-0.249632,0.953871,0.583973,
145,-0.0227391,0.382714,0.0285887,0.0627523,-0.041693,0,0.0930482,0.015345,0.455428,0.923531,-0.00227152,-0.0428233,0.381118,0.224304,0.734759,-0.293202,-0.523479,-0.571171,-0.569362,0.527368,0.596361,3.00442,0.313454,0.999617,0.025779,-1.18079,-1.05792,8.07697,2.95329,2.51844,0.000259152,-0.32657,-0.061453,0.650451,2.03414,
146,0.0142578,0.35673,-0.0571856,-0.0513178,-0.189533,0,0.274674,0.0481065,0.500788,0.932994,0.0143543,-0.0562425,0.355179,0.582029,0.888332,-0.17765,-0.524096,-0.528534,-0.567097,0.526456,0.76527,2.57446,0.392851,0.78502,0.73863,-0.111993,-0.49372,1.67307,3.1892,2.07816,-0.0262666,1.2472,0.143137,-0.225799,4.69712,
147,0.017377,0.287001,-0.164404,-0.130297,-0.344915,0,0.248941,0.0521359,0.527199,0.934762,0.0316318,-0.0508463,0.350191,0.541732,1.03449,-0.110991,-0.525394,-0.418276,-0.551341,0.517608,1.05961,2.45533,0.344443,0.273387,0.681578,-0.0231177,-0.245432,-1.34543,2.66091,0.609148,-0.0249477,3.15266,0.485875,-0.122679,7.05805,
148,-0.047424,0.153973,-0.260883,-0.180764,-0.401208,0,0.195607,0.0473415,0.544358,0.933433,0.0388024,-0.0844779,0.346496,0.446162,1.14039,-0.143885,-0.525708,-0.219847,-0.520079,0.515035,1.27382,1.92864,0.0518356,0.303303,-0.861745,-1.89737,-0.121215,-2.47376,1.58179,-1.90341,0.00120584,4.78236,0.305558,0.0172039,-0.747363,
149,-0.0447865,-0.0342816,-0.324973,-0.226529,-0.285019,0,0.104308,0.030592,0.543681,0.928449,0.0325901,-0.134962,0.344536,0.277487,1.18435,-0.309735,-0.525625,0.0485779,-0.521237,0.507096,1.23396,1.78023,-0.0947283,-0.341592,-0.972597,-1.8209,0.323421,-4.25811,0.188093,-4.70758,0.00295307,5.94528,-0.0719755,-0.332449,-0.437025,
150,0.0181335,-0.246818,-0.351908,-0.254892,-0.109658,0,-0.0400174,0.000976945,0.521682,0.918172,0.0394004,-0.137898,0.369312,0.0091074,1.15201,-0.555626,-0.522976,0.356981,-0.52314,0.482012,1.2054,1.7788,-0.226714,-0.647686,0.58418,0.00117162,0.642203,-6.42265,-1.46956,-1.51896,0.00237381,6.40989,-0.0132751,-0.649684,-0.686773,
151,0.0235384,-0.385025,0.0202224,-0.121208,-0.0888535,0,-0.236113,-0.0354124,0.478441,0.909473,0.0497006,-0.131844,0.391159,-0.368214,1.03328,-0.539256,-0.52341,0.57501,-0.523511,0.453341,1.1268,2.01903,-0.0133513,-1.02667,0.862094,0.157016,1.66922,-8.66192,-3.26425,0.509646,-0.0054507,-0.367669,-0.00288867,-0.511858,-2.44166,
152,0.117808,-0.343204,0.142494,0.0332197,-0.0198028,0,-0.334653,-0.0458331,0.448621,0.906506,0.0373107,-0.0882674,0.411173,-0.578741,0.851097,-0.526196,-0.523491,0.5067,-0.529338,0.433137,0.936738,1.76248,0.678756,-0.416541,-0.349568,2.89724,0.0549326,1.02856,-4.01193,0.0951875,-0.000652426,-2.15828,-0.237604,-0.294403,-5.13364,
153,0.118579,-0.235923,0.265623,0.0990747,0.107446,0,-0.290045,-0.0308735,0.414033,0.909793,0.00058129,-0.0251562,0.414299,-0.501468,0.661395,-0.524,-0.523588,0.340594,-0.549419,0.440129,0.623442,1.93654,0.646021,-0.975449,-0.207313,2.91975,0.124474,2.02769,-3.57958,0.0136423,-0.00241846,-4.46713,-0.562679,0.565659,-7.38004,
154,0.0523364,-0.0515513,0.343889,0.160832,0.150653,0,-0.210114,-0.0169421,0.383841,0.903149,-0.00962976,0.00290848,0.429209,-0.355331,0.512102,-0.505317,-0.523288,0.0730857,-0.579689,0.488641,0.485322,2.2462,0.369785,-0.244912,-0.0132914,0.99071,1.12085,3.78434,-1.11081,0.723746,0.00375676,-6.16434,-0.625112,1.36779,0.85523,
155,0.0171306,0.180368,0.391117,0.208855,0.0925379,0,-0.0838338,-0.00569263,0.396233,0.893705,-0.0104346,0.000197524,0.448533,-0.116942,0.522792,-0.442082,-0.523373,-0.258312,-0.607645,0.532066,0.521606,2.96371,0.378653,0.475651,0.125875,-0.0282213,0.882072,5.81262,0.850158,1.78649,-0.00421684,-7.13115,-0.530143,-0.0944361,0.527406,
156,0.0101569,0.38817,0.0968357,0.106477,-0.00459921,0,0.103905,0.0130904,0.422422,0.88969,-0.00425699,-0.00249059,0.456538,0.234711,0.598998,-0.33723,-0.523787,-0.580247,-0.630848,0.525694,0.580712,3.16668,0.465079,0.877435,0.570631,-0.230224,-1.1872,8.17787,2.1126,2.43441,-0.024126,-1.45811,-0.319148,-0.0739056,1.82429,
157,-0.0154895,0.362448,-0.0676427,-0.0507629,-0.151632,0,0.272068,0.0379267,0.456291,0.903088,0.0154921,-0.00478784,0.42915,0.564868,0.721418,-0.219157,-0.525026,-0.537836,-0.643897,0.523677,0.740697,2.55294,0.397283,0.731242,0.355684,-0.972735,-0.518379,0.725921,2.78261,2.26161,-0.0221564,1.43659,-0.187757,-0.0139636,4.54421,
158,-0.0293049,0.293462,-0.145839,-0.110568,-0.315733,0,0.250821,0.0420153,0.520374,0.904925,0.0246908,-0.0331295,0.42356,0.532069,0.848546,-0.136001,-0.526503,-0.42827,-0.639283,0.523317,1.02241,1.83314,0.841636,1.15296,-0.248548,-1.37371,-0.117805,-1.04019,2.29583,1.07049,-0.027625,3.1033,0.250076,-0.0525725,6.81155,
159,-0.00202879,0.161992,-0.240764,-0.160391,-0.40667,0,0.207439,0.0397681,0.562724,0.904079,0.0324086,-0.060798,0.421775,0.454466,0.940249,-0.141084,-0.527986,-0.231497,-0.619475,0.515336,1.28492,1.65894,0.670298,0.500162,-0.00749903,-0.586622,-0.0377214,-2.05874,1.37869,-1.25525,-0.0366861,4.75998,0.537424,-0.263184,-0.3671,
160,0.00628834,-0.0268732,-0.311475,-0.206123,-0.308018,0,0.129579,0.0282026,0.573438,0.901739,0.0358583,-0.071126,0.424878,0.309775,0.977998,-0.276346,-0.529821,0.0380742,-0.585938,0.502051,1.23872,1.53215,0.479078,-0.064174,-0.090771,-0.348074,0.364185,-3.71461,0.141174,-4.1319,-0.0351458,6.01175,0.803264,-0.268436,-0.596882,
161,0.0159853,-0.245249,-0.347228,-0.239859,-0.124029,0,0.00191132,0.00630407,0.556164,0.895165,0.0341283,-0.0774055,0.437633,0.0714993,0.946903,-0.534196,-0.531454,0.354616,-0.541412,0.489982,1.20454,1.41606,0.347473,-0.617712,-0.122439,-0.0694127,0.630816,-5.79304,-1.37249,-5.03091,-0.0297464,6.64895,0.97844,-0.212847,-0.768467,
162,0.0169869,-0.389817,0.0525494,-0.0990505,-0.0813062,0,-0.17945,-0.0212815,0.514319,0.890783,0.0312134,-0.0804054,0.446169,-0.273491,0.835805,-0.547508,-0.532882,0.582997,-0.51713,0.482539,1.1223,1.69743,0.738996,-1.05238,-0.253455,-0.0418853,1.28159,-8.01233,-3.06031,0.720128,-0.0235157,-0.50618,-0.120263,-0.104669,-2.50344,
163,0.0529307,-0.346344,0.137565,0.029127,-0.0160467,0,-0.326747,-0.0357861,0.450542,0.877709,0.0248606,-0.0774133,0.472247,-0.575568,0.668011,-0.526815,-0.533396,0.511748,-0.52694,0.480561,0.928672,1.92387,0.734624,-1.33332,1.18139,0.997823,0.353212,-0.283299,-3.64222,0.146631,0.0665756,-2.03633,-0.259309,0.0373126,-5.23045,
164,0.132011,-0.247176,0.27042,0.101301,0.112536,0,-0.296682,-0.0246854,0.396261,0.871837,0.0113611,-0.0218908,0.489175,-0.526119,0.503992,-0.523408,-0.526147,0.357521,-0.544387,0.491328,0.609946,1.88266,1.44914,-0.754842,-0.421652,3.3116,1.32376,1.52609,-1.2229,-0.0125262,0.224,-4.09202,-0.421699,0.379903,-7.49419,
165,-0.0377482,-0.0742507,0.345334,0.167822,0.152033,0,-0.236176,-0.0194886,0.371336,0.858108,-0.00303212,0.00214954,0.513456,-0.405457,0.516265,-0.503041,-0.522295,0.105368,-0.567403,0.530333,0.478052,2.19232,0.827613,0.345104,-0.652654,-1.6138,1.14527,3.21376,0.673482,0.809086,-0.0306942,-5.92724,-0.432633,0.436221,1.08699,
166,0.0203083,0.154148,0.414349,0.229157,0.0895828,0,-0.124579,-0.0101594,0.406432,0.835397,-0.00355686,-0.00406416,0.549621,-0.188698,0.578223,-0.436763,-0.523364,-0.2201,-0.587319,0.525421,0.519848,2.4466,1.13619,0.570286,-0.205284,0.0636616,1.80988,5.4913,1.81941,1.84718,-0.0160536,-7.18408,-0.436622,-0.288085,0.543641,
167,-0.00545163,0.381497,0.189184,0.158891,-0.00839292,0,0.053354,0.00973776,0.444642,0.82335,0.00462498,-0.0215016,0.567108,0.148679,0.703404,-0.328694,-0.524065,-0.569152,-0.605509,0.51674,0.575495,2.82189,1.19691,1.35924,0.0923715,-0.681628,-0.520619,7.96484,3.07123,2.47989,-0.0284997,-2.71145,-0.162498,-0.0530469,1.66401,
168,-0.0103022,0.366338,-0.0291173,0.0149562,-0.153179,0,0.258479,0.0451026,0.501412,0.834986,0.0238998,-0.0337773,0.548713,0.549526,0.88204,-0.208458,-0.525614,-0.54419,-0.611498,0.51323,0.726468,2.46525,1.16596,0.904336,0.525804,-0.823375,-0.327472,3.61425,4.06547,2.29736,-0.0334406,1.1964,-0.0802171,-0.109826,4.35107,
169,-0.00670311,0.300666,-0.132831,-0.0773555,-0.316517,0,0.248544,0.0548548,0.534005,0.832613,0.0450864,-0.0415641,0.55045,0.544445,1.08312,-0.124828,-0.527285,-0.439462,-0.6072,0.50536,1.00565,2.32056,1.04521,0.402069,0.534533,-0.721019,0.151837,-0.917769,3.97799,1.07142,-0.0318557,2.98564,0.251485,-0.194481,6.79791,
170,-0.0113352,0.175138,-0.249344,-0.125354,-0.409262,0,0.20731,0.0551534,0.557249,0.83393,0.0580804,-0.0405458,0.547305,0.476121,1.24531,-0.129655,-0.529433,-0.250663,-0.583862,0.494896,1.27316,1.52524,0.105521,0.862642,0.120711,-0.857055,-0.191928,-1.80127,0.716866,-1.26096,-0.0488744,4.59395,0.657275,-0.218123,-0.0552532,
171,-0.00532121,-0.00760508,-0.32136,-0.173611,-0.31397,0,0.137621,0.0389554,0.586756,0.833202,0.0687673,-0.0558261,0.545829,0.342383,1.22252,-0.265659,-0.531831,0.0107726,-0.541731,0.482177,1.23665,1.44035,-0.131633,0.305811,-0.0130974,-0.685624,0.190357,-3.53313,-0.992475,-4.1555,-0.0464749,5.85203,1.02708,-0.291726,-0.514306,
172,0.00633927,-0.222799,-0.36094,-0.211081,-0.13204,0,0.0158292,0.0118144,0.588182,0.826877,0.0732587,-0.0685931,0.553356,0.111101,1.14208,-0.525747,-0.534023,0.320972,-0.515563,0.466872,1.21002,1.35034,-0.293059,-0.235606,-0.158078,-0.350804,0.473136,-5.69477,-2.21542,-5.11987,-0.04064,6.55541,-0.155084,-0.318356,-0.550109,
173,0.00499333,-0.384123,-0.00219324,-0.0881645,-0.0909845,0,-0.163417,-0.0214655,0.564908,0.824277,0.0766771,-0.0771734,0.555637,-0.231682,0.995168,-0.545461,-0.536054,0.573511,-0.522388,0.452571,1.14249,1.48875,0.133942,-0.692153,-0.0864362,-0.391737,1.02798,-8.01868,-3.65186,0.644193,-0.0363687,0.116928,-0.0910821,-0.274352,-2.13397,
174,0.0145118,-0.351999,0.100253,0.0313612,-0.0318467,0,-0.334761,-0.0433957,0.517706,0.807398,0.0761645,-0.0854289,0.578799,-0.582601,0.800441,-0.527428,-0.537808,0.52087,-0.530784,0.439916,0.968043,1.7118,0.223672,-1.20034,-0.210847,-0.118361,0.633895,-1.58857,-4.1305,0.142714,-0.0311966,-1.65992,-0.245719,-0.212558,-4.82106,
175,0.0947442,-0.262833,0.236824,0.11775,0.0892087,0,-0.306803,-0.0303435,0.459412,0.8026,0.049741,-0.0864108,0.588126,-0.539384,0.60434,-0.524193,-0.537969,0.381243,-0.550511,0.432198,0.668426,1.50079,0.878106,-0.607849,-0.16443,2.20854,0.599142,1.49126,-3.713,0.0163307,0.157924,-3.78511,-0.487767,-0.12056,-7.15576,
176,0.0666247,-0.10344,0.3462,0.183923,0.157398,0,-0.245314,-0.0199249,0.440311,0.792796,0.0201697,-0.0412523,0.607755,-0.424128,0.504588,-0.510766,-0.524997,0.147046,-0.577281,0.442663,0.47777,1.7509,1.29825,-0.479163,-0.153113,1.40343,0.985576,3.11514,0.247823,0.584439,0.275935,-5.67103,-0.619881,0.546879,0.773597,
177,0.0825282,0.121403,0.42008,0.246153,0.103912,0,-0.134546,-0.0107258,0.408107,0.778959,-0.00574415,-0.0134719,0.626904,-0.209341,0.550267,-0.453725,-0.522203,-0.172817,-0.610429,0.481499,0.513419,1.90019,1.47675,-0.79202,0.433046,1.86844,0.866218,5.45626,1.56938,1.68646,-0.0368968,-7.10948,-0.703091,1.00278,0.37109,
178,-0.0252435,0.35869,0.383091,0.245346,0.014288,0,0.0385809,0.00710789,0.437402,0.78023,-0.00631584,-0.0264378,0.624902,0.117575,0.649253,-0.350338,-0.523841,-0.531716,-0.627509,0.531344,0.557048,3.03168,1.99684,1.64641,-0.161974,-1.25358,-0.750075,7.70897,2.46083,2.42727,-0.0447214,-6.02203,-0.0313432,0.109944,1.33305,
179,-0.0112413,0.369674,0.00925025,0.0822761,-0.124299,0,0.268443,0.0427276,0.50969,0.803727,0.021704,-0.0490152,0.592579,0.5643,0.81366,-0.227705,-0.526413,-0.549655,-0.626954,0.524112,0.687562,2.61559,1.97827,1.32236,0.151541,-0.851321,-1.65802,8.19606,4.09661,2.44385,-0.0557372,0.985929,0.083411,-0.257113,3.86295,
180,-0.00341392,0.309947,-0.103321,-0.0752436,-0.288206,0,0.262381,0.0543237,0.562136,0.813165,0.0360326,-0.0580608,0.578008,0.567744,1.0286,-0.132704,-0.529324,-0.453961,-0.615239,0.508083,0.943384,2.37159,1.71788,0.797068,0.209875,-0.627993,-0.573221,-1.64545,4.49673,1.39605,-0.0566413,2.84428,0.386616,-0.360936,6.35418,
181,0.0178779,0.186799,-0.203854,-0.126518,-0.414837,0,0.203686,0.0537671,0.587827,0.820081,0.0481256,-0.0655136,0.566445,0.468357,1.23407,-0.116776,-0.532107,-0.267738,-0.586445,0.489734,1.26769,2.31711,1.57766,0.16851,0.278265,-0.0153484,-0.641242,-2.32811,3.07896,-0.741856,-0.0602659,4.59665,0.75824,-0.369922,1.88577,
182,0.0361526,0.00475109,-0.276972,-0.17259,-0.339469,0,0.123705,0.0364297,0.580988,0.828093,0.0464215,-0.0556471,0.555888,0.317181,1.23402,-0.228459,-0.535087,-0.00672983,-0.539787,0.475069,1.24305,2.27391,1.32465,-0.40341,0.0858935,0.510241,-0.369356,-3.70569,-0.929977,-3.70067,-0.0574514,5.83124,1.11019,-0.221322,-0.695553,
183,0.0374176,-0.20864,-0.317709,-0.206695,-0.169249,0,0.00138033,0.00921821,0.549148,0.831037,0.0363163,-0.0396673,0.553611,0.0855876,1.15672,-0.470959,-0.53775,0.299937,-0.518281,0.470779,1.20982,2.06082,0.996416,-0.699765,-0.320712,0.544188,0.0576795,-5.54241,-2.15105,-5.98263,-0.0444863,6.43574,-0.113612,0.0530501,-0.589413,
184,-0.0162093,-0.388979,-0.0290775,-0.109439,-0.0876394,0,-0.169531,-0.0228348,0.525267,0.837987,0.0246752,-0.0708436,0.540509,-0.241891,1.01399,-0.554654,-0.539404,0.581598,-0.522818,0.481026,1.14984,1.72327,0.988813,-0.677441,-1.22631,-1.00792,-0.00296439,-7.55463,-3.55193,0.785815,-0.0277609,1.09266,-0.0552454,0.325466,-1.91664,
185,0.053893,-0.35832,0.132212,0.0254299,-0.0375269,0,-0.332779,-0.0440476,0.483984,0.833638,0.018062,-0.0856839,0.545325,-0.577079,0.820254,-0.529163,-0.538709,0.531116,-0.529433,0.493394,0.984764,1.93423,1.02778,-0.763009,1.29542,1.0204,-0.0354031,-1.59426,-4.19323,0.232938,0.115598,-1.7688,-0.200379,0.183101,-4.67694,
186,0.0731216,-0.265117,0.258305,0.114239,0.0796455,0,-0.305779,-0.0309583,0.434784,0.835791,0.0325119,-0.0386115,0.546722,-0.536161,0.620299,-0.523654,-0.532415,0.384719,-0.547302,0.512297,0.690872,2.12382,1.11491,-1.15509,1.10456,1.5847,0.167255,1.54531,-3.81119,0.0106373,0.128752,-4.0546,-0.506391,0.561748,-7.05529,
187,0.0810369,-0.0950345,0.370097,0.181526,0.157604,0,-0.240179,-0.019211,0.38797,0.826433,-0.00990139,-0.00852641,0.562883,-0.414592,0.497694,-0.509086,-0.524318,0.135021,-0.576143,0.52868,0.474422,2.10486,1.62295,-0.855639,0.457862,1.82294,0.761174,3.30597,0.162746,0.581764,0.257934,-5.97005,-0.652962,-0.0921182,0.659536,
188,0.000819678,0.133388,0.412905,0.231375,0.102835,0,-0.127087,-0.00977233,0.395637,0.816726,-0.00713058,-0.00527524,0.576957,-0.196563,0.533939,-0.451952,-0.522456,-0.190073,-0.602861,0.524864,0.513066,3.12877,1.36644,0.976418,-0.569662,-0.498766,0.846683,5.43098,1.25227,1.68892,-0.0306527,-7.01917,-0.431064,-0.0384665,0.478618,
189,-0.0290407,0.372933,0.373521,0.242642,0.0125539,0,0.0526583,0.00844734,0.437468,0.809237,-0.0063535,-0.0286792,0.586747,0.142578,0.636295,-0.350247,-0.523871,-0.55501,-0.624465,0.523604,0.5611,3.22557,1.42269,0.775925,0.0173741,-1.36343,-0.555193,8.07735,2.80266,2.39673,-0.0325619,-6.15721,-0.415217,-0.00574654,1.436,
190,0.0137023,0.373594,-0.032731,0.0126091,-0.127823,0,0.274434,0.0435104,0.484599,0.8366,0.0135833,-0.0227741,0.547172,0.576049,0.811687,-0.229018,-0.526931,-0.556097,-0.635264,0.519256,0.698465,2.61301,1.32184,0.762938,1.12131,-0.130887,-1.48952,3.76399,4.29072,2.39573,-0.0680601,1.35142,-0.15721,-0.214299,4.05079,
191,-0.0366164,0.301639,-0.140836,-0.0941112,-0.293873,0,0.254143,0.0524686,0.511713,0.849348,0.039232,-0.0110588,0.526258,0.55114,1.02333,-0.136114,-0.530249,-0.440977,-0.63496,0.510701,0.964158,2.31566,1.2213,0.560095,0.872067,-1.589,-0.417725,-1.37603,4.18381,1.33664,-0.0520937,3.23322,0.183316,-0.0719989,6.5238,
192,-0.0270472,0.176452,-0.197171,-0.140364,-0.417058,0,0.199651,0.0516819,0.585006,0.86384,0.0521411,-0.0545505,0.498082,0.458932,1.21048,-0.121831,-0.532951,-0.252582,-0.607535,0.509373,1.28274,1.23492,1.61372,1.53694,-0.907112,-1.31485,-1.61526,-2.31926,3.30201,-0.775607,-0.0602142,4.4937,0.788518,-0.100492,1.53988,
193,-0.013441,-0.00190141,-0.26717,-0.190468,-0.336147,0,0.119614,0.0354578,0.645125,0.881117,0.0443696,-0.0869581,0.462713,0.309362,1.23143,-0.235551,-0.535858,0.00269329,-0.559911,0.499554,1.24593,1.12624,1.43169,0.89749,-1.04529,-0.92435,-1.27307,-3.65037,-0.659214,-3.74845,-0.0544764,5.70514,1.11799,-0.293717,-0.80757,
194,-0.00274783,-0.210367,-0.300203,-0.228024,-0.161788,0,-0.000726309,0.00891504,0.674921,0.891716,0.0328992,-0.115697,0.43632,0.0822463,1.16412,-0.479723,-0.538344,0.302495,-0.513534,0.482577,1.20602,0.972986,1.32551,0.30786,-1.11337,-0.617761,-0.787604,-5.41881,-2.02363,-6.00085,-0.0439919,6.28272,0.0149981,-0.384489,-0.789202,
195,-0.00254392,-0.386172,-0.00493039,-0.137728,-0.07674,0,-0.166771,-0.0224853,0.677849,0.9035,0.0205126,-0.138372,0.405118,-0.235992,1.02342,-0.558066,-0.540453,0.57692,-0.521016,0.463473,1.12899,1.18862,1.77137,-0.160885,-0.985342,-0.613977,-0.707311,-7.30922,-3.59357,0.901485,-0.0382852,1.11795,-0.142832,-0.396379,-2.27456,
196,0.0124874,-0.357853,0.153792,-0.0205468,-0.0235326,0,-0.331291,-0.043916,0.657424,0.905721,0.00290075,-0.157501,0.393516,-0.573851,0.822401,-0.527118,-0.542279,0.530357,-0.532145,0.443304,0.947344,1.43878,1.84309,-0.649943,-1.1442,-0.181351,-0.66671,-2.44291,-4.43856,0.336156,-0.0333347,-1.68668,-0.302312,-0.390846,-4.96983,
197,0.0704256,-0.267431,0.269615,0.073997,0.0942312,0,-0.306977,-0.0302538,0.615669,0.913778,-0.018362,-0.163252,0.371513,-0.539907,0.601969,-0.514169,-0.543303,0.388247,-0.554907,0.426834,0.639213,1.66024,1.59556,-0.804449,0.468347,1.49549,-0.180909,1.57837,-4.38433,0.227112,0.0420945,-3.99141,-0.599458,-0.291362,-7.35428,
198,0.034429,-0.0967164,0.36875,0.142603,0.146909,0,-0.240047,-0.0191932,0.57287,0.918321,-0.00723538,-0.125258,0.375426,-0.414347,0.497527,-0.484187,-0.539553,0.137426,-0.589431,0.425108,0.458918,1.85608,1.48348,-0.977524,0.922977,0.455899,0.0581509,3.43778,0.483084,0.944048,0.0886647,-6.02341,-0.780012,0.223527,1.33391,
199,0.103768,0.138886,0.426805,0.197113,0.0741047,0,-0.118635,-0.00916118,0.518968,0.9188,0.00680055,-0.0979195,0.382325,-0.179843,0.547079,-0.411924,-0.533918,-0.198007,-0.630071,0.442196,0.515683,2.57145,1.61904,-0.545369,-0.0139343,2.47598,1.38175,5.90625,1.47349,1.80258,0.218919,-7.17254,-0.769741,0.433024,0.764686,
200,0.118963,0.367169,0.231925,0.140837,-0.0204645,0,0.0754032,0.0113267,0.49191,0.908523,-0.0362869,-0.035716,0.41472,0.18587,0.654476,-0.31309,-0.521918,-0.54555,-0.667547,0.482182,0.57842,2.65855,1.93754,-0.819499,-0.547168,2.93269,0.738671,8.71405,2.81642,2.22311,0.0905934,-3.0767,-0.756207,1.17798,1.73218,
201,0.0957284,0.362611,-0.00952649,-0.0384346,-0.158405,0,0.281161,0.0443769,0.475718,0.927225,0.0137829,-0.00436518,0.374225,0.589278,0.809287,-0.203699,-0.523527,-0.538102,-0.695253,0.536213,0.731417,2.80107,1.46687,0.388409,4.01362,2.25169,-1.25636,2.00242,3.31378,2.02681,-0.102943,1.02264,-0.21064,-0.0464849,4.31542,
202,-0.0443864,0.300583,-0.121533,-0.124132,-0.309947,0,0.254095,0.0490289,0.544394,0.934503,0.0526129,-0.0097314,0.351912,0.54677,0.963777,-0.134338,-0.526589,-0.439332,-0.692255,0.527272,1.00405,1.76151,1.25717,1.74396,-0.0323125,-1.81028,-0.839283,-1.33826,2.868,0.7752,-0.0433402,2.90457,0.314724,-0.120679,6.56001,
203,-0.0251667,0.175872,-0.216678,-0.176035,-0.400109,0,0.204571,0.04617,0.617574,0.939688,0.0662452,-0.0506443,0.331711,0.459058,1.08089,-0.152698,-0.528699,-0.251735,-0.667948,0.513199,1.28553,1.57227,1.16125,1.11762,0.0493792,-1.25621,-0.775637,-2.16747,1.82388,-1.49138,-0.0480708,4.59323,0.650485,-0.438284,0.0661204,
204,-0.0185816,-0.00651224,-0.285321,-0.223047,-0.294908,0,0.125377,0.0331791,0.658505,0.942734,0.0766319,-0.075591,0.315698,0.313372,1.13748,-0.298224,-0.531089,0.00922452,-0.627786,0.48716,1.2407,1.39776,1.05149,0.526448,-0.0396398,-1.06819,-0.401331,-3.64673,0.450799,-4.30669,-0.0456619,5.83371,0.954814,-0.602284,-0.65577,
205,-0.0170662,-0.219736,-0.315616,-0.258397,-0.117353,0,0.00156758,0.00866243,0.669897,0.942725,0.0831507,-0.09929,0.307404,0.0831817,1.11842,-0.545616,-0.533228,0.316409,-0.575038,0.45431,1.2074,1.30889,1.11103,-0.0426584,-0.0469997,-1.02652,-0.642881,-5.53074,-1.19804,-2.36313,-0.0408146,6.46101,1.1569,-0.704369,-0.674764,
206,-0.0144094,-0.379285,0.0276872,-0.143919,-0.0914995,0,-0.170495,-0.0229806,0.655457,0.944755,0.0924331,-0.121169,0.290192,-0.243835,1.01233,-0.539851,-0.535245,0.56549,-0.519815,0.416727,1.13428,1.59164,1.31887,-0.5044,-0.093769,-0.951729,0.285979,-7.54772,-3.03228,0.510611,-0.0355404,0.274224,0.473876,-0.81371,-2.23292,
207,-0.0011655,-0.351652,0.128076,-0.0337891,-0.0275759,0,-0.330363,-0.0444912,0.618179,0.939406,0.093083,-0.140645,0.298446,-0.570846,0.837571,-0.526366,-0.536952,0.520309,-0.521439,0.374311,0.955884,1.82625,1.29019,-1.00376,-0.274375,-0.570637,0.0079992,-1.59065,-3.94742,0.101561,-0.0308157,-1.54132,-0.188426,-0.864919,-4.88011,
208,0.0332235,-0.266378,0.25326,0.0511751,0.0951749,0,-0.306064,-0.0318254,0.561043,0.939502,0.0751382,-0.15199,0.297638,-0.535428,0.638558,-0.524047,-0.538173,0.386642,-0.538492,0.331965,0.653587,2.09435,1.4953,-1.07941,-2.10552,0.422398,0.808707,1.40032,-4.01844,0.0138717,-0.0113928,-3.73733,-0.483725,-0.849322,-7.18688,
209,0.0961886,-0.108241,0.346655,0.114167,0.159219,0,-0.243898,-0.0196481,0.518105,0.936082,0.0153232,-0.154094,0.315866,-0.421654,0.500497,-0.508498,-0.533902,0.153924,-0.565007,0.295559,0.46941,2.37935,1.68387,0.00652884,-0.221185,2.25474,1.21201,3.13173,0.00699066,0.512095,0.361292,-5.45595,-0.482374,-0.609639,1.02584,
210,0.105423,0.109531,0.416684,0.177308,0.104735,0,-0.131883,-0.0101611,0.509405,0.93624,0.00223978,-0.0956529,0.338083,-0.205793,0.53028,-0.454911,-0.520343,-0.155773,-0.591777,0.283649,0.513403,2.63052,1.72484,-0.346432,0.109237,2.53793,0.998283,5.47696,1.00926,1.62257,-0.022044,-6.89193,-0.580028,0.118428,0.490957,
211,0.0968423,0.348856,0.446156,0.223911,0.0181865,0,0.0507691,0.00782423,0.478312,0.933961,-0.0202561,-0.0397771,0.354576,0.137339,0.611837,-0.356193,-0.523122,-0.515795,-0.621701,0.309019,0.557481,2.73925,1.782,-0.898784,-0.173689,2.28459,0.471935,8.22622,2.24069,2.3197,-0.0566711,-7.5032,-0.615087,0.889283,1.26534,
212,0.0910281,0.372621,-0.0251824,-0.0372829,-0.117321,0,0.279068,0.0408461,0.45226,0.950575,0.0150561,-0.00453244,0.310097,0.581215,0.755154,-0.23551,-0.527178,-0.554497,-0.64351,0.372843,0.683571,2.90758,1.39053,0.461138,3.7107,2.111,-2.09008,3.75908,3.34153,2.41634,-0.133037,1.25693,-0.0752428,1.60216,3.73283,
213,-0.0531032,0.302632,-0.144357,-0.151086,-0.279874,0,0.25899,0.046831,0.511116,0.966304,0.0448312,-0.0182968,0.252809,0.552599,0.910797,-0.139123,-0.531453,-0.442526,-0.639091,0.465299,0.93225,1.87459,1.04414,1.34045,-0.370091,-2.06767,-2.48564,-1.43064,2.88988,1.45609,-0.0628506,3.19414,0.273607,2.13628,6.16914,
214,-0.038136,0.168604,-0.231547,-0.211032,-0.412359,0,0.205212,0.0434577,0.573991,0.978236,0.0318189,-0.0697173,0.192827,0.456183,1.02372,-0.118879,-0.534243,-0.241125,-0.614742,0.536291,1.26399,1.68876,1.16461,0.928251,-1.01421,-1.63697,-2.19471,-2.42288,1.64256,-0.630068,-0.0576105,4.87376,0.646807,-0.034026,2.86931,
215,-0.0232401,-0.0238326,-0.296214,-0.264277,-0.342898,0,0.118434,0.029265,0.603311,0.984386,0.018258,-0.104595,0.140397,0.295208,1.06494,-0.224619,-0.537146,0.0337645,-0.575456,0.522183,1.24597,1.46714,1.15971,0.269317,-0.964122,-1.20895,-1.79055,-4.0006,0.0195928,-3.57543,-0.0546531,6.10838,0.924766,-0.427486,-0.778672,
216,-0.0149689,-0.244173,-0.322377,-0.303199,-0.173029,0,-0.0148692,0.00432768,0.600641,0.985926,0.00209797,-0.134177,0.0997103,0.0456931,1.01716,-0.46158,-0.539626,0.352995,-0.525046,0.496852,1.20343,1.29793,1.21709,-0.379289,-0.968658,-0.972287,-1.24916,-5.96245,-1.91608,-5.88418,-0.0440915,6.65662,1.09092,-0.584932,-0.922107,
217,-0.0109611,-0.388463,0.0729037,-0.173335,-0.0680789,0,-0.196271,-0.0244991,0.570385,0.985315,-0.0159615,-0.157867,0.0630735,-0.30325,0.867794,-0.561557,-0.541601,0.580737,-0.518827,0.465473,1.11378,1.85778,1.4469,-0.801688,-1.05667,-0.85841,-0.767791,-7.988,-4.04115,0.927867,-0.034605,-0.458115,-0.146295,-0.681923,-2.64507,
218,0.0667793,-0.344855,0.140496,-0.0468793,-0.0101646,0,-0.326328,-0.0342703,0.534157,0.987103,-0.0128844,-0.152049,0.0484104,-0.57684,0.638284,-0.526026,-0.542827,0.509352,-0.530283,0.430284,0.913072,2.08801,0.682349,-0.620457,1.25954,1.39009,-0.822702,0.194712,-5.12634,0.48085,-0.00157206,-2.1199,-0.311139,-0.71222,-5.3624,
219,0.0701267,-0.241071,0.245609,0.0172346,0.108381,0,-0.29306,-0.0237151,0.495505,0.992155,0.00826691,-0.117885,0.0407877,-0.519829,0.490034,-0.504761,-0.542541,0.348325,-0.55047,0.40746,0.588655,2.43123,0.420296,-0.697876,-0.930921,1.48757,0.870419,1.63981,0.472472,0.345313,0.030429,-4.21734,-0.439397,-0.224723,-7.58247,
220,0.09188,-0.0654444,0.336465,0.081901,0.127154,0,-0.231337,-0.0192959,0.468399,0.99466,-0.0143221,-0.0790655,0.0647615,-0.39549,0.524038,-0.469768,-0.535996,0.0928328,-0.573926,0.408593,0.483389,2.72754,0.414099,-0.395497,0.303405,2.12701,0.997182,3.32056,0.74286,1.03624,0.245365,-5.98916,-0.501408,0.27304,1.02122,
221,0.0981584,0.166765,0.397598,0.142125,0.0615418,0,-0.115756,-0.0092356,0.443462,0.995607,-0.0156376,-0.0189015,0.0903615,-0.172464,0.57512,-0.397604,-0.522286,-0.238444,-0.600677,0.438591,0.522103,2.99844,0.313892,-0.780084,0.125307,2.32383,0.885163,5.58662,1.2969,1.87867,0.220905,-7.3054,-0.589525,0.928293,0.513766,
222,0.0227742,0.383279,0.0702738,0.0336583,-0.0348003,0,0.0634016,0.0100402,0.427393,0.996583,0.00594877,-0.00100386,0.0823784,0.163935,0.657756,-0.292904,-0.522432,-0.572109,-0.624677,0.504045,0.579118,3.24081,-0.713368,0.651053,0.852338,0.135895,-2.00232,7.78056,1.89704,2.31511,-0.0581286,-1.66746,-0.227344,1.70246,1.75397,
223,-0.00193468,0.36345,-0.0762651,-0.0576293,-0.171596,0,0.266473,0.0391602,0.461422,0.99931,0.016207,-0.0128612,0.0308554,0.556289,0.756393,-0.18608,-0.524983,-0.53947,-0.632512,0.533526,0.734545,2.71732,-0.299505,0.845702,-0.547572,-0.580899,-1.78179,6.44729,2.03662,1.94287,-0.0460812,1.18558,-0.0425957,-0.238103,4.43327,
224,-0.0463243,0.297539,-0.169045,-0.190433,-0.321045,0,0.263579,0.0438214,0.500351,0.998889,-0.001207,-0.0453055,0.0128762,0.556966,0.845505,-0.124063,-0.526999,-0.434597,-0.627173,0.522063,1.01658,2.30409,-0.0480471,0.624978,-0.89638,-1.86681,-0.34278,-1.48561,1.52949,0.576546,-0.033225,3.00935,0.253673,-0.219317,6.82633,
225,0.0216781,0.170308,-0.256599,-0.24322,-0.397925,0,0.209218,0.0373875,0.528998,0.996187,-0.0349051,-0.0797991,-0.00502138,0.453917,0.884978,-0.153011,-0.52835,-0.24361,-0.604851,0.503386,1.27976,2.06913,-0.00551833,0.386916,-0.533333,0.098283,0.0146814,-2.662,0.0696588,-1.66592,0.019756,4.66731,0.587944,-0.545985,-0.243417,
226,0.0514852,-0.015148,-0.32387,-0.28728,-0.289251,0,0.116918,0.0217192,0.537021,0.99732,-0.0412708,-0.0601637,0.00541394,0.2765,0.843718,-0.305363,-0.52649,0.0214584,-0.569432,0.480437,1.23776,1.80888,-0.0836551,-0.0949636,-0.249375,0.962838,0.686804,-4.40972,-1.70773,-4.43245,0.0385972,5.92979,0.832113,-0.36971,-0.558963,
227,0.00915049,-0.230168,-0.341604,-0.318103,-0.110452,0,-0.0263767,0.000151698,0.527356,0.997417,-0.0555917,-0.0383787,0.0244261,0.00230242,0.70758,-0.557116,-0.52434,0.331974,-0.524726,0.472022,1.20987,1.04074,0.304808,0.0446052,-1.36017,-0.259868,0.331769,-6.52381,-3.71251,-2.23442,0.052652,6.5106,0.950965,0.050776,-0.444501,
228,0.0313965,-0.385901,0.00947485,-0.196507,-0.0943059,0,-0.220524,-0.0170341,0.523385,0.996306,-0.0741289,-0.0305699,0.0307439,-0.377357,0.484828,-0.542629,-0.523299,0.576469,-0.519392,0.475937,1.14583,1.56261,0.277614,-0.119325,0.330239,0.384413,0.956055,-8.6609,-1.92252,0.612715,-0.00477001,-0.00715098,-0.127225,0.089044,-2.09578,
229,0.0349225,-0.347854,0.110289,-0.0381663,-0.0345269,0,-0.325144,-0.0274112,0.510006,0.997002,-0.0587963,-0.0208583,0.0457754,-0.584035,0.504172,-0.526517,-0.523517,0.51418,-0.528574,0.486463,0.973011,1.74137,-0.116579,-0.463656,0.738649,0.486216,0.0398067,1.18645,0.626154,0.113578,-0.00324685,-2.03839,-0.243048,0.337947,-4.79735,
230,0.0452858,-0.245989,0.22915,0.0236946,0.086318,0,-0.286929,-0.0247972,0.473556,0.997963,-0.0404411,-0.00395596,0.0491781,-0.504824,0.527632,-0.524053,-0.523682,0.355731,-0.545481,0.509198,0.675253,1.84374,-0.224018,-1.00132,0.810904,0.786051,0.275771,1.94596,0.314811,0.0139649,-0.00339982,-4.28169,-0.431408,0.569145,-7.09438,
231,-0.034618,-0.0666515,0.317177,0.0858619,0.160332,0,-0.218254,-0.0187819,0.413394,0.998094,-0.0237337,0.00434361,0.0567949,-0.368476,0.547473,-0.507637,-0.523577,0.0945501,-0.570905,0.528084,0.465186,1.77125,-0.523886,-1.1623,0.914599,-1.5245,0.302574,3.46676,0.466589,0.637,0.00755748,-6.15039,-0.570123,-0.058575,0.93464,
232,0.0253222,0.165344,0.320558,0.125416,0.0988861,0,-0.10292,-0.00802187,0.390527,0.996759,-0.00568751,-0.00602337,0.080017,-0.148111,0.581672,-0.447714,-0.523374,-0.236375,-0.594764,0.518777,0.515581,2.73923,-1.66139,1.07925,-0.241138,0.208639,0.917788,5.13129,0.756381,1.72406,0.00730373,-6.87892,-0.226738,-0.277366,0.801078,
233,-0.00162503,0.380709,0.0889199,0.0481874,-0.00164897,0,0.0597387,0.00924833,0.449988,0.995987,-0.0207615,-0.0181803,0.0851362,0.15574,0.637757,-0.34448,-0.523519,-0.567847,-0.603636,0.51128,0.585802,2.80371,-1.72062,1.00312,-0.443754,-0.570485,-0.687318,7.10512,1.54289,2.40462,-0.00982285,-2.5872,-0.186244,-0.0339673,1.97989,
234,-0.0126371,0.365636,-0.115873,-0.0420942,-0.151108,0,0.248863,0.0348692,0.48871,0.997298,-0.0254909,-0.0372124,0.0579857,0.519119,0.721658,-0.226654,-0.524118,-0.543041,-0.610894,0.509532,0.75206,2.75887,-1.50468,0.555415,-0.189245,-0.889373,-1.14708,7.42106,1.80914,2.29765,-0.011357,1.19615,-0.104613,-0.0432951,4.65031,
235,-0.00686375,0.301447,-0.206357,-0.178562,-0.319522,0,0.264608,0.0414673,0.504191,0.996744,-0.0196869,-0.0554914,0.0550891,0.555849,0.801637,-0.143655,-0.525035,-0.440678,-0.609641,0.503654,1.04555,2.3692,-1.42398,0.0863848,0.680793,-0.723412,0.301791,-1.30413,1.38851,1.0538,-0.0245309,2.89742,0.156394,-0.176034,7.07182,
236,0.00167045,0.180204,-0.262543,-0.228213,-0.395397,0,0.211537,0.035424,0.528449,0.994957,-0.0294311,-0.0784212,0.055175,0.454906,0.836638,-0.149335,-0.526137,-0.258071,-0.589579,0.497453,1.26628,1.79336,-0.621688,0.723996,-1.20687,-0.477858,-0.338662,-2.72758,0.0212164,-1.26528,-0.0281932,4.42236,0.620837,-0.0827058,-0.522334,
237,0.0360543,0.00326981,-0.331966,-0.274874,-0.302623,0,0.116954,0.0202368,0.55333,0.994302,-0.0502919,-0.0738571,0.0581327,0.273128,0.795822,-0.281364,-0.526383,-0.00463161,-0.553036,0.493333,1.23277,1.55802,-0.740082,0.242161,-0.708936,0.5161,0.513408,-4.51941,-1.64237,-4.01793,0.003114,5.70945,0.84397,-0.0783744,-0.386493,
238,0.0526869,-0.205178,-0.359519,-0.306447,-0.128994,0,-0.0302774,-0.000490991,0.552465,0.993088,-0.0711781,-0.0554511,0.0750654,-0.00792885,0.665034,-0.532753,-0.5261,0.294814,-0.51806,0.495931,1.21434,1.37995,-0.73749,-0.255761,-0.796822,0.998054,0.886152,-6.69754,-3.57425,-4.91817,0.0092317,6.26787,0.0553658,0.18214,-0.350728,
239,0.0469933,-0.379464,-0.0881573,-0.219045,-0.0971215,0,-0.231877,-0.0183067,0.531997,0.993354,-0.0765737,-0.0227243,0.0828699,-0.39876,0.493093,-0.546637,-0.523889,0.565786,-0.522027,0.514395,1.15949,1.79085,-0.538716,-0.584667,0.128671,0.8353,1.1025,-8.94647,-0.284818,0.691417,0.0518381,1.25952,-0.0902859,0.536282,-1.81806,
240,0.0197222,-0.354613,0.0815736,-0.0381207,-0.0485264,0,-0.316434,-0.027019,0.523167,0.992583,-0.0712414,-0.0190389,0.0966468,-0.565535,0.513211,-0.527253,-0.523208,0.525101,-0.529991,0.529165,1.00826,1.23159,-0.547551,-0.14008,0.458081,0.0468708,0.133363,0.924065,0.340239,0.142416,-0.00978095,-1.77327,-0.223903,-0.111456,-4.30136,
241,0.0304977,-0.262755,0.199953,0.0207543,0.0625281,0,-0.287182,-0.0246095,0.503209,0.992751,-0.059859,-0.0124281,0.103479,-0.505681,0.522751,-0.524173,-0.523701,0.381123,-0.545874,0.524781,0.733468,1.33418,-0.621287,-0.662798,0.519522,0.358009,0.419738,1.46278,0.0532677,0.0178284,-0.00996321,-3.96807,-0.409553,-0.0427513,-6.67114,
242,0.0149537,-0.0952334,0.297386,0.0821367,0.159774,0,-0.23285,-0.0196145,0.458769,0.992216,-0.0483587,-0.00521673,0.114639,-0.398053,0.529264,-0.511903,-0.523791,0.135305,-0.570253,0.523862,0.47378,1.49876,-0.672597,-0.988663,0.859766,-0.0915713,0.479807,2.82911,0.213016,0.473572,0.0386046,-5.84796,-0.558487,-0.00464825,0.0629618,
243,-0.0018906,0.134562,0.357526,0.135685,0.109371,0,-0.133148,-0.0106609,0.400878,0.992609,-0.00931388,-0.000399507,0.120996,-0.206406,0.554713,-0.459428,-0.523357,-0.191766,-0.600633,0.523734,0.509661,1.695,-0.902985,-1.19655,1.37218,-0.577999,-0.0152432,4.76314,0.757008,1.61696,-0.00538071,-7.18128,-0.627381,-0.00203306,0.541214,
244,-0.00137367,0.367413,0.266063,0.128185,0.0191254,0,0.0163366,0.00405983,0.431315,0.991404,-0.0232241,-0.0145308,0.127934,0.0729479,0.597692,-0.360931,-0.523442,-0.545949,-0.613218,0.523581,0.563204,2.78646,-1.8354,1.18791,-0.851784,-0.563144,-0.0841026,6.61658,1.16848,2.33635,-0.00743512,-5.91873,-0.114196,0.000803318,1.55846,
245,-0.0277163,0.371886,-0.112045,-0.0234341,-0.122253,0,0.212323,0.0280815,0.47916,0.993534,-0.0316186,-0.0351849,0.103212,0.445019,0.677854,-0.241832,-0.524136,-0.553288,-0.617809,0.52357,0.706385,2.69613,-1.48657,0.777199,0.365391,-1.32539,-1.27969,8.23207,1.99453,2.41081,-0.0202235,1.13766,-0.0622018,-0.0118627,4.15303,
246,-0.00518388,0.313919,-0.185288,-0.160584,-0.291275,0,0.268045,0.0401987,0.505316,0.993437,-0.016777,-0.0648243,0.0927368,0.560431,0.770733,-0.147719,-0.52525,-0.460192,-0.615754,0.516713,0.97687,2.33755,-1.3403,0.326706,0.358867,-0.675074,-0.307978,-0.977728,1.7224,1.38232,-0.0271425,2.5562,0.160579,-0.24249,6.64187,
247,-0.027086,0.201377,-0.270966,-0.217248,-0.405732,0,0.224473,0.0367882,0.521834,0.994006,-0.0199802,-0.0744854,0.0774886,0.479045,0.825104,-0.132675,-0.526699,-0.289197,-0.599119,0.504774,1.26799,1.52547,-1.07627,0.511355,-1.04689,-1.30972,-0.649193,-2.27518,0.468551,-0.774523,-0.0196949,4.31934,0.470476,-0.231598,0.510419,
248,0.029106,0.027092,-0.345569,-0.268156,-0.328892,0,0.140239,0.0238941,0.536459,0.993414,-0.0283226,-0.0816901,0.075189,0.317548,0.808248,-0.242288,-0.525768,-0.0383845,-0.569796,0.48805,1.23753,1.27601,-1.22033,0.0597367,-0.0508681,0.315685,0.360717,-4.1604,-1.13279,-3.6068,0.0381795,5.7036,0.706338,-0.432207,-0.529785,
249,0.0434114,-0.184915,-0.38157,-0.304894,-0.166907,0,0.000520749,0.00337198,0.526162,0.992998,-0.0330127,-0.0686672,0.0902807,0.0514714,0.70356,-0.478366,-0.52382,0.264975,-0.530783,0.472122,1.21649,1.04559,-1.24998,-0.464474,-0.129262,0.731633,0.914413,-6.46224,-3.04031,-5.81853,0.0406146,6.4247,0.854339,-0.20734,-0.313935,
250,0.00813653,-0.377486,-0.150737,-0.237044,-0.0950154,0,-0.197435,-0.0154323,0.502098,0.992198,-0.0453553,-0.0592944,0.0998503,-0.331928,0.499345,-0.556103,-0.523291,0.562516,-0.519234,0.47042,1.17032,0.712575,-0.804522,-0.155315,-0.201597,-0.288126,0.323825,-8.8694,-4.08365,0.840474,-0.00321609,2.23504,-0.112603,0.127649,-1.45692,
251,0.00219068,-0.360227,0.0525157,-0.0416494,-0.0563065,0,-0.327257,-0.0273702,0.49092,0.992178,-0.0230852,-0.0680611,0.102063,-0.588724,0.499408,-0.529053,-0.523489,0.534217,-0.526847,0.478142,1.03022,1.05601,-1.04995,-0.425788,0.966223,-0.460174,-0.750309,0.99748,0.740834,0.227124,-0.00389768,-1.54601,-0.204031,0.202016,-4.12579,
252,0.0137736,-0.274682,0.17676,0.0159449,0.0505261,0,-0.294349,-0.0255366,0.456707,0.99329,0.00308544,-0.0732993,0.0893993,-0.51971,0.52781,-0.52435,-0.523691,0.399333,-0.541785,0.488371,0.762966,1.15731,-1.12233,-0.947727,1.01753,-0.125584,-0.394461,1.54859,0.398042,0.0259109,-0.00435491,-3.83154,-0.391395,0.206443,-6.54476,
253,0.0773352,-0.117987,0.275767,0.0705538,0.161104,0,-0.241524,-0.021153,0.434578,0.993352,-0.00767399,-0.0439766,0.106106,-0.413501,0.549466,-0.517074,-0.523296,0.167908,-0.562087,0.499303,0.479203,1.87063,-0.758337,-0.10941,0.114902,1.7163,1.13168,2.70339,0.486543,0.274851,-0.00171729,-5.47868,-0.435709,0.241278,-0.504983,
254,0.0656431,0.100757,0.348182,0.129968,0.11996,0,-0.147633,-0.0126244,0.416681,0.991339,-0.0127956,-0.00718123,0.130506,-0.231311,0.586161,-0.474165,-0.523516,-0.143205,-0.58711,0.52537,0.508531,2.02527,-0.8367,-0.62444,-0.0523884,1.37641,0.87601,4.56794,0.97472,1.43067,-0.00371493,-6.95279,-0.563014,0.63975,0.51259,
255,0.00249286,0.33887,0.33938,0.157062,0.03651,0,-0.00243088,0.00248668,0.435414,0.991078,-0.018751,-0.0225583,0.130013,0.0416108,0.641795,-0.380787,-0.523175,-0.499753,-0.603587,0.526883,0.55455,2.85923,-1.67195,1.48845,-0.411792,-0.451126,-0.103313,6.39679,1.25428,2.26561,0.0243418,-7.26094,-0.0640241,-0.0947645,1.29324,
256,-0.00813563,0.370469,-0.0888308,-0.0124089,-0.0975324,0,0.195411,0.0283642,0.497941,0.993983,-0.0183373,-0.0374245,0.101299,0.416442,0.731667,-0.261851,-0.523378,-0.55096,-0.606024,0.523524,0.679513,2.73005,-1.32563,1.03158,0.0621683,-0.758517,-1.53289,8.56781,2.32853,2.46924,-0.00883195,0.813938,-0.0345764,-0.0528217,3.68974,
257,-0.0020924,0.324346,-0.159437,-0.153725,-0.264279,0,0.268409,0.0444158,0.536876,0.995124,-0.0126132,-0.0539341,0.0816046,0.566328,0.842822,-0.160286,-0.523937,-0.476638,-0.602583,0.518309,0.927151,2.39551,-1.2193,0.523793,0.152606,-0.584411,-0.318952,-1.0169,2.1225,1.60847,-0.0120534,2.15243,0.170699,-0.146716,6.1961,
258,0.0171867,0.224258,-0.257769,-0.208338,-0.406746,0,0.225408,0.0416568,0.54933,0.994905,-0.00827666,-0.0660715,0.0757037,0.487535,0.918147,-0.129745,-0.524531,-0.323147,-0.586151,0.510662,1.26599,2.23848,-1.22852,-0.084888,0.259041,-0.0277568,-0.27046,-2.12919,0.899599,-0.370866,-0.0177684,3.97832,0.480856,-0.15727,2.93676,
259,0.00528831,0.0620948,-0.329705,-0.25995,-0.344957,0,0.145789,0.0289123,0.538177,0.995358,-0.00837056,-0.065112,0.0703702,0.33625,0.92368,-0.221868,-0.525452,-0.0880687,-0.555316,0.506254,1.24699,1.49994,-1.17206,-0.213386,-0.609868,-0.372609,-0.160543,-3.90521,-0.665099,-3.29053,-0.0125134,5.41304,0.750412,-0.0188518,-0.805311,
260,0.0169072,-0.141742,-0.368234,-0.299281,-0.190127,0,0.0135282,0.00670837,0.513305,0.994502,-0.0243234,-0.0721191,0.0719242,0.0854239,0.843382,-0.445379,-0.525966,0.202134,-0.518136,0.506116,1.21894,1.28117,-1.18047,-0.769405,-0.727915,-0.0372712,0.381637,-6.10861,-2.53337,-5.63163,-0.00718621,6.189,0.207402,0.012974,-0.321025,
261,0.00779822,-0.343989,-0.346458,-0.320572,-0.1023,0,-0.175925,-0.0172844,0.486319,0.994252,-0.0297065,-0.0762832,0.0689976,-0.279041,0.665288,-0.552218,-0.523143,0.50796,-0.521216,0.510237,1.1816,0.427356,-0.655743,-0.109788,0.58559,-0.297757,-0.579155,-8.45325,-4.57188,0.630765,0.0697575,6.04992,-0.0887497,0.149033,-1.13305,
262,-0.0148798,-0.366995,0.0273198,-0.0650149,-0.0698059,0,-0.333323,-0.0267961,0.472568,0.993868,-0.0075151,-0.0848115,0.0705442,-0.602812,0.477501,-0.529419,-0.523172,0.545264,-0.528497,0.518357,1.0637,0.916656,-0.943935,-0.450986,0.989639,-0.953256,-0.765821,0.489565,0.248742,0.213251,-0.0147774,-1.03526,-0.201585,0.207377,-3.56187,
263,0.0506145,-0.29876,0.158929,-0.0053114,0.0259857,0,-0.300459,-0.0254201,0.447987,0.993338,0.00287414,-0.0974301,0.0614682,-0.533155,0.512151,-0.52456,-0.523371,0.436496,-0.542589,0.524655,0.822919,1.39021,-0.531495,0.00107249,-0.657156,0.940728,0.748062,1.50992,0.524493,0.0297003,0.0471872,-3.16141,-0.313171,-0.00806205,-6.05001,
264,0.0602137,-0.163018,0.261273,0.0568833,0.157387,0,-0.2503,-0.0215635,0.452811,0.993959,-0.00804661,-0.0574003,0.0932009,-0.431592,0.536654,-0.520263,-0.523278,0.23299,-0.560381,0.524,0.493838,1.72656,-0.520431,-0.0722338,-0.474729,1.21911,1.46141,2.562,0.46221,0.17692,-0.00899096,-5.06234,-0.435554,-0.0063684,-3.02293,
265,0.0569995,0.0417802,0.340705,0.118241,0.128612,0,-0.161724,-0.0137442,0.442124,0.991524,-0.015332,-0.0331089,0.124692,-0.259018,0.5699,-0.483108,-0.523485,-0.0592149,-0.585229,0.523932,0.502324,1.89014,-0.502516,-0.387901,0.592385,1.12569,1.06385,4.32499,0.861674,1.29624,-0.00220793,-6.60748,-0.556556,0.000345503,0.669629,
266,0.0171926,0.281474,0.355965,0.157543,0.0520157,0,-0.0176443,0.000762877,0.414498,0.989144,-0.00809891,-0.00753282,0.146532,0.0129575,0.632288,-0.396184,-0.523569,-0.40976,-0.613586,0.52394,0.54288,2.56157,-0.995361,0.40098,-0.441677,-0.0266255,0.286432,6.29116,1.34895,2.19358,-0.000715799,-7.20318,-0.326719,0.00239356,0.987977,
267,-0.01614,0.386039,-0.093459,-0.0167672,-0.0720778,0,0.174671,0.0250236,0.467234,0.991889,-0.00724086,-0.0271382,0.123969,0.375786,0.715286,-0.277475,-0.524121,-0.576698,-0.618843,0.523816,0.643725,2.79396,-1.0125,0.99666,0.257082,-0.990636,-1.7646,8.3659,2.15231,2.53727,-0.0173688,1.0791,-0.0549415,-0.00310271,3.00814,
268,0.0200599,0.334758,-0.148914,-0.152385,-0.233896,0,0.27412,0.043775,0.505924,0.994444,0.00395139,-0.0482985,0.0934508,0.575804,0.816975,-0.167614,-0.525098,-0.493182,-0.616781,0.519796,0.860968,2.43044,-0.804039,0.632632,0.163986,0.0547471,-1.12788,-0.982319,1.91653,1.87193,-0.0295747,2.20213,0.160279,-0.145268,5.64994,
269,-0.0561043,0.23316,-0.24482,-0.209626,-0.389156,0,0.233004,0.0410442,0.527627,0.995951,0.00585888,-0.0567553,0.069469,0.49972,0.88257,-0.118715,-0.526272,-0.336453,-0.600728,0.516537,1.19668,2.4318,-0.707285,0.431858,-0.531105,-2.14949,-0.424636,-2.02853,0.724008,0.0956908,-0.000960875,4.0355,0.493754,0.0320448,7.6833,
270,-0.0373847,0.068359,-0.321067,-0.262912,-0.369133,0,0.157796,0.0291135,0.544809,0.9919,-0.0155394,-0.113407,0.0550707,0.355661,0.87935,-0.184762,-0.526296,-0.0969798,-0.569702,0.507957,1.25152,1.77991,-0.70017,0.0777726,-0.744987,-1.60728,-0.124477,-3.72666,-0.836958,-2.69115,0.0178627,5.51556,0.749219,-0.380132,-0.830682,
271,0.0325386,-0.140026,-0.368729,-0.300031,-0.235159,0,0.0309845,0.00836895,0.542424,0.990628,-0.00979708,-0.112792,0.0764073,0.113723,0.79034,-0.379818,-0.522894,0.199655,-0.52807,0.481824,1.22261,1.51571,-0.914002,-0.293035,0.448286,0.417861,1.229,-5.90816,-2.71338,-5.15365,0.018071,6.35416,0.923645,-0.652883,-0.317298,
272,0.0449592,-0.348535,-0.361306,-0.316925,-0.0847875,0,-0.153479,-0.0135284,0.516486,0.989558,-0.00614393,-0.0946113,0.108562,-0.241131,0.602558,-0.577439,-0.523363,0.515276,-0.520382,0.455898,1.18136,1.61171,-0.77711,-0.731762,0.337767,0.776913,0.83242,-8.24723,-4.77846,0.424246,-0.0144743,6.28139,-0.0876593,-0.381642,-1.32192,
273,0.0127029,-0.369225,0.0297162,-0.0575334,-0.0612358,0,-0.330036,-0.0265755,0.47113,0.985554,-0.00128284,-0.0852283,0.146347,-0.595913,0.479051,-0.535793,-0.523817,0.548918,-0.526891,0.444754,1.0536,2.13219,-1.02071,-1.09415,0.440896,-0.156661,0.722086,-0.257864,0.900883,0.640116,-0.00502952,-1.12258,-0.1736,-0.0327722,-3.77219,
274,0.114539,-0.298618,0.175752,0.0152491,0.028978,0,-0.302862,-0.0259555,0.421518,0.984912,0.0101217,-0.0609431,0.161654,-0.537547,0.518669,-0.516217,-0.523224,0.436275,-0.539453,0.445284,0.801567,2.30985,-0.25882,-0.5075,-0.368694,2.80174,0.844607,1.39747,0.550331,0.134579,-0.00156586,-3.31083,-0.310209,0.0396856,-6.28646,
275,0.0271003,-0.154902,0.268777,0.0789874,0.15173,0,-0.253932,-0.0223427,0.390213,0.982621,-0.0115306,0.00683694,0.185136,-0.437904,0.548035,-0.504541,-0.523474,0.221195,-0.558611,0.467649,0.481339,2.2098,-0.677549,-0.464379,0.325446,0.259964,0.884088,2.54102,0.607844,0.336186,-0.00506294,-5.29735,-0.443899,0.860154,-1.91039,
276,0.0221718,0.0548986,0.32688,0.132553,0.113075,0,-0.16825,-0.0148054,0.398223,0.977083,-0.00191351,-0.0140178,0.212386,-0.269982,0.588976,-0.461059,-0.523458,-0.0778405,-0.57977,0.51467,0.50332,2.59321,-0.967546,0.726445,-0.0851585,0.11745,1.76802,4.18305,1.03698,1.37865,0.00263935,-6.60107,-0.387027,1.00162,0.661188,
277,-0.00876997,0.294338,0.364666,0.180893,0.0345001,0,-0.0303081,-0.000504132,0.428339,0.968021,-0.00633515,-0.0195446,0.250028,-0.0081732,0.662419,-0.372807,-0.523537,-0.429629,-0.599866,0.528699,0.545952,2.87326,-1.08989,0.664071,-0.366543,-0.777011,0.891324,6.21328,1.85217,2.15828,-0.00166741,-7.43608,-0.377449,-0.128398,1.0485,
278,3.8504e-05,0.37672,-0.0754088,0.012326,-0.0876686,0,0.162985,0.0259796,0.475192,0.968543,-0.00360384,-0.0399749,0.245587,0.358246,0.778987,-0.259402,-0.524166,-0.56125,-0.611346,0.522048,0.65125,2.74443,-0.814155,0.819695,0.111495,-0.523053,-1.10292,8.49714,2.92164,2.37023,-0.0212853,0.870937,-0.191889,-0.144896,3.13492,
279,0.0120632,0.333134,-0.132339,-0.119761,-0.243447,0,0.267047,0.048814,0.508151,0.972446,0.0170783,-0.0449736,0.228111,0.569287,0.921592,-0.160103,-0.525792,-0.490594,-0.614784,0.513996,0.872843,2.37593,-0.714572,0.44043,0.904528,-0.177128,-0.249615,-0.765737,2.81439,1.59938,-0.0371286,1.95327,0.036772,-0.175636,5.70866,
280,-0.0562868,0.242641,-0.197327,-0.167389,-0.389077,0,0.230807,0.04887,0.532993,0.9737,0.0288591,-0.0566947,0.21877,0.506536,1.03695,-0.125586,-0.527308,-0.350688,-0.601791,0.509191,1.20806,2.1466,-0.0921346,1.13641,-1.09661,-2.15581,-0.555625,-1.69251,1.81467,-0.187756,-0.0111838,3.50449,0.558563,0.0536396,7.53377,
281,-0.037828,0.0969147,-0.279203,-0.218837,-0.357641,0,0.166451,0.0394748,0.575023,0.973488,0.0123166,-0.105901,0.202372,0.387463,1.0947,-0.205417,-0.528083,-0.137709,-0.566006,0.501496,1.25429,1.7826,-0.186046,0.515756,-1.09168,-1.6219,-0.401786,-3.05655,0.506989,-2.98298,-0.0164057,4.99567,0.874949,-0.359438,-0.931416,
282,-0.0344071,-0.0956276,-0.329067,-0.261085,-0.212589,0,0.0595609,0.0188013,0.58453,0.969294,-0.0068156,-0.150363,0.194457,0.18711,1.07925,-0.416067,-0.528786,0.135869,-0.519143,0.476886,1.22621,1.60478,-0.243614,-0.134,-1.22422,-1.5236,0.0643733,-4.94172,-1.11327,-5.42371,-0.0112411,5.94028,0.422976,-0.622591,-0.2076,
283,0.025712,-0.29898,-0.335272,-0.287065,-0.103719,0,-0.0998348,-0.0103704,0.569136,0.966126,-0.0140904,-0.17112,0.192666,-0.113994,0.977032,-0.559896,-0.527534,0.436838,-0.520543,0.440081,1.19805,1.64223,-0.182012,-0.39247,0.701974,0.215752,-0.180013,-7.08142,-2.96122,0.631003,0.074695,6.1002,-0.0966823,-0.848172,-0.915413,
284,0.0370981,-0.369245,0.0304138,-0.157206,-0.0826166,0,-0.303803,-0.0377768,0.540459,0.964528,0.00224123,-0.158692,0.210946,-0.520729,0.779473,-0.531674,-0.523289,0.548951,-0.526946,0.402535,1.09876,1.86972,-0.0442983,-0.741566,1.27194,0.549403,1.16248,-9.16558,-4.92537,0.291083,0.0882143,-0.567139,-0.157721,-0.653826,-3.04197,
285,0.0407041,-0.318478,0.140519,0.0126537,0.00149996,0,-0.316416,-0.026872,0.492447,0.964941,0.0232945,-0.138342,0.221827,-0.565712,0.510257,-0.524891,-0.523147,0.467368,-0.54177,0.378757,0.882869,2.19612,-0.309633,-1.20012,1.05441,0.653921,0.132791,1.44819,-4.77864,0.044312,-0.0165318,-2.69725,-0.429446,-0.321812,-5.57426,
286,0.114654,-0.200323,0.262721,0.0700828,0.135753,0,-0.269061,-0.0219674,0.466053,0.964452,0.0147522,-0.0936453,0.246669,-0.47115,0.500807,-0.523537,-0.523412,0.287641,-0.564403,0.368712,0.552983,2.58365,0.459423,-0.211056,-0.160801,2.80492,1.67364,2.33484,0.844164,0.0108636,-0.00291601,-4.52013,-0.491329,-0.0770111,-7.61122,
287,0.0859263,-0.0128894,0.350981,0.136696,0.141588,0,-0.187636,-0.0159865,0.449356,0.958176,-0.00816956,-0.0450965,0.282486,-0.309205,0.555294,-0.498081,-0.523503,0.0182585,-0.592231,0.385806,0.495561,2.76743,0.493554,-0.511476,0.0983326,1.96606,1.29632,4.12536,1.32555,0.99593,-0.00172134,-6.23587,-0.619134,0.756377,0.773928,
288,-0.00966502,0.221536,0.380417,0.183944,0.0752212,0,-0.0502376,-0.00277002,0.41876,0.95346,-0.0104351,-0.0139218,0.301016,-0.0462585,0.643093,-0.422887,-0.523617,-0.31909,-0.623825,0.439231,0.531477,3.27023,-0.0322026,0.139236,0.555208,-0.802961,-0.339847,6.21645,1.97246,2.02426,-0.00340701,-7.14641,-0.452234,1.40488,0.695789,
289,-0.0110202,0.381682,-0.00320242,0.0377771,-0.0347992,0,0.142565,0.0223392,0.481289,0.959178,-0.00388379,-0.030279,0.28115,0.318046,0.754448,-0.309549,-0.524309,-0.56946,-0.627873,0.507273,0.607227,3.50567,0.0371195,1.21545,0.415267,-0.842824,-1.77376,8.49321,2.78717,2.51922,-0.0221362,0.0785751,-0.0282038,1.31114,2.29661,
290,-0.00937776,0.351236,-0.0806448,-0.101528,-0.188211,0,0.266589,0.0473002,0.53034,0.966539,0.0165643,-0.047535,0.251533,0.566625,0.897164,-0.193709,-0.525506,-0.519637,-0.625079,0.530182,0.789068,3.1564,0.124994,0.737976,0.648206,-0.796548,-0.515308,-0.446549,2.92364,2.10821,-0.0255535,1.51088,0.136395,-0.157068,4.95362,
291,-0.00931861,0.27362,-0.182535,-0.154974,-0.349213,0,0.237953,0.0493375,0.554846,0.968046,0.0365124,-0.063012,0.239964,0.519302,1.02115,-0.124922,-0.526688,-0.397707,-0.609748,0.520668,1.09499,3.09772,0.11472,0.234704,0.545628,-0.79602,-0.495358,-1.23556,2.04289,0.656158,-0.022188,3.35172,0.474423,-0.222236,7.26376,
292,0.0151173,0.136468,-0.261635,-0.207877,-0.396271,0,0.186638,0.0432465,0.572333,0.975242,0.0356801,-0.0576916,0.210479,0.425576,1.09201,-0.155373,-0.528366,-0.194516,-0.575897,0.509428,1.27899,2.15491,0.113559,0.423382,-0.53445,-0.0914178,-1.27552,-2.51063,0.807668,-1.87345,-0.0321822,4.83263,0.841361,-0.2352,-1.11182,
293,0.0214527,-0.0527609,-0.319937,-0.256004,-0.279056,0,0.095736,0.025952,0.57982,0.980884,0.0239245,-0.0594839,0.18373,0.25502,1.09313,-0.3189,-0.529842,0.0748037,-0.526941,0.500587,1.23373,1.96302,0.053187,-0.120434,-0.545797,0.0902735,-0.845436,-4.29619,-0.750368,-4.64513,-0.0258214,5.9313,1.11547,-0.119804,-0.446343,
294,0.0345711,-0.263008,-0.336954,-0.289965,-0.10319,0,-0.0464552,-0.00122167,0.561776,0.984804,0.00877718,-0.0528392,0.165202,-0.0129999,1.00925,-0.563075,-0.530893,0.381508,-0.519204,0.498571,1.20212,1.93504,0.185338,-0.59742,-0.506223,0.46867,-1.19643,-6.38868,-2.58731,-1.37341,-0.0180841,6.34761,-0.123661,0.0444273,-0.813107,
295,0.0107916,-0.376368,0.039348,-0.164252,-0.0835391,0,-0.237593,-0.0297839,0.525837,0.98861,-0.00958757,-0.049563,0.141779,-0.385729,0.829485,-0.540787,-0.531613,0.560669,-0.525476,0.506656,1.1164,1.82625,0.353819,-0.736533,-1.29979,-0.219706,-0.217481,-8.51078,-4.58586,0.568853,-0.00688585,-0.494777,-0.134698,0.269973,-2.56354,
296,0.0785089,-0.334696,0.118711,-0.0193134,-0.0139736,0,-0.328095,-0.031323,0.478136,0.989823,-0.0400126,-0.0487194,0.127579,-0.585008,0.575207,-0.525996,-0.531312,0.493084,-0.537593,0.522258,0.92226,1.99108,-0.106578,-0.911345,0.0606402,1.74241,-0.249244,1.23669,-5.5808,0.119589,0.0720294,-2.18443,-0.34413,0.341617,-5.19703,
297,0.0807534,-0.226524,0.237424,0.0437089,0.111729,0,-0.284767,-0.0232588,0.427421,0.991038,-0.0223126,0.00134035,0.1317,-0.502696,0.496981,-0.520657,-0.526513,0.326528,-0.559797,0.525102,0.607283,2.08918,-0.252465,-1.2517,1.27208,1.81249,0.405947,2.03291,0.674669,0.0621107,0.0979385,-4.45394,-0.546816,-0.0355018,-7.38019,
298,-0.0253275,-0.0415876,0.310246,0.102684,0.148244,0,-0.214831,-0.0181152,0.37756,0.989276,0.00242084,0.000546506,0.146038,-0.36266,0.536502,-0.497685,-0.522905,0.0589416,-0.588588,0.524083,0.478406,2.10308,-0.768044,-0.178813,-1.52676,-1.25507,1.28276,3.51845,0.852203,0.835771,0.000511604,-6.15559,-0.531364,-0.00649079,1.08424,
299,-0.00966422,0.187422,0.348222,0.149691,0.0827013,0,-0.101429,-0.00795788,0.414353,0.984139,-0.0144115,-0.0104236,0.176507,-0.144696,0.590649,-0.429782,-0.523304,-0.268654,-0.609014,0.519484,0.52487,2.76467,-1.09618,0.896193,-0.900613,-0.802625,0.747906,5.28608,1.36106,1.88502,-0.00977356,-7.10452,-0.392556,-0.160283,0.768289,
300,0.00175716,0.395089,0.0461178,0.0417903,-0.021424,0,0.0692311,0.0112548,0.451007,0.982061,-0.0129937,-0.0241494,0.186557,0.176613,0.684407,-0.322265,-0.523581,-0.591824,-0.62912,0.510089,0.596245,2.60224,-0.82885,0.504844,0.617911,-0.472796,-0.56585,7.56286,2.38091,2.43196,-0.00981611,-1.30329,-0.414935,-0.202634,2.07669,
301,0.0184835,0.364274,-0.107505,-0.0477066,-0.17204,0,0.262997,0.041472,0.475332,0.988188,0.0101697,-0.0202921,0.151557,0.552973,0.8059,-0.20611,-0.524701,-0.540816,-0.643801,0.5013,0.769484,2.45975,-0.647208,0.35706,1.21914,0.009564,-1.48275,6.12666,2.48662,2.19076,-0.0279258,1.54405,-0.209381,-0.172078,4.83595,
302,-0.0539578,0.291724,-0.169699,-0.171405,-0.3343,0,0.259412,0.0473586,0.519622,0.990226,0.0153032,-0.0429051,0.131823,0.554001,0.918743,-0.131082,-0.52564,-0.425578,-0.641066,0.500737,1.06445,1.95681,0.0775913,1.25492,-0.982504,-2.08663,-0.569381,-1.47806,2.02958,0.841393,-0.00476989,3.09439,0.295168,0.134603,6.9541,
303,-0.0289287,0.159376,-0.262146,-0.225214,-0.397994,0,0.203717,0.0413628,0.565856,0.988838,-0.00133766,-0.090916,0.118031,0.45063,0.986322,-0.150695,-0.525999,-0.227693,-0.618189,0.497374,1.27605,1.69966,0.059698,0.563306,-0.79295,-1.36232,-0.445744,-2.64928,0.683858,-1.60645,-0.0129611,4.81107,0.615696,-0.264761,-0.809647,
304,-0.0244003,-0.0307968,-0.326221,-0.272135,-0.290422,0,0.109989,0.0248879,0.578313,0.985812,-0.0177081,-0.124938,0.110683,0.273259,0.978325,-0.301512,-0.526602,0.0436366,-0.580641,0.479046,1.23435,1.50209,0.0117169,-0.0685549,-0.877212,-1.23195,0.0173851,-4.43023,-0.990307,-4.40355,-0.0102961,6.03203,0.884761,-0.467039,-0.452029,
305,0.0256749,-0.247188,-0.352288,-0.303595,-0.11284,0,-0.0359207,-0.000236041,0.562201,0.982253,-0.0286551,-0.141845,0.119321,-0.00288062,0.879998,-0.551495,-0.525994,0.357539,-0.532864,0.451458,1.20624,1.40157,-0.0333314,-0.474855,0.333165,0.216217,0.392037,-6.58585,-2.92548,-2.28136,0.0480337,6.53007,1.031,-0.631353,-0.67329,
306,0.0396605,-0.387369,0.0291787,-0.170077,-0.0880763,0,-0.23314,-0.0245887,0.529192,0.982164,-0.0225873,-0.131144,0.132836,-0.387706,0.681243,-0.541207,-0.523341,0.578913,-0.518593,0.425097,1.1282,1.79582,0.123637,-0.750776,0.967272,0.623518,1.08581,-8.79946,-5.00406,0.560127,0.0712438,-0.447473,-0.128021,-0.438118,-2.43438,
307,0.0256637,-0.34217,0.123191,-0.0108763,-0.0203412,0,-0.327955,-0.026856,0.483846,0.9824,0.00713504,-0.110601,0.150357,-0.590968,0.488159,-0.526476,-0.523215,0.50504,-0.529105,0.411507,0.938517,2.05621,-0.148458,-1.08414,1.60059,0.218673,-0.108184,1.39501,0.0155082,0.108064,-0.0132779,-2.2897,-0.291426,-0.102447,-5.12537,
308,0.11857,-0.235059,0.247452,0.0472255,0.106389,0,-0.284425,-0.0240486,0.442929,0.982683,0.00699694,-0.0787592,0.167577,-0.50065,0.515964,-0.524049,-0.523449,0.339298,-0.546413,0.410169,0.626117,2.52493,0.420578,-0.328964,0.0440762,2.91962,1.59062,2.18027,0.571847,0.0131831,0.00440992,-4.2521,-0.355405,0.0324582,-7.36425,
309,0.0927582,-0.0570032,0.341145,0.11582,0.149219,0,-0.208455,-0.0179729,0.41879,0.978134,-0.0128364,-0.0215324,0.206459,-0.349222,0.552768,-0.503903,-0.523496,0.080831,-0.56785,0.433079,0.486491,2.74815,0.4216,-0.616483,0.18333,2.16511,1.44379,3.86212,0.898772,0.788391,0.000482017,-6.07888,-0.501044,0.880944,0.816247,
310,-0.0247065,0.175244,0.353327,0.162287,0.0893277,0,-0.0806491,-0.00597351,0.401497,0.974752,-0.00056848,-0.00876116,0.223118,-0.10451,0.613844,-0.43729,-0.523538,-0.250817,-0.591574,0.494647,0.52136,3.20195,-0.816372,0.779233,-0.95426,-1.23774,0.0526319,5.78091,1.38602,1.85752,0.00515702,-7.04537,-0.248116,1.59651,0.531497,
311,0.00101117,0.380788,0.0725788,0.060459,-0.00921054,0,0.101745,0.0155211,0.469075,0.975035,-0.0199457,-0.0365014,0.218121,0.237983,0.700472,-0.33006,-0.523021,-0.567977,-0.593466,0.533128,0.579785,3.19186,-0.614959,1.31656,0.167422,-0.493796,-1.02117,7.97296,2.24742,2.44473,0.0111194,-1.65146,-0.00559037,-0.17471,1.77454,
312,-0.000471451,0.36177,-0.0848763,-0.0855491,-0.154546,0,0.284163,0.0455357,0.523266,0.980437,-0.0079684,-0.0502386,0.190145,0.596111,0.820929,-0.212106,-0.523429,-0.53673,-0.590791,0.523249,0.736024,2.88433,-0.464284,0.838639,0.410201,-0.537055,-0.478358,1.46854,2.5695,2.24331,-0.0137169,1.24398,0.108511,-0.214607,4.45045,
313,0.00141408,0.291286,-0.193374,-0.166977,-0.317653,0,0.252791,0.0469164,0.55249,0.980855,0.00380871,-0.0603574,0.185109,0.541826,0.930603,-0.131076,-0.524094,-0.424899,-0.5772,0.512275,1.01927,2.74089,-0.458186,0.331344,0.339929,-0.483225,-0.218806,-1.69042,1.82303,1.01729,-0.0121834,3.21847,0.433918,-0.217883,6.86029,
314,0.0324979,0.155566,-0.28383,-0.219586,-0.407436,0,0.189602,0.0390032,0.553834,0.981171,0.0143063,-0.0631546,0.181962,0.423818,0.98883,-0.139129,-0.524853,-0.222159,-0.54751,0.50182,1.28385,2.50672,-0.533256,-0.313138,0.558686,0.414724,-0.164817,-3.02205,0.515523,-1.32068,-0.0230799,4.88316,0.749063,-0.198445,-0.33324,
315,0.0127355,-0.0357773,-0.344857,-0.265572,-0.307051,0,0.0838014,0.02033,0.543634,0.981734,0.00841461,-0.0669642,0.177884,0.224311,0.97348,-0.277795,-0.525623,0.0506991,-0.517699,0.498251,1.23858,1.77318,-0.662283,-0.351764,-0.611618,-0.157526,0.0307989,-4.94155,-1.11649,-4.20278,-0.0113681,6.01376,-0.00878978,0.0494379,-0.5912,
316,0.0250964,-0.24818,-0.360211,-0.294356,-0.120109,0,-0.0772436,-0.00646606,0.512237,0.980309,-0.00774117,-0.0689625,0.184873,-0.0798172,0.870021,-0.539021,-0.526054,0.359036,-0.521896,0.502761,1.20304,1.62454,-0.669549,-0.897184,-0.605754,0.199427,0.450962,-7.1976,-3.00624,-5.06442,-0.00550313,6.32155,-0.0585767,0.131909,-0.827847,
317,0.0311569,-0.383238,0.010401,-0.171262,-0.0802666,0,-0.287321,-0.0308803,0.475937,0.980108,-0.0199371,-0.0810119,0.180075,-0.495413,0.669627,-0.549029,-0.523911,0.572041,-0.525771,0.513913,1.12233,1.58052,-0.243588,-0.708183,1.11381,0.376868,0.174231,-9.43384,-5.00068,0.773604,0.145634,-0.326759,-0.0806048,0.286835,-2.48847,
318,-0.00910614,-0.337966,0.11896,-0.00620326,-0.0207105,0,-0.3125,-0.0250298,0.446792,0.982883,0.0086978,-0.0757637,0.167708,-0.559881,0.480211,-0.522758,-0.522954,0.498306,-0.535589,0.527314,0.933132,1.30686,-0.621749,-0.585313,1.07655,-0.786144,-0.722841,1.10859,0.225347,0.237496,-0.0200964,-2.48855,-0.304733,-0.0237172,-5.06372,
319,0.0813727,-0.227769,0.233753,0.0464145,0.102462,0,-0.277082,-0.0233667,0.438448,0.981932,0.00444823,-0.0632635,0.17829,-0.485957,0.516487,-0.51734,-0.523353,0.328388,-0.551897,0.521809,0.624416,1.86563,-0.0949102,0.182943,-0.109113,1.83367,1.46151,1.84424,0.74244,-0.0251809,-0.00290706,-4.29314,-0.341549,-0.176407,-7.27431,
320,0.0456898,-0.0482965,0.325975,0.112618,0.146217,0,-0.210904,-0.0184693,0.437944,0.976302,-0.0144743,-0.0359049,0.212924,-0.353306,0.561474,-0.499695,-0.523524,0.0684639,-0.572768,0.525684,0.486825,2.06344,-0.115436,-0.180307,-0.479411,0.797911,1.40979,3.44622,1.05312,0.722237,-0.000830144,-6.08746,-0.48898,0.0625378,0.811235,
321,-0.00371541,0.185739,0.380096,0.167559,0.0897144,0,-0.0933004,-0.00746191,0.420526,0.970806,-0.0109867,-0.0108835,0.239366,-0.126552,0.633241,-0.437575,-0.52355,-0.266183,-0.599506,0.524557,0.520897,2.3039,-0.267305,-0.414005,1.02958,-0.630932,-0.0565206,5.50383,1.74981,1.78914,-0.00117066,-7.27646,-0.564394,-0.0263626,0.511843,
322,-0.0120751,0.390905,0.0589417,0.0522247,-0.00794761,0,0.0791997,0.0134069,0.475468,0.972028,-0.0189015,-0.0376604,0.231055,0.19809,0.726892,-0.333289,-0.52379,-0.584816,-0.606651,0.523601,0.582176,3.0069,-0.509233,1.5323,-0.769814,-0.8728,-1.15219,7.6575,2.26672,2.3914,-0.0138254,-1.34624,0.0113599,-0.0103958,1.89113,
323,-0.0174371,0.363352,-0.0925521,-0.0725317,-0.154822,0,0.266222,0.0443049,0.540741,0.977551,-0.0261815,-0.0666088,0.198172,0.56228,0.846766,-0.217598,-0.524568,-0.53931,-0.603504,0.520833,0.745984,2.75816,-0.353875,1.06306,-0.463295,-1.02858,-0.792533,2.92587,2.52662,2.21023,-0.0175754,1.44587,0.11115,-0.117725,4.63658,
324,-0.0159651,0.288775,-0.193013,-0.162978,-0.320202,0,0.252019,0.0482654,0.580478,0.977284,-0.0323929,-0.0928496,0.187737,0.542188,0.956762,-0.138429,-0.525444,-0.421017,-0.590047,0.511371,1.03856,2.58167,-0.344998,0.531082,-0.502982,-0.986901,-0.349319,-1.24352,1.87812,0.978445,-0.0162207,3.27762,0.42608,-0.251498,7.04821,
325,0.0332718,0.150991,-0.284686,-0.216236,-0.39455,0,0.200057,0.0422643,0.591051,0.976725,-0.037317,-0.108194,0.181412,0.445925,1.01848,-0.148608,-0.526197,-0.215523,-0.560612,0.496073,1.26262,2.35915,-0.484488,-0.083891,0.233326,0.435771,-0.00925653,-2.605,0.602082,-1.34669,0.00155569,4.92809,0.745248,-0.36138,-0.407307,
326,0.0468833,-0.0429351,-0.348228,-0.262375,-0.299347,0,0.105263,0.025019,0.573451,0.97757,-0.0363077,-0.0921857,0.185852,0.266603,1.00804,-0.286157,-0.526134,0.0608537,-0.519169,0.484457,1.23213,2.14266,-0.602138,-0.59981,0.0652362,0.829869,0.395242,-4.55126,-1.0082,-4.13336,0.00216808,6.11692,0.377615,-0.105207,-0.364063,
327,0.06536,-0.26078,-0.372082,-0.293493,-0.118985,0,-0.0459274,-0.00162132,0.531837,0.976553,-0.0430969,-0.0641152,0.20094,-0.0191262,0.910376,-0.542596,-0.525894,0.37812,-0.520724,0.487754,1.20631,1.9768,-0.654437,-1.05736,-0.00179688,1.36582,0.762632,-6.85165,-2.88262,-4.94971,0.00816479,6.57428,-0.0906428,0.2356,-0.665555,
328,-0.0353434,-0.377835,0.00947855,-0.154631,-0.083601,0,-0.249815,-0.0278409,0.49723,0.970944,-0.0235724,-0.0744348,0.226212,-0.417773,0.715873,-0.549584,-0.525938,0.563092,-0.524896,0.510886,1.13141,1.33761,-0.644891,-0.582786,0.204424,-1.54785,1.62774,-9.13883,-4.88055,0.79664,0.00721323,-0.543737,-0.0942583,0.684612,-2.31676,
329,-0.02059,-0.333982,0.10394,0.00485544,-0.0250623,0,-0.319455,-0.0256611,0.464742,0.965395,0.015899,-0.0881781,0.244915,-0.574089,0.480144,-0.525743,-0.523044,0.491945,-0.533914,0.527945,0.948733,1.65232,-0.745299,-0.81607,1.89435,-1.11821,0.143842,1.21495,-1.13426,0.172222,0.00766644,-2.28976,-0.271086,-0.0776923,-4.95627,
330,0.0884083,-0.227128,0.239943,0.0602857,0.0974607,0,-0.282402,-0.0235564,0.448752,0.961461,0.0123502,-0.0814456,0.262312,-0.497106,0.509004,-0.522902,-0.523285,0.327431,-0.550539,0.519494,0.646059,1.88453,0.256862,0.224304,-0.0178063,2.03856,1.53836,1.84917,0.856981,-0.0965124,-0.001269,-4.20525,-0.354739,-0.275667,-7.14574,
331,0.0499088,-0.0503671,0.334264,0.128337,0.160961,0,-0.216057,-0.0190055,0.451274,0.953062,-0.00793366,-0.045629,0.299213,-0.363191,0.562052,-0.509792,-0.523492,0.0714039,-0.57191,0.521949,0.46726,2.11488,0.261295,-0.134059,-0.66997,0.920158,1.51766,3.49706,1.26225,0.618229,-0.00313492,-6.03389,-0.501818,0.372384,1.10716,
332,0.0410334,0.182706,0.396071,0.186904,0.0991591,0,-0.0966941,-0.00794515,0.435212,0.943656,-0.016541,-0.018394,0.330003,-0.131848,0.647172,-0.450422,-0.523541,-0.261736,-0.599462,0.525097,0.519486,2.28568,0.30727,-0.493577,0.586789,0.663062,0.784653,5.70017,2.11201,1.76298,-0.00121714,-7.27698,-0.594834,-0.0367212,0.847313,
333,0.00102166,0.389752,0.0804777,0.072559,-0.00642604,0,0.0803654,0.0144271,0.476063,0.946266,-0.00705172,-0.0354515,0.321363,0.202891,0.76371,-0.344121,-0.523839,-0.582888,-0.611528,0.524007,0.59678,3.15187,0.108347,1.63622,-0.356394,-0.494311,-1.0514,7.85334,2.68787,2.46146,-0.0163025,-1.37218,0.00840316,-0.00785744,2.19876,
334,-0.00189681,0.363182,-0.0724796,-0.055115,-0.161782,0,0.272277,0.0488781,0.546357,0.955079,-0.00572815,-0.052051,0.291688,0.578668,0.907845,-0.224747,-0.524738,-0.539033,-0.608357,0.523508,0.775373,2.87495,0.214762,1.16204,-0.0899121,-0.579559,-0.671534,2.82557,3.0748,2.28619,-0.0202133,1.41693,0.114713,-0.0264287,4.92024,
335,0.00149214,0.288785,-0.177127,-0.147579,-0.333177,0,0.250635,0.0532193,0.591188,0.956546,-0.00415045,-0.0644437,0.28434,0.546006,1.04776,-0.143139,-0.525764,-0.421032,-0.593886,0.52135,1.08175,2.70834,0.187708,0.634141,-0.110353,-0.482638,-0.255536,-1.44534,2.52581,1.00106,-0.0195985,3.29472,0.463221,-0.0512809,7.31652,
336,0.0330793,0.150517,-0.269238,-0.199512,-0.394689,0,0.19371,0.0471259,0.60649,0.958036,-0.00315363,-0.0658724,0.27896,0.442787,1.14384,-0.154789,-0.526986,-0.214836,-0.561695,0.519104,1.27346,2.48467,0.0505374,-0.0201625,0.147162,0.429413,-0.229379,-2.67442,1.3266,-1.44714,-0.0303591,4.94153,0.82158,-0.0375914,-0.934218,
337,0.0439882,-0.0430703,-0.332001,-0.244797,-0.292677,0,0.0969003,0.0286706,0.592686,0.959192,-0.00478674,-0.0518501,0.277918,0.26283,1.17182,-0.297219,-0.528442,0.0610455,-0.5161,0.523246,1.23308,2.3106,-0.0965974,-0.51216,-0.0210742,0.743716,0.142235,-4.50851,-0.196555,-4.22817,-0.0267999,6.08439,0.378351,0.201606,-0.410495,
338,0.00839697,-0.258729,-0.365607,-0.272257,-0.119224,0,-0.0518724,-0.00158246,0.572683,0.953578,0.0197091,-0.030451,0.298952,-0.0152073,1.11754,-0.541903,-0.530652,0.375005,-0.519827,0.524594,1.20573,1.50333,-0.538725,-0.0829124,0.973529,-0.28796,0.419123,-6.6121,-1.964,-2.39358,-0.0438955,6.50821,-0.122813,-0.0248998,-0.55328,
339,-0.0101396,-0.375996,0.0116867,-0.138481,-0.0930499,0,-0.252186,-0.0365374,0.57065,0.949085,0.0359354,-0.0471728,0.309389,-0.40407,0.971527,-0.538916,-0.532535,0.560056,-0.526337,0.523683,1.13649,1.45949,-0.436318,-0.275096,0.394241,-0.825599,1.2604,-8.93433,-3.86337,0.476564,-0.0338759,-0.46173,-0.133148,-0.00819742,-2.2939,
340,0.000574894,-0.333779,0.106964,0.0171386,-0.0276173,0,-0.325228,-0.0398967,0.543679,0.941738,0.0457874,-0.0627613,0.327251,-0.566028,0.757373,-0.526233,-0.533996,0.491621,-0.53968,0.522185,0.95576,1.78776,-0.578898,-0.80635,0.0712706,-0.51738,0.422664,0.959668,-4.69259,0.0954872,-0.0257756,-2.24739,-0.398115,-0.054445,-4.91448,
341,0.0464465,-0.224311,0.240253,0.0788511,0.09462,0,-0.284694,-0.0247382,0.493863,0.936916,0.0425146,-0.0701896,0.339785,-0.500081,0.531369,-0.52403,-0.535169,0.323226,-0.566446,0.519468,0.654916,1.88233,-0.127222,-0.811682,-1.7645,0.80818,0.833261,1.66534,-4.36231,0.0136166,-0.0133386,-4.43449,-0.675773,-0.0623359,-7.09744,
342,0.0523566,-0.0398996,0.340342,0.141329,0.156262,0,-0.220237,-0.0176907,0.459026,0.932443,-0.00282038,-0.0716675,0.354127,-0.375258,0.506339,-0.506222,-0.533198,0.0565467,-0.603125,0.524312,0.472919,1.9387,0.159471,-0.550564,0.775406,0.981382,0.25444,3.31224,0.722762,0.675309,0.186955,-6.21515,-0.7798,0.202918,0.938213,
343,0.106045,0.191741,0.399401,0.194627,0.100159,0,-0.104867,-0.00806696,0.455444,0.924425,-0.0138113,-0.0121934,0.380918,-0.152776,0.56708,-0.452098,-0.520881,-0.274999,-0.639686,0.524741,0.519867,2.63424,0.512046,-0.218378,0.380497,2.55558,1.19519,5.58513,1.70405,1.60625,0.00551286,-7.2283,-0.757685,-0.0303355,0.780499,
344,-0.0299789,0.37967,0.0436881,0.0644262,0.000758445,0,0.0748791,0.011875,0.439537,0.927187,0.00693877,0.0199346,0.374005,0.186903,0.682366,-0.35279,-0.523247,-0.566127,-0.676717,0.524121,0.593999,2.66793,0.471082,-0.280637,2.28638,-1.38995,-2.22529,7.9873,2.89932,2.3743,-0.0564269,-0.503943,-0.720098,-0.000699346,2.16488,
345,-0.00651837,0.357932,-0.0360366,-0.0344322,-0.146389,0,0.266072,0.0435435,0.483132,0.938297,0.0143378,-0.00127699,0.34553,0.561067,0.833995,-0.238817,-0.525998,-0.530485,-0.692814,0.522026,0.760899,1.55053,0.748722,1.06363,0.296743,-0.714393,-0.379239,3.00055,3.14663,2.19824,-0.0678767,1.07699,-0.159358,-0.156298,4.61322,
346,-0.0170616,0.295084,-0.132159,-0.120909,-0.311399,0,0.25221,0.0496926,0.530485,0.937586,0.0243768,-0.0322703,0.345395,0.544321,0.98124,-0.15857,-0.528873,-0.430786,-0.692127,0.512626,1.04887,1.33313,0.832616,0.915488,-0.499356,-1.02203,-0.433457,-1.0426,2.74222,1.04842,-0.0567401,2.84983,0.211671,-0.196541,6.88257,
347,-0.0180937,0.172208,-0.226323,-0.171013,-0.386322,0,0.209434,0.0477177,0.565137,0.938394,0.0207532,-0.0714399,0.337464,0.469259,1.09289,-0.163908,-0.53135,-0.246383,-0.672535,0.499939,1.26492,1.16165,0.729056,0.359703,-0.566256,-1.05435,-0.25569,-1.95805,1.73047,-1.24348,-0.053306,4.52236,0.561894,-0.309949,-0.492968,
348,-0.0136084,-0.00845346,-0.29753,-0.217412,-0.29396,0,0.135068,0.0354205,0.568338,0.937204,0.0152272,-0.0991499,0.334044,0.332101,1.1459,-0.294848,-0.53395,0.0119744,-0.636394,0.481427,1.23248,1.01618,0.587519,-0.231995,-0.61741,-0.927282,0.112281,-3.51514,0.400599,-3.97194,-0.0498566,5.80128,0.882032,-0.429683,-0.376451,
349,-0.00805292,-0.221666,-0.334958,-0.252792,-0.121698,0,0.0137249,0.011112,0.541451,0.93245,0.00657226,-0.124099,0.339253,0.106038,1.12546,-0.54227,-0.536304,0.319283,-0.58679,0.457862,1.21244,0.889659,0.498673,-0.837957,-0.621264,-0.769052,0.325387,-5.50542,-1.20497,-4.78661,-0.0441769,6.48979,1.10214,-0.510147,-0.424471,
350,0.0320368,-0.38195,0.0113121,-0.133244,-0.0920536,0,-0.159812,-0.0211906,0.498897,0.932264,0.0183717,-0.12079,0.340523,-0.223069,1.02035,-0.548829,-0.53705,0.569904,-0.530358,0.431524,1.15079,1.38962,0.669134,-0.858309,1.44429,0.389186,0.533518,-7.65401,-2.98604,0.772138,0.0180409,0.187856,1.15285,-0.55925,-2.02163,
351,0.0675988,-0.352364,0.114938,-0.0320553,-0.0376589,0,-0.3324,-0.0453966,0.446792,0.926293,0.0434989,-0.0958168,0.361814,-0.574182,0.849675,-0.527483,-0.535888,0.521461,-0.516907,0.409855,0.982247,1.462,0.90939,-0.937661,0.277809,1.42082,0.515663,-2.5418,-3.83938,0.15323,0.0539095,-1.52549,-0.191597,-0.29665,-4.69625,
352,0.118495,-0.27108,0.240572,0.0676493,0.0809384,0,-0.309987,-0.0331095,0.414225,0.922019,0.0140924,-0.0390778,0.384909,-0.542135,0.656121,-0.524177,-0.527681,0.39382,-0.531645,0.407037,0.6886,1.76484,1.2317,-0.749467,-0.386209,2.9132,1.29795,1.47557,-3.89891,0.019455,0.198105,-3.65019,-0.43251,0.180927,-7.02936,
353,0.00811064,-0.112272,0.330013,0.137866,0.157414,0,-0.246664,-0.0197187,0.374358,0.911275,-0.00286682,0.00220224,0.411783,-0.42742,0.495517,-0.50807,-0.522146,0.159703,-0.558142,0.437373,0.473177,1.91265,0.742817,-0.505278,0.591004,-0.287729,1.23498,3.06488,-0.65302,0.621884,-0.0222451,-5.66882,-0.585587,1.02579,0.696265,
354,0.0116188,0.105725,0.38593,0.191272,0.102159,0,-0.142696,-0.010984,0.392999,0.896313,-0.00662973,0.000744681,0.443372,-0.226777,0.520185,-0.450338,-0.523172,-0.150318,-0.580391,0.489396,0.511996,2.86321,0.755457,0.87051,-0.218622,-0.187352,1.11949,4.96872,0.988256,1.71346,-0.0140321,-6.8033,-0.381607,1.0621,0.432505,
355,0.00241971,0.344002,0.421806,0.23871,0.0144491,0,0.0231687,0.00482449,0.425517,0.885214,-0.00746106,-0.00849987,0.465046,0.085904,0.603145,-0.3479,-0.523759,-0.507982,-0.600593,0.531521,0.552539,2.91839,0.872008,0.428238,-0.113084,-0.453825,0.922003,7.51544,2.31772,2.37659,-0.0103055,-7.49852,-0.42467,0.0328906,1.18287,
356,0.0280671,0.372395,-0.0260166,0.0468443,-0.1194,0,0.251168,0.0369964,0.45225,0.896295,0.015188,-0.00717188,0.443141,0.526075,0.755596,-0.226187,-0.525311,-0.554124,-0.614831,0.525893,0.672939,2.65305,0.934233,0.843251,1.72866,0.286091,-2.14821,8.26066,3.71318,2.46233,-0.0573967,1.00641,-0.0758738,-0.116074,3.60869,
357,-0.0357438,0.315609,-0.110959,-0.099807,-0.279397,0,0.260183,0.0490503,0.507719,0.905561,0.0488,-0.0133963,0.421188,0.557458,0.945712,-0.129575,-0.527724,-0.46285,-0.609597,0.52372,0.914867,1.59691,0.980124,1.67126,-0.0403954,-1.56122,-0.798847,-1.17862,3.88637,1.4538,-0.0410912,2.55269,0.360599,0.00303286,5.96694,
358,-0.0231837,0.202848,-0.209068,-0.152516,-0.410748,0,0.213872,0.0498324,0.577892,0.91199,0.0627609,-0.0491501,0.402393,0.479529,1.11696,-0.109246,-0.529664,-0.29137,-0.583034,0.517233,1.24302,1.47867,0.898062,1.07363,-0.0292557,-1.19983,-0.751816,-1.93578,2.97025,-0.623568,-0.042454,4.2983,0.695805,-0.259131,3.15794,
359,-0.00720473,0.0303452,-0.284303,-0.201583,-0.347483,0,0.139506,0.0396417,0.615577,0.916965,0.0726011,-0.0680616,0.386356,0.346423,1.22957,-0.214323,-0.531916,-0.0429963,-0.540097,0.500326,1.24121,1.31212,0.722203,0.45505,-0.0850056,-0.740149,-0.482939,-3.37463,0.75034,-3.55618,-0.0434349,5.62248,1.02045,-0.415401,-0.598295,
360,0.00365456,-0.179015,-0.32541,-0.239643,-0.185625,0,0.0231103,0.0146297,0.624375,0.918791,0.0740834,-0.0830916,0.378722,0.129563,1.21273,-0.451194,-0.533919,0.256331,-0.5148,0.478668,1.21745,1.15658,0.578863,-0.0974714,-0.299785,-0.428296,-0.0387488,-5.28341,-1.10647,-5.89987,-0.0360707,6.34573,-0.178967,-0.451375,-0.354253,
361,0.00186124,-0.372471,-0.103825,-0.175121,-0.0928761,0,-0.144192,-0.0193967,0.60737,0.922587,0.0742998,-0.0933544,0.366876,-0.186901,1.11468,-0.557455,-0.535667,0.554249,-0.522136,0.457522,1.16737,1.36205,0.902855,-0.56029,-0.169002,-0.481874,-0.155746,-7.36614,-2.80304,0.789989,-0.032119,2.37932,-0.0879679,-0.407974,-1.63281,
362,0.0111953,-0.361216,0.0994791,-0.0437195,-0.0511103,0,-0.321855,-0.0479934,0.567255,0.918622,0.0725839,-0.104023,0.374224,-0.545601,0.945411,-0.530261,-0.537172,0.535827,-0.53003,0.437439,1.01962,1.60134,0.960616,-1.06059,-0.285053,-0.213596,0.127742,-3.16664,-3.95734,0.247331,-0.0272248,-1.21741,-0.227928,-0.376049,-4.25714,
363,0.0431273,-0.287356,0.226337,0.0538568,0.057703,0,-0.311825,-0.0373722,0.503745,0.919578,0.0590205,-0.109144,0.3728,-0.539551,0.744216,-0.524572,-0.538317,0.418825,-0.550013,0.42146,0.745886,1.79136,1.20337,-1.21781,-1.84696,0.708912,0.506006,0.993904,-4.09662,0.0350291,-0.011828,-3.39875,-0.564072,-0.283566,-6.66756,
364,0.0953669,-0.143062,0.334358,0.11779,0.16758,0,-0.260818,-0.0232716,0.461848,0.916195,0.0129357,-0.0807511,0.392299,-0.451017,0.554232,-0.515718,-0.531101,0.204042,-0.581155,0.414005,0.460774,2.036,1.65212,-0.48841,0.425727,2.23357,0.931032,2.54151,-3.49431,0.327145,0.322997,-5.2269,-0.689191,-0.00484484,-0.103388,
365,0.0915907,0.0670135,0.412609,0.184041,0.1186,0,-0.163455,-0.0126188,0.43729,0.907667,-0.00196854,-0.0243707,0.418978,-0.266723,0.508115,-0.469993,-0.520754,-0.0950651,-0.61717,0.430747,0.504829,2.32177,1.76419,-0.735301,0.489802,2.13381,0.97674,4.82142,0.544388,1.51181,-0.0464025,-6.78149,-0.781836,0.680632,0.651301,
366,-0.00205706,0.309588,0.422417,0.223812,0.0337969,0,1.34395e-05,0.00213805,0.402271,0.903043,-0.00763548,0.0117602,0.429321,0.0406151,0.565342,-0.37386,-0.523453,-0.453398,-0.654656,0.481619,0.549439,3.05468,1.21098,0.986855,-1.22017,-0.582905,-0.541828,7.20422,1.42166,2.3336,-0.040895,-7.31461,-0.395709,1.38878,1.16379,
367,-0.0355026,0.37389,-0.000391135,0.0570004,-0.0978846,0,0.222931,0.0289588,0.465987,0.9204,-0.0111196,-0.0227658,0.390156,0.464868,0.669195,-0.251749,-0.526001,-0.556585,-0.667577,0.535215,0.663314,2.93808,1.41953,1.1048,-0.166803,-1.55252,-2.16766,9.82341,2.83031,2.52775,-0.0554042,0.832542,-0.22741,0.0012857,3.36592,
368,0.00377239,0.324764,-0.0878068,-0.112532,-0.260222,0,0.277406,0.0442949,0.511827,0.931831,-0.00563315,-0.0468147,0.359815,0.58237,0.817371,-0.147769,-0.529092,-0.4773,-0.672335,0.522058,0.895444,2.46368,1.32547,0.724069,-0.341998,-0.420063,-0.972604,-1.62302,3.09732,1.65716,-0.0653354,2.33743,0.0352035,-0.405815,5.90101,
369,-0.0522592,0.217824,-0.1967,-0.161587,-0.40694,0,0.226129,0.0431745,0.542799,0.932976,0.0262801,-0.0531727,0.355018,0.490874,0.945166,-0.115019,-0.533143,-0.313566,-0.661912,0.501469,1.24168,2.24645,1.12037,0.662854,0.352252,-2.0449,-0.135452,-2.09265,2.06972,-0.311767,-0.0608678,4.19806,0.376823,-0.396589,6.41119,
370,0.0056608,0.0504008,-0.271626,-0.210866,-0.358943,0,0.150973,0.0333458,0.581432,0.940069,0.0256919,-0.0705155,0.332623,0.35262,1.01596,-0.203209,-0.536925,-0.0714518,-0.633576,0.474051,1.25419,1.57816,0.998411,0.528886,-0.398263,-0.373317,-0.835781,-3.42854,0.779929,-3.21055,-0.0755858,5.53864,0.716529,-0.725898,-0.982725,
371,0.0134898,-0.158137,-0.316107,-0.251062,-0.202176,0,0.0340433,0.0128066,0.593791,0.944781,0.0190919,-0.0799167,0.317233,0.135492,1.01514,-0.425257,-0.540487,0.225892,-0.592457,0.439541,1.21534,1.40698,0.901587,-0.0340194,-0.429627,-0.150584,-0.39102,-5.24094,-0.800517,-5.65157,-0.0661448,6.3489,0.927351,-0.655429,-0.574598,
372,0.0163763,-0.365137,-0.247402,-0.249667,-0.0818071,0,-0.131926,-0.0153399,0.579133,0.950332,0.0129266,-0.0838259,0.299457,-0.177186,0.929835,-0.568085,-0.543634,0.542226,-0.544549,0.410185,1.15828,1.51955,1.17512,-0.536513,-0.266252,-0.0702876,-0.973927,-7.24603,-2.59798,0.866726,-0.0612468,5.1792,0.988793,-0.52242,-1.69598,
373,0.0254263,-0.367892,0.110354,-0.0608487,-0.046072,0,-0.319113,-0.0389893,0.540837,0.950629,0.00412527,-0.0865899,0.297977,-0.553522,0.756853,-0.531197,-0.546434,0.546733,-0.517519,0.38675,1.00896,1.90516,1.23622,-1.00686,-0.560906,0.188588,-0.262091,-3.39587,-4.30729,0.451558,-0.0514945,-1.2528,-0.0895592,-0.38704,-4.25975,
374,0.0844486,-0.293314,0.222257,0.0410354,0.0568599,0,-0.305757,-0.0270245,0.481591,0.954607,-0.0066509,-0.0730151,0.288704,-0.542213,0.535396,-0.516051,-0.548049,0.428041,-0.529106,0.372818,0.733546,2.0875,0.91239,-1.20503,0.931281,1.89849,0.317111,1.16642,-4.55409,0.194371,0.0216446,-3.49151,-0.367221,-0.193897,-6.75055,
375,0.0554129,-0.141884,0.322722,0.106594,0.150207,0,-0.256095,-0.0209688,0.414124,0.953025,0.00956222,-0.0303838,0.301211,-0.445182,0.505917,-0.495309,-0.546293,0.20234,-0.551515,0.378413,0.469524,2.45335,0.851315,-1.35014,-0.406397,1.05688,1.15409,2.69814,0.605988,0.599823,0.0599485,-5.46052,-0.491745,0.403693,0.139921,
376,-0.033209,0.0712387,0.364002,0.164263,0.0984352,0,-0.160596,-0.0132895,0.380397,0.941841,-0.00109495,0.00962754,0.33592,-0.258103,0.552995,-0.442826,-0.534853,-0.101079,-0.572709,0.407812,0.508429,2.76636,0.105371,0.368863,-0.794903,-1.495,0.796123,4.66302,1.18153,1.56621,0.28144,-6.72729,-0.310317,0.822712,0.535663,
377,-0.0201469,0.307666,0.386711,0.204128,0.016443,0,-0.0100408,0.00160171,0.435877,0.937756,-0.00504572,-0.0254611,0.346323,0.0271052,0.634618,-0.348156,-0.519933,-0.450389,-0.581862,0.443108,0.548135,3.24031,-0.154241,1.16437,-0.132151,-1.10229,0.248553,6.85179,2.16383,2.21389,0.00328574,-7.34871,-0.180898,0.573728,1.03674,
378,-0.00248218,0.381754,-0.059574,0.0317779,-0.105565,0,0.202196,0.0313017,0.485109,0.942862,0.00642786,-0.0465587,0.329851,0.432695,0.777157,-0.23554,-0.523103,-0.569578,-0.589281,0.468389,0.654758,2.87501,0.157817,0.832772,0.222492,-0.594842,-1.47648,9.34961,3.52356,2.28371,-0.0761675,1.15315,-0.108859,0.433823,3.2094,
379,0.00521395,0.324965,-0.137714,-0.119641,-0.256636,0,0.263951,0.0502328,0.513804,0.947229,0.0177789,-0.0545394,0.315385,0.56554,0.954708,-0.144728,-0.526993,-0.477618,-0.588963,0.487794,0.88099,2.49646,0.0966536,0.321275,0.303047,-0.376299,-0.183662,-1.07484,3.58103,1.37127,-0.0769549,2.52248,0.121058,0.356574,5.82055,
380,-0.0566252,0.215158,-0.223018,-0.16723,-0.394492,0,0.219771,0.0504194,0.529737,0.946598,0.0389577,-0.0572643,0.314889,0.490104,1.10575,-0.124306,-0.531254,-0.309603,-0.572007,0.505989,1.22141,2.35282,0.22368,0.514929,-0.101899,-2.16957,0.204114,-1.95236,2.49614,-0.533104,-0.0601125,4.1665,0.567022,0.390862,7.66279,
381,-0.0230657,0.0509526,-0.288331,-0.214923,-0.349797,0,0.144776,0.0394174,0.567299,0.948162,0.0286527,-0.0967346,0.301347,0.353944,1.19662,-0.220887,-0.534707,-0.0722354,-0.531876,0.517615,1.25868,1.65873,0.25091,0.468737,-0.950503,-1.20147,-0.34065,-3.48562,1.15271,-3.32952,-0.0687739,5.42646,0.969287,0.019289,-1.08726,
382,-0.0154477,-0.15304,-0.330681,-0.253732,-0.187344,0,0.0238204,0.0147882,0.575835,0.946539,0.0122916,-0.130026,0.294968,0.130909,1.21328,-0.447093,-0.537947,0.218494,-0.518357,0.514216,1.21484,1.49834,0.142913,-0.136877,-1.09442,-0.984447,0.108859,-5.41928,-0.473583,-5.69933,-0.0603593,6.19731,-0.132727,-0.154562,-0.669915,
383,0.0183289,-0.355049,-0.268005,-0.25322,-0.0900777,0,-0.148692,-0.0205782,0.555868,0.945777,-0.00115216,-0.157354,0.284155,-0.193283,1.14355,-0.553607,-0.540676,0.525807,-0.522602,0.504038,1.15403,1.6207,0.312375,-0.487637,0.239326,-0.0108787,-0.287498,-7.5446,-2.30308,0.674367,-0.00168265,5.07016,-0.0366933,-0.263309,-1.7621,
384,0.034724,-0.364982,0.0695584,-0.0633121,-0.0446904,0,-0.342193,-0.0535578,0.527432,0.944313,0.0203548,-0.140874,0.29667,-0.58482,0.984456,-0.529655,-0.538266,0.541973,-0.527721,0.493578,1.003,1.93771,0.371322,-0.772236,1.12861,0.465723,0.0858595,-3.11328,-4.049,0.222722,0.0587709,-1.02383,-0.176244,-0.12757,-4.25659,
385,0.0638565,-0.29499,0.203788,0.044095,0.0647452,0,-0.31749,-0.0396014,0.477972,0.946353,0.036521,-0.119239,0.298102,-0.54888,0.775248,-0.524472,-0.535204,0.430641,-0.546252,0.494138,0.728575,2.173,0.548619,-0.936809,-0.479691,1.31287,0.510787,1.55309,-4.32487,0.0314977,0.0719522,-3.3588,-0.553497,0.125484,-6.69474,
386,0.0960199,-0.153266,0.315062,0.108902,0.164391,0,-0.254653,-0.023313,0.456775,0.941894,0.00786688,-0.0645156,0.329563,-0.437582,0.572267,-0.514836,-0.522989,0.218821,-0.576751,0.510021,0.467235,2.5703,1.00349,-0.307386,-0.184313,2.26073,1.6198,2.90559,-3.7895,0.396756,0.275742,-5.22028,-0.705365,0.528366,0.204609,
387,0.0721669,0.0579327,0.395384,0.175704,0.114063,0,-0.148488,-0.0112534,0.430166,0.930963,-0.0118073,-0.0226147,0.36422,-0.238642,0.506446,-0.465221,-0.522312,-0.0821519,-0.615156,0.530012,0.507925,2.76124,1.09293,-0.785106,-0.0201382,1.56707,1.41634,5.03369,0.443806,1.57515,-0.0449314,-6.80556,-0.8299,-0.0990834,0.547142,
388,0.01897,0.299334,0.399877,0.210171,0.0300078,0,0.0180917,0.0037721,0.403005,0.924562,-0.0154981,0.00162887,0.380712,0.0730682,0.554418,-0.366367,-0.52409,-0.437389,-0.652045,0.525218,0.54598,3.92004,0.618019,1.11688,-0.137629,0.0242405,-0.571175,7.14233,1.12536,2.39005,-0.0307796,-7.17673,-0.30092,-0.0502765,1.00447,
389,-0.00183678,0.376846,-0.0242218,0.0436873,-0.0988599,0,0.2381,0.0295871,0.456197,0.939647,-0.00529936,-0.00459247,0.342074,0.492598,0.645234,-0.242418,-0.52594,-0.561459,-0.663592,0.523921,0.649942,3.74193,0.806032,0.842409,0.561851,-0.579026,-2.30868,9.66152,2.54202,2.5527,-0.0392772,0.899888,-0.205776,-0.00918295,3.13236,
390,-0.0523646,0.323662,-0.120526,-0.120944,-0.257563,0,0.267588,0.0405082,0.489628,0.94932,0.0128938,-0.0152489,0.313678,0.559996,0.777278,-0.13776,-0.527938,-0.475555,-0.668272,0.521713,0.87163,2.94981,0.659056,0.830608,-0.0823929,-2.04275,-0.775359,-1.12882,2.7432,1.66688,-0.0258766,2.53852,0.0254243,-0.0216597,5.73515,
391,-0.0301891,0.214256,-0.203774,-0.173011,-0.402806,0,0.22403,0.0399415,0.539801,0.955154,0.0118137,-0.0585091,0.290032,0.482773,0.888982,-0.102569,-0.529542,-0.308264,-0.655852,0.515033,1.20867,2.52528,0.916775,0.823027,-0.765711,-1.40232,-0.980377,-1.95173,1.73121,-0.25041,-0.0334706,4.21079,0.411558,-0.307501,7.75699,
392,0.000951135,0.0437634,-0.282424,-0.22423,-0.368574,0,0.152329,0.0306609,0.562461,0.960332,0.00506465,-0.080217,0.267025,0.349829,0.941554,-0.188034,-0.531583,-0.0620291,-0.628776,0.494454,1.25547,2.25939,0.781703,0.144092,-0.528281,-0.504094,-0.748379,-3.35112,0.383238,-3.14478,-0.0415052,5.62074,0.674,-0.514476,-0.970475,
393,0.00953469,-0.167516,-0.326441,-0.264607,-0.2135,0,0.037282,0.0115125,0.555186,0.962755,-0.00472809,-0.0931679,0.253772,0.134547,0.918952,-0.408658,-0.533493,0.23954,-0.590242,0.469375,1.21601,2.07371,0.698341,-0.435537,-0.572383,-0.257916,-0.251335,-5.24382,-1.27449,-5.65986,-0.0341744,6.43575,0.866688,-0.489252,-0.61122,
394,0.0106376,-0.366418,-0.114266,-0.203828,-0.0863848,0,-0.128819,-0.0135518,0.520034,0.96517,-0.0148672,-0.100251,0.241195,-0.180117,0.808066,-0.559798,-0.535066,0.54432,-0.545556,0.447309,1.15546,2.33007,0.965402,-0.936245,-0.503252,-0.22761,-0.293355,-7.32726,-3.14515,0.608472,-0.027879,2.60374,0.919535,-0.402814,-1.79474,
395,0.0695395,-0.36098,0.0860218,-0.106714,-0.0421679,0,-0.317132,-0.0321178,0.473654,0.963276,-0.00432376,-0.0703072,0.25911,-0.559536,0.616663,-0.531593,-0.53326,0.535443,-0.519091,0.428439,1.00014,2.45212,0.880685,-1.08766,1.13766,1.4798,0.876581,-6.35591,-4.49975,0.294811,0.0547568,-1.02234,-0.0451522,-0.333387,-4.3879,
396,0.0583088,-0.293938,0.202013,0.0342689,0.0675211,0,-0.311368,-0.025249,0.407794,0.963865,0.0142028,-0.032539,0.264016,-0.557098,0.486838,-0.523513,-0.530433,0.429008,-0.527369,0.425945,0.720194,2.76759,0.721805,-1.47485,0.931249,1.15671,0.137148,1.54969,0.603171,0.0179736,0.0582227,-3.22513,-0.269302,0.207052,-6.789,
397,0.000829202,-0.154835,0.281541,0.0951185,0.165394,0,-0.258037,-0.0218932,0.370111,0.959327,0.000472267,0.0090083,0.282153,-0.447607,0.525365,-0.511464,-0.522103,0.221097,-0.538804,0.445885,0.459042,2.56945,0.0899761,0.615821,0.0754724,-0.498138,1.11083,2.76127,0.779904,0.45469,0.132625,-5.0967,-0.088398,0.607881,0.405915,
398,-0.0159777,0.051676,0.35597,0.157675,0.110741,0,-0.164043,-0.014177,0.401814,0.950577,0.000172427,-0.0180477,0.309965,-0.262701,0.579603,-0.459485,-0.52266,-0.0732629,-0.544791,0.476003,0.506395,2.74599,-0.0837483,0.47393,-0.59132,-0.984482,1.19321,4.63771,1.39899,1.61838,-0.0369535,-6.67308,-0.177533,0.593126,0.606253,
399,0.00622177,0.292089,0.396133,0.206419,0.0265969,0,-0.0112252,0.00175804,0.424838,0.940174,-0.000306505,-0.023227,0.339902,0.0279184,0.67627,-0.360817,-0.523674,-0.426143,-0.554161,0.501826,0.544886,2.91906,-0.0044871,0.335618,0.389359,-0.343851,0.983218,6.949,2.4464,2.34013,-0.0134276,-7.45962,-0.214237,0.452131,0.942678,
400,0.012615,0.375959,-0.0445897,0.0368847,-0.0990588,0,0.200562,0.0332478,0.462105,0.947278,0.026491,-0.0204622,0.31866,0.432996,0.824935,-0.238869,-0.525313,-0.559994,-0.554229,0.526127,0.644436,2.76693,0.0646191,0.740652,1.39541,-0.1607,-1.88093,9.33151,3.59668,2.50832,-0.0425172,0.831577,0.0870466,0.208676,3.01769,
401,-0.0360307,0.32902,-0.121927,-0.116041,-0.254316,0,0.262102,0.0529938,0.489606,0.953402,0.0614408,-0.0142356,0.295037,0.565649,1.00708,-0.135944,-0.527435,-0.484049,-0.543909,0.525204,0.860136,2.15284,0.0270544,0.64891,0.927456,-1.56923,-0.225872,-1.07372,3.69588,1.62429,-0.0287765,2.19626,0.335454,-0.049624,5.57818,
402,-0.043002,0.236573,-0.185982,-0.162994,-0.394569,0,0.218202,0.0533141,0.557553,0.957157,0.0634309,-0.057112,0.276706,0.491415,1.16623,-0.101295,-0.528801,-0.34157,-0.518843,0.519799,1.18276,1.72671,0.582895,1.28092,-0.848109,-1.7724,-0.663469,-1.89734,2.67525,-0.246566,-0.024127,3.6875,0.0455213,-0.222101,7.4634,
403,-0.0117499,0.0859541,-0.264429,-0.211738,-0.375871,0,0.148912,0.0418309,0.603341,0.960233,0.0543051,-0.0903171,0.258547,0.364372,1.23363,-0.185019,-0.530276,-0.122053,-0.521937,0.501109,1.27092,1.46908,0.445179,0.581949,-0.76422,-0.869886,-0.518397,-3.17156,-0.176306,-3.0801,-0.031156,5.0789,-0.0525821,-0.523037,-1.32998,
404,-0.00723006,-0.107209,-0.308988,-0.250478,-0.218863,0,0.0412787,0.0177889,0.617528,0.960867,0.0411503,-0.114434,0.248889,0.161086,1.18609,-0.403773,-0.531689,0.152445,-0.523225,0.473299,1.2214,1.29464,0.362558,-0.0184495,-0.806958,-0.740654,-0.03249,-4.94458,-1.71339,-5.6493,-0.0247776,5.895,-0.00759644,-0.589259,-0.651192,
405,-0.00353481,-0.306101,-0.303956,-0.273496,-0.0841034,0,-0.114749,-0.0133807,0.602791,0.961085,0.0284789,-0.134835,0.239425,-0.136029,1.05647,-0.571659,-0.532835,0.447942,-0.523436,0.443332,1.16992,1.38829,0.592338,-0.546861,-0.623097,-0.634998,-0.78668,-6.91384,-3.45772,0.780318,-0.0235932,5.92981,-0.001603,-0.605966,-1.4009,
406,0.00777904,-0.370903,0.0608814,-0.128465,-0.0598398,0,-0.309871,-0.0412073,0.56354,0.959337,0.0156606,-0.150514,0.23827,-0.528898,0.837199,-0.533111,-0.533883,0.551673,-0.525989,0.412253,1.04567,1.6961,0.703783,-1.02723,-0.702028,-0.309051,0.554031,-7.2386,-5.29836,0.476754,-0.0184419,-0.675405,-0.100974,-0.629097,-3.55263,
407,0.0740933,-0.315941,0.169661,0.0164324,0.0295171,0,-0.312084,-0.0286034,0.50803,0.960538,0.0109767,-0.139484,0.240398,-0.553666,0.554968,-0.51842,-0.532576,0.463372,-0.538412,0.383727,0.803979,1.89237,0.334793,-1.13783,1.22717,1.61278,0.360251,1.14165,-5.98632,0.10583,0.0876462,-2.85386,-0.388594,-0.535253,-6.10219,
408,0.0984046,-0.190055,0.278918,0.0769017,0.159083,0,-0.266898,-0.0211839,0.460701,0.959515,0.016745,-0.0918059,0.26575,-0.467908,0.486286,-0.509674,-0.525505,0.272521,-0.560206,0.370064,0.471736,2.42847,0.711318,-0.411468,-0.211399,2.32779,1.80356,2.27325,1.0581,0.194476,0.265849,-4.68469,-0.43831,-0.0279088,-2.75203,
409,0.097397,0.00162573,0.364472,0.144345,0.123318,0,-0.18602,-0.0157495,0.439071,0.950475,-0.00532348,-0.03823,0.308395,-0.30635,0.55216,-0.472248,-0.521882,-0.0023028,-0.584175,0.386466,0.497029,2.68385,0.811075,-0.634833,0.154803,2.30201,1.62323,4.17587,1.56981,1.31154,-0.0462374,-6.32651,-0.53891,0.683917,0.861856,
410,-0.0153869,0.237691,0.385063,0.190236,0.0451063,0,-0.047132,-0.00242211,0.407868,0.943829,-0.00239188,-0.00687905,0.330354,-0.0398927,0.65205,-0.384642,-0.524133,-0.343247,-0.610871,0.438779,0.540181,3.41991,0.127892,0.553632,0.46805,-0.968876,-0.286756,6.26783,2.14008,2.20084,-0.0435378,-7.15017,-0.252575,1.43545,0.901796,
411,-0.00435508,0.392029,-0.0219176,0.0347988,-0.0722226,0,0.147552,0.0236904,0.487345,0.949349,0.00446034,-0.0202707,0.313539,0.328809,0.77391,-0.268332,-0.52694,-0.586696,-0.605962,0.507082,0.628636,3.6091,0.236106,1.57428,0.442563,-0.65281,-1.62498,8.59862,3.01137,2.4671,-0.0641794,0.5274,0.153441,1.29399,2.60303,
412,-0.000976776,0.349487,-0.0976232,-0.106147,-0.224533,0,0.269307,0.0495189,0.554396,0.95665,0.0236857,-0.03147,0.288565,0.574152,0.927002,-0.161875,-0.530192,-0.516812,-0.594085,0.530017,0.827312,3.24856,0.289543,1.09957,0.6449,-0.558423,-0.29394,-0.664797,3.11487,1.7877,-0.0659409,1.91114,0.318297,-0.149469,5.32006,
413,0.000858892,0.258669,-0.199462,-0.159192,-0.375004,0,0.234497,0.0507938,0.596767,0.957511,0.0418559,-0.0400795,0.282515,0.515324,1.05946,-0.11533,-0.533363,-0.374913,-0.569466,0.522352,1.15078,3.18951,0.262262,0.586222,0.544788,-0.508539,-0.24441,-1.519,2.19089,0.0887581,-0.0614632,3.75015,0.664057,-0.154823,7.59928,
414,0.0345486,0.105052,-0.283672,-0.209306,-0.375519,0,0.173756,0.0427819,0.609334,0.95826,0.0580889,-0.0329517,0.27799,0.404332,1.13702,-0.179146,-0.536745,-0.149354,-0.527947,0.514949,1.26001,2.92911,0.114576,-0.0407974,0.74245,0.462167,-0.159167,-2.90768,0.921732,-2.61946,-0.0702283,5.25689,0.996954,-0.141287,-0.953073,
415,0.0086912,-0.097493,-0.341933,-0.251806,-0.24047,0,0.0696441,0.0223899,0.604755,0.957905,0.0633359,-0.0242108,0.278962,0.210331,1.14341,-0.375467,-0.539937,0.138536,-0.519985,0.514682,1.22891,2.30822,-0.147064,-0.0313131,-0.268076,-0.28874,0.178661,-4.83627,-0.651969,-5.21315,-0.0543715,6.25442,-0.0971201,0.132431,-0.269293,
416,0.0132887,-0.311576,-0.34807,-0.279377,-0.0923363,0,-0.089121,-0.00870746,0.590048,0.957466,0.0589256,-0.0301945,0.280847,-0.0877872,1.06525,-0.576265,-0.542502,0.456514,-0.522906,0.522753,1.19782,2.33732,0.0167822,-0.542187,-0.133586,-0.158414,-0.482384,-7.0547,-2.45861,0.381386,-0.0507571,6.47367,-0.0241855,0.195983,-0.966654,
417,0.0194735,-0.376852,0.0609981,-0.133727,-0.0770874,0,-0.295449,-0.041222,0.550178,0.954681,0.0554559,-0.034556,0.290369,-0.495657,0.893664,-0.536767,-0.544848,0.561468,-0.52562,0.524343,1.09387,2.61766,0.196282,-1.05555,-0.16666,0.0180401,1.15628,-9.23863,-4.3906,0.542325,-0.0444608,-0.972646,-0.0855053,-0.0198442,-3.17606,
418,0.0299411,-0.314722,0.16812,0.0319666,0.00554675,0,-0.317998,-0.0340451,0.483222,0.952566,0.0434961,-0.0354664,0.299114,-0.558566,0.65483,-0.523073,-0.54674,0.461455,-0.537587,0.523818,0.869985,2.96147,-0.0111746,-1.61281,-0.547638,0.318869,0.259825,1.14824,-5.15624,-0.0106443,-0.0353455,-3.02685,-0.387887,-0.00407377,-5.75978,
419,0.0672908,-0.179126,0.292193,0.0939862,0.143527,0,-0.268865,-0.0211085,0.40563,0.953053,0.000655008,-0.02413,0.301841,-0.472248,0.480099,-0.522208,-0.548288,0.256494,-0.563038,0.523772,0.53151,3.1075,0.422538,-1.46757,-1.3745,1.39948,0.415891,2.28666,0.349726,0.0292119,0.0284465,-5.10983,-0.587082,-0.00289238,-7.7647,
420,-0.0443593,0.0234846,0.343916,0.151664,0.143034,0,-0.187358,-0.0152414,0.377719,0.945896,-0.00580136,0.0103973,0.324252,-0.310719,0.526831,-0.495923,-0.533734,-0.0332714,-0.589387,0.523926,0.488337,2.71375,-0.258716,0.454211,-1.25517,-1.81664,0.854696,4.13324,1.21304,1.02415,0.369519,-6.53041,-0.45295,0.00402127,1.02828,
421,-0.00680196,0.260923,0.383917,0.197285,0.0681812,0,-0.0528945,-0.00303972,0.429773,0.939851,-0.0132512,-0.0245193,0.340444,-0.0536013,0.609033,-0.419516,-0.519819,-0.378337,-0.607486,0.516659,0.542944,3.09488,-0.311956,1.0261,0.365236,-0.716411,0.433191,6.25274,2.14881,2.0201,-0.0576788,-7.38205,-0.376604,-0.301527,1.14113,
422,0.019385,0.379612,-0.0417137,0.0357098,-0.0522891,0,0.144911,0.0224743,0.473036,0.943089,-0.000887563,-0.0291501,0.331258,0.322093,0.749476,-0.307377,-0.523789,-0.56603,-0.624638,0.501624,0.646053,2.75209,-0.046357,0.691792,0.462262,0.0365407,-1.33639,8.75818,3.45925,2.46611,-0.0861306,0.715759,-0.315493,-0.300774,2.96726,
423,0.0397789,0.341651,-0.0923048,-0.0960084,-0.21424,0,0.268508,0.0491248,0.498527,0.95059,0.028848,-0.0247622,0.308113,0.572256,0.922658,-0.196883,-0.528418,-0.504207,-0.635279,0.489444,0.860216,2.35799,0.0376255,0.391036,1.34093,0.621867,-0.940185,-0.602944,3.48911,1.95846,-0.104165,1.66912,-0.0948103,-0.177861,5.5658,
424,-0.0568504,0.262888,-0.159941,-0.145338,-0.372536,0,0.234827,0.0517432,0.546077,0.955393,0.0369935,-0.0498077,0.288748,0.517121,1.07555,-0.139522,-0.532514,-0.381325,-0.625329,0.493189,1.18468,1.98968,0.648463,1.3231,-1.11453,-2.17736,-0.841562,-1.41626,2.63104,0.35423,-0.065836,3.24792,0.465821,0.296359,7.43019,
425,-0.031421,0.126528,-0.245455,-0.196566,-0.364584,0,0.179602,0.0458203,0.593671,0.958773,0.0274746,-0.0946695,0.266527,0.418308,1.17719,-0.189878,-0.536071,-0.180189,-0.593474,0.497234,1.24741,1.74536,0.552122,0.630124,-0.891852,-1.44449,-0.687489,-2.52416,1.44459,-2.34653,-0.0710842,4.77998,0.809469,-0.131869,-0.682866,
426,-0.0303817,-0.0601367,-0.302412,-0.240701,-0.2427,0,0.088459,0.0281993,0.609597,0.958356,0.0158699,-0.134654,0.251336,0.25003,1.21155,-0.370686,-0.539454,0.0852847,-0.545657,0.484934,1.22658,1.58223,0.474352,-0.00199862,-0.949609,-1.41781,-0.295581,-4.19299,-0.0582457,-4.86525,-0.0639613,5.83093,1.10112,-0.358467,-0.175418,
427,-0.0268287,-0.265936,-0.316737,-0.271917,-0.104708,0,-0.0506698,-0.00104339,0.594478,0.955739,0.00224562,-0.17279,0.238119,-0.0096229,1.16445,-0.5637,-0.542487,0.385968,-0.516778,0.461938,1.20689,1.6241,0.631635,-0.562738,-0.956361,-1.31807,-0.928525,-6.16388,-1.81076,0.107383,-0.0593574,6.20435,-0.114938,-0.553836,-0.607263,
428,0.0378792,-0.37612,0.0484305,-0.144206,-0.0924221,0,-0.236092,-0.0352064,0.561289,0.954892,0.00503936,-0.185481,0.231848,-0.368704,1.0259,-0.534893,-0.543174,0.560261,-0.523408,0.429194,1.12816,1.80457,0.625136,-0.65441,1.27864,0.552125,0.766581,-8.18949,-3.71668,0.394026,0.0545223,-0.498917,-0.126014,-0.762985,-2.52865,
429,0.0539139,-0.334504,0.134268,-0.00104734,-0.0199808,0,-0.329547,-0.0434188,0.519593,0.95423,0.0327947,-0.157775,0.251948,-0.570587,0.817729,-0.52541,-0.539802,0.492778,-0.536011,0.399236,0.935842,2.04013,0.405429,-1.04437,1.50751,1.01992,0.204005,0.823513,-4.59734,0.0644801,0.0764905,-2.16801,-0.378255,-0.432474,-5.14194,
430,0.127956,-0.230222,0.261165,0.0604665,0.107141,0,-0.289584,-0.0278911,0.47657,0.95426,0.0205112,-0.113617,0.275787,-0.505472,0.592737,-0.523955,-0.534447,0.332055,-0.56158,0.386987,0.624115,2.39738,1.03697,-0.374843,-0.198851,3.1841,1.60245,1.73861,-4.40064,0.00498706,0.238781,-4.15451,-0.588099,-0.0715947,-7.31816,
431,0.0789786,-0.0558322,0.35644,0.130852,0.150172,0,-0.218707,-0.0171024,0.458009,0.94764,-0.00570331,-0.0543289,0.314634,-0.373331,0.492022,-0.505114,-0.521597,0.079167,-0.594273,0.406324,0.486171,2.69814,1.10205,-0.529865,-0.307233,1.76579,1.52176,3.53802,0.646887,0.767406,0.0655406,-5.99302,-0.734546,0.846699,0.830155,
432,0.0814762,0.176433,0.418538,0.192019,0.0918756,0,-0.0950158,-0.00692841,0.42039,0.938794,-0.0186848,-0.00914324,0.34385,-0.135884,0.547588,-0.4401,-0.522824,-0.252555,-0.632975,0.462267,0.519877,2.85065,1.14648,-1.01552,0.296853,1.83721,1.03442,5.94156,1.56616,1.82536,-0.0384172,-7.26826,-0.813907,1.38693,0.4536,
433,0.000136796,0.384565,0.105199,0.0824917,-0.00673526,0,0.0906709,0.0126796,0.444371,0.943071,-0.0121527,-0.00804303,0.332271,0.213037,0.639225,-0.331997,-0.524974,-0.574245,-0.65432,0.537658,0.577054,3.71059,0.573518,1.11947,0.317262,-0.52102,-1.68975,8.1856,2.2785,2.48589,-0.0515149,-1.54541,-0.218648,0.398948,1.78663,
434,-0.00321791,0.362496,-0.051277,-0.0644215,-0.15427,0,0.281424,0.0417812,0.489017,0.956568,0.00504016,-0.0203036,0.290759,0.586646,0.765311,-0.211654,-0.527593,-0.537914,-0.662505,0.528283,0.734574,3.38058,0.676742,0.663087,0.585792,-0.620597,-1.02329,1.77819,2.76127,2.29791,-0.0538454,1.30685,-0.113141,-0.305426,4.48924,
435,-0.0320241,0.29038,-0.150678,-0.146874,-0.319837,0,0.255172,0.0449183,0.511291,0.961052,0.0227337,-0.0325949,0.273494,0.543463,0.888232,-0.127976,-0.53018,-0.423497,-0.660378,0.512446,1.01993,2.90133,0.836634,0.729396,-0.145073,-1.45605,-0.644148,-1.41518,2.1655,1.07308,-0.0452619,3.18845,0.255152,-0.245424,6.8725,
436,-0.0255484,0.159686,-0.226136,-0.196949,-0.410266,0,0.202522,0.0402298,0.560646,0.963928,0.0151084,-0.0756286,0.254744,0.446961,0.967149,-0.132937,-0.532445,-0.228144,-0.635319,0.498943,1.28163,2.49127,1.10655,0.684227,-0.729127,-1.271,-0.676148,-2.44397,0.995953,-1.26638,-0.048547,4.7384,0.655523,-0.376083,-0.294985,
437,-0.0192969,-0.0278585,-0.292904,-0.242931,-0.312165,0,0.116857,0.0260927,0.579344,0.964375,0.00521188,-0.107779,0.241531,0.286137,0.979542,-0.26937,-0.534817,0.039471,-0.596048,0.475821,1.23806,2.31398,1.00769,0.0667324,-0.785968,-1.0926,-0.238282,-3.97547,-0.488229,-4.16742,-0.0448529,5.95547,0.914288,-0.547738,-0.572092,
438,-0.0118802,-0.24282,-0.321648,-0.275554,-0.127273,0,-0.0146127,0.00326977,0.566694,0.961329,-0.0084428,-0.136124,0.239259,0.0385449,0.911027,-0.52968,-0.536898,0.350957,-0.546648,0.445405,1.20491,2.17394,0.979265,-0.566851,-0.80352,-0.880273,0.0774335,-5.90581,-2.23773,-5.10109,-0.0382034,6.50384,1.0623,-0.666064,-0.752293,
439,0.0511779,-0.385185,0.0555452,-0.143322,-0.0824234,0,-0.194333,-0.0215347,0.535459,0.960686,-0.00515268,-0.135175,0.242453,-0.307917,0.751197,-0.546482,-0.536486,0.575277,-0.516395,0.410372,1.1233,2.50295,1.11529,-0.620967,1.17081,0.943937,1.15101,-7.95801,-4.14352,0.682104,0.0685063,-0.340798,-0.106911,-0.752586,-2.49587,
440,0.0519345,-0.345579,0.141088,-0.0079672,-0.0166827,0,-0.324084,-0.0282296,0.493046,0.956891,0.0143514,-0.103045,0.271175,-0.580551,0.522349,-0.527289,-0.532997,0.510516,-0.526086,0.383153,0.931014,2.76599,0.953189,-1.07873,1.1819,0.969352,0.378931,0.283744,-4.13427,0.144145,0.070684,-1.97313,-0.270154,-0.323504,-5.17157,
441,0.0857145,-0.24628,0.267066,0.0620874,0.109996,0,-0.293367,-0.02448,0.435765,0.9554,0.0230751,-0.0748956,0.284726,-0.519271,0.506389,-0.523182,-0.529299,0.35617,-0.543408,0.376708,0.615802,2.92538,1.23847,-1.01358,-1.04228,1.95409,0.876089,1.73704,0.551342,0.0104311,0.0859403,-4.15021,-0.404821,0.0553981,-7.41797,
442,0.112091,-0.0745299,0.362258,0.129301,0.151882,0,-0.227593,-0.0196116,0.403693,0.950175,-0.00802824,-0.00859425,0.311494,-0.386743,0.544662,-0.504699,-0.52088,0.105766,-0.563172,0.394109,0.481225,3.20542,1.39642,-0.734739,-0.306609,2.73242,1.10627,3.56276,0.979595,0.760478,-0.0214797,-5.94071,-0.454938,0.65327,0.98432,
443,-0.0099123,0.155717,0.374961,0.182967,0.0911567,0,-0.106716,-0.00871464,0.399966,0.945327,0.00434972,-0.00866404,0.325981,-0.153013,0.611664,-0.439997,-0.52318,-0.222377,-0.582667,0.448208,0.521461,3.44245,-0.16622,0.770931,-1.20946,-0.809672,0.530658,5.75659,1.65362,1.80292,-0.0290412,-7.11111,-0.227167,1.50228,0.552771,
444,-0.0196063,0.379114,0.149643,0.107533,-0.0052449,0,0.0765242,0.0128131,0.461645,0.94482,-0.0112441,-0.043575,0.324485,0.192325,0.715521,-0.334466,-0.524385,-0.565206,-0.58554,0.520655,0.57761,3.44854,-0.0775586,1.24784,0.254754,-1.09111,-1.06698,8.09881,2.63219,2.42518,0.0103063,-2.72813,-0.0249608,1.39392,1.66287,
445,0.0103821,0.365465,-0.0633172,-0.0569027,-0.148192,0,0.26991,0.0458485,0.51422,0.953249,0.00768878,-0.0630103,0.295443,0.57077,0.863274,-0.216655,-0.524164,-0.542762,-0.583425,0.528945,0.727937,3.01519,0.111486,0.891521,0.255699,-0.224091,-0.683577,2.13036,3.26871,2.25569,-0.00304494,1.19307,0.124837,-0.234364,4.32211,
446,0.01183,0.29845,-0.167798,-0.139516,-0.310805,0,0.249587,0.050989,0.545909,0.955963,0.0149288,-0.065402,0.285718,0.541406,1.0123,-0.133889,-0.524324,-0.436014,-0.568988,0.518952,1.00559,2.87784,0.0905739,0.379878,0.188628,-0.1824,-0.411969,-1.21255,2.69657,1.07445,-0.00244812,3.06713,0.451481,-0.159064,6.76516,
447,0.0408898,0.168674,-0.259726,-0.191581,-0.40416,0,0.199153,0.0469604,0.549741,0.958585,0.0205293,-0.0614571,0.277339,0.451352,1.11819,-0.137864,-0.524594,-0.241227,-0.5377,0.513275,1.2722,2.68759,-0.0237852,-0.261767,0.408429,0.657852,-0.406729,-2.3832,1.54748,-1.21484,-0.0129393,4.7163,0.795103,-0.0666204,-0.0395724,
448,0.0147615,-0.0177323,-0.330054,-0.238116,-0.310523,0,0.111084,0.0310475,0.548767,0.959797,0.0211982,-0.0644544,0.272371,0.288161,1.15748,-0.271026,-0.525146,0.0251199,-0.516985,0.517705,1.23645,1.91129,-0.3159,-0.175099,0.280019,-0.0984808,0.164678,-4.12865,0.036073,-4.08748,-0.0163117,5.91793,-0.127713,0.230362,-0.507443,
449,0.00310179,-0.231382,-0.359529,-0.270672,-0.130464,0,-0.0292914,0.00272278,0.527729,0.956841,0.0252898,-0.0631905,0.282529,0.026217,1.11535,-0.527201,-0.525827,0.33379,-0.522155,0.525232,1.20859,1.51083,-0.449889,-0.479863,-0.208784,-0.43618,0.408256,-6.3245,-1.70528,-5.04098,-0.00629905,6.43536,-0.0511581,-0.0190153,-0.554039,
450,-0.00472328,-0.385365,-0.00565001,-0.150517,-0.0900141,0,-0.223324,-0.031736,0.494641,0.955303,0.0237618,-0.0807559,0.283391,-0.347046,0.982407,-0.545552,-0.5261,0.575576,-0.523905,0.523711,1.14027,1.80243,-0.175194,-0.906735,-0.279042,-0.662612,0.927968,-8.60809,-3.60102,0.649493,-0.00210389,-0.00134877,-0.0232931,-0.0395281,-2.18102,
451,0.0513085,-0.347553,0.106085,0.00629967,-0.0298298,0,-0.335711,-0.0424775,0.439746,0.949733,0.0253467,-0.0874516,0.299529,-0.586125,0.778773,-0.527412,-0.524899,0.513695,-0.530768,0.521176,0.963122,2.05159,-0.180562,-0.982956,1.09271,0.959309,0.0539961,1.00458,-4.53452,0.1421,0.128294,-1.99991,-0.230199,-0.0593987,-4.89309,
452,0.119201,-0.249606,0.24353,0.0698993,0.0923381,0,-0.291587,-0.0265959,0.412193,0.948429,0.00144871,-0.0302296,0.31554,-0.511988,0.558005,-0.524185,-0.522414,0.361189,-0.547772,0.525114,0.660761,2.15017,0.417797,-0.651949,-0.0507621,2.93915,0.797023,1.83235,-4.28737,0.0205463,-0.0306767,-4.17946,-0.478245,0.0455332,-7.18623,
453,-0.0282889,-0.0733711,0.324626,0.134414,0.155748,0,-0.222109,-0.0177251,0.374574,0.943249,-0.00639866,0.00646078,0.331961,-0.379183,0.502072,-0.50595,-0.523718,0.104115,-0.575408,0.524476,0.473738,2.23825,-0.113042,-0.437693,0.412043,-1.34153,0.609973,3.41255,0.590216,0.697918,-0.0175469,-6.05923,-0.589212,-0.0171681,0.900333,
454,0.0277567,0.153674,0.375113,0.184191,0.0964248,0,-0.109221,-0.00830062,0.398618,0.932126,-0.00854617,-0.00124633,0.362032,-0.162105,0.549927,-0.44434,-0.522554,-0.219413,-0.598275,0.518105,0.515909,2.96742,-0.0324522,0.607954,0.025218,0.27987,1.41535,5.37188,1.39413,1.76975,-0.0270476,-7.03647,-0.450246,-0.229569,0.570487,
455,0.0111123,0.376558,0.15359,0.114726,8.63514e-05,0,0.0641007,0.00994345,0.427429,0.926448,-0.000485553,-0.0101838,0.376284,0.164586,0.648842,-0.339101,-0.523772,-0.560984,-0.619521,0.513231,0.57251,3.04382,-0.0398683,0.64418,0.216362,-0.202595,-0.796222,7.69898,2.55081,2.4479,-0.0319849,-2.77809,-0.357084,0.0451629,1.66985,
456,0.00149096,0.365209,-0.0608064,-0.0314957,-0.144858,0,0.259775,0.0400342,0.465946,0.941215,0.0208018,0.00239179,0.337158,0.545383,0.788754,-0.218285,-0.526364,-0.542343,-0.628629,0.518308,0.722429,2.56424,0.0229022,0.738763,0.87086,-0.483273,-1.04704,3.45562,3.14268,2.3378,-0.0482526,1.0967,-0.121707,0.148199,4.30619,
457,-0.0215998,0.30566,-0.127679,-0.118258,-0.308959,0,0.252694,0.0472494,0.52308,0.944747,0.0372079,-0.0310922,0.324194,0.542079,0.936781,-0.130954,-0.528437,-0.447253,-0.623619,0.525148,0.995682,1.67277,0.570833,1.59637,-0.613203,-1.15281,-0.962019,-0.909871,2.77443,1.20003,-0.0479811,2.61649,0.368345,-0.00437571,6.55609,
458,0.0025054,0.191001,-0.222788,-0.171484,-0.412202,0,0.213568,0.0463435,0.587988,0.951191,0.0316771,-0.0583201,0.301382,0.474164,1.05039,-0.128436,-0.530846,-0.273911,-0.597118,0.520839,1.27968,1.49005,0.47763,0.949768,-0.429878,-0.458435,-0.929424,-1.80307,1.77736,-1.08091,-0.0539242,4.30988,0.685837,-0.164148,0.212781,
459,0.011086,0.0177469,-0.295448,-0.221496,-0.321048,0,0.143581,0.0355173,0.620995,0.956589,0.024838,-0.0678104,0.282351,0.345163,1.10555,-0.256134,-0.533501,-0.0251406,-0.555239,0.513208,1.23965,1.3121,0.361084,0.382355,-0.446745,-0.213084,-0.575689,-3.34337,0.439768,-4.00316,-0.0502734,5.62897,0.988349,-0.14166,-0.613321,
460,0.0241994,-0.19195,-0.33617,-0.261037,-0.143941,0,0.027122,0.012931,0.626529,0.959362,0.0145956,-0.0724391,0.272331,0.127858,1.08619,-0.509994,-0.535797,0.275306,-0.513921,0.508198,1.21284,1.11721,0.27382,-0.142783,-0.551848,0.163745,-0.177757,-5.33183,-1.20246,-6.13471,-0.0404058,6.38333,-0.000756123,-0.0593188,-0.46092,
461,0.0240486,-0.37637,-0.0662795,-0.178558,-0.0936102,0,-0.141986,-0.0175523,0.607694,0.96491,0.00376726,-0.0707603,0.252841,-0.192468,0.979491,-0.549209,-0.53779,0.560673,-0.520995,0.510021,1.15524,1.44576,0.561021,-0.611696,-0.492909,0.157389,-0.119075,-7.4862,-3.05368,0.731782,-0.0359994,1.50745,-0.119953,0.110547,-1.82667,
462,0.0339285,-0.358767,0.08951,-0.0638912,-0.0433831,0,-0.318917,-0.040827,0.564342,0.963703,-0.010936,-0.0669056,0.258227,-0.550213,0.79733,-0.528153,-0.539512,0.531843,-0.530113,0.519396,0.997283,1.67226,0.536438,-1.12363,-0.629675,0.441455,-0.0895035,-3.0446,-4.22156,0.17027,-0.0316042,-1.28511,-0.24519,0.282148,-4.47119,
463,0.0522764,-0.282694,0.207749,0.0324348,0.0708188,0,-0.306375,-0.0291515,0.495506,0.966157,-0.0313945,-0.0577221,0.249444,-0.540292,0.579611,-0.524296,-0.540959,0.411637,-0.549637,0.525393,0.713483,1.87463,0.409907,-1.58218,-0.392514,0.971299,-0.131596,1.03268,-4.48665,0.0274155,-0.0137156,-3.51307,-0.530085,-0.0384997,-6.86614,
464,0.0520416,-0.129395,0.310672,0.09777,0.164912,0,-0.260029,-0.0211407,0.418469,0.966095,-0.0116979,-0.0144546,0.257516,-0.453285,0.500947,-0.506982,-0.538071,0.184318,-0.580268,0.524072,0.452674,2.01399,0.266396,-1.60381,1.75909,0.96738,0.520602,2.45,0.536305,0.623058,0.104024,-5.56236,-0.697836,-0.0106076,0.564981,
465,-0.00840005,0.0862735,0.336717,0.145908,0.102901,0,-0.174738,-0.014345,0.383261,0.959076,-0.00804972,0.00494485,0.282993,-0.285862,0.538956,-0.448383,-0.525929,-0.122508,-0.608671,0.523925,0.506873,2.98723,-0.701882,0.808898,-0.833667,-0.768711,0.968279,4.1005,0.883316,1.73432,0.417009,-6.64325,-0.349061,0.00103241,0.776606,
466,0.000159941,0.322048,0.37135,0.189679,0.00866929,0,-0.0401231,-0.00171039,0.440581,0.954384,-0.012508,-0.0122916,0.298066,-0.0303609,0.605009,-0.344488,-0.520969,-0.473002,-0.6238,0.522912,0.560795,3.32848,-0.857041,1.1012,-0.0342557,-0.516346,0.446507,6.18641,1.80313,2.40999,-0.0726647,-7.43823,-0.316563,-0.0451222,1.37037,
467,-0.00987711,0.379678,-0.0824058,0.0149634,-0.126626,0,0.155237,0.0230269,0.48397,0.957809,-0.000574727,-0.0255199,0.286269,0.339942,0.727592,-0.223664,-0.524767,-0.56614,-0.639275,0.521564,0.686469,3.07442,-0.561491,0.643168,0.514018,-0.810242,-1.03198,8.60038,3.08745,2.41015,-0.0762862,1.14317,-0.304521,-0.0191046,3.64042,
468,0.039867,0.328968,-0.131927,-0.115617,-0.286352,0,0.272988,0.0473654,0.50652,0.962148,0.0157832,-0.0312561,0.27027,0.578118,0.880542,-0.129593,-0.528793,-0.483967,-0.64928,0.518122,0.933231,2.63809,-0.448784,0.303935,0.442681,0.624043,-0.476582,-0.80453,3.03297,1.362,-0.0911006,2.10037,-0.0825432,-0.112838,6.20111,
469,-0.0333597,0.235481,-0.19488,-0.163727,-0.414932,0,0.233633,0.047826,0.549064,0.961474,0.0116201,-0.067636,0.266194,0.509948,1.00798,-0.114409,-0.532321,-0.339931,-0.639421,0.524591,1.26397,2.14112,0.274099,1.09685,-1.17516,-1.49683,-0.393965,-1.81446,2.06288,-0.72998,-0.0701631,3.67221,0.449586,0.14055,2.8332,
470,-0.0196633,0.0834635,-0.277687,-0.213784,-0.342384,0,0.165998,0.0386906,0.587116,0.960733,-0.0064654,-0.103395,0.257409,0.385448,1.07854,-0.225448,-0.535901,-0.118499,-0.60894,0.522246,1.24596,1.93206,0.163617,0.451368,-1.09873,-1.10428,-0.0916289,-3.15257,0.770553,-3.6873,-0.0693568,5.16978,0.769675,-0.176323,-0.771956,
471,-0.0165739,-0.114973,-0.328229,-0.254441,-0.176896,0,0.0561808,0.0181177,0.593991,0.956373,-0.0267996,-0.136003,0.257167,0.180705,1.07686,-0.467717,-0.539163,0.163579,-0.56432,0.509894,1.22347,1.75748,0.0703114,-0.183107,-1.12816,-1.01822,0.31535,-5.02132,-0.825118,-5.9848,-0.0607448,6.10614,1.01376,-0.316836,-0.138024,
472,0.0411772,-0.321521,-0.33265,-0.278724,-0.106912,0,-0.105784,-0.011441,0.580606,0.955839,-0.0259955,-0.133631,0.260458,-0.124118,0.989987,-0.553459,-0.539579,0.47217,-0.516811,0.491259,1.195,1.80891,0.132196,-0.417438,0.524487,0.651186,0.0377318,-7.14837,-2.64193,0.745132,0.0136934,6.23044,0.254177,-0.425599,-0.986128,
473,0.0530344,-0.372419,0.0574004,-0.118362,-0.0798999,0,-0.311322,-0.0402183,0.550489,0.95158,-0.0211982,-0.111201,0.285797,-0.533836,0.809526,-0.529362,-0.538388,0.554164,-0.521324,0.477042,1.08822,2.07458,0.243728,-0.776469,0.911753,0.995839,1.31548,-7.57379,-4.56025,0.211516,0.0476764,-0.880807,-0.172401,-0.135303,-3.27161,
474,0.0662556,-0.311111,0.171978,0.0339432,0.0105006,0,-0.313766,-0.0292776,0.500708,0.95039,-0.0126298,-0.0795598,0.300449,-0.55635,0.565316,-0.52455,-0.535647,0.455784,-0.537299,0.481219,0.860466,2.37738,0.0702284,-1.21275,1.04888,1.38206,0.416047,1.25223,-5.20245,0.0303929,0.0721686,-3.05019,-0.459223,0.278179,-5.82237,
475,0.0515665,-0.17469,0.285024,0.098549,0.147428,0,-0.265356,-0.0214694,0.428607,0.948777,0.00952082,-0.0451032,0.312565,-0.464096,0.496889,-0.520939,-0.532151,0.250007,-0.56483,0.506704,0.519703,2.59264,0.11598,-1.58115,0.920267,0.959534,0.611866,2.42546,0.71807,0.108736,0.0738169,-5.14897,-0.637627,0.734651,-6.41809,
476,0.024714,0.0284041,0.34983,0.156977,0.136834,0,-0.180625,-0.0151451,0.385246,0.936122,-0.00911785,0.00182169,0.351553,-0.296319,0.548942,-0.491282,-0.521387,-0.0402443,-0.594507,0.529464,0.495836,3.19349,-0.0332845,-0.0829467,-0.734878,0.193037,1.36818,4.14944,1.25326,1.11703,0.0597981,-6.51893,-0.486608,-0.0835443,0.821844,
477,-0.0135328,0.263426,0.378074,0.198504,0.0620361,0,-0.0474689,-0.0024694,0.423395,0.931639,-0.00437813,-0.0103098,0.363212,-0.0420761,0.630286,-0.410296,-0.522776,-0.382144,-0.611861,0.52501,0.542335,3.84083,-0.340775,0.917511,-0.12994,-0.91392,0.0336163,6.17024,2.0705,2.09637,-0.0428666,-7.27718,-0.299564,-0.0491845,1.02526,
478,0.00894938,0.37964,-0.042541,0.0374361,-0.0580564,0,0.147575,0.0234006,0.464409,0.936968,0.00415726,-0.0258137,0.348435,0.328264,0.765707,-0.295708,-0.525258,-0.566076,-0.624404,0.520794,0.640372,3.4861,-0.0515616,0.794868,0.825312,-0.266599,-1.6664,8.62615,3.30196,2.49746,-0.0682278,0.72748,-0.177049,-0.117122,2.87467,
479,0.0403842,0.341714,-0.097869,-0.0942869,-0.217806,0,0.268792,0.0497579,0.495935,0.94573,0.0367122,-0.0136091,0.322585,0.573526,0.932499,-0.185287,-0.529172,-0.504309,-0.628149,0.515496,0.849701,3.0223,-0.089537,0.485188,1.84888,0.638638,-0.574188,-0.651079,3.37168,1.91993,-0.0910817,1.69508,0.0308112,-0.0957518,5.47275,
480,-0.0479123,0.262872,-0.169747,-0.142896,-0.373571,0,0.233959,0.0518324,0.562237,0.948145,0.057038,-0.0407746,0.310008,0.515768,1.08023,-0.130474,-0.532801,-0.381301,-0.611459,0.524675,1.17231,2.27883,0.401837,1.53567,-0.258421,-1.91861,-0.527282,-1.49301,2.53709,0.286221,-0.0648186,3.28385,0.575172,0.161247,7.46133,
481,-0.0195313,0.125433,-0.255326,-0.193176,-0.374942,0,0.17596,0.0450886,0.621415,0.949946,0.0657435,-0.0741132,0.296291,0.411432,1.17772,-0.184346,-0.53631,-0.178613,-0.574172,0.52106,1.26717,2.02791,0.278811,0.863271,-0.0498466,-1.10087,-0.397332,-2.66896,1.37202,-2.41925,-0.0723586,4.80842,0.916154,-0.251613,-1.19937,
482,-0.0171368,-0.0617245,-0.311117,-0.23589,-0.243773,0,0.0800472,0.0263714,0.649956,0.94923,0.0712998,-0.100165,0.289563,0.234282,1.20914,-0.370612,-0.539786,0.0875422,-0.521203,0.505124,1.22922,1.86236,0.178441,0.276705,-0.190365,-1.03512,0.00530428,-4.4025,-0.104159,-5.01053,-0.0661676,5.82985,0.981755,-0.384765,-0.308682,
483,-0.0126755,-0.266394,-0.322394,-0.264881,-0.100298,0,-0.0654561,-0.00401725,0.65056,0.947823,0.0716258,-0.12324,0.285156,-0.0371727,1.16061,-0.567648,-0.542937,0.386666,-0.518833,0.483312,1.20276,1.88379,0.334818,-0.231549,-0.201409,-0.909299,-0.658867,-6.42535,-1.82052,0.186453,-0.0623055,6.14384,-0.143807,-0.481608,-0.744555,
484,-0.00637343,-0.375274,0.0419894,-0.138559,-0.0876009,0,-0.256857,-0.0389883,0.62673,0.946083,0.0733954,-0.143716,0.280867,-0.409566,1.02285,-0.535708,-0.545927,0.558864,-0.526536,0.45694,1.11775,2.13824,0.477951,-0.706718,-0.192252,-0.730133,0.787129,-8.45699,-3.6755,0.424863,-0.0560199,-0.469663,-0.165973,-0.578772,-2.63851,
485,0.00543773,-0.332434,0.138364,0.0092209,-0.0135273,0,-0.32582,-0.042842,0.578938,0.941874,0.0675477,-0.160771,0.287164,-0.562901,0.817869,-0.525513,-0.548487,0.489479,-0.541932,0.428249,0.920362,2.44827,0.333099,-1.20928,-0.509089,-0.391326,0.0758447,0.885679,-4.51356,0.0691538,-0.0474989,-2.28433,-0.446914,-0.571811,-5.23644,
486,0.0794762,-0.223005,0.266702,0.067741,0.115236,0,-0.284658,-0.0276087,0.521167,0.94191,0.0329562,-0.16415,0.291159,-0.495157,0.598955,-0.523933,-0.549972,0.321279,-0.571649,0.400758,0.604202,2.6038,0.957737,-0.627828,-1.82095,1.75188,0.990665,1.80307,-4.24694,0.00629153,0.0900735,-4.30651,-0.693649,-0.548525,-7.39671,
487,0.0985285,-0.0477025,0.355744,0.130494,0.155663,0,-0.21174,-0.0166694,0.517655,0.942708,0.0107354,-0.108408,0.315332,-0.359468,0.49806,-0.507646,-0.534725,0.0676205,-0.60604,0.387452,0.476813,2.88258,1.18041,0.028093,0.283568,2.32219,1.07038,3.61844,0.476358,0.715059,0.378317,-5.93326,-0.72821,0.0252497,1.13445,
488,0.0917869,0.181641,0.414764,0.188993,0.0927275,0,-0.0853543,-0.00599777,0.505267,0.940321,-0.00288417,-0.0541989,0.335932,-0.118149,0.545186,-0.444072,-0.521244,-0.260177,-0.644511,0.406966,0.524503,3.06274,1.17915,-0.526375,0.243325,2.13904,0.611583,6.01502,1.40008,1.81856,-0.000981738,-7.16801,-0.808704,0.749188,0.754447,
489,0.0863367,0.391058,0.124351,0.0875359,-0.00991734,0,0.110795,0.0151451,0.465254,0.939966,-0.0165485,-0.00553816,0.340823,0.251039,0.647956,-0.337807,-0.523179,-0.585071,-0.684743,0.460707,0.594584,2.90461,1.37903,-1.09285,0.277174,1.97833,-0.762142,8.74249,2.70128,2.44649,-0.04784,-1.42229,-0.802063,1.40538,2.03346,
490,-0.00177327,0.36263,-0.0619709,-0.0876841,-0.159946,0,0.282822,0.0431928,0.475698,0.955851,0.0170246,0.00421694,0.293328,0.590889,0.785518,-0.218463,-0.526779,-0.538132,-0.704349,0.539659,0.760186,1.64363,0.775269,2.0358,0.548282,-0.57803,-0.903853,0.167114,2.79103,2.23289,-0.0912445,1.55507,0.124888,0.403729,4.43208,
491,-0.0225257,0.282557,-0.16874,-0.154112,-0.321043,0,0.249259,0.0449282,0.568712,0.959917,0.0330446,-0.0180199,0.277745,0.533107,0.905687,-0.138715,-0.530908,-0.411427,-0.690076,0.528877,1.04132,1.56951,0.812217,1.62763,0.26144,-1.18205,-0.606492,-1.48756,2.02018,0.973623,-0.0779124,3.50407,0.439891,-0.318103,6.8155,
492,0.00669838,0.137004,-0.259214,-0.206339,-0.393125,0,0.193037,0.0390034,0.634704,0.962749,0.0466591,-0.0356133,0.263948,0.429441,0.975886,-0.149507,-0.534903,-0.19529,-0.660501,0.509132,1.26005,1.34436,0.706544,0.996674,0.43326,-0.341305,-0.534496,-2.65134,0.796982,-1.38659,-0.0845836,5.13127,0.73984,-0.46851,-0.343563,
493,0.0162233,-0.0632911,-0.320824,-0.251619,-0.297508,0,0.0988792,0.0229609,0.671062,0.964188,0.0571735,-0.0374146,0.256266,0.252498,0.976759,-0.288755,-0.539044,0.08977,-0.617193,0.487411,1.23162,1.15476,0.590744,0.461959,0.30741,-0.0701225,-0.102391,-4.4111,-0.749961,-4.16095,-0.0800201,6.26153,0.991568,-0.401175,-0.345956,
494,0.02917,-0.283522,-0.342141,-0.281664,-0.115187,0,-0.0465032,-0.00177942,0.68106,0.962922,0.0627996,-0.0328093,0.260308,-0.0213822,0.893727,-0.546165,-0.542849,0.412912,-0.564407,0.470642,1.203,0.996273,0.551384,-0.0504622,0.278065,0.300453,0.222207,-6.51948,-2.55652,-4.94497,-0.0716264,6.66483,1.1211,-0.268894,-0.794536,
495,0.0286621,-0.381993,0.0800738,-0.133191,-0.0752101,0,-0.241211,-0.0267615,0.667131,0.961142,0.0684142,-0.0259106,0.266185,-0.40085,0.717156,-0.550574,-0.546276,0.569975,-0.515312,0.462586,1.11261,1.42576,0.873088,-0.509686,0.192959,0.282335,0.947191,-8.65931,-4.49535,0.832867,-0.0638693,-0.920181,0.220539,-0.0658035,-2.80543,
496,0.0230849,-0.327798,0.166129,0.0132438,-0.00958429,0,-0.313179,-0.0254716,0.62801,0.958785,0.0672193,-0.0174916,0.275511,-0.560706,0.487972,-0.522595,-0.549248,0.482109,-0.52229,0.465453,0.905871,1.75119,0.684549,-1.02957,0.131566,0.118063,-0.0770979,0.815415,-1.7989,0.287685,-0.0566867,-2.58577,-0.265577,0.172924,-5.43936,
497,0.0218251,-0.208054,0.278318,0.0761377,0.115436,0,-0.279256,-0.0232153,0.56428,0.958355,0.0739212,-0.0160122,0.275381,-0.4909,0.507971,-0.510269,-0.552036,0.299069,-0.539711,0.478002,0.580631,1.91631,0.63359,-1.54509,0.333229,0.0788459,0.0812462,1.96743,0.820992,0.203746,-0.0546025,-4.71831,-0.431906,0.328425,-7.55566,
498,0.00951864,-0.0151586,0.36239,0.138845,0.135255,0,-0.206451,-0.0180282,0.489144,0.954804,0.0412119,-0.0323905,0.292579,-0.344731,0.561693,-0.480103,-0.553437,0.0214734,-0.563065,0.497302,0.480854,2.44757,0.664997,-1.46998,-3.00601,-0.278324,1.45115,3.86552,1.31675,0.994456,-0.00508525,-6.36879,-0.498316,0.442259,1.11316,
499,0.0890368,0.2231,0.413231,0.192504,0.0667678,0,-0.0744019,-0.00547279,0.427265,0.945991,-0.0128878,-0.0222437,0.323171,-0.0902924,0.650942,-0.410661,-0.547559,-0.321421,-0.587301,0.520367,0.531431,2.86697,0.845574,-0.908529,1.14461,2.03259,0.657617,6.23133,2.23382,1.79984,0.291881,-7.32909,-0.477412,0.493303,0.905488,
500,0.0345312,0.385691,-0.000738584,0.0372715,-0.0417233,0,0.115784,0.0194128,0.458871,0.952685,0.0189497,-0.00151313,0.303365,0.269381,0.774024,-0.306585,-0.532969,-0.576118,-0.592115,0.527603,0.619037,3.82984,0.391756,1.27704,1.19608,0.465438,-1.82746,8.39902,2.89611,2.30961,0.276457,0.240984,0.108704,-0.10054,2.54615,
501,-0.0306641,0.352435,-0.0732754,-0.0930112,-0.192718,0,0.277139,0.0505534,0.518022,0.963361,0.0414588,0.00592261,0.264919,0.589351,0.921991,-0.20183,-0.522119,-0.521575,-0.583131,0.524415,0.814123,2.99011,0.345484,1.42626,0.214582,-1.40864,-0.724269,0.0821886,3.02726,1.85753,0.02257,1.5072,0.25227,-0.0271226,5.24995,
502,-0.0388022,0.273893,-0.178814,-0.157691,-0.35053,0,0.242903,0.0520244,0.579696,0.966154,0.0546509,-0.0317005,0.25011,0.531224,1.05269,-0.146302,-0.523162,-0.398125,-0.561494,0.517737,1.13474,2.84486,0.3472,0.977869,0.0535543,-1.64517,-0.518952,-1.51729,2.20592,0.381438,-0.0262864,3.41847,0.609232,-0.244171,7.55453,
503,-0.00812719,0.13144,-0.266237,-0.209566,-0.371081,0,0.184389,0.0446473,0.611589,0.967586,0.0666026,-0.0577174,0.236663,0.424115,1.13131,-0.191331,-0.524767,-0.187264,-0.522474,0.498703,1.26809,2.57441,0.253028,0.322256,0.245706,-0.759662,-0.446457,-2.75624,0.948433,-2.16248,-0.0363276,5.00176,0.776653,-0.514044,-1.10422,
504,0.00031333,-0.0633767,-0.324147,-0.253866,-0.248415,0,0.0862512,0.0255248,0.614572,0.967847,0.0728615,-0.0714181,0.229918,0.240729,1.13896,-0.364436,-0.526498,0.0898917,-0.52,0.472095,1.23077,2.38646,0.158924,-0.21584,0.0123137,-0.517443,-0.0281351,-4.56362,-0.629041,-4.74059,-0.0321944,6.07638,-0.105188,-0.550879,-0.33492,
505,0.00414931,-0.276476,-0.337292,-0.28354,-0.0977547,0,-0.0636504,-0.00404797,0.590185,0.967187,0.0756871,-0.0812764,0.228504,-0.040953,1.06153,-0.571319,-0.527995,0.402083,-0.522938,0.44527,1.20273,2.40295,0.299727,-0.728362,0.0952345,-0.408072,-0.576286,-6.6695,-2.4516,-0.0414077,-0.0297161,6.42091,-0.0228607,-0.515723,-0.78149,
506,0.0397382,-0.37574,0.0538581,-0.148343,-0.0847925,0,-0.261259,-0.035418,0.542938,0.966546,0.0770596,-0.0873589,0.228516,-0.427817,0.889463,-0.537613,-0.529362,0.559634,-0.524557,0.420263,1.1141,2.57311,0.567009,-0.964384,-0.883353,0.619744,0.515148,-8.7839,-4.42591,0.50166,-0.0220176,-0.629559,-0.0226916,-0.480261,-2.75038,
507,0.0664946,-0.327485,0.151543,0.00502488,-0.00971816,0,-0.325178,-0.0344988,0.487124,0.972198,0.0333132,-0.0675312,0.221722,-0.573936,0.645794,-0.52551,-0.530195,0.481613,-0.531828,0.40517,0.911118,2.82389,0.428629,-1.37867,-1.71342,1.39445,-0.645658,1.24962,-5.3054,0.073658,-0.0138346,-2.46834,-0.273684,-0.135146,-5.34711,
508,0.100751,-0.210109,0.263626,0.0658038,0.120301,0,-0.276147,-0.0223057,0.408557,0.97753,-0.00462704,-0.0390694,0.207093,-0.485768,0.493218,-0.523054,-0.53026,0.302112,-0.551214,0.410351,0.590263,2.90458,0.182318,-1.50805,0.705463,2.39153,0.0549636,2.24769,0.382486,0.0882078,0.077248,-4.6986,-0.492287,0.320912,-7.48965,
509,-0.0464685,-0.0223187,0.315973,0.123251,0.145988,0,-0.198282,-0.0163029,0.372315,0.972618,-0.00436745,0.00847638,0.232214,-0.331474,0.528244,-0.498293,-0.521407,0.031619,-0.573193,0.442997,0.485026,2.46035,-0.622414,0.341421,-1.18645,-1.8654,1.03883,3.87947,0.859763,0.906251,0.000241604,-6.18389,-0.356615,1.02831,0.975016,
510,-0.0110263,0.206282,0.357536,0.16931,0.0793962,0,-0.0735621,-0.00510341,0.428073,0.966588,-0.00481844,-0.016798,0.255737,-0.0932992,0.587444,-0.427193,-0.523021,-0.296446,-0.585561,0.485075,0.528564,2.95304,-0.744396,1.067,-0.145533,-0.841715,0.876288,5.77702,1.58587,1.9253,-0.0355518,-7.08924,-0.265483,0.655734,0.767721,
511,0.0112896,0.385579,-0.00144637,0.0376333,-0.0274157,0,0.110568,0.0164481,0.471361,0.963094,0.000320357,-0.0381229,0.266452,0.254026,0.695435,-0.3181,-0.524816,-0.575933,-0.598801,0.515531,0.603748,2.68762,-0.420203,0.74017,0.167135,-0.198513,-0.848321,8.11213,2.72007,2.45843,-0.0476216,-0.218648,-0.235781,0.580758,2.21571,
512,0.0122642,0.355974,-0.0897198,-0.0886535,-0.179063,0,0.269844,0.0441674,0.496589,0.966856,0.00906571,-0.0429012,0.251528,0.568592,0.834764,-0.203361,-0.527209,-0.527307,-0.607212,0.526421,0.782412,2.37199,-0.309187,0.255062,0.343718,-0.172735,0.153825,0.523685,2.85472,2.1116,-0.0492856,1.42104,-0.104412,-0.0628407,4.90589,
513,-0.0286949,0.282702,-0.162773,-0.141503,-0.340631,0,0.246389,0.0472895,0.507945,0.964858,0.0213229,-0.0447089,0.258062,0.531161,0.956849,-0.132799,-0.529873,-0.411649,-0.602673,0.523808,1.08467,1.82299,0.120076,1.20768,-0.143593,-1.35943,-0.110744,-1.07079,1.99678,0.750614,-0.054903,2.99236,0.413897,-0.0589052,6.94087,
514,-0.0419313,0.155172,-0.252109,-0.190545,-0.390864,0,0.201375,0.0429858,0.55861,0.960729,0.023717,-0.0955466,0.259438,0.449163,1.02842,-0.157997,-0.532113,-0.221587,-0.573542,0.515785,1.26791,1.62881,0.0386107,0.684971,-0.360382,-1.74471,0.198514,-2.20568,0.872989,-1.73815,-0.0472485,4.60755,0.740204,-0.261506,-0.800773,
515,-0.0397975,-0.0277644,-0.318355,-0.234877,-0.28162,0,0.119565,0.0284748,0.577093,0.953294,0.0238421,-0.139143,0.267025,0.295243,1.03605,-0.313906,-0.53442,0.0393376,-0.529582,0.495268,1.23204,1.46101,-0.0851287,0.0466309,-0.461883,-1.68524,0.625518,-3.93655,-0.556357,-4.47601,-0.0445144,5.8195,1.01642,-0.556879,-0.36989,
516,-0.0348899,-0.238671,-0.346806,-0.26696,-0.10405,0,-0.013262,0.00404231,0.563419,0.941852,0.0176141,-0.180321,0.283002,0.0449541,0.965702,-0.565761,-0.536544,0.344719,-0.517195,0.460756,1.20876,1.41521,-0.0578379,-0.563714,-0.58799,-1.54533,0.446324,-6.04037,-2.24072,-2.09958,-0.0415138,6.40468,-0.171547,-0.815127,-0.558022,
517,0.0103413,-0.381097,0.0172606,-0.140884,-0.0894809,0,-0.198909,-0.0235041,0.533078,0.936128,0.0420466,-0.190785,0.292401,-0.312618,0.807588,-0.544543,-0.534811,0.56849,-0.524004,0.414248,1.13726,1.63978,0.225058,-0.655911,1.90835,-0.23592,0.839756,-8.25481,-4.07408,0.687097,0.0939854,-0.176289,-0.105588,-1.0564,-2.27977,
518,0.0651995,-0.346505,0.122129,-0.000716881,-0.0277308,0,-0.332948,-0.0322188,0.499486,0.929278,0.064602,-0.177926,0.317194,-0.594521,0.582201,-0.526457,-0.529935,0.512007,-0.533457,0.36468,0.956414,1.61788,0.732689,-0.349903,-0.925316,1.35712,0.396021,0.573186,-4.93817,0.116831,0.110198,-1.75804,-0.276133,-0.915573,-4.92769,
519,0.0819481,-0.257983,0.243286,0.0674936,0.0955307,0,-0.293855,-0.024095,0.499061,0.930253,0.0385111,-0.139264,0.337271,-0.52094,0.496825,-0.524033,-0.521801,0.373872,-0.548891,0.330762,0.652694,1.90791,0.970766,-0.056427,-0.218422,1.85196,1.15796,1.91136,0.63809,0.0138164,-0.0013962,-3.85324,-0.390584,-0.436875,-7.20092,
520,0.0761382,-0.0940052,0.341276,0.133686,0.157997,0,-0.225733,-0.0192981,0.491134,0.925521,0.0177654,-0.104435,0.363577,-0.383432,0.540581,-0.506404,-0.523051,0.13355,-0.57189,0.324112,0.468912,2.16855,1.11218,-0.0138268,0.186052,1.68174,1.32146,3.56667,1.10927,0.65378,-0.015806,-5.67987,-0.501791,0.156411,1.04273,
521,0.0718369,0.12878,0.407258,0.195222,0.0979235,0,-0.103957,-0.00849334,0.479978,0.91671,9.99818e-05,-0.0666364,0.393958,-0.147356,0.619017,-0.445794,-0.523666,-0.183431,-0.599486,0.345642,0.514695,2.38065,1.18105,-0.485195,-0.0267939,1.55613,1.13983,5.86134,2.02005,1.76688,-0.0105929,-7.00618,-0.605617,0.703977,0.569337,
522,0.0341104,0.364944,0.348677,0.195329,0.00406951,0,0.0849039,0.0147028,0.453784,0.911409,-0.00691629,-0.0327961,0.410135,0.210356,0.750682,-0.341083,-0.523398,-0.54191,-0.628085,0.393631,0.566198,3.27624,1.16816,0.88728,1.08757,0.462834,-0.591405,8.09992,2.87946,2.45286,-0.000226825,-5.79682,-0.203401,1.24735,1.51638,
523,0.025079,0.37028,-0.0279793,-0.0467947,-0.138564,0,0.287741,0.0524098,0.498951,0.93,0.0399804,-0.00889569,0.36527,0.61058,0.922674,-0.218312,-0.524231,-0.55065,-0.630978,0.461948,0.706899,2.8384,1.18345,0.686254,2.34977,0.200748,-1.49614,1.76439,4.06035,2.39072,-0.0220662,1.1863,0.00578326,1.434,4.08762,
524,-0.0391044,0.302108,-0.133246,-0.136443,-0.302903,0,0.250052,0.0568325,0.539156,0.939904,0.0799773,-0.00622973,0.331882,0.549473,1.11198,-0.12712,-0.524746,-0.44171,-0.619853,0.532077,0.973007,2.12423,1.17937,1.47748,-0.232988,-1.65551,-1.36509,-1.74276,3.51686,1.27783,0.0056541,3.07118,0.541251,0.583983,6.44459,
525,-0.00207409,0.173802,-0.217714,-0.189657,-0.422807,0,0.188407,0.0509844,0.604468,0.951423,0.0822738,-0.0421512,0.293682,0.439973,1.24557,-0.119253,-0.524498,-0.24871,-0.58226,0.526708,1.29531,1.88249,1.22316,1.02394,-0.551634,-0.584443,-1.86737,-2.63262,0.461212,-0.943759,-0.00385834,4.64858,0.949403,-0.326867,1.37571,
526,0.010483,-0.00852558,-0.279479,-0.238205,-0.3331,0,0.099885,0.0306692,0.640558,0.963565,0.0741953,-0.0497895,0.252108,0.271398,1.21398,-0.242213,-0.524738,0.0120765,-0.526749,0.510284,1.24886,1.67575,1.13762,0.444506,-0.491585,-0.221751,-1.45329,-4.09618,-1.35331,-3.95008,-0.00263421,5.77084,1.27097,-0.331203,-0.916337,
527,0.0270587,-0.216442,-0.302196,-0.272188,-0.149436,0,-0.0320382,0.0020909,0.65047,0.971658,0.0615703,-0.0500754,0.22267,0.0203414,1.10391,-0.495755,-0.524659,0.31151,-0.518391,0.495866,1.2024,1.47595,1.12256,-0.0573421,-0.559188,0.257576,-0.919833,-5.92926,-3.03578,-6.17296,0.00654618,6.2037,-0.148101,-0.247643,-0.941563,
528,0.0277872,-0.386667,-0.00957047,-0.182789,-0.0807589,0,-0.207879,-0.0272125,0.636157,0.980019,0.051885,-0.0430492,0.18713,-0.32278,0.905628,-0.545074,-0.524357,0.577744,-0.524846,0.488903,1.11686,1.86033,1.45057,-0.528382,-0.404915,0.278947,-0.782316,-7.80108,-4.88425,0.584063,0.0084476,1.01394,-0.115666,-0.0521067,-2.46309,
529,0.0382282,-0.355697,0.146901,-0.026236,-0.0144356,0,-0.333274,-0.0348706,0.596314,0.983998,0.0392072,-0.0342309,0.17041,-0.591522,0.633351,-0.527534,-0.52386,0.526858,-0.535546,0.491447,0.925979,2.17828,1.28946,-1.08015,-0.623868,0.58154,-1.27184,0.546362,-5.99293,0.146168,0.0128251,-1.88319,-0.312102,0.172051,-5.15135,
530,0.0208879,-0.258375,0.267908,0.0388159,0.11225,0,-0.291714,-0.0233791,0.530544,0.98951,0.0274042,-0.026009,0.139434,-0.517464,0.485297,-0.522869,-0.523506,0.374467,-0.556891,0.506798,0.60974,2.35648,1.18788,-1.54175,-0.238619,0.0802789,-1.1765,2.01051,0.703479,0.0398549,-0.0013092,-4.19577,-0.537645,0.437654,-7.47835,
531,0.00699659,-0.0825667,0.353814,0.096582,0.150463,0,-0.218768,-0.0182847,0.44667,0.992729,0.00699081,-0.0385573,0.113815,-0.370743,0.529718,-0.500653,-0.523552,0.11722,-0.586655,0.526361,0.477916,2.77009,1.00429,-1.56975,-3.06871,-0.321335,0.0394821,3.82975,0.997674,0.815688,0.000423161,-5.9964,-0.598953,0.0465029,1.08905,
532,0.032284,0.144316,0.359218,0.13796,0.0881016,0,-0.091163,-0.00693218,0.406691,0.992184,-0.0128463,-0.00817658,0.123854,-0.125444,0.593482,-0.433601,-0.523325,-0.205857,-0.613124,0.524573,0.518128,3.25409,-0.210744,0.854399,1.29741,0.410062,-0.0442936,5.69499,1.38422,1.93238,0.00322759,-6.81322,-0.315273,-0.0336457,0.516373,
533,0.00800838,0.370875,0.300159,0.13669,-0.0104258,0,0.0893993,0.0136031,0.456539,0.993429,0.00767748,-0.00938752,0.113802,0.213839,0.683216,-0.322876,-0.523496,-0.551627,-0.62581,0.523861,0.570599,3.33587,-0.438574,0.772329,0.883928,-0.292035,-0.807418,7.93926,2.25175,2.49498,-0.00536387,-5.76604,-0.260624,-0.00312598,1.5574,
534,0.038606,0.371544,-0.0782005,-0.105557,-0.152818,0,0.288075,0.0459491,0.484015,0.996411,0.0371991,-0.0133588,0.0748482,0.603729,0.81794,-0.20174,-0.524056,-0.552725,-0.635656,0.523629,0.714226,2.91479,-0.0852137,0.413083,0.867653,0.592279,-1.09011,1.76856,3.12184,2.30072,-0.0191284,1.34486,-0.0958738,-0.00910509,4.15818,
535,-0.0386716,0.298514,-0.160882,-0.190282,-0.313293,0,0.253985,0.0482843,0.518113,0.997146,0.0377411,-0.0337544,0.0560093,0.545643,0.951078,-0.117822,-0.524261,-0.436113,-0.630919,0.523877,0.985141,2.15308,0.50858,1.33366,-1.56514,-1.64249,-0.954481,-1.80044,2.20794,1.09433,0.00548169,3.18375,0.388289,0.00695691,6.53662,
536,-0.0213492,0.16525,-0.246564,-0.243305,-0.412895,0,0.190672,0.0408169,0.575203,0.996713,-0.00399341,-0.0751853,0.0298993,0.428372,1.02386,-0.121113,-0.52392,-0.236238,-0.602289,0.517434,1.26933,1.9432,0.604747,0.771903,-1.63869,-1.14104,-0.909912,-2.88722,0.714717,-1.21119,0.00152093,4.83159,0.730015,-0.269656,0.443486,
537,-0.0124748,-0.0238834,-0.305346,-0.288636,-0.320749,0,0.0918853,0.022864,0.597496,0.993998,-0.0421517,-0.100486,0.00968643,0.242197,1.014,-0.25538,-0.52383,0.0338365,-0.559366,0.500207,1.23757,1.7362,0.599094,0.127659,-1.60645,-0.884391,-0.447623,-4.54485,-1.09424,-4.13581,0.00396401,5.96101,0.986146,-0.418701,-0.536485,
538,0.0628554,-0.236104,-0.326926,-0.316982,-0.138356,0,-0.0549125,-0.00303303,0.592183,0.99187,-0.0710565,-0.105232,0.00843375,-0.035894,0.907479,-0.51446,-0.522872,0.340866,-0.518159,0.477033,1.20656,1.45119,0.467198,-0.188542,-0.152974,1.29616,0.917974,-6.57392,-3.15284,-6.17645,0.0141495,6.31099,0.0973905,-0.513059,-0.710771,
539,0.0635647,-0.376221,0.018594,-0.197688,-0.081718,0,-0.247572,-0.0268532,0.572814,0.994355,-0.0760134,-0.071408,0.0195323,-0.414853,0.695324,-0.550755,-0.523332,0.560428,-0.52208,0.463561,1.12879,1.95615,0.556132,-0.60326,-0.229919,1.31628,1.24501,-8.59074,-5.31871,0.786094,-0.0105619,-0.00747589,-0.111697,-0.0470542,-2.38323,
540,0.0700531,-0.342483,0.115452,-0.0425634,-0.0237812,0,-0.315675,-0.0249098,0.537085,0.995953,-0.0755437,-0.0280293,0.039812,-0.566948,0.471952,-0.52447,-0.523572,0.505542,-0.53245,0.473353,0.943474,2.06972,0.140099,-0.820378,0.605308,1.50441,0.697196,1.00764,-0.0132226,0.259429,-0.00134345,-1.98218,-0.297232,0.429893,-5.00302,
541,0.074119,-0.243219,0.230465,0.0203555,0.0965864,0,-0.2824,-0.0236393,0.483118,0.996476,-0.0608533,0.0116796,0.056538,-0.496963,0.510944,-0.516096,-0.523642,0.351557,-0.551539,0.506867,0.636703,2.17584,0.028562,-1.35589,0.70558,1.62246,0.846859,1.78561,0.73927,0.0762922,-0.00140534,-4.1595,-0.466073,0.906334,-7.25084,
542,-0.0720297,-0.0687588,0.30941,0.0826343,0.153516,0,-0.219982,-0.0190259,0.424793,0.996992,-0.025038,-0.00902711,0.0727921,-0.371641,0.549862,-0.494739,-0.523568,0.0975487,-0.577454,0.531678,0.460347,1.69688,-0.519335,-1.07793,1.7441,-2.60896,0.674574,3.24546,0.826833,0.776952,0.00722353,-5.99449,-0.574166,-0.154232,1.30805,
543,0.0675705,0.15821,0.345296,0.133086,0.0879735,0,-0.109063,-0.00887844,0.39957,0.993488,-0.008837,-0.00901639,0.113238,-0.157952,0.603675,-0.433823,-0.523422,-0.225999,-0.600843,0.510402,0.518815,2.62159,-0.865161,0.133295,-0.360919,1.43246,1.855,5.2204,1.28001,1.64799,0.00153006,-6.91098,-0.355078,-0.670195,0.899918,
544,-0.000450361,0.373618,0.101058,0.0556714,-0.0119452,0,0.0523123,0.00917391,0.447001,0.99295,-0.0141954,-0.0233546,0.115337,0.145031,0.67934,-0.334492,-0.5235,-0.556136,-0.609737,0.493477,0.593902,3.02198,-1.53382,1.31181,0.426337,-0.536516,-1.06208,7.05445,1.85404,2.29584,-0.00547423,-2.69653,-0.0886804,-0.0512516,2.05285,
545,-0.0105154,0.364555,-0.099152,-0.0328678,-0.157167,0,0.241118,0.036882,0.501112,0.996091,0.00247536,-0.0388986,0.079273,0.508148,0.779833,-0.223865,-0.523859,-0.541275,-0.612265,0.491068,0.762399,2.96532,-1.34782,0.863431,0.604961,-0.827782,-1.52885,7.46106,2.16103,2.11943,-0.00627482,0.986333,-0.0127755,-0.0526537,4.66735,
546,-0.00200293,0.307664,-0.188138,-0.169661,-0.319396,0,0.260446,0.045258,0.5312,0.996437,0.0203784,-0.0534617,0.0619623,0.5532,0.879205,-0.150378,-0.524317,-0.450385,-0.606272,0.485375,1.05657,2.66193,-1.27205,0.347145,0.633607,-0.582205,-0.497151,-1.1186,1.81692,0.852768,-0.00935365,2.64843,0.252855,-0.157992,7.08277,
547,-0.000644803,0.196051,-0.242807,-0.221076,-0.388175,0,0.212865,0.0405133,0.569348,0.996239,0.0157036,-0.0753935,0.0397102,0.464658,0.936876,-0.165615,-0.524742,-0.281342,-0.581388,0.481196,1.27309,2.12935,-0.477281,1.01144,-0.87574,-0.543378,-1.28658,-2.41867,0.498411,-1.44671,-0.0159481,4.13118,0.7191,-0.0224059,-0.720236,
548,0.00594403,0.0292624,-0.310399,-0.272527,-0.286873,0,0.127684,0.0258893,0.605362,0.996174,-0.00409676,-0.0866246,0.0108468,0.302106,0.920533,-0.306828,-0.525453,-0.0414611,-0.53898,0.479846,1.23395,1.93867,-0.444835,0.430709,-0.910207,-0.353658,-0.874667,-4.06901,-1.13905,-4.17963,-0.0113982,5.45321,0.975877,-0.0319187,-0.431507,
549,0.0171606,-0.173044,-0.339754,-0.310848,-0.12076,0,-0.00627549,0.00356264,0.612957,0.995478,-0.026274,-0.0908899,-0.00848487,0.0469604,0.814745,-0.546984,-0.525821,0.247603,-0.515361,0.479214,1.21809,1.90436,-0.308588,-0.104875,-0.953523,-0.0297998,-0.992213,-6.10264,-3.07531,-2.26667,-0.00398897,6.11661,-0.169261,0.0120833,-0.203323,
550,0.029247,-0.366904,-0.265672,-0.30808,-0.108704,0,-0.190929,-0.0176282,0.594304,0.994272,-0.0463523,-0.088204,-0.0386706,-0.311745,0.607341,-0.539851,-0.526067,0.545116,-0.523595,0.482887,1.17642,2.10171,-0.185348,-0.638841,-0.938949,0.319464,-0.752738,-8.23893,-5.20602,0.512853,-0.00450048,4.73598,-0.14633,0.126163,-1.4521,
551,0.0161218,-0.365943,0.0608916,-0.0779084,-0.0617233,0,-0.317142,-0.0251956,0.553247,0.992379,-0.0687943,-0.088409,-0.051327,-0.569724,0.475042,-0.526384,-0.526058,0.543543,-0.533887,0.494137,1.03889,2.42864,-0.604576,-0.919187,-0.458831,-0.0600709,-0.878322,0.454854,0.993264,0.101904,0.0191957,-1.43652,-0.260773,0.338756,-4.03655,
552,0.0792617,-0.28512,0.176168,-0.0178861,0.0457576,0,-0.295492,-0.025158,0.509458,0.996358,-0.0404268,-0.0547477,-0.0513785,-0.522793,0.516914,-0.52402,-0.522988,0.415375,-0.550993,0.512605,0.773998,2.31497,-0.851394,-1.1011,1.36629,1.77263,0.265476,1.15305,0.539385,0.00905206,0.00509965,-3.6631,-0.427558,0.413236,-6.52363,
553,0.0545907,-0.128443,0.276505,0.0433393,0.164004,0,-0.252026,-0.0218583,0.44075,0.99898,-0.00457377,-0.0141495,-0.0426307,-0.434734,0.54006,-0.515219,-0.523403,0.182947,-0.576514,0.528517,0.468848,2.45065,-0.98565,-1.59225,1.07336,1.05593,0.499508,2.36017,0.394385,0.34085,-0.00663201,-5.62509,-0.590873,-0.0735037,-1.1751,
554,0.0222232,0.0924701,0.295146,0.0898821,0.119267,0,-0.169147,-0.0143576,0.387599,0.999777,-0.0110071,0.00314352,-0.017767,-0.273482,0.56385,-0.469797,-0.52341,-0.131356,-0.6027,0.524836,0.502858,2.35555,-2.25251,0.870978,0.241088,0.118986,1.08235,3.82707,0.401839,1.47812,0.0132935,-6.72313,-0.264086,-0.0391816,0.704725,
555,0.0025199,0.331511,0.332272,0.13369,0.0327652,0,-0.0428823,-0.00200153,0.430423,0.99999,-0.00151396,-0.00418709,0.00035355,-0.0359455,0.597996,-0.375441,-0.523464,-0.48801,-0.616335,0.523871,0.554613,2.43194,-2.4518,0.635549,0.392657,-0.450635,0.522553,5.71228,0.989934,2.28302,-0.00394822,-7.57194,-0.309613,-0.00607776,1.35359,
556,0.0224757,0.369315,-0.105459,-0.0392125,-0.102025,0,0.138419,0.0189948,0.453471,0.999727,0.0132301,-0.00749377,-0.0177126,0.304249,0.670563,-0.256175,-0.524113,-0.549066,-0.630591,0.523689,0.680929,2.36227,-2.02675,0.294079,0.541116,0.125584,-1.29221,7.86667,1.90259,2.46521,-0.0162354,0.70489,-0.261876,-0.00225686,3.6841,
557,-0.0114931,0.336762,-0.0978486,-0.145707,-0.266533,0,0.274224,0.0402479,0.499495,0.99892,0.00255817,-0.0315266,-0.0340207,0.57167,0.756507,-0.154975,-0.524713,-0.496382,-0.634228,0.523916,0.924059,1.82756,-0.682677,1.43779,-1.09854,-0.856897,-0.0243736,-0.106229,1.53543,1.58867,-0.0211421,1.34975,0.12659,-0.000974606,5.99982,
558,0.00362694,0.262714,-0.200859,-0.202141,-0.405685,0,0.248319,0.0392452,0.557498,0.99786,-0.0259953,-0.050799,-0.0319267,0.524015,0.804721,-0.125914,-0.525739,-0.38106,-0.620748,0.521663,1.25644,1.6649,-0.634312,0.824394,-0.961012,-0.420914,0.115683,-1.3366,0.401756,-0.407831,-0.0252563,3.25461,0.406949,-0.0856133,3.02919,
559,0.0208111,0.124535,-0.286346,-0.252443,-0.345509,0,0.196162,0.0309129,0.582936,0.997118,-0.0484702,-0.0515525,-0.0273734,0.421865,0.787199,-0.219589,-0.527164,-0.17732,-0.593897,0.518102,1.24466,1.40366,-0.625017,0.225427,-0.894479,0.0744003,0.38548,-2.73588,-1.09011,-3.31542,-0.0279337,4.87852,0.667992,-0.0578488,-0.718031,
560,0.0303791,-0.0676711,-0.345116,-0.29575,-0.193477,0,0.101213,0.0151148,0.580452,0.99627,-0.0721075,-0.0452502,-0.0141241,0.236074,0.687653,-0.444352,-0.528416,0.0960009,-0.55559,0.518953,1.22564,1.16123,-0.617336,-0.324117,-0.936681,0.349862,0.796564,-4.67915,-2.87768,-5.65642,-0.0215511,6.04514,0.86371,0.0904493,-0.143017,
561,0.0546146,-0.281565,-0.361875,-0.326867,-0.112364,0,-0.0490483,-0.00254024,0.552414,0.995667,-0.0879503,-0.0294674,-0.00659854,-0.0539004,0.506132,-0.552091,-0.528632,0.4099,-0.515445,0.525081,1.20608,1.28956,-0.411118,-0.673577,0.388683,1.0514,0.0793811,-6.9069,-1.81459,0.624859,0.0433098,6.5059,0.173508,-0.000216242,-0.638856,
562,-0.00408683,-0.379326,0.0465054,-0.18854,-0.095746,0,-0.262373,-0.0217294,0.525871,0.996835,-0.0770439,-0.018083,0.00752093,-0.457227,0.510463,-0.529473,-0.524801,0.565558,-0.521406,0.52414,1.12714,0.762717,0.0510743,-0.071834,0.215309,-0.642918,0.900503,-9.2087,0.390978,0.21168,0.139834,-0.79845,-0.178326,-0.0124626,-2.42662,
563,0.0209229,-0.32647,0.133653,-0.0280392,-0.0218769,0,-0.32079,-0.027835,0.516222,0.997704,-0.0625316,-0.0215252,0.0146206,-0.573888,0.521023,-0.524597,-0.522825,0.480003,-0.534077,0.523526,0.939068,0.899477,-0.388162,-0.400882,0.683941,0.0819724,-0.041898,1.37574,0.0808505,0.0307918,-0.0202656,-2.61841,-0.328102,-0.0174215,-5.07139,
564,0.0303337,-0.204627,0.248201,0.0336905,0.103898,0,-0.275676,-0.0235075,0.483092,0.998733,-0.0447821,-0.0157756,0.0166647,-0.482682,0.523124,-0.523838,-0.523819,0.293999,-0.555157,0.523866,0.63187,1.005,-0.504804,-0.929712,0.760483,0.353146,0.206242,2.26523,0.014868,0.00465297,-0.0195274,-4.8045,-0.51313,-0.00185038,-7.1993,
565,0.0176044,-0.00663341,0.335599,0.0944981,0.14771,0,-0.196086,-0.0161535,0.42868,0.999289,-0.0256839,-0.0159029,0.0225649,-0.327123,0.530365,-0.504455,-0.523564,0.00939616,-0.584236,0.523802,0.491163,1.13958,-0.593903,-1.18969,1.46509,-0.0147133,0.194282,3.93977,0.273084,0.767901,0.0481647,-6.55802,-0.644557,-0.000639504,0.676328,
566,-0.00363963,0.232561,0.334222,0.131536,0.0932938,0,-0.063879,-0.00402825,0.394312,0.999298,-0.0103616,0.00312125,0.0358549,-0.0775262,0.558021,-0.445632,-0.523295,-0.335555,-0.61242,0.523761,0.525752,2.23628,-1.68212,0.389546,-0.864981,-0.628487,-0.0223035,5.8025,0.637585,1.67086,-0.00689024,-7.16332,-0.360968,0.00191975,0.707689,
567,-0.0125458,0.390126,-0.0795402,-0.0277699,-0.00810775,0,0.116482,0.014545,0.443606,0.999591,-0.0176307,-0.0166618,0.0151695,0.258498,0.60432,-0.345663,-0.523623,-0.583514,-0.622013,0.523662,0.603463,2.4012,-1.70936,0.859796,0.284836,-0.886237,-1.94807,7.77093,1.36614,2.32889,-0.0125976,0.424257,-0.177686,-0.00237985,2.3715,
568,0.00860984,0.351796,-0.143275,-0.137432,-0.161752,0,0.284687,0.0362932,0.477986,0.998871,-0.0135321,-0.0327772,-0.0316016,0.585995,0.66543,-0.23368,-0.52431,-0.520542,-0.626754,0.521029,0.790385,2.17369,-1.53768,0.485307,-0.013186,-0.275465,-1.21592,1.28546,1.08368,2.12912,-0.0161515,1.67292,-0.021726,-0.117908,5.08113,
569,-0.0588128,0.267258,-0.228963,-0.215899,-0.330207,0,0.257951,0.0345198,0.493158,0.997275,-0.0166368,-0.0513714,-0.0502699,0.534935,0.693297,-0.159661,-0.524875,-0.387983,-0.620914,0.517208,1.10156,2.12759,-1.06857,0.588081,-0.77777,-2.22663,-0.325669,-1.75409,0.0480112,0.856949,0.00202819,3.52641,0.321993,0.0459574,7.24504,
570,0.0382644,0.124936,-0.293045,-0.267346,-0.385356,0,0.193388,0.0248731,0.542072,0.994611,-0.044854,-0.0722283,-0.0593226,0.407159,0.656201,-0.174569,-0.523703,-0.177898,-0.593607,0.512857,1.28017,1.83062,-0.614501,0.794954,-0.358727,0.582744,0.27119,-3.36056,-1.51958,-1.44218,0.0561778,5.01477,0.659435,-0.303463,-1.16367,
571,0.0499268,-0.0714986,-0.349925,-0.310029,-0.28107,0,0.0821959,0.00941228,0.568463,0.995961,-0.0551974,-0.0522583,-0.04779,0.189703,0.53286,-0.315204,-0.523337,0.101449,-0.556778,0.504913,1.23279,1.59119,-0.605361,0.268575,-0.491038,0.920836,0.797181,-5.32043,-3.39933,-4.16145,-0.00706974,6.14943,0.813831,-0.0170189,-0.494472,
572,0.0450309,-0.285564,-0.361736,-0.334979,-0.107364,0,-0.092282,-0.00633311,0.572294,0.99741,-0.0608045,-0.0302898,-0.0236271,-0.133569,0.509211,-0.553117,-0.523701,0.416059,-0.518983,0.512884,1.19554,1.56578,-0.512651,-0.129546,-0.141627,0.778651,0.750342,-7.57508,0.387126,-2.15014,-0.00560395,6.444,0.216488,0.341362,-0.990701,
573,0.0389826,-0.379934,0.0285693,-0.174467,-0.0746285,0,-0.318313,-0.0275551,0.55409,0.997738,-0.0662226,-0.0112503,0.00267089,-0.568865,0.520335,-0.541113,-0.52385,0.566564,-0.521814,0.528334,1.09521,2.04467,-0.581368,-0.606361,-0.290926,0.603385,1.55295,-7.93418,0.0895693,0.566579,0.000906784,-0.846642,-0.11991,-0.0389231,-3.00588,
574,0.0441276,-0.319412,0.139781,-0.0130463,0.0033339,0,-0.317631,-0.027602,0.512644,0.996842,-0.0775559,0.0057127,0.0160717,-0.567304,0.522656,-0.525262,-0.523621,0.468841,-0.532874,0.524889,0.879048,2.18663,-0.968716,-1.07936,-0.452606,0.752573,0.527202,1.74893,0.0170501,0.0854828,0.00486042,-3.06717,-0.318543,-0.0428156,-5.62001,
575,-0.031241,-0.182919,0.240466,0.0479222,0.136014,0,-0.263387,-0.0223298,0.460331,0.99804,-0.0497933,0.0259187,0.0276631,-0.458305,0.523339,-0.519881,-0.523597,0.262049,-0.552643,0.523932,0.546162,1.54079,-1.41183,-0.80543,2.50109,-1.42681,0.477274,2.56031,0.00588796,0.111761,-0.0072749,-5.18563,-0.461196,-0.00410414,-7.64882,
576,-0.0248423,0.0274256,0.318256,0.10538,0.136821,0,-0.176526,-0.0143672,0.414498,0.998724,-0.00120927,-0.026131,0.0431977,-0.289706,0.53263,-0.489803,-0.523549,-0.0388573,-0.578537,0.51835,0.493368,1.91743,-1.53802,-0.739488,-0.353961,-1.24168,1.33908,4.16094,0.331583,1.05895,0.000951899,-6.76156,-0.508077,-0.23026,0.852783,
577,0.0717915,0.268657,0.348772,0.151089,0.0702861,0,-0.0382532,-0.0015651,0.40834,0.995976,-0.006036,0.00575555,0.0892337,-0.029637,0.56714,-0.420195,-0.523424,-0.390118,-0.599761,0.501835,0.53896,2.7207,-1.60584,-0.0551056,0.528064,1.55505,1.56488,6.19817,1.03325,1.82182,-0.00412209,-7.41206,-0.417967,-0.405484,0.988279,
578,0.00973648,0.383158,-0.0800871,-0.021049,-0.0419941,0,0.15357,0.019741,0.430771,0.996689,0.00555653,-0.00135369,0.0811109,0.330611,0.64134,-0.31552,-0.523918,-0.571908,-0.614369,0.501524,0.634785,2.09671,-0.909934,0.872784,-0.420317,-0.242508,-1.33465,8.30284,1.98792,2.3276,-0.0171604,0.89899,-0.154994,0.388904,2.79123,
579,-0.0351171,0.339059,-0.129701,-0.146498,-0.197452,0,0.272669,0.038752,0.468419,0.99773,-0.00639708,-0.0216276,0.0634572,0.566991,0.73437,-0.2105,-0.524588,-0.500056,-0.618081,0.522335,0.8407,1.67185,-0.65208,0.674469,-0.776945,-1.53995,0.166541,-0.505855,1.73995,1.86878,-0.00603424,1.94184,0.0065546,0.441002,5.40655,
580,-0.0386541,0.248216,-0.207823,-0.194918,-0.355593,0,0.243382,0.0378302,0.502629,0.995122,-0.0239228,-0.0651555,0.0701038,0.513421,0.791686,-0.154957,-0.524987,-0.35909,-0.608509,0.524725,1.16338,1.50072,-0.203337,0.849264,-1.49258,-1.64271,-0.0392213,-1.51195,0.571795,0.37984,-0.00724252,3.63459,0.406345,-0.121262,7.44451,
581,0.0342496,0.096775,-0.29324,-0.244813,-0.364407,0,0.185147,0.0292464,0.532899,0.99427,-0.0322369,-0.0681949,0.0757487,0.400636,0.784199,-0.199629,-0.523172,-0.137509,-0.582325,0.511362,1.26339,1.1426,-0.28374,0.321439,-0.0810989,0.467088,0.423451,-2.97424,-0.867487,-2.16793,0.00220719,5.21093,0.647932,-0.4052,-1.07506,
582,0.0458859,-0.105462,-0.349012,-0.286179,-0.242008,0,0.0824423,0.0131015,0.535978,0.993708,-0.0383519,-0.0523719,0.0912776,0.201932,0.696822,-0.371862,-0.523466,0.149941,-0.545214,0.497749,1.22678,0.908258,-0.35193,-0.192502,-0.216064,0.80365,0.898843,-4.95677,-2.61411,-4.70118,-0.00550819,6.2783,0.836194,-0.141756,-0.361778,
583,0.0256221,-0.321155,-0.358099,-0.312625,-0.101565,0,-0.0760942,-0.00495885,0.525438,0.991373,-0.0569995,-0.0413752,0.110541,-0.103054,0.516772,-0.560229,-0.523591,0.471592,-0.515497,0.499685,1.19333,0.536244,-0.132639,-0.327452,-0.897569,0.217094,0.373062,-7.20544,-3.72084,0.0416648,-0.00156739,6.59065,-0.0709361,0.216144,-1.00215,
584,0.0180781,-0.374363,0.053505,-0.166684,-0.0756134,0,-0.293497,-0.0244631,0.50511,0.989499,-0.0532701,-0.0406869,0.128057,-0.519579,0.50574,-0.534198,-0.523337,0.557364,-0.522742,0.51404,1.08593,1.06736,0.0254237,-0.554817,0.897709,-0.000791866,0.885046,-9.43896,0.515528,0.367213,-0.00447193,-0.938237,-0.158311,0.362352,-3.27973,
585,0.0326776,-0.313569,0.153829,0.00249053,0.012133,0,-0.317103,-0.0274299,0.46887,0.990839,-0.0289741,-0.0307814,0.128265,-0.566399,0.520224,-0.525019,-0.523554,0.459644,-0.535034,0.526249,0.857299,1.32182,-0.370018,-0.975022,1.04739,0.421222,-0.138805,1.51336,0.114597,0.053782,-0.00448671,-2.97447,-0.330768,-0.0320399,-5.84337,
586,0.0351362,-0.179429,0.265928,0.0643253,0.148987,0,-0.266787,-0.0227718,0.406492,0.991657,-0.00341475,-0.0139433,0.1281,-0.464821,0.52622,-0.520321,-0.523774,0.256937,-0.55617,0.524298,0.514795,1.47111,-0.463945,-1.50998,1.0718,0.49214,0.105899,2.54209,0.127279,0.134172,-0.00217082,-5.11852,-0.512801,-0.0220344,-6.43554,
587,0.000220872,0.0182555,0.310899,0.112278,0.137058,0,-0.182482,-0.0150986,0.390796,0.988144,-0.00463538,0.000402566,0.153461,-0.300521,0.539603,-0.490737,-0.523121,-0.0258613,-0.575167,0.523851,0.494359,2.50837,-0.969655,0.512034,-0.00533922,-0.516738,0.957526,3.98912,0.379787,1.10222,-0.00860138,-6.2857,-0.299331,-0.00115599,0.87252,
588,0.006555,0.251866,0.356119,0.161079,0.0641352,0,-0.0494258,-0.00266083,0.40818,0.983926,-0.0122143,-0.0109182,0.177823,-0.0494201,0.578222,-0.412169,-0.523512,-0.364606,-0.591509,0.523661,0.540388,2.72698,-1.05854,0.270096,-0.79778,-0.334059,0.893039,6.01443,1.13959,2.03654,-0.00460963,-7.24305,-0.333974,-0.00212928,0.970164,
589,0.0049514,0.382035,-0.0707581,-0.000805573,-0.0529095,0,0.137586,0.0184493,0.442861,0.984777,-0.00985502,-0.0174701,0.17266,0.3017,0.6568,-0.299358,-0.52379,-0.570045,-0.601361,0.523675,0.634017,2.87626,-1.02791,0.699605,0.2948,-0.380685,-1.20288,8.11711,2.07206,2.46958,-0.0113634,0.663418,-0.143514,-0.000134045,2.75848,
590,0.0071179,0.344697,-0.1243,-0.121614,-0.210943,0,0.278121,0.0408502,0.466267,0.988016,0.000601117,-0.0267377,0.152016,0.579494,0.757474,-0.18898,-0.524373,-0.509097,-0.604944,0.523389,0.838495,2.57723,-0.937819,0.224183,0.377957,-0.31865,-0.0848725,-0.241112,1.95931,1.93321,-0.0135084,1.67798,-0.00334684,-0.0141894,5.39622,
591,-0.0430613,0.26693,-0.19594,-0.175146,-0.366247,0,0.246379,0.0401916,0.523618,0.987183,0.00752975,-0.0629056,0.146475,0.521858,0.827556,-0.132192,-0.525363,-0.387484,-0.590615,0.52434,1.15464,1.996,-0.387194,1.23927,-0.336675,-1.77068,-0.298923,-1.61602,0.912431,0.347491,-0.0179821,3.30721,0.481716,-0.0031912,7.36503,
592,-0.0129236,0.127395,-0.282718,-0.227201,-0.373801,0,0.18632,0.0318088,0.567699,0.985632,0.00753304,-0.094046,0.140099,0.406869,0.839884,-0.181794,-0.526586,-0.181437,-0.560029,0.516288,1.25964,1.71167,-0.434731,0.555164,-0.142792,-0.900121,-0.128131,-2.97069,-0.40855,-2.31026,-0.0280017,4.91895,0.74219,-0.316518,-0.948439,
593,-0.00486651,-0.0648321,-0.339477,-0.270956,-0.248913,0,0.0837439,0.0152289,0.58064,0.983154,0.00452224,-0.114789,0.142168,0.210183,0.778189,-0.362627,-0.527913,0.0919618,-0.520438,0.498356,1.229,1.50302,-0.48487,-0.0326604,-0.340871,-0.668564,0.360492,-4.88053,-2.04716,-4.90267,-0.0244445,6.00852,0.365619,-0.39996,-0.26801,
594,0.00203676,-0.275353,-0.351056,-0.299179,-0.106101,0,-0.0730309,-0.00522994,0.564908,0.980239,-0.00442218,-0.128815,0.150065,-0.0893724,0.62846,-0.559933,-0.529025,0.400361,-0.521159,0.477925,1.20395,1.55468,-0.32629,-0.575053,-0.371579,-0.470159,-0.0592896,-7.06586,-3.92473,-0.011129,-0.0218026,6.33468,-0.0765516,-0.41232,-0.728567,
595,-7.43546e-05,-0.374547,0.0269366,-0.167018,-0.0887565,0,-0.282432,-0.0230181,0.526035,0.976078,-0.00882248,-0.143594,0.163019,-0.498068,0.496406,-0.534313,-0.529777,0.557668,-0.525573,0.45743,1.11822,1.86345,-0.153661,-0.832617,0.964469,-0.531926,1.01839,-9.26931,0.300935,0.369477,0.03912,-0.568817,-0.0896695,-0.413207,-2.68969,
596,0.0527815,-0.326605,0.132084,-0.00458069,-0.0128101,0,-0.313747,-0.0269251,0.483003,0.975227,0.0282489,-0.133281,0.174271,-0.559804,0.516662,-0.525202,-0.525784,0.480216,-0.533981,0.438363,0.918097,2.09146,-0.225941,-0.760792,0.484334,1.00111,0.299264,1.12977,0.236041,0.0576509,0.092772,-2.49563,-0.24899,-0.371347,-5.28484,
597,0.113145,-0.213663,0.251264,0.0546986,0.116681,0,-0.275371,-0.023627,0.460172,0.976986,0.00460584,-0.0841994,0.195929,-0.481817,0.526728,-0.523892,-0.522807,0.307383,-0.549755,0.428739,0.60058,2.40705,0.228054,-0.41069,-0.107297,2.76135,1.26458,1.99059,0.17654,0.00840674,-0.0104614,-4.43641,-0.379089,-0.0131294,-7.40537,
598,0.0880926,-0.0288641,0.341522,0.120009,0.152351,0,-0.202795,-0.0172187,0.431524,0.97433,-0.0114516,-0.0307292,0.222724,-0.338861,0.54576,-0.501965,-0.52336,0.0408965,-0.572465,0.44864,0.475445,2.57872,0.224239,-0.69695,0.479083,2.02929,0.910312,3.71037,0.581566,0.858158,-0.00562619,-6.20125,-0.523437,0.803689,1.18119,
599,-0.00831455,0.20675,0.359959,0.165237,0.0822653,0,-0.0765783,-0.00544275,0.394698,0.972567,0.00103184,-0.000342922,0.232621,-0.0984043,0.594004,-0.431656,-0.523629,-0.297138,-0.599318,0.504865,0.529099,3.1277,-0.74009,0.364834,-0.147407,-0.76394,-0.148356,5.69975,1.12365,1.94325,0.00391354,-7.13622,-0.312705,1.46844,0.995639,
600,-0.00944137,0.38415,-0.00835306,0.0267269,-0.0305429,0,0.10302,0.0147095,0.457302,0.974985,-0.0155648,-0.0227901,0.220551,0.237766,0.664447,-0.321249,-0.523781,-0.573556,-0.60063,0.531002,0.616656,3.36605,-0.684393,1.27327,-0.55346,-0.796661,-1.42933,7.85792,1.91127,2.48766,-0.0125369,-0.249391,0.0295632,-0.171894,2.47262,
601,-0.0123789,0.356122,-0.0943164,-0.0875331,-0.187751,0,0.278494,0.0411873,0.50978,0.980961,-0.0205289,-0.0483347,0.186973,0.580584,0.762298,-0.20537,-0.524438,-0.527547,-0.596377,0.520536,0.807606,3.10969,-0.580456,0.806495,-0.347806,-0.882229,-0.669181,1.55657,2.00396,2.12523,-0.015213,1.34576,0.136686,-0.261707,5.14042,
602,-0.0106516,0.282819,-0.200009,-0.167052,-0.352663,0,0.254433,0.0423231,0.536913,0.981268,-0.0253755,-0.070746,0.17738,0.538836,0.844034,-0.136131,-0.52518,-0.411829,-0.582228,0.505097,1.12346,2.96776,-0.576634,0.276582,-0.400759,-0.833041,-0.3381,-1.45571,1.2711,0.665082,-0.0138518,3.27239,0.427977,-0.349301,7.47528,
603,0.0475108,0.144443,-0.292428,-0.221074,-0.383316,0,0.197577,0.0351074,0.533759,0.98181,-0.0284022,-0.0776743,0.170904,0.430901,0.875346,-0.167578,-0.526012,-0.206041,-0.553864,0.48603,1.26256,2.69862,-0.724505,-0.313513,0.47701,0.848168,0.111505,-2.86134,-0.00553744,-1.87158,0.0107025,4.93879,0.702212,-0.417422,-0.925114,
604,0.00167501,-0.0498975,-0.353665,-0.267487,-0.271296,0,0.0964329,0.0184691,0.517229,0.981635,-0.0321051,-0.0656969,0.176196,0.237737,0.834409,-0.328777,-0.52522,0.0707371,-0.51798,0.474578,1.23005,1.62482,-0.765676,-0.0696924,-1.13375,-0.476809,0.24761,-4.84918,-1.61757,-4.55684,0.0276441,6.13214,0.198103,-0.036287,-0.298832,
605,0.0124384,-0.26652,-0.375232,-0.296199,-0.104897,0,-0.0627325,-0.00425946,0.519892,0.976928,-0.0474581,-0.0521623,0.201591,-0.0647565,0.706406,-0.564351,-0.522705,0.386858,-0.521136,0.472753,1.20846,0.685658,-0.821355,0.396537,-0.968746,-0.163195,0.828404,-7.19377,-3.47918,-1.27075,-0.00651459,6.54235,-0.0811607,-0.0080724,-0.44856,
606,0.0145578,-0.380124,0.0191443,-0.156987,-0.0922887,0,-0.275036,-0.0223791,0.531437,0.972112,-0.0562371,-0.0502655,0.222055,-0.483256,0.497414,-0.540763,-0.523345,0.566878,-0.525241,0.474212,1.13775,1.17031,-0.556745,0.103477,0.467023,-0.102568,1.33032,-9.53702,-1.94746,0.569759,-0.0109727,-0.664509,-0.0830241,0.0559125,-2.35828,
607,0.00805818,-0.329994,0.117251,0.00615697,-0.0267526,0,-0.311924,-0.0263166,0.52716,0.970703,-0.0431259,-0.0562816,0.229584,-0.556728,0.50777,-0.526031,-0.523721,0.485596,-0.533343,0.480979,0.95332,1.49605,-0.840498,-0.324231,0.470549,-0.29082,0.0708805,0.973018,0.50154,0.0941317,-0.00684123,-2.58494,-0.240742,0.192389,-5.00113,
608,0.0181928,-0.210592,0.23102,0.06594,0.0970422,0,-0.278782,-0.0242335,0.498164,0.969822,-0.0303883,-0.0567948,0.235152,-0.48814,0.533258,-0.52398,-0.524067,0.302828,-0.549864,0.491753,0.648903,1.63608,-0.898059,-0.839299,0.540852,0.00179577,0.316165,1.7644,0.517707,0.0115137,-0.0070282,-4.70883,-0.418197,0.238186,-7.15806,
609,0.00474544,-0.015999,0.323212,0.126139,0.157554,0,-0.214804,-0.0191445,0.450189,0.968735,-0.0050609,-0.0536804,0.242169,-0.360135,0.57097,-0.50586,-0.523085,0.0226641,-0.574264,0.506708,0.469097,1.78281,-0.890318,-1.06219,1.47448,-0.385933,0.135485,3.34402,0.988679,0.707216,0.00711368,-6.48317,-0.555683,0.358864,1.05475,
610,0.0743041,0.221577,0.371808,0.17576,0.0975222,0,-0.100492,-0.00831787,0.429644,0.960614,-0.013718,-0.0150481,0.277138,-0.13933,0.641147,-0.450396,-0.523323,-0.31915,-0.59904,0.523574,0.52345,2.78676,-0.695117,-0.308066,0.0772064,1.62816,1.32129,5.44588,1.80271,1.61567,-0.00770922,-7.35352,-0.502785,0.354691,1.01359,
611,0.0271055,0.38829,-0.0438826,0.0186718,-0.00960195,0,0.0694195,0.0125817,0.455821,0.964018,0.0100425,-0.0125469,0.265352,0.181327,0.745214,-0.350528,-0.524395,-0.580449,-0.611898,0.525579,0.615303,3.1548,-0.825181,1.17293,1.45084,0.259192,-1.66635,7.52955,2.41221,2.34229,-0.045976,0.301471,-0.0125293,-0.0519462,2.61247,
612,-0.022924,0.355448,-0.0962509,-0.0342888,-0.168262,0,0.254697,0.0436027,0.504201,0.973125,0.0435356,-0.00225188,0.226112,0.540948,0.866192,-0.23793,-0.526522,-0.526455,-0.610078,0.524032,0.81379,2.88251,-0.647367,0.99276,1.17618,-1.18918,-0.906572,5.65737,2.43452,2.14487,-0.0327219,1.34159,0.0948971,-0.00948665,5.29616,
613,-0.0438953,0.287617,-0.1654,-0.147258,-0.338942,0,0.255013,0.0500635,0.564517,0.972404,0.0704135,-0.0436877,0.218089,0.549665,0.978963,-0.164617,-0.527897,-0.419227,-0.595003,0.521735,1.13378,2.3254,-0.186896,1.55139,-0.0862514,-1.79736,-0.628563,-1.1878,2.0747,0.838476,-0.0284966,2.86186,0.555785,-0.0527835,7.4245,
614,-0.0143186,0.163246,-0.258103,-0.20164,-0.374187,0,0.206685,0.0451869,0.625022,0.973557,0.0791932,-0.0742971,0.200985,0.46112,1.05311,-0.185227,-0.529595,-0.233321,-0.558977,0.511107,1.26652,2.06019,-0.240428,0.887601,0.122504,-0.943455,-0.562835,-2.34384,0.900669,-1.64303,-0.0380214,4.55935,0.884253,-0.369064,-1.05675,
615,-0.00699645,-0.0185313,-0.324473,-0.25032,-0.268471,0,0.120868,0.029541,0.655197,0.973433,0.0851858,-0.0945955,0.190322,0.299391,1.05997,-0.333485,-0.531424,0.026252,-0.513952,0.49041,1.23061,1.86468,-0.303625,0.329066,-0.100824,-0.733636,-0.171084,-4.1107,-0.615432,-4.26674,-0.0345676,5.81384,0.206533,-0.457677,-0.324155,
616,-0.00116784,-0.230012,-0.351489,-0.28611,-0.109312,0,-0.0168804,0.00362802,0.657598,0.972483,0.084196,-0.109563,0.187572,0.0396029,0.98384,-0.559608,-0.533023,0.33174,-0.519918,0.466733,1.21128,1.82095,-0.204954,-0.202723,-0.116266,-0.566776,-0.462086,-6.24568,-2.41288,-1.29019,-0.030835,6.41404,-0.122975,-0.482879,-0.446572,
617,0.00373235,-0.38444,-0.00457243,-0.169299,-0.0971367,0,-0.207557,-0.0248942,0.635237,0.97249,0.0851167,-0.120653,0.180168,-0.32879,0.813298,-0.539462,-0.534544,0.574038,-0.525078,0.442673,1.14741,2.12617,-0.070587,-0.67344,-0.129278,-0.426672,0.754691,-8.48537,-4.39329,0.522775,-0.026343,0.0403136,-0.0871468,-0.493989,-2.08997,
618,0.0151821,-0.348669,0.0991776,-0.0204283,-0.0356015,0,-0.321997,-0.0302745,0.588802,0.969647,0.0795118,-0.129314,0.191678,-0.57302,0.567571,-0.526208,-0.535731,0.515493,-0.533986,0.419643,0.975099,2.42845,-0.258043,-1.19728,-0.356758,-0.0969074,-0.0850215,0.632314,-5.42311,0.0955389,-0.0205113,-1.92075,-0.268501,-0.416495,-4.78074,
619,0.04194,-0.252527,0.234552,0.0388605,0.0849763,0,-0.291375,-0.0237988,0.542138,0.973093,0.0392095,-0.127502,0.187871,-0.516059,0.495358,-0.524039,-0.536427,0.365605,-0.553233,0.401507,0.678507,2.54345,0.3148,-0.908939,-2.2614,0.676424,0.244186,1.47815,0.738263,0.0127197,-0.00918285,-4.0699,-0.489362,-0.311399,-7.06732,
620,0.0913882,-0.0808674,0.324535,0.0984888,0.159569,0,-0.234905,-0.0201279,0.494036,0.975055,-0.0069047,-0.115693,0.189301,-0.401379,0.53862,-0.507779,-0.534293,0.114797,-0.580831,0.393445,0.467325,2.73091,0.248886,-0.46884,0.435487,2.11438,0.774569,3.0721,0.994533,0.599912,0.245023,-5.84692,-0.565671,-0.0321028,0.870249,
621,0.118771,0.143946,0.387266,0.157328,0.103282,0,-0.12811,-0.0108937,0.480563,0.973991,-0.0109015,-0.0415546,0.222476,-0.193369,0.605044,-0.453046,-0.520848,-0.205321,-0.609503,0.407526,0.513817,3.19293,0.313422,-0.522053,0.560524,2.92813,1.22571,5.24794,1.6587,1.65305,0.00687901,-7.08833,-0.62792,0.613581,0.648876,
622,-0.000571458,0.372172,0.16429,0.0897902,0.00912467,0,0.0430108,0.0086539,0.446789,0.972885,0.00421175,0.00862587,0.231091,0.130321,0.713164,-0.35202,-0.523145,-0.553757,-0.641247,0.460294,0.57241,3.30525,-0.0366618,-0.634584,2.7176,-0.539661,-1.71167,7.61593,2.62285,2.4218,-0.0619752,-2.97158,-0.622885,1.51909,1.6973,
623,-0.0199004,0.365288,-0.0356775,-0.0186235,-0.133308,0,0.248557,0.0419299,0.472293,0.982489,0.0250848,3.95667e-05,0.184626,0.527976,0.853385,-0.23266,-0.526198,-0.542473,-0.653517,0.53605,0.718146,2.0243,0.503499,1.24042,-0.681644,-1.10143,-1.01014,6.88414,3.02974,2.33094,-0.0545787,0.927975,0.00144587,0.403495,4.13932,
624,-0.0363721,0.309503,-0.130484,-0.146496,-0.296604,0,0.255672,0.0512321,0.525088,0.981909,0.0252746,-0.0274018,0.185645,0.552265,0.997137,-0.144851,-0.529242,-0.453264,-0.645708,0.527249,0.986169,1.68931,0.523203,0.897366,-0.308106,-1.58092,0.342158,-1.04079,2.73311,1.22114,-0.053305,2.63956,0.312506,-0.323517,6.54416,
625,-0.0170209,0.194004,-0.22553,-0.19374,-0.403439,0,0.213314,0.0490303,0.555959,0.97823,0.0240729,-0.0668117,0.194996,0.477496,1.10363,-0.13906,-0.531824,-0.278329,-0.621084,0.504791,1.27213,1.47799,0.460518,0.267977,-0.144388,-1.0238,0.410724,-1.94679,1.5355,-0.971903,-0.0573689,4.3513,0.66541,-0.571084,0.394215,
626,-0.00837248,0.0194872,-0.298054,-0.237442,-0.318189,0,0.139932,0.0362759,0.554415,0.973781,0.0233524,-0.0887575,0.208152,0.341003,1.14296,-0.259866,-0.534703,-0.0276065,-0.579643,0.473777,1.23823,1.27683,0.336407,-0.321274,-0.206097,-0.776688,0.753353,-3.49922,0.049699,-3.83712,-0.0561102,5.66548,0.991062,-0.668917,-0.558189,
627,-0.000932967,-0.190984,-0.338263,-0.270373,-0.147901,0,0.0198684,0.0118619,0.523497,0.96701,0.0186224,-0.107049,0.230403,0.115632,1.10173,-0.505136,-0.537389,0.273886,-0.524522,0.439529,1.21444,1.09004,0.210105,-0.917534,-0.281543,-0.564353,1.17115,-5.49835,-1.68533,-5.95671,-0.0508099,6.3883,1.21263,-0.701094,-0.394937,
628,0.0232166,-0.375095,-0.0705417,-0.182784,-0.097207,0,-0.152668,-0.0192547,0.468208,0.962764,0.0167847,-0.117071,0.243103,-0.213231,0.969887,-0.546905,-0.539403,0.55857,-0.518042,0.405504,1.16015,1.47599,0.474595,-1.1278,1.10196,0.131718,0.61291,-7.65471,-3.56828,0.652649,0.0235685,1.53339,-0.164013,-0.678691,-1.76891,
629,0.058394,-0.358882,0.0812376,-0.0621337,-0.0473683,0,-0.330843,-0.0409198,0.434347,0.961509,0.0277024,-0.0879008,0.258856,-0.577285,0.761668,-0.527851,-0.533417,0.53203,-0.525563,0.376567,1.00646,0.838217,0.429299,0.201787,-0.338941,1.15619,0.154681,-2.71779,-4.74153,0.156943,0.259712,-1.19913,-0.139067,-0.471309,-4.29707,
630,0.070646,-0.285934,0.203528,0.0383442,0.0635167,0,-0.306523,-0.0263227,0.438847,0.962841,0.0048376,-0.0561503,0.264122,-0.544953,0.518861,-0.52428,-0.521926,0.41663,-0.538894,0.364228,0.731243,1.13026,0.378525,-0.142229,-0.484476,1.52327,0.306102,1.43414,-4.11388,0.0227101,0.0217583,-3.4529,-0.407643,-0.0297477,-6.69322,
631,0.0397673,-0.135073,0.309852,0.102717,0.16082,0,-0.252461,-0.0206429,0.423943,0.962333,-0.00531221,-0.0336511,0.269729,-0.43802,0.506195,-0.511247,-0.52301,0.192504,-0.563193,0.375412,0.47007,1.30305,0.357482,-0.354106,0.404845,0.626941,0.191626,2.82988,0.690834,0.49437,-0.0183188,-5.49325,-0.562268,0.472799,0.14004,
632,0.0760376,0.0827717,0.380767,0.160043,0.110108,0,-0.153272,-0.0126821,0.406197,0.9596,-0.0124792,-0.00839545,0.280965,-0.24391,0.558426,-0.459818,-0.52347,-0.117512,-0.592331,0.405424,0.508511,1.82194,0.42953,-0.324251,-0.0435779,1.6784,0.653253,4.91924,1.39235,1.53777,-0.00269199,-6.88516,-0.597807,0.727263,0.526529,
633,-0.000868065,0.31994,0.373119,0.18599,0.024966,0,0.00204341,0.00298011,0.440878,0.962121,-0.0163738,-0.0228442,0.27117,0.0498511,0.642005,-0.362765,-0.523454,-0.469673,-0.612397,0.457295,0.552132,3.11796,-0.323708,1.72174,-0.700421,-0.548543,-0.479028,6.88874,1.98924,2.3013,0.000918383,-7.16459,-0.204216,1.30924,1.18425,
634,-0.0111136,0.377284,-0.0585499,0.0158307,-0.105001,0,0.213838,0.0327175,0.515565,0.970167,-0.0207463,-0.0422999,0.237816,0.454761,0.772916,-0.244403,-0.523813,-0.562182,-0.621442,0.521855,0.668342,2.8791,-0.0169029,1.26917,-0.177678,-0.845029,-1.87337,9.28263,3.23528,2.42036,-0.010035,1.03325,-0.160892,1.26328,3.44802,
635,-0.00472831,0.322749,-0.13739,-0.140665,-0.264532,0,0.268687,0.0498046,0.565747,0.974004,-0.0166557,-0.0603598,0.217707,0.573395,0.933587,-0.147021,-0.524508,-0.474111,-0.62335,0.528908,0.905405,2.48886,0.0487845,0.746335,-0.016946,-0.661165,-0.362516,-1.36326,3.19342,1.50095,-0.0146443,2.48877,0.0829365,-0.193153,6.01536,
636,0.00275174,0.21149,-0.236613,-0.193509,-0.408606,0,0.21698,0.0476659,0.589566,0.974516,-0.0145401,-0.0762018,0.210476,0.481685,1.06354,-0.121733,-0.525187,-0.304159,-0.610182,0.518523,1.25787,2.40242,0.00864461,0.1776,-0.0491029,-0.445657,-0.279098,-2.29898,2.01399,-0.47335,-0.0150928,4.29686,0.439962,-0.221219,6.50773,
637,0.0323593,0.0388394,-0.310823,-0.242068,-0.351051,0,0.13244,0.034146,0.581233,0.97606,-0.0122307,-0.0710116,0.205217,0.325761,1.12613,-0.219144,-0.526325,-0.0550426,-0.580193,0.508243,1.2592,2.12186,-0.121347,-0.444366,0.116751,0.409241,-0.0643422,-3.92075,0.502312,-3.39923,-0.0233752,5.6497,0.762029,-0.191519,-1.16003,
638,0.0294135,-0.170677,-0.352312,-0.276083,-0.183685,0,-0.000408535,0.00810586,0.553632,0.97476,0.00404048,-0.0588633,0.21532,0.0786842,1.10637,-0.449423,-0.527868,0.244148,-0.536208,0.504383,1.20958,1.7683,-0.406511,-0.68812,1.22491,0.32248,0.757795,-5.95045,-1.28035,-5.79105,-0.0354556,6.31353,0.995266,0.0363745,-0.827598,
639,-0.0176223,-0.371972,-0.279641,-0.268608,-0.084235,0,-0.186136,-0.0254166,0.524508,0.973594,0.0185895,-0.0643128,0.218248,-0.274913,0.993108,-0.555529,-0.529237,0.55343,-0.518396,0.511846,1.143,1.15639,-0.312056,-0.515342,-0.122919,-1.03861,-0.192897,-8.17911,-3.2358,0.732598,-0.020084,4.93084,-0.120725,0.253565,-1.83081,
640,-0.00783856,-0.367775,0.0737444,-0.0265061,-0.0376209,0,-0.336739,-0.0429695,0.486181,0.969029,0.0165231,-0.0892806,0.229648,-0.587766,0.785603,-0.529671,-0.52995,0.546542,-0.529106,0.52043,0.985851,1.64397,-0.436749,-1.02741,-0.512863,-0.756502,0.0192763,0.189734,-5.04624,0.238002,-0.00901437,-1.56867,-0.307521,0.120284,-4.43885,
641,0.102021,-0.283149,0.206317,0.0375082,0.0756191,0,-0.299406,-0.0263358,0.441113,0.967961,0.0175714,-0.0801503,0.237315,-0.529436,0.534336,-0.524125,-0.525851,0.412338,-0.550507,0.524068,0.701491,2.02385,0.157851,-0.184467,0.25278,2.43304,1.33149,1.4411,-5.01106,0.0215682,0.272925,-3.63305,-0.493282,-0.00308808,-6.91351,
642,0.0552265,-0.12793,0.311804,0.106259,0.154403,0,-0.244157,-0.0197776,0.429523,0.960264,-0.00417928,-0.0410035,0.276033,-0.421948,0.503445,-0.509219,-0.522157,0.182208,-0.578556,0.524074,0.482601,2.29838,0.269815,-0.351964,-0.44745,1.07561,1.66255,2.8523,0.698347,0.570747,-0.0365525,-5.58268,-0.636586,0.000683473,0.426429,
643,0.0736348,0.0936608,0.384593,0.169581,0.103796,0,-0.143891,-0.0117401,0.406125,0.949369,-0.0109768,-0.00463299,0.313937,-0.22638,0.556971,-0.453485,-0.523479,-0.133058,-0.612332,0.523945,0.513298,2.55192,0.354365,-0.638347,-0.325084,1.60855,1.79823,4.95452,1.42807,1.64707,-0.0168894,-7.00864,-0.710332,-0.00154784,0.363605,
644,-0.0119776,0.332481,0.380183,0.19982,0.0177235,0,0.0118048,0.00404065,0.441453,0.946974,-0.0135736,-0.0181501,0.320511,0.0677139,0.64085,-0.351672,-0.522416,-0.489553,-0.633446,0.524025,0.550968,3.61,-0.350013,1.37908,-0.0937318,-0.868607,-0.368622,6.96306,2.0858,2.38887,-0.00974035,-7.32637,-0.275001,-0.000261229,1.10099,
645,-0.0242255,0.368758,-0.0421423,0.0345715,-0.113603,0,0.22545,0.0346349,0.498832,0.956797,0.00185919,-0.0401698,0.287962,0.477632,0.779066,-0.230147,-0.523519,-0.548152,-0.645842,0.522573,0.665377,3.35057,-0.0760247,0.934925,0.489099,-1.22381,-1.71998,9.404,3.42801,2.45103,-0.0232133,0.706146,-0.222156,-0.0702527,3.45993,
646,0.0138059,0.323718,-0.12496,-0.121034,-0.27229,0,0.258353,0.0491204,0.536582,0.963745,0.0171382,-0.0464854,0.262185,0.554331,0.952407,-0.132418,-0.52518,-0.475644,-0.649379,0.513625,0.901015,2.91303,-0.0308733,0.541935,0.417865,-0.12614,-0.980982,-0.909427,3.50766,1.48763,-0.0356162,2.21738,0.0680903,-0.270453,5.95349,
647,-0.0360437,0.222723,-0.219439,-0.174413,-0.413259,0,0.218347,0.0499015,0.551519,0.968939,0.0273927,-0.0495416,0.240734,0.487032,1.10128,-0.10918,-0.526805,-0.320858,-0.636992,0.502864,1.25024,2.74247,-0.0311249,0.326219,-0.253212,-1.56898,-0.596726,-1.7732,2.45997,-0.544558,-0.0158594,3.95133,0.43321,-0.14313,6.43442,
648,-0.0408206,0.0618469,-0.299033,-0.226655,-0.355282,0,0.148266,0.0398299,0.572574,0.971259,0.0114285,-0.0985086,0.216382,0.359953,1.18898,-0.210764,-0.527442,-0.0877162,-0.607572,0.489237,1.25677,1.95113,-0.249164,0.136738,-1.23015,-1.70788,-0.736204,-3.29513,1.06406,-3.49615,-0.0115153,5.34404,0.754058,-0.40109,-1.07366,
649,-0.0394096,-0.13999,-0.340515,-0.268366,-0.188354,0,0.0316237,0.016107,0.562741,0.968738,-0.00875413,-0.145914,0.200448,0.144256,1.19922,-0.446027,-0.527875,0.199602,-0.563577,0.462032,1.21557,1.77868,-0.290042,-0.540066,-1.26973,-1.66747,-0.254968,-5.31557,-0.640892,-5.89469,-0.00553082,6.1427,1.00405,-0.685163,-0.578457,
650,0.0252564,-0.342281,-0.336631,-0.290254,-0.0921499,0,-0.139485,-0.0185172,0.535266,0.969129,0.000471711,-0.145993,0.198681,-0.177782,1.11871,-0.554583,-0.524581,0.505217,-0.516842,0.421017,1.16075,1.84546,-0.256709,-0.738422,0.522578,0.205527,-0.347486,-7.52614,-2.57003,0.699594,0.0711265,6.08402,0.246869,-0.943184,-1.5893,
651,0.040067,-0.367027,0.0439295,-0.0842591,-0.0518219,0,-0.338333,-0.0507075,0.491688,0.967489,0.0178044,-0.132114,0.214926,-0.580008,0.939703,-0.529841,-0.523179,0.545316,-0.521611,0.378572,1.02064,2.20031,-0.236392,-1.01994,1.32536,0.635447,0.176,-3.36782,-4.57295,0.229533,-0.00789231,-0.919705,-0.19679,-0.727432,-3.99922,
652,0.129041,-0.302724,0.183808,0.0204386,0.0525311,0,-0.31554,-0.0358902,0.446391,0.970508,0.0190226,-0.0937283,0.221285,-0.550242,0.700792,-0.524568,-0.523403,0.442669,-0.53992,0.350451,0.758458,2.51415,0.429221,-0.349936,-0.0892677,3.22701,0.899928,1.39359,-4.98266,0.0324992,0.00281851,-3.0588,-0.48795,-0.431895,-6.47427,
653,0.0845101,-0.166064,0.294009,0.0886528,0.16029,0,-0.257358,-0.0203215,0.41947,0.968801,-0.00731526,-0.0220036,0.246753,-0.449096,0.486023,-0.513505,-0.523512,0.237423,-0.569868,0.35245,0.475202,2.77591,0.389451,-0.698396,-0.570957,1.92481,1.01571,2.64883,-0.927436,0.418637,-0.00221949,-5.16444,-0.712546,0.507816,-0.423145,
654,-0.0179347,0.0426609,0.347934,0.147447,0.113019,0,-0.164263,-0.0128373,0.384303,0.964619,-0.00714513,0.00865027,0.263409,-0.267762,0.514906,-0.463525,-0.523608,-0.0604646,-0.607068,0.393016,0.507624,2.78697,-0.376761,-0.170867,0.618724,-1.04201,0.355701,4.50278,0.962302,1.56323,-0.00202586,-6.68027,-0.688173,1.12887,0.542921,
655,0.0263582,0.278873,0.362735,0.184721,0.0318541,0,-0.019514,0.000316724,0.42434,0.961277,-0.0172561,-0.00592681,0.274981,0.00585228,0.581215,-0.367266,-0.523408,-0.405762,-0.631321,0.445923,0.543017,3.38831,-0.825658,1.0374,-0.00238508,0.238565,0.421517,6.54146,1.78775,2.29328,-0.00158941,-7.2428,-0.439513,0.971082,0.842418,
656,0.00473257,0.386331,-0.0789512,0.014536,-0.0891053,0,0.182821,0.025479,0.466592,0.964982,-0.0054171,-0.00918714,0.262101,0.390259,0.7013,-0.247888,-0.523769,-0.577183,-0.652085,0.499118,0.635315,3.1826,-0.565976,0.606483,0.700061,-0.386989,-1.31945,8.84645,3.02064,2.47402,-0.0116435,1.07869,-0.399818,1.14711,2.82844,
657,-0.0137562,0.33403,-0.145187,-0.131512,-0.242438,0,0.280816,0.046852,0.485895,0.968431,0.0157113,-0.0138219,0.248402,0.591595,0.851142,-0.144522,-0.524428,-0.492022,-0.666904,0.531373,0.843927,2.6388,-0.499625,0.317413,0.593569,-0.922033,0.340303,-1.42505,2.98045,1.66131,-0.0093841,2.31139,-0.191174,-0.117118,5.49807,
658,-0.0336481,0.237286,-0.200894,-0.178658,-0.385231,0,0.227446,0.0448563,0.548864,0.968406,0.00891503,-0.0506068,0.244028,0.495424,0.973013,-0.105638,-0.525112,-0.342639,-0.658734,0.5233,1.1634,1.96419,0.408746,1.2855,-0.999228,-1.49797,-0.232204,-2.40763,1.89418,-0.116521,-0.0128962,3.86189,0.378345,-0.202672,7.40304,
659,-0.00418002,0.0795343,-0.281473,-0.226915,-0.375262,0,0.144062,0.0327573,0.595113,0.967828,-0.00524615,-0.0791549,0.238782,0.340825,1.03256,-0.18135,-0.526073,-0.112896,-0.632326,0.507216,1.26301,1.69812,0.284641,0.598399,-0.752897,-0.646884,-0.0393946,-3.76354,0.498814,-2.88964,-0.0222571,5.31327,0.67831,-0.438955,-1.06517,
660,0.00226542,-0.120932,-0.323866,-0.262955,-0.228691,0,0.017781,0.00997908,0.610388,0.965078,-0.0213422,-0.0972905,0.242288,0.105575,1.01513,-0.390735,-0.527077,0.172139,-0.593194,0.484883,1.22447,1.52505,0.178538,0.0107166,-0.804884,-0.461602,0.462399,-5.63035,-1.18263,-5.46492,-0.0173099,6.0822,0.886054,-0.454602,-0.461317,
661,0.00761659,-0.321643,-0.310426,-0.280026,-0.0955519,0,-0.158009,-0.0192684,0.596863,0.96189,-0.0378617,-0.110381,0.247286,-0.227659,0.909062,-0.560904,-0.527863,0.472362,-0.547876,0.463177,1.17975,1.61727,0.379348,-0.53854,-0.656134,-0.307727,-0.179715,-7.67177,-3.0451,0.478364,-0.0163569,5.93308,0.927898,-0.41092,-1.31939,
662,0.0573494,-0.370531,0.0583857,-0.0583207,-0.0647936,0,-0.342977,-0.039989,0.563687,0.959317,-0.0416254,-0.106308,0.258217,-0.606248,0.708764,-0.53232,-0.526634,0.551061,-0.517181,0.443694,1.05639,2.01182,0.314778,-0.640651,1.01436,1.13268,0.266063,-1.64833,-4.95242,0.34885,0.0967559,-0.857077,-0.0352749,-0.34686,-3.60447,
663,0.0499917,-0.305745,0.188956,0.0375017,0.0301687,0,-0.306113,-0.0246218,0.520243,0.962155,-0.025313,-0.0701933,0.262086,-0.546636,0.483827,-0.524532,-0.522788,0.447385,-0.527236,0.437548,0.812721,2.20388,0.215043,-1.08891,1.22928,0.923264,0.183848,1.76016,-1.03464,0.0372425,0.00148659,-3.27828,-0.341054,0.0872878,-6.11775,
664,0.0286418,-0.162265,0.295801,0.101045,0.160643,0,-0.246811,-0.0203224,0.453323,0.962221,0.00145528,-0.0422375,0.268968,-0.426544,0.511743,-0.51716,-0.523404,0.231894,-0.548275,0.450876,0.480497,2.40514,0.165203,-1.55311,1.09523,0.304621,0.299572,3.03516,0.908903,0.256253,-0.00889143,-5.32978,-0.500809,0.443059,-2.86908,
665,0.123061,0.04555,0.365941,0.155276,0.127026,0,-0.144203,-0.0120658,0.396558,0.954576,-0.00315374,-0.00647338,0.297881,-0.225739,0.574053,-0.478896,-0.523374,-0.064565,-0.572063,0.476433,0.499122,3.19979,0.552408,-0.736046,0.333278,3.05141,1.93372,4.97987,1.57736,1.25223,-0.000672529,-6.50713,-0.445687,0.580202,0.787282,
666,-0.00829852,0.275609,0.359034,0.188474,0.0466626,0,0.0117512,0.00429526,0.417636,0.952389,0.00304502,-0.00771998,0.304772,0.0693564,0.665099,-0.392237,-0.523605,-0.400753,-0.581823,0.528374,0.549227,3.98717,-0.478428,1.23067,-0.0184508,-0.763452,-0.308721,6.94871,2.0734,2.1747,-0.0128922,-6.96514,0.0422778,0.973813,1.17399,
667,0.00885621,0.381533,-0.0545086,0.0278819,-0.0781495,0,0.222733,0.0352777,0.469681,0.958451,0.0207832,-0.0279714,0.283122,0.473864,0.799847,-0.276524,-0.524536,-0.569212,-0.578059,0.528751,0.656926,3.66607,-0.182988,0.933626,0.331848,-0.26857,-1.74046,9.22349,3.30783,2.45165,-0.027385,0.864511,0.146662,-0.203302,3.10728,
668,0.0169784,0.331266,-0.140834,-0.133131,-0.237312,0,0.270954,0.0521543,0.503891,0.964336,0.0311925,-0.0272021,0.261426,0.58023,0.966194,-0.172572,-0.526033,-0.487619,-0.564579,0.519103,0.878112,3.28521,-0.217736,0.438902,0.376765,-0.0352811,-0.534711,-1.61767,3.3478,1.7294,-0.0301463,2.39626,0.392322,-0.168923,5.7212,
669,-0.0768349,0.223737,-0.235041,-0.184921,-0.388882,0,0.212026,0.0488762,0.529609,0.962366,0.0422627,-0.062549,0.261063,0.475156,1.10557,-0.131686,-0.526915,-0.322369,-0.5352,0.516725,1.2178,2.85129,-0.110973,0.490091,-0.242657,-2.75196,0.517254,-2.57331,2.23469,-0.0747529,-0.00448703,4.19766,0.77853,0.0536547,7.82101,
670,0.000222425,0.0617967,-0.285116,-0.229148,-0.359693,0,0.119884,0.0336472,0.568254,0.962923,0.0320489,-0.089144,0.252598,0.30621,1.18052,-0.204571,-0.528483,-0.087645,-0.518663,0.510239,1.25858,2.09959,0.196137,0.541609,-0.76155,-0.522055,-0.186341,-4.16994,0.775127,-2.84561,-0.0347814,5.33226,-0.109662,-0.400121,-1.07756,
671,0.00613821,-0.136085,-0.31841,-0.2622,-0.213765,0,-0.0185106,0.00552066,0.580844,0.961945,0.0157093,-0.104775,0.251866,0.0504107,1.17612,-0.408982,-0.530086,0.193964,-0.522558,0.490602,1.21723,1.94527,0.0990098,-0.0387102,-0.799436,-0.352679,0.312971,-6.04578,-0.93777,-5.31088,-0.028829,5.92769,-0.0360455,-0.385914,-0.580594,
672,0.0102069,-0.326558,-0.291488,-0.274022,-0.0841934,0,-0.203778,-0.0304441,0.56558,0.960579,-0.000236859,-0.115853,0.252717,-0.302239,1.0821,-0.567985,-0.53144,0.480142,-0.523422,0.472949,1.16394,2.06346,0.319784,-0.554301,-0.604321,-0.236431,-0.342657,-8.0346,-2.80804,0.70698,-0.0276856,5.52785,-0.00556507,-0.317659,-1.54209,
673,0.0550943,-0.369662,0.0576235,-0.0309712,-0.0536897,0,-0.348234,-0.050252,0.528539,0.959161,-0.0133176,-0.119451,0.256055,-0.603892,0.894417,-0.532123,-0.532004,0.549636,-0.529279,0.458848,1.02904,2.48652,0.119701,-0.723331,0.614816,1.06193,0.0747116,0.623277,-4.68267,0.479926,0.0653507,-0.956923,-0.22152,-0.233145,-3.84977,
674,0.0769065,-0.300961,0.191376,0.0405917,0.0419367,0,-0.303706,-0.0325145,0.483867,0.961748,0.0037953,-0.0754225,0.263321,-0.529096,0.660202,-0.518071,-0.527416,0.439922,-0.549184,0.457308,0.773233,2.60689,0.0565021,-1.15256,1.24188,1.69971,0.364143,1.72781,-4.68502,0.0761783,0.0936942,-3.41516,-0.575343,0.167977,-6.35732,
675,0.0702656,-0.153744,0.303459,0.103324,0.1645,0,-0.237584,-0.0185921,0.420308,0.959875,0.00607465,-0.0276876,0.278992,-0.410324,0.486667,-0.506792,-0.522824,0.219515,-0.582755,0.479119,0.453378,2.96552,0.375708,-1.07615,-1.16527,1.51133,1.09204,3.00932,0.000240725,0.371668,0.0401682,-5.35706,-0.750257,0.689891,-1.41641,
676,0.0137225,0.05615,0.341998,0.155874,0.114057,0,-0.134687,-0.0103107,0.386411,0.951569,-0.00812339,0.0116381,0.307109,-0.211527,0.523501,-0.45913,-0.523162,-0.0796185,-0.618581,0.525318,0.497651,3.42616,-0.360995,0.3303,0.118881,-0.126533,0.675732,4.77926,0.972533,1.5382,-0.0137331,-6.55121,-0.551987,0.975097,0.941015,
677,-0.0107599,0.288266,0.35841,0.189971,0.0236032,0,0.0188942,0.00426367,0.424453,0.950872,-0.0146218,-0.0130841,0.308961,0.0772796,0.592519,-0.362564,-0.523674,-0.420231,-0.639331,0.528128,0.555099,3.82808,-0.666726,1.20878,-0.469979,-0.834667,-0.259601,6.81006,1.71702,2.31166,-0.0202538,-7.0619,-0.238195,-0.137364,1.33845,
678,-0.0208122,0.371808,-0.0483164,0.0322804,-0.107022,0,0.226876,0.0314569,0.474959,0.957845,-0.0147723,-0.0349728,0.284765,0.475488,0.710722,-0.244231,-0.524905,-0.55316,-0.649308,0.520172,0.673007,3.56904,-0.396455,0.800092,0.328575,-1.1265,-1.57019,9.09542,2.98277,2.41878,-0.0310722,0.629879,-0.169915,-0.191016,3.36368,
679,0.0276171,0.329572,-0.128053,-0.127783,-0.264567,0,0.274582,0.0464124,0.509905,0.966006,0.00615972,-0.0345901,0.25612,0.579831,0.86025,-0.146328,-0.527387,-0.484926,-0.649821,0.506071,0.904327,3.06974,-0.281369,0.503138,0.734561,0.270998,-1.03776,-1.60454,3.03167,1.51109,-0.054344,2.12762,0.120502,-0.361756,5.87757,
680,-0.0625082,0.230324,-0.216037,-0.180342,-0.406178,0,0.217952,0.0438105,0.534445,0.967786,0.02401,-0.0579689,0.243829,0.477927,0.98509,-0.120868,-0.529381,-0.332207,-0.634699,0.495281,1.24935,2.69604,0.00448537,0.72522,-0.197937,-2.33833,-0.225808,-2.4617,1.97155,-0.465695,-0.0281857,3.90849,0.517287,-0.0403319,6.3858,
681,-0.00157163,0.0768993,-0.27196,-0.228646,-0.351889,0,0.131316,0.031023,0.588679,0.972801,0.00886266,-0.0827232,0.216185,0.318041,1.0479,-0.216055,-0.531862,-0.109141,-0.597236,0.485872,1.2563,1.87337,0.289479,0.849158,-0.958593,-0.577285,-0.954165,-3.92205,0.5552,-3.3442,-0.04976,5.13275,0.898417,-0.409525,-1.05752,
682,0.00488233,-0.115846,-0.308017,-0.266177,-0.191392,0,0.00143403,0.0073853,0.616427,0.97539,-0.01051,-0.0996439,0.196406,0.0767927,1.03285,-0.443333,-0.534129,0.164833,-0.547747,0.465423,1.21867,1.69884,0.268197,0.258854,-0.958741,-0.39302,-0.490632,-5.71224,-1.14405,-5.72746,-0.0403255,5.82103,1.08032,-0.408862,-0.453089,
683,0.0127378,-0.307208,-0.28745,-0.284847,-0.0996293,0,-0.174365,-0.0222231,0.61644,0.978332,-0.0287166,-0.111746,0.171913,-0.257223,0.927998,-0.55236,-0.53603,0.449672,-0.516571,0.446553,1.1753,1.85604,0.526747,-0.249854,-0.89269,-0.167864,-1.17492,-7.63322,-3.03812,0.630472,-0.0374789,5.56979,-0.0987945,-0.348473,-1.27496,
684,0.0215275,-0.368401,0.0467539,-0.0694975,-0.0670171,0,-0.332108,-0.0394061,0.592152,0.979824,-0.0512532,-0.117435,0.153387,-0.582385,0.727041,-0.529487,-0.537685,0.547568,-0.526127,0.431431,1.05702,2.30786,0.368901,-0.704875,-1.26191,0.0845926,-0.939269,-0.38687,-4.97904,0.214732,-0.0264281,-0.618038,-0.273477,-0.234822,-3.43831,
685,0.0753949,-0.311713,0.168932,0.00337564,0.0266127,0,-0.300651,-0.0247226,0.560115,0.984585,-0.051039,-0.0801749,0.14683,-0.534654,0.496696,-0.524263,-0.535809,0.45673,-0.546454,0.423139,0.820896,2.30371,0.0713834,-0.758543,0.925251,1.64738,0.16856,1.24772,-1.33194,0.0244776,0.0572157,-2.9937,-0.536949,-0.093084,-5.96973,
686,0.052879,-0.178862,0.273899,0.0647332,0.155965,0,-0.2553,-0.0211149,0.509774,0.987183,-0.0308923,-0.0396468,0.15147,-0.443201,0.511721,-0.518089,-0.533001,0.256108,-0.577102,0.432244,0.493701,2.47065,-0.0306993,-1.2253,0.828609,0.996721,0.246827,2.40294,0.60415,0.22112,0.0618854,-5.01953,-0.689651,0.452777,-3.0193,
687,0.0328612,0.0248584,0.351808,0.123397,0.125664,0,-0.170084,-0.0142193,0.437951,0.987396,-0.0189815,-0.0238674,0.155306,-0.276015,0.553293,-0.478775,-0.529641,-0.0352185,-0.614478,0.464136,0.502271,2.62851,-0.133667,-1.68354,0.498263,0.420446,0.0337722,4.26858,1.05038,1.34068,0.068249,-6.61744,-0.80313,0.820518,0.6701,
688,-0.00411235,0.258845,0.337582,0.156098,0.0516972,0,-0.0309434,-0.000716801,0.414499,0.986654,-0.0122459,0.00206082,0.162358,-0.0124272,0.619452,-0.394291,-0.521797,-0.37518,-0.643844,0.510901,0.540458,3.43938,-1.38483,0.628757,0.472711,-0.640652,-0.488286,6.2032,1.53486,2.10048,0.0114389,-7.05782,-0.379407,1.08236,0.881829,
689,0.00322912,0.383481,-0.081517,-0.00804384,-0.0641275,0,0.15992,0.0231481,0.46397,0.990579,0.00517529,-0.00726655,0.136648,0.347851,0.714791,-0.281493,-0.523468,-0.572445,-0.653918,0.529539,0.631143,3.47818,-1.20334,0.959469,0.873624,-0.430141,-1.77422,8.25472,2.37917,2.41559,-0.044255,0.753961,-0.136089,-0.143087,2.72365,
690,0.00702502,0.342082,-0.141644,-0.140981,-0.217817,0,0.273844,0.0444533,0.500534,0.993992,0.0291004,-0.0147055,0.104479,0.576132,0.82918,-0.176042,-0.525673,-0.504899,-0.656319,0.522154,0.834115,3.16684,-1.11566,0.49661,0.913339,-0.322634,-0.647412,-0.779213,2.20088,1.79957,-0.0446819,1.88874,0.0370959,-0.154184,5.37211,
691,-0.0281922,0.255903,-0.199268,-0.19216,-0.36958,0,0.236128,0.0430654,0.560866,0.994542,0.0292879,-0.0506003,0.0864141,0.507856,0.911247,-0.127152,-0.527623,-0.370717,-0.641105,0.523278,1.15547,2.51639,-0.203078,1.5278,-0.762178,-1.34264,-0.975237,-1.85308,1.08394,0.177009,-0.0434249,3.47592,0.55195,0.145705,7.45038,
692,0.00252286,0.111251,-0.280111,-0.245196,-0.371783,0,0.169153,0.0329088,0.6196,0.995365,0.0170228,-0.0710944,0.062479,0.380662,0.928773,-0.1857,-0.530071,-0.158239,-0.606594,0.522717,1.26055,2.23274,-0.194893,0.855542,-0.533743,-0.457156,-0.791894,-3.22162,-0.371052,-2.49735,-0.051221,5.00805,0.828901,-0.123704,-0.977578,
693,0.0101155,-0.0820244,-0.328845,-0.288289,-0.240615,0,0.0597914,0.0138772,0.648118,0.995597,0.0042463,-0.0805595,0.0477354,0.172193,0.865554,-0.375301,-0.532476,0.116447,-0.560137,0.516974,1.229,2.02988,-0.181656,0.283728,-0.60051,-0.24011,-0.294304,-5.10075,-2.14387,-5.06598,-0.0443377,5.97187,1.02847,-0.10659,-0.272831,
694,0.0198026,-0.2873,-0.331262,-0.314517,-0.096241,0,-0.101343,-0.00897182,0.648739,0.995752,-0.00974646,-0.0830744,0.0384914,-0.13612,0.707867,-0.572229,-0.534508,0.418738,-0.518167,0.513568,1.20056,2.14545,0.00449923,-0.226921,-0.600919,0.0378966,-0.805336,-7.19622,-4.14697,0.299037,-0.0389319,6.12841,0.0982064,-0.0243552,-0.858314,
695,0.00796109,-0.377522,0.0419808,-0.166874,-0.0824371,0,-0.30641,-0.0244968,0.625377,0.995825,-0.0257498,-0.0807423,0.0339274,-0.547467,0.480639,-0.536385,-0.536312,0.562575,-0.522471,0.515281,1.10628,2.54239,-0.00792201,-0.664266,-0.545809,-0.306218,0.371559,-7.5413,-1.2192,0.483096,-0.0326378,-0.752089,-0.13359,0.0944223,-2.89066,
696,0.00766382,-0.321093,0.149535,-0.0202253,-0.00410993,0,-0.313453,-0.0263733,0.581709,0.994732,-0.0388209,-0.0928302,0.0196025,-0.559977,0.505913,-0.524777,-0.537753,0.471494,-0.533455,0.522626,0.896281,2.71325,-0.366452,-1.11712,-0.594132,-0.316251,-0.586621,1.41452,0.583779,0.0521395,-0.0276554,-2.89419,-0.304176,0.176084,-5.49109,
697,0.0717986,-0.190513,0.255337,0.0395041,0.128107,0,-0.266718,-0.0229337,0.517382,0.995176,-0.0412095,-0.0881355,0.0125781,-0.464379,0.530467,-0.522004,-0.5382,0.273194,-0.552962,0.524737,0.569262,2.65108,-0.654034,-1.28622,1.43029,1.54048,0.510535,2.38381,0.397114,0.111623,0.0506383,-5.02686,-0.47265,-0.0317243,-7.58766,
698,0.0783383,0.0144548,0.32918,0.0988327,0.145479,0,-0.183876,-0.0156689,0.447233,0.997638,-0.0122952,-0.0596941,0.0316801,-0.301891,0.557447,-0.49243,-0.534484,-0.0204762,-0.579846,0.524001,0.476383,2.96556,-0.887672,-1.22631,-0.0717834,1.73428,1.4515,4.09426,0.659648,0.999045,0.134287,-6.60046,-0.530452,-0.00383221,1.26504,
699,0.0217468,0.253808,0.350879,0.146619,0.0708953,0,-0.047648,-0.0024913,0.404085,0.997332,-0.00419201,0.0100118,0.0721904,-0.0440991,0.606705,-0.421901,-0.522283,-0.367544,-0.604208,0.524018,0.540358,3.30886,-1.50883,-0.63762,2.26526,0.106336,0.413962,6.09511,1.24742,1.94324,0.101455,-7.39838,-0.481687,0.00273797,1.33295,
700,0.0136506,0.384118,-0.0948771,-0.0247218,-0.0507589,0,0.140523,0.0195457,0.447767,0.998525,0.00421359,-0.0034738,0.0540142,0.308852,0.679728,-0.313311,-0.523059,-0.573503,-0.610415,0.523865,0.652355,2.92988,-1.60382,1.23409,0.0299222,-0.128509,-1.70614,8.12284,1.83794,2.40512,-0.0429118,0.760655,0.0288819,-0.00365746,3.11966,
701,-0.0318398,0.343936,-0.140588,-0.148156,-0.214053,0,0.279581,0.0414848,0.501077,0.999648,0.00387068,-0.01412,0.0221453,0.582926,0.764725,-0.205787,-0.525068,-0.507876,-0.605286,0.523714,0.874778,2.48454,-1.28352,1.08432,-0.286871,-1.4456,-0.168171,-0.347533,1.57311,1.87807,-0.0323898,1.77195,0.180414,8.96537e-05,5.7502,
702,-0.0401849,0.2562,-0.24183,-0.207155,-0.376155,0,0.245256,0.0393196,0.544258,0.998113,-0.0032933,-0.0563435,0.0241748,0.518721,0.81448,-0.153144,-0.526506,-0.371168,-0.588747,0.518415,1.21789,2.37489,-1.21314,0.592247,-0.351725,-1.68855,0.169095,-1.80366,0.4241,0.245309,-0.0268612,3.68475,0.476119,-0.220586,7.96091,
703,-0.00665606,0.103271,-0.323378,-0.259255,-0.35692,0,0.17704,0.0286533,0.5552,0.996244,-0.00694231,-0.0810634,0.0296242,0.386155,0.797099,-0.209618,-0.528276,-0.146803,-0.558641,0.500316,1.25939,2.042,-1.20082,-0.0925125,-0.144984,-0.720651,0.377694,-3.48119,-1.10642,-2.48213,-0.0374138,5.27028,0.731158,-0.502343,-1.09893,
704,0.00322408,-0.0999396,-0.373562,-0.300926,-0.225347,0,0.0582946,0.0101808,0.535903,0.994242,-0.0137052,-0.0961941,0.0451883,0.157219,0.695462,-0.395853,-0.530063,0.142036,-0.520064,0.474454,1.22456,1.81306,-1.22119,-0.672536,-0.359808,-0.436881,0.916192,-5.65749,-2.94549,-4.94799,-0.0334616,6.27526,0.346323,-0.531925,-0.300938,
705,0.0257043,-0.313169,-0.373943,-0.324889,-0.105184,0,-0.120554,-0.00883051,0.489939,0.992565,-0.0206509,-0.100904,0.0648603,-0.186115,0.50956,-0.553843,-0.531111,0.459015,-0.521136,0.449062,1.19141,1.91265,-0.989548,-0.999964,1.13912,0.211953,0.232732,-8.04463,-1.9115,0.321562,0.0435836,6.41786,-0.0777223,-0.486739,-1.02445,
706,-0.00495624,-0.376874,0.030742,-0.0932498,-0.0779174,0,-0.329558,-0.0281936,0.444913,0.990491,0.0106147,-0.109003,0.0832613,-0.592628,0.51105,-0.531191,-0.526873,0.561505,-0.526173,0.4292,1.08648,1.738,-0.758142,-0.476522,-0.157106,-0.670118,-0.0539034,-2.15112,0.367401,0.269491,0.123771,-0.988149,-0.139681,-0.279237,-3.12615,
707,0.078511,-0.313037,0.162014,-0.000864541,0.00907142,0,-0.307889,-0.0265721,0.44606,0.993231,0.00394625,-0.0770451,0.0868346,-0.547552,0.521295,-0.524827,-0.521765,0.458807,-0.536356,0.414177,0.8644,1.96564,-0.455783,-0.0685512,-0.228686,1.75202,0.446734,1.47045,0.080695,0.0417934,-0.0363819,-3.17373,-0.290685,-0.319064,-5.72483,
708,0.0831605,-0.17338,0.268615,0.0619551,0.144284,0,-0.257433,-0.0218206,0.428892,0.994628,-0.00525341,-0.0322213,0.0982323,-0.446446,0.524985,-0.521108,-0.523708,0.248095,-0.555439,0.412788,0.527779,2.09191,-0.581356,-0.624676,-0.114071,1.88534,0.487837,2.56525,0.0669083,0.106665,-0.0383951,-5.2383,-0.470727,0.257906,-7.72385,
709,0.0650451,0.038216,0.348154,0.120679,0.138921,0,-0.167647,-0.0136976,0.393003,0.994315,-0.00779034,-0.000403762,0.106188,-0.272345,0.540172,-0.489361,-0.523308,-0.0541582,-0.582052,0.440515,0.487431,2.22822,-0.626967,-0.865545,0.79003,1.35927,0.128827,4.37993,0.531143,1.15241,0.0264036,-6.83025,-0.591116,0.847186,1.0613,
710,0.00598472,0.276628,0.330953,0.150888,0.0576446,0,-0.028443,-0.000583201,0.418276,0.993798,-0.011546,-0.00607669,0.110428,-0.0108479,0.577368,-0.407978,-0.523258,-0.402315,-0.600634,0.495343,0.549108,2.89805,-1.91126,1.08533,0.0141546,-0.350287,0.0111675,6.21482,1.06368,2.1031,-0.0074002,-7.23118,-0.285626,1.32385,1.36016,
711,-0.00264125,0.385347,-0.106163,-0.0212416,-0.0699156,0,0.1649,0.0215899,0.460904,0.995317,-0.00402074,-0.0172056,0.0950405,0.35309,0.656769,-0.293803,-0.523832,-0.575546,-0.614274,0.532912,0.666032,2.77434,-1.49602,0.614092,0.55045,-0.600169,-1.2858,8.32674,2.10457,2.46345,-0.0162264,1.02624,-0.263334,-0.14239,3.30024,
712,0.0240368,0.336575,-0.153572,-0.151518,-0.235312,0,0.278213,0.0407337,0.480631,0.996747,0.0119411,-0.0277911,0.0747068,0.57952,0.755277,-0.187041,-0.524743,-0.496083,-0.622968,0.522921,0.897412,2.37107,-1.18087,0.383347,0.357385,0.170096,-0.576887,-0.88127,1.84048,1.81603,-0.0270168,2.06781,-0.0515561,-0.193523,5.9154,
713,-0.0469149,0.244608,-0.213457,-0.201883,-0.391032,0,0.238239,0.0384696,0.533451,0.995321,-0.00304483,-0.0689805,0.0675926,0.505277,0.818056,-0.140518,-0.52539,-0.35365,-0.611831,0.524662,1.23887,2.12745,-0.292761,1.21625,-1.39476,-1.88231,-0.428664,-2.00705,0.667492,0.0639097,-0.00930005,3.68749,0.435852,0.0497141,6.35892,
714,-0.0213052,0.0918547,-0.294157,-0.253432,-0.355364,0,0.166835,0.02787,0.575356,0.992496,-0.0308584,-0.103727,0.0569173,0.368002,0.81354,-0.208519,-0.526183,-0.130477,-0.583893,0.518367,1.25321,1.84002,-0.297184,0.512442,-1.21711,-1.14203,-0.165632,-3.46849,-0.835121,-2.76091,-0.0163483,5.22098,0.684139,-0.298252,-0.946333,
715,0.0333949,-0.108192,-0.345324,-0.292795,-0.217957,0,0.0500957,0.00976039,0.589621,0.990163,-0.049103,-0.113568,0.0653302,0.144319,0.726336,-0.406301,-0.525571,0.153853,-0.545569,0.499443,1.22336,1.59147,-0.453722,0.0800336,-0.19753,0.439959,0.984212,-5.46145,-2.6401,-5.13207,0.0403487,6.14448,0.850486,-0.45704,-0.253291,
716,0.0442629,-0.315619,-0.344979,-0.313466,-0.0986239,0,-0.120863,-0.00932601,0.581277,0.989888,-0.0582001,-0.0974496,0.0850768,-0.184247,0.54361,-0.563173,-0.523517,0.462866,-0.515469,0.483311,1.1911,1.69336,-0.311251,-0.392588,-0.298354,0.756593,0.494737,-7.65149,-4.65308,0.581021,0.0338652,6.22039,-0.070214,-0.187637,-1.02936,
717,0.041634,-0.370433,0.0263408,-0.0956211,-0.0756751,0,-0.319209,-0.0269553,0.555374,0.988047,-0.0584509,-0.0864429,0.113468,-0.571695,0.506484,-0.532663,-0.523381,0.550901,-0.523295,0.481355,1.08349,2.09575,-0.480082,-0.561002,1.01632,0.680609,0.729166,-2.35151,0.451039,0.346275,-0.00326051,-0.74805,-0.18384,0.131992,-3.26824,
718,0.0518617,-0.311871,0.146546,-0.0015553,0.0124984,0,-0.306125,-0.0263527,0.515731,0.989311,-0.0365538,-0.0622737,0.12669,-0.544041,0.520326,-0.52489,-0.523572,0.456976,-0.537285,0.495752,0.856195,2.2311,-0.640263,-1.05281,1.04216,0.976666,0.583702,1.1268,0.117023,0.0465022,-0.00393565,-2.99905,-0.373842,0.431743,-5.8029,
719,0.0538652,-0.178202,0.254707,0.0610568,0.148555,0,-0.265631,-0.0226392,0.449453,0.989097,-0.0140556,-0.0312917,0.143216,-0.462571,0.5257,-0.520377,-0.523758,0.255142,-0.560392,0.526141,0.515961,2.3835,-0.732406,-1.58956,1.06393,1.03455,0.740041,2.12365,0.10029,0.133555,-0.00149599,-5.06045,-0.548649,0.6293,-6.39879,
720,0.0866252,0.0246901,0.324063,0.118261,0.135988,0,-0.189339,-0.0158116,0.381548,0.984272,-0.00441113,0.00440526,0.176549,-0.313416,0.541839,-0.489445,-0.522854,-0.0349799,-0.587912,0.527007,0.494824,3.0686,-0.825198,-0.782245,0.0531783,1.98706,1.94968,3.77814,0.492031,1.07898,-0.00459186,-6.46221,-0.486877,-0.100826,0.856646,
721,-0.00839791,0.259425,0.332526,0.160651,0.0620096,0,-0.06788,-0.00449007,0.408197,0.979657,-0.00872681,-0.00341252,0.200459,-0.0835301,0.577289,-0.411058,-0.523322,-0.376062,-0.60223,0.52437,0.543688,3.25837,-1.90852,0.841479,0.0492441,-0.766042,0.461399,5.5601,1.04562,2.04377,-0.00813424,-7.26105,-0.246297,-0.0199783,1.05715,
722,0.0107058,0.387891,-0.10294,-0.00750717,-0.0566615,0,0.109224,0.015224,0.442825,0.980992,-0.00501346,-0.0145767,0.193437,0.248782,0.657238,-0.298983,-0.523951,-0.579783,-0.613529,0.522718,0.64251,3.02771,-1.57076,0.513857,0.193982,-0.214522,-1.27464,7.72196,2.14699,2.44498,-0.0195446,0.924768,-0.215092,-0.0443123,2.87935,
723,-0.0111709,0.346721,-0.101002,-0.0947852,-0.215908,0,0.274472,0.0404607,0.465267,0.985577,0.00706188,-0.0246398,0.167273,0.572381,0.759566,-0.189968,-0.5251,-0.512354,-0.619694,0.523503,0.852778,2.44493,-0.58778,1.26201,0.0279206,-0.847973,-0.484638,1.47436,1.94694,1.91833,-0.037646,1.46163,0.118592,0.243292,5.36456,
724,-0.044353,0.271315,-0.195502,-0.168044,-0.371255,0,0.253398,0.0418044,0.52837,0.983698,0.00854032,-0.0628382,0.168276,0.536339,0.83756,-0.135898,-0.526696,-0.394179,-0.604821,0.524598,1.17495,2.26348,-0.38309,1.03839,-0.292978,-1.80942,0.224757,-1.33482,1.17328,0.265466,-0.0268745,3.3015,0.442975,-0.0669935,7.54737,
725,-0.0129325,0.13133,-0.285949,-0.219285,-0.371946,0,0.200212,0.0349897,0.562256,0.980081,0.0100611,-0.0940471,0.174629,0.435125,0.863939,-0.190415,-0.528382,-0.187105,-0.575814,0.513233,1.26897,1.96712,-0.46318,0.351221,-0.0697592,-0.902175,0.375886,-2.7006,-0.107705,-2.42452,-0.0373085,4.96495,0.717969,-0.385513,-1.25569,
726,-0.00750087,-0.0642019,-0.348663,-0.263662,-0.240012,0,0.104202,0.0191264,0.565009,0.975236,0.00853489,-0.115065,0.188685,0.251015,0.818402,-0.376477,-0.530171,0.0910653,-0.534322,0.491958,1.22944,1.76225,-0.556204,-0.24653,-0.222683,-0.746963,0.82656,-4.64733,-1.70117,-4.9973,-0.0337898,6.15244,0.940538,-0.465041,-0.319442,
727,0.000705404,-0.281758,-0.367985,-0.29403,-0.0975349,0,-0.0479233,-0.00248477,0.538767,0.969564,0.00160229,-0.130748,0.207,-0.0388484,0.686901,-0.571194,-0.531757,0.410197,-0.518002,0.46794,1.20198,1.79245,-0.431206,-0.776509,-0.315487,-0.511369,0.31759,-6.91061,-3.54221,0.283023,-0.0310994,6.61963,-0.134204,-0.490355,-0.773382,
728,0.0197154,-0.380551,0.0432117,-0.148466,-0.085014,0,-0.254356,-0.0201669,0.494233,0.965202,0.0134945,-0.129024,0.22706,-0.442978,0.488986,-0.536316,-0.530583,0.567585,-0.524389,0.443303,1.11245,2.04563,-0.141703,-0.9012,2.06772,0.0392991,1.18751,-9.23654,-1.12632,0.452157,0.0966732,-0.851839,-0.113069,-0.502008,-2.78892,
729,0.0753339,-0.328187,0.153858,0.00871089,-0.00806788,0,-0.317829,-0.0269329,0.456256,0.963918,0.0289998,-0.112832,0.239353,-0.568709,0.508719,-0.525489,-0.525342,0.482726,-0.533483,0.423457,0.907081,2.19483,0.423022,-0.45541,-1.30904,1.65607,0.154911,1.18393,0.487481,0.0700091,0.115971,-2.51377,-0.250329,-0.30752,-5.40567,
730,0.115674,-0.214926,0.266907,0.0703564,0.123895,0,-0.276823,-0.0240743,0.444324,0.965419,0.00605462,-0.0515637,0.255482,-0.484177,0.53409,-0.523895,-0.52237,0.309258,-0.547922,0.420866,0.582835,2.48716,0.595678,-0.424853,0.0224432,2.83584,0.781595,2.20649,0.525662,0.0106346,-0.0306693,-4.521,-0.371715,0.217503,-7.54044,
731,0.0521916,-0.0269284,0.352086,0.135009,0.148799,0,-0.198016,-0.0174854,0.413142,0.962195,-0.0172798,-0.00454508,0.271777,-0.327752,0.572998,-0.500479,-0.523475,0.0381525,-0.570459,0.452561,0.481749,2.6611,0.416249,-0.73671,-0.355644,0.986325,0.504892,4.01691,1.01367,0.917322,-0.0177274,-6.30326,-0.519259,1.05072,1.0827,
732,0.0322902,0.207084,0.361841,0.17497,0.0794609,0,-0.0663682,-0.00454874,0.418423,0.959932,-0.00474321,-0.0180648,0.27961,-0.0760923,0.641999,-0.42897,-0.522617,-0.297632,-0.591669,0.514612,0.531408,3.31199,-0.474369,1.00892,-0.0933053,0.410949,0.857703,6.02924,1.72923,1.91438,0.0255212,-7.02018,-0.290682,1.40324,0.878764,
733,0.0019585,0.384296,0.00682465,0.0442499,-0.0298293,0,0.123063,0.0198518,0.461297,0.958196,0.00415213,-0.0235171,0.285113,0.281724,0.756857,-0.319885,-0.523357,-0.573798,-0.605714,0.532191,0.61262,3.16038,-0.214792,0.61847,0.664969,-0.466753,-0.673984,8.3209,2.88032,2.45058,-0.0270781,-0.246367,-0.284068,-0.228702,2.34632,
734,0.0346304,0.355791,-0.0843202,-0.0906704,-0.183055,0,0.271364,0.0485195,0.484616,0.961092,0.0282552,-0.0184921,0.274156,0.576608,0.904393,-0.206101,-0.525164,-0.52701,-0.614753,0.520743,0.797048,2.70057,-0.165902,0.320515,1.49497,0.476116,0.311085,-0.0761165,3.01493,2.08059,-0.0495074,1.40755,-0.0804513,-0.2454,5.00528,
735,-0.0448455,0.286245,-0.147825,-0.140308,-0.343738,0,0.241427,0.0507586,0.534906,0.960347,0.0368774,-0.0416343,0.273202,0.527079,1.03511,-0.136743,-0.526845,-0.417111,-0.604794,0.520262,1.09987,1.9402,0.507798,1.58669,-1.10378,-1.82383,-0.507902,-1.32223,2.21989,0.715515,-0.0250714,2.94527,0.486328,0.225923,7.05701,
736,-0.0195272,0.160762,-0.237107,-0.190434,-0.390999,0,0.190743,0.0452652,0.597501,0.96167,0.0234192,-0.0842887,0.259881,0.435243,1.11766,-0.164219,-0.528249,-0.229707,-0.572,0.523044,1.2788,1.70105,0.411374,0.903667,-0.864931,-1.09269,-0.409202,-2.34394,1.09065,-1.79435,-0.032786,4.54038,0.822037,-0.111276,-1.11891,
737,-0.0173845,-0.0184024,-0.29967,-0.234743,-0.276544,0,0.106086,0.0293226,0.627613,0.960733,0.00921742,-0.115151,0.252286,0.277313,1.13589,-0.322898,-0.529794,0.0260694,-0.523661,0.513922,1.23388,1.53619,0.309682,0.297098,-0.913453,-1.03229,0.000191717,-3.95957,-0.349798,-4.53056,-0.0283195,5.68152,1.10973,-0.252653,-0.44228,
738,-0.0106151,-0.223781,-0.322836,-0.266562,-0.106841,0,-0.026032,0.00294051,0.628105,0.957268,-0.00987886,-0.141995,0.251748,0.0293598,1.0756,-0.561726,-0.531055,0.322436,-0.518224,0.498359,1.20879,1.50608,0.388143,-0.262582,-0.958637,-0.83786,-0.355295,-5.92529,-2.04463,-1.35479,-0.0238307,6.18364,-0.15815,-0.362322,-0.558444,
739,-0.00393581,-0.375334,-0.00211258,-0.159153,-0.0937499,0,-0.206321,-0.0274574,0.601855,0.955406,-0.0263984,-0.164947,0.243507,-0.318274,0.92672,-0.540328,-0.532227,0.558964,-0.525296,0.478507,1.14059,1.78872,0.534319,-0.75487,-0.960776,-0.645979,0.708646,-7.97568,-3.89654,0.55245,-0.0195339,0.348347,-0.128003,-0.44475,-2.15253,
740,0.0594447,-0.34905,0.100774,-0.0154409,-0.0317675,0,-0.336427,-0.039007,0.567053,0.954486,-0.0124455,-0.144166,0.260803,-0.592756,0.707077,-0.526322,-0.528584,0.516107,-0.535861,0.45582,0.965982,1.97183,0.322951,-0.799335,1.40056,1.1915,0.115546,0.554552,-4.87912,0.101145,0.106582,-1.61155,-0.306129,-0.442462,-4.7988,
741,0.0518773,-0.259716,0.227664,0.0550143,0.0892882,0,-0.294537,-0.0238913,0.514456,0.957135,0.0132877,-0.104864,0.269667,-0.522736,0.49093,-0.52404,-0.523359,0.376504,-0.557981,0.445042,0.667972,2.13892,0.287748,-1.28107,1.67057,0.97733,0.281574,1.77283,-1.05628,0.0137279,0.0846006,-3.95615,-0.57186,0.00433685,-7.09906,
742,0.0658593,-0.0939062,0.331281,0.116744,0.154887,0,-0.230953,-0.0189151,0.4567,0.95295,0.00759645,-0.082311,0.291639,-0.395485,0.513701,-0.507564,-0.523152,0.133408,-0.589453,0.453857,0.478603,2.62696,0.748524,-0.762919,-1.53875,1.38306,1.72967,3.29994,0.833502,0.604525,-0.0087708,-5.69084,-0.656545,0.33546,0.753569,
743,0.129515,0.124412,0.398221,0.176638,0.10504,0,-0.117118,-0.00937985,0.441278,0.942216,-0.0158299,-0.00877358,0.334518,-0.174954,0.575792,-0.45572,-0.523396,-0.177143,-0.620556,0.481538,0.514023,3.09403,1.077,-0.502627,0.333716,3.24097,1.70085,5.5156,1.64144,1.56843,-0.00611128,-6.87474,-0.662825,0.784638,0.383085,
744,0.0136137,0.358693,0.339514,0.182449,0.0190776,0,0.0593922,0.0100785,0.424261,0.94148,0.0204699,0.0169963,0.336017,0.15838,0.683423,-0.357334,-0.523885,-0.531722,-0.651986,0.536428,0.557246,3.43734,0.505121,0.0349478,0.879639,-0.130403,-0.366261,7.86353,2.67265,2.31153,-0.00141378,-5.99748,-0.533298,0.30668,1.31453,
745,-0.0184584,0.369509,-0.0302457,-0.0341751,-0.11328,0,0.271219,0.044883,0.47955,0.951504,0.0244726,0.00154245,0.306659,0.571936,0.843348,-0.239875,-0.524459,-0.549384,-0.661103,0.528276,0.681013,2.45864,0.805659,1.16249,0.32866,-1.058,-0.957807,3.57328,3.7575,2.35373,-0.0187838,1.00695,-0.0754536,-0.228527,3.71618,
746,-0.0167398,0.308425,-0.136482,-0.134856,-0.274328,0,0.253398,0.0521605,0.525815,0.955027,0.0394816,-0.0189964,0.293265,0.549467,1.02041,-0.146304,-0.525401,-0.451577,-0.656637,0.513071,0.929809,2.26316,0.781211,0.684005,0.279965,-1.00925,-0.501736,-1.27523,3.32778,1.41225,-0.0171458,2.89827,0.253448,-0.367822,6.21718,
747,-0.0173462,0.188655,-0.201775,-0.18209,-0.407328,0,0.203634,0.0498628,0.571228,0.960004,0.0369714,-0.056704,0.271679,0.462799,1.15804,-0.126072,-0.525913,-0.270464,-0.631241,0.494769,1.26148,1.88644,1.2088,1.00963,-1.10261,-1.0273,-1.34099,-2.18963,2.18456,-0.585223,-0.0150759,4.34354,0.750504,-0.366192,2.86798,
748,-0.00221438,0.0153014,-0.271154,-0.230783,-0.340151,0,0.124739,0.0364079,0.60541,0.967276,0.0190464,-0.0794449,0.240215,0.318651,1.22759,-0.228678,-0.526773,-0.0216757,-0.585693,0.473655,1.24529,1.68759,1.10966,0.383473,-1.03101,-0.590773,-1.03529,-3.56274,0.261489,-3.49557,-0.0152664,5.59427,1.07087,-0.477586,-0.752144,
749,0.00512833,-0.190825,-0.304638,-0.267361,-0.176401,0,0.00494061,0.0105945,0.609846,0.971097,-0.000898402,-0.0969822,0.218092,0.0950399,1.19721,-0.46122,-0.52736,0.273653,-0.526788,0.449787,1.21125,1.50864,1.05812,-0.20686,-0.982859,-0.379141,-0.593959,-5.36591,-1.45053,-5.78746,-0.00764737,6.21408,1.28433,-0.477534,-0.610673,
750,0.010886,-0.377144,-0.0778729,-0.202446,-0.0822612,0,-0.161191,-0.0222222,0.587744,0.975441,-0.0209667,-0.107607,0.191038,-0.22159,1.07718,-0.560433,-0.527649,0.561951,-0.518398,0.427647,1.14646,1.83147,1.3198,-0.667614,-0.984471,-0.213012,-0.694837,-7.29167,-3.33588,0.894976,-0.00316336,2.15613,-0.151067,-0.422631,-1.96448,
751,0.0718584,-0.36072,0.113861,-0.0703319,-0.0366473,0,-0.331743,-0.0465752,0.544114,0.975693,-0.0413708,-0.107893,0.186198,-0.570876,0.876813,-0.528508,-0.527391,0.53502,-0.529866,0.408401,0.981523,2.04114,1.05802,-0.820088,0.383724,1.55303,0.257845,-2.68564,-4.67373,0.401973,0.0602542,-1.41963,-0.303677,-0.338935,-4.62716,
752,0.099851,-0.27884,0.232193,0.0317889,0.0731794,0,-0.309273,-0.0320797,0.496738,0.9791,-0.0305335,-0.0500575,0.194744,-0.54215,0.635682,-0.513408,-0.523242,0.405711,-0.5533,0.404994,0.689339,2.18429,0.811346,-1.2026,1.01863,2.37227,0.473888,1.43073,-4.96581,0.167924,0.0379693,-3.73673,-0.631792,0.194366,-7.03495,
753,0.0441067,-0.117437,0.335789,0.0997595,0.146175,0,-0.248021,-0.0198235,0.425713,0.978659,-0.0161792,-0.00221815,0.204842,-0.430113,0.495034,-0.491538,-0.523318,0.167117,-0.589923,0.432564,0.473153,2.41315,0.727608,-1.58959,0.760709,0.752269,0.400122,3.03918,0.373117,0.703138,-0.00822874,-5.79326,-0.828359,0.902858,0.692856,
754,0.00829811,0.106237,0.343212,0.142932,0.0885464,0,-0.144867,-0.0113045,0.394528,0.97639,-0.0108214,0.00306916,0.21572,-0.23036,0.527038,-0.43104,-0.523288,-0.151052,-0.62356,0.485776,0.512716,3.18053,-0.659641,1.24048,-0.257499,-0.283453,0.521803,4.75934,0.738668,1.71179,0.00271849,-6.74937,-0.380205,1.23386,0.460873,
755,0.000425142,0.342933,0.378708,0.185351,0.00189809,0,0.011762,0.00350235,0.44726,0.974133,-0.0169521,-0.00877711,0.225169,0.0638914,0.588708,-0.331218,-0.523501,-0.506265,-0.6434,0.533829,0.554802,3.27191,-0.632797,0.836412,-0.293181,-0.511213,0.364322,6.99727,1.72496,2.27385,-0.00499906,-7.46017,-0.41782,0.00850642,1.21468,
756,-0.0115704,0.372138,-0.0620675,0.0139615,-0.126471,0,0.226861,0.0312562,0.477235,0.977494,-0.0105623,-0.0242755,0.209295,0.475167,0.706663,-0.218094,-0.524085,-0.553702,-0.662896,0.525676,0.676682,3.07037,-0.268212,0.380919,0.307256,-0.858504,-0.994792,9.42352,2.97872,2.22957,-0.0127729,0.949915,-0.36323,-0.181625,3.64477,
757,-0.00835735,0.320399,-0.137466,-0.143651,-0.279097,0,0.276122,0.0461982,0.494734,0.978251,0.0154558,-0.0168207,0.206164,0.582343,0.852581,-0.133823,-0.525947,-0.470399,-0.673049,0.513079,0.921252,2.28516,-0.153115,0.674197,0.913861,-0.767495,0.262099,-1.68416,2.86076,1.16878,-0.0360434,2.37272,-0.0319861,-0.309236,6.05239,
758,-0.0374021,0.218209,-0.205604,-0.191532,-0.401916,0,0.217717,0.042793,0.559676,0.978265,0.00992874,-0.0623039,0.197528,0.476094,0.965885,-0.125757,-0.527088,-0.314138,-0.66039,0.500956,1.24525,1.87184,0.451566,1.31718,-1.0421,-1.60858,-0.58292,-2.57525,1.67955,-0.847708,-0.0241944,3.97422,0.46461,-0.225484,3.05246,
759,-0.0225516,0.0570194,-0.279939,-0.239253,-0.331634,0,0.129719,0.0294588,0.608658,0.977822,-0.00704449,-0.0985196,0.184685,0.31252,1.01261,-0.240188,-0.52842,-0.080854,-0.630093,0.483033,1.24145,1.65024,0.386661,0.665853,-0.992848,-1.18031,-0.254321,-3.95439,0.201687,-3.70625,-0.0256211,5.34296,0.74746,-0.489854,-0.607769,
760,-0.017272,-0.142391,-0.31522,-0.273713,-0.167059,0,-0.00107107,0.00622095,0.626108,0.974294,-0.0270677,-0.130282,0.181784,0.0682817,0.97845,-0.48147,-0.529553,0.203073,-0.588253,0.454839,1.22211,1.47891,0.347383,0.0264377,-1.05457,-1.02879,0.223861,-5.79914,-1.55433,-5.92693,-0.0193264,6.00904,0.925246,-0.637083,-0.16943,
761,-0.0121608,-0.336963,-0.293835,-0.289661,-0.1007,0,-0.178786,-0.0215086,0.613429,0.971133,-0.0449629,-0.159259,0.171799,-0.27104,0.852365,-0.558172,-0.530518,0.496703,-0.541733,0.420851,1.18774,1.67684,0.587938,-0.535812,-0.891014,-0.882003,-0.490286,-7.76425,-3.47741,0.907751,-0.0199988,5.72949,0.93355,-0.72637,-1.19789,
762,0.0543486,-0.364212,0.0556026,-0.055456,-0.0711289,0,-0.336345,-0.0350268,0.590505,0.971039,-0.0352634,-0.148409,0.183889,-0.598184,0.629106,-0.529492,-0.527509,0.540714,-0.517039,0.382149,1.06705,2.00324,0.304996,-0.50575,1.08043,1.04481,0.09034,-0.0435698,-5.43488,0.244765,0.101027,-0.813079,-0.110241,-0.787138,-3.60474,
763,0.0359359,-0.301093,0.18528,0.0197641,0.0251751,0,-0.300142,-0.0244121,0.55451,0.974153,-0.00987708,-0.122962,0.189233,-0.534032,0.491026,-0.524436,-0.523029,0.440127,-0.528751,0.353685,0.824677,2.14219,0.242659,-0.93465,1.42523,0.516029,0.182107,1.58682,0.562318,0.0280579,0.025052,-3.19443,-0.353608,-0.35931,-6.06965,
764,0.0295694,-0.160842,0.288853,0.0822371,0.155975,0,-0.245574,-0.020725,0.494868,0.974323,0.0224053,-0.102196,0.199372,-0.423089,0.526145,-0.518535,-0.523333,0.229824,-0.550453,0.342734,0.494428,2.36577,0.188459,-1.31283,0.741467,0.331524,0.565393,2.83894,0.764233,0.202185,-0.0083039,-5.18106,-0.50237,-0.087335,-3.0451,
765,0.134499,0.0399151,0.356578,0.136298,0.130183,0,-0.148295,-0.0125412,0.462067,0.969377,-0.00484255,-0.0627417,0.23738,-0.233165,0.577666,-0.485449,-0.523329,-0.0565686,-0.57364,0.342155,0.502404,3.19232,0.594689,-0.162992,0.450206,3.38762,1.92547,4.75051,1.30622,1.09098,-0.000173255,-6.29091,-0.439058,0.0794256,0.666122,
766,0.0223429,0.268661,0.381849,0.183175,0.0600899,0,0.00792064,0.00386413,0.441325,0.962164,-0.0108473,0.00951997,0.272088,0.0623489,0.665587,-0.407546,-0.523569,-0.390124,-0.597023,0.3712,0.542429,3.53528,0.23963,-0.334418,2.00227,0.122288,-0.143816,6.92008,2.13529,2.05841,-0.0112512,-7.01813,-0.461775,1.10788,0.957476,
767,0.00337011,0.378592,-0.0236399,0.0237806,-0.0573765,0,0.218889,0.0347731,0.442441,0.970083,0.0298173,0.0022593,0.240925,0.466506,0.800832,-0.294775,-0.524037,-0.564343,-0.61255,0.434132,0.637142,2.23423,0.498475,1.0993,-1.48477,-0.426635,-1.70654,9.26239,3.27805,2.41084,0.000871623,0.710655,-0.00949255,1.50696,2.75377,
768,-0.0362878,0.333272,-0.115354,-0.134044,-0.211134,0,0.270027,0.0516269,0.498386,0.971938,0.0502849,-0.015524,0.229276,0.57796,0.960163,-0.189512,-0.525426,-0.490813,-0.605007,0.505612,0.839879,1.64365,0.284669,1.12114,0.431758,-1.57467,-0.249053,-1.50509,3.16515,1.83277,-0.0211592,2.22744,0.28118,1.33984,5.31073,
769,-0.0335683,0.233056,-0.1981,-0.183773,-0.364107,0,0.217056,0.0490493,0.551189,0.974189,0.0583364,-0.0475598,0.212816,0.483719,1.08985,-0.137626,-0.526457,-0.336297,-0.580289,0.529454,1.15783,1.50039,0.576021,1.10479,-0.617515,-1.497,-0.960675,-2.25473,2.0333,0.260652,-0.0160564,3.90741,0.720143,-0.136111,7.34131,
770,-0.0124898,0.0749546,-0.272665,-0.233215,-0.368431,0,0.137381,0.0362465,0.590015,0.977376,0.0526895,-0.078123,0.189361,0.337103,1.15524,-0.191071,-0.52743,-0.10637,-0.536355,0.516717,1.2602,1.24224,0.516111,0.452343,-0.463439,-0.888425,-0.759687,-3.59803,0.593344,-2.377,-0.0223054,5.27812,1.03512,-0.373194,-0.974151,
771,-0.00317936,-0.12342,-0.311454,-0.270733,-0.239725,0,0.016069,0.0118454,0.598688,0.978754,0.0431548,-0.0984501,0.174604,0.111478,1.14119,-0.374198,-0.528434,0.175716,-0.517627,0.496113,1.22485,1.06304,0.460152,-0.109899,-0.657119,-0.620323,-0.257852,-5.41121,-1.1416,-4.92752,-0.0172492,6.00032,-0.139047,-0.451014,-0.416841,
772,0.00156189,-0.321111,-0.297673,-0.289237,-0.0917291,0,-0.152988,-0.0201627,0.579228,0.979171,0.0312462,-0.113294,0.165565,-0.209113,1.03563,-0.567672,-0.529195,0.471522,-0.522672,0.47348,1.18182,1.1617,0.654849,-0.638378,-0.48961,-0.484054,-0.786869,-7.38141,-3.06373,0.202819,-0.0156879,5.84324,-0.0492787,-0.448511,-1.29543,
773,0.00880598,-0.369942,0.0646474,-0.0821476,-0.0641506,0,-0.332968,-0.044676,0.535731,0.97864,0.019634,-0.125328,0.161775,-0.576576,0.832698,-0.535416,-0.529811,0.550095,-0.528803,0.451199,1.06006,1.6049,0.578924,-1.11332,-0.768777,-0.275296,-0.245722,-2.07335,-5.03544,0.450333,-0.0070153,-0.815302,-0.19818,-0.419376,-3.55824,
774,0.0704263,-0.307504,0.184958,0.00937434,0.0274073,0,-0.307277,-0.0288868,0.471125,0.980477,0.00807349,-0.121417,0.154456,-0.542681,0.571816,-0.523969,-0.52917,0.450134,-0.546656,0.432482,0.818472,1.66919,0.267285,-1.30553,0.885637,1.50965,0.364759,1.27878,-5.40108,0.0514795,0.0720948,-3.17416,-0.507923,-0.348087,-6.09788,
775,0.0949716,-0.176616,0.279334,0.0703499,0.161424,0,-0.257128,-0.0207402,0.443312,0.980079,0.00115812,-0.0573245,0.190153,-0.447822,0.497451,-0.52208,-0.521025,0.252822,-0.567911,0.42678,0.486861,2.46445,0.358673,-0.479745,-0.332846,2.23212,1.85045,2.52069,0.679052,0.112024,-0.0190846,-4.8978,-0.47216,0.131107,-2.95435,
776,0.0860831,0.0230475,0.361271,0.136176,0.131984,0,-0.168623,-0.0138685,0.411172,0.973083,-0.0123663,-0.0100624,0.229901,-0.273935,0.543741,-0.486996,-0.523033,-0.0326519,-0.594519,0.450561,0.500573,2.63918,0.391396,-0.859786,0.350983,1.97109,1.44287,4.41763,1.16457,1.28068,-0.0364354,-6.505,-0.591275,0.815292,0.732254,
777,0.00584897,0.257163,0.348997,0.169429,0.0539424,0,-0.0266169,-0.000279611,0.419092,0.970608,-0.0140571,-0.0144319,0.239822,-0.00489468,0.613495,-0.399127,-0.523718,-0.372628,-0.613289,0.508879,0.543165,3.52641,-0.853065,1.63247,-0.389128,-0.354671,-0.100233,6.29179,1.5438,2.20964,0.0807191,-6.97882,-0.0597275,1.49309,0.950309,
778,-0.00758939,0.382385,-0.055913,0.0125812,-0.0670757,0,0.16901,0.024468,0.490326,0.97395,-0.0121831,-0.0300461,0.224434,0.365356,0.719365,-0.280502,-0.523239,-0.570625,-0.615667,0.530531,0.636648,3.32063,-0.511476,1.18831,0.245675,-0.74259,-1.36618,8.51806,2.68739,2.53864,-0.0123513,0.698533,-0.0416466,-0.172586,2.77075,
779,-0.00362802,0.34174,-0.121382,-0.124156,-0.224968,0,0.27188,0.0455277,0.537838,0.977562,0.000370141,-0.0460449,0.205554,0.573909,0.852537,-0.169738,-0.523933,-0.50435,-0.613224,0.519726,0.841702,2.97271,-0.470839,0.703361,0.364007,-0.628789,-0.165489,-0.901539,2.64384,1.89397,-0.0150942,1.89685,0.136649,-0.258356,5.40899,
780,-0.0015923,0.250586,-0.223217,-0.17687,-0.379479,0,0.233504,0.0451552,0.560184,0.977349,0.0111977,-0.059421,0.202813,0.506161,0.958728,-0.118084,-0.524618,-0.362671,-0.598207,0.50636,1.16808,2.90481,-0.48988,0.180887,0.270165,-0.570639,-0.0946495,-1.76962,1.61208,0.186312,-0.0129981,3.75523,0.461727,-0.275686,7.62733,
781,-0.00465345,0.0963888,-0.307348,-0.227882,-0.378612,0,0.165189,0.0354099,0.554869,0.97747,0.0195236,-0.0593668,0.201609,0.378624,1.0048,-0.178002,-0.5256,-0.136957,-0.567655,0.492647,1.26682,2.04299,-0.656247,0.0963078,-0.611683,-0.660094,-0.215439,-3.31703,0.241236,-2.56138,-0.0133438,5.27022,0.752801,-0.266103,-1.17709,
782,0.00143744,-0.105341,-0.355931,-0.270088,-0.241514,0,0.0491811,0.0145617,0.545185,0.976515,0.00646458,-0.0767106,0.201225,0.160462,0.974651,-0.371984,-0.526182,0.149768,-0.524431,0.478663,1.22572,1.84214,-0.742794,-0.486056,-0.675354,-0.484638,0.295214,-5.39165,-1.43414,-5.17684,-0.00938142,6.19159,0.975093,-0.293416,-0.449482,
783,0.0113263,-0.314354,-0.354362,-0.294293,-0.0891238,0,-0.123668,-0.0133036,0.507722,0.974516,-0.0104642,-0.0869886,0.2065,-0.167133,0.854895,-0.572957,-0.526537,0.460876,-0.519145,0.464603,1.18438,1.90743,-0.565388,-1.0071,-0.663041,-0.199173,-0.223441,-7.67603,-3.33828,0.299789,-0.00734029,6.26281,-0.130641,-0.264086,-1.19575,
784,0.00429738,-0.376326,0.0388437,-0.0853168,-0.0673387,0,-0.327412,-0.0343882,0.45912,0.974406,0.00154156,-0.0775809,0.210979,-0.579091,0.637991,-0.5362,-0.522948,0.5606,-0.527248,0.452846,1.06915,1.60811,-0.473832,-0.585002,0.843193,-0.398746,-0.386317,-3.49585,-5.31144,0.538306,0.0850587,-0.967142,-0.208431,-0.180757,-3.3112,
785,0.0575672,-0.312168,0.169732,0.0158664,0.0177876,0,-0.308302,-0.0248599,0.432614,0.976612,0.0145987,-0.075556,0.200767,-0.551023,0.484619,-0.52225,-0.523005,0.457444,-0.542505,0.444988,0.838907,2.01257,0.0126964,0.0202318,-0.259985,1.14263,0.437622,1.36507,0.598369,-0.0189403,-0.0146557,-3.04249,-0.354654,-0.165675,-5.87592,
786,0.0675352,-0.178654,0.276947,0.0795984,0.157186,0,-0.261301,-0.0221545,0.428977,0.97451,-0.00367404,-0.0410224,0.220529,-0.454141,0.523988,-0.520737,-0.523543,0.255803,-0.56321,0.446726,0.495138,2.27089,0.00938639,-0.300713,-0.494306,1.43132,0.922971,2.51095,0.836046,0.0935044,-0.00834507,-5.05491,-0.491795,0.238907,-6.36968,
787,0.0551742,0.0268279,0.359811,0.141367,0.136988,0,-0.173833,-0.0151837,0.410935,0.971171,-0.00969442,-0.0164994,0.237614,-0.281205,0.579922,-0.487438,-0.523549,-0.03801,-0.590766,0.470682,0.488963,2.41468,0.0373724,-0.531483,0.602411,1.0727,0.521718,4.38939,1.3887,1.22852,0.00113716,-6.68104,-0.611911,0.717062,1.06533,
788,-0.0239216,0.265357,0.363842,0.176902,0.0539547,0,-0.032909,-0.000795631,0.431871,0.969762,-0.0156167,-0.0223243,0.242526,-0.0128768,0.663568,-0.40206,-0.523474,-0.385086,-0.612521,0.517398,0.548089,3.28352,-0.798103,1.09393,-0.471438,-1.21498,-0.379627,6.36515,1.9893,2.18855,-0.00162434,-7.24948,-0.316176,1.14594,1.28477,
789,-0.0167396,0.379559,-0.0586546,0.0119712,-0.0737119,0,0.164146,0.0263796,0.501664,0.974148,-0.0107834,-0.0487796,0.220318,0.360886,0.785199,-0.28445,-0.524286,-0.565943,-0.620234,0.530395,0.659489,3.2176,-0.527902,1.37944,0.228616,-1.00813,-1.58574,8.61583,2.96071,2.51652,-0.0249975,0.737928,-0.0858762,-0.21928,3.15178,
790,-0.0119613,0.339021,-0.120618,-0.124957,-0.23683,0,0.268567,0.0496644,0.558449,0.977981,0.00357143,-0.0711177,0.196169,0.573013,0.931576,-0.175956,-0.525605,-0.499994,-0.619597,0.515647,0.882589,2.87903,-0.488547,0.880137,0.359573,-0.871322,-0.401243,-0.867449,2.89903,1.82605,-0.0273838,1.87275,0.108299,-0.3686,5.75016,
791,-0.00571469,0.248881,-0.221507,-0.178208,-0.39257,0,0.230527,0.0495255,0.58939,0.977914,0.0157574,-0.0904071,0.187782,0.506933,1.05006,-0.129759,-0.52689,-0.360095,-0.605217,0.495349,1.2251,2.79984,-0.512227,0.328714,0.312415,-0.692056,-0.356327,-1.73603,1.84866,0.0366362,-0.026472,3.71022,0.463103,-0.441996,6.52863,
792,0.0225905,0.0965452,-0.301519,-0.229184,-0.359766,0,0.162699,0.039298,0.588342,0.978848,0.0283974,-0.0903411,0.181354,0.381289,1.10744,-0.199348,-0.528578,-0.137181,-0.573773,0.47274,1.24996,2.53146,-0.600802,-0.306987,0.462832,0.124438,-0.166503,-3.27359,0.457996,-2.79711,-0.0348369,5.18815,0.796575,-0.463,-0.82607,
793,0.0318353,-0.102098,-0.349457,-0.270237,-0.222392,0,0.0479408,0.0168378,0.559769,0.978846,0.0369019,-0.0825452,0.183537,0.166284,1.08757,-0.401383,-0.53021,0.145124,-0.527588,0.45418,1.22636,2.32536,-0.679214,-0.833852,0.353577,0.390197,0.260051,-5.30915,-1.23988,-5.26445,-0.029829,6.09698,1.04965,-0.281264,-0.179361,
794,-0.0251651,-0.308557,-0.348973,-0.295023,-0.10277,0,-0.122405,-0.0141947,0.515524,0.978799,0.0356023,-0.0814634,0.18452,-0.155982,0.977374,-0.563026,-0.531353,0.451783,-0.519745,0.44667,1.20101,1.71696,-0.518854,-0.70778,-0.855072,-1.25882,-0.484957,-7.55268,-3.14609,0.56227,-0.0120142,6.18045,-0.107552,-0.0114791,-0.762078,
795,-0.0140195,-0.373436,0.0275826,-0.0949633,-0.0853813,0,-0.323925,-0.0402753,0.466868,0.975124,0.0177362,-0.112826,0.189972,-0.562488,0.76938,-0.532841,-0.531789,0.555838,-0.527675,0.440689,1.10748,2.16025,-0.544552,-1.22966,-1.10908,-0.937003,0.345535,-3.67692,-5.15571,0.333303,-0.00308452,-0.807659,-0.211452,-0.205078,-2.96114,
796,0.11718,-0.316333,0.163439,0.00835467,-0.00277637,0,-0.307342,-0.0255018,0.438401,0.977469,0.0147396,-0.0729608,0.197519,-0.547977,0.499899,-0.525063,-0.522248,0.463989,-0.542927,0.427496,0.893529,2.36408,0.11318,-0.208778,-0.120584,2.88009,0.686842,1.11354,-4.5697,0.050652,0.23127,-2.86887,-0.408951,-0.326051,-5.55605,
797,0.0991739,-0.187564,0.271589,0.0728943,0.130454,0,-0.265446,-0.0215582,0.418725,0.976126,0.000536032,-0.0142777,0.216736,-0.464129,0.49891,-0.522853,-0.522305,0.268862,-0.567049,0.432577,0.564911,2.54678,0.0455291,-0.665767,0.0444359,2.35345,0.771105,2.2339,0.957189,0.0363912,-0.0499454,-4.93079,-0.564273,0.524836,-7.5788,
798,-0.0445902,0.0138985,0.326887,0.132318,0.149298,0,-0.186486,-0.0159513,0.386539,0.972594,-0.00486578,0.00282476,0.23244,-0.306787,0.558439,-0.497129,-0.5243,-0.0196881,-0.59744,0.47655,0.474853,2.50944,-0.84846,0.0093138,-0.484739,-1.81389,0.679473,3.96769,1.35126,0.970158,-0.026211,-6.53195,-0.556662,1.24166,1.31906,
799,0.00996498,0.248382,0.353334,0.172845,0.0710638,0,-0.0599852,-0.00384415,0.441699,0.967074,-0.00636845,-0.0164831,0.253879,-0.0643248,0.641807,-0.423169,-0.522582,-0.359342,-0.616816,0.527302,0.542089,3.17306,-1.11401,1.29045,0.035605,-0.234567,0.976629,5.86235,2.07147,1.98597,-0.0183015,-7.21862,-0.365069,0.367558,1.36187,
800,0.00255017,0.381354,-0.0599107,0.0182576,-0.0520455,0,0.124978,0.0206563,0.494487,0.96414,0.00174044,-0.0233279,0.264361,0.28655,0.774272,-0.312405,-0.523763,-0.568916,-0.634968,0.526195,0.653952,2.94639,-0.782724,0.812518,0.561881,-0.450058,-0.393913,8.16117,3.21812,2.44976,-0.0282613,0.612158,-0.364339,-0.0834272,3.09651,
801,0.00763262,0.346178,-0.11161,-0.0955653,-0.216013,0,0.267701,0.0496742,0.523362,0.963878,0.0203151,-0.0302757,0.263839,0.57149,0.934245,-0.202834,-0.52518,-0.51148,-0.648914,0.521883,0.874776,2.64487,-0.733305,0.329431,0.719998,-0.30458,0.688295,-0.00163425,3.18535,1.92199,-0.02987,1.56792,-0.19728,-0.0964984,5.71193,
802,-0.0489966,0.269545,-0.173331,-0.143291,-0.377088,0,0.238684,0.0523112,0.548425,0.95879,0.0286877,-0.0523011,0.277783,0.524398,1.07229,-0.147549,-0.526267,-0.391475,-0.646467,0.520819,1.21108,2.27401,-0.0337427,1.15627,-1.12327,-1.94349,0.0968947,-1.35671,2.34663,0.326657,-0.0115989,3.09623,0.363118,0.113925,7.60804,
803,-0.0219406,0.138183,-0.261389,-0.192148,-0.361353,0,0.184315,0.0460068,0.587605,0.955997,0.0160392,-0.0910766,0.278419,0.426068,1.16046,-0.20011,-0.527226,-0.196992,-0.619513,0.517425,1.25567,2.01657,-0.167587,0.46685,-0.857926,-1.16145,0.242892,-2.56323,1.19008,-2.40678,-0.0208845,4.66441,0.716819,-0.248104,-0.975035,
804,-0.0204771,-0.0449383,-0.321267,-0.234226,-0.234883,0,0.0911659,0.0278695,0.595792,0.950026,0.00176104,-0.124651,0.286199,0.253015,1.18325,-0.383299,-0.528191,0.0636967,-0.576111,0.501189,1.22778,1.85866,-0.295748,-0.147126,-0.903232,-1.1201,0.630164,-4.34414,-0.266964,-4.90052,-0.0174727,5.75473,1.01725,-0.40016,-0.2238,
805,-0.0120977,-0.249574,-0.337607,-0.263357,-0.0989867,0,-0.0534343,-0.00182539,0.5732,0.942239,-0.0126529,-0.156683,0.295762,-0.0173911,1.12723,-0.572971,-0.529008,0.361141,-0.521239,0.477969,1.20854,1.8878,-0.169305,-0.675909,-0.419328,-0.87867,-0.115437,-6.44281,-1.95749,0.348771,0.00286524,6.15445,0.967751,-0.52247,-0.545533,
806,0.030559,-0.382237,0.0166507,-0.140251,-0.0943145,0,-0.247246,-0.0360157,0.539041,0.942727,0.0113508,-0.144591,0.300382,-0.393541,0.983263,-0.536542,-0.524633,0.57038,-0.519062,0.449653,1.13557,2.05254,0.00192047,-0.825271,1.43234,0.358852,0.925119,-8.58695,-3.79101,0.461599,0.109784,-0.295207,-0.1651,-0.617956,-2.34288,
807,0.035576,-0.341007,0.118525,0.0197807,-0.0262386,0,-0.337866,-0.0424751,0.486408,0.938505,0.0379857,-0.125166,0.319529,-0.591065,0.772219,-0.525615,-0.523057,0.503175,-0.533793,0.425603,0.95137,2.36748,-0.157147,-1.29604,1.20466,0.505585,0.133027,1.41084,-4.63835,0.0730885,-0.0133382,-2.21049,-0.423682,-0.340417,-5.0042,
808,0.142024,-0.236632,0.258211,0.079399,0.0987269,0,-0.285825,-0.0256027,0.450084,0.937429,0.0174323,-0.0731372,0.339962,-0.501091,0.548838,-0.523989,-0.523327,0.341657,-0.560406,0.414136,0.644795,2.48876,0.825291,-0.29816,0.0488097,3.60935,1.50797,2.15842,-4.29188,0.0097153,-0.00323259,-4.22125,-0.621965,-0.125495,-7.2459,
809,0.0803331,-0.0589583,0.353743,0.148734,0.158666,0,-0.206171,-0.0161964,0.425528,0.928058,-0.00981816,-0.0115734,0.372126,-0.348706,0.498858,-0.504914,-0.523525,0.0836097,-0.595266,0.433752,0.464735,2.73394,0.845873,-0.679802,-0.40663,1.80325,1.25805,3.92406,0.777881,0.743823,-0.00220409,-6.08709,-0.771956,0.904398,1.17428,
810,-0.0291563,0.17437,0.382976,0.197097,0.0907914,0,-0.0743408,-0.00504743,0.395119,0.922838,-0.00841354,-0.00312616,0.385085,-0.0966456,0.560883,-0.438766,-0.52373,-0.24954,-0.633449,0.493867,0.520275,3.40696,0.139095,0.480886,-0.504325,-1.36664,-0.199905,6.00508,1.45225,1.89155,0.00210256,-7.1001,-0.492985,1.51654,0.926725,
811,0.0117692,0.378887,0.104075,0.096434,-0.0167774,0,0.114821,0.01578,0.467348,0.925441,-0.01513,-0.01901,0.378113,0.258998,0.654377,-0.329856,-0.52283,-0.564831,-0.643455,0.534343,0.597794,3.60904,0.308486,1.4544,-0.00599434,-0.182663,-0.984058,8.31934,2.50634,2.4806,-0.0158908,-1.67932,-0.152874,-0.179104,2.15124,
812,0.0130885,0.361105,-0.0587181,-0.0676422,-0.169222,0,0.281343,0.0434897,0.528193,0.934397,-0.00885525,-0.0239052,0.355319,0.588548,0.794069,-0.211782,-0.523749,-0.535646,-0.647946,0.524575,0.772024,3.22018,0.331281,0.973248,0.244205,-0.145446,-0.189729,0.191937,3.07907,2.21389,-0.0212192,1.23875,-0.03087,-0.178474,4.79393,
813,0.0138066,0.290959,-0.167999,-0.131561,-0.334884,0,0.248294,0.0462243,0.564292,0.934992,-0.00267206,-0.02508,0.353772,0.533096,0.931869,-0.134574,-0.52476,-0.424394,-0.641488,0.518039,1.07194,3.13485,0.309196,0.465165,0.193047,-0.125701,-0.0811692,-1.43048,2.43787,0.890015,-0.0191885,3.19795,0.287468,-0.0802702,7.1831,
814,-0.0263505,0.156385,-0.265757,-0.181892,-0.393732,0,0.192644,0.0413108,0.593254,0.93397,-0.00456601,-0.052498,0.353446,0.432343,1.02675,-0.15208,-0.525287,-0.223347,-0.619024,0.517557,1.26613,2.36275,-0.016002,0.556531,-0.88027,-1.28704,-0.0404866,-2.59172,1.36395,-1.56867,-0.00875143,4.8361,0.603163,0.0524997,-0.718266,
815,-0.0230382,-0.0333101,-0.32899,-0.226472,-0.290272,0,0.0981391,0.0253672,0.606025,0.929967,-0.0151435,-0.089037,0.356376,0.257092,1.05988,-0.300278,-0.525691,0.0472002,-0.582062,0.515162,1.23187,2.21597,-0.178708,-0.0491507,-0.928343,-1.19165,0.408592,-4.40309,-0.0274847,-4.33678,-0.00675057,5.97649,0.873848,-0.146837,-0.361794,
816,-0.0202076,-0.246412,-0.349748,-0.256303,-0.115807,0,-0.0494206,-0.00169634,0.587774,0.92106,-0.028279,-0.122825,0.36846,-0.0179151,1.01689,-0.548217,-0.52595,0.356368,-0.534721,0.503632,1.20799,2.15739,-0.169733,-0.668052,-0.870227,-1.11006,0.27694,-6.56396,-1.67665,-2.32571,-0.00469654,6.39919,1.0221,-0.306633,-0.590232,
817,0.0332741,-0.384398,0.0252421,-0.126684,-0.0907401,0,-0.247992,-0.0332167,0.553777,0.920145,-0.0099101,-0.116914,0.373586,-0.401836,0.888072,-0.540449,-0.522446,0.573967,-0.517589,0.48449,1.13343,2.34688,0.177829,-0.743547,1.74579,0.439588,0.829192,-8.78377,-3.4674,0.532847,0.0276242,-0.345851,-0.147781,-0.469812,-2.36695,
818,0.0371498,-0.341209,0.129579,0.0291522,-0.0241491,0,-0.321722,-0.0364549,0.505385,0.917572,0.0225936,-0.0912648,0.386292,-0.563282,0.695348,-0.52643,-0.523202,0.503498,-0.530975,0.468364,0.947677,2.68377,0.0650252,-1.21549,1.54237,0.550987,0.0217276,0.879225,-4.2304,0.104185,-0.0212309,-2.28106,-0.38632,-0.18005,-5.04291,
819,0.0961776,-0.23223,0.266694,0.090252,0.100995,0,-0.28227,-0.0233319,0.443231,0.916572,0.0266234,-0.0588226,0.394622,-0.497196,0.504059,-0.524042,-0.52395,0.33506,-0.55644,0.466061,0.639328,2.61841,0.797261,-0.87664,-1.53466,2.26437,0.629594,1.74966,-1.48063,0.0148936,-0.000335757,-4.39969,-0.623897,0.0764159,-7.26498,
820,0.0938254,-0.0498127,0.360364,0.153164,0.160055,0,-0.21454,-0.01747,0.40159,0.914729,-0.00517189,-0.00947428,0.403924,-0.363565,0.516103,-0.505092,-0.523115,0.0706166,-0.590005,0.486856,0.461579,2.79291,0.953057,-0.845625,-0.00827734,2.1966,0.457297,3.57908,0.780695,0.735096,-0.00672133,-6.15978,-0.716135,0.752203,1.26973,
821,-0.0104105,0.18279,0.375399,0.19718,0.0904995,0,-0.0937869,-0.00704804,0.400814,0.91171,-0.0118035,-0.00602721,0.410621,-0.131634,0.575026,-0.440251,-0.523439,-0.26186,-0.619332,0.534288,0.523498,3.74616,-0.0610165,1.20675,-0.786836,-0.824331,0.238,5.61575,1.47521,1.85077,-0.00164115,-7.05899,-0.354595,0.256032,1.07644,
822,0.00129347,0.389758,0.0847954,0.0938394,-0.0197146,0,0.0873301,0.0132733,0.460103,0.9129,-0.0120745,-0.0369199,0.406332,0.209749,0.67965,-0.332715,-0.523734,-0.582898,-0.634745,0.526875,0.609747,3.48322,0.12559,1.09027,-0.25255,-0.48635,-1.48962,8.05726,2.74704,2.46864,-0.0198739,-1.43951,-0.276559,-0.212072,2.34551,
823,0.0215895,0.363348,-0.0690718,-0.049723,-0.176262,0,0.273758,0.044439,0.505062,0.928706,0.00527941,-0.0502085,0.367363,0.57596,0.829159,-0.215219,-0.525126,-0.539303,-0.645108,0.516451,0.795425,3.0474,0.273513,0.803006,0.770436,0.0989456,-1.58468,1.89149,3.22583,2.21386,-0.0448555,1.39016,-0.111577,-0.213819,5.0464,
824,0.0113295,0.289797,-0.173014,-0.135578,-0.345011,0,0.250688,0.0491976,0.533165,0.941322,0.0209026,-0.0360205,0.334932,0.541052,0.977318,-0.139422,-0.527416,-0.422597,-0.642206,0.509484,1.10789,2.91976,0.27561,0.385369,0.632697,-0.199961,-1.23121,-1.30148,2.70813,0.834141,-0.0393042,3.27033,0.227551,-0.0491997,7.41137,
825,-0.0100611,0.153192,-0.260591,-0.189435,-0.384485,0,0.197463,0.044991,0.566326,0.946832,0.0288938,-0.0812841,0.309947,0.445719,1.08477,-0.161448,-0.528512,-0.218714,-0.62128,0.511072,1.25553,2.0738,0.159025,0.659065,-1.06547,-0.819306,-1.64194,-2.49944,1.58469,-1.67567,-0.0299582,4.83912,0.620661,0.0886428,-0.687769,
826,-0.00575729,-0.0373574,-0.32305,-0.241827,-0.280927,0,0.10564,0.0289455,0.58436,0.956064,0.0121511,-0.106319,0.272928,0.275858,1.12719,-0.313154,-0.529858,0.0529403,-0.582832,0.513391,1.22895,1.90455,0.0957316,0.0593786,-1.07192,-0.696256,-1.22685,-4.27995,0.123451,-4.37059,-0.0232058,6.01782,0.91544,0.00452217,-0.257108,
827,-0.000659577,-0.252526,-0.343424,-0.279697,-0.108078,0,-0.0381919,0.000802461,0.572092,0.961366,-0.00584075,-0.126824,0.244247,0.00791647,1.08861,-0.560291,-0.530802,0.365604,-0.532842,0.512372,1.2094,1.8381,0.219272,-0.525256,-0.934438,-0.549865,-1.45843,-6.40437,-1.65029,-2.13271,-0.0158528,6.49755,1.08668,-0.0381184,-0.520987,
828,0.0554339,-0.372743,0.0270068,-0.156291,-0.0906469,0,-0.232695,-0.0326768,0.538186,0.967213,-0.0156693,-0.133369,0.215562,-0.367091,0.956315,-0.543082,-0.530571,0.554697,-0.518124,0.509879,1.13765,2.12415,0.30959,-0.663294,0.654957,1.07321,0.0847426,-8.60086,-3.62912,0.6362,0.0697774,-0.300646,-0.142185,-0.0788175,-2.3425,
829,0.0682312,-0.337148,0.111482,-0.011161,-0.0272904,0,-0.330312,-0.0402799,0.496159,0.971916,-0.00166507,-0.0962001,0.214759,-0.577022,0.750088,-0.526262,-0.526405,0.496998,-0.531081,0.51652,0.955016,2.36801,0.049085,-1.07696,0.775773,1.44866,-0.57169,0.982236,-4.60448,0.10807,0.0862847,-1.96354,-0.376965,0.348558,-4.93943,
830,0.0855789,-0.236512,0.234969,0.048167,0.0956489,0,-0.288083,-0.0247236,0.430046,0.976631,0.00833806,-0.0540633,0.207846,-0.507444,0.52335,-0.523991,-0.523045,0.341477,-0.556777,0.52755,0.652333,2.64198,0.141825,-1.34796,-0.451587,1.9564,0.444894,1.74807,-3.76317,0.0113235,0.00618282,-4.17835,-0.62527,-0.0745772,-7.14139,
831,0.0889484,-0.0655039,0.325838,0.110267,0.158317,0,-0.223326,-0.0180508,0.387026,0.970912,-0.00922682,0.0134164,0.238881,-0.381054,0.50879,-0.50772,-0.523281,0.0929174,-0.587265,0.524595,0.470341,3.04899,0.287013,-0.693722,0.512227,2.05429,1.43715,3.29092,0.583345,0.662676,-0.0103743,-5.85066,-0.640551,-0.0280825,1.01028,
832,0.0112824,0.158657,0.346846,0.158833,0.0970736,0,-0.113174,-0.00869278,0.408128,0.965186,-0.0115638,-0.00814236,0.261181,-0.169372,0.551199,-0.446733,-0.523418,-0.226648,-0.612616,0.524049,0.518362,3.00334,-0.744719,1.23639,-0.122346,-0.197325,0.980225,5.17831,1.13203,1.76222,0.00313434,-6.87226,-0.390018,-0.00196565,0.712175,
833,0.00485113,0.377433,0.133354,0.0913285,-0.00138961,0,0.0548625,0.00866897,0.458852,0.960005,-0.0117946,-0.0162061,0.279263,0.146565,0.635227,-0.342738,-0.523552,-0.562429,-0.632822,0.523781,0.582232,2.90279,-0.574321,0.774704,0.165528,-0.383345,-0.0341682,7.45163,2.22112,2.41015,-0.00839683,-2.72125,-0.418922,-0.00276494,1.82918,
834,-0.00391003,0.365401,-0.0736017,-0.00913264,-0.147878,0,0.255547,0.0378455,0.486034,0.962808,0.000698184,-0.0264706,0.268886,0.534999,0.760063,-0.22458,-0.524078,-0.542657,-0.651539,0.523664,0.740544,2.72674,-0.365639,0.318607,0.478623,-0.637086,-0.296459,6.66216,2.76567,2.29804,-0.0108669,1.09945,-0.330832,-0.00584413,4.48225,
835,-0.0356908,0.305638,-0.14384,-0.129041,-0.31308,0,0.259878,0.0458865,0.507605,0.960942,0.0164709,-0.0331579,0.274261,0.552984,0.891781,-0.140207,-0.525103,-0.447218,-0.658551,0.521093,1.02237,1.92192,-0.050239,1.43999,-0.148592,-1.55707,-0.209227,-1.1498,2.47494,1.13128,-0.0227853,2.54826,0.159926,-0.0386218,6.57072,
836,-0.0328658,0.192545,-0.240388,-0.180309,-0.40402,0,0.213989,0.0433033,0.568251,0.958642,0.0213961,-0.08101,0.272003,0.47056,0.988914,-0.141784,-0.525944,-0.276181,-0.642192,0.512665,1.27841,1.73231,-0.126959,0.869811,-0.210416,-1.47616,-0.0264771,-2.14494,1.4173,-1.17583,-0.0222369,4.28922,0.484428,-0.295293,-0.232749,
837,-0.026837,0.0200569,-0.312485,-0.227283,-0.309883,0,0.134157,0.0306936,0.596377,0.954286,0.0243154,-0.115122,0.274763,0.321711,1.02494,-0.272643,-0.527078,-0.0284138,-0.610655,0.49217,1.23747,1.55821,-0.246129,0.257235,-0.301397,-1.3029,0.384989,-3.79476,0.0349779,-4.03526,-0.0218398,5.60988,0.775777,-0.522889,-0.545797,
838,-0.0224558,-0.187872,-0.348787,-0.262115,-0.133592,0,0.0046818,0.00727365,0.593249,0.946148,0.0224716,-0.147125,0.287493,0.0793173,0.984855,-0.526063,-0.528095,0.269314,-0.56712,0.461625,1.21439,1.4194,-0.310247,-0.377478,-0.377119,-1.17722,0.675873,-5.87791,-1.62464,-4.99707,-0.0187432,6.29799,0.965675,-0.695617,-0.378451,
839,-0.0190609,-0.376872,-0.12475,-0.193771,-0.0990452,0,-0.178419,-0.021552,0.561785,0.940272,0.0234346,-0.176344,0.290246,-0.26998,0.857439,-0.545047,-0.529099,0.561501,-0.520778,0.423828,1.16152,1.68745,-0.0635441,-0.849022,-0.336371,-1.08006,0.858554,-8.09882,-3.46112,0.632195,-0.0166936,2.19458,0.419167,-0.833478,-1.72151,
840,0.0241833,-0.360457,0.0803014,-0.0169974,-0.0483352,0,-0.334043,-0.0359595,0.519129,0.933233,0.0488501,-0.17727,0.308651,-0.591705,0.652944,-0.527387,-0.525763,0.534592,-0.521797,0.379463,1.00802,1.95478,-0.0380333,-0.928355,1.9348,0.173312,-0.236956,-0.089752,-4.71006,0.140167,0.118796,-1.45416,-0.158493,-0.917278,-4.39345,
841,0.0947728,-0.280964,0.220414,0.050859,0.0647303,0,-0.298959,-0.0241227,0.491462,0.934494,0.042237,-0.150293,0.31992,-0.531922,0.487127,-0.524243,-0.522686,0.408976,-0.535519,0.338262,0.728225,1.99709,0.898351,0.106929,-0.168343,2.22466,1.16359,1.54791,0.199287,0.0172322,-0.0125979,-3.4652,-0.33285,-0.751337,-6.78535,
842,0.0703258,-0.132506,0.322958,0.119179,0.163716,0,-0.242184,-0.0202762,0.495249,0.930165,0.0205398,-0.0993435,0.352848,-0.416715,0.522621,-0.5129,-0.523381,0.188802,-0.555186,0.318202,0.465649,2.25444,0.982232,-0.0858315,-0.376181,1.51252,1.32773,3.0585,0.9154,0.46191,-0.00761959,-5.38906,-0.472137,-0.0466681,0.243313,
843,0.0758707,0.0830518,0.396494,0.182106,0.110871,0,-0.135641,-0.0114422,0.479936,0.922716,-0.00166002,-0.0708264,0.378914,-0.208605,0.589093,-0.460428,-0.523578,-0.117912,-0.581747,0.328961,0.507667,2.38744,1.04628,-0.4687,0.635635,1.67344,0.826407,5.24524,1.73957,1.62022,0.00170877,-6.85613,-0.58507,0.472053,0.558927,
844,0.0671018,0.324139,0.424273,0.225752,0.0245611,0,0.0373978,0.00787106,0.44432,0.918212,-0.00659591,-0.0272822,0.395092,0.119549,0.707091,-0.361019,-0.523576,-0.47631,-0.611931,0.365997,0.550166,2.6741,1.08679,-0.779193,0.0942347,1.4187,0.520681,7.80624,2.93558,2.3538,-0.000746204,-7.42708,-0.592519,1.00912,1.14599,
845,0.0271654,0.379228,-0.0306617,0.0223806,-0.109324,0,0.264654,0.0454576,0.469916,0.936609,0.0360316,-0.000210633,0.34852,0.560915,0.870941,-0.237107,-0.525478,-0.565395,-0.619568,0.430781,0.666625,3.01661,1.05764,0.61041,2.7028,0.259842,-2.76626,8.1897,3.9226,2.53253,-0.0518282,1.1609,-0.0152592,1.51692,3.46715,
846,-0.0406277,0.315322,-0.138018,-0.138829,-0.271459,0,0.260253,0.056154,0.522443,0.950848,0.0691864,-0.00757143,0.301736,0.566241,1.06615,-0.135284,-0.527221,-0.462399,-0.609017,0.510793,0.903682,2.04341,0.825008,1.2744,-0.0284737,-1.70208,-1.62676,-1.67344,3.8859,1.57836,-0.019117,2.9516,0.438871,1.69925,5.96139,
847,-0.0222937,0.190668,-0.223617,-0.194965,-0.414629,0,0.19906,0.0525528,0.578674,0.961993,0.0747371,-0.0446395,0.258826,0.459214,1.23016,-0.107112,-0.528141,-0.273422,-0.576296,0.532206,1.25076,1.88497,0.965467,0.887339,-0.437976,-1.17258,-1.83437,-2.60121,2.23766,-0.435008,-0.0211273,4.60913,0.856762,-0.275543,6.42019,
848,0.00576017,0.00873409,-0.29007,-0.246123,-0.35953,0,0.109945,0.0331946,0.605155,0.97247,0.0709028,-0.0568618,0.214573,0.290942,1.22575,-0.203763,-0.529433,-0.0123719,-0.525249,0.514694,1.25676,1.61273,0.863096,0.23705,-0.363477,-0.362953,-1.56497,-4.11317,-1.04171,-3.40669,-0.0249769,5.81627,1.18859,-0.426307,-1.07718,
849,0.0207528,-0.202631,-0.315936,-0.282614,-0.191398,0,-0.0239344,0.00389974,0.60439,0.979421,0.0621417,-0.0599464,0.182428,0.0370821,1.12942,-0.435598,-0.53048,0.291049,-0.51832,0.494776,1.20562,1.41098,0.853037,-0.278008,-0.464252,0.0693982,-0.989212,-6.02379,-2.79726,-5.84639,-0.016103,6.31728,-0.15245,-0.372278,-0.969001,
850,0.0216874,-0.378968,-0.0357842,-0.197896,-0.0789277,0,-0.204389,-0.0274617,0.578665,0.985402,0.0552195,-0.0558701,0.151034,-0.313553,0.940819,-0.550304,-0.531182,0.564966,-0.524711,0.480421,1.12122,1.78616,1.14682,-0.746293,-0.294658,0.0957203,-0.825778,-7.99321,-4.73227,0.556546,-0.0110654,1.30403,-0.106232,-0.21637,-2.3894,
851,0.031945,-0.355818,0.122793,-0.0394414,-0.0172108,0,-0.334908,-0.0370929,0.528117,0.988708,0.0466088,-0.0506996,0.133093,-0.592045,0.673156,-0.5291,-0.531637,0.527054,-0.53499,0.473837,0.935354,2.10019,0.972151,-1.2934,-0.526731,0.391942,-1.29964,0.511013,-5.95921,0.203277,-0.00549403,-1.63077,-0.305008,-0.0281903,-5.02502,
852,0.0305604,-0.267434,0.239067,0.0233772,0.105745,0,-0.292854,-0.0226344,0.455101,0.992937,0.0214426,-0.0413102,0.10913,-0.5211,0.466556,-0.522676,-0.531532,0.388252,-0.555477,0.478039,0.625378,2.50505,0.840581,-1.45728,-2.26457,0.351992,-0.000593488,1.85406,0.526082,0.0411297,0.0206646,-3.84923,-0.476715,0.178919,-7.3431,
853,0.114443,-0.105422,0.326592,0.085305,0.146875,0,-0.227443,-0.0187675,0.395181,0.99213,-0.0132085,-0.0150413,0.123605,-0.388284,0.519145,-0.500118,-0.524398,0.149885,-0.580494,0.490958,0.485909,2.85464,0.70504,-0.737572,0.215973,2.79776,1.31578,3.44001,1.14969,0.816109,0.322752,-5.62256,-0.485591,0.338335,0.830473,
854,-0.0177762,0.111197,0.339882,0.134136,0.0876774,0,-0.11646,-0.00939259,0.412064,0.989999,-0.00839956,-0.0077159,0.140611,-0.173268,0.582184,-0.43218,-0.522253,-0.158161,-0.597034,0.527345,0.516763,2.825,-0.746666,0.990671,-0.623951,-1.03607,0.495257,5.24177,1.42519,1.86721,-0.040233,-6.7329,-0.22842,0.446475,0.279201,
855,0.0110551,0.343743,0.363639,0.171081,-0.000763409,0,0.0520631,0.00908147,0.452476,0.987618,-0.0211782,-0.0357352,0.151276,0.144318,0.675815,-0.325028,-0.524142,-0.507565,-0.609102,0.525871,0.550802,2.88151,-0.737377,0.774308,-0.878207,-0.204617,0.463265,7.4395,2.302,2.40478,-0.014755,-7.21,-0.212786,-0.163238,1.06701,
856,0.0104315,0.371356,-0.072072,-0.0227031,-0.131057,0,0.271239,0.0432916,0.492519,0.991872,-0.00481353,-0.0455499,0.118707,0.570022,0.816138,-0.204804,-0.524417,-0.552417,-0.614105,0.52174,0.665544,2.68095,-0.514789,0.849477,1.14772,-0.222917,-1.9745,7.72564,3.28735,2.36296,-0.0197028,0.985342,0.0359177,-0.0304104,3.50203,
857,0.0183268,0.311362,-0.174476,-0.177141,-0.284727,0,0.263433,0.0511808,0.521814,0.994493,0.0251948,-0.0423573,0.0924961,0.565782,0.972339,-0.114876,-0.525542,-0.456178,-0.604606,0.520731,0.904085,2.34219,-0.46659,0.343161,1.13432,0.00419392,-0.9907,-1.84503,2.96196,1.27227,-0.021777,2.8655,0.345532,0.0105705,6.02326,
858,-0.0487837,0.191065,-0.221888,-0.225113,-0.415588,0,0.196796,0.0448441,0.550331,0.99505,0.032835,-0.0669959,0.0656465,0.444415,1.0844,-0.103676,-0.525869,-0.274005,-0.575237,0.525181,1.24777,2.25803,0.386385,1.37346,-1.62849,-1.93692,-1.77022,-2.98763,1.53257,-0.776387,0.00574886,4.23997,0.918989,0.0565452,6.13843,
859,-0.023375,0.0221416,-0.283816,-0.274977,-0.350673,0,0.0961682,0.0267998,0.600075,0.99453,0.00125654,-0.102401,0.0205815,0.257581,1.11764,-0.217123,-0.525832,-0.0313681,-0.522577,0.518675,1.25475,1.99971,0.440792,0.669548,-1.46521,-1.20153,-1.4483,-4.46981,-0.188402,-3.73773,0.00206191,5.44939,0.978203,-0.310191,-1.01206,
860,-0.0107302,-0.175844,-0.302886,-0.308454,-0.174075,0,-0.0481026,-0.00123671,0.618396,0.991163,-0.033914,-0.127631,-0.012461,-0.0125571,1.05769,-0.463467,-0.525513,0.251694,-0.519245,0.499041,1.20923,1.85847,0.526176,0.0463848,-1.56143,-0.835645,-0.878016,-6.3189,-2.19297,-6.09612,0.0111487,5.87036,-0.129369,-0.475095,-0.81001,
861,-0.00287392,-0.357686,-0.219038,-0.301639,-0.0838837,0,-0.234462,-0.0312044,0.607015,0.985735,-0.0651756,-0.146764,-0.0503866,-0.375006,0.89392,-0.552743,-0.524939,0.530086,-0.525588,0.474061,1.13744,2.25583,0.712938,-0.492165,-1.3634,-0.608001,-1.39048,-8.1706,-4.34446,0.716661,0.0111216,4.37659,-0.126172,-0.530745,-2.05057,
862,0.0847987,-0.36185,0.0758236,-0.0772003,-0.0338054,0,-0.328514,-0.0339252,0.585859,0.986339,-0.0688705,-0.13274,-0.0690782,-0.582224,0.626007,-0.5266,-0.52298,0.536861,-0.53737,0.447104,0.9714,2.30505,0.0969897,-0.364093,0.919766,1.93375,-0.544985,1.10064,-6.35137,0.276385,0.00786642,-1.29546,-0.342829,-0.533262,-4.57561,
863,0.0603599,-0.284191,0.199197,-0.0187165,0.0800934,0,-0.288492,-0.022589,0.556525,0.991646,-0.0362148,-0.0953968,-0.0789119,-0.511801,0.474079,-0.51911,-0.523437,0.413943,-0.560142,0.436355,0.682105,2.38791,-0.017143,-0.806718,1.43557,1.22319,-0.328219,1.65031,1.00434,0.0253028,-0.0120433,-3.60268,-0.564588,0.0974775,-6.97542,
864,0.0266101,-0.130334,0.294533,0.0405022,0.155465,0,-0.231163,-0.0192946,0.504748,0.993495,-0.00255905,-0.0765945,-0.0842251,-0.395117,0.524499,-0.503219,-0.523726,0.185671,-0.591813,0.452166,0.469828,2.494,-0.196464,-1.23096,0.885736,0.245535,-0.272293,3.00837,0.927813,0.60594,0.00422855,-5.5154,-0.700227,0.530647,0.794007,
865,0.0951544,0.0833325,0.34777,0.0940015,0.100621,0,-0.12824,-0.0104923,0.453874,0.996293,-0.0378321,-0.0442372,-0.0633453,-0.195714,0.575769,-0.447596,-0.523409,-0.118312,-0.624597,0.481822,0.511133,2.86825,-0.42993,-0.940513,-0.223116,2.23506,0.905744,4.96375,1.14729,1.62107,0.00274978,-6.70787,-0.666257,0.671568,0.448385,
866,0.0208045,0.315104,0.313995,0.118156,0.0160642,0,0.0292864,0.00598877,0.435839,0.998005,-0.016598,-0.00506458,-0.0606963,0.100022,0.643027,-0.348142,-0.523448,-0.462056,-0.652429,0.529697,0.549031,3.00235,-1.93732,0.945942,0.474735,0.077925,-0.766822,6.67666,1.39529,2.35979,-0.00298585,-6.90954,-0.299259,0.503003,1.0977,
867,0.00262824,0.374059,-0.101064,-0.049881,-0.112689,0,0.229782,0.0328982,0.472178,0.994618,0.00509249,-0.0137828,-0.102566,0.48267,0.732249,-0.228447,-0.52384,-0.556862,-0.665469,0.52746,0.66026,3.00307,-1.60916,0.497645,1.02806,-0.447879,-2.17656,8.6272,2.17337,2.41282,-0.00902555,0.868716,-0.228596,-0.123601,3.33237,
868,-0.0459451,0.322593,-0.1679,-0.197405,-0.268098,0,0.261394,0.0425393,0.49809,0.990625,0.0154289,-0.0235074,-0.133682,0.551462,0.828929,-0.133025,-0.524271,-0.473864,-0.668692,0.521814,0.891076,2.28164,-0.976488,0.789756,-0.420716,-1.8531,-0.735898,-0.938278,1.70728,1.43277,0.00628425,2.4484,0.0848087,-0.050679,5.89668,
869,-0.0339715,0.21694,-0.241738,-0.24987,-0.406366,0,0.220535,0.0387353,0.547062,0.985899,-0.0179688,-0.0613526,-0.154651,0.475088,0.876054,-0.111249,-0.524025,-0.31225,-0.65252,0.514557,1.23365,2.26927,-0.538748,0.808615,-1.35129,-1.50624,-0.782242,-2.10883,0.189355,-0.552439,0.0036512,4.07523,0.495462,-0.292756,6.42519,
870,-0.00603732,0.0517353,-0.310055,-0.300285,-0.352674,0,0.14444,0.0256037,0.568849,0.98057,-0.0496762,-0.0794788,-0.172333,0.327663,0.839363,-0.212172,-0.52418,-0.0733471,-0.621606,0.493975,1.25192,2.00119,-0.415458,0.116049,-1.16856,-0.698671,-0.449571,-3.77076,-1.64137,-3.46099,-0.00346619,5.46352,0.743486,-0.529622,-0.901867,
871,0.0433473,-0.153367,-0.347191,-0.337576,-0.189921,0,0.0196647,0.00568487,0.56138,0.978613,-0.0735974,-0.080885,-0.174235,0.0867088,0.704114,-0.444573,-0.523596,0.218967,-0.580713,0.466676,1.21706,1.73625,-0.390819,-0.338805,-0.334929,0.730001,0.648903,-5.85789,-3.75233,-5.79326,0.0367567,6.21882,0.892287,-0.566088,-0.501137,
872,0.0556956,-0.355305,-0.288172,-0.333726,-0.0943437,0,-0.159815,-0.0119155,0.534832,0.981811,-0.0718357,-0.0552572,-0.166833,-0.261151,0.490028,-0.553563,-0.523417,0.526222,-0.535618,0.447031,1.16439,1.95483,-0.39504,-0.60408,0.63734,1.08795,0.544414,-8.04923,-1.30507,0.667546,-0.00429313,5.0477,0.916933,-0.232634,-1.59412,
873,0.0552557,-0.36498,0.0297771,-0.109064,-0.0525526,0,-0.332384,-0.0283063,0.496523,0.98806,-0.0535084,-0.0357871,-0.13998,-0.59869,0.507899,-0.529573,-0.523552,0.541969,-0.519274,0.445281,1.02197,2.13111,-0.879892,-0.907274,0.817979,1.07506,0.514444,-0.0806652,0.493114,0.226662,-0.000602153,-1.04177,-0.10146,0.189489,-4.09171,
874,0.0650699,-0.295245,0.155031,-0.0349543,0.0536965,0,-0.302379,-0.0260108,0.438119,0.991231,-0.0297392,-0.00792154,-0.12851,-0.536412,0.520876,-0.524492,-0.523597,0.431035,-0.529507,0.464638,0.755496,2.18537,-1.0305,-1.43962,0.838733,1.3597,0.623459,1.47352,0.0969785,0.0315707,-0.00114699,-3.3805,-0.305704,0.576173,-6.54744,
875,-0.000780341,-0.148181,0.248312,0.0242534,0.16145,0,-0.252874,-0.0213132,0.365645,0.993865,0.00294477,-0.00380305,-0.110493,-0.437616,0.523122,-0.513047,-0.523534,0.211451,-0.548303,0.50452,0.471541,1.81945,-1.36705,-0.742269,0.153819,-0.546088,1.20309,2.41907,0.010743,0.405683,0.00702041,-5.30808,-0.330493,1.01556,-0.337759,
876,0.02981,0.0588538,0.303657,0.0795773,0.114687,0,-0.171995,-0.0137767,0.380952,0.99758,0.00211529,0.00291802,-0.0694302,-0.281639,0.525365,-0.465555,-0.523408,-0.0834612,-0.557055,0.529662,0.506955,1.9896,-1.81436,0.3377,-0.422637,0.338407,1.81746,3.91953,0.11381,1.51018,-0.00469055,-6.63467,-0.194885,-0.107352,0.569561,
877,0.0144933,0.299425,0.3419,0.127496,0.0326958,0,-0.0415479,-0.00189274,0.391089,0.999331,-0.00780734,-0.00199437,-0.0356709,-0.0373822,0.543758,-0.370227,-0.523556,-0.43753,-0.567994,0.524971,0.545976,2.09805,-2.01418,0.108171,-0.788784,-0.104644,1.20039,5.85829,0.625621,2.28233,-0.0012645,-7.51072,-0.224417,-0.0481027,0.981721,
878,-0.0187986,0.379369,-0.110993,-0.0507595,-0.0926233,0,0.141737,0.0168466,0.413349,0.99893,-0.0036961,-0.0107529,-0.0448247,0.304929,0.593382,-0.250403,-0.523634,-0.565628,-0.574005,0.523891,0.648165,1.90222,-1.67307,0.606391,-0.158741,-1.06701,-1.11131,7.91161,1.41776,2.4823,0.00275348,1.01024,-0.0681224,-0.00629009,3.07967,
879,-0.0251673,0.33553,-0.133844,-0.162681,-0.249697,0,0.278769,0.034837,0.448764,0.997138,-0.0187559,-0.0314255,-0.0661474,0.573276,0.65288,-0.14641,-0.523714,-0.494415,-0.570945,0.52256,0.865853,1.63416,-0.981598,0.773672,-0.84601,-1.25125,0.076439,-0.141822,0.976521,1.66573,-0.00133045,1.82523,0.168787,-0.0500306,5.58929,
880,-0.0298291,0.245821,-0.229403,-0.220349,-0.39213,0,0.251255,0.0325425,0.505563,0.995204,-0.0160759,-0.0700477,-0.0663684,0.520244,0.672014,-0.109696,-0.522737,-0.355478,-0.555444,0.513391,1.18995,1.51138,-0.791591,1.18166,0.296741,-1.3851,-0.309382,-1.55586,-0.221925,-0.183552,-0.019846,3.69577,0.455836,-0.284352,7.46531,
881,-0.00733443,0.0912881,-0.311299,-0.273699,-0.364883,0,0.192115,0.0232402,0.548697,0.992862,-0.0101893,-0.0956755,-0.0704869,0.402181,0.620694,-0.189978,-0.524115,-0.129668,-0.527444,0.494056,1.24842,1.20274,-0.704456,0.550554,0.255452,-0.736097,-0.0406125,-3.15166,-1.81788,-3.00517,-0.0295728,5.31993,0.664829,-0.48825,-0.725329,
882,-0.00331247,-0.115513,-0.364581,-0.318071,-0.221293,0,0.0844319,0.00894065,0.562219,0.991777,-0.00880779,-0.110277,-0.0643371,0.191571,0.501223,-0.403192,-0.525515,0.164354,-0.519336,0.468761,1.22661,0.972992,-0.632269,0.0151433,0.218122,-0.621252,0.508736,-5.25504,-0.738375,-5.5016,-0.0277005,6.43274,-0.113905,-0.525877,-0.181466,
883,-0.0114849,-0.33512,-0.375734,-0.346491,-0.0971507,0,-0.0907924,-0.00623944,0.550503,0.99011,-0.00220864,-0.129052,-0.0549854,-0.130501,0.513472,-0.56858,-0.526889,0.49376,-0.52295,0.442504,1.19662,1.14747,-0.48924,-0.474095,0.446636,-0.858838,-0.12313,-7.59836,0.309615,0.703163,-0.0278996,6.7459,-0.0290463,-0.520458,-1.01043,
884,-0.0129422,-0.367352,0.0239,-0.182813,-0.0761568,0,-0.319142,-0.027681,0.51691,0.987807,0.00417779,-0.152788,-0.0296062,-0.570499,0.521216,-0.53365,-0.528043,0.54585,-0.525486,0.413913,1.08633,1.51809,-0.606227,-0.896537,0.485427,-0.902116,1.14408,-8.03968,0.0550552,0.382192,-0.0211629,-0.777953,-0.0719897,-0.603769,-3.38711,
885,0.0762801,-0.309999,0.142838,-0.0273117,0.0133358,0,-0.318157,-0.0276587,0.481236,0.987881,-0.0133422,-0.152512,-0.0255462,-0.568373,0.522743,-0.524785,-0.527358,0.454041,-0.533745,0.38328,0.853986,1.99324,-0.372133,-0.128293,-0.476659,1.68156,0.625336,1.7568,0.0119262,0.0427977,0.179261,-2.77572,-0.181506,-0.665489,-5.89652,
886,0.0935736,-0.184232,0.25277,0.0353916,0.152117,0,-0.262806,-0.0222728,0.473668,0.995122,-0.0109863,-0.0977712,-0.00726111,-0.457161,0.523308,-0.521649,-0.521749,0.263973,-0.546181,0.364151,0.50927,2.21119,-0.447822,-0.356652,0.148361,2.19063,0.871185,2.68944,0.00528999,0.10575,-0.036939,-4.85811,-0.339756,-0.100075,-6.43984,
887,0.0831726,0.0138639,0.330084,0.0950411,0.136546,0,-0.171304,-0.0138265,0.452023,0.998107,-0.0171058,-0.0572961,0.0144132,-0.279968,0.53041,-0.489018,-0.52325,-0.019639,-0.566273,0.376128,0.492725,2.48102,-0.573558,-0.478581,-0.260474,1.88615,1.15681,4.37596,0.266044,1.17753,-0.0138355,-6.43584,-0.447473,0.568786,0.929298,
888,0.0838172,0.251726,0.373958,0.14405,0.0601992,0,-0.0253737,-0.000333808,0.415993,0.999131,-0.0188743,-0.00910578,0.0360261,-0.00639273,0.560776,-0.406511,-0.523711,-0.364393,-0.590386,0.419324,0.540415,2.59462,-0.609509,-0.983279,0.110227,1.90445,0.672413,6.5496,0.941448,2.11648,0.00189446,-7.34817,-0.5168,1.15399,0.979458,
889,-0.0270192,0.381761,-0.0734505,-0.0275346,-0.060932,0,0.172616,0.0210274,0.420077,0.999991,0.00120123,-0.00274511,0.00294967,0.364966,0.618839,-0.288956,-0.523773,-0.569591,-0.602055,0.494535,0.635967,2.54591,-1.11256,0.861316,0.0834739,-1.30486,-2.74118,8.48767,1.52529,2.55545,0.00345564,0.662344,-0.0614993,1.84354,2.79899,
890,-0.0418785,0.341806,-0.126819,-0.168536,-0.220475,0,0.277169,0.036656,0.458964,0.998461,-0.00453604,-0.027505,-0.0479389,0.572596,0.687815,-0.176618,-0.523712,-0.504457,-0.599131,0.536824,0.841857,2.16589,-0.678671,0.734017,-0.352555,-1.73478,-0.801704,-0.869605,1.25151,1.93453,0.00548468,1.87424,0.157285,-0.269436,5.40184,
891,-0.0290744,0.254115,-0.209498,-0.221698,-0.375691,0,0.241915,0.03377,0.507107,0.995519,-0.0313539,-0.061192,-0.064923,0.505268,0.71805,-0.122067,-0.523671,-0.368008,-0.579428,0.517592,1.16409,2.09694,-0.212925,0.738825,-1.15569,-1.36421,-0.591471,-1.78027,-0.0326127,0.259282,0.00157402,3.66018,0.530342,-0.527887,7.53815,
892,0.0494939,0.102856,-0.293044,-0.271306,-0.379708,0,0.177757,0.0238362,0.53081,0.995476,-0.0396582,-0.0567358,-0.0650769,0.378813,0.675888,-0.174825,-0.52345,-0.146209,-0.548053,0.486014,1.26456,1.73863,-0.288365,0.202965,-0.0309436,0.908181,0.351881,-3.25071,-1.64374,-2.38564,-0.00291132,5.20444,0.732512,-0.727303,-1.10968,
893,0.0434618,-0.0983757,-0.339378,-0.311465,-0.250173,0,0.0692295,0.00846997,0.536598,0.996692,-0.0496775,-0.0367185,-0.052818,0.166659,0.545813,-0.360523,-0.523559,0.139798,-0.51746,0.459726,1.22871,1.21623,-0.105611,-0.000814861,-0.772741,0.733354,0.760302,-5.2183,-3.54497,-5.02166,-0.001146,6.22708,0.021144,-0.328868,-0.305576,
894,0.0169377,-0.311522,-0.343088,-0.335047,-0.102661,0,-0.100411,-0.00694775,0.532458,0.996639,-0.0681512,-0.0280117,-0.0358065,-0.149339,0.49964,-0.561329,-0.523607,0.456429,-0.52175,0.451743,1.19787,1.16922,0.138195,-0.2825,-0.610819,-0.0340316,0.226381,-7.38675,0.622136,0.0153952,-0.00153322,6.4436,-0.0691497,0.00926627,-0.949596,
895,0.0423897,-0.376545,0.0500818,-0.131086,-0.0789342,0,-0.308054,-0.0264579,0.511138,0.997359,-0.0667215,-0.0211292,-0.0194226,-0.548084,0.51855,-0.534493,-0.523349,0.560961,-0.525898,0.454551,1.09453,1.62333,-0.111261,-0.502669,0.80742,0.702523,0.594468,-3.84805,0.158656,0.405008,-0.00294962,-0.956653,-0.101096,0.118723,-3.16945,
896,0.0293519,-0.313482,0.168972,-0.026136,0.00491593,0,-0.306521,-0.0264953,0.492946,0.998147,-0.0570437,-0.0168476,-0.0128083,-0.544686,0.522522,-0.525042,-0.523508,0.459507,-0.536145,0.469189,0.874841,1.12176,-0.117076,-0.390864,0.526639,0.325057,0.540637,0.968357,0.0280897,0.0549793,-0.00211017,-3.10405,-0.300879,0.440789,-5.64794,
897,0.0380427,-0.176367,0.274387,0.0379397,0.138866,0,-0.267717,-0.0227461,0.460184,0.999054,-0.0431557,-0.0049545,0.00178585,-0.46687,0.523318,-0.521521,-0.523611,0.252458,-0.555667,0.49594,0.541882,1.22943,-0.258963,-0.925066,0.603924,0.576421,0.662373,2.13493,0.00547921,0.0856824,-0.00198473,-5.16168,-0.478193,0.627599,-7.65416,
898,0.0219068,0.0338485,0.35745,0.100789,0.138549,0,-0.188693,-0.0154758,0.410211,0.999672,-0.0190898,-0.000495707,0.0170893,-0.312955,0.531113,-0.491551,-0.523521,-0.0479637,-0.582744,0.528889,0.492049,1.38129,-0.317502,-1.18466,1.32964,0.109725,0.594331,4.00462,0.296549,1.09656,-0.00110943,-6.83921,-0.605557,0.186154,0.899646,
899,0.0195337,0.274471,0.339785,0.133398,0.0631046,0,-0.0588914,-0.00353842,0.412303,0.999314,-0.010479,0.000217503,0.0355283,-0.068636,0.553656,-0.412787,-0.523328,-0.399009,-0.603331,0.525942,0.543941,2.37303,-1.63512,1.04226,-0.162616,0.041302,0.731534,5.79984,0.633631,2.05105,-0.00277978,-7.24768,-0.263634,-0.0763454,1.16438,
900,0.0120697,0.385028,-0.0970905,-0.0350746,-0.0593916,0,0.126098,0.015689,0.452776,0.999322,-0.010182,-0.00143407,0.0353616,0.276764,0.608839,-0.300036,-0.523768,-0.575015,-0.616519,0.524016,0.650932,2.30488,-1.26107,0.569893,0.243584,-0.174916,-0.825794,8.00072,1.56669,2.45923,-0.0132571,0.999748,-0.266928,-0.0133775,3.09858,
901,-0.046827,0.340758,-0.13353,-0.142734,-0.222824,0,0.278088,0.0362424,0.476059,0.999486,-0.00859395,-0.0193468,0.0240571,0.573769,0.678657,-0.191328,-0.524181,-0.502776,-0.626469,0.523722,0.872692,1.75283,-0.928408,0.545453,-0.49556,-1.87855,0.424097,0.280255,1.23374,1.87412,0.0031617,1.85047,-0.129738,-0.00233393,5.74254,
902,-0.0128784,0.254122,-0.204726,-0.199654,-0.381379,0,0.252523,0.0348747,0.514057,0.996559,-0.0364038,-0.068138,0.0300337,0.525661,0.712791,-0.13948,-0.523532,-0.36802,-0.622192,0.517644,1.2096,1.59748,-0.269601,0.960354,-0.815983,-0.895762,-0.0106779,-1.50685,0.14841,0.224232,0.0581353,3.5385,0.288424,-0.241591,7.73174,
903,0.0406796,0.105197,-0.292776,-0.250724,-0.363333,0,0.195927,0.02634,0.546176,0.996696,-0.04132,-0.0605942,0.0349096,0.41397,0.683483,-0.196887,-0.523315,-0.149562,-0.602201,0.503303,1.25575,1.26593,-0.318047,0.357237,-0.111134,0.653046,0.38576,-2.93781,-1.31189,-2.51595,-0.00902227,5.18195,0.518082,-0.328613,-0.976584,
904,0.053298,-0.0974291,-0.351567,-0.293837,-0.232791,0,0.0954591,0.0115943,0.55127,0.996867,-0.0475655,-0.039621,0.049235,0.217186,0.573338,-0.385906,-0.523687,0.138445,-0.571946,0.494595,1.22681,1.02213,-0.353805,-0.146729,-0.244379,1.01818,0.863751,-4.91646,-3.08025,-5.02482,-0.00507219,6.32905,0.692034,-0.0224785,-0.215339,
905,0.000207469,-0.316987,-0.360884,-0.322805,-0.0931004,0,-0.0666804,-0.00408002,0.546452,0.99549,-0.0600926,-0.0305102,0.066762,-0.0863154,0.507642,-0.578065,-0.523735,0.465019,-0.535704,0.503845,1.20273,0.492013,0.0293385,-0.0522869,-0.71218,-0.517738,0.108898,-7.18857,0.316041,0.462634,0.00174385,6.74178,0.757095,0.396518,-0.73378,
906,0.0139383,-0.373683,0.0525432,-0.175315,-0.0829301,0,-0.285823,-0.0243415,0.533345,0.992566,-0.0729658,-0.0410719,0.0883322,-0.503183,0.519622,-0.53736,-0.523507,0.556243,-0.518041,0.522364,1.10913,0.993008,0.104302,-0.373935,0.409622,-0.120639,0.90608,-9.45317,0.114775,0.508745,0.00160172,-0.8752,-0.112663,0.351522,-2.99893,
907,0.0387811,-0.315574,0.148774,-0.00912166,-0.0038217,0,-0.314953,-0.027331,0.509844,0.993724,-0.0538898,-0.0293239,0.0935358,-0.561842,0.522551,-0.523935,-0.523547,0.462795,-0.528026,0.524981,0.89416,1.18364,-0.337353,-0.694473,0.910933,0.597856,0.121885,1.27619,0.021308,0.0406849,-0.00199607,-2.86341,-0.285556,-0.0380193,-5.57509,
908,0.0468415,-0.185556,0.260086,0.0532023,0.130602,0,-0.270687,-0.0230342,0.461677,0.994531,-0.031862,-0.0090633,0.0990477,-0.472755,0.523352,-0.522755,-0.523646,0.265915,-0.546967,0.523948,0.564378,1.31037,-0.443506,-1.23972,1.0196,0.831147,0.348416,2.2792,0.00729134,0.0068304,-0.0019702,-4.99494,-0.470278,-0.00666819,-7.59983,
909,0.0239853,0.0191589,0.345706,0.114165,0.150382,0,-0.189464,-0.0156204,0.391417,0.994127,-0.0133179,-0.00289497,0.107355,-0.314224,0.53391,-0.498499,-0.523494,-0.0271413,-0.573921,0.52387,0.474477,1.46925,-0.4901,-1.52257,1.50557,0.169856,0.218467,4.04273,0.410334,0.956181,0.00201258,-6.70113,-0.601149,3.33315e-05,1.32933,
910,0.0106993,0.252007,0.339861,0.146341,0.0705152,0,-0.0630789,-0.00396171,0.404146,0.992445,-0.0127104,-0.0057876,0.121895,-0.0758297,0.561082,-0.424401,-0.523367,-0.364818,-0.590342,0.523806,0.545506,2.64547,-1.46218,0.608406,0.315512,-0.214127,0.335118,5.78644,0.868478,2.00768,-0.00186144,-7.14862,-0.286189,-0.00125393,1.46708,
911,0.0250673,0.382543,-0.0745478,-0.0135059,-0.0556466,0,0.121058,0.015771,0.424358,0.993565,-0.00286057,-0.00717699,0.112998,0.268874,0.629979,-0.312604,-0.523791,-0.570888,-0.604042,0.523728,0.663047,2.47372,-1.1236,0.215572,0.469172,0.200848,-1.33836,7.98951,1.87834,2.46914,-0.0157146,0.675561,-0.255942,-0.00111973,3.21647,
912,-0.0232236,0.348932,-0.0903188,-0.118777,-0.219937,0,0.273946,0.0380361,0.467212,0.994427,-0.0121007,-0.0354461,0.0985521,0.568422,0.718977,-0.202952,-0.524286,-0.515917,-0.606715,0.523881,0.884964,1.79805,-0.270774,0.941827,-0.712179,-1.19561,0.349947,0.419768,1.68245,1.90841,-0.0128075,1.45412,0.0686238,-0.00321229,5.69373,
913,-0.0360744,0.272277,-0.194128,-0.177825,-0.380636,0,0.251685,0.0383634,0.505314,0.990875,-0.0247047,-0.0708229,0.111982,0.528806,0.779497,-0.14979,-0.523505,-0.39565,-0.596313,0.519071,1.22491,1.67715,-0.255493,0.97791,0.519018,-1.56657,0.551562,-1.2082,0.764845,0.2514,0.200317,3.35029,0.347844,-0.216654,6.41954,
914,-0.00141028,0.130817,-0.283198,-0.226712,-0.355215,0,0.202553,0.0316728,0.539783,0.987695,-0.00346206,-0.0885316,0.128878,0.433887,0.784215,-0.206573,-0.522751,-0.186366,-0.57261,0.501919,1.24951,1.33803,-0.311754,0.39978,0.789525,-0.563511,0.740506,-2.57154,-0.566993,-2.50356,-0.0288913,4.99975,0.604739,-0.468209,-0.810052,
915,0.00839792,-0.0662398,-0.346514,-0.269293,-0.227728,0,0.111217,0.0170805,0.545794,0.983259,0.0122945,-0.0969178,0.153808,0.256628,0.714855,-0.393495,-0.524154,0.0939643,-0.537154,0.478745,1.22667,1.11472,-0.393045,-0.162549,0.561102,-0.281434,1.16554,-4.50237,-2.19463,-4.95377,-0.0267822,6.20384,0.812571,-0.459006,-0.181166,
916,0.0183472,-0.286159,-0.368608,-0.299059,-0.111779,0,-0.0356434,-0.00132406,0.524953,0.97845,0.0217651,-0.0980695,0.180398,-0.0254733,0.558217,-0.552654,-0.525416,0.416978,-0.517231,0.457998,1.20559,1.13731,-0.284282,-0.651048,0.404868,0.0049109,0.689753,-6.7519,-4.05571,0.285529,-0.0245443,6.71792,-0.126847,-0.369235,-0.656713,
917,-0.00333891,-0.383871,0.0500166,-0.145289,-0.0923779,0,-0.244213,-0.0196691,0.482958,0.969918,0.0346062,-0.104906,0.216924,-0.422285,0.500283,-0.53102,-0.526556,0.573092,-0.523732,0.442436,1.12151,1.4479,-0.20456,-1.0374,0.740527,-0.623057,2.2813,-9.10688,0.581857,0.259042,-0.0197356,-1.00975,-0.127692,-0.256247,-2.69057,
918,0.0832143,-0.327246,0.153642,0.0133644,-0.0137318,0,-0.321303,-0.0277832,0.442361,0.965033,0.0176885,-0.0928891,0.244479,-0.575087,0.518968,-0.524855,-0.525723,0.481232,-0.532988,0.430508,0.919747,1.52677,0.216829,-0.62025,0.245336,1.88489,0.302774,1.2683,0.163164,0.0407389,0.112431,-2.62975,-0.231461,-0.235681,-5.36686,
919,0.113171,-0.21047,0.266423,0.0770264,0.117663,0,-0.277812,-0.0239709,0.421912,0.961784,0.00512346,-0.0291213,0.272207,-0.486495,0.529261,-0.52386,-0.522512,0.302647,-0.546199,0.432876,0.59811,1.97276,0.390731,-0.606925,0.246946,2.76239,1.27798,2.28544,0.248193,0.00744528,-0.02523,-4.63092,-0.350288,0.34292,-7.48404,
920,-0.0348552,-0.0185106,0.336487,0.140605,0.146884,0,-0.197342,-0.0169361,0.386702,0.955084,-0.000867889,0.00316589,0.296317,-0.327755,0.55499,-0.501443,-0.523495,0.0262227,-0.567272,0.470572,0.488125,2.15585,-0.23644,-0.404402,0.344033,-1.53128,0.466293,3.9617,0.713993,0.885838,-0.0143967,-6.36794,-0.440345,1.17773,0.871363,
921,0.0327418,0.213515,0.369835,0.184723,0.0838874,0,-0.06807,-0.00463067,0.415697,0.945712,-0.00310906,-0.00660183,0.324924,-0.0815396,0.6099,-0.433237,-0.523009,-0.307163,-0.581887,0.521398,0.527809,2.95865,-0.328351,0.868502,0.256676,0.423624,1.3876,5.96199,1.54299,1.85675,-0.0107708,-7.0995,-0.265098,0.860859,0.701695,
922,0.0038801,0.39034,-0.000673753,0.0509516,-0.020707,0,0.121243,0.0184188,0.44904,0.938523,0.0117224,-0.00343057,0.345001,0.275536,0.717979,-0.326334,-0.523679,-0.58387,-0.595048,0.527153,0.601378,2.77264,-0.0577955,0.446726,1.08985,-0.411537,-0.247384,8.32538,2.77646,2.43134,-0.0191362,-0.0216239,-0.265949,-0.099448,2.22296,
923,-0.00476497,0.356481,-0.0707281,-0.0775306,-0.172787,0,0.280535,0.0474896,0.4678,0.940191,0.0379979,-0.00215667,0.338516,0.59184,0.862385,-0.211364,-0.524765,-0.52813,-0.603363,0.523493,0.780224,1.93495,0.288309,0.930966,0.0257561,-0.662482,0.0674674,0.00864353,3.00518,2.15833,-0.021802,1.42838,0.011865,0.0222376,4.81872,
924,-0.0457644,0.283535,-0.157599,-0.135895,-0.334742,0,0.245267,0.0492237,0.5269,0.939656,0.0345336,-0.0447132,0.337424,0.531706,0.995026,-0.136786,-0.525359,-0.412932,-0.591038,0.523685,1.07529,1.55499,0.628713,1.21531,-1.1215,-1.84895,-0.151499,-1.53596,2.30378,0.83806,-0.00807788,3.19367,0.45922,-0.0117784,7.00192,
925,-0.0206468,0.149056,-0.248613,-0.18554,-0.390695,0,0.1881,0.0430814,0.570631,0.93856,0.0237018,-0.0890104,0.332596,0.427678,1.08249,-0.156653,-0.52594,-0.212718,-0.559835,0.514703,1.26515,1.33641,0.490734,0.522527,-0.86275,-1.12275,-0.0540871,-2.61741,1.20299,-1.61305,-0.0167553,4.80412,0.785866,-0.344066,-0.701737,
926,-0.0151567,-0.0391211,-0.310658,-0.228448,-0.286241,0,0.0948091,0.0262091,0.581488,0.934895,0.0112941,-0.121299,0.333362,0.254302,1.10709,-0.306455,-0.52673,0.0554422,-0.516652,0.494029,1.23164,1.19033,0.337483,-0.0792422,-0.967845,-0.964819,0.366108,-4.30355,-0.208536,-4.35732,-0.0140393,5.9133,0.35766,-0.481458,-0.354037,
927,0.0255931,-0.249445,-0.333014,-0.256786,-0.111377,0,-0.0480418,-0.00124231,0.563736,0.927567,-0.00499355,-0.143938,0.344784,-0.0126478,1.05486,-0.554061,-0.526944,0.360947,-0.520082,0.467578,1.20698,1.13716,0.265048,-0.488106,0.104292,0.212903,0.531625,-6.35303,-1.86333,-2.22127,0.0397834,6.31499,-0.113802,-0.574999,-0.637456,
928,0.036763,-0.384968,0.0400196,-0.125359,-0.0885169,0,-0.239333,-0.0326693,0.532196,0.925335,0.0047017,-0.126394,0.357433,-0.382856,0.916726,-0.541694,-0.523515,0.574916,-0.525244,0.443952,1.1301,1.42026,0.564611,-0.762211,1.07619,0.53948,1.02667,-8.44628,-3.6485,0.579155,0.0713601,-0.384152,-0.0970655,-0.383077,-2.41727,
929,0.0421474,-0.341503,0.140546,0.0295052,-0.0215832,0,-0.331724,-0.0387794,0.483297,0.920792,0.0226226,-0.102842,0.375572,-0.582427,0.715415,-0.526595,-0.523258,0.50397,-0.535986,0.432501,0.941731,1.7503,0.450414,-1.221,0.96773,0.695597,0.153567,1.16392,-4.39344,0.11153,-0.0105514,-2.2557,-0.333345,-0.0722625,-5.09555,
930,0.119374,-0.234876,0.268678,0.0902424,0.104597,0,-0.283799,-0.0235659,0.43207,0.916492,0.0206385,-0.0585716,0.395204,-0.500101,0.50616,-0.524091,-0.52341,0.339023,-0.55744,0.435678,0.630583,2.10227,1.15145,-0.529675,0.0494366,2.94323,1.72995,2.09001,-3.25897,0.0147835,6.85248e-05,-4.23171,-0.485959,0.181541,-7.32809,
931,0.082949,-0.0576888,0.364326,0.160953,0.148321,0,-0.206824,-0.0165238,0.400703,0.900448,-0.00480389,-0.0117718,0.434779,-0.349297,0.508083,-0.503974,-0.523485,0.0818053,-0.5848,0.465909,0.488838,2.312,1.28143,-0.741376,0.507771,1.87941,1.55014,3.92659,0.919072,0.782731,-0.000453118,-6.04997,-0.61242,1.02563,0.741272,
932,-0.0153878,0.16969,0.387552,0.205466,0.0896698,0,-0.0782571,-0.00550218,0.40593,0.890888,-0.00948375,-0.00908612,0.454033,-0.102945,0.574002,-0.437807,-0.523436,-0.242709,-0.607963,0.528923,0.521398,3.4662,0.650832,1.04623,-0.329528,-0.968205,0.119643,5.87634,1.69316,1.85996,-0.000101874,-6.89809,-0.299398,0.632364,0.466613,
933,-0.0101969,0.383796,0.161716,0.130756,-0.00706485,0,0.110486,0.0163604,0.453382,0.891388,-0.0068849,-0.0323695,0.452031,0.253676,0.692682,-0.330462,-0.523697,-0.572968,-0.621241,0.527275,0.57526,3.29352,0.745326,1.06521,0.811985,-0.818417,-1.24232,8.3424,2.94152,2.46129,-0.0292449,-2.46973,-0.148425,-0.179985,1.67244,
934,0.00543168,0.364915,-0.056744,-0.0580785,-0.151316,0,0.279951,0.0472159,0.498026,0.906688,0.0200173,-0.0342517,0.419933,0.590462,0.859408,-0.211382,-0.525433,-0.541863,-0.624048,0.516539,0.726782,2.84208,0.698002,0.657809,0.974364,-0.368447,-0.707959,0.208626,3.73295,2.26982,-0.0374587,1.41679,0.00720344,-0.27355,4.36796,
935,0.0186502,0.290189,-0.158662,-0.124227,-0.314899,0,0.245049,0.0511922,0.520837,0.914607,0.0408286,-0.0253519,0.401478,0.533844,1.03074,-0.127863,-0.527399,-0.423202,-0.614513,0.504125,1.00642,2.66106,0.769405,0.358173,0.66641,0.0116864,-1.0543,-1.4504,3.12675,1.08723,-0.0388809,3.29489,0.385811,-0.202562,6.77169,
936,-0.0294211,0.159996,-0.212456,-0.17086,-0.413347,0,0.188737,0.046944,0.572117,0.923001,0.0463573,-0.0657153,0.376299,0.434534,1.16106,-0.130757,-0.528616,-0.228594,-0.580187,0.504498,1.28694,1.92511,1.28399,1.10293,-0.90904,-1.37918,-1.31259,-2.52229,2.08321,-1.19006,-0.0282934,4.58584,0.915639,0.1344,0.00219377,
937,-0.0239258,-0.0205422,-0.275423,-0.217594,-0.316576,0,0.0998215,0.0311147,0.611565,0.931482,0.0389085,-0.101939,0.347039,0.272265,1.2277,-0.263966,-0.529977,0.0291015,-0.527049,0.505568,1.24081,1.77743,1.17024,0.478998,-0.961967,-1.22161,-0.912893,-3.95546,0.245172,-4.11469,-0.0240267,5.71161,1.20809,-0.0898838,-0.662854,
938,-0.0133802,-0.225937,-0.29981,-0.250328,-0.132057,0,-0.0312,0.00320357,0.620828,0.934991,0.0246953,-0.134651,0.327186,0.0286986,1.19882,-0.522481,-0.530978,0.325652,-0.518782,0.496662,1.20455,1.62021,1.10632,-0.125096,-1.09066,-0.917712,-0.439995,-5.77111,-1.37317,-6.20821,-0.0157196,6.14757,-0.135879,-0.2661,-0.786242,
939,-0.0145457,-0.376144,0.0316784,-0.143827,-0.0783442,0,-0.206196,-0.0309908,0.603003,0.939509,0.0133748,-0.164193,0.300307,-0.306609,1.08584,-0.553325,-0.53177,0.560299,-0.524564,0.48143,1.1249,1.98618,1.4992,-0.574202,-0.968061,-0.952195,-0.299208,-7.64621,-3.13599,0.876809,-0.0125912,0.308018,-0.100982,-0.361528,-2.38338,
940,0.0652014,-0.348739,0.130067,-0.0121942,-0.0228199,0,-0.3338,-0.0483002,0.568457,0.939346,0.00668324,-0.171073,0.297185,-0.573041,0.905902,-0.5234,-0.530749,0.515605,-0.535072,0.460923,0.939334,2.17081,1.15594,-0.610845,1.18557,1.35636,0.0332693,0.119027,-4.05442,0.373236,0.100547,-1.65542,-0.313915,-0.453119,-5.02934,
941,0.0759904,-0.258271,0.253713,0.0600235,0.0944647,0,-0.301241,-0.0342168,0.526319,0.943386,0.0257834,-0.124221,0.306475,-0.520831,0.705818,-0.509059,-0.525493,0.374309,-0.559296,0.450611,0.630011,2.33324,1.09548,-1.11038,1.39254,1.675,0.283107,1.53029,-3.94916,0.195759,0.103293,-3.97845,-0.65265,0.0358241,-7.32346,
942,0.095509,-0.0905892,0.347027,0.124814,0.134431,0,-0.233882,-0.0195364,0.472139,0.940153,0.0114297,-0.0891736,0.32868,-0.400437,0.524019,-0.483265,-0.52283,0.12867,-0.595139,0.465611,0.488232,2.84507,1.2002,-0.71513,-1.04469,2.24599,1.7325,3.26022,-3.33427,0.779407,-0.0103427,-5.74479,-0.731129,0.550055,0.757014,
943,0.132141,0.131972,0.41441,0.187845,0.082049,0,-0.116788,-0.00851044,0.449944,0.928605,-0.016264,-0.0105994,0.370561,-0.179024,0.510541,-0.423813,-0.523387,-0.188032,-0.630639,0.509374,0.51638,3.16168,1.42305,-0.67544,0.247722,3.31817,1.64759,5.58961,0.796791,1.65481,-0.0102564,-7.01855,-0.753628,1.20846,0.266353,
944,-0.0798715,0.370173,0.351705,0.196391,-0.0015238,0,0.0664062,0.00886987,0.426537,0.924272,-0.00797641,0.0110329,0.381493,0.163969,0.580963,-0.326243,-0.523566,-0.550474,-0.667441,0.532305,0.554698,2.6714,0.762892,0.0417949,0.492004,-2.83692,-1.05468,8.11646,2.00967,2.24884,0.00908516,-6.09393,-0.713098,-0.201965,1.26013,
945,-0.00311925,0.372486,-0.0493549,-0.0400798,-0.130723,0,0.285931,0.0389277,0.456262,0.946862,0.00627708,0.00608582,0.321522,0.591481,0.707159,-0.215227,-0.524889,-0.554274,-0.686146,0.510265,0.682325,2.21073,0.739624,0.975945,1.23518,-0.615041,-2.19128,3.41544,3.06076,2.14941,-0.043928,1.30914,-0.177169,-0.700359,3.83244,
946,-0.0260401,0.302061,-0.148665,-0.146135,-0.28285,0,0.261113,0.043658,0.518963,0.955327,0.0265824,-0.0183975,0.293779,0.552373,0.849351,-0.135544,-0.526804,-0.441636,-0.683139,0.480326,0.934041,1.66223,0.94707,1.22037,0.0139985,-1.27958,-0.97687,-1.644,2.62445,1.07427,-0.034769,3.21603,0.248502,-0.560943,6.24748,
947,-0.0192657,0.166257,-0.243378,-0.200449,-0.405572,0,0.202105,0.0393639,0.568041,0.960194,0.0335787,-0.0548077,0.271838,0.44497,0.950542,-0.134402,-0.528284,-0.237705,-0.66293,0.448059,1.27045,1.51833,0.888255,0.646672,-0.086719,-1.08517,-0.871112,-2.64906,1.43163,-1.0118,-0.0340342,4.93616,0.551931,-0.727659,2.82155,
948,-0.00212722,-0.0280071,-0.309278,-0.248251,-0.323091,0,0.108502,0.0247988,0.584445,0.963686,0.0387615,-0.0718254,0.254261,0.270862,0.983451,-0.257585,-0.530137,0.0396816,-0.62889,0.408979,1.24763,1.28999,0.783752,0.0375156,-0.0632215,-0.591618,-0.482144,-4.29921,-0.10283,-3.89212,-0.0360215,6.14568,0.810216,-0.835163,-0.838936,
949,0.00841413,-0.248098,-0.334801,-0.28095,-0.141735,0,-0.033985,0.000387504,0.5719,0.964308,0.0395755,-0.0830261,0.248295,0.00446211,0.932644,-0.506475,-0.531796,0.358913,-0.58471,0.3677,1.20143,1.10462,0.727528,-0.537278,-0.119881,-0.288607,0.0463979,-6.33864,-1.91565,-6.04606,-0.0296445,6.61975,0.956725,-0.81669,-1.00757,
950,0.00550886,-0.389616,0.0646802,-0.144442,-0.0748907,0,-0.225214,-0.0267366,0.533678,0.965255,0.0413403,-0.0912381,0.241347,-0.364698,0.78751,-0.547711,-0.53323,0.582662,-0.537577,0.329381,1.10699,1.55075,1.07395,-0.991803,-0.0595715,-0.374013,0.495212,-8.43357,-3.87711,0.681456,-0.0250183,-0.527984,0.922465,-0.735247,-2.75283,
951,0.0212546,-0.342501,0.159068,0.00121811,-0.00475038,0,-0.321572,-0.0304233,0.471752,0.964046,0.0377139,-0.0976069,0.244265,-0.571865,0.571515,-0.526907,-0.53433,0.505571,-0.517144,0.295119,0.901431,1.88107,0.927774,-1.44369,-0.579019,0.0800559,-0.259316,0.848238,-4.75319,0.157373,-0.0166969,-2.31526,-0.134522,-0.631962,-5.44654,
952,0.120548,-0.237167,0.273054,0.0607568,0.127166,0,-0.284275,-0.02309,0.426642,0.963911,0.00708147,-0.0651839,0.258025,-0.501915,0.494141,-0.522797,-0.527573,0.342461,-0.523945,0.266655,0.572921,2.23255,1.30675,-0.49793,0.0714982,2.97351,1.16126,1.92284,0.738845,0.00825166,0.300824,-4.22543,-0.143482,-0.503204,-7.68659,
953,0.0889189,-0.0597611,0.365493,0.129118,0.149832,0,-0.212788,-0.0180765,0.39523,0.95952,-0.00606452,-0.0051823,0.281529,-0.358344,0.541804,-0.498894,-0.521971,0.0847509,-0.535086,0.264028,0.476509,2.43184,1.29044,-0.839051,0.107841,2.05474,0.834552,3.80468,1.15918,0.938447,-0.0372917,-6.06869,-0.301904,0.39348,1.25005,
954,0.00974115,0.169586,0.366851,0.171051,0.0781175,0,-0.0867098,-0.00662276,0.397805,0.955918,-0.00136313,-0.0170047,0.293137,-0.115644,0.615037,-0.425852,-0.523355,-0.242556,-0.544109,0.301098,0.52942,3.27741,0.00161526,1.38977,-0.328889,-0.24181,0.552258,5.79753,1.7122,1.96222,0.00137111,-6.84615,0.0289058,1.06769,0.841368,
955,0.00504023,0.382511,0.144325,0.0980841,-0.0283259,0,0.0978564,0.0157962,0.462807,0.953534,-0.00223001,-0.0251058,0.300228,0.232795,0.72878,-0.315511,-0.523532,-0.570835,-0.542597,0.355296,0.601585,3.21606,0.152507,1.06531,0.103642,-0.377859,-0.473615,8.16135,2.8445,2.46489,-0.00906458,-2.4976,0.0125471,1.10919,2.03107,
956,0.00469988,0.36508,-0.0677098,-0.0776901,-0.176526,0,0.267373,0.046718,0.504758,0.95743,0.0108998,-0.0329526,0.28657,0.567307,0.88504,-0.200101,-0.524218,-0.542132,-0.538994,0.410137,0.770554,2.72662,0.214705,0.670358,1.50286,-0.388383,0.567413,0.714201,3.37535,2.10957,-0.0305694,1.3316,0.132539,1.04937,4.69904,
957,-0.0339338,0.293894,-0.173473,-0.137095,-0.336015,0,0.244196,0.0512951,0.526972,0.95109,0.0463389,-0.0329235,0.30364,0.53251,1.03541,-0.129361,-0.525562,-0.42894,-0.523916,0.461874,1.06622,2.63868,0.107827,0.444519,0.245906,-1.50668,0.45089,-1.06801,2.6387,0.742552,-0.0029814,3.18117,0.472524,0.994585,7.04778,
958,0.00359449,0.161965,-0.256639,-0.184626,-0.397018,0,0.197159,0.0475686,0.552709,0.948897,0.0391555,-0.0829113,0.301972,0.449003,1.13862,-0.153516,-0.525189,-0.231457,-0.521257,0.50408,1.278,1.99208,-0.00141894,0.498418,-1.62434,-0.421301,-0.814576,-2.26767,1.49525,-1.67835,-0.0045481,4.67045,-0.0639464,0.713164,-0.863751,
959,0.00815128,-0.0225233,-0.320291,-0.23355,-0.286606,0,0.111924,0.0319172,0.562809,0.953371,0.00481564,-0.102419,0.28385,0.29117,1.17762,-0.307692,-0.525319,0.031909,-0.523081,0.529131,1.2347,1.8244,-0.0919875,-0.0914397,-1.56987,-0.289728,-0.340069,-4.0314,0.0764841,-4.46668,0.000231662,5.85389,-0.0136927,-0.0309781,-0.465305,
960,0.0208161,-0.233965,-0.356974,-0.267987,-0.107597,0,-0.0249568,0.0038024,0.546796,0.953432,-0.0236753,-0.112012,0.279035,0.0358636,1.13864,-0.559947,-0.524815,0.337658,-0.523365,0.524796,1.20764,1.54526,-0.460541,-0.149136,0.711839,0.0768941,0.165502,-6.12795,-1.57567,-2.17706,0.028041,6.377,-0.000199501,-0.0763429,-0.618632,
961,0.0217733,-0.376976,-0.00849901,-0.147345,-0.0893828,0,-0.21448,-0.0308914,0.528105,0.952177,-0.00752688,-0.103911,0.287237,-0.327821,1.01233,-0.543186,-0.523453,0.561674,-0.523505,0.523667,1.13473,1.83136,-0.284924,-0.590258,0.703819,0.105932,1.17798,-8.41348,-3.46303,0.634923,0.0244209,-0.0144668,-0.00225431,-0.00128091,-2.2805,
962,0.0323295,-0.345186,0.0872095,-0.000650189,-0.0267713,0,-0.329793,-0.0433742,0.486629,0.945186,0.00335329,-0.0945255,0.312535,-0.571219,0.815985,-0.526693,-0.523438,0.509884,-0.529355,0.523728,0.954484,2.10571,-0.410711,-1.04369,0.690219,0.411268,0.450041,0.585134,-4.37791,0.1172,-0.0033818,-1.7947,-0.229184,0.00114995,-4.91025,
963,0.0929869,-0.251037,0.224946,0.0627109,0.0960736,0,-0.295937,-0.0290141,0.429671,0.943182,0.0219614,-0.0617164,0.325754,-0.517567,0.602206,-0.524073,-0.523534,0.363353,-0.548048,0.523777,0.651432,2.17725,0.110852,-0.922599,-0.711911,2.17173,0.905199,1.36558,-4.1903,0.0157511,-0.00106227,-4.00805,-0.514988,-1.81419e-05,-7.18195,
964,0.0929878,-0.0845613,0.329676,0.127422,0.159338,0,-0.238429,-0.0191447,0.402373,0.934508,-0.0127055,-0.00210736,0.355709,-0.410991,0.500323,-0.508247,-0.523459,0.120065,-0.575328,0.524014,0.468691,2.54884,0.511261,-0.553884,-0.322074,2.17184,1.40886,2.8977,0.408618,0.649427,-0.00273604,-5.79676,-0.613853,0.00331023,1.05266,
965,-0.00744686,0.142628,0.366181,0.180568,0.0977106,0,-0.137688,-0.0108443,0.390135,0.927641,-0.00859639,-0.00623017,0.373321,-0.216027,0.53913,-0.446811,-0.523526,-0.203415,-0.605182,0.524089,0.516934,3.10979,-0.328212,0.457824,-1.01288,-0.738757,0.811634,4.85493,1.09658,1.7743,0.00880818,-7.02421,-0.481706,-0.000842794,0.675424,
966,0.0113462,0.366378,0.161162,0.116558,0.000701692,0,0.0195885,0.00466119,0.437749,0.922129,-0.0109563,-0.0103894,0.386587,0.0806044,0.621043,-0.342022,-0.523472,-0.544255,-0.624908,0.522988,0.575951,3.35667,-0.263122,0.85023,0.188657,-0.195534,-0.26814,7.11022,2.24027,2.43,-0.00939593,-3.04611,-0.396908,-0.0300044,1.67748,
967,-0.0134742,0.364372,-0.0442154,0.0337468,-0.143021,0,0.215992,0.0319782,0.469048,0.928883,0.00414302,-0.0153228,0.370032,0.457351,0.751161,-0.222417,-0.524095,-0.540976,-0.64321,0.523778,0.724858,3.20787,-0.0704674,0.43954,1.17868,-0.913548,-0.823808,7.94003,2.92852,2.34689,-0.0171649,0.746337,-0.328858,0.0381929,4.26094,
968,-0.028885,0.322252,-0.0816153,-0.0946645,-0.306415,0,0.264884,0.0472018,0.50888,0.931778,0.0264696,-0.0272022,0.36104,0.563477,0.900297,-0.134277,-0.52531,-0.473325,-0.648641,0.523761,0.994481,2.05651,0.676027,1.65019,-0.498307,-1.36037,-0.295731,-1.0596,3.04492,1.21282,-0.0252029,1.84874,0.186254,-0.00346989,6.39418,
969,-0.0176265,0.232438,-0.184596,-0.144002,-0.409232,0,0.225974,0.0476781,0.578678,0.932066,0.0263375,-0.0671231,0.355039,0.496772,1.0315,-0.130624,-0.526413,-0.335372,-0.630873,0.51829,1.27471,1.89795,0.585001,1.05192,-0.432673,-1.0359,-0.217565,-1.60898,2.20902,-1.0483,-0.0277903,3.66318,0.515788,-0.212488,0.312984,
970,-0.0107866,0.0816423,-0.265585,-0.191346,-0.320701,0,0.164059,0.0397942,0.616355,0.931161,0.0241095,-0.0916623,0.352074,0.384243,1.11282,-0.256139,-0.527823,-0.115902,-0.597048,0.504635,1.23872,1.74795,0.448161,0.463966,-0.471675,-0.839586,0.100147,-2.88101,1.05292,-3.94858,-0.0268319,5.10276,0.836,-0.33298,-0.573449,
971,-0.00695484,-0.114271,-0.316992,-0.230502,-0.150415,0,0.06187,0.0204913,0.624712,0.92701,0.0186621,-0.114636,0.356599,0.194944,1.12902,-0.507193,-0.529034,0.162572,-0.548923,0.48632,1.22415,1.58857,0.321719,-0.134754,-0.524008,-0.730044,0.435313,-4.67588,-0.393543,-6.07631,-0.0211996,6.02915,1.08752,-0.39923,-0.0942273,
972,-0.000811899,-0.319436,-0.319873,-0.257668,-0.112076,0,-0.0903786,-0.00894142,0.605852,0.927714,0.0152578,-0.135177,0.347621,-0.0899574,1.06749,-0.548092,-0.530129,0.468879,-0.51651,0.466052,1.19862,1.65307,0.527258,-0.632795,-0.478561,-0.553594,-0.408794,-6.71783,-2.05924,0.693665,-0.0220228,6.20574,-0.0945218,-0.419844,-0.921859,
973,0.0145178,-0.371685,0.0683262,-0.118189,-0.0837401,0,-0.286816,-0.0407687,0.562783,0.921068,0.00481052,-0.150628,0.359056,-0.476468,0.91942,-0.52804,-0.531051,0.552958,-0.524242,0.444471,1.09537,1.8722,0.701165,-1.06202,-0.195604,-0.111432,1.11654,-8.71988,-3.84911,0.162339,0.000651223,-0.809963,-0.183151,-0.438456,-3.19599,
974,0.0649164,-0.315457,0.171454,0.0465145,0.00616921,0,-0.328822,-0.0381012,0.511604,0.919155,0.0226747,-0.117791,0.375187,-0.57685,0.709686,-0.524367,-0.526867,0.46261,-0.540187,0.426315,0.870661,2.18067,0.479427,-1.20367,1.53938,1.35197,0.328607,1.54323,-4.531,0.0224704,0.102433,-2.80261,-0.462355,-0.293925,-5.7608,
975,0.103362,-0.187032,0.29917,0.11215,0.143421,0,-0.269152,-0.022232,0.447493,0.916018,0.0222185,-0.0706873,0.394234,-0.470875,0.507136,-0.522392,-0.522816,0.26808,-0.569451,0.423315,0.532084,2.37985,1.01319,-1.0324,-1.20886,2.47523,1.44866,2.67588,-1.60712,0.0503138,0.0049617,-4.90237,-0.690916,0.153974,-7.75535,
976,0.112933,0.00954884,0.386132,0.178399,0.142867,0,-0.174471,-0.0138114,0.416649,0.900411,-0.0116253,-0.00758377,0.434819,-0.286934,0.516968,-0.495805,-0.523284,-0.0135261,-0.603893,0.448389,0.488552,2.65978,1.36498,-0.751476,0.0526245,2.75465,1.74228,4.68247,0.812357,1.0422,-0.0116473,-6.45303,-0.73914,0.867493,1.01952,
977,0.00570266,0.245809,0.40062,0.218534,0.0666106,0,-0.0217119,9.37749e-05,0.407337,0.896264,-0.00366145,0.00221698,0.443501,0.00173581,0.580182,-0.41686,-0.52374,-0.35546,-0.634794,0.514031,0.542284,3.75524,0.737541,0.948741,-0.99852,-0.358922,-0.209536,6.83356,1.57331,2.07757,-1.34599e-05,-7.12297,-0.310588,1.73965,1.12484,
978,-0.00721663,0.377225,0.00743947,0.0681627,-0.0544443,0,0.190943,0.0259704,0.46916,0.905078,-0.00906325,-0.0167725,0.424818,0.404852,0.689065,-0.302189,-0.524403,-0.562084,-0.64229,0.53445,0.642532,3.56572,0.9873,1.05079,-0.136737,-0.73298,-1.56908,9.34209,2.91316,2.50852,-0.0199647,0.441816,-0.126949,-0.299849,2.86162,
979,-0.00377281,0.341737,-0.076035,-0.0833344,-0.214201,0,0.270782,0.044771,0.511721,0.910156,0.0105032,-0.0269278,0.413257,0.571016,0.842595,-0.191424,-0.525904,-0.504346,-0.643621,0.516697,0.850898,3.14406,0.783267,0.645374,1.05303,-0.634945,0.220427,-1.09953,3.23214,1.93645,-0.0366186,1.81119,0.0717492,-0.399004,5.45302,
980,-0.0555588,0.253552,-0.168422,-0.127789,-0.372681,0,0.231143,0.0461472,0.536535,0.905142,0.0410579,-0.0435018,0.420879,0.503464,0.985067,-0.135786,-0.527362,-0.367157,-0.631649,0.496906,1.17878,2.80132,0.917326,0.808141,-0.0154911,-2.13476,0.251267,-1.5899,2.4765,0.318203,-0.0171589,3.55938,0.466822,-0.336468,7.55117,
981,-0.0126995,0.112827,-0.235498,-0.173314,-0.374553,0,0.171072,0.0398217,0.595566,0.909508,0.0368622,-0.0790011,0.406443,0.395323,1.08238,-0.186305,-0.528894,-0.1605,-0.595424,0.474655,1.26937,2.11313,1.01567,0.924266,-0.788445,-0.89595,-0.506898,-2.73703,1.42431,-2.34819,-0.034011,4.86152,0.882378,-0.632636,-1.27709,
982,-0.0102512,-0.0756776,-0.291121,-0.214653,-0.243809,0,0.0749759,0.0227831,0.626967,0.911199,0.0275625,-0.106541,0.396996,0.218503,1.11999,-0.369036,-0.530465,0.107401,-0.545103,0.441359,1.22665,1.98994,0.880683,0.327454,-0.836694,-0.826754,-0.0989238,-4.32251,0.0906195,-4.93993,-0.0283346,5.84693,1.12895,-0.698852,-0.41979,
983,-0.00443132,-0.279306,-0.300531,-0.242232,-0.0980721,0,-0.0669421,-0.00458154,0.629368,0.911402,0.0157216,-0.131074,0.389768,-0.0453533,1.08489,-0.564631,-0.531745,0.406427,-0.51625,0.405451,1.19221,1.98636,1.03964,-0.199392,-0.829155,-0.659819,-0.742949,-6.20242,-1.48052,0.11901,-0.0249096,6.12289,-0.131124,-0.731261,-0.952042,
984,0.00353861,-0.374193,0.0726833,-0.111621,-0.0785832,0,-0.251479,-0.0363,0.607153,0.910916,0.00255131,-0.151729,0.383672,-0.402942,0.96791,-0.535113,-0.532883,0.557083,-0.52429,0.368328,1.09472,2.2178,1.2407,-0.68417,-0.85754,-0.430611,0.656825,-8.08773,-3.18538,0.402376,-0.0201932,-0.574096,-0.175848,-0.75734,-2.93069,
985,0.0742768,-0.328901,0.16082,0.0377755,0.00180372,0,-0.336258,-0.0431893,0.571567,0.907214,-0.00266766,-0.137839,0.397436,-0.586341,0.791545,-0.525171,-0.53115,0.48386,-0.539336,0.332178,0.882606,2.50099,0.944465,-0.711165,1.2318,1.61954,0.467801,1.32078,-3.86004,0.0631684,0.0963472,-2.33754,-0.423961,-0.686382,-5.53457,
986,0.0788194,-0.214645,0.283947,0.107331,0.134783,0,-0.283752,-0.027976,0.522856,0.906392,0.00790418,-0.086502,0.41341,-0.492541,0.610151,-0.521743,-0.5264,0.308841,-0.568,0.312125,0.552348,2.6838,0.946969,-1.249,1.35356,1.75635,0.609061,2.4163,-3.39939,0.0743867,0.093004,-4.64482,-0.720168,-0.120906,-7.6585,
987,0.0572465,-0.0219421,0.374719,0.171802,0.138586,0,-0.192816,-0.0150835,0.454595,0.901119,0.0119983,-0.0584797,0.429441,-0.322937,0.501647,-0.493413,-0.522757,0.0310853,-0.60782,0.320509,0.495105,3.06503,1.08627,-1.27591,-0.931579,1.13358,1.30285,4.33856,0.121927,1.02947,-0.0035901,-6.37766,-0.82643,0.437512,0.787854,
988,0.097672,0.213152,0.424805,0.225945,0.0757352,0,-0.045151,-0.00222723,0.409114,0.883585,-0.0216724,0.00533265,0.467739,-0.0442423,0.54064,-0.421845,-0.52333,-0.306626,-0.646881,0.351378,0.528463,3.47211,1.39787,-1.00302,0.43212,2.30859,1.26446,6.76282,1.36616,1.91471,-0.0141188,-7.25771,-0.790954,0.827582,0.574028,
989,-0.0120344,0.388283,0.0347289,0.0829356,-0.0291495,0,0.163461,0.0203869,0.444413,0.891929,-0.00664156,-0.00297384,0.452117,0.348348,0.628605,-0.311787,-0.524667,-0.580437,-0.666584,0.412856,0.597293,3.57334,0.986556,1.48622,0.377986,-0.8725,-1.93948,9.11175,2.32137,2.46094,-0.0419453,-0.0444747,-0.15312,1.59089,2.13552,
990,-0.00998665,0.352815,-0.0710274,-0.0789874,-0.178773,0,0.277022,0.0406595,0.507489,0.906945,0.0149916,-0.0171236,0.420634,0.57726,0.75685,-0.197888,-0.526856,-0.522189,-0.670285,0.487326,0.772442,3.18523,0.871646,1.02983,0.599141,-0.815497,-0.690235,-0.931311,2.80817,2.09063,-0.0447628,1.77299,0.00232707,1.38737,4.84771,
991,-0.0110267,0.265682,-0.174977,-0.132493,-0.339347,0,0.240593,0.0420851,0.546618,0.912417,0.0372441,-0.0297385,0.406478,0.51427,0.879374,-0.128275,-0.528998,-0.385581,-0.662665,0.534436,1.07351,3.10476,0.909181,0.528674,0.601713,-0.847701,-0.487939,-1.49826,2.09921,0.704438,-0.0417177,3.67483,0.301012,-0.0734529,7.17541,
992,0.00273902,0.117216,-0.251385,-0.181054,-0.391842,0,0.183013,0.0364562,0.584376,0.917903,0.0489286,-0.0506209,0.39051,0.409028,0.957614,-0.154976,-0.531202,-0.1668,-0.637947,0.525195,1.26561,2.21696,0.863786,0.870663,-0.307007,-0.452039,-1.00135,-2.703,1.03512,-1.75071,-0.0533771,5.07371,0.677677,-0.208164,-0.715581,
993,0.00940817,-0.0800541,-0.310222,-0.227029,-0.282866,0,0.0873516,0.0209613,0.613902,0.925239,0.0455801,-0.0609459,0.371672,0.230977,0.97475,-0.31173,-0.533756,0.113637,-0.598197,0.51541,1.23165,2.06559,0.733696,0.312446,-0.362908,-0.261836,-0.55415,-4.40448,-0.33894,-4.49717,-0.0478166,6.13514,0.911289,-0.183747,-0.357929,
994,0.0172019,-0.293705,-0.32506,-0.257693,-0.100861,0,-0.0578072,-0.00346391,0.615731,0.928917,0.0389686,-0.0660276,0.362263,-0.0405979,0.916315,-0.564838,-0.535947,0.428647,-0.549758,0.508009,1.19939,1.97828,0.81269,-0.217492,-0.268106,-0.0387339,-0.758348,-6.4239,-1.98282,-2.12607,-0.0407838,6.47476,1.02947,-0.106098,-0.926157,
995,0.0223166,-0.370132,0.0685918,-0.121737,-0.0746343,0,-0.249423,-0.0296783,0.593469,0.931907,0.0326662,-0.069477,0.354478,-0.412975,0.77201,-0.544357,-0.537822,0.550407,-0.514647,0.50543,1.1007,2.27259,1.11698,-0.677966,-0.411029,0.107275,0.327189,-8.45986,-3.77831,0.684748,-0.0346148,-0.572877,-0.0746104,-0.000241287,-3.00681,
996,0.0324412,-0.32518,0.16075,0.0227205,-0.000828713,0,-0.317499,-0.0296672,0.546762,0.934622,0.017861,-0.0689782,0.348432,-0.563988,0.565086,-0.52357,-0.53936,0.477957,-0.525903,0.51034,0.886284,2.62319,0.981448,-1.19471,-0.671077,0.398576,-0.592052,0.93371,-4.48958,0.144263,-0.0279774,-2.31476,-0.333947,0.190562,-5.55004,
997,0.0215313,-0.213633,0.27644,0.0834089,0.129685,0,-0.278295,-0.022897,0.476094,0.939687,0.00602086,-0.0695601,0.334834,-0.489372,0.502569,-0.516579,-0.540745,0.307338,-0.547341,0.525419,0.556209,2.80816,0.959297,-1.64824,-0.376761,0.0816423,-0.465326,2.04183,0.544736,0.133075,-0.0272719,-4.49269,-0.523139,0.328044,-7.63819,
998,0.131655,-0.0300361,0.355656,0.142907,0.132585,0,-0.204147,-0.0173089,0.419847,0.935239,0.00759423,-0.0263969,0.352949,-0.341561,0.544282,-0.48538,-0.533009,0.0425581,-0.572775,0.525488,0.496361,3.27788,1.00733,-0.697954,0.564552,3.29427,1.89441,3.86121,1.10794,1.05574,0.309678,-6.03212,-0.474018,-0.0580092,0.743342,
999,-0.0376667,0.199679,0.379543,0.194548,0.0667495,0,-0.0745591,-0.0053607,0.399512,0.924878,0.00251858,0.00430822,0.380232,-0.0927564,0.620672,-0.4087,-0.521125,-0.286691,-0.595391,0.524229,0.528164,3.313,0.118035,0.91653,-1.46488,-1.61027,0.100552,5.98363,1.73739,2.00507,0.00345771,-7.04085,-0.209194,-0.00582076,0.547849,
