step,action0,action1,action2,action3,action4,action5,action6,action7,state0,state1,state2,state3,state4,state5,state6,state7,state8,state9,state10,state11,state12,state13,state14,state15,state16,state17,state18,state19,state20,state21,state22,state23,state24,state25,state26,
0,0.0214251,0.0420672,0.0204606,0.0569547,-0.0427089,0,0.100452,0,0.654131,0.996935,0.042092,0.0582416,-0.0309292,-0.00735012,0.0565116,0.0761231,0.0462263,-0.000918915,0.0158844,-0.0385503,0.043975,0.047868,0.0731876,0.0648389,0.0549416,0.0181467,0.0555343,0.0700165,0.0293458,0.035029,0.0451245,0.00214929,0.0969759,0.0306798,0.0941912,
1,0.0209455,0.0431062,0.011143,0.0296208,-0.136453,0,0.0829157,0,0.678583,0.996357,0.0431329,0.0669638,-0.0304792,-0.000222881,0.439054,0.0701646,-0.414933,0.0174459,-0.420327,-0.0330291,0.436058,0.104071,0.00787908,0.27723,0.0315464,0.356918,-0.0393801,0.213281,8.6128,-0.27208,-10.192,0.727817,-9.64931,0.189204,8.76853,
2,0.0198085,0.0436949,0.00165501,0.00917736,0.179456,0,0.0289225,0,0.675025,0.995783,0.0437227,0.0747115,-0.0303732,0.012127,0.864532,0.0319907,-0.911977,0.0680882,-0.890923,-0.0199407,0.871625,0.0312227,0.0101021,-0.436934,-0.00119826,0.258593,0.0239677,0.280905,8.40801,-1.24865,-9.69376,1.29439,-9.17822,0.333081,8.65505,
3,0.0181867,0,-0.00104304,-0.0618941,0.225108,0,-0.198458,0,0.651953,0.999184,-0.0221956,0.00785489,-0.0328318,0.0287046,1.2551,0.00382789,-1.28344,0.13533,-1.29226,-0.00127324,1.26996,-0.237973,-0.0535176,-0.546085,-1.42121,-4.50409,0.314047,0.391053,3.17262,0.107674,-0.423297,1.40569,-1.76375,0.414502,3.06853,
4,0.0161349,0,-0.00247346,-0.0361227,-0.100249,0,-0.189248,0,0.655914,0.99892,-0.00322274,-0.0420863,-0.0194009,0.04742,1.24147,0.0506516,-1.23717,0.167595,-1.2452,0.022341,1.24626,0.429734,-0.69425,0.206011,1.54689,-1.03155,0.236041,0.36427,-1.07935,1.73737,1.07499,-0.103247,1.34819,0.529723,-1.13037,
5,0.0136445,0.0191774,-0.00357538,0.0294592,-0.157504,0,-0.0940998,0,0.676493,0.998684,0.0191797,-0.044673,-0.0163456,0.064738,1.1821,0.117468,-1.18501,0.127436,-1.1862,0.0510029,1.19108,0.788123,-0.241766,0.339581,0.564826,0.163181,0.214795,0.326938,-1.29229,0.933462,1.01782,-1.47819,1.09681,0.61361,-1.07479,
6,0.0108381,0.0307412,-0.00453086,0.0638012,0.0527949,0,0.0310385,0,0.682379,0.998681,0.0307509,-0.0404965,-0.00716976,0.079939,1.12442,0.134127,-1.13532,0.0381361,-1.13309,0.083298,1.1422,0.802662,-0.265546,-0.125592,0.429219,0.178628,0.457352,0.281555,-1.01701,-0.257152,0.969814,-2.08997,1.03422,0.678227,-0.882338,
7,0.00780504,0.036374,-0.00558383,0.053388,0.162478,0,0.148695,0,0.669766,0.998738,0.03639,-0.0342543,0.00494619,0.0928759,1.08652,0.131313,-1.08801,-0.0579002,-1.0844,0.1182,1.10486,0.997511,-0.080934,-0.36242,0.0487754,0.379433,0.464712,0.236487,-0.503175,0.141992,0.922938,-1.75558,0.909177,0.717386,-0.613558,
8,0.00462669,0.0362535,-0.00645255,0.00977111,0.309145,0,0.210767,0,0.643058,0.999068,0.0362694,-0.020611,0.0110807,0.103571,1.07176,0.168164,-1.04308,-0.116634,-1.04068,0.154773,1.08151,1.06637,0.0866494,-0.705136,-0.0397409,0.750036,-0.0252132,0.191792,-0.0910924,1.32245,0.874243,-0.604627,0.841777,0.745695,-0.32293,
9,0.0013673,0.0282633,-0.0072207,-0.0504382,0.221902,0,0.183124,0,0.605052,0.999595,0.0282708,-0.00286441,0.00132911,0.111943,1.06912,0.289443,-1.00049,-0.107705,-0.999986,0.192276,1.07414,0.531941,0.617766,-0.50436,-1.24103,-0.0590877,-0.845385,0.139398,-0.0135682,3.51015,0.833192,0.961923,0.786036,0.754306,0.121846,
10,-0.00186864,0,0.0486675,-0.122323,0.228459,0,0.0144772,0,0.575324,0.9996,-0.00640308,-0.0116107,-0.0249611,0.117597,1.0596,0.501233,-0.959789,-0.0270255,-0.961677,0.229509,1.08703,0.113486,0.577168,-0.546132,-0.505787,-0.865249,-1.08473,0.101513,-0.310617,4.94462,0.790672,2.25099,0.75246,0.733279,0.360144,
11,-0.0049071,0,-0.00716647,-0.123065,0.0326139,0,-0.103585,0,0.568328,0.999291,-0.00483998,-0.0141594,-0.0345494,0.130976,1.02499,0.54108,-0.922084,0.0842766,-0.925652,0.264471,1.10414,0.0267196,-0.0588603,-0.107662,-0.349067,-0.121861,-0.19788,0.439256,-1.11959,-0.466367,0.732499,2.21579,0.695183,0.668736,0.338093,
12,-0.00768056,0,-0.00989033,-0.0819604,0.0256653,0,-0.22242,0,0.564381,0.999016,-0.0151345,-0.0151165,-0.0388494,0.151137,0.947947,0.524529,-0.887414,0.173432,-0.891908,0.296384,1.1217,0.114707,-0.0537189,-0.0963774,-0.472884,-0.0320259,-0.148958,0.367503,-1.95532,-0.198355,0.658532,1.35858,0.655647,0.608603,0.365474,
13,-0.0101511,0,-0.0109776,0.00139491,0.0141933,0,-0.273416,0,0.56066,0.998636,-0.0261025,-0.0142691,-0.0429177,0.167345,0.837735,0.519446,-0.856336,0.199267,-0.860046,0.324812,1.14087,0.220779,-0.0199799,-0.0747267,-0.442284,0.0326363,-0.168827,0.280844,-2.44931,-0.0108002,0.598009,-0.310218,0.619197,0.528953,0.396388,
14,-0.0122312,0,-0.010849,0.099132,0.0141427,0,-0.232075,0,0.556811,0.998101,-0.0374432,-0.012981,-0.0471656,0.179051,0.718672,0.521048,-0.826897,0.134518,-0.829959,0.348749,1.16107,0.252254,0.0450916,-0.0788614,-0.475048,0.0415133,-0.157077,0.188175,-2.31426,0.0730118,0.582844,-2.26336,0.584881,0.429581,0.408677,
15,-0.0138546,0,0.01484,0.176618,0.0148206,0,-0.09742,0,0.552753,0.997417,-0.0495639,-0.0113676,-0.0507283,0.186246,0.624093,0.524636,-0.797937,-0.0180126,-0.801486,0.367432,1.18155,0.267951,0.0801954,-0.0839435,-0.527698,0.0636341,-0.0808181,0.0997445,-1.47628,-0.00632005,0.573079,-3.82605,0.554453,0.318596,0.41237,
16,-0.0149941,0,0.867539,0.203507,0.0180936,0,0.0948814,0,0.548344,0.99661,-0.0627885,-0.00906372,-0.052384,0.193783,0.58458,0.523918,-0.76965,-0.22236,-0.77442,0.380546,1.20215,0.278011,0.114349,-0.0929358,-0.539698,0.0709099,-0.0384361,0.201121,-0.115433,-0.00860988,0.559386,-4.34342,0.52871,0.207173,0.409969,
17,-0.01574,0,1,0.163506,0.0333499,0,0.268653,0,0.543422,0.995485,-0.0768901,-0.00617648,-0.05531,0.360697,0.616266,0.523788,-0.740374,-0.41707,-0.748616,0.38913,1.22227,0.351625,0.0820083,-0.130074,-0.625244,0.113598,-0.212232,6.42681,1.3678,-0.000275005,0.603329,-3.45098,0.503547,0.131722,0.330461,
18,-0.0160898,0,1,0.0159252,-0.0898204,0,0.440269,0,0.558792,0.996371,-0.0475981,-0.0151971,-0.0689086,0.590809,0.708733,0.523892,-0.707779,-0.533449,-0.723632,0.393156,1.22321,0.217637,-0.263747,0.132921,1.50222,-0.179967,-0.0617669,-0.985185,2.39898,-0.00291542,0.636276,-0.621766,0.485852,0.00367465,-0.0513187,
19,-0.0158309,0,1,-0.158469,0.0129919,0,0.436635,0,0.562534,0.99605,-0.0254639,-0.0300532,-0.0795757,0.540974,0.828458,0.507935,-0.676575,-0.481535,-0.700114,0.390176,1.22194,-0.00445813,-0.0553565,-0.108692,0.792494,-0.624601,-0.75806,-0.537074,2.39379,-0.630112,0.609361,2.63033,0.458333,-0.113228,-0.0138434,
20,-0.0151573,0,0.242285,-0.320006,0.165414,0,0.271505,0,0.547724,0.9933,-0.00924408,-0.0523795,-0.102595,0.528495,0.916244,0.479943,-0.646761,-0.273743,-0.67763,0.382424,1.22156,-0.104482,0.147438,-0.476722,0.589653,-1.05453,-1.13193,-0.0818927,1.12862,-0.491708,0.583642,5.65538,0.442419,-0.194063,-0.00208842,
21,-0.014453,0,-0.0150012,-0.39065,-0.0661062,0,-0.0782944,0,0.53652,0.98881,-0.0119687,-0.0612719,-0.135488,0.525176,0.912559,0.488484,-0.617656,0.0456373,-0.652419,0.374319,1.21902,-0.0994438,0.803324,0.0128713,-0.815662,0.356394,-1.45254,-0.0327315,-1.25612,0.823553,0.581818,7.11158,0.561829,-0.133769,-0.103679,
22,-0.013696,0,-0.0263779,-0.343818,0.0966451,0,-0.457527,0,0.525169,0.983941,-0.0334695,-0.0528617,-0.167171,0.520674,0.779689,0.516306,-0.589138,0.378021,-0.624856,0.365607,1.21377,-0.0812274,0.752411,-0.384429,-1.02249,0.0416001,-0.851241,-0.148005,-4.03249,0.297649,0.560848,6.18579,0.541128,-0.204418,-0.111989,
23,-0.0126707,0,-0.026878,-0.0316253,-0.0362125,0,-0.624052,0,0.514976,0.98244,-0.0525688,-0.0404821,-0.174385,0.508557,0.520363,0.527632,-0.561858,0.553127,-0.5986,0.353808,1.20745,0.434315,0.446245,-0.0931976,-0.979111,0.264628,0.336119,-0.338263,-5.18658,-0.0715634,0.535971,-0.162331,0.507,-0.28771,-0.106167,
24,-0.0111738,0,-0.0252237,0.192956,0.0139288,0,-0.554373,0,0.506618,0.984628,-0.0636883,-0.035771,-0.158659,0.486962,0.501418,0.517266,-0.535564,0.431654,-0.573556,0.336581,1.20234,0.570488,0.349512,-0.189875,-0.564837,0.137042,0.734867,-0.518355,0.689509,-0.350069,0.532768,-4.65003,0.483823,-0.407465,-0.0935569,
25,-0.00917495,0,-0.0155933,0.37311,-0.0541448,0,-0.297182,0,0.497554,0.985981,-0.0807899,-0.0244378,-0.143933,0.457249,0.570374,0.501422,-0.520001,0.104707,-0.550106,0.31358,1.19833,0.420987,0.380962,-0.0224763,-0.656712,0.31757,0.509733,-0.662485,2.02776,-0.279494,-0.0508296,-8.39307,0.457843,-0.528352,-0.0631363,
26,-0.00649085,0,0.291806,0.42984,-0.108215,0,0.251148,0,0.509542,0.989312,-0.0577166,-0.0428625,-0.126859,0.422328,0.730545,0.480098,-0.523388,-0.358543,-0.526284,0.282694,1.19458,0.178997,0.27559,0.116602,2.0378,-1.09239,0.745124,-0.752732,4.45356,-0.608348,-0.0686232,-10.123,0.485764,-0.649017,-0.0747611,
27,-0.00358256,0,0.979616,-0.137376,-0.169078,0,0.547413,0,0.512317,0.989602,-0.0137009,-0.0732226,-0.123041,0.439145,1.02577,0.435451,-0.524967,-0.589727,-0.520592,0.24923,1.18918,-0.0246053,0.39725,0.259534,2.26999,-1.67767,-0.927482,1.39812,7.25461,-1.14314,0.0207722,1.33946,-0.0817177,-0.719809,-0.169491,
28,-0.000625667,0.0270539,0.268599,-0.319935,-0.428918,0,0.486661,0,0.5491,0.984348,0.0270605,-0.0813174,-0.153992,0.571554,1.26441,0.350918,-0.52456,-0.426035,-0.523023,0.215207,1.17744,0.0888074,0.808807,0.873655,0.257749,0.566306,-1.78771,-0.317474,-0.104715,-2.24993,0.00367491,5.07916,-0.0239145,-0.61572,-0.306897,
29,0.00196881,0.0355884,0.00297488,-0.443514,-0.275446,0,0.181416,0,0.58024,0.977717,0.0356035,-0.0654002,-0.196275,0.536635,1.19343,0.16345,-0.524187,-0.0902552,-0.524132,0.185355,1.16703,-0.108691,0.900015,0.437356,-0.136266,0.26732,-1.61587,-0.443784,-2.57415,-5.22624,0.0180905,8.32156,-0.0157892,-0.566349,-0.12761,
30,0.00429868,0.0308579,-0.0218171,-0.471806,-0.0946943,0,-0.299685,0,0.58994,0.970546,0.0308677,-0.0568244,-0.232076,0.515367,0.986517,-0.141775,-0.523317,0.348418,-0.524684,0.158547,1.16675,-0.314603,0.971288,-0.0192297,-0.566422,-0.081789,-1.19058,-0.40736,-5.67491,-6.97034,-0.00127843,9.21394,-0.00446281,-0.499141,0.106612,
31,0.00640271,0.0110397,-0.0229789,-0.00367085,0.131606,0,-0.54856,0,0.576155,0.968553,0.0110402,-0.0566981,-0.242009,0.490925,0.623268,-0.500074,-0.523498,0.585473,-0.524795,0.134337,1.17758,-0.0130811,0.739177,-0.538656,-1.01452,-0.258809,0.610857,-0.573042,-8.82889,-7.35933,-0.00262024,-1.04788,-0.00383281,-0.478485,0.330671,
32,0.00834004,0,-0.0198007,0.162772,0.255536,0,-0.459682,0,0.542489,0.966312,-0.00804438,-0.0818723,-0.243873,0.460416,0.473516,-0.550043,-0.523847,0.435432,-0.524165,0.112044,1.19608,0.43941,0.624581,-0.8295,-0.198506,-1.6677,-0.0168605,-0.673169,1.21333,1.03768,-0.00876726,-4.93566,0.0238793,-0.418622,0.405969,
33,0.0100408,0,-0.00946625,0.265527,0.1772,0,-0.214687,0,0.497682,0.966451,-0.0391642,-0.113285,-0.227168,0.423321,0.562187,-0.454046,-0.523785,0.114123,-0.523318,0.0924735,1.21626,0.951562,0.166701,-0.628506,-2.87738,-0.962804,3.11453,-0.841429,2.30654,2.74819,0.0297653,-7.7379,-0.000163524,-0.391841,0.414274,
34,0.0115094,0,0.0581982,0.310606,-0.349332,0,0.198935,0,0.519336,0.973213,-0.0462006,-0.097253,-0.203133,0.385551,0.725287,-0.316085,-0.522257,-0.283534,-0.523438,0.0755733,1.22375,2.27914,-0.697196,0.614114,0.590888,1.20026,0.349713,-0.740726,4.17332,3.14143,-0.0357113,-8.40956,-0.00215109,-0.287398,-0.0458596,
35,0.0125337,0,0.33775,-0.0580935,-0.152871,0,0.519467,0,0.541809,0.978148,-0.0261021,-0.0632615,-0.196323,0.359754,0.985646,-0.227496,-0.524069,-0.580914,-0.523556,0.0637865,1.2213,2.22102,-0.425793,0.148965,0.793034,1.49247,-0.514059,-0.282751,6.22877,0.482194,-0.0410857,-0.0786909,-0.00273381,-0.174731,-0.0547014,
36,0.0135817,0.00252906,0.153632,-0.253746,-0.427435,0,0.486739,0,0.573109,0.973945,0.00252907,-0.0673666,-0.216534,0.4145,1.25759,-0.231414,-0.526326,-0.479122,-0.523576,0.051726,1.21405,1.33646,-0.124868,0.807044,1.03045,-0.641782,-1.24932,2.39873,1.91762,-0.630502,-0.0451241,3.90046,-0.00396779,-0.254569,-0.197565,
37,0.0144188,0.0217546,0.01683,-0.412431,-0.22115,0,0.265278,0,0.599808,0.965023,0.0217581,-0.0827417,-0.247812,0.542157,1.22493,-0.339524,-0.528455,-0.200656,-0.523851,0.0420918,1.20479,1.10731,0.038343,0.256105,0.686655,-0.232166,-1.25245,0.760033,-1.78048,-3.67631,-0.041546,7.20897,-0.00558751,-0.135596,-0.175634,
38,0.0147473,0.0372576,-0.0163515,-0.477329,-0.000861543,0,-0.129521,0,0.598859,0.956321,0.0372748,-0.0856346,-0.276996,0.531742,1.06241,-0.545493,-0.5303,0.199216,-0.523986,0.0383117,1.20007,1.03283,0.116444,-0.275065,0.416793,0.093819,-1.77021,-0.324169,-4.696,-1.88512,-0.0315814,8.78533,0.00359705,-0.0104034,-0.0126531,
39,0.0145248,0.0328281,-0.0216,-0.189916,0.0268795,0,-0.496471,0,0.58353,0.94196,0.0328399,-0.101051,-0.318467,0.513257,0.74599,-0.537031,-0.531396,0.567222,-0.523711,0.0408722,1.20937,1.09459,0.207526,-0.378718,-0.671384,-1.5114,-0.808604,-0.432178,-7.93417,0.547374,-0.00972317,1.87469,0.000722723,0.0829607,0.377626,
40,0.014002,0.00549681,-0.0196094,0.0154355,0.146122,0,-0.497075,0,0.554345,0.934536,0.00549687,-0.137734,-0.328088,0.487705,0.454113,-0.505792,-0.531796,0.508885,-0.52356,0.0468889,1.22558,1.25908,0.0588743,-0.657905,-0.406963,-2.16214,0.201852,-0.590047,0.431761,0.700797,-0.00894196,-3.05138,0.0110563,0.156667,-0.0165424,
41,0.0132254,0,-0.0146556,0.14746,-0.02562,0,-0.420418,0,0.528936,0.940163,-0.0613927,-0.161083,-0.293898,0.453878,0.514887,-0.44696,-0.531191,0.275802,-0.523466,0.0558261,1.22275,1.69657,-0.416028,-0.236471,-2.35717,-1.10554,2.55235,-0.735475,1.32261,1.55943,0.0887278,-6.20905,0.00138516,0.203656,-0.0441814,
42,0.0121576,0,0.00672992,0.286108,-0.339661,0,-0.0660705,0,0.556737,0.953987,-0.0700871,-0.136284,-0.257729,0.417684,0.607778,-0.393029,-0.521241,-0.0911096,-0.523472,0.0681137,1.21986,2.26802,-0.89294,0.534927,0.353373,1.24057,1.55069,-0.7536,2.36554,0.875349,-0.00713873,-8.64915,-0.00312829,0.286362,-0.0616017,
43,0.0107557,0,0.194301,0.247854,-0.0850173,0,0.412981,0,0.569738,0.968432,-0.0579162,-0.108296,-0.216927,0.381725,0.77559,-0.412046,-0.523207,-0.525336,-0.523568,0.0842465,1.21676,2.09567,-0.812886,-0.0259438,0.562454,1.11135,1.64273,-0.680293,4.33106,-1.60825,-0.0439608,-7.2563,-0.00089147,0.361999,-0.0644115,
44,0.00897581,0,0.245274,-0.184185,0.16787,0,0.476774,0,0.553477,0.974555,-0.0323105,-0.0843503,-0.205144,0.384844,1.03245,-0.504055,-0.525702,-0.542557,-0.523621,0.104728,1.21322,2.13968,-0.431139,-0.584932,0.966132,1.1641,0.00594019,0.780129,5.92748,-2.09043,-0.0504191,2.08785,-0.000333284,0.445469,-0.0722009,
45,0.00710924,0.00567279,0.0733266,-0.335427,-0.369212,0,0.381557,0,0.537112,0.972165,0.00567286,-0.0855733,-0.218036,0.471248,1.2618,-0.53311,-0.528705,-0.353961,-0.523459,0.126207,1.20837,1.25006,0.118242,0.650367,1.08781,-0.545246,-1.86176,2.70833,0.814766,0.542396,-0.0724574,5.34464,0.00292826,0.417675,-0.14614,
46,0.00501885,0.0249868,-0.00601578,-0.432685,-0.319306,0,0.0899213,0,0.569977,0.958036,0.024992,-0.0811133,-0.273793,0.541439,1.20767,-0.524884,-0.532368,-0.0281747,-0.523513,0.15026,1.20068,1.20712,0.46403,0.46769,0.247092,0.133444,-2.35186,-0.315829,-2.34931,0.0197201,-0.0670887,7.7389,-0.00227561,0.508916,-0.156791,
47,0.00274284,0.0303259,-0.0203416,-0.443203,-0.143005,0,-0.317774,0,0.581574,0.940934,0.0303352,-0.0810071,-0.327354,0.522745,1.01371,-0.524561,-0.535394,0.365488,-0.523577,0.176449,1.19712,1.15368,0.476138,-0.00467004,-0.131518,-0.308339,-2.11247,-0.387534,-5.38328,0.00101117,-0.0538746,8.0036,-0.00051881,0.541672,0.0152173,
48,0.000465138,0.0173244,-0.0218312,-0.0493442,0.0296072,0,-0.526982,0,0.571052,0.927835,0.0173262,-0.089146,-0.361768,0.4998,0.669869,-0.524223,-0.537618,0.571385,-0.523737,0.202656,1.20435,1.31511,0.22718,-0.428136,-0.806845,-0.755705,-0.580568,-0.53304,-8.34545,0.00326555,-0.0353537,-0.770399,-0.00733127,0.501861,0.270473,
49,-0.0016208,0,-0.0187335,0.115357,0.170557,0,-0.455251,0,0.540872,0.922871,-0.00456286,-0.110988,-0.368741,0.469536,0.466403,-0.518878,-0.539444,0.437846,-0.523704,0.226658,1.22088,1.41789,0.122439,-0.754727,-0.13532,-1.61621,0.0872422,-0.676228,1.09425,0.209195,-0.0387604,-4.54088,0.0115876,0.4588,0.389888,
50,-0.00341586,0,-0.0104831,0.234399,-0.0364394,0,-0.295844,0,0.511292,0.933848,-0.0632783,-0.123143,-0.329787,0.431422,0.541431,-0.479852,-0.540225,0.141199,-0.523448,0.247312,1.22334,1.93522,-0.523038,-0.248091,-2.54429,-0.560418,3.02254,-0.822369,1.88113,1.25405,0.0600394,-7.26553,0.00122453,0.372199,-0.0508281,
51,-0.0049702,0,0.0259734,0.329976,-0.265393,0,0.127244,0,0.526141,0.950719,-0.0660263,-0.096405,-0.287194,0.391831,0.677584,-0.439449,-0.530536,-0.259216,-0.523486,0.265197,1.22016,2.31266,-1.21105,0.322132,0.347675,1.3604,1.88274,-0.804438,3.5281,0.55748,0.231398,-8.82816,-0.00246814,0.334796,-0.0646233,
52,-0.00632707,0,0.176686,-0.0554413,0.0103539,0,0.482319,0,0.527892,0.964912,-0.0481269,-0.0659532,-0.249556,0.35733,0.910195,-0.459845,-0.521765,-0.583287,-0.523585,0.280809,1.21676,2.26045,-0.799003,-0.27276,0.850504,1.35709,0.688524,-0.566039,5.76013,-1.33776,0.00129533,-0.185805,-0.00238681,0.297793,-0.0756123,
53,-0.00711656,0,0.12738,-0.257551,-0.299765,0,0.475147,0,0.532547,0.967673,-0.00741114,-0.0837357,-0.237785,0.36762,1.17536,-0.522991,-0.523582,-0.486853,-0.523513,0.289894,1.2114,1.47177,-0.278702,0.455264,1.73984,-1.19773,-0.239516,0.949018,4.87903,-1.1856,-0.0437908,3.65717,0.000233107,0.0807397,-0.137427,
54,-0.00750942,0.0227023,0.0197033,-0.391161,-0.358533,0,0.292766,0,0.558206,0.957921,0.0227062,-0.0763876,-0.275749,0.4378,1.24037,-0.529971,-0.526092,-0.225773,-0.523531,0.294414,1.20477,1.36529,0.272028,0.565071,0.340049,0.163458,-2.11587,1.84221,-0.852955,0.162401,-0.0443983,6.82354,-0.00161446,0.0905817,-0.0820506,
55,-0.00785459,0.0308609,-0.0165014,-0.464974,-0.20608,0,-0.102258,0,0.577113,0.941591,0.0308707,-0.0788111,-0.325948,0.531233,1.12716,-0.525518,-0.528126,0.160198,-0.523578,0.298386,1.20526,1.26648,0.418762,0.142584,0.113439,-0.190545,-2.14277,1.54559,-3.65338,0.03446,-0.0376915,8.6007,-0.000485322,0.0637976,0.092607,
56,-0.0080081,0.0269384,-0.0239565,-0.270942,-0.0544723,0,-0.492181,0,0.573467,0.925771,0.0269449,-0.0855454,-0.367292,0.531565,0.863718,-0.52445,-0.529674,0.549314,-0.523605,0.300153,1.21561,1.20852,0.373888,-0.245099,-0.557958,-0.835482,-0.994293,-0.356085,-6.85697,0.00846938,-0.0210788,3.91162,-0.00283735,-0.00576197,0.344007,
57,-0.00778806,0.00223927,-0.02243,0.0317192,0.13444,0,-0.514626,0,0.548998,0.921767,0.00223928,-0.101124,-0.37432,0.509234,0.501333,-0.523982,-0.530447,0.523343,-0.523832,0.297621,1.22491,1.40407,0.150858,-0.677433,-0.433088,-1.28677,0.169536,-0.531483,-3.42065,0.00412944,-0.016981,-2.64594,0.00182959,-0.0906483,-0.0623394,
58,-0.00720674,0,-0.0175602,0.176698,0.0922454,0,-0.397492,0,0.515651,0.927364,-0.0368204,-0.123306,-0.351335,0.47834,0.50438,-0.500412,-0.530866,0.303793,-0.523,0.290932,1.22228,1.67304,-0.272031,-0.558645,-2.3787,-1.14591,2.61082,-0.713574,0.832402,0.916382,0.0111851,-6.0528,-0.00354076,-0.182904,-0.0299312,
59,-0.00630381,0,-0.000890943,0.290474,-0.427805,0,-0.0941054,0,0.515631,0.943966,-0.0651128,-0.107967,-0.30501,0.442166,0.578288,-0.45197,-0.523864,-0.0546504,-0.523343,0.280542,1.22053,2.498,-1.34355,0.719582,-0.00595055,1.66497,2.02741,-0.739303,2.10926,0.955488,0.240148,-8.17705,-0.00312919,-0.236623,-0.0342053,
60,-0.00518811,0,0.101024,0.340344,-0.193538,0,0.364822,0,0.53821,0.963491,-0.0567242,-0.0668562,-0.252976,0.405368,0.734406,-0.483095,-0.522539,-0.471035,-0.523529,0.267704,1.21875,2.34081,-1.29931,0.18628,0.148942,1.55283,2.52592,-0.732081,4.11818,-2.17461,-0.0338872,-8.47579,-0.00219505,-0.276551,-0.0371536,
61,-0.00391185,0,0.225297,-0.129344,-0.343482,0,0.506024,0,0.538823,0.974046,-0.0275577,-0.0415697,-0.220787,0.390607,0.995933,-0.542619,-0.524947,-0.567437,-0.523581,0.253019,1.21611,1.81873,-0.627472,0.581563,2.23518,-0.836766,0.597444,0.277419,6.17986,0.359991,-0.0686612,1.80226,0.000439257,-0.447002,-0.118049,
62,-0.00170284,0.00898849,0.0920732,-0.339731,-0.304548,0,0.41882,0,0.575054,0.972491,0.00898873,-0.089007,-0.215078,0.448947,1.25753,-0.528306,-0.528176,-0.387239,-0.523598,0.227601,1.20908,1.45684,-0.435866,0.489768,1.58428,-1.37684,-0.314129,1.97866,1.76962,0.140287,-0.0611882,5.37425,-0.00249572,-0.504228,-0.140678,
63,0.000354903,0.0390667,-0.00381027,-0.452916,-0.218605,0,0.148583,0,0.593711,0.964753,0.0390866,-0.092712,-0.243163,0.536281,1.21686,-0.525005,-0.531468,-0.051971,-0.523286,0.203925,1.20321,1.36494,-0.0905294,0.254763,0.676914,1.51202,-2.06946,0.181026,-2.19918,0.0216232,-0.0709136,8.01569,-0.00206303,-0.447637,-0.0962578,
64,0.00212043,0.0550523,-0.0215861,-0.463915,-0.237473,0,-0.264239,0,0.604926,0.954318,0.055108,-0.0732686,-0.28438,0.526886,1.02676,-0.524388,-0.534604,0.365686,-0.523499,0.18361,1.2077,1.12173,0.327271,0.258149,-0.114413,-0.323398,-1.41649,-0.25145,-5.37623,0.00420188,-0.0533828,8.68366,-0.0029304,-0.357072,0.293736,
65,0.00368474,0.0388868,-0.0230138,-0.0396981,-0.0767812,0,-0.487958,0,0.609154,0.948954,0.0389064,-0.0833963,-0.301691,0.5102,0.679485,-0.524381,-0.536771,0.570089,-0.523789,0.165611,1.22607,1.27548,0.104471,-0.129287,-0.883694,-0.769031,0.145812,-0.417375,-8.48894,-0.000296606,-0.0347753,-0.850911,-0.010376,-0.36433,0.0207512,
66,0.0052187,0.0157596,-0.0202846,0.109547,0.0747587,0,-0.417944,0,0.593772,0.950072,0.0157609,-0.106654,-0.292814,0.485304,0.469513,-0.524049,-0.538588,0.439737,-0.523925,0.147961,1.22315,1.3777,0.0300614,-0.46066,-0.165667,-1.61021,0.770777,-0.576202,0.990806,0.00335172,-0.0388992,-4.33546,0.00759616,-0.341987,-0.0457533,
67,0.00662773,0,-0.0122062,0.20766,0.0850964,0,-0.199141,0,0.564903,0.95514,-0.0138418,-0.136946,-0.262223,0.452926,0.539374,-0.511043,-0.540162,0.154024,-0.523443,0.131748,1.22201,1.63087,-0.325763,-0.453385,-2.12141,-0.873419,2.9765,-0.738364,1.74766,0.487704,-0.0118652,-6.97578,0.00313486,-0.321807,-0.00717104,
68,0.00790314,0,0.0371798,0.254523,-0.111082,0,0.0715327,0,0.543435,0.969006,-0.0713442,-0.129773,-0.197729,0.415163,0.662624,-0.475571,-0.538654,-0.219416,-0.523488,0.117072,1.22139,2.15723,-0.718334,0.0522356,0.166069,1.02512,1.80176,-0.732093,3.19543,0.713462,0.172375,-7.83056,0.000756721,-0.25639,-0.0262702,
69,0.00887368,0,0.615142,0.0374838,0.019024,0,0.447195,0,0.547942,0.982072,-0.0584425,-0.0903987,-0.154748,0.38635,0.865254,-0.465856,-0.527914,-0.564735,-0.523546,0.105904,1.21999,2.2895,-0.63709,-0.197386,0.693167,1.59378,1.12463,-0.415937,4.8957,-0.200898,0.208712,-2.54843,-0.00238667,-0.178213,-0.034064,
70,0.00945904,0,0.534108,-0.207555,0.141704,0,0.487579,0,0.529266,0.985926,-0.0150141,-0.0743079,-0.149009,0.478068,1.10828,-0.470346,-0.52215,-0.518023,-0.523439,0.0991678,1.21821,2.40394,-0.474571,-0.468717,3.06448,-0.286472,-0.635296,4.0319,4.79166,0.0169109,-0.0228783,2.77799,-0.000391461,-0.100588,-0.034802,
71,0.00999504,0.0206403,0.0681535,-0.362484,-0.444017,0,0.359197,0,0.559279,0.978844,0.0206433,-0.0840932,-0.185384,0.555143,1.25169,-0.443707,-0.524211,-0.298004,-0.523463,0.093,1.21488,1.44726,0.47115,0.884065,0.467292,0.492631,-2.23362,-0.741045,-0.214296,1.04661,-0.045716,5.9958,-0.0021223,-0.0657591,-0.120585,
72,0.0100898,0.033674,-0.0111342,-0.448228,-0.285593,0,0.0146903,0,0.591683,0.968147,0.0336867,-0.07347,-0.236979,0.52822,1.17452,-0.473117,-0.526243,0.0593836,-0.523562,0.0919098,1.21207,1.25195,0.539128,0.421336,0.0308259,0.260621,-2.04604,-0.280599,-2.84712,-2.19728,-0.0334978,8.27999,-0.00105499,0.0238107,0.00176564,
73,0.00978362,0.033266,-0.0215762,-0.433757,-0.108131,0,-0.407327,0,0.601214,0.954964,0.0332783,-0.0700516,-0.286407,0.512784,0.953457,-0.54096,-0.527521,0.465918,-0.523585,0.0954328,1.21787,1.30252,0.504191,-0.0431366,-0.31032,-0.242656,-2.1129,-0.333376,-5.96848,0.277405,-0.019866,7.98543,-0.000202217,0.120718,0.237204,
74,0.00921023,0.0165471,-0.0212301,0.00716504,0.0899728,0,-0.51964,0,0.588351,0.946691,0.0165487,-0.0770303,-0.312359,0.491934,0.582879,-0.527688,-0.528058,0.560492,-0.523771,0.102031,1.22327,1.5676,0.225123,-0.514533,-0.858829,-0.504852,-0.391122,-0.495646,-8.83282,0.140563,-0.00506349,-1.67023,-0.00695489,0.151457,-0.0312704,
75,0.00847786,0,-0.0174884,0.164096,0.220483,0,-0.398652,0,0.555921,0.943515,-9.11922e-05,-0.100928,-0.315585,0.463701,0.473298,-0.504609,-0.528537,0.384394,-0.523511,0.110458,1.22209,1.66946,0.123904,-0.817932,-0.0974936,-1.4539,0.181947,-0.632716,1.37137,0.775256,-0.010643,-5.34297,0.00540336,0.189527,-0.0106633,
76,0.00763287,0,-0.00591081,0.262345,0.136235,0,-0.166982,0,0.518583,0.951088,-0.0446734,-0.114395,-0.283461,0.4284,0.569469,-0.428516,-0.528249,0.057097,-0.523463,0.120182,1.22178,2.0763,-0.36713,-0.590672,-3.00713,-0.496948,3.23416,-0.784395,2.46036,2.24626,0.0273951,-7.69113,-0.00106493,0.191467,-0.00174059,
77,0.00664046,0,0.0528991,0.313597,-0.131104,0,0.241166,0,0.519515,0.962386,-0.0525468,-0.085125,-0.252596,0.392644,0.739153,-0.312672,-0.521739,-0.337692,-0.523497,0.131601,1.22093,2.77877,-0.981094,0.0429056,0.457367,1.39533,0.748237,-0.69615,4.29065,2.62843,0.00131746,-8.23469,-0.00224956,0.256536,-0.0216755,
78,0.00548055,0,0.163173,-0.0842207,-0.405321,0,0.494309,0,0.514023,0.965913,-0.0320391,-0.0630721,-0.249014,0.369535,1.00516,-0.207255,-0.523357,-0.562881,-0.52358,0.144948,1.21972,1.8713,-0.108344,0.714606,1.03979,-1.32925,-0.460058,-0.0494267,6.17691,1.58737,-0.0427826,0.454945,0.00106654,0.130228,-0.0880722,
79,0.0049792,0,0.0889288,-0.276038,-0.385356,0,0.436315,0,0.554694,0.961838,-0.0116899,-0.088294,-0.258718,0.399669,1.26055,-0.203471,-0.52604,-0.45142,-0.523522,0.150716,1.21355,1.51239,0.120715,0.65187,0.239331,0.501005,-0.829801,1.18981,1.14996,-1.40404,-0.0569938,3.968,-0.00331336,0.14818,-0.128952,
80,0.00424896,0,0.0120721,-0.392056,-0.176577,0,0.186943,0,0.573808,0.956938,-0.00295596,-0.0728321,-0.280992,0.473854,1.21739,-0.341668,-0.528713,-0.178765,-0.523738,0.159119,1.20715,1.34118,0.231682,0.118905,0.0287651,0.845691,-1.0335,1.77195,-1.963,-4.10168,-0.0495279,6.91554,-0.00310808,0.186942,-0.127945,
81,0.00336916,0.00283716,-0.016992,-0.414846,-0.0710208,0,-0.201848,0,0.568523,0.95057,0.00283717,-0.0489135,-0.306619,0.536792,1.04976,-0.55919,-0.530788,0.192625,-0.523728,0.169242,1.20095,1.23245,0.483718,-0.147194,-0.537462,0.315022,-1.36122,-0.0586247,-4.71619,-1.74322,-0.0293439,7.93939,0.00680461,0.230657,-0.0896012,
82,0.00231356,0,-0.0228219,-0.287399,0.0612402,0,-0.564498,0,0.555568,0.938312,-0.0180421,-0.0455743,-0.342298,0.524287,0.743715,-0.540995,-0.531928,0.54369,-0.523525,0.181388,1.19927,1.24541,0.517744,-0.479708,-1.15225,-0.271337,-1.13753,-0.322587,-7.50424,0.597359,-0.0170883,5.06536,-0.0015065,0.243321,-0.00425172,
83,0.00134402,0,-0.0216307,0.0912333,0.214987,0,-0.600003,0,0.521065,0.934631,-0.0490348,-0.0516506,-0.348414,0.503741,0.456933,-0.501548,-0.532574,0.525711,-0.523573,0.192544,1.19943,1.49507,0.268629,-0.837832,-0.587142,-1.26568,0.180884,-0.490621,0.353831,0.98936,-0.0161922,-2.8678,0.00127482,0.210443,0.00736677,
84,0.000462302,0,-0.016155,0.273692,-0.0999395,0,-0.394093,0,0.485527,0.93631,-0.0476129,-0.0693097,-0.340958,0.476258,0.521767,-0.416427,-0.532882,0.276807,-0.523636,0.202689,1.19968,1.21085,-0.418729,-0.116245,0.910904,-0.393848,-0.169746,-0.593858,1.66969,2.39579,0.0438418,-7.03889,-0.0115229,0.161621,0.0157566,
85,-2.33535e-05,0,0.00535712,0.357286,-0.507623,0,0.038524,0,0.499154,0.93579,-0.0464159,-0.0829389,-0.339506,0.444085,0.653299,-0.318727,-0.527299,-0.135392,-0.523526,0.208277,1.20127,1.29029,-0.98713,0.914374,-1.17475,1.27842,1.70191,-0.712402,3.55777,1.31604,0.197051,-9.18471,0.112473,0.0789819,0.0446847,
86,-0.000339929,0,0.102704,0.130483,-0.374665,0,0.423934,0,0.53454,0.952069,-0.0658252,-0.0396067,-0.296081,0.409626,0.891477,-0.346813,-0.522446,-0.554521,-0.52309,0.21192,1.20335,1.22096,-0.630008,0.586504,1.09644,0.22025,1.44783,-0.663663,5.84048,-2.37044,-0.0380088,-3.43112,-0.0133294,0.0607803,0.031615,
87,-0.000565615,0,0.111937,-0.189391,-0.191629,0,0.504921,0,0.554775,0.959878,-0.00877219,-0.0721399,-0.27084,0.395486,1.19593,-0.529016,-0.52523,-0.525506,-0.523492,0.214516,1.20465,1.29838,-0.330996,0.163974,2.981,-0.816651,0.552568,0.100646,6.39576,-3.99518,-0.0602235,2.43953,-0.00409537,0.0493289,0.0232764,
88,-0.000992296,0.0397512,0.0350988,-0.354675,-0.438129,0,0.415605,0,0.56686,0.952517,0.0397722,-0.0864986,-0.289218,0.422055,1.24184,-0.541895,-0.528055,-0.317192,-0.52322,0.219426,1.20463,1.52228,0.281936,0.763849,0.387209,0.336959,-2.16295,0.947475,-0.981643,0.538862,-0.0516848,5.76707,0.000352798,0.18538,-0.0579807,
89,-0.00181865,0.0471789,-0.00778322,-0.465302,-0.305675,0,0.0684415,0,0.596158,0.934369,0.0472139,-0.0853483,-0.342698,0.474829,1.12897,-0.527566,-0.53033,0.0395277,-0.523475,0.228934,1.20854,1.44121,0.419706,0.364933,-0.0667942,-0.30123,-2.38978,1.1619,-3.51253,0.108099,-0.0400705,8.47907,-0.00386501,0.195403,0.206074,
90,-0.0026427,0.0432981,-0.021513,-0.470808,-0.108831,0,-0.386857,0,0.601014,0.912431,0.0433252,-0.0887089,-0.397143,0.527427,0.8723,-0.524941,-0.532068,0.465474,-0.523577,0.238416,1.22429,1.37148,0.455978,-0.152286,-0.383332,-0.519946,-2.08289,0.427179,-6.72592,0.0179487,-0.0298668,8.55439,-0.000697224,0.190615,0.115472,
91,-0.00331042,0.0228132,-0.0224601,-0.0100913,0.0641382,0,-0.512857,0,0.581831,0.90215,0.0228172,-0.099238,-0.419233,0.525515,0.484305,-0.524173,-0.533102,0.565606,-0.523717,0.246099,1.22304,1.59648,0.0958069,-0.563163,-0.362046,-1.26805,-0.201979,-0.183784,-3.65115,0.00654943,-0.0205433,-1.76447,0.00351981,0.121687,-0.0390249,
92,-0.00371195,0,-0.0193887,0.135174,0.0406427,0,-0.417715,0,0.551272,0.903384,-0.00803146,-0.125276,-0.410046,0.511781,0.498277,-0.512935,-0.533905,0.388087,-0.523454,0.250719,1.22203,1.76857,-0.307205,-0.501176,-2.0963,-1.0975,1.98585,-0.379652,1.01557,0.41868,0.00296655,-5.23352,0.000670267,0.0559034,-0.00640262,
93,-0.00383502,0,-0.00951294,0.265824,0.0253055,0,-0.24608,0,0.521822,0.922195,-0.0788224,-0.122455,-0.358256,0.489427,0.572368,-0.486307,-0.533127,0.0586655,-0.523532,0.252135,1.22167,1.8311,-0.762209,-0.414977,-0.672706,-0.117124,2.00068,-0.479582,1.96313,0.549599,0.0701298,-7.92815,-0.000964646,0.0155183,-0.0194937,
94,-0.00381533,0,0.0358443,0.344526,-0.128362,0,0.225779,0,0.528273,0.942183,-0.0704483,-0.0919588,-0.314439,0.465319,0.717391,-0.46795,-0.523457,-0.361534,-0.523526,0.251908,1.22062,2.17268,-1.31264,-0.0251858,0.481257,1.26706,1.9182,-0.50239,3.81496,0.407044,0.177688,-9.07075,-0.00167892,-0.0191999,-0.0225398,
95,-0.00370878,0,0.118612,-0.113681,0.0944075,0,0.486446,0,0.512384,0.954823,-0.0421479,-0.0679373,-0.286218,0.448018,0.966406,-0.470223,-0.522942,-0.575285,-0.523543,0.250682,1.21913,2.16369,-0.777724,-0.498416,2.74735,0.733415,0.724088,-0.16287,6.05891,-0.49442,-0.0503868,0.95869,0.0094735,-0.0459962,-0.0408743,
96,-0.00274454,0.00378475,0.0609466,-0.292141,-0.489825,0,0.454415,0,0.54836,0.952733,0.00378476,-0.0811445,-0.292747,0.468758,1.22695,-0.476686,-0.525849,-0.438567,-0.523386,0.239587,1.21037,1.21913,-0.210065,0.908039,1.28423,0.222088,-1.19385,0.868795,3.82893,0.232656,-0.0580554,4.4638,-0.0053603,-0.262377,-0.20837,
97,-0.0016247,0.0322854,0.00238255,-0.421066,-0.362045,0,0.224603,0,0.581176,0.943175,0.0322966,-0.0774526,-0.321526,0.522164,1.22951,-0.537004,-0.528492,-0.138452,-0.52373,0.226702,1.20093,1.07014,0.002257,0.528339,0.702063,0.174869,-1.61591,1.27046,-1.43299,-0.634467,-0.0482674,7.52504,-0.00149199,-0.24263,-0.150076,
98,-0.000649169,0.0456704,-0.0182797,-0.474708,-0.227828,0,-0.185132,0,0.599588,0.928916,0.0457022,-0.0826827,-0.358036,0.529209,1.0825,-0.53081,-0.530685,0.269398,-0.523545,0.215478,1.20014,0.961157,0.175555,0.161641,0.301813,-0.366968,-1.52149,-0.17648,-4.42334,0.203913,-0.0393446,8.77572,0.00224283,-0.207682,0.107794,
99,0.000270387,0.040892,-0.0224519,-0.0981866,-0.0750046,0,-0.49599,0,0.597899,0.917929,0.0409148,-0.0953525,-0.382937,0.517,0.77971,-0.525325,-0.532255,0.584085,-0.523641,0.204897,1.21502,1.01561,-0.0440308,-0.214537,-0.484024,-1.01049,-0.000940871,-0.319449,-7.66023,0.0416488,-0.0203181,0.0969418,-0.00694672,-0.234033,0.491156,
100,0.00129923,0.019276,-0.0202441,0.0721387,0.0944613,0,-0.450238,0,0.576062,0.918674,0.0192784,-0.117856,-0.376533,0.496893,0.473368,-0.524102,-0.533215,0.483603,-0.523869,0.193059,1.22467,1.13161,-0.149652,-0.588852,0.0315007,-1.61953,0.682234,-0.482284,-0.407973,0.00849352,-0.0230611,-3.79854,0.00601572,-0.242045,-0.0648868,
101,0.00240251,0,-0.0142374,0.194466,0.0642723,0,-0.305688,0,0.552435,0.932813,-0.0304437,-0.135677,-0.332451,0.468279,0.515911,-0.508201,-0.533456,0.221992,-0.52325,0.180365,1.22236,1.38841,-0.575549,-0.476683,-2.24665,-1.14586,3.18912,-0.652104,1.21124,0.631858,0.00944409,-6.6728,-0.00694806,-0.263069,-0.0213365,
102,0.00350164,0,0.0118227,0.27279,-0.349738,0,-0.0276745,0,0.538689,0.952068,-0.0828709,-0.126677,-0.265804,0.43476,0.610854,-0.47278,-0.52948,-0.153795,-0.523429,0.167718,1.22102,2.12098,-1.33497,0.552481,0.31937,1.4452,2.17171,-0.652594,2.59536,0.531038,0.261008,-8.16447,3.26065e-05,-0.238104,-0.0365406,
103,0.00446146,0,0.238352,0.229314,-0.0961238,0,0.426024,0,0.553207,0.970683,-0.0660094,-0.0909512,-0.212472,0.404716,0.787554,-0.510611,-0.521808,-0.557243,-0.523542,0.156674,1.21902,1.99777,-1.2169,0.00360702,0.753747,1.42544,2.17667,-0.54598,4.45584,-2.01113,-0.0262218,-6.51336,-0.00200924,-0.20086,-0.0439708,
104,0.00516164,0,0.287052,-0.189031,0.100669,0,0.479613,0,0.539175,0.978419,-0.0319286,-0.0627884,-0.194253,0.422859,1.04672,-0.536048,-0.523748,-0.545087,-0.523523,0.148617,1.21649,2.14593,-0.802962,-0.420617,2.70766,0.555726,0.185816,1.24165,5.81685,0.328004,-0.0591281,2.6177,0.0145212,-0.146567,-0.054547,
105,0.00603284,0.0157325,0.0659305,-0.358362,-0.297664,0,0.380161,0,0.549877,0.973809,0.0157338,-0.0867457,-0.20958,0.534447,1.2474,-0.50112,-0.526699,-0.330739,-0.523469,0.138593,1.21452,1.40411,-0.00441419,0.478299,0.980404,0.913756,-2.34005,2.09695,0.31451,1.0787,-0.0654322,5.8474,-0.000696813,-0.173249,-0.0393156,
106,0.00657737,0.0315565,-0.00927679,-0.457788,-0.241277,0,0.0496264,0,0.573238,0.962634,0.0315669,-0.0854433,-0.255025,0.535431,1.19115,-0.503032,-0.529516,0.0229325,-0.523554,0.132327,1.21675,1.09986,0.375759,0.296546,0.208591,-0.250113,-1.76975,-0.365544,-2.42661,-1.12851,-0.0502518,8.28452,-0.00117645,-0.0843109,0.101575,
107,0.00678324,0.0325972,-0.0214242,-0.463849,-0.0548403,0,-0.380974,0,0.576643,0.949545,0.0326088,-0.095342,-0.297003,0.51605,0.98887,-0.53435,-0.531734,0.436037,-0.523585,0.129958,1.22327,1.05358,0.387824,-0.173983,-0.148599,-0.592789,-1.7793,-0.407876,-5.63847,0.202512,-0.0397543,8.2425,-0.000337349,-0.0130982,0.000519754,
108,0.00683239,0.0168176,-0.0214318,-0.0368948,0.137156,0,-0.52304,0,0.557258,0.941545,0.0168192,-0.109787,-0.318051,0.491655,0.628825,-0.525984,-0.533244,0.565332,-0.52379,0.129392,1.22226,1.2855,0.0909143,-0.627364,-0.781026,-0.843843,-0.120665,-0.565358,-8.73826,0.0836738,-0.0229743,-1.43415,-0.00803349,-0.00159641,-0.0142993,
109,0.00680443,0,-0.0179512,0.117608,0.091346,0,-0.443561,0,0.524242,0.942126,-0.0149416,-0.131225,-0.308147,0.459547,0.4763,-0.497621,-0.534239,0.402078,-0.523149,0.129714,1.22191,1.55942,-0.214512,-0.513424,-1.94518,-1.21,1.94926,-0.73288,1.11961,1.02303,-0.00456294,-4.99287,0.0135077,0.00491049,-0.00205886,
110,0.00673526,0,-0.00749161,0.242538,-0.382218,0,-0.243475,0,0.512263,0.955005,-0.0656914,-0.128164,-0.259277,0.420957,0.55267,-0.438125,-0.53081,0.0845062,-0.523305,0.13051,1.22153,2.4223,-1.02738,0.643064,0.0363073,1.38236,1.69627,-0.771277,1.94784,1.12332,0.255445,-7.54047,-0.00319848,0.0345362,-0.0167861,
111,0.00649778,0,0.06933,0.338042,-0.153769,0,0.224608,0,0.532102,0.970915,-0.0553582,-0.093003,-0.213565,0.381423,0.692242,-0.453206,-0.521468,-0.327811,-0.523517,0.133243,1.22054,2.27855,-1.06119,0.133784,0.388514,1.3494,2.26288,-0.81039,3.61891,-1.6979,-0.0130149,-8.94349,-0.00258594,0.0744803,-0.0211651,
112,0.0060329,0,0.438174,-0.0920013,0.114235,0,0.493327,0,0.52452,0.981663,-0.0365547,-0.0621101,-0.176475,0.355062,0.930827,-0.535805,-0.523508,-0.571453,-0.523591,0.138592,1.21919,2.31177,-0.641201,-0.433597,0.942677,1.28003,0.360813,-0.237779,5.9069,-0.191247,-0.0493703,0.632252,-0.000499331,0.14418,-0.0331805,
113,0.00593191,0,0.216375,-0.287376,-0.35412,0,0.447876,0,0.540957,0.979594,-0.00530461,-0.0936298,-0.177765,0.432324,1.19274,-0.517037,-0.526537,-0.45072,-0.523569,0.139754,1.21465,1.4035,-0.046725,0.651728,0.965208,-0.38188,-1.40019,3.19692,4.6988,0.818101,-0.0693549,4.11014,0.00357931,0.0128579,-0.121696,
114,0.0057054,0.0162806,0.0129572,-0.401109,-0.19399,0,0.222892,0,0.564603,0.971313,0.0162821,-0.075378,-0.224953,0.560632,1.24371,-0.53132,-0.530082,-0.171406,-0.523586,0.14236,1.20816,1.23273,0.189027,0.215355,0.394601,1.30446,-2.10341,-0.306758,-1.17563,-0.275493,-0.0691319,7.08169,-0.00176794,0.0784145,-0.133461,
115,0.0051201,0.021369,-0.0180152,-0.447098,-0.148517,0,-0.182266,0,0.575522,0.960478,0.0213723,-0.0693276,-0.268735,0.529145,1.11309,-0.527355,-0.533089,0.214137,-0.523592,0.149095,1.20639,1.08897,0.511958,0.0665688,-0.17644,-0.264991,-1.71029,-0.608633,-4.02874,0.106909,-0.0544082,8.33378,9.20918e-05,0.174089,0.0414812,
116,0.00431003,0.0110773,-0.0222225,-0.19151,0.034399,0,-0.536099,0,0.567669,0.949669,0.0110778,-0.0743548,-0.304102,0.496098,0.834569,-0.524558,-0.5355,0.569466,-0.523611,0.158416,1.21308,1.14348,0.348157,-0.38122,-0.711234,-0.585826,-0.59666,-0.720044,-7.08538,0.0203645,-0.0392099,2.43989,-0.00194449,0.184174,0.226298,
117,0.0035207,0,-0.0197834,0.0782442,0.217442,0,-0.532631,0,0.536588,0.948338,-0.0136906,-0.0846888,-0.305442,0.456485,0.476272,-0.517901,-0.537212,0.511539,-0.523751,0.167498,1.22331,1.34788,0.186969,-0.800631,-0.508436,-1.10078,0.365637,-0.860628,-2.9104,0.251566,-0.035429,-3.25999,0.00471541,0.180747,0.0218873,
118,0.00274049,0,-0.0133894,0.220948,0.239354,0,-0.349302,0,0.489746,0.9498,-0.035212,-0.11452,-0.289007,0.410694,0.502611,-0.466475,-0.538906,0.256222,-0.523471,0.176476,1.22223,1.64,-0.145497,-0.836005,-1.70986,-1.12425,2.2216,-0.995775,1.32483,1.76065,-0.014497,-6.8064,0.0021761,0.163388,-0.0193959,
119,0.00205017,0,0.0114305,0.32727,-0.369055,0,0.0148524,0,0.513636,0.963404,-0.0478245,-0.0804926,-0.251171,0.36259,0.608658,-0.363249,-0.527064,-0.116847,-0.523408,0.184419,1.22136,2.90164,-1.12809,0.616827,0.0240717,1.50501,1.21889,-0.961751,2.89579,2.73055,0.298339,-8.44993,-0.00440365,0.166674,-0.0173008,
120,0.00131378,0,0.190891,0.276792,-0.132021,0,0.451039,0,0.531104,0.973727,-0.0387816,-0.0450112,-0.21983,0.317288,0.809866,-0.297003,-0.52195,-0.52665,-0.523553,0.192892,1.22042,2.72452,-1.01431,0.0777644,0.231382,1.39671,1.26844,-0.846735,5.13433,-0.050764,-0.0410447,-6.62465,-0.00137521,0.175098,-0.0219026,
121,0.000621347,0,0.23376,-0.154681,-0.45348,0,0.496117,0,0.553436,0.976729,-0.0196458,-0.04884,-0.207917,0.314078,1.10793,-0.322213,-0.52475,-0.538291,-0.523487,0.200859,1.2222,1.92354,0.0388346,0.888087,1.83124,-1.69635,0.264752,0.773994,6.70364,-0.971734,-0.0688196,2.18003,0.000420351,0.05365,-0.0630534,
122,0.000351261,0.00958687,0.0830942,-0.353959,-0.226118,0,0.378265,0,0.583551,0.975006,0.00958717,-0.0918547,-0.202073,0.394552,1.26341,-0.451678,-0.528066,-0.341999,-0.523701,0.203967,1.21904,1.72095,0.106928,0.313565,1.157,-1.20969,-0.0481329,2.43024,-0.812411,-4.18017,-0.0630733,5.64384,-0.00615215,0.0715966,-0.0631675,
123,-5.42039e-05,0.0310087,-0.0081348,-0.463208,-0.107678,0,0.0725427,0,0.591496,0.967755,0.0310186,-0.104165,-0.227237,0.528874,1.1586,-0.559261,-0.53134,0.000786238,-0.523309,0.208632,1.21735,1.82298,0.326153,0.0150057,0.522937,0.542669,-2.25704,2.41421,-3.35819,0.703784,-0.0677678,8.04988,0.000512497,0.115181,-0.0059617,
124,-0.000540422,0.0464538,-0.023217,-0.454389,-0.0369095,0,-0.323738,0,0.580793,0.956843,0.0464873,-0.086324,-0.273565,0.534689,0.909796,-0.531192,-0.534497,0.406438,-0.523522,0.214226,1.22245,1.48615,0.619502,-0.190814,-0.43377,-0.0437558,-1.81932,-0.410188,-6.56505,0.275557,-0.0522631,8.1804,-0.00615288,0.115666,0.16644,
125,-0.000909685,0.0152431,-0.0234402,-0.0450309,0.0254159,0,-0.523163,0,0.570872,0.948551,0.0152443,-0.0950087,-0.301649,0.509848,0.506301,-0.524536,-0.536424,0.562083,-0.524243,0.218475,1.22275,1.52965,0.596768,-0.358618,-1.42483,-1.10242,-0.375781,-0.581705,-7.79498,0.0376631,-0.0314872,-0.9745,-0.0167889,0.0602671,-0.0270167,
126,-0.00109105,0,-0.0200312,0.104475,0.163508,0,-0.463545,0,0.546916,0.943354,-0.0176161,-0.130393,-0.304584,0.476933,0.486885,-0.518161,-0.53824,0.419229,-0.524389,0.220562,1.22197,1.61722,0.49712,-0.674321,-0.782012,-1.89791,0.305047,-0.733639,1.20557,0.212291,-0.0346063,-4.70785,0.00246166,0.029964,-0.00586885,
127,-0.00110098,0,-0.0103205,0.221001,-0.291846,0,-0.297837,0,0.525468,0.948308,-0.0772713,-0.145961,-0.270991,0.436496,0.564227,-0.482303,-0.537733,0.112963,-0.522848,0.220676,1.22171,2.24655,-0.412153,0.402609,-0.821386,0.379635,1.74779,-0.833442,1.90822,1.01004,0.140884,-7.43973,-0.00282171,-0.0122255,-0.0144211,
128,-0.00101733,0,0.052268,0.327129,-0.271849,0,0.158424,0,0.549545,0.964607,-0.0726073,-0.115708,-0.225553,0.393848,0.698271,-0.48964,-0.529326,-0.302439,-0.523374,0.219714,1.22068,2.23263,-0.835558,0.399366,0.286346,1.46504,2.50771,-0.882865,3.43148,-1.25707,0.188771,-9.14966,-0.00750113,-0.0307991,-0.0212492,
129,-0.00090678,0,0.474648,-0.113979,0.0070787,0,0.479165,0,0.555074,0.978527,-0.058159,-0.0807009,-0.180529,0.360759,0.925683,-0.539509,-0.522183,-0.60122,-0.52358,0.218442,1.21936,2.26968,-0.395962,-0.196393,0.860341,1.3997,0.571039,-0.42948,5.64917,0.240596,0.00257936,0.711097,-0.00295138,-0.0112428,-0.034554,
130,-0.000856657,0,0.246064,-0.272011,0.0794122,0,0.457836,0,0.539628,0.981503,-0.0106619,-0.0693274,-0.178134,0.426756,1.17882,-0.52267,-0.523929,-0.473711,-0.523501,0.217865,1.21763,2.14559,-0.401606,-0.35647,2.86945,-0.0025301,-0.588099,3.03743,4.49143,0.37922,-0.0511601,4.25743,-3.43902e-05,-0.0120125,-0.0331822,
131,-0.000747603,0.0218517,0.0162619,-0.412393,-0.335836,0,0.249782,0,0.55476,0.97216,0.0218552,-0.0834096,-0.217879,0.555727,1.24442,-0.489082,-0.526183,-0.185322,-0.523522,0.21661,1.21985,1.44946,0.557077,0.565102,0.30811,0.312765,-2.44872,-0.173503,-0.951165,0.958325,-0.0469711,7.19475,0.00229206,0.0277433,0.0276838,
132,-0.000902779,0.0282047,-0.0185494,-0.468977,-0.168584,0,-0.162652,0,0.572297,0.958737,0.0282121,-0.0825921,-0.270565,0.529492,1.12241,-0.503441,-0.528191,0.210491,-0.523558,0.218396,1.22262,1.27853,0.640342,0.110869,-0.0916718,-0.18883,-1.99095,-0.50599,-3.90515,-1.51178,-0.034418,8.62878,-0.00102687,0.0425183,0.00179731,
133,-0.00107613,0.0215597,-0.0228786,-0.172551,-0.0151145,0,-0.515747,0,0.567001,0.944993,0.0215631,-0.0881515,-0.314249,0.501554,0.845947,-0.533486,-0.529578,0.566477,-0.523613,0.22039,1.2221,1.41386,0.469154,-0.280375,-0.683785,-0.777951,-0.982751,-0.619082,-7.12549,0.219914,-0.0175684,1.76969,-0.00426154,0.0181649,-0.00622078,
134,-0.00108591,0,-0.0203042,0.0577467,0.165848,0,-0.508947,0,0.540935,0.939654,-0.00292117,-0.10166,-0.326661,0.466785,0.488091,-0.524751,-0.530256,0.505183,-0.52386,0.220503,1.22191,1.58119,0.3281,-0.701789,-0.517549,-1.21815,-0.0663113,-0.769003,-3.05265,0.112407,-0.0150409,-3.18288,0.0023993,-0.0135471,-0.00142752,
135,-0.000930217,0,-0.0141608,0.198056,0.105709,0,-0.370174,0,0.506854,0.942525,-0.0431333,-0.123025,-0.307655,0.424651,0.503649,-0.490283,-0.530529,0.260958,-0.522989,0.218712,1.2218,1.92061,-0.1022,-0.545436,-2.63455,-1.07626,2.58655,-0.92792,1.07589,1.23958,0.0158577,-6.49381,-0.00346794,-0.0664207,-0.00140329,
136,-0.000639703,0,0.0092076,0.310477,-0.414936,0,-0.0224266,0,0.516721,0.956995,-0.0619481,-0.0998199,-0.265251,0.379151,0.593583,-0.425975,-0.523902,-0.113383,-0.523336,0.215369,1.2213,2.68005,-1.28112,0.724276,0.205051,1.76898,1.74375,-0.912326,2.49902,1.38125,0.232323,-8.45792,-0.00600283,-0.0720775,-0.0102219,
137,-0.000317367,0,0.191863,0.274162,-0.172857,0,0.436614,0,0.539248,0.972448,-0.0481015,-0.0584167,-0.220497,0.335796,0.77238,-0.433897,-0.522586,-0.530414,-0.523539,0.21166,1.22069,2.50969,-1.17134,0.170801,0.433398,1.63434,1.87997,-0.817672,4.63543,-1.66616,-0.0339501,-6.83293,-0.00207031,-0.0731541,-0.0161315,
138,0.000257122,0,0.252659,-0.152557,-0.460291,0,0.490816,0,0.553609,0.977954,-0.0237068,-0.0446886,-0.202603,0.335749,1.04506,-0.537219,-0.524734,-0.540678,-0.523522,0.20505,1.21796,1.66436,-0.514671,0.912691,1.71818,-1.3746,0.177595,0.903538,6.15871,-0.982144,-0.057073,2.21837,0.00203448,-0.284038,-0.124408,
139,0.00141076,0.00999557,0.0760743,-0.347738,-0.260931,0,0.379801,0,0.58644,0.974189,0.0099959,-0.0836073,-0.209442,0.426524,1.26333,-0.532494,-0.527538,-0.342751,-0.52361,0.191776,1.21183,1.64534,-0.459797,0.389141,1.31376,-1.0208,-0.854923,2.70853,0.0648341,0.245746,-0.0523285,5.66499,-0.0046514,-0.245606,-0.120856,
140,0.00239152,0.0366801,-0.00851326,-0.463999,-0.141283,0,0.0842902,0,0.593992,0.965514,0.0366966,-0.105602,-0.235125,0.540152,1.19289,-0.525693,-0.530132,0.00228064,-0.523466,0.180491,1.20758,1.50172,-0.160629,0.0836202,0.449703,1.27656,-2.10963,0.214702,-2.68172,0.0535691,-0.0588015,8.0415,0.0395927,-0.187156,-0.0631462,
141,0.00305066,0.0494372,-0.0222975,-0.446975,-0.194544,0,-0.319827,0,0.594957,0.955038,0.0494775,-0.0743067,-0.282725,0.527562,0.977014,-0.524291,-0.53279,0.408922,-0.523367,0.172907,1.21261,1.2477,0.313067,0.158874,-0.520533,-0.284333,-1.57285,-0.342913,-5.91767,0.00933139,-0.0417503,8.23177,-0.00639434,-0.0974574,0.323709,
142,0.00350964,0.0221327,-0.0226982,-0.0376066,-0.0412175,0,-0.505794,0,0.596069,0.949498,0.0221363,-0.0833483,-0.30169,0.506173,0.606482,-0.52429,-0.534344,0.555445,-0.523908,0.167626,1.22547,1.40889,0.134391,-0.20927,-1.27583,-0.775721,-0.0578258,-0.509687,-8.88044,-0.000897907,-0.0241011,-0.89222,-0.0148065,-0.107284,-0.0533764,
143,0.00396633,0,-0.0196293,0.115009,0.101348,0,-0.443952,0,0.578467,0.948528,-0.00694621,-0.109503,-0.297078,0.476863,0.481499,-0.523942,-0.535745,0.419792,-0.52407,0.162371,1.22263,1.50315,0.0529567,-0.52498,-0.52674,-1.66568,0.605879,-0.66093,1.06397,0.00423194,-0.0288781,-4.50404,0.00476236,-0.0992483,-0.0310316,
144,0.00435514,0,-0.010179,0.221406,0.128291,0,-0.224957,0,0.544368,0.950536,-0.0408606,-0.140545,-0.273968,0.44068,0.55431,-0.505863,-0.536929,0.120292,-0.523405,0.157897,1.22127,1.72452,-0.289796,-0.563059,-2.23419,-1.04503,2.6698,-0.810108,1.82688,0.682815,-0.00461577,-7.33902,0.0255776,-0.0973701,-0.0139036,
145,0.00472571,0,0.0424554,0.28544,-0.196884,0,0.119481,0,0.546584,0.96479,-0.0727387,-0.117732,-0.223671,0.400847,0.684634,-0.463411,-0.529192,-0.266532,-0.523347,0.153633,1.22022,2.4363,-0.784632,0.223379,0.330545,1.13696,1.37185,-0.779474,3.37888,1.1125,0.250932,-8.26178,-0.00633596,-0.0611102,-0.0297569,
146,0.00488911,0,0.314221,-0.0722674,0.0768282,0,0.455388,0,0.5435,0.974234,-0.0574596,-0.0914827,-0.197986,0.370586,0.901814,-0.444288,-0.52203,-0.571987,-0.523565,0.151753,1.21856,2.34528,-0.429129,-0.370496,0.813321,1.15786,0.210896,-0.42336,5.29437,-0.317496,-0.0216672,-0.352716,-0.00384321,-0.00683787,-0.0402613,
147,0.0048318,0,0.200133,-0.237716,-0.00975253,0,0.46993,0,0.519421,0.976604,-0.011606,-0.0800684,-0.199246,0.408785,1.14668,-0.445328,-0.524122,-0.489794,-0.523536,0.152412,1.21641,1.88454,-0.360308,-0.17739,2.73836,0.27909,-0.608103,1.9517,4.45906,0.267398,-0.061494,3.30378,0.00648586,0.0073385,-0.0615494,
148,0.00494509,0.0221199,0.0264187,-0.378496,-0.449918,0,0.310744,0,0.560258,0.967517,0.0221235,-0.0788424,-0.239177,0.534861,1.24278,-0.433135,-0.527245,-0.245057,-0.523454,0.151109,1.21015,1.22309,0.301519,0.846797,0.607686,0.179286,-1.99767,1.27202,-0.452737,0.205713,-0.0579724,6.47476,-0.00386692,0.0021122,-0.134883,
149,0.00484429,0.0349271,-0.0146303,-0.454761,-0.276927,0,-0.056182,0,0.590743,0.956202,0.0349414,-0.0765127,-0.280361,0.532045,1.15125,-0.50501,-0.529842,0.126732,-0.523572,0.152269,1.2067,0.976768,0.414655,0.356864,0.160753,0.167371,-1.60777,-0.28259,-3.18607,-3.05058,-0.0460795,8.38508,-0.000871903,0.0451875,0.00258628,
150,0.00450413,0.0376428,-0.0223602,-0.37186,-0.111774,0,-0.452333,0,0.597499,0.942867,0.0376606,-0.0783046,-0.32164,0.516091,0.91254,-0.544482,-0.531815,0.52571,-0.523586,0.156183,1.21328,1.09883,0.334979,-0.070106,-0.200687,-0.551699,-1.49197,-0.361537,-6.33599,0.543183,-0.0320823,6.32963,-0.00105471,0.102454,0.267915,
151,0.0041022,0.0213912,-0.0212493,0.0166994,0.106592,0,-0.491535,0,0.582125,0.938279,0.0213945,-0.0910389,-0.332997,0.493625,0.535359,-0.527616,-0.532987,0.536547,-0.523835,0.160807,1.22391,1.33323,0.0555258,-0.572777,-0.67097,-0.633992,0.0260113,-0.529235,-8.73326,0.143941,-0.0190008,-2.14151,-0.00754901,0.0984696,-0.0194859,
152,0.0036815,0.00632947,-0.0170334,0.151961,0.116698,0,-0.346464,0,0.549041,0.93807,0.00632956,-0.120285,-0.324833,0.463666,0.485825,-0.501422,-0.534155,0.343019,-0.523508,0.165648,1.22233,1.54437,-0.21294,-0.587547,-1.19084,-1.10801,1.66139,-0.688512,1.21627,0.87042,-0.0091749,-5.47921,0.00754321,0.0880331,-0.0184643,
153,0.00333325,0,-0.00399582,0.251709,0.143279,0,-0.163487,0,0.520871,0.954562,-0.0615837,-0.120251,-0.265629,0.425991,0.572257,-0.439131,-0.533847,0.0172924,-0.523493,0.169655,1.22186,1.79058,-0.492529,-0.58894,-2.0655,-0.465352,2.83813,-0.789053,2.24786,1.58183,0.0380185,-7.57869,-0.00188378,0.0850665,-0.00657737,
154,0.00288921,0,0.0756984,0.302434,-0.264806,0,0.266167,0,0.532496,0.968296,-0.0553575,-0.0851535,-0.228227,0.389831,0.729367,-0.35623,-0.524532,-0.368115,-0.523489,0.174764,1.22108,2.65363,-1.3867,0.379683,0.481119,1.92453,1.49756,-0.706347,3.99981,1.9896,0.234052,-7.98639,-0.00208877,0.111101,-0.0151203,
155,0.00233664,0,0.284941,-0.0824141,-0.132122,0,0.507099,0,0.536658,0.977205,-0.0303936,-0.0417188,-0.205926,0.369329,0.979985,-0.306134,-0.522739,-0.574881,-0.523596,0.181123,1.22005,2.37617,-0.927531,0.0918977,1.00506,1.25293,0.243452,-0.0581089,5.95461,0.0329378,-0.0272238,0.841502,-0.00153189,0.0926728,-0.0493792,
156,0.00265318,0.00111035,0.143526,-0.279824,-0.400402,0,0.452069,0,0.580467,0.976591,0.00111035,-0.067784,-0.204141,0.428952,1.2388,-0.328771,-0.524489,-0.441654,-0.523594,0.17748,1.21344,1.46886,-0.585365,0.74632,1.37733,-0.868264,-0.330844,2.24584,2.53471,-0.918474,-0.0356309,4.45871,-0.00209463,-0.0770555,-0.142004,
157,0.00291007,0.0259399,0.00960872,-0.429308,-0.178936,0,0.214176,0,0.604071,0.972699,0.0259457,-0.0892668,-0.212638,0.547547,1.22413,-0.446103,-0.526174,-0.142189,-0.5237,0.174524,1.20662,1.2114,-0.44671,0.192718,0.991773,-0.388253,-0.343983,0.588977,-1.55939,-3.75884,-0.0334231,7.49288,-0.000372431,-0.0455171,-0.133106,
158,0.00302132,0.0465684,-0.0209936,-0.48406,0.0439236,0,-0.175926,0,0.600627,0.96767,0.0466021,-0.099028,-0.227236,0.532016,1.06931,-0.548208,-0.527704,0.26267,-0.52354,0.173244,1.20482,1.20861,-0.460015,-0.325731,0.69028,-0.150054,-1.16665,-0.421804,-4.60891,0.410827,-0.0280306,8.69493,0.000689687,-0.00388639,0.0606529,
159,0.00303293,0.0541497,-0.0240164,-0.114736,0.0537499,0,-0.466043,0,0.574111,0.962059,0.0542027,-0.10438,-0.246188,0.50748,0.755646,-0.518697,-0.528736,0.577278,-0.523643,0.173111,1.21725,1.06066,-0.425392,-0.366757,-1.01243,-1.0491,-0.218632,-0.563871,-7.91079,0.720333,-0.00269978,0.254456,-0.0133678,-0.0381325,0.527865,
160,0.00321074,0.0174822,-0.0216078,0.0432184,0.090447,0,-0.457994,0,0.550438,0.959881,0.0174839,-0.127832,-0.248961,0.475231,0.466976,-0.474052,-0.528729,0.488631,-0.523935,0.171065,1.2251,1.23754,-0.446723,-0.452207,-1.34176,-1.57169,0.782985,-0.732111,0.15582,1.05605,0.00264237,-3.41323,0.0288496,-0.0478115,-0.0835202,
161,0.00345001,0,-0.0161872,0.160992,0.030882,0,-0.357622,0,0.526366,0.96361,-0.0456007,-0.153949,-0.213719,0.434773,0.517243,-0.407096,-0.528049,0.242443,-0.523346,0.168312,1.2224,1.70252,-0.690063,-0.282947,-2.1036,-0.986013,2.43206,-0.872566,1.21725,1.52925,0.0853813,-6.34415,-0.00189952,-0.0612851,-0.0242169,
162,0.00367328,0,0.0177032,0.280889,-0.237101,0,0.0220832,0,0.547275,0.975457,-0.0460308,-0.125625,-0.174879,0.391136,0.607475,-0.342925,-0.521693,-0.119564,-0.523461,0.165743,1.22034,2.36662,-0.952818,0.366768,0.642194,1.44437,1.58899,-0.905998,2.36295,1.29033,-0.0335621,-8.32031,-0.00374627,-0.0400206,-0.0448089,
163,0.00378486,0,0.729856,0.284004,0.0242556,0,0.468898,0,0.55167,0.98613,-0.0269009,-0.0945413,-0.133739,0.34988,0.77424,-0.322937,-0.523612,-0.521629,-0.523569,0.164459,1.21806,2.22822,-0.934806,-0.188106,0.857467,1.21987,1.69478,-0.745137,4.29147,-0.476213,-0.0378535,-7.76664,-0.00090365,-0.0117328,-0.0466308,
164,0.00368545,0.0015101,0.86755,-0.187322,-0.00950987,0,0.539948,0,0.531001,0.989119,0.0015101,-0.0712852,-0.128687,0.447681,1.03579,-0.339241,-0.525713,-0.547211,-0.523627,0.165603,1.21615,1.83697,-0.168621,-0.107375,-0.18265,0.0942255,-0.919487,4.60407,6.14898,-0.202594,-0.0308108,2.41324,-0.00793596,0.0350319,0.107975,
165,0.00377493,0.0105375,0.162622,-0.373177,-0.270943,0,0.370673,0,0.550085,0.98532,0.0105378,-0.0910949,-0.143994,0.552996,1.24962,-0.351928,-0.528153,-0.331899,-0.523698,0.164573,1.22267,0.822342,0.522074,0.478734,0.782363,0.472163,-1.11767,-0.584168,0.322387,-0.281658,-0.0716595,6.10582,0.0301758,-0.0160131,0.0272496,
166,0.00373536,0.0267299,-0.0109426,-0.458031,-0.128921,0,0.027772,0,0.564185,0.981263,0.0267363,-0.0772129,-0.174489,0.529994,1.19009,-0.414532,-0.531491,0.0324427,-0.523412,0.165028,1.22163,0.658312,0.569225,0.116039,-0.00791456,-0.0405066,-1.21594,-0.224397,-2.5477,-2.21075,-0.053528,8.45451,-0.00444016,0.0370817,-0.0448206,
167,0.00348015,0.021101,-0.0242093,-0.454238,0.0522897,0,-0.416528,0,0.558857,0.975833,0.0211042,-0.0829089,-0.201074,0.517014,0.981866,-0.537797,-0.533766,0.449717,-0.523555,0.167965,1.22232,0.577143,0.578048,-0.318361,-0.449161,-0.639254,-1.1388,-0.28738,-5.75345,-1.10989,-0.0388218,8.24453,-0.00121243,0.0842393,-0.000718273,
168,0.00315037,0.000472642,-0.0240542,-0.0259024,0.263509,0,-0.543994,0,0.530908,0.972613,0.000472642,-0.100667,-0.209498,0.4982,0.618042,-0.53,-0.535251,0.556714,-0.523708,0.17176,1.22199,0.986869,0.272863,-0.814285,-0.909016,-0.90689,0.292698,-0.464803,-8.77614,0.513384,-0.0231452,-1.47387,-0.00596051,0.0751253,-0.00450211,
169,0.0028408,0,-0.0214993,0.127669,0.250483,0,-0.447437,0,0.485583,0.971688,-0.0241007,-0.131396,-0.194879,0.47086,0.471458,-0.457381,-0.536418,0.386698,-0.523461,0.175322,1.2218,1.33621,0.0851934,-0.768408,-1.57669,-1.44943,1.9872,-0.647341,1.27881,2.34953,-0.00819974,-5.20241,0.00714122,0.0561722,-0.00139897,
170,0.00259306,0,-0.0103616,0.265874,-0.451032,0,-0.168931,0,0.521656,0.979195,-0.0372311,-0.106152,-0.168887,0.439024,0.558333,-0.325906,-0.522457,0.0750013,-0.523355,0.178172,1.22173,2.85575,-0.587991,0.920219,0.0379601,1.2739,0.718517,-0.671685,2.17724,3.30755,0.285514,-7.60274,-0.00582888,0.0659168,-0.00101436,
171,0.00228731,0,0.162924,0.332336,-0.233379,0,0.275748,0,0.554362,0.986146,-0.0319652,-0.0757628,-0.144066,0.403711,0.713245,-0.246644,-0.522137,-0.327005,-0.523544,0.18169,1.22163,2.65521,-0.649615,0.388751,0.15772,1.16433,1.35756,-0.73955,4.00359,-0.108986,-0.0538675,-8.47057,-0.00171078,0.0750846,-0.00273037,
172,0.00189519,0,0.948041,-0.0697823,0.0183932,0,0.518763,0,0.560045,0.990819,-0.0207757,-0.0480524,-0.124651,0.397558,0.969502,-0.293265,-0.524953,-0.568529,-0.523592,0.186202,1.22126,2.53549,-0.298177,-0.165874,0.599311,1.16327,-0.0122498,0.488543,6.22927,-1.73357,-0.0601136,0.459697,-0.000854123,0.107678,-0.0137365,
173,0.00167753,0.00731583,0.388271,-0.266517,-0.183938,0,0.471469,0,0.570804,0.987357,0.00731596,-0.065862,-0.143997,0.558648,1.24078,-0.373192,-0.528205,-0.45072,-0.523508,0.188706,1.22176,1.95513,0.132244,0.272951,1.47761,-1.32018,-1.14358,1.41499,2.13822,-1.48692,-0.0696057,4.20672,-0.00554723,0.025182,0.0192191,
174,0.00151305,0.0361205,0.0205273,-0.42472,-0.0383958,0,0.255885,0,0.571366,0.979701,0.0361362,-0.0924587,-0.17416,0.540271,1.22251,-0.479085,-0.531643,-0.160412,-0.523632,0.190599,1.22183,1.78753,0.443935,-0.088073,0.675503,0.680884,-2.35179,-0.519861,-1.54337,-2.71566,-0.0754981,7.31605,0.0306503,0.069065,-0.00820395,
175,0.00101121,0.0425724,-0.0196364,-0.47978,-0.122659,0,-0.162908,0,0.575107,0.965755,0.0425982,-0.0888641,-0.240012,0.518979,1.06946,-0.544471,-0.534947,0.241808,-0.523399,0.196373,1.22196,1.59633,0.985333,0.0362554,-0.262847,-0.849213,-2.83251,-0.332281,-4.5519,0.418992,-0.0579759,8.78517,-0.00516907,0.151402,0.00157828,
176,0.000381599,0.0309752,-0.0228704,-0.131116,0.0877556,0,-0.498117,0,0.56332,0.948159,0.0309851,-0.10516,-0.298287,0.499007,0.759402,-0.528145,-0.537486,0.565208,-0.523707,0.203618,1.22199,1.80065,0.700661,-0.495453,-0.721686,-1.06049,-1.26631,-0.474752,-7.82182,0.158288,-0.0408084,0.574448,-0.00922554,0.12393,0.000352213,
177,-0.000104491,0,-0.0203376,0.0453521,0.0813386,0,-0.491515,0,0.532575,0.940294,-0.00136874,-0.12039,-0.318358,0.47118,0.470821,-0.505128,-0.539204,0.487349,-0.523136,0.209211,1.22196,1.97187,0.443633,-0.50104,-2.02739,-0.920737,0.307626,-0.647053,0.0573624,0.745769,-0.0232088,-3.30698,0.0197052,0.0945196,-0.000409679,
178,-0.000474485,0,-0.013911,0.201164,-0.0147432,0,-0.371608,0,0.49926,0.940725,-0.0550908,-0.125542,-0.310226,0.435853,0.517501,-0.454568,-0.540211,0.236642,-0.523367,0.213468,1.22175,2.09028,-0.216755,-0.277184,-0.797648,0.465311,0.832542,-0.752898,1.17127,1.15439,0.0254445,-6.60965,-0.00404733,0.0761047,-0.00962706,
179,-0.000716195,0,0.0107214,0.335327,-0.194037,0,0.0232879,0,0.513875,0.954577,-0.0556972,-0.0843568,-0.280293,0.396913,0.611932,-0.412673,-0.533149,-0.141544,-0.52349,0.216249,1.22151,2.5429,-0.820722,0.160124,-0.134622,1.60558,1.57831,-0.813639,2.58834,0.721756,0.16054,-8.70944,-0.00296659,0.0486845,-0.00457377,
180,-0.000907828,0,0.170119,0.275283,-0.108469,0,0.456055,0,0.510595,0.967101,-0.0526172,-0.046552,-0.244501,0.358937,0.799611,-0.4126,-0.525301,-0.562293,-0.523585,0.218454,1.22153,2.22551,-0.410999,-0.000462947,-1.02694,0.734551,1.11465,-0.697,4.89713,-0.697925,0.161807,-6.62221,-0.00326265,0.0311301,0.0459987,
181,-0.000673731,0,0.190391,-0.208397,-0.163797,0,0.49857,0,0.524533,0.970939,-0.0215673,-0.0733698,-0.226782,0.364693,1.08208,-0.465708,-0.522841,-0.545412,-0.523519,0.21576,1.22102,1.76116,0.181479,0.14362,2.60144,-1.31213,0.348902,0.76762,6.47019,-1.42241,-0.0188629,2.81438,-0.00141899,-0.0701716,-0.0190366,
182,-0.000476355,0.00731346,0.0466318,-0.36438,-0.345826,0,0.354062,0,0.543498,0.965243,0.00731359,-0.0786449,-0.249135,0.437847,1.25523,-0.537427,-0.523681,-0.321438,-0.523502,0.213489,1.21829,1.54986,0.581917,0.559177,0.138558,0.255776,-2.12933,2.1516,-0.444213,-0.104011,-0.0122315,6.14828,-0.00163482,-0.0130781,-0.0743236,
183,-0.000480045,0.0120614,-0.0111239,-0.456315,-0.185946,0,-0.018357,0,0.56079,0.949702,0.0120619,-0.0778794,-0.303075,0.539066,1.16685,-0.528723,-0.524126,0.0427864,-0.52357,0.213532,1.21552,1.46858,0.716098,0.118531,-0.145217,-0.201754,-2.19807,0.525507,-3.07026,0.143653,-0.00503611,8.39746,-0.000767899,0.0104155,-0.0444113,
184,-0.000530224,0.00526546,-0.0219542,-0.437697,0.0146287,0,-0.446313,0,0.553862,0.932883,0.00526551,-0.0817824,-0.350732,0.529,0.933384,-0.524877,-0.524126,0.448856,-0.52359,0.214109,1.21509,1.38357,0.702869,-0.383517,-0.566077,-0.519871,-1.8115,-0.348133,-6.24145,0.0292189,0.00543285,7.85035,-0.000194854,0.0151786,0.0327023,
185,-0.000489466,0,-0.0219186,-0.0190564,0.205983,0,-0.576031,0,0.524338,0.923544,-0.0209591,-0.0914355,-0.371843,0.507389,0.548731,-0.521833,-0.523472,0.552964,-0.523793,0.21364,1.21868,1.59683,0.385031,-0.840148,-1.15628,-0.791007,-0.228459,-0.511901,-9.12181,0.100628,0.00708511,-1.4279,-0.00727273,-0.0235545,0.0959835,
186,-0.000316412,0,-0.0179837,0.145973,0.08252,0,-0.487896,0,0.478354,0.920415,-0.0495321,-0.119536,-0.36891,0.478205,0.487634,-0.479737,-0.523534,0.378967,-0.523483,0.211649,1.22251,1.92952,-0.0403027,-0.554257,-1.45397,-0.859907,1.30788,-0.664649,1.0635,1.45978,0.00402076,-5.34061,0.0105958,-0.0620974,0.00295263,
187,1.1878e-06,0,-0.00641705,0.311789,-0.355182,0,-0.188232,0,0.501125,0.933609,-0.0592873,-0.0871549,-0.342436,0.444199,0.566981,-0.412068,-0.523422,0.0455229,-0.523404,0.207995,1.22189,2.58562,-0.994622,0.489777,-0.147997,1.32279,1.17267,-0.716903,2.09527,1.51896,-0.00394244,-8.23467,-0.00484293,-0.074079,-0.0137834,
188,0.000328169,0,0.0461127,0.382139,-0.127004,0,0.294153,0,0.512758,0.947646,-0.0530284,-0.0548697,-0.310072,0.407483,0.726308,-0.402575,-0.523589,-0.390762,-0.523553,0.204232,1.22117,2.40004,-0.983775,-0.0239131,-0.00574584,1.2153,1.72118,-0.750705,4.2594,-1.11834,-0.00297989,-9.20808,-0.00128895,-0.0759701,-0.0151961,
189,0.000848307,0,0.119663,-0.107199,-0.304974,0,0.484426,0,0.524524,0.955938,-0.0399434,-0.0572969,-0.285138,0.384261,1.00032,-0.479431,-0.524423,-0.568114,-0.523528,0.198248,1.22153,1.83729,0.0860803,0.42076,2.41853,-1.17744,0.83091,-0.168252,6.64265,-1.96027,-0.0454182,1.03746,0.000240596,-0.170523,0.000476148,
190,0.00151269,0.00406146,0.0693533,-0.292438,-0.318882,0,0.447018,0,0.538404,0.957314,0.00406149,-0.0824398,-0.277014,0.398346,1.27395,-0.541043,-0.526737,-0.42951,-0.523508,0.190603,1.22121,1.75914,0.394738,0.46341,0.185773,0.692202,-1.23398,0.733756,1.03301,0.293778,-0.0363086,4.44456,0.000767957,-0.129177,-0.0227651,
191,0.00202733,0.000393239,0.00589807,-0.41272,-0.200627,0,0.143944,0,0.555659,0.945923,0.000393239,-0.0706203,-0.316609,0.447101,1.21761,-0.528072,-0.528144,-0.131237,-0.523578,0.184682,1.22134,1.60762,0.602049,0.139174,-0.555899,0.113699,-1.84151,1.20966,-2.28516,0.132955,-0.0244693,7.45701,-0.0005691,-0.0976225,0.0111738,
192,0.00236228,0,-0.0165743,-0.436266,-0.000257473,0,-0.303038,0,0.550299,0.930487,-0.0122706,-0.0658893,-0.360143,0.507174,1.03052,-0.524762,-0.52918,0.258589,-0.52359,0.180827,1.22175,1.52806,0.629983,-0.359566,-0.77023,-0.153811,-1.77479,1.19337,-5.1745,0.0234378,-0.0169106,8.13054,-9.0722e-05,-0.0573257,0.00317288,
193,0.00259651,0,-0.0224393,-0.123634,0.172914,0,-0.613961,0,0.521905,0.916652,-0.0374947,-0.0637334,-0.392786,0.52882,0.698135,-0.523853,-0.529706,0.570782,-0.52368,0.178132,1.22177,1.56965,0.460762,-0.784216,-1.35532,-0.505844,-0.435198,-0.120171,-8.09613,0.00823392,-0.00219396,1.24586,-0.00470525,-0.0638561,-0.000429959,
194,0.00291157,0,-0.0208471,0.127896,-0.127657,0,-0.590622,0,0.482967,0.914869,-0.0606945,-0.0672424,-0.393458,0.518641,0.464613,-0.492579,-0.529753,0.487281,-0.523725,0.174507,1.22147,1.17935,-0.264573,-0.105811,0.488264,0.166336,0.188464,-0.27591,0.903244,1.2307,0.0168415,-3.92592,-0.00389301,-0.113833,-0.0288031,
195,0.00362711,0,-0.0137402,0.318712,-0.218249,0,-0.333074,0,0.494547,0.917983,-0.0587219,-0.0671397,-0.38646,0.501325,0.537758,-0.454747,-0.526411,0.188698,-0.524575,0.166274,1.21913,0.755162,-0.426062,0.110627,0.125499,0.0397292,0.658733,-0.422595,1.90585,0.263608,0.0832539,-7.99177,-0.0137963,-0.166437,-0.0482837,
196,0.00429876,0,0.015083,0.405974,-0.0833282,0,0.153832,0,0.489599,0.927509,-0.0558576,-0.0668009,-0.363517,0.477708,0.689114,-0.481672,-0.523043,-0.261968,-0.524878,0.158546,1.21686,0.495774,-0.336312,-0.176346,-0.130136,-0.271845,1.18504,-0.518979,4.12854,-1.3234,0.00645348,-10.0142,-0.000135349,-0.151496,-0.0261065,
197,0.00511781,0,0.0847208,-0.0805651,-0.40023,0,0.496392,0,0.508985,0.936285,-0.0447621,-0.0628268,-0.342667,0.455603,0.961257,-0.5368,-0.524048,-0.592882,-0.522992,0.149121,1.21434,0.500539,0.131176,0.607336,2.75259,-0.978659,-0.394586,-0.344363,6.64488,0.0637961,-0.0604039,0.385549,0.0135131,-0.202607,-0.0687808,
198,0.00586201,0,0.048401,-0.278824,-0.462795,0,0.474921,0,0.546984,0.928339,-0.0024764,-0.0860037,-0.361641,0.453902,1.25252,-0.527962,-0.526902,-0.475926,-0.523301,0.140558,1.20777,0.552448,0.293755,0.760782,0.788591,0.301957,-1.65036,0.283965,2.17338,0.115357,-0.0491047,4.07452,-0.010567,-0.126891,-0.185159,
199,0.00624112,0.0160252,0.00670422,-0.418939,-0.315992,0,0.242579,0,0.573827,0.910636,0.0160265,-0.0862078,-0.403798,0.476777,1.22422,-0.525349,-0.529112,-0.190926,-0.523727,0.136196,1.19819,0.540463,0.420812,0.329425,0.398584,-0.0362869,-2.06327,0.628097,-1.79732,0.0166106,-0.0402503,7.2987,-0.00316356,-0.0472888,-0.20032,
200,0.00626173,0.022295,-0.0135228,-0.480666,-0.148384,0,-0.174654,0,0.579477,0.888267,0.0222986,-0.095062,-0.44883,0.508692,1.05982,-0.524699,-0.530875,0.208973,-0.523574,0.135959,1.19103,0.507339,0.523487,-0.113832,0.0895068,-0.64882,-1.9437,0.647975,-4.75406,0.00631267,-0.0303764,8.68484,0.00678822,0.0386402,-0.0843618,
201,0.00596615,0.0135091,-0.0205144,-0.197028,0.061244,0,-0.528822,0,0.560854,0.868695,0.0135099,-0.113334,-0.482018,0.526795,0.739884,-0.52424,-0.532079,0.565465,-0.523567,0.13936,1.19116,0.572348,0.25266,-0.619436,-0.308021,-1.29371,-0.396142,-0.0359649,-8.01495,0.00348823,-0.0148697,1.77815,-0.00323358,0.0790568,0.0932208,
202,0.00561602,0,-0.0195913,0.0323805,0.0404364,0,-0.55042,0,0.529131,0.87197,-0.0272524,-0.125514,-0.47241,0.520172,0.4469,-0.514027,-0.532263,0.50518,-0.523532,0.143389,1.19867,0.738457,-0.111869,-0.563077,-1.4882,-1.52782,1.53804,-0.224139,0.599817,0.406168,0.00193545,-3.14768,0.000915445,0.0773527,0.206179,
203,0.00528883,0,-0.0150206,0.192609,-0.330092,0,-0.455314,0,0.504509,0.891029,-0.0887013,-0.13455,-0.424377,0.505279,0.516673,-0.490108,-0.530335,0.25616,-0.523489,0.147154,1.20897,1.22831,-0.977368,0.344127,-0.454776,-0.00239594,2.1152,-0.322546,1.56914,0.279594,0.223613,-6.61118,0.00534898,0.0812539,0.197039,
204,0.0049225,0,0.00343912,0.34281,-0.391174,0,-0.0442803,0,0.537605,0.919205,-0.0840888,-0.109802,-0.368692,0.486866,0.628972,-0.533057,-0.521265,-0.141274,-0.523493,0.151369,1.21842,1.4779,-1.41039,0.557249,0.509096,0.970638,2.54948,-0.409424,2.90714,-0.458342,-0.0338951,-9.38782,-0.00250128,0.0985853,0.182486,
205,0.00441548,0,0.0982591,0.0759494,-0.127402,0,0.445097,0,0.552062,0.942751,-0.0674152,-0.0909963,-0.31368,0.467721,0.833626,-0.52901,-0.523528,-0.581731,-0.523573,0.157203,1.22289,1.50811,-1.11687,-0.0266149,0.970798,0.836001,1.44083,-0.344134,5.26168,0.142029,-0.0517359,-3.33906,-0.0015662,0.144814,-0.0215734,
206,0.003685,0,0.0895782,-0.221331,0.108423,0,0.457824,0,0.536429,0.951254,-0.0359759,-0.0766636,-0.296554,0.469451,1.10427,-0.52483,-0.526273,-0.528382,-0.523684,0.165608,1.22154,1.59575,-0.842855,-0.540486,1.52566,0.798844,0.347954,0.401301,5.53656,0.0341521,-0.0606982,3.02252,0.00354861,0.181579,-0.0301095,
207,0.00281027,0.0114418,0.0250725,-0.354244,-0.515424,0,0.345762,0,0.546372,0.947326,0.0114423,-0.0790893,-0.31014,0.509059,1.24796,-0.502143,-0.530297,-0.3039,-0.523375,0.175673,1.21577,1.32418,0.0836965,0.967417,0.526802,0.381069,-1.98017,1.1551,-0.346451,0.870269,-0.0807725,5.90461,-0.00246563,0.266721,-0.176941,
208,0.00162583,0.0233376,-0.0102937,-0.441026,-0.374634,0,0.00422785,0,0.58393,0.932474,0.0233418,-0.0732578,-0.352961,0.529875,1.16608,-0.53785,-0.534008,0.0465712,-0.523537,0.189301,1.20861,1.17857,0.237845,0.529545,0.100255,0.158781,-1.95445,-0.145226,-2.90675,-0.4589,-0.0687199,8.1031,-0.00176733,0.28811,-0.108443,
209,0.000349441,0.0271294,-0.0205071,-0.422084,-0.193371,0,-0.398137,0,0.597853,0.914497,0.027136,-0.0680469,-0.397905,0.521061,0.943392,-0.53036,-0.537195,0.442653,-0.523583,0.203988,1.20756,1.14678,0.215156,0.0409613,-0.21741,-0.0499228,-1.74826,-0.209103,-5.97384,0.190609,-0.0575691,7.73692,-0.000289546,0.304201,0.0635925,
210,-0.000856164,0.0106649,-0.0212603,0.00200231,-0.0221943,0,-0.531123,0,0.591242,0.905741,0.0106653,-0.0699835,-0.417878,0.506521,0.574664,-0.525178,-0.539555,0.562236,-0.523796,0.217859,1.21728,1.29143,-0.0473221,-0.368133,-0.899343,-0.469927,-0.166707,-0.369102,-8.75331,0.0401051,-0.039713,-1.42601,-0.00794214,0.257097,0.30337,
211,-0.00187413,0,-0.0179427,0.167562,0.120207,0,-0.42584,0,0.565824,0.905663,-0.00857333,-0.0899156,-0.414266,0.484322,0.470764,-0.523951,-0.541753,0.395922,-0.523577,0.229572,1.22325,1.35733,-0.158652,-0.684957,-0.0971361,-1.3438,0.532022,-0.517358,1.46405,0.00944275,-0.0447278,-5.1952,0.0104166,0.21585,-0.03224,
212,-0.00271031,0,-0.00792954,0.271321,0.0859822,0,-0.164569,0,0.526927,0.914847,-0.0388156,-0.109914,-0.386609,0.455157,0.572549,-0.502588,-0.543547,0.0674896,-0.52349,0.239194,1.22188,1.58887,-0.687708,-0.57977,-2.44004,-0.631813,3.31106,-0.674357,2.58192,0.806221,-0.0115355,-7.79641,0.000911437,0.149452,-0.0108831,
213,-0.00330559,0,0.0307178,0.318922,-0.133801,0,0.196103,0,0.513376,0.937941,-0.0716693,-0.0850125,-0.328487,0.422451,0.748772,-0.457828,-0.539536,-0.335868,-0.523492,0.246043,1.2209,2.04975,-1.36432,-0.0268318,0.653709,1.15245,1.42115,-0.620823,4.46304,0.958229,0.176938,-8.35182,-0.0017377,0.133948,-0.0302748,
214,-0.00376816,0,0.0999302,-0.0941784,-0.460555,0,0.498803,0,0.506378,0.948916,-0.0309624,-0.0700454,-0.306093,0.398784,1.02224,-0.434284,-0.531297,-0.565991,-0.523503,0.251366,1.2184,1.46782,-0.607124,0.80995,2.79708,0.489945,-0.162238,-0.243797,6.19452,-0.00110563,0.128015,0.519018,0.011677,-0.0370173,-0.165766,
215,-0.00319973,0.0101718,0.0563636,-0.282071,-0.507811,0,0.47591,0,0.563817,0.943335,0.0101721,-0.0887491,-0.319592,0.408037,1.24911,-0.51733,-0.524601,-0.449767,-0.52355,0.244825,1.20672,0.958982,-0.313804,0.934855,1.21061,-0.0983763,-0.929461,0.552672,0.450497,-3.2989,0.136873,4.09095,-0.00858037,-0.14474,-0.238331,
216,-0.00259078,0.0413958,0.0066449,-0.430808,-0.351462,0,0.270019,0,0.599089,0.927862,0.0414194,-0.0983114,-0.357339,0.44603,1.20439,-0.539,-0.522836,-0.162836,-0.523819,0.237818,1.19686,1.04394,-0.233751,0.46535,1.10617,0.0744735,-2.18661,0.95575,-1.9358,0.404719,-0.0204247,7.34963,-0.002302,-0.140143,-0.157925,
217,-0.00203515,0.0694529,-0.0152143,-0.48604,-0.314859,0,-0.102151,0,0.613332,0.904565,0.0695649,-0.093738,-0.410045,0.49398,1.03086,-0.527101,-0.523759,0.243688,-0.523454,0.231425,1.19642,1.08639,0.0634399,0.320358,0.359139,0.00546758,-2.33698,0.959416,-4.9738,0.0972623,-0.0139515,8.85274,0.0121546,-0.0620894,0.136535,
218,-0.00181325,0.0655796,-0.0221204,-0.128171,-0.205582,0,-0.441569,0,0.622422,0.885179,0.0656738,-0.109073,-0.447491,0.529119,0.699386,-0.524881,-0.52399,0.573968,-0.523587,0.228872,1.21702,1.14763,-0.077021,0.0198747,-0.467297,-1.32747,-0.502121,0.0401564,-8.26135,0.01409,0.00714577,0.435767,-0.0117428,-0.0817559,0.692585,
219,-0.00139174,0.0365129,-0.0206882,0.0264583,-0.180025,0,-0.426916,0,0.617497,0.882008,0.0365291,-0.131863,-0.450932,0.52282,0.461944,-0.524362,-0.523562,0.494552,-0.523101,0.224022,1.22632,1.20278,-0.309804,-0.0430542,-1.22647,-1.24904,0.804633,-0.228367,0.962983,0.0037596,0.0109892,-3.15568,0.0164268,-0.114539,-0.117628,
220,-0.000848542,0,-0.0159328,0.154181,-0.0464236,0,-0.308109,0,0.605748,0.891426,-0.0123657,-0.144728,-0.429256,0.50761,0.524792,-0.524268,-0.52353,0.263481,-0.523367,0.217772,1.22265,1.27733,-0.553292,-0.325147,-1.97877,-1.18507,2.09572,-0.38824,1.33164,-0.000336597,-0.00127848,-6.01684,-0.00610253,-0.143144,-0.0313017,
221,-0.000184648,0,-0.00119756,0.24386,0.0789542,0,-0.10511,0,0.581984,0.910676,-0.0837993,-0.143393,-0.378266,0.485456,0.617727,-0.523958,-0.523576,-0.0848889,-0.523538,0.210133,1.22117,1.31976,-0.718231,-0.55557,-2.82791,-0.810505,3.33529,-0.502897,2.3725,0.00297628,-0.000151814,-7.87548,-0.000530569,-0.165994,-0.0267736,
222,0.000517382,0,0.0596721,0.272203,-0.204529,0,0.26363,0,0.577292,0.932438,-0.107842,-0.116151,-0.324712,0.462578,0.779189,-0.522279,-0.523424,-0.479008,-0.523522,0.202055,1.21917,1.7336,-1.36217,0.140189,0.707128,1.30762,1.75789,-0.420008,4.06938,0.123668,-0.00182243,-7.94049,-0.0011311,-0.15407,-0.0484248,
223,0.00110405,0,0.0974064,-0.168681,0.0722914,0,0.41802,0,0.567955,0.944157,-0.0750653,-0.0904753,-0.307809,0.453724,1.02775,-0.525929,-0.523839,-0.567932,-0.523628,0.195305,1.21638,1.85188,-0.960278,-0.470095,1.20364,1.38469,0.135541,0.0552395,5.85633,0.0320256,-0.0119313,1.64297,-0.00158926,-0.122188,-0.0593243,
224,0.00163359,0,0.049894,-0.300865,0.0132988,0,0.410412,0,0.540915,0.948983,-0.00660222,-0.0860726,-0.30328,0.475771,1.25723,-0.511091,-0.525436,-0.411667,-0.523511,0.189212,1.21315,1.31384,-0.891163,-0.333084,3.71168,1.02739,-0.434919,0.840641,0.93985,0.555878,-0.0535441,4.55868,-5.07363e-05,-0.104868,-0.0700265,
225,0.00166541,0.0280491,0.000576061,-0.408188,-0.423401,0,0.198998,0,0.568896,0.9362,0.0280564,-0.0827588,-0.34043,0.526806,1.21213,-0.479816,-0.527302,-0.123182,-0.523506,0.188846,1.20931,1.25491,0.189288,0.67211,0.375776,-0.0978023,-2.00364,0.963173,-2.05352,0.666429,-0.0295701,7.10568,-0.00225984,0.0271005,-0.0474093,
226,0.00151575,0.0331867,-0.0173319,-0.454121,-0.238094,0,-0.202795,0,0.589929,0.920336,0.0331988,-0.0859782,-0.380114,0.528349,1.03706,-0.524445,-0.528507,0.259113,-0.523578,0.190568,1.21137,1.06515,0.288117,0.16389,-0.0947336,-0.25685,-1.55166,-0.171813,-4.92491,-1.92251,-0.0181898,8.18046,-0.000556967,0.0455422,0.130708,
227,0.00129374,0.0255147,-0.0218462,-0.146214,-0.079879,0,-0.524998,0,0.586279,0.904852,0.0255203,-0.0909481,-0.415114,0.517101,0.713582,-0.532224,-0.529141,0.586587,-0.523627,0.193122,1.22319,1.19897,0.0721273,-0.235725,-0.706704,-0.810361,-0.634663,-0.293673,-7.98757,0.236448,-0.00295863,1.16869,-0.00516197,0.0361654,0.145559,
228,0.00118211,0.00246894,-0.0198215,0.0729129,0.0727811,0,-0.495499,0,0.564833,0.901017,0.00246895,-0.111443,-0.419217,0.498301,0.474765,-0.525279,-0.529306,0.500439,-0.523633,0.194407,1.2228,1.31316,-0.075699,-0.582607,-0.0826361,-1.63232,0.254033,-0.4541,0.60628,0.056906,-0.0068628,-3.68579,0.00985306,0.0173716,-0.0319258,
229,0.00118815,0,-0.0139422,0.209438,0.0365788,0,-0.353326,0,0.538556,0.912228,-0.0466118,-0.129762,-0.385785,0.471202,0.527373,-0.510875,-0.528818,0.235778,-0.523487,0.194337,1.22192,1.56631,-0.572242,-0.467794,-2.4745,-1.26558,3.07766,-0.627923,1.29506,0.515233,0.0273928,-6.86872,-0.00109525,-0.0229567,-0.00635931,
230,0.00128463,0,0.00804569,0.309499,-0.346962,0,-0.0300274,0,0.535888,0.934112,-0.084879,-0.115059,-0.327095,0.439421,0.629612,-0.489721,-0.522548,-0.155988,-0.523464,0.193227,1.22115,2.1017,-1.37788,0.484109,0.379302,1.3083,2.15035,-0.636685,2.78855,0.271789,0.112381,-8.74084,-0.000965968,-0.0184886,-0.0246917,
231,0.00134453,0,0.126353,0.0782042,-0.0788088,0,0.428988,0,0.546322,0.954897,-0.0682646,-0.0851207,-0.276164,0.40954,0.822383,-0.532982,-0.522897,-0.565419,-0.523557,0.192538,1.21977,2.06002,-1.09908,-0.0991883,0.819029,1.23074,1.34684,-0.538777,4.90677,-0.69645,-0.0367041,-3.26778,-0.00148817,0.00321008,-0.0349483,
232,0.00126892,0,0.119885,-0.192271,0.0759725,0,0.461738,0,0.528683,0.962162,-0.0327306,-0.0642705,-0.262759,0.407251,1.07568,-0.529303,-0.525076,-0.525894,-0.523552,0.193408,1.21779,2.03223,-0.827701,-0.433341,2.8107,0.607052,0.435092,0.456069,5.1756,0.178683,-0.0660972,2.65611,0.00847464,0.0121673,-0.0453887,
233,0.00155925,0.00845155,0.0365144,-0.353852,-0.419471,0,0.349316,0,0.546674,0.957553,0.00845176,-0.0877682,-0.274439,0.457087,1.25031,-0.506201,-0.528268,-0.314044,-0.523487,0.190067,1.21504,1.23329,0.075903,0.72739,0.632608,0.838554,-2.30468,1.46328,0.118723,0.761802,-0.0689578,5.72282,-0.000101526,-0.0603913,-0.0673496,
234,0.00167585,0.025138,-0.00953324,-0.441133,-0.306587,0,0.0291999,0,0.575322,0.942949,0.0251433,-0.0815966,-0.321802,0.530571,1.1882,-0.533121,-0.531361,0.0276992,-0.523553,0.188726,1.21244,1.17256,0.271854,0.388083,0.271413,-0.0714211,-1.94386,0.631822,-2.51782,-0.39381,-0.0557892,7.93995,-0.00106763,0.00258598,-0.0326892,
235,0.00159427,0.0293391,-0.0209344,-0.437929,-0.129052,0,-0.37267,0,0.582981,0.926796,0.0293475,-0.086617,-0.36426,0.527686,0.984535,-0.528594,-0.533886,0.420172,-0.523585,0.189664,1.21532,1.10988,0.306123,-0.0734354,-0.0896974,-0.437655,-1.66356,-0.212152,-5.60333,0.136362,-0.0450348,7.7599,-0.000331765,0.0344257,0.15508,
236,0.00151776,0.0130546,-0.0217505,-0.0466424,0.0486306,0,-0.520429,0,0.570244,0.917784,0.0130554,-0.0980728,-0.384556,0.512977,0.63095,-0.524756,-0.535645,0.553932,-0.523822,0.190545,1.22422,1.252,0.0557428,-0.493623,-0.767962,-0.76547,-0.186574,-0.373864,-8.51649,0.0305987,-0.0283469,-1.00305,-0.00859291,0.00895635,-0.0125865,
237,0.00151234,0,-0.0186939,0.109549,0.100791,0,-0.44049,0,0.538899,0.91644,-0.00938407,-0.121903,-0.381037,0.49041,0.479394,-0.514674,-0.537157,0.410604,-0.52351,0.190607,1.22243,1.4067,-0.16805,-0.607676,-0.980904,-1.33201,1.20354,-0.54039,1.02706,0.353147,-0.0218484,-4.64089,0.046814,-0.0122784,-0.0232023,
238,0.001633,0,-0.00997275,0.236105,-0.100347,0,-0.281611,0,0.512446,0.932544,-0.0714889,-0.125662,-0.330848,0.459652,0.54895,-0.48126,-0.537098,0.109312,-0.523322,0.189219,1.22169,1.7928,-0.819788,-0.105213,-0.745929,0.0840382,2.12158,-0.640125,1.77685,0.818074,0.105028,-7.35253,-0.00375743,-0.0272702,-0.0215166,
239,0.00175668,0,0.0314064,0.332967,-0.225881,0,0.16158,0,0.530388,0.952746,-0.0656563,-0.0912914,-0.282188,0.427362,0.679434,-0.471312,-0.525642,-0.290375,-0.523477,0.187796,1.22046,2.15291,-1.28985,0.232888,0.282115,1.45901,2.32438,-0.6694,3.42007,-0.219406,0.249305,-8.79399,-0.00344065,-0.025273,-0.0255309,
240,0.00181118,0,0.200645,-0.0703763,0.0525955,0,0.481491,0,0.527751,0.968632,-0.0484638,-0.0570022,-0.236967,0.400582,0.907343,-0.522285,-0.52231,-0.583032,-0.523596,0.187169,1.21892,2.12298,-0.856793,-0.354941,0.787924,1.48102,1.02346,-0.394388,5.67925,-1.791,-0.0343851,0.294341,-0.00257951,0.00662366,-0.0391242,
241,0.00236171,0,0.138444,-0.26903,-0.319394,0,0.461381,0,0.542797,0.970966,-0.00967357,-0.0856072,-0.223164,0.42693,1.16222,-0.530691,-0.52483,-0.475672,-0.523514,0.180834,1.21312,1.22663,-0.423435,0.518537,1.70767,-1.7595,-0.0928871,1.34438,4.63366,0.375966,-0.050714,3.86877,-0.00194475,-0.188444,-0.156911,
242,0.00297403,0.024405,0.016572,-0.397491,-0.256265,0,0.278791,0,0.567016,0.962488,0.0244099,-0.0807637,-0.257871,0.51832,1.23944,-0.524755,-0.527906,-0.208225,-0.523542,0.173789,1.20451,1.23554,-0.0798877,0.329505,0.844284,0.889451,-2.07546,2.29701,-0.705325,0.0167374,-0.0602721,6.88775,-0.00128304,-0.109757,-0.165687,
243,0.00327148,0.0372272,-0.0164886,-0.464877,-0.214163,0,-0.106699,0,0.584322,0.950154,0.0372444,-0.0810754,-0.298742,0.533007,1.1324,-0.52442,-0.530529,0.178058,-0.523579,0.170366,1.2032,0.999515,0.331649,0.18874,0.173579,-0.348141,-1.6424,-0.274891,-3.55565,0.00125994,-0.047571,8.55316,-0.000318767,-0.035459,0.0793099,
244,0.00336117,0.0339822,-0.0226553,-0.231074,-0.0654641,0,-0.485653,0,0.58289,0.938028,0.0339953,-0.0915014,-0.332527,0.516514,0.873726,-0.524339,-0.532597,0.556727,-0.52361,0.169334,1.21468,0.984174,0.235812,-0.185613,-0.519385,-0.946408,-0.611649,-0.391434,-6.76356,-2.63953e-05,-0.030919,2.93431,-0.00402884,-0.0266418,0.398465,
245,0.0034793,0.00964229,-0.0210278,0.0298884,0.147072,0,-0.496593,0,0.561108,0.936082,0.00964259,-0.109388,-0.334202,0.492756,0.501475,-0.524018,-0.533875,0.517257,-0.523913,0.167975,1.22549,1.1745,0.045069,-0.666195,-0.683522,-1.07596,0.367481,-0.554991,-6.62973,0.00353779,-0.0235825,-2.77414,-0.00465605,-0.0225377,-0.0739237,
246,0.00361019,0,-0.0162426,0.164934,0.0862959,0,-0.37164,0,0.530341,0.941654,-0.0281957,-0.134894,-0.307076,0.46099,0.491167,-0.498058,-0.534787,0.294775,-0.523118,0.166469,1.22254,1.46953,-0.324922,-0.500945,-2.2041,-1.23491,2.76028,-0.725202,1.24135,1.01035,0.000275802,-6.04124,-0.000300747,-0.0426471,-0.02904,
247,0.00376298,0,0.00224742,0.269712,-0.350238,0,-0.0962652,0,0.530209,0.957036,-0.0674865,-0.123173,-0.253684,0.424182,0.582537,-0.445418,-0.528071,-0.0577919,-0.523343,0.164711,1.22083,2.33099,-1.00038,0.565875,0.208539,1.23624,1.63113,-0.732699,2.41255,1.03692,0.285666,-8.02708,-0.00483903,-0.0204489,-0.0407559,
248,0.00379904,0,0.15469,0.311029,-0.108503,0,0.358555,0,0.545189,0.971356,-0.0579703,-0.0935395,-0.210611,0.388388,0.749653,-0.458522,-0.521388,-0.467156,-0.523536,0.164296,1.21874,2.17569,-0.985193,0.033502,0.392773,1.14063,2.02769,-0.698901,4.25635,-1.53929,-0.045576,-8.34493,-0.00198435,0.00365979,-0.0429035,
249,0.00365645,0,0.348965,-0.149448,0.134227,0,0.486909,0,0.531877,0.979057,-0.0371447,-0.067493,-0.188445,0.383342,1.01443,-0.539844,-0.524098,-0.565029,-0.52362,0.165936,1.21625,2.23786,-0.540544,-0.491073,1.41616,0.919095,0.136299,0.492606,6.2899,-0.409333,-0.0642317,1.70197,0.00537909,0.0515912,-0.0542526,
250,0.00375489,0.0126598,0.113043,-0.321739,-0.439797,0,0.431764,0,0.542245,0.976108,0.0126605,-0.0851592,-0.199503,0.476671,1.25991,-0.519015,-0.528236,-0.393707,-0.523418,0.164804,1.21146,1.53757,0.246085,0.858195,0.896818,0.499867,-1.96478,3.15263,0.996684,0.951279,-0.0885235,5.04326,0.00131324,0.0075322,-0.122526,
251,0.0036406,0.0284692,-0.00176911,-0.434466,-0.323625,0,0.143465,0,0.577765,0.966013,0.0284769,-0.075659,-0.245529,0.538358,1.21137,-0.531659,-0.532262,-0.0701249,-0.523538,0.166119,1.20702,1.31023,0.463005,0.506747,0.150056,0.258489,-2.01826,-0.310572,-2.2027,-0.1498,-0.0742629,7.89163,-0.00180746,0.0478978,-0.0579201,
252,0.0033251,0.0322677,-0.0205315,-0.457272,-0.148002,0,-0.288981,0,0.591587,0.952771,0.0322789,-0.0720768,-0.293242,0.522244,1.02427,-0.527209,-0.535683,0.340786,-0.523581,0.169749,1.20913,1.24409,0.48166,0.040882,-0.186415,-0.142434,-1.88612,-0.319578,-5.25586,0.09102,-0.0622299,8.53722,-0.000343712,0.0976987,0.140191,
253,0.00291745,0.0177391,-0.0223523,-0.0460249,0.0168127,0,-0.523917,0,0.58421,0.943381,0.0177409,-0.0776017,-0.322017,0.502527,0.684091,-0.524586,-0.538298,0.568423,-0.523722,0.17444,1.2231,1.40579,0.246408,-0.359698,-0.899381,-0.655474,-0.280631,-0.471988,-8.32585,0.0212872,-0.0427881,-0.607737,-0.00698929,0.0832669,0.331347,
254,0.00256695,0,-0.019532,0.120948,0.166492,0,-0.459925,0,0.557083,0.941785,-0.00448098,-0.0963552,-0.322083,0.475116,0.47435,-0.520697,-0.540507,0.44341,-0.523701,0.178472,1.22352,1.51859,0.161998,-0.698693,-0.207683,-1.45216,0.384626,-0.62263,0.853307,0.133903,-0.0463245,-4.36289,0.0105742,0.0780192,-0.0540563,
255,0.0022516,0,-0.0112062,0.237544,0.13315,0,-0.250735,0,0.518802,0.946879,-0.0387184,-0.119393,-0.296085,0.44046,0.539488,-0.484947,-0.542297,0.14982,-0.523468,0.182101,1.22125,1.85148,-0.285814,-0.596254,-2.56113,-0.811155,3.02081,-0.783154,1.69636,1.26115,-0.0123237,-7.25751,0.000447052,0.0508883,-0.0287518,
256,0.0019839,0,0.0285664,0.309348,-0.248598,0,0.123766,0,0.518815,0.961172,-0.0583923,-0.0962942,-0.251927,0.402782,0.666881,-0.414749,-0.535662,-0.239505,-0.523465,0.185181,1.21934,2.62428,-1.08779,0.317098,0.393132,1.48131,1.35482,-0.743336,3.37755,1.63407,0.217145,-8.36235,-0.00184416,0.071738,-0.0416154,
257,0.00163655,0,0.241008,0.00586539,0.0203855,0,0.499742,0,0.52053,0.971848,-0.0400535,-0.0638489,-0.223228,0.371584,0.888351,-0.379785,-0.525155,-0.586769,-0.523566,0.189178,1.21715,2.52575,-0.758079,-0.268918,0.786791,1.40009,0.412039,-0.494229,5.46604,-0.198973,0.19852,-1.38215,-0.0021958,0.0967507,-0.0502498,
258,0.00184481,0,0.16551,-0.251711,-0.295855,0,0.483476,0,0.538689,0.971249,-0.0120006,-0.0855493,-0.221839,0.401345,1.14801,-0.38564,-0.522554,-0.506621,-0.523577,0.186782,1.21011,1.62134,-0.291343,0.461594,1.60966,-1.35561,-0.354374,1.55127,5.02015,-0.0350248,-0.0279366,3.49508,-0.000278832,-0.0960717,-0.174933,
259,0.00209272,0.0178304,0.0255569,-0.386241,-0.275759,0,0.309116,0,0.559255,0.963644,0.0178323,-0.0765592,-0.255363,0.507546,1.25451,-0.439624,-0.524453,-0.252685,-0.523557,0.183929,1.20093,1.48291,0.156914,0.379028,0.342626,0.679913,-1.8362,2.68151,-0.754631,-2.12577,-0.0326553,6.70318,-0.000899765,-0.0276071,-0.146502,
260,0.00212187,0.0202979,-0.0151577,-0.458897,-0.191078,0,-0.0946159,0,0.574672,0.952192,0.0203007,-0.070583,-0.29654,0.539875,1.14698,-0.550378,-0.525651,0.130332,-0.523588,0.183594,1.19824,1.33647,0.471158,0.136992,-0.213559,-0.239064,-1.95196,-0.439788,-3.5229,-0.0550701,-0.0187038,8.60838,0.000111902,0.024995,0.0145197,
261,0.00196445,0.0126869,-0.0223572,-0.364207,-0.0130472,0,-0.504169,0,0.568588,0.937143,0.0126875,-0.0732788,-0.340929,0.515757,0.89096,-0.53192,-0.526379,0.533046,-0.523594,0.185405,1.20278,1.29463,0.434148,-0.311689,-0.679143,-0.545062,-1.44775,-0.529318,-6.69053,0.274753,-0.00785077,6.25095,-0.00126274,0.0404765,0.187643,
262,0.00187106,0,-0.0207293,0.0398726,0.173292,0,-0.556664,0,0.542971,0.932061,-0.0172229,-0.0833945,-0.352153,0.485119,0.497901,-0.521945,-0.526331,0.53505,-0.523885,0.18648,1.21538,1.51908,0.16794,-0.744455,-1.07064,-0.920277,0.0509017,-0.688233,-7.33327,0.139059,0.00366815,-2.4572,-0.00526129,0.0174009,0.296252,
263,0.00182124,0,-0.0154367,0.199107,0.301357,0,-0.419271,0,0.500075,0.930596,-0.0431843,-0.115096,-0.344789,0.447637,0.487584,-0.483792,-0.526401,0.313866,-0.523479,0.187053,1.22377,1.61851,0.036962,-1.04176,-0.439451,-1.66676,0.575393,-0.810389,1.41202,1.37306,-0.000152916,-6.35689,0.00344735,0.0119595,-0.0308423,
264,0.00185568,0,0.00112405,0.315628,-0.440131,0,-0.0874421,0,0.515884,0.94257,-0.0592345,-0.091385,-0.315756,0.40646,0.593022,-0.385383,-0.521827,-0.0480742,-0.523358,0.186657,1.22189,2.87715,-1.2459,0.742868,-0.0408297,1.46338,0.967319,-0.827986,2.80468,2.779,-0.022401,-8.40488,-0.00488852,-0.00361581,-0.0374525,
265,0.00185008,0,0.0795381,0.356266,-0.216834,0,0.380426,0,0.539458,0.954322,-0.0506228,-0.0569413,-0.288902,0.365673,0.787631,-0.329815,-0.523469,-0.474366,-0.523539,0.186721,1.22,2.67163,-1.19743,0.204856,0.053194,1.34068,1.44891,-0.803006,4.96144,-0.529034,-0.0331106,-8.64467,-0.00177821,0.00621682,-0.0382114,
266,0.00196123,0,0.132737,-0.138776,-0.461807,0,0.513845,0,0.549622,0.959992,-0.0241672,-0.0453553,-0.275271,0.345068,1.0921,-0.393587,-0.525841,-0.569745,-0.523585,0.185442,1.21641,1.86908,-0.351208,0.844335,2.29236,-1.23473,0.321413,0.0984081,7.08154,-2.03757,-0.0678424,1.92109,0.000273918,-0.176781,-0.159304,
267,0.00265029,0.018354,0.0599383,-0.34159,-0.253675,0,0.43293,0,0.578234,0.959496,0.018356,-0.0825055,-0.268745,0.374364,1.26151,-0.549632,-0.52915,-0.382711,-0.52371,0.177514,1.20853,1.82084,-0.259266,0.312423,1.74295,-0.751513,-0.624378,1.07344,-0.714982,-1.10443,-0.0631732,5.54615,-0.00210514,-0.131645,-0.154707,
268,0.00300233,0.053834,-0.000992552,-0.4557,-0.428311,0,0.165865,0,0.591033,0.946901,0.0538861,-0.0894409,-0.304098,0.438274,1.16379,-0.536113,-0.532425,-0.0361481,-0.523194,0.173463,1.20345,2.03165,0.401287,0.721883,0.0180473,0.850195,-2.80769,1.48024,-3.17362,0.39426,-0.0659022,8.15166,0.0101443,0.0515254,-0.0874671,
269,0.00264232,0.0536901,-0.0194773,-0.477512,-0.292539,0,-0.292972,0,0.618559,0.926222,0.0537418,-0.0782364,-0.364834,0.510327,0.92555,-0.526481,-0.5352,0.391124,-0.523423,0.177605,1.20825,1.96176,0.439787,0.310464,-0.569869,-0.0979144,-2.48793,1.40366,-6.33207,0.0668985,-0.0469745,8.93734,-0.00545716,0.103126,0.275013,
270,0.00224766,0.0348511,-0.0225864,-0.00387825,-0.0768342,0,-0.508815,0,0.620663,0.912769,0.0348653,-0.0730979,-0.400367,0.529948,0.529137,-0.524783,-0.537058,0.586648,-0.523759,0.182146,1.22484,2.16969,0.0609671,-0.227843,-1.11087,-0.242815,-0.485945,-0.171882,-9.49821,0.012522,-0.0290247,-1.36924,-0.00968511,0.0782075,0.0361319,
271,0.00194598,0.0163576,-0.0197694,0.155377,0.0574239,0,-0.405269,0,0.60373,0.909592,0.016359,-0.0918192,-0.404899,0.517195,0.480272,-0.524083,-0.538841,0.427122,-0.523529,0.185618,1.22285,2.22519,-0.0459725,-0.533727,-0.238998,-1.22076,0.193179,-0.337247,1.40927,0.00597988,-0.0352991,-4.9807,0.00282553,0.0676981,-0.0351993,
272,0.00165163,0,-0.0110551,0.255939,0.126589,0,-0.136065,0,0.567613,0.912077,-0.00639955,-0.11433,-0.393706,0.496851,0.577371,-0.513812,-0.54042,0.110939,-0.52354,0.189004,1.22197,2.31752,-0.38972,-0.67892,-1.62235,-0.65569,1.88495,-0.49617,2.4525,0.376206,-0.0164667,-7.55126,0.0020446,0.0540121,-0.00516222,
273,0.00145583,0,0.0194638,0.299867,0.198923,0,0.129559,0,0.532811,0.933935,-0.0738688,-0.0924099,-0.337298,0.469966,0.743155,-0.473619,-0.540689,-0.278302,-0.523541,0.191257,1.22167,2.42041,-0.60312,-0.789105,-2.15428,0.142353,2.56573,-0.553706,4.18024,1.20837,0.00879714,-8.07403,-0.00105601,0.0488615,-0.0114534,
274,0.00114999,0,0.0964174,-0.057332,-0.144929,0,0.48593,0,0.510962,0.946313,-0.0415198,-0.0717601,-0.312439,0.449146,1.00166,-0.385798,-0.539527,-0.573312,-0.523482,0.194776,1.22013,2.32777,-0.88746,0.0146467,3.77385,2.42652,0.0296765,-0.338554,5.96197,2.42633,-0.0210827,-0.262866,0.0107245,0.0798935,-0.0574452,
275,0.00159882,0.00820828,0.0590741,-0.258199,-0.528441,0,0.501244,0,0.560308,0.939309,0.00820847,-0.0906833,-0.330768,0.458698,1.24865,-0.293054,-0.53946,-0.484338,-0.52355,0.189612,1.21078,1.30094,-0.311457,0.986883,1.21076,-0.512907,-1.421,0.573354,1.33957,1.28846,0.0113953,3.5328,-0.00797039,-0.125036,-0.197975,
276,0.00207948,0.0331372,0.00974358,-0.417133,-0.39701,0,0.311093,0,0.596852,0.925062,0.0331494,-0.104031,-0.363783,0.497314,1.21812,-0.325803,-0.538905,-0.22159,-0.52387,0.184081,1.20245,1.20035,-0.0481987,0.57764,0.623708,0.853368,-2.15234,0.971382,-1.66395,-2.553,0.00402521,6.89902,0.0186427,-0.0845743,-0.143153,
277,0.00236779,0.0551055,-0.0144933,-0.478262,-0.265741,0,-0.0569377,0,0.614416,0.907262,0.0551614,-0.0870663,-0.407741,0.531704,1.06048,-0.522477,-0.538283,0.171102,-0.523496,0.180764,1.20071,1.06862,0.143362,0.202423,0.0168063,-0.000700284,-1.55429,-0.0532988,-4.61414,-5.29627,0.028751,8.78121,-0.00142376,-0.0330256,0.0432527,
278,0.00232947,0.0503457,-0.0212838,-0.241627,-0.103842,0,-0.465304,0,0.615626,0.886112,0.0503883,-0.0993162,-0.449891,0.523615,0.747999,-0.549378,-0.536591,0.568177,-0.523572,0.181205,1.2137,1.35296,-0.145542,-0.216341,-0.287491,-1.10571,-1.04682,-0.224113,-7.86125,0.745878,0.0413591,3.00395,-0.00279594,0.011076,0.471676,
279,0.00232054,0.0299047,-0.0198202,0.0187521,0.00145157,0,-0.463256,0,0.594622,0.879294,0.0299136,-0.125212,-0.458551,0.508051,0.45371,-0.528173,-0.534449,0.521569,-0.523402,0.181308,1.22666,1.44715,-0.386133,-0.461804,-0.327514,-1.51794,0.309359,-0.396596,0.415352,0.169233,0.0419618,-2.86646,0.0515672,-0.00278035,-0.0991794,
280,0.00236526,0,-0.0152761,0.16461,0.0462539,0,-0.366236,0,0.574158,0.892046,-0.022558,-0.131255,-0.431877,0.483958,0.514965,-0.521037,-0.531646,0.301255,-0.523272,0.180793,1.22281,1.52135,-0.727619,-0.535605,-2.08422,-1.03021,2.13705,-0.554068,1.3422,0.130121,0.062688,-5.9613,-0.00919292,-0.0148371,-0.0375118,
281,0.00242944,0,-0.00122478,0.277391,0.126201,0,-0.158506,0,0.539361,0.911515,-0.0930194,-0.125172,-0.380552,0.453907,0.610355,-0.506752,-0.528339,-0.0552757,-0.523515,0.180055,1.22101,1.58117,-0.969279,-0.664883,-2.32721,-0.42263,3.03522,-0.644907,2.46594,0.392003,0.0975435,-8.23467,-0.00108752,-0.0172663,-0.0368373,
282,0.00245198,0,0.0559242,0.33029,-0.185645,0,0.308027,0,0.545504,0.933917,-0.0842483,-0.0869788,-0.336358,0.424623,0.782908,-0.483154,-0.521352,-0.472107,-0.523514,0.179795,1.21855,2.02801,-1.74328,0.0845508,0.732877,1.73525,1.73431,-0.563801,4.39899,0.832707,-0.0355465,-8.64738,-0.00194813,0.00613556,-0.0525293,
283,0.00233951,0,0.0928067,-0.144059,0.0116951,0,0.48461,0,0.53466,0.944955,-0.0408994,-0.0582902,-0.319359,0.408227,1.05744,-0.474545,-0.524097,-0.570398,-0.523551,0.181089,1.21549,2.09068,-1.18766,-0.345569,3.44955,0.861939,0.534919,-0.0814171,6.48053,-0.495394,-0.0836434,1.77349,0.00604266,0.0195651,-0.0707598,
284,0.00278011,0.00912597,0.0427479,-0.330365,-0.474151,0,0.427455,0,0.558372,0.941076,0.00912622,-0.093031,-0.325019,0.428213,1.26558,-0.496118,-0.527896,-0.396527,-0.523546,0.17602,1.20934,1.28125,-0.251998,0.83001,1.05603,0.370102,-2.0044,0.788989,-0.266635,-0.347896,-0.0776858,5.08118,0.000557703,-0.109429,-0.141126,
285,0.00314408,0.0393067,-0.00110054,-0.445882,-0.380377,0,0.169839,0,0.58991,0.922201,0.0393269,-0.0890958,-0.374248,0.474583,1.18855,-0.534569,-0.531605,-0.0713259,-0.52357,0.171832,1.20406,1.28569,-0.00914152,0.523266,0.734636,-0.122242,-2.33108,1.06638,-2.72101,0.0998816,-0.0681578,7.90992,-0.000289387,-0.0399534,-0.0587504,
286,0.00318554,0.0514739,-0.0182456,-0.488127,-0.22557,0,-0.251155,0,0.606117,0.89823,0.0515194,-0.102042,-0.424401,0.52642,0.974137,-0.527142,-0.534686,0.345163,-0.523585,0.171355,1.20849,1.22491,0.0930618,0.0899431,0.29137,-0.724428,-2.12266,0.829526,-5.83039,0.0885128,-0.0552085,8.74221,-0.000241649,0.0162637,0.229031,
287,0.00315998,0.0402939,-0.0213607,-0.0780703,-0.0580297,0,-0.490815,0,0.600524,0.880617,0.0403157,-0.120345,-0.456514,0.527205,0.600204,-0.52474,-0.536904,0.576557,-0.523818,0.171649,1.22658,1.30504,-0.173057,-0.326324,-0.573506,-1.1735,-0.465318,-0.203692,-9.099,0.0185849,-0.0345234,-0.81197,-0.00989563,-0.00617822,0.101776,
288,0.00319331,0.00295883,-0.0189435,0.0794235,-0.0451824,0,-0.450902,0,0.58666,0.880514,0.00295883,-0.133815,-0.45473,0.512556,0.476834,-0.524018,-0.538375,0.449108,-0.523194,0.171265,1.22363,1.31787,-0.400116,-0.353408,-1.28597,-1.24767,0.844729,-0.375035,1.20642,0.00558169,-0.0254711,-4.2669,-0.00713535,-0.00764812,-0.0609185,
289,0.00325273,0,-0.0119587,0.216417,0.0543806,0,-0.306016,0,0.564837,0.894273,-0.0583959,-0.139408,-0.421225,0.490022,0.549911,-0.523897,-0.539132,0.161938,-0.523486,0.170582,1.22154,1.42049,-0.695083,-0.543211,-2.36074,-1.18008,2.55528,-0.521878,1.71246,0.000446874,-0.00619392,-7.2104,-0.00294218,-0.0171406,-0.0255741,
290,0.0033239,0,0.0128488,0.303146,-0.332427,0,0.013771,0,0.556732,0.916949,-0.103812,-0.119165,-0.366371,0.463099,0.673515,-0.523368,-0.533705,-0.236807,-0.523479,0.169763,1.21999,1.90804,-1.47728,0.408011,0.1928,1.37513,2.15479,-0.536489,3.23262,-0.0738151,0.271031,-8.68165,-0.000454421,-0.00774127,-0.0413666,
291,0.00327867,0,0.0865433,-0.0589803,-0.0614898,0,0.399512,0,0.563311,0.936576,-0.0861729,-0.0877594,-0.328174,0.439578,0.886868,-0.525466,-0.521654,-0.571676,-0.523569,0.170283,1.21772,1.98666,-1.10939,-0.190203,0.7827,1.36531,0.684981,-0.39433,5.2856,0.0228929,0.0549507,-0.547778,-0.00239605,0.0371118,-0.053058,
292,0.00306543,0,0.0700228,-0.208613,0.0187826,0,0.418969,0,0.544959,0.944579,-0.0434839,-0.0702611,-0.317716,0.437127,1.1333,-0.524175,-0.52339,-0.500756,-0.523503,0.172737,1.2149,1.72962,-0.945234,-0.359813,3.05671,0.683772,0.41527,0.315425,4.57289,0.0134135,-0.0711095,2.88071,0.00405088,0.0525664,-0.0617673,
293,0.00286976,0.00483076,0.0224529,-0.349189,-0.438637,0,0.312913,0,0.547054,0.94285,0.00483079,-0.0872448,-0.321558,0.46728,1.24909,-0.519699,-0.526528,-0.284602,-0.523342,0.174988,1.21393,1.19455,0.0801494,0.732919,0.189439,0.243624,-1.70967,0.875811,-0.462875,0.184374,-0.0581395,5.62587,0.0395281,0.104849,0.0107911,
294,0.00232496,0.0133672,-0.0093597,-0.423305,-0.281354,0,-0.0188079,0,0.573256,0.927225,0.013368,-0.0765089,-0.366362,0.514154,1.16247,-0.529489,-0.52933,0.0460188,-0.52334,0.181257,1.21494,1.14788,0.186523,0.281622,-0.0526684,0.453488,-2.11858,1.00002,-2.98058,0.0879115,-0.0529122,7.59878,-0.00758446,0.142798,0.034196,
295,0.00159456,0.0112374,-0.0200687,-0.400323,-0.112421,0,-0.402201,0,0.577421,0.910666,0.0112378,-0.07455,-0.406206,0.528203,0.939638,-0.525527,-0.531635,0.412718,-0.523547,0.189661,1.21881,1.1136,0.236937,-0.153203,-0.384515,-0.227898,-1.47617,-0.120364,-5.91069,0.0410304,-0.0407164,7.07926,-0.00189947,0.182227,0.12482,
296,0.000863764,0,-0.0215355,-0.0265243,0.085038,0,-0.562018,0,0.559044,0.90187,-0.00675281,-0.0761999,-0.425181,0.518214,0.577944,-0.524239,-0.53328,0.564768,-0.523773,0.19807,1.22278,1.2479,-0.0425017,-0.616211,-0.910629,-0.451668,-0.0881968,-0.279397,-8.53549,0.0100943,-0.0261756,-0.973853,-0.00745,0.155301,-0.0171402,
297,0.000249599,0,-0.0186994,0.151785,0.221651,0,-0.477141,0,0.521323,0.901968,-0.026966,-0.0958022,-0.420176,0.500432,0.47353,-0.508449,-0.53479,0.414939,-0.523551,0.205136,1.22186,1.34199,-0.173368,-0.925274,-0.126105,-1.38516,0.548185,-0.430358,1.36305,0.614577,-0.0307853,-4.9859,0.0102248,0.131491,-0.0153755,
298,-0.000206063,0,-0.00971526,0.275172,-0.286614,0,-0.26026,0,0.488185,0.917281,-0.0690294,-0.0995855,-0.379358,0.475083,0.567193,-0.443144,-0.533845,0.0936276,-0.523407,0.210379,1.22175,2.16428,-1.34386,0.281448,-0.589131,0.889313,1.94941,-0.526059,2.40014,1.70114,0.201932,-7.67396,0.00281386,0.0878654,-0.000760136,
299,-0.000573689,0,0.0267095,0.36204,-0.238564,0,0.223657,0,0.496275,0.936284,-0.0553076,-0.0705523,-0.33961,0.447848,0.735188,-0.415544,-0.522424,-0.32679,-0.523503,0.214609,1.22134,2.24183,-1.61349,0.205512,0.126695,2.15792,2.60123,-0.586919,4.28891,-0.593787,0.0983698,-9.04857,0.000177396,0.070638,-0.0100094,
300,-0.000545664,0,0.111942,-0.0980704,-0.45262,0,0.484257,0,0.527694,0.952703,-0.0422072,-0.0668237,-0.293444,0.428436,1.00459,-0.486903,-0.52351,-0.572803,-0.523564,0.214287,1.22159,1.6618,-0.519491,0.800135,2.22882,-1.20235,1.28388,-0.198117,6.4591,-2.24296,-0.06546,0.662261,-0.000336596,-0.064652,-0.0153539,
301,-0.000328792,0.0019545,0.0752923,-0.283687,-0.334578,0,0.463438,0,0.558298,0.956594,0.0019545,-0.0914277,-0.276704,0.439735,1.27181,-0.538403,-0.526944,-0.452937,-0.523537,0.211791,1.2205,1.78145,-0.327844,0.503101,1.40464,1.18509,-0.677429,0.644608,1.03179,0.296421,-0.0723139,4.07301,0.000246217,-0.0222653,-0.033715,
302,-0.000233896,0.0288388,0.00844108,-0.405401,-0.352133,0,0.249191,0,0.580451,0.950143,0.0288468,-0.0728381,-0.301813,0.485165,1.21778,-0.527336,-0.530162,-0.169644,-0.523687,0.2107,1.22113,1.4137,0.181633,0.522591,-0.102948,0.350152,-1.57854,1.16735,-2.20979,0.105134,-0.0545243,7.23559,-0.00457529,-0.0205732,0.0906702,
303,-0.000202659,0.0264328,-0.0175728,-0.457669,-0.194094,0,-0.185973,0,0.597068,0.9379,0.026439,-0.0654464,-0.339647,0.531097,1.03574,-0.524984,-0.532691,0.228578,-0.523701,0.21034,1.2226,1.27236,0.346586,0.100903,-0.391446,0.112526,-1.5117,0.0590163,-5.04894,0.0146527,-0.0473189,8.67904,0.00424678,0.00484096,-0.021023,
304,-0.000212071,0.0130493,-0.0230695,-0.129184,-0.00952663,0,-0.541996,0,0.591059,0.928062,0.0130501,-0.058445,-0.367581,0.524053,0.70553,-0.524362,-0.534734,0.581302,-0.523562,0.210448,1.22201,1.3468,0.120739,-0.346231,-0.961388,-0.225119,-0.154497,-0.230177,-8.13236,0.00505316,-0.0311715,1.46457,-0.00138193,-0.0165921,-0.00407323,
305,-7.2147e-05,0,-0.0214868,0.11464,0.149002,0,-0.518491,0,0.564011,0.930622,-0.010035,-0.0661138,-0.359821,0.50817,0.468001,-0.52384,-0.536273,0.501632,-0.523554,0.208838,1.22186,1.49718,-0.023742,-0.696237,-0.269296,-1.14527,0.746237,-0.400771,0.797697,0.00636144,-0.0338525,-3.63204,0.000119193,-0.0454357,-0.00140653,
306,0.000145355,0,-0.0154247,0.260609,0.334635,0,-0.311392,0,0.518614,0.93672,-0.0293353,-0.091632,-0.336598,0.484592,0.535013,-0.496758,-0.537828,0.230131,-0.523578,0.206336,1.22177,1.5692,-0.192394,-1.11655,-0.3285,-1.2485,1.24213,-0.541385,1.7382,1.06751,-0.0277368,-7.19874,-0.000316498,-0.0538961,-0.00115104,
307,0.00044202,0,0.00955554,0.331349,-0.281044,0,0.0596928,0,0.497937,0.951324,-0.0498904,-0.0773438,-0.294129,0.455976,0.667344,-0.398229,-0.533283,-0.162235,-0.523421,0.202922,1.2217,2.79195,-1.49193,0.3531,0.152302,1.69839,1.299,-0.566329,3.55857,2.75873,0.240146,-8.47961,-0.00064926,-0.0679793,-0.0047613,
308,0.000734971,0,0.125863,0.106248,-0.382861,0,0.436855,0,0.520466,0.960935,-0.0550758,-0.0526672,-0.266077,0.430125,0.901331,-0.314699,-0.521851,-0.545751,-0.523599,0.199552,1.2223,2.22758,-0.443563,0.637952,0.904557,-0.0986377,1.23588,-0.391553,5.72106,0.601853,0.0839494,-3.19388,-0.00043131,-0.0800005,-0.00936693,
309,0.00110228,0,0.153437,-0.186491,-0.200514,0,0.508713,0,0.543353,0.969376,-0.00452802,-0.0740334,-0.234113,0.435923,1.19735,-0.354391,-0.522872,-0.520988,-0.523584,0.195325,1.22135,2.12764,-0.146562,0.221407,2.61279,-0.389451,1.07862,0.578523,6.14672,-2.16874,-0.0405878,2.34126,-0.000188483,-0.0820468,-0.0223125,
310,0.00144687,0.0206454,0.0511121,-0.35548,-0.19345,0,0.375626,0,0.556341,0.969792,0.0206484,-0.084942,-0.227731,0.492721,1.24095,-0.495716,-0.524338,-0.315302,-0.52348,0.19136,1.22135,1.82307,0.268847,0.211321,0.457274,0.920521,-0.905987,1.68078,-0.969811,-3.46488,-0.0322671,5.81667,0.0211428,-0.0567689,-0.00249966,
311,0.00165978,0.0172842,-0.0107206,-0.449233,-0.168041,0,-0.00048113,0,0.570101,0.96025,0.0172859,-0.0751474,-0.268279,0.535807,1.12839,-0.543481,-0.525423,0.03778,-0.523463,0.188911,1.22231,1.57624,0.659982,0.111903,-0.538233,0.0721111,-1.97374,-0.228255,-3.5094,0.505764,-0.0188449,8.27206,-0.00378033,-0.0302857,-0.0117181,
312,0.00174087,0.00354272,-0.0219952,-0.428171,0.00891258,0,-0.442791,0,0.563757,0.947105,0.00354274,-0.0691678,-0.313363,0.521821,0.874812,-0.527595,-0.526157,0.441135,-0.523571,0.187978,1.22194,1.46336,0.711303,-0.333336,-0.94667,-0.214362,-1.65585,-0.313805,-6.60697,0.136456,-0.00957018,7.86459,-0.000926538,-0.00449839,-0.00288295,
313,0.00181873,0,-0.0222048,0.00717193,0.192104,0,-0.588636,0,0.534589,0.940598,-0.0249064,-0.0685884,-0.331588,0.501871,0.498384,-0.520314,-0.526273,0.561818,-0.523659,0.187082,1.22181,1.7336,0.388799,-0.767507,-0.870224,-0.838284,-0.00765484,-0.480024,-3.69224,0.163535,-0.0021185,-1.50261,0.00428224,-0.0303934,-0.00151304,
314,0.00196197,0,-0.0184657,0.188001,0.345469,0,-0.48962,0,0.48792,0.939724,-0.0493378,-0.0927302,-0.325401,0.474311,0.502101,-0.477657,-0.526446,0.381451,-0.523543,0.185434,1.22175,1.86996,0.232151,-1.1328,-0.584644,-1.34948,0.531301,-0.621604,0.862579,1.52934,-0.0010836,-5.67716,-0.0010717,-0.0319067,-0.000564601,
315,0.00223464,0,-0.0054806,0.317531,-0.614506,0,-0.136596,0,0.501456,0.946385,-0.0438981,-0.0860166,-0.308269,0.442112,0.579654,-0.356074,-0.521807,0.0304268,-0.523433,0.182296,1.22197,2.57273,-0.988977,1.29656,-0.316352,0.817652,1.03514,-0.677212,2.21527,3.36509,0.0171249,-8.34059,-0.00114266,-0.094861,0.000663661,
316,0.00261901,0,0.0610794,0.364094,-0.440125,0,0.31721,0,0.553362,0.958024,-0.0474134,-0.0628832,-0.275657,0.407314,0.745826,-0.303727,-0.523143,-0.401809,-0.523545,0.177873,1.22177,2.31873,-0.958695,0.782951,-0.273296,0.828254,1.81899,-0.713458,4.41299,-1.23333,-0.0324368,-8.94405,-0.0014722,-0.0820001,-0.00603757,
317,0.00287931,0,0.157583,-0.0874413,-0.206113,0,0.471517,0,0.578136,0.966301,-0.0432592,-0.0395124,-0.25066,0.384035,1.02789,-0.442385,-0.52503,-0.560029,-0.523615,0.174878,1.22107,2.27511,-0.499424,0.217949,0.187941,0.989237,0.624724,-0.226577,6.84897,-4.29582,-0.0400257,0.987357,-0.00168837,-0.0428566,-0.0194179,
318,0.0030604,0.0132747,0.0898899,-0.259542,-0.188363,0,0.460772,0,0.587987,0.968895,0.0132755,-0.0497658,-0.242052,0.403977,1.2601,-0.555531,-0.528362,-0.425392,-0.52351,0.172795,1.21978,2.13459,-0.34981,0.185168,2.32599,-0.0857689,-0.618376,1.00463,0.0012685,0.586744,-0.0678367,4.37477,-0.00496496,-0.0263984,-0.00668981,
319,0.00320048,0.0365931,0.00647431,-0.415391,-0.1948,0,0.222688,0,0.606306,0.958563,0.0366095,-0.0712647,-0.273382,0.469748,1.20186,-0.530759,-0.531109,-0.127298,-0.52412,0.171183,1.22279,1.7412,0.107392,0.168813,0.841525,-0.624329,-1.68948,1.61653,-2.10983,0.249337,-0.0526911,7.50927,-0.0107584,-0.0161458,-0.0152063,
320,0.00320877,0.0510216,-0.019157,-0.477165,-0.0769363,0,-0.183678,0,0.602754,0.943621,0.0510659,-0.0864744,-0.315428,0.533041,1.0227,-0.525045,-0.533569,0.279613,-0.524569,0.171088,1.2221,1.43379,0.371941,-0.142673,0.0143294,-0.713149,-1.96059,0.0993236,-5.03357,0.0367956,-0.0424471,8.76432,-0.0130974,-0.000462091,-0.00337816,
321,0.00323404,0.0358189,-0.0228637,-0.0986207,0.0898261,0,-0.49601,0,0.587366,0.92921,0.0358342,-0.103518,-0.352944,0.52449,0.689632,-0.524071,-0.535239,0.573133,-0.525432,0.170797,1.22206,1.53119,0.145779,-0.554787,-0.749088,-1.1648,-0.487935,-0.275232,-8.26041,0.00536253,-0.0238666,-0.0572296,-0.020495,-0.0160677,-0.000635528,
322,0.00329896,0.00477335,-0.0207302,0.0555109,0.0972644,0,-0.470928,0,0.554031,0.925422,0.00477339,-0.127429,-0.356838,0.506422,0.476123,-0.507912,-0.536326,0.476201,-0.524944,0.17005,1.22198,1.66608,-0.100686,-0.575497,-1.67605,-1.20671,0.924443,-0.456538,0.780746,0.621005,-0.0117085,-3.65378,0.0972533,-0.0181347,-0.000628265,
323,0.00338077,0,-0.0145639,0.201347,0.227136,0,-0.360254,0,0.519327,0.933509,-0.0599469,-0.135456,-0.326526,0.479904,0.529816,-0.460671,-0.536492,0.214205,-0.522968,0.169109,1.22183,1.79896,-0.30801,-0.844567,-2.43769,-1.13919,2.09161,-0.600087,1.25472,1.26581,0.0035647,-6.81284,-0.0140236,-0.0173619,-0.00212612,
324,0.00341201,0,0.01034,0.309034,-0.394947,0,0.027064,0,0.52863,0.945478,-0.0661767,-0.106434,-0.300606,0.4508,0.629317,-0.378592,-0.525728,-0.167625,-0.523392,0.168749,1.22124,2.75741,-1.48665,0.635336,0.142431,1.99628,1.19172,-0.598227,2.69325,2.18479,0.296088,-8.55784,-0.00312137,0.000348212,-0.00885463,
325,0.00335324,0,0.126464,0.0947003,-0.140742,0,0.460554,0,0.546118,0.958876,-0.0490077,-0.0607087,-0.27289,0.423052,0.817339,-0.343529,-0.521976,-0.559686,-0.523545,0.169425,1.22067,2.61194,-1.20338,0.0446171,0.492026,1.9169,0.678496,-0.499749,4.81186,-0.737531,-0.0472424,-3.11798,-0.00237754,0.0354301,-0.0183006,
326,0.00349116,0,0.108383,-0.170033,-0.573836,0,0.475196,0,0.558719,0.961405,-0.0233443,-0.0388292,-0.271383,0.427258,1.06533,-0.404387,-0.524622,-0.52133,-0.523584,0.167838,1.21727,1.38552,-0.498177,1.19248,1.20171,-0.888066,-0.100805,0.810783,4.98383,-1.71616,-0.0635881,2.69645,0.00276526,-0.232079,-0.183507,
327,0.00440623,0,0.0332985,-0.346103,-0.39925,0,0.32058,0,0.605408,0.959561,-0.000372947,-0.0647274,-0.273958,0.48673,1.25772,-0.561135,-0.527789,-0.30361,-0.52358,0.157309,1.20818,1.3476,-0.388484,0.673432,0.941837,-0.621238,-0.908564,1.57289,0.659427,-1.00363,-0.0602421,6.00274,-0.000452283,-0.177792,-0.177796,
328,0.00505135,0.0183262,-0.0105209,-0.445386,-0.202174,0,-0.00909332,0,0.626392,0.949038,0.0183283,-0.0822901,-0.303676,0.533844,1.20305,-0.539327,-0.530712,0.04788,-0.523592,0.149886,1.19943,1.25786,-0.313862,0.15572,0.731701,-0.316147,-1.41635,-0.135517,-2.38094,0.494906,-0.0568183,8.03295,-7.94869e-05,-0.123577,-0.173544,
329,0.00548836,0.032684,-0.0211628,-0.433544,0.0246572,0,-0.382676,0,0.620667,0.937766,0.0326956,-0.0902961,-0.333725,0.523077,1.00517,-0.526518,-0.533343,0.43804,-0.523594,0.144858,1.19431,1.15403,-0.372925,-0.388992,0.364746,-0.0516742,-1.2233,-0.252001,-5.50834,0.0942599,-0.0484116,7.57739,-3.27571e-05,-0.0781338,-0.032598,
330,0.00581294,0.0347127,-0.021769,-0.0295844,0.246515,0,-0.48628,0,0.588447,0.934619,0.0347267,-0.094491,-0.341104,0.506427,0.657025,-0.518411,-0.53534,0.559055,-0.523686,0.141123,1.19903,1.38762,-0.720478,-0.905157,-0.12439,-0.169928,0.311994,-0.410806,-8.39416,0.235017,-0.033223,-1.27628,-0.00485568,-0.0657939,0.217362,
331,0.00613533,0.0105398,-0.0186239,0.1111,0.0799427,0,-0.400655,0,0.551511,0.93384,0.0105401,-0.119105,-0.337113,0.482374,0.459458,-0.462236,-0.536706,0.409532,-0.523792,0.137413,1.22055,1.33935,-0.489424,-0.516647,-1.38311,-1.8237,1.05159,-0.565847,1.30874,1.97914,-0.0155399,-4.61646,0.0339083,-0.082557,0.604076,
332,0.00648029,0,-0.00991462,0.207989,-0.247551,0,-0.261546,0,0.530208,0.945003,-0.0586336,-0.132156,-0.293371,0.450527,0.544431,-0.354102,-0.53588,0.117342,-0.523278,0.133444,1.22429,2.08161,-1.07429,0.273155,-1.52132,0.393002,2.27042,-0.666059,2.0772,2.10151,0.179691,-6.88629,-0.00127021,-0.0718509,-0.0766077,
333,0.00666218,0,0.0325193,0.304815,-0.110809,0,0.160963,0,0.541236,0.959339,-0.0540175,-0.103747,-0.256879,0.417048,0.68479,-0.301559,-0.522891,-0.264655,-0.523495,0.131351,1.21978,2.10718,-1.12249,-0.00753376,0.428346,1.20482,1.70357,-0.695221,3.50999,0.0993303,0.224969,-8.41017,-0.00322802,-0.0188907,-0.0918341,
334,0.00661287,0,0.221575,-0.0587177,0.157276,0,0.49559,0,0.526996,0.970806,-0.0352461,-0.0778267,-0.224134,0.389213,0.911931,-0.316207,-0.52255,-0.571355,-0.523587,0.131918,1.21509,2.06324,-0.764352,-0.579536,0.908725,1.16175,0.448538,-0.410282,5.56028,-0.660405,-0.0453673,-0.355403,-0.001643,0.0485865,-0.0990862,
335,0.00674036,0,0.140035,-0.250881,-0.49129,0,0.470904,0,0.528906,0.97038,-0.00849112,-0.0828408,-0.226777,0.415752,1.16421,-0.319448,-0.525275,-0.484205,-0.523409,0.130451,1.20691,1.05399,-0.0642001,0.978331,1.27592,-0.00989637,-1.24181,1.43797,4.45118,0.529642,-0.0789115,3.5311,0.00535413,-0.104351,-0.248802,
336,0.00703595,0.0201344,0.0203831,-0.388539,-0.326692,0,0.288741,0,0.565523,0.962341,0.0201372,-0.0779599,-0.259648,0.511394,1.23885,-0.382358,-0.529088,-0.227317,-0.523544,0.12705,1.19457,0.867395,0.0667399,0.500316,0.692181,0.496028,-1.48253,2.37865,-0.662183,-3.02065,-0.0703741,6.7299,-0.00318039,-0.0325306,-0.244199,
337,0.00700884,0.0309325,-0.0156111,-0.458766,-0.19628,0,-0.0942463,0,0.582314,0.953708,0.0309424,-0.0768509,-0.289096,0.538796,1.13537,-0.56123,-0.532041,0.152981,-0.523589,0.127362,1.18538,0.799811,0.240019,0.156547,0.152846,-0.398592,-1.54245,-0.416777,-3.45231,-0.958293,-0.0508364,8.48046,0.000293716,0.0587081,-0.114544,
338,0.00662579,0.0304625,-0.02227,-0.368108,-0.023771,0,-0.486166,0,0.577315,0.940356,0.0304719,-0.0861881,-0.327679,0.515927,0.882821,-0.538745,-0.534347,0.549728,-0.523592,0.13177,1.18566,0.795059,0.199634,-0.274398,-0.346569,-0.830993,-1.21299,-0.506812,-6.62144,0.496182,-0.0382488,6.08503,-0.00141845,0.110502,0.147974,
339,0.00616306,0.00697371,-0.0206889,0.0287654,0.175066,0,-0.518412,0,0.552451,0.936976,0.00697383,-0.10555,-0.332997,0.486334,0.492422,-0.519884,-0.535793,0.538277,-0.523868,0.137094,1.1992,1.04657,-0.0850831,-0.729401,-0.700438,-1.15787,0.297075,-0.668726,-7.27825,0.274029,-0.0254436,-2.67473,-0.00491226,0.117767,0.379262,
340,0.00566579,0,-0.0159654,0.166412,0.0980493,0,-0.398962,0,0.51946,0.941611,-0.0314923,-0.135808,-0.306484,0.44906,0.486162,-0.475647,-0.536789,0.316895,-0.523059,0.142816,1.21949,1.3772,-0.463682,-0.526919,-2.20226,-1.48286,2.80234,-0.832724,1.45489,1.46788,-3.48485e-05,-6.09028,-0.00176157,0.105816,0.435698,
341,0.00516241,0,0.00135373,0.282868,-0.399558,0,-0.102781,0,0.535339,0.957413,-0.061095,-0.118768,-0.255972,0.407706,0.588493,-0.404405,-0.526859,-0.0379881,-0.523332,0.148608,1.22448,2.35578,-1.16165,0.692238,0.236579,1.1806,1.56967,-0.828168,2.62875,1.50866,0.317436,-8.2261,-0.006846,0.134855,-0.0773435,
342,0.00451942,0,0.144446,0.323871,-0.163559,0,0.363598,0,0.556537,0.971406,-0.0514258,-0.0910499,-0.213157,0.367034,0.768546,-0.403451,-0.521659,-0.458304,-0.523542,0.156007,1.22061,2.17996,-1.15135,0.156698,0.393558,1.07732,2.03778,-0.798299,4.55702,-1.44611,-0.048367,-8.58345,-0.00183589,0.160919,-0.0776547,
343,0.00370202,0,0.344943,-0.144059,0.100697,0,0.496884,0,0.549415,0.97924,-0.0310037,-0.0663814,-0.188999,0.355163,1.05033,-0.501974,-0.52437,-0.563755,-0.523626,0.165412,1.21641,2.18065,-0.710217,-0.415426,0.873663,1.13998,0.393057,0.306478,6.69514,-2.49989,-0.0563914,1.61293,-0.00125001,0.207861,-0.0870375,
344,0.00297776,0.0158825,0.122617,-0.326341,-0.317179,0,0.438051,0,0.548794,0.976964,0.0158838,-0.0873007,-0.194081,0.436601,1.2663,-0.534303,-0.528088,-0.393809,-0.523559,0.173746,1.21365,1.41576,0.079845,0.542098,0.782522,-0.556002,-1.78935,2.91681,-0.254199,0.436956,-0.0735654,5.10438,-0.00294636,0.152554,0.0160774,
345,0.00217504,0.0330061,-0.00284744,-0.444381,-0.244903,0,0.151372,0,0.571387,0.963833,0.0330181,-0.0849748,-0.25043,0.549367,1.18973,-0.52555,-0.531852,-0.0676795,-0.523581,0.182982,1.21702,1.28442,0.453962,0.309777,0.222111,-0.191569,-2.22448,-0.125875,-2.70012,0.0462746,-0.0698724,7.95422,-0.000233461,0.210324,0.118709,
346,0.00119803,0.0349578,-0.0209583,-0.478443,-0.0757348,0,-0.290034,0,0.575925,0.948213,0.034972,-0.0936313,-0.301501,0.527298,0.976553,-0.524487,-0.535036,0.347651,-0.52359,0.194224,1.22389,1.16983,0.557758,-0.131455,-0.187209,-0.640485,-2.05361,-0.475458,-5.80152,0.00671482,-0.058133,8.65513,-0.000141513,0.238271,-0.0139671,
347,0.000237701,0.0206616,-0.0223703,-0.065842,0.118161,0,-0.523871,0,0.557231,0.936121,0.0206646,-0.106387,-0.334563,0.499879,0.60582,-0.524055,-0.537498,0.574681,-0.523721,0.205273,1.22238,1.38115,0.254773,-0.600604,-0.826176,-0.905154,-0.422211,-0.6249,-9.00055,0.00357987,-0.039716,-0.78051,-0.00690827,0.199291,-0.0190676,
348,-0.000539428,0,-0.0191997,0.0933661,0.0773033,0,-0.478115,0,0.5274,0.935015,-0.0144403,-0.126469,-0.330975,0.464648,0.47996,-0.503124,-0.539276,0.443148,-0.523034,0.214215,1.22194,1.6003,-0.0447346,-0.504556,-1.99717,-1.22094,1.488,-0.792212,1.10659,0.81343,-0.0213976,-4.40262,-0.00166826,0.154333,-0.002518,
349,-0.00114172,0,-0.0106052,0.234275,-0.265364,0,-0.306355,0,0.508488,0.944418,-0.0659314,-0.126919,-0.296004,0.422871,0.551268,-0.454672,-0.537137,0.146001,-0.523345,0.221145,1.22168,2.20911,-0.738305,0.313252,-0.203681,0.921382,1.34185,-0.850511,1.75703,0.94317,0.198968,-7.33871,-0.00339871,0.127113,-0.0121737,
350,-0.00162555,0,0.0342265,0.346117,-0.161398,0,0.151421,0,0.521899,0.961069,-0.0584382,-0.0925056,-0.253722,0.378836,0.680043,-0.459274,-0.525711,-0.265292,-0.523513,0.226712,1.22097,2.22462,-0.980284,0.111159,0.159226,1.46429,2.30611,-0.910197,3.37725,-1.09085,0.239663,-9.1181,-0.00238244,0.0976369,-0.014055,
351,-0.00204151,0,0.26977,-0.0573186,0.0941911,0,0.481519,0,0.513461,0.974957,-0.0446139,-0.0574302,-0.210166,0.340901,0.908279,-0.534984,-0.522411,-0.574749,-0.523589,0.231498,1.22,2.20659,-0.544616,-0.421874,1.2254,1.23589,0.782961,-0.583519,5.7122,-0.732301,-0.0381245,0.0213102,-0.000402663,0.0971251,-0.0287934,
352,-0.00172003,0,0.183986,-0.256319,-0.256227,0,0.468613,0,0.527888,0.975545,-0.00755884,-0.0866676,-0.201852,0.372299,1.1675,-0.524411,-0.524835,-0.479511,-0.52355,0.227799,1.21369,1.48372,-0.0876594,0.385434,1.47101,0.50388,-0.926691,1.65089,4.80307,0.64794,-0.0605382,3.57218,0.00311554,-0.0827264,-0.153987,
353,-0.00150707,0.0133313,0.0235622,-0.383805,-0.313478,0,0.269275,0,0.552702,0.968549,0.0133321,-0.0730392,-0.237487,0.486631,1.24378,-0.527593,-0.527631,-0.222781,-0.523548,0.225349,1.20752,1.25899,0.467199,0.489482,0.0451455,0.156646,-1.79254,2.91098,-0.829355,-0.0794849,-0.0488284,6.71546,-0.00111681,-0.0242406,-0.0887683,
354,-0.00142354,0.01446,-0.016809,-0.447844,-0.1326,0,-0.133378,0,0.565684,0.957733,0.014461,-0.070822,-0.278428,0.538701,1.13302,-0.525734,-0.529884,0.153509,-0.523584,0.224388,1.20509,1.11277,0.588214,0.0204852,-0.232371,-0.0766347,-1.61109,-0.349789,-3.57916,0.0411666,-0.0410458,8.32293,-0.000263808,-0.014517,-0.00960967,
355,-0.00135974,0.00451719,-0.0234165,-0.343812,0.042861,0,-0.520168,0,0.555527,0.947094,0.00451722,-0.0727933,-0.312559,0.518469,0.87633,-0.524329,-0.531659,0.53516,-0.523594,0.223654,1.20779,1.05356,0.555727,-0.408669,-0.730031,-0.451635,-1.01942,-0.459776,-6.6627,0.0118841,-0.0286815,5.79009,-0.000934215,-0.0226888,0.125651,
356,-0.00114837,0,-0.0219987,0.0470146,0.241309,0,-0.564857,0,0.523764,0.94527,-0.0239019,-0.080704,-0.315247,0.491095,0.48837,-0.516954,-0.532674,0.531512,-0.523801,0.221222,1.2154,1.31925,0.279581,-0.866895,-1.0164,-0.790613,0.368679,-0.627566,-7.15222,0.293538,-0.0173392,-2.54804,-0.00323589,-0.0626134,0.168539,
357,-0.000814767,0,-0.0168905,0.20564,0.107447,0,-0.410745,0,0.476348,0.946148,-0.0431882,-0.110111,-0.301356,0.4565,0.48605,-0.459202,-0.533701,0.304472,-0.523461,0.217383,1.22297,1.61149,-0.308362,-0.543075,0.554696,-0.352361,0.669789,-0.738601,1.55235,1.8565,0.0349564,-6.39456,0.0046411,-0.0845888,0.0363009,
358,-0.000335038,0,0.00202953,0.336242,-0.382993,0,-0.0302292,0,0.50787,0.960573,-0.040504,-0.0743627,-0.26482,0.418271,0.599364,-0.370497,-0.522583,-0.0599432,-0.523403,0.211863,1.22219,2.66529,-1.28462,0.639557,-0.206721,1.52854,1.87858,-0.806693,2.97115,2.03618,0.206879,-8.53145,-0.00490185,-0.117397,-0.0233251,
359,0.000182103,0,0.153552,0.357352,-0.299395,0,0.395948,0,0.53313,0.974037,-0.0463496,-0.0403643,-0.217888,0.378805,0.805874,-0.340729,-0.522487,-0.481791,-0.523595,0.205913,1.22209,2.31308,-0.922849,0.474249,-0.915637,0.774345,2.11703,-0.771058,5.2692,-0.822876,-0.041871,-8.34134,-0.00189195,-0.121464,0.0129686,
360,0.000819265,0,0.410983,-0.15191,-0.381929,0,0.535011,0,0.555667,0.982158,-0.0116933,-0.0546016,-0.179574,0.372319,1.1222,-0.433712,-0.526173,-0.569407,-0.523488,0.198582,1.22106,1.83924,-0.306854,0.722008,2.48999,-1.8763,0.917018,0.531276,7.35667,-2.89092,-0.0856108,2.00859,-0.00183066,-0.232668,-0.0774414,
361,0.00172154,0.0321769,0.148505,-0.363494,-0.24432,0,0.451806,0,0.578757,0.979952,0.0321881,-0.0994709,-0.169598,0.473787,1.25396,-0.565033,-0.530325,-0.374217,-0.52345,0.1882,1.21718,1.93866,-0.122484,0.389219,1.56835,0.0842943,-1.59476,3.51625,-0.760992,0.351519,-0.0904285,5.71272,0.0352605,-0.161634,-0.0877586,
362,0.00226547,0.0661434,-0.00691907,-0.463638,-0.352577,0,0.17363,0,0.600282,0.969464,0.0662401,-0.0762397,-0.223471,0.541561,1.15,-0.534573,-0.534927,-0.0167462,-0.523374,0.181941,1.21922,1.54269,0.541843,0.60207,0.177067,-0.0112793,-2.24748,-0.391429,-3.3693,0.373486,-0.0805325,8.61749,-0.00617134,-0.0898739,0.221543,
363,0.00255191,0.066356,-0.0225867,-0.497541,-0.200472,0,-0.30941,0,0.621615,0.955645,0.0664537,-0.0792535,-0.275765,0.520796,0.900651,-0.525965,-0.538629,0.435059,-0.523552,0.178646,1.22335,1.38706,0.659615,0.179657,-0.234417,-0.37253,-2.04355,-0.429967,-6.57845,0.0559179,-0.0690627,9.44728,-0.0014834,-0.0433843,-0.0353847,
364,0.00280244,0.0511161,-0.0224009,-0.0182195,0.0125137,0,-0.459874,0,0.617479,0.94937,0.0511607,-0.0871665,-0.297459,0.494918,0.488577,-0.524483,-0.541521,0.563551,-0.523741,0.175763,1.22222,1.72302,0.304635,-0.325503,-0.638627,-0.707031,-0.133647,-0.598506,-7.98403,0.0113973,-0.0522341,-1.35973,-0.00406964,-0.0625735,-0.00848674,
365,0.00308055,0.0405909,-0.0189352,0.108046,0.125284,0,-0.3429,0,0.595336,0.946841,0.0406132,-0.121287,-0.295181,0.461406,0.481693,-0.521701,-0.544394,0.413393,-0.523522,0.172563,1.22204,1.80687,0.177628,-0.577423,-0.242103,-1.41698,0.66235,-0.746153,1.51638,0.0891455,-0.052449,-4.59784,0.00113616,-0.0607446,-0.000469121,
366,0.00336227,0,-0.010237,0.20477,0.152358,0,-0.177188,0,0.571946,0.95825,-0.0144877,-0.127204,-0.255667,0.420358,0.574369,-0.496259,-0.546043,0.131889,-0.523508,0.169321,1.222,2.00899,-0.111842,-0.599777,-2.28438,-0.630042,2.39075,-0.87586,2.20035,0.943261,-0.0249387,-6.71891,-0.0019908,-0.0612713,-0.000752596,
367,0.00356929,0,0.0367385,0.241846,-0.158081,0,0.0955466,0,0.540734,0.968199,-0.0642746,-0.120289,-0.209736,0.376547,0.719446,-0.425974,-0.545959,-0.226182,-0.52354,0.166939,1.22159,2.65276,-0.836168,0.147516,-0.0187025,1.65027,1.551,-0.850521,3.60459,1.58036,0.128508,-7.36755,0.00421106,-0.0343382,-0.0156409,
368,0.00364306,0,0.374457,0.0476371,0.0986652,0,0.451432,0,0.535624,0.979242,-0.0501486,-0.0788711,-0.179859,0.341777,0.939774,-0.378073,-0.538919,-0.551656,-0.523558,0.166091,1.22058,2.58976,-0.609661,-0.401687,0.586136,1.69635,0.666818,-0.537218,5.19355,0.376303,0.135084,-2.52416,-0.00165724,0.00609296,-0.025867,
369,0.00376331,0,0.326632,-0.206139,-0.337585,0,0.509334,0,0.532156,0.980823,-0.00151023,-0.0841739,-0.175781,0.388253,1.19863,-0.341029,-0.533226,-0.515233,-0.523581,0.164707,1.21877,1.54393,-0.120916,0.61162,1.5787,-1.43037,-0.665008,2.39034,5.13326,1.09191,0.110497,2.55189,0.00175423,-0.0995118,-0.0362878,
370,0.00400346,0.0195027,0.0519207,-0.359232,-0.293935,0,0.359709,0,0.559307,0.974125,0.0195052,-0.0787719,-0.21094,0.55139,1.23576,-0.348091,-0.528146,-0.300999,-0.523556,0.161944,1.21673,1.27571,0.260957,0.467782,0.154609,0.431337,-1.597,1.53133,-0.894367,-1.37166,0.10109,6.02623,-0.00316718,-0.0315018,-0.0136815,
371,0.00404147,0.0203142,-0.0120633,-0.4483,-0.143369,0,-0.0154104,0,0.574043,0.966637,0.020317,-0.0718534,-0.245025,0.53781,1.1263,-0.468654,-0.523215,0.0579333,-0.523605,0.161506,1.21959,1.02494,0.468251,0.0784914,-0.300968,0.00586861,-1.3125,-0.50019,-3.46263,-3.42879,0.0449534,8.31396,0.00393462,0.0183053,0.116683,
372,0.00385541,0.0103798,-0.0222387,-0.42913,0.0502735,0,-0.447253,0,0.566923,0.956808,0.0103802,-0.0728983,-0.281242,0.511633,0.875246,-0.55375,-0.523288,0.460975,-0.523572,0.163647,1.22314,1.09539,0.432856,-0.393999,-0.602489,-0.261676,-1.72797,-0.542979,-6.55514,0.616565,-0.00994284,7.81416,-0.000568622,0.0646822,-0.027831,
373,0.0036045,0,-0.0215094,-0.000145121,0.214756,0,-0.568589,0,0.537851,0.95042,-0.0147239,-0.0818223,-0.299648,0.480423,0.492978,-0.514989,-0.523555,0.556349,-0.523722,0.166534,1.22206,1.37777,0.183335,-0.788523,-0.855166,-0.953776,-0.103693,-0.699457,-5.91104,0.929929,-0.00521436,-1.61806,-0.000604948,0.0552952,-0.0102846,
374,0.00336223,0,-0.0172959,0.164835,0.346376,0,-0.457537,0,0.491911,0.947495,-0.0353494,-0.115154,-0.296214,0.4423,0.491508,-0.430737,-0.523957,0.373972,-0.523517,0.169322,1.22174,1.52042,0.0573963,-1.10593,-0.330684,-1.64068,0.381544,-0.824936,1.21659,2.42453,-0.00537166,-5.6428,-0.00106815,0.0615564,-0.00393298,
375,0.00315489,0,-0.00424609,0.296293,-0.451806,0,-0.151028,0,0.509484,0.955238,-0.0450953,-0.0907565,-0.27794,0.400654,0.581258,-0.27526,-0.522704,0.0412697,-0.523371,0.171708,1.22178,3.0946,-1.1162,0.813344,0.163336,1.67212,0.381221,-0.840267,2.37252,4.03928,-0.0185712,-7.96192,-0.00431988,0.0563103,-0.00139355,
376,0.00287778,0,0.0610423,0.359951,-0.230825,0,0.327291,0,0.536276,0.962876,-0.0302691,-0.0546126,-0.262623,0.358208,0.751256,-0.160392,-0.523643,-0.375025,-0.523541,0.174896,1.22168,2.86065,-1.12893,0.264143,0.284183,1.45201,0.97014,-0.85676,4.41019,0.58385,-0.0179836,-8.6838,-0.0017154,0.0714612,-0.00251108,
377,0.00251776,0,0.155331,-0.0834987,-0.336166,0,0.497057,0,0.559807,0.964382,-0.0351587,-0.0359714,-0.259686,0.328104,1.0321,-0.172582,-0.52441,-0.57294,-0.523738,0.179038,1.22219,2.41812,-0.0371471,0.524129,1.30634,-0.0114872,0.0396863,-0.293335,6.75,-1.07094,-0.039017,0.977318,0.00930941,0.075536,-0.0177394,
378,0.0022182,0.00795354,0.0865088,-0.269429,-0.298476,0,0.459327,0,0.582799,0.965152,0.0079537,-0.0538932,-0.255958,0.34407,1.26189,-0.285895,-0.52676,-0.435218,-0.523606,0.182485,1.22107,1.9285,0.10415,0.433918,1.01704,-0.424449,-0.382845,0.899503,-0.0607727,-3.43457,-0.0378011,4.50747,-0.0096946,0.0661611,-0.0219362,
379,0.00187918,0.0284978,0.0102688,-0.415234,-0.101819,0,0.209154,0,0.591439,0.960641,0.0285055,-0.0662869,-0.268258,0.403715,1.19998,-0.507357,-0.528532,-0.131869,-0.523985,0.186386,1.22133,1.74439,0.301712,-0.0392906,0.617355,-0.249018,-0.812084,1.48219,-2.21681,-5.40713,-0.0298602,7.60428,-0.00542789,0.0853125,0.0382325,
380,0.00147263,0.0300197,-0.0168061,-0.47306,0.0186116,0,-0.230377,0,0.585953,0.945832,0.0300287,-0.0801313,-0.313177,0.478958,1.01566,-0.544788,-0.529694,0.278638,-0.524185,0.191064,1.2224,1.70907,0.427981,-0.35489,-0.0639324,-0.610859,-2.22455,1.51213,-5.1317,0.599525,-0.0202994,8.7836,-0.00179015,0.103933,-0.0151959,
381,0.00107469,0.0138851,-0.0236605,-0.0920432,0.159868,0,-0.545404,0,0.560804,0.928806,0.013886,-0.0953205,-0.357828,0.534683,0.678577,-0.512732,-0.53029,0.587517,-0.524504,0.195643,1.22201,1.7696,0.263612,-0.71919,-0.871955,-1.11028,-0.669081,0.014772,-8.32339,0.667017,-0.00255223,-0.0275054,-0.0109913,0.068695,-0.00311291,
382,0.000819677,0,-0.0216707,0.0828246,0.175954,0,-0.505672,0,0.517518,0.922426,-0.0144697,-0.122746,-0.365861,0.523832,0.470005,-0.451487,-0.53043,0.476218,-0.52431,0.198577,1.22187,1.95239,0.0174778,-0.764317,-1.49182,-1.38923,0.765937,-0.333265,0.972101,1.75447,0.00722713,-4.11353,0.0877937,0.0437048,-0.000886842,
383,0.000681642,0,-0.0150316,0.240239,-0.2818,0,-0.344468,0,0.497429,0.931413,-0.0632179,-0.11599,-0.339146,0.50382,0.535756,-0.340908,-0.527224,0.190714,-0.52284,0.200165,1.22156,2.53705,-1.08326,0.309923,0.0658315,1.23235,0.51827,-0.415854,1.61569,2.49933,0.175008,-7.24695,-0.01855,0.037463,-0.0159159,
384,0.000573547,0,0.0139802,0.368862,-0.258208,0,0.12333,0,0.517829,0.946499,-0.0493182,-0.0711783,-0.31087,0.48005,0.658604,-0.275388,-0.522078,-0.219499,-0.52344,0.201409,1.22088,2.68937,-1.44695,0.28117,0.0200985,1.99008,1.84773,-0.53303,3.28343,0.201183,-0.0274947,-9.21988,-0.0063139,0.0188032,-0.0121072,
385,0.000499784,0,0.123057,0.00104969,-0.32421,0,0.465759,0,0.532277,0.959026,-0.0487671,-0.034321,-0.276972,0.456915,0.88595,-0.311909,-0.523635,-0.565204,-0.523618,0.202258,1.22246,2.2555,-0.439144,0.47677,1.06902,0.321857,1.0617,-0.324252,5.71894,-1.64095,-0.0565769,-0.699863,0.00705853,0.000153003,0.0225794,
386,0.00078071,0,0.112046,-0.207529,-0.312619,0,0.478673,0,0.562919,0.966325,-0.00846959,-0.0561819,-0.250974,0.468009,1.16059,-0.450783,-0.527001,-0.493298,-0.523545,0.199025,1.22077,1.83862,-0.12778,0.47386,1.89567,-0.58455,0.824319,0.693779,5.33414,-3.8911,-0.0686872,3.13728,-0.00128947,-0.0806811,-0.0484241,
387,0.00105424,0.0266388,0.0267491,-0.375957,-0.207333,0,0.327786,0,0.574928,0.966038,0.0266451,-0.0757407,-0.24561,0.522926,1.2478,-0.556911,-0.530234,-0.252582,-0.523612,0.195878,1.21869,1.72074,0.109627,0.225854,0.838955,-0.676416,-0.905245,1.49957,-0.804473,0.62841,-0.0575746,6.47671,-0.00298352,-0.0534102,0.0209882,
388,0.00125761,0.0394506,-0.0150237,-0.473381,-0.0684846,0,-0.0414391,0,0.575746,0.957677,0.0394711,-0.0929138,-0.269563,0.530637,1.13957,-0.53103,-0.532974,0.12305,-0.523721,0.193538,1.22283,1.3899,0.362229,-0.115849,0.145543,-0.707685,-1.28635,-0.207462,-3.50365,0.257834,-0.0495692,8.53739,-0.00311301,-0.0449888,0.0094293,
389,0.00124368,0.0261807,-0.0230702,-0.384434,-0.048034,0,-0.476078,0,0.572716,0.946511,0.0261867,-0.0868372,-0.30966,0.517783,0.881577,-0.524824,-0.535308,0.528509,-0.523388,0.193698,1.2222,1.30574,0.628338,-0.201934,-1.03648,-0.376281,-1.19544,-0.310432,-6.78097,0.0421081,-0.039225,6.45586,-0.00556337,0.0193552,-0.00943485,
390,0.00124521,0,-0.0220931,0.0244343,0.154479,0,-0.544337,0,0.551156,0.944561,-0.00897065,-0.0902766,-0.315553,0.497667,0.480396,-0.523934,-0.536806,0.536758,-0.523834,0.193681,1.22194,1.56879,0.33867,-0.664531,-1.33897,-0.700942,0.305879,-0.485542,-7.45029,0.00394477,-0.0267538,-2.28245,-0.0080531,-0.00631347,-0.00190861,
391,0.00130925,0,-0.0177377,0.18493,0.284182,0,-0.420695,0,0.512507,0.945035,-0.0381445,-0.117205,-0.302849,0.469838,0.482353,-0.495768,-0.538384,0.32633,-0.523512,0.192944,1.22179,1.67205,0.222117,-0.957722,-0.65372,-1.53382,0.847623,-0.626522,1.64944,1.1097,-0.0294713,-6.10215,0.00470453,-0.0165392,-0.00199424,
392,0.00144156,0,-0.00147202,0.298752,-0.405922,0,-0.107072,0,0.518844,0.954663,-0.0583422,-0.101136,-0.273837,0.437304,0.59685,-0.409744,-0.530052,-0.0280875,-0.523357,0.191421,1.22173,2.93098,-0.881679,0.691396,-0.214445,1.32227,1.00961,-0.664807,2.92795,2.43275,0.290368,-8.22343,-0.00408241,-0.0290267,-0.0016164,
393,0.00155085,0,0.0975173,0.345686,-0.18015,0,0.344066,0,0.540077,0.965271,-0.0565667,-0.0675686,-0.24594,0.404039,0.794377,-0.364892,-0.521776,-0.449062,-0.523535,0.190164,1.2216,2.73945,-0.854358,0.162226,-0.118592,1.2688,1.49001,-0.665226,4.95605,-0.613507,-0.0252658,-8.61209,-0.00189623,-0.0212261,-0.00429983,
394,0.00165903,0,0.207412,-0.124208,-0.271244,0,0.51593,0,0.541175,0.97257,-0.0189288,-0.0545529,-0.225329,0.392272,1.09682,-0.426316,-0.524605,-0.561015,-0.523571,0.188919,1.22046,2.18607,-0.201403,0.398126,3.0134,-0.78361,0.556346,0.269789,7.02621,-1.85139,-0.0790434,1.43972,1.17378e-05,-0.124117,-0.0920151,
395,0.0023649,0.0291431,0.0918105,-0.330066,-0.257201,0,0.465929,0,0.564525,0.970203,0.0291514,-0.09388,-0.221456,0.446218,1.26293,-0.546105,-0.528168,-0.397081,-0.523462,0.180797,1.21375,1.93188,-0.00126616,0.368166,1.55481,0.294145,-1.25837,1.83231,-0.762102,-0.731181,-0.0739033,5.05748,0.0371123,-0.12569,-0.143068,
396,0.00269445,0.0502354,-0.00282719,-0.448535,-0.353221,0,0.191884,0,0.593912,0.957243,0.0502777,-0.08252,-0.27267,0.540117,1.16505,-0.533591,-0.531631,-0.0684383,-0.523363,0.177005,1.21319,1.71706,0.560167,0.554519,-0.00723039,0.0453548,-2.34192,0.491978,-3.12958,0.311816,-0.0610765,8.10776,-0.00661501,-0.0499484,0.106723,
397,0.00283222,0.0477038,-0.0205945,-0.485597,-0.16111,0,-0.276339,0,0.609321,0.940524,0.04774,-0.0811621,-0.326418,0.529399,0.930098,-0.525936,-0.53433,0.361665,-0.523551,0.17542,1.22435,1.60565,0.587768,0.0377993,-0.44226,-0.177499,-2.21132,-0.333848,-6.2433,0.0534333,-0.0484034,9.09153,-0.00159559,-0.014757,0.0770316,
398,0.00292044,0.0298372,-0.0220534,-0.0329343,0.0349794,0,-0.507398,0,0.599664,0.929168,0.0298461,-0.0813924,-0.359349,0.508828,0.536534,-0.524404,-0.536279,0.574066,-0.523706,0.174405,1.22291,1.83297,0.259001,-0.437769,-1.05092,-0.472042,-0.42222,-0.490177,-9.47235,0.0121849,-0.0301723,-0.947683,-0.00649607,-0.0280336,-0.0349552,
399,0.003057,0.0107197,-0.0188028,0.120657,0.167036,0,-0.423841,0,0.572229,0.925557,0.0107201,-0.106951,-0.363029,0.480676,0.482304,-0.517525,-0.538093,0.435378,-0.523485,0.172834,1.22202,1.91273,0.15705,-0.740894,-0.212289,-1.46963,0.208041,-0.63512,1.26715,0.257389,-0.0357252,-4.56857,-0.000561645,-0.0278619,-0.00543889,
400,0.00320436,0,-0.0102694,0.234318,0.108442,0,-0.234165,0,0.53728,0.934043,-0.0357291,-0.119012,-0.334847,0.445155,0.565475,-0.476166,-0.539093,0.140234,-0.52348,0.171138,1.22186,2.20779,-0.32486,-0.578824,-2.93884,-0.588284,2.93693,-0.79009,2.04813,1.37903,0.00055785,-7.18093,-0.000722849,-0.0471479,-0.00152943,
401,0.00332392,0,0.024359,0.300828,-0.309082,0,0.110205,0,0.519848,0.949471,-0.0690253,-0.0989043,-0.289756,0.406619,0.70917,-0.396857,-0.536912,-0.249945,-0.523522,0.169763,1.22123,2.70177,-1.5435,0.426304,0.461142,2.15386,1.59723,-0.747809,3.68675,1.60143,0.136889,-8.22489,0.00288405,-0.0130713,-0.0175629,
402,0.0033154,0,0.17313,0.0121718,-0.0539072,0,0.496735,0,0.52646,0.964387,-0.0443549,-0.0512451,-0.255663,0.374335,0.944153,-0.374437,-0.530282,-0.592416,-0.523564,0.169861,1.2202,2.59856,-1.18486,-0.13474,1.3175,1.87815,0.868814,-0.519308,5.67855,-0.667344,0.116771,-1.25944,-0.00149906,0.0200383,-0.0300003,
403,0.00403838,0,0.131088,-0.248484,-0.454495,0,0.496007,0,0.566458,0.9666,-0.00498246,-0.0769209,-0.244424,0.39292,1.21374,-0.416826,-0.525062,-0.506483,-0.523586,0.161542,1.21262,1.4916,-0.643123,0.854445,1.77178,-1.17907,-0.0320309,1.06594,5.25334,-1.0183,0.0996873,3.5973,-0.00028574,-0.199527,-0.183223,
404,0.00477835,0.0234615,0.0270302,-0.423209,-0.245566,0,0.309624,0,0.594933,0.962936,0.0234658,-0.106138,-0.246858,0.468838,1.23873,-0.537195,-0.523122,-0.241027,-0.523725,0.153027,1.2036,1.3701,-0.5569,0.31493,1.23365,-0.741589,-0.770316,1.97118,-1.29041,-1.48885,-0.00972469,7.0058,0.0010446,-0.139766,-0.17735,
405,0.00517157,0.0519203,-0.0158637,-0.480859,-0.13048,0,-0.045559,0,0.606941,0.951135,0.051967,-0.0880611,-0.291355,0.540032,1.09778,-0.534111,-0.523954,0.153806,-0.523348,0.148503,1.19855,1.3318,-0.335199,0.00272388,0.527913,1.36804,-2.11967,-0.0987298,-4.31642,0.31372,-0.0159231,8.82945,-0.00589249,-0.0639222,-0.0178353,
406,0.00525321,0.0533728,-0.022863,-0.23611,-0.21288,0,-0.448341,0,0.612761,0.939201,0.0534235,-0.0813772,-0.329281,0.524493,0.799382,-0.525617,-0.524218,0.555199,-0.523576,0.147564,1.21176,1.15023,0.0291926,0.155188,-0.807411,-0.901168,-0.671139,-0.387494,-7.59442,0.0647707,0.00769918,3.24342,-0.00784338,-0.0095995,0.537294,
407,0.00528657,0.0246213,-0.0213008,0.0277229,-0.0512748,0,-0.473664,0,0.60976,0.937352,0.0246263,-0.10116,-0.332462,0.500829,0.477897,-0.524371,-0.523695,0.522298,-0.523937,0.14718,1.22685,1.32266,-0.116248,-0.217455,-0.352518,-1.63035,0.3301,-0.552971,-0.64294,0.00544153,0.00573969,-2.56597,0.00272492,-0.00119736,-0.0985311,
408,0.00523595,0.00117857,-0.0165744,0.151785,0.141047,0,-0.325994,0,0.58866,0.937346,0.00117857,-0.139632,-0.319192,0.469698,0.512354,-0.523967,-0.523558,0.310859,-0.523574,0.147762,1.22285,1.36917,-0.253774,-0.637397,-0.383707,-1.73527,0.932203,-0.691228,0.948652,0.00367072,-0.000565634,-5.86452,0.00905605,0.0257751,-0.0395333,
409,0.00515803,0,-0.000769039,0.232903,0.101066,0,-0.126104,0,0.566102,0.950792,-0.0660125,-0.147638,-0.264273,0.431326,0.58529,-0.500293,-0.523568,-0.0270746,-0.52348,0.148659,1.22172,1.61994,-0.618631,-0.491537,-2.84519,-0.75033,3.39609,-0.821121,1.97104,0.95896,-0.000453224,-7.72678,-0.00189583,0.0225628,-0.0148112,
410,0.0049579,0,0.112264,0.263593,-0.34396,0,0.257921,0,0.57174,0.965899,-0.0812435,-0.119763,-0.2147,0.393687,0.725454,-0.451322,-0.523403,-0.415967,-0.523484,0.150961,1.22021,2.43475,-1.37786,0.588865,0.64181,2.01713,1.85376,-0.709959,3.60832,1.05618,-0.00192287,-7.82574,-0.00126053,0.0627503,-0.0342891,
411,0.00456567,0,0.33337,-0.112203,-0.0738447,0,0.448299,0,0.585157,0.97794,-0.0535514,-0.0730049,-0.188242,0.379816,0.949876,-0.460872,-0.523818,-0.555428,-0.523605,0.155475,1.21817,2.36826,-0.999912,-0.0224559,0.987128,2.04526,0.689916,0.144083,5.35328,-1.42479,-0.0117078,0.827831,-0.00248436,0.113351,-0.0454874,
412,0.00400091,0,0.18413,-0.231013,0.0526572,0,0.425619,0,0.574018,0.982746,-0.00883813,-0.0357596,-0.181257,0.447808,1.1888,-0.533523,-0.524702,-0.433289,-0.523518,0.161973,1.2158,2.3935,-0.881869,-0.29937,2.91404,1.04742,-0.230801,2.56639,4.17563,-0.42708,-0.0354255,4.03962,0.00385391,0.140091,-0.0503443,
413,0.00361339,0.0161153,0.013103,-0.372969,-0.330829,0,0.207846,0,0.600949,0.977194,0.0161167,-0.0483277,-0.206147,0.553882,1.23928,-0.525092,-0.525829,-0.157385,-0.524146,0.166432,1.22237,1.28962,0.0444493,0.56421,0.441943,-0.501805,-1.30959,-0.242388,-0.855158,0.404116,-0.0193184,6.95059,-0.0173708,0.0950445,0.160802,
414,0.00313769,0.0241809,-0.0192067,-0.429619,-0.119174,0,-0.181443,0,0.615814,0.969089,0.0241856,-0.0583655,-0.238486,0.528425,1.12913,-0.525466,-0.526724,0.219439,-0.524888,0.171905,1.22261,1.15306,0.0538876,0.0298557,0.230203,-0.252962,-1.44958,-0.483861,-3.52888,0.00940192,-0.0161259,8.11478,-0.011514,0.124798,-0.025821,
415,0.00256883,0.026277,-0.0232911,-0.178662,0.105522,0,-0.506265,0,0.603745,0.961182,0.026283,-0.0621667,-0.267533,0.501254,0.878168,-0.524355,-0.527331,0.564979,-0.52536,0.178451,1.22197,1.26318,-0.186871,-0.504889,-0.164942,-0.247451,-0.385731,-0.60907,-6.48363,0.0133907,-0.00520059,2.41349,-0.00919516,0.123798,-0.0035706,
416,0.00207567,0.0113936,-0.0212383,0.0796499,0.186308,0,-0.490039,0,0.570723,0.961088,0.0113941,-0.0710901,-0.266696,0.466985,0.529193,-0.505104,-0.527312,0.513149,-0.526022,0.184125,1.22198,1.27406,-0.0701808,-0.689142,-1.01349,-0.892279,0.180423,-0.758676,-7.46785,0.75613,0.00647271,-3.01808,-0.0201735,0.102908,0.0012003,
417,0.00165407,0,-0.0155763,0.212668,0.316521,0,-0.317706,0,0.530182,0.960484,-0.0107169,-0.103443,-0.258176,0.426007,0.490921,-0.434449,-0.527193,0.276737,-0.526265,0.188976,1.22187,1.38751,-0.17305,-0.992715,-0.382285,-1.61743,0.603661,-0.879561,1.22944,2.05598,0.00372086,-6.40951,0.00390888,0.0967699,-0.00192365,
418,0.00132698,0,0.00733179,0.274223,-0.415369,0,-0.0274369,0,0.513674,0.969325,-0.0476684,-0.0995246,-0.219617,0.380119,0.589378,-0.289075,-0.522745,-0.0779666,-0.521919,0.19274,1.22168,3.06547,-1.25932,0.771081,-0.0769888,1.92913,1.14948,-0.893767,2.7244,3.4892,0.14215,-7.65204,0.0467968,0.0707427,-0.00964972,
419,0.00101017,0,0.191846,0.310133,-0.186847,0,0.391211,0,0.538995,0.97976,-0.0370101,-0.0517041,-0.18981,0.337289,0.772576,-0.194452,-0.522794,-0.456507,-0.52298,0.196385,1.22105,2.8888,-1.23293,0.233889,0.169885,1.85619,1.49044,-0.819769,4.5863,0.325834,-0.0309532,-7.49348,-0.029727,0.0748283,-0.0140139,
420,0.000655345,0,0.423316,-0.099401,-0.32983,0,0.500774,0,0.561601,0.984087,-0.0240244,-0.0327499,-0.172981,0.333578,1.05144,-0.21105,-0.524675,-0.553397,-0.524148,0.200468,1.22249,2.38788,-0.212777,0.594865,2.31165,-0.449305,0.602794,0.677357,6.48888,-0.993535,-0.0597286,1.36464,-0.00101384,0.0660519,-0.00885973,
421,0.000552861,0.0152669,0.178482,-0.295392,-0.261374,0,0.438537,0,0.592842,0.983804,0.0152681,-0.0622357,-0.167402,0.446222,1.2671,-0.318867,-0.527343,-0.395688,-0.524239,0.201647,1.2206,2.00555,-0.148001,0.432247,1.21445,-0.824902,-0.21251,3.7732,-0.251423,-3.30215,-0.048025,4.91129,-0.00481663,0.0216344,-0.0445263,
422,0.000440606,0.0399239,0.00186616,-0.436999,-0.0256013,0,0.17683,0,0.600831,0.981043,0.0399452,-0.0817593,-0.171099,0.548442,1.1944,-0.527538,-0.529706,-0.0765577,-0.524376,0.202939,1.22104,1.76198,0.0525889,-0.113714,0.99024,-0.355456,-0.301615,-0.417397,-2.5166,-4.12554,-0.0460632,7.8334,0.000880059,0.0314602,0.0605398,
423,0.000174061,0.0585174,-0.0235666,-0.470168,-0.170943,0,-0.227465,0,0.586805,0.974876,0.0585844,-0.0888399,-0.195684,0.524362,0.991429,-0.541557,-0.531891,0.337525,-0.523316,0.206006,1.2224,1.80856,0.617163,0.191194,-0.848245,0.671907,-1.70821,-0.465693,-5.58251,0.577704,-0.0416795,8.5352,0.11227,0.215182,-0.0138067,
424,-0.000677066,0.0293215,-0.024295,-0.0423356,-0.0242046,0,-0.50433,0,0.590416,0.971816,0.0293299,-0.0737614,-0.221972,0.496907,0.632916,-0.526763,-0.533457,0.569193,-0.523072,0.215799,1.2221,1.96117,0.431783,-0.16772,-1.62935,0.149984,-0.0381413,-0.634712,-8.73162,0.107862,-0.022799,-0.605972,-0.0207849,0.172523,-0.00174073,
425,-0.00134062,0,-0.0217251,0.133283,0.126832,0,-0.458667,0,0.573971,0.973244,-0.00179046,-0.0765193,-0.216652,0.461274,0.478045,-0.524122,-0.534761,0.44777,-0.523607,0.223434,1.22196,2.07292,0.373046,-0.50242,-0.84914,-0.779869,0.64313,-0.789454,1.06209,0.0179001,-0.0276844,-4.22082,-0.00231659,0.135485,-0.0015818,
426,-0.00187294,0,-0.0136158,0.266338,0.315551,0,-0.239447,0,0.538076,0.97564,-0.0296652,-0.0918415,-0.197009,0.41871,0.554272,-0.500501,-0.536012,0.158433,-0.523564,0.229559,1.2218,2.1585,0.243868,-0.929135,-0.951569,-0.852219,1.09666,-0.912201,1.97882,0.918965,-0.0220724,-7.32714,0.000300199,0.110294,-0.00227989,
427,-0.00231339,0,0.0552928,0.313262,-0.109868,0,0.165232,0,0.501461,0.979974,-0.0397516,-0.0890682,-0.1736,0.372508,0.699892,-0.404465,-0.535277,-0.237835,-0.523494,0.234627,1.22159,3.07553,-0.777364,0.0736098,0.429616,2.02247,1.07055,-0.925196,3.83113,2.68931,0.120386,-8.30572,0.00316803,0.0882948,-0.0026892,
428,-0.00265747,0,0.627662,0.0102792,-0.300663,0,0.484091,0,0.513814,0.984595,-0.0443039,-0.062867,-0.157028,0.337715,0.943889,-0.292922,-0.529093,-0.577135,-0.523574,0.238586,1.22286,2.185,0.334503,0.538233,0.912511,-0.296744,0.455615,-0.390799,5.84986,1.78152,0.0985072,-1.45173,0.00845974,0.054037,-0.0109148,
429,-0.00283832,0.00336605,0.470075,-0.241848,-0.349487,0,0.510724,0,0.534848,0.984605,0.00336606,-0.0858076,-0.152248,0.433893,1.22811,-0.259509,-0.524999,-0.506411,-0.523475,0.240667,1.22182,2.09851,0.438413,0.665395,2.3942,0.338346,-0.977859,4.12432,4.52229,-0.416157,0.0582684,3.27802,0.0105334,0.0494914,-0.0293175,
430,-0.00294198,0.0248285,0.0472122,-0.385399,-0.340935,0,0.325091,0,0.57002,0.98007,0.0248336,-0.0708958,-0.183901,0.556815,1.23516,-0.343188,-0.523094,-0.253747,-0.523642,0.241859,1.22129,1.4692,0.708123,0.611983,-0.246354,0.554106,-1.47615,-0.559665,-1.34908,-2.91253,-0.00634501,6.79578,-0.00936269,-0.00686696,-0.00837058,
431,-0.00288307,0.0212989,-0.017249,-0.453383,-0.166359,0,-0.099188,0,0.588261,0.97377,0.0213022,-0.0535118,-0.220123,0.528864,1.09866,-0.547107,-0.523463,0.136701,-0.523956,0.241181,1.22216,1.30981,0.791414,0.156183,-0.560945,0.288629,-1.57552,-0.385454,-4.08697,-4.18474,-0.00411185,8.80665,0.000879775,-0.0129038,-0.00508673,
432,-0.00285331,0.00852419,-0.0240408,-0.345611,0.0173209,0,-0.524208,0,0.584356,0.961814,0.0085244,-0.0477024,-0.269379,0.507863,0.816231,-0.547833,-0.523571,0.548879,-0.523552,0.240839,1.22193,1.48898,0.682034,-0.308199,-0.882279,0.00476905,-1.74924,-0.47189,-7.18702,0.747424,-0.000677946,6.32909,0.00399255,-0.0218774,-0.000934765,
433,-0.00259862,0,-0.0222311,0.0916568,0.151115,0,-0.564645,0,0.560956,0.956553,-0.0210638,-0.0491725,-0.286608,0.479694,0.452607,-0.50934,-0.52363,0.53736,-0.523595,0.237909,1.22185,1.75073,0.500131,-0.627868,-0.732509,-0.947076,-0.202072,-0.644445,-1.77208,0.808427,-0.00674015,-2.82731,0.00144112,-0.0834484,-0.00166777,
434,-0.00216812,0,-0.0166748,0.256594,0.312775,0,-0.403696,0,0.520602,0.954814,-0.0432193,-0.0742582,-0.284515,0.44406,0.504134,-0.442724,-0.523959,0.296705,-0.523582,0.232955,1.22176,1.8632,0.345313,-1.00974,-0.596142,-1.26782,0.366061,-0.780129,1.70163,1.8457,-0.00370264,-6.76612,-0.000105952,-0.111686,-0.000981688,
435,-0.00165852,0,0.00629296,0.340636,-0.60129,0,0.0235586,0,0.486955,0.956776,-0.0375542,-0.0805689,-0.276907,0.403809,0.634666,-0.302204,-0.523176,-0.102598,-0.523494,0.227091,1.22208,2.65523,-0.885463,1.28095,-0.453518,2.06046,0.771787,-0.820799,3.49827,3.37043,0.0621786,-8.755,0.00906312,-0.146593,0.093875,
436,-0.000988658,0,0.12829,0.298806,-0.553525,0,0.414792,0,0.555835,0.964537,-0.0563675,-0.0320129,-0.255865,0.364116,0.867573,-0.248325,-0.523224,-0.523981,-0.523512,0.219384,1.22223,2.30956,-0.508391,1.14127,-1.25046,1.68277,1.07047,-0.76122,5.79909,-1.14511,-0.0163266,-6.85164,-0.00221741,-0.155391,-0.0206095,
437,-0.000236533,0,0.162359,-0.12897,-0.456097,0,0.510451,0,0.608992,0.970311,-0.0125824,-0.029627,-0.239707,0.352315,1.19867,-0.402989,-0.525749,-0.540527,-0.523555,0.21073,1.2206,2.22962,-0.00515052,0.863689,2.60266,0.0740534,0.569933,0.241265,7.51397,-5.03007,-0.059231,2.03096,-0.00100692,-0.180469,-0.0359947,
438,0.00045818,0.0415,0.0598128,-0.3007,-0.261271,0,0.446602,0,0.63863,0.968851,0.0415238,-0.0309563,-0.242166,0.39437,1.24905,-0.56933,-0.528313,-0.348108,-0.523801,0.202736,1.21874,2.3408,0.0345046,0.357233,2.00215,0.57474,-1.24466,1.43902,-1.06929,0.679725,-0.0492624,5.64852,-0.00125621,-0.140047,-0.0378276,
439,0.00116987,0.0595607,-0.00604003,-0.427903,-0.303578,0,0.129974,0,0.665257,0.954184,0.0596312,-0.0304186,-0.291637,0.475989,1.14132,-0.534494,-0.530065,0.00970417,-0.524308,0.194548,1.22355,1.87574,0.443762,0.410814,0.227834,0.0467857,-2.49377,1.8157,-3.21657,0.376942,-0.0303489,8.62591,-0.0112545,-0.162514,-0.0070741,
440,0.00181503,0.0616039,-0.0222532,-0.445378,-0.151753,0,-0.338136,0,0.674664,0.935031,0.061682,-0.0265279,-0.348149,0.538183,0.905935,-0.525827,-0.531344,0.453996,-0.524707,0.187124,1.22236,1.71477,0.557261,-0.00542516,-0.272471,-0.165517,-2.16451,-0.101526,-6.17408,0.0560774,-0.0195752,9.13856,-0.00522776,-0.134682,-0.0152558,
441,0.00249736,0.0418861,-0.0224524,0.0542221,0.0145387,0,-0.48016,0,0.665881,0.92613,0.0419106,-0.0276275,-0.373849,0.522999,0.523128,-0.524344,-0.531829,0.567298,-0.525235,0.179273,1.2221,1.91692,0.289472,-0.406432,-0.868615,-0.545225,-0.402082,-0.396051,-7.55065,0.0108363,-0.00519625,-1.64135,-0.0115791,-0.164101,-0.00126222,
442,0.00320906,0.0241326,-0.0188123,0.196102,0.165892,0,-0.36396,0,0.638721,0.924423,0.0241372,-0.0517305,-0.377073,0.499356,0.493361,-0.52129,-0.532362,0.399734,-0.52515,0.171084,1.22201,1.98544,0.173041,-0.752302,-0.221713,-1.32377,0.214901,-0.54883,1.11575,0.107388,-0.0101948,-5.03209,0.00734276,-0.157505,-0.000973461,
443,0.00383627,0.00512864,-0.00884366,0.280749,0.347329,0,-0.0842684,0,0.590321,0.925631,0.00512868,-0.0804934,-0.369732,0.469124,0.583707,-0.486159,-0.532795,0.0880516,-0.524443,0.163867,1.22192,1.9946,0.0408068,-1.18187,-0.291104,-1.32363,0.496839,-0.659663,2.48636,1.28763,-0.00689624,-7.41543,0.0219607,-0.130839,-0.00115719,
444,0.00435624,0,0.0213282,0.27513,0.283486,0,0.239618,0,0.529359,0.933408,-0.0289774,-0.0863489,-0.347064,0.434826,0.75582,-0.361396,-0.532761,-0.28528,-0.522978,0.157884,1.22182,2.24677,-0.40921,-1.00024,-3.18209,0.839581,2.8041,-0.735346,4.36308,3.64906,0.0185613,-7.40911,0.00202184,-0.123291,-0.00117976,
445,0.00497811,0,0.0965726,-0.0177343,-0.569573,0,0.488048,0,0.502693,0.945478,-0.0399342,-0.0719595,-0.315116,0.408931,1.01674,-0.138248,-0.530274,-0.572417,-0.52332,0.150729,1.21929,1.19833,-0.0321159,1.13455,2.21796,-0.815051,-0.460107,-0.194128,5.82216,5.2663,0.0692551,-1.06701,0.00325196,-0.299261,-0.212148,
446,0.00619485,0.0112564,0.0682588,-0.237875,-0.518127,0,0.518905,0,0.563232,0.942376,0.0112569,-0.0826087,-0.324001,0.415947,1.26459,0.0155274,-0.52743,-0.499508,-0.52348,0.136728,1.208,1.0167,0.111616,0.961821,1.63122,0.672316,-0.594965,0.486319,1.08209,0.919163,0.0568938,3.25664,-0.010662,-0.248329,-0.222655,
447,0.00718651,0.0367919,0.0167345,-0.390213,-0.386752,0,0.343477,0,0.602712,0.936333,0.0368085,-0.0751619,-0.340993,0.452315,1.22057,-0.0332895,-0.524217,-0.24674,-0.524161,0.125318,1.19804,0.757498,0.22146,0.573271,0.402539,0.5832,-0.919017,0.960585,-1.85709,-2.8421,0.0670775,6.82533,-0.013143,-0.201375,-0.166099,
448,0.00787754,0.0433489,-0.0123656,-0.468595,-0.216539,0,-0.0597174,0,0.620567,0.929791,0.0433761,-0.065684,-0.359574,0.502102,1.0584,-0.242185,-0.523239,0.148185,-0.52454,0.117366,1.19548,0.549355,0.32071,0.133492,-0.24606,0.192647,-0.718749,1.02961,-4.60686,-5.49261,-0.008107,8.95496,-0.00141944,-0.117162,0.0615416,
449,0.00824049,0.0309898,-0.0220733,-0.218303,-0.0294378,0,-0.488178,0,0.615055,0.927047,0.0309997,-0.0600982,-0.368796,0.530235,0.747755,-0.549972,-0.523508,0.553272,-0.524359,0.11319,1.20569,0.545816,0.179723,-0.302808,-0.992204,-0.473845,0.416519,-0.1012,-7.791,-5.53159,-0.0021734,3.28731,0.00578625,-0.0705468,0.366491,
450,0.00844397,0.000979386,-0.0212754,0.0578576,0.123947,0,-0.51358,0,0.59,0.927572,0.000979387,-0.0780361,-0.365404,0.521326,0.457185,-0.553395,-0.523701,0.519326,-0.523704,0.110848,1.22645,0.952857,-0.112577,-0.644602,-0.307447,-1.70832,0.400061,-0.2567,0.353902,1.05296,-0.00945955,-2.71435,0.0243615,-0.0272274,0.100173,
451,0.00845086,0,-0.0168244,0.194879,0.303185,0,-0.359429,0,0.547644,0.92912,-0.0228506,-0.1162,-0.350302,0.504766,0.51846,-0.479776,-0.524067,0.293479,-0.523495,0.110769,1.22327,1.02435,-0.267603,-1.05178,-0.320333,-1.73525,0.918854,-0.404529,1.47439,1.88419,-0.0038639,-6.29025,-0.00237757,0.024704,-0.0854021,
452,0.00834394,0,-0.000398086,0.264062,-0.569602,0,-0.0870337,0,0.52762,0.94464,-0.0660205,-0.112789,-0.300957,0.481596,0.625501,-0.344446,-0.522524,-0.0631087,-0.523392,0.111999,1.21975,2.67478,-1.85887,1.14881,-0.275833,2.16579,1.83241,-0.44339,2.82691,3.09225,0.0292208,-7.69618,0.00369187,0.0375444,-0.0647754,
453,0.00805964,0,0.0902105,0.326601,-0.367617,0,0.351425,0,0.571934,0.963487,-0.0556359,-0.0570555,-0.255621,0.459284,0.811884,-0.297692,-0.523218,-0.454679,-0.523513,0.115271,1.21637,2.49823,-1.80563,0.608647,-0.0282153,2.14891,2.37452,-0.450921,4.61036,-1.17523,-0.0204131,-7.96932,-0.00258077,0.0918494,-0.0682882,
454,0.00752362,0,0.221606,-0.0867946,-0.220094,0,0.509104,0,0.590993,0.975609,-0.0212445,-0.0186817,-0.217685,0.454135,1.09425,-0.42004,-0.524947,-0.55758,-0.523581,0.121439,1.21253,2.50958,-1.29201,0.283745,3.38319,0.582315,1.32285,0.228972,6.5842,-3.70517,-0.060664,1.38633,0.000692423,0.134056,-0.0853514,
455,0.00697205,0.0123996,0.0956788,-0.274085,-0.385543,0,0.433246,0,0.625223,0.976132,0.0124002,-0.0317646,-0.214485,0.506571,1.2568,-0.565345,-0.52695,-0.395931,-0.524291,0.127785,1.21467,2.06287,-0.654954,0.696596,0.49958,-0.517016,-1.12315,1.85972,-0.58618,0.351541,-0.0306638,5.04713,-0.019194,0.15526,0.101509,
456,0.0061802,0.0228403,-0.0011948,-0.409242,-0.189282,0,0.131199,0,0.647296,0.967943,0.0228442,-0.0425456,-0.246484,0.533429,1.17795,-0.534959,-0.528495,-0.0709001,-0.525181,0.136897,1.22173,1.92225,-0.513031,0.182872,0.404476,-0.19062,-1.49408,-0.244124,-2.55219,0.372636,-0.0307099,7.92934,-0.0153975,0.208758,0.149561,
457,0.0051818,0.0306485,-0.0205116,-0.433417,0.0324436,0,-0.291491,0,0.643047,0.957726,0.0306581,-0.0440275,-0.282636,0.521301,0.97834,-0.525735,-0.529902,0.339783,-0.525775,0.148385,1.22241,1.79854,-0.530054,-0.355367,0.106428,0.1348,-1.52073,-0.240005,-5.40883,0.0649183,-0.0252688,8.49311,-0.00824929,0.250283,-0.0179152,
458,0.00412436,0.0234939,-0.022645,-0.011893,0.0654366,0,-0.512718,0,0.618424,0.951145,0.0234982,-0.0408483,-0.305127,0.505452,0.635008,-0.5175,-0.530788,0.566906,-0.526322,0.160552,1.22208,1.79436,-0.459941,-0.451979,-1.06736,-0.381176,-0.320008,-0.397446,-8.29953,0.260566,-0.00878536,-0.567917,-0.0217289,0.222684,-0.000528957,
459,0.00316752,0.00131292,-0.0201431,0.153431,0.214098,0,-0.451171,0,0.587503,0.950202,0.00131292,-0.0567602,-0.30642,0.481734,0.483959,-0.493062,-0.531382,0.44586,-0.526915,0.171562,1.22194,1.9239,-0.551922,-0.793748,-0.352477,-1.25518,0.281545,-0.550017,0.894423,0.712403,-0.0134302,-4.24355,-0.00316415,0.220011,-0.00189839,
460,0.00220016,0,-0.0119929,0.27148,0.387629,0,-0.212242,0,0.537241,0.951234,-0.0183176,-0.0845027,-0.296104,0.451207,0.55571,-0.41969,-0.531929,0.156822,-0.52677,0.182693,1.22179,1.99829,-0.698687,-1.21268,-0.420467,-1.28982,0.619567,-0.670282,1.96628,2.20952,-0.00796649,-7.29277,0.0103307,0.225799,-0.00180653,
461,0.00124704,0,0.0225919,0.308763,-0.166101,0,0.139952,0,0.495157,0.958904,-0.0456539,-0.0719558,-0.27063,0.416369,0.700819,-0.250257,-0.529207,-0.226998,-0.522474,0.19366,1.22162,3.21852,-1.78839,0.105079,-0.297408,2.85691,0.636649,-0.679929,3.83984,4.26774,0.213903,-7.86476,0.0905318,0.222004,-0.0128942,
462,0.000357643,0,0.13971,0.0818843,-0.535601,0,0.472472,0,0.541861,0.962231,-0.0455459,-0.0371627,-0.265811,0.388871,0.943536,-0.0734455,-0.521525,-0.56609,-0.522896,0.203893,1.22245,2.36526,-0.208072,1.07422,2.08728,0.500096,0.518639,-0.349264,5.79314,2.83944,-0.0350476,-2.39079,-0.022682,0.179981,-0.0292122,
463,-0.000338887,0,0.115237,-0.180133,-0.436599,0,0.511758,0,0.587944,0.964164,-0.000317,-0.0397598,-0.262311,0.398094,1.24051,-0.0312499,-0.523347,-0.515643,-0.52417,0.211908,1.22028,2.11463,-0.0243623,0.786514,0.889352,0.272381,-0.251985,0.700911,4.98444,-1.12548,-0.0287199,2.88825,-0.0308766,0.137533,-0.0561861,
464,-0.000957412,0.0145114,0.0303793,-0.333645,-0.230241,0,0.331043,0,0.613397,0.961851,0.0145125,-0.0290033,-0.271646,0.453307,1.24232,-0.165159,-0.52459,-0.282121,-0.525912,0.219024,1.21747,1.90828,0.0534628,0.253739,0.316137,0.734006,-0.531261,1.49949,-1.40144,-4.20392,-0.02257,6.42633,-0.0333385,0.142896,-0.0575357,
465,-0.0015029,0.0106036,-0.0133592,-0.408886,-0.156688,0,-0.0756995,0,0.624222,0.956102,0.010604,-0.0124129,-0.292579,0.527983,1.11259,-0.411803,-0.525155,0.0920208,-0.527693,0.225301,1.21939,1.52775,0.394301,0.0614735,-0.652343,0.643351,-1.01144,0.702548,-3.76589,-5.65554,-0.00266557,8.51683,-0.0344741,0.115525,0.108566,
466,-0.00197502,0,-0.023188,-0.354279,-0.0139254,0,-0.509351,0,0.619587,0.94572,-0.00813346,0.0058436,-0.324829,0.527408,0.853918,-0.559602,-0.524794,0.494421,-0.529158,0.230733,1.22264,1.61164,0.413248,-0.29362,-1.12427,0.295599,-1.81449,-0.179469,-6.55757,0.620182,0.0123703,7.58754,-0.0235542,0.107781,-0.0150884,
467,-0.00229479,0,-0.0228269,0.117607,0.18876,0,-0.593053,0,0.591397,0.939574,-0.0385977,0.0178665,-0.339694,0.513699,0.492375,-0.525777,-0.52381,0.538427,-0.530363,0.234413,1.22185,1.89195,0.0799525,-0.767835,-1.0251,-0.35586,-0.11089,-0.359918,-3.37479,0.611571,0.0180653,-2.03077,-0.0172927,0.0489374,-0.012061,
468,-0.0024107,0,-0.0186055,0.303504,0.268941,0,-0.474873,0,0.544835,0.939895,-0.0643298,0.00627924,-0.335292,0.491931,0.505458,-0.461884,-0.523506,0.331553,-0.530822,0.235746,1.2216,1.91034,0.0488732,-0.953178,-1.42853,-1.38442,0.080477,-0.503068,1.24151,1.93645,-0.00110579,-6.19876,-0.0110561,-0.0151524,0.0227214,
469,-0.00220399,0,-0.00177251,0.424489,-0.293783,0,-0.116244,0,0.509717,0.939201,-0.0756196,-0.00786678,-0.334844,0.466083,0.621216,-0.321427,-0.52355,-0.0569466,-0.530824,0.233368,1.22155,1.17738,-0.453093,0.343504,1.22005,-1.15777,-0.588255,-0.356622,3.25737,3.63273,-0.000522112,-9.29869,0.00855499,-0.218753,-0.0366399,
470,-0.00112459,0,0.0668333,0.334228,-0.143049,0,0.421031,0,0.521748,0.936381,-0.0568015,-0.0514596,-0.342516,0.449345,0.856807,-0.19777,-0.523586,-0.531807,-0.529829,0.220948,1.21932,0.81401,-0.276704,-0.0197309,1.5028,-1.35295,-0.57549,-0.337237,6.16433,1.3438,-0.0024702,-8.03113,0.0306003,-0.247725,-0.0475792,
471,-5.56914e-05,0,0.0606778,-0.204182,-0.58982,0,0.516017,0,0.530319,0.926022,-0.0108445,-0.0828747,-0.368101,0.443088,1.21135,-0.156742,-0.524938,-0.543658,-0.522276,0.208649,1.21613,1.03933,-0.0325246,1.14992,2.56489,0.43701,-1.25012,0.0169698,7.77931,0.283586,-0.0595875,2.53652,0.30977,-0.303245,-0.117423,
472,0.00121528,0.0238172,0.0200532,-0.370427,-0.475632,0,0.392875,0,0.579867,0.91324,0.0238217,-0.0876869,-0.397161,0.455142,1.25225,-0.249759,-0.526996,-0.326888,-0.52199,0.194025,1.20835,0.785037,0.0870574,0.762153,0.863915,0.288436,-1.36909,0.456438,-1.46785,-3.9692,-0.0341369,6.10935,-0.0592818,-0.280456,-0.169001,
473,0.00235015,0.0426564,-0.00732437,-0.473724,-0.321579,0,0.0548335,0,0.606507,0.899914,0.0426823,-0.0883086,-0.424894,0.480915,1.11273,-0.529676,-0.528226,0.0421862,-0.524669,0.180967,1.20353,0.702553,0.297934,0.322267,0.382818,-0.0507965,-1.38386,0.578922,-4.09008,-5.87587,-0.0127239,8.63808,-0.0445478,-0.234964,-0.0272349,
474,0.00317862,0.0475598,-0.0189257,-0.482897,-0.157272,0,-0.386472,0,0.61263,0.875523,0.0475958,-0.100912,-0.470118,0.508997,0.826544,-0.550075,-0.528613,0.474287,-0.526297,0.171434,1.21022,0.898877,0.19977,-0.114726,0.127914,-0.920743,-1.97403,0.524719,-7.33162,0.771507,-0.00276972,8.62669,-0.0259455,-0.155655,0.291049,
475,0.00389192,0.0312227,-0.0206982,-0.0275526,-0.0638285,0,-0.501136,0,0.596014,0.863597,0.0312328,-0.124494,-0.487571,0.52638,0.43783,-0.528387,-0.528302,0.56941,-0.52732,0.163227,1.22522,1.0004,-0.239332,-0.344338,-0.505003,-1.3055,0.218183,0.0115076,-1.81964,0.171673,0.0101942,-1.91758,0.0454155,-0.16696,-0.00667736,
476,0.00462331,0,-0.0180465,0.12879,-0.0131097,0,-0.434504,0,0.580541,0.875076,-0.0166704,-0.136975,-0.463899,0.521539,0.495452,-0.524416,-0.527284,0.388118,-0.522707,0.154811,1.22278,1.07982,-0.563045,-0.434519,-1.70097,-1.31067,2.02815,-0.18304,1.53322,0.0260477,0.0271526,-5.33771,0.0262823,-0.1647,-0.0339696,
477,0.0053149,0,-0.00874327,0.260639,0.108006,0,-0.256309,0,0.553224,0.898167,-0.0870826,-0.138196,-0.408184,0.508754,0.593515,-0.523796,-0.525566,0.0507702,-0.523219,0.146854,1.22128,1.15538,-0.790437,-0.651172,-2.55197,-1.19496,3.53659,-0.326522,2.38072,0.00413062,0.0423111,-8.13225,-0.01208,-0.154567,-0.0271733,
478,0.00590025,0,0.0317398,0.331595,-0.348791,0,0.170462,0,0.56232,0.92503,-0.102304,-0.110864,-0.348658,0.493609,0.758611,-0.522637,-0.521991,-0.377867,-0.523446,0.140118,1.21934,1.73985,-1.7022,0.467209,0.828164,1.39416,2.14743,-0.29732,4.20057,0.211246,-0.0285357,-9.15375,-0.00364889,-0.110009,-0.0454629,
479,0.00622341,0,0.0968445,-0.146126,-0.0670509,0,0.447027,0,0.569416,0.941905,-0.0688456,-0.084751,-0.317635,0.485494,1.0244,-0.527087,-0.523898,-0.587017,-0.523618,0.1364,1.21674,1.85933,-1.24554,-0.16715,1.35108,1.39261,0.404864,-0.0264161,6.4128,0.0507517,-0.0442458,1.29032,-0.00335268,-0.0381256,-0.0581974,
480,0.00629245,0,0.054899,-0.287051,-0.0774211,0,0.441637,0,0.557045,0.947943,-0.00491668,-0.0762448,-0.30914,0.503168,1.25477,-0.524533,-0.526829,-0.442796,-0.523468,0.135605,1.21361,1.33835,-1.21691,-0.135293,3.39783,0.835314,-0.00718235,0.74558,0.311642,0.0274098,-0.0743143,4.44915,0.000367402,0.012962,-0.0650991,
481,0.00627257,0.0251222,0.00326239,-0.430314,-0.292348,0,0.214359,0,0.574301,0.940068,0.0251275,-0.0923252,-0.327287,0.528555,1.2027,-0.523995,-0.529476,-0.144132,-0.524041,0.135834,1.21857,0.710918,-0.224718,0.347543,0.54632,-0.565596,-1.31168,-0.0493403,-2.09865,0.00113875,-0.0461451,7.45683,-0.014129,0.0213957,0.161347,
482,0.00595248,0.0331743,-0.0168507,-0.474851,-0.220184,0,-0.20024,0,0.584877,0.925763,0.0331865,-0.0935519,-0.364843,0.524404,1.0213,-0.524488,-0.53177,0.256659,-0.523495,0.139517,1.22343,0.732782,0.0740545,0.1368,-0.0404068,-0.299639,-1.49215,-0.076802,-5.12509,-0.00239704,-0.0431534,8.56292,0.030783,0.149251,-0.0316435,
483,0.00522667,0.0243116,-0.0216167,-0.122569,-0.0165437,0,-0.51078,0,0.579961,0.915601,0.0243164,-0.101755,-0.388239,0.517278,0.684292,-0.524368,-0.533575,0.56628,-0.52344,0.147869,1.22218,0.860235,-0.231881,-0.351161,-0.543509,-0.674252,0.0373326,-0.215502,-8.32856,0.00130094,-0.0270048,0.467211,-0.00766101,0.165628,-0.011346,
484,0.00449513,0.007259,-0.0200767,0.051155,0.10958,0,-0.472088,0,0.553454,0.916639,0.00725913,-0.124172,-0.379869,0.502446,0.471974,-0.523876,-0.53499,0.48293,-0.523561,0.156286,1.22192,0.978456,-0.363219,-0.626426,-0.0885894,-1.44049,0.905694,-0.378865,0.902719,0.00591083,-0.0284639,-3.50023,0.00241262,0.16977,-0.00129535,
485,0.00380754,0,-0.014887,0.190474,0.0924367,0,-0.345103,0,0.528693,0.93261,-0.0444536,-0.134221,-0.332036,0.479035,0.530023,-0.505223,-0.53551,0.231907,-0.523528,0.164198,1.22183,1.31429,-0.718977,-0.539778,-2.1927,-1.01606,3.20441,-0.545789,1.31869,0.745321,0.00187206,-6.55983,-0.000934771,0.151515,-0.00136181,
486,0.00311971,0,0.00857874,0.289452,-0.369052,0,-0.00727847,0,0.532318,0.951953,-0.0676665,-0.114719,-0.275765,0.451757,0.630199,-0.467104,-0.526794,-0.139543,-0.523467,0.172112,1.22126,2.19538,-1.49556,0.592224,0.363879,1.5712,2.09935,-0.553831,2.67372,0.798315,0.311431,-8.28965,7.4668e-05,0.165028,-0.0154548,
487,0.00237752,0,0.197565,0.242831,-0.113612,0,0.441323,0,0.548147,0.970352,-0.0526556,-0.0781317,-0.222577,0.425877,0.813668,-0.495126,-0.521696,-0.545567,-0.523553,0.180652,1.22036,2.06009,-1.37051,0.0331289,0.595207,1.46592,2.19279,-0.476974,4.64901,-1.89031,-0.0491457,-6.54698,-0.00155521,0.179575,-0.022631,
488,0.0015704,0,0.256764,-0.176893,-0.258727,0,0.50485,0,0.540927,0.977855,-0.0164915,-0.0571147,-0.200662,0.440537,1.08321,-0.532786,-0.52476,-0.542095,-0.523451,0.189939,1.21862,1.63156,-0.742392,0.392623,2.25894,-0.955939,0.192522,1.13521,5.98165,0.190361,-0.0765968,2.47686,0.00372023,0.080402,-0.0734249,
489,0.00128439,0.0255298,0.0680385,-0.366153,-0.22593,0,0.398858,0,0.560768,0.97403,0.0255354,-0.0924668,-0.205096,0.536447,1.25365,-0.525995,-0.528504,-0.329651,-0.523558,0.19323,1.21495,1.39817,-0.384064,0.310097,1.35694,0.718021,-1.49052,1.03347,-0.329493,0.0634733,-0.0818519,5.91434,3.2499e-05,0.0974877,-0.0868114,
490,0.0006541,0.0468832,-0.0101993,-0.459067,-0.326658,0,0.079743,0,0.586953,0.964266,0.0469176,-0.079179,-0.248437,0.53166,1.17049,-0.524502,-0.532426,0.0285322,-0.523561,0.200482,1.21795,1.10132,0.277393,0.511441,0.223527,-0.0915146,-1.83351,-0.255842,-2.97244,0.00981675,-0.0719349,8.44188,-0.000656609,0.177627,0.191724,
491,-0.000155571,0.049342,-0.0226875,-0.46849,-0.149266,0,-0.364382,0,0.60128,0.95209,0.0493821,-0.0831368,-0.290127,0.517336,0.941336,-0.524531,-0.53574,0.454712,-0.523585,0.209798,1.22426,0.984676,0.31974,0.0468937,-0.168163,-0.301242,-1.64801,-0.316449,-6.16788,-0.00177591,-0.0611905,8.60535,-0.000291724,0.191758,-0.0487128,
492,-0.00086868,0.0365897,-0.022795,-0.0110312,0.0791472,0,-0.485856,0,0.5905,0.947816,0.0366061,-0.0899552,-0.303667,0.497049,0.55463,-0.524236,-0.538292,0.562609,-0.523721,0.218003,1.22237,1.29879,-0.0448632,-0.481406,-0.689642,-0.450326,0.141776,-0.489245,-9.27577,0.00339295,-0.0439191,-1.56036,-0.0060208,0.146799,-0.0180396,
493,-0.00141454,0.0241298,-0.0195933,0.128228,0.116253,0,-0.362617,0,0.561598,0.948639,0.0241344,-0.116472,-0.293149,0.468768,0.488721,-0.509846,-0.540704,0.398317,-0.523482,0.224284,1.22199,1.49404,-0.256474,-0.554853,-0.955624,-1.02843,1.52933,-0.656355,1.01742,0.545987,-0.036144,-4.91429,0.00335345,0.102246,-0.00119029,
494,-0.00175276,0,-0.0100447,0.231434,0.194915,0,-0.186713,0,0.533709,0.962812,-0.034985,-0.122107,-0.238451,0.432298,0.561205,-0.4633,-0.541777,0.0965869,-0.523507,0.228176,1.22192,1.70783,-0.47969,-0.680913,-2.3662,-0.711461,3.06498,-0.790392,1.88079,1.32135,-0.0124782,-7.18149,-0.00194883,0.0594972,-0.00104709,
495,-0.00199563,0,0.0596062,0.279848,-0.22243,0,0.178369,0,0.527344,0.974884,-0.0521573,-0.0990136,-0.192555,0.394432,0.696414,-0.37891,-0.53567,-0.276969,-0.523478,0.23097,1.22132,2.70664,-1.1822,0.31438,0.63606,1.79235,1.27928,-0.737232,3.50868,2.0826,0.228344,-7.76477,-0.0011121,0.051354,-0.0162795,
496,-0.00220057,0,0.471223,-0.0336983,0.0486374,0,0.499285,0,0.528456,0.98354,-0.0275708,-0.0597285,-0.168292,0.369296,0.918904,-0.317055,-0.524633,-0.559249,-0.523574,0.233328,1.22034,2.59465,-0.86059,-0.277373,1.01728,1.6842,0.237559,-0.263186,5.37684,0.421189,0.2098,-0.501868,-0.00229226,0.0490572,-0.0261848,
497,-0.00205859,0,0.277843,-0.233123,-0.319139,0,0.46722,0,0.553268,0.982051,-0.00972363,-0.073215,-0.173552,0.447848,1.16985,-0.287422,-0.522879,-0.482563,-0.523522,0.231695,1.22243,1.70397,-0.125883,0.567514,1.3662,-1.1662,-0.61672,3.32753,4.70852,0.765653,-0.0205295,3.34194,0.000484875,-0.0732558,-0.0128865,
498,-0.00173497,0.0150459,0.0388672,-0.397611,-0.107126,0,0.285362,0,0.567536,0.97725,0.015047,-0.100023,-0.186416,0.555316,1.24435,-0.308046,-0.52387,-0.234958,-0.523711,0.227971,1.22159,1.44356,0.0672963,0.0545758,0.76152,-0.0655392,-0.800992,-0.501245,-0.814442,-1.56933,-0.0242571,6.50679,0.0094633,-0.0708097,-0.0248381,
499,-0.00148038,0.0305159,-0.0169079,-0.450308,-0.0576184,0,-0.0726609,0,0.563276,0.972099,0.0305254,-0.0796789,-0.218502,0.52845,1.13146,-0.403437,-0.525205,0.132271,-0.523399,0.225042,1.222,1.17395,0.403922,-0.0892374,-0.164077,0.315215,-1.40639,-0.401122,-3.67072,-2.25448,-0.0182757,8.20912,-0.00473042,-0.0461732,0.00789792,
500,-0.00128734,0.0143801,-0.0238554,-0.415978,0.0437792,0,-0.490089,0,0.556816,0.964514,0.0143811,-0.0828404,-0.250286,0.505701,0.869917,-0.524269,-0.525627,0.51966,-0.523633,0.222821,1.22201,0.945695,0.584529,-0.348457,-0.933908,-0.459267,-1.17554,-0.504843,-6.76692,-2.13762,-0.00248394,7.29338,-0.00397153,-0.0469304,-0.0026738,
501,-0.000976435,0,-0.0224576,0.0247699,0.215622,0,-0.5624,0,0.528151,0.960774,-0.0168144,-0.094352,-0.260247,0.47644,0.488781,-0.531826,-0.52535,0.543542,-0.523848,0.219243,1.22188,1.38142,0.288155,-0.751157,-0.836234,-1.23418,0.108082,-0.66411,-3.5831,0.380627,0.00447183,-2.37047,0.00274441,-0.0888161,-0.00161478,
502,-0.000539431,0,-0.0178359,0.180032,0.215465,0,-0.432391,0,0.48398,0.958731,-0.0442869,-0.127741,-0.25011,0.439758,0.500603,-0.474406,-0.525122,0.32609,-0.523461,0.214215,1.22178,1.66944,-0.0641068,-0.74065,-1.12721,-1.18476,1.34943,-0.809226,1.03689,1.84581,0.0276743,-6.21134,0.00281704,-0.116995,-0.00353162,
503,2.38688e-05,0,0.00120758,0.315489,-0.349669,0,-0.0725572,0,0.51253,0.968381,-0.0462813,-0.0979491,-0.224725,0.399364,0.585054,-0.369625,-0.522142,-0.033744,-0.52341,0.207734,1.22163,2.82109,-0.809744,0.593383,0.312058,1.32447,0.877854,-0.837326,2.32107,2.72294,-0.0361505,-8.53268,-0.00465525,-0.128822,-0.0030445,
504,0.000575823,0,0.175189,0.346005,-0.110487,0,0.407411,0,0.528526,0.976954,-0.0321082,-0.06939,-0.199285,0.358251,0.756084,-0.300339,-0.523912,-0.463482,-0.523554,0.201383,1.22143,2.61881,-0.805482,0.04933,0.491011,1.13707,1.23367,-0.806948,4.5018,0.070469,-0.0346641,-8.65557,-0.00127815,-0.125139,-0.00536206,
505,0.00104238,0,0.293666,-0.143969,-0.233428,0,0.497812,0,0.535847,0.977521,-0.0311766,-0.0573629,-0.200477,0.351532,1.03922,-0.315127,-0.525569,-0.565252,-0.523822,0.196014,1.22241,2.09268,0.316755,0.332455,-0.217165,-0.39881,-0.671606,0.533814,6.77891,-0.674249,-0.0351981,1.79002,-0.00447738,-0.104086,-0.00135057,
506,0.00153471,0.0073823,0.102434,-0.335826,-0.173987,0,0.416117,0,0.550957,0.97438,0.00738243,-0.0889984,-0.206418,0.434217,1.26205,-0.390651,-0.528648,-0.387726,-0.523506,0.19035,1.22181,1.64636,0.366291,0.18749,1.97024,-0.950983,-0.621228,2.71698,-0.113477,-2.32579,-0.0662654,5.28549,-0.000885492,-0.0982667,-0.0133244,
507,0.00169817,0.0316591,-0.00350644,-0.435086,-0.301247,0,0.141633,0,0.570513,0.964202,0.0316697,-0.0797568,-0.2509,0.549035,1.18966,-0.533928,-0.531926,-0.0615234,-0.523502,0.188469,1.21865,1.6294,0.903792,0.445801,-0.257783,0.140232,-2.23718,0.0328843,-2.65994,-2.77476,-0.0497291,7.82558,-0.00187105,-0.00305504,-0.111266,
508,0.00160865,0.026549,-0.0206977,-0.460546,-0.123817,0,-0.306826,0,0.581858,0.946294,0.0265552,-0.0794516,-0.312266,0.528537,0.980171,-0.538558,-0.534128,0.346268,-0.523571,0.189499,1.21866,1.68055,0.906063,-0.0333637,-0.518415,-0.263758,-2.57576,-0.465175,-5.6968,0.436197,-0.0389293,8.47428,-0.000839274,0.0335452,0.109554,
509,0.00150933,0.00728883,-0.0218704,-0.0471625,0.0589721,0,-0.542606,0,0.568623,0.930612,0.00728896,-0.0812966,-0.35679,0.501699,0.617809,-0.526381,-0.535627,0.569645,-0.523724,0.190642,1.22317,1.86128,0.623864,-0.489098,-1.15433,-0.57827,-0.907896,-0.611442,-8.77135,0.0959124,-0.0208597,-0.658232,-0.00703804,0.00799293,-0.0210952,
510,0.00150744,0,-0.0182557,0.125701,0.190249,0,-0.481084,0,0.536606,0.922852,-0.0181108,-0.100661,-0.371328,0.467664,0.471078,-0.511159,-0.536827,0.438733,-0.523563,0.190663,1.22208,1.96866,0.515892,-0.80293,-0.418989,-1.50095,-0.244541,-0.749138,1.28825,0.508613,-0.0253734,-4.54621,0.00530561,-0.00423197,-0.0114388,
511,0.00158961,0,-0.00915118,0.246344,-0.294065,0,-0.292695,0,0.502641,0.926938,-0.0643261,-0.111648,-0.352396,0.426821,0.556385,-0.454939,-0.536509,0.135794,-0.523446,0.189718,1.22174,2.75812,-0.542762,0.326644,-1.8293,0.704518,2.05356,-0.855231,2.12734,1.44742,0.177735,-7.29093,0.00622502,-0.0421444,-0.00538799,
512,0.00173642,0,0.0261614,0.363397,-0.220414,0,0.136298,0,0.521849,0.945846,-0.068562,-0.0694058,-0.309608,0.38367,0.705927,-0.440952,-0.526962,-0.273089,-0.523516,0.188029,1.22104,2.56045,-0.926726,0.192576,-0.151126,1.67933,2.32124,-0.887648,3.82947,-0.807969,0.196913,-9.05733,-0.00234923,-0.0309747,-0.017792,
513,0.00183643,0,0.155249,-0.0478677,-0.243486,0,0.492127,0,0.523926,0.963254,-0.0410652,-0.0413174,-0.262198,0.345976,0.958724,-0.519623,-0.522219,-0.579752,-0.523561,0.186878,1.21982,1.99001,-0.479212,0.294632,2.87459,-0.25731,1.15774,-0.542416,6.20267,-2.3166,-0.0275163,0.149375,-3.02482e-05,-0.065252,-0.0606247,
514,0.00266889,0,0.104492,-0.280121,-0.393926,0,0.474104,0,0.564302,0.961586,-0.00308029,-0.100295,-0.255507,0.355745,1.24684,-0.534192,-0.523704,-0.47627,-0.523583,0.1773,1.21273,1.47982,-0.147392,0.677724,1.84043,-1.52308,-0.588071,0.784347,4.44066,0.288974,-0.0322619,3.81795,0.00107941,-0.180733,-0.151295,
515,0.00325143,0.0330918,0.0172451,-0.411349,-0.306956,0,0.297377,0,0.59546,0.949762,0.0331039,-0.0939874,-0.296686,0.41351,1.23724,-0.526276,-0.525685,-0.207915,-0.523553,0.170597,1.20451,1.47411,0.111286,0.414112,0.98103,1.06049,-2.37142,1.51638,-1.78707,0.0610846,-0.0399505,6.95862,-0.00101569,-0.109534,-0.16694,
516,0.00357944,0.0571019,-0.0137165,-0.473672,-0.256886,0,-0.0677688,0,0.609777,0.931368,0.057164,-0.0825414,-0.349962,0.490717,1.07475,-0.524764,-0.527274,0.185337,-0.523578,0.166823,1.20239,1.3711,0.363859,0.238905,0.150269,-0.453185,-2.15981,1.57043,-4.6859,0.0105966,-0.0208705,8.75156,-0.000179755,-0.0295266,0.0892631,
517,0.0036466,0.0505602,-0.0226213,-0.228008,-0.0990173,0,-0.47335,0,0.610195,0.912675,0.0506034,-0.0946641,-0.394337,0.533957,0.759319,-0.524445,-0.527946,0.578046,-0.523645,0.16605,1.21731,1.34501,0.250333,-0.171712,-0.6861,-1.13552,-0.941331,-0.158939,-7.90441,0.00167394,-0.00175688,2.80594,-0.00650666,-0.0287355,0.524015,
518,0.0037839,0.0234622,-0.0211391,0.0356088,0.0565103,0,-0.474816,0,0.59095,0.906892,0.0234665,-0.12013,-0.403194,0.520713,0.461527,-0.524105,-0.527948,0.521147,-0.523838,0.16447,1.2249,1.50215,0.0673432,-0.529968,-0.112147,-1.93165,0.0868632,-0.349637,0.215585,0.00310507,-0.00483339,-3.10486,0.00726692,-0.0305251,-0.0786768,
519,0.00393756,0,-0.0164061,0.167714,0.0436989,0,-0.367721,0,0.568507,0.914999,-0.0293974,-0.14091,-0.376904,0.498524,0.515952,-0.515236,-0.527374,0.288044,-0.523121,0.162702,1.22238,1.6756,-0.342453,-0.474895,-2.32779,-1.34513,2.38906,-0.528162,1.2695,0.357303,0.024051,-6.22013,-0.00899443,-0.038514,-0.0220037,
520,0.00407613,0,0.000576359,0.265833,-0.284128,0,-0.148486,0,0.544047,0.931168,-0.0999545,-0.138345,-0.322174,0.469883,0.608528,-0.492773,-0.52459,-0.0796089,-0.523429,0.161107,1.22119,2.13198,-1.03503,0.332566,-0.749494,0.996098,2.41135,-0.583663,2.44309,0.257959,0.226121,-8.24786,0.0010721,-0.0248852,-0.0325042,
521,0.00411515,0,0.10117,0.329096,-0.10681,0,0.338726,0,0.55436,0.952977,-0.0866104,-0.101439,-0.27211,0.441556,0.777018,-0.528601,-0.52273,-0.508455,-0.523534,0.160658,1.21903,2.06317,-1.07745,-0.0318342,0.735519,1.48805,2.22189,-0.552932,4.27218,-0.81165,-0.0246037,-8.90874,-0.00182656,0.00609408,-0.0467897,
522,0.00394234,0,0.146483,-0.165518,0.106614,0,0.45627,0,0.536975,0.963069,-0.0490558,-0.0737422,-0.254272,0.434391,1.04556,-0.528566,-0.524519,-0.554847,-0.52353,0.162647,1.21624,2.17217,-0.559187,-0.494104,2.92267,0.732898,0.380998,0.251392,6.37257,0.147121,-0.0588765,1.91033,0.0129702,0.0448608,-0.0622034,
523,0.00404062,0.0151072,0.0566312,-0.319895,-0.517508,0,0.423715,0,0.54758,0.960973,0.0151083,-0.0841223,-0.263108,0.477907,1.26496,-0.50133,-0.527827,-0.379442,-0.523375,0.161516,1.20854,1.35385,0.109157,1.02082,0.959508,0.402648,-1.94809,1.463,-0.00338564,0.947315,-0.0633495,5.02243,-0.00155857,-0.0438162,-0.252002,
524,0.00415392,0.0360598,-0.00390437,-0.435278,-0.385397,0,0.147862,0,0.588116,0.947484,0.0360754,-0.08006,-0.307511,0.534628,1.19575,-0.534228,-0.530651,-0.0578038,-0.523534,0.160212,1.19818,1.20037,0.269677,0.603186,0.411106,0.112609,-2.00873,-0.0179658,-2.54403,-0.504726,-0.0506727,7.82432,-0.00190582,0.000736151,-0.165106,
525,0.00403448,0.0455357,-0.0194559,-0.462368,-0.213283,0,-0.269985,0,0.606491,0.930283,0.0455672,-0.0801776,-0.355061,0.525308,0.991837,-0.529529,-0.532931,0.350715,-0.523581,0.161587,1.19645,1.15205,0.293983,0.130355,0.0455324,-0.235275,-1.9467,-0.213143,-5.5871,0.158877,-0.0397769,8.50655,-0.000364284,0.0557807,0.0929792,
526,0.00378895,0.0353732,-0.0216465,-0.0488013,-0.0386862,0,-0.497879,0,0.602604,0.918464,0.035388,-0.0890699,-0.383716,0.510954,0.634566,-0.525112,-0.534431,0.574431,-0.523727,0.164412,1.21015,1.30662,0.010825,-0.296978,-0.676069,-0.788177,-0.293901,-0.364338,-8.67823,0.0347677,-0.0206824,-0.779865,-0.0072938,0.0486836,0.454205,
527,0.00357568,0.0174369,-0.0189038,0.100722,0.107467,0,-0.420062,0,0.579853,0.915756,0.0174386,-0.115868,-0.384267,0.488911,0.479212,-0.523994,-0.53564,0.445701,-0.523597,0.166866,1.22526,1.38659,-0.0795843,-0.626032,0.0731371,-1.60417,0.3532,-0.515861,1.02517,0.00846798,-0.0265056,-4.33981,0.00932418,0.0519842,-0.0454925,
528,0.00340338,0,-0.0115809,0.213378,0.0588505,0,-0.252837,0,0.554558,0.928925,-0.0331248,-0.129203,-0.345408,0.458804,0.546731,-0.505922,-0.53597,0.163949,-0.523481,0.168848,1.2226,1.66437,-0.557914,-0.477444,-2.53844,-0.923203,3.10698,-0.678158,1.67501,0.717717,0.00931615,-6.9407,-0.00158633,0.029958,-0.0300629,
529,0.00323145,0,0.0188994,0.278822,-0.3017,0,0.0465072,0,0.538899,0.94781,-0.0804247,-0.115948,-0.285909,0.424731,0.667991,-0.46711,-0.532045,-0.216146,-0.52349,0.170827,1.22071,2.26858,-1.34263,0.411907,0.215142,1.57629,2.08791,-0.664429,3.17484,0.623462,0.233622,-8.08096,0.00149549,0.0503341,-0.0467477,
530,0.00296094,0,0.180042,0.015314,-0.029283,0,0.436078,0,0.545771,0.965631,-0.0644503,-0.0773562,-0.239621,0.395572,0.87403,-0.491334,-0.521537,-0.565128,-0.523562,0.173939,1.21818,2.19568,-1.02659,-0.17398,0.702747,1.61064,1.30846,-0.491447,5.05192,-1.55192,0.0423876,-1.84115,-0.00264962,0.0829288,-0.0577193,
531,0.00260894,0,0.175877,-0.195577,-0.234838,0,0.483438,0,0.534139,0.973518,-0.0149826,-0.0629571,-0.219261,0.406386,1.12094,-0.535585,-0.523612,-0.513017,-0.5235,0.177989,1.21491,1.60005,-0.623929,0.317014,2.35078,-0.877365,0.180205,0.992348,4.75939,0.192656,-0.0602055,2.7515,-0.000402692,-0.00561517,-0.0947415,
532,0.00268228,0.0181227,0.0413545,-0.366629,-0.313912,0,0.348643,0,0.560405,0.96765,0.0181247,-0.0892809,-0.235276,0.489028,1.24521,-0.526731,-0.526489,-0.292451,-0.523541,0.177145,1.21073,1.34363,-0.114788,0.492772,0.885304,1.05169,-2.15662,2.27243,-0.318961,0.0923267,-0.0655111,5.98892,0.000241934,0.0222299,-0.0948701,
533,0.00244628,0.0375834,-0.0120541,-0.450499,-0.278566,0,0.0202266,0,0.582413,0.95527,0.0376011,-0.0803033,-0.282128,0.538259,1.16262,-0.524785,-0.529419,0.062793,-0.523571,0.179861,1.21081,1.11863,0.304202,0.359076,0.212342,-0.159654,-1.82987,-0.298521,-2.96332,0.0112862,-0.0522517,8.20155,-0.000510057,0.0870027,0.0902638,
534,0.00199969,0.0386156,-0.0221017,-0.445503,-0.102546,0,-0.397132,0,0.589075,0.941751,0.0386348,-0.0868208,-0.322606,0.521004,0.935483,-0.524485,-0.531753,0.466406,-0.523589,0.185,1.22239,1.02281,0.342916,-0.0919927,-0.217212,-0.527956,-1.55991,-0.380729,-6.09625,0.00196153,-0.0410928,7.94568,-0.000315125,0.116813,0.30005,
535,0.00158523,0.0187146,-0.0219048,-0.0163229,0.0834963,0,-0.515969,0,0.575301,0.935631,0.0187168,-0.0998576,-0.338044,0.497715,0.55648,-0.524124,-0.533301,0.560604,-0.523852,0.189768,1.22324,1.2405,0.06804,-0.525594,-0.883923,-0.809478,0.0302629,-0.545881,-9.04048,0.00349242,-0.0244431,-1.65108,-0.00872186,0.0874994,-0.0426469,
536,0.00125723,0,-0.0182171,0.127803,0.0859635,0,-0.410823,0,0.545295,0.935487,-0.00510792,-0.130328,-0.32841,0.466711,0.490384,-0.509049,-0.534682,0.386821,-0.523379,0.193542,1.22205,1.45848,-0.20232,-0.52153,-1.4802,-1.35942,1.79649,-0.711882,0.960214,0.569377,-0.0127512,-5.18369,0.0245081,0.0569616,-0.00825466,
537,0.00107188,0,-0.00717057,0.237861,-0.219439,0,-0.231637,0,0.523602,0.950198,-0.0698242,-0.135128,-0.272009,0.428128,0.560258,-0.46866,-0.533606,0.0641455,-0.523352,0.195675,1.22168,2.0599,-0.831279,0.227879,-0.578115,0.575951,2.20685,-0.781769,1.854,0.809198,0.177908,-7.5804,-0.001512,0.0399119,-0.0168108,
538,0.000906581,0,0.0701528,0.323814,-0.154674,0,0.219537,0,0.540707,0.968054,-0.0644855,-0.100813,-0.220342,0.388892,0.694705,-0.475322,-0.522156,-0.342668,-0.523503,0.197577,1.22056,2.19427,-1.00587,0.129084,0.363796,1.34875,2.41303,-0.798371,3.50321,-0.951555,0.0673303,-8.77696,-0.00285197,0.0380322,-0.0248109,
539,0.000690704,0,0.434616,-0.107512,0.121802,0,0.479245,0,0.532562,0.980378,-0.0469815,-0.0688739,-0.178626,0.363189,0.925028,-0.538068,-0.523094,-0.577169,-0.523601,0.200061,1.21901,2.20926,-0.578066,-0.452945,0.899444,1.31995,0.654116,-0.224392,5.69286,-0.339216,-0.0384738,0.814086,-0.0010633,0.0660399,-0.0374622,
540,0.000655901,0,0.223619,-0.287758,-0.257073,0,0.446549,0,0.529046,0.980657,-0.00548237,-0.0875511,-0.174975,0.435465,1.17793,-0.518937,-0.52566,-0.449593,-0.523519,0.200461,1.21719,1.37515,-0.0951791,0.41434,1.46483,-1.51497,-0.859418,3.09338,4.45211,0.855303,-0.0544274,4.2397,0.000290808,-0.0484429,-0.0262981,
541,0.000671733,0.0178638,0.012029,-0.403472,-0.292079,0,0.22214,0,0.552275,0.971815,0.0178657,-0.0771471,-0.222045,0.560711,1.24345,-0.522572,-0.528769,-0.167264,-0.523524,0.200279,1.2149,1.18667,0.482065,0.452127,0.105823,0.266693,-1.81069,-0.318803,-0.953384,-1.01697,-0.0551823,7.1034,-0.00154815,0.0301227,-0.0492252,
542,0.000439382,0.0207882,-0.0187687,-0.45525,-0.134904,0,-0.189353,0,0.565513,0.960393,0.0207912,-0.078504,-0.266553,0.529024,1.12308,-0.529044,-0.531308,0.21957,-0.523574,0.202953,1.21593,1.13952,0.584938,0.0376179,-0.0944415,-0.33021,-1.82959,-0.613234,-3.8388,0.134479,-0.0467184,8.35794,-0.000514284,0.0717524,0.0853719,
543,0.00014098,0.0116211,-0.0225916,-0.169921,0.0297049,0,-0.52789,0,0.556664,0.948817,0.0116216,-0.0868318,-0.303432,0.495586,0.85234,-0.524903,-0.533314,0.560208,-0.523632,0.206386,1.22327,1.19194,0.430828,-0.37002,-0.709448,-0.781611,-0.607452,-0.731265,-6.96349,0.0347683,-0.0305372,1.74131,-0.00418262,0.0499051,0.0509473,
544,-2.53921e-05,0,-0.0199702,0.0573156,0.213317,0,-0.525152,0,0.526143,0.945973,-0.013825,-0.100817,-0.307864,0.45543,0.501572,-0.518291,-0.534636,0.501785,-0.523876,0.2083,1.22241,1.37212,0.292307,-0.79336,-0.551371,-1.21579,0.236732,-0.872369,-3.17674,0.233619,-0.0272099,-3.15733,0.00196755,0.0264849,-0.0215132,
545,-6.77178e-05,0,-0.0136616,0.193993,-0.106556,0,-0.37364,0,0.487881,0.948883,-0.0472362,-0.123919,-0.286414,0.40867,0.50614,-0.469993,-0.535065,0.25576,-0.523109,0.208787,1.2217,2.07542,-0.34602,-0.0467145,-1.84537,-0.0974908,2.31981,-0.99424,0.874033,1.49161,0.121334,-6.42647,0.00914125,-0.0193068,-0.00299791,
546,4.30413e-05,0,0.011496,0.328659,-0.304408,0,-0.0125357,0,0.517019,0.964636,-0.0580724,-0.0842749,-0.242907,0.359142,0.585196,-0.431325,-0.521385,-0.114026,-0.523362,0.207513,1.22126,2.61972,-0.784078,0.461592,-0.140221,1.56146,2.0228,-1.01713,2.26457,0.314852,0.111798,-8.55662,-0.00718452,-0.0281519,-0.0117418,
547,0.000165011,0,0.279649,0.286572,-0.0583514,0,0.427376,0,0.52722,0.978629,-0.0545395,-0.0448523,-0.193128,0.311237,0.755875,-0.471192,-0.522603,-0.533971,-0.523552,0.20611,1.22058,2.47965,-0.679285,-0.0622145,0.076432,1.45146,2.02176,-0.895191,4.54399,-1.88455,-0.0504811,-6.83584,-0.00155243,-0.0248943,-0.0173849,
548,0.00068646,0,0.405013,-0.162107,-0.206947,0,0.488105,0,0.539356,0.983354,-0.0256802,-0.0527865,-0.171954,0.32634,1.02326,-0.540611,-0.526053,-0.541693,-0.523574,0.20011,1.21728,1.96688,-0.120466,0.298607,2.40837,-1.21596,0.206498,1.40403,6.17957,0.11184,-0.0845565,2.25551,1.19056e-05,-0.163285,-0.0850637,
549,0.0013412,0.0204432,0.106281,-0.348768,-0.217512,0,0.400843,0,0.547172,0.979723,0.0204461,-0.08895,-0.178363,0.469303,1.26886,-0.528453,-0.530104,-0.342799,-0.523472,0.192576,1.21401,1.79763,0.328429,0.31699,0.899748,0.169402,-1.82517,4.2954,0.867401,0.154994,-0.0816542,5.58224,0.0277969,-0.105124,-0.0436598,
550,0.00151932,0.0280074,-0.00854693,-0.442738,-0.25139,0,0.0691077,0,0.570818,0.969457,0.0280147,-0.0761824,-0.231439,0.547141,1.20887,-0.524816,-0.533981,-0.00255703,-0.523401,0.190527,1.2138,1.63393,0.819629,0.34426,-0.332031,0.143654,-2.1682,-0.544399,-2.52398,0.0241076,-0.0703533,8.08789,-0.00541881,-0.0177769,0.0514935,
551,0.0015387,0.0193298,-0.0219877,-0.443791,-0.0559142,0,-0.378172,0,0.575779,0.956366,0.0193322,-0.0724429,-0.282388,0.518823,1.00455,-0.524399,-0.537167,0.404373,-0.523557,0.190304,1.22095,1.56629,0.788868,-0.156955,-0.681002,-0.165557,-1.97915,-0.58135,-5.62362,0.000793319,-0.0574374,8.18866,-0.00135469,0.00767355,0.234499,
552,0.00156139,0,-0.0220053,-0.00923064,0.125669,0,-0.56999,0,0.557797,0.947272,-0.00510988,-0.0730848,-0.311941,0.486018,0.648883,-0.524009,-0.539575,0.579006,-0.523757,0.190043,1.22272,1.78316,0.524433,-0.595059,-1.27886,-0.455827,-0.341927,-0.731244,-8.57835,0.0044676,-0.0398744,-1.26098,-0.00741673,-0.0174802,-0.0261714,
553,0.00166465,0,-0.0179656,0.174146,0.262137,0,-0.48794,0,0.520157,0.944676,-0.0334497,-0.0890807,-0.3139,0.446172,0.487017,-0.501141,-0.541664,0.413762,-0.523602,0.188855,1.22162,1.92699,0.415052,-0.915382,-0.602706,-1.35219,0.267623,-0.861792,0.780751,0.901926,-0.0421192,-5.31539,0.0129711,-0.0275247,-0.0179487,
554,0.00179092,0,-0.00589985,0.293795,-0.457218,0,-0.180932,0,0.492643,0.948567,-0.0437342,-0.0944947,-0.298963,0.401301,0.557256,-0.416906,-0.541215,0.0722345,-0.523383,0.187402,1.2209,3.01969,-1.21758,0.807607,-0.371984,1.93039,1.66501,-0.918681,2.01702,2.13514,0.179241,-7.98123,0.00529179,-0.0484039,0.00255921,
555,0.00198732,0,0.0571209,0.375358,-0.382015,0,0.269355,0,0.521369,0.964797,-0.0457139,-0.0478153,-0.254541,0.354748,0.709433,-0.395902,-0.532392,-0.350412,-0.523523,0.185142,1.22137,2.64413,-0.909733,0.647268,-1.34027,0.947097,2.0747,-0.939789,4.05125,-1.26618,0.183033,-8.90853,-0.00677371,-0.0521284,0.0778637,
556,0.00221068,0,0.284361,-0.080638,-0.276105,0,0.496756,0,0.546764,0.976489,-0.039584,-0.0335853,-0.209223,0.321387,0.973069,-0.526459,-0.524599,-0.582135,-0.523434,0.182572,1.22187,2.43387,-0.328844,0.426006,2.7041,-0.391423,1.54578,-0.377072,6.43106,-3.17886,0.116113,0.966429,-0.000388727,-0.0574207,-0.0162466,
557,0.00269998,0.010627,0.167832,-0.288037,-0.278963,0,0.471491,0,0.576202,0.978195,0.0106274,-0.0731278,-0.194099,0.359742,1.25441,-0.538008,-0.523017,-0.443592,-0.52356,0.176942,1.21891,2.14028,-0.190949,0.448069,1.92494,-1.15771,-0.123878,1.82691,2.05402,0.410008,-0.0145479,4.53279,-0.0048978,-0.112409,-0.0719782,
558,0.00307054,0.0493239,0.0125947,-0.437262,-0.20464,0,0.261714,0,0.587911,0.972314,0.0493639,-0.0947353,-0.207833,0.47974,1.22271,-0.526633,-0.523797,-0.137531,-0.523416,0.172678,1.21711,2.08552,0.148951,0.25733,0.952739,1.84236,-2.39992,2.96966,-1.89612,0.089789,-0.0285397,7.58144,0.0334688,-0.0330057,-0.0168438,
559,0.00305999,0.0583828,-0.0206505,-0.478436,-0.303915,0,-0.166117,0,0.609769,0.960864,0.0584493,-0.0721788,-0.260989,0.536372,1.05018,-0.524539,-0.524571,0.279055,-0.523384,0.172799,1.22366,1.61635,0.710344,0.442292,-0.53427,-0.0169065,-2.03963,-0.270204,-4.97967,0.0138533,-0.00679833,9.08193,-0.00611156,0.0323783,0.01832,
560,0.00291884,0.0409721,-0.0237002,-0.0537305,-0.123286,0,-0.494423,0,0.620238,0.951363,0.040995,-0.0667469,-0.297948,0.51898,0.719523,-0.524493,-0.524578,0.582366,-0.523667,0.174424,1.2225,1.80016,0.425669,-0.0202538,-1.13692,-0.295531,-0.406153,-0.428485,-8.2182,-0.00169018,0.00897429,-0.236183,-0.0084878,0.0182263,-0.019972,
561,0.00284361,0.0149877,-0.0212574,0.119878,0.0330985,0,-0.451135,0,0.609378,0.95053,0.0149888,-0.0744998,-0.301195,0.493496,0.477809,-0.524171,-0.524205,0.475363,-0.523798,0.175289,1.22202,1.91844,0.34551,-0.375396,-0.479036,-1.10357,0.271554,-0.589353,0.53137,0.00330756,0.00354689,-3.90578,0.00755058,0.015595,-0.00238236,
562,0.00275459,0,-0.0141485,0.24445,0.227669,0,-0.234411,0,0.57975,0.952133,-0.00692322,-0.0979075,-0.289498,0.460661,0.533677,-0.518293,-0.523957,0.202699,-0.523511,0.176313,1.22188,1.95378,0.204624,-0.8088,-0.580881,-1.13978,0.815665,-0.723005,1.54166,0.229374,0.00672657,-6.97565,-0.000869769,0.0260022,-0.00166247,
563,0.00263238,0,0.0161212,0.286367,0.190636,0,0.0920792,0,0.534995,0.958589,-0.0432687,-0.108889,-0.259572,0.422361,0.653269,-0.466646,-0.523451,-0.177616,-0.523518,0.17772,1.22177,2.23447,-0.197952,-0.692076,-2.94088,0.215088,3.20721,-0.834812,3.20979,1.78819,0.00777453,-8.10508,0.00168598,0.0120381,-0.000820631,
564,0.00246103,0,0.199483,0.204203,0.10969,0,0.434423,0,0.5105,0.969406,-0.0596038,-0.0765824,-0.225466,0.3872,0.863387,-0.354306,-0.523456,-0.552797,-0.523542,0.179691,1.22102,2.57118,-0.700431,-0.472272,1.15262,1.44909,-0.0214674,-0.58397,5.17781,2.7642,-0.00456781,-5.69566,-0.00142367,0.0674353,-0.0271492,
565,0.00269081,0,0.147545,-0.199498,-0.622878,0,0.527625,0,0.532435,0.965989,-0.00164571,-0.0769751,-0.246854,0.403759,1.14269,-0.198558,-0.524857,-0.538324,-0.523399,0.177047,1.21368,1.2031,-0.0559095,1.38838,1.76064,-0.119429,-1.81095,1.19507,5.98366,3.44616,-0.0354199,2.55538,-0.000875143,-0.181065,-0.271772,
566,0.00340089,0.0336181,0.032657,-0.370523,-0.469932,0,0.404493,0,0.588644,0.953143,0.0336307,-0.0824175,-0.289127,0.488865,1.24732,-0.143206,-0.526364,-0.318286,-0.523747,0.168877,1.20017,0.971065,0.00214868,0.853735,0.980438,0.301492,-1.8942,2.20017,-0.691956,-1.19435,-0.0273433,6.21652,-0.00921486,-0.144645,-0.266371,
567,0.00394551,0.0588574,-0.0113116,-0.470456,-0.315245,0,0.0758556,0,0.618578,0.939772,0.0589255,-0.0755213,-0.328106,0.541284,1.14558,-0.286924,-0.527555,0.058036,-0.524115,0.16261,1.19288,0.726815,0.189602,0.403258,0.402973,0.126566,-1.39773,-0.362984,-3.35465,-4.53047,-0.0129933,8.80771,-0.000941574,-0.0970711,-0.0536673,
568,0.00425051,0.0606518,-0.021672,-0.478234,-0.119492,0,-0.384999,0,0.627026,0.929316,0.0607263,-0.079604,-0.355455,0.520809,0.895679,-0.54795,-0.527558,0.501076,-0.523835,0.159101,1.19987,0.722309,0.170548,-0.0863891,-0.137362,-0.448066,-1.5405,-0.425167,-6.61395,-2.48232,0.00929599,8.92901,0.0130627,-0.0423341,0.34487,
569,0.00448222,0.0426295,-0.0207865,0.00248533,0.0749799,0,-0.465539,0,0.611884,0.922291,0.0426554,-0.0941667,-0.372415,0.495931,0.485496,-0.541014,-0.526576,0.551746,-0.523525,0.156435,1.22665,1.1047,-0.249286,-0.54076,-0.573987,-0.954124,-0.19447,-0.572067,-7.88555,0.549559,0.0220605,-1.91704,-0.000962326,-0.0478685,0.257382,
570,0.00468819,0.0205815,-0.0167128,0.124604,0.0451601,0,-0.347614,0,0.583426,0.921854,0.0205844,-0.126432,-0.365753,0.463689,0.481457,-0.501042,-0.525608,0.375004,-0.523521,0.154065,1.22429,1.32414,-0.588565,-0.467025,-1.55092,-1.29848,1.82008,-0.734389,1.57797,1.02092,0.0354278,-5.03981,0.00158242,-0.0542665,-0.0803391,
571,0.0049106,0,-0.0063137,0.222329,0.163203,0,-0.188236,0,0.556282,0.93944,-0.0485433,-0.133725,-0.31179,0.424183,0.58083,-0.443912,-0.523351,0.0687361,-0.523538,0.151506,1.22219,1.44767,-0.77331,-0.680826,-2.55117,-1.02726,3.12246,-0.838171,2.39218,1.26871,0.0425451,-7.22125,-0.00102803,-0.0438012,-0.0152724,
572,0.00502196,0,0.0411658,0.271192,-0.332215,0,0.168261,0,0.556121,0.956465,-0.0691544,-0.106543,-0.262757,0.38447,0.739283,-0.369844,-0.52319,-0.30419,-0.523473,0.150224,1.22083,2.43961,-1.60622,0.51109,0.479065,2.01688,1.62178,-0.763228,3.92807,1.74452,-0.00946651,-7.7262,-0.00140259,-0.00706545,-0.0324823,
573,0.00495361,0,0.215278,-0.0592822,-0.0597835,0,0.483006,0,0.566767,0.970059,-0.0461896,-0.060925,-0.230521,0.354613,0.980608,-0.344417,-0.523751,-0.579919,-0.523579,0.151011,1.21904,2.36871,-1.25129,-0.0963869,0.794931,1.97176,0.66549,-0.424431,5.71175,-0.690228,-0.016498,-0.00825946,-0.00270576,0.0451812,-0.0425934,
574,0.00489862,0.00389808,0.151166,-0.229584,-0.472268,0,0.491336,0,0.570991,0.974262,0.0038981,-0.0506793,-0.219612,0.376136,1.24319,-0.388415,-0.525286,-0.481671,-0.523536,0.151644,1.21677,1.43479,-0.486959,0.929979,1.30696,-1.13562,-0.209663,1.33589,3.90942,-1.07374,-0.0288017,3.71369,-0.00663554,-0.0934332,-0.0164736,
575,0.00518419,0.0213401,0.0247885,-0.403112,-0.278181,0,0.275319,0,0.604993,0.970455,0.0213433,-0.07819,-0.227261,0.468819,1.23597,-0.526289,-0.526555,-0.211423,-0.524008,0.148358,1.21705,1.22228,-0.356965,0.413009,0.781515,-0.824591,-0.625939,2.36523,-1.50375,-3.56284,-0.0243053,7.074,-0.00664335,-0.0387705,0.0178443,
576,0.00521624,0.0364418,-0.0177444,-0.486391,-0.0595964,0,-0.115487,0,0.612878,0.960648,0.036458,-0.100128,-0.256517,0.538343,1.08869,-0.539542,-0.527735,0.184468,-0.524071,0.147989,1.22179,1.18994,-0.314657,-0.122804,0.587161,-0.583003,-1.37129,-0.194008,-4.36465,0.455094,-0.022467,8.73449,0.00174296,0.0171452,0.137554,
577,0.00506779,0.0454879,-0.0237799,-0.244265,0.174018,0,-0.475265,0,0.592318,0.951534,0.0455193,-0.112343,-0.282648,0.522473,0.786523,-0.526446,-0.528644,0.569314,-0.523881,0.149697,1.22241,1.28285,-0.567168,-0.67663,0.118062,-0.512661,-0.211207,-0.39048,-7.69271,0.10512,-0.010249,2.8001,0.00397501,0.0355401,-0.0163283,
578,0.00488163,0.0318265,-0.0222954,0.0330902,0.150913,0,-0.457664,0,0.555363,0.953659,0.0318372,-0.114137,-0.276575,0.498691,0.46407,-0.490353,-0.528871,0.519257,-0.5233,0.151839,1.22203,1.58393,-0.687706,-0.617372,-1.12272,0.0389391,0.810753,-0.559917,-0.340997,1.32937,-0.00108967,-2.93388,0.00237855,0.0502229,-0.00156365,
579,0.00465743,0,-0.017991,0.190036,0.281113,0,-0.332686,0,0.519335,0.963419,-0.0091725,-0.107835,-0.245174,0.466779,0.51201,-0.398865,-0.528559,0.295339,-0.523475,0.154419,1.22196,1.81004,-0.853898,-0.892572,-1.76901,-0.216594,1.92211,-0.710246,1.20951,2.32657,0.0123339,-6.02135,-0.00352541,0.0580629,-0.000899844,
580,0.0043547,0,0.00227061,0.293852,-0.10699,0,-0.0225491,0,0.490345,0.973067,-0.032896,-0.0839724,-0.212147,0.43033,0.60639,-0.244749,-0.523151,-0.0505115,-0.523486,0.157902,1.22153,2.68007,-1.17857,0.0285368,0.485861,1.56171,0.162656,-0.726244,2.56906,3.7534,0.192147,-7.77284,-0.00414652,0.0828306,0.0167748,
581,0.00400667,0,0.113805,0.292166,-0.338128,0,0.355213,0,0.523642,0.97142,-0.0433651,-0.0733043,-0.221559,0.394942,0.786003,-0.0815525,-0.522675,-0.432116,-0.523944,0.161907,1.22234,1.91585,-0.277259,0.567217,-0.779159,0.124662,-0.385927,-0.687184,4.58873,2.7909,-0.0331805,-7.52343,-0.00150214,0.093249,-0.0166317,
582,0.00352893,0,0.170521,-0.117078,-0.217771,0,0.471421,0,0.540895,0.967387,-0.0418306,-0.0637357,-0.24156,0.382487,1.06285,-0.00440083,-0.524155,-0.556831,-0.523848,0.167404,1.22101,1.71986,0.107589,0.254403,2.18473,-0.0235716,-0.626756,0.221772,6.40738,0.28922,-0.0479301,1.11158,0.0190141,0.10352,-0.0395903,
583,0.00307671,0.0110705,0.0746374,-0.29356,-0.203552,0,0.449229,0,0.547704,0.96268,0.0110709,-0.0826919,-0.257463,0.425438,1.27216,-0.0295482,-0.526559,-0.41689,-0.523582,0.172607,1.21933,1.30939,0.410942,0.205155,0.512339,-0.652568,-1.45273,1.47787,-0.404715,-1.27725,-0.0306332,4.46432,-0.0143627,0.0969082,0.00564218,
584,0.00247067,0.0113722,0.00226698,-0.421731,-0.152231,0,0.158383,0,0.557865,0.947499,0.0113727,-0.0853249,-0.307954,0.511409,1.193,-0.127709,-0.528132,-0.120985,-0.52339,0.17958,1.22104,1.28596,0.778988,0.0358667,-0.376876,0.192953,-2.51286,1.95392,-2.63547,-2.64619,-0.0305958,7.3847,-0.00249316,0.166915,0.0625548,
585,0.00166947,0,-0.0182084,-0.451912,0.0273835,0,-0.285774,0,0.549167,0.929026,-0.000178783,-0.0845871,-0.360217,0.53511,0.987204,-0.284916,-0.529101,0.267484,-0.523554,0.188799,1.22216,1.17121,0.912019,-0.421598,-0.802134,-0.429524,-1.95804,-0.315478,-5.57332,-3.63083,-0.0100043,8.15208,-0.00219551,0.19722,-0.00900119,
586,0.000808952,0,-0.0220782,-0.141043,0.232865,0,-0.60364,0,0.515011,0.912489,-0.0255211,-0.0898674,-0.398293,0.516286,0.632528,-0.45759,-0.52912,0.581702,-0.523627,0.1987,1.22142,1.34237,0.657271,-0.92989,-1.22066,-0.865973,-0.663682,-0.446062,-8.58792,-3.28861,0.0105643,1.08371,-0.00295024,0.183787,-0.0122218,
587,7.52674e-05,0,-0.0196172,0.0866953,0.16588,0,-0.582093,0,0.463082,0.904317,-0.0543648,-0.115149,-0.407426,0.490553,0.477856,-0.538312,-0.528716,0.489111,-0.523484,0.207142,1.22105,1.38939,0.0694439,-0.782627,0.206625,-0.691219,0.216599,-0.588005,1.05767,0.232294,0.00934784,-4.03988,0.00163731,0.15624,-0.00758882,
588,-0.000472825,0,-0.0127797,0.278017,-0.398325,0,-0.347623,0,0.484362,0.918416,-0.0579007,-0.0911099,-0.380604,0.458966,0.545447,-0.511579,-0.521755,0.205467,-0.523393,0.213449,1.22163,2.12003,-1.14349,0.56432,-0.191242,0.990979,1.41886,-0.677462,1.64493,1.0086,-0.00412291,-7.56706,-0.00464458,0.115213,0.0167981,
589,-0.000930001,0,0.0150921,0.394304,-0.182182,0,0.114554,0,0.500141,0.936391,-0.0566659,-0.0660646,-0.339995,0.422965,0.676609,-0.52939,-0.523259,-0.22726,-0.523549,0.218709,1.22184,1.99652,-1.1981,0.0728806,-0.111498,0.814585,2.03899,-0.75519,3.58538,-0.586385,-0.0318132,-9.71919,-0.00133966,0.0980134,-0.00271071,
590,-0.001302,0,0.112973,-0.0449914,-0.23146,0,0.482913,0,0.500708,0.95025,-0.0496528,-0.0598166,-0.301632,0.390673,0.922302,-0.52804,-0.52523,-0.587289,-0.523579,0.222989,1.22152,1.64057,-0.292396,0.226639,2.2459,-1.07928,0.997095,-0.437853,6.1247,0.125744,-0.071479,-0.275403,0.000452196,0.0245987,-0.0436269,
591,-0.00113931,0,0.077977,-0.257086,-0.493478,0,0.480144,0,0.53988,0.951509,-0.00532645,-0.0785128,-0.297384,0.391254,1.20337,-0.524836,-0.529477,-0.488249,-0.523431,0.221117,1.21592,1.2284,0.073188,0.914198,0.823497,0.0859724,-0.858331,0.430435,5.25311,0.0232586,-0.0757645,3.75104,-0.00329838,-0.0688834,-0.15555,
592,-0.000877922,0.0116317,0.0149398,-0.398173,-0.307094,0,0.260562,0,0.57194,0.942471,0.0116322,-0.0740852,-0.325768,0.426685,1.23597,-0.524892,-0.533019,-0.217913,-0.523759,0.21811,1.20822,1.13603,0.158046,0.38537,0.395719,0.493784,-1.59204,0.981901,-1.1378,-0.00501637,-0.0687474,7.0369,-0.00528785,-0.0547279,-0.152965,
593,-0.00070234,0.0211951,-0.012936,-0.456292,-0.178679,0,-0.138273,0,0.581766,0.928914,0.0211983,-0.0692427,-0.363145,0.477343,1.10755,-0.524638,-0.536193,0.172608,-0.523721,0.21609,1.20296,1.04601,0.332303,0.0416155,-0.0179932,-0.239734,-1.53622,1.04277,-3.97406,0.00453744,-0.0573753,8.56854,0.00848398,-0.018639,-0.0507765,
594,-0.000624214,0.0128425,-0.0223661,-0.219472,0.00413066,0,-0.515624,0,0.573215,0.916011,0.0128432,-0.0761759,-0.393645,0.52567,0.830066,-0.524289,-0.538729,0.547488,-0.523545,0.215191,1.2052,1.04959,0.163261,-0.402902,-0.554111,-0.698566,-0.461145,0.733536,-7.0985,0.00229773,-0.0415406,2.99279,-0.00181489,-0.033458,0.137211,
595,-0.000407177,0,-0.0220295,0.0498421,0.191061,0,-0.529191,0,0.540869,0.916801,-0.0106788,-0.0879434,-0.389395,0.526551,0.467159,-0.523522,-0.540554,0.513679,-0.523706,0.212693,1.21445,1.20226,-0.0171571,-0.822886,-0.32985,-1.2139,0.623776,-0.187456,-2.85739,0.0268731,-0.0379753,-2.74934,0.00408644,-0.063752,0.231295,
596,-7.15713e-05,0,-0.0177594,0.195139,0.168268,0,-0.383803,0,0.496443,0.924495,-0.0386467,-0.11466,-0.36148,0.512879,0.499616,-0.488192,-0.542224,0.285128,-0.523483,0.208832,1.22342,1.46688,-0.431154,-0.742186,-2.02599,-0.972262,2.87473,-0.37967,1.37215,1.34785,-0.0120769,-6.26486,0.00180956,-0.10239,0.0067876,
597,0.000383762,0,-0.00131531,0.314417,-0.349423,0,-0.0549082,0,0.50802,0.943514,-0.0572402,-0.0859399,-0.314831,0.493966,0.603291,-0.413197,-0.532306,-0.0735664,-0.523416,0.203593,1.22203,2.44904,-1.43101,0.502648,0.216898,1.35587,1.38596,-0.395763,2.75973,1.86088,0.29084,-8.26926,-0.00379121,-0.0989594,-0.0335039,
598,0.000804978,0,0.0854052,0.341327,-0.10902,0,0.407138,0,0.519652,0.957817,-0.0432473,-0.0557343,-0.278584,0.473969,0.795526,-0.385912,-0.521257,-0.487246,-0.523554,0.198746,1.2203,2.28623,-1.36845,-0.0332981,0.397344,1.24082,1.75146,-0.403539,4.91175,-0.747883,0.0012296,-8.27755,-0.0013523,-0.0950416,-0.0357973,
599,0.00143353,0,0.131057,-0.150951,-0.406513,0,0.491617,0,0.543532,0.962869,-0.0249293,-0.07101,-0.259269,0.475351,1.09261,-0.441023,-0.524012,-0.544281,-0.523533,0.191514,1.22161,1.57088,-0.169049,0.707549,2.31991,-1.59502,0.635779,0.430599,6.94296,-1.47283,-0.0832219,1.66315,0.00098132,-0.193687,0.0288625,
600,0.00214553,0.0173835,0.055363,-0.328956,-0.290935,0,0.425037,0,0.569926,0.961276,0.0173853,-0.0937388,-0.258573,0.5206,1.25923,-0.542464,-0.528302,-0.375992,-0.523546,0.183321,1.22156,1.64717,0.0698431,0.412797,1.34929,0.979987,-1.53,1.38098,-0.659334,-0.239106,-0.089552,5.03516,-0.000296627,-0.124645,-0.0168693,
601,0.00262799,0.0431839,-0.00408535,-0.439759,-0.28225,0,0.15919,0,0.587411,0.949465,0.0432108,-0.0838312,-0.299368,0.529456,1.16668,-0.530606,-0.532314,-0.0529619,-0.523581,0.17777,1.22209,1.36852,0.470973,0.350798,0.0765686,-0.180344,-1.97822,-0.165546,-3.02242,0.213556,-0.0692363,7.86109,-0.000381432,-0.09147,-0.00208692,
602,0.002919,0.0420073,-0.0197372,-0.474115,-0.107398,0,-0.28643,0,0.594059,0.933437,0.042032,-0.0895633,-0.34483,0.52065,0.938656,-0.525332,-0.535521,0.359321,-0.52359,0.174422,1.22202,1.26852,0.57688,-0.103222,-0.251666,-0.531135,-1.8145,-0.186442,-6.07336,0.0370124,-0.0591997,8.62326,-7.73368e-05,-0.0424436,-0.000574307,
603,0.00312973,0.022261,-0.0218104,-0.050978,0.0579125,0,-0.526215,0,0.579433,0.922102,0.0222647,-0.100916,-0.372891,0.507474,0.555484,-0.524197,-0.537984,0.581087,-0.523765,0.171997,1.22202,1.42254,0.319923,-0.502818,-1.02486,-0.99254,-0.225427,-0.344549,-9.22702,0.00828969,-0.0394331,-0.972116,-0.00817801,-0.0587738,-0.000575818,
604,0.00339822,0,-0.0189545,0.0971402,0.0605347,0,-0.460028,0,0.550578,0.919478,-0.00683251,-0.133724,-0.369637,0.486281,0.489065,-0.513507,-0.540111,0.43845,-0.523482,0.168908,1.22192,1.58769,0.051947,-0.50546,-1.62045,-1.49728,1.46987,-0.518876,0.986948,0.391897,-0.0278173,-4.62535,0.00630052,-0.0690774,-0.000897737,
605,0.00371126,0,-0.010678,0.229151,-0.117025,0,-0.316391,0,0.524894,0.932855,-0.0768903,-0.14228,-0.32191,0.456896,0.554634,-0.484981,-0.540662,0.132455,-0.523504,0.165306,1.22171,1.84127,-0.591217,-0.0584516,-0.791505,-0.0565831,2.0728,-0.614631,1.65431,0.585285,0.0767575,-7.53865,0.0016085,-0.06186,-0.01451,
606,0.00396348,0,0.0321346,0.337207,-0.279877,0,0.12654,0,0.550573,0.953549,-0.0764234,-0.106652,-0.271162,0.425616,0.677814,-0.490588,-0.529835,-0.281024,-0.5235,0.162404,1.22089,2.22025,-1.06343,0.37323,0.135123,1.40861,2.44715,-0.652906,3.25183,-0.579006,0.236713,-9.19699,-0.00245892,-0.0465238,-0.017826,
607,0.00406677,0,0.236501,-0.0892807,-0.00194829,0,0.457548,0,0.554812,0.969418,-0.0645436,-0.0719507,-0.225578,0.399915,0.898285,-0.535941,-0.521674,-0.589776,-0.523579,0.161215,1.21973,2.25407,-0.627646,-0.221212,0.674671,1.38257,0.72557,-0.360616,5.55064,0.0281454,-0.0134671,0.381507,-0.00103282,0.00839353,-0.0313572,
608,0.00398564,0,0.160694,-0.246934,-0.0166992,0,0.463461,0,0.540001,0.975095,-0.0106163,-0.0635626,-0.21222,0.426887,1.15059,-0.525699,-0.52425,-0.48012,-0.523583,0.162149,1.21795,1.90196,-0.478028,-0.174794,2.7359,-0.0533342,0.0533781,1.44038,4.55197,0.223514,-0.0625286,3.82935,-0.000374101,0.00537954,-0.0433347,
609,0.00417353,0.0156123,0.0203106,-0.406079,-0.273745,0,0.261012,0,0.558923,0.968108,0.0156136,-0.0906057,-0.233052,0.530108,1.24763,-0.517198,-0.526819,-0.209753,-0.523347,0.159987,1.21702,1.27135,0.190137,0.396459,0.442092,0.680292,-2.20158,2.12255,-0.60225,0.130261,-0.0568097,6.89841,0.00927893,-0.00616821,-0.0215102,
610,0.00406399,0.0269805,-0.0167432,-0.460816,-0.177754,0,-0.125999,0,0.570675,0.956562,0.0269871,-0.0819627,-0.278466,0.534153,1.14391,-0.529223,-0.529373,0.173729,-0.523469,0.161247,1.219,1.09965,0.459729,0.124154,-0.0378707,-0.324436,-1.76869,-0.33988,-3.52083,0.0691994,-0.0441956,8.43123,-0.00363036,0.067686,0.111553,
611,0.00370886,0.0193635,-0.0226902,-0.234079,-0.00500764,0,-0.501686,0,0.566394,0.944242,0.0193659,-0.0907634,-0.315902,0.514451,0.88768,-0.52531,-0.531279,0.544443,-0.523621,0.165333,1.22308,1.1169,0.327105,-0.30468,-0.585651,-0.739679,-0.733462,-0.454639,-6.70116,0.043218,-0.0295042,3.01311,-0.00428279,0.0799077,-0.0230028,
612,0.00336869,0,-0.021028,0.0281986,0.203239,0,-0.519036,0,0.538789,0.941609,-0.00447196,-0.103787,-0.320283,0.487664,0.517919,-0.523934,-0.532481,0.514329,-0.523938,0.169247,1.22208,1.30616,0.138631,-0.782169,-0.772452,-0.905325,0.257727,-0.613214,-6.66621,0.0117629,-0.0216164,-2.62804,-0.00523328,0.0812767,-0.00946092,
613,0.00305038,0,-0.0161139,0.172857,0.142885,0,-0.390434,0,0.499813,0.944946,-0.0377572,-0.127639,-0.29893,0.453286,0.495332,-0.487194,-0.533399,0.294156,-0.523096,0.17291,1.2218,1.6357,-0.232727,-0.621339,-2.30285,-1.06243,2.63994,-0.779693,1.00985,1.42057,0.00242493,-6.05987,0.0119046,0.0558283,-0.00188577,
614,0.0027866,0,0.00239786,0.295819,-0.342341,0,-0.0811506,0,0.514771,0.958973,-0.0606174,-0.101019,-0.25786,0.414972,0.577311,-0.411976,-0.522693,-0.0568359,-0.523305,0.175945,1.22137,2.6274,-0.976626,0.541592,0.19548,1.33536,1.16239,-0.771674,2.25433,1.7894,0.251117,-8.15617,-0.0081655,0.0735718,-0.0127382,
615,0.00243754,0,0.131934,0.332022,-0.105138,0,0.380638,0,0.528569,0.970255,-0.0483812,-0.0704967,-0.226484,0.37729,0.741496,-0.386902,-0.52234,-0.469751,-0.523539,0.179962,1.22067,2.45102,-0.958138,0.0100031,0.385192,1.19914,1.52406,-0.735372,4.29569,-0.765242,-0.0462308,-8.35879,-0.00193582,0.087081,-0.0153801,
616,0.00207737,0,0.239241,-0.142313,-0.423829,0,0.495461,0,0.527418,0.97424,-0.0326801,-0.0565464,-0.21585,0.367747,1.01073,-0.441742,-0.524913,-0.565656,-0.523598,0.184106,1.22045,1.51683,0.0555089,0.79786,0.950846,-1.67606,0.0292198,0.492537,6.31852,-1.45408,-0.0620428,1.7721,0.00481087,-0.0511668,-0.0158971,
617,0.00224925,0,0.0924672,-0.340518,-0.312258,0,0.388899,0,0.557308,0.971039,-0.00726248,-0.0993945,-0.217145,0.436586,1.26511,-0.544306,-0.528471,-0.389761,-0.523549,0.182128,1.21938,1.54918,0.324787,0.506794,0.842302,0.179165,-1.71087,2.24441,1.01619,-0.21212,-0.0789889,5.18504,0.00169329,0.00269965,-0.033891,
618,0.00215296,0.0173027,-0.00333253,-0.437632,-0.130729,0,0.113632,0,0.571575,0.959002,0.0173044,-0.0878391,-0.268887,0.547767,1.21101,-0.531068,-0.532343,-0.0666149,-0.523573,0.183236,1.21747,1.45663,0.459562,0.0257599,0.549219,0.898216,-2.30155,0.486979,-2.38592,0.228244,-0.0753499,7.72812,-0.00111401,0.0336929,-0.0426912,
619,0.00191957,0.0234439,-0.0203284,-0.451119,-0.0635927,0,-0.297924,0,0.56834,0.944194,0.0234482,-0.0831758,-0.317852,0.530958,1.01443,-0.525088,-0.535526,0.330627,-0.52359,0.185921,1.2187,1.27154,0.68968,-0.175149,-0.388002,-0.593447,-1.8796,-0.466939,-5.45137,0.0445464,-0.0534746,8.16007,-0.000128491,0.0755859,0.102312,
620,0.00162696,0.0021487,-0.0222244,-0.0670569,0.0934406,0,-0.562423,0,0.549775,0.931327,0.0021487,-0.0951864,-0.351518,0.504189,0.665797,-0.524025,-0.537773,0.584537,-0.523761,0.189288,1.22318,1.39129,0.492385,-0.561529,-1.12507,-1.06933,-0.423232,-0.610343,-8.46782,0.00532585,-0.0348434,-0.532212,-0.00854179,0.0492325,-0.0210439,
621,0.00144267,0,-0.0189237,0.107069,0.226323,0,-0.515119,0,0.513251,0.926179,-0.0298893,-0.122424,-0.355404,0.470084,0.461734,-0.506957,-0.539566,0.454549,-0.52377,0.191409,1.22206,1.52215,0.381939,-0.871525,-0.431944,-1.96678,0.214022,-0.751951,1.22254,0.67225,-0.0378244,-4.60072,0.0113017,0.0360068,-0.0126237,
622,0.00137977,0,-0.0103133,0.24918,-0.431087,0,-0.318468,0,0.510655,0.93482,-0.0691208,-0.123522,-0.325694,0.42986,0.542152,-0.445552,-0.534838,0.151344,-0.523105,0.192132,1.22161,2.35846,-0.850989,0.707915,-0.0465464,0.785329,0.954724,-0.809956,1.983,1.72144,0.227457,-7.58989,-0.0106346,0.0170644,-0.0122142,
623,0.00131321,0,0.0290547,0.357569,-0.226193,0,0.15725,0,0.534417,0.948945,-0.0614753,-0.100367,-0.292663,0.387587,0.684583,-0.439717,-0.52322,-0.277295,-0.523496,0.192898,1.22087,2.1392,-0.911985,0.223152,0.310549,0.979097,1.87852,-0.877832,3.69904,-1.4665,0.193692,-9.53866,-0.00364601,0.0147732,-0.0162623,
624,0.00119963,0,0.168963,-0.100149,0.0438298,0,0.497469,0,0.531337,0.961494,-0.0446959,-0.0790217,-0.259398,0.350296,0.930625,-0.542944,-0.522768,-0.594041,-0.523593,0.194205,1.21978,2.18155,-0.462812,-0.357683,0.942923,0.967296,0.068263,-0.597541,6.12525,-0.954196,-0.0373563,0.462208,-0.00106151,0.0477677,-0.0297995,
625,0.00123186,0,0.0934358,-0.278091,-0.526665,0,0.469078,0,0.52849,0.959959,-0.00500408,-0.0816367,-0.267935,0.356544,1.20609,-0.530517,-0.525341,-0.474536,-0.523404,0.193834,1.21558,1.22595,0.1298,1.0442,1.42639,-0.161811,-1.36257,0.903383,4.76191,0.574695,-0.0708286,4.14542,0.00517758,-0.142328,-0.224366,
626,0.00174888,0.0227917,0.013361,-0.413888,-0.400859,0,0.254951,0,0.571467,0.946789,0.0227957,-0.0799256,-0.31094,0.417941,1.23316,-0.524442,-0.52865,-0.188321,-0.523506,0.187885,1.2037,1.1556,0.259198,0.640742,0.701759,0.28274,-2.14775,1.54557,-1.19305,-0.0197421,-0.0617043,7.30045,-0.00260648,-0.0989665,-0.245017,
627,0.00206662,0.038153,-0.0148383,-0.474861,-0.253529,0,-0.143272,0,0.593228,0.928491,0.0381715,-0.0828647,-0.359972,0.495845,1.09915,-0.524767,-0.531411,0.213921,-0.523574,0.184229,1.19528,1.09794,0.340793,0.220847,0.311205,-0.349247,-2.07734,1.56942,-4.14249,-0.00103442,-0.0493778,8.77609,-0.00046147,-0.0447831,-0.0868818,
628,0.00222416,0.0376948,-0.0226884,-0.17229,-0.0705556,0,-0.496354,0,0.591927,0.911665,0.0377127,-0.0940608,-0.398243,0.533431,0.810035,-0.524484,-0.533503,0.577607,-0.52362,0.182417,1.198,1.13915,0.124354,-0.239866,-0.328626,-0.909326,-0.549599,-0.185373,-7.39397,0.00368309,-0.0306404,1.64649,-0.00390974,-0.0493867,0.207485,
629,0.00245117,0.0181444,-0.0211117,0.0502286,0.103121,0,-0.473757,0,0.568212,0.90895,0.0181464,-0.113967,-0.400614,0.519588,0.46185,-0.52404,-0.534841,0.508409,-0.523812,0.179805,1.21522,1.28022,-0.0402182,-0.632531,-0.00290825,-1.53858,0.312667,-0.360813,-1.66887,0.00430802,-0.0294569,-3.27688,0.005557,-0.0552863,0.478266,
630,0.00274716,0,-0.0161923,0.187836,0.0728771,0,-0.353042,0,0.544555,0.921923,-0.0315363,-0.127289,-0.3645,0.496682,0.504394,-0.50685,-0.535418,0.26805,-0.523214,0.176399,1.22432,1.49358,-0.449993,-0.528107,-2.10281,-1.0962,2.65459,-0.539389,1.37184,0.693258,-0.000338397,-6.36524,-0.00892144,-0.0744474,-0.0579624,
631,0.0030488,0,0.00262008,0.281334,-0.354233,0,-0.0784494,0,0.527691,0.940521,-0.0800051,-0.118818,-0.308061,0.468194,0.605999,-0.466722,-0.531882,-0.101195,-0.523423,0.172928,1.22124,2.21725,-1.3143,0.521721,0.0704896,1.43786,2.07118,-0.568699,2.69796,0.658746,0.254153,-8.19347,0.000360207,-0.0627722,-0.0670525,
632,0.00327462,0,0.118458,0.322185,-0.112951,0,0.385161,0,0.540945,0.960399,-0.0672339,-0.0823485,-0.257551,0.440526,0.789261,-0.499216,-0.521698,-0.515307,-0.523538,0.17033,1.21776,2.08868,-1.25877,-0.0033458,0.428036,1.42358,2.39591,-0.538772,4.6144,-1.9318,0.00737945,-8.37218,-0.00182084,-0.041657,-0.0709409,
633,0.00334927,0,0.182623,-0.16487,0.0482607,0,0.500435,0,0.528617,0.970369,-0.0236426,-0.0636231,-0.2319,0.437703,1.07148,-0.534945,-0.52379,-0.552161,-0.52358,0.169471,1.21372,2.20137,-0.711721,-0.340136,3.86241,0.205138,0.642081,0.414522,6.58304,0.259864,-0.0756347,2.09786,0.000710817,-0.0195434,-0.088395,
634,0.00382804,0.0187123,0.0560982,-0.34216,-0.389782,0,0.413895,0,0.555591,0.964501,0.0187145,-0.0850679,-0.249301,0.497332,1.25131,-0.512486,-0.526924,-0.3608,-0.523518,0.163962,1.20765,1.40263,0.0403436,0.67296,0.746556,0.584801,-2.11499,1.85981,-0.312232,0.639762,-0.0621759,5.50817,-6.46769e-05,-0.0825474,-0.113876,
635,0.00405553,0.0341203,-0.00662783,-0.452352,-0.281769,0,0.099588,0,0.582774,0.951416,0.0341336,-0.0820541,-0.294805,0.53273,1.17344,-0.531824,-0.529707,-0.0173153,-0.523568,0.161345,1.20574,1.24437,0.311602,0.354189,0.258428,-0.116295,-1.96931,-0.199114,-2.78254,-0.154874,-0.0507589,8.21366,-0.000608757,-0.0183442,0.0234124,
636,0.00400899,0.0373539,-0.0205468,-0.469983,-0.10314,0,-0.33796,0,0.588983,0.935642,0.0373713,-0.0889713,-0.339501,0.521713,0.954799,-0.52719,-0.531975,0.401299,-0.523586,0.16188,1.21312,1.17058,0.356329,-0.107541,-0.122865,-0.565043,-1.77388,-0.238286,-5.93713,0.0945893,-0.0397004,8.52779,-0.000233072,0.0368445,0.274267,
637,0.00387704,0.020689,-0.021838,-0.0337015,0.07902,0,-0.531304,0,0.573633,0.925733,0.0206919,-0.102527,-0.363426,0.505785,0.579046,-0.524472,-0.533485,0.584126,-0.52377,0.163398,1.22404,1.36361,0.0642273,-0.540878,-0.809479,-0.91011,-0.107854,-0.400242,-9.06708,0.0220413,-0.0221335,-1.35353,-0.00768044,0.0250815,-0.0212171,
638,0.00377981,0,-0.0187181,0.119745,0.053311,0,-0.448159,0,0.544001,0.925781,-0.00787398,-0.129619,-0.355059,0.48173,0.469474,-0.509478,-0.534611,0.422574,-0.523058,0.164517,1.22236,1.56021,-0.233612,-0.474641,-1.67127,-1.34198,1.77474,-0.576215,1.47719,0.55144,-0.00819867,-5.00432,0.0151894,0.0130343,-0.0199422,
639,0.00373213,0,-0.00928758,0.24466,-0.208586,0,-0.272463,0,0.521354,0.940622,-0.0713537,-0.1351,-0.303128,0.449848,0.563248,-0.475392,-0.533564,0.100576,-0.52332,0.165066,1.22152,2.03755,-0.864677,0.171271,-0.545923,0.503373,2.1799,-0.658542,2.28994,0.594017,0.168118,-7.72551,-0.00331439,0.0171421,-0.025578,
640,0.00363219,0,0.0476734,0.342072,-0.150462,0,0.189914,0,0.537129,0.960713,-0.0671379,-0.101443,-0.249463,0.416106,0.720162,-0.490672,-0.521748,-0.320221,-0.523501,0.166216,1.22001,2.17203,-1.05411,0.0902992,0.319659,1.29503,2.53431,-0.699147,3.96666,-1.07645,0.090136,-9.20387,-0.0029417,0.0329406,-0.0327377,
641,0.00338887,0,0.277371,-0.101842,0.110844,0,0.470231,0,0.527013,0.974421,-0.0501974,-0.0711147,-0.207189,0.391298,0.976432,-0.531686,-0.522893,-0.573512,-0.523588,0.169015,1.21807,2.21194,-0.591812,-0.456614,1.37771,1.03324,0.749208,-0.282903,6.23851,0.0693206,-0.0544357,0.6539,-0.00038897,0.0772577,-0.0466617,
642,0.00334845,0.00972191,0.15855,-0.276985,-0.549932,0,0.479522,0,0.53677,0.975614,0.00972222,-0.0852077,-0.202048,0.431601,1.23949,-0.507458,-0.526789,-0.455004,-0.523381,0.16948,1.21303,1.27576,-0.0702299,1.18351,1.34298,0.30499,-1.51359,1.85633,1.96664,0.904128,-0.0854938,4.05017,0.00306789,-0.0571408,-0.174066,
643,0.00346672,0.0386754,0.0113267,-0.409697,-0.445031,0,0.273134,0,0.588283,0.966213,0.0386947,-0.0759101,-0.243253,0.542802,1.22014,-0.534417,-0.530816,-0.171787,-0.523507,0.16812,1.20544,1.16635,0.132501,0.829026,0.748167,0.463323,-1.94515,0.961472,-1.56234,-0.235172,-0.0758087,7.27848,-0.00286926,-0.000820317,-0.127275,
644,0.00336253,0.0557984,-0.0184715,-0.469848,-0.295427,0,-0.122314,0,0.619176,0.953367,0.0558564,-0.0707181,-0.288047,0.532575,1.06881,-0.528605,-0.534276,0.232683,-0.523576,0.169318,1.2054,1.06425,0.202389,0.394336,0.287976,0.0604697,-1.90172,-0.385634,-4.46736,0.126068,-0.0631106,8.88741,-0.000478818,0.0500693,0.130953,
645,0.00309945,0.0552811,-0.0226795,-0.104957,-0.132951,0,-0.453248,0,0.628075,0.942459,0.0553376,-0.0749783,-0.32107,0.510228,0.764765,-0.525152,-0.536962,0.564946,-0.523655,0.172345,1.2223,1.18435,-0.0387997,-0.0213547,-0.444873,-0.619908,-0.333755,-0.516332,-7.66718,0.0265528,-0.0422537,0.640655,-0.00575622,0.0478954,0.454386,
646,0.00288897,0.0405652,-0.0204556,0.0648302,0.0361396,0,-0.418045,0,0.615622,0.941671,0.0405875,-0.0895879,-0.321841,0.48057,0.461066,-0.524233,-0.539012,0.493479,-0.523831,0.174767,1.22388,1.30933,-0.120916,-0.402864,0.113304,-1.27161,0.339495,-0.667434,-0.120503,0.00700302,-0.0445844,-3.08552,0.00691896,0.046472,-0.0599308,
647,0.00267905,0.0273802,-0.0148897,0.168649,0.0969103,0,-0.224858,0,0.586972,0.944043,0.027387,-0.120876,-0.305651,0.443904,0.515491,-0.517763,-0.541054,0.267628,-0.523505,0.177183,1.2222,1.50588,-0.43328,-0.523509,-1.29892,-0.891747,2.05791,-0.817686,1.40002,0.226352,-0.0242688,-5.83665,0.00254172,0.0379926,-0.0119208,
648,0.0025251,0,0.00312825,0.229639,0.220259,0,-0.0193956,0,0.557978,0.961069,-0.0337243,-0.120249,-0.246473,0.400736,0.614113,-0.489984,-0.541748,-0.0551757,-0.523526,0.178954,1.22194,1.61451,-0.567682,-0.748291,-2.30231,-0.470542,3.00479,-0.898211,2.54135,0.890429,-0.00854491,-7.10595,-0.00161911,0.0381573,-0.00160241,
649,0.00229929,0,0.1212,0.223116,-0.0721126,0,0.285906,0,0.534583,0.972926,-0.0601955,-0.0997106,-0.199625,0.359389,0.780858,-0.417082,-0.537683,-0.398038,-0.523504,0.181552,1.22135,2.40282,-1.1621,-0.0377413,0.67671,1.66908,0.973359,-0.750116,4.1197,1.94064,0.188805,-6.55629,-0.000430215,0.0688854,-0.0198622,
650,0.00194229,0,0.346047,-0.0981254,0.128167,0,0.499204,0,0.51866,0.979341,-0.0298073,-0.0657011,-0.18891,0.345343,1.02246,-0.334534,-0.52872,-0.563982,-0.523578,0.18566,1.22014,2.30411,-0.7792,-0.477718,2.74963,0.998381,0.171302,0.218243,5.47107,1.36234,0.150679,0.685668,4.26459e-06,0.0785785,-0.0342743,
651,0.00210253,0.00478591,0.140614,-0.284849,-0.364643,0,0.457475,0,0.544844,0.975002,0.00478594,-0.0854007,-0.205075,0.426619,1.25266,-0.244411,-0.522604,-0.439925,-0.523517,0.183816,1.21837,1.34731,-0.0696082,0.651497,0.48704,0.575296,-1.82715,2.89263,1.57166,2.24678,0.00840473,4.21859,7.01915e-05,-0.0265423,-0.0362359,
652,0.00213773,0.017287,0.00720758,-0.407494,-0.25173,0,0.204183,0,0.566791,0.965903,0.0172887,-0.0724902,-0.247948,0.551744,1.21886,-0.200897,-0.523315,-0.151368,-0.523583,0.183411,1.21781,1.06107,0.25001,0.328565,-0.0111255,0.240248,-1.42507,0.0361045,-1.84296,-0.494398,-0.0153397,7.2931,-0.000627137,0.0161906,0.0297552,
653,0.00198194,0.0148532,-0.0189971,-0.44962,-0.0916092,0,-0.225517,0,0.573532,0.958136,0.0148543,-0.0691276,-0.277447,0.529629,1.0543,-0.271001,-0.523883,0.241186,-0.523592,0.185204,1.22244,0.837652,0.395727,-0.0715755,-0.402736,-0.103668,-1.0506,-0.475954,-4.71606,-2.29373,-0.00684204,8.40145,-2.03668e-05,0.0544128,0.0602335,
654,0.00174082,0,-0.0230517,-0.134394,0.0850883,0,-0.561999,0,0.559074,0.95301,-0.00138825,-0.0677533,-0.295262,0.502697,0.741797,-0.400101,-0.523908,0.576331,-0.523626,0.187978,1.22223,0.889624,0.240581,-0.486406,-1.01828,-0.371795,0.246045,-0.609392,-7.75735,-2.877,0.00908545,1.38682,-0.00312944,0.0415706,-0.0134683,
655,0.00159388,0,-0.0209104,0.106312,0.245705,0,-0.546859,0,0.524318,0.956444,-0.028879,-0.077057,-0.280077,0.468422,0.459937,-0.525407,-0.523484,0.497024,-0.523608,0.189669,1.22175,1.10716,0.124428,-0.842197,-0.409769,-1.30701,0.941561,-0.755565,0.348966,-1.79535,-0.000671711,-3.67936,0.0115727,0.0265833,-0.00527245,
656,0.00146723,0,-0.0140721,0.252302,0.141417,0,-0.333674,0,0.474965,0.959423,-0.0453007,-0.107291,-0.256796,0.428167,0.523726,-0.520757,-0.523556,0.218306,-0.523526,0.191126,1.2216,1.46494,-0.548479,-0.575848,0.715717,-0.204644,1.04988,-0.845558,1.69474,0.954633,0.00448398,-7.33195,0.00323057,0.0297331,-0.00440672,
657,0.00144455,0,0.0255048,0.354984,-0.449223,0,0.102762,0,0.504783,0.975564,-0.0389074,-0.069606,-0.204736,0.384682,0.652611,-0.468172,-0.523428,-0.178024,-0.523461,0.191387,1.22187,2.30089,-1.08306,0.879285,-0.628523,0.90747,2.36605,-0.90104,3.44835,1.46748,-0.00364171,-8.86641,-0.00594108,0.00109667,0.0029838,
658,0.00142612,0,0.73497,0.0987192,-0.260908,0,0.47,0,0.536514,0.987069,-0.0493045,-0.044004,-0.146043,0.345122,0.885366,-0.477964,-0.523743,-0.571313,-0.523571,0.191599,1.22168,2.10632,-0.730538,0.452484,1.07316,0.237833,2.03072,-0.660779,5.77843,-1.81158,-0.0280318,-2.86872,0.000294259,0.00367962,-0.0143466,
659,0.00137488,0.00827675,0.896902,-0.212717,-0.138831,0,0.530218,0,0.55071,0.990386,0.00827694,-0.0688964,-0.11967,0.446949,1.18094,-0.542342,-0.525994,-0.520169,-0.523571,0.192189,1.22088,2.21522,-0.428938,0.193469,2.49503,-1.15728,-0.00651407,4.70724,6.10701,0.277675,-0.0463066,2.99447,-0.00219996,0.0212286,0.0185335,
660,0.00121493,0.0411014,0.113502,-0.384375,-0.300177,0,0.384055,0,0.567961,0.986021,0.0411245,-0.0810289,-0.139662,0.554196,1.25321,-0.52813,-0.528192,-0.280044,-0.523363,0.194029,1.22237,1.46632,0.372509,0.554402,0.18707,0.350816,-1.83161,-0.614081,-1.17365,0.153707,-0.0434578,6.57008,0.00153379,0.0556165,-0.0119808,
661,0.000911073,0.0431727,-0.016485,-0.479495,-0.159908,0,-0.0187513,0,0.588883,0.97801,0.0431995,-0.076311,-0.189226,0.530113,1.12548,-0.5249,-0.530154,0.11041,-0.523514,0.197525,1.22203,1.25406,0.5271,0.172227,-0.200568,0.132382,-2.23171,-0.234505,-3.91404,0.0185398,-0.0367602,9.02752,-0.00258302,0.0809069,-0.00264282,
662,0.00049625,0.0362261,-0.0245928,-0.396214,0.00992387,0,-0.473467,0,0.587455,0.967477,0.0362419,-0.0756042,-0.238661,0.515631,0.846697,-0.52426,-0.531703,0.547159,-0.523579,0.202298,1.22201,1.21156,0.515498,-0.260901,-0.623736,-0.338935,-1.54432,-0.34661,-7.21047,0.00404151,-0.0243648,6.95978,-0.000693643,0.098932,-9.7659e-05,
663,0.000183319,0.0140419,-0.0233526,0.0469128,0.18194,0,-0.510118,0,0.562653,0.964745,0.0140428,-0.0853708,-0.248558,0.493399,0.47191,-0.522949,-0.532515,0.543272,-0.523689,0.205899,1.22198,1.55838,0.26256,-0.660872,-0.392459,-1.13634,0.126838,-0.531399,-2.23788,0.0570408,-0.0185754,-2.63886,0.0065115,0.056783,-0.000513801,
664,-2.22998e-05,0,-0.0191182,0.184013,0.225152,0,-0.346072,0,0.521989,0.964002,-0.00311301,-0.117063,-0.23872,0.463029,0.503636,-0.487452,-0.533393,0.322215,-0.523508,0.208265,1.22187,1.84089,-0.00765123,-0.752077,-1.53346,-1.08198,1.74516,-0.703389,1.22996,1.32553,-0.00097669,-6.08015,0.00261887,0.0271004,-0.000737079,
665,-8.27094e-05,0,-1.02716e-05,0.278856,-0.109774,0,-0.0920562,0,0.500865,0.97386,-0.0524375,-0.110023,-0.191683,0.425602,0.597198,-0.389549,-0.529679,-0.0291524,-0.523457,0.20896,1.22151,2.69264,-0.569295,0.0553127,0.380319,1.05245,0.704523,-0.738707,2.5323,2.43921,0.204818,-7.96307,-0.0012459,0.0233432,-0.0210202,
666,-0.000136416,0,0.237263,0.324831,-0.103756,0,0.356627,0,0.515344,0.983867,-0.039633,-0.0632874,-0.162572,0.389313,0.771738,-0.29835,-0.522008,-0.425529,-0.523524,0.209578,1.22063,3.00291,-0.831057,0.0707819,0.342811,1.88724,1.36644,-0.714101,4.43526,1.36122,-0.0191187,-8.053,-0.00198232,0.0107242,-0.0181111,
667,1.16604e-05,0,0.672383,-0.117071,-0.455602,0,0.493122,0,0.547396,0.98657,-0.0311784,-0.0612295,-0.148184,0.402463,1.04389,-0.24982,-0.524076,-0.559592,-0.52355,0.207874,1.22287,1.93746,0.271864,0.953813,1.78868,-1.29283,0.298202,1.23418,6.40045,0.576783,-0.0629577,1.16117,0.00121646,-0.0906891,-0.0171066,
668,0.000370851,0.00495033,0.311997,-0.314048,-0.23291,0,0.434516,0,0.581868,0.985131,0.00495037,-0.0963593,-0.142151,0.554052,1.25906,-0.303865,-0.527134,-0.413449,-0.523659,0.203741,1.22174,1.73779,0.335077,0.389553,1.28667,-0.81988,0.199039,1.17855,-0.0615854,-2.72664,-0.0593378,4.64741,-0.00745396,-0.076465,-0.0255941,
669,0.000643246,0.0295496,0.0136623,-0.438189,-0.08144,0,0.187641,0,0.590276,0.984142,0.0295583,-0.101524,-0.142419,0.537823,1.19286,-0.478928,-0.530219,-0.109187,-0.523408,0.200607,1.22102,1.53266,0.628566,0.0404917,0.526955,1.34874,-0.937106,-0.446345,-2.46407,-4.24991,-0.0656339,7.46909,0.0142438,-0.0380178,-0.00869575,
670,0.000739214,0.0459788,-0.0229578,-0.452071,-0.0667423,0,-0.206132,0,0.583652,0.980818,0.0460113,-0.0680502,-0.17677,0.519232,0.992316,-0.550362,-0.53316,0.289965,-0.523465,0.199503,1.22246,1.36927,0.885053,-0.0269786,-0.3559,0.317591,-1.77228,-0.302247,-5.52916,0.656918,-0.0476815,8.48492,-0.00391784,0.00262211,-0.00624747,
671,0.000758599,0.022164,-0.0245003,-0.0659954,-0.0119011,0,-0.518561,0,0.581445,0.975031,0.0221676,-0.070841,-0.209298,0.499921,0.639793,-0.528494,-0.534995,0.571284,-0.523853,0.19928,1.22212,1.34301,0.896079,-0.182627,-1.46647,-0.747695,-0.294697,-0.476479,-8.54716,0.188311,-0.0257976,-0.0691387,-0.0134188,-0.0268406,-0.00383978,
672,0.000917757,0,-0.0223637,0.0977137,0.135723,0,-0.49303,0,0.564173,0.97301,-0.0101201,-0.0956893,-0.209742,0.471878,0.482563,-0.521623,-0.536414,0.470266,-0.524054,0.197448,1.22193,1.46825,0.837276,-0.515784,-0.752399,-1.62331,0.421435,-0.643134,0.918381,0.0867159,-0.0296522,-3.87512,0.00412941,-0.0437981,-0.00199974,
673,0.0011094,0,-0.0155209,0.226364,0.312526,0,-0.296939,0,0.528131,0.971254,-0.0404872,-0.130732,-0.194773,0.436308,0.54525,-0.493024,-0.537741,0.191527,-0.523595,0.195243,1.22178,1.5638,0.701105,-0.919378,-0.922337,-1.59955,0.921111,-0.778673,1.58299,1.04871,-0.0230531,-7.24677,0.012802,-0.0438044,-0.00201653,
674,0.00134568,0,0.0394019,0.29532,-0.350663,0,0.078157,0,0.541838,0.97714,-0.0568168,-0.115123,-0.169459,0.397243,0.664348,-0.40782,-0.528712,-0.194104,-0.523383,0.192525,1.22172,2.92705,-0.142813,0.651187,-0.0234183,1.16194,0.768293,-0.789525,3.16898,2.57826,0.265484,-8.42721,-0.00426844,-0.0495565,-0.00177101,
675,0.00152821,0,0.662839,0.0514061,-0.0989783,0,0.463608,0,0.560557,0.983176,-0.0525622,-0.0863987,-0.152112,0.365572,0.873022,-0.345508,-0.522049,-0.570902,-0.523546,0.190424,1.22151,2.73218,0.0992612,0.070425,0.300058,1.18071,0.130033,-0.468154,5.16356,-0.0436863,-0.0268528,-2.75021,-0.0021975,-0.0261997,-0.0107246,
676,0.00157046,0,0.370237,-0.209592,-0.00965651,0,0.466069,0,0.553983,0.982792,-0.0276657,-0.0683117,-0.169376,0.464232,1.13387,-0.364052,-0.523857,-0.519982,-0.523513,0.189938,1.22085,2.62786,0.162672,-0.147735,2.33168,-0.0693793,-1.2558,4.37517,5.24487,-0.700097,-0.0521079,2.94008,0.00309742,-0.00468291,-0.0136141,
677,0.0015847,0.0289089,0.054375,-0.368361,-0.334487,0,0.370817,0,0.55632,0.975471,0.0289169,-0.0866885,-0.200262,0.54998,1.25245,-0.400449,-0.526669,-0.292348,-0.523449,0.189774,1.22139,1.72531,0.669147,0.579312,0.497779,-0.259612,-2.23675,-0.585769,-0.625812,-0.737316,-0.0481584,6.08097,0.0406387,0.0271289,0.047952,
678,0.00134158,0.0363649,-0.0123459,-0.461908,-0.215708,0,0.00996755,0,0.579817,0.961155,0.0363809,-0.0843487,-0.260275,0.527742,1.15423,-0.496632,-0.528886,0.069508,-0.523357,0.192572,1.22216,1.59508,0.878412,0.230837,-0.0944888,-0.0227356,-2.50459,-0.23962,-3.27959,-3.09746,-0.0373836,8.41174,-0.0069083,0.0674426,-0.00779907,
679,0.00096113,0.0336738,-0.0220808,-0.453036,-0.0427997,0,-0.420964,0,0.580271,0.941109,0.0336865,-0.0896869,-0.324246,0.51436,0.909619,-0.541046,-0.530379,0.481799,-0.52355,0.196949,1.22197,1.70921,0.880414,-0.228274,-0.349802,-0.659948,-2.64716,-0.299607,-6.47856,0.434586,-0.024556,8.07903,-0.00175436,0.104979,-0.000784624,
680,0.000611649,0.0120723,-0.0215228,-0.00387636,0.129197,0,-0.532185,0,0.55885,0.926112,0.0120729,-0.104163,-0.362383,0.494988,0.510574,-0.526836,-0.531085,0.566627,-0.523876,0.200971,1.22196,1.95786,0.583694,-0.653538,-0.866276,-1.07873,-0.857448,-0.469977,-7.73685,0.124007,-0.00934163,-1.98823,-0.0067744,0.0665558,-0.000572768,
681,0.000411092,0,-0.0174258,0.149812,0.048582,0,-0.447669,0,0.529888,0.922441,-0.0292233,-0.126818,-0.363545,0.467245,0.488675,-0.498296,-0.53129,0.375897,-0.522947,0.203278,1.22187,2.19316,0.191983,-0.472502,-2.50235,-1.25996,1.50908,-0.646692,1.2034,0.996087,0.0136351,-5.56598,-0.00260442,0.0241776,-0.00136803,
682,0.000313262,0,-0.00487118,0.281345,-0.444691,0,-0.192422,0,0.517374,0.932696,-0.0705584,-0.11935,-0.33295,0.433295,0.575382,-0.446078,-0.529367,0.0251366,-0.523366,0.204404,1.22148,2.51818,-1.19347,0.73838,-0.179672,1.7139,1.93102,-0.701756,2.26125,0.860781,0.152385,-8.20438,-0.0010697,0.0102915,-0.00674586,
683,0.000291402,0,0.0614614,0.36624,-0.249255,0,0.282388,0,0.545037,0.954874,-0.0668846,-0.0724216,-0.280175,0.397472,0.737195,-0.486109,-0.522155,-0.409001,-0.523522,0.204655,1.22112,2.40299,-1.22489,0.290421,-0.142109,1.70688,2.70241,-0.729323,4.19503,-2.41203,0.0289678,-9.1834,-0.00228906,0.00264415,-0.00938592,
684,0.000234361,0,0.174681,-0.0964342,-0.0882607,0,0.48342,0,0.547492,0.968298,-0.0396241,-0.0404197,-0.243299,0.374896,1.00754,-0.536685,-0.523696,-0.566227,-0.523564,0.205312,1.22015,2.4872,-0.66937,-0.0449929,3.33249,0.510639,1.09159,-0.156604,6.5182,0.267838,-0.0711838,1.15239,0.000525231,9.46838e-05,-0.030274,
685,0.000876333,0.00906853,0.0957059,-0.299544,-0.371066,0,0.449629,0,0.57633,0.968988,0.00906878,-0.0826642,-0.232696,0.406626,1.27243,-0.526442,-0.52665,-0.42167,-0.523621,0.197925,1.21421,1.56909,-0.350303,0.640522,1.53656,-1.6208,-0.265431,1.32002,0.991175,0.0985323,-0.0498997,4.59726,-0.00424542,-0.189643,-0.148084,
686,0.00157446,0.0370148,0.00516829,-0.439171,-0.316416,0,0.213794,0,0.600736,0.960221,0.0370317,-0.102554,-0.257074,0.488774,1.21601,-0.524775,-0.529337,-0.117876,-0.523257,0.189892,1.20818,1.56882,0.0251299,0.477204,0.573701,1.58467,-2.61443,1.96426,-2.31461,0.00615594,-0.0639747,7.47306,0.00884462,-0.118391,-0.10379,
687,0.00198873,0.0598988,-0.0196472,-0.457485,-0.283965,0,-0.1692,0,0.61608,0.945247,0.0599706,-0.067707,-0.313572,0.536643,1.02266,-0.524582,-0.532194,0.285232,-0.523443,0.185126,1.20997,1.4122,0.337755,0.34077,-0.142981,0.120079,-1.93271,-0.246886,-5.38787,0.00152968,-0.0447029,8.62946,-0.00429454,-0.0451318,0.197598,
688,0.00217576,0.0452853,-0.0228926,-0.0630956,-0.187266,0,-0.479878,0,0.626654,0.934069,0.0453163,-0.0694328,-0.347334,0.52026,0.676017,-0.524491,-0.53393,0.574321,-0.523726,0.182974,1.22502,1.46694,0.235139,0.0773361,-1.11149,-0.712661,-0.470563,-0.405199,-8.45314,0.000765156,-0.0237965,-0.0999184,-0.0120685,-0.0639819,0.0294449,
689,0.00246249,0.0173408,-0.020422,0.0948149,-0.0398626,0,-0.448282,0,0.621381,0.931446,0.0173426,-0.0878379,-0.352692,0.496013,0.467503,-0.524291,-0.53521,0.477188,-0.523955,0.179674,1.22289,1.56983,0.146905,-0.263314,-0.391289,-1.56256,0.1857,-0.562583,1.04814,0.00160018,-0.0285707,-3.65958,0.00548461,-0.0676639,-0.035895,
690,0.00273132,0,-0.013675,0.211531,0.156871,0,-0.252375,0,0.597289,0.93157,-0.00835011,-0.120265,-0.342992,0.464601,0.538031,-0.523933,-0.536516,0.217018,-0.523513,0.176581,1.22198,1.58454,0.00646352,-0.697463,-0.553255,-1.53134,0.769415,-0.692905,1.72554,0.00402763,-0.0235045,-6.72221,0.00507977,-0.0556261,-0.00606944,
691,0.00300277,0,0.00963072,0.263139,0.0953617,0,0.0165057,0,0.565316,0.942897,-0.0631015,-0.127727,-0.301079,0.427169,0.660176,-0.496883,-0.536973,-0.151356,-0.52348,0.173458,1.22178,1.846,-0.429269,-0.515434,-3.15547,-0.280715,3.52223,-0.807195,3.14289,1.06201,0.00903332,-7.97576,-0.00108338,-0.0749803,-0.00184126,
692,0.0032089,0,0.130046,0.194914,-0.20682,0,0.373445,0,0.557745,0.957699,-0.0806243,-0.100176,-0.257442,0.392248,0.862968,-0.439934,-0.532424,-0.531762,-0.523515,0.171086,1.22094,2.32295,-1.25952,0.21282,0.547982,1.87846,1.20718,-0.61316,4.94023,1.23029,0.153343,-5.97052,-0.000465507,-0.0263205,-0.0226275,
693,0.00323942,0,0.146632,-0.161348,-0.0406468,0,0.461688,0,0.555028,0.965462,-0.038997,-0.0677232,-0.248549,0.386902,1.13833,-0.415891,-0.525616,-0.539373,-0.523561,0.170735,1.2194,2.30178,-0.824217,-0.15741,3.36464,0.804003,0.367465,0.395495,5.99154,-0.275664,0.106726,1.94345,0.000211768,-0.0123867,-0.0383713,
694,0.00329003,0.0217982,0.0575313,-0.325243,-0.382189,0,0.419225,0,0.564094,0.964123,0.0218016,-0.0805535,-0.251998,0.434251,1.24628,-0.436479,-0.522997,-0.360007,-0.524008,0.170152,1.22185,1.25792,-0.0738201,0.650268,0.671221,-0.895582,-1.18313,1.47796,-0.586218,-0.541504,-0.0093559,5.2139,-0.0212286,-0.0198946,0.16449,
695,0.00330155,0.0309769,-0.00498504,-0.453759,-0.261525,0,0.105881,0,0.585522,0.953119,0.0309868,-0.0989944,-0.28426,0.516727,1.15795,-0.531974,-0.523583,-0.0299093,-0.524861,0.17002,1.2225,1.11175,0.228768,0.315752,-0.0761622,0.748332,-2.29641,1.82426,-2.93435,-2.58365,-0.0167539,7.91175,0.0194433,0.0340502,-0.021461,
696,0.00301506,0.0369629,-0.0205808,-0.455425,-0.14915,0,-0.313361,0,0.591326,0.935968,0.0369798,-0.0826809,-0.340236,0.530173,0.931756,-0.537136,-0.52423,0.375376,-0.523562,0.173316,1.22199,1.17028,0.401742,-0.00348016,-0.249539,-0.338704,-1.91048,-0.200912,-6.0823,0.393894,-0.00708558,8.27927,0.0302043,0.11952,-0.00202492,
697,0.00252234,0.018802,-0.0222312,-0.0494926,0.0238621,0,-0.521107,0,0.581998,0.92539,0.0188042,-0.0919918,-0.367202,0.516042,0.551627,-0.526199,-0.52415,0.567197,-0.523471,0.178986,1.22199,1.3368,0.155081,-0.420687,-0.92612,-0.801245,-0.266029,-0.364854,-9.09873,0.0858647,0.00888946,-0.824117,-0.0067099,0.104094,-0.000488711,
698,0.00210312,0,-0.0194195,0.102832,0.159504,0,-0.444678,0,0.555113,0.922046,-0.00165707,-0.124216,-0.366604,0.493917,0.488513,-0.517762,-0.524033,0.432043,-0.52358,0.183809,1.22189,1.41666,0.0523335,-0.727129,-0.145373,-1.71697,0.389678,-0.518869,1.0136,0.246983,0.00198302,-4.55022,-0.000517071,0.0953952,-0.00129871,
699,0.00179112,0,-0.0113949,0.226498,0.109934,0,-0.296852,0,0.528661,0.935241,-0.0657101,-0.134245,-0.320914,0.463341,0.555669,-0.478975,-0.523375,0.136953,-0.523523,0.187399,1.22179,1.71385,-0.3916,-0.568274,-2.71806,-1.11089,3.11278,-0.681159,1.67945,1.31979,-0.00104448,-7.32031,-0.00100553,0.0599278,-0.00260837,
700,0.0014867,0,0.0262656,0.31595,-0.321716,0,0.116271,0,0.545761,0.951483,-0.0712846,-0.107705,-0.279282,0.431185,0.680665,-0.415085,-0.523385,-0.260425,-0.523488,0.190902,1.22103,2.40061,-1.26611,0.46822,0.498801,1.36234,1.50786,-0.649232,3.2854,1.50004,-0.00494938,-8.73791,-0.00215435,0.0760751,-0.017598,
701,0.00112347,0,0.175163,-0.0672854,-0.0482502,0,0.478465,0,0.55442,0.963936,-0.0498457,-0.078726,-0.24929,0.404241,0.898871,-0.399744,-0.523758,-0.582434,-0.523584,0.195081,1.21995,2.31578,-0.866502,-0.141078,0.961516,1.32648,0.404353,-0.418539,5.42714,-0.846831,-0.0144544,-0.199729,-0.0023414,0.099045,-0.0296277,
702,0.000720985,0,0.116102,-0.233993,-0.228885,0,0.4684,0,0.540512,0.967251,-0.0113465,-0.0596478,-0.246454,0.417077,1.15035,-0.449293,-0.524759,-0.487445,-0.52358,0.199713,1.21811,1.66812,-0.464302,0.275722,1.8938,-0.471911,-0.142072,1.02731,4.54792,-1.14608,-0.0311443,3.62988,0.00566384,-0.00793407,-0.0755673,
703,0.000956589,0.0115027,0.0207349,-0.407971,-0.24648,0,0.26755,0,0.563778,0.961595,0.0115032,-0.0969206,-0.256532,0.491221,1.24814,-0.538834,-0.526053,-0.225038,-0.523585,0.197002,1.21412,1.26035,-0.122326,0.307438,0.851208,-0.687886,-1.33492,1.88781,-0.592835,-0.898572,-0.0275064,6.81822,0.000710446,-0.0366484,-0.0826688,
704,0.000982414,0.0309032,-0.0158247,-0.45569,-0.202563,0,-0.0945144,0,0.575248,0.946932,0.0309131,-0.0799423,-0.309796,0.537328,1.14407,-0.532169,-0.527677,0.153164,-0.523564,0.196704,1.21161,1.2172,0.237617,0.150512,0.11408,0.334037,-2.09616,-0.268462,-3.53464,0.258087,-0.0280214,8.34053,-0.00023869,0.0307042,0.0115421,
705,0.000757646,0.0264036,-0.0226571,-0.363208,-0.0934021,0,-0.487482,0,0.577559,0.932103,0.0264097,-0.0850468,-0.351074,0.520735,0.888268,-0.525434,-0.528707,0.542524,-0.523587,0.199291,1.2196,1.12977,0.353487,-0.141149,-0.519755,-0.673311,-1.31217,-0.385623,-6.67384,0.0497862,-0.0136447,5.99362,-0.00146866,0.0534663,0.294422,
706,0.000624986,0,-0.0213087,0.0297578,0.0982096,0,-0.529349,0,0.560119,0.927725,-0.00033207,-0.0982393,-0.360105,0.497038,0.4962,-0.524144,-0.528966,0.536231,-0.523885,0.200817,1.22376,1.35304,0.0853367,-0.580903,-0.886807,-0.982118,0.131715,-0.554249,-7.30722,0.0081121,-0.00272948,-2.54874,-0.00529864,0.0224403,-0.052079,
707,0.000585812,0,-0.0164505,0.173374,0.083658,0,-0.391617,0,0.527642,0.928494,-0.0280429,-0.129523,-0.346896,0.465709,0.486967,-0.506251,-0.529239,0.316414,-0.52346,0.201268,1.22148,1.57436,-0.245588,-0.534812,-1.77816,-1.35636,2.16346,-0.72056,1.39421,0.671925,0.0118853,-6.10848,0.00664453,-0.0144342,-0.0301167,
708,0.000701113,0,-0.000186136,0.284888,-0.280997,0,-0.128237,0,0.524114,0.94557,-0.0741922,-0.119164,-0.293587,0.42817,0.586911,-0.468494,-0.522686,-0.0427694,-0.523412,0.199941,1.21998,2.283,-0.882153,0.35353,0.122631,0.86039,1.602,-0.750532,2.6125,0.787059,0.224124,-8.27838,-0.00287012,-0.0223773,-0.0395925,
709,0.000821058,0,0.108852,0.334459,-0.193264,0,0.345997,0,0.538364,0.964022,-0.0638768,-0.0840568,-0.24396,0.390749,0.766524,-0.483272,-0.522421,-0.466851,-0.523523,0.198561,1.21789,2.33246,-1.06905,0.194657,0.204458,1.78418,2.69991,-0.745289,4.5535,-1.35989,-0.041923,-8.68376,-0.00167378,-0.0320462,-0.0425248,
710,0.000901677,0,0.273096,-0.137453,-0.019752,0,0.501645,0,0.535255,0.976602,-0.0302865,-0.0520596,-0.206449,0.375427,1.04831,-0.534017,-0.525265,-0.567985,-0.523574,0.197633,1.2153,2.43232,-0.518273,-0.162179,3.54299,0.349101,0.931821,0.129451,6.6101,0.102329,-0.088196,1.76104,0.000848143,-0.0275488,-0.0590071,
711,0.00160338,0.0205438,0.108822,-0.337404,-0.299787,0,0.444275,0,0.558522,0.974577,0.0205467,-0.0937608,-0.202453,0.438855,1.26331,-0.52591,-0.529002,-0.390779,-0.523442,0.18956,1.20806,1.70337,-0.138699,0.49065,1.61324,0.0550781,-1.32412,2.27508,-0.175667,0.130308,-0.0778709,5.22646,0.0288432,-0.146562,-0.166135,
712,0.00207088,0.0509677,-0.00334859,-0.447192,-0.365598,0,0.182606,0,0.587515,0.963102,0.0510119,-0.0808086,-0.251598,0.539289,1.18879,-0.524389,-0.532871,-0.0580902,-0.523399,0.18418,1.20473,1.4219,0.448775,0.607443,0.294269,-0.00254066,-2.13756,0.183509,-2.70148,-0.00337528,-0.0679646,8.10792,-0.00556754,-0.0801962,0.0387685,
713,0.00233286,0.0546768,-0.0212958,-0.485304,-0.185938,0,-0.269833,0,0.606162,0.948311,0.0547314,-0.0842162,-0.301029,0.527648,0.974998,-0.524627,-0.53591,0.370362,-0.523556,0.181166,1.21524,1.32733,0.466087,0.120559,-0.165977,-0.471887,-1.99835,-0.295149,-5.82448,-0.0021541,-0.0539085,9.02302,-0.00131713,-0.0405046,0.381009,
714,0.00254258,0.0406569,-0.0226567,-0.0399395,0.0203322,0,-0.491177,0,0.599962,0.938518,0.0406793,-0.0945057,-0.329542,0.50886,0.601922,-0.524325,-0.53812,0.577776,-0.523719,0.178753,1.22498,1.57521,0.128314,-0.375113,-0.768192,-0.748849,-0.233794,-0.458137,-9.07147,0.00380977,-0.0356207,-1.06738,-0.0068757,-0.0575387,-0.0626872,
715,0.00280212,0.0236142,-0.0195806,0.10279,0.127527,0,-0.399212,0,0.57425,0.935776,0.0236186,-0.123921,-0.329256,0.482103,0.478147,-0.520544,-0.540103,0.436219,-0.523534,0.175767,1.2225,1.68029,0.00283516,-0.616606,-0.326785,-1.53092,0.620814,-0.615951,1.16895,0.137935,-0.0369134,-4.54346,0.00498531,-0.0605586,-0.0241085,
716,0.00310824,0,-0.0115423,0.216366,0.130221,0,-0.245788,0,0.550197,0.948276,-0.0373514,-0.131186,-0.286649,0.4471,0.552919,-0.492492,-0.540895,0.147969,-0.523492,0.172244,1.22195,1.91606,-0.342744,-0.580138,-2.52782,-0.85995,2.72543,-0.763487,1.83036,0.999073,-0.0060848,-7.04378,-0.00225537,-0.0714468,-0.00323445,
717,0.00335542,0,0.0297266,0.278642,-0.365068,0,0.0923122,0,0.538599,0.961539,-0.0693862,-0.114628,-0.239769,0.409393,0.68261,-0.429849,-0.537191,-0.23425,-0.523486,0.1694,1.22132,2.72832,-1.36324,0.617901,0.318313,2.12799,1.8147,-0.740034,3.34616,1.32256,0.215789,-8.05059,0.00185587,-0.0480014,-0.0161023,
718,0.00349706,0,0.312283,0.0150306,-0.0938398,0,0.466513,0,0.554856,0.976472,-0.052453,-0.0643569,-0.199023,0.378405,0.8969,-0.431248,-0.526714,-0.574045,-0.523559,0.16777,1.22036,2.60803,-1.05257,0.011891,0.619593,2.06337,1.09339,-0.48955,5.21182,-1.33671,0.198731,-1.57718,-0.00263546,-0.00873218,-0.0266815,
719,0.00366946,0,0.277682,-0.198773,-0.456437,0,0.495951,0,0.562424,0.98171,-0.00636597,-0.0494957,-0.183725,0.414298,1.14883,-0.512577,-0.522224,-0.509404,-0.52351,0.165787,1.21868,1.70661,-0.412274,0.920635,1.32563,-1.12746,-0.0703039,1.97363,4.83647,-1.92289,-0.0278527,3.08552,-0.00402826,-0.147276,-0.019661,
720,0.00418134,0.0185279,0.046266,-0.38109,-0.259386,0,0.325929,0,0.595563,0.976581,0.01853,-0.0793435,-0.199123,0.542072,1.25389,-0.535494,-0.523652,-0.268217,-0.523684,0.159897,1.21768,1.65484,-0.308382,0.395744,1.00065,-0.756305,-1.01689,0.872285,-0.70524,0.281232,-0.0281322,6.52596,-0.00407868,-0.0927938,-0.0227501,
721,0.00448724,0.039472,-0.0151115,-0.477464,-0.0366644,0,-0.0264116,0,0.601967,0.96878,0.0394926,-0.0969683,-0.224729,0.532568,1.14957,-0.526409,-0.525011,0.109386,-0.523754,0.156377,1.21983,1.4921,-0.248037,-0.142528,0.748814,-0.416513,-1.28743,-0.295752,-3.4455,0.0795316,-0.0255813,8.56296,0.00244671,-0.0470464,0.108526,
722,0.00459646,0.0529906,-0.0235879,-0.453652,0.0507532,0,-0.419441,0,0.582024,0.960375,0.0530403,-0.10038,-0.25454,0.515402,0.893778,-0.524161,-0.526116,0.521922,-0.523535,0.15512,1.22271,1.34598,-0.118038,-0.368375,-0.762357,1.21204,-1.78447,-0.387002,-6.77103,0.017621,-0.0181388,7.88139,0.00416686,0.0254893,-0.0185947,
723,0.00458482,0.010754,-0.0222967,0.0235514,0.0308068,0,-0.521187,0,0.572534,0.956766,0.0107544,-0.0896463,-0.276489,0.491519,0.480508,-0.515397,-0.526131,0.549908,-0.524024,0.155254,1.22213,1.3535,-0.0246866,-0.345548,-2.02422,-0.368532,-0.340017,-0.558147,-7.84524,0.347407,0.00429378,-2.25206,-0.0109232,0.00256975,-0.00518337,
724,0.00456411,0,-0.017848,0.186765,0.16303,0,-0.421494,0,0.549773,0.953822,-0.0298548,-0.105589,-0.279613,0.460024,0.480749,-0.492978,-0.526202,0.345122,-0.523773,0.155493,1.22188,1.42312,-0.124831,-0.648249,-1.34242,-1.20308,0.328805,-0.70083,1.69751,0.543744,-0.000318567,-5.90801,0.0118321,0.013721,-0.00274942,
725,0.00444054,0,-0.0010787,0.296884,0.00682909,0,-0.118868,0,0.512533,0.953139,-0.0594463,-0.118749,-0.271827,0.422772,0.597968,-0.438102,-0.525614,-0.0195845,-0.5235,0.156914,1.22158,1.62427,-0.85196,-0.287131,0.436258,0.689029,0.513004,-0.778086,2.9915,1.49719,0.0827847,-8.53448,0.00154213,0.0395318,-0.0127764,
726,0.00431084,0,0.104952,0.34925,-0.252485,0,0.351752,0,0.537136,0.969171,-0.048126,-0.0612621,-0.23375,0.384333,0.798102,-0.379674,-0.52242,-0.438797,-0.523492,0.158407,1.22147,2.31893,-1.53567,0.344571,0.000395647,2.38028,1.84762,-0.758528,5.00034,1.12632,-0.0278632,-8.56871,-0.00263147,0.0439803,-0.0020721,
727,0.00439838,0,0.261046,-0.119216,-0.603585,0,0.53374,0,0.565548,0.9764,-0.0130272,-0.044327,-0.210972,0.371388,1.09932,-0.368989,-0.524714,-0.570667,-0.523559,0.1574,1.2189,1.27198,-0.764063,1.35495,1.86302,-1.50796,0.0119142,0.316714,6.95492,-0.694585,-0.0544447,1.5401,-0.00158963,-0.184754,-0.141847,
728,0.00508119,0.0173948,0.104449,-0.331306,-0.416274,0,0.445408,0,0.619021,0.973821,0.0173966,-0.0830366,-0.210889,0.434419,1.26399,-0.512129,-0.52728,-0.398872,-0.523803,0.149543,1.21192,1.05479,-0.674803,0.782262,1.13568,-1.01459,-0.224458,2.18891,-0.794612,-4.99557,-0.0472845,5.3016,-0.00739693,-0.128916,-0.137689,
729,0.0054751,0.0411919,-0.00298033,-0.479226,-0.228299,0,0.160064,0,0.646404,0.963492,0.0412152,-0.113101,-0.239152,0.545782,1.16447,-0.545241,-0.529636,-0.0580894,-0.523873,0.14501,1.20838,1.11808,-0.573624,0.28164,1.01342,-0.859627,-1.58356,0.535305,-3.1672,0.591576,-0.0468425,8.28662,0.00162657,-0.0617384,-0.00802795,
730,0.0056373,0.0611895,-0.0217987,-0.521402,0.0151185,0,-0.26032,0,0.645872,0.950642,0.061266,-0.132251,-0.273926,0.530799,0.922008,-0.527875,-0.531808,0.375155,-0.523667,0.143144,1.21544,0.976273,-0.568168,-0.307809,0.610587,-0.490638,-1.51178,-0.435733,-6.50425,0.142202,-0.0395695,9.03795,0.00689868,-0.012706,0.288498,
731,0.00560338,0.0605128,-0.0226812,-0.0538912,0.108761,0,-0.456758,0,0.626132,0.945165,0.0605868,-0.112644,-0.300507,0.505302,0.508444,-0.51885,-0.533405,0.580319,-0.523529,0.143534,1.2249,1.22618,-0.786856,-0.545206,-0.77309,0.962421,-0.394454,-0.585488,-8.16387,0.214962,-0.0266969,-1.14767,-0.00195673,0.0146341,-0.0568143,
732,0.00552044,0.0572214,-0.0194842,0.107805,0.1527,0,-0.335515,0,0.594251,0.945863,0.057284,-0.106203,-0.301301,0.472432,0.485866,-0.488818,-0.534956,0.441802,-0.523559,0.144489,1.22254,1.47696,-0.996239,-0.646196,-0.935169,0.0781729,1.03112,-0.744354,1.20735,0.960832,-0.019878,-4.29088,0.00112421,0.0173578,-0.0232387,
733,0.00541474,0.0180824,-0.0120624,0.221635,0.299359,0,-0.147127,0,0.556429,0.959299,0.0180844,-0.09541,-0.265169,0.43205,0.564212,-0.415004,-0.535506,0.174117,-0.523562,0.145705,1.22207,1.65141,-1.15442,-0.957218,-1.66581,0.0221655,1.91512,-0.861437,1.92435,1.99226,-0.00658592,-6.43902,-0.000745967,0.0379911,-0.00152407,
734,0.00518968,0,0.02019,0.26074,0.290603,0,0.0948188,0,0.50382,0.969885,-0.0366572,-0.0874158,-0.224361,0.388006,0.698569,-0.263642,-0.535536,-0.165853,-0.523577,0.148295,1.22197,1.59087,-0.8679,-0.894917,-2.24118,-0.3119,1.42578,-0.889195,3.44289,3.98989,0.0386282,-7.11757,0.000306474,0.0638849,-0.00187453,
735,0.00476555,0,0.115844,0.220039,-0.395024,0,0.411264,0,0.509912,0.965845,-0.0394263,-0.0638919,-0.248006,0.35118,0.915826,-0.0340914,-0.52491,-0.483508,-0.523653,0.153175,1.22234,1.6879,-0.125281,0.68814,-0.452141,0.33656,-2.16945,-0.629033,5.21463,5.45259,0.284559,-5.77815,-0.00223526,0.120724,-0.00406168,
736,0.00428559,0,0.10149,-0.150751,-0.371375,0,0.528729,0,0.541653,0.951165,-0.00510335,-0.0786202,-0.29846,0.345006,1.20739,0.16089,-0.522601,-0.547188,-0.523508,0.158697,1.22069,1.34214,0.272565,0.575562,1.29134,-0.644756,-2.51984,0.338347,6.46823,2.37274,-0.0275043,1.50774,-0.00173118,0.095662,-0.064026,
737,0.00373386,0.0121701,0.0350697,-0.333858,-0.277875,0,0.416866,0,0.558318,0.928454,0.0121707,-0.0912193,-0.359868,0.380009,1.2461,0.209456,-0.523802,-0.378208,-0.523397,0.165046,1.21733,1.29169,0.43992,0.279659,0.0333941,-0.184452,-2.604,1.05302,-1.07979,-0.406917,-0.0230379,5.19651,0.0318105,0.184071,-0.0826121,
738,0.0027694,0.0113223,-0.000965364,-0.446542,-0.163471,0,0.0822987,0,0.565661,0.90208,0.0113228,-0.0901713,-0.421891,0.437745,1.13219,0.139524,-0.524839,-0.0507052,-0.523382,0.176143,1.21476,1.28133,0.646243,-0.0522388,-0.418127,-0.418244,-2.57442,1.25392,-3.45503,-2.38067,-0.0126867,7.90512,-0.00621839,0.250282,-0.0217305,
739,0.00162072,0,-0.0163965,-0.4589,0.0363885,0,-0.371121,0,0.550277,0.873989,-0.0025574,-0.0959205,-0.476377,0.49858,0.881806,-0.00657344,-0.525074,0.349612,-0.523636,0.18936,1.21534,1.2157,0.723268,-0.557959,-0.755918,-0.835211,-2.15737,1.17933,-6.53384,-3.455,0.00476517,8.10412,-0.00316063,0.281246,0.0419103,
740,0.000454226,0,-0.0208913,-0.0774951,0.226018,0,-0.599508,0,0.509613,0.85314,-0.0320225,-0.104475,-0.510109,0.530878,0.478989,-0.169525,-0.524363,0.561758,-0.523901,0.202782,1.21748,1.35743,0.446752,-1.02551,-1.07372,-1.18722,-0.609979,-0.107363,-7.68249,-3.06787,0.0213969,-0.505945,-0.00548104,0.24889,0.0457345,
741,-0.000493235,0,-0.0188435,0.124844,-0.21058,0,-0.545564,0,0.480592,0.859372,-0.0575704,-0.10282,-0.497588,0.520236,0.479682,-0.280625,-0.523258,0.433362,-0.52309,0.213684,1.21999,1.28974,-0.686926,-0.0185147,-0.322579,1.29757,1.7995,-0.295693,1.51517,-1.43447,0.00132683,-4.57178,-0.00774505,0.19357,0.0483771,
742,-0.000957953,0,-0.011019,0.336331,-0.468346,0,-0.255764,0,0.495686,0.883537,-0.0587056,-0.0608995,-0.46066,0.502163,0.576488,-0.386551,-0.523316,0.11154,-0.524426,0.219031,1.21885,0.554031,-0.493966,0.677647,-1.30727,1.38251,1.73113,-0.422644,2.34737,-2.78462,-0.00379506,-8.26613,-0.044838,0.00722642,-0.103656,
743,-0.00095418,0,0.0178989,0.432773,-0.344622,0,0.201303,0,0.518779,0.904511,-0.0705339,-0.0173942,-0.420217,0.479004,0.751976,-0.559679,-0.523638,-0.338348,-0.526119,0.218987,1.21375,0.638137,-0.508597,0.385031,0.751399,0.0737867,1.53388,-0.508229,4.53793,-0.771551,-0.0282447,-9.69184,0.00596855,-0.0154375,-0.0992112,
744,-0.000822619,0,0.0538229,-0.104255,-0.239839,0,0.510097,0,0.531711,0.90969,-0.0282177,-0.0637539,-0.409394,0.458101,1.04775,-0.537823,-0.526093,-0.573866,-0.524619,0.217473,1.20816,0.750056,0.0280282,0.138757,2.24086,-1.57656,-0.9062,-0.313493,7.34264,0.453301,-0.0490156,0.849266,0.0315839,-0.0542584,-0.135796,
745,-0.00079689,0,0.0289677,-0.290841,-0.385513,0,0.44058,0,0.542913,0.89525,-0.00507474,-0.0863809,-0.437082,0.452595,1.25652,-0.526325,-0.528355,-0.441941,-0.522991,0.217177,1.1989,1.07435,0.354507,0.473919,-0.107193,0.201953,-1.92859,0.0968395,-0.356713,0.0831833,-0.0409363,4.3309,-0.00677543,0.076834,-0.261286,
746,-0.00117199,0,0.00193445,-0.413434,-0.239413,0,0.159593,0,0.555967,0.8704,-0.00199574,-0.080083,-0.485785,0.462766,1.18499,-0.524849,-0.530333,-0.150995,-0.523456,0.221493,1.18573,1.14135,0.514846,0.0613538,-0.236391,-0.154087,-2.26195,0.307639,-2.46829,0.00608531,-0.0358945,7.28626,-0.00621376,0.102248,-0.268773,
747,-0.00163808,0,-0.0126152,-0.446989,-0.0504423,0,-0.269519,0,0.546676,0.841419,-0.00856267,-0.0821359,-0.534036,0.478172,0.98882,-0.524441,-0.531924,0.233324,-0.523629,0.226856,1.17242,1.13406,0.59316,-0.4209,-0.447548,-0.605509,-2.08301,0.307919,-5.35299,0.00427829,-0.0270054,8.0764,0.000807994,0.119188,-0.263907,
748,-0.0021376,0,-0.0185025,-0.195002,0.153932,0,-0.594871,0,0.512454,0.816096,-0.0285602,-0.0908544,-0.570014,0.490676,0.645818,-0.523985,-0.532979,0.562669,-0.523593,0.232604,1.15961,1.1584,0.350321,-0.917737,-0.841679,-1.16412,-0.830019,0.184303,-8.34098,0.00399245,-0.0123768,2.18469,-0.00194826,0.0986413,-0.240753,
749,-0.00242963,0,-0.017983,0.056499,-0.0052938,0,-0.618181,0,0.46459,0.811378,-0.0715581,-0.108264,-0.569933,0.495478,0.485294,-0.496646,-0.533355,0.503395,-0.52333,0.235964,1.14836,1.23338,-0.288779,-0.55807,-1.81556,-1.21681,1.28244,0.00954545,0.815135,0.992688,0.0487327,-3.28962,0.00536482,0.0323933,-0.204681,
750,-0.00247446,0,-0.0136113,0.267536,-0.456089,0,-0.428953,0,0.489487,0.828732,-0.0803474,-0.0874564,-0.546899,0.494559,0.536947,-0.467038,-0.522314,0.244344,-0.523393,0.23648,1.13848,1.2833,-1.48553,0.556475,-0.0584332,0.803257,1.34539,-0.0760692,1.22539,0.46284,0.106891,-7.26578,-0.00554584,-0.00538154,-0.192773,
751,-0.00237405,0,0.00224018,0.406266,-0.25657,0,0.0392125,0,0.505644,0.855601,-0.0707473,-0.0670075,-0.508382,0.487512,0.645773,-0.527409,-0.522822,-0.188582,-0.523555,0.235324,1.129,1.0975,-1.49184,0.0797266,0.162351,0.813154,2.31493,-0.199437,3.11112,-2.25992,-0.0318263,-10.0253,-0.00125774,-0.0381235,-0.185645,
752,-0.00221983,0,0.0391166,-0.016434,-0.0122068,0,0.459664,0,0.496621,0.876932,-0.0560467,-0.0538504,-0.474287,0.479086,0.872062,-0.534471,-0.52458,-0.573863,-0.523586,0.23355,1.11975,1.34288,-1.12293,-0.446931,1.24274,0.55667,0.471241,-0.12508,5.8947,0.308348,-0.0503932,-0.733866,-0.00025001,-0.0312745,-0.191122,
753,-0.00142963,0,0.0282958,-0.229928,-0.602807,0,0.484019,0,0.528901,0.872614,-0.00682886,-0.0739323,-0.482734,0.483688,1.13921,-0.520836,-0.528701,-0.496094,-0.523404,0.224458,1.10395,0.753937,-0.283338,1.08045,1.6206,-0.214367,-1.3008,0.292206,5.00855,0.235184,-0.0833959,3.25957,-0.00349184,-0.272591,-0.390171,
754,-0.000284994,0.0259794,0.00506545,-0.394372,-0.45043,0,0.322938,0,0.570135,0.852366,0.0259853,-0.0916068,-0.514204,0.503178,1.25053,-0.529301,-0.532667,-0.249066,-0.523647,0.211287,1.08477,0.735173,-0.16273,0.573208,1.17423,0.133211,-1.98258,0.488719,-0.606255,0.0902294,-0.0756261,6.59719,-0.00472335,-0.252058,-0.376813,
755,0.00050506,0.045983,-0.0118362,-0.473849,-0.51652,0,-0.0315656,0,0.598949,0.823137,0.0460155,-0.0988783,-0.557271,0.526671,1.14873,-0.52581,-0.536228,0.128178,-0.523166,0.202197,1.0699,1.08997,0.20421,0.723634,0.0386671,-0.084753,-2.34317,0.183059,-3.4421,0.0337286,-0.0673547,8.43057,0.00398634,-0.0789176,-0.231833,
756,0.000829457,0.049211,-0.0190217,-0.390718,-0.332225,0,-0.437279,0,0.62135,0.791047,0.0492508,-0.0935042,-0.602558,0.524671,0.893854,-0.525185,-0.539331,0.533646,-0.523459,0.198464,1.06694,1.01004,0.130726,0.171314,-0.339843,0.109898,-1.89729,-0.110593,-6.72548,0.00265038,-0.0554513,6.4722,-0.00648237,-0.0763035,0.112536,
757,0.00125239,0.0385697,-0.0184029,0.0276841,-0.123725,0,-0.462609,0,0.61651,0.779267,0.0385889,-0.0847801,-0.61973,0.51518,0.49421,-0.52475,-0.541626,0.539558,-0.523922,0.193598,1.08184,1.04022,-0.273453,-0.341038,-0.635392,-0.169113,-0.378998,-0.260332,-7.50092,0.00598262,-0.0422959,-2.23858,-0.0086169,-0.103214,0.475387,
758,0.00173064,0.0254383,-0.0146147,0.170709,0.026362,0,-0.308989,0,0.59305,0.776195,0.0254438,-0.100622,-0.621891,0.498914,0.485754,-0.524195,-0.543991,0.346044,-0.523639,0.188095,1.11228,1.00061,-0.391413,-0.680981,0.0543874,-1.00236,0.216,-0.38988,1.46276,0.0051562,-0.0458082,-5.47413,0.0113734,-0.11002,0.739053,
759,0.00226997,0,-0.00618455,0.266309,0.0473449,0,-0.0623817,0,0.562847,0.799772,-0.0130712,-0.0893367,-0.593475,0.475827,0.587457,-0.520877,-0.5454,0.0286828,-0.523493,0.18189,1.15362,0.956944,-0.831084,-0.699653,-2.00624,-0.270415,2.31758,-0.516054,2.60538,0.144357,-0.0192616,-7.27659,-0.00206565,-0.127,0.905039,
760,0.0027783,0,0.0122805,0.295026,0.255885,0,0.219527,0,0.51704,0.830919,-0.0621357,-0.062538,-0.549364,0.449653,0.763204,-0.505295,-0.546305,-0.337582,-0.523566,0.176041,1.19766,0.98641,-0.782771,-1.13583,-2.07081,-0.140629,2.37052,-0.530495,4.40925,0.475963,-0.0169597,-7.37279,-0.00071409,-0.10713,0.856841,
761,0.00340858,0,0.0350431,-0.0739681,-0.688033,0,0.465891,0,0.514579,0.848449,-0.0508427,-0.0617497,-0.523199,0.424611,1.01961,-0.441707,-0.54652,-0.569842,-0.523308,0.168788,1.22745,0.54378,-0.708807,1.36866,1.91396,-0.859828,0.0311056,-0.37547,5.72281,2.14152,-0.0153276,0.273017,-0.00100445,-0.280389,-0.0198725,
762,0.00452746,0,0.026237,-0.264835,-0.550667,0,0.441316,0,0.570812,0.848824,-0.0181877,-0.0940584,-0.519923,0.412391,1.25929,-0.46179,-0.547362,-0.4711,-0.523548,0.155914,1.2225,0.501891,-0.464218,0.868003,1.42777,0.139331,-0.136679,-0.114434,1.06808,-2.90465,-0.0156851,3.60925,-0.00860874,-0.231102,-0.109975,
763,0.00539369,0.0149807,0.00766404,-0.406941,-0.390052,0,0.264381,0,0.601945,0.841389,0.0149818,-0.10461,-0.529997,0.411976,1.21731,-0.554539,-0.548067,-0.214415,-0.523882,0.145947,1.21704,0.588114,-0.424322,0.392978,1.25148,0.410923,-1.3227,0.101395,-1.89056,0.560904,-0.0142236,6.63977,-0.00217907,-0.166191,-0.108362,
764,0.00596489,0.0421441,-0.00685523,-0.474696,-0.306878,0,-0.0727384,0,0.612513,0.822709,0.0421691,-0.110593,-0.556004,0.418417,1.05047,-0.53101,-0.548568,0.157496,-0.523755,0.139375,1.21469,0.563798,-0.135499,0.1546,0.449125,-0.470714,-1.24421,0.153843,-4.75618,0.236143,-0.00192859,8.21849,0.00930858,-0.0852874,0.0335036,
765,0.00575212,0.0294779,-0.0139063,-0.371453,-0.353833,0,-0.477341,0,0.635346,0.800718,0.0294864,-0.0991008,-0.590051,0.424833,0.731217,-0.525405,-0.548457,0.537126,-0.523024,0.141823,1.22288,0.826845,0.051935,0.238706,-1.09882,0.0589893,-1.28131,0.0967041,-7.98438,0.0373465,0.0068756,5.90576,-0.015727,0.0777818,0.246028,
766,0.00544213,0.00496173,-0.0138893,0.0278045,-0.211846,0,-0.519409,0,0.637407,0.796151,0.00496177,-0.0933013,-0.597841,0.426206,0.475409,-0.524714,-0.547973,0.535173,-0.523592,0.14539,1.22313,0.871369,-0.29939,-0.115797,-0.494426,-1.02841,0.136574,-0.0309436,0.498427,0.00331853,0.00632847,-2.41079,-0.00172765,0.0759815,-0.0409462,
767,0.00506281,0,-0.010477,0.191638,-0.0127647,0,-0.387819,0,0.620498,0.800132,-0.0230941,-0.107366,-0.589684,0.421896,0.521319,-0.524368,-0.547576,0.323024,-0.523587,0.149754,1.22198,0.826188,-0.459512,-0.561077,-0.600893,-1.12439,0.791748,-0.140655,1.02512,0.00343929,0.0100251,-6.04552,0.000108842,0.099186,-0.00882397,
768,0.00458659,0,-0.000549663,0.294442,0.0561334,0,-0.0894752,0,0.58327,0.813193,-0.0572469,-0.116349,-0.567365,0.412794,0.606295,-0.523869,-0.546945,-0.0419132,-0.523572,0.155234,1.22165,0.734258,-0.781275,-0.693291,-1.92519,-0.529093,2.5829,-0.244303,2.34956,0.00438758,0.0266272,-8.43237,0.00246174,0.104526,0.00322687,
769,0.00412671,0,0.0273637,0.333451,-0.00780507,0,0.233321,0,0.550286,0.851145,-0.115067,-0.0773782,-0.506284,0.400484,0.774313,-0.515977,-0.544574,-0.465175,-0.523549,0.160525,1.22167,0.715299,-1.26001,-0.488793,-0.12134,0.544741,1.80149,-0.192926,4.38806,0.175965,0.112211,-8.52797,-0.000392038,0.132956,-0.0167342,
770,0.00340802,0,0.0392809,-0.140604,-0.0284116,0,0.422376,0,0.524227,0.861207,-0.0729875,-0.0660566,-0.49863,0.397397,1.04949,-0.510006,-0.539593,-0.568264,-0.523563,0.168795,1.22011,0.837115,-1.16171,-0.434943,3.32272,0.939035,-0.243599,0.0134053,6.44869,0.11043,0.0639451,1.54821,0.00683136,0.17118,-0.0413585,
771,0.0028736,0.00560084,0.0215212,-0.301143,-0.623224,0,0.43493,0,0.551033,0.851142,0.0056009,-0.0842953,-0.518093,0.403941,1.25552,-0.508667,-0.537221,-0.412509,-0.523366,0.174944,1.21378,0.550786,-0.355246,1.11841,1.29709,-0.178563,-1.71829,0.303015,-0.0417226,-0.0668332,0.0631453,4.60025,-0.00497668,0.0924727,-0.166382,
772,0.00239647,0.0284051,0.00142538,-0.442281,-0.507622,0,0.18498,0,0.596602,0.825025,0.0284128,-0.104341,-0.554653,0.422761,1.19376,-0.536395,-0.533983,-0.109148,-0.523544,0.180434,1.20617,0.600153,-0.211823,0.699223,0.972729,-0.44802,-2.141,0.452183,-2.32067,0.202085,0.0645422,7.51523,-0.00163607,0.134137,-0.133221,
773,0.00164846,0.0440393,-0.011193,-0.483802,-0.424919,0,-0.20922,0,0.626311,0.78914,0.0440678,-0.112658,-0.602182,0.445282,0.999328,-0.527512,-0.530752,0.288707,-0.523564,0.189041,1.20407,0.694032,-0.0544138,0.414505,0.252831,-0.124045,-2.46572,0.447147,-5.42899,0.0908307,0.0664742,8.41567,-0.000697283,0.199498,0.0531733,
774,0.00077155,0.0437201,-0.0164163,-0.113801,-0.242691,0,-0.492001,0,0.634556,0.758937,0.043748,-0.11772,-0.638939,0.464775,0.645856,-0.525255,-0.527148,0.585396,-0.523631,0.199131,1.21481,0.677422,-0.422305,-0.0840009,-0.298647,-0.676882,-0.78139,0.32385,-8.68219,0.0158038,0.0799066,-0.0316426,-0.00434775,0.18639,0.381134,
775,4.18608e-05,0.0224428,-0.0156986,0.0505679,-0.237597,0,-0.443803,0,0.625657,0.75288,0.0224466,-0.135441,-0.64368,0.476962,0.48299,-0.52453,-0.523245,0.483119,-0.523484,0.207527,1.22557,0.689314,-0.815196,-0.100855,-0.99093,-1.31749,1.12831,0.150976,0.888657,0.00708283,0.0708157,-3.71489,0.00256726,0.140846,-0.0745751,
776,-0.000483371,0,-0.011706,0.194627,-0.111126,0,-0.317371,0,0.616219,0.779459,-0.0349833,-0.135231,-0.610682,0.480707,0.535803,-0.52438,-0.523192,0.223977,-0.523531,0.21357,1.22258,0.655867,-1.08375,-0.360618,-1.80574,-1.29847,2.47196,0.0084585,1.21279,0.00047273,-0.0128727,-6.66718,-0.00168835,0.107835,-0.0295556,
777,-0.000879784,0,0.000516718,0.296569,-0.00056735,0,-0.078262,0,0.592791,0.816944,-0.105826,-0.12005,-0.554068,0.478508,0.630212,-0.524136,-0.523569,-0.157145,-0.523558,0.218131,1.22119,0.629862,-1.26716,-0.552797,-2.72105,-0.905646,3.82134,-0.096393,2.54983,0.00228131,-0.00159016,-8.55359,-0.000264005,0.0728263,-0.0266217,
778,-0.00118525,0,0.0342103,0.0763731,-0.331469,0,0.288359,0,0.58495,0.854025,-0.133044,-0.0858038,-0.495558,0.475709,0.809591,-0.52403,-0.523411,-0.557845,-0.523509,0.221646,1.21919,0.945089,-2.01238,0.276411,0.819399,1.73994,1.46043,0.000487506,4.61681,0.0219879,-0.00221503,-3.24421,-0.000846672,0.0794848,-0.0549863,
779,-0.00154232,0,0.0328689,-0.147846,-0.0824131,0,0.349907,0,0.58366,0.869938,-0.0928815,-0.0553953,-0.481157,0.482436,1.04886,-0.524542,-0.523709,-0.533561,-0.523579,0.225754,1.21624,1.10184,-1.84163,-0.296051,0.903328,1.8744,0.576688,0.259629,4.9497,-0.00423704,-0.00695708,1.90897,-0.000797066,0.0799008,-0.0606458,
780,-0.00180211,0,0.0166676,-0.268033,-0.0862243,0,0.351933,0,0.566701,0.881329,-0.0192234,-0.06058,-0.468209,0.502018,1.24156,-0.524095,-0.525318,-0.376548,-0.52358,0.228744,1.21294,0.727282,-1.6535,-0.274501,3.38187,1.03222,0.25713,0.534199,0.97744,0.00539487,-0.0422456,4.3445,-0.000496948,0.0596416,-0.0668928,
781,-0.00192376,0.0133081,-0.00383351,-0.387653,-0.368233,0,0.139412,0,0.576918,0.87445,0.0133089,-0.0773563,-0.478724,0.528031,1.2119,-0.524026,-0.526497,-0.0991223,-0.524225,0.230143,1.21882,0.383167,-0.366832,0.38714,0.332155,-0.641669,-1.11314,0.131876,-1.62208,-0.000334058,-0.0138018,6.72085,-0.0193089,0.0099618,0.229526,
782,-0.00195855,0.0127896,-0.0156937,-0.428558,-0.159662,0,-0.243531,0,0.583486,0.858984,0.0127903,-0.0928575,-0.503349,0.525031,1.06169,-0.524633,-0.527092,0.254099,-0.525072,0.230544,1.22312,0.295319,-0.300876,-0.142461,0.0961539,-0.536125,-1.19954,-0.0998101,-4.36401,-0.00350219,-0.0100357,7.40277,-0.0147755,0.00484421,-0.0319907,
783,-0.00193143,0.00599,-0.0202593,-0.199624,-0.000261754,0,-0.534851,0,0.563248,0.845507,0.00599008,-0.10229,-0.52404,0.517178,0.770212,-0.524274,-0.527378,0.556882,-0.525805,0.230232,1.22205,0.243937,-0.371137,-0.523454,-0.65123,-0.92294,-0.378595,-0.219101,-7.27035,0.00408532,0.00380417,2.05355,-0.0205858,-0.03531,-0.0064295,
784,-0.0016921,0,-0.0188658,0.0349929,0.0492701,0,-0.544494,0,0.527256,0.844839,-0.0237432,-0.116393,-0.521666,0.502244,0.468909,-0.523767,-0.527061,0.505049,-0.5267,0.227478,1.22183,0.518546,-0.62647,-0.632169,-0.992861,-1.30177,0.973518,-0.38219,-0.326275,0.00652639,0.00790333,-3.0175,0.00224714,-0.0827235,-0.00173364,
785,-0.00121425,0,-0.0138932,0.213249,0.0466312,0,-0.453755,0,0.499082,0.864507,-0.0847686,-0.115971,-0.481655,0.47922,0.513119,-0.515516,-0.526127,0.262865,-0.525423,0.22198,1.22176,0.77275,-0.986401,-0.586231,-1.75257,-0.993972,2.4794,-0.520266,1.13559,0.295252,0.0551614,-6.67245,0.0439947,-0.126936,-0.00572134,
786,-0.000587697,0,0.00210711,0.35113,-0.392196,0,-0.0420466,0,0.519101,0.893789,-0.0772053,-0.0907925,-0.432361,0.453027,0.609026,-0.511642,-0.521641,-0.128444,-0.522279,0.21477,1.22112,1.28194,-2.00061,0.496284,0.63095,1.38093,2.48585,-0.557046,2.66681,0.132954,-0.0403366,-9.19908,-0.0259169,-0.152849,-0.0139113,
787,6.86383e-05,0,0.0625233,0.111139,-0.130145,0,0.456921,0,0.530043,0.922426,-0.051717,-0.0660021,-0.376961,0.426112,0.803489,-0.530908,-0.52377,-0.561345,-0.523504,0.207219,1.22028,1.32742,-1.71614,-0.0836447,1.08397,1.19103,1.53869,-0.500119,5.094,0.0731591,-0.0480684,-3.55827,-0.0209501,-0.13717,-0.0246907,
788,0.000660085,0,0.0604217,-0.192492,-0.366206,0,0.459904,0,0.531789,0.930157,-0.0333055,-0.0611225,-0.360504,0.414261,1.07146,-0.525667,-0.526147,-0.525014,-0.524596,0.200413,1.22266,1.03364,-0.509119,0.50011,1.19242,-1.25019,0.444614,0.0611285,5.53216,0.061678,-0.0603748,2.72323,-0.00865333,-0.17748,0.0573655,
789,0.00136416,0,0.0231982,-0.357997,-0.262245,0,0.316095,0,0.548546,0.929554,-0.00534995,-0.0882505,-0.357927,0.429196,1.25991,-0.5247,-0.529599,-0.309813,-0.524084,0.192312,1.22196,1.08159,-0.209038,0.243817,0.910674,1.14419,-1.21869,0.523733,-0.0215723,0.00294342,-0.0759312,5.80896,0.0511649,-0.126496,-0.0400089,
790,0.00180373,0.00811326,-0.00600927,-0.436107,-0.230737,0,-0.0147278,0,0.559838,0.918389,0.00811343,-0.0820866,-0.386984,0.459089,1.18836,-0.524459,-0.532882,0.0309486,-0.523326,0.187254,1.22125,0.94509,0.184536,0.139573,-0.0502809,-0.221593,-1.31224,0.669288,-2.71987,0.0025004,-0.0586296,7.80463,-0.00608726,-0.073193,0.00981716,
791,0.00205442,0.00116296,-0.0180095,-0.421337,-0.0371676,0,-0.418614,0,0.555718,0.905517,0.00116297,-0.0881042,-0.415062,0.490571,0.975772,-0.524367,-0.535555,0.408942,-0.523549,0.18437,1.22202,0.843975,0.21412,-0.331731,-0.424953,-0.439526,-1.11886,0.590754,-5.75934,0.000432361,-0.0487466,7.31969,-0.0028403,-0.045224,-0.00333842,
792,0.002285,0,-0.0212456,-0.0432284,0.143553,0,-0.586213,0,0.528784,0.899333,-0.0213931,-0.0948601,-0.426315,0.515561,0.617623,-0.523951,-0.537566,0.566036,-0.523828,0.181717,1.22184,0.955298,-0.0555106,-0.750253,-1.04126,-0.815612,0.237504,0.408385,-8.5438,0.00522301,-0.0322832,-1.00797,-0.00942844,-0.060476,-0.00272222,
793,0.00256117,0,-0.0196624,0.137996,0.242178,0,-0.5147,0,0.48418,0.901005,-0.0501853,-0.118763,-0.414206,0.525764,0.473451,-0.497775,-0.539318,0.410186,-0.523751,0.178539,1.22176,1.09309,-0.22835,-0.967922,-0.581127,-1.66904,1.18641,-0.0424083,1.2219,1.02347,-0.0318392,-5.16086,0.0263202,-0.0691723,-0.000430311,
794,0.00292588,0,-0.0114426,0.290831,-0.528738,0,-0.242562,0,0.510982,0.918192,-0.0628502,-0.0967024,-0.378975,0.521982,0.558817,-0.429197,-0.526602,0.0897589,-0.523119,0.174343,1.22175,2.215,-1.64765,0.939599,-0.112812,1.19955,1.4327,-0.116751,2.18615,1.99769,0.359082,-7.9599,-0.0116627,-0.078078,-0.000354237,
795,0.00323281,0,0.0267705,0.378213,-0.3248,0,0.23638,0,0.544874,0.93712,-0.057203,-0.066391,-0.337826,0.513455,0.71873,-0.428025,-0.521764,-0.343126,-0.523508,0.170811,1.22166,2.01061,-1.617,0.417393,-0.00476203,1.15161,2.26745,-0.222691,4.1932,-1.91864,-0.0480208,-9.34406,-0.00334298,-0.0629801,-0.00341261,
796,0.00341655,0,0.109981,-0.0923636,-0.135125,0,0.499349,0,0.552127,0.952373,-0.0406912,-0.0401829,-0.299524,0.508112,0.992249,-0.556816,-0.524488,-0.587669,-0.523539,0.168697,1.22109,2.08063,-1.07054,0.00515223,2.55486,0.653012,0.824649,0.0613687,6.64921,-0.650027,-0.0864627,1.07421,0.0106792,-0.0328143,-0.0262966,
797,0.00400575,0.00735115,0.0603851,-0.291484,-0.428141,0,0.465702,0,0.580748,0.953417,0.00735128,-0.0715215,-0.292961,0.527796,1.26447,-0.536082,-0.528794,-0.443909,-0.523668,0.161917,1.21724,1.23313,-0.509487,0.732555,1.23419,-1.10368,-0.41763,0.0675476,1.18771,0.415493,-0.0749244,4.64064,-0.0101588,-0.168325,-0.0856861,
798,0.00462057,0.0276677,0.00297021,-0.450377,-0.225923,0,0.20824,0,0.604242,0.945643,0.0276748,-0.101333,-0.307773,0.525208,1.21723,-0.52638,-0.532426,-0.132792,-0.524103,0.154843,1.2143,1.12305,-0.388311,0.207403,0.989467,-0.785265,-1.00045,-0.0493662,-2.10627,0.0640198,-0.0712122,7.77931,-0.00514148,-0.115545,-0.0324477,
799,0.00495676,0.0455405,-0.0179831,-0.487289,-0.107964,0,-0.199282,0,0.606696,0.933005,0.045572,-0.096853,-0.343575,0.523527,1.03151,-0.524604,-0.535986,0.282506,-0.523241,0.150975,1.21739,1.04026,-0.212576,-0.100682,-0.0541015,1.43298,-2.16043,-0.0172918,-5.29653,0.0137418,-0.0706957,8.82361,0.0112523,-0.0403488,0.153478,
800,0.00495707,0.0355877,-0.0220637,-0.079784,-0.15546,0,-0.498134,0,0.605394,0.922681,0.0356027,-0.0872931,-0.373862,0.51884,0.684258,-0.52413,-0.538866,0.575203,-0.523586,0.150971,1.22393,1.07282,-0.0235062,-0.022631,-1.21903,-0.808651,-0.187843,-0.174249,-8.57062,0.00262318,-0.0437327,-0.116692,-0.016738,0.00194343,-0.0355832,
801,0.0049215,0.00301665,-0.0202026,0.0828199,-0.00853957,0,-0.472824,0,0.595329,0.921683,0.00301666,-0.106719,-0.372965,0.505963,0.46946,-0.52421,-0.541108,0.47463,-0.524045,0.15138,1.2223,1.16922,-0.118219,-0.353828,-0.491639,-1.68857,0.477651,-0.338186,0.974105,-0.000862278,-0.0472745,-3.79241,0.00112121,0.0144836,-0.0164465,
802,0.00480494,0,-0.0137937,0.205176,0.149658,0,-0.281337,0,0.567001,0.923452,-0.0277571,-0.140195,-0.356107,0.48553,0.535351,-0.523823,-0.543319,0.203512,-0.523766,0.152721,1.22184,1.21929,-0.318842,-0.694025,-0.980312,-1.56382,1.47282,-0.485973,1.58855,0.00472668,-0.0367625,-6.98889,0.0219096,0.0331991,-0.00320629,
803,0.00472001,0,0.0116632,0.270216,-0.315556,0,-0.0187383,0,0.555831,0.943006,-0.0895402,-0.130572,-0.292699,0.458371,0.64973,-0.503965,-0.541085,-0.17635,-0.523261,0.153699,1.22159,2.00139,-1.12986,0.439438,-0.289022,0.972666,2.22317,-0.534666,3.01067,0.603749,0.226877,-8.18668,-0.00501949,0.0334867,-0.0178807,
804,0.00449912,0,0.163112,0.0544817,-0.0656987,0,0.397204,0,0.566253,0.960832,-0.0810803,-0.100774,-0.245097,0.434369,0.846382,-0.527882,-0.52862,-0.558175,-0.523514,0.15624,1.22033,1.96542,-0.861245,-0.0976548,0.578849,1.17783,1.32211,-0.413709,4.83728,-0.746249,0.241576,-3.09911,-0.00373478,0.0777306,-0.0324021,
805,0.00405764,0,0.160235,-0.193038,0.099053,0,0.422541,0,0.548487,0.968064,-0.0531043,-0.0785903,-0.23207,0.444742,1.09183,-0.528013,-0.521956,-0.525494,-0.523572,0.16132,1.21851,1.96884,-0.606311,-0.454776,2.52394,0.467478,0.343251,0.824844,4.92245,0.133113,-0.0260865,2.38768,0.0121064,0.10689,-0.0416642,
806,0.00341423,0.0123566,0.0530101,-0.322337,-0.425416,0,0.376987,0,0.539407,0.968125,0.0123572,-0.0840539,-0.235618,0.515997,1.24844,-0.502932,-0.523728,-0.334657,-0.523449,0.168723,1.21608,1.49927,0.0517841,0.782429,0.848684,0.615008,-1.88713,2.0194,-0.0642154,0.88775,-0.0358715,5.07873,0.00303781,0.264339,-0.0727729,
807,0.00222765,0.0242414,-0.00653857,-0.418953,-0.338716,0,0.078604,0,0.574745,0.956955,0.0242462,-0.0746286,-0.279429,0.53109,1.18491,-0.530441,-0.52514,-0.0193989,-0.523533,0.182377,1.21468,1.25954,0.327276,0.510835,0.0238775,0.190957,-1.93047,-0.207233,-2.43088,-0.689129,-0.0231669,7.52941,-0.0017601,0.289192,0.00970065,
808,0.000910478,0.0260317,-0.0203915,-0.424641,-0.158813,0,-0.323648,0,0.588635,0.942449,0.0260376,-0.0715906,-0.325557,0.519964,0.98955,-0.529099,-0.526114,0.36217,-0.523581,0.197532,1.2196,1.23227,0.33649,0.033378,-0.233676,-0.0541844,-1.85666,-0.239388,-5.35988,0.144098,-0.0154742,7.72939,-0.000444045,0.313173,0.184559,
809,-0.000374265,0.0115167,-0.0221732,-0.0431128,0.00211042,0,-0.531017,0,0.581602,0.931978,0.0115172,-0.0732524,-0.354849,0.504181,0.650269,-0.524933,-0.526495,0.563942,-0.523742,0.212315,1.22326,1.36086,0.14146,-0.359578,-0.898888,-0.462696,-0.40573,-0.393902,-8.18793,0.0338121,-0.000295394,-0.580146,-0.00704,0.273986,-0.0356689,
810,-0.00147926,0,-0.019483,0.130144,0.148073,0,-0.465573,0,0.554762,0.929823,-0.00957906,-0.0882054,-0.357152,0.480623,0.458737,-0.523113,-0.526629,0.438947,-0.523705,0.225029,1.22206,1.46138,0.0411877,-0.691439,-0.176653,-1.33533,0.293388,-0.546879,1.34309,0.0392806,-0.00603088,-4.38894,0.0111266,0.235057,-0.0102892,
811,-0.00240553,0,-0.0111898,0.249289,0.134566,0,-0.243087,0,0.514794,0.934591,-0.0387567,-0.110769,-0.335809,0.449822,0.548688,-0.49516,-0.526557,0.142316,-0.523481,0.235687,1.22173,1.75392,-0.423921,-0.639208,-2.32033,-0.827383,2.84263,-0.708348,2.21558,1.04076,0.0235688,-7.33665,0.000859006,0.173162,0.000529766,
812,-0.00310146,0,0.0235327,0.318892,-0.187916,0,0.127465,0,0.509003,0.951673,-0.0616924,-0.0882672,-0.287615,0.415219,0.70328,-0.433575,-0.52187,-0.250058,-0.523474,0.243694,1.2213,2.40314,-1.21834,0.138566,0.552046,1.28784,1.34368,-0.680111,3.95498,1.48325,0.00352174,-8.41597,-0.00215882,0.152666,-0.0156773,
813,-0.00365116,0,0.142556,-0.0374826,-0.269638,0,0.482877,0,0.505579,0.961902,-0.0386206,-0.067593,-0.262075,0.387259,0.9539,-0.394829,-0.523364,-0.563414,-0.523568,0.250019,1.21987,1.74001,-0.642628,0.357496,1.3598,-0.817531,0.284781,-0.286559,5.9276,0.0863956,-0.0429138,-0.581507,-0.000486361,-0.0137514,-0.119331,
814,-0.00343179,0,0.100066,-0.234917,-0.387325,0,0.483728,0,0.54019,0.961492,-0.00294897,-0.0783774,-0.263404,0.399746,1.22919,-0.439191,-0.526408,-0.487366,-0.523498,0.247495,1.21347,1.38027,-0.191559,0.65237,0.856883,0.125761,-0.563963,0.767281,4.32704,-1.84332,-0.0567822,3.27761,-0.00355732,-0.0648971,-0.107327,
815,-0.00314633,0.0139343,0.0204486,-0.380431,-0.244265,0,0.287543,0,0.559932,0.955926,0.0139352,-0.0736157,-0.283886,0.455593,1.2348,-0.551023,-0.528972,-0.239524,-0.523826,0.244211,1.20828,1.29028,0.000414971,0.2748,0.249206,0.116242,-1.6302,1.46992,-1.32096,-0.0911652,-0.0469243,6.62429,-0.00426605,-0.0630337,-0.0732209,
816,-0.00287605,0.0153394,-0.0150018,-0.4545,-0.0894586,0,-0.112553,0,0.566378,0.941426,0.0153406,-0.076242,-0.328131,0.531167,1.10065,-0.53236,-0.531094,0.13614,-0.523911,0.241101,1.20845,1.14554,0.160398,-0.127118,-0.158391,-0.0915868,-1.9818,1.258,-4.02401,0.28441,-0.0397976,8.38382,0.000409525,-0.0666275,0.0551905,
817,-0.00258852,0.00397913,-0.023015,-0.362166,0.0822357,0,-0.512383,0,0.551565,0.927061,0.00397915,-0.0830831,-0.365567,0.530374,0.821133,-0.525145,-0.532762,0.524326,-0.523792,0.237792,1.21505,1.06008,0.200023,-0.550273,-0.651677,-0.563252,-1.14225,-0.312757,-7.1329,0.0519929,-0.027419,6.00852,0.00262392,-0.0779206,0.192842,
818,-0.00211457,0,-0.0219704,0.0203404,0.219784,0,-0.566853,0,0.515499,0.922699,-0.0252126,-0.0967998,-0.372318,0.510229,0.456884,-0.5086,-0.533724,0.531357,-0.523804,0.232339,1.22371,1.27666,-0.026895,-0.873017,-0.480088,-1.48523,0.171075,-0.484457,-1.86603,0.619632,-0.0217674,-2.32988,0.00873443,-0.130512,0.000360862,
819,-0.00146422,0,-0.0173771,0.166915,-0.381939,0,-0.447062,0,0.478495,0.92553,-0.0550983,-0.119786,-0.354978,0.482357,0.500991,-0.44221,-0.532703,0.319308,-0.52332,0.224856,1.22225,2.22927,-1.01259,0.546633,-0.966206,0.931475,1.5058,-0.602109,1.3748,1.67354,0.267505,-5.77878,0.00898042,-0.178488,-0.0269444,
820,-0.000633327,0,-0.00178961,0.339956,-0.31955,0,-0.0931729,0,0.510741,0.945065,-0.0576045,-0.0752775,-0.312837,0.449422,0.598979,-0.435224,-0.520751,-0.0392878,-0.523448,0.215295,1.22078,2.33596,-1.22807,0.429255,-0.302162,1.66469,2.38634,-0.720489,2.52996,-1.27907,-0.0177401,-8.63423,-0.0045083,-0.19873,-0.0302556,
821,0.000226227,0,0.10301,0.387589,-0.19443,0,0.375008,0,0.519538,0.96496,-0.0548239,-0.0321629,-0.254583,0.413568,0.784664,-0.545444,-0.523194,-0.477684,-0.523566,0.205405,1.21919,2.1117,-1.14151,0.186749,-0.00307173,0.83329,2.30296,-0.652099,4.81861,-1.11127,-0.0533275,-8.88746,-0.000354979,-0.243115,-0.0524451,
822,0.00165259,0,0.223203,-0.158997,-0.314032,0,0.53326,0,0.544973,0.972681,-0.0143576,-0.0606847,-0.223611,0.408829,1.08262,-0.534819,-0.527351,-0.57293,-0.523598,0.188993,1.21433,1.6274,-0.361665,0.504735,1.89349,-1.31712,0.371429,0.330561,7.21398,0.353742,-0.0839344,2.03447,-0.00304263,-0.343205,-0.0922471,
823,0.00302711,0.0202863,0.07921,-0.356873,-0.160865,0,0.431559,0,0.557662,0.970058,0.0202891,-0.0921673,-0.223787,0.466037,1.27223,-0.526025,-0.531408,-0.376998,-0.52363,0.173178,1.20968,1.60523,-0.158102,0.139866,1.06523,0.665024,-1.39714,1.9486,-0.851033,0.0628074,-0.0858134,5.70491,0.0267879,-0.271597,-0.103516,
824,0.00394395,0.0338478,-0.00648857,-0.461996,-0.25268,0,0.104906,0,0.574839,0.95956,0.0338607,-0.0809161,-0.267488,0.541005,1.16535,-0.524379,-0.535491,-0.0228022,-0.523417,0.162628,1.21103,1.32356,0.519901,0.311299,-0.136082,-0.158254,-1.76416,-0.0912024,-3.40115,0.0116658,-0.0743982,8.48231,-0.00469229,-0.170102,0.129245,
825,0.00455687,0.027347,-0.0214903,-0.478283,-0.0511276,0,-0.366964,0,0.577769,0.947245,0.0273538,-0.0850852,-0.307797,0.525709,0.914745,-0.524389,-0.5389,0.409842,-0.523558,0.155576,1.22325,1.22624,0.531025,-0.193121,-0.508306,-0.506195,-1.54716,-0.342337,-6.59657,-0.00160877,-0.0619753,8.82121,-0.00129879,-0.112702,0.286786,
826,0.00506171,0.00318374,-0.0220978,-0.0363374,0.14389,0,-0.542803,0,0.556994,0.941569,0.00318375,-0.0942535,-0.323348,0.504388,0.505311,-0.524,-0.541491,0.561031,-0.523771,0.149767,1.22341,1.47868,0.212827,-0.648057,-0.938738,-0.866064,0.149378,-0.507125,-7.9556,0.00511325,-0.046054,-1.13514,-0.00459462,-0.113361,-0.0498961,
827,0.00552378,0,-0.0188387,0.118465,0.191313,0,-0.457374,0,0.520029,0.941088,-0.0199014,-0.127471,-0.312583,0.475401,0.485978,-0.497766,-0.543967,0.407155,-0.523476,0.14445,1.22176,1.64383,0.0017489,-0.746661,-1.18605,-1.365,1.3802,-0.663867,1.23979,1.01642,-0.0377594,-4.93495,0.00322944,-0.0991098,-0.0116771,
828,0.00592116,0,-0.00874048,0.253812,-0.2656,0,-0.237064,0,0.510848,0.952438,-0.0583575,-0.119738,-0.27408,0.440198,0.568161,-0.424342,-0.539912,0.0941491,-0.523407,0.139878,1.22141,2.47282,-0.785817,0.335746,0.171662,0.904149,0.882361,-0.707046,2.06264,1.85861,0.212742,-7.61374,-0.00262672,-0.0660233,-0.0130033,
829,0.00614955,0,0.0510693,0.339764,-0.15855,0,0.22507,0,0.526171,0.965592,-0.0499705,-0.0868794,-0.239974,0.403429,0.715222,-0.38504,-0.527764,-0.316616,-0.523525,0.13725,1.2208,2.51524,-0.982248,0.118357,0.140217,1.39235,1.84791,-0.760268,3.80554,-0.22944,0.248121,-8.86072,-0.00198423,-0.0343877,-0.0118438,
830,0.00616508,0,0.256643,-0.0745851,-0.0625759,0,0.494055,0,0.518478,0.975664,-0.0323701,-0.0559623,-0.209524,0.376157,0.962844,-0.424025,-0.521891,-0.563289,-0.523588,0.137071,1.21989,2.21424,-0.459065,-0.0691087,1.98215,0.285623,0.723563,-0.252237,5.98099,-1.32134,-0.0408398,0.400334,0.000341347,-0.032902,-0.0619759,
831,0.00688453,0,0.151829,-0.27587,-0.376008,0,0.454596,0,0.551265,0.974131,-0.00356613,-0.0930297,-0.205914,0.420066,1.23299,-0.499593,-0.524047,-0.454655,-0.523548,0.128793,1.21094,1.45884,-0.0154258,0.680175,0.958597,0.191911,-1.05954,1.83249,4.11593,-1.68028,-0.0526716,3.86996,0.00185528,-0.132985,-0.201964,
832,0.00727691,0.0192308,0.0139204,-0.40326,-0.187461,0,0.241766,0,0.572799,0.965803,0.0192332,-0.0836714,-0.244649,0.532921,1.23291,-0.536734,-0.526483,-0.183212,-0.523579,0.124278,1.20096,1.43406,0.0574248,0.180475,0.588261,0.67432,-2.09639,1.82426,-1.50635,0.282472,-0.0471472,6.9685,-0.00076062,-0.053851,-0.197752,
833,0.0073285,0.0293003,-0.0170253,-0.455249,-0.145493,0,-0.149365,0,0.577815,0.9535,0.0293087,-0.0780127,-0.289642,0.533637,1.08559,-0.526613,-0.528537,0.200449,-0.523593,0.123684,1.19646,1.16887,0.463514,0.0387358,-0.192574,-0.431074,-1.77076,-0.348433,-4.36208,0.094229,-0.0341053,8.36768,3.47128e-05,0.0347832,0.0242226,
834,0.00707057,0.0180446,-0.0222603,-0.212238,0.0556997,0,-0.519162,0,0.567869,0.94096,0.0180465,-0.0862085,-0.326859,0.513458,0.78932,-0.524391,-0.529957,0.563131,-0.523605,0.126652,1.20362,1.23143,0.271043,-0.451811,-0.680188,-0.683092,-0.687232,-0.465891,-7.46208,0.0140681,-0.0202097,2.64007,-0.00147042,0.0684746,0.257318,
835,0.0067345,0,-0.0203699,0.0507329,0.214804,0,-0.519595,0,0.534379,0.938169,-0.0051784,-0.102393,-0.330649,0.486226,0.476471,-0.514119,-0.530805,0.5135,-0.52361,0.130519,1.21971,1.42511,0.10835,-0.819637,-0.228255,-1.48455,0.246373,-0.618476,-0.558332,0.401405,-0.019987,-3.05559,0.00992078,0.0880618,0.383561,
836,0.00633429,0,-0.0150683,0.192336,0.0496546,0,-0.390533,0,0.494594,0.943971,-0.0470698,-0.123013,-0.302607,0.451346,0.513644,-0.456875,-0.53114,0.274146,-0.523462,0.135124,1.22414,1.93208,-0.421973,-0.413973,-2.19769,-0.517529,2.56156,-0.769141,1.05306,1.76897,0.0698364,-6.37358,0.00272765,0.0887703,-0.0687666,
837,0.00585326,0,0.00624338,0.323927,-0.209903,0,-0.0211501,0,0.509853,0.957104,-0.0531822,-0.092541,-0.26937,0.41372,0.601552,-0.379129,-0.52126,-0.0956099,-0.523472,0.140659,1.2203,2.57199,-0.92812,0.208116,0.333264,1.27048,1.22654,-0.778609,2.43511,1.62756,0.00386945,-8.61443,-0.00323576,0.132117,-0.0794919,
838,0.00520039,0,0.148589,0.335902,-0.02211,0,0.447272,0,0.506876,0.968125,-0.0376264,-0.0658301,-0.238714,0.376583,0.779711,-0.337818,-0.523135,-0.519855,-0.523567,0.148171,1.21634,2.34453,-0.77637,-0.189158,0.155138,0.799798,1.2716,-0.70594,4.67148,0.0387,-0.038073,-8.35422,-0.00215106,0.163403,-0.0513284,
839,0.00449771,0,0.180869,-0.192038,-0.448203,0,0.495943,0,0.513535,0.968871,-0.0255396,-0.0774472,-0.233748,0.372847,1.06592,-0.338395,-0.525707,-0.550813,-0.523433,0.156257,1.21737,1.58066,0.36859,0.847413,2.1106,-1.12643,-0.314944,0.583423,6.57373,-0.0837483,-0.0838095,2.38946,0.0106866,0.0784307,-0.0592865,
840,0.00408852,0.0140789,0.0527576,-0.351643,-0.454481,0,0.38846,0,0.563373,0.964617,0.0140798,-0.0780005,-0.251461,0.432879,1.27099,-0.423268,-0.530294,-0.343185,-0.523519,0.160965,1.21302,1.26514,0.509562,0.847367,0.497735,0.590275,-1.25298,1.83935,-0.418757,-3.28639,-0.0781446,5.86632,-0.011696,0.102567,-0.107836,
841,0.00354541,0.0298385,-0.00873054,-0.446549,-0.312165,0,0.0554779,0,0.594189,0.95445,0.0298473,-0.0654205,-0.289578,0.532525,1.18353,-0.551269,-0.533852,0.0138707,-0.523875,0.167214,1.20985,1.30717,0.562866,0.43413,0.102842,0.113578,-2.19531,1.74801,-3.00537,0.20874,-0.0615739,8.39754,0.0019102,0.155331,-0.0395712,
842,0.00281554,0.0297843,-0.0218037,-0.44331,-0.122723,0,-0.384112,0,0.603562,0.939144,0.0297931,-0.0622276,-0.336525,0.532928,0.955013,-0.531351,-0.536604,0.433304,-0.523626,0.175612,1.21258,1.19018,0.555636,-0.0601117,-0.419317,-0.227182,-1.79355,-0.373604,-6.10974,0.24823,-0.0470366,8.37942,0.00812491,0.182207,0.145506,
843,0.0020961,0.00971468,-0.0221721,0.00643836,0.088211,0,-0.535359,0,0.588689,0.932088,0.00971499,-0.0657018,-0.35609,0.510115,0.575736,-0.525078,-0.538449,0.565577,-0.523627,0.18389,1.22384,1.41422,0.212241,-0.554284,-1.00488,-0.48233,-0.0637405,-0.535972,-9.03763,0.0453324,-0.0297584,-1.43049,-0.00435792,0.156432,0.0768808,
844,0.00145746,0,-0.0185501,0.171475,0.222266,0,-0.432178,0,0.554281,0.932147,-0.0107398,-0.0874908,-0.351188,0.479716,0.468875,-0.506964,-0.540159,0.398321,-0.523529,0.191238,1.22267,1.5214,0.102756,-0.857736,-0.175791,-1.43846,0.536716,-0.67857,1.52123,0.671985,-0.034843,-5.22818,-0.000583434,0.141852,-0.0306821,
845,0.000890042,0,-0.0075093,0.27608,0.168431,0,-0.180994,0,0.508913,0.93991,-0.045734,-0.107579,-0.320787,0.442512,0.574062,-0.434946,-0.541347,0.0679727,-0.523511,0.197767,1.22155,1.86878,-0.394803,-0.70187,-2.74142,-0.615686,3.35605,-0.831307,2.6617,2.16684,0.00123462,-7.85351,0.00138756,0.101469,-0.00587404,
846,0.000399643,0,0.0401096,0.328065,-0.144076,0,0.237645,0,0.513633,0.953425,-0.0521577,-0.0792088,-0.286333,0.404513,0.756049,-0.320956,-0.532164,-0.333448,-0.523493,0.20341,1.22075,2.66298,-1.12409,0.0388007,0.549286,1.12243,0.741238,-0.742325,4.58247,2.72727,0.220904,-8.44237,-0.00239986,0.12138,-0.0201646,
847,-4.62829e-05,0,0.120863,-0.0933493,-0.465131,0,0.492643,0,0.51428,0.956083,-0.0337384,-0.0710382,-0.282348,0.377405,1.03838,-0.213158,-0.522449,-0.564545,-0.523586,0.208541,1.22032,1.74663,-0.0209251,0.846746,1.37529,-1.97611,-0.367862,-0.18709,6.55294,1.58522,0.0549195,0.48242,0.00311012,-0.0371565,-0.0344861,
848,7.11441e-05,0.000613307,0.0688906,-0.279489,-0.415894,0,0.458964,0,0.561188,0.952175,0.000613307,-0.0893465,-0.292197,0.389191,1.25818,-0.220076,-0.523071,-0.450656,-0.52355,0.20719,1.21788,1.53827,0.151742,0.699923,1.06409,0.202881,-0.692001,0.670326,-0.0161525,-1.83298,-0.0221673,4.02249,-0.00724107,-0.0176423,-0.0509708,
849,0.000127947,0.0274258,0.0106716,-0.412874,-0.213204,0,0.247668,0,0.583075,0.946869,0.0274327,-0.0872079,-0.308353,0.434363,1.19828,-0.384748,-0.524093,-0.17122,-0.523865,0.206536,1.21537,1.37724,0.313472,0.176877,0.824653,0.573644,-0.867319,1.13214,-2.21119,-4.73048,-0.0176151,7.13082,-0.00392207,-0.00821497,-0.0501503,
850,0.000150741,0.037966,-0.0155257,-0.468523,-0.147415,0,-0.152468,0,0.585831,0.936847,0.0379842,-0.083633,-0.337461,0.491994,1.01465,-0.567694,-0.524333,0.222083,-0.52386,0.206274,1.21801,1.33151,0.499727,-0.00468144,-0.218049,-0.639971,-1.9625,1.18377,-5.10599,0.255787,0.00594462,8.59631,0.00753757,0.0154109,0.172306,
851,8.9687e-05,0.0235968,-0.0231766,-0.171876,0.0453049,0,-0.52046,0,0.57406,0.920304,0.0236012,-0.096595,-0.378356,0.531885,0.679703,-0.535534,-0.523778,0.576751,-0.523554,0.206976,1.22384,1.40023,0.298586,-0.479953,-0.750767,-0.964768,-0.598346,-0.0433737,-8.26526,0.415018,0.0189364,1.58734,0.000227998,-0.00684379,-0.0389286,
852,0.000183418,0,-0.0217778,0.0458433,0.157286,0,-0.503584,0,0.541375,0.915833,-0.000142172,-0.124307,-0.381834,0.522408,0.468989,-0.507412,-0.523491,0.504616,-0.523574,0.205898,1.22223,1.54385,0.118545,-0.73726,-0.372675,-1.72154,0.437899,-0.284261,0.984238,0.705599,-0.00224461,-3.3955,0.00169732,-0.0337469,-0.0154133,
853,0.000418097,0,-0.0167829,0.198161,0.0917665,0,-0.4061,0,0.511468,0.92755,-0.0645874,-0.132524,-0.34339,0.503191,0.529884,-0.446316,-0.523555,0.253165,-0.523514,0.203198,1.22182,1.79911,-0.363103,-0.549617,-2.07887,-0.927889,2.36484,-0.453054,1.36254,1.70442,0.000804533,-6.68686,-0.00106811,-0.0646215,-0.0082772,
854,0.00067748,0,0.00453066,0.325487,-0.332723,0,-0.00321484,0,0.529491,0.941949,-0.0631662,-0.106831,-0.311976,0.480892,0.634053,-0.366071,-0.523443,-0.133524,-0.523485,0.200213,1.22105,2.44658,-1.3153,0.46315,0.444395,1.35131,1.32085,-0.482798,2.77228,1.76725,-0.00296247,-8.93493,-0.00219335,-0.0591843,-0.0149531,
855,0.000917002,0,0.112122,0.0969366,-0.0679418,0,0.461263,0,0.538475,0.955851,-0.0435696,-0.0790951,-0.279631,0.457834,0.828948,-0.340154,-0.523638,-0.548759,-0.523569,0.197457,1.2202,2.30742,-1.03586,-0.12714,0.828043,1.25488,0.761477,-0.4268,5.0069,-0.688888,-0.00932294,-3.52875,-0.00135685,-0.041892,-0.0239255,
856,0.00114058,0,0.101522,-0.18573,-0.423434,0,0.481883,0,0.531579,0.958246,-0.0201515,-0.0650773,-0.277713,0.459248,1.08979,-0.385101,-0.52421,-0.522336,-0.523673,0.194885,1.21987,1.42896,-0.109758,0.734917,0.804498,-1.37246,-0.124427,0.617614,5.28967,-1.13392,-0.0178445,2.50325,0.00452539,-0.1859,-0.0220499,
857,0.00193329,0,0.0321015,-0.362914,-0.300192,0,0.322353,0,0.56124,0.954456,-0.0043354,-0.0954161,-0.282651,0.509164,1.25614,-0.517008,-0.525492,-0.313972,-0.523536,0.185763,1.21802,1.25793,0.180464,0.41145,0.482889,0.123745,-0.942031,1.35052,-0.212481,-4.1067,-0.0288184,5.78014,-0.000459978,-0.155058,-0.0458113,
858,0.00250812,0.011742,-0.00950717,-0.447255,-0.106829,0,-0.00230786,0,0.569957,0.942311,0.0117425,-0.0939235,-0.321077,0.532196,1.17815,-0.542127,-0.526881,0.0274696,-0.523577,0.179149,1.21571,1.30218,0.228379,-0.0807575,0.365706,0.343824,-1.96586,-0.210106,-2.86399,0.517089,-0.0266872,7.84828,-0.000565476,-0.115102,-0.0480198,
859,0.00292038,0.0166443,-0.0202782,-0.430528,-0.0241804,0,-0.38866,0,0.558179,0.927015,0.0166458,-0.0931004,-0.362903,0.520177,0.956467,-0.527032,-0.527904,0.409774,-0.523593,0.174406,1.21661,1.1368,0.482514,-0.308704,-0.423527,-0.724331,-1.564,-0.270651,-5.97538,0.123061,-0.0121484,7.44665,-0.000414971,-0.0704843,0.105428,
860,0.00325382,0,-0.0212475,-0.0541614,0.153277,0,-0.56915,0,0.533236,0.91663,-0.00891277,-0.108108,-0.384736,0.502781,0.586087,-0.524144,-0.528093,0.569658,-0.523838,0.170569,1.22336,1.28198,0.236881,-0.730957,-1.07744,-1.08001,-0.13746,-0.426362,-8.81642,0.0189512,0.00299056,-1.05144,-0.00878784,-0.0803957,0.00654136,
861,0.00362095,0,-0.0180611,0.114672,0.103189,0,-0.519231,0,0.495792,0.916292,-0.0498041,-0.13268,-0.3746,0.477464,0.47404,-0.495993,-0.527864,0.416644,-0.523146,0.166345,1.22223,1.50998,-0.106289,-0.606671,-2.17684,-1.53944,1.99128,-0.59989,1.31977,1.07687,0.0204947,-4.96208,0.013793,-0.0967104,-0.0171593,
862,0.00401006,0,-0.0083262,0.275446,-0.51166,0,-0.263765,0,0.512922,0.930867,-0.0707228,-0.116265,-0.339067,0.447049,0.560492,-0.442161,-0.521725,0.0933981,-0.52329,0.161868,1.22121,2.24893,-1.34307,0.927035,0.199764,1.44956,1.5713,-0.632346,2.12532,1.17123,0.00232967,-8.01352,-0.0066533,-0.0810808,-0.0201835,
863,0.00431181,0,0.0408767,0.372712,-0.295083,0,0.235973,0,0.545733,0.950395,-0.0586992,-0.0831522,-0.29392,0.413942,0.714625,-0.478174,-0.523207,-0.345965,-0.523528,0.158396,1.22018,2.04615,-1.3545,0.387619,0.308033,1.29364,2.3877,-0.690752,4.02376,-2.58097,-0.0321758,-9.54803,-0.00227575,-0.0576308,-0.0218443,
864,0.0044253,0,0.150124,-0.0982924,-0.0372589,0,0.493324,0,0.550786,0.962685,-0.0378959,-0.055444,-0.262158,0.388643,0.979344,-0.549953,-0.525096,-0.574346,-0.523584,0.15709,1.21875,2.20982,-0.914328,-0.178622,0.918403,1.21708,0.11855,-0.319668,6.54475,0.521765,-0.0443862,0.89257,-0.000463119,0.00660636,-0.034186,
865,0.00482273,0.00216423,0.0822586,-0.28365,-0.372365,0,0.453493,0,0.564824,0.962288,0.00216424,-0.0743112,-0.261676,0.407355,1.25858,-0.526985,-0.52804,-0.441009,-0.523602,0.152517,1.21335,1.29045,-0.423787,0.614921,1.46994,-1.3438,-0.498613,1.02646,1.91252,0.320115,-0.0579572,4.41289,-0.00351912,-0.163361,-0.166933,
866,0.00537997,0.0276718,0.00794104,-0.433891,-0.285973,0,0.22003,0,0.584289,0.953305,0.0276789,-0.101969,-0.282924,0.472611,1.22271,-0.524373,-0.530919,-0.144043,-0.523466,0.146105,1.20539,1.27613,-0.103299,0.376317,0.561489,1.3543,-2.47986,1.58503,-1.95204,-0.0187124,-0.0680693,7.35313,0.0312058,-0.0704545,-0.165634,
867,0.00545,0.0464351,-0.0178497,-0.463347,-0.267138,0,-0.166732,0,0.598831,0.937188,0.0464685,-0.0792733,-0.336503,0.534377,1.04814,-0.524516,-0.533983,0.25375,-0.5234,0.145299,1.20307,1.18923,0.278509,0.27703,-0.0439921,-0.178658,-1.77483,0.0617556,-5.00119,0.00139219,-0.051758,8.54969,-0.00524983,0.0490494,0.0880826,
868,0.00517974,0.0361714,-0.022318,-0.106807,-0.119906,0,-0.490041,0,0.602961,0.925232,0.0361872,-0.0845445,-0.368089,0.524625,0.719247,-0.524448,-0.536159,0.566709,-0.523673,0.148409,1.21699,1.25813,0.0971593,-0.0980819,-0.814814,-0.777008,-0.347914,-0.290567,-8.12796,0.000290657,-0.0325788,0.488099,-0.00957874,0.0556528,0.474371,
869,0.00491122,0.0127924,-0.020434,0.0658368,0.0366489,0,-0.464665,0,0.588193,0.92335,0.0127931,-0.103709,-0.369467,0.506013,0.477084,-0.524154,-0.537821,0.486221,-0.523882,0.151499,1.22426,1.36897,0.00317708,-0.451633,-0.147934,-1.52936,0.34469,-0.451241,0.540269,0.00264367,-0.0365132,-3.38768,0.00573401,0.0675467,-0.0606031,
870,0.00459469,0,-0.014689,0.185903,0.0514877,0,-0.293087,0,0.559486,0.927968,-0.0170928,-0.131584,-0.348236,0.479643,0.526467,-0.518114,-0.539283,0.23822,-0.523491,0.155141,1.22224,1.58751,-0.400214,-0.463721,-2.05516,-1.02971,2.64824,-0.622637,1.20414,0.212917,-0.00936612,-6.41117,0.00335154,0.062484,-0.0174135,
871,0.00429653,0,0.00700655,0.270922,0.0024887,0,-0.0601434,0,0.533981,0.946682,-0.0835913,-0.126946,-0.284061,0.446521,0.619042,-0.500184,-0.538725,-0.125704,-0.523522,0.158571,1.22131,1.73591,-0.817877,-0.289638,-0.0359228,0.176196,1.9642,-0.659258,2.51657,0.378786,0.0874193,-8.12916,-0.00112057,0.09172,-0.0345033,
872,0.00388068,0,0.155953,0.296426,-0.181363,0,0.384105,0,0.549478,0.966366,-0.0695471,-0.0850524,-0.232519,0.416246,0.791664,-0.495368,-0.528339,-0.519174,-0.523522,0.163356,1.21963,2.23207,-1.35501,0.178458,0.512148,1.80151,2.27632,-0.564414,4.3694,0.0583585,0.222468,-7.85123,-0.0018511,0.108275,-0.0346669,
873,0.00331301,0,0.252703,-0.155589,-0.00115877,0,0.488407,0,0.54486,0.976797,-0.0294936,-0.0537424,-0.205206,0.417912,1.05755,-0.523431,-0.522218,-0.550292,-0.523438,0.169888,1.21742,2.28225,-0.839225,-0.202609,3.48275,0.406495,0.749536,0.603194,6.16063,-1.18639,-0.0203998,2.10165,0.00412103,0.127917,-0.0498503,
874,0.00310453,0.0164282,0.0823562,-0.351424,-0.322777,0,0.406722,0,0.56681,0.973745,0.0164297,-0.0933549,-0.20697,0.498388,1.25748,-0.529139,-0.523331,-0.357875,-0.523667,0.172287,1.2165,1.38577,-0.247727,0.543184,1.17386,-1.70294,-0.87391,2.5364,-0.102978,0.186479,-0.0175392,5.55552,-0.00858264,0.0366625,0.0111746,
875,0.00277991,0.040407,-0.00669329,-0.453075,-0.226987,0,0.114743,0,0.59111,0.962514,0.040429,-0.0880673,-0.25333,0.535826,1.18521,-0.525099,-0.524769,-0.0176867,-0.523418,0.176022,1.2191,1.29923,0.102628,0.26436,0.55713,0.853922,-2.31437,-0.299673,-2.71157,0.0240306,-0.0295098,8.11229,-0.00407335,0.0928941,0.104459,
876,0.00223906,0.0500934,-0.0214095,-0.466023,-0.184426,0,-0.308226,0,0.601206,0.948182,0.0501354,-0.0833531,-0.302474,0.519958,0.970026,-0.524417,-0.525863,0.398616,-0.523553,0.182245,1.22343,1.11247,0.412009,0.115605,-0.145147,-0.52084,-1.85881,-0.335,-5.86956,0.00490282,-0.0151921,8.53736,-0.00138193,0.153633,-0.0299025,
877,0.001628,0.036733,-0.0223901,-0.0272311,0.0282871,0,-0.503166,0,0.594666,0.939275,0.0367495,-0.0944627,-0.327854,0.499195,0.598289,-0.524282,-0.526218,0.583801,-0.523719,0.189276,1.22222,1.37268,0.0696314,-0.391262,-0.699092,-0.744401,-0.131177,-0.496576,-8.97404,0.000614956,0.000236919,-1.32323,-0.00652194,0.127591,-0.0109724,
878,0.00112074,0.0189345,-0.0192094,0.117693,0.0805451,0,-0.40088,0,0.56915,0.937998,0.0189367,-0.123002,-0.32353,0.470536,0.477687,-0.519311,-0.526395,0.427915,-0.523497,0.195113,1.22198,1.52873,-0.127656,-0.504422,-0.859078,-1.34283,1.18185,-0.660517,1.19575,0.180048,0.00422634,-4.82942,0.00613512,0.103058,-0.000767968,
879,0.000752024,0,-0.0104223,0.22978,0.149549,0,-0.234309,0,0.54532,0.951473,-0.0433264,-0.133318,-0.27395,0.433756,0.556882,-0.49727,-0.525425,0.123961,-0.523498,0.199355,1.22189,1.72468,-0.391091,-0.611618,-2.33217,-1.03604,2.88291,-0.794528,1.97382,0.713683,0.0263798,-7.37151,-0.00235556,0.0755675,-0.00143669,
880,0.000431964,0,0.0428327,0.293126,-0.332199,0,0.131589,0,0.547834,0.966724,-0.0673466,-0.108663,-0.221589,0.394957,0.696128,-0.45064,-0.522006,-0.266095,-0.523459,0.203038,1.22135,2.6298,-1.18697,0.552217,0.287915,1.88999,1.93984,-0.766078,3.57937,1.18746,-0.010957,-8.24944,-0.00167387,0.0731337,-0.0157743,
881,9.82678e-05,0,0.400641,-0.0432242,-0.0562403,0,0.463824,0,0.560705,0.979974,-0.0521438,-0.0633262,-0.181446,0.365275,0.924462,-0.452433,-0.523483,-0.57025,-0.523575,0.206878,1.22035,2.51834,-0.819486,-0.0552793,0.643715,1.86759,0.944366,-0.413571,5.53954,-1.22174,-0.0370226,-0.380766,-0.00285513,0.0877943,-0.0278784,
882,-0.000187485,0,0.315139,-0.212074,-0.340469,0,0.486152,0,0.558306,0.984421,-0.0020049,-0.0507596,-0.168331,0.419279,1.18231,-0.521236,-0.526099,-0.488216,-0.523502,0.210166,1.21917,1.82703,-0.282541,0.626373,1.62028,-1.19674,-0.259576,2.60838,4.75655,-1.53584,-0.0522612,3.34068,-0.00507613,-0.0208502,0.036674,
883,-0.000124591,0.0234127,0.038875,-0.393983,-0.185371,0,0.304826,0,0.583086,0.978095,0.0234169,-0.0861606,-0.188039,0.553736,1.24252,-0.531259,-0.528546,-0.236306,-0.523849,0.209442,1.22212,1.62048,-0.0660908,0.232233,1.08258,-0.987977,-1.03835,0.11218,-0.858111,0.194113,-0.0489624,6.6964,-0.00729574,-0.00942492,0.0228905,
884,-0.000140562,0.0442675,-0.0173813,-0.472865,-0.0526381,0,-0.0534458,0,0.58482,0.969358,0.0442964,-0.0941457,-0.222529,0.532187,1.12818,-0.525387,-0.531034,0.14444,-0.523406,0.209626,1.22202,1.49098,0.130096,-0.104459,0.256072,0.966658,-2.19461,-0.386557,-3.69546,0.049119,-0.0516468,8.4994,0.0161346,0.0227837,-0.00547402,
885,-0.000314605,0.0411774,-0.0238696,-0.38158,-0.0671665,0,-0.466066,0,0.581026,0.958102,0.0412007,-0.0895706,-0.268925,0.510062,0.861405,-0.524046,-0.533102,0.549217,-0.523473,0.211628,1.22206,1.22179,0.459231,-0.118179,-0.7893,-0.8246,-1.42119,-0.500127,-6.94873,0.00867006,-0.0310951,6.33391,-0.00574964,0.0461826,-3.21496e-05,
886,-0.000402159,0.0110298,-0.0221992,0.022954,0.114123,0,-0.51345,0,0.563131,0.954162,0.0110302,-0.107421,-0.279131,0.480492,0.478129,-0.523965,-0.534238,0.540878,-0.523878,0.212636,1.22201,1.53253,0.197756,-0.535997,-0.700557,-1.46557,0.13661,-0.672951,-3.40738,-6.73043e-05,-0.0236382,-2.59479,-0.00089717,0.00473633,-0.000790465,
887,-0.000358446,0,-0.0175251,0.157411,0.101745,0,-0.387057,0,0.5327,0.953731,-0.0229873,-0.141934,-0.264054,0.443075,0.498627,-0.503837,-0.535237,0.322438,-0.523055,0.212133,1.22187,1.79919,-0.123608,-0.492855,-2.2574,-1.35309,2.25076,-0.841214,1.16532,0.773893,-0.000478003,-6.02725,0.0131063,-0.0343679,-0.00151341,
888,-0.000171689,0,0.00125873,0.269764,-0.230544,0,-0.117104,0,0.529939,0.964607,-0.0652169,-0.133438,-0.217886,0.399896,0.584829,-0.457615,-0.529014,-0.0336805,-0.523304,0.209984,1.22129,2.4485,-0.615661,0.308216,0.304901,0.97788,1.31315,-0.869473,2.28507,1.05494,0.250994,-8.2345,-0.00762976,-0.0405561,-0.0230332,
889,5.46148e-05,0,0.243448,0.322106,-0.181259,0,0.338346,0,0.552965,0.979388,-0.0595362,-0.0904186,-0.170528,0.357078,0.745571,-0.453752,-0.521624,-0.449577,-0.523513,0.20738,1.22028,2.61639,-0.831678,0.240208,0.167261,1.67091,2.24768,-0.838819,4.13179,-0.781714,-0.0361421,-8.53112,-0.00261446,-0.0537861,-0.0212773,
890,0.000222874,0,0.74349,-0.120688,0.0271158,0,0.47619,0,0.550337,0.987585,-0.0409922,-0.0516754,-0.142569,0.361207,1.00583,-0.522996,-0.524058,-0.560624,-0.523518,0.205444,1.21882,2.59305,-0.360201,-0.20335,2.34666,0.653875,0.624895,0.979948,6.17133,-1.98528,-0.0707075,1.42464,0.0153286,-0.0447548,-0.0339733,
891,0.000554235,0.0119941,0.240254,-0.308144,-0.207206,0,0.438765,0,0.556698,0.985093,0.0119947,-0.0802654,-0.151677,0.546986,1.25576,-0.532376,-0.527591,-0.403016,-0.523547,0.201631,1.21996,1.9824,0.10976,0.319489,1.34051,-1.59834,-1.23146,5.07158,1.15425,0.352685,-0.0618063,4.83616,-0.00741904,-0.0953286,0.0780294,
892,0.000871582,0.0377043,0.00247917,-0.430999,-0.210253,0,0.187104,0,0.567694,0.976906,0.0377222,-0.0828404,-0.193311,0.551572,1.21358,-0.525107,-0.53103,-0.0910431,-0.523415,0.19798,1.22251,1.61416,0.694339,0.284995,0.227042,0.169775,-2.30227,-0.852494,-2.04237,0.0403874,-0.0661994,7.66272,-0.00273652,-0.0499754,-0.0099523,
893,0.001016,0.0377512,-0.0208492,-0.472715,-0.0950338,0,-0.252533,0,0.576711,0.963765,0.0377691,-0.0868996,-0.249357,0.510498,1.03493,-0.524329,-0.533992,0.3168,-0.52355,0.196318,1.22206,1.41903,0.886795,-0.0357433,-0.286853,-0.499977,-2.2328,-0.790398,-5.0784,0.00254377,-0.0542609,8.63991,-0.00149605,-0.0164525,-0.00432712,
894,0.00111987,0.0235505,-0.0216777,-0.0654045,0.0865394,0,-0.531746,0,0.563296,0.951655,0.0235549,-0.0963884,-0.290701,0.467905,0.700504,-0.524094,-0.536299,0.590872,-0.523706,0.195123,1.22199,1.62703,0.62804,-0.48512,-0.911628,-0.835955,-0.602808,-0.920312,-8.27067,0.00166279,-0.035875,-0.589679,-0.00719356,-0.0430155,-0.000330972,
895,0.0013305,0,-0.0177382,0.102016,0.194742,0,-0.469644,0,0.529778,0.946594,-0.000881896,-0.119181,-0.29959,0.418844,0.46515,-0.508495,-0.538098,0.462483,-0.523724,0.192699,1.22192,1.79345,0.500256,-0.74165,-0.631184,-1.59468,0.268459,-1.04695,0.893098,0.611665,-0.0342196,-4.43257,0.0302207,-0.0576518,-0.00076831,
896,0.00164705,0,-0.00894109,0.236479,-0.0718863,0,-0.314013,0,0.503747,0.953354,-0.0596178,-0.128899,-0.266357,0.363482,0.534152,-0.446368,-0.538443,0.167362,-0.523299,0.189057,1.22169,2.12853,-0.409794,-0.104983,-0.172339,0.139377,1.0514,-1.10643,1.75183,1.7589,0.0276469,-7.42555,-0.00673985,-0.0614335,-0.016368,
897,0.00195328,0,0.0377407,0.344267,-0.305956,0,0.131131,0,0.533448,0.967992,-0.0543617,-0.0890855,-0.228255,0.308195,0.663105,-0.387829,-0.530663,-0.23762,-0.523467,0.185534,1.22116,2.69444,-1.0103,0.480069,0.0726932,1.6446,1.92649,-1.11633,3.38998,0.830176,0.175335,-9.00755,-0.00367873,-0.0670585,-0.00969334,
898,0.00218642,0,0.362053,-0.0240924,-0.0391427,0,0.480627,0,0.54336,0.97971,-0.0438096,-0.0493486,-0.189244,0.260549,0.891567,-0.402259,-0.52266,-0.571954,-0.523578,0.182851,1.22047,2.5785,-0.621995,-0.101481,0.515423,1.61831,0.786892,-0.781128,5.73131,-1.36923,0.0605359,-0.490056,-0.00193915,-0.0325588,-0.02211,
899,0.00272817,0,0.265402,-0.223539,-0.347321,0,0.469003,0,0.560316,0.981677,-0.0118311,-0.0597075,-0.180568,0.294795,1.16091,-0.47566,-0.523151,-0.489197,-0.523527,0.176617,1.21722,1.71643,-0.292013,0.631551,1.40457,-1.42817,-0.185985,2.10481,5.08295,-1.56768,-0.0245436,3.40611,-0.00124887,-0.197832,-0.100427,
900,0.00347442,0.0120437,0.0422904,-0.399637,-0.134012,0,0.281419,0,0.578431,0.97626,0.0120443,-0.095773,-0.193906,0.446325,1.24491,-0.540537,-0.524301,-0.237537,-0.523639,0.168031,1.21227,1.69557,-0.242402,0.10823,1.01301,-1.18419,-1.29291,3.94446,-0.751761,0.210666,-0.0223698,6.64021,3.41381e-05,-0.144201,-0.0972638,
901,0.00394882,0.0315591,-0.016737,-0.462483,-0.00243595,0,-0.0729302,0,0.577262,0.966168,0.0315696,-0.0922822,-0.238762,0.546951,1.13457,-0.527882,-0.525664,0.134774,-0.523215,0.162572,1.2091,1.5273,0.0279456,-0.233303,0.274182,1.04626,-2.08391,-0.39884,-3.63403,0.143393,-0.0284781,8.26844,-0.00724468,-0.0850225,-0.0263748,
902,0.00418212,0.026806,-0.0233977,-0.371936,-0.0418716,0,-0.471752,0,0.568169,0.95483,0.0268125,-0.0878801,-0.282591,0.52147,0.872684,-0.521817,-0.526557,0.524776,-0.523591,0.159888,1.21732,1.23848,0.424771,-0.188702,-0.941354,-0.910239,-1.37591,-0.56573,-6.81538,0.0974303,-0.00727177,6.14082,-0.00924171,-0.0342143,0.345809,
903,0.00436275,0,-0.0217101,0.00394169,0.135771,0,-0.541161,0,0.547427,0.949972,-0.00808344,-0.105746,-0.29378,0.488818,0.495999,-0.524485,-0.526552,0.534573,-0.524198,0.157809,1.224,1.49801,0.19613,-0.59993,-0.889798,-1.48656,0.0799607,-0.731043,-3.59055,-0.0451954,-0.00131905,-2.17763,-0.00557989,-0.038571,-0.0521148,
904,0.00450227,0,-0.0169053,0.148934,0.175283,0,-0.428402,0,0.510583,0.947137,-0.040265,-0.142868,-0.284429,0.448929,0.501787,-0.502323,-0.526622,0.330316,-0.523784,0.156204,1.22157,1.71948,-0.0786128,-0.681333,-1.86863,-1.54968,1.75116,-0.883717,0.862099,0.897543,0.014116,-5.87093,0.04836,-0.0359519,-0.0356002,
905,0.00465169,0,-0.000313298,0.28162,-0.386309,0,-0.138679,0,0.529012,0.959434,-0.0663436,-0.118433,-0.247099,0.404267,0.57182,-0.445766,-0.521576,-0.0161264,-0.523039,0.154485,1.21967,2.71175,-0.749881,0.665998,0.0770313,1.4464,1.25551,-0.906072,1.93193,1.5516,-0.0274966,-8.19201,-0.0139625,-0.0177698,-0.0426076,
906,0.004663,0,0.133261,0.339921,-0.151851,0,0.331801,0,0.548832,0.971729,-0.0588213,-0.0841556,-0.212605,0.359461,0.717648,-0.440328,-0.523472,-0.441315,-0.523504,0.154355,1.21754,2.52406,-0.757436,0.130342,0.200195,1.29201,1.73734,-0.885923,3.88473,-1.31051,-0.0377792,-8.81006,-0.00401131,0.0125294,-0.0430192,
907,0.00447031,0,0.301312,-0.118725,0.107583,0,0.476145,0,0.540391,0.978065,-0.0407743,-0.0538753,-0.197035,0.341253,0.969596,-0.530137,-0.525684,-0.560101,-0.52364,0.156572,1.21503,2.53095,-0.318878,-0.439064,0.734608,1.31205,-0.00292033,0.142907,6.17307,-1.84703,-0.0469877,1.34085,-0.00172962,0.0693058,-0.0536163,
908,0.00466496,0.00394303,0.117688,-0.303253,-0.250696,0,0.427432,0,0.550958,0.975366,0.00394305,-0.0802971,-0.205422,0.412674,1.24207,-0.529569,-0.529001,-0.407698,-0.523533,0.154332,1.20823,1.61362,-0.0574388,0.368616,1.85829,-1.46217,-0.998503,2.5882,3.96186,0.649883,-0.0666716,4.72666,-0.00210603,-0.0875771,-0.176624,
909,0.0048057,0.0355517,0.00153913,-0.423672,-0.300661,0,0.195368,0,0.568121,0.96348,0.0355667,-0.0848867,-0.251467,0.543562,1.23255,-0.524754,-0.532472,-0.103516,-0.523566,0.152713,1.19995,1.45859,0.505616,0.443788,0.358606,0.106019,-2.35226,0.730451,-1.75389,-0.013303,-0.0649432,7.44112,-2.58678e-05,0.0239845,-0.1391,
910,0.00457111,0.0401317,-0.0195451,-0.46895,-0.145759,0,-0.224305,0,0.581168,0.947451,0.0401533,-0.0900617,-0.304325,0.531408,1.06934,-0.524619,-0.535347,0.294675,-0.523583,0.155412,1.19943,1.34675,0.603207,0.0246619,-0.112897,-0.554887,-2.14132,-0.40174,-4.75029,0.00438202,-0.0512261,8.47931,-0.000277217,0.082881,0.112144,
911,0.00419607,0.0272674,-0.0221274,-0.0947674,0.0273868,0,-0.511063,0,0.571177,0.932878,0.0272741,-0.103205,-0.34401,0.508051,0.751623,-0.524228,-0.537467,0.573019,-0.523701,0.159727,1.21288,1.48209,0.350515,-0.405399,-0.815958,-1.06751,-0.648154,-0.53911,-7.93067,0.00316494,-0.0318099,-0.129465,-0.00691692,0.07732,0.430769,
912,0.00384541,0,-0.0192889,0.0667189,0.095601,0,-0.477825,0,0.541422,0.927492,-0.0014672,-0.124318,-0.352565,0.477328,0.465084,-0.519425,-0.538966,0.470831,-0.523577,0.163762,1.22483,1.6356,0.164743,-0.567461,-1.19047,-1.38229,0.626122,-0.699618,0.216596,0.175744,-0.0243642,-3.81828,0.0516003,0.0761121,-0.0527132,
913,0.00354553,0,-0.0123533,0.211349,0.122053,0,-0.363583,0,0.513466,0.936061,-0.0673985,-0.133385,-0.318522,0.438721,0.519394,-0.494745,-0.539472,0.2016,-0.523328,0.167213,1.22189,1.78738,-0.204102,-0.593411,-1.87602,-0.89795,1.94956,-0.820417,1.37275,0.790614,0.00747778,-6.98193,-0.00704313,0.0742299,-0.0604741,
914,0.00319119,0,0.0169849,0.326853,-0.280165,0,0.0497105,0,0.530113,0.950557,-0.0678359,-0.10549,-0.284098,0.398491,0.626234,-0.451507,-0.531166,-0.191878,-0.523466,0.17129,1.21868,2.3262,-1.13283,0.360993,0.365355,1.25644,1.41654,-0.818149,2.87232,1.18766,0.205225,-8.93896,-0.00343886,0.091716,-0.0629307,
915,0.00274236,0,0.167087,0.0170007,-0.0105859,0,0.472077,0,0.534093,0.962941,-0.050902,-0.0785069,-0.252965,0.36149,0.826267,-0.444143,-0.522196,-0.577197,-0.523572,0.176454,1.21546,2.21877,-0.791023,-0.229241,0.821281,1.19414,0.493972,-0.649181,5.11292,-0.853313,0.042796,-1.89808,-0.00190041,0.124527,-0.0713221,
916,0.00233721,0,0.124921,-0.219688,-0.24689,0,0.468912,0,0.5227,0.964408,-0.0230187,-0.0702647,-0.253871,0.363418,1.07641,-0.486946,-0.523196,-0.513258,-0.523558,0.181116,1.21039,1.4887,-0.282901,0.311076,1.54298,-1.23056,-0.238849,0.825491,4.79279,-0.877883,-0.0398978,3.11483,0.0047538,-0.0326036,-0.185737,
917,0.00229231,0.00400146,0.0296455,-0.367606,-0.331412,0,0.306641,0,0.541,0.956233,0.00400148,-0.0790303,-0.281702,0.427149,1.2531,-0.538603,-0.525559,-0.280072,-0.523502,0.181633,1.201,1.51776,0.338255,0.490122,0.19386,0.15759,-2.16099,1.71429,0.579242,0.0788769,-0.0441132,6.21576,-0.00167308,0.0626379,-0.162365,
918,0.00192091,0.00914542,-0.0112595,-0.447364,-0.169917,0,-0.0647731,0,0.555431,0.938694,0.00914568,-0.0801321,-0.335185,0.516239,1.19747,-0.528281,-0.527571,0.0788643,-0.523572,0.185906,1.19403,1.44438,0.458363,0.0493252,-0.0383245,-0.133154,-2.35792,1.84769,-2.46495,0.133917,-0.037275,8.12572,-0.000726307,0.104108,-0.12268,
919,0.00141955,0.0040404,-0.0214108,-0.416936,-0.00339425,0,-0.461074,0,0.547509,0.920082,0.00404042,-0.0858564,-0.38218,0.530083,0.995273,-0.524758,-0.529155,0.463148,-0.523592,0.191675,1.19005,1.33034,0.561492,-0.374574,-0.481931,-0.558228,-1.78353,-0.204215,-5.59793,0.0264084,-0.0262653,7.25673,-0.000347566,0.123972,-0.0317959,
920,0.00096641,0,-0.0216005,-0.016993,0.187205,0,-0.574273,0,0.518521,0.909751,-0.0204344,-0.0965913,-0.403244,0.515656,0.645831,-0.523849,-0.530016,0.551704,-0.523803,0.196889,1.19021,1.50053,0.251113,-0.827773,-1.0406,-0.839894,-0.266385,-0.368893,-8.35799,0.00827389,-0.0112129,-1.57237,-0.00724377,0.0948093,0.0240932,
921,0.000612763,0,-0.0178951,0.153737,0.0423971,0,-0.489274,0,0.472229,0.907698,-0.0537464,-0.116013,-0.399671,0.493344,0.487898,-0.489867,-0.53057,0.371513,-0.523389,0.200958,1.19167,1.85277,-0.247838,-0.494739,-1.71863,-0.810337,1.61095,-0.534007,0.760777,1.22772,0.0553369,-5.43024,0.0656286,0.0537024,0.0434107,
922,0.00043499,0,-0.00674372,0.32217,-0.411646,0,-0.189208,0,0.501632,0.924381,-0.0646703,-0.0786687,-0.367627,0.465829,0.554057,-0.442131,-0.521231,0.0348166,-0.523174,0.203003,1.19382,2.52666,-1.21067,0.613007,-0.282063,1.51785,1.59038,-0.59575,1.86657,0.993321,-0.00994029,-8.29862,-0.0121911,0.0376866,0.0407637,
923,0.000283436,0,0.043626,0.397429,-0.189744,0,0.293877,0,0.5195,0.942711,-0.0596605,-0.0400305,-0.325782,0.434912,0.704129,-0.46855,-0.523223,-0.404812,-0.523526,0.204747,1.19574,2.34609,-1.17999,0.104646,-0.152945,1.4067,2.20114,-0.639902,4.11714,-2.02573,-0.0421995,-9.27787,-0.00257763,0.0324247,0.0357253,
924,0.000569271,0,0.107492,-0.0951165,-0.425965,0,0.488422,0,0.540113,0.953848,-0.0363992,-0.0405813,-0.295302,0.420229,0.971784,-0.538221,-0.526319,-0.565228,-0.523572,0.201458,1.19481,1.63775,-0.307631,0.724248,2.49049,-1.07059,0.65832,0.0483401,6.55464,0.16207,-0.0865016,1.12236,-0.000143527,-0.161485,-0.0664662,
925,0.00122058,0.0154026,0.0614221,-0.297349,-0.214213,0,0.461299,0,0.563546,0.955347,0.0154038,-0.0800681,-0.284013,0.442495,1.25884,-0.528027,-0.530576,-0.421404,-0.523602,0.193964,1.19145,1.61651,-0.203239,0.203586,2.19048,-0.622964,-0.073416,0.835187,2.03341,0.116972,-0.0808216,4.60029,-0.00312593,-0.134379,-0.0675416,
926,0.00146757,0.0439499,0.00276507,-0.424668,-0.400226,0,0.231446,0,0.584214,0.94604,0.0439783,-0.085635,-0.309419,0.495162,1.22261,-0.524822,-0.534442,-0.119795,-0.523151,0.191122,1.18737,1.78805,0.37402,0.640573,0.0108467,0.380456,-2.18273,1.26755,-2.01164,0.0244225,-0.0725629,7.45073,-0.00390247,0.0132164,-0.0901036,
927,0.00134717,0.0445754,-0.0185171,-0.469733,-0.230328,0,-0.204653,0,0.604749,0.928566,0.0446049,-0.0774528,-0.360247,0.531489,1.04662,-0.524693,-0.537714,0.285519,-0.523475,0.192508,1.19015,1.67915,0.426709,0.165344,-0.429457,0.00812711,-2.09247,-0.108319,-5.00356,-0.00259222,-0.058796,8.75058,-0.00422242,0.0405648,0.199949,
928,0.00119325,0.0279788,-0.0222387,-0.0666257,-0.0393709,0,-0.511584,0,0.600974,0.914441,0.0279861,-0.0745499,-0.396809,0.521602,0.716415,-0.524425,-0.540159,0.575199,-0.523663,0.194279,1.20807,1.80925,0.0830713,-0.308534,-1.08133,-0.538202,-0.488733,-0.274298,-8.17716,0.00369927,-0.0378334,-0.130065,-0.00662337,0.0168369,0.525892,
929,0.00115091,0.000576324,-0.0199799,0.108823,0.116105,0,-0.475193,0,0.575725,0.911771,0.000576324,-0.0850133,-0.401803,0.503857,0.476219,-0.523948,-0.542077,0.472142,-0.523702,0.194766,1.22514,1.90929,-0.0155497,-0.663172,-0.408898,-1.2726,0.200035,-0.433977,0.576871,0.00514213,-0.0416005,-3.88892,0.00948911,0.00192041,-0.0369237,
930,0.00114469,0,-0.0130841,0.23828,0.26054,0,-0.265156,0,0.531979,0.912822,-0.023874,-0.11038,-0.392432,0.478905,0.53262,-0.502898,-0.544021,0.195965,-0.523525,0.194837,1.22215,1.96916,-0.244578,-0.990074,-0.938311,-1.1513,1.0906,-0.571989,1.50645,0.818993,-0.0309559,-7.0927,0.000281187,-0.00407137,-0.0536141,
931,0.00122892,0,0.00974735,0.309187,-0.260648,0,0.0398756,0,0.505177,0.931242,-0.0702595,-0.0895346,-0.346173,0.448173,0.649111,-0.422928,-0.542947,-0.188133,-0.523478,0.193868,1.21996,2.55813,-1.62438,0.25173,0.186235,1.80813,1.29194,-0.590641,3.17573,2.15062,0.133553,-8.22398,0.00128925,-0.008877,-0.0494098,
932,0.00124118,0,0.0884866,0.0930582,-0.215553,0,0.46027,0,0.506609,0.94452,-0.0502859,-0.0512513,-0.320509,0.420958,0.860793,-0.365561,-0.536017,-0.562119,-0.52357,0.193727,1.21788,2.29512,-0.89212,0.17024,0.104131,0.750425,0.565157,-0.467865,5.25539,0.18195,0.133733,-2.89702,-0.0043971,0.000757039,0.0444675,
933,0.00170098,0,0.0834708,-0.210603,-0.298482,0,0.484704,0,0.534637,0.94908,-0.0174954,-0.0789218,-0.304486,0.423268,1.12694,-0.396048,-0.530647,-0.519953,-0.523595,0.188436,1.21658,1.75001,-0.352644,0.385407,2.02986,-0.755804,0.44851,0.398325,5.51288,-1.38057,0.0975401,2.75055,-1.6436e-05,-0.110036,-0.0354405,
934,0.00209479,0.00939722,0.0258925,-0.358363,-0.342248,0,0.338379,0,0.555804,0.94536,0.0093975,-0.0772864,-0.316597,0.458323,1.25264,-0.516392,-0.525895,-0.300699,-0.523722,0.183905,1.21533,1.44877,0.218236,0.48262,-0.240359,0.468642,-1.34661,0.997333,-0.61092,-3.4244,0.103778,6.03566,-0.00853698,-0.0870666,0.0105028,
935,0.00232323,0.00755695,-0.00975368,-0.44366,-0.185462,0,-0.0433367,0,0.570789,0.929607,0.00755709,-0.071688,-0.361434,0.512321,1.15731,-0.538808,-0.522885,0.0558406,-0.523774,0.181277,1.21774,1.5212,0.297567,0.0590487,-0.311086,0.0581211,-2.17539,1.15362,-3.1836,0.412702,-0.00991115,8.20036,0.00317441,-0.0302583,0.0800314,
936,0.00236768,0,-0.0206061,-0.414375,-0.0223749,0,-0.459759,0,0.563315,0.911623,-0.00242166,-0.0713558,-0.404779,0.528808,0.920764,-0.526673,-0.523442,0.447668,-0.523534,0.180765,1.22267,1.42004,0.41224,-0.354629,-0.727789,-0.390592,-1.62234,-0.134115,-6.25402,0.0995429,-0.00711056,7.48267,0.000145622,0.00372555,0.0313632,
937,0.00239646,0,-0.0213378,0.00394996,0.194468,0,-0.592466,0,0.533037,0.903131,-0.0282197,-0.0731005,-0.422155,0.51789,0.539765,-0.524133,-0.523582,0.56002,-0.523673,0.180434,1.22211,1.60154,0.0350723,-0.863577,-1.17914,-0.533541,-0.0408565,-0.299507,-8.96424,0.0182315,-0.000521509,-1.52724,-0.00562741,-0.01118,-0.0172725,
938,0.00246762,0,-0.0177951,0.187265,0.315114,0,-0.494496,0,0.484471,0.902463,-0.0537908,-0.0961526,-0.416439,0.499285,0.485956,-0.488033,-0.52391,0.377694,-0.523512,0.179615,1.22147,1.71565,-0.112755,-1.14748,-0.384838,-1.50197,0.511201,-0.443692,1.19018,1.4108,-0.00581646,-5.73003,-0.000927031,-0.0149569,-0.0094279,
939,0.00257844,0,-0.00659005,0.331489,-0.527931,0,-0.152948,0,0.495375,0.915553,-0.0518307,-0.0735651,-0.392,0.475837,0.57875,-0.383385,-0.522795,0.0285103,-0.523389,0.17834,1.22184,2.45544,-1.57504,0.924067,-0.784618,0.89488,1.20241,-0.503286,2.50673,2.97074,-0.0147693,-8.40767,-0.00580309,-0.0342096,0.0553648,
940,0.00269891,0,0.0369723,0.388445,-0.336173,0,0.290325,0,0.528994,0.930407,-0.0636494,-0.043008,-0.358389,0.449401,0.761672,-0.334566,-0.523612,-0.409891,-0.523551,0.176954,1.222,2.24587,-1.49655,0.425444,-0.800891,0.946992,1.91653,-0.552873,4.79073,-0.985496,-0.0161762,-9.12248,-0.00130916,-0.0211847,-0.00987036,
941,0.00280394,0,0.0904873,-0.101889,-0.312781,0,0.509055,0,0.5442,0.946399,-0.0250833,-0.0458433,-0.318744,0.432359,1.06185,-0.442834,-0.526091,-0.565813,-0.523562,0.175746,1.22072,2.04322,-0.779209,0.406493,3.21717,-0.786445,1.31201,-0.120396,7.1683,-3.32822,-0.0713538,1.15613,-0.000741206,-0.072519,-0.0661245,
942,0.00337817,0.00584921,0.051229,-0.322989,-0.318048,0,0.438674,0,0.576369,0.946457,0.00584928,-0.0986987,-0.307317,0.446935,1.26057,-0.553677,-0.528896,-0.416189,-0.523802,0.169138,1.21516,1.72924,-0.562053,0.431029,1.3866,-1.56483,-0.574228,0.637243,-0.496297,0.440803,-0.0513049,4.80149,-0.00593541,-0.108317,-0.110832,
943,0.00365357,0.0366779,0.00115234,-0.440885,-0.233175,0,0.201327,0,0.595924,0.931284,0.0366943,-0.0969347,-0.349237,0.487831,1.17653,-0.53109,-0.53198,-0.106733,-0.523365,0.16597,1.20995,1.78675,-0.259677,0.183096,0.805773,0.899446,-2.36915,0.990358,-2.83605,0.244148,-0.0618989,7.62812,-0.00476588,-0.0385214,-0.0868662,
944,0.00368618,0.049211,-0.0178875,-0.479227,-0.236013,0,-0.211378,0,0.605271,0.910044,0.0492508,-0.0919966,-0.401163,0.531232,0.957474,-0.525245,-0.534605,0.301961,-0.523545,0.165594,1.21519,1.57771,0.21947,0.1379,-0.237325,-0.477069,-2.13069,0.191048,-5.90097,0.0396579,-0.0438325,8.70825,-0.00194607,0.0219568,0.282318,
945,0.00359405,0.0316057,-0.0215698,-0.0773118,-0.0744402,0,-0.513358,0,0.601936,0.892461,0.0316162,-0.0990813,-0.438972,0.524912,0.581735,-0.524422,-0.536347,0.585234,-0.523775,0.166654,1.22443,1.66938,-0.026669,-0.271843,-1.01184,-0.939976,-0.573449,-0.237954,-9.1008,0.00399877,-0.0245212,-0.401935,-0.00923342,0.00907559,-0.0450099,
946,0.00355867,0.00456377,-0.0191759,0.0793334,0.0589611,0,-0.464861,0,0.581625,0.885873,0.0045638,-0.128582,-0.445729,0.509039,0.469795,-0.524038,-0.5378,0.468671,-0.523628,0.167061,1.22239,1.73143,-0.137611,-0.578014,-0.209017,-1.89878,0.116115,-0.394869,1.44804,0.00321649,-0.0302837,-4.15982,0.0110191,0.0116352,-0.0208911,
947,0.00355658,0,-0.012543,0.215881,0.0469629,0,-0.331679,0,0.560048,0.898388,-0.0586596,-0.136815,-0.413207,0.484731,0.553871,-0.515116,-0.538233,0.187404,-0.52348,0.167086,1.22187,1.85798,-0.557943,-0.518528,-2.52276,-1.20603,2.48554,-0.555984,1.92447,0.37294,0.00134764,-7.14682,-0.00240964,-0.00109079,-0.00405073,
948,0.00352883,0,0.0112376,0.308705,-0.441509,0,-0.00276137,0,0.552905,0.918606,-0.100669,-0.117789,-0.36353,0.456286,0.687825,-0.497304,-0.53402,-0.214952,-0.523472,0.167405,1.22131,2.26412,-1.65238,0.698927,0.071683,1.85669,2.30321,-0.571282,3.429,0.172929,0.244038,-8.77782,0.000918653,0.011457,-0.0172513,
949,0.00341634,0,0.105328,0.00672498,-0.178923,0,0.422726,0,0.573488,0.942356,-0.0866511,-0.0718508,-0.315109,0.430267,0.911655,-0.538066,-0.522684,-0.598168,-0.523553,0.168699,1.22027,2.31672,-1.30811,0.0902162,0.47274,1.80794,1.10653,-0.446729,5.50996,-0.0582736,0.0953816,-1.5584,-0.00210766,0.0546071,-0.0293353,
950,0.0031536,0,0.0876254,-0.210779,-0.0615052,0,0.459246,0,0.571098,0.953047,-0.0305677,-0.0529557,-0.296584,0.429534,1.17891,-0.528365,-0.523306,-0.51834,-0.523587,0.171722,1.21838,2.24663,-1.01315,-0.158578,3.32659,0.996296,0.68293,0.402806,5.18532,0.14983,-0.0431476,3.26981,0.000200263,0.062386,-0.0448914,
951,0.00288024,0.0224336,0.0242475,-0.364909,-0.44059,0,0.340427,0,0.588338,0.952252,0.0224374,-0.0635743,-0.297776,0.466569,1.24497,-0.524479,-0.524963,-0.274639,-0.524032,0.174868,1.22137,1.15137,-0.268683,0.762125,0.638771,-0.622313,-1.01766,1.05804,-0.910111,0.0286357,-0.0199469,6.46001,-0.0184381,0.0557355,0.198293,
952,0.00257092,0.0334266,-0.0126344,-0.465246,-0.245411,0,-0.0332309,0,0.613519,0.941209,0.0334391,-0.0787648,-0.326809,0.522678,1.13364,-0.524705,-0.525917,0.102529,-0.524799,0.178427,1.22266,1.02826,-0.192056,0.234609,0.428426,-0.381533,-1.47349,1.18533,-3.52189,-0.0068204,-0.0178567,8.60863,-0.0114365,0.0868436,-0.0250384,
953,0.00216069,0.0402384,-0.0224636,-0.443636,-0.0115217,0,-0.439149,0,0.611139,0.929593,0.0402601,-0.0842469,-0.356565,0.528774,0.876473,-0.524467,-0.526656,0.516332,-0.525231,0.183147,1.22201,0.921227,-0.233201,-0.330744,0.0528266,-0.0262617,-1.15449,-0.194522,-6.73849,0.00440402,-0.0113214,7.95,-0.00589099,0.102398,-0.00384464,
954,0.00182055,0.0307267,-0.0222115,0.0215821,0.0635605,0,-0.484506,0,0.58441,0.929665,0.0307364,-0.0897371,-0.355985,0.514332,0.491854,-0.523881,-0.526746,0.54832,-0.525686,0.187061,1.22201,1.04326,-0.344904,-0.498615,-0.46139,-1.1582,0.338906,-0.371661,-3.69458,0.00773927,0.000918183,-2.21412,-0.0103614,0.0540669,0.00339641,
955,0.00161217,0.00811677,-0.0184862,0.151371,0.107745,0,-0.352204,0,0.552934,0.932558,0.00811695,-0.121534,-0.339851,0.491786,0.500725,-0.51231,-0.526713,0.352837,-0.525435,0.189458,1.22197,1.27295,-0.634177,-0.582247,-1.39449,-1.27763,2.04112,-0.546664,0.984096,0.429461,0.0147477,-5.49208,0.0501106,0.0314173,-0.000819949,
956,0.00152823,0,-0.00628562,0.245447,0.0628539,0,-0.171892,0,0.522949,0.950708,-0.061881,-0.126799,-0.276128,0.460961,0.575864,-0.472874,-0.525367,0.0245301,-0.522749,0.190424,1.22184,1.60658,-0.966972,-0.417168,-2.29691,-0.252604,3.36899,-0.665668,2.02134,1.05036,0.0923535,-7.57546,-0.00518528,0.0124491,-0.00299699,
957,0.00142825,0,0.072393,0.301731,-0.223864,0,0.26179,0,0.530611,0.967698,-0.055895,-0.0915891,-0.22814,0.429922,0.720982,-0.426724,-0.522229,-0.364989,-0.523324,0.191575,1.22086,2.33263,-1.52947,0.282178,0.626344,2.0451,2.04999,-0.619519,3.74331,0.985727,-0.0334978,-8.09901,-0.00779317,0.025459,-0.0219169,
958,0.00126419,0,0.340105,-0.0877749,-0.17352,0,0.505403,0,0.532057,0.979495,-0.0315968,-0.0470921,-0.193324,0.413144,0.958952,-0.418188,-0.524018,-0.575403,-0.52365,0.193462,1.22005,1.99054,-0.72658,0.199506,0.429021,0.910928,0.606641,-0.0472937,5.72968,-0.626194,-0.0370406,0.844032,-0.00455031,0.0410074,0.0804916,
959,0.00156445,0.000484347,0.182855,-0.286619,-0.285161,0,0.45123,0,0.563618,0.979894,0.000484347,-0.0753208,-0.184757,0.479041,1.21381,-0.479791,-0.526571,-0.442046,-0.523521,0.190007,1.22081,1.45654,-0.475121,0.472503,1.68073,-1.08324,-0.0817462,2.55736,4.61734,-1.82659,-0.0543062,4.45802,-0.00156617,-0.0730127,0.00515278,
960,0.00179319,0.0311945,0.0120189,-0.43164,-0.151096,0,0.226707,0,0.574512,0.97564,0.0312046,-0.0959436,-0.1948,0.546603,1.23383,-0.538552,-0.529191,-0.142831,-0.523411,0.187376,1.22096,1.36295,-0.192954,0.146415,0.76582,1.25852,-1.80342,-0.452974,-1.34736,0.23289,-0.0607543,7.4175,0.0370424,-0.0148477,-0.0115689,
961,0.00167408,0.0425479,-0.0203791,-0.469532,-0.206544,0,-0.181571,0,0.586175,0.967211,0.0425736,-0.0811701,-0.236858,0.523897,1.08912,-0.527261,-0.531874,0.259282,-0.523363,0.188746,1.22251,1.02303,0.300385,0.232758,-0.230364,-0.335713,-1.58284,-0.40363,-4.41453,0.11994,-0.0457368,8.67143,-0.00665694,0.061863,-0.0101055,
962,0.00141348,0.0317797,-0.0234946,-0.100874,0.00993,0,-0.503438,0,0.584739,0.959906,0.0317904,-0.0860942,-0.264874,0.500266,0.787673,-0.524604,-0.533838,0.573419,-0.523643,0.191745,1.22206,1.21963,-0.0074799,-0.287128,-0.697378,-0.512339,-0.0502056,-0.548757,-7.61512,0.0162309,-0.0301093,0.336224,-0.00713898,0.0437725,-0.00347096,
963,0.00124806,0.011023,-0.0212626,0.0822191,0.179252,0,-0.465841,0,0.559275,0.96081,0.0110234,-0.0984105,-0.258919,0.468892,0.480634,-0.522311,-0.535255,0.483765,-0.523891,0.193648,1.22195,1.36518,-0.0871359,-0.665007,-0.211082,-1.19728,0.647407,-0.70422,-0.57636,0.0783058,-0.0313193,-3.61423,0.0050344,0.0298701,-0.000825873,
964,0.00115374,0,-0.0152024,0.205001,0.180293,0,-0.278297,0,0.521923,0.965456,-0.0164131,-0.122496,-0.229389,0.430084,0.516612,-0.486753,-0.536423,0.225012,-0.523216,0.194733,1.22186,1.71274,-0.425536,-0.637888,-2.11609,-0.799973,2.82007,-0.864304,1.11315,1.31221,-0.00321953,-6.62925,0.00512711,0.00176224,-0.00109036,
965,0.00113539,0,0.0215896,0.28453,-0.126235,0,0.0384063,0,0.51138,0.977002,-0.0486039,-0.105599,-0.178755,0.386883,0.609078,-0.401877,-0.530462,-0.140011,-0.523373,0.194944,1.22135,2.55884,-0.861808,0.105654,0.678178,1.21618,0.975353,-0.847948,2.58503,2.06495,0.236571,-7.99897,-0.00526774,0.01697,-0.0204033,
966,0.00107157,0,0.578747,0.289389,-0.041675,0,0.453157,0,0.520501,0.987059,-0.0331859,-0.0601739,-0.14489,0.349071,0.787085,-0.329147,-0.521141,-0.516988,-0.523525,0.195679,1.22044,2.73442,-1.01677,-0.0514426,0.493675,1.84272,1.4478,-0.663266,4.52376,0.949004,-0.0207112,-7.20153,-0.00218761,0.0187705,-0.0193968,
967,0.000939716,0,0.674729,-0.169686,-0.294273,0,0.490117,0,0.5442,0.987274,-0.0254636,-0.0631257,-0.143724,0.423276,1.05797,-0.28824,-0.523878,-0.543636,-0.523495,0.197196,1.22274,2.166,0.107671,0.535826,2.00091,-1.50371,-0.571033,3.58376,6.24594,0.675944,-0.0756413,2.2077,0.00359845,0.0242442,-0.0194735,
968,0.000795619,0.0177875,0.142522,-0.351582,-0.15207,0,0.400177,0,0.558937,0.982557,0.0177894,-0.0958446,-0.158362,0.563005,1.26094,-0.308438,-0.527766,-0.347815,-0.523576,0.198854,1.22145,1.966,0.464356,0.185087,1.07319,1.08888,-1.62808,-0.545525,-0.17412,-1.45427,-0.0896842,5.50951,0.0080358,0.0622973,-0.0436952,
969,0.000447569,0.0335691,-0.00747192,-0.4394,-0.242949,0,0.0879672,0,0.571755,0.97501,0.0335817,-0.0714812,-0.207651,0.532984,1.18534,-0.406395,-0.531789,-0.00782395,-0.523542,0.202858,1.22229,1.54297,0.977166,0.347901,-0.415743,0.0352589,-2.16886,-0.332228,-2.77417,-2.46503,-0.0655071,8.0977,-0.0013869,0.0973007,0.0134388,
970,3.6657e-06,0.0218964,-0.0225389,-0.447382,-0.0595416,0,-0.371704,0,0.577351,0.963192,0.0218999,-0.0692742,-0.25881,0.51543,0.969442,-0.549387,-0.534608,0.403062,-0.523582,0.207966,1.22206,1.53334,1.00308,-0.12522,-0.710241,-0.413611,-2.27536,-0.358178,-5.83473,-0.825398,-0.0482266,8.34201,-0.000173898,0.116286,-0.00500298,
971,-0.000430171,0,-0.0228579,-0.0101347,0.152217,0,-0.565255,0,0.558197,0.95146,-0.00123896,-0.0761281,-0.298205,0.493659,0.602841,-0.534516,-0.536593,0.581002,-0.523673,0.212958,1.22191,1.88109,0.657137,-0.641992,-1.15909,-0.644521,-0.7182,-0.518642,-8.80514,0.364937,-0.031617,-1.30323,-0.00479022,0.0802456,-0.00132738,
972,-0.000708077,0,-0.0192013,0.163475,0.27615,0,-0.474326,0,0.519188,0.94536,-0.0256161,-0.100512,-0.309087,0.464043,0.481003,-0.489206,-0.538335,0.41454,-0.523506,0.216156,1.22179,2.02342,0.547739,-0.944426,-0.440491,-1.56125,-0.131336,-0.665087,1.09412,1.43669,-0.0347176,-5.32177,0.000102107,0.0519359,-0.00169957,
973,-0.000832643,0,-0.00798729,0.281409,-0.435704,0,-0.22195,0,0.499867,0.9489,-0.0576687,-0.101157,-0.293309,0.428084,0.564039,-0.3795,-0.535069,0.0810978,-0.52336,0.217589,1.22174,3.30934,-0.696016,0.753041,-0.698004,1.59692,0.934959,-0.733999,2.23385,2.71287,0.256269,-7.84176,0.000644679,0.0101297,-0.00318185,
974,-0.000842315,0,0.0491184,0.377618,-0.233631,0,0.233309,0,0.525854,0.961104,-0.0581834,-0.0539353,-0.264545,0.389936,0.724614,-0.326083,-0.52261,-0.342282,-0.523516,0.2177,1.22141,3.09035,-0.73108,0.268868,-0.320391,1.81743,1.72989,-0.789676,4.17156,-0.55151,0.109378,-9.08295,-0.00244721,-0.00464105,-0.00860368,
975,-0.000546354,0,0.206473,-0.0862161,-0.508513,0,0.511005,0,0.550054,0.970706,-0.0315941,-0.0406753,-0.234685,0.365831,0.99426,-0.394877,-0.52337,-0.58228,-0.523567,0.214295,1.21928,1.94923,-0.109787,1.02188,2.19121,-0.960847,0.543879,-0.0955515,6.53693,-2.18666,-0.0511273,0.939424,-0.00068182,-0.196468,-0.105337,
976,0.000275476,0.013216,0.117769,-0.290067,-0.307643,0,0.476245,0,0.58768,0.971916,0.0132168,-0.0722714,-0.223565,0.398916,1.26744,-0.562634,-0.525888,-0.443585,-0.523606,0.204839,1.21404,1.96277,-0.0191749,0.488933,1.73618,-0.620561,-0.499952,1.42145,1.16537,-1.00323,-0.0470916,4.5945,-0.00153854,-0.169898,-0.102747,
977,0.000940179,0.0510544,0.00742581,-0.444694,-0.109712,0,0.260231,0,0.599994,0.963165,0.0510988,-0.091969,-0.247477,0.490239,1.21772,-0.539559,-0.528168,-0.132333,-0.523572,0.19719,1.21137,1.92816,0.0608535,-0.000619988,1.46121,-0.313957,-1.47318,2.21874,-2.15356,0.513033,-0.0443956,7.82275,0.000791386,-0.140126,-0.00573619,
978,0.00119216,0.0648029,-0.0204488,-0.485793,-0.293307,0,-0.162742,0,0.611996,0.948959,0.0648939,-0.0813252,-0.297746,0.541587,1.03082,-0.526307,-0.530203,0.289816,-0.523511,0.194291,1.21854,1.85097,0.683594,0.379436,-0.650961,0.0125289,-2.24633,-0.377546,-5.29084,0.0970238,-0.0312375,9.09345,-0.00110586,0.013046,0.289044,
979,0.00115959,0.0438752,-0.0232522,-0.0521027,-0.125034,0,-0.495925,0,0.62006,0.936824,0.0439034,-0.0754887,-0.338726,0.518795,0.683648,-0.524609,-0.531344,0.590462,-0.523655,0.194666,1.22358,2.0142,0.405007,-0.0570534,-1.31471,-0.417016,-0.544452,-0.533831,-8.56762,0.0067483,-0.0126981,-0.442795,-0.00658401,-0.0137568,-0.0405825,
980,0.00125147,0.0138836,-0.020274,0.118689,0.0225277,0,-0.451651,0,0.608131,0.93435,0.0138845,-0.0856546,-0.345631,0.488248,0.470067,-0.52417,-0.532073,0.473568,-0.523603,0.193609,1.2222,2.11765,0.31351,-0.396124,-0.597499,-1.28103,0.140799,-0.686577,0.964051,0.00327356,-0.0176705,-4.10338,0.0113309,-0.0280504,-0.0113393,
981,0.00137165,0,-0.0124789,0.242102,0.215141,0,-0.237832,0,0.577484,0.934818,-0.0137944,-0.110052,-0.337363,0.450836,0.540567,-0.520222,-0.532845,0.191158,-0.523531,0.192226,1.22188,2.13056,0.168896,-0.827141,-0.754696,-1.26362,0.707709,-0.808896,1.81279,0.152848,-0.0130152,-7.16797,-0.00149179,-0.0266722,-0.00243481,
982,0.00153539,0,0.0157117,0.296166,0.177271,0,0.0489342,0,0.538999,0.945725,-0.0702195,-0.108561,-0.298141,0.408038,0.672534,-0.475358,-0.532797,-0.196318,-0.523514,0.190342,1.22177,2.38357,-0.225967,-0.699644,-3.20413,-0.0612738,3.13394,-0.901444,3.44962,1.62788,0.0164068,-8.31458,-0.000597785,-0.0514579,-0.00240154,
983,0.00161716,0,0.133439,0.0563638,0.0393674,0,0.441694,0,0.523749,0.956168,-0.0638654,-0.0818206,-0.273805,0.370179,0.896774,-0.374871,-0.529918,-0.570202,-0.52355,0.189401,1.22076,2.50344,-0.812599,-0.362072,1.02754,1.86477,-0.299805,-0.653408,5.47529,2.56434,0.0608894,-2.7594,0.00114833,0.010126,-0.0334825,
984,0.00184261,0,0.0961921,-0.214488,-0.537956,0,0.509986,0,0.525402,0.953819,-0.00406617,-0.0789774,-0.289784,0.368497,1.16973,-0.24221,-0.527933,-0.521557,-0.523474,0.186807,1.21634,1.2808,-0.0926232,1.05766,1.4311,-0.0993575,-1.47363,0.612911,5.36077,2.73072,0.0339852,2.83153,0.00296193,-0.180407,-0.185679,
985,0.00255215,0.0177848,0.0252573,-0.373696,-0.405543,0,0.346675,0,0.569453,0.941927,0.0177867,-0.0792323,-0.325852,0.415798,1.25168,-0.20642,-0.526043,-0.291141,-0.523639,0.178643,1.20747,1.03684,0.0701584,0.638364,0.447378,0.290751,-1.56668,1.27338,-0.97287,-1.26664,0.0393657,6.35419,-0.00416494,-0.142513,-0.176138,
986,0.00307057,0.0283097,-0.00938468,-0.459839,-0.239771,0,-0.0222327,0,0.589795,0.92971,0.0283173,-0.0757718,-0.359299,0.482339,1.13572,-0.341829,-0.523887,0.081435,-0.523652,0.172678,1.20161,0.866794,0.215633,0.188691,0.04409,-0.0368476,-1.28702,1.38672,-3.64255,-4.12762,0.0491888,8.52936,0.00564053,-0.09178,-0.0634323,
987,0.00337738,0.0244173,-0.0217552,-0.43906,-0.0495615,0,-0.448997,0,0.587209,0.919245,0.0244221,-0.0780205,-0.385103,0.533985,0.873774,-0.557717,-0.523257,0.493298,-0.523554,0.169147,1.20351,0.884315,0.226954,-0.273946,-0.362832,-0.526617,-1.32239,0.0143042,-6.80781,-1.22283,-0.0085034,7.95922,-0.000693586,-0.0440118,0.143176,
988,0.00361085,0.00386858,-0.0217174,0.00237593,0.133595,0,-0.527084,0,0.561465,0.914177,0.0038686,-0.0915855,-0.394813,0.52382,0.487031,-0.538184,-0.52355,0.542443,-0.523656,0.166461,1.21546,1.18777,-0.175864,-0.695998,-0.285246,-1.28673,0.119302,-0.2986,-3.63922,0.55474,-0.00866335,-1.86337,0.00437203,-0.0551186,0.327429,
989,0.00384713,0,-0.0181651,0.147638,0.12077,0,-0.416587,0,0.523038,0.916952,-0.0217208,-0.121962,-0.379278,0.504754,0.499178,-0.487485,-0.523835,0.35727,-0.523485,0.163742,1.22382,1.41504,-0.561156,-0.651248,-1.8152,-1.12418,2.23952,-0.482152,0.99491,1.4406,0.0133671,-5.42362,0.00149933,-0.0640887,-0.0365856,
990,0.00411532,0,-0.00661067,0.27002,-0.270878,0,-0.190186,0,0.506359,0.9361,-0.0696522,-0.110909,-0.326443,0.478513,0.574893,-0.403667,-0.523315,0.0249788,-0.523445,0.160657,1.22157,2.20879,-1.3225,0.296126,0.383425,1.16073,1.26825,-0.519421,2.05034,1.73266,0.00145922,-7.78802,-0.000442402,-0.0429566,-0.0565609,
991,0.00426591,0,0.0501162,0.344737,-0.15318,0,0.296029,0,0.521368,0.953792,-0.0495704,-0.0727597,-0.28728,0.451516,0.724412,-0.372521,-0.523484,-0.385163,-0.52353,0.158924,1.21877,2.23832,-1.49376,0.0587168,0.535745,1.6121,1.96649,-0.560193,3.9146,-0.39564,-0.00440004,-8.69347,-0.00193793,-0.0215965,-0.0559955,
992,0.00430479,0,0.154907,-0.109936,-0.342355,0,0.497562,0,0.528161,0.96345,-0.0379418,-0.0535275,-0.25973,0.434506,0.977677,-0.418496,-0.523786,-0.579564,-0.523619,0.158476,1.21919,1.71574,-0.271778,0.539758,1.46023,-0.785665,0.703756,-0.0649176,6.10589,-1.44434,-0.0271762,1.16807,0.0124599,-0.0345199,0.078692,
993,0.00439446,0.00411476,0.0919323,-0.307709,-0.135999,0,0.44945,0,0.544362,0.966842,0.00411478,-0.0861564,-0.240368,0.460326,1.24118,-0.540256,-0.525584,-0.432169,-0.523531,0.157445,1.22212,1.67675,-0.137641,0.066302,1.84565,-0.660248,0.0643178,1.08576,2.04621,-1.31955,-0.0354341,4.70921,-0.00260903,0.0071527,0.00675789,
994,0.00400495,0.0207414,0.00339199,-0.422743,-0.329698,0,0.18696,0,0.567041,0.956874,0.0207444,-0.0782507,-0.278996,0.531097,1.21875,-0.534056,-0.527375,-0.127583,-0.523534,0.161926,1.2213,1.68727,0.540097,0.488517,-0.212458,0.25187,-2.18104,1.38819,-1.7361,0.327585,-0.0308639,7.55034,-0.00135755,0.133136,-0.00504859,
995,0.00335407,0.0155174,-0.018645,-0.455905,-0.145377,0,-0.258393,0,0.579445,0.941741,0.0155187,-0.0709437,-0.328405,0.531263,1.05653,-0.525956,-0.528655,0.274447,-0.52358,0.169416,1.22209,1.55885,0.5944,-0.000292801,-0.570208,0.0151268,-1.99515,-0.282897,-4.72771,0.0569819,-0.0211787,8.52489,-0.000412945,0.170065,-0.00205707,
996,0.00261375,0,-0.0222194,-0.0759302,0.0103622,0,-0.562408,0,0.568953,0.92855,-0.00293341,-0.0660402,-0.365275,0.513846,0.742317,-0.524361,-0.529373,0.573538,-0.523659,0.177934,1.22193,1.65571,0.38676,-0.388497,-1.22327,-0.433497,-0.53274,-0.420666,-7.81376,0.0119114,-0.00478748,0.227674,-0.00533655,0.156114,-0.00190691,
997,0.00195875,0,-0.0197716,0.128402,0.166798,0,-0.538057,0,0.538982,0.92567,-0.0344189,-0.071444,-0.369927,0.488963,0.463037,-0.522219,-0.52959,0.473691,-0.523733,0.185471,1.22179,1.7828,0.271099,-0.747243,-0.638417,-1.21201,0.228147,-0.572992,0.302497,0.0759226,-0.00812929,-4.01974,0.00968793,0.143151,-0.00176359,
998,0.00134348,0,-0.0120563,0.282202,0.213594,0,-0.325014,0,0.493235,0.926915,-0.0590725,-0.0938165,-0.358522,0.457322,0.526217,-0.488699,-0.529909,0.179704,-0.523515,0.19255,1.22171,1.70836,-0.236572,-0.844667,0.35566,-0.393034,0.693948,-0.687528,1.75638,1.22803,-0.00516412,-7.71265,-0.00145702,0.143851,-0.00739187,
999,0.000795162,0,0.0178981,0.372816,-0.399039,0,0.148789,0,0.502137,0.942661,-0.0469931,-0.0654391,-0.323881,0.422327,0.663713,-0.40748,-0.524432,-0.238114,-0.523477,0.198859,1.22187,2.25315,-1.22753,0.622946,-0.677379,0.874034,1.73306,-0.722671,3.72452,2.23574,0.159436,-9.19839,-0.00419605,0.115506,0.00400457,
