step,action0,action1,action2,action3,action4,action5,action6,action7,state0,state1,state2,state3,state4,state5,state6,state7,state8,state9,state10,state11,state12,state13,state14,state15,state16,state17,state18,state19,state20,state21,state22,state23,state24,state25,state26,
0,0.00621484,-0.00083803,0.0832799,-0.00117737,-0.0253193,0,0.218249,-0.000156224,0.654131,0.996935,0.042092,0.0582416,-0.0309292,-0.00735012,0.0565116,0.0761231,0.0462263,-0.000918915,0.0158844,-0.0385503,0.043975,0.047868,0.0731876,0.0648389,0.0549416,0.0181467,0.0555343,0.0700165,0.0293458,0.035029,0.0451245,0.00214929,0.0969759,0.0306798,0.0941912,
1,0.0458621,0.022171,0.062145,0.0311411,-0.00233795,0,0.165079,-0.0029833,0.678507,0.996254,0.0429588,0.0674274,-0.0329674,0.0112524,0.434919,0.0734776,-0.414939,0.038872,-0.420342,-0.0356086,0.43302,0.0971791,0.026497,0.271596,0.027517,0.402956,-0.234719,0.668572,8.349,-0.141101,-10.1924,1.57856,-9.65024,0.0865171,8.57423,
2,0.0866311,0.0469815,0.0109315,0.0659346,0.0579721,0,0.0209909,-0.00118278,0.674782,0.995287,0.0432396,0.0765398,-0.0409481,0.0552566,0.847822,0.0661885,-0.912011,0.146201,-0.891495,-0.0228875,0.855274,0.0345987,0.042178,-0.437276,0.0144163,0.290548,-0.411458,1.08863,8.16858,-0.151259,-9.69444,2.70668,-9.19926,0.418745,8.31812,
3,0.116521,0.0681011,-0.0433405,0.0954611,0.133488,0,-0.162668,0.0476165,0.650751,0.998415,-0.0162738,0.0102907,-0.0528875,0.112805,1.25745,0.0694376,-1.28358,0.281057,-1.29383,0.0119099,1.26093,-0.0938136,0.0272426,-0.550683,-0.447424,-5.53448,-0.0930308,1.22423,6.63274,0.286963,-0.420534,2.69157,-1.74456,0.962072,6.54057,
4,0.098599,0.0655679,-0.053696,0.0919254,0.204261,0,-0.318192,0.00139456,0.65579,0.998338,0.00253308,-0.0356766,-0.0451843,0.163833,1.25921,0.110086,-1.2372,0.381944,-1.24549,0.0805177,1.25947,0.493746,-0.222655,0.462049,0.833189,0.21175,-0.265945,0.836597,-1.22068,1.30753,1.07628,1.34558,1.39403,1.776,-1.30161,
5,0.0717034,0.0620052,0.016259,0.0869497,0.204909,0,-0.342517,0.00205961,0.667851,0.997916,0.0233394,-0.0324206,-0.0506747,0.194894,1.21655,0.211154,-1.18463,0.389436,-1.17754,0.185021,1.20801,0.62758,-0.161316,0.0697989,0.662218,0.13808,-0.164418,0.408802,-0.492158,2.72232,1.02801,-1.01903,1.31422,2.39712,-0.760133,
6,0.0401278,0.0586882,0.161934,0.0823144,0.134178,0,-0.23768,0.00192498,0.665921,0.997861,0.0302575,-0.0300299,-0.049557,0.217788,1.20846,0.381161,-1.13425,0.27803,-1.11433,0.314718,1.18247,0.860009,-0.0585053,-0.197131,-0.036406,0.0431042,0.230246,0.506054,0.163129,4.06536,0.988137,-3.42032,1.2303,2.78878,-0.266479,
7,0.00605875,0.0555315,0.27349,0.0779006,0.0108307,0,0.0267309,0.000434653,0.645902,0.998526,0.0227933,-0.0300318,-0.0390416,0.27198,1.22729,0.552612,-1.08579,0.0679736,-1.0542,0.457959,1.18028,0.955307,-0.177786,-0.579625,-0.828597,0.0149283,0.992995,1.64717,0.113248,0.239783,0.949076,-4.97527,1.16548,2.93664,0.176929,
8,-0.0159521,0.05253,0.127995,0.0737017,-0.116439,0,0.293062,-0.00829812,0.607016,0.999517,0.00636881,-0.0268958,-0.0141776,0.402236,1.22396,0.530937,-1.03933,-0.169788,-0.997056,0.541964,1.19892,1.1942,-0.139849,-0.819794,0.111887,0.842942,0.870382,3.54763,-0.0683263,-0.526087,0.914834,-4.51044,1.12764,-0.254061,0.561099,
9,-0.0172641,0.0496991,-0.0639158,0.0697395,-0.213078,0,0.581383,0.00245587,0.597462,0.999643,0.00767189,-0.0249008,-0.00592755,0.550173,1.22224,0.48617,-0.992276,-0.334538,-0.943185,0.523594,1.2297,0.332976,-0.117696,0.211045,0.14687,-0.634254,0.19606,0.168663,-0.0105567,-1.27439,0.932036,-2.12706,1.01776,-0.420395,0.0133186,
10,-0.0171977,0.0470658,-0.138758,0.0660527,-0.212066,0,0.583974,-0.00226791,0.596402,0.999279,0.0125427,-0.0353034,-0.00612826,0.525247,1.2221,0.385588,-0.946976,-0.332692,-0.893098,0.500057,1.22418,0.237993,0.0368151,-0.22119,0.188501,-0.0559138,-0.352166,-0.76616,0.000208412,-2.73327,0.879654,2.15685,0.98728,-0.517994,-0.0816874,
11,-0.0163053,0.0445145,-0.243297,0.0624792,-0.0924196,0,0.368268,0.000338587,0.583684,0.99905,0.0150418,-0.0353099,-0.020642,0.462486,1.2221,0.21421,-0.904176,-0.122769,-0.844586,0.473104,1.22204,-0.132455,0.774052,0.165403,-0.496544,-0.16409,-1.00346,-1.73549,2.87359e-05,-4.09921,0.831153,6.10932,1.01296,-0.486734,-0.0428122,
12,-0.0155866,0.0418974,-0.323825,0.0588124,0.113995,0,-0.13529,0.00242013,0.58006,0.998222,0.00742337,-0.0366959,-0.0463855,0.333382,1.22209,-0.00253211,-0.863547,0.242269,-0.794841,0.446451,1.22194,-0.469278,0.767539,-0.182714,0.358952,-0.053086,-0.859181,-3.39547,0.000774806,-4.5724,0.788009,8.47055,0.983113,-0.58411,0.00300067,
13,-0.0138173,0.0393256,-0.303878,0.0552079,0.333968,0,-0.533107,0.0147082,0.561028,0.996722,0.0100229,-0.0556879,-0.0578206,0.108573,1.22207,-0.205214,-0.824481,0.591396,-0.745973,0.41493,1.22197,-0.250235,0.701539,-0.621294,0.0309365,-1.20373,0.545206,-5.58813,-0.000254823,-3.55587,0.772086,1.30223,0.966897,-0.691127,0.00120027,
14,-0.0110886,0.036689,-0.098826,0.0515116,0.296308,0,-0.453025,0.00830501,0.533697,0.996633,0.0149081,-0.0754045,-0.0285331,-0.219725,1.22205,-0.318875,-0.788068,0.503723,-0.69589,0.378032,1.22199,0.423518,0.371537,-0.105852,-0.127579,-0.509848,1.79055,-7.52307,-4.33935e-05,-1.0565,0.705569,-3.66253,1.05507,-0.796562,0.00158807,
15,-0.00802597,0.0337335,0.236608,0.0473667,0.167841,0,-0.312742,0.00537439,0.54301,0.995712,0.0119546,-0.0903825,0.0156743,-0.56504,1.22204,-0.323862,-0.750497,0.250497,-0.639764,0.336659,1.22198,1.42216,0.22392,0.294737,0.0646651,-0.405402,1.46425,-1.93765,-0.000171188,0.915913,0.795653,-6.49149,1.16346,-0.844284,-0.000484466,
16,-0.00498885,0.0306168,0.271074,0.0429947,-0.031268,0,0.110392,0.000482552,0.55745,0.994013,0.00524131,-0.095299,0.0531801,-0.529342,1.22202,-0.251319,-0.70969,-0.119055,-0.580597,0.294006,1.22195,1.72914,0.0580078,0.0898767,-0.0502384,-0.177946,1.38484,1.79855,-0.00021415,2.01397,0.805384,-8.34315,1.18301,-0.858947,-0.000453457,
17,-0.00191065,0.0275407,0.227899,0.0386782,-0.260228,0,0.559681,-0.0066267,0.552697,0.992277,0.00983933,-0.095547,0.0784936,-0.391866,1.22199,-0.159894,-0.669752,-0.504933,-0.522217,0.251511,1.22193,1.75398,-0.0192424,-0.272629,-0.180654,0.303805,1.11697,3.68075,-0.000556796,1.65866,0.784417,-7.08931,0.962317,-0.84507,-0.00014944,
18,0.00596685,0.0273928,0.0459371,0.0384707,-0.279374,0,0.617636,-0.00929496,0.526688,0.993222,0.0097966,-0.0825812,0.0812018,-0.170243,1.22197,-0.124274,-0.631655,-0.536168,-0.51941,0.210675,1.22191,1.55124,0.239169,-0.771135,0.132242,0.598227,-0.314416,5.16634,-0.00023267,-0.239399,0.742259,2.3168,-0.159537,-0.797306,-0.000155732,
19,0.0130364,0.0276789,-0.267106,0.0388722,-0.162128,0,0.539535,0.00197696,0.530139,0.995393,0.0150079,-0.0826236,0.0462785,0.088888,1.22204,-0.184857,-0.596178,-0.317805,-0.524839,0.177705,1.22192,0.666333,0.61287,0.364623,0.197351,-0.559075,-1.8604,5.21016,-0.00155178,-2.18529,0.685976,6.45289,-0.0998972,-0.559746,-0.000606449,
20,0.0182039,0.0278627,-0.547407,0.0391301,0.0505444,0,0.0757927,0.00296409,0.538476,0.996343,0.0221304,-0.0819974,-0.00930058,0.294286,1.22198,-0.320386,-0.562877,0.0936621,-0.528327,0.15338,1.2219,0.377422,0.866481,-0.0160996,0.123188,-0.268078,-2.15868,3.01905,-0.00018267,-3.2372,0.652839,9.98898,-0.046141,-0.399529,-0.00014761,
21,0.0213773,0.0279236,-0.670217,0.0392156,0.323227,0,-0.522687,0.0147303,0.527295,0.99314,0.0274898,-0.101866,-0.0503993,0.341284,1.22198,-0.469853,-0.530712,0.567776,-0.529483,0.137982,1.2219,0.46268,0.813751,-0.453719,0.0133148,-1.23005,-0.424929,-1.11174,6.23942e-05,-2.76135,0.635435,3.89183,-0.00647433,-0.253101,0.00076454,
22,0.0229249,0.0277358,-0.602057,0.0389521,0.303094,0,-0.520072,0.0107486,0.497065,0.990538,0.0154989,-0.13078,-0.0386044,0.164208,1.22197,-0.532159,-0.519943,0.52505,-0.525919,0.12856,1.22192,0.841676,0.74908,-0.659907,-1.33089,-0.786762,1.50829,-5.93165,-0.000301076,0.331191,-0.088572,-3.0574,0.182429,-0.120109,0.000236598,
23,0.0230725,0.0275476,-0.232937,0.0386879,0.179174,0,-0.513131,-0.00754432,0.487231,0.991124,-0.0147189,-0.132109,-0.00206383,-0.234574,1.22198,-0.471866,-0.522984,0.290539,-0.522348,0.126165,1.22191,2.34398,0.594548,0.811727,0.00259775,1.21127,1.06655,-9.96917,5.77339e-05,1.88493,-0.0208532,-6.1704,-0.0246324,0.0282475,0.000234787,
24,0.022115,0.0276557,0.249539,0.0388397,-0.0492209,0,-0.0749487,-0.0108353,0.519644,0.993916,-0.0158079,-0.107512,0.0179724,-0.603575,1.22196,-0.348654,-0.523518,-0.102687,-0.524399,0.131923,1.22192,2.7918,0.130741,0.59791,-1.3946,1.21971,1.22102,0.358937,-0.000457417,3.03787,-0.0023288,-9.44946,-0.0381457,0.201718,0.000655495,
25,0.0195715,0.0278273,0.293403,0.0390805,-0.323712,0,0.547753,-0.00852774,0.541844,0.995917,-0.0385482,-0.0735236,0.0354609,-0.512105,1.222,-0.209819,-0.523626,-0.552568,-0.527656,0.146203,1.22191,2.1574,0.0652237,0.574523,0.465159,0.488187,-0.231989,2.73784,0.0064053,2.54732,-0.016499,-3.88241,-0.0846813,0.377723,-0.000317397,
26,0.0155961,0.0281203,0.179893,0.0394917,-0.316965,0,0.55867,-0.00560669,0.564589,0.99734,-0.0138553,-0.0700872,0.014474,-0.32498,1.22202,-0.143108,-0.524751,-0.519625,-0.533216,0.168736,1.2219,1.85212,0.143018,0.20457,0.946926,0.164626,-1.19476,4.73361,-0.00169414,0.130261,-0.0229633,2.95661,-0.140571,0.517011,4.73595e-05,
27,0.0106883,0.0285329,-0.131869,0.0400707,-0.18495,0,0.315137,-0.00508831,0.562013,0.997705,0.0115502,-0.0640048,-0.0188363,-0.0611383,1.22197,-0.19378,-0.525905,-0.273965,-0.541047,0.197,1.22191,1.71224,0.22363,-0.306528,0.887964,0.34702,-1.60514,5.8109,-0.000301238,-2.13902,-0.0227675,6.83876,-0.171076,0.613126,-2.83855e-06,
28,0.00533128,0.029038,-0.485247,0.0407795,0.0204604,0,-0.0281855,0.00573892,0.555097,0.995377,0.0122886,-0.0690335,-0.0656297,0.198174,1.22197,-0.33165,-0.526555,0.117692,-0.550633,0.228329,1.22203,0.886776,0.657965,-0.174413,-0.536962,-0.582696,-2.02047,4.57118,7.72197e-05,-3.36627,-0.00657721,8.80451,-0.207465,0.645135,-0.00205282,
29,-0.000280493,0.0295037,-0.67776,0.0414329,0.261127,0,-0.524178,0.0105699,0.532927,0.990447,0.00266879,-0.0815037,-0.111196,0.332318,1.22198,-0.49264,-0.526756,0.542012,-0.55947,0.260588,1.22193,0.738359,0.592901,-0.612433,-0.271219,-0.747994,-1.30563,0.829418,0.00292524,-3.08317,-0.00278761,6.75345,-0.145959,0.641161,-0.000633275,
30,-0.00582316,0.0297691,-0.656235,0.0418053,0.255094,0,-0.542638,0.01671,0.502928,0.986249,0.00197716,-0.117408,-0.11629,0.249389,1.22203,-0.536783,-0.526971,0.53879,-0.564508,0.29074,1.22193,0.910958,0.326882,-0.805208,0.154093,-1.5007,0.220475,-4.11533,-0.00146927,0.764758,-0.00388619,-2.71634,-0.0578408,0.577416,-0.00024262,
31,-0.0115948,0.0294104,-0.372716,0.041302,0.134291,0,-0.558436,-0.00611821,0.491475,0.987892,-0.0287592,-0.12794,-0.0829058,-0.0714929,1.222,-0.463067,-0.522692,0.319102,-0.557699,0.316555,1.22193,2.53518,0.110346,0.976148,-0.345326,1.06578,1.37813,-8.6541,0.000263869,1.92423,0.146395,-5.88547,0.404893,0.465667,-8.39325e-05,
32,-0.0174325,0.028399,0.210932,0.0398827,-0.0836831,0,-0.120135,-0.00609383,0.532285,0.992797,-0.0264245,-0.10498,-0.0513384,-0.561541,1.22198,-0.347395,-0.522749,-0.0691121,-0.538504,0.336967,1.22192,2.7873,-0.0166334,0.600631,0.268616,0.674591,1.31091,-8.88238,-0.000455206,2.73493,-0.0291885,-9.61729,0.360125,0.354671,2.27709e-05,
33,-0.021969,0.0275588,0.32456,0.0387037,-0.38022,0,0.509432,-0.0100569,0.550128,0.994755,-0.0316007,-0.0892379,-0.0387256,-0.564983,1.22197,-0.228247,-0.523735,-0.559447,-0.522561,0.352358,1.22192,2.60961,-0.350931,0.0920411,-0.273629,0.667945,0.0536288,2.23169,2.19981e-05,2.03083,-0.0188505,-8.17427,0.135846,0.2484,-0.000415504,
34,-0.0236949,0.0275901,0.197906,0.0387476,-0.396085,0,0.515827,-0.0108361,0.540011,0.994562,-0.0264127,-0.0720288,-0.0704282,-0.3963,1.22197,-0.195747,-0.52507,-0.550494,-0.523154,0.3613,1.2219,2.42409,-0.00982605,-0.463546,0.121881,0.772003,-1.6167,4.48864,-0.000116756,-0.74032,-0.0273483,3.06959,-0.0657304,0.0991188,2.16432e-05,
35,-0.023403,0.0278336,-0.160573,0.0390893,-0.275619,0,0.350687,-0.00322029,0.527046,0.990368,0.00430968,-0.0819502,-0.111519,-0.141815,1.22203,-0.303789,-0.526951,-0.307225,-0.527775,0.361974,1.2219,1.73647,-0.00555986,-0.399065,1.05136,0.0857822,-2.14406,5.6949,-0.00226771,-3.54406,-0.0407655,6.6085,-0.111159,-0.0658832,-0.000449974,
36,-0.0232424,0.0278416,-0.55942,0.0391005,-0.0948521,0,-0.0841896,0.00244819,0.539295,0.981865,0.0105982,-0.0767756,-0.173013,0.106181,1.22198,-0.525807,-0.529023,0.0700123,-0.527927,0.361238,1.22187,1.45401,1.13284,0.218141,-0.152247,-0.228766,-2.56482,4.24338,-0.000191489,-4.3848,-0.0332096,8.62518,0.00555838,-0.0685411,0.0013609,
37,-0.0219071,0.0277824,-0.637446,0.0390176,0.11364,0,-0.584178,0.00777227,0.539103,0.966176,0.0131861,-0.0860191,-0.242755,0.211474,1.22197,-0.542386,-0.530591,0.475991,-0.526805,0.354013,1.2219,1.58346,1.19453,-0.24347,-0.0283112,-0.47256,-2.67385,-0.00777356,-0.00013612,0.556269,-0.0293822,7.61001,0.0342833,-0.230722,0.000315579,
38,-0.0188427,0.0276298,-0.529968,0.0388033,0.140838,0,-0.674612,0.0132037,0.520927,0.954132,0.00200354,-0.105973,-0.279995,0.0940476,1.22197,-0.496052,-0.53162,0.554873,-0.523908,0.337285,1.22193,1.77157,1.08155,-0.569185,-0.441354,-1.05661,-0.671331,-4.64826,-0.000104066,1.29888,-0.016739,-2.19431,0.0846443,-0.425111,-0.000516061,
39,-0.01386,0.0275907,-0.176843,0.0387485,-0.00511825,0,-0.534767,0.00629622,0.489857,0.955968,-0.0421871,-0.116506,-0.266032,-0.230247,1.22196,-0.408969,-0.531668,0.328742,-0.523167,0.311928,1.22193,2.20396,0.703654,-0.52239,-2.01551,-0.439662,1.95203,-8.28813,0.000307434,2.1416,0.02169,-6.79712,-0.00873953,-0.586441,-0.000575377,
40,-0.00766801,0.0276028,0.246016,0.0387654,-0.237411,0,-0.0964585,-0.0134361,0.507815,0.967826,-0.0409845,-0.0855998,-0.233036,-0.571333,1.22197,-0.320166,-0.52675,-0.0895928,-0.523395,0.280953,1.22192,2.88664,-0.750243,0.550228,-0.232456,1.55026,1.19532,-0.665068,-2.76614e-05,1.58828,0.145867,-9.98812,-0.00423238,-0.645878,3.56009e-05,
41,-0.00101393,0.0277049,0.229158,0.0389088,-0.494729,0,0.548287,-0.00882989,0.535981,0.975023,-0.0354508,-0.0679514,-0.208461,-0.519077,1.22201,-0.285776,-0.522648,-0.567591,-0.525334,0.248455,1.22191,2.27393,-0.537238,0.360055,0.519502,0.510041,0.0546225,2.00621,-0.000926258,-0.167143,-0.0138781,-3.95902,-0.0784936,-0.646127,-0.000682035,
42,0.00571724,0.0279933,-0.00320608,0.0393134,-0.477454,0,0.572109,-0.00195955,0.542099,0.973188,-0.0140804,-0.0605201,-0.221461,-0.37925,1.22201,-0.382456,-0.523621,-0.523134,-0.530806,0.217207,1.2219,1.78361,-0.298051,0.184003,1.31635,-0.28399,-0.828688,3.55561,0.00494906,-3.68939,-0.0255675,3.22247,-0.1329,-0.606738,0.000319674,
43,0.0120356,0.0283588,-0.351187,0.0398264,-0.349643,0,0.290505,0.00321194,0.549231,0.964722,0.00377653,-0.0786071,-0.251235,-0.206149,1.222,-0.572946,-0.524613,-0.261448,-0.537743,0.188707,1.22194,1.75698,0.125116,-0.0641255,0.804554,-0.653436,-2.29674,3.3822,-0.000787734,-0.0194329,-0.0200948,7.22626,-0.13693,-0.522287,-0.000922222,
44,0.016439,0.0285361,-0.408198,0.0400751,-0.166791,0,-0.257903,0.00154961,0.555854,0.943863,0.00807357,-0.0859664,-0.318853,-0.105134,1.22198,-0.538581,-0.52565,0.139876,-0.541106,0.16816,1.22189,1.82412,0.882757,0.201051,-0.431148,-0.0492402,-3.00542,0.674677,-0.000115199,0.496737,-0.022116,8.8143,-0.00219443,-0.298814,-0.000274494,
45,0.0187705,0.0285174,-0.362013,0.0400489,0.037979,0,-0.656393,0.00813262,0.553696,0.921062,0.000603808,-0.0857445,-0.379858,-0.147024,1.22197,-0.526225,-0.526546,0.52262,-0.540752,0.156292,1.22189,1.82315,0.840925,-0.277898,-0.595339,-0.469911,-2.15,-2.32424,-2.66339e-07,0.0874548,-0.0124573,6.51359,0.0150918,-0.177137,-2.06579e-05,
46,0.0198648,0.0284026,-0.186899,0.0398878,0.0255159,0,-0.687722,0.0104861,0.528622,0.910008,-0.019761,-0.0947,-0.403145,-0.327221,1.22198,-0.516342,-0.526863,0.531023,-0.538573,0.149788,1.22191,2.04347,0.515408,-0.733441,-0.740743,-0.748754,-0.318734,-4.85648,-6.78915e-05,0.317553,-0.00351011,-2.96801,0.0730678,-0.0718712,0.000211991,
47,0.0194087,0.0280881,0.0696241,0.0394465,-0.15233,0,-0.466703,0.00595073,0.482717,0.910712,-0.0539519,-0.0993406,-0.397272,-0.566735,1.22197,-0.496998,-0.52667,0.262249,-0.532606,0.149313,1.22193,2.20323,-0.0624351,-0.866174,-3.17681,-0.46399,2.15781,-1.1954,-0.000292048,0.42612,0.0342234,-7.60947,0.200971,0.0386426,0.00107257,
48,0.0172765,0.0275179,0.0294614,0.0386463,-0.379332,0,0.26695,-0.00447585,0.500036,0.928976,-0.064752,-0.0859919,-0.354143,-0.536378,1.22194,-0.506908,-0.521898,-0.185961,-0.521785,0.155005,1.22192,1.41786,-1.26403,0.740125,0.395745,0.360278,2.17112,1.05218,0.000476089,-0.772774,-0.012507,-10.3652,0.0260717,0.181083,-0.000343085,
49,0.0150205,0.0275902,-0.0518156,0.0387478,-0.56275,0,0.683194,-0.00859584,0.54006,0.950146,-0.057277,-0.0638944,-0.299766,-0.48043,1.22198,-0.532292,-0.523395,-0.595739,-0.523157,0.166966,1.22191,1.41013,-1.06543,0.66176,0.532067,0.453327,0.935069,1.19195,0.000669877,0.155126,-0.0388205,-1.56165,-0.0421031,0.318525,-0.000449079,
50,0.0116334,0.0277804,-0.0948675,0.0390147,-0.502849,0,0.589624,-0.00878156,0.559787,0.954076,-0.0371986,-0.0566238,-0.291803,-0.431482,1.22198,-0.526635,-0.525536,-0.491555,-0.526767,0.185641,1.2219,1.47821,-0.790818,0.138129,0.812019,0.580178,-0.115737,0.767828,-0.000181007,0.0530339,-0.0453152,4.62752,-0.10058,0.425547,1.73795e-06,
51,0.00760386,0.0281119,-0.113623,0.03948,-0.328021,0,0.26564,-0.00398884,0.555926,0.951908,-0.0128132,-0.0468724,-0.302506,-0.411192,1.22197,-0.525307,-0.527859,-0.158422,-0.533058,0.208781,1.22193,1.25848,-0.235148,-0.0107429,0.100199,0.32838,-0.977834,0.0511794,-2.04937e-05,0.00937139,-0.0419242,8.67528,-0.155204,0.494753,0.00690609,
52,0.0032844,0.0285411,-0.0951261,0.0400822,-0.0661712,0,-0.282501,0.00447805,0.558852,0.942538,-0.018672,-0.0488753,-0.329976,-0.429328,1.22199,-0.524743,-0.529853,0.3136,-0.541202,0.234233,1.22199,0.857233,0.158482,-0.132317,-0.339613,-0.232907,-1.24309,-0.770466,-0.000433434,0.00645121,-0.0383879,10.1856,-0.166509,0.526678,-0.00234601,
53,-0.001139,0.0289122,-0.0392964,0.0406029,0.117566,0,-0.571863,0.0133476,0.541751,0.939071,-0.0312192,-0.056802,-0.337556,-0.48477,1.22201,-0.524087,-0.531492,0.584516,-0.548245,0.259696,1.22193,0.79942,-0.198486,-0.409671,-0.162467,-1.04452,0.957598,-1.44489,0.00275544,0.00664233,-0.0306901,-0.91903,-0.117991,0.484764,-0.000447247,
54,-0.00545434,0.0290855,0.0351654,0.0408461,0.0332215,0,-0.434903,0.0133234,0.509766,0.946647,-0.0473286,-0.0803267,-0.30849,-0.537831,1.222,-0.502651,-0.532845,0.435709,-0.551533,0.282878,1.22192,0.904775,-0.410119,-0.861408,-0.304007,-1.19038,1.37238,0.115954,-0.000674653,0.846011,-0.0223962,-4.99834,-0.0137275,0.445154,-9.95134e-05,
55,-0.0099741,0.0288372,0.0596432,0.0404977,-0.144407,0,-0.221677,-0.00821809,0.485125,0.956085,-0.0413419,-0.0961326,-0.273772,-0.522052,1.222,-0.462338,-0.530035,0.118837,-0.546822,0.303381,1.22192,1.77993,-1.53186,0.628456,0.560822,1.1218,2.38856,0.429668,-0.00016102,0.549441,0.248229,-7.37841,0.304643,0.356783,0.00062177,
56,-0.0144147,0.0280554,0.028319,0.0394006,-0.327033,0,0.355915,-0.00599856,0.519018,0.974821,-0.0383369,-0.0788845,-0.205016,-0.491364,1.222,-0.463037,-0.522258,-0.279179,-0.531985,0.318797,1.22192,1.54233,-1.66269,0.493403,0.159056,0.452897,3.05195,0.811151,-0.000693256,-0.546157,-0.0125535,-8.57617,0.266925,0.262365,-0.000368959,
57,-0.0174109,0.0275361,-0.0927599,0.0386719,-0.45362,0,0.665821,-0.00550439,0.534234,0.986878,-0.0342446,-0.0729777,-0.139907,-0.446999,1.22199,-0.540026,-0.52357,-0.569997,-0.522131,0.329273,1.22191,1.39584,-1.32758,0.0658368,0.662354,0.101768,1.49184,0.976996,-0.000190594,-0.87698,-0.0344664,-0.22583,0.0145184,0.165433,-0.00031242,
58,-0.0183151,0.0276111,-0.116382,0.0387772,-0.368554,0,0.598444,-0.00290537,0.526172,0.990535,-0.0136106,-0.0729693,-0.115456,-0.415944,1.222,-0.532856,-0.525507,-0.456019,-0.523554,0.334472,1.2219,1.20406,-1.10449,-0.274292,1.35808,-0.101445,0.590406,0.269635,0.00210066,0.261647,-0.0469504,4.66616,-0.0453353,0.040863,-9.37516e-06,
59,-0.0178937,0.0277317,-0.101967,0.0389464,-0.166387,0,0.330067,-0.00847194,0.518989,0.989712,-0.00411487,-0.0821823,-0.117044,-0.423629,1.22198,-0.525953,-0.527584,-0.119727,-0.525842,0.333417,1.22198,0.595886,-0.359375,-0.0307958,-0.458036,0.914218,-1.33102,-0.564073,-0.00123215,0.0520832,-0.0465531,8.68598,-0.00048429,-0.0654834,-0.00228272,
60,-0.0169259,0.0277735,-0.0542651,0.039005,0.115049,0,-0.281963,0.00656723,0.512202,0.986291,-0.0145507,-0.0790159,-0.144136,-0.470097,1.22197,-0.524415,-0.529712,0.363497,-0.526635,0.328925,1.22192,0.344222,-0.144159,-0.302779,-0.417204,-0.437983,-0.939452,-1.27951,0.000259814,0.0122854,-0.0414601,10.6313,-0.0328305,-0.135769,-0.000342414,
61,-0.0147754,0.0277719,0.0298171,0.0390028,0.280237,0,-0.573436,0.0149017,0.488869,0.984697,-0.0244525,-0.101351,-0.139649,-0.534085,1.22198,-0.504259,-0.53157,0.599377,-0.526605,0.318115,1.22192,0.688475,-0.546054,-0.672441,-0.351277,-1.21937,1.15328,-0.345055,-7.98047e-05,0.794572,-0.0288733,-1.61438,0.0244145,-0.291501,-0.000127507,
62,-0.0118278,0.0275217,0.103809,0.0386517,0.170136,0,-0.606631,-0.00323884,0.468436,0.984903,-0.00951815,-0.121,-0.123425,-0.525952,1.22199,-0.421768,-0.527934,0.421892,-0.521858,0.30112,1.22192,2.09048,-0.908057,0.714433,0.608936,0.817163,1.01656,0.321588,5.27284e-05,2.26308,0.29129,-5.16732,0.0418829,-0.406739,0.000738856,
63,-0.00714773,0.0275867,0.205552,0.0387429,-0.0165527,0,-0.273133,-0.0068476,0.503969,0.992561,-0.0218836,-0.0965565,-0.0708506,-0.491806,1.22197,-0.283283,-0.522101,0.0648699,-0.52309,0.278201,1.22192,2.50793,-1.0952,0.555694,-0.366401,0.900568,2.40451,1.04793,3.15289e-05,3.28785,-0.0324508,-9.15769,-0.0368494,-0.496061,-0.000513329,
64,-0.00189569,0.0277139,0.268629,0.0389214,-0.284636,0,0.406162,-0.00512809,0.526311,0.996499,-0.0192168,-0.0788973,-0.0199001,-0.403185,1.222,-0.127799,-0.523602,-0.430857,-0.525504,0.252959,1.22191,2.26245,-1.31374,0.33747,0.489273,0.194983,2.0004,2.47587,0.000618665,2.96757,-0.0260761,-10.6694,-0.0609132,-0.515306,1.537e-05,
65,0.00334306,0.0279105,0.198019,0.0391973,-0.361082,0,0.584175,-0.00582129,0.531115,0.997065,0.00276207,-0.0765045,-0.000856452,-0.232978,1.22198,-0.032309,-0.525141,-0.570234,-0.529235,0.228395,1.2219,2.00215,-0.955108,-0.172199,1.08609,0.140208,0.0114581,4.31619,-0.000560882,0.848802,-0.0325063,1.74057,-0.0919735,-0.476593,8.56618e-05,
66,0.00839599,0.0282086,-0.0695388,0.0396156,-0.247493,0,0.513234,-0.0037448,0.532925,0.996344,-0.000666671,-0.0842864,-0.0139213,0.0139758,1.22196,-0.0556755,-0.526345,-0.379362,-0.534892,0.205655,1.222,1.289,-0.479257,0.0328657,-0.75307,0.0776576,-1.20054,5.55283,-0.000222932,-1.75355,-0.0271927,5.82345,-0.108895,-0.421701,-0.00240847,
67,0.012664,0.0285054,-0.428734,0.0400321,-0.0396958,0,0.15812,0.00421604,0.530559,0.994698,-0.00313137,-0.0908895,-0.048018,0.272325,1.22203,-0.186019,-0.527908,-0.00207295,-0.540524,0.186841,1.22192,0.74848,-0.643948,-0.156646,0.243139,-0.516604,-1.48528,4.7888,-0.000226933,-3.44784,-0.0347079,9.24016,-0.115266,-0.331075,-0.000699423,
68,0.0158491,0.0287329,-0.658262,0.0403513,0.241548,0,-0.43024,0.00744444,0.510843,0.991382,0.0115207,-0.104117,-0.0786672,0.427814,1.22198,-0.361926,-0.529724,0.47732,-0.544842,0.172852,1.22191,0.496202,-0.631484,-0.662991,0.535765,-0.43122,-1.12672,1.45232,-0.000401221,-3.5864,-0.0348745,9.93023,-0.0597607,-0.226861,-1.5698e-05,
69,0.0180176,0.0287976,-0.703184,0.0404421,0.294834,0,-0.503357,0.00523222,0.491987,0.989511,0.00508145,-0.125038,-0.0721578,0.378556,1.22191,-0.495015,-0.531158,0.549131,-0.54607,0.162534,1.22194,0.455459,-0.150707,0.05481,-0.181556,-0.0894169,1.02685,-3.34801,-0.00216211,-1.7378,-0.0452859,-1.80833,0.0406752,-0.163141,-0.00114901,
70,0.018781,0.0286243,-0.544629,0.040199,0.206546,0,-0.322474,0.0040816,0.486884,0.991555,-0.0117082,-0.124965,-0.0326447,0.0865062,1.22195,-0.524208,-0.533186,0.370589,-0.542782,0.157179,1.22192,0.650022,-0.0598233,-0.150657,-0.582222,-0.127534,2.56742,-8.28314,-0.000163178,0.543538,-0.0383112,-5.29473,0.109002,-0.0589555,-9.1301e-05,
71,0.0176882,0.0279922,-0.0611365,0.039312,0.0604546,0,-0.148041,-0.00129751,0.515536,0.992266,-0.012108,-0.121134,0.0242693,-0.415316,1.22197,-0.476529,-0.529496,0.0663966,-0.530786,0.157108,1.22192,1.75897,-0.143791,0.729595,0.639724,0.224746,2.13525,-11.7848,-0.000252614,1.54031,0.122526,-7.00823,0.30242,0.0603419,-0.000223859,
72,0.0154746,0.0275204,0.188117,0.0386499,-0.134582,0,0.29793,-0.00436805,0.544609,0.99083,-0.0210857,-0.115532,0.0668145,-0.580191,1.22197,-0.389806,-0.523129,-0.2999,-0.521833,0.164073,1.22192,1.96397,-0.573166,0.374579,-0.526573,0.233183,1.41852,1.43555,7.90674e-05,1.92077,0.0591954,-7.66918,-0.0209023,0.212286,-0.000268306,
73,0.0129606,0.0276263,0.154435,0.0387985,-0.291758,0,0.612556,-0.00909423,0.551064,0.989836,-0.0304425,-0.106464,0.0892344,-0.475631,1.22197,-0.31995,-0.523222,-0.562898,-0.523842,0.177624,1.2219,1.74745,-0.360014,-0.11976,0.416848,0.546997,-0.0122175,2.73878,9.28137e-05,0.895048,-0.01523,-0.273594,-0.0542141,0.333662,-0.00032053,
74,0.00960171,0.0278549,-0.0148839,0.0391193,-0.227929,0,0.541949,-0.00923423,0.531857,0.992206,-0.019705,-0.0908356,0.082993,-0.313739,1.22197,-0.328624,-0.524054,-0.461845,-0.528181,0.196494,1.2219,1.60663,-0.269231,-0.645916,0.49014,0.665138,-0.542614,3.72859,-4.15279e-05,-1.22531,-0.0177907,4.21409,-0.118021,0.420481,7.42001e-05,
75,0.00534474,0.0281128,-0.285886,0.0394812,-0.0558065,0,0.370753,-0.00935228,0.515794,0.995211,0.00877094,-0.0805314,0.0547118,-0.135043,1.22202,-0.429124,-0.525708,-0.1603,-0.533074,0.220127,1.22183,0.659991,0.0552029,0.384539,0.616498,0.98109,-2.15959,3.4292,-0.00228696,-2.76814,-0.049651,7.68105,0.0154816,0.616973,-0.006413,
76,-0.00131216,0.0281196,-0.479267,0.0394906,0.182992,0,-0.183121,0.00733986,0.533391,0.996276,0.0240656,-0.0821291,0.010434,-0.0203309,1.22199,-0.542363,-0.527782,0.281217,-0.533202,0.253596,1.22187,0.429914,0.396615,0.181846,0.499372,-0.614559,-2.00022,1.18907,-0.000222909,-0.154993,-0.0386745,9.97386,-0.0234527,0.70077,0.00136259,
77,-0.00798376,0.0280947,-0.430664,0.0394557,0.369512,0,-0.595797,0.0133244,0.53054,0.994016,0.0386755,-0.0998203,-0.0217135,-0.0501956,1.22198,-0.510907,-0.529514,0.606502,-0.53273,0.286862,1.22191,0.835538,0.256065,-0.268852,0.412072,-1.01972,0.0353708,-2.36219,1.7534e-05,1.26031,-0.0274415,-0.738169,0.0374046,0.616282,0.000493956,
78,-0.0140777,0.027774,-0.138262,0.0390057,0.289818,0,-0.525946,0.0107587,0.514156,0.992111,0.0241046,-0.123022,0.000772862,-0.244529,1.22197,-0.383682,-0.530193,0.460874,-0.526644,0.314631,1.22192,1.30644,0.333486,-0.365204,-1.42768,-0.852176,2.16153,-5.38901,-1.50315e-05,3.80368,0.00367783,-4.94459,0.200932,0.490484,2.59034e-05,
79,-0.0186834,0.0275515,0.35444,0.0386935,0.112216,0,-0.380336,-0.0106852,0.528038,0.991945,0.00187019,-0.121878,0.0344686,-0.531821,1.22199,-0.161309,-0.52467,0.137076,-0.522423,0.335797,1.22192,3.25754,0.455029,1.29926,0.271204,1.44115,0.373859,-5.01837,-1.69925e-05,4.94541,0.256206,-7.85951,-0.0225277,0.361368,3.12001e-05,
80,-0.0213777,0.0277008,0.562087,0.038903,-0.168317,0,0.212937,-0.0126,0.579429,0.995329,0.00204216,-0.089528,0.0360528,-0.535321,1.22197,0.100558,-0.522656,-0.315032,-0.525256,0.350638,1.22191,3.24304,0.128032,0.746326,-0.0717224,1.22275,0.0113956,1.80221,-0.000294795,5.51606,-0.0265503,-10.2107,-0.0864507,0.226236,-0.000169594,
81,-0.0223947,0.0280235,0.594755,0.0393559,-0.36341,0,0.525239,-0.0149774,0.602333,0.998174,0.00353098,-0.0587746,0.0135093,-0.344241,1.22197,0.340751,-0.523965,-0.58886,-0.53138,0.358581,1.2219,2.98582,0.344963,0.182405,0.268638,1.23913,-2.09712,5.81023,1.59538e-05,4.11559,-0.0272609,1.0165,-0.162812,0.0937074,-7.68726e-05,
82,-0.0215631,0.0285867,0.403866,0.0401462,-0.311677,0,0.367572,-0.0136478,0.598739,0.998518,0.0109178,-0.0276277,-0.0455928,0.0480273,1.22197,0.476287,-0.525197,-0.443976,-0.542068,0.359357,1.2219,3.01561,0.296586,-0.326219,0.0963471,1.22171,-2.66998,9.84699,-0.000154911,1.3289,-0.0219616,4.74891,-0.263163,-0.0620042,7.32768e-05,
83,-0.0189522,0.0294036,-0.0842629,0.0412924,-0.182641,0,0.116744,0.00451049,0.609409,0.992573,-0.00408814,-0.028391,-0.118218,0.569466,1.22206,0.485003,-0.525872,-0.145046,-0.55757,0.353429,1.22201,1.86129,0.36307,0.56054,0.76142,-0.695513,-2.42197,4.7162,0.00281106,-0.988299,-0.0254191,7.16528,-0.344465,-0.200518,-0.0032336,
84,-0.0147623,0.0302413,-0.148373,0.0424678,0.0103521,0,-0.315519,0.00548118,0.624019,0.985624,0.0142591,-0.0428538,-0.162802,0.552255,1.22201,0.402778,-0.527339,0.225125,-0.57347,0.339761,1.22193,1.58584,0.446062,0.033965,0.696386,-0.443808,-1.61814,-1.52377,-0.0012614,-2.27859,-0.0289705,7.64498,-0.289601,-0.338465,-0.000491304,
85,-0.00969208,0.0309229,-0.156361,0.0434241,0.196819,0,-0.645879,0.00930793,0.613065,0.978727,0.0296926,-0.0573591,-0.194736,0.450626,1.22199,0.292972,-0.528659,0.540623,-0.586408,0.320303,1.22192,1.63199,0.385656,-0.469319,0.618252,-0.595355,-0.898057,-2.53399,-2.44075e-05,-2.11789,-0.0233423,4.17459,-0.229667,-0.442134,0.000167556,
86,-0.0040089,0.0314223,-0.0737032,0.0441247,0.173385,0,-0.659306,0.0114038,0.578071,0.975954,0.0401861,-0.0792415,-0.199046,0.298149,1.22199,0.224312,-0.529613,0.512237,-0.595887,0.296171,1.22193,1.91337,0.290388,-0.93387,0.552017,-0.879545,0.173127,-3.55349,4.69692e-05,-0.630922,-0.0168327,-3.19788,-0.149267,-0.515132,1.78415e-05,
87,0.00179997,0.0316017,0.111615,0.0443764,0.0151537,0,-0.432591,0.0116048,0.542042,0.980195,-0.00815514,-0.100765,-0.170286,0.11076,1.22199,0.222841,-0.52958,0.242012,-0.599293,0.268594,1.22199,2.11839,0.335716,-0.73366,-3.04181,-1.17431,2.39415,-3.93569,0.000168065,0.567191,0.0121696,-7.61095,0.00503246,-0.575379,-0.00135074,
88,0.00693306,0.0314017,0.298411,0.0440958,-0.224862,0,0.269448,-0.00762443,0.528229,0.988527,-0.0170673,-0.0800958,-0.126912,-0.0608308,1.22215,0.246943,-0.522732,-0.203932,-0.595496,0.241073,1.22193,1.51264,-0.389792,0.876319,0.281321,0.726575,3.02008,-2.96176,0.00442382,0.359077,0.0797737,-10.0656,0.211402,-0.538422,0.00130883,
89,0.0109487,0.0308981,0.358365,0.0433893,-0.398521,0,0.675039,-0.00948357,0.565702,0.995994,-0.0133731,-0.0651401,-0.0597741,-0.150864,1.22205,0.224145,-0.523103,-0.565732,-0.585937,0.216489,1.22193,1.29669,-0.235178,0.483618,0.588812,0.591682,1.63418,-0.645915,-0.00225516,-1.22695,-0.0276857,-0.705904,0.160245,-0.438283,-0.000410089,
90,0.014177,0.0305764,0.206488,0.042938,-0.312721,0,0.609,-0.0094437,0.577319,0.99839,3.21409e-05,-0.0498928,-0.0269726,-0.116731,1.222,0.0927693,-0.524474,-0.466858,-0.579831,0.197456,1.22192,1.19583,-0.194978,-0.0181791,0.559789,0.68569,0.967606,1.98882,-0.000360362,-4.00696,-0.0268923,4.40935,0.0859872,-0.323979,-1.05007e-05,
91,0.0165396,0.0304437,-0.174975,0.0427518,-0.0974238,0,0.370684,0.0020446,0.575583,0.999169,0.00180244,-0.0386112,-0.0129621,0.0179267,1.22199,-0.158868,-0.52558,-0.140685,-0.577312,0.184428,1.22204,0.448108,0.0883895,0.13116,-0.460791,-0.390209,-0.143055,3.36606,8.83802e-05,-6.03467,-0.0120334,8.61183,0.0192236,-0.195518,0.000711052,
92,0.0176067,0.0303438,-0.551563,0.0426116,0.199593,0,-0.248279,0.00903443,0.571585,0.998323,-0.00548114,-0.0532532,-0.0220195,0.14978,1.222,-0.470845,-0.525998,0.347024,-0.575415,0.178192,1.22196,0.0580342,-0.00890791,-0.262184,-0.0942922,-0.755572,-0.468719,1.92757,0.00160534,-6.44622,-0.00630435,10.8764,0.0570134,-0.0549682,-0.00132362,
93,0.0171874,0.0300822,-0.602752,0.0422446,0.361956,0,-0.569398,0.0178095,0.54926,0.996158,-0.00587771,-0.0844893,-0.0222637,0.143473,1.22201,-0.553985,-0.526085,0.595798,-0.57045,0.177997,1.22194,0.681173,-0.145585,-0.662994,0.0169042,-1.57792,0.836982,-2.15843,-0.000631815,1.03043,0.00333487,-1.45892,0.132842,0.0393308,-0.000264195,
94,0.0153563,0.029563,-0.350915,0.0415162,0.26907,0,-0.412644,0.0153993,0.504995,0.992425,-0.00805376,-0.122368,0.00731966,-0.0720943,1.22199,-0.438581,-0.525794,0.421028,-0.560597,0.182625,1.22192,0.866389,-0.069981,-1.09993,0.0881796,-1.45846,1.50309,-6.42938,-0.000239053,3.56527,0.00961763,-5.49832,0.261766,0.144874,-0.000157497,
95,0.0110504,0.0281262,0.200202,0.0395,0.0931796,0,-0.345751,-0.00961414,0.528759,0.99303,-0.00162843,-0.112264,0.0358415,-0.448241,1.22199,-0.245298,-0.521588,0.10448,-0.533329,0.191607,1.22194,3.16176,0.0130288,1.15463,0.163486,1.27783,1.50875,-8.62311,-0.000486816,4.4656,-0.0315371,-7.39337,0.712823,0.21282,-0.000250981,
96,0.00723165,0.027445,0.503156,0.038544,-0.151193,0,0.216157,-0.0114281,0.573994,0.994528,-0.0105045,-0.0842857,0.0608229,-0.563522,1.22197,-0.00999813,-0.523315,-0.318462,-0.520401,0.204786,1.22192,3.21874,-0.348288,0.644629,-0.482401,1.07629,0.813555,1.21838,-0.000157823,4.9335,-0.0287583,-9.51177,-0.0722824,0.307446,-0.000318065,
97,0.00431403,0.0277242,0.548636,0.0389358,-0.323467,0,0.513771,-0.0136126,0.592265,0.996291,-0.023497,-0.0580054,0.0590474,-0.411715,1.22197,0.204712,-0.524747,-0.57727,-0.525699,0.221884,1.2219,2.96806,-0.139728,0.0901693,-0.286915,1.08413,-1.09841,4.82598,-3.21144e-05,3.67643,-0.0303671,0.744827,-0.142998,0.377466,-0.000138616,
98,0.00125124,0.0282128,0.381819,0.0396215,-0.263994,0,0.411395,-0.000591312,0.596992,0.998611,-0.0180614,-0.0440286,0.0226252,-0.0762601,1.22211,0.325927,-0.526335,-0.447698,-0.534972,0.241551,1.22191,2.37246,-0.670003,0.376828,1.22762,-0.375534,-1.86412,8.5544,0.00169351,1.18896,-0.036402,4.40859,-0.222139,0.411582,0.000105877,
99,-0.00182747,0.0287804,-0.0742578,0.040418,-0.1192,0,0.0435259,0.00193414,0.603548,0.998101,0.0139442,-0.0535808,-0.0270185,0.410908,1.222,0.336513,-0.528084,-0.15789,-0.545744,0.261993,1.22191,2.35766,-0.622801,-0.1136,1.15956,-0.393934,-2.21425,10.9119,-0.0018205,-0.749906,-0.0337358,7.16138,-0.207474,0.405572,-2.32341e-05,
100,-0.00465578,0.0292936,-0.302044,0.041138,0.0751876,0,-0.266171,0.00553621,0.5862,0.995632,0.0424097,-0.0568613,-0.0606979,0.588748,1.22197,0.27698,-0.53007,0.198765,-0.555482,0.280699,1.22195,1.5081,-0.294925,-0.224952,0.156677,-0.476883,-1.09741,-1.64607,-0.000191758,-1.61309,-0.0377207,7.12503,-0.191952,0.33535,0.00814879,
101,-0.00682089,0.0297445,-0.236939,0.0417708,0.249673,0,-0.560811,0.0110594,0.572014,0.992743,0.0354881,-0.0753927,-0.0867012,0.453097,1.22198,0.211568,-0.531705,0.498393,-0.564041,0.295531,1.22199,1.29866,-0.20875,-0.525997,-0.29895,-0.851363,-0.74072,-3.76232,0.000134532,-1.01037,-0.0308337,4.86942,-0.14551,0.266113,-0.00229101,
102,-0.00855002,0.0300102,-0.0193555,0.0421436,0.272695,0,-0.638469,0.0130479,0.534197,0.99056,0.0258844,-0.0990067,-0.0912065,0.226021,1.22198,0.206663,-0.533055,0.537223,-0.569084,0.306546,1.22193,1.59724,-0.210659,-0.987302,-0.316194,-1.05524,0.277362,-5.30612,2.65671e-05,0.805588,-0.024386,-2.05485,-0.0567051,0.179639,-0.000444681,
103,-0.0100561,0.0298601,0.312343,0.0419329,0.147698,0,-0.532781,-0.00536813,0.511786,0.993524,0.000834669,-0.0843766,-0.076094,-0.0366133,1.22199,0.286526,-0.529257,0.33158,-0.566235,0.312785,1.22197,2.16585,0.326867,0.544204,-1.26755,0.986716,0.524876,-5.17846,0.000781292,2.36112,0.201386,-6.13771,0.152077,0.0541994,0.00617614,
104,-0.0107979,0.0294829,0.577676,0.0414037,-0.0858763,0,0.0218193,-0.00073831,0.546942,0.995051,-0.0127695,-0.0799105,-0.0576556,-0.231256,1.22203,0.427712,-0.522256,-0.0645209,-0.559075,0.313192,1.22197,1.79448,0.0215626,0.51341,-0.532176,0.0255829,0.910358,-2.64476,-0.00135809,3.28486,-0.0031896,-9.6781,0.128753,-0.0286281,-0.00150676,
105,-0.0108174,0.0291336,0.663394,0.0409137,-0.363937,0,0.604489,-0.0053253,0.560197,0.995638,-0.0341327,-0.0771389,-0.0398688,-0.254574,1.22198,0.544278,-0.523342,-0.532787,-0.552447,0.31022,1.22193,1.62242,-0.182753,0.0186269,-1.04972,0.117122,0.597061,1.67651,-0.000298511,0.0685627,-0.0234691,-7.53539,0.13624,-0.0889751,-0.000438247,
106,-0.0103106,0.0288228,0.489068,0.0404775,-0.37961,0,0.659387,-0.00353186,0.558551,0.993993,-0.0403004,-0.0832943,-0.0584499,-0.0514284,1.22204,0.483406,-0.524373,-0.537281,-0.546548,0.304943,1.22192,1.24921,-0.367193,0.0629645,0.340154,-0.106249,-0.829326,6.38963,-0.000747632,-2.43494,0.0132221,2.88493,0.0908545,-0.136368,-0.0002104,
107,-0.00905461,0.0286295,-0.0446936,0.0402062,-0.237149,0,0.427746,-0.00383455,0.566202,0.992531,-0.022635,-0.0852456,-0.0842748,0.346222,1.22199,0.301499,-0.522606,-0.277469,-0.542879,0.296939,1.22192,1.15678,-0.920913,0.22574,0.871789,0.190504,-1.3094,9.49278,-0.000861754,-4.82389,-0.0040388,7.47027,0.0579214,-0.184455,-8.36459e-05,
108,-0.00710195,0.0285024,-0.505828,0.0400279,0.0178176,0,-0.0506485,-0.00673174,0.562633,0.991648,0.00160992,-0.0743873,-0.105345,0.579569,1.22197,0.0224617,-0.523593,0.164251,-0.540467,0.286021,1.2219,0.637013,-0.658226,-0.363197,0.769007,0.985809,-0.455403,-0.997744,2.40687e-05,-6.33072,-0.0229157,10.1754,0.0406347,-0.250437,-9.69427e-05,
109,-0.00428545,0.0284322,-0.619359,0.0399293,0.308638,0,-0.53783,0.0140829,0.553157,0.992152,0.0177439,-0.0689136,-0.102811,0.439601,1.22195,-0.284364,-0.524435,0.601464,-0.539135,0.271267,1.22201,-0.0560689,-0.382877,0.134785,-0.0336099,-1.11734,1.3429,-4.58884,0.000618112,-5.96274,-0.00131441,1.86034,0.000716556,-0.35898,0.00375774,
110,-0.000725929,0.0282948,-0.552865,0.0397365,0.282618,0,-0.448754,0.0147216,0.548381,0.993379,0.00845319,-0.100561,-0.0549009,0.102353,1.22197,-0.520145,-0.524374,0.512229,-0.536527,0.252195,1.22196,0.189322,-0.329154,-0.341893,-0.135518,-1.28454,2.32156,-8.86362,9.32597e-05,-3.48235,0.00159654,-3.87113,0.104126,-0.397742,-0.00161431,
111,0.00245844,0.0278686,-0.0997588,0.0391385,0.149961,0,-0.149121,0.0125242,0.520807,0.990919,-0.00146052,-0.134453,-0.000473545,-0.43072,1.22196,-0.530811,-0.524269,0.24205,-0.52844,0.232466,1.22192,0.588302,-0.198028,-0.695502,-0.383079,-1.28649,2.63577,-12.4393,-0.000427687,1.25425,0.00784982,-6.8943,0.222728,-0.399051,-4.33925e-05,
112,0.00564834,0.0275223,0.136445,0.0386525,-0.0196715,0,0.0169736,-0.00872621,0.528963,0.989428,-0.0239439,-0.13164,0.0559436,-0.591939,1.22198,-0.454638,-0.522354,-0.103982,-0.521868,0.213412,1.22191,2.07864,-0.531836,0.728036,0.967454,0.960995,1.17923,1.80043,0.000271128,1.79563,-0.0159722,-7.0594,-0.0288114,-0.353566,-0.000389874,
113,0.00912595,0.027675,0.108155,0.0388668,-0.214431,0,0.448678,-0.0127772,0.551673,0.990578,-0.00502773,-0.106421,0.0860446,-0.47913,1.22197,-0.37055,-0.523454,-0.445087,-0.524766,0.1973,1.22191,2.07788,-0.590859,0.234595,0.618124,1.11433,1.32336,2.70226,-0.000396031,1.56158,-0.017692,-6.5662,-0.0781985,-0.294137,6.5523e-05,
114,0.0121217,0.0279994,-0.00475645,0.0393221,-0.272034,0,0.582817,-0.0143371,0.549012,0.991665,0.0102628,-0.0760809,0.103475,-0.327274,1.22197,-0.332031,-0.524534,-0.549497,-0.530922,0.185115,1.2219,1.87535,-0.350714,-0.325004,0.888865,1.20032,0.152369,3.36441,1.3423e-05,-0.0146052,-0.0241075,1.19918,-0.167944,-0.197163,1.62175e-05,
115,0.0146308,0.0285894,-0.214427,0.04015,-0.164917,0,0.580808,-0.00281384,0.544685,0.993016,0.00268691,-0.0650847,0.0983711,-0.163984,1.22197,-0.381791,-0.525263,-0.384656,-0.542119,0.177707,1.22205,0.855486,0.040335,-0.0120287,-0.985558,-0.0412523,-0.507142,3.1688,2.56324e-05,-1.95962,-0.00872604,5.3582,-0.276248,-0.0994143,-0.00205615,
116,0.0162805,0.029307,-0.429642,0.0411568,0.0554734,0,0.232372,0.00387705,0.543778,0.99359,-0.0019205,-0.0765842,0.0831291,-0.0481411,1.22203,-0.507599,-0.526242,-0.0177962,-0.555737,0.175734,1.22194,0.26551,-0.159027,-0.214364,-0.00331211,-0.490956,-0.757792,1.47293,-0.00140449,-3.05775,-0.023546,9.28638,-0.269039,0.0201984,-0.00124978,
117,0.0165323,0.0299319,-0.452309,0.0420337,0.340657,0,-0.411599,0.00761103,0.520146,0.994476,0.00311408,-0.0885577,0.0562585,-0.0544119,1.22199,-0.542011,-0.527443,0.477913,-0.567598,0.179964,1.22192,0.215511,-0.156921,-0.734445,0.132303,-0.450959,-1.20397,-1.70161,-0.000421038,0.581384,-0.0242923,10.5257,-0.206372,0.145499,-8.13401e-05,
118,0.0156461,0.0303761,-0.229126,0.042657,0.395049,0,-0.523844,0.0139307,0.477721,0.991117,0.0116028,-0.11466,0.066372,-0.220446,1.22201,-0.453713,-0.528378,0.5532,-0.57603,0.18832,1.22193,0.634596,-0.172797,-0.922691,0.283817,-1.14702,0.958017,-4.90564,-0.000455859,2.95393,-0.0161064,-1.8168,-0.132053,0.208911,-7.9315e-05,
119,0.0125552,0.0300274,0.236043,0.0421678,0.297932,0,-0.625634,-0.00440739,0.500692,0.991809,0.00649184,-0.104263,0.0734967,-0.50041,1.22201,-0.259831,-0.521616,0.389447,-0.569411,0.200769,1.22194,2.61019,0.489914,1.08118,0.157982,0.927331,-0.101331,-6.29081,-0.000353784,4.95228,0.0428079,-4.87147,0.303919,0.290726,-0.000160452,
120,0.00787052,0.0292813,0.521732,0.0411209,0.074104,0,-0.263493,-0.00473907,0.542639,0.99428,0.00437745,-0.0862488,0.0628353,-0.542568,1.22199,0.0361485,-0.522903,0.0387034,-0.55525,0.217723,1.22193,2.82667,0.203098,0.584077,-0.219897,0.617066,-0.405309,1.13414,-0.000190968,6.85918,-0.03181,-9.12964,0.26722,0.379085,-0.000196569,
121,0.00265606,0.0286099,0.650316,0.0401788,-0.24793,0,0.391025,-0.00879658,0.558292,0.996157,-0.00599582,-0.0717138,0.0499297,-0.391788,1.22198,0.384059,-0.524148,-0.454361,-0.542508,0.237992,1.22192,2.67271,-0.0377439,0.0451856,-0.652499,0.619206,-0.596401,4.86649,-0.000226047,7.05611,-0.0189876,-10.5803,0.245035,0.432193,-0.00012892,
122,-0.00285372,0.0280357,0.539407,0.039373,-0.361462,0,0.581153,0.000398956,0.556089,0.997791,-0.00552076,-0.0658962,0.0062795,-0.0354985,1.22206,0.56782,-0.525097,-0.578344,-0.531611,0.260596,1.22191,2.08241,-0.391447,0.10135,0.781948,-0.627033,-2.24076,9.32949,0.00133692,-0.711203,-0.0176155,2.08376,0.189682,0.463385,0.000173643,
123,-0.00811599,0.0275633,-0.0500074,0.0387101,-0.273143,0,0.361716,0.0036491,0.549075,0.994764,0.0189596,-0.0838854,-0.0552111,0.518322,1.22198,0.468273,-0.525821,-0.371148,-0.522647,0.282855,1.22191,2.09474,-0.295459,-0.378817,0.882943,-0.816488,-2.77479,12.7931,-0.00135603,-3.24996,-0.0112341,6.171,0.0743657,0.42602,-0.000135867,
124,-0.012161,0.0275819,-0.311295,0.0387361,-0.0976759,0,0.123195,0.00556652,0.541356,0.989817,0.0203998,-0.082158,-0.114435,0.581866,1.22197,0.259887,-0.527072,-0.0103344,-0.522998,0.303321,1.22199,1.00538,0.662049,-0.040934,-0.692329,-0.689682,-1.9867,-2.02094,8.12773e-05,-5.07211,-0.014551,8.34337,-0.0189255,0.389591,-0.000231495,
125,-0.0154419,0.0276069,-0.406762,0.0387712,0.13844,0,-0.403419,0.0079946,0.525076,0.982276,0.00728159,-0.0947881,-0.161543,0.426143,1.22197,-0.00558147,-0.527499,0.419045,-0.523473,0.320011,1.22192,0.819445,0.762479,-0.609487,-0.53635,-0.556641,-1.70053,-4.18995,-8.4285e-05,-5.54299,-0.0026086,8.82758,-0.00330538,0.278635,-0.000881891,
126,-0.0173396,0.0276098,-0.379771,0.0387753,0.227764,0,-0.557197,0.0178385,0.488178,0.977374,-0.00130471,-0.117245,-0.176043,0.147287,1.22201,-0.252505,-0.527365,0.563997,-0.523529,0.329563,1.22192,0.836729,0.564766,-0.74861,0.473111,-1.61325,0.324697,-6.92696,0.000758601,-4.33859,-0.00118349,-1.34184,-0.000151703,0.109458,-9.30232e-05,
127,-0.0176135,0.0276016,-0.163106,0.0387638,0.148296,0,-0.476671,-0.00715452,0.4676,0.984202,-0.0196344,-0.113497,-0.134459,-0.260952,1.22197,-0.425528,-0.523758,0.402092,-0.523373,0.330866,1.22191,1.36992,0.146461,0.179528,-0.092279,1.27525,2.97258,-9.36144,-0.000805835,-2.66995,0.178519,-5.04627,0.00416119,-0.0645561,0.000170588,
128,-0.0162225,0.0276243,0.0690093,0.0387956,0.00460999,0,-0.0491959,-0.00180901,0.488172,0.993582,-0.0203686,-0.100025,-0.0487435,-0.600052,1.22196,-0.530932,-0.522777,0.0704636,-0.523803,0.324082,1.22191,1.29751,-0.275495,0.276096,-0.116994,0.291236,3.08716,0.418621,0.000302035,-1.26239,-0.0244635,-8.19345,-0.0300456,-0.184122,1.10051e-05,
129,-0.0139195,0.0276232,-0.00122475,0.0387941,-0.193692,0,0.387328,-0.00704296,0.509118,0.994768,-0.0313284,-0.0954816,0.0183825,-0.529565,1.22197,-0.530789,-0.523426,-0.333381,-0.523783,0.312512,1.22191,1.70667,-0.563174,0.610579,0.183594,0.526161,2.59232,1.70165,-5.75626e-05,0.265653,-0.00379708,-7.93282,0.0392747,-0.28501,-0.000296886,
130,-0.0107674,0.0276192,-0.0772337,0.0387884,-0.316957,0,0.663537,-0.00423596,0.531252,0.993317,-0.0280056,-0.0912814,0.064842,-0.447579,1.22198,-0.524967,-0.52374,-0.573824,-0.523707,0.296654,1.2219,1.43638,-0.336219,0.204068,0.566205,-0.0568616,0.850845,1.59388,-0.00010824,0.0354466,-0.0125712,0.355385,-0.0264431,-0.34775,-0.000225427,
131,-0.0068545,0.0277251,-0.139819,0.0389371,-0.214562,0,0.564227,-0.00417959,0.528405,0.992846,-0.0118841,-0.0898318,0.0777525,-0.38377,1.22197,-0.524511,-0.524528,-0.43575,-0.525717,0.277946,1.2219,1.31168,-0.13888,-0.315216,0.797595,0.0743322,0.0583849,0.963878,-6.75474e-05,-0.000106113,-0.0188659,5.12876,-0.0524242,-0.399571,-8.6278e-06,
132,-0.00283878,0.0278146,-0.160934,0.0390627,0.00467444,0,0.27989,-0.00469184,0.508243,0.994091,0.00525507,-0.0816461,0.0713347,-0.361994,1.22198,-0.524339,-0.525677,-0.084637,-0.527415,0.258577,1.22152,0.648904,0.564814,0.321614,-0.0081573,0.487962,-0.984723,-0.0562056,0.00106079,0.00173908,-0.0364124,8.73666,0.0985018,-0.298614,-0.027165,
133,-0.000337381,0.0275819,-0.128631,0.0387361,0.282164,0,-0.312355,0.00544732,0.521538,0.995342,0.013229,-0.0816095,0.049583,-0.394045,1.222,-0.523393,-0.52765,0.392283,-0.522999,0.243978,1.22209,0.260898,0.455657,0.0778312,0.2081,-0.272517,-0.837824,-1.2181,-0.000933653,0.0316413,-0.0376249,10.3266,0.0323674,-0.283212,-0.00161932,
134,0.00267695,0.0275961,0.00558617,0.038756,0.398477,0,-0.55437,0.0111955,0.516231,0.993704,0.0140458,-0.0965503,0.0550815,-0.477514,1.22198,-0.471928,-0.529096,0.570637,-0.523268,0.228974,1.22196,0.759756,0.336844,-0.316154,-0.0264501,-0.795722,0.928701,-2.11003,-0.000184247,2.02043,-0.0229637,-1.24634,-0.00964856,-0.309856,-0.00185596,
135,0.00562932,0.0276077,0.231658,0.0387723,0.313091,0,-0.436198,0.0108702,0.489859,0.98982,0.0120555,-0.118816,0.0774216,-0.536987,1.22197,-0.301046,-0.529968,0.409374,-0.523489,0.214258,1.22192,1.09333,0.338319,-0.661828,0.327288,-0.91728,0.457783,0.192445,0.000322366,4.75826,-0.00104187,-5.15998,-0.000790088,-0.273639,-0.000466075,
136,0.0082426,0.0276009,0.417034,0.0387628,0.131663,0,-0.350811,-0.00985586,0.531755,0.992023,0.0121529,-0.0941641,0.0829205,-0.484534,1.22199,-0.0404378,-0.522347,0.106565,-0.52336,0.201082,1.22192,3.02131,0.626807,0.969978,-0.0334384,1.30942,0.221693,1.87954,-0.000398078,6.09909,0.0226852,-7.36791,-0.00382555,-0.241314,-0.0003138,
137,0.0104131,0.0276909,0.535252,0.0388891,-0.128618,0,0.208365,-0.0118863,0.566284,0.994022,0.00578304,-0.0644411,0.0879413,-0.316606,1.22197,0.280871,-0.523159,-0.316452,-0.525068,0.190979,1.22191,2.98524,0.460016,0.412379,-0.263196,1.13423,0.165349,4.81346,-0.000238691,6.74753,-0.0177768,-9.53448,-0.0618912,-0.162639,-0.000111058,
138,0.0118984,0.0279414,0.495773,0.0392406,-0.313777,0,0.533376,-0.00509825,0.576325,0.996592,0.00265402,-0.039911,0.0721357,0.0162097,1.22201,0.559896,-0.523883,-0.576864,-0.529821,0.185726,1.22191,2.52083,0.0960112,0.371829,0.87081,0.0453344,-1.47121,8.44535,0.00586899,1.35152,-0.0120126,0.727013,-0.125194,-0.0450857,0.000414792,
139,0.0125514,0.0283121,-0.000479549,0.0397608,-0.255955,0,0.427044,0.00134021,0.591339,0.998266,0.0215505,-0.0453296,0.0307618,0.518675,1.22199,0.518195,-0.524336,-0.444678,-0.536856,0.185707,1.22198,2.22374,0.224378,0.260449,0.256175,-0.608239,-2.01109,11.6303,-0.00159688,-2.05071,-0.00517921,4.53744,-0.157647,0.0410271,0.000514566,
140,0.0125421,0.028713,-0.203731,0.0403234,-0.0867785,0,0.181295,-0.000465619,0.589514,0.998294,0.0323461,-0.0483086,0.00534747,0.577093,1.22197,0.37047,-0.525103,-0.146943,-0.544464,0.189278,1.22192,1.57815,0.419326,-0.217243,0.187612,-0.0901183,-0.89404,-1.75992,-0.000126345,-3.82087,-0.0164918,7.36884,-0.143624,0.111477,0.00195577,
141,0.0117568,0.0290941,-0.27794,0.0408581,0.136339,0,-0.242059,0.0049941,0.578205,0.997854,0.0245045,-0.0569669,-0.021009,0.453828,1.22197,0.168379,-0.525644,0.245995,-0.551696,0.19657,1.22197,1.10566,0.536088,-0.46155,-0.399901,-0.363492,-1.0024,-3.15846,4.28132e-05,-4.26304,-0.00766023,8.33174,-0.139052,0.188023,-0.00162043,
142,0.0101424,0.0293994,-0.258205,0.0412866,0.335381,0,-0.602722,0.0121913,0.54807,0.996614,0.0103455,-0.0704972,-0.0410415,0.248767,1.22198,-0.0154163,-0.52574,0.575891,-0.557491,0.207358,1.22197,1.10489,0.606031,-0.741271,-0.804562,-0.912015,0.0780304,-5.03381,0.000171782,-3.11215,0.00606472,1.34292,-0.0954218,0.230099,-0.000530192,
143,0.00784577,0.0295094,-0.0638106,0.0414409,0.28881,0,-0.515849,0.0186455,0.509386,0.994015,0.00181366,-0.105549,-0.0281158,-0.0433796,1.22204,-0.107277,-0.525622,0.491868,-0.559579,0.219853,1.22193,1.04739,0.448517,-0.849853,0.15829,-1.7839,0.844466,-6.64171,-0.000901997,-0.577467,-0.000857835,-3.90736,0.010775,0.273264,-0.000489092,
144,0.00418092,0.0289762,0.277508,0.0406927,0.147215,0,-0.454177,-0.0106133,0.506248,0.995486,0.00280174,-0.0940289,0.0125726,-0.379421,1.22199,-0.0944407,-0.521974,0.221307,-0.549459,0.233558,1.22193,2.47429,0.437191,0.402044,-0.199437,1.51661,2.21211,-6.79221,-0.000418177,1.10748,-0.011422,-6.9366,0.359292,0.278323,4.21515e-05,
145,-0.000106149,0.0281458,0.495948,0.0395275,-0.0727704,0,0.155134,-0.00219812,0.530076,0.994867,-0.00973066,-0.0777395,0.0640417,-0.557842,1.22205,-0.013925,-0.523429,-0.199154,-0.5337,0.247774,1.22195,2.02994,0.0692673,0.470684,-0.32681,0.0691059,1.92937,0.470955,-0.000835879,2.10517,-0.0281011,-9.85774,0.27551,0.297073,-0.000743496,
146,-0.00421668,0.0275117,0.47797,0.0386376,-0.288875,0,0.61572,-0.00380126,0.540894,0.9922,-0.0213046,-0.0753928,0.096958,-0.443897,1.22199,0.0764528,-0.524762,-0.566927,-0.521667,0.26283,1.22191,1.74934,0.172112,0.0365597,-0.00139766,-0.103017,0.0169174,4.05454,0.00090808,1.54249,-0.0296534,-0.768469,0.056183,0.314499,-0.00037702,
147,-0.00709553,0.0275866,0.253909,0.0387427,-0.236336,0,0.559931,0.00113783,0.538561,0.992365,-0.0120163,-0.0889991,0.0845336,-0.159325,1.22199,0.100262,-0.526225,-0.47615,-0.523089,0.277938,1.22191,1.57929,0.088321,-0.284843,0.307342,-0.615012,-0.907542,7.31548,-0.000842939,-0.575826,-0.0285619,4.04484,-0.0511163,0.286027,-5.77607e-05,
148,-0.00958405,0.0276598,-0.206675,0.0388454,-0.0680945,0,0.276815,-0.00850167,0.524028,0.994266,0.00915359,-0.0921078,0.0535477,0.242397,1.22197,0.0327016,-0.526255,-0.178424,-0.524477,0.291071,1.2219,1.32622,0.00339795,0.126065,0.348106,0.85915,-3.63261,8.72125,-0.00110629,-2.09558,-0.00618536,7.73682,0.0926188,0.278898,-0.000597612,
149,-0.0123732,0.0275891,-0.572366,0.0387462,0.127669,0,-0.185612,0.0075095,0.53315,0.994965,0.0315748,-0.0889082,-0.0338145,0.569148,1.22198,-0.0818865,-0.526293,0.248219,-0.523136,0.30445,1.22191,0.780913,0.269631,0.102999,0.67423,-0.668262,-2.68136,0.770413,-0.000132609,-2.51113,0.00432726,9.31689,-0.0245333,0.254718,7.28241e-05,
150,-0.0146416,0.0276084,-0.580963,0.0387734,0.307775,0,-0.58635,0.0125377,0.535932,0.990271,0.0396236,-0.101605,-0.0864226,0.481758,1.22197,-0.182158,-0.525899,0.583157,-0.523503,0.316007,1.22191,0.929942,0.436824,-0.0638291,-0.0215513,-0.947035,-0.76393,-3.85156,-2.51765e-05,-1.52459,0.0149862,0.211346,-0.00178943,0.176368,0.000257506,
151,-0.0156569,0.0276072,-0.370853,0.0387716,0.235928,0,-0.545594,0.0101186,0.526716,0.988733,0.0210538,-0.121297,-0.0851531,0.187308,1.22196,-0.202103,-0.524817,0.47624,-0.523479,0.321093,1.22192,1.33544,0.480798,-0.252498,-1.54745,-0.758683,1.34562,-7.89585,-0.000127621,0.701781,0.0316508,-4.17565,0.000330614,0.0233473,3.1191e-05,
152,-0.0152312,0.0276047,0.134474,0.0387681,0.066541,0,-0.412022,-0.0107442,0.517018,0.990737,-0.0117878,-0.123776,-0.0545934,-0.265479,1.22197,-0.130186,-0.523072,0.177276,-0.523432,0.318934,1.22191,2.54643,0.436608,0.568962,-0.105115,1.48856,1.20169,-10.189,0.000221567,1.93283,0.0140485,-7.52909,0.00300069,-0.114079,-1.47894e-05,
153,-0.0135086,0.0276828,0.522908,0.0388777,-0.189977,0,0.154581,-0.0119738,0.534898,0.995321,-0.0117094,-0.0900405,-0.0330296,-0.604625,1.22196,-0.0242915,-0.523367,-0.264445,-0.524914,0.310973,1.22191,2.64543,-0.0152049,0.110744,-0.295447,1.19691,0.306786,0.6215,0.000108912,2.31789,-0.00703037,-10.1158,-0.064075,-0.191466,0.000104923,
154,-0.0108655,0.0279314,0.482938,0.0392267,-0.409481,0,0.630922,-0.00423568,0.534432,0.996651,-0.00806545,-0.0691559,-0.0428851,-0.471487,1.22206,0.0553221,-0.523939,-0.600599,-0.529632,0.299892,1.2219,1.84544,0.0187918,0.105643,1.30546,-0.0836711,-1.70393,4.5224,0.00220437,0.899973,-0.0235317,0.54095,-0.123121,-0.246295,-0.000166043,
155,-0.00750149,0.0282994,0.185861,0.039743,-0.352633,0,0.555015,-0.000817389,0.537353,0.992389,0.0116771,-0.0797737,-0.0930832,-0.162415,1.222,0.0256311,-0.524809,-0.455459,-0.536614,0.286241,1.22196,1.48768,0.2762,-0.0435541,0.230374,-0.355705,-2.51741,7.81357,-0.00147862,-2.05926,-0.0154645,5.12796,-0.142236,-0.296472,-0.00111043,
156,-0.00497302,0.0284565,-0.371402,0.0399635,-0.194974,0,0.173451,0.00130796,0.546193,0.983379,0.0161834,-0.0814849,-0.161444,0.252343,1.22197,-0.137706,-0.525841,-0.110127,-0.539596,0.274932,1.22191,1.39509,0.984024,0.0776122,-0.0126798,-0.269751,-2.81838,8.77068,-0.000240377,-4.46708,-0.0168213,8.74107,-0.0364708,-0.21402,-0.000300188,
157,-0.00260923,0.0285215,-0.749857,0.0400547,0.0418447,0,-0.35956,0.00971429,0.539069,0.970292,0.0178572,-0.092457,-0.22286,0.581146,1.22197,-0.391482,-0.526253,0.3475,-0.540831,0.26364,1.22189,1.06151,1.27779,-0.350586,-0.316597,-0.838074,-1.94215,1.1262,1.18045e-05,-5.68577,0.00331178,9.55193,-0.0168083,-0.249302,-0.00115947,
158,1.16167e-05,0.0284523,-0.771916,0.0399576,0.174501,0,-0.648658,0.0130311,0.511074,0.960662,0.00143791,-0.116126,-0.25227,0.470867,1.22198,-0.554186,-0.525588,0.57127,-0.539518,0.249878,1.22191,1.47096,1.00701,-0.665075,-1.21758,-1.01914,-0.31322,-4.95032,-0.000492079,0.363655,0.0245401,-0.865978,0.107884,-0.293838,0.000642,
159,0.0021182,0.0279213,-0.532576,0.0392125,0.0736591,0,-0.489886,0.0115129,0.479479,0.961678,-0.0397973,-0.131269,-0.237405,0.088675,1.222,-0.505059,-0.524358,0.412027,-0.529441,0.234637,1.22192,1.38597,0.711452,-0.0750778,-1.37665,-0.99307,2.30799,-10.2757,0.000146128,1.45234,0.0617423,-5.349,0.363092,-0.326666,0.000482918,
160,0.00447261,0.0274926,0.0696165,0.0386108,-0.114139,0,-0.278314,-0.00451462,0.518528,0.970611,-0.0455774,-0.125802,-0.200029,-0.508325,1.22197,-0.438596,-0.522779,0.0734353,-0.521305,0.219052,1.22192,2.45715,-0.142823,1.10626,0.108233,0.624405,1.79126,-13.6017,-0.000907886,1.38098,-0.0203214,-8.25244,-0.0492407,-0.307702,0.000109758,
161,0.00729368,0.0276606,0.189698,0.0388465,-0.368524,0,0.349704,-0.00720208,0.562914,0.975396,-0.0570701,-0.11099,-0.181735,-0.582625,1.22196,-0.390601,-0.523501,-0.378846,-0.524492,0.206369,1.22192,2.23117,-0.698442,0.646319,-0.719333,0.500114,0.686127,2.03404,2.98034e-05,0.52049,-0.010644,-9.84098,-0.0712263,-0.221662,-0.000277465,
162,0.00945996,0.0278971,0.0177092,0.0391785,-0.496925,0,0.592856,-0.0105157,0.580536,0.975362,-0.0670037,-0.0938629,-0.188068,-0.448392,1.22197,-0.430681,-0.524326,-0.592844,-0.528981,0.197576,1.2219,2.09273,-0.255559,0.0601578,-0.287971,0.690545,-1.02699,3.32386,7.22548e-05,-2.0998,-0.0218338,1.51661,-0.113118,-0.132324,-5.52211e-05,
163,0.0110467,0.0282887,-0.260931,0.039728,-0.414826,0,0.395243,-0.00931947,0.570409,0.969678,-0.0638405,-0.0775171,-0.222799,-0.282898,1.22197,-0.550006,-0.525399,-0.410973,-0.536412,0.193054,1.2219,2.17861,-0.0706234,-0.451138,0.0460007,0.726413,-2.14866,3.30483,0.000158929,-0.000845205,-0.0224563,5.73754,-0.180994,-0.0434574,6.1879e-05,
164,0.0119963,0.0288265,-0.348027,0.0404827,-0.25239,0,0.109963,0.000542609,0.543426,0.957355,-0.0439331,-0.0711633,-0.276544,-0.168869,1.22209,-0.532066,-0.526903,-0.0591534,-0.546618,0.193016,1.2219,1.37408,0.199758,-0.307795,1.70734,-0.125374,-2.03337,1.28685,0.00433819,0.257462,-0.0495236,8.30873,-0.219775,0.0391661,9.43573e-06,
165,0.0122251,0.0293746,-0.341608,0.0412518,-0.0240965,0,-0.380884,0.0116677,0.519879,0.942914,-0.00943976,-0.0884693,-0.320931,-0.169598,1.22202,-0.525509,-0.529113,0.366253,-0.557021,0.196686,1.22194,1.05714,0.587658,-0.439037,0.373504,-1.05775,-2.12634,-1.28941,-0.00171467,0.0475507,-0.0301886,8.71134,-0.204858,0.0923396,0.00251474,
166,0.0117327,0.0297234,-0.224751,0.0417412,0.0961393,0,-0.598147,0.015215,0.495546,0.929683,-0.0295218,-0.116546,-0.348188,-0.295377,1.22198,-0.524031,-0.52994,0.567176,-0.563641,0.202225,1.22197,1.12727,0.397881,-0.594087,-1.31003,-1.28981,0.0313688,-3.72344,-0.000210564,0.0120358,-0.00366351,-0.823793,-0.0469691,0.132955,-0.00120969,
167,0.00981888,0.0295311,0.00682534,0.0414714,0.00279294,0,-0.540332,-0.0018357,0.480876,0.932466,-0.0577627,-0.120304,-0.335705,-0.518275,1.22199,-0.511449,-0.52717,0.423198,-0.559991,0.21014,1.22193,1.6181,-0.584038,0.482766,-0.165088,0.647228,1.20057,-5.17806,0.000335229,0.365072,0.18884,-4.78116,0.255696,0.17858,-0.000187847,
168,0.00653976,0.0288674,0.0528919,0.0405401,-0.186937,0,-0.178405,-0.00932592,0.500157,0.944478,-0.0543847,-0.0989187,-0.308577,-0.54649,1.22199,-0.493549,-0.522185,0.0933365,-0.547394,0.220763,1.22193,1.7339,-1.10262,0.458226,-0.231901,1.23151,2.00088,0.743076,-0.000192875,0.284339,-0.0251479,-8.30545,0.274507,0.229546,0.000159366,
169,0.002928,0.0282292,-0.0121452,0.0396445,-0.402843,0,0.505397,0.00157206,0.517689,0.960292,-0.0579048,-0.0799772,-0.260942,-0.501517,1.22203,-0.513663,-0.523575,-0.344379,-0.535283,0.23328,1.22193,1.11944,-1.11353,0.420765,0.0355333,-0.536234,1.943,1.03447,0.000615389,-1.07552,-0.0269333,-9.19228,0.216717,0.274689,-2.71211e-05,
170,-0.00108708,0.027607,-0.0797356,0.0387714,-0.515397,0,0.692014,-0.00806949,0.526726,0.966051,-0.0573406,-0.0846689,-0.237254,-0.452754,1.22199,-0.532659,-0.525251,-0.573808,-0.523476,0.247961,1.2219,1.20315,-0.637353,-0.0216258,0.219539,0.411018,-0.211531,0.918386,-0.000691078,0.205005,-0.0423036,0.84093,0.224467,0.31554,-0.000259592,
171,-0.00422494,0.0275675,-0.103773,0.038716,-0.430804,0,0.597162,-0.00296907,0.515707,0.963867,-0.0419998,-0.080081,-0.250566,-0.422295,1.22202,-0.526443,-0.527628,-0.40693,-0.522726,0.263362,1.2219,0.885026,-0.321636,-0.264199,1.1946,-0.0445823,-0.834516,0.308496,0.00222012,0.0519709,-0.0591036,5.79228,-0.0423017,0.298893,2.02213e-05,
172,-0.00707809,0.0276304,-0.0991634,0.0388042,-0.234798,0,0.20816,0.00315138,0.509976,0.954805,-0.014524,-0.084102,-0.284715,-0.425615,1.22205,-0.525105,-0.530872,-0.018382,-0.52392,0.278235,1.22184,0.543572,0.438749,0.243757,0.2581,-0.402979,-1.88518,-0.440104,-0.00147358,0.00986855,-0.0630418,9.68385,0.0281998,0.34148,-0.00992171,
173,-0.0106263,0.0275913,-0.0591986,0.0387493,0.053323,0,-0.443119,0.00726831,0.518783,0.939051,-0.0150144,-0.0928297,-0.330666,-0.465218,1.22198,-0.524486,-0.5339,0.489459,-0.523177,0.295701,1.22187,0.490344,0.60188,-0.0842836,-0.069497,-0.397585,-1.93226,-1.13656,-0.000698749,0.00691558,-0.0581831,10.6689,-0.0101646,0.318209,0.00135506,
174,-0.0129931,0.0276075,0.0122403,0.038772,0.0959861,0,-0.539963,0.0116308,0.504671,0.934609,-0.0267309,-0.107897,-0.337862,-0.528445,1.22197,-0.516204,-0.536252,0.555969,-0.523485,0.307723,1.22191,0.756547,0.0843182,-0.504937,-0.363402,-0.863524,0.21969,-0.598409,-4.70242e-05,0.346645,-0.0417735,-2.11795,-0.00257272,0.185841,0.000121072,
175,-0.0142365,0.0276051,0.0427621,0.0387687,-0.0309717,0,-0.457932,-0.000909792,0.477586,0.93779,-0.0486534,-0.11961,-0.322299,-0.527118,1.22198,-0.48433,-0.536792,0.357612,-0.52344,0.313944,1.22192,1.52969,-0.702032,0.385306,-0.541867,0.468643,1.6412,0.171139,0.000555714,0.666489,0.177465,-5.49525,0.00896002,0.0463068,0.000393845,
176,-0.0140643,0.0276075,0.0469211,0.038772,-0.212408,0,-0.0857101,-0.00715843,0.507168,0.95421,-0.049625,-0.0948994,-0.279312,-0.511082,1.22198,-0.464127,-0.523992,0.0127325,-0.523484,0.313101,1.22191,1.80459,-1.05174,0.392116,-0.015017,0.886366,2.10122,0.468517,-0.000249541,0.258476,0.263687,-8.39816,-0.00421683,-0.0727906,-0.000179411,
177,-0.0127533,0.0276694,-0.00982221,0.0388589,-0.419291,0,0.549326,0.00065521,0.519029,0.969107,-0.0486741,-0.0802421,-0.228085,-0.480286,1.22201,-0.490108,-0.522466,-0.412685,-0.524659,0.307064,1.22191,1.26767,-1.07099,0.275938,0.338202,-0.492648,2.02995,0.740434,0.00140039,-1.28259,-0.036058,-8.61352,-0.0363709,-0.163537,0.00017808,
178,-0.010852,0.0276801,-0.0936565,0.0388739,-0.486049,0,0.662162,-0.0107701,0.521933,0.974542,-0.0401217,-0.0798625,-0.205621,-0.445399,1.22198,-0.539331,-0.524687,-0.555404,-0.524862,0.297614,1.2219,1.33724,-0.579707,-0.114979,0.367377,0.75904,-0.162406,0.65619,-0.000553351,0.260802,-0.0514946,1.37561,0.0351229,-0.214385,-4.96008e-05,
179,-0.00853587,0.0276474,-0.097562,0.0388281,-0.385369,0,0.5338,-0.00790604,0.519768,0.973412,-0.0113235,-0.0788753,-0.214753,-0.430193,1.22203,-0.528067,-0.52793,-0.368754,-0.524242,0.285702,1.2216,1.09283,0.107578,0.338712,0.640844,0.596123,-1.25893,-0.0407215,-0.00155037,0.11527,-0.0737949,5.92659,0.070261,-0.188569,-0.0534665,
180,-0.0066599,0.0276012,-0.0750941,0.0387632,-0.186128,0,0.106635,0.00252292,0.533961,0.965284,-0.000863343,-0.0796294,-0.248768,-0.449983,1.22198,-0.525219,-0.531385,0.0174545,-0.523365,0.275879,1.22217,0.895855,0.513449,0.114417,0.235593,-0.290444,-1.56414,-0.744942,-0.000454005,0.020005,-0.0667463,9.48969,-0.0151801,-0.204428,-0.00425349,
181,-0.00448081,0.0276124,-0.0243234,0.038779,0.0976346,0,-0.480448,0.0102902,0.529389,0.954269,0.00244047,-0.0928079,-0.284168,-0.500051,1.22197,-0.52438,-0.534542,0.499697,-0.523579,0.265041,1.22197,0.73389,0.581533,-0.298474,0.0583761,-0.756174,-1.40714,-1.2533,-6.81448e-05,0.00780177,-0.0593935,9.79726,-0.000148166,-0.230457,-0.00182361,
182,-0.00178071,0.0276109,0.0243434,0.0387768,0.134795,0,-0.565563,0.0158437,0.507421,0.950673,-0.013472,-0.120132,-0.285671,-0.532095,1.22197,-0.507747,-0.536894,0.552709,-0.52355,0.251477,1.22194,0.983887,0.17172,-0.654388,-0.405265,-1.38103,0.410935,0.155093,-3.92201e-05,0.673454,-0.0415071,-2.29018,0.000605927,-0.290127,-0.00084126,
183,0.00128016,0.0275991,0.063243,0.0387603,0.0141996,0,-0.541622,-0.00428134,0.48983,0.956203,-0.0478848,-0.132053,-0.256797,-0.520302,1.22198,-0.456975,-0.534707,0.346743,-0.523326,0.236011,1.22192,2.1201,-0.583221,0.824561,-0.555734,0.869243,1.55941,0.32013,0.000520297,1.09864,0.287242,-5.69834,0.00732409,-0.328661,-0.000299188,
184,0.00447489,0.0276186,0.0900139,0.0387877,-0.193981,0,-0.103493,-0.00721509,0.523167,0.967587,-0.0479929,-0.108656,-0.22286,-0.493083,1.22198,-0.402824,-0.521132,-0.0292413,-0.523696,0.220148,1.22191,2.18115,-0.781473,0.444292,0.0933018,0.851307,1.6508,0.762516,-0.000236356,1.09095,0.0614924,-9.3197,-0.0180371,-0.307719,-6.77622e-05,
185,0.00747035,0.0277199,0.0544884,0.0389298,-0.440343,0,0.519353,-0.0110851,0.531872,0.978566,-0.0464528,-0.0863347,-0.181099,-0.439476,1.22197,-0.384934,-0.522765,-0.502885,-0.525618,0.206004,1.22191,2.00882,-0.820929,-0.0935539,0.0161733,0.850002,1.83324,1.37681,-9.43507e-05,-0.362974,-0.0466463,-9.62316,-0.0579828,-0.258142,-4.62968e-05,
186,0.00993303,0.0279592,-0.117306,0.0392657,-0.460256,0,0.648269,-0.00422576,0.523052,0.981948,-0.0264737,-0.0825452,-0.168115,-0.362564,1.22204,-0.480413,-0.52576,-0.551095,-0.53016,0.195748,1.2219,1.41792,-0.33925,-0.174912,1.28116,-0.0353771,-0.120876,1.691,-0.000611881,-3.45653,-0.0688169,2.42893,-0.112593,-0.161742,-0.000163512,
187,0.0112217,0.0281758,-0.24266,0.0395695,-0.347249,0,0.474041,0.00140023,0.526276,0.976254,-0.00358846,-0.0768684,-0.202503,-0.300737,1.22201,-0.548336,-0.529435,-0.317213,-0.534269,0.191183,1.222,1.13889,0.587867,0.251118,0.171173,-0.488098,-2.10579,0.782144,-0.000606033,0.562648,-0.0687274,6.94556,-0.0866337,-0.0283128,0.000512479,
188,0.0109234,0.0282959,-0.218646,0.039738,-0.141272,0,-0.0565377,0.0033117,0.535737,0.961897,-0.0030228,-0.0863505,-0.2594,-0.306893,1.22198,-0.529126,-0.532872,0.105514,-0.536548,0.193736,1.22186,1.11287,1.00944,0.0424958,-0.203597,-0.298648,-2.55414,-1.01284,-0.000364834,0.17381,-0.068521,9.95443,-0.014287,0.116332,2.91312e-05,
189,0.00942238,0.0282851,-0.127733,0.039723,0.115739,0,-0.595674,0.0116641,0.525301,0.944615,-0.00639594,-0.0940397,-0.314354,-0.396343,1.22197,-0.524777,-0.536075,0.557519,-0.536345,0.201176,1.22189,1.17071,0.791375,-0.400456,-0.540329,-0.866042,-1.27322,-2.55981,0.000205772,0.0303692,-0.0521215,3.66945,0.0173343,0.161255,0.000924958,
190,0.00740781,0.0281312,0.033024,0.039507,0.0733218,0,-0.585185,0.0136017,0.494573,0.937105,-0.0291136,-0.113697,-0.328725,-0.536053,1.22198,-0.503017,-0.538367,0.515121,-0.533423,0.209934,1.22192,1.3579,0.487077,-0.838826,-0.792213,-1.14494,-0.350366,-1.2875,2.31198e-05,0.845455,-0.0406316,-3.27625,0.100158,0.201802,0.000139829,
191,0.00438843,0.0275448,0.073263,0.0386841,-0.0873169,0,-0.440143,-0.00452641,0.483742,0.941591,-0.0523334,-0.111078,-0.313574,-0.531053,1.22198,-0.457659,-0.535199,0.260684,-0.522296,0.219934,1.22192,2.03351,-0.729334,0.445844,0.101768,0.813093,1.14896,0.447668,0.000111891,0.936595,0.169972,-6.89991,0.15074,0.206755,-0.000224371,
192,0.00237455,0.0275672,0.063495,0.0387155,-0.301934,0,0.0738989,-0.00893235,0.50928,0.957648,-0.0487943,-0.0794772,-0.272419,-0.49611,1.22197,-0.432529,-0.524298,-0.150643,-0.52272,0.230238,1.22191,2.11419,-1.10634,0.492884,-0.0689417,0.939495,2.16662,0.93654,0.00152079,0.128841,0.235583,-9.59425,-0.0444158,0.212925,0.000114034,
193,0.000424105,0.0277299,-0.0403469,0.0389439,-0.513056,0,0.644396,-0.00354496,0.536101,0.969687,-0.0461906,-0.0808527,-0.225913,-0.440384,1.222,-0.480753,-0.522702,-0.581562,-0.525808,0.241457,1.22191,1.62748,-0.812445,0.283797,0.579224,-0.148931,1.03412,1.32374,-0.000892649,-2.01787,-0.0354879,-3.10808,-0.0882437,0.240301,-0.000649809,
194,-0.00157737,0.0279896,-0.164784,0.0393083,-0.469938,0,0.560962,-0.0058464,0.536764,0.971032,-0.0271188,-0.0880853,-0.22046,-0.382731,1.22198,-0.549032,-0.524747,-0.510936,-0.530737,0.253785,1.2219,1.7825,-0.470879,-0.189097,0.940987,0.202571,-0.782507,0.987799,-0.000377169,0.473303,-0.0467018,3.95659,-0.0960089,0.255019,-0.00020492,
195,-0.00379025,0.0282077,-0.164148,0.0396144,-0.330304,0,0.299753,-0.00116364,0.529974,0.963296,-0.00757103,-0.0720652,-0.258478,-0.364301,1.22197,-0.529948,-0.527297,-0.218242,-0.534876,0.266809,1.222,1.45443,0.440111,0.088289,-0.50523,-0.0762303,-1.94968,-0.245852,0.000199581,0.188035,-0.0420912,7.76872,-0.098737,0.263571,0.00357372,
196,-0.00581091,0.0284632,-0.118532,0.0399728,-0.111706,0,-0.246298,0.00460275,0.525498,0.948114,-0.0208833,-0.075605,-0.308103,-0.406255,1.22197,-0.525347,-0.529276,0.215349,-0.539723,0.279196,1.22196,1.31667,0.634146,-0.343201,-0.581616,-0.346377,-2.10905,-1.42207,-8.30892e-05,0.0320056,-0.0385784,9.55845,-0.0934451,0.230628,-0.00174714,
197,-0.00743879,0.0286489,-0.0267622,0.0402335,0.117438,0,-0.638516,0.0153787,0.497597,0.932565,-0.0371159,-0.0840294,-0.349118,-0.497458,1.22198,-0.524226,-0.530988,0.596405,-0.543248,0.289,1.22194,1.24409,0.47217,-0.607039,-0.704399,-1.28057,-0.538061,-2.22814,0.00251607,0.00832365,-0.0276383,1.3599,-0.0513866,0.143775,0.00071439,
198,-0.00853373,0.0286283,0.0330275,0.0402046,0.0413872,0,-0.515772,0.00364849,0.468315,0.930284,-0.0448493,-0.102824,-0.349267,-0.536256,1.22199,-0.503217,-0.53231,0.493539,-0.542857,0.294314,1.22192,1.03572,-0.410115,-0.423898,1.17514,0.0482733,0.361905,0.301976,-0.000401796,0.821388,-0.0293648,-4.43665,0.0689122,0.0722645,-0.000476576,
199,-0.00904781,0.0281595,0.050513,0.0395467,-0.125323,0,-0.284635,-0.000482828,0.494292,0.943652,-0.0484823,-0.0985696,-0.312178,-0.515837,1.22199,-0.465281,-0.52458,0.198725,-0.53396,0.292773,1.22193,1.59504,-1.00069,0.714624,-0.336139,0.25765,2.28862,0.514536,-0.000243046,0.784436,0.22082,-7.50628,0.235619,-0.0827924,-0.000275871,
200,-0.0089102,0.0275752,0.0314066,0.0387268,-0.328134,0,0.284018,-0.00547193,0.5189,0.961482,-0.0569822,-0.0864043,-0.254637,-0.481607,1.22197,-0.45019,-0.522796,-0.219249,-0.522873,0.286946,1.22191,1.53493,-1.07559,0.293089,0.166289,0.448555,2.52035,0.85177,-0.000139546,-0.178825,-0.0219525,-9.19441,0.100293,-0.149086,-0.000271081,
201,-0.007183,0.0275852,-0.0827762,0.0387408,-0.497382,0,0.706516,0.000121732,0.524957,0.974799,-0.0536737,-0.0818972,-0.200447,-0.434965,1.222,-0.517931,-0.523932,-0.580691,-0.523062,0.278364,1.22191,1.1153,-0.783342,0.0434256,0.715493,-0.595547,1.12241,1.00387,0.0007794,-2.48866,-0.0298034,-1.45622,-0.0325084,-0.182898,-0.000204444,
202,-0.00528012,0.0276152,-0.134091,0.0387829,-0.443862,0,0.611202,-0.00929342,0.519786,0.975232,-0.0333474,-0.0813003,-0.202981,-0.400362,1.22198,-0.535265,-0.52594,-0.484584,-0.523631,0.269077,1.2219,1.28899,-0.386343,-0.299144,0.840038,0.649622,-0.906174,0.377848,-0.000357525,0.294845,-0.0461044,4.50671,0.001745,-0.196894,6.73502e-05,
203,-0.00366124,0.0275888,-0.120004,0.0387458,-0.277291,0,0.333373,0.000580115,0.52036,0.969061,-0.00856149,-0.0785395,-0.233836,-0.406085,1.22203,-0.526671,-0.528713,-0.15699,-0.52313,0.26072,1.22186,0.888854,0.422732,0.285965,0.407519,-0.227788,-1.65291,-0.602129,-0.00118906,0.0699115,-0.0564561,8.56428,-0.000247981,-0.125779,0.0255895,
204,-0.00240343,0.0276053,-0.0673143,0.0387689,-0.0159085,0,-0.275768,0.00881381,0.524392,0.957422,0.000130299,-0.092821,-0.273363,-0.457362,1.22198,-0.524778,-0.531399,0.321274,-0.523443,0.254552,1.222,0.753912,0.559466,-0.145561,0.315557,-0.754396,-1.68267,-1.44154,-0.000511058,0.0144931,-0.0510165,10.5489,-0.00456599,-0.121727,-0.00288061,
205,-0.000939252,0.0276099,0.0112389,0.0387755,0.162355,0,-0.599459,0.016131,0.507338,0.949019,-0.00313273,-0.119209,-0.291793,-0.535183,1.22197,-0.523944,-0.533539,0.596325,-0.523532,0.247245,1.22194,0.941592,0.128848,-0.546583,-0.0812732,-1.37249,0.305683,-0.650782,1.47059e-05,0.00908258,-0.0338377,-1.22778,-0.000553228,-0.17271,-0.000661922,
206,0.000904627,0.0276041,0.03236,0.0387673,0.0657466,0,-0.551157,0.00424417,0.48168,0.953762,-0.0447829,-0.135669,-0.264437,-0.528806,1.22197,-0.496435,-0.533441,0.431883,-0.523421,0.237939,1.22192,1.63363,-0.399053,0.163789,-0.93239,-0.0860803,1.6555,0.293991,0.000648531,0.899629,0.175088,-5.15451,0.00836414,-0.203952,-0.000572216,
207,0.00294165,0.0276034,0.0577931,0.0387663,-0.126324,0,-0.268259,-0.00768178,0.512843,0.965616,-0.0468174,-0.116613,-0.227586,-0.508467,1.22198,-0.45061,-0.520745,0.089045,-0.523407,0.22771,1.22191,2.23711,-0.913024,0.715464,0.235243,1.02655,1.84724,0.513912,-0.000225564,1.03249,0.0652862,-8.61275,-0.00355959,-0.205104,-0.000134429,
208,0.00496598,0.0276753,0.0494655,0.0388673,-0.366993,0,0.368912,-0.0107853,0.535172,0.978757,-0.0420606,-0.0916957,-0.178486,-0.472908,1.22197,-0.423403,-0.522652,-0.380075,-0.524773,0.218182,1.22191,2.11559,-1.00583,0.177584,0.160055,0.936223,2.21744,0.905551,-0.00013786,0.0637647,-0.0525371,-10.139,-0.0496076,-0.175608,-6.01449e-05,
209,0.00674401,0.0278989,-0.0657475,0.039181,-0.454097,0,0.634269,-0.00488813,0.530765,0.98613,-0.0286369,-0.0702394,-0.14763,-0.419442,1.222,-0.485285,-0.52562,-0.562593,-0.529015,0.211224,1.2219,1.58921,-0.60053,-0.0378098,1.25892,0.0339616,0.522844,1.20942,0.00506415,-2.5298,-0.0697328,1.04102,-0.114414,-0.105377,0.00041269,
210,0.00786352,0.028195,-0.166981,0.0395965,-0.358379,0,0.50545,-0.00658807,0.531158,0.985111,0.00289148,-0.0806994,-0.151772,-0.372199,1.22201,-0.540759,-0.529337,-0.396988,-0.534633,0.208207,1.22194,1.44056,0.363381,0.55132,0.266939,0.407035,-1.71734,0.691351,-0.00147898,0.360066,-0.0822115,5.40864,-0.0295185,0.0607763,-0.00214624,
211,0.00697331,0.0282958,-0.157555,0.0397379,-0.184063,0,0.101287,-0.0010336,0.554098,0.97696,0.00998384,-0.073597,-0.200084,-0.368926,1.22198,-0.527804,-0.533384,-0.0420773,-0.536546,0.213562,1.22191,1.31013,0.694186,0.258408,0.0496774,0.0840643,-2.11018,-0.55035,-0.00018121,0.120742,-0.0784131,8.77543,-0.0550196,0.14483,-0.000776675,
212,0.00552701,0.0284312,-0.0998266,0.0399279,0.0585629,0,-0.446586,0.00617435,0.556917,0.965284,0.0107791,-0.075639,-0.24978,-0.424541,1.22197,-0.524701,-0.537051,0.404345,-0.539115,0.222011,1.22191,1.18558,0.767774,-0.144179,-0.223319,-0.349185,-1.9711,-1.66495,-3.89061e-05,0.022677,-0.0685033,9.07928,-0.0484842,0.191963,0.000357708,
213,0.00379866,0.0284973,0.0104815,0.0400207,0.149375,0,-0.634459,0.011207,0.539698,0.95784,-0.00151247,-0.0880701,-0.273466,-0.524576,1.22198,-0.514094,-0.540035,0.559539,-0.54037,0.231267,1.22193,1.43577,0.431135,-0.572224,-0.515694,-0.808223,-0.243923,-1.91589,2.64966e-05,0.406732,-0.0534693,-1.21901,-0.00266226,0.186349,-0.000267518,
214,0.00168888,0.028394,0.0641762,0.0398757,0.023465,0,-0.490987,0.0109452,0.499796,0.954766,-0.0229757,-0.10516,-0.277192,-0.531505,1.22198,-0.467241,-0.542439,0.384899,-0.538409,0.240947,1.22192,1.55308,0.183988,-1.01681,-0.757929,-0.950909,0.178979,0.286533,-1.6767e-05,1.45407,-0.0432465,-5.73276,0.0827121,0.197849,-9.9501e-05,
215,-0.00114469,0.0277578,0.102262,0.0389829,-0.177441,0,-0.179706,-0.00288434,0.489945,0.963197,-0.0425939,-0.0939846,-0.248203,-0.506855,1.222,-0.404235,-0.536754,0.0312423,-0.526336,0.249575,1.22192,2.15407,-0.893722,1.00574,0.117628,0.38325,1.8657,0.630036,0.00176243,1.10298,0.306451,-8.39244,0.405383,0.161418,0.000894955,
216,-0.00313346,0.0274929,0.0744922,0.0386112,-0.399485,0,0.419861,-0.007108,0.527919,0.975486,-0.0421783,-0.0819625,-0.199823,-0.4575,1.22198,-0.38287,-0.522291,-0.410972,-0.52131,0.257228,1.22191,2.02082,-0.956332,0.507818,0.0535963,0.456507,2.13977,1.33853,-0.00058394,-0.236139,0.12002,-9.28916,-0.0629076,0.145045,-0.000296533,
217,-0.00415147,0.0277188,-0.0868277,0.0389283,-0.469106,0,0.59188,-0.00964991,0.53874,0.98261,-0.0339701,-0.0690043,-0.169006,-0.378273,1.22197,-0.46532,-0.522791,-0.565205,-0.525598,0.264324,1.2219,1.9113,-0.512353,-0.0600185,0.516152,0.612512,0.689891,1.82325,-9.10631e-05,-3.04852,-0.0358393,1.35626,-0.110284,0.134305,1.09255e-05,
218,-0.00478714,0.0280713,-0.24541,0.0394229,-0.364798,0,0.451445,-0.00209691,0.536622,0.983171,-0.00776525,-0.0756284,-0.166116,-0.305597,1.222,-0.55612,-0.524957,-0.390961,-0.532286,0.270612,1.2219,1.71017,-0.35323,-0.251916,1.25719,-0.135052,-0.725589,1.10757,-0.000914584,0.622575,-0.0466792,5.58456,-0.160957,0.117342,-1.74276e-05,
219,-0.00566761,0.0283798,-0.230695,0.0398558,-0.181449,0,0.0770239,-0.00259929,0.538283,0.977042,0.00147995,-0.0774973,-0.198445,-0.296226,1.22197,-0.53115,-0.527244,-0.0398266,-0.538141,0.277744,1.2219,1.40389,0.59111,0.18155,-0.344321,0.277393,-1.85063,-0.719432,-0.000225956,0.245595,-0.0477791,8.43289,-0.0714157,0.169719,-0.000573241,
220,-0.00677659,0.0285757,-0.150459,0.0401307,0.0521642,0,-0.435387,0.00364881,0.538225,0.967609,-0.00608717,-0.0721853,-0.241836,-0.373537,1.22197,-0.525146,-0.529476,0.385553,-0.541858,0.285032,1.22193,1.239,0.727343,-0.186765,-0.590488,-0.0597515,-1.65047,-2.35908,-1.27157e-05,0.0417178,-0.0414477,8.58091,-0.0773342,0.121813,8.63682e-05,
221,-0.00724836,0.0287383,0.00195394,0.040359,0.168141,0,-0.649818,0.0091296,0.51958,0.961633,-0.0257028,-0.0753794,-0.262524,-0.516576,1.22198,-0.514622,-0.531183,0.573456,-0.544945,0.28883,1.22194,1.46671,0.462555,-0.582766,-0.918339,-0.540757,0.044115,-3.3549,4.9095e-05,0.377666,-0.0279729,-1.0906,-0.0479449,0.0311482,-0.000492824,
222,-0.0072354,0.0287597,0.0710895,0.0403889,0.0508821,0,-0.452348,0.010142,0.49021,0.960022,-0.04684,-0.0985735,-0.257775,-0.53738,1.22203,-0.46617,-0.532607,0.402434,-0.54535,0.288953,1.22192,1.23029,-0.0119259,-0.442616,0.539117,-0.835348,0.333249,0.435424,-0.00102462,1.52209,-0.027218,-5.71671,0.0358093,-0.0262946,-0.000606904,
223,-0.00730407,0.0283199,0.108839,0.0397718,-0.146125,0,-0.218343,-0.00864967,0.50096,0.969217,-0.0360629,-0.0923698,-0.225356,-0.503328,1.22199,-0.394056,-0.52938,0.0536485,-0.537005,0.285431,1.22193,2.20907,-1.05989,0.675523,-0.422255,1.10929,2.5712,0.918958,-0.000531665,1.39333,0.150517,-8.21411,0.28964,-0.117604,-2.66196e-05,
224,-0.00712567,0.0276328,0.0868119,0.0388075,-0.360413,0,0.423068,-0.00388962,0.531744,0.982276,-0.0470585,-0.0789361,-0.163367,-0.439675,1.222,-0.352644,-0.522638,-0.386759,-0.523965,0.278495,1.22192,1.84281,-1.15793,0.455761,-0.302801,0.0879356,2.66511,1.63309,-0.000766858,0.270869,0.0355963,-9.3934,0.230404,-0.16151,-0.000354514,
225,-0.00553548,0.0275638,-0.0590879,0.0387108,-0.450046,0,0.666945,-0.00142402,0.545992,0.98856,-0.0492989,-0.0804754,-0.117652,-0.344276,1.222,-0.403433,-0.523456,-0.587508,-0.522656,0.269908,1.2219,1.49092,-0.777639,0.108914,0.464502,-0.413719,1.01453,2.17801,-0.000505016,-2.28103,-0.0301498,1.44675,-0.0378604,-0.182359,-9.06512e-05,
226,-0.00340602,0.02767,-0.307157,0.0388598,-0.318861,0,0.49785,-0.000529084,0.537879,0.990503,-0.0384021,-0.0895524,-0.0970056,-0.248791,1.22198,-0.566194,-0.525061,-0.395799,-0.524672,0.260154,1.2219,1.47756,-0.545292,-0.415901,0.683852,-0.331229,-0.0421386,1.65711,-6.43919e-05,-0.852909,-0.0351212,6.20052,-0.0388703,-0.199737,5.42615e-05,
227,-0.00125537,0.0277546,-0.306092,0.0389785,-0.086667,0,0.038971,0.000645967,0.504466,0.989319,-0.0186057,-0.0975541,-0.106699,-0.223765,1.22197,-0.539993,-0.526943,-0.00239485,-0.526276,0.250103,1.2219,1.34732,-0.382707,-0.92684,0.821706,-0.081229,-0.666028,-0.641606,-0.000139006,0.530668,-0.0392404,9.5017,-0.0244612,-0.204434,-2.18015e-05,
228,0.000548011,0.0275883,-0.214553,0.0387451,0.192543,0,-0.393355,0.012798,0.4918,0.986016,-0.00320977,-0.10253,-0.13134,-0.308319,1.22199,-0.526257,-0.529617,0.464215,-0.52312,0.23959,1.22198,0.144585,0.163134,-0.0845955,0.546851,-1.09775,-0.85417,-2.75279,-0.000721825,0.0983518,-0.0552216,9.23765,0.0341629,-0.225711,0.000316447,
229,0.00298933,0.0275957,-0.00540068,0.0387555,0.272283,0,-0.534775,0.0136343,0.480903,0.982645,-0.0029595,-0.138811,-0.123012,-0.482435,1.22197,-0.487836,-0.531875,0.570691,-0.523261,0.227402,1.22194,0.570557,0.064928,-0.261149,-0.527791,-1.09335,0.938302,-4.19361,-0.000508667,1.43981,-0.0355299,-1.91766,-0.00737909,-0.247533,-0.00105576,
230,0.0053783,0.0275995,0.160928,0.0387608,0.16333,0,-0.533585,0.00226654,0.50484,0.983587,-0.0153021,-0.143827,-0.107872,-0.542686,1.22199,-0.380347,-0.525572,0.393467,-0.523333,0.215446,1.22192,1.75561,-0.230286,0.854683,0.273324,0.116857,0.0696141,0.47836,7.74884e-05,2.91119,0.225426,-5.25674,-0.00341538,-0.223182,-0.000347972,
231,0.00750614,0.0276076,0.271262,0.0387722,-0.0432014,0,-0.219915,-0.00430017,0.547748,0.986372,-0.0222409,-0.136684,-0.088839,-0.490278,1.22198,-0.212052,-0.522379,0.0450585,-0.523487,0.204838,1.22192,2.29074,-0.472717,0.939377,0.302377,0.569857,0.63499,1.61894,0.000163488,3.76101,-0.0302445,-8.65407,-0.00140681,-0.190067,-0.000346804,
232,0.00913306,0.0276275,0.313787,0.0388001,-0.307606,0,0.3897,-0.00980618,0.584284,0.990423,-0.028953,-0.118576,-0.0645212,-0.361865,1.22197,-0.0371246,-0.523592,-0.41558,-0.523864,0.196846,1.22191,2.25441,-0.639529,0.507535,-0.593701,0.78121,1.27414,3.50335,-0.000168323,3.24472,-0.0191234,-9.7722,-0.0130966,-0.128161,-9.42394e-05,
233,0.0100887,0.0277437,0.197875,0.0389632,-0.40371,0,0.574323,-0.0114845,0.594992,0.992646,-0.0381029,-0.0975511,-0.0607175,-0.133137,1.22197,0.0673836,-0.524749,-0.572918,-0.52607,0.193071,1.2219,2.09747,-0.301936,-0.060475,-0.251009,0.828721,-0.474979,5.62465,-1.58562e-05,0.943138,-0.0254903,1.54224,-0.0784658,-0.0294175,5.3925e-05,
234,0.0105252,0.0280553,-0.135841,0.0394005,-0.30351,0,0.414036,-0.00794755,0.578921,0.993199,-0.0407757,-0.0765552,-0.0776623,0.177396,1.22196,0.0407105,-0.526029,-0.39357,-0.531983,0.19362,1.2219,1.93833,-0.304108,-0.467694,0.000346987,0.576373,-0.934152,6.77816,0.00234549,-1.98347,-0.0250446,5.60106,-0.153068,0.054397,0.000269624,
235,0.0102425,0.0284833,-0.532215,0.040001,-0.114534,0,0.107975,0.00509159,0.567489,0.989528,-0.0159842,-0.0933938,-0.10889,0.482417,1.22204,-0.110813,-0.527472,-0.0450604,-0.540105,0.198801,1.22191,1.29823,-0.573967,-0.413298,1.07375,-0.666446,-1.4077,5.44641,-0.00226687,-4.06593,-0.0297335,8.31424,-0.180747,0.143027,-0.000159144,
236,0.00923221,0.0288856,-0.701167,0.0405656,0.136883,0,-0.383663,0.00499835,0.532158,0.985645,0.0103876,-0.107025,-0.130159,0.538661,1.22198,-0.330931,-0.528966,0.379852,-0.54774,0.207409,1.22191,0.981271,-0.465753,-0.989834,0.958031,-0.230154,-0.657466,-1.77949,-0.000411991,-4.72846,-0.0283351,8.6816,-0.123794,0.203051,3.81895e-05,
237,0.00750448,0.029033,-0.697653,0.0407724,0.264043,0,-0.521794,0.0167471,0.501006,0.984348,0.00416063,-0.111582,-0.136346,0.324738,1.22163,-0.537975,-0.529978,0.573061,-0.550537,0.217377,1.22194,0.376477,0.0327132,-0.281049,-0.537585,-1.47096,0.578045,-6.71393,0.0340002,-2.95143,-0.0169483,-1.02539,-0.0211127,0.167048,-0.00159274,
238,0.00544561,0.0288574,-0.380542,0.040526,0.184122,0,-0.501003,0.00784128,0.485125,0.982955,-0.0272165,-0.141917,-0.113657,-0.130171,1.22214,-0.530864,-0.529753,0.431476,-0.547204,0.226167,1.22192,1.33413,0.0498267,0.255623,-0.659038,-0.525497,1.33505,-11.4389,-0.00446168,1.18942,0.152058,-4.45479,0.247274,0.178547,-0.000213043,
239,0.0018214,0.0278719,0.159696,0.0391432,0.00905659,0,-0.318393,-0.000836978,0.524457,0.98559,-0.0305336,-0.138871,-0.091629,-0.611151,1.22199,-0.450077,-0.521016,0.132754,-0.528503,0.235693,1.22192,2.20843,-0.527776,0.896065,-0.00272109,0.234899,0.108432,-0.537627,-0.000896823,2.18961,-0.019728,-7.56644,0.434126,0.222482,9.05823e-05,
240,-0.00104035,0.0274832,0.187445,0.0385976,-0.239512,0,0.233472,-0.0105925,0.564683,0.988386,-0.046626,-0.122778,-0.0764501,-0.532609,1.22197,-0.342921,-0.523008,-0.290974,-0.521125,0.246638,1.22191,2.27539,-0.761248,0.693191,-0.179052,1.00179,0.879026,2.29446,-6.13876e-05,2.09741,-0.027807,-9.39605,-0.0597185,0.217396,-0.000541244,
241,-0.00278982,0.0277234,0.102671,0.0389347,-0.422949,0,0.597227,-0.0137719,0.584706,0.99175,-0.0482669,-0.0964796,-0.0692396,-0.386198,1.22197,-0.283165,-0.524518,-0.594373,-0.525685,0.25753,1.2219,2.06811,-0.424375,0.0944047,0.174402,1.08646,-0.717871,3.55601,9.55124e-05,0.327256,-0.0367284,0.548251,-0.125722,0.223824,-0.000167303,
242,-0.00408625,0.0281812,-0.148314,0.0395772,-0.352023,0,0.483296,-0.0140439,0.576134,0.992646,-0.0385867,-0.0691379,-0.0915696,-0.194019,1.22197,-0.343435,-0.526366,-0.456193,-0.534372,0.268061,1.2219,1.93224,-0.291007,-0.433813,0.278453,1.25784,-1.0149,4.12605,-2.41109e-05,-2.71376,-0.0363467,4.87989,-0.22022,0.197746,4.14621e-05,
243,-0.00473999,0.0288529,-0.477515,0.0405198,-0.173615,0,0.274898,-0.00202585,0.563966,0.991139,-0.0076877,-0.0605536,-0.117974,-0.0201898,1.2221,-0.53995,-0.528619,-0.130457,-0.54712,0.277248,1.22191,1.03383,-0.391525,-0.211536,1.63709,0.11678,-1.34785,2.84546,-0.00215664,-4.12961,-0.0495861,8.1294,-0.289539,0.170274,-2.19431e-05,
244,-0.00504914,0.0295976,-0.520906,0.0415646,0.0677449,0,-0.246766,0.0139324,0.555367,0.982938,0.0221915,-0.0773221,-0.165413,0.0320137,1.222,-0.545568,-0.530841,0.317249,-0.561253,0.285347,1.22202,0.580814,0.185417,-0.0949125,0.548825,-1.38317,-2.0981,-0.740072,-0.00101119,0.667435,-0.0377064,9.75124,-0.280941,0.147638,0.000247657,
245,-0.00519906,0.030136,-0.381803,0.04232,0.225517,0,-0.574464,0.0119065,0.540358,0.974366,0.0248946,-0.111277,-0.19393,-0.0997446,1.22198,-0.501913,-0.532389,0.57978,-0.571471,0.290833,1.22195,0.858229,-0.045443,-0.362595,-0.762303,-0.873364,0.019433,-4.50069,-0.000475534,1.06849,-0.0180293,-0.808575,-0.0924682,0.0727152,-0.00104703,
246,-0.00542238,0.0302079,-0.0204492,0.042421,0.13951,0,-0.490751,0.0106717,0.516517,0.976119,-0.0158994,-0.125367,-0.176698,-0.38947,1.22198,-0.409922,-0.532755,0.43816,-0.572837,0.292586,1.22193,1.233,-0.114245,-0.63357,-1.8503,-0.864267,1.63907,-7.06611,0.000172895,2.60161,0.00222302,-4.83192,0.0294087,-0.00112386,-0.000234257,
247,-0.00591491,0.029769,0.285198,0.0418052,-0.0411671,0,-0.366823,-0.010532,0.525728,0.981572,-0.0327688,-0.112393,-0.151032,-0.565789,1.222,-0.272457,-0.524052,0.128434,-0.564507,0.291199,1.22193,2.69508,-0.88564,0.885541,0.215154,1.41381,0.89707,0.743452,-2.44872e-05,2.92601,0.326642,-7.54689,0.292202,-0.0535255,-5.01881e-05,
248,-0.00634188,0.0291089,0.327518,0.0408789,-0.285925,0,0.213416,-0.0128478,0.556492,0.988485,-0.026516,-0.079326,-0.126104,-0.477455,1.22199,-0.137409,-0.522178,-0.306483,-0.551978,0.287538,1.22192,2.60623,-1.06378,0.342273,0.0713745,1.26156,1.15501,2.77376,-0.0002657,2.47929,-0.0438415,-9.83067,0.211326,-0.0917146,-9.61883e-05,
249,-0.00610869,0.0286739,0.211815,0.0402685,-0.442193,0,0.587689,-0.00695503,0.561354,0.991824,-0.0169398,-0.0507816,-0.115846,-0.28209,1.22202,-0.0670195,-0.524491,-0.576548,-0.543722,0.282543,1.22191,2.0186,-0.897973,0.203418,1.25552,0.272261,-0.688525,5.00683,0.00634582,0.361583,-0.0555356,0.691554,0.123066,-0.101785,0.000192395,
250,-0.00533282,0.0284312,-0.129166,0.039928,-0.372233,0,0.550632,0.000354741,0.570269,0.988861,0.00831012,-0.0546213,-0.138206,0.000750238,1.22201,-0.129141,-0.527144,-0.436046,-0.539116,0.276516,1.22202,1.39996,-0.435695,0.314986,0.000994895,-0.479339,-1.33451,6.29939,-0.00161964,-2.81914,-0.0448805,4.90129,0.0559666,-0.14307,0.00296572,
251,-0.00402425,0.0282774,-0.549927,0.0397122,-0.195693,0,0.201373,0.00206644,0.572894,0.982783,0.0107567,-0.0651566,-0.172559,0.284305,1.22197,-0.333972,-0.529321,-0.0970367,-0.536198,0.268596,1.22195,1.18677,-0.207892,-0.214729,0.146046,-0.349227,-1.46966,5.05265,-0.000187884,-5.35448,-0.0410788,8.62976,0.0621226,-0.172515,-0.00157318,
252,-0.00258146,0.0280801,-0.758439,0.0394352,0.0615545,0,-0.362944,0.0134301,0.552723,0.974724,0.0128346,-0.0773158,-0.209215,0.430278,1.22198,-0.562251,-0.531079,0.360752,-0.532453,0.25962,1.22196,0.991439,0.163302,-0.442148,-0.171127,-1.27836,-2.05401,0.835199,0.000166227,-0.328541,-0.0285462,9.68685,0.0887596,-0.174126,0.00163477,
253,-0.00121318,0.0277192,-0.697263,0.0389288,0.195659,0,-0.629192,0.0177492,0.518279,0.965917,0.00214816,-0.111717,-0.233494,0.331979,1.22198,-0.529974,-0.532258,0.580335,-0.525605,0.24958,1.22194,1.27258,-0.0894645,-0.920885,-0.227745,-1.58601,0.253795,-4.7246,-8.87336e-05,0.922129,-0.0185468,-1.14366,0.181875,-0.229693,-0.000765932,
254,0.000923824,0.0275408,-0.401949,0.0386785,0.0980219,0,-0.622849,-0.00358182,0.474012,0.968802,-0.031456,-0.131314,-0.207821,-0.026343,1.22196,-0.452314,-0.531743,0.413288,-0.52222,0.237287,1.22192,2.31076,-0.37414,0.144677,-1.15017,0.850417,1.64336,-9.55097,0.000628048,1.88254,0.216445,-5.2371,-0.0255153,-0.266266,-0.000281505,
255,0.00369318,0.0276114,0.207881,0.0387775,-0.107442,0,-0.285452,-0.0107032,0.503867,0.979544,-0.0337792,-0.0916352,-0.175942,-0.565117,1.22196,-0.354161,-0.520485,0.0532756,-0.523558,0.224008,1.22191,3.00355,-0.738444,0.465009,0.12471,1.35955,1.30073,-9.74279,-0.00042911,2.23235,-0.0260656,-9.28442,-0.030554,-0.257377,9.35405e-05,
256,0.00609937,0.0277681,0.296287,0.0389974,-0.396059,0,0.423035,-0.00527264,0.525811,0.983737,-0.0292021,-0.075742,-0.160223,-0.569634,1.22203,-0.26419,-0.523415,-0.450864,-0.526533,0.213309,1.22191,2.30646,-1.16377,0.349544,0.317662,0.192618,0.643287,2.3768,-0.000923599,1.35586,-0.0620966,-10.8801,-0.0840798,-0.188964,-0.000179894,
257,0.00797215,0.0280259,0.130673,0.0393593,-0.481367,0,0.582094,-0.00586545,0.528449,0.981682,-0.0107813,-0.0725948,-0.175824,-0.399004,1.22198,-0.267579,-0.526851,-0.578916,-0.531425,0.206176,1.2219,2.07904,-0.608794,-0.106984,0.48041,0.136914,-1.40156,4.42623,-0.000565815,-1.4891,-0.0677203,2.15303,-0.117522,-0.108413,0.00315059,
258,0.00943977,0.0284053,-0.261799,0.0398916,-0.387152,0,0.438152,0.000520989,0.52904,0.972386,-0.0217665,-0.080131,-0.218108,-0.159151,1.22197,-0.427189,-0.529666,-0.367876,-0.538624,0.202145,1.22197,1.64425,-0.0574934,-0.2152,-0.53325,-0.431457,-1.85182,5.15913,-6.24741e-05,-4.86667,-0.0518463,6.24865,-0.16283,-0.0478411,-0.00201758,
259,0.010005,0.0287412,-0.542721,0.0403629,-0.212552,0,0.0601064,-0.00286662,0.519165,0.955454,-0.0206297,-0.0850854,-0.281856,0.0456536,1.22206,-0.562351,-0.532609,0.0157802,-0.544999,0.202261,1.22191,1.14004,0.276092,0.115601,0.42924,0.365625,-3.84654,3.06653,0.00345935,0.697389,-0.0770268,9.04995,-0.0672279,0.0631328,-0.000561387,
260,0.00896566,0.0289062,-0.556629,0.0405945,0.0186755,0,-0.509734,0.011392,0.517528,0.929515,-0.00791388,-0.102576,-0.354142,0.0956074,1.22202,-0.532329,-0.536134,0.4671,-0.548131,0.208928,1.2219,1.16823,0.643921,-0.0803931,-0.0113486,-0.923241,-2.63611,-1.03244,-0.00174298,0.304848,-0.0638856,8.97057,-0.0327541,0.214105,2.7114e-05,
261,0.00647879,0.0288214,-0.428744,0.0404755,0.0668189,0,-0.640351,0.0132815,0.508535,0.914719,-0.0242203,-0.122505,-0.384312,-0.0572419,1.22198,-0.515599,-0.53886,0.566374,-0.546521,0.220665,1.22192,1.43833,0.386015,-0.371375,-0.704606,-1.0546,-0.227733,-5.04429,-0.0003793,0.370098,-0.0474427,-2.10087,0.084334,0.241722,0.000180963,
262,0.00330843,0.0283667,-0.105411,0.0398375,-0.0704049,0,-0.498642,0.000404572,0.490586,0.919489,-0.0660426,-0.126816,-0.366191,-0.382185,1.22198,-0.487989,-0.540112,0.351006,-0.537893,0.23258,1.22192,1.8024,-0.412063,0.237337,-0.336556,0.301632,1.37388,-7.91721,0.000478628,0.580335,0.0639632,-6.38495,0.299744,0.240065,-0.000191772,
263,-0.000603992,0.0275194,0.1,0.0386484,-0.285408,0,-0.0296482,-0.0126023,0.516318,0.935361,-0.0622485,-0.104666,-0.332069,-0.578289,1.22198,-0.477954,-0.533482,-0.0448724,-0.521812,0.244766,1.22192,1.90881,-1.31174,0.670397,-0.146398,1.49319,2.00249,1.03444,-0.000213658,-0.142378,0.201237,-9.42186,0.129273,0.246667,8.36972e-05,
264,-0.00287559,0.0275874,-0.022712,0.0387438,-0.508967,0,0.559229,-0.0160218,0.536282,0.954351,-0.0597413,-0.0650915,-0.28532,-0.507923,1.22197,-0.530639,-0.523602,-0.510149,-0.523104,0.256765,1.22191,1.78907,-1.30434,0.140527,-0.19733,1.44533,1.96079,1.74445,1.32473e-05,-0.743438,0.193353,-9.18426,-0.0814578,0.235842,-0.000145941,
265,-0.0047257,0.0279197,-0.101652,0.0392101,-0.526479,0,0.645638,-0.00530053,0.550082,0.957188,-0.036084,-0.065379,-0.279669,-0.427714,1.22202,-0.529718,-0.522701,-0.548862,-0.529409,0.268971,1.2219,1.42434,-0.710016,0.0827003,1.21934,0.0980239,-0.445547,1.48243,-0.00153317,0.147491,-0.0314683,2.65205,-0.180181,0.235393,-2.56228e-05,
266,-0.00598562,0.0284291,-0.150901,0.039925,-0.403761,0,0.435771,-0.00144932,0.543144,0.952161,-0.0042064,-0.0708168,-0.297249,-0.373792,1.22198,-0.525855,-0.524363,-0.301931,-0.539076,0.279773,1.22193,1.26381,-0.20742,-0.135847,0.638893,-0.125056,-1.33902,0.683445,-0.000350904,0.0287069,-0.0295166,7.19587,-0.209644,0.193377,0.00499863,
267,-0.00664694,0.0289851,-0.155918,0.0407053,-0.188165,0,-0.0610618,0.00606543,0.536981,0.937432,-0.00549723,-0.0838531,-0.337876,-0.367776,1.22197,-0.524977,-0.525563,0.12893,-0.549629,0.287981,1.22198,0.978895,0.265081,-0.341758,-0.0688324,-0.611307,-1.94196,-0.435671,-3.13967e-05,0.00740093,-0.0235675,10.0069,-0.206061,0.140718,-0.00217873,
268,-0.00696308,0.0294423,-0.106336,0.0413468,0.0837948,0,-0.588497,0.016057,0.509898,0.92032,-0.0143408,-0.103458,-0.376964,-0.417633,1.22198,-0.524372,-0.526541,0.581139,-0.558306,0.293588,1.22195,0.961249,0.120626,-0.722981,-0.390044,-1.37864,-0.581066,-1.55959,0.000220789,0.00593205,-0.0112142,3.32743,-0.145307,0.0668844,-9.49359e-05,
269,-0.00702437,0.0295429,0.00301748,0.0414879,0.0440689,0,-0.578784,0.00777411,0.470248,0.920482,-0.0540199,-0.118347,-0.368495,-0.513615,1.22198,-0.510598,-0.526036,0.518519,-0.560215,0.29478,1.22193,1.29479,-0.402552,-0.490375,-1.41419,-0.430256,1.27526,-2.27244,0.000282261,0.461856,0.103177,-3.52745,0.114516,-0.0195612,-0.000333,
270,-0.00761156,0.0288903,0.0415368,0.0405723,-0.11315,0,-0.372691,-0.00671348,0.480305,0.934467,-0.0512712,-0.0974512,-0.338595,-0.531394,1.22199,-0.489833,-0.522605,0.251249,-0.54783,0.291989,1.22192,1.71393,-1.1642,0.260317,0.424409,1.07058,1.56254,0.225218,-9.15444e-05,0.487446,-0.0213958,-7.2629,0.306235,-0.0882234,-6.15868e-05,
271,-0.00785321,0.0280491,0.023517,0.0393918,-0.320837,0,0.213241,-0.00421051,0.507089,0.953147,-0.0413711,-0.0859026,-0.287089,-0.514308,1.22201,-0.490786,-0.523542,-0.165284,-0.531865,0.285807,1.22192,1.54261,-1.4422,0.433924,0.188296,0.348572,2.67292,0.473904,-0.00104593,-0.45424,-0.0131721,-9.46413,0.303239,-0.15402,-0.000112463,
272,-0.00706228,0.0274975,-0.0486766,0.0386177,-0.504325,0,0.675733,-0.00239024,0.520779,0.97047,-0.0415765,-0.078524,-0.224261,-0.487124,1.22201,-0.535839,-0.524175,-0.567776,-0.521398,0.276988,1.22191,1.30341,-1.16763,0.170291,0.656245,-0.276069,1.43348,0.615238,0.000665809,0.0144692,-0.0219772,-2.86458,-0.0112744,-0.184595,-0.000454721,
273,-0.00498457,0.0275947,-0.0624996,0.0387541,-0.462108,0,0.612385,-0.0105348,0.519666,0.973817,-0.0210475,-0.0757577,-0.213303,-0.46552,1.22198,-0.528101,-0.525746,-0.505037,-0.523242,0.267414,1.2219,1.40342,-0.746987,-0.212138,0.880394,0.780683,-0.314548,0.248579,-0.000442552,0.108249,-0.037976,3.82974,-0.0417011,-0.202327,2.76243e-05,
274,-0.0024575,0.0278147,-0.0608858,0.0390629,-0.30607,0,0.395684,0.000305712,0.520862,0.968876,-0.0215523,-0.0767838,-0.234347,-0.464456,1.22199,-0.525417,-0.527306,-0.206201,-0.527418,0.256665,1.22198,0.863267,-0.0384515,-0.108501,-0.200838,-0.24351,-1.26544,-0.204995,-0.000382017,0.0189812,-0.0315073,8.08085,-0.118154,-0.223491,-0.00196272,
275,0.000211376,0.0280969,-0.039182,0.0394589,-0.052221,0,-0.184741,0.00897341,0.503984,0.959008,-0.0261102,-0.0853213,-0.268965,-0.485484,1.22197,-0.524687,-0.528845,0.260009,-0.532772,0.245751,1.22193,0.673967,0.180362,-0.50306,-0.329836,-0.83514,-1.48616,-0.634189,-4.50783e-06,0.00700152,-0.0277455,10.5445,-0.0946079,-0.204896,7.73859e-05,
276,0.00257417,0.0282431,-0.000116083,0.039664,0.172762,0,-0.591393,0.0155556,0.467472,0.950392,-0.0421205,-0.108492,-0.288462,-0.523923,1.22198,-0.524039,-0.529943,0.606714,-0.535547,0.235178,1.22194,0.794726,-0.231562,-0.814819,-0.373007,-1.29186,0.519668,-0.755855,4.87291e-05,0.00654522,-0.0032884,-0.655866,-0.0214322,-0.233412,0.000118715,
277,0.00440782,0.0279159,0.0274937,0.0392049,0.0897226,0,-0.550234,0.00291553,0.465612,0.955278,-0.034533,-0.120855,-0.267667,-0.526786,1.22199,-0.499286,-0.523331,0.470027,-0.529338,0.223099,1.22197,1.40158,-0.804943,0.933203,0.167913,0.114214,1.46938,0.103057,0.000201631,0.876187,0.264409,-4.53731,0.327501,-0.262854,0.000127375,
278,0.00615552,0.0274826,0.0753958,0.0385968,-0.0809342,0,-0.218668,0.000349617,0.505729,0.968114,-0.0434361,-0.115026,-0.218262,-0.517028,1.22198,-0.441489,-0.52243,0.150632,-0.521115,0.210517,1.22193,1.5743,-1.00993,0.618386,-0.0798265,0.107964,2.25236,0.290901,-6.36236e-05,1.43379,-0.0361896,-8.23968,-0.0485617,-0.233621,-0.000757364,
279,0.00841363,0.0275941,0.100581,0.0387533,-0.30164,0,0.341859,-0.0080225,0.529764,0.98016,-0.0467451,-0.105079,-0.161431,-0.489076,1.22197,-0.388154,-0.523608,-0.289507,-0.523231,0.200164,1.22191,1.67367,-1.19881,0.403791,0.117408,0.689583,2.61317,0.821061,-9.71937e-05,0.690678,-0.00506425,-9.32946,-0.0229558,-0.183618,-0.000236179,
280,0.0100416,0.0277231,0.0221263,0.0389343,-0.442168,0,0.659102,-0.0110929,0.53561,0.989383,-0.0438195,-0.0856146,-0.108953,-0.430448,1.22197,-0.408318,-0.523982,-0.583752,-0.525679,0.193127,1.2219,1.52933,-0.820148,-0.179667,0.493089,0.770088,1.1972,1.52216,0.000105232,-1.46375,-0.0139796,0.361202,-0.0767703,-0.0930543,-0.000133151,
281,0.0109986,0.0280073,-0.190911,0.039333,-0.341883,0,0.613808,0.00132665,0.525598,0.992294,-0.0232181,-0.0848005,-0.0873082,-0.353175,1.22203,-0.546458,-0.524926,-0.444596,-0.531071,0.190821,1.22191,1.01525,-0.778734,-0.215928,1.30249,-0.606502,0.00439312,1.57833,-0.000392426,-1.50482,-0.0248359,5.14321,-0.135453,0.00532851,7.13164e-05,
282,0.0103666,0.0281668,-0.222865,0.0395569,-0.147028,0,0.28295,0.00222373,0.523243,0.990214,-0.00031332,-0.0737856,-0.118453,-0.310366,1.222,-0.537035,-0.526668,-0.0860303,-0.534098,0.195396,1.22196,0.639035,0.173145,0.254489,0.0402142,-0.357416,-1.52917,0.129437,0.000211972,0.407443,-0.0316886,9.20423,-0.016736,0.189085,0.00237976,
283,0.00804682,0.0281655,-0.179304,0.0395551,0.140693,0,-0.35076,0.00881056,0.526023,0.983961,-0.000160219,-0.0890371,-0.154577,-0.344837,1.22198,-0.526101,-0.528158,0.414275,-0.534073,0.207028,1.22194,0.423415,0.250305,-0.206872,0.00456871,-0.660997,-1.44366,-1.49312,-0.000355186,0.0831939,-0.029112,10.7954,0.0176883,0.269344,-0.000989074,
284,0.00515554,0.0280283,-0.0467623,0.0393626,0.255123,0,-0.578358,0.0141889,0.504897,0.980923,-0.00624165,-0.112172,-0.158645,-0.451145,1.22198,-0.497941,-0.529204,0.583952,-0.531471,0.220334,1.22192,0.85897,-0.101289,-0.636627,-0.159027,-1.14779,0.711614,-2.74478,-2.88076e-05,1.04542,-0.0153717,-1.79052,0.0832932,0.270508,-0.00026709,
285,0.0015628,0.0275242,0.142517,0.0386551,0.145071,0,-0.606068,-0.00314533,0.482703,0.982211,-0.0187039,-0.129294,-0.134888,-0.549444,1.22198,-0.40595,-0.526487,0.39776,-0.521904,0.233933,1.22192,2.27401,-0.529721,0.767217,-0.149214,0.78162,1.25311,0.210598,0.000573411,2.34264,0.29145,-5.31637,0.34255,0.262257,0.00027367,
286,-0.00097547,0.0275176,0.234575,0.0386459,-0.058833,0,-0.247651,-0.00809501,0.527581,0.989658,-0.0204318,-0.101099,-0.0996965,-0.510083,1.22198,-0.271058,-0.52186,0.0337802,-0.521779,0.246615,1.22192,2.66213,-0.768112,0.677053,-0.0666044,1.02172,1.67491,1.29434,-0.000318754,3.14558,-0.0445327,-9.31346,-0.0733894,0.249766,-0.000205803,
287,-0.00294918,0.0277669,0.268865,0.0389958,-0.333718,0,0.413755,-0.0114203,0.547967,0.995112,-0.0265114,-0.0759053,-0.0573431,-0.404064,1.22197,-0.128424,-0.523843,-0.465638,-0.526511,0.258713,1.22191,2.54638,-0.887333,0.143385,-0.284298,0.928164,1.78704,2.93311,-0.000160765,2.56472,-0.0351022,-10.6515,-0.113904,0.234919,-9.07706e-05,
288,-0.00467268,0.0281431,0.149266,0.0395237,-0.400307,0,0.62057,-0.00149787,0.555621,0.996361,-0.00941357,-0.0708199,-0.0464843,-0.211935,1.22207,-0.061546,-0.526155,-0.582563,-0.53365,0.27067,1.2219,1.81042,-0.726545,0.157479,1.44132,-0.399763,-0.342003,4.73289,-0.0012549,0.108242,-0.0531802,2.32463,-0.175076,0.234114,9.21101e-05,
289,-0.00600182,0.0286028,-0.172909,0.0401688,-0.265089,0,0.419833,-0.00127566,0.55058,0.994826,0.0263178,-0.0801776,-0.0565662,0.0462459,1.22199,-0.128418,-0.528832,-0.356572,-0.542373,0.281382,1.22191,1.67505,-0.610487,-0.359059,1.35814,-0.200889,-0.686475,5.58699,-0.000868652,-2.76024,-0.0538103,6.6802,-0.172105,0.195251,1.61164e-06,
290,-0.00859745,0.0287565,-0.53462,0.0403844,-0.0555858,0,0.0492195,-0.000319796,0.568041,0.992586,0.0312075,-0.0662683,-0.0969955,0.287168,1.22198,-0.309424,-0.531896,0.0355508,-0.545289,0.295761,1.22182,1.06374,0.547785,0.488498,-0.393828,0.0745789,-1.65883,4.05632,6.43093e-05,-4.4985,-0.0544287,9.14227,-0.0304896,0.305026,0.00263891,
291,-0.0111086,0.02882,-0.72901,0.0404735,0.209169,0,-0.495183,0.000955111,0.579729,0.989061,0.0254542,-0.0585568,-0.132969,0.387101,1.22198,-0.539509,-0.534339,0.490419,-0.546494,0.308923,1.22189,0.916723,0.605096,-0.0110486,-0.316206,0.373857,-1.34989,-0.0215241,3.84978e-05,-3.84679,-0.0431934,9.0558,-0.0163414,0.224145,0.000647859,
292,-0.012584,0.0288461,-0.658557,0.0405102,0.240832,0,-0.595069,0.00825108,0.569749,0.988036,0.0158598,-0.0581956,-0.141936,0.252816,1.22198,-0.537446,-0.536109,0.545981,-0.546991,0.316559,1.22194,1.23819,0.587288,-0.244472,-0.762385,-0.461009,0.127264,-5.30936,-0.00015144,1.31233,-0.030137,-2.08145,-0.0115582,0.0885165,0.00413788,
293,-0.0129733,0.0287896,-0.294681,0.0404309,0.109582,0,-0.417207,0.0064427,0.545613,0.989477,-0.00547046,-0.0668263,-0.128216,-0.126724,1.22197,-0.430408,-0.537498,0.33605,-0.545918,0.318016,1.22194,1.43895,0.624269,-0.719602,-0.762253,-0.450231,1.0712,-9.83495,-0.000215425,2.95658,-0.0247456,-6.28134,0.0557859,-0.0293726,-0.000820645,
294,-0.0125595,0.0285446,0.321241,0.0400871,-0.103011,0,0.127842,0.010841,0.507943,0.991496,-0.0158245,-0.0893101,-0.0933209,-0.599854,1.22201,-0.266824,-0.538823,-0.0463535,-0.541268,0.313785,1.22192,1.21588,0.319912,-0.813476,-0.0692931,-1.36944,1.04363,-2.44811,-0.00049951,3.60026,-0.0195612,-8.9792,0.125608,-0.118168,9.91058e-06,
295,-0.0124526,0.0277239,0.385366,0.0389354,-0.323229,0,0.490626,-0.00648092,0.533597,0.994329,-0.0293943,-0.0783807,-0.0655876,-0.535261,1.22205,-0.128915,-0.53273,-0.439444,-0.525694,0.306034,1.22193,1.78114,-0.498595,1.04692,0.116084,0.351501,0.713612,2.74104,-0.000990549,2.16768,0.177668,-7.0437,0.404588,-0.187432,-0.000288297,
296,-0.0107189,0.0274838,0.245331,0.0385985,-0.394011,0,0.61736,-0.00820105,0.572498,0.995154,-0.0228565,-0.0684724,-0.0667596,-0.330801,1.22198,-0.0803629,-0.524228,-0.551136,-0.521139,0.295221,1.22191,1.64221,-0.288324,0.517672,0.297125,0.449748,-0.589654,5.41309,-0.000756872,-0.213131,0.163856,1.30303,-0.077031,-0.248182,-0.000105139,
297,-0.00746709,0.0277606,-0.138844,0.0389869,-0.298875,0,0.465578,-0.00771601,0.585658,0.994544,-0.0122936,-0.0569893,-0.0865061,-0.0218877,1.22196,-0.161634,-0.522981,-0.375572,-0.52639,0.281332,1.2219,1.53997,-0.180466,0.00757735,0.362001,0.566113,-1.02596,6.93062,-0.00016695,-3.01513,-0.0177558,5.68445,-0.131399,-0.306714,-5.1907e-05,
298,-0.00353003,0.0281598,-0.573959,0.0395471,-0.0989046,0,0.0942966,-0.00179965,0.574515,0.992666,0.00145825,-0.0419684,-0.113363,0.29063,1.22198,-0.362777,-0.523805,-0.0137273,-0.533966,0.265082,1.2219,1.16743,-0.186834,-0.252299,0.779374,0.205904,-1.37678,5.57198,0.00367614,-5.01122,-0.0157316,8.76762,-0.164293,-0.336786,0.000338373,
299,0.000601515,0.0285936,-0.770944,0.0401558,0.156064,0,-0.404312,0.0110333,0.571416,0.986917,0.00860055,-0.0583014,-0.150075,0.45758,1.222,-0.565071,-0.524235,0.431841,-0.542198,0.248159,1.22198,0.720761,0.1666,-0.214413,0.21497,-0.91472,-1.99084,1.15494,-0.000941069,-0.0973276,-0.00619268,9.05441,-0.160312,-0.337029,-0.00172817,
300,0.00463797,0.0288973,-0.712818,0.040582,0.238806,0,-0.590568,0.0143961,0.54898,0.981822,0.0093323,-0.0866037,-0.168634,0.372549,1.22198,-0.520341,-0.524285,0.571612,-0.547961,0.230571,1.22193,1.04225,-0.0269899,-0.6816,0.13819,-1.18541,0.211922,-4.50845,-0.000201493,1.45641,0.00227989,-1.63446,-0.0724117,-0.360483,-0.000642069,
301,0.00815702,0.0289261,-0.404437,0.0406224,0.126367,0,-0.472403,0.00949906,0.505405,0.982507,0.00168343,-0.11311,-0.147932,0.0220445,1.22197,-0.406898,-0.523965,0.385068,-0.548508,0.213162,1.22192,1.44718,-0.000963896,-0.839718,-1.27458,-0.774236,2.41234,-9.48091,-0.000508031,3.04635,0.0236177,-5.70711,0.0773098,-0.351647,0.000517103,
302,0.0103503,0.0283011,0.255002,0.0397454,-0.0509944,0,-0.258796,-0.0135649,0.503918,0.990977,-0.0252007,-0.0939659,-0.0921948,-0.513695,1.22198,-0.25294,-0.523223,0.0367818,-0.536647,0.196658,1.22192,3.23383,-0.376209,0.668911,0.62702,1.69235,1.40465,-11.9187,-0.000120534,3.11427,-0.00522849,-8.26295,0.376597,-0.294982,-0.000300402,
303,0.0112187,0.0275197,0.433257,0.0386488,-0.314124,0,0.344448,-0.0066313,0.535543,0.994521,-0.00749709,-0.0712195,-0.0761528,-0.573425,1.22205,-0.109526,-0.523753,-0.412528,-0.521819,0.18543,1.22192,2.63348,-0.955134,0.579993,1.02187,0.396772,0.522397,2.19303,-0.000908669,2.6063,-0.0130312,-9.70968,0.0722926,-0.17375,-0.000183675,
304,0.0125227,0.0276055,0.335761,0.0387693,-0.423955,0,0.576372,-0.00404767,0.561706,0.993338,0.00949317,-0.0685637,-0.0921322,-0.386688,1.22199,-0.0373799,-0.524353,-0.571974,-0.523448,0.179639,1.22199,2.07447,-0.370894,0.465791,0.166191,-0.0779914,-1.528,5.24781,-0.000819984,0.287397,-0.00983242,1.42393,-0.0716552,-0.0639891,-0.00094171,
305,0.0130398,0.0278295,-0.0303987,0.0390836,-0.347024,0,0.412574,-0.00280545,0.57239,0.988266,0.0162623,-0.0701181,-0.134721,-0.0692836,1.22197,-0.0996917,-0.52481,-0.397987,-0.527698,0.179013,1.22192,1.97633,-0.303833,-0.0392157,0.163422,-0.0556084,-1.93421,7.4299,-0.000167948,-2.75494,-0.00775764,5.50306,-0.0973586,0.0379874,-0.000801448,
306,0.0126991,0.028107,-0.525805,0.039473,-0.179252,0,0.0745031,0.00566779,0.564317,0.97987,0.0167205,-0.0749507,-0.184278,0.28745,1.22196,-0.29688,-0.524936,-0.0544697,-0.532964,0.183163,1.22199,1.5017,0.188348,-0.142256,-0.621445,-0.746177,-2.13753,6.84355,1.78742e-05,-5.11391,0.00677516,8.2209,-0.115508,0.124953,0.00107227,
307,0.0114652,0.0283399,-0.795808,0.0397999,0.0423253,0,-0.449109,0.0092772,0.543331,0.968428,0.00416462,-0.0892441,-0.232736,0.524973,1.22197,-0.5621,-0.524371,0.360072,-0.537384,0.191403,1.22193,1.467,0.339387,-0.679161,-0.409947,-0.772155,-2.26883,2.37537,0.000189442,-2.15182,0.0147804,8.37171,-0.0590615,0.211057,-0.000876627,
308,0.00930254,0.0283952,-0.766515,0.0398775,0.158497,0,-0.63986,0.0188717,0.503363,0.955544,-0.00589215,-0.115073,-0.271403,0.470988,1.22198,-0.540835,-0.523627,0.569754,-0.538434,0.202745,1.22193,1.41465,0.202732,-0.791596,0.0513601,-1.73364,-0.421227,-4.00228,0.000118948,0.968715,0.0118734,-0.770682,0.0155741,0.229066,-0.000229889,
309,0.00587533,0.0277935,-0.539915,0.0390331,0.0714671,0,-0.474811,0.00858419,0.481699,0.959686,-0.0393387,-0.132064,-0.244979,0.136477,1.22196,-0.46756,-0.523927,0.417646,-0.527016,0.214657,1.22192,1.26547,-0.0109507,0.0677144,-0.989638,-0.629998,2.45077,-9.32257,0.000389842,1.87485,0.0269744,-5.20678,0.415356,0.241764,-2.2084e-05,
310,0.00277001,0.0274756,0.0334316,0.0385869,-0.110001,0,-0.292957,-0.0061382,0.524449,0.969642,-0.0412047,-0.122224,-0.207746,-0.415293,1.22196,-0.381849,-0.523111,0.0901303,-0.520982,0.227448,1.22192,2.40456,-0.639803,1.15078,0.157507,0.839249,1.81938,-12.7475,-0.000525289,1.75395,-0.0112446,-7.98036,-0.0670371,0.258624,-3.16871e-05,
311,0.000329678,0.0277015,0.265461,0.0389039,-0.352823,0,0.317538,-0.00797439,0.57065,0.976653,-0.0479729,-0.103854,-0.181831,-0.587206,1.22196,-0.315231,-0.523492,-0.351813,-0.525268,0.241681,1.22192,2.22685,-1.16428,0.682762,-0.592741,0.621406,0.837393,1.67284,0.000125799,0.903175,-0.0042224,-9.6906,-0.10067,0.300923,-0.000212663,
312,-0.00217824,0.0280225,0.122319,0.0393544,-0.48479,0,0.580619,-0.0110767,0.590474,0.977873,-0.055808,-0.0844468,-0.183078,-0.45675,1.22197,-0.333816,-0.523958,-0.577153,-0.531359,0.25709,1.2219,2.07809,-0.778574,0.113113,-0.231812,0.77471,-0.810371,3.5295,7.29378e-05,-1.62286,-0.0143046,1.01504,-0.147225,0.314164,-4.34143e-05,
313,-0.00431645,0.0285098,-0.233798,0.0400382,-0.410942,0,0.443488,-0.0112005,0.582992,0.974719,-0.0534438,-0.064363,-0.207181,-0.262316,1.22197,-0.500519,-0.524626,-0.422349,-0.540607,0.272105,1.2219,1.95392,-0.589946,-0.411844,-0.0331441,0.944625,-1.0655,4.24152,-3.52708e-06,-5.01754,-0.0109916,5.14501,-0.221256,0.286854,6.18926e-06,
314,-0.00590363,0.02916,-0.417927,0.0409506,-0.250054,0,0.155784,-0.00243278,0.56525,0.966206,-0.0281033,-0.0575359,-0.249693,-0.096703,1.22212,-0.541881,-0.52581,-0.0897682,-0.552947,0.285788,1.22191,1.3529,-0.409271,-0.243151,1.64169,0.20713,-1.94173,2.39198,-0.000693702,0.471894,-0.0381528,8.1184,-0.271679,0.255006,1.33496e-05,
315,-0.00689489,0.0298719,-0.438991,0.0419495,-0.022485,0,-0.308295,0.0102672,0.549586,0.953878,0.00461478,-0.0663127,-0.292742,-0.0564687,1.22201,-0.527448,-0.527515,0.334808,-0.566459,0.297022,1.22203,0.853307,0.291816,-0.108865,0.311654,-0.918254,-1.9233,-0.756417,-0.0012681,0.121721,-0.0247667,8.86822,-0.276073,0.193578,0.00412955,
316,-0.00722699,0.0304894,-0.336569,0.0428159,0.12143,0,-0.575025,0.0183543,0.538404,0.942481,-0.0045287,-0.0985479,-0.31937,-0.17405,1.22199,-0.524268,-0.528398,0.570524,-0.578179,0.304119,1.222,0.930827,0.196148,-0.414304,-0.194256,-1.6697,-0.0576932,-3.92379,-7.04603e-05,0.0235668,-0.0116597,-0.644965,-0.193124,0.0897646,-0.00224347,
317,-0.00727106,0.0307387,-0.0745945,0.0431657,0.0373865,0,-0.485457,0.0153536,0.510736,0.943326,-0.0387167,-0.128609,-0.303475,-0.427344,1.22198,-0.502077,-0.528496,0.435934,-0.582911,0.306532,1.22195,1.21532,-0.0482399,-0.611077,-1.94465,-1.43798,2.0252,-6.19355,1.90196e-05,0.846345,0.0152401,-4.6643,0.0148444,8.38923e-05,-0.000295636,
318,-0.00780915,0.0302419,0.10778,0.0424686,-0.127958,0,-0.278617,-0.00784294,0.517228,0.954877,-0.0647485,-0.120944,-0.263421,-0.573765,1.222,-0.465565,-0.521426,0.132411,-0.573481,0.304864,1.22193,1.97832,-0.927549,0.711634,0.315664,1.08959,1.61451,1.03778,3.80767e-05,0.659176,0.0483793,-7.48954,0.328983,-0.0636358,-0.000103973,
319,-0.00825565,0.0294633,0.0460107,0.0413763,-0.340897,0,0.292952,-0.0104643,0.539833,0.969105,-0.0551199,-0.0951109,-0.220795,-0.502922,1.22199,-0.456879,-0.522877,-0.283765,-0.558705,0.30026,1.22192,1.88452,-1.03578,0.1863,0.294903,0.993355,1.98551,1.77788,-0.000187009,-0.303127,-0.0393337,-9.14425,0.263277,-0.119589,-3.47919e-05,
320,-0.00787383,0.02888,-0.124479,0.0405578,-0.485115,0,0.635389,-0.0108374,0.534542,0.979773,-0.0425695,-0.0701375,-0.182522,-0.407663,1.22198,-0.532791,-0.524964,-0.578297,-0.547634,0.293215,1.22191,1.67482,-0.649015,-0.286844,0.936685,0.744353,0.541256,2.02752,0.00253513,-2.13556,-0.0503838,0.212415,0.18109,-0.15371,5.73014e-06,
321,-0.00699013,0.0284548,-0.201427,0.0399611,-0.416468,0,0.567048,-0.0134146,0.530236,0.978648,0.00227092,-0.0764754,-0.190774,-0.331769,1.22203,-0.535989,-0.528283,-0.45085,-0.539564,0.285041,1.2219,1.38402,-0.131483,0.0615993,1.53179,1.18637,-1.75122,1.03331,-0.00200653,0.341404,-0.0787132,4.71464,0.18241,-0.148232,-0.00126617,
322,-0.00620731,0.0281048,-0.20538,0.0394699,-0.254783,0,0.271478,0.00340261,0.547119,0.968577,0.0182682,-0.0813006,-0.23434,-0.318292,1.22199,-0.526635,-0.53166,-0.117622,-0.532922,0.278035,1.22198,0.96449,0.641453,0.240619,0.355823,-0.532879,-1.96121,-0.479544,-0.000389185,0.0725211,-0.0649493,8.57948,0.0861686,-0.144978,-0.00165656,
323,-0.00562411,0.0277433,-0.144544,0.0389626,-0.00876178,0,-0.340652,0.00588086,0.557041,0.953736,0.0188197,-0.0906536,-0.286034,-0.379144,1.22197,-0.524707,-0.534789,0.347402,-0.526061,0.27193,1.22181,0.954733,0.973441,0.0755111,-0.28815,-0.37031,-2.26923,-1.94237,-0.00014382,0.0144569,-0.0605854,10.0289,0.175782,-0.114037,0.00120052,
324,-0.00443304,0.0275638,-0.0230372,0.0387108,0.129993,0,-0.619091,0.0109847,0.549016,0.943076,0.00783585,-0.10052,-0.316925,-0.500865,1.22197,-0.523906,-0.537422,0.579413,-0.522657,0.264375,1.2219,1.20373,0.555263,-0.386181,-0.522046,-0.761218,-0.20235,-2.91973,2.03935e-05,0.00873538,-0.04539,-1.07088,-0.0207172,-0.188966,0.000865761,
325,-0.00235814,0.0276015,0.0393316,0.0387636,0.00894472,0,-0.475827,0.010903,0.518274,0.939978,-0.0145165,-0.115326,-0.320829,-0.539277,1.22197,-0.499925,-0.539427,0.414835,-0.523371,0.254292,1.22191,1.28843,0.272496,-0.836442,-0.808425,-0.915822,0.122677,0.410299,-1.98423e-05,0.939157,-0.0351772,-5.47854,-0.00607061,-0.216166,3.77646e-05,
326,0.000103746,0.0276046,0.0542049,0.038768,-0.183107,0,-0.211813,-0.0107021,0.493039,0.950389,-0.0598593,-0.107724,-0.285609,-0.512692,1.22198,-0.458434,-0.538588,0.0701192,-0.52343,0.241963,1.22191,2.04865,-1.02323,0.502519,0.0350648,1.37626,1.92666,0.667549,0.00049382,0.506701,0.158044,-8.16286,0.0039997,-0.265199,1.25485e-05,
327,0.00277963,0.0276751,0.00342062,0.038867,-0.401914,0,0.46468,-0.00119458,0.511927,0.96565,-0.0474736,-0.0844272,-0.241117,-0.470962,1.22201,-0.467541,-0.530161,-0.366485,-0.524768,0.229153,1.22191,1.49116,-1.09666,0.432565,0.716216,-0.220698,1.73672,0.974773,0.00126376,-0.846946,0.167145,-9.29237,-0.051348,-0.242872,0.000253368,
328,0.00512551,0.0277498,-0.120036,0.0389718,-0.493254,0,0.668651,-0.00425913,0.529209,0.975511,-0.0434421,-0.0781678,-0.20095,-0.422801,1.22202,-0.543418,-0.52273,-0.57296,-0.526186,0.218036,1.22191,1.39125,-0.745679,0.223102,0.75411,-0.0531696,0.581128,0.960563,0.000275455,-0.089985,0.0386395,1.03246,-0.02457,-0.192697,-9.69891e-05,
329,0.00693304,0.0278497,-0.13226,0.0391119,-0.391002,0,0.518679,-0.00416456,0.527626,0.976925,-0.0219657,-0.0821475,-0.195928,-0.397651,1.22198,-0.530691,-0.523264,-0.400827,-0.528081,0.209842,1.2219,1.38534,-0.505874,-0.284965,0.986743,0.10742,-0.2496,0.0518781,-0.000523872,0.199022,-0.0214982,5.81183,-0.0496845,-0.135771,-2.94887e-05,
330,0.00746749,0.0278631,-0.10615,0.0391307,-0.187693,0,0.106651,-0.00110913,0.522463,0.973459,-0.0132635,-0.0730077,-0.2165,-0.419084,1.22197,-0.525635,-0.524402,-0.0269208,-0.528335,0.207277,1.22192,1.19286,0.473554,0.179367,-0.80174,0.108438,-1.31662,-0.903544,0.000104165,0.0363074,-0.0191159,9.12939,0.0311183,0.0347153,0.00302237,
331,0.00669218,0.0277733,-0.0419176,0.0390047,0.0829554,0,-0.424524,0.00699912,0.523534,0.965584,-0.0290162,-0.0727748,-0.248012,-0.482494,1.22201,-0.524436,-0.525383,0.437875,-0.526631,0.210379,1.22193,0.818012,0.51381,-0.113688,-0.442089,-0.416315,-1.1272,-1.6264,0.000264459,0.0104004,-0.0224309,9.45812,0.0389155,0.0879694,-0.00069636,
332,0.00551763,0.027605,0.0227502,0.0387686,0.170838,0,-0.590984,0.0115399,0.507111,0.963651,-0.0477556,-0.0853893,-0.248608,-0.532829,1.22199,-0.510075,-0.526084,0.562377,-0.523438,0.214795,1.22192,1.10596,0.0652181,-0.548903,-0.709789,-0.846023,0.550003,0.0962764,-0.000462019,0.573064,-0.00857982,-1.58488,0.071129,0.0997038,-0.000231659,
333,0.00433217,0.0275925,0.0682008,0.038751,0.0516162,0,-0.418212,0.00736179,0.486129,0.965594,-0.0406912,-0.101076,-0.236129,-0.521989,1.22199,-0.453682,-0.526058,0.377979,-0.5232,0.220635,1.22191,1.19066,-0.512941,-0.397599,1.35486,-0.520474,0.25716,0.297962,-9.93793e-05,1.67298,0.0125193,-5.75377,-0.00973073,0.134021,-2.82636e-05,
334,0.00312574,0.0276012,0.121621,0.0387633,-0.136271,0,-0.131956,-0.0023428,0.493606,0.975224,-0.0328986,-0.0926178,-0.198185,-0.495533,1.22199,-0.373307,-0.52252,0.0347654,-0.523366,0.226767,1.22193,1.88185,-1.23496,0.758553,0.17312,0.320682,2.38925,0.738276,0.00284912,1.58762,0.00551891,-8.01089,-0.00268144,0.118904,0.00013017,
335,0.00189429,0.0276218,0.116139,0.0387922,-0.338176,0,0.423415,-0.00548283,0.518737,0.986409,-0.033799,-0.0836716,-0.137313,-0.437319,1.22198,-0.320654,-0.523311,-0.380141,-0.523757,0.233128,1.22191,1.79944,-1.29039,0.247607,0.0887087,0.288993,2.56127,1.58341,-0.000646448,0.52737,-0.0162909,-8.5804,-0.012313,0.135593,-0.000240093,
336,0.00049802,0.0276898,-0.0154793,0.0388876,-0.424021,0,0.65373,-0.00509072,0.524368,0.991433,-0.0268894,-0.0875156,-0.0931582,-0.339417,1.22199,-0.354897,-0.524331,-0.570995,-0.525048,0.240734,1.2219,1.49473,-0.960645,-0.0751972,0.630989,0.0502851,0.838936,2.33978,-0.000700019,-1.87414,-0.0280107,0.97939,-0.031644,0.169309,-0.000323039,
337,-0.00121424,0.0277354,-0.285835,0.0389515,-0.318372,0,0.587021,-0.0131741,0.520475,0.993117,-0.00473178,-0.078296,-0.0869787,-0.228294,1.22202,-0.522318,-0.526275,-0.406767,-0.525912,0.249728,1.2219,0.966038,-0.565407,0.109779,0.844662,1.2011,-0.793605,2.10986,-0.000459006,-4.79413,-0.050911,5.52196,0.0178428,0.202612,0.00103619,
338,-0.00346971,0.0277877,-0.354015,0.039025,-0.116782,0,0.202568,0.00283816,0.535341,0.988935,0.0032445,-0.0818971,-0.12365,-0.17706,1.22199,-0.547087,-0.52843,-0.0296547,-0.526905,0.261508,1.22196,0.696156,0.0498496,0.133722,0.170406,-0.376026,-1.86987,-0.0488938,-0.000667009,0.672851,-0.0430419,9.51546,-0.0606812,0.23981,-0.00144262,
339,-0.0054802,0.0278954,-0.276268,0.0391761,0.169964,0,-0.427156,0.00600867,0.528898,0.981829,0.0108028,-0.0900401,-0.166696,-0.244201,1.22197,-0.527839,-0.53055,0.471222,-0.528948,0.272545,1.22191,0.534622,0.0658499,-0.390712,0.220003,-0.262088,-1.6429,-2.61516,-0.000170162,0.154466,-0.0414322,10.5107,-0.0204151,0.201947,-0.000348676,
340,-0.00685266,0.0279059,-0.0680035,0.0391909,0.227009,0,-0.549521,0.0144875,0.508083,0.978253,-0.00169792,-0.11324,-0.173765,-0.423007,1.22197,-0.491115,-0.531935,0.560512,-0.529148,0.279526,1.22195,0.800569,-0.0798951,-0.605983,-0.463711,-1.20767,0.364819,-4.51306,-2.52349e-05,1.32468,-0.0227274,-1.93718,0.0174334,0.100871,-0.00102048,
341,-0.00804938,0.0275704,0.162494,0.03872,0.112149,0,-0.57225,-0.00228863,0.488972,0.978874,-0.0255804,-0.129307,-0.156304,-0.554521,1.22198,-0.390574,-0.52924,0.373625,-0.522782,0.282583,1.22193,2.16254,-0.583638,0.731996,-0.240002,0.652931,1.0081,0.44653,0.000652927,2.44041,0.288133,-5.24308,0.280276,0.0132956,-0.000254601,
342,-0.00790424,0.0275422,0.243411,0.0386804,-0.0945656,0,-0.198938,-0.00685261,0.521071,0.985023,-0.0256378,-0.109522,-0.130683,-0.502271,1.22197,-0.253874,-0.521636,0.0157662,-0.522246,0.281606,1.22192,2.415,-0.823674,0.497835,-0.476135,0.852076,1.70686,1.61279,-0.000347625,3.0478,-0.0353089,-9.03334,-0.0499266,-0.0573401,-5.73299e-05,
343,-0.00678873,0.027715,0.250325,0.038923,-0.356016,0,0.430198,-0.0120607,0.534849,0.991515,-0.0319429,-0.0847374,-0.0932582,-0.379048,1.22197,-0.123288,-0.523349,-0.460763,-0.525526,0.277527,1.22191,2.33797,-0.933501,0.0488525,0.0857431,1.0112,1.39979,3.30209,-0.000119651,2.18331,-0.027577,-10.0192,-0.0804097,-0.104859,-8.61535e-05,
344,-0.00518929,0.0280154,0.0930501,0.0393445,-0.424382,0,0.608401,-0.00598938,0.53432,0.99296,-0.00924656,-0.076814,-0.0896935,-0.17244,1.22201,-0.0791203,-0.525163,-0.575236,-0.531226,0.27214,1.2219,1.85434,-0.670993,-0.180504,1.21626,0.15572,-0.570816,4.95172,-0.00104051,-0.41559,-0.0397393,2.11147,-0.153352,-0.120481,7.98062e-05,
345,-0.00341408,0.0284043,-0.255874,0.0398902,-0.311732,0,0.496735,-0.0027791,0.534947,0.990431,0.00120687,-0.0778037,-0.113983,0.0861409,1.22197,-0.175547,-0.527029,-0.363942,-0.538605,0.266649,1.222,1.29382,0.233336,0.310092,-0.488398,-0.0247777,-1.54446,5.38656,-0.000266108,-3.41149,-0.0377276,6.27084,-0.119342,-0.0767096,-0.00114819,
346,-0.0019883,0.0287278,-0.60479,0.0403442,-0.102422,0,0.104403,0.00131897,0.539572,0.985173,-0.00225339,-0.0770766,-0.153261,0.302128,1.22201,-0.398538,-0.528863,0.0321515,-0.544746,0.262338,1.22193,0.796009,0.302427,-0.00552779,0.176245,-0.128816,-1.59779,3.27728,0.00210447,-5.49547,-0.0380408,9.54621,-0.122738,-0.0930172,-0.00079554,
347,-0.000616688,0.0290033,-0.722275,0.0407308,0.179955,0,-0.499305,0.0133921,0.529369,0.977013,0.00360654,-0.0860696,-0.195001,0.35171,1.222,-0.560675,-0.530472,0.517107,-0.549974,0.257876,1.22194,0.740315,0.54866,-0.308953,0.0569308,-1.11737,-1.95983,-1.25073,-0.000562714,0.517885,-0.0268238,9.85047,-0.086219,-0.0740383,0.000991927,
348,0.000653938,0.0290988,-0.579207,0.0408647,0.203848,0,-0.591043,0.0158139,0.503898,0.972184,-0.00450998,-0.121491,-0.200193,0.157903,1.22198,-0.503366,-0.531383,0.556328,-0.551786,0.252338,1.22193,1.14515,0.298775,-0.701945,-0.282101,-1.37377,0.659348,-6.45103,-0.000467405,1.75331,-0.0126317,-2.65666,0.0279025,-0.12659,-0.00044014,
349,0.00107875,0.0285415,-0.127104,0.0400828,0.0740179,0,-0.56274,-0.00156541,0.491295,0.976779,-0.0366177,-0.129054,-0.167054,-0.262641,1.22199,-0.390436,-0.527276,0.328815,-0.54121,0.245307,1.22193,2.47457,-0.141788,0.591691,0.109007,0.51986,0.68878,-10.3113,0.000467396,2.57446,0.246247,-6.33023,0.41949,-0.140956,-0.000331022,
350,0.000543019,0.0274567,0.351516,0.0385604,-0.16498,0,-0.116246,-0.00837101,0.531456,0.982445,-0.0308202,-0.106971,-0.149695,-0.624906,1.22197,-0.257734,-0.522194,-0.0753911,-0.520623,0.238458,1.22192,2.91058,-0.792188,0.711298,-0.125924,0.946236,0.267766,0.937952,-1.83071e-05,2.83445,-0.030626,-9.89289,0.107169,-0.113789,-9.00356e-06,
351,0.00174195,0.0275648,0.332609,0.0387122,-0.448645,0,0.499695,-0.0129134,0.55332,0.985014,-0.0339318,-0.0820208,-0.147882,-0.495055,1.22197,-0.149296,-0.523703,-0.553189,-0.522675,0.233392,1.22191,2.66148,-0.686123,0.144687,-0.10013,1.02286,-0.860445,3.86219,7.71347e-05,1.54447,-0.0344992,-4.1884,-0.0801339,-0.0792313,-0.000636602,
352,0.00292244,0.0278939,0.0914612,0.0391739,-0.456452,0,0.536651,-0.00394278,0.549327,0.980495,-0.0240385,-0.0603465,-0.1855,-0.245732,1.22201,-0.154014,-0.525586,-0.525759,-0.528919,0.23036,1.2219,2.04566,-0.606713,0.0968518,1.06348,-0.0445783,-1.80318,6.07544,0.00741796,-1.72678,-0.0448825,2.73743,-0.160629,-0.0447158,0.000350057,
353,0.00403414,0.028342,-0.369679,0.0398028,-0.35393,0,0.373492,0.0037669,0.54784,0.970427,0.00369722,-0.0721688,-0.230324,0.067236,1.22201,-0.320815,-0.52776,-0.294826,-0.537423,0.22872,1.22196,1.5471,-0.0619876,0.0704149,0.124305,-0.754543,-2.2131,6.44193,-0.00181507,-4.91759,-0.0322048,6.48112,-0.18688,-0.0287827,0.00587351,
354,0.00492402,0.0287715,-0.715786,0.0404055,-0.17289,0,-0.137425,-0.00209966,0.54194,0.953716,0.00356837,-0.0891347,-0.287172,0.313853,1.22197,-0.585097,-0.529086,0.0891296,-0.545574,0.228029,1.22195,1.57452,0.371718,-0.209534,-0.347102,0.345374,-3.71481,3.46803,-0.000578376,-1.1997,-0.0266969,8.82944,-0.103415,0.0262649,-0.00209802,
355,0.00462888,0.0290296,-0.715656,0.0407676,0.0306149,0,-0.603077,0.0137738,0.526936,0.925957,-0.00409849,-0.102578,-0.363408,0.352137,1.22198,-0.546545,-0.530132,0.49428,-0.550472,0.23178,1.22193,1.60176,0.639557,-0.49014,-0.401086,-1.18678,-2.60523,-1.898,-8.78138e-05,0.770938,-0.0175792,7.38819,-0.0998175,0.09946,-0.000435627,
356,0.00381049,0.0290528,-0.560327,0.0408003,0.0389873,0,-0.660864,0.0111615,0.495902,0.91337,-0.0361071,-0.116082,-0.388556,0.127921,1.22197,-0.505389,-0.530406,0.533479,-0.550914,0.236092,1.22192,1.79151,0.342493,-0.812354,-1.4423,-0.828728,-0.067335,-7.0212,-1.56798e-05,0.890683,-2.48469e-05,-2.31684,0.0624301,0.0848422,-0.000242508,
357,0.00225079,0.0286024,-0.144298,0.0401682,-0.104885,0,-0.509582,-0.00929057,0.478264,0.920632,-0.0560255,-0.101657,-0.372779,-0.31708,1.22197,-0.462392,-0.527838,0.306361,-0.542366,0.23996,1.22192,2.18054,-0.982863,0.388505,0.149003,1.44022,1.50157,-10.7419,2.82442e-05,0.745397,0.132551,-6.66437,0.306245,0.0702603,0.000218521,
358,0.000197253,0.0278394,0.143066,0.0390975,-0.31645,0,0.0844587,-0.00622711,0.501602,0.940539,-0.0557946,-0.0807504,-0.325198,-0.590033,1.22201,-0.445979,-0.522541,-0.108719,-0.527886,0.243558,1.22193,1.7833,-1.41036,0.452428,-0.389331,0.65125,2.35009,1.16597,-0.000770157,-0.0765758,0.00594497,-9.91004,0.26862,0.0815261,-0.000405173,
359,-0.00126597,0.0275089,-0.00220109,0.0386336,-0.527673,0,0.654168,-0.00333522,0.524369,0.955474,-0.0643939,-0.0800507,-0.276613,-0.504649,1.22199,-0.50685,-0.523375,-0.554357,-0.521613,0.247996,1.22191,1.39273,-1.08956,0.198784,0.0593916,-0.147324,1.20226,2.1996,-0.000701327,-2.31847,-0.025701,-3.62382,-0.0412219,0.100341,-0.000685846,
360,-0.00211915,0.0276338,-0.143381,0.0388089,-0.502216,0,0.583746,-0.00898176,0.521682,0.956355,-0.0572359,-0.0829611,-0.274276,-0.397127,1.22197,-0.541503,-0.525017,-0.509832,-0.523984,0.253376,1.2219,1.62553,-0.733277,-0.223924,0.361285,0.586336,-0.910917,2.10042,-0.000384946,0.436429,-0.0407045,3.46808,-0.0343597,0.115359,-0.000260191,
361,-0.00302032,0.0277504,-0.204619,0.0389726,-0.371585,0,0.394198,-0.00830149,0.51225,0.949176,-0.028087,-0.0784529,-0.303516,-0.320459,1.22204,-0.528007,-0.527736,-0.235551,-0.526198,0.258925,1.22189,1.07724,-0.248068,-0.0743224,1.48064,0.77759,-1.79058,0.97854,0.00162395,0.11462,-0.0700015,7.45635,-0.0416585,0.11044,-5.46764e-06,
362,-0.00435409,0.0278225,-0.211955,0.0390738,-0.154419,0,-0.144446,0.00476351,0.524441,0.933487,-0.0128303,-0.0854909,-0.348036,-0.309959,1.222,-0.525176,-0.530822,0.197182,-0.527566,0.266252,1.22181,0.933043,0.48652,0.213152,0.0921215,-0.384164,-2.02605,-0.548443,-0.00125285,0.0198578,-0.0573316,9.84803,-0.0246382,0.170011,0.000842958,
363,-0.00577911,0.0278241,-0.147604,0.039076,0.0955674,0,-0.616626,0.010885,0.52258,0.917627,-0.012067,-0.0972891,-0.385163,-0.375624,1.22197,-0.524313,-0.533485,0.605103,-0.527595,0.273418,1.22189,1.01892,0.152559,-0.259427,-0.0517882,-0.723356,-0.352739,-2.07642,-1.06994e-05,0.00724481,-0.0448919,1.49452,0.0189823,0.0990923,0.00143538,
364,-0.00667317,0.0276706,-0.00302368,0.0388606,0.0223795,0,-0.546538,0.0115162,0.498555,0.9178,-0.023381,-0.115608,-0.37912,-0.504248,1.22197,-0.507271,-0.535513,0.500304,-0.524682,0.276556,1.22191,1.19441,-0.103808,-0.661532,-0.411328,-0.9052,0.928356,-3.06047,-0.000100432,0.666572,-0.0334595,-4.3922,0.104985,0.0274104,0.000300493,
365,-0.0066365,0.0275715,0.063957,0.0387215,-0.14187,0,-0.365639,-0.00727122,0.484159,0.934642,-0.0626045,-0.109898,-0.332336,-0.541596,1.22198,-0.477552,-0.532544,0.197599,-0.522801,0.275501,1.22192,2.019,-1.18133,0.611528,-0.0163723,1.085,2.08563,0.493069,0.000383676,0.346879,0.253548,-7.60244,-0.0159967,-0.0583696,-0.000364108,
366,-0.00563063,0.0276688,0.0188298,0.0388582,-0.358102,0,0.248023,-0.00772336,0.50374,0.954833,-0.0516841,-0.0824447,-0.28076,-0.505985,1.22197,-0.487153,-0.521985,-0.23971,-0.524649,0.271308,1.22191,1.83019,-1.28942,0.240337,0.466003,0.702871,2.3482,0.914465,0.00120043,-0.711434,0.0182062,-9.87336,-0.0555029,-0.106051,0.000277584,
367,-0.00432524,0.0277665,-0.082959,0.0389952,-0.517754,0,0.684081,-0.00381751,0.526756,0.969213,-0.0543696,-0.0765161,-0.22763,-0.459899,1.22201,-0.543049,-0.52333,-0.588135,-0.526503,0.265615,1.22191,1.35751,-0.96269,0.463668,0.362115,-0.122241,1.06028,0.97025,0.00187023,0.131376,-0.0466826,-0.137127,-0.0396676,-0.114656,-0.000361401,
368,-0.00286867,0.0279026,-0.101858,0.0391862,-0.436345,0,0.578637,-0.00367088,0.536801,0.972942,-0.0434726,-0.0805224,-0.212155,-0.427517,1.22199,-0.529729,-0.525802,-0.461081,-0.529085,0.259501,1.2219,1.36971,-0.715871,-0.0600145,0.635129,-0.0130833,0.192999,0.329456,-0.000667699,0.167422,-0.0518152,4.99495,-0.0622938,-0.130132,-2.546e-05,
369,-0.00123777,0.0280828,-0.0953948,0.0394391,-0.236265,0,0.206984,-0.00280907,0.521069,0.973044,-0.0257424,-0.0819121,-0.21404,-0.429902,1.22197,-0.525588,-0.528473,-0.112075,-0.532505,0.2529,1.2219,1.25329,-0.523572,-0.566699,0.730282,0.230746,-0.456983,-0.41828,-0.000130963,0.0291046,-0.0546751,8.93323,-0.0721761,-0.133025,3.04443e-06,
370,0.000473034,0.0282827,-0.0569453,0.0397196,0.0474217,0,-0.288711,0.0144292,0.496874,0.968846,-0.0219441,-0.0945311,-0.227858,-0.467545,1.22201,-0.524552,-0.530948,0.361868,-0.536298,0.246071,1.22203,0.447401,0.0515771,-0.362354,-0.3956,-1.39921,-0.744326,-1.08166,-0.000261814,0.00965766,-0.0428529,10.0169,-0.0830534,-0.141947,0.000223125,
371,0.00212264,0.0283425,0.0108836,0.0398035,0.209646,0,-0.567123,0.0138837,0.469801,0.965527,-0.0334808,-0.129858,-0.223098,-0.527613,1.22199,-0.516729,-0.531959,0.588534,-0.537433,0.238318,1.22194,0.723594,-0.440536,-0.530633,1.0133,-1.10595,0.836846,-0.601372,-0.000237118,0.292341,0.0394563,-1.32919,0.0412649,-0.167911,-0.00161858,
372,0.00258989,0.0276595,0.05185,0.038845,0.122466,0,-0.549099,-0.00111327,0.478395,0.972333,-0.0244158,-0.129774,-0.192696,-0.526905,1.22198,-0.475008,-0.522355,0.431623,-0.524471,0.229968,1.22193,1.62229,-0.907162,0.486303,-0.180459,0.567487,1.99147,0.157177,-0.00010779,1.45212,0.223149,-4.97461,0.400868,-0.172673,2.09825e-05,
373,0.0040378,0.027526,0.121621,0.0386576,-0.0522553,0,-0.250306,-0.00674774,0.509523,0.984172,-0.0289149,-0.106518,-0.13865,-0.50981,1.22198,-0.387584,-0.522322,0.0946972,-0.521938,0.221528,1.22192,2.08566,-1.17059,0.524099,0.0523563,0.918207,2.39732,0.524387,-0.000191661,2.10227,-0.0451123,-8.54517,-0.0516256,-0.160262,-0.000213875,
374,0.00577856,0.0277126,0.165824,0.0389195,-0.28729,0,0.370173,-0.00959387,0.522501,0.992967,-0.03279,-0.083526,-0.0772354,-0.462012,1.22197,-0.294643,-0.52433,-0.367759,-0.525479,0.214431,1.22191,2.02018,-1.2554,-0.00239019,-0.0849087,0.803118,2.60965,1.38068,-0.000128615,1.61922,-0.0354097,-9.94096,-0.0885725,-0.123389,-9.27238e-05,
375,0.00705105,0.0279881,0.0992486,0.0393061,-0.399386,0,0.669819,-0.0095942,0.526231,0.995162,-0.0210144,-0.087214,-0.0400581,-0.365593,1.222,-0.266017,-0.52643,-0.587858,-0.530707,0.210466,1.2219,1.47048,-0.884069,-0.0264013,0.769506,0.583059,-0.0159163,2.49956,-0.00135324,-0.444685,-0.0557426,1.36006,-0.100534,-0.031861,-0.000571801,
376,0.00761282,0.0283146,-0.133096,0.0397643,-0.286673,0,0.60893,-0.000495445,0.523793,0.995714,-0.000630337,-0.0785895,-0.0487608,-0.225677,1.22201,-0.359568,-0.529332,-0.400461,-0.536903,0.210517,1.22196,0.726142,-0.603983,0.0915082,0.335772,-0.339996,-0.753239,3.09138,-0.000496194,-3.27917,-0.0536991,6.11414,-0.155904,0.0301883,0.00264437,
377,0.00727526,0.0286321,-0.427733,0.0402099,-0.058842,0,0.182851,0.00291585,0.527923,0.993558,0.00134514,-0.0817305,-0.0784948,-0.0991695,1.22198,-0.556288,-0.532005,0.00633572,-0.54293,0.215003,1.22195,0.480311,-0.100668,-0.0600335,-0.020801,-0.349517,-1.83119,1.9863,-0.000113789,-1.72245,-0.0512004,10.1687,-0.100705,0.143681,-0.00114457,
378,0.00585898,0.0288338,-0.429941,0.0404929,0.244639,0,-0.486601,0.0142494,0.514082,0.987132,0.00426475,-0.0964448,-0.127478,-0.0801893,1.22198,-0.540013,-0.534479,0.535816,-0.546757,0.223885,1.22193,0.415979,-0.0297101,-0.453627,-0.0641774,-1.20331,-1.36671,-1.21248,3.72528e-05,0.569904,-0.043822,9.08305,-0.0541833,0.208731,0.00031538,
379,0.00394676,0.0288348,-0.245639,0.0404943,0.25791,0,-0.566747,0.0136518,0.483144,0.983473,-0.0075266,-0.132019,-0.123672,-0.218722,1.22198,-0.469488,-0.536178,0.550807,-0.546776,0.233491,1.22193,1.0057,-0.0681813,-0.634152,-1.03523,-1.11537,0.897818,-4.29525,-0.000346674,2.25542,-0.0251558,-2.65067,0.0597446,0.193383,-0.000179551,
380,0.000784776,0.0281061,0.141808,0.0394718,0.121284,0,-0.580219,-0.00474755,0.50017,0.985409,-0.0170308,-0.127244,-0.111753,-0.472523,1.22199,-0.329753,-0.527539,0.33406,-0.532947,0.242954,1.22192,2.65874,-0.303651,1.03954,0.209715,0.913458,0.469288,-5.8485,-3.8815e-05,3.37602,0.310118,-6.03128,0.443898,0.183783,0.000333978,
381,-0.00223371,0.0274606,0.386231,0.0385659,-0.123639,0,-0.120581,-0.00633975,0.54088,0.988481,-0.0139028,-0.108249,-0.104853,-0.55059,1.22198,-0.143227,-0.521976,-0.0651798,-0.520698,0.252429,1.22192,2.70734,-0.676699,0.567559,-0.0959286,0.708537,0.333813,0.833732,-0.000236272,4.07716,-0.0376323,-9.9117,-0.0438979,0.191184,-0.000183462,
382,-0.00377051,0.0276308,0.440157,0.0388047,-0.427312,0,0.531603,-0.0108768,0.555518,0.990909,-0.0186964,-0.0897036,-0.0984996,-0.439262,1.22197,0.0331634,-0.523717,-0.570656,-0.523927,0.261638,1.22191,2.46966,-0.745692,0.016679,-0.285069,0.756809,-0.10822,3.59971,-6.51059e-05,3.00056,-0.0337845,-8.37792,-0.075615,0.181767,-0.000333646,
383,-0.00506634,0.027928,0.279703,0.0392219,-0.440119,0,0.524106,-0.0110973,0.542246,0.988242,-0.0124425,-0.0709609,-0.13486,-0.182638,1.22197,0.104723,-0.525656,-0.552919,-0.529568,0.270755,1.2219,2.36565,-0.444959,-0.522415,0.0627746,0.801452,-1.84181,6.63116,-9.25361e-05,-0.148136,-0.0380766,3.3554,-0.15064,0.170666,0.000108509,
384,-0.0057458,0.0284054,-0.17223,0.0398918,-0.322192,0,0.398282,0.00161219,0.53483,0.978942,0.00441368,-0.0835568,-0.1862,0.191801,1.22205,0.0178371,-0.527677,-0.294027,-0.538627,0.278362,1.22196,1.41604,-0.311169,-0.0715908,0.497961,-0.49078,-2.60776,8.33688,-0.00263812,-3.2902,-0.0434725,6.94196,-0.197837,0.138667,-0.00126786,
385,-0.0076953,0.0286144,-0.635035,0.040185,-0.136437,0,-0.108753,-0.000405179,0.548965,0.963578,0.00966261,-0.0784898,-0.255466,0.549734,1.22198,-0.200076,-0.530171,0.108374,-0.542592,0.289983,1.2219,1.33358,0.648863,0.138224,-0.0945077,0.157822,-2.33727,2.75564,-0.000458593,-5.44434,-0.0434392,9.27586,-0.0530909,0.226388,-0.000971415,
386,-0.00926078,0.0287449,-0.758766,0.0403682,0.114785,0,-0.5766,0.00788735,0.545739,0.950719,0.00350555,-0.078609,-0.299901,0.50195,1.22197,-0.49135,-0.531606,0.540689,-0.54507,0.298989,1.22188,1.14259,0.765842,-0.259139,-0.654956,-0.421907,-1.27271,-3.39663,-6.38152e-05,-6.19896,-0.0137837,6.66062,-0.0481265,0.12573,0.000983083,
387,-0.00986511,0.0287849,-0.640472,0.0404243,0.0975793,0,-0.647763,0.0118019,0.523493,0.943927,-0.0182332,-0.0932413,-0.31619,0.197904,1.22197,-0.561069,-0.531939,0.534782,-0.545829,0.302373,1.22192,1.68122,0.532149,-0.672158,-0.689603,-0.9056,-0.281848,-8.72537,-0.000257366,1.18652,-0.00528124,-2.90877,0.0171627,0.0208784,7.1292e-05,
388,-0.00986758,0.0286066,-0.140231,0.0401741,-0.0731306,0,-0.487013,0.00481659,0.479453,0.944386,-0.0461311,-0.106949,-0.307521,-0.345141,1.22196,-0.486302,-0.532012,0.275291,-0.542444,0.300818,1.22192,2.25383,0.154051,-0.588294,-1.78599,-0.312533,2.02765,-12.9667,-0.000303658,1.6773,0.0644459,-7.25793,0.186573,-0.0976606,0.000868748,
389,-0.0101781,0.0277154,0.152793,0.0389234,-0.303474,0,0.0478944,-0.0063385,0.506869,0.956562,-0.0560479,-0.0832912,-0.273699,-0.585437,1.22201,-0.431438,-0.521945,-0.151711,-0.525532,0.294542,1.22192,2.27354,-0.933093,0.650881,0.0941392,0.621852,1.25709,1.37353,-0.000372858,0.793976,0.0244034,-10.0763,0.369047,-0.148296,-0.000333403,
390,-0.0088207,0.0274951,0.0436058,0.0386143,-0.529206,0,0.620912,-0.00373034,0.531212,0.964443,-0.0504196,-0.0742936,-0.248572,-0.491045,1.22201,-0.447411,-0.523217,-0.586846,-0.521352,0.285792,1.22191,1.83469,-0.592367,0.364173,0.668406,-0.131591,-0.16132,2.39361,8.67534e-05,-1.38569,-0.0413282,-2.1017,-0.0702091,-0.188974,-0.000493829,
391,-0.00634478,0.0277128,-0.187293,0.0389198,-0.492752,0,0.530106,-0.00332396,0.535742,0.960614,-0.0298053,-0.082201,-0.263771,-0.36612,1.22198,-0.55565,-0.525417,-0.504075,-0.525483,0.275279,1.2219,1.94375,-0.333567,-0.155677,0.961349,-0.0984158,-1.49228,2.6087,-0.000235971,-0.0285388,-0.0458935,4.03243,-0.0922931,-0.227819,3.28822e-05,
392,-0.00376608,0.0278945,-0.255411,0.0391749,-0.366348,0,0.212893,0.000330679,0.527233,0.946177,-0.00794727,-0.0769904,-0.314258,-0.272759,1.22197,-0.533951,-0.527871,-0.212552,-0.528932,0.263934,1.22196,1.83023,0.491378,0.0506216,-0.265617,-0.252908,-2.44828,1.13128,0.000258007,0.316461,-0.0424695,7.61369,-0.0604293,-0.215175,0.00370054,
393,-0.00132326,0.0280391,-0.255931,0.0393777,-0.172241,0,-0.311981,0.00681947,0.52174,0.924295,-0.0176384,-0.0869532,-0.371222,-0.264299,1.22197,-0.526048,-0.529828,0.197572,-0.531675,0.252945,1.22195,1.73401,0.72134,-0.356838,-0.392106,-0.634693,-2.37115,-0.776519,-8.93371e-05,0.0561586,-0.0377656,8.78018,-0.0482391,-0.226338,-0.00146093,
394,0.00113145,0.0280945,-0.173588,0.0394554,0.0304952,0,-0.673153,0.0139167,0.492755,0.902187,-0.0333324,-0.102119,-0.417755,-0.349078,1.22197,-0.524441,-0.531458,0.553521,-0.532726,0.241112,1.22192,1.76784,0.544039,-0.786614,-0.699816,-1.14499,-1.13233,-2.60599,0.000103691,0.0122805,-0.0250379,2.51429,0.00344798,-0.25718,5.36006e-05,
395,0.00329104,0.0278368,-0.0129941,0.0390939,-0.0148071,0,-0.613255,-0.00517397,0.457854,0.897641,-0.0568804,-0.10857,-0.423342,-0.508294,1.22197,-0.521289,-0.531621,0.497812,-0.527837,0.228008,1.22192,1.65125,-0.682632,0.146185,-0.395751,1.12925,1.05783,-3.7482,7.65079e-05,-0.0129639,0.0599185,-3.49672,0.280198,-0.267547,6.1914e-05,
396,0.00548106,0.0275031,0.013764,0.0386255,-0.182346,0,-0.192115,0.000728631,0.481857,0.910001,-0.0574201,-0.0948077,-0.399516,-0.536886,1.22199,-0.523121,-0.525464,0.216819,-0.521503,0.214083,1.22191,1.04525,-0.808562,0.4443,-0.00160019,0.127896,1.32531,0.376699,-0.000438912,-0.0828568,0.149212,-7.72758,-0.0440112,-0.272756,8.14261e-05,
397,0.00815854,0.0275939,-0.00901679,0.0387529,-0.386796,0,0.351054,-0.00453173,0.499908,0.927339,-0.0615401,-0.0808894,-0.360155,-0.516174,1.22197,-0.525191,-0.522775,-0.192189,-0.523227,0.201442,1.22191,1.033,-0.999857,0.284268,0.13861,0.36087,1.7172,0.446799,0.000640475,0.0270874,-0.0187657,-8.65097,-0.0197334,-0.22637,8.80109e-05,
398,0.0100979,0.0276344,-0.0275754,0.0388098,-0.548437,0,0.71642,-0.00430616,0.51625,0.942188,-0.0680895,-0.0765957,-0.319028,-0.497178,1.222,-0.524761,-0.523612,-0.548027,-0.523995,0.192064,1.22191,0.778378,-0.848823,0.222585,0.16452,-0.0224979,1.42042,0.32885,-0.000411472,0.00174445,-0.00999629,-4.68053,-0.0210924,-0.147718,-0.000456707,
399,0.0111385,0.0277022,-0.0392925,0.0389049,-0.525061,0,0.701851,-0.00367452,0.516851,0.946143,-0.0553332,-0.0749137,-0.310065,-0.485753,1.222,-0.525066,-0.524561,-0.513124,-0.525282,0.187437,1.2219,0.661943,-0.357652,0.00182581,1.08704,-0.0646824,-0.254238,0.122611,0.00295704,-0.00509531,-0.0315697,3.61859,-0.0246529,-0.0440625,0.00014071,
400,0.0110609,0.0277289,-0.0385916,0.0389424,-0.377299,0,0.444146,-0.000411828,0.51195,0.940101,-0.0259997,-0.0739246,-0.331767,-0.486525,1.22201,-0.525136,-0.526444,-0.210495,-0.525788,0.188061,1.22184,0.512817,0.113463,0.0139717,0.729931,-0.160235,-1.44549,-0.14961,0.0022993,-0.000404879,-0.0366945,8.44636,0.00664052,0.0725134,-0.00325417,
401,0.00922412,0.0276116,-0.0239722,0.0387779,-0.117536,0,-0.192999,0.00721347,0.514229,0.925328,-0.024274,-0.0905108,-0.367406,-0.500856,1.22199,-0.524833,-0.528033,0.280096,-0.523564,0.19625,1.22186,0.535455,0.658915,0.042373,-0.350819,-0.600255,-1.7643,-0.420847,-0.000864339,0.00440358,-0.029818,11.137,0.0790849,0.262309,0.000906222,
402,0.00647358,0.0275935,0.00203619,0.0387524,0.080112,0,-0.557882,0.013317,0.504568,0.915106,-0.0403169,-0.104865,-0.387245,-0.526254,1.22197,-0.524217,-0.529179,0.587059,-0.523219,0.209896,1.22191,0.64771,0.142011,-0.403653,-0.594529,-1.03825,0.392079,-0.482971,-4.72296e-05,0.00678171,-0.014919,-0.866836,-0.00996452,0.275719,0.000487051,
403,0.00361796,0.0276063,0.0158971,0.0387703,-0.0140758,0,-0.401003,0.00702311,0.477941,0.91732,-0.0580717,-0.122605,-0.374325,-0.526182,1.22197,-0.510284,-0.529711,0.443449,-0.523462,0.224341,1.22191,0.584587,-0.400767,-0.422331,0.87967,-0.413669,0.45874,0.110389,0.000117069,0.506309,-0.00280296,-4.8414,-0.00131831,0.305238,-0.00027931,
404,0.000856813,0.0276038,0.0152596,0.0387669,-0.167267,0,-0.162872,-0.00547956,0.502203,0.936372,-0.0553294,-0.106268,-0.32993,-0.518473,1.22197,-0.503212,-0.522161,0.153245,-0.523415,0.238177,1.22192,1.30648,-1.26603,0.524352,-0.204451,0.82198,2.60952,0.203527,-0.000206989,0.00975057,0.0486829,-7.03458,-0.00325411,0.269797,-0.000266042,
405,-0.00167897,0.0276594,-0.0238941,0.0388449,-0.336329,0,0.339103,-0.00773492,0.515761,0.958572,-0.0617068,-0.0819442,-0.265737,-0.505801,1.22197,-0.529699,-0.52304,-0.219763,-0.524469,0.251392,1.22191,1.27133,-1.30621,0.0241019,-0.273962,0.72423,2.82846,0.30479,2.1399e-06,-0.366945,-0.0275108,-7.87516,-0.0374839,0.260514,-0.000112816,
406,-0.00403054,0.0277948,-0.0304517,0.0390349,-0.483474,0,0.704592,-0.00159505,0.521146,0.971277,-0.0552701,-0.0873592,-0.214323,-0.497094,1.22201,-0.527555,-0.523936,-0.541525,-0.527039,0.264385,1.22191,0.864295,-1.11287,0.0142004,0.822234,-0.346864,1.41985,0.071454,-0.00106907,0.0975057,-0.0175283,-4.20268,-0.060583,0.257762,-0.000408959,
407,-0.00652102,0.0278433,-0.0268079,0.039103,-0.46324,0,0.702737,-0.00755416,0.517995,0.97404,-0.0291259,-0.073677,-0.212061,-0.498526,1.22201,-0.52534,-0.525578,-0.5084,-0.52796,0.277311,1.2219,0.604113,-0.57029,-0.0306627,1.67354,0.413531,-0.410898,-0.13506,0.00423401,0.0135675,-0.0477012,3.47971,-0.00914628,0.242756,0.000231029,
408,-0.00919646,0.0278033,-0.0154103,0.0390469,-0.313226,0,0.451199,-0.00107458,0.533899,0.968207,-0.00391168,-0.0777916,-0.237717,-0.509594,1.22201,-0.525006,-0.52799,-0.214417,-0.527201,0.290388,1.22164,0.482621,0.339038,0.477686,0.361836,-0.0832744,-1.73263,-0.310279,-0.0013459,0.00220483,-0.0482681,8.23619,0.0422479,0.291013,0.0302873,
409,-0.0119707,0.027684,0.00157925,0.0388794,-0.0584199,0,-0.161628,0.00543034,0.545478,0.955189,0.00873156,-0.081642,-0.28438,-0.52623,1.22198,-0.52465,-0.530375,0.269496,-0.524936,0.303263,1.22205,0.363908,0.467872,0.0209686,0.38493,-0.393233,-2.03394,-0.135648,-3.18622e-05,0.00460306,-0.0451293,11.0899,0.0528513,0.240249,-0.00432218,
410,-0.0140696,0.0275795,0.000806068,0.0387328,0.139262,0,-0.546033,0.0149447,0.536107,0.945812,0.011144,-0.105751,-0.30681,-0.524861,1.22198,-0.524055,-0.532232,0.581176,-0.522954,0.312882,1.22194,0.582642,0.0240795,-0.407718,0.171849,-1.24282,0.307288,0.0536456,-5.50067e-05,0.00644311,-0.0287313,-0.687113,-0.00981505,0.123821,-0.000813132,
411,-0.0145954,0.0276015,0.023188,0.0387636,0.06337,0,-0.462902,0.011923,0.511619,0.950144,-0.0145423,-0.128291,-0.283823,-0.5225,1.22197,-0.499308,-0.533122,0.450738,-0.523371,0.315714,1.22192,0.980389,-0.166948,-0.499999,-1.72442,-1.00442,2.16284,0.0372354,-7.33513e-05,0.967287,-0.00124478,-4.46525,-0.00387915,-0.0157395,-2.87391e-05,
412,-0.0138095,0.0276001,0.0663258,0.0387617,-0.0897076,0,-0.316605,-0.00713452,0.507297,0.96258,-0.0508748,-0.12569,-0.234634,-0.516376,1.22198,-0.449953,-0.528113,0.157433,-0.523345,0.311757,1.22191,2.01574,-0.945067,0.798097,0.139583,1.02815,1.84292,0.212526,0.000236502,0.852489,0.276885,-7.11507,0.000836026,-0.139676,-0.000127274,
413,-0.011829,0.0276576,0.068757,0.0388424,-0.295203,0,0.232034,-0.00992685,0.535021,0.97627,-0.0448348,-0.100185,-0.186678,-0.493979,1.22197,-0.425113,-0.521462,-0.247284,-0.524436,0.302321,1.22191,1.95928,-1.05233,0.295123,0.257778,0.964233,2.19777,0.679655,-0.000226316,0.150913,-0.0433709,-9.05946,-0.0441358,-0.23673,-4.34884e-05,
414,-0.00879596,0.0278594,-0.0225642,0.0391256,-0.455206,0,0.610272,-0.0132068,0.535489,0.986506,-0.036284,-0.0754841,-0.14068,-0.448151,1.22197,-0.470719,-0.523841,-0.571822,-0.528266,0.288871,1.2219,1.81913,-0.695606,-0.28778,0.644276,1.04004,0.957317,1.15462,0.00010148,-1.93841,-0.0537236,-0.40247,-0.110567,-0.293873,-0.000240212,
415,-0.00505135,0.0282428,-0.151264,0.0396636,-0.387311,0,0.590218,-0.00389387,0.527551,0.988241,-0.00313105,-0.0802249,-0.130128,-0.396956,1.22204,-0.549389,-0.526985,-0.470401,-0.535541,0.273447,1.22191,1.34842,-0.535598,-0.192698,1.65824,0.00481103,-0.691247,0.919264,-0.00185819,0.392881,-0.0712413,4.21356,-0.169655,-0.317716,-0.000391333,
416,-0.00264383,0.0284177,-0.149435,0.0399091,-0.235513,0,0.288505,-0.00155554,0.551426,0.982466,0.0156095,-0.0736933,-0.170546,-0.37964,1.22199,-0.530202,-0.530899,-0.166431,-0.538861,0.262901,1.22191,1.19599,0.607349,0.493628,0.294947,0.0234086,-1.94265,-0.220041,-0.000444763,0.204015,-0.0771532,8.06453,-0.0553759,-0.188876,0.000341016,
417,-0.000564826,0.028554,-0.10706,0.0401004,0.001423,0,-0.278715,0.00528102,0.56536,0.97267,0.0251408,-0.0773764,-0.217474,-0.417684,1.22198,-0.525156,-0.534621,0.279317,-0.541448,0.253666,1.22191,1.07617,0.718459,0.0648458,0.209396,-0.365187,-1.92626,-1.29214,-5.94851e-05,0.0354898,-0.070754,9.75059,-0.0476791,-0.180818,-0.0001029,
418,0.001477,0.0286197,-0.0231821,0.0401925,0.192313,0,-0.637735,0.0122171,0.55884,0.963811,0.0242967,-0.0912176,-0.249314,-0.500587,1.22198,-0.523773,-0.537792,0.59234,-0.542694,0.243995,1.22193,1.26308,0.416558,-0.344239,-0.166086,-0.89871,-0.100525,-2.026,9.87194e-05,0.0101423,-0.054451,-0.473673,-0.00574057,-0.215834,-9.70467e-06,
419,0.00337359,0.0285095,0.0467477,0.0400378,0.0927246,0,-0.559101,0.0120159,0.530881,0.962302,0.00914947,-0.113232,-0.247125,-0.535393,1.22198,-0.488611,-0.540212,0.45097,-0.540602,0.233507,1.22193,1.57008,0.096666,-0.626927,-1.42501,-1.01553,1.29684,0.28389,-0.00019989,1.362,-0.0300333,-5.00694,0.112312,-0.217811,0.000525778,
420,0.0046729,0.0280102,0.104174,0.0393372,-0.0918996,0,-0.313711,-0.00398923,0.503099,0.971282,-0.0466039,-0.119387,-0.200464,-0.513372,1.22198,-0.40882,-0.539675,0.110154,-0.531127,0.222597,1.22192,2.3722,-0.582528,0.190078,-0.149407,0.597004,1.76464,0.60866,0.000619515,1.6103,0.152609,-8.45719,0.320738,-0.209434,-0.00047977,
421,0.00568513,0.0274841,0.110217,0.0385988,-0.333359,0,0.273401,-0.0133202,0.52208,0.983464,-0.0374598,-0.0882091,-0.153668,-0.464707,1.22198,-0.354041,-0.52833,-0.352535,-0.521143,0.212891,1.22191,2.59688,-0.86918,0.144278,0.437077,1.27316,2.05467,1.33227,-0.000312438,0.716132,0.233391,-10.1693,-0.0378317,-0.172447,-2.42173e-05,
422,0.00733968,0.0276869,0.00243314,0.0388834,-0.455091,0,0.587182,-0.00659743,0.526616,0.988771,-0.0130661,-0.0784644,-0.126513,-0.380462,1.22201,-0.378029,-0.521932,-0.586532,-0.524991,0.20637,1.2219,2.09316,-0.518615,-0.0900388,1.3975,0.218634,0.0783321,2.04603,-0.000887558,-1.65558,-0.0271094,1.24388,-0.121455,-0.0924654,-0.000105858,
423,0.00856064,0.0280399,-0.254989,0.0393789,-0.362574,0,0.520797,-0.00359595,0.533498,0.98733,-0.00624581,-0.078352,-0.137844,-0.280024,1.22197,-0.540765,-0.523498,-0.420317,-0.531691,0.203345,1.22201,1.48839,0.283487,0.161334,-0.322198,0.0185368,-1.05985,1.97287,-0.000114223,-3.854,-0.029772,5.37894,-0.145295,-0.0248444,-0.00185782,
424,0.00907448,0.0284332,-0.305347,0.0399308,-0.184669,0,0.0762921,0.000171421,0.529567,0.979513,-0.00570086,-0.0786938,-0.185282,-0.229658,1.22197,-0.545064,-0.52512,-0.0622133,-0.539155,0.204224,1.22192,1.53973,0.510196,-0.297182,-0.095273,-0.0831336,-2.24948,0.0472381,-3.88382e-05,0.636374,-0.0332126,8.90114,-0.154119,0.0552679,-2.42624e-05,
425,0.00890753,0.0288237,-0.239556,0.0404787,0.0555505,0,-0.444902,0.00834062,0.510743,0.966959,-0.0162257,-0.0900169,-0.237957,-0.283247,1.22197,-0.52755,-0.526498,0.385983,-0.546565,0.208495,1.22194,1.28914,0.732154,-0.616907,-0.517658,-0.631934,-1.98293,-2.17199,-6.71076e-05,0.1362,-0.0257226,9.02173,-0.139782,0.11437,-0.00097617,
426,0.00818299,0.0291061,-0.0782247,0.040875,0.17132,0,-0.655859,0.0131467,0.472128,0.957096,-0.0387503,-0.110561,-0.265031,-0.433475,1.22198,-0.511859,-0.52739,0.580406,-0.551925,0.214614,1.22195,1.47119,0.416266,-0.850756,-0.587405,-1.02411,-0.115179,-3.82452,-2.42222e-05,0.485923,-0.0127238,-1.27954,-0.0746339,0.131441,-0.000868943,
427,0.00685724,0.0289801,0.084368,0.0406983,0.0600564,0,-0.578603,0.000147002,0.479872,0.961047,-0.0360352,-0.110301,-0.250846,-0.547836,1.22199,-0.463267,-0.522129,0.407785,-0.549534,0.220161,1.22193,1.96868,-0.504496,1.04504,-0.296049,0.389845,1.32074,0.312463,0.000225118,1.38993,0.104781,-5.48063,0.199557,0.087397,0.00018154,
428,0.00488954,0.0284574,0.129281,0.0399648,-0.147808,0,-0.156749,-0.00174283,0.520535,0.970837,-0.0472995,-0.0989285,-0.213194,-0.514941,1.22198,-0.384932,-0.522772,0.0351504,-0.539614,0.225441,1.22192,2.00175,-0.691741,0.579712,-0.472882,0.247847,1.90559,0.952829,-0.000189887,1.73957,-0.0324458,-9.39273,0.199205,0.124192,-0.000197137,
429,0.00257891,0.0279382,0.116686,0.0392362,-0.402169,0,0.48884,-0.00716854,0.538867,0.980312,-0.054879,-0.0863954,-0.168858,-0.44484,1.22197,-0.32762,-0.523871,-0.451371,-0.529761,0.232474,1.22191,1.8667,-0.760445,0.123752,-0.17964,0.423496,1.89555,1.84378,-0.000145506,0.570992,-0.0170742,-10.0664,0.193976,0.156755,-7.37546e-05,
430,0.000105179,0.0275423,-0.0373143,0.0386806,-0.462059,0,0.679127,0.00100103,0.533773,0.984461,-0.0407822,-0.0770678,-0.152426,-0.333481,1.22201,-0.370813,-0.524393,-0.570865,-0.522248,0.241408,1.2219,1.29432,-0.399477,0.0125086,1.31756,-0.693031,-0.229466,2.57188,0.00433068,-2.28834,-0.0171134,2.0699,0.0267239,0.199527,0.000574697,
431,-0.0018634,0.0275856,-0.323451,0.0387414,-0.341627,0,0.471745,-0.0158627,0.525268,0.982237,-0.0090346,-0.081319,-0.16887,-0.214666,1.22199,-0.550163,-0.52554,-0.348277,-0.52307,0.25167,1.22189,1.34349,0.109996,-0.205235,1.03727,1.58777,-2.33837,2.19809,-0.0010028,-1.85387,-0.0336757,6.76486,-0.0160245,0.227671,-0.000433681,
432,-0.00425053,0.0277442,-0.356563,0.0389639,-0.138174,0,0.00724269,0.0064583,0.526963,0.970412,0.00289233,-0.0848091,-0.226053,-0.166595,1.22198,-0.539538,-0.526723,0.0676396,-0.526079,0.265044,1.22196,1.05495,0.856046,-0.0496438,0.108349,-0.720545,-2.35967,-0.255252,-0.000251773,0.488485,-0.0204796,9.8412,-0.108606,0.276488,-0.00125979,
433,-0.00634871,0.0279495,-0.274976,0.039252,0.137681,0,-0.556809,0.0141175,0.512483,0.954638,0.00224677,-0.105528,-0.278432,-0.244231,1.22197,-0.52647,-0.527575,0.548881,-0.529975,0.277379,1.22192,0.945219,0.854414,-0.497969,-0.207462,-1.17415,-1.71703,-2.83176,-2.17795e-05,0.0988258,-0.0113678,7.75113,-0.0499171,0.210324,0.000578022,
434,-0.00802275,0.0278608,-0.0650282,0.0391275,0.129736,0,-0.596983,0.013932,0.483175,0.949385,-0.0310028,-0.129873,-0.284324,-0.433388,1.22197,-0.498508,-0.527379,0.544343,-0.528292,0.285002,1.22193,1.26155,0.477133,-0.722419,-1.71962,-1.15603,0.68492,-4.70995,4.81144e-05,1.02848,0.0144793,-3.00465,0.121018,0.11278,-0.000431787,
435,-0.00937184,0.0274891,0.115635,0.0386059,-0.0244244,0,-0.486243,-0.00465753,0.489245,0.954695,-0.0462,-0.121478,-0.267707,-0.552947,1.22198,-0.436793,-0.522269,0.301378,-0.521239,0.288506,1.22192,2.04957,-0.609582,0.593958,0.102153,0.86979,0.772433,0.517566,1.90963e-05,1.50748,0.0224355,-6.74514,-0.0176887,0.032397,-0.000212279,
436,-0.00903914,0.0276093,0.134273,0.0387745,-0.253486,0,0.00261365,-0.0105277,0.518201,0.966133,-0.0418858,-0.093175,-0.236962,-0.506363,1.22197,-0.371274,-0.523146,-0.11203,-0.523519,0.287892,1.22191,2.21953,-0.937714,0.421559,-0.0770213,1.17282,1.7274,1.33181,-0.000213035,1.1525,-0.0213911,-9.81382,-0.0573454,-0.0516958,-0.000133762,
437,-0.0078742,0.0278326,0.0565271,0.0390879,-0.48806,0,0.643261,-0.00195358,0.532064,0.976452,-0.0393136,-0.073502,-0.198982,-0.417467,1.22202,-0.360879,-0.524218,-0.565993,-0.527756,0.284008,1.22191,1.54342,-0.745311,0.353448,0.826688,-0.327577,0.503121,2.20592,0.00262607,-0.694692,-0.0312446,-3.63382,-0.106232,-0.0901661,-0.000326883,
438,-0.00625947,0.0281273,-0.180845,0.0395016,-0.456722,0,0.611179,-0.00537586,0.535596,0.976494,-0.0162715,-0.0846008,-0.19758,-0.299399,1.22199,-0.482255,-0.525987,-0.512981,-0.53335,0.278495,1.2219,1.45893,-0.384897,-0.152713,0.988275,0.143098,-0.408544,2.51279,-0.00113132,-4.13902,-0.0389128,3.62734,-0.105404,-0.13033,-0.000296425,
439,-0.00486149,0.0283326,-0.325029,0.0397896,-0.31936,0,0.299611,-0.000708928,0.536136,0.968613,0.0023548,-0.0781997,-0.235941,-0.209181,1.22198,-0.546441,-0.52811,-0.227351,-0.537245,0.273283,1.2219,1.50903,0.616387,0.309724,-0.116451,-0.140833,-2.30912,1.09856,5.6616e-05,0.54111,-0.0419228,7.75592,-0.0480983,-0.0549136,0.000304968,
440,-0.00399541,0.0284485,-0.303679,0.0399522,-0.104136,0,-0.250802,0.00512736,0.540422,0.953204,0.00282747,-0.0832807,-0.290617,-0.215049,1.22198,-0.528617,-0.530159,0.205371,-0.539444,0.269955,1.22191,1.39746,0.800275,-0.143044,-0.124559,-0.42038,-2.20475,-1.31266,-6.27289e-05,0.157882,-0.0387697,9.5365,-0.0388855,-0.0780544,-0.000272189,
441,-0.00288524,0.0284932,-0.187625,0.040015,0.12208,0,-0.661241,0.012852,0.523399,0.937825,-0.00609233,-0.0964572,-0.333382,-0.334747,1.22197,-0.524622,-0.531808,0.586136,-0.540293,0.264776,1.22193,1.47846,0.590109,-0.54793,-0.485871,-0.98241,-0.616971,-3.46701,0.000120697,0.0283376,-0.0248312,1.53326,0.00224351,-0.141428,0.000293383,
442,-0.00151456,0.0283549,0.0367269,0.0398209,0.0519904,0,-0.62155,0.0123901,0.485466,0.934889,-0.0301006,-0.11641,-0.333954,-0.538517,1.22197,-0.501774,-0.532801,0.491267,-0.537668,0.256681,1.22192,1.75021,0.262534,-0.838465,-1.66333,-1.0209,1.16994,-3.79746,-0.000245374,0.864879,-0.00328703,-4.28185,0.131698,-0.186375,0.000507788,
443,-0.000801625,0.0276366,0.0819365,0.0388129,-0.128681,0,-0.379345,-0.00629217,0.480244,0.946224,-0.0526512,-0.103159,-0.302071,-0.542389,1.22198,-0.460268,-0.526829,0.180524,-0.524038,0.246789,1.22192,2.23323,-0.932033,0.279393,0.372357,0.948434,1.3723,0.787839,2.61962e-05,0.844113,0.198552,-8.22172,0.372729,-0.20324,-0.000256163,
444,0.00111616,0.0275293,0.0421549,0.0386624,-0.362699,0,0.283654,-0.000930679,0.515262,0.962353,-0.0444076,-0.0876587,-0.253418,-0.490647,1.22202,-0.448467,-0.522245,-0.281871,-0.522002,0.236221,1.22192,1.92032,-1.27407,0.724222,0.507772,-0.168291,2.17848,1.28435,-0.000749909,-0.257853,-0.0306713,-10.3941,-0.0600459,-0.208222,-0.000249763,
445,0.00324929,0.0276449,-0.10595,0.0388246,-0.493125,0,0.596963,-0.00957783,0.542389,0.974846,-0.0449354,-0.0774645,-0.204095,-0.420243,1.22197,-0.526592,-0.523856,-0.569408,-0.524196,0.226531,1.2219,1.90124,-0.894286,0.302372,0.107403,0.599511,1.26688,1.53566,-0.000241881,-2.26395,-0.0375435,0.460008,-0.0389335,-0.173622,-0.000212351,
446,0.00505985,0.0278311,-0.168905,0.0390859,-0.408687,0,0.473862,-0.00726233,0.545056,0.978957,-0.0364027,-0.0637233,-0.190414,-0.364218,1.22197,-0.534757,-0.525892,-0.437821,-0.527729,0.219081,1.2219,1.87131,-0.685719,-0.100622,0.622033,0.448493,0.195073,0.708618,0.00296342,0.292648,-0.0470392,4.7587,-0.100096,-0.128287,2.52971e-05,
447,0.00663811,0.0281373,-0.164743,0.0395155,-0.220272,0,0.208848,0.00046966,0.538493,0.980207,-0.0105651,-0.0636033,-0.187184,-0.360207,1.22201,-0.526465,-0.528626,-0.11949,-0.533539,0.213851,1.22194,1.28979,-0.220031,-0.079915,0.380117,-0.176808,-0.282747,-0.540415,-0.00118759,0.0660419,-0.0499974,7.95972,-0.139202,-0.0835736,0.00604493,
448,0.00784358,0.0284872,-0.107614,0.0400065,0.0352031,0,-0.289164,0.00767503,0.533203,0.977001,-0.0162555,-0.0775252,-0.197976,-0.416584,1.22198,-0.524616,-0.530855,0.307239,-0.540179,0.210876,1.22198,0.942747,0.0284856,-0.349376,-0.163089,-0.629444,-0.46897,-1.70574,-0.000226914,0.0145843,-0.0434055,9.09144,-0.120997,-0.0320024,-0.00217869,
449,0.00837609,0.0287114,0.00149643,0.0403211,0.235538,0,-0.628722,0.0131376,0.503516,0.976059,-0.0256183,-0.0951953,-0.19388,-0.519784,1.22198,-0.518288,-0.532777,0.593557,-0.544433,0.210175,1.22193,1.18752,-0.317608,-0.812769,-0.302198,-1.00985,1.29629,-2.42334,0.000116356,0.227829,-0.0309261,-0.616188,-0.054135,-0.00760033,-0.000242347,
450,0.00805314,0.0286632,0.0668938,0.0402536,0.153736,0,-0.61275,-0.000879239,0.463677,0.97888,-0.0228912,-0.114266,-0.167965,-0.533926,1.22199,-0.466933,-0.532119,0.448987,-0.54352,0.211373,1.22191,1.95245,-0.858409,-0.0826316,0.991252,0.556289,0.953109,0.329543,5.20922e-05,1.63188,0.169348,-4.91041,0.212673,0.045654,0.000317175,
451,0.00638256,0.0278631,0.13555,0.0391307,-0.0299683,0,-0.317489,-0.00300806,0.510279,0.986704,-0.0268813,-0.100665,-0.124741,-0.506089,1.22199,-0.369699,-0.520259,0.112676,-0.528335,0.212723,1.22197,2.3775,-0.806352,0.919641,-0.351783,0.479783,2.26368,0.785401,-0.000295609,2.41199,-0.0258916,-8.74499,0.316565,0.0433337,-0.00152316,
452,0.00506716,0.0274821,0.183227,0.0385961,-0.281945,0,0.329929,-0.0068672,0.544018,0.993126,-0.0430293,-0.0860572,-0.0666628,-0.443013,1.22197,-0.257693,-0.52308,-0.371698,-0.521106,0.215976,1.22192,2.30971,-0.911925,0.432769,-0.613344,0.466392,2.52802,1.7302,-0.00020791,2.07087,-0.0547846,-10.614,-0.0523468,0.0871985,-0.000487087,
453,0.00419417,0.0276658,0.118414,0.0388539,-0.384701,0,0.620835,-0.00122512,0.556305,0.995188,-0.0504182,-0.0779469,-0.0313419,-0.324971,1.22202,-0.205999,-0.526103,-0.574243,-0.524592,0.221972,1.2219,1.75702,-0.649469,0.228298,0.491436,-0.424729,0.551346,2.96913,0.00125596,0.00573264,-0.0675834,1.18694,-0.0860297,0.149994,9.49215e-05,
454,0.00295415,0.0278967,-0.116005,0.0391779,-0.268085,0,0.484263,-0.000804259,0.554511,0.995244,-0.0382834,-0.0871206,-0.0208221,-0.158482,1.22198,-0.275011,-0.529492,-0.403721,-0.528973,0.230225,1.2219,1.60218,-0.543116,-0.302307,0.549282,-0.305569,0.164084,3.68448,-0.00077201,-2.7443,-0.06799,5.59854,-0.08778,0.180421,-1.07345e-05,
455,0.00143126,0.02811,-0.428013,0.0394773,-0.0405794,0,0.145734,0.00522107,0.529561,0.994949,-0.0206348,-0.0966219,-0.0177599,1.68354e-05,1.22201,-0.457445,-0.532973,-0.0426459,-0.533021,0.239744,1.22191,1.10814,-0.603341,-0.587881,1.09914,-0.679833,-0.0843824,2.66418,0.000961383,-4.54157,-0.0736234,8.81875,-0.0696526,0.201957,4.69992e-05,
456,-0.000572391,0.0281706,-0.534185,0.0395623,0.237268,0,-0.404817,-0.00389781,0.490939,0.993889,0.00476077,-0.106392,-0.0290363,0.0523615,1.22198,-0.543622,-0.536647,0.413925,-0.534171,0.250333,1.2219,0.868062,-0.45518,-0.635461,0.461843,0.889618,-1.3126,-0.527929,-0.000604402,0.428361,-0.0802074,9.38137,0.0781089,0.233472,-0.00043025,
457,-0.00264813,0.0279902,-0.39001,0.0393091,0.33711,0,-0.528475,0.0128643,0.479814,0.990853,0.00738521,-0.131147,-0.0309109,-0.0696944,1.22196,-0.481506,-0.54033,0.567754,-0.530748,0.259164,1.222,0.532652,-0.0256448,-0.140428,-0.654948,-1.0023,0.604255,-4.35259,0.000222701,2.06239,-0.0644669,-1.41479,0.0565645,0.149856,-0.00204679,
458,-0.00475293,0.027507,0.0189023,0.038631,0.239921,0,-0.597728,0.00105031,0.505701,0.989866,0.00206851,-0.139596,-0.0259526,-0.352448,1.22198,-0.333544,-0.53695,0.414427,-0.521578,0.26548,1.22194,2.07063,0.063773,1.24424,0.244173,0.286246,-0.053463,-6.9365,3.55818e-05,3.8093,0.199487,-4.65587,0.078069,0.101276,-0.000424536,
459,-0.00542365,0.0275669,0.448214,0.038715,0.0335963,0,-0.28291,-0.00091068,0.559951,0.99069,-0.00365056,-0.134569,-0.0202607,-0.587287,1.22197,-0.104824,-0.526659,0.0804548,-0.522714,0.269373,1.22193,2.42143,-0.260957,0.950351,-1.12572,0.191595,0.562909,0.591336,-9.45857e-05,5.3268,0.2174,-8.64222,-0.0339685,0.0603699,-9.90827e-05,
460,-0.00579181,0.0276277,0.559576,0.0388004,-0.260441,0,0.342019,-0.00926423,0.599715,0.992107,-0.0171682,-0.122436,-0.0209145,-0.473261,1.22197,0.158955,-0.522543,-0.391541,-0.523868,0.271756,1.2219,2.40274,-0.44689,0.620864,0.0501046,0.739102,-0.453904,3.88074,-7.98949e-05,5.22801,-0.0228982,-10.2255,-0.0115728,0.0357977,-0.000119803,
461,-0.0059417,0.0277296,0.500583,0.0389435,-0.401345,0,0.554509,-0.0109271,0.615944,0.992658,-0.0051977,-0.104186,-0.0612241,-0.18111,1.22197,0.368974,-0.523812,-0.568649,-0.525803,0.273404,1.2219,2.22816,-0.211891,0.054877,0.385428,0.764958,-2.48293,7.77001,-9.52582e-05,3.17772,-0.0250195,1.2302,-0.0703686,0.0238319,0.00012663,
462,-0.0054982,0.0280147,0.160925,0.0393435,-0.348304,0,0.380384,-0.00938892,0.606157,0.987968,0.0113602,-0.0861296,-0.127956,0.289523,1.22196,0.451858,-0.524943,-0.408052,-0.531212,0.273684,1.2219,2.25843,-0.212483,-0.445939,0.303637,0.73781,-2.96325,11.0277,-0.000175729,0.162352,-0.0200492,5.16202,-0.14466,-0.0131211,2.74321e-05,
463,-0.00428235,0.0284788,-0.206602,0.0399948,-0.2016,0,0.0962138,-0.0042559,0.571908,0.979863,0.0260312,-0.0637361,-0.187428,0.605691,1.22197,0.396072,-0.526061,-0.0877849,-0.54002,0.271662,1.22193,1.60428,0.409057,-0.586583,-0.394269,0.43161,-1.62176,-1.28625,0.000306267,-2.38294,-0.0203758,7.62682,-0.210612,-0.0603653,0.00621285,
464,-0.00254002,0.0290721,-0.250584,0.0408273,0.0101516,0,-0.2853,0.00889973,0.551927,0.971878,-0.0028782,-0.0692703,-0.225048,0.499044,1.22197,0.243008,-0.526477,0.302045,-0.551279,0.268133,1.22201,0.95765,0.791132,-0.446218,-0.849458,-0.784111,-1.21883,-2.83646,0.00213559,-3.73389,-0.00761701,7.95689,-0.231329,-0.0882065,-0.00288954,
465,-0.000632818,0.0295484,-0.249689,0.0414956,0.188808,0,-0.558156,0.0177755,0.534261,0.966065,-0.00270886,-0.102931,-0.236889,0.31643,1.22202,0.0613492,-0.527257,0.57455,-0.560319,0.262749,1.22193,0.760599,0.489311,-0.552347,0.369695,-1.59501,0.49298,-4.49192,-0.00119898,-3.5356,-0.0116613,0.0630948,-0.141939,-0.135146,-0.000391428,
466,0.000928354,0.0296208,-0.129025,0.0415972,0.137834,0,-0.530345,-0.0035172,0.505794,0.96994,-0.0135702,-0.123825,-0.209043,0.0512672,1.22198,-0.0784815,-0.526481,0.472609,-0.561693,0.255551,1.22192,1.26229,0.157697,-0.154212,-0.432895,0.901851,2.16907,-6.10633,-0.000122999,-2.14759,0.105187,-3.88974,0.132528,-0.160869,-0.000223554,
467,0.00189572,0.0292434,0.107075,0.0410677,-0.00343571,0,-0.29065,-0.00772407,0.499809,0.983681,-0.0189908,-0.0934,-0.152605,-0.270142,1.22198,-0.162656,-0.522564,0.190545,-0.554531,0.247377,1.22192,1.6726,0.0170727,-0.289237,0.0901757,1.13321,2.4158,-6.74449,1.55569e-05,-1.17065,-0.0154457,-7.43362,0.134095,-0.160494,1.62389e-05,
468,0.00302088,0.0288173,0.326142,0.0404698,-0.18964,0,0.31926,-0.00423289,0.513543,0.993489,-0.0280498,-0.0867768,-0.068276,-0.562908,1.22204,-0.224404,-0.523411,-0.219869,-0.546444,0.237984,1.2219,1.3702,-0.405616,0.441465,-0.2351,0.296718,3.40026,-2.03565,-0.00149229,-1.2944,-0.00664636,-8.98123,0.166379,-0.181281,0.000341882,
469,0.0038023,0.0284175,0.200876,0.0399088,-0.361662,0,0.698126,-0.00373208,0.529769,0.995888,-0.0351892,-0.0833802,-0.00404981,-0.524306,1.22198,-0.320661,-0.523584,-0.567733,-0.538857,0.230548,1.22191,1.10991,-0.410298,0.162637,0.371745,-0.112267,1.37223,2.1319,-0.000321196,-2.5305,-0.00684356,-1.54955,0.135985,-0.114833,-0.000180319,
470,0.00415565,0.0281026,-0.124528,0.0394668,-0.288644,0,0.663718,0.00261803,0.525343,0.995761,-0.0255592,-0.086181,0.0194615,-0.383651,1.22198,-0.508828,-0.524025,-0.481928,-0.53288,0.226005,1.22191,0.839368,-0.365164,-0.189413,0.494004,-0.801435,0.227351,3.45311,0.00092752,-4.97147,-0.00712971,4.28388,0.109899,-0.0610954,0.000519941,
471,0.00366126,0.0277008,-0.297594,0.0389029,-0.103245,0,0.375243,-0.00197941,0.51102,0.995905,-0.00856317,-0.0893672,-0.0106612,-0.236844,1.22201,-0.543722,-0.524912,-0.153009,-0.525255,0.224954,1.2219,0.548593,-0.0695832,-0.212274,1.08483,0.088559,-2.03777,2.42286,0.00399463,0.552541,-0.0335216,8.82756,0.19147,0.0093022,-4.37054e-05,
472,0.0021761,0.0275596,-0.339951,0.0387049,0.166659,0,-0.241466,0.00354285,0.514909,0.994034,-7.8969e-05,-0.0916408,-0.0591395,-0.173297,1.222,-0.527334,-0.526449,0.340447,-0.522576,0.231167,1.22182,0.133375,0.701334,0.178993,-0.497058,-0.0919252,-1.93777,0.139129,-0.00110872,0.135188,-0.0284491,10.9194,-0.0257657,0.211292,0.0010217,
473,0.000335086,0.0276028,-0.256758,0.0387654,0.31814,0,-0.55872,0.00912409,0.513018,0.991758,-0.0131735,-0.0979324,-0.0815609,-0.229172,1.22198,-0.491807,-0.527535,0.593076,-0.523395,0.240786,1.2219,0.597654,0.455998,-0.245092,-0.665682,-0.520464,0.298678,-2.35496,-0.000116355,1.27665,-0.0153153,-1.36624,-0.00699133,0.171207,0.000789799,
474,-0.00129545,0.0276088,0.0171658,0.0387739,0.208571,0,-0.453126,0.00515502,0.494063,0.990857,-0.020654,-0.109181,-0.0765254,-0.390805,1.22198,-0.373637,-0.527794,0.425272,-0.52351,0.249023,1.22191,1.0904,0.270708,-0.292239,1.26061,-0.203854,-0.68973,-4.08372,0.000348236,3.35555,0.0247981,-5.29405,0.000236289,0.16725,-0.00021487,
475,-0.00267849,0.0276028,0.348273,0.0387655,0.00550944,0,-0.334426,-0.0120512,0.504547,0.992783,-0.0126721,-0.0968846,-0.0695339,-0.546964,1.22198,-0.183487,-0.522854,0.0987011,-0.523396,0.255911,1.22193,2.74958,-0.225739,0.912211,-0.804075,1.56951,1.04022,-0.230377,5.09405e-05,4.17504,0.143058,-7.66854,-0.000263368,0.112003,-4.05694e-05,
476,-0.00353769,0.027693,0.471946,0.038892,-0.242624,0,0.323692,-0.00274738,0.546414,0.9962,-0.0278696,-0.0700872,-0.0435478,-0.491739,1.22206,0.0208309,-0.52288,-0.336131,-0.525107,0.261016,1.22192,2.06978,-0.541574,0.984898,0.0567525,-0.00083899,1.17595,2.34442,0.00106235,3.99514,-0.0319007,-9.70613,-0.0607955,0.0930101,-0.000215566,
477,-0.00415759,0.027862,0.433335,0.0391292,-0.395028,0,0.614241,-0.00523156,0.58211,0.996728,-0.0235638,-0.0691142,-0.0346458,-0.29074,1.222,0.173255,-0.524451,-0.586759,-0.528314,0.265613,1.2219,1.88431,-0.279657,0.443725,0.422368,0.0517095,-0.693859,5.67007,-0.0011203,2.12667,-0.032806,1.04815,-0.0711002,0.0920342,-9.84771e-05,
478,-0.00454348,0.0280942,0.139982,0.039455,-0.308217,0,0.462918,-0.00389867,0.591841,0.995887,-0.0116024,-0.0686763,-0.0579473,0.0651575,1.22197,0.206065,-0.526035,-0.424204,-0.532721,0.269591,1.22191,1.84999,-0.24799,-0.0546305,0.407488,0.0515945,-1.22999,8.5419,-0.000271919,-0.790357,-0.0307402,5.41886,-0.103637,0.067033,4.67982e-05,
479,-0.00453198,0.0283865,-0.376018,0.0398652,-0.118672,0,0.0522386,-0.00186096,0.576367,0.993632,0.00157166,-0.0673847,-0.0902913,0.507376,1.22196,0.111962,-0.527553,-0.0758433,-0.538267,0.272103,1.22191,1.72706,-0.147712,-0.566657,0.446105,0.151269,-1.41926,9.141,-6.47971e-05,-2.9572,-0.0296563,8.49079,-0.116697,0.0340325,-2.42844e-05,
480,-0.00390904,0.0286962,-0.544542,0.0402998,0.136454,0,-0.265984,0.0101305,0.552631,0.992195,0.0172637,-0.0673364,-0.103526,0.554817,1.22196,-0.0557728,-0.529439,0.347386,-0.544145,0.271699,1.222,0.398371,0.0992543,-0.0666469,0.134331,-0.888986,-0.391132,-2.01598,-0.000652695,-3.72599,-0.0355813,8.46012,-0.123512,-0.0570192,0.00394739,
481,-0.00265768,0.0289119,-0.515785,0.0406025,0.293836,0,-0.538523,0.0154411,0.539729,0.990786,0.0131036,-0.0957866,-0.0948447,0.356586,1.22197,-0.213993,-0.530945,0.571863,-0.548239,0.267316,1.22197,0.598236,0.0254616,-0.493907,-0.0657035,-1.31273,1.36565,-5.88296,0.000246756,-2.61509,-0.0255601,-0.706828,-0.0421453,-0.121082,-0.00168108,
482,-0.00137324,0.028866,-0.258031,0.0405381,0.235785,0,-0.438204,0.012111,0.50386,0.990349,0.0024176,-0.127987,-0.053129,-0.0247719,1.22197,-0.28877,-0.532152,0.43956,-0.547368,0.260465,1.22192,0.898452,0.192613,-0.807357,-0.729374,-1.03854,2.28171,-9.34579,-0.000320125,-0.39845,-0.0189946,-4.52823,0.0828291,-0.156738,-0.000150943,
483,-0.000957222,0.0281245,0.23986,0.0394976,0.0947164,0,-0.345272,-0.00647182,0.510802,0.993866,-0.00719198,-0.110336,-0.00194885,-0.527218,1.22198,-0.282593,-0.524023,0.155369,-0.533296,0.251859,1.22192,2.20444,0.181769,0.263812,0.233229,0.945204,1.76128,-8.89569,-0.000184331,0.871277,0.213705,-7.0499,0.36593,-0.174203,7.04485e-05,
484,-0.000557224,0.0274828,0.322188,0.038597,-0.136169,0,0.178093,-0.0084223,0.51232,0.995538,-0.0132539,-0.0900484,0.0248844,-0.556198,1.22197,-0.222111,-0.522689,-0.250559,-0.521119,0.24421,1.22192,2.29209,-0.24507,-0.214764,-0.295116,0.777327,0.999527,1.76266,-7.21053e-05,1.52588,-0.0273926,-9.18073,-0.0118967,-0.146662,-0.000141723,
485,0.000980764,0.0275903,0.235639,0.0387479,-0.332173,0,0.65239,-0.00613671,0.528282,0.9948,-0.0219509,-0.0859836,0.0499784,-0.413902,1.22204,-0.17375,-0.523748,-0.58055,-0.523158,0.237436,1.22191,1.56143,-0.62468,0.658476,-0.0255084,0.168386,0.307271,3.92477,-0.00127003,0.441243,-0.010624,-0.232011,-0.0546276,-0.117631,-0.000509597,
486,0.00238933,0.0277901,-0.0324638,0.0390283,-0.254823,0,0.571002,-0.00553008,0.548272,0.995212,-0.021323,-0.0813346,0.0498215,-0.17929,1.22198,-0.211765,-0.524348,-0.464695,-0.52695,0.232123,1.2219,1.44088,-0.528651,0.14101,0.0863834,0.210206,-0.290986,5.44677,-0.000653614,-1.94361,-0.013048,4.65474,-0.0958103,-0.0952548,-5.09859e-05,
487,0.00364908,0.02807,-0.407027,0.0394211,-0.0555654,0,0.262157,0.00145898,0.547547,0.995771,-0.0131054,-0.0842448,0.0342346,0.0798082,1.22199,-0.352234,-0.525024,-0.133756,-0.532262,0.228261,1.22191,1.12137,-0.570747,-0.203989,0.413496,-0.311811,-0.954505,4.92635,-0.00020878,-3.66398,-0.0139312,8.55072,-0.116085,-0.0599654,-6.67644e-05,
488,0.0045414,0.0283287,-0.656919,0.0397841,0.21659,0,-0.289302,0.00562941,0.52794,0.995673,0.00417363,-0.0918519,0.0134495,0.245903,1.222,-0.541472,-0.525817,0.331,-0.537171,0.226057,1.22191,0.762567,-0.657797,-0.564962,0.904064,-0.356022,-0.887977,1.75098,-0.000227555,-3.17191,-0.0191123,10.029,-0.0772875,-0.0282925,5.78134e-06,
489,0.00506829,0.0284619,-0.632715,0.039971,0.377789,0,-0.585903,0.0191067,0.49495,0.993258,0.0204074,-0.114018,0.00471494,0.211392,1.22198,-0.534538,-0.526417,0.591572,-0.539698,0.224583,1.22199,0.864517,-0.587093,-0.645672,0.0479541,-1.74051,0.624926,-3.10225,-0.000156178,1.29508,-0.000831575,-1.14277,-0.0345357,-0.0449892,0.000947364,
490,0.00513904,0.0282927,-0.338108,0.0397336,0.286827,0,-0.637386,-0.00157448,0.481318,0.991267,0.000123454,-0.130329,0.0201108,-0.0554296,1.22199,-0.407385,-0.524064,0.434055,-0.536487,0.222741,1.22194,2.28345,0.0805064,0.852146,-0.0145842,0.626205,0.458408,-7.51308,0.000835197,3.44861,0.255978,-4.84164,0.297878,-0.0391093,-0.000383665,
491,0.00408923,0.0275179,0.283024,0.0386463,0.0820719,0,-0.319737,-0.00353985,0.528002,0.992919,0.00691423,-0.113066,0.0357867,-0.483515,1.22197,-0.192549,-0.52243,0.0865513,-0.521784,0.221198,1.22192,2.75198,0.122956,0.729585,0.473491,0.518558,0.847432,-9.59871,-0.000532056,5.22394,-0.034824,-9.10932,0.0811096,-0.0191528,-0.000229464,
492,0.00408006,0.0275732,0.558329,0.0387239,-0.21811,0,0.332739,-0.00906958,0.556833,0.993698,-0.0139978,-0.0976911,0.0531491,-0.553487,1.22196,0.0769153,-0.523575,-0.412605,-0.522834,0.22173,1.22192,2.84355,-0.304947,0.32588,-1.13588,0.694281,0.671803,1.4453,1.31168e-06,5.55424,-0.0163861,-10.898,-0.0388814,0.0338832,-0.000282975,
493,0.00367813,0.0277398,0.59864,0.0389577,-0.346233,0,0.535738,-0.0106776,0.558727,0.995403,-0.037869,-0.0811001,0.0340942,-0.380294,1.22197,0.310731,-0.524543,-0.584711,-0.525996,0.225213,1.2219,2.59182,-0.0294822,-0.232327,-0.868556,0.718435,-1.58298,5.44538,-1.34729e-05,3.79941,-0.0206769,1.7771,-0.0933855,0.0978341,5.19796e-05,
494,0.00306642,0.0280627,0.413934,0.0394108,-0.26125,0,0.406,-0.00264924,0.558605,0.995934,-0.0262165,-0.0850183,-0.0141656,-0.00612489,1.22205,0.434224,-0.524966,-0.400759,-0.532122,0.231121,1.2219,2.03484,-0.486517,0.050673,1.13787,-0.0774435,-2.19686,9.49355,-0.00204479,1.17193,0.0244474,5.54801,-0.158317,0.134803,-0.000131868,
495,0.00235464,0.0284831,-0.0880282,0.0400008,-0.091556,0,-0.026684,-0.000458685,0.548911,0.993496,0.00572777,-0.0887231,-0.0711483,0.532723,1.22197,0.444466,-0.523727,-0.0563334,-0.540101,0.238389,1.22191,1.97006,-0.404679,-0.453001,1.07186,-0.000355225,-2.33189,9.91435,-0.000776816,-0.753624,0.0226738,8.20315,-0.160376,0.151455,-0.000146904,
496,0.000656442,0.0287119,-0.173893,0.0403219,0.127192,0,-0.326951,0.00410683,0.538341,0.991322,0.0156552,-0.0797258,-0.103341,0.565497,1.22193,0.389819,-0.523622,0.332953,-0.544443,0.248924,1.22188,0.976823,0.45811,0.398349,-0.306613,-0.16825,-0.945153,-1.56242,-0.00139918,-1.40799,-0.00823581,7.39052,-0.0104966,0.251997,-0.000629537,
497,-0.00175229,0.028692,-0.113383,0.0402939,0.272335,0,-0.605589,0.00791892,0.547112,0.989553,0.00714275,-0.0850789,-0.116167,0.457284,1.22196,0.343411,-0.5239,0.563502,-0.544065,0.260838,1.22191,1.20432,0.360434,-0.0445565,-0.392142,-0.402948,0.298141,-2.75897,0.000730732,-0.464274,-0.00198002,-0.125851,0.0234302,0.21775,0.00053241,
498,-0.00398229,0.0285523,0.067694,0.0400979,0.202206,0,-0.52946,0.00606589,0.533437,0.989974,-0.00513914,-0.0955912,-0.103861,0.301932,1.22198,0.36973,-0.523917,0.447208,-0.541414,0.270802,1.22192,1.40963,0.371386,-0.468435,-0.232545,-0.293086,0.666488,-3.4495,0.000136014,1.49075,0.0129604,-4.48195,0.0836532,0.182624,-0.000269596,
499,-0.00603813,0.0282559,0.317714,0.0396819,0.00539814,0,-0.0993611,0.00190905,0.516748,0.991243,0.00814185,-0.0888696,-0.0973281,0.146613,1.22201,0.475715,-0.52324,0.134199,-0.535789,0.278514,1.22194,1.13125,0.366728,0.267541,-0.275495,-0.0987831,0.227935,-2.75626,0.000738045,2.71045,-0.00603808,-7.93791,0.157727,0.0974341,0.00265745,
500,-0.00767646,0.0277082,0.437774,0.0389134,-0.228773,0,0.465817,-0.00439886,0.547106,0.993772,-0.0108702,-0.0729059,-0.0835727,0.0703283,1.22206,0.539802,-0.523683,-0.264638,-0.525396,0.281922,1.22194,0.827556,-0.0116946,0.643831,-0.245169,0.272205,0.838052,-0.309415,0.000449315,-0.295832,-0.0136987,-8.14614,0.222645,0.0462204,-0.00101807,
501,-0.00821075,0.0275539,0.335653,0.0386969,-0.402005,0,0.725384,-0.00641785,0.566905,0.994945,-0.0175907,-0.0648899,-0.0745926,0.135483,1.22199,0.484668,-0.52435,-0.555459,-0.522469,0.283248,1.22191,0.726263,0.0636324,0.173175,-0.083438,0.227789,-0.493799,2.88972,-0.000420677,-1.88003,-0.0128673,-1.21559,-0.0323559,0.0119703,-0.000328442,
502,-0.0078848,0.0276903,-0.0162197,0.0388882,-0.365001,0,0.672763,-0.00163148,0.567709,0.992561,-0.0126111,-0.0676631,-0.100425,0.337332,1.22198,0.321111,-0.524796,-0.46727,-0.525056,0.28281,1.22191,0.609479,0.0510595,-0.193731,0.259305,-0.268163,-1.47698,5.16773,-0.000258452,-4.64267,-0.00456389,4.39429,-0.0715641,-0.0316543,3.09532e-05,
503,-0.00701702,0.0278747,-0.486549,0.0391471,-0.192967,0,0.378279,0.00302753,0.548889,0.986342,0.00153116,-0.0820566,-0.142804,0.560488,1.22199,0.0289596,-0.524814,-0.130699,-0.528556,0.280077,1.2219,0.104372,0.170544,-0.533744,0.931796,-0.500182,-1.60916,1.00541,0.00179635,-7.04197,-0.00294753,9.02288,-0.0691397,-0.0828389,-0.000280468,
504,-0.00650575,0.0278808,-0.688147,0.0391556,0.0941053,0,-0.289382,0.00947185,0.522793,0.979111,0.00836229,-0.0942704,-0.179958,0.494619,1.22198,-0.349808,-0.524503,0.374657,-0.528672,0.277564,1.22172,-0.241096,1.04702,-0.267855,-0.903867,-0.781327,-1.40383,-3.1185,-0.000348134,-8.09756,0.0213062,11.1159,0.102398,0.0328038,0.0018174,
505,-0.00692128,0.0275571,-0.658866,0.0387013,0.219592,0,-0.52731,0.0164536,0.498489,0.973642,-0.0180784,-0.118041,-0.194321,0.216708,1.22197,-0.5741,-0.523282,0.571982,-0.522528,0.276803,1.22194,0.468575,0.85532,-0.684093,-0.909312,-1.4362,-0.218454,-7.94765,-0.000234992,0.735822,0.000916808,-1.17745,0.0379786,-0.052249,-0.000297453,
506,-0.00601249,0.0275831,-0.207003,0.0387378,0.115257,0,-0.544749,-0.00177138,0.470805,0.970886,-0.0325991,-0.137982,-0.193076,-0.291264,1.22196,-0.501302,-0.523399,0.421479,-0.523022,0.272471,1.22192,1.65576,-0.0293805,0.787451,-0.00690178,0.637659,0.579817,-12.3199,3.11439e-05,1.79345,0.00631656,-4.49088,-0.00696442,-0.130985,0.000857751,
507,-0.00444992,0.0276139,0.199321,0.0387811,-0.0742136,0,-0.305499,-0.00519953,0.531647,0.975809,-0.0432052,-0.114199,-0.181355,-0.60354,1.22197,-0.401514,-0.523441,0.114188,-0.523607,0.2649,1.22193,2.27545,-0.823073,1.10267,-0.891833,0.748746,0.171125,1.43925,0.000187145,2.35044,-0.00411206,-7.94303,-0.0166269,-0.156236,-0.000384654,
508,-0.00265547,0.0276853,0.191504,0.0388812,-0.336156,0,0.304781,-0.00921873,0.574392,0.977774,-0.0660913,-0.0905803,-0.177161,-0.49453,1.22197,-0.300632,-0.523565,-0.32894,-0.524961,0.25652,1.22191,2.12936,-0.971382,0.612931,-1.21464,0.796151,0.453433,2.86155,-7.97685e-05,1.69002,-0.00110724,-9.76644,-0.0353711,-0.178054,-0.00018194,
509,-0.000669596,0.0278433,0.0415948,0.0391029,-0.491473,0,0.59999,-0.0130627,0.590954,0.976258,-0.0888974,-0.0636268,-0.186999,-0.319632,1.22197,-0.278013,-0.523879,-0.584548,-0.527959,0.247943,1.2219,1.97832,-0.57269,0.0367478,-0.871884,1.00972,-1.15076,4.12512,8.2409e-05,-0.755635,-0.0125748,0.968414,-0.0897649,-0.164188,-8.98924e-05,
510,0.00148839,0.0281826,-0.284178,0.0395791,-0.42339,0,0.55948,-0.00184844,0.597136,0.969343,-0.0895138,-0.0605828,-0.220661,-0.111586,1.22205,-0.403807,-0.524838,-0.428549,-0.534399,0.240095,1.22191,1.29885,-0.417781,0.0586994,0.284348,-0.202964,-1.5159,4.2022,-0.00155592,-4.24658,-0.0221824,5.23742,-0.169643,-0.151513,-4.39393e-05,
511,0.0036289,0.0286249,-0.533556,0.0401998,-0.252274,0,0.120184,0.000406276,0.586358,0.957901,-0.0773272,-0.0706455,-0.267312,0.041782,1.22199,-0.553322,-0.525901,-0.0708705,-0.542793,0.233241,1.2219,1.39872,-0.179575,-0.473898,0.536525,-0.120453,-2.75857,1.95885,-0.000594994,0.297862,-0.0221748,9.04717,-0.163424,-0.118065,-2.78065e-05,
512,0.00536831,0.0290242,-0.516237,0.0407601,-0.0123039,0,-0.452989,0.00252515,0.550031,0.939395,-0.0595517,-0.0796672,-0.328092,0.0397448,1.22197,-0.531451,-0.526985,0.392227,-0.55037,0.228021,1.22191,1.29624,-0.0753907,-0.977955,0.551095,0.0840561,-2.39336,-2.00875,-0.000145995,0.260056,-0.0210149,9.47128,-0.139461,-0.0917164,4.96861e-05,
513,0.00688841,0.0293438,-0.354002,0.0412085,0.0886921,0,-0.604251,0.0107683,0.4991,0.930802,-0.0415744,-0.0988575,-0.349437,-0.152779,1.22202,-0.52279,-0.528011,0.558516,-0.556435,0.223201,1.22192,1.22563,-0.333969,-1.15981,1.00036,-0.755701,-0.010542,-5.66412,-0.00105632,0.0987206,-0.0194469,-1.13372,-0.107105,-0.0949513,1.10187e-05,
514,0.00770538,0.0292822,-0.0129748,0.0411221,-0.00801746,0,-0.569598,-0.00437192,0.461397,0.936598,-0.0502168,-0.109156,-0.329162,-0.494077,1.22198,-0.507053,-0.524677,0.399788,-0.555267,0.21856,1.22197,1.95642,-0.736348,0.540727,-0.613441,0.933343,1.61175,-7.96628,0.000135128,0.322869,0.328203,-4.96091,0.276873,-0.10697,-0.000830701,
515,0.00708612,0.0284897,0.0576368,0.0400101,-0.19322,0,-0.142275,-0.00240648,0.50541,0.950877,-0.0523572,-0.0912531,-0.291144,-0.552676,1.22201,-0.494975,-0.52225,0.0603566,-0.540227,0.214701,1.22194,1.76959,-1.14141,0.776322,0.00684937,0.354045,1.82777,0.843071,-0.000733213,0.195747,-0.0392082,-8.69376,0.287838,-0.0485561,-0.000572012,
516,0.00602542,0.0277595,-0.0196013,0.0389853,-0.417067,0,0.466055,-0.00626581,0.53142,0.964863,-0.0553286,-0.0796361,-0.244207,-0.501066,1.22198,-0.52067,-0.524073,-0.389813,-0.526369,0.213604,1.22192,1.6219,-1.17988,0.265782,-0.104611,0.37488,2.12423,1.21832,-0.000315386,-1.21166,-0.0339278,-9.30747,0.267152,0.00453529,-0.000198713,
517,0.00521278,0.0275317,-0.0849001,0.0386657,-0.51224,0,0.67428,-0.00338711,0.53283,0.971571,-0.0488731,-0.0722422,-0.220098,-0.444651,1.22201,-0.529756,-0.526177,-0.586208,-0.522047,0.215681,1.2219,1.42539,-0.679242,-0.0418135,1.03007,-0.172842,0.0409673,1.03444,0.0028257,0.141506,-0.055752,1.45516,-0.0403956,0.0748688,3.43855e-05,
518,0.0044796,0.0276641,-0.115816,0.0388515,-0.40671,0,0.500734,-0.00712209,0.517925,0.970435,-0.0211702,-0.081153,-0.226324,-0.409521,1.22199,-0.525859,-0.52907,-0.392525,-0.52456,0.220525,1.2219,1.4415,-0.386013,-0.481178,1.10528,0.476673,-1.01808,0.379433,-0.00112211,0.0306194,-0.0630586,6.22718,-0.0415829,0.12513,-0.000394776,
519,0.00248173,0.0276757,-0.112534,0.0388678,-0.211331,0,0.0663624,0.00256629,0.516081,0.960419,-0.0231827,-0.0775703,-0.266533,-0.411961,1.22197,-0.524974,-0.531914,-0.00198137,-0.524779,0.230654,1.22192,1.22257,0.541328,-0.103441,-0.581506,-0.315173,-1.88649,-0.472455,-8.51072e-05,0.00706084,-0.0528248,9.4507,-0.021115,0.2306,0.000526652,
520,0.000170914,0.0276866,-0.0687738,0.0388831,0.0565111,0,-0.469284,0.0112171,0.499303,0.946167,-0.0339606,-0.0854886,-0.310334,-0.455534,1.222,-0.524417,-0.534503,0.471098,-0.524986,0.242347,1.22191,0.877168,0.587405,-0.429301,-0.0564687,-0.897897,-1.62402,-1.2628,0.00253578,0.00604645,-0.0553353,9.47152,0.0161125,0.235412,-0.000121872,
521,-0.00204137,0.0275881,0.015151,0.0387449,0.125699,0,-0.585644,0.00895394,0.469545,0.941078,-0.0428318,-0.110881,-0.316612,-0.530474,1.22199,-0.515322,-0.53687,0.573334,-0.523118,0.252585,1.22191,0.993283,-0.171789,-0.526232,0.801992,-0.519439,0.498226,-1.39468,-0.000750214,0.358577,-0.0471646,-2.2319,0.00493332,0.18692,-0.000456087,
522,-0.00347658,0.0275964,0.0479422,0.0387565,0.00354353,0,-0.495758,-0.00122781,0.476728,0.950495,-0.0373436,-0.110316,-0.288089,-0.530865,1.22198,-0.482886,-0.532651,0.368276,-0.523275,0.259861,1.22193,1.67975,-0.886624,0.783712,-0.399298,0.518118,2.09427,0.309729,4.46829e-06,0.89839,0.223293,-5.89295,-0.00427425,0.0999934,7.577e-05,
523,-0.00425456,0.027612,0.0675291,0.0387784,-0.191302,0,-0.0401035,-0.00364262,0.505774,0.96624,-0.0471699,-0.0946272,-0.234949,-0.507046,1.22197,-0.439414,-0.522335,-0.00910247,-0.523571,0.263902,1.22191,1.73263,-1.05976,0.369506,-0.17267,0.435447,2.42152,0.640688,-0.000160833,0.842711,0.0601114,-9.17855,-0.00550338,0.063019,-0.000252824,
524,-0.00468024,0.0276404,0.0304638,0.0388183,-0.415856,0,0.598383,0.00209799,0.515377,0.979351,-0.0456535,-0.0836745,-0.178289,-0.463822,1.22199,-0.433349,-0.523024,-0.464019,-0.52411,0.266289,1.22191,1.25384,-1.13722,0.262739,0.582913,-0.720059,2.00425,1.05146,0.0026796,-0.57835,-0.0264868,-9.01731,-0.00866006,0.0400546,0.000503511,
525,-0.00513684,0.0275963,-0.128152,0.0387563,-0.456072,0,0.693616,-0.00647567,0.522191,0.984533,-0.0392878,-0.0805876,-0.15052,-0.406778,1.22198,-0.535638,-0.524718,-0.562831,-0.523272,0.268192,1.2219,1.11957,-0.638517,-0.0507197,0.602808,0.227474,0.456572,1.23019,0.00116188,-2.77301,-0.0407439,2.29242,-0.00380644,0.0287779,6.43867e-05,
526,-0.00532917,0.0276176,-0.16837,0.0387862,-0.323134,0,0.512647,-0.010738,0.5162,0.983832,-0.0116574,-0.0754616,-0.161998,-0.369367,1.222,-0.539356,-0.527325,-0.325193,-0.523677,0.269345,1.22189,0.942156,-0.190208,-0.083214,0.991743,0.985325,-1.45729,0.268691,0.000800222,0.448854,-0.0621894,7.1348,0.00486827,0.0241893,0.000877748,
527,-0.00556942,0.0276793,-0.138928,0.0388728,-0.0839035,0,0.0449476,0.00734445,0.523429,0.977036,0.00310083,-0.0859714,-0.194934,-0.387136,1.222,-0.526969,-0.530206,0.115981,-0.524847,0.271093,1.22196,0.382735,0.3708,0.0162786,0.445385,-0.780355,-1.42988,-0.967741,-0.000982627,0.0966354,-0.0555263,10.4835,-0.0516961,0.0354287,-0.00119722,
528,-0.00562245,0.0277197,-0.0644248,0.0389295,0.20716,0,-0.539774,0.0152036,0.51227,0.968812,0.0101609,-0.110858,-0.221384,-0.459844,1.22197,-0.524358,-0.532788,0.583343,-0.525614,0.271714,1.22193,0.48584,0.0786374,-0.443622,0.251424,-1.27225,0.180055,-1.94491,-6.13674e-06,0.019128,-0.042691,2.48309,0.0156694,-0.031939,0.00010589,
529,-0.00528191,0.0275623,0.0544446,0.0387086,0.172177,0,-0.519058,0.0108266,0.488313,0.970303,-0.0142978,-0.129629,-0.203727,-0.541067,1.22197,-0.486569,-0.534332,0.515676,-0.522627,0.268621,1.22192,0.904207,-0.0704668,-0.535849,-1.64305,-0.805664,1.45552,-0.0310641,7.82326e-05,1.48136,-0.0165952,-3.43234,0.00273058,-0.0911428,4.04424e-05,
530,-0.00405734,0.0275918,0.125132,0.03875,0.0243402,0,-0.454843,-0.00460724,0.497389,0.975769,-0.0314509,-0.123041,-0.178177,-0.522338,1.22199,-0.396547,-0.527915,0.266127,-0.523187,0.262735,1.22192,2.09038,-0.699567,0.735318,0.345946,0.8284,0.782888,0.589535,-5.26874e-05,2.14363,0.249425,-6.56001,-0.0101971,-0.141043,-0.000167797,
531,-0.00237254,0.0276337,0.18023,0.0388088,-0.194899,0,0.0379048,-0.00827306,0.526264,0.984081,-0.0378233,-0.0992602,-0.142483,-0.471012,1.22197,-0.288792,-0.521784,-0.134322,-0.523982,0.254647,1.22191,2.19116,-0.912473,0.366014,-0.561429,0.87535,1.94963,1.45933,-0.000204579,2.17786,-0.0352188,-9.46151,-0.0242977,-0.177627,-0.000143302,
532,-0.000407938,0.0277528,0.147568,0.0389759,-0.427515,0,0.628447,-0.00432236,0.535888,0.990934,-0.0403484,-0.0756209,-0.103457,-0.36704,1.222,-0.218387,-0.523545,-0.565729,-0.526242,0.245834,1.22191,1.65017,-0.838544,0.265897,0.941486,-0.0382221,0.490699,2.67573,0.00484266,0.685162,-0.0423357,-3.38182,-0.0599497,-0.162022,-7.31863e-05,
533,0.00143659,0.0279448,-0.051798,0.0392454,-0.39401,0,0.615903,-0.00278829,0.540033,0.991051,-0.00924147,-0.0846943,-0.102761,-0.209597,1.222,-0.261442,-0.525893,-0.511977,-0.529886,0.238265,1.2219,1.42009,-0.64001,-0.177301,1.2868,-0.171691,-0.298501,3.61572,-0.0012706,-2.393,-0.0476859,3.57992,-0.087014,-0.1456,1.07174e-05,
534,0.00276409,0.0280866,-0.385118,0.0394444,-0.239491,0,0.425663,-0.000225378,0.536887,0.989094,0.0103618,-0.0748984,-0.126395,-0.0425495,1.22197,-0.448604,-0.528446,-0.228892,-0.532577,0.232849,1.22199,0.834924,0.284171,0.213253,-0.253797,-0.201386,-1.2529,3.06357,0.000134341,-5.08613,-0.0414671,7.7475,-0.0405422,-0.0647626,0.00228009,
535,0.00325584,0.028167,-0.526735,0.0395572,0.00533775,0,-0.166519,0.00689221,0.538468,0.981472,0.00722332,-0.0868566,-0.170634,0.0370073,1.22198,-0.548608,-0.530401,0.227091,-0.534102,0.231087,1.22194,0.833986,0.522659,-0.215442,-0.0737764,-0.614052,-2.24562,0.142183,-0.000134746,0.530142,-0.0394748,10.4662,-0.0214259,-0.0132027,-0.00135563,
536,0.00337313,0.0281424,-0.437297,0.0395227,0.218511,0,-0.605714,0.0125891,0.515187,0.973074,0.00481658,-0.103473,-0.205907,-0.052752,1.22198,-0.521636,-0.532162,0.58269,-0.533636,0.230283,1.22192,1.08312,0.245115,-0.685109,-0.175507,-0.953768,0.0307657,-3.70803,5.88517e-05,0.513522,-0.0278608,-0.0301875,0.0352204,-0.0332907,7.94105e-05,
537,0.00321863,0.0278593,-0.143108,0.0391255,0.150214,0,-0.552572,0.00975967,0.473903,0.974519,-0.0195237,-0.120676,-0.188068,-0.313888,1.22197,-0.457985,-0.533098,0.46675,-0.528264,0.22857,1.22192,1.43567,0.105871,-0.889979,-1.74503,-0.724364,2.03045,-6.71672,-8.28067e-05,2.00968,-0.0024782,-4.41597,0.193198,-0.0421838,0.000119042,
538,0.00287113,0.0274796,0.227242,0.0385925,-0.0275052,0,-0.412838,-0.0100484,0.482961,0.98107,-0.0263116,-0.0985869,-0.164588,-0.583629,1.22198,-0.352349,-0.522075,0.167572,-0.521057,0.226975,1.22192,2.70643,-0.641387,0.442024,0.165824,1.39393,0.525267,-0.0241226,-0.000150572,2.47958,0.253135,-7.71806,-0.0506125,-0.0137272,-6.07517e-05,
539,0.0033239,0.027653,0.2704,0.0388359,-0.27877,0,0.219162,-0.00737849,0.515656,0.98663,-0.0318586,-0.0828075,-0.136709,-0.515106,1.222,-0.23781,-0.52215,-0.281523,-0.524348,0.226227,1.22193,2.28911,-0.811857,0.507459,-0.743396,0.618968,1.67606,2.21668,-0.00114371,2.11564,-0.0532241,-10.2459,-0.0843376,-0.00831044,-0.000480959,
540,0.0035678,0.0279051,0.172612,0.0391897,-0.438942,0,0.613919,-0.00238294,0.539917,0.988868,-0.0401941,-0.0827492,-0.116946,-0.358249,1.22201,-0.183892,-0.525009,-0.570061,-0.529133,0.227219,1.22191,1.78164,-0.52899,0.293982,0.10065,-0.279246,-0.233116,4.0577,-0.000960243,0.0689535,-0.0621249,0.456426,-0.116034,0.0475377,-0.000256972,
541,0.00351061,0.0282271,-0.130122,0.0396416,-0.364228,0,0.507811,-0.00175821,0.541526,0.987243,-0.0366594,-0.0898218,-0.126249,-0.128775,1.22197,-0.259639,-0.528105,-0.436492,-0.535243,0.230337,1.2219,1.66132,-0.40381,-0.232504,0.177097,-0.221919,-0.571194,5.11235,-0.000288127,-3.07342,-0.0613526,4.85121,-0.127428,0.0771327,1.03552e-05,
542,0.00314825,0.028544,-0.516957,0.0400863,-0.179307,0,0.230279,-0.00449004,0.522172,0.984487,-0.0259961,-0.0984926,-0.142861,0.0967113,1.22202,-0.475467,-0.53127,-0.107941,-0.541258,0.234942,1.2219,1.11514,-0.206525,-0.288876,0.468003,0.440029,-1.40836,3.91997,0.000521488,-5.53159,-0.0721981,8.21957,-0.072845,0.12208,-0.000477812,
543,0.00191424,0.0286866,-0.633615,0.0402863,0.0560631,0,-0.299879,0.00450585,0.512838,0.976754,0.000721887,-0.090474,-0.194333,0.194686,1.22202,-0.552747,-0.535172,0.334569,-0.543963,0.242389,1.22191,0.802392,0.11578,-0.116053,0.400303,-0.215331,-2.29754,0.0122804,-0.00098131,0.738116,-0.0722384,9.45614,-0.0410297,0.196786,0.0026051,
544,0.000165186,0.0287503,-0.527643,0.0403757,0.203938,0,-0.576803,0.0177971,0.505972,0.96716,-0.00398478,-0.119542,-0.224267,0.0789257,1.22199,-0.507947,-0.538211,0.581959,-0.545172,0.251727,1.22197,0.86112,0.146221,-0.292132,-0.248307,-1.59024,-0.00811362,-4.60625,-0.000359867,1.05051,-0.0525959,-0.921355,-0.0093986,0.163287,-0.00114096,
545,-0.00180678,0.0284381,-0.178866,0.0399376,0.115496,0,-0.584618,0.00348126,0.494395,0.967419,-0.0356046,-0.143379,-0.205608,-0.242542,1.22198,-0.423353,-0.538773,0.43633,-0.539247,0.258879,1.22193,1.82713,-0.210411,0.612863,-0.556325,0.0114732,1.02989,-8.20683,0.000682086,2.07753,0.170504,-4.66286,0.351095,0.121873,-0.000486497,
546,-0.00455595,0.0274718,0.263223,0.0385816,-0.0795464,0,-0.335895,-0.00662257,0.540097,0.973219,-0.0359075,-0.131724,-0.184943,-0.578774,1.22198,-0.309205,-0.525977,0.110188,-0.52091,0.264182,1.22192,2.57592,-0.838631,1.1653,-0.20798,0.918422,1.03677,-0.475153,-0.000123321,2.53728,0.337788,-8.33298,0.111785,0.0944495,6.73501e-05,
547,-0.00517711,0.0275645,0.306301,0.0387117,-0.340538,0,0.296826,-0.0102339,0.58561,0.980348,-0.043784,-0.107192,-0.159723,-0.516507,1.22197,-0.200048,-0.521701,-0.357407,-0.522669,0.268115,1.22191,2.43062,-1.02527,0.652523,-0.479207,0.891589,1.22677,2.24871,-0.000181129,1.83304,-0.0510823,-10.3551,-0.0707336,0.0620674,-0.000199884,
548,-0.00527256,0.0278293,0.177745,0.0390833,-0.474953,0,0.569702,-0.013008,0.603602,0.983502,-0.0488697,-0.0822037,-0.153549,-0.350439,1.22197,-0.170786,-0.524445,-0.591362,-0.527694,0.270922,1.2219,2.28221,-0.630995,0.0734845,-0.0972574,0.996233,-0.606994,4.37607,1.83555e-05,-0.638981,-0.0589047,1.39333,-0.13456,0.049237,-9.76983e-06,
549,-0.00475507,0.0283015,-0.18108,0.0397459,-0.386434,0,0.408114,-0.0129179,0.594271,0.982332,-0.0445995,-0.0567467,-0.172669,-0.104559,1.22197,-0.287658,-0.527315,-0.420145,-0.536655,0.272476,1.2219,2.16267,-0.505485,-0.44582,0.00577746,1.15645,-0.851378,5.44978,-3.8056e-05,-4.00852,-0.0548513,5.42364,-0.222227,0.0134482,1.90987e-05,
550,-0.00363353,0.0289652,-0.59233,0.0406773,-0.204553,0,0.178068,0.00115797,0.584793,0.9788,-0.0207093,-0.0551944,-0.196149,0.127667,1.22211,-0.55358,-0.530349,-0.0815049,-0.549251,0.272682,1.22191,1.2003,-0.557473,-0.122705,1.3984,-0.222825,-1.26788,3.86293,-0.00248566,-5.30098,-0.0628051,8.10716,-0.281935,-0.0054879,-3.70747e-05,
551,-0.00233272,0.02965,-0.642911,0.0416382,0.0264588,0,-0.389633,0.00535416,0.567334,0.967737,0.0165254,-0.0680921,-0.242024,0.208777,1.222,-0.554342,-0.533479,0.347403,-0.562248,0.272174,1.22191,1.22525,-0.387732,-0.496576,1.26076,-0.306028,-1.99787,-0.598773,-0.0011035,0.949273,-0.0599612,9.02494,-0.243535,-0.0238203,0.00260804,
552,-0.000643671,0.0302522,-0.512487,0.0424831,0.163107,0,-0.597886,0.0191802,0.552473,0.956261,0.0169816,-0.103734,-0.272977,0.0616001,1.22198,-0.504496,-0.535801,0.57766,-0.573676,0.268992,1.22202,1.0571,-0.144761,-0.448458,0.078428,-1.76338,-0.162886,-5.25301,-6.06154e-05,1.04237,-0.0391271,-0.893984,-0.206575,-0.0976271,-0.00243756,
553,0.000833652,0.0304555,-0.13582,0.0427684,0.0698282,0,-0.510318,0.0134314,0.527497,0.957877,-0.0199251,-0.129796,-0.255396,-0.288785,1.22198,-0.42545,-0.536991,0.427352,-0.577536,0.263365,1.22195,1.41349,-0.309482,-0.56843,-2.003,-1.21192,2.05932,-8.73567,9.21245e-05,2.10981,-0.00802982,-5.06308,0.028847,-0.133763,-0.000537294,
554,0.00146419,0.030041,0.273793,0.0421868,-0.109659,0,-0.319701,-0.0124789,0.528697,0.967822,-0.0514659,-0.121757,-0.214117,-0.601768,1.222,-0.320809,-0.530302,0.0988876,-0.569668,0.256556,1.22193,2.54965,-1.26376,0.930117,0.312207,1.6219,1.37351,0.575881,0.000209195,2.00721,0.34022,-7.94713,0.306938,-0.132375,-6.68639e-05,
555,0.00149449,0.0293636,0.255651,0.0412363,-0.348284,0,0.284249,-0.0149945,0.561678,0.97938,-0.0402255,-0.0837886,-0.179379,-0.504409,1.22199,-0.242959,-0.521608,-0.34699,-0.556812,0.250448,1.22192,2.42687,-1.43356,0.384645,0.242013,1.48309,1.58939,2.93239,-0.000224287,1.11398,-0.0337344,-9.87297,0.20962,-0.11239,-3.38954e-05,
556,0.00169942,0.0289604,0.063923,0.0406706,-0.471664,0,0.570531,-0.0144346,0.565994,0.985573,-0.0248319,-0.0477172,-0.160478,-0.314323,1.22198,-0.250312,-0.523814,-0.578561,-0.54916,0.245874,1.22191,2.17067,-1.09577,-0.0600825,0.845936,1.18317,-0.146988,4.64589,0.00290905,-1.38412,-0.0497163,1.02494,0.0973717,-0.068559,0.00018989,
557,0.00199348,0.0288271,-0.314719,0.0404836,-0.38798,0,0.56278,-0.000514143,0.575339,0.983845,0.012036,-0.0523562,-0.170773,-0.0773937,1.22204,-0.403168,-0.526556,-0.424983,-0.54663,0.243227,1.22196,1.25568,-0.75868,0.315793,0.713942,-0.362237,-0.821817,4.85497,-0.00228134,-4.70241,-0.0481894,5.09433,-0.00944957,-0.0499971,0.00649021,
558,0.00241308,0.0288496,-0.580045,0.0405151,-0.206197,0,0.159148,0.00311945,0.584543,0.976326,0.0254648,-0.0655583,-0.204551,0.102316,1.22199,-0.560215,-0.528841,-0.0734356,-0.547057,0.241318,1.22196,1.23859,-0.408615,-0.0477392,0.660369,-0.454136,-2.23417,2.36155,-0.000284905,0.47016,-0.0469443,8.94077,-0.00263077,-0.018901,-0.0018487,
559,0.00242667,0.0288153,-0.567611,0.040467,0.045873,0,-0.382599,0.0126666,0.577441,0.962556,0.0341904,-0.085735,-0.254884,0.111361,1.22198,-0.53263,-0.531015,0.391657,-0.546406,0.240949,1.22197,0.890521,-0.0447062,-0.267437,0.184817,-1.15427,-1.85898,-1.96526,-0.000122736,0.310922,-0.0402905,9.65462,0.0277405,0.00258673,-0.000958852,
560,0.00218261,0.0286034,-0.398368,0.0401697,0.153375,0,-0.597183,0.0104284,0.552963,0.955341,0.027623,-0.115973,-0.270392,-0.0888913,1.22197,-0.510599,-0.532687,0.561714,-0.542385,0.240311,1.22193,1.15506,-0.267077,-0.585772,-0.719701,-0.711021,0.140567,-6.00552,-0.000611892,0.577251,-0.0260267,-1.11678,0.163287,-0.0135563,-0.000701878,
561,0.0014022,0.0280261,-0.000615761,0.0393595,0.0565134,0,-0.502165,0.00810102,0.518674,0.960697,-0.0140201,-0.121065,-0.249415,-0.455091,1.22197,-0.455707,-0.533443,0.400904,-0.531428,0.239152,1.22192,1.52263,-0.405061,-0.844115,-1.92448,-0.58777,1.87569,-8.61959,7.79527e-05,1.61301,-0.00575784,-5.29032,0.265031,-0.031922,-0.000137516,
562,0.000679187,0.0274663,0.19182,0.0385739,-0.135538,0,-0.270281,-0.0165177,0.497667,0.969794,-0.0395684,-0.102549,-0.217757,-0.568659,1.22198,-0.374433,-0.526668,0.061263,-0.520806,0.237859,1.22191,2.52428,-1.33416,0.38736,0.208774,2.07728,1.54031,1.19394,8.40837e-05,1.5089,0.32993,-8.14216,-0.0152468,-0.0335018,8.81413e-06,
563,0.00127125,0.027657,0.150164,0.0388416,-0.371,0,0.445561,-0.00155251,0.520711,0.979862,-0.0210671,-0.0835802,-0.180114,-0.476907,1.22205,-0.325598,-0.521995,-0.385012,-0.524425,0.236565,1.22192,1.7068,-1.48722,0.503436,1.11509,-0.195542,1.50126,2.46958,-0.0012441,0.452442,-0.0408148,-9.69544,-0.118581,-0.0186952,-0.000156476,
564,0.00178508,0.0279051,-0.0415941,0.0391897,-0.468662,0,0.645457,-0.00963775,0.538856,0.986652,-0.0114426,-0.0733215,-0.144948,-0.328947,1.22198,-0.370565,-0.524119,-0.589789,-0.529132,0.236166,1.2219,1.66877,-1.14795,0.104005,0.555298,0.586444,0.6826,3.44513,-0.000592026,-2.20718,-0.046762,1.51601,-0.0946132,0.00698986,-0.000118499,
565,0.00226757,0.02825,-0.362089,0.0396737,-0.347695,0,0.541756,-0.00248085,0.542694,0.988592,-0.00990419,-0.065369,-0.135333,-0.168464,1.22197,-0.547752,-0.52621,-0.398388,-0.535678,0.236777,1.22201,1.22837,-0.535105,0.0997374,-0.487422,-0.0956223,-0.439149,2.98849,0.000245346,-1.8857,-0.0367302,6.11988,-0.164526,0.0233922,-0.000208634,
566,0.00262976,0.0286766,-0.422511,0.0402723,-0.126801,0,0.127961,0.00231465,0.540269,0.984681,-0.0113484,-0.0714857,-0.158634,-0.0882422,1.22202,-0.538987,-0.528389,-0.000830518,-0.543774,0.23871,1.22193,0.913761,-0.398658,-0.228169,0.197307,-0.283312,-1.15306,0.236024,-0.000666154,0.467481,-0.0485027,9.74417,-0.158873,0.0508625,-0.00105085,
567,0.00269882,0.0290433,-0.356028,0.0407869,0.175553,0,-0.452008,0.0114361,0.519861,0.979613,-0.0103794,-0.0818284,-0.18318,-0.154047,1.22198,-0.526376,-0.530682,0.497768,-0.550733,0.241587,1.22197,0.488267,-0.141389,-0.462574,-0.404867,-0.897963,-0.908527,-2.84217,-0.000323374,0.0963648,-0.0401599,10.2004,-0.123707,0.0617619,0.00198497,
568,0.00269552,0.0292515,-0.132138,0.041079,0.228457,0,-0.562532,0.0155987,0.486359,0.979352,-0.030282,-0.109845,-0.166995,-0.358614,1.22198,-0.491529,-0.532202,0.555318,-0.554684,0.243434,1.22195,0.942836,-0.445722,-0.895879,-0.520478,-1.34851,1.27239,-5.30934,-5.69081e-05,1.30954,-0.0261868,-2.22377,-0.0344807,0.032292,-0.000965301,
569,0.00160564,0.0288323,0.158774,0.0404908,0.109674,0,-0.582961,-0.0074548,0.481127,0.982783,-0.0156069,-0.113567,-0.1449,-0.559207,1.22199,-0.399078,-0.5249,0.356272,-0.546729,0.245219,1.22193,2.41652,-1.17595,0.832151,0.1977,1.26608,1.51744,-0.00521272,-2.04415e-05,2.36135,0.33998,-5.58308,0.385959,0.0253074,0.000361049,
570,-0.000277926,0.027885,0.245926,0.0391615,-0.0880945,0,-0.168609,-0.00889467,0.5131,0.991835,-0.0230019,-0.0824814,-0.0944994,-0.515785,1.22198,-0.264714,-0.522325,-0.0205063,-0.528751,0.246344,1.22192,2.56895,-1.35859,0.393994,-0.408793,1.06503,2.38223,1.45236,-0.000152172,3.01428,-0.036213,-9.48244,0.328443,0.023942,-0.000255961,
571,-0.00123207,0.0274859,0.260797,0.0386014,-0.348459,0,0.523699,-0.00393309,0.537767,0.995914,-0.024657,-0.0794013,-0.0352555,-0.400908,1.22201,-0.133945,-0.5241,-0.513606,-0.521178,0.247624,1.22191,2.05296,-1.53946,0.289278,0.125734,-0.0336077,2.37539,3.14518,-0.00138907,2.2276,-0.0305795,-10.237,-0.0504273,0.026289,-0.000248735,
572,-0.00133955,0.0276542,0.112983,0.0388377,-0.359794,0,0.589723,-0.00505448,0.537452,0.996749,-0.0128843,-0.0786739,-0.0116682,-0.199191,1.22197,-0.0857244,-0.525964,-0.556765,-0.524372,0.249643,1.2219,1.87256,-1.12036,-0.269546,0.640443,0.0600911,0.424471,4.89974,-0.000345748,-0.31292,-0.038526,2.71869,-0.0765465,0.0418482,7.77536e-05,
573,-0.00146352,0.0278523,-0.221711,0.0391156,-0.206978,0,0.439997,-0.00817323,0.521018,0.996705,0.00620023,-0.0800307,-0.0116246,0.0600183,1.22198,-0.165436,-0.528073,-0.317947,-0.52813,0.252006,1.22192,1.33758,-0.798882,-0.0672086,-0.030803,0.679541,-1.17186,5.4734,-0.000640151,-2.83842,-0.0505743,6.72987,-0.0307559,0.076169,0.00259877,
574,-0.00206683,0.0279886,-0.557006,0.0393068,0.0255969,0,0.0509863,0.00503906,0.526064,0.995291,0.00313303,-0.0891727,-0.0378669,0.2867,1.22198,-0.341783,-0.530336,0.0902517,-0.530716,0.256233,1.22195,0.632481,-0.560749,-0.0763677,0.160247,-0.524723,-0.984848,3.61313,-0.00084246,-4.20155,-0.0478724,9.5742,-0.0707126,0.07738,-0.00162764,
575,-0.00251329,0.0280889,-0.715496,0.0394476,0.319734,0,-0.529873,0.0093244,0.510388,0.993193,0.0157722,-0.101996,-0.0539958,0.361509,1.22196,-0.536847,-0.532822,0.566428,-0.53262,0.259355,1.22191,0.562667,-0.583624,-0.553022,0.524382,-0.571559,-0.424238,-0.589601,0.000378537,-2.00714,-0.0466566,7.72306,-0.00766362,0.04761,7.56337e-05,
576,-0.00268922,0.028026,-0.617113,0.0393593,0.3218,0,-0.562834,0.00740258,0.481938,0.991946,0.0124283,-0.121109,-0.0349512,0.201646,1.22197,-0.518683,-0.534686,0.549159,-0.531426,0.259685,1.22195,0.988158,-0.141867,-0.358168,-1.31573,-0.354273,1.27837,-5.75985,-0.000211494,1.65358,-0.0277737,-3.1876,0.0528872,-0.0213575,0.000506194,
577,-0.00298735,0.0275543,-0.199017,0.0386974,0.188,0,-0.526754,-0.00111426,0.499805,0.992029,-0.00302341,-0.125957,0.00208165,-0.189447,1.22192,-0.391156,-0.532804,0.299462,-0.522476,0.257035,1.22193,2.38934,-0.0225019,1.40031,0.363465,0.435446,1.18222,-9.86013,0.00177112,3.23895,0.184577,-6.59515,0.154982,-0.0772149,-8.29283e-05,
578,-0.00211078,0.0275656,0.373438,0.0387132,-0.047149,0,-0.0409521,-0.00159468,0.558769,0.992292,0.000761978,-0.11962,0.0323604,-0.591419,1.22196,-0.199007,-0.52346,-0.117838,-0.52269,0.252735,1.22192,2.60675,-0.371425,0.955666,-0.0312284,0.0767768,0.629701,-0.520073,0.000432855,4.44921,0.162821,-10.0571,-0.037154,-0.0775193,-9.97142e-05,
579,-0.00123162,0.027651,0.476255,0.038833,-0.344803,0,0.560328,-0.00642208,0.593221,0.992408,-0.00345349,-0.116353,0.0396951,-0.508319,1.22197,0.00981001,-0.522912,-0.588448,-0.52431,0.249073,1.22191,2.34635,-0.30475,0.400886,0.0980407,0.195318,-0.838846,3.07255,0.000285071,3.9401,-0.0293448,-3.52021,-0.0280638,-0.0603926,-0.000586066,
580,-0.000479469,0.0277864,0.390233,0.0390232,-0.328698,0,0.507982,-0.00604779,0.599964,0.993805,0.0063368,-0.110952,0.000789758,-0.271068,1.22197,0.141007,-0.524433,-0.52256,-0.52688,0.246489,1.2219,2.23961,-0.207582,-0.118259,0.193625,0.215524,-1.92753,6.38663,-8.74144e-05,1.31391,-0.0293291,3.66604,-0.074331,-0.0483777,9.95279e-05,
581,0.00039606,0.0280327,0.0341431,0.0393688,-0.196695,0,0.197163,-0.00388575,0.581492,0.992963,0.016561,-0.105027,-0.0521491,0.111887,1.22196,0.146043,-0.525825,-0.251514,-0.531554,0.24426,1.2219,2.18095,-0.196595,-0.621986,0.16038,0.222707,-2.37518,8.91023,-0.000119884,-1.0929,-0.0259718,7.14791,-0.11115,-0.0409664,8.49058e-07,
582,0.00104206,0.0282632,-0.458209,0.0396923,-0.0167099,0,-0.254999,-0.00530333,0.544235,0.989407,0.0183741,-0.0764619,-0.122022,0.552803,1.22196,0.0577612,-0.527321,0.130449,-0.535929,0.243044,1.22192,1.86933,0.225306,-0.693584,-0.783575,0.777676,-2.62369,7.1525,0.000426967,-2.44498,-0.0224527,8.14602,-0.0820107,-0.000431985,0.0033183,
583,0.00195076,0.0285034,-0.546353,0.0400293,0.187126,0,-0.461475,0.0138076,0.541409,0.983404,0.0166432,-0.09608,-0.152995,0.545995,1.22195,-0.0671736,-0.528823,0.48074,-0.540487,0.240595,1.22188,0.743279,0.448801,-0.0826464,0.34735,-1.20446,-0.650727,-2.70749,0.000649367,-2.52103,-0.0338085,5.89287,-0.103661,-0.070585,0.000255921,
584,0.00293995,0.0286181,-0.439141,0.0401902,0.235981,0,-0.55867,0.0105089,0.526368,0.980618,0.0158361,-0.127615,-0.147822,0.313694,1.22197,-0.157472,-0.530316,0.545399,-0.542663,0.236639,1.22191,0.983426,0.393369,-0.423362,-0.650324,-0.737155,0.834637,-6.55167,-0.000412818,-1.10013,-0.025042,-1.61686,0.0544987,-0.0769743,0.000256268,
585,0.0030526,0.0282391,-0.0860863,0.0396585,0.139823,0,-0.528955,-0.00544271,0.509073,0.984702,-0.0111762,-0.128223,-0.117457,-0.0862961,1.22197,-0.172596,-0.529425,0.369204,-0.535472,0.232742,1.22191,1.87784,0.298101,0.146026,-0.207573,1.03344,1.39851,-9.41458,0.000371971,0.345995,0.123425,-5.28278,0.262186,-0.0804443,-4.45877e-05,
586,0.00263416,0.0275668,0.401829,0.038715,-0.0512083,0,-0.216386,-0.0111795,0.518963,0.992028,-0.0134815,-0.0968776,-0.0794554,-0.561193,1.22197,-0.135365,-0.522495,0.0199571,-0.522714,0.228932,1.22192,2.51639,0.0683207,0.202235,-0.235036,1.38436,1.75891,-7.82283,-0.000176456,1.16058,0.0446144,-8.66316,0.119173,-0.0681208,0.000115342,
587,0.00299987,0.0275832,0.435365,0.0387379,-0.315894,0,0.49942,0.00112087,0.526558,0.995349,-0.0225882,-0.0767182,-0.0537128,-0.55396,1.22205,-0.0874625,-0.523236,-0.441362,-0.523024,0.22724,1.22192,1.74055,-0.540401,0.395564,0.308226,-0.578153,0.821179,2.67193,0.00250691,0.743594,-0.0285292,-9.78692,-0.0423115,-0.0121219,7.74194e-07,
588,0.00295265,0.0276616,0.232871,0.038848,-0.399865,0,0.642921,-0.00614649,0.532552,0.993992,-0.00902694,-0.089256,-0.0626976,-0.3435,1.222,-0.106277,-0.524936,-0.564748,-0.524512,0.228166,1.2219,1.53856,-0.19813,-0.067821,0.233063,0.185383,-1.1616,5.71733,-0.0017844,-1.49803,-0.0389689,1.84719,0.0138002,0.0457414,-0.000263682,
589,0.00219553,0.0276184,-0.224866,0.0387874,-0.303013,0,0.53919,0.00301802,0.524049,0.991529,-0.000734739,-0.075517,-0.105672,-0.0220488,1.22199,-0.250824,-0.527023,-0.359496,-0.523693,0.231587,1.22193,0.994053,0.0141503,0.0736094,0.24043,-0.727818,-2.21019,7.10765,0.00317081,-4.26756,-0.0356174,6.35934,0.00589851,0.0974463,0.00317297,
590,0.000943873,0.0276062,-0.662355,0.0387703,-0.106218,0,0.0987383,0.0055307,0.525688,0.981779,0.00180353,-0.0860786,-0.169403,0.283498,1.22199,-0.5135,-0.52869,0.0468236,-0.523461,0.237761,1.22192,0.708344,0.63629,-0.0621439,-0.135532,-0.628153,-2.54439,5.12639,-0.000245734,-6.23074,-0.0265767,9.86312,-0.00141792,0.171023,-0.00113404,
591,-0.000883754,0.0276097,-0.746065,0.0387751,0.161511,0,-0.545975,0.0173815,0.511187,0.963248,0.00463423,-0.107832,-0.245976,0.413401,1.22198,-0.55062,-0.529911,0.54673,-0.523526,0.246964,1.2219,0.878087,0.728969,-0.485073,0.0473579,-1.57473,-2.59801,0.0912416,8.45948e-05,0.783335,-0.0196942,8.31838,-0.000815199,0.194375,0.000731756,
592,-0.00239406,0.0276048,-0.6447,0.0387682,0.150081,0,-0.593551,0.013994,0.485328,0.955221,-0.0280247,-0.13615,-0.261209,0.280481,1.22196,-0.485693,-0.529987,0.547372,-0.523433,0.254501,1.22192,1.21901,0.38371,-0.627023,-1.79361,-1.16057,0.640512,-5.35378,-1.4031e-05,1.82576,0.00943688,-2.96888,-0.000152584,0.125441,-0.000291467,
593,-0.00341619,0.0275995,-0.280107,0.0387608,-0.00686521,0,-0.52311,-0.00532528,0.497063,0.959088,-0.0416711,-0.126269,-0.249939,-0.0974868,1.22198,-0.385285,-0.522827,0.306489,-0.523334,0.259585,1.22192,2.29042,-0.525959,0.784695,0.199997,0.956396,0.639807,-9.73502,-0.000246584,2.25596,0.198398,-6.68194,-0.00195255,0.0766236,-5.05249e-05,
594,-0.00386191,0.0276262,0.304938,0.0387983,-0.239121,0,-0.0266583,-0.0082893,0.528838,0.969638,-0.0459317,-0.102223,-0.217355,-0.592567,1.22195,-0.277611,-0.52256,-0.112674,-0.52384,0.262056,1.22192,2.41858,-0.924017,0.493322,-0.690025,0.89898,1.44446,-3.98865,3.87795e-05,2.07051,-0.0315162,-10.0533,-0.0207368,0.0419127,-8.43442e-05,
595,-0.00408953,0.0277393,0.31334,0.038957,-0.496205,0,0.572751,-0.0142378,0.542398,0.975869,-0.0571891,-0.0716909,-0.198166,-0.543859,1.22196,-0.219614,-0.523822,-0.581036,-0.525986,0.264193,1.22191,2.17114,-0.842409,-0.016277,-0.447164,1.15666,-0.147211,2.63563,0.000296143,0.291064,-0.029911,-3.58926,-0.0644473,0.0455629,-0.000542559,
596,-0.00402728,0.0280174,0.0648414,0.0393472,-0.474914,0,0.621294,-0.000656786,0.548971,0.97177,-0.0445963,-0.0741108,-0.219502,-0.359222,1.22205,-0.294289,-0.52578,-0.520786,-0.531263,0.266325,1.22191,1.43443,-0.610485,0.061343,0.771315,-0.440631,-1.1805,4.74429,-0.0016998,-3.26168,-0.0413547,3.58825,-0.151483,0.0326798,-7.7878e-06,
597,-0.00353407,0.0284086,-0.399609,0.0398963,-0.33227,0,0.33968,0.000472277,0.538338,0.963982,-0.0253204,-0.0885425,-0.249514,-0.116009,1.22198,-0.539193,-0.52774,-0.232956,-0.538688,0.267289,1.2219,1.34815,-0.337596,-0.480701,0.800049,-0.290593,-1.69005,4.98636,-0.000456631,-5.25815,-0.0357845,7.89782,-0.142877,0.00926296,-2.7662e-05,
598,-0.0034988,0.0286406,-0.540949,0.0402219,-0.12241,0,-0.268888,0.0104114,0.517538,0.94369,-0.00889155,-0.0860419,-0.319323,0.0551973,1.22198,-0.550299,-0.529631,0.212405,-0.543091,0.269152,1.22195,1.44003,0.439058,-0.23328,-0.275481,-1.05826,-2.84189,1.86475,0.000460506,0.792746,-0.0293629,9.90583,-0.0578167,0.078352,0.00246472,
599,-0.00391704,0.0286875,-0.51912,0.0402877,0.0807924,0,-0.650063,0.0183843,0.496084,0.922212,-0.0256902,-0.115836,-0.368032,0.0468409,1.22198,-0.528294,-0.530829,0.567726,-0.543981,0.271663,1.22195,1.50246,0.252186,-0.650576,-0.499761,-1.67616,-0.670089,-2.17212,7.15705e-06,0.172124,-0.0170467,0.628545,0.0196935,0.00858215,-0.000694866,
600,-0.00452553,0.02824,-0.340197,0.0396597,0.0139493,0,-0.585036,-0.00264238,0.471881,0.921862,-0.0560929,-0.122653,-0.363291,-0.154361,1.22198,-0.508676,-0.529988,0.470768,-0.535488,0.270783,1.22192,1.62022,-0.633515,0.151035,-0.0253599,0.793246,0.972907,-5.8385,0.000317484,0.501138,0.104576,-4.15351,0.336007,-0.0458696,-0.000290686,
601,-0.00508697,0.0274887,0.0136764,0.0386053,-0.158235,0,-0.331341,-0.00819855,0.487213,0.937933,-0.0487302,-0.0976644,-0.329194,-0.501417,1.22198,-0.48774,-0.522623,0.167079,-0.52123,0.266996,1.22192,2.0324,-1.13804,0.343208,0.0748008,1.16766,2.10476,-8.02759,-0.000201338,0.368199,0.0768796,-7.98714,0.0217445,-0.104319,-3.68636e-05,
602,-0.00385296,0.0275883,0.0566656,0.0387452,-0.384812,0,0.386706,-0.00189994,0.50351,0.953285,-0.0528487,-0.0825111,-0.28574,-0.554954,1.22201,-0.498227,-0.523021,-0.281615,-0.523122,0.261679,1.22192,1.40181,-1.4176,0.38366,-0.50522,-0.049745,2.32546,0.96898,0.000198543,-0.799348,-0.0232801,-9.93332,-0.0515593,-0.122518,-9.37341e-05,
603,-0.00246543,0.0276708,-0.0372598,0.0388609,-0.527949,0,0.687879,-0.0065106,0.521784,0.964915,-0.0614436,-0.0775224,-0.243215,-0.497848,1.22199,-0.535125,-0.523853,-0.590164,-0.524686,0.25544,1.2219,1.33819,-1.01874,0.177363,0.357427,0.204404,0.498219,1.32923,-0.000629977,0.177238,-0.0166474,0.477087,-0.0267121,-0.119907,-0.000303542,
604,-0.00104355,0.0277942,-0.0873658,0.039034,-0.442318,0,0.588043,-0.00297498,0.521707,0.96639,-0.0451098,-0.0806137,-0.239911,-0.439699,1.222,-0.527289,-0.524985,-0.439917,-0.527028,0.249388,1.2219,1.17687,-0.755001,-0.187905,0.943374,-0.076848,-0.313683,0.999775,-0.000493975,0.0804231,-0.0280323,5.45511,-0.0655386,-0.121826,3.51417e-05,
605,0.000255244,0.0279181,-0.118174,0.0392079,-0.245057,0,0.258557,-0.00162619,0.508903,0.962292,-0.0199485,-0.0780658,-0.25981,-0.406525,1.22203,-0.525254,-0.526704,-0.0681506,-0.529379,0.243959,1.22191,0.652219,-0.0712442,0.117241,0.706451,0.13031,-1.42788,0.334228,0.00296687,0.0142866,-0.0438564,9.36033,-0.00706179,-0.077019,0.00236382,
606,0.00081165,0.0279241,-0.112176,0.0392164,0.0474711,0,-0.37191,0.0108704,0.512298,0.952072,-0.0110544,-0.0955636,-0.290353,-0.411884,1.222,-0.524534,-0.528655,0.435357,-0.529494,0.241219,1.22195,0.375678,0.205087,-0.133907,0.341804,-0.891328,-1.27705,-0.539693,-0.0011014,0.00775432,-0.0362686,10.7679,0.00163699,-0.0413032,-0.000807373,
607,0.00126654,0.0278126,-0.0575094,0.0390598,0.149955,0,-0.547669,0.0148941,0.495128,0.949891,-0.0155964,-0.125791,-0.285727,-0.459531,1.22198,-0.517104,-0.530015,0.573342,-0.527377,0.237956,1.22193,0.675086,-0.233449,-0.525945,-0.0211244,-1.24447,0.944954,-1.35219,-0.000329018,0.301762,-0.0211661,-1.78997,0.0858622,-0.0759875,-0.000431738,
608,0.00164676,0.0275513,0.0517834,0.0386932,0.0485092,0,-0.50686,-0.000173552,0.483601,0.957558,-0.0438917,-0.131987,-0.252458,-0.531695,1.22198,-0.479866,-0.527811,0.392689,-0.522418,0.23375,1.22192,1.59868,-0.600439,0.428619,-0.0820263,0.413869,1.18044,-0.629819,0.000520879,1.03458,0.206536,-5.30436,0.00110451,-0.0861276,-0.000347478,
609,0.0026052,0.0275962,0.0991033,0.0387561,-0.142751,0,-0.172241,-0.00775436,0.514668,0.969088,-0.0404795,-0.110329,-0.216928,-0.526162,1.22198,-0.426732,-0.521705,0.0483211,-0.52327,0.229335,1.22191,1.99146,-0.979887,0.545637,0.114568,0.994686,1.88387,0.374637,-0.000259121,1.16119,-0.0367874,-8.52166,-0.0167871,-0.0877685,-7.84949e-05,
610,0.00355057,0.0277035,0.0934031,0.0389068,-0.371213,0,0.432227,-0.0108497,0.528493,0.981184,-0.0391304,-0.0854511,-0.168656,-0.489808,1.22197,-0.396132,-0.523608,-0.398883,-0.525307,0.225534,1.22191,1.86767,-1.0482,0.0107354,0.0109878,0.925269,2.12308,1.07392,-0.000101509,0.0718939,-0.0353763,-9.35915,-0.0635115,-0.0640864,-7.01303e-05,
611,0.00431878,0.0279487,-0.0375986,0.0392509,-0.447958,0,0.680848,-0.00135078,0.527148,0.986556,-0.0235194,-0.0812846,-0.139812,-0.42088,1.22204,-0.458497,-0.525897,-0.560666,-0.52996,0.223833,1.2219,1.21754,-0.698688,-0.0721544,1.23488,-0.395817,0.45844,1.67726,-0.000860439,-2.55483,-0.0537365,1.18365,-0.12495,-0.00958854,1.24184e-05,
612,0.00433367,0.028163,-0.205186,0.0395516,-0.353498,0,0.559778,-0.000843681,0.52849,0.984854,-0.000285536,-0.0732985,-0.157133,-0.34534,1.22199,-0.55348,-0.528945,-0.38242,-0.534027,0.225643,1.22198,1.00316,0.258797,0.312177,-0.0448177,-0.279457,-1.69852,1.34479,-0.000173361,0.458738,-0.0559185,5.96176,-0.0631746,0.0902056,0.00309027,
613,0.0034786,0.0283218,-0.210673,0.0397745,-0.155671,0,0.125413,0.00378392,0.534532,0.97532,-0.000133091,-0.0844641,-0.204003,-0.317168,1.22198,-0.531043,-0.531726,0.0102512,-0.537041,0.231331,1.22194,0.845396,0.519681,-0.135954,0.0186761,-0.451542,-2.12239,-0.204513,-0.000211871,0.239034,-0.0562579,9.71367,-0.0564427,0.132518,-0.00143633,
614,0.00217215,0.0284108,-0.158055,0.0398994,0.127791,0,-0.480737,0.0135915,0.516328,0.962489,0.000475012,-0.099605,-0.252375,-0.365698,1.22198,-0.525089,-0.534397,0.506757,-0.538729,0.23867,1.22193,0.674073,0.655165,-0.52957,-0.128804,-1.15206,-1.78801,-1.72551,8.20308e-05,0.0421689,-0.0487831,10.1407,-0.0118804,0.167671,0.000666684,
615,0.000612697,0.0282973,-0.0219473,0.03974,0.158775,0,-0.572565,0.0169852,0.484536,0.956274,-0.0247524,-0.134539,-0.25851,-0.479641,1.22198,-0.501592,-0.536138,0.556413,-0.536574,0.245498,1.22194,1.01046,0.265969,-0.748455,-1.44722,-1.51666,0.792462,-2.81392,-0.000238632,0.901756,-0.0211551,-2.42325,0.129804,0.12594,-0.000529864,
616,-0.00195597,0.0274697,0.103639,0.0385787,0.0279885,0,-0.534447,-0.00437102,0.491875,0.960519,-0.042803,-0.133663,-0.240218,-0.54591,1.22199,-0.441897,-0.527848,0.347532,-0.520871,0.251115,1.22192,2.06083,-0.673241,0.871947,-0.0163475,0.880976,1.00634,0.460192,0.000109542,1.50365,0.311352,-5.91927,0.159916,0.0994053,0.000173891,
617,-0.00268114,0.0275492,0.139474,0.0386903,-0.191048,0,-0.070174,-0.00690158,0.52465,0.970019,-0.0388636,-0.112242,-0.212027,-0.504619,1.22197,-0.36423,-0.522061,-0.0383296,-0.522379,0.255453,1.22191,2.06602,-0.862961,0.410917,0.110836,0.803957,1.44635,1.18536,-0.000245828,1.60804,-0.034418,-9.48846,-0.0717558,0.0744813,-0.000126518,
618,-0.00290876,0.0277514,0.0998751,0.038974,-0.435083,0,0.532986,-0.0128418,0.5365,0.981468,-0.0527438,-0.0824759,-0.164728,-0.421515,1.22196,-0.321306,-0.523685,-0.511993,-0.526216,0.258373,1.22191,1.97694,-0.949775,-0.00747924,-0.735712,1.05531,2.15382,2.13499,-5.35336e-05,0.135548,-0.0301899,-9.49626,-0.0916753,0.0481573,-0.000133098,
619,-0.00292276,0.0280799,-0.0909347,0.039435,-0.448189,0,0.666367,-0.000576342,0.541258,0.984215,-0.0467507,-0.0846449,-0.148226,-0.300142,1.22204,-0.391328,-0.52593,-0.552054,-0.532449,0.261331,1.22191,1.28373,-0.573835,-0.0227152,0.660134,-0.481717,0.192374,2.72579,-0.00163069,-2.94175,-0.0493755,2.63079,-0.165126,0.0544284,-3.691e-05,
620,-0.00271278,0.0284814,-0.354206,0.0399984,-0.303537,0,0.421306,-0.0107294,0.528239,0.983497,-0.03004,-0.0917455,-0.153017,-0.183603,1.22198,-0.553848,-0.528525,-0.303038,-0.540069,0.263807,1.2219,1.34893,-0.162866,-0.346435,0.526456,1.00643,-1.74768,1.95769,-0.000690482,-0.300502,-0.0610013,7.26369,-0.103883,0.0629158,-0.00048278,
621,-0.00289742,0.0287856,-0.364306,0.0404253,-0.0790578,0,0.00458756,-0.000398266,0.518255,0.976736,-0.00338952,-0.0834799,-0.1975,-0.152319,1.22207,-0.534161,-0.531948,0.127091,-0.545843,0.267409,1.22186,0.604606,0.718997,0.612353,-0.350222,0.175695,-2.06648,-0.690709,-0.00143232,0.337477,-0.0706188,9.76689,-0.0225888,0.200847,-0.0119712,
622,-0.00469782,0.0288239,-0.266042,0.0404791,0.190517,0,-0.556309,0.00597597,0.537131,0.967705,-0.00818722,-0.0807477,-0.238662,-0.252825,1.22199,-0.525425,-0.535301,0.578751,-0.546569,0.276781,1.22185,0.708088,0.532631,0.153051,-0.450979,-0.150569,-0.499767,-3.31608,-0.000651915,0.063649,-0.0591694,3.43667,-0.0105103,0.150725,0.00270421,
623,-0.00587716,0.0287937,-0.0249657,0.0404366,0.152392,0,-0.536388,0.00772218,0.533694,0.96836,-0.0228712,-0.0857508,-0.233246,-0.463609,1.22198,-0.488579,-0.537989,0.520211,-0.545995,0.282434,1.22191,0.996407,0.355614,-0.299112,-0.516034,-0.422226,0.624099,-5.09601,-9.88401e-05,1.40752,-0.0503684,-3.48355,0.0344162,0.0840305,0.000334827,
624,-0.00680779,0.0286269,0.158381,0.0402026,-0.0184136,0,-0.251227,0.00591071,0.507659,0.969726,-0.0441041,-0.0938182,-0.221099,-0.551812,1.22198,-0.392086,-0.540154,0.253078,-0.542831,0.285639,1.22192,1.10608,-0.0110845,-0.666222,-0.542225,-0.468277,0.372913,0.673758,0.000167733,2.42038,-0.0327391,-7.16856,0.0969661,0.044905,-0.00016499,
625,-0.00786299,0.0281264,0.19872,0.0395003,-0.247967,0,0.179152,-0.0054595,0.50588,0.972972,-0.028968,-0.0831534,-0.213475,-0.489967,1.22202,-0.288567,-0.538345,-0.132719,-0.533333,0.286535,1.22193,1.5035,-0.963455,0.542534,0.679603,0.533569,0.688106,1.76915,0.00158801,1.77476,0.0958979,-8.25632,0.280711,-0.012922,0.000182657,
626,-0.00856813,0.0275108,0.120114,0.0386363,-0.451516,0,0.65088,-0.00426015,0.522577,0.97695,-0.0118929,-0.0777768,-0.198441,-0.367524,1.22199,-0.246827,-0.533618,-0.502976,-0.521649,0.284662,1.22194,1.10213,-0.742223,0.28837,0.0362462,0.0169376,0.368887,3.12328,-0.000855475,-0.0900769,0.0982,-6.56358,0.0491296,-0.0646843,0.0039601,
627,-0.00758093,0.0275946,-0.137797,0.0387539,-0.472801,0,0.696023,-0.0026168,0.526381,0.974544,-0.00839188,-0.0783571,-0.20989,-0.192914,1.22197,-0.331593,-0.529052,-0.527573,-0.52324,0.280444,1.22196,0.851877,-0.198668,-0.0306668,-0.214635,-0.208216,-0.842108,3.85041,-0.000156437,-3.29172,0.091265,2.58556,-0.058692,-0.110617,0.000459686,
628,-0.00629197,0.0277062,-0.484328,0.0389106,-0.349852,0,0.498709,0.00388084,0.522576,0.967664,-0.0130629,-0.0796,-0.238999,-0.0303261,1.22199,-0.55895,-0.524722,-0.276976,-0.525358,0.274956,1.22193,0.667299,0.386636,-0.00692864,0.0875664,-0.750597,-1.84068,2.67707,0.00319674,-2.1993,0.0802682,7.43485,-0.0304854,-0.0997503,-0.000630835,
629,-0.00561777,0.0276408,-0.50478,0.0388188,-0.130554,0,-0.0844131,0.00675695,0.518877,0.949768,-0.010955,-0.0896275,-0.299646,0.0122105,1.22199,-0.543489,-0.523223,0.174422,-0.524117,0.270997,1.22189,0.766704,0.865103,-0.206688,-0.025705,-0.650212,-2.49984,-0.957019,-0.000601627,0.620252,-0.00753709,10.6051,0.0643304,-0.0626086,-0.000273822,
630,-0.00480852,0.0275899,-0.379898,0.0387473,0.109851,0,-0.57645,0.0165853,0.496939,0.93347,-0.0175409,-0.112561,-0.340084,-0.127121,1.22197,-0.527062,-0.523518,0.576913,-0.52315,0.266488,1.2219,0.895816,0.579404,-0.631968,-0.307046,-1.44735,-0.187511,-4.59461,-6.71996e-05,0.123212,-0.00264406,0.729625,-0.0105805,-0.138789,0.000736315,
631,-0.00313585,0.0275999,-0.0827786,0.0387614,0.054286,0,-0.549478,0.00237036,0.466379,0.935086,-0.0515463,-0.127353,-0.326707,-0.420975,1.22197,-0.503944,-0.523518,0.48638,-0.523341,0.258181,1.22192,1.29878,-0.168749,0.0274642,-0.367445,0.1971,0.961884,-7.12738,0.000484959,0.646379,0.00422188,-3.7518,0.00195641,-0.190081,-0.00027904,
632,-0.00113321,0.0276056,0.0860947,0.0387694,-0.112064,0,-0.316834,-0.0072766,0.487419,0.944949,-0.0474198,-0.107014,-0.305566,-0.555751,1.22197,-0.469443,-0.523467,0.211583,-0.52345,0.248181,1.22191,1.67309,-0.927245,0.472968,0.0728601,1.09964,1.1541,0.693435,-1.80308e-05,0.805576,-0.000380009,-7.28088,-0.00216406,-0.210844,7.93364e-05,
633,0.00110671,0.0276638,0.0543423,0.0388511,-0.328148,0,0.313536,-0.00061216,0.505622,0.958353,-0.0432306,-0.0810099,-0.270422,-0.506538,1.22199,-0.452142,-0.523556,-0.199375,-0.524554,0.23745,1.22191,1.27476,-1.06652,0.408933,0.270692,-0.124667,1.52219,1.24463,0.00315485,-0.0751091,-0.00287368,-9.17826,-0.0347406,-0.209402,0.000424741,
634,0.00316059,0.0276979,-0.079136,0.0388989,-0.507283,0,0.715982,-0.00227292,0.522853,0.969464,-0.0520078,-0.0784934,-0.226435,-0.436526,1.222,-0.515828,-0.523602,-0.570734,-0.525201,0.227442,1.22191,0.95434,-0.862667,0.262193,-0.0480094,-0.293344,1.24802,1.55688,0.00127714,-2.42504,-0.00867315,-2.40243,-0.000719266,-0.180753,-0.000341282,
635,0.00471685,0.0277178,-0.158567,0.0389269,-0.459814,0,0.642808,-0.00462917,0.522852,0.970428,-0.0489274,-0.0869528,-0.219806,-0.374436,1.22199,-0.534352,-0.524351,-0.493771,-0.525578,0.219806,1.2219,1.10832,-0.532231,-0.211084,0.305216,0.0711798,-0.511115,0.927673,-0.000739123,0.263286,-0.0214882,4.21966,-0.00128594,-0.126154,-0.000329675,
636,0.00561626,0.0276861,-0.167373,0.0388824,-0.293953,0,0.388798,-0.00293809,0.513232,0.965797,-0.0258641,-0.0831974,-0.244222,-0.357612,1.22204,-0.526576,-0.526166,-0.172625,-0.524977,0.215013,1.2219,0.630486,-0.156872,-0.259987,1.27608,0.185942,-1.30284,-0.24801,-0.000921561,0.0639978,-0.0457893,8.62072,0.00631596,-0.0719075,7.94229e-05,
637,0.00473661,0.027573,-0.123753,0.0387236,-0.0273994,0,-0.255511,0.00244082,0.51897,0.956418,-0.0211877,-0.0801153,-0.279995,-0.400418,1.22198,-0.524808,-0.528212,0.311856,-0.522831,0.218434,1.22191,0.697656,0.658479,0.130261,-0.472959,0.0139764,-1.53944,-1.45289,-0.000680746,0.0136911,-0.037723,10.8154,-0.00783845,0.148002,0.00661818,
638,0.00335684,0.0276027,-0.0295508,0.0387653,0.160576,0,-0.599119,0.0079216,0.514131,0.951682,-0.0353161,-0.0794792,-0.294511,-0.494426,1.22197,-0.523985,-0.529744,0.596778,-0.523394,0.22562,1.22195,0.935604,0.19818,-0.310425,-0.734549,-0.369998,0.690663,-2.3049,-7.09805e-06,0.00856461,-0.0227767,-1.2078,-0.00676687,0.132375,-0.000798751,
639,0.00198112,0.0276094,0.0407624,0.0387747,0.0545902,0,-0.414722,0.0109768,0.49459,0.954953,-0.054073,-0.0942839,-0.276136,-0.535779,1.22201,-0.494995,-0.53072,0.429236,-0.523521,0.232583,1.22192,0.817458,-0.21077,-0.246261,0.65132,-0.910427,0.519711,0.282394,-0.000138707,1.09755,-0.00904223,-5.45287,-0.000144582,0.15021,-0.000553609,
640,0.00052346,0.0276038,0.0764004,0.0387669,-0.143185,0,-0.180576,-0.00736239,0.493273,0.960825,-0.0378634,-0.107141,-0.25279,-0.514544,1.22198,-0.437994,-0.528613,0.0938713,-0.523416,0.23985,1.22192,1.74065,-1.17389,0.768874,-0.26176,0.992397,2.56764,0.553444,-0.000594168,1.01562,0.177353,-7.68827,0.00423895,0.116364,0.000691303,
641,-0.000513399,0.0276437,0.0589147,0.0388229,-0.330894,0,0.414683,-0.00260531,0.52286,0.978517,-0.0549301,-0.0777313,-0.18288,-0.473898,1.22198,-0.414915,-0.522208,-0.31299,-0.524172,0.245404,1.22192,1.44321,-1.29457,0.604869,-0.567353,0.00496497,2.88895,1.04212,0.00251863,-0.0711724,-0.00679645,-8.59594,-0.0299024,0.115498,0.000189785,
642,-0.00161116,0.0277238,-0.0633005,0.0389353,-0.452894,0,0.692703,-0.00271364,0.549646,0.986013,-0.0544222,-0.0827806,-0.134032,-0.414024,1.22199,-0.477409,-0.523497,-0.575001,-0.525693,0.251618,1.2219,1.20455,-0.988622,0.259417,0.53773,-0.243827,1.10336,1.38758,-0.000518038,-2.40173,-0.0337507,0.303623,-0.0383865,0.130329,-0.000243156,
643,-0.00267935,0.0278437,-0.191684,0.0391035,-0.357773,0,0.567622,-0.00196734,0.549568,0.98802,-0.0394157,-0.0895746,-0.119328,-0.357562,1.22198,-0.551647,-0.525336,-0.433781,-0.527967,0.258033,1.2219,1.27759,-0.74914,-0.25346,0.83755,-0.193685,-0.23879,0.878654,-5.62298e-05,0.540565,-0.0403055,5.30781,-0.0506415,0.129095,3.24083e-05,
644,-0.00364557,0.0279775,-0.178652,0.0392913,-0.147172,0,0.182409,-0.00129481,0.524082,0.986905,-0.0161503,-0.0942906,-0.129871,-0.349601,1.22197,-0.530191,-0.527451,-0.071546,-0.530506,0.264059,1.2219,1.11655,-0.567361,-0.764223,0.936178,0.0864734,-0.764184,-0.548495,-9.22948e-05,0.210113,-0.0438845,9.14953,-0.0487838,0.112598,-4.765e-06,
645,-0.0054483,0.0279018,-0.115684,0.039185,0.135562,0,-0.343748,0.00922001,0.498632,0.984398,-0.0135675,-0.0880632,-0.151729,-0.408741,1.22198,-0.524945,-0.529536,0.403304,-0.529069,0.272441,1.22193,0.489569,0.266493,-0.0593792,-0.369326,-0.721943,-0.655611,-1.79313,0.00165076,0.0369419,-0.0446017,9.84714,0.102464,0.214364,0.00162221,
646,-0.00769302,0.0275663,0.0180335,0.0387142,0.25877,0,-0.564145,0.0145993,0.486712,0.983172,-0.0293281,-0.11351,-0.1401,-0.517892,1.22199,-0.499857,-0.531396,0.569553,-0.522703,0.280758,1.22193,0.851009,-0.0662739,-0.402193,-0.227908,-1.21227,1.11504,-2.56345,-0.000279976,0.956429,-0.0240427,-1.30914,0.0602946,0.127483,-0.000769494,
647,-0.00867344,0.0275809,0.119552,0.0387347,0.158621,0,-0.588705,-0.00245199,0.484321,0.983215,-0.0131994,-0.130378,-0.126951,-0.533858,1.22198,-0.413732,-0.528406,0.408772,-0.52298,0.285807,1.22192,2.03859,-0.640234,0.848663,0.246584,0.708014,0.975713,0.348235,-0.000146539,2.32413,0.22724,-4.87844,-0.0119446,0.0539112,0.000522574,
648,-0.00869919,0.0276134,0.218511,0.0387804,-0.0270051,0,-0.25486,-0.00486449,0.52126,0.98975,-0.0235255,-0.111989,-0.0854427,-0.495362,1.22197,-0.27327,-0.521836,0.066841,-0.523598,0.286223,1.22192,2.33848,-0.814164,0.575792,-0.0706257,0.660511,1.76606,1.19208,-7.40826e-05,3.28471,-0.0281699,-8.80873,-0.0126292,-0.0264708,-0.000301677,
649,-0.0080448,0.0276737,0.271459,0.0388649,-0.288621,0,0.372278,-0.00944561,0.538289,0.994243,-0.0246349,-0.0944564,-0.0441771,-0.397202,1.22197,-0.118764,-0.523312,-0.40894,-0.524741,0.283468,1.22191,2.3265,-0.939262,0.134765,0.580596,0.743842,1.34249,2.72375,-3.17645e-05,2.88037,-0.020215,-10.2027,-0.0305639,-0.0808471,-0.000153477,
650,-0.00683604,0.0278366,0.183589,0.0390936,-0.38895,0,0.572381,-0.0114538,0.52983,0.996448,-0.00277908,-0.0757028,-0.0367884,-0.214247,1.22197,-0.0285519,-0.524532,-0.575084,-0.527833,0.278833,1.2219,2.12903,-0.574603,-0.447643,1.02784,0.822802,-0.502666,4.57576,-6.44272e-05,0.733622,-0.0268774,1.5397,-0.095446,-0.109823,0.000132822,
651,-0.0048731,0.0282089,-0.105468,0.039616,-0.290336,0,0.550441,0.00192048,0.529159,0.994895,-0.000587352,-0.0827453,-0.0577717,0.0428109,1.22201,-0.0630504,-0.5255,-0.395737,-0.534898,0.272254,1.222,1.15523,-0.263578,-0.0640622,-0.0109525,-0.630114,-1.04568,5.69345,-0.000881808,-2.08811,-0.0193611,5.59406,-0.179699,-0.151349,-0.00227092,
652,-0.00290247,0.0285136,-0.47595,0.0400436,-0.101716,0,0.208211,0.000847905,0.531233,0.991032,0.0074754,-0.0795531,-0.107099,0.301411,1.22203,-0.216324,-0.527177,-0.0264219,-0.54068,0.265042,1.22192,0.626086,-0.150434,-0.0289859,0.430277,-0.129901,-2.14898,4.65444,-0.000782142,-4.04873,-0.0335651,9.21091,-0.0912553,-0.144131,-0.000308843,
653,-0.00129707,0.0287089,-0.703433,0.0403177,0.176409,0,-0.397311,0.0109302,0.523327,0.983606,0.0172735,-0.100528,-0.148713,0.441119,1.22199,-0.432945,-0.52848,0.460245,-0.544387,0.258702,1.22192,0.325105,0.0777386,-0.429858,0.347982,-0.873732,-1.52255,0.967455,-0.000525334,-4.60737,-0.0225484,10.2542,-0.0617164,-0.131676,-0.000291802,
654,0.000325659,0.0287081,-0.721844,0.0403166,0.253203,0,-0.578435,0.0125738,0.500844,0.980091,0.00366573,-0.123686,-0.155272,0.359356,1.22198,-0.552129,-0.528947,0.577715,-0.544372,0.250551,1.22194,0.905901,0.0275246,-0.477211,-1.13667,-0.95688,0.619637,-4.18915,-5.49975e-05,0.462955,-6.03163e-05,-2.09756,0.060058,-0.183409,-0.000329266,
655,0.00160314,0.0283304,-0.471318,0.0397866,0.134389,0,-0.569849,-0.0025567,0.481252,0.981921,-0.0286827,-0.135607,-0.128917,0.0231157,1.22199,-0.488647,-0.526749,0.374611,-0.537204,0.240819,1.22192,2.13528,-0.360112,0.710086,-0.0826266,0.686632,1.29964,-9.19732,0.000557439,1.75209,0.253266,-5.72246,0.361425,-0.210378,0.000282815,
656,0.00226048,0.027482,0.124218,0.0385959,-0.0710465,0,-0.204681,-0.00622655,0.528868,0.989413,-0.0259929,-0.112454,-0.0879826,-0.511481,1.22197,-0.386618,-0.521623,-0.00120186,-0.521103,0.230061,1.22192,2.69426,-0.49204,0.778071,0.362383,0.7587,1.98079,-12.1674,-0.000589587,2.4547,-0.0486972,-9.40941,0.0244999,-0.213418,-0.000176164,
657,0.00415918,0.0275941,0.289009,0.0387532,-0.357016,0,0.447075,-0.00926087,0.555916,0.9929,-0.0313567,-0.0960076,-0.0628325,-0.576029,1.22196,-0.278545,-0.523621,-0.496598,-0.52323,0.221517,1.22191,2.55955,-1.00579,0.28564,-0.375856,0.633635,0.829523,1.94971,-4.43518e-06,1.85159,-0.0351919,-10.4112,-0.0614366,-0.1481,-0.00023926,
658,0.00566281,0.0278366,0.175291,0.0390935,-0.405949,0,0.528059,-0.0106296,0.555031,0.993261,-0.0287727,-0.0791157,-0.0796639,-0.427506,1.22197,-0.250386,-0.525817,-0.556333,-0.527832,0.216102,1.2219,2.36006,-0.593269,-0.283776,0.0839513,0.740962,-1.11836,3.96541,-2.48917e-05,-0.737457,-0.04518,2.21223,-0.124669,-0.082791,6.64277e-05,
659,0.00694575,0.0282477,-0.156367,0.0396704,-0.301785,0,0.446145,0.00179519,0.538514,0.991208,-0.0118035,-0.0730734,-0.10967,-0.202185,1.22209,-0.359845,-0.528297,-0.352679,-0.535633,0.213277,1.22191,1.51078,-0.684233,-0.147567,1.5121,-0.571764,-1.3352,5.03742,0.0016992,-3.62428,-0.060115,5.90385,-0.180587,-0.0296803,6.79206e-05,
660,0.0066588,0.0285092,-0.519844,0.0400375,-0.112687,0,0.00512444,0.0039164,0.541171,0.985243,0.01113,-0.0812928,-0.150214,0.0148844,1.22201,-0.561242,-0.531306,0.0114253,-0.540597,0.217017,1.22191,1.4128,0.414579,0.404058,-0.000236418,-0.466536,-2.54713,3.66709,-0.00106994,-1.10003,-0.0571567,8.65253,-0.0164758,0.192756,0.00260446,
661,0.00453212,0.0284998,-0.563577,0.0400243,0.108633,0,-0.511853,0.00718598,0.549131,0.972567,0.0156635,-0.0927009,-0.21278,0.0989058,1.22198,-0.539154,-0.534092,0.434588,-0.540419,0.227608,1.22192,1.37946,0.466276,-0.100745,0.0850389,-0.442408,-2.31592,-0.279227,-0.000251172,0.516386,-0.0542238,8.27053,0.0218456,0.227213,-0.000336081,
662,0.00217483,0.0283726,-0.444089,0.0398457,0.176216,0,-0.667858,0.0106594,0.532987,0.964404,0.015528,-0.107729,-0.240995,-0.0182885,1.22198,-0.495601,-0.536494,0.561647,-0.538003,0.23832,1.22192,1.67565,0.249912,-0.546171,0.00556486,-0.739277,-0.289337,-4.37199,-6.3785e-05,1.22631,-0.0439018,-1.60576,0.0736858,0.207119,-9.38554e-05,
663,-0.000474215,0.0279408,-0.091972,0.0392398,0.0553456,0,-0.547588,0.00629335,0.503637,0.968644,-0.0186756,-0.112802,-0.22058,-0.313281,1.22197,-0.405514,-0.537827,0.365032,-0.52981,0.24782,1.22193,2.03345,0.0563586,-0.702721,-1.94776,-0.403023,2.02806,-7.40057,7.69504e-05,2.37513,-0.0133754,-6.23644,0.227904,0.173984,-0.000173213,
664,-0.00294311,0.0274829,0.279685,0.0385972,-0.165491,0,-0.180533,-0.0145141,0.500713,0.978075,-0.0307635,-0.0861038,-0.187105,-0.579885,1.22198,-0.292545,-0.532641,-0.0279088,-0.521121,0.256185,1.22191,2.9665,-1.03067,0.625372,0.133402,1.74353,1.2872,0.246953,0.0023509,2.1863,0.226212,-9.42828,-0.019205,0.163089,0.000244509,
665,-0.00413521,0.0276673,0.279042,0.038856,-0.432968,0,0.501654,-0.00724463,0.537669,0.98521,-0.0121362,-0.074926,-0.153622,-0.502972,1.22202,-0.21633,-0.522341,-0.52062,-0.52462,0.263789,1.22191,2.27554,-1.14814,0.523008,0.855507,0.363534,1.34888,2.54615,-0.00180193,0.877905,0.0794678,-10.275,-0.115101,0.140325,-0.000244164,
666,-0.0048617,0.0280403,0.0775872,0.0393794,-0.457999,0,0.599722,-0.00423211,0.555284,0.984951,0.01228,-0.0715149,-0.156865,-0.327116,1.22198,-0.249373,-0.522933,-0.559312,-0.531698,0.270715,1.22198,1.81708,-0.387697,0.388871,0.15756,-0.04282,-0.828887,4.46489,-0.000440585,-2.20946,-0.0269356,2.78413,-0.172391,0.120188,0.00200729,
667,-0.00502719,0.0285223,-0.331611,0.0400558,-0.32979,0,0.374102,-0.00343956,0.561879,0.980883,0.0192531,-0.0715744,-0.179931,-0.0952118,1.22197,-0.439849,-0.524237,-0.314698,-0.540845,0.275783,1.22193,1.66233,-0.179739,-0.12594,0.266437,0.105069,-1.09904,4.80806,-1.9227e-05,-5.3841,-0.0239766,6.96793,-0.191939,0.0833289,-0.00109908,
668,-0.00474622,0.0290454,-0.557337,0.0407898,-0.122585,0,-0.133391,0.00442729,0.556177,0.970611,0.0157746,-0.0780261,-0.227107,0.0794045,1.22198,-0.549557,-0.525103,0.0945386,-0.550772,0.278971,1.22195,1.52465,0.212367,-0.319213,-0.18857,-0.445774,-2.46649,2.195,5.32392e-05,0.527652,-0.0173116,9.36988,-0.200289,0.0501173,-0.00130086,
669,-0.00419478,0.0295117,-0.546613,0.0414442,0.121676,0,-0.598013,0.011837,0.532637,0.955801,0.00606686,-0.0931688,-0.278796,0.08438,1.22198,-0.529159,-0.525785,0.527251,-0.559623,0.280304,1.22194,1.37177,0.318807,-0.694912,-0.447873,-0.917414,-1.48317,-1.96415,3.83759e-05,0.197076,-0.0105275,6.65195,-0.154137,-0.00245572,-0.000616698,
670,-0.00336359,0.0297411,-0.368871,0.041766,0.120644,0,-0.639464,0.00897173,0.48941,0.952401,-0.0211474,-0.110042,-0.283506,-0.111991,1.22198,-0.499107,-0.52585,0.530957,-0.563976,0.278149,1.22193,1.64193,0.0236107,-0.968007,-1.79753,-0.563987,0.821228,-5.85268,-0.000290008,1.00421,0.0103322,-2.74249,0.0153495,-0.0694097,-0.000143146,
671,-0.00325137,0.0292437,0.02354,0.041068,-0.0196056,0,-0.517512,-0.00547716,0.485053,0.960716,-0.0437611,-0.103642,-0.253707,-0.464235,1.22203,-0.440691,-0.522237,0.291588,-0.554535,0.273212,1.22193,2.37539,-0.75768,0.764585,0.0649759,0.96003,1.56525,-8.22127,-0.00093303,1.29561,0.0152576,-6.76609,0.371342,-0.124451,-0.000131909,
672,-0.00362852,0.0283341,0.185653,0.0397917,-0.255947,0,0.0223991,-0.00760705,0.512832,0.970172,-0.0408154,-0.0813983,-0.224667,-0.568624,1.22199,-0.380793,-0.523178,-0.132019,-0.537274,0.267108,1.22192,2.26501,-1.19168,0.313333,-0.121145,0.796367,1.23469,1.22109,-0.000428047,1.09481,-0.0208447,-10.158,0.321656,-0.125704,-0.000116171,
673,-0.00371945,0.0275445,0.101596,0.0386836,-0.493533,0,0.622831,-0.00493011,0.526546,0.976356,-0.035494,-0.0777174,-0.198569,-0.475706,1.22201,-0.373759,-0.524416,-0.575961,-0.52229,0.260623,1.22191,1.75295,-0.873644,0.0509584,0.665011,0.0257171,-0.0238995,2.5021,-0.000856362,-0.765454,-0.0328246,-2.38087,0.222862,-0.123643,-0.000576838,
674,-0.00243649,0.0275501,-0.163258,0.0386915,-0.459491,0,0.59057,-0.0105595,0.516229,0.974821,-0.0150788,-0.076787,-0.208808,-0.334993,1.22197,-0.499726,-0.526212,-0.505419,-0.522395,0.254233,1.2219,1.55398,-0.428377,-0.209651,0.654774,0.783316,-1.13058,3.12425,0.00141804,-4.24468,-0.0425433,3.74262,-0.0456386,-0.127603,0.00161932,
675,-0.00131525,0.0277064,-0.329634,0.0389109,-0.329181,0,0.332039,-0.00174593,0.531481,0.96255,-0.00486302,-0.0830391,-0.258028,-0.21173,1.22201,-0.554148,-0.528524,-0.216828,-0.525362,0.24998,1.22196,1.28892,0.464036,0.336923,0.0884721,-0.0037533,-2.90252,1.81322,-0.00148729,0.79617,-0.0503789,7.76182,-0.0651217,-0.056794,-0.00187118,
676,-0.000583465,0.0278691,-0.332918,0.0391392,-0.118966,0,-0.239228,0.00781194,0.537634,0.94223,0.00244882,-0.0907561,-0.322428,-0.183701,1.22198,-0.529808,-0.530962,0.221802,-0.52845,0.247738,1.2219,1.24396,0.696502,-0.0814244,0.181541,-0.73159,-2.46559,-0.671695,-0.000244063,0.205254,-0.0457548,9.76361,-0.0565076,-0.0281377,-0.000721547,
677,-2.3368e-05,0.0279335,-0.242313,0.0392295,0.086621,0,-0.63062,0.0163729,0.522711,0.923675,-0.000986713,-0.113704,-0.365917,-0.277574,1.22197,-0.524804,-0.532938,0.57325,-0.529671,0.245492,1.22192,1.32597,0.462407,-0.464398,-0.26595,-1.42508,-0.642353,-3.07113,5.69627e-05,0.0344255,-0.0296773,0.497996,0.0023263,-0.0762178,0.000721963,
678,0.00025791,0.0276179,-0.0366199,0.0387867,0.0129297,0,-0.557757,0.0116122,0.494496,0.921632,-0.04127,-0.12537,-0.364929,-0.471938,1.22197,-0.508574,-0.53373,0.47118,-0.523683,0.241307,1.22192,1.44194,0.221691,-0.76207,-1.61377,-0.94604,0.721608,-4.68937,0.000119074,0.62078,-0.0100919,-4.31232,0.19148,-0.0914365,-0.000298593,
679,0.00118658,0.0275618,0.065543,0.0387079,-0.163884,0,-0.335698,-0.010979,0.49179,0.932265,-0.0612559,-0.109018,-0.339476,-0.551324,1.22198,-0.485687,-0.52755,0.170942,-0.522618,0.236152,1.22191,2.0305,-1.15338,0.71712,-0.135341,1.51088,1.9017,0.674948,0.000115072,0.248712,0.264437,-7.62305,-0.0255912,-0.118389,0.000282466,
680,0.00259258,0.0277226,0.00317138,0.0389336,-0.378146,0,0.329123,-0.00339857,0.516596,0.951966,-0.0566542,-0.0738714,-0.291708,-0.506758,1.22199,-0.503587,-0.52243,-0.262165,-0.525669,0.230509,1.22191,1.57321,-1.21904,0.548493,0.131451,0.152599,2.06387,1.0704,0.00305092,-0.948799,-0.0245612,-9.67949,-0.0866874,-0.0999257,0.000533713,
681,0.00375099,0.0279551,-0.0808735,0.0392599,-0.529198,0,0.653621,-0.00289093,0.536127,0.960871,-0.0507856,-0.0802844,-0.260198,-0.454251,1.222,-0.535302,-0.523922,-0.574618,-0.530082,0.22674,1.2219,1.51699,-0.79669,0.10879,0.766683,-0.221806,-0.00815814,1.04819,-0.000728886,0.211889,-0.0382312,0.0615945,-0.0959896,-0.047292,-0.000315935,
682,0.00438613,0.028188,-0.109159,0.0395866,-0.470405,0,0.52584,-0.0137322,0.531731,0.957928,-0.0280127,-0.0802142,-0.274142,-0.417597,1.22197,-0.527192,-0.526128,-0.451492,-0.5345,0.225599,1.22189,1.64328,-0.421718,-0.210175,0.781623,1.2245,-1.54562,0.425659,-0.000260943,0.0780492,-0.0532671,4.74896,-0.0629449,0.00697356,-0.000126554,
683,0.00451178,0.0284772,-0.108124,0.0399925,-0.318571,0,0.198633,0.00265385,0.525526,0.945805,-0.0192939,-0.0711144,-0.316266,-0.416752,1.22198,-0.5253,-0.528409,-0.123969,-0.539989,0.227511,1.22201,1.36373,0.430319,-0.0326223,-0.572581,-0.447847,-1.96724,-0.385418,7.40788e-05,0.0130523,-0.0378815,8.32288,-0.155451,0.0717673,-2.49347e-05,
684,0.00425257,0.0288385,-0.0693276,0.0404995,-0.0901701,0,-0.365909,0.00724485,0.511382,0.927376,-0.0330176,-0.0803075,-0.363915,-0.455265,1.22198,-0.524704,-0.530226,0.318193,-0.546846,0.231989,1.22194,1.28007,0.493355,-0.551272,-0.504678,-0.565987,-2.04037,-1.14839,-7.2919e-05,0.00618817,-0.0350564,9.35454,-0.118644,0.105777,-0.00107309,
685,0.00364255,0.029073,0.000248168,0.0408285,0.0603779,0,-0.622931,0.0121286,0.47438,0.912747,-0.0547348,-0.0948765,-0.393567,-0.524374,1.22198,-0.524126,-0.531611,0.567622,-0.551296,0.237112,1.22195,1.30399,0.119116,-0.810316,-0.574368,-0.91263,-0.258056,-1.33034,-2.3763e-05,0.00569647,-0.0178866,-0.541413,-0.0617373,0.0951462,-0.000477203,
686,0.00271843,0.0289639,0.0145883,0.0406754,-0.0264374,0,-0.480677,0.00269119,0.471952,0.917068,-0.0497333,-0.106776,-0.380935,-0.52924,1.22199,-0.514651,-0.527025,0.433271,-0.549225,0.24079,1.22191,1.20351,-0.763063,0.551401,-0.284465,0.104836,1.70985,0.184027,2.37011e-05,0.27277,0.226989,-4.68887,0.183609,0.03867,0.000393043,
687,0.00138834,0.0284344,0.00999851,0.0399325,-0.192495,0,-0.11541,-0.00101679,0.492922,0.935181,-0.0566211,-0.099019,-0.335298,-0.517773,1.22198,-0.507774,-0.522535,0.118427,-0.539178,0.242811,1.22192,1.30272,-1.00363,0.274466,-0.434054,0.242516,2.60545,0.271897,-0.000250156,0.0121861,-0.0222476,-7.87135,0.219582,0.0395736,0.000238527,
688,-0.000125599,0.0277888,-0.0281085,0.0390265,-0.375769,0,0.416962,-0.00235018,0.511228,0.9575,-0.0525952,-0.0793811,-0.272261,-0.502986,1.22199,-0.531102,-0.523441,-0.281951,-0.526926,0.244734,1.22191,1.24452,-1.23983,0.443752,0.359232,0.0048671,2.48909,0.295789,0.00202201,-0.033497,-0.0147897,-8.19157,0.257188,0.0473813,0.000458822,
689,-0.00108617,0.0275452,-0.0329692,0.0386847,-0.496938,0,0.675231,-0.00402925,0.522094,0.969949,-0.0441876,-0.082965,-0.224419,-0.493688,1.22199,-0.526669,-0.524311,-0.554484,-0.522304,0.247413,1.2219,1.22637,-0.895299,-0.0631966,0.808636,-0.0627493,1.05299,0.0857947,-0.000428466,0.0699089,-0.0233569,-0.46027,-0.0302464,0.0628266,-0.000302975,
690,-0.00162106,0.0276364,-0.0300264,0.0388126,-0.434487,0,0.620548,-0.00812209,0.513752,0.973285,-0.0192306,-0.0756565,-0.215923,-0.495195,1.22201,-0.525231,-0.525964,-0.453526,-0.524033,0.250899,1.2219,1.02174,-0.374853,0.0300817,1.17754,0.53772,-0.410814,-0.145984,0.00220579,0.00803987,-0.0466688,4.38313,-0.00288296,0.0968298,-0.00323391,
691,-0.00234147,0.0277273,-0.0175364,0.0389402,-0.262873,0,0.340528,0.00252055,0.523045,0.967636,-0.00991892,-0.082065,-0.238428,-0.507406,1.222,-0.524944,-0.527972,-0.126274,-0.525759,0.255315,1.22195,0.574438,0.251825,0.046526,0.17387,-0.433884,-1.31083,-0.345491,-0.000916094,0.00264613,-0.0390061,8.66339,-0.0589176,0.092098,-0.00102838,
692,-0.00307531,0.0278318,0.00159737,0.0390868,0.0096156,0,-0.280638,0.0111689,0.51352,0.957333,-0.00618423,-0.0971122,-0.272111,-0.526125,1.22198,-0.524528,-0.529866,0.35825,-0.527741,0.259916,1.22192,0.408926,0.378162,-0.388621,0.143597,-1.00487,-1.4148,-0.160669,-2.65671e-05,0.00540903,-0.0351518,10.6967,-0.0186299,0.102735,-4.22676e-05,
693,-0.00390595,0.027759,0.00139623,0.0389846,0.172051,0,-0.577269,0.0131959,0.483646,0.951428,-0.0154777,-0.125583,-0.280667,-0.524914,1.22197,-0.523518,-0.531212,0.597712,-0.526359,0.263444,1.22192,0.739553,-0.00499863,-0.663358,-0.846571,-1.01281,0.75939,0.0580335,-0.000280768,0.0326435,-0.0156988,-1.5529,0.0809703,0.0377072,-0.000135108,
694,-0.00437108,0.0275278,0.0236721,0.0386602,0.0687163,0,-0.566332,-0.00220106,0.47296,0.957588,-0.0424097,-0.126313,-0.255482,-0.522082,1.22198,-0.498406,-0.526263,0.425835,-0.521973,0.263747,1.22192,1.76798,-0.590509,0.575075,-0.0765612,0.694453,1.15297,0.0615674,0.000322234,0.849542,0.277839,-5.20775,-0.0102396,-0.0229681,-3.24423e-05,
695,-0.00375889,0.0275997,0.0659219,0.0387611,-0.129584,0,-0.231365,-0.00771427,0.504023,0.96935,-0.0383509,-0.10359,-0.21945,-0.514938,1.22198,-0.44892,-0.522223,0.07322,-0.523336,0.261306,1.22191,2.13534,-0.942784,0.567471,0.106733,1.01469,1.9918,0.222455,-0.000255945,1.15587,-0.0343769,-8.8914,-0.030655,-0.073431,-0.000103098,
696,-0.00265513,0.0277405,0.0756876,0.0389587,-0.372667,0,0.429816,-0.00826589,0.518942,0.982064,-0.0371605,-0.078329,-0.167436,-0.492089,1.22197,-0.416256,-0.523788,-0.402789,-0.526009,0.257005,1.22191,1.90672,-1.03608,0.134258,0.123542,0.606007,2.2524,0.678618,0.00170328,0.159472,-0.0292273,-10.137,-0.0718861,-0.0962153,0.000125207,
697,-0.00141947,0.0279653,-0.0283514,0.0392742,-0.454362,0,0.657988,-0.00997211,0.525885,0.986398,-0.0200599,-0.0830446,-0.140429,-0.445957,1.222,-0.474316,-0.525816,-0.570682,-0.530275,0.252779,1.2219,1.46049,-0.508475,0.0111352,0.871963,0.64636,-0.0522126,1.18432,-0.00145006,-2.46321,-0.0515344,1.44397,-0.0801211,-0.0741332,-0.000469231,
698,-0.000304531,0.0282417,-0.156713,0.039662,-0.355043,0,0.545894,3.68014e-05,0.528843,0.984278,-0.00785472,-0.0730436,-0.160623,-0.392951,1.22198,-0.550966,-0.528264,-0.3809,-0.535519,0.249613,1.22201,1.09055,0.274587,0.218364,-0.43687,-0.385391,-1.64174,0.93955,-7.04091e-06,0.514816,-0.041698,6.1333,-0.138936,-0.0493786,0.00121725,
699,0.000755367,0.0285894,-0.153247,0.04015,-0.154191,0,0.0931786,0.00287611,0.526745,0.974681,-0.0141243,-0.0812544,-0.207836,-0.375631,1.22198,-0.530094,-0.530409,0.0176632,-0.542119,0.247351,1.22194,0.965618,0.454046,-0.312434,-0.23724,-0.333339,-2.14365,-0.237055,-0.000117663,0.206391,-0.0438081,9.77854,-0.123472,-0.0410521,-0.00131332,
700,0.00155696,0.0288604,-0.109269,0.0405303,0.127411,0,-0.499308,0.0142928,0.499897,0.961653,-0.0197892,-0.0932741,-0.257159,-0.41524,1.22198,-0.524947,-0.532444,0.511505,-0.547262,0.24571,1.22193,0.786637,0.609738,-0.666234,-0.477105,-1.23292,-1.79238,-1.34029,0.000207058,0.0364754,-0.034783,9.97063,-0.0834146,-0.014865,0.00116789,
701,0.00209145,0.0289387,-0.000391136,0.0406401,0.155214,0,-0.57983,0.0066833,0.462784,0.956424,-0.0341778,-0.123566,-0.262328,-0.501501,1.22198,-0.501892,-0.533719,0.555617,-0.548748,0.243716,1.22193,1.06902,-0.33911,-0.404468,0.829095,-0.260029,0.44571,-2.09078,-0.000111649,0.841594,0.0056144,-2.54017,0.0676394,-0.0446688,-0.000630814,
702,0.00135987,0.0282048,0.0902239,0.0396103,0.029878,0,-0.512819,-0.00463954,0.48353,0.966426,-0.0313363,-0.104074,-0.232824,-0.536093,1.22199,-0.445623,-0.524491,0.341471,-0.53482,0.240936,1.22193,1.9529,-0.984517,0.485878,-0.268863,0.907687,1.80149,0.308983,-8.07496e-05,1.58649,0.233401,-6.19682,0.343809,-0.0589893,-0.000187433,
703,0.000709493,0.0275164,0.140949,0.0386442,-0.178811,0,0.0244929,-0.000404204,0.501818,0.977909,-0.0374145,-0.0918404,-0.184012,-0.505061,1.22201,-0.363168,-0.522721,-0.0540786,-0.521756,0.238148,1.22192,1.71843,-1.14439,0.281497,0.168424,-0.00474937,2.1242,0.928712,-0.000400425,1.69794,-0.0242609,-9.59191,0.0240667,-0.050667,-0.000359986,
704,0.00127026,0.0275793,0.120513,0.0387325,-0.412917,0,0.62652,-0.0011257,0.516624,0.987312,-0.03745,-0.0852698,-0.128614,-0.435263,1.22199,-0.314162,-0.523432,-0.51458,-0.522951,0.235887,1.22191,1.36017,-1.46146,0.594944,0.398148,-0.377199,2.04493,1.80797,0.00111642,0.290579,-0.00375301,-8.81903,-0.0215308,-0.0321197,0.000187265,
705,0.00141132,0.0276291,-0.0479086,0.0388024,-0.421535,0,0.666846,-0.00750352,0.534487,0.989863,-0.0217616,-0.0829027,-0.113243,-0.324438,1.22198,-0.372383,-0.524265,-0.545509,-0.523896,0.235617,1.2219,1.23988,-0.937211,0.10674,0.740059,0.370241,0.0831491,2.60885,-0.000319482,-2.62724,-0.020588,2.89322,-0.021082,0.00687542,3.43309e-05,
706,0.00146025,0.0277498,-0.330084,0.0389718,-0.264725,0,0.465252,-0.0011203,0.528456,0.990407,-0.00198763,-0.0744032,-0.11642,-0.205894,1.22197,-0.548816,-0.525289,-0.283178,-0.526186,0.236432,1.22193,0.967579,-0.470572,-0.085102,0.218827,-0.146456,-0.9976,2.14712,0.000341335,-1.24186,-0.0152023,7.58247,-0.0681742,0.0373748,0.0048663,
707,0.00125455,0.0279239,-0.358626,0.039216,-0.0145181,0,-0.0624149,0.00701581,0.522146,0.984237,-0.00547076,-0.0906535,-0.151755,-0.161173,1.22197,-0.536481,-0.525909,0.171896,-0.529489,0.238994,1.22196,0.646506,-0.146393,-0.380881,-0.117682,-0.684331,-1.58707,-0.341981,-0.000152137,0.40206,-0.0136893,10.5852,-0.0616235,0.0595409,-0.00177282,
708,0.00086175,0.0279966,-0.269765,0.0393181,0.237059,0,-0.572576,0.0132175,0.490271,0.978347,-0.00950432,-0.109144,-0.175596,-0.243715,1.22197,-0.520326,-0.526441,0.576519,-0.530869,0.241605,1.22192,0.86729,-0.454303,-0.853453,-0.227454,-1.03664,0.488756,-2.94818,0.000146467,0.229218,-0.00313234,0.758852,0.000942292,0.0271011,7.32016e-05,
709,0.000178455,0.0277022,-0.0340714,0.038905,0.189123,0,-0.617285,6.71146e-05,0.460449,0.980052,-0.0214099,-0.1182,-0.158328,-0.436958,1.22198,-0.471042,-0.522555,0.489614,-0.525283,0.242447,1.22194,1.72937,-0.287842,0.572041,-0.224901,0.481424,0.67558,-4.76404,0.00064333,1.55835,0.24512,-3.53466,0.318913,-0.00644718,0.00405537,
710,-4.78753e-05,0.0275277,0.189156,0.0386601,0.0155228,0,-0.390775,-0.00386415,0.487877,0.984197,-0.0217262,-0.102567,-0.1427,-0.554747,1.22198,-0.363286,-0.522286,0.207962,-0.521971,0.242048,1.22194,2.09768,-0.640045,0.4467,-0.329969,0.679546,0.938291,0.577415,-0.000207813,2.76664,-0.0443657,-7.70254,-0.0442209,-0.0105112,-0.000731331,
711,0.000249292,0.0276349,0.259202,0.0388106,-0.237868,0,0.261341,-0.00293061,0.506237,0.988898,-0.0240715,-0.0881581,-0.11717,-0.492271,1.22202,-0.227018,-0.523837,-0.237752,-0.524006,0.2415,1.22192,1.7534,-0.95489,0.60609,-0.49717,0.119902,1.93519,1.89248,0.0016393,2.66933,-0.0183331,-10.0508,-0.0107077,-0.0179357,0.000289328,
712,0.000330325,0.027648,0.209062,0.0388289,-0.432009,0,0.664554,-0.00576347,0.531245,0.992552,-0.0281844,-0.0818621,-0.0857054,-0.352778,1.222,-0.140588,-0.523788,-0.591651,-0.524253,0.241207,1.2219,1.53404,-0.707334,0.294035,0.514077,0.111734,-0.062722,3.68033,-0.000778164,0.848761,0.00271132,-0.0847813,-0.0102898,0.0140761,-0.000363301,
713,0.000285457,0.0277311,-0.0418654,0.0389455,-0.357637,0,0.574567,-0.00563122,0.532885,0.992471,-0.0136696,-0.0792396,-0.0923847,-0.134998,1.22197,-0.176888,-0.523733,-0.464391,-0.52583,0.242163,1.2219,1.41602,-0.583727,-0.227113,0.556728,0.222853,-0.526617,5.01934,-0.000274046,-2.27674,-0.000103368,4.92201,-0.0513795,0.0239003,3.24411e-05,
714,4.42883e-05,0.0278535,-0.425228,0.0391173,-0.164487,0,0.300431,-0.0023274,0.523891,0.990126,0.000415412,-0.0822419,-0.113516,0.101737,1.22199,-0.352319,-0.523842,-0.121122,-0.528154,0.24445,1.2219,0.820065,0.220171,0.345486,-0.623646,0.162916,-1.52208,4.45724,-0.000605907,-4.71111,-0.00486724,8.6632,0.0328778,0.148677,-0.00344257,
715,-0.00161216,0.0277647,-0.661406,0.0389927,0.102602,0,-0.299824,0.00325703,0.534121,0.984764,-0.00294024,-0.0810548,-0.15382,0.241768,1.222,-0.553541,-0.524094,0.356253,-0.526468,0.251983,1.22189,0.611136,0.263134,0.00667731,-0.0652944,-0.0412374,-2.20601,1.18033,-0.000711274,-0.379326,-0.00500767,10.429,0.0362441,0.156246,0.000523664,
716,-0.00308313,0.0276289,-0.606729,0.0388021,0.244319,0,-0.599457,0.0079027,0.523529,0.979825,-0.00487474,-0.0855838,-0.180539,0.177993,1.22198,-0.525735,-0.524083,0.591788,-0.523892,0.258172,1.22191,0.973462,0.00626264,-0.427865,-0.192989,-0.372682,0.183708,-3.69368,-0.00024188,0.952609,0.00499749,-1.40317,0.062381,0.0887736,9.99809e-05,
717,-0.00374484,0.0275986,-0.312686,0.0387595,0.136049,0,-0.412593,0.0108355,0.498757,0.981399,-0.000503569,-0.105577,-0.160341,-0.11242,1.22199,-0.43594,-0.524157,0.4141,-0.523316,0.261226,1.22191,0.917123,-0.027983,-0.646987,0.667982,-0.908328,1.28105,-7.89817,-0.000680858,2.63009,-0.00239077,-5.6683,-0.00578158,0.035994,-8.46039e-05,
718,-0.00366986,0.0275984,0.2545,0.0387594,-0.0295144,0,-0.310781,-0.0120987,0.496658,0.989864,-0.02345,-0.101148,-0.0968915,-0.555189,1.22198,-0.29497,-0.523237,0.0775634,-0.523313,0.260848,1.22192,2.79398,-0.595104,0.967989,0.298224,1.55417,1.68332,-7.9488,0.000371083,2.80172,0.00358694,-7.69988,8.64594e-05,-0.0215422,-0.000311143,
719,-0.00332462,0.0277098,0.37566,0.0389157,-0.273861,0,0.303963,-0.00726289,0.534934,0.99515,-0.0167423,-0.0663611,-0.0706547,-0.558081,1.222,-0.163084,-0.523492,-0.353848,-0.525427,0.260095,1.22191,2.33946,-1.07148,0.816857,0.745698,0.532535,1.04746,2.13608,0.00497561,2.45755,-0.0111949,-9.55319,-0.073529,-0.0227788,7.05591e-05,
720,-0.00267889,0.0279613,0.285369,0.0392685,-0.408685,0,0.583819,-0.00841059,0.561466,0.996402,0.0073553,-0.054114,-0.0648131,-0.38485,1.222,-0.091333,-0.524187,-0.576451,-0.530198,0.259064,1.2219,2.04794,-0.706089,0.369083,0.833755,0.450006,-0.780007,4.77244,-0.00105285,0.431715,-0.015091,1.00033,-0.122511,-0.020797,0.00328717,
721,-0.00165725,0.0283733,-0.0440382,0.0398467,-0.331251,0,0.485984,-0.00503647,0.580079,0.99441,0.0134093,-0.0493313,-0.092383,-0.0997752,1.22197,-0.143842,-0.524705,-0.421442,-0.538018,0.257559,1.22196,1.69847,-0.460684,0.14596,0.126738,0.193217,-1.33272,6.61341,-0.000197636,-2.50813,-0.00948171,5.16074,-0.183671,-0.035916,-0.00153509,
722,-0.000354644,0.0288923,-0.49355,0.0405751,-0.151822,0,0.151526,-0.000160487,0.581448,0.990506,0.0133773,-0.0476185,-0.128266,0.214656,1.22197,-0.326087,-0.525006,-0.0812795,-0.547868,0.255585,1.22196,1.32109,-0.137023,-0.125514,-0.201462,-0.0616936,-1.55341,5.96879,3.08988e-05,-4.76398,-0.00219335,8.41936,-0.208522,-0.0426413,-0.000981288,
723,0.000997104,0.0294193,-0.749997,0.0413145,0.0939041,0,-0.370778,0.00961283,0.569363,0.984753,0.00493815,-0.05303,-0.165605,0.415461,1.22198,-0.557488,-0.52482,0.357227,-0.557869,0.253434,1.22196,1.05986,0.213967,-0.335273,-0.505906,-0.815964,-1.90324,2.10885,0.000310209,-1.26734,0.00878197,9.12497,-0.188138,-0.0317429,0.00112905,
724,0.00212269,0.029795,-0.723753,0.0418417,0.222232,0,-0.591511,0.016833,0.548347,0.97868,-0.000765469,-0.0819627,-0.188328,0.381977,1.22203,-0.533504,-0.524561,0.569308,-0.565,0.251088,1.22194,1.06457,-0.119876,-0.498144,0.349393,-1.4852,0.274787,-3.40833,-0.000410313,0.986129,0.0017374,-0.849072,-0.100983,-0.0651166,-0.000639573,
725,0.00294134,0.0298808,-0.484684,0.041962,0.134833,0,-0.492636,0.0113339,0.512787,0.978965,-0.00272507,-0.116763,-0.167294,0.083175,1.22199,-0.445914,-0.524339,0.420391,-0.566628,0.247734,1.22193,1.35185,-0.110906,-0.731713,-0.752012,-0.962863,2.01192,-8.50867,-0.00100171,2.48913,0.0177356,-5.01676,0.0681221,-0.0776267,0.000376083,
726,0.00272483,0.0292804,0.105063,0.0411196,-0.0276397,0,-0.342456,-0.012517,0.512283,0.987703,-0.0311669,-0.104579,-0.111959,-0.42009,1.22199,-0.314638,-0.52186,0.0999892,-0.555232,0.243541,1.22193,3.07265,-0.507804,0.861115,0.337742,1.62765,1.63011,-11.5803,8.52707e-05,2.66072,-0.0149173,-7.74845,0.401802,-0.0774629,-0.00026,
727,0.00156905,0.0283632,0.370986,0.0398325,-0.278375,0,0.238429,-0.0132575,0.543245,0.993168,-0.0301598,-0.0697404,-0.0885666,-0.578635,1.22198,-0.189068,-0.523259,-0.33964,-0.537826,0.241278,1.22192,3.01911,-1.02149,0.360227,-0.285154,1.27841,0.727441,1.46207,-8.06641e-05,2.35326,-0.0252857,-9.82637,0.298525,-0.0221033,-0.000156646,
728,0.0004156,0.0276906,0.305829,0.0388887,-0.424029,0,0.557677,-0.00608844,0.565039,0.994223,-0.0122491,-0.0586784,-0.089035,-0.439674,1.22206,-0.123736,-0.525133,-0.575363,-0.525062,0.241154,1.22191,2.25589,-0.789262,0.322544,1.24069,0.167683,-0.923382,4.08154,-0.00190784,0.285664,-0.0450283,0.900682,0.203903,0.0164616,-0.0001256,
729,-1.71832e-05,0.0275609,-0.0016006,0.0387066,-0.353011,0,0.474951,-0.00211756,0.57039,0.991559,0.0165606,-0.0563848,-0.115573,-0.184621,1.22198,-0.186222,-0.527296,-0.430252,-0.522601,0.242186,1.22195,1.817,-0.452675,0.208877,0.123416,-0.171824,-1.52854,6.1051,-0.000832487,-2.76003,-0.0348489,4.88178,-0.0447909,0.0182574,0.00717767,
730,7.56054e-05,0.0277007,-0.460138,0.0389028,-0.189597,0,0.141084,0.0014993,0.575041,0.985329,0.0140955,-0.0630918,-0.157949,0.112842,1.22196,-0.384645,-0.528784,-0.105654,-0.525253,0.242949,1.22196,1.51263,-0.170327,-0.160935,-0.104408,-0.28863,-1.79646,5.79482,-3.65323e-05,-5.15804,-0.0262085,8.07266,-0.0567697,0.01621,-0.00200149,
731,9.91606e-05,0.0278181,-0.710952,0.0390675,0.0338613,0,-0.388299,0.0116636,0.557919,0.975875,0.0114292,-0.0733386,-0.205324,0.311542,1.22197,-0.577565,-0.529807,0.314161,-0.527481,0.243863,1.22196,1.41891,0.164041,-0.405993,-0.356195,-1.10934,-2.51382,2.19514,0.000181871,0.461079,-0.0153038,8.72698,-0.0322091,0.0291711,0.000816293,
732,-8.90626e-05,0.0277863,-0.673007,0.039023,0.185471,0,-0.676452,0.0158649,0.524898,0.963614,-0.000152314,-0.100253,-0.247787,0.288324,1.22197,-0.527894,-0.530423,0.581473,-0.526878,0.244528,1.22193,1.62565,-0.0403182,-0.89247,-0.380707,-1.35486,-0.43431,-3.08589,1.76914e-05,1.10285,-0.00727009,-0.431544,0.0534572,-0.0122379,-0.000504168,
733,-0.00020554,0.0275605,-0.426857,0.038706,0.0903417,0,-0.62132,0.00614748,0.47271,0.962791,-0.0296578,-0.122979,-0.238809,0.0143559,1.22196,-0.441691,-0.530409,0.437985,-0.522592,0.243127,1.22192,2.09898,-0.268563,-0.752428,-1.85402,-0.312267,1.77153,-7.83446,-3.87307e-05,2.22937,0.07717,-5.12631,0.0226209,-0.0520931,6.96366e-06,
734,0.000450957,0.0275872,0.102437,0.0387436,-0.107782,0,-0.322863,-0.00853091,0.510718,0.972423,-0.0335035,-0.110299,-0.202746,-0.440965,1.22194,-0.338168,-0.522178,0.087303,-0.5231,0.240068,1.22192,2.79651,-0.932038,1.22869,0.184431,1.12845,2.04386,-10.4458,0.000545003,2.13016,0.0177347,-8.92574,-0.0122197,-0.0777803,0.00020602,
735,0.00119047,0.0276927,0.313245,0.0388917,-0.374293,0,0.339528,-0.0109092,0.559823,0.981644,-0.0374484,-0.0846304,-0.166762,-0.577242,1.22196,-0.253103,-0.523165,-0.406346,-0.525103,0.237284,1.22191,2.60193,-1.38751,0.727965,-0.472536,0.925075,1.33115,1.47221,0.000210537,1.26802,-0.0228175,-10.8106,-0.0636871,-0.0416779,-0.000195825,
736,0.00182253,0.0279492,0.188321,0.0392516,-0.475408,0,0.543202,-0.0133637,0.581634,0.98389,-0.0392212,-0.0590142,-0.164133,-0.44769,1.22197,-0.257095,-0.524637,-0.581057,-0.529969,0.236366,1.2219,2.45275,-0.956486,0.162873,-0.0425985,1.04995,-0.601859,3.68723,1.5657e-05,-1.4176,-0.0329588,1.65172,-0.135027,-0.00184231,3.75627e-05,
737,0.00255367,0.0284188,-0.176613,0.0399106,-0.382743,0,0.469114,-0.00254637,0.585133,0.981865,-0.0283122,-0.0416434,-0.182773,-0.233739,1.22207,-0.412223,-0.526378,-0.402023,-0.538882,0.236826,1.22191,1.67786,-0.917571,0.2755,1.06786,-0.0912611,-0.922122,4.85251,0.00375327,-4.76657,-0.0423609,5.47915,-0.214643,0.0233871,0.000151757,
738,0.00315018,0.0289782,-0.491187,0.0406955,-0.20083,0,-0.00244987,-0.000729881,0.586528,0.975094,0.000738275,-0.0476921,-0.216601,-0.0289052,1.22201,-0.566528,-0.528413,-0.0488453,-0.549497,0.23875,1.22191,1.80751,-0.721089,-0.206338,1.18974,0.0402297,-2.26642,3.36089,-0.0014492,0.651405,-0.0409413,8.63054,-0.207569,0.0579876,-1.79335e-05,
739,0.00353133,0.0295255,-0.521813,0.0414635,0.0208734,0,-0.436854,0.00938378,0.580872,0.96089,0.0130057,-0.0610062,-0.269813,0.0451377,1.22198,-0.53369,-0.530145,0.3723,-0.559885,0.241649,1.22203,1.32762,-0.16641,-0.15633,0.096907,-0.772935,-2.05146,-0.369553,-0.000183846,0.353515,-0.030426,8.21168,-0.206642,0.059133,-0.00168979,
740,0.00377711,0.0299627,-0.417788,0.0420769,0.141855,0,-0.660416,0.013483,0.560663,0.951241,0.00999494,-0.0830082,-0.296901,-0.0687442,1.22198,-0.513754,-0.531452,0.574222,-0.568182,0.244259,1.22195,1.54263,-0.401551,-0.641002,0.0270707,-1.07135,-0.0871776,-4.156,3.67124e-05,0.441532,-0.0215945,-0.915737,-0.127668,0.0424808,-0.000860877,
741,0.00362773,0.0301184,-0.118635,0.0422954,0.0355907,0,-0.56371,0.00970021,0.519784,0.953171,-0.00691402,-0.105019,-0.283528,-0.348155,1.22198,-0.467351,-0.532208,0.410176,-0.571138,0.246378,1.22193,1.84802,-0.626667,-0.84907,-1.61948,-0.77368,1.98285,-7.00271,-0.000274365,1.38808,0.00342913,-5.54916,0.0428019,0.0336619,0.000303829,
742,0.00269854,0.0297797,0.160993,0.0418202,-0.154991,0,-0.253316,-0.011459,0.488751,0.967494,-0.0519232,-0.0926319,-0.229519,-0.56088,1.22199,-0.398475,-0.52718,0.0443829,-0.56471,0.248064,1.22192,2.56978,-1.43496,0.415702,0.318476,1.44291,2.01211,0.371848,0.00219551,1.20279,0.343235,-8.88611,0.280236,0.0414324,-4.92425e-05,
743,0.000867328,0.0290308,0.138699,0.0407694,-0.39391,0,0.447606,-0.00534016,0.535531,0.980237,-0.0351248,-0.086099,-0.174609,-0.50907,1.22202,-0.369471,-0.521238,-0.430666,-0.550496,0.25067,1.22192,1.98444,-1.63039,0.754376,0.885733,0.221055,2.3347,1.60546,-0.00136511,-0.00859304,-0.059628,-10.1877,0.245216,0.0607617,-0.000200807,
744,-0.000918823,0.0284501,-0.0344444,0.0399544,-0.452433,0,0.597989,-0.00768773,0.557882,0.986299,-0.00613481,-0.0830367,-0.14241,-0.404971,1.22198,-0.439429,-0.524552,-0.565363,-0.539474,0.254528,1.22191,1.86776,-1.16385,0.168519,1.38919,0.37287,0.633195,2.54561,-0.000319472,-2.78432,-0.0688543,1.68126,0.194594,0.0860228,1.55004e-05,
745,-0.00252291,0.0280195,-0.254721,0.0393502,-0.334128,0,0.456019,-0.00223448,0.55614,0.987197,0.0283676,-0.0773833,-0.136563,-0.286776,1.22198,-0.547231,-0.527963,-0.374262,-0.531303,0.258793,1.22195,1.58489,-0.676928,0.107568,0.421688,-0.101564,-0.914963,2.19475,-3.53218e-05,0.248897,-0.060113,5.94784,0.127588,0.0791539,0.00711908,
746,-0.00367483,0.0277195,-0.295014,0.0389293,-0.135266,0,0.0709142,0.00405579,0.562067,0.981289,0.0239526,-0.0880944,-0.16952,-0.226018,1.22197,-0.530068,-0.530684,-0.000667448,-0.525611,0.261938,1.22198,1.19362,-0.316394,-0.123633,-0.179138,-0.49564,-1.48368,0.248192,-8.40288e-05,0.201315,-0.054724,8.9615,0.106886,0.0541938,-0.00247663,
747,-0.00431931,0.0275691,-0.251522,0.0387182,0.126371,0,-0.477889,0.00738809,0.542596,0.973994,0.0212208,-0.0981882,-0.203089,-0.267884,1.22197,-0.52492,-0.533352,0.449272,-0.522756,0.26385,1.22192,1.08484,-0.324634,-0.654013,-0.126925,-0.45239,-1.20291,-1.90484,-6.23004e-05,0.0374363,-0.0518471,9.03507,-0.0154843,0.0224269,-0.000452098,
748,-0.00401675,0.0276051,-0.093854,0.0387688,0.20249,0,-0.606257,0.0161708,0.505231,0.971007,0.00276814,-0.119513,-0.207013,-0.407358,1.22197,-0.501489,-0.535385,0.561719,-0.523441,0.262648,1.22197,1.22016,-0.418035,-0.846155,-0.925949,-1.41195,0.527048,-3.65448,-3.01347e-05,0.904615,-0.0324883,-1.76659,-0.0057123,-0.0603124,-0.000593286,
749,-0.00314608,0.0276013,0.129925,0.0387633,0.0861524,0,-0.574723,-0.00506034,0.480995,0.973696,-0.0318455,-0.124432,-0.188201,-0.556586,1.22198,-0.425922,-0.531957,0.372547,-0.523367,0.258245,1.22192,2.19188,-0.67301,0.21845,0.0722594,0.990119,0.579947,-0.0263573,0.000316115,2.00846,0.277444,-5.67685,0.00179807,-0.109549,-0.000930732,
750,-0.00178983,0.0276218,0.196746,0.0387921,-0.128777,0,-0.202981,-0.0122119,0.503926,0.982701,-0.0247306,-0.0877713,-0.161193,-0.518631,1.22198,-0.319286,-0.521598,-0.00076694,-0.523756,0.251618,1.22191,2.66361,-1.03472,0.302165,0.126681,1.48965,1.45988,1.24151,-0.000200393,2.35791,-0.0201884,-9.35466,-0.0213953,-0.146232,-5.18485e-05,
751,-9.66113e-05,0.0277547,0.192617,0.0389787,-0.396545,0,0.497808,-0.00653249,0.522214,0.989264,-0.00954594,-0.0787208,-0.122754,-0.423061,1.222,-0.228007,-0.523322,-0.49398,-0.526279,0.244289,1.22191,2.09607,-1.17796,0.127499,0.714409,0.30326,1.56783,2.58703,-0.00122759,1.30616,-0.0326007,-10.3671,-0.0868571,-0.147687,-0.000146856,
752,0.00168312,0.0280397,0.0272562,0.0393786,-0.432878,0,0.623694,-0.00627158,0.529446,0.98936,-0.00305578,-0.0781506,-0.122679,-0.260946,1.22197,-0.233683,-0.525047,-0.553995,-0.531688,0.237862,1.22196,1.61427,-0.410634,0.0224735,-0.0296089,0.211401,-0.582587,3.87661,-0.000286551,-1.54122,-0.0358094,2.2983,-0.118719,-0.118074,-0.0013681,
753,0.00342817,0.0284125,-0.309653,0.0399017,-0.311555,0,0.501759,0.00115186,0.526627,0.98657,-0.0101878,-0.0779972,-0.143151,-0.0668647,1.22199,-0.387026,-0.526653,-0.328541,-0.538761,0.23238,1.22195,1.03906,-0.12497,-0.0840752,-0.0541285,-0.469114,-0.985732,3.88697,0.00326963,-4.57155,-0.0343711,6.68224,-0.157712,-0.0982512,-0.00118391,
754,0.0046808,0.0287429,-0.564116,0.0403654,-0.0891677,0,0.0394569,0.00455874,0.517453,0.980117,-0.0059059,-0.0839933,-0.179671,0.0666206,1.22203,-0.57223,-0.528541,0.0878299,-0.545032,0.228999,1.22191,0.730991,0.227885,0.0151484,0.311783,-0.468525,-2.36696,1.48741,0.00285751,0.325197,-0.045966,9.92586,-0.0659671,0.00381283,-0.000431737,
755,0.00453028,0.0288419,-0.516832,0.0405043,0.183302,0,-0.53615,0.0132309,0.509715,0.968198,0.00225994,-0.109832,-0.224778,0.0359095,1.22201,-0.536098,-0.530717,0.554097,-0.54691,0.230624,1.22191,0.73926,0.154403,-0.349506,0.128428,-1.0607,-0.709688,-2.6909,-0.00119741,0.470613,-0.0364027,3.96943,-0.00634936,0.0309635,0.000497874,
756,0.00381915,0.0286144,-0.283035,0.040185,0.163932,0,-0.54375,0.00914246,0.48798,0.967556,-0.0191874,-0.122893,-0.219922,-0.190243,1.22197,-0.481222,-0.531986,0.521815,-0.542592,0.232193,1.22192,1.03709,0.0115975,-0.575627,-1.2098,-0.593966,1.08197,-6.32377,-5.89288e-05,1.72006,-0.0167848,-2.89832,0.157423,0.0322503,1.47753e-05,
757,0.00209919,0.0278241,0.167489,0.0390761,0.0245125,0,-0.515338,-0.00520959,0.49129,0.972701,-0.0302516,-0.114426,-0.199608,-0.549939,1.22199,-0.380857,-0.526417,0.292853,-0.527596,0.233878,1.22192,2.34289,-0.692772,0.697588,0.171306,0.92864,0.761766,-6.54678,-9.27974e-05,2.29424,0.237687,-6.21281,0.437708,0.0359672,8.88106e-05,
758,0.000986629,0.0275045,0.281383,0.0386276,-0.2128,0,-0.0167167,-0.00749243,0.515068,0.976982,-0.0276414,-0.0930249,-0.189969,-0.553378,1.22197,-0.264194,-0.522191,-0.103331,-0.521531,0.236653,1.22192,2.26461,-1.10273,0.224907,-0.154647,0.811067,0.555367,1.65015,-0.000207626,2.35953,-0.0338544,-9.61758,-0.0539344,0.0635373,-0.000183514,
759,0.000590388,0.0276861,0.22984,0.0388824,-0.468152,0,0.618024,-0.00505961,0.51829,0.980136,-0.0260844,-0.0798379,-0.179663,-0.421667,1.22202,-0.187646,-0.523924,-0.552197,-0.524977,0.240237,1.22191,1.64386,-0.960549,0.0626907,0.567859,0.0652862,-0.494531,3.60181,0.00098361,0.740208,-0.0438668,-3.80907,-0.067843,0.091503,-0.000527382,
760,-0.000253915,0.027802,-0.0315436,0.039045,-0.462503,0,0.667756,-0.00198563,0.524385,0.975274,-0.0119689,-0.0786633,-0.206177,-0.204052,1.22201,-0.235607,-0.526423,-0.513596,-0.527176,0.245494,1.22195,1.02799,-0.466476,0.188132,-0.0586537,-0.271268,-1.42393,5.09074,-0.00139116,-2.63872,-0.0452774,3.2833,-0.0559761,0.109484,0.00198255,
761,-0.00123449,0.0279217,-0.451064,0.039213,-0.331876,0,0.428628,0.00148788,0.526706,0.965312,-0.012115,-0.0793074,-0.248469,0.0384575,1.22198,-0.447577,-0.528673,-0.233572,-0.529447,0.251467,1.22195,0.850471,0.0604978,-0.0771937,-0.247488,-0.415154,-1.75716,4.60957,-0.000199122,-5.82282,-0.0380789,7.90268,-0.0453663,0.132905,-0.000446246,
762,-0.00249848,0.0279991,-0.628444,0.0393216,-0.0997925,0,-0.196934,0.00783574,0.51161,0.947466,-0.0139896,-0.0946283,-0.305217,0.18151,1.22198,-0.557331,-0.530448,0.23063,-0.530916,0.258491,1.22192,0.976293,0.395161,-0.405794,-0.31148,-0.725667,-2.92759,1.13863,-0.000407971,0.764335,-0.0341993,10.6106,0.00668726,0.166894,-0.000528056,
763,-0.00438265,0.0278496,-0.573007,0.0391118,0.107653,0,-0.619191,0.0158697,0.48424,0.928783,-0.0294353,-0.113385,-0.351623,0.121603,1.22198,-0.530386,-0.53187,0.586111,-0.528079,0.266633,1.22191,1.16251,0.189092,-0.752194,-0.592756,-1.3508,-0.286967,-3.50273,3.71428e-05,0.248319,-0.0205331,-0.124093,0.0847944,0.124829,0.000258473,
764,-0.00587017,0.027518,-0.337732,0.0386464,0.029463,0,-0.574604,-0.00147501,0.465652,0.931163,-0.0482056,-0.1179,-0.34163,-0.154031,1.22199,-0.505561,-0.529088,0.468201,-0.521786,0.271184,1.22192,1.56708,-0.663979,0.493413,-0.0434463,0.648213,1.13782,-7.47727,0.000693858,0.623002,0.18897,-4.3593,0.00237877,0.055284,0.000217794,
765,-0.00596124,0.0275903,0.0818895,0.0387479,-0.148444,0,-0.283961,-0.00540702,0.48933,0.945417,-0.0475497,-0.100005,-0.306472,-0.555558,1.22197,-0.473485,-0.521668,0.154088,-0.523159,0.272277,1.22192,1.8644,-1.18331,0.479962,-0.707063,0.81397,2.10185,-3.71573,-0.000481137,0.690807,-0.0125194,-8.13953,-0.0208609,-0.00607807,0.000301315,
766,-0.00563328,0.0276698,0.0780928,0.0388595,-0.377673,0,0.422262,2.28578e-05,0.509994,0.959178,-0.0527473,-0.08286,-0.265198,-0.545113,1.22202,-0.466861,-0.523325,-0.294057,-0.524668,0.27133,1.22192,1.28965,-1.29252,0.439703,0.115603,-0.296846,1.79188,1.15146,0.00086101,-0.419802,-0.0357796,-9.78234,-0.0351414,-0.0367664,-5.14292e-06,
767,-0.00507552,0.0277056,-0.0646739,0.0389097,-0.520978,0,0.713861,-0.00460427,0.523037,0.968626,-0.0580938,-0.0778014,-0.228771,-0.474585,1.222,-0.539349,-0.525161,-0.592697,-0.525346,0.268845,1.2219,1.12272,-0.876743,0.224396,0.29436,-0.0307857,0.381713,1.66991,0.00259829,-0.583025,-0.0484418,0.590549,0.00881713,-0.0526336,-7.28105e-05,
768,-0.00441361,0.0277239,-0.126277,0.0389354,-0.43332,0,0.58311,-0.00399827,0.521268,0.968162,-0.0468442,-0.0807772,-0.232256,-0.404642,1.22199,-0.531597,-0.527734,-0.43271,-0.525694,0.265684,1.2219,1.16612,-0.637233,-0.296578,0.572467,0.0552432,-0.627311,1.13031,-0.000619198,0.216889,-0.054006,5.74122,-0.021635,-0.074598,-6.02999e-06,
769,-0.00361323,0.0277423,-0.152576,0.0389612,-0.230989,0,0.246938,-0.00224261,0.505975,0.962854,-0.023556,-0.0797414,-0.2569,-0.37214,1.22204,-0.525916,-0.530906,-0.0478454,-0.526043,0.261829,1.22189,0.538257,-0.0423887,0.0640109,0.884279,0.225844,-1.57375,0.181403,0.00296132,0.042051,-0.0759521,9.58028,0.0424426,-0.0541524,-0.000590847,
770,-0.00341174,0.02762,-0.132508,0.0387896,0.0695873,0,-0.397331,0.0119422,0.50735,0.952471,-0.00849697,-0.0996284,-0.28775,-0.39129,1.22201,-0.524582,-0.534442,0.464098,-0.523722,0.259742,1.22192,0.248196,0.239843,-0.157837,0.577905,-0.993408,-1.26954,-0.935965,-0.00137774,0.011592,-0.0668384,10.8887,0.0474088,-0.0416101,8.02952e-05,
771,-0.00261054,0.0275988,-0.0509791,0.0387598,0.161143,0,-0.554039,0.0140973,0.492991,0.949932,-0.0145732,-0.134069,-0.281856,-0.462003,1.22197,-0.513026,-0.537176,0.584339,-0.523319,0.255535,1.22193,0.634835,-0.071283,-0.321028,-0.631809,-1.13622,1.12691,-1.87848,-0.000502713,0.460539,-0.0434533,-2.31835,-0.00463989,-0.111859,-0.000512282,
772,-0.00126262,0.0275999,0.0717478,0.0387614,0.044191,0,-0.485133,0.00190235,0.492933,0.957716,-0.0470791,-0.141915,-0.245814,-0.539512,1.22198,-0.467641,-0.535058,0.378437,-0.52334,0.248779,1.22192,1.55803,-0.564969,0.651116,0.111811,0.146273,1.05228,-0.0418559,0.000463211,1.22471,0.20628,-5.81834,0.000177951,-0.146955,-0.000405142,
773,0.000355847,0.0276064,0.112988,0.0387705,-0.157107,0,-0.120955,-0.00528385,0.538794,0.968631,-0.0454991,-0.126368,-0.209082,-0.520686,1.22198,-0.407214,-0.521715,0.014445,-0.523464,0.240714,1.22191,1.96116,-0.944032,0.795805,0.121916,0.659295,1.83914,0.64203,-0.000295768,1.29892,0.107772,-8.84136,-0.00343205,-0.1677,-0.000139974,
774,0.00204864,0.0276534,0.0959836,0.0388365,-0.390622,0,0.482842,-0.00887502,0.565285,0.979617,-0.0458793,-0.10877,-0.162529,-0.468746,1.22197,-0.372466,-0.522679,-0.439,-0.524357,0.232631,1.22191,1.82484,-0.999735,0.264363,0.0452952,0.64414,2.00696,1.42927,-0.000105335,0.101096,-0.0413938,-9.29245,-0.0315835,-0.155376,-7.17926e-05,
775,0.00363252,0.0278171,-0.0554889,0.0390662,-0.446435,0,0.617517,-0.011087,0.563236,0.985523,-0.0375621,-0.0911707,-0.137921,-0.381105,1.22197,-0.436651,-0.525077,-0.560145,-0.527462,0.226121,1.2219,1.69523,-0.562179,-0.319923,0.487732,0.792974,0.487529,2.06619,-1.09628e-05,-2.66122,-0.0506398,1.65967,-0.0939234,-0.112284,7.33694e-05,
776,0.00514063,0.0281604,-0.26857,0.0395479,-0.328581,0,0.415202,-0.0105683,0.534528,0.988064,-0.0199483,-0.0713208,-0.135071,-0.290278,1.22197,-0.565599,-0.527625,-0.366767,-0.533976,0.221569,1.2219,1.7619,-0.34697,-0.810652,0.755835,0.923037,-0.777643,1.58038,0.000157231,0.354289,-0.0527882,6.05405,-0.162764,-0.0636779,6.44425e-05,
777,0.00640891,0.028642,-0.266756,0.0402237,-0.124236,0,0.186094,-0.00112163,0.526115,0.983613,-0.00115762,-0.0848593,-0.159067,-0.261537,1.22205,-0.534905,-0.530705,0.00394305,-0.543116,0.219438,1.222,0.47951,0.563311,0.312332,-0.547025,0.140828,-1.83079,-0.421004,-0.00302844,0.377186,-0.0630032,8.64823,-0.137207,0.0397138,-0.00564423,
778,0.00639717,0.0289881,-0.192297,0.0407095,0.133116,0,-0.399532,0.00162623,0.528766,0.975916,-0.00924197,-0.0778743,-0.203566,-0.330844,1.22198,-0.525565,-0.53378,0.459596,-0.549686,0.22254,1.22191,0.368204,0.580163,-0.202024,-0.500636,0.261129,-1.70972,-2.33504,-0.000425937,0.0657662,-0.0597006,9.56981,-0.124618,0.0841351,-0.000223913,
779,0.00600339,0.029286,-0.0189693,0.0411275,0.205662,0,-0.553544,0.00964709,0.510543,0.973218,-0.0269994,-0.0841717,-0.212211,-0.480723,1.22198,-0.499694,-0.536233,0.571624,-0.555339,0.227136,1.22193,0.744216,0.308958,-0.578646,-0.744144,-0.605748,0.397,-3.64061,-2.54853e-05,0.976521,-0.0435226,-1.93429,-0.104445,0.0990908,-0.000155935,
780,0.00506798,0.029439,0.126881,0.0413422,0.0745733,0,-0.345496,0.00882854,0.482319,0.972288,-0.0337013,-0.103996,-0.206652,-0.543762,1.22203,-0.416193,-0.538045,0.377171,-0.558243,0.233176,1.22192,0.759229,-0.259385,-0.359027,1.46901,-0.700296,-0.413258,0.481554,-0.000298611,2.30204,-0.0191131,-5.80359,-0.00299126,0.146612,-0.000270806,
781,0.00296714,0.0289448,0.187306,0.0406487,-0.106657,0,-0.181545,-0.00542944,0.514902,0.979726,-0.0309991,-0.0918285,-0.175336,-0.497631,1.222,-0.308087,-0.530755,0.0537722,-0.548864,0.239375,1.22194,2.00221,-0.957527,0.69529,-0.440956,0.71639,1.95884,1.36302,-0.000560797,2.29979,0.181265,-7.4626,0.255153,0.127413,-0.000355114,
782,0.000531765,0.0283285,0.179766,0.0397838,-0.308839,0,0.407616,-0.000598212,0.538586,0.988104,-0.0453487,-0.0736678,-0.127147,-0.39707,1.22199,-0.21533,-0.522618,-0.343348,-0.537167,0.246179,1.22192,1.66044,-1.12086,0.496783,-0.302346,-0.270342,1.86473,2.62418,0.00294338,1.42087,0.0461624,-8.41016,0.220498,0.15029,0.000236751,
783,-0.0020694,0.0277514,0.0356411,0.038974,-0.421275,0,0.65534,-0.000569886,0.554777,0.990384,-0.0504108,-0.0847232,-0.0970612,-0.236509,1.222,-0.200852,-0.523259,-0.562419,-0.526216,0.25416,1.22191,1.43172,-0.85452,0.0520978,0.150087,-0.49287,0.479686,3.79976,-0.000823032,-0.819432,-0.0261134,0.515895,0.21246,0.167543,-0.00018167,
784,-0.00399028,0.0275544,-0.265571,0.0386975,-0.326351,0,0.552345,-0.00029013,0.544024,0.990385,-0.0469064,-0.0957762,-0.0881148,-0.0446717,1.22197,-0.316765,-0.524646,-0.418424,-0.522478,0.262069,1.2219,1.2833,-0.686295,-0.487349,0.266622,-0.383016,0.149423,3.87294,-0.000200537,-3.79331,-0.0290498,5.20638,-0.0262544,0.149459,-5.35698e-05,
785,-0.00528757,0.0276037,-0.565352,0.0387667,-0.111044,0,0.237509,-0.00913345,0.517515,0.989119,-0.030879,-0.112665,-0.0894254,0.0955725,1.222,-0.545093,-0.526447,-0.0644991,-0.523413,0.269014,1.2219,0.764296,-0.413876,-0.392311,0.34448,1.05018,-1.61846,1.77874,-0.000553389,-2.22859,-0.0493763,8.86666,-0.00393484,0.153646,-0.000999721,
786,-0.00650617,0.0276484,-0.550933,0.0388294,0.159276,0,-0.336775,-0.000205812,0.499968,0.986728,0.00625102,-0.0991867,-0.128413,0.0805845,1.222,-0.539135,-0.529587,0.411461,-0.524261,0.275523,1.2219,0.278069,-0.383033,-0.451045,1.27929,0.436578,-1.50354,-2.37124,-0.00101311,0.489274,-0.0626695,10.1524,-0.0367525,0.113285,0.00156933,
787,-0.0070907,0.0277416,-0.337764,0.0389602,0.268146,0,-0.523813,0.0128856,0.491811,0.983196,0.00404596,-0.124024,-0.13389,-0.136446,1.22197,-0.488013,-0.531736,0.57629,-0.52603,0.279276,1.22198,0.357584,0.00497032,-0.141,-0.715771,-0.996361,0.623668,-6.27365,-0.000391888,1.5608,-0.033923,-1.53216,-0.0345651,0.0300662,-0.00176876,
788,-0.00727906,0.0275782,0.133424,0.0387309,0.170533,0,-0.544807,0.00366335,0.494726,0.983218,-0.0164963,-0.140574,-0.115105,-0.504127,1.22198,-0.369903,-0.530399,0.412803,-0.522928,0.278785,1.22193,1.70839,-0.214076,0.911116,0.217562,-0.0342766,0.335955,-8.40262,0.000450344,2.93184,0.181087,-4.80106,0.173551,-0.0476653,-0.000296951,
789,-0.00659042,0.0275645,0.342198,0.0387117,-0.0309898,0,-0.252094,-0.00327155,0.548154,0.985529,-0.020509,-0.13079,-0.105857,-0.556061,1.22197,-0.199481,-0.521585,0.0867406,-0.522669,0.275208,1.22192,2.15497,-0.67796,0.964363,-0.888218,0.486003,1.07357,1.26695,-0.000280533,3.92237,-0.0102859,-8.28949,-0.0280964,-0.103975,-9.83144e-05,
790,-0.00523913,0.0276447,0.394396,0.0388242,-0.290527,0,0.35364,-0.00837774,0.585584,0.98893,-0.0408188,-0.114182,-0.0855221,-0.431623,1.22197,-0.0146276,-0.523167,-0.363135,-0.52419,0.269131,1.22191,2.08581,-0.82101,0.531339,-0.625419,0.659313,0.778255,3.69072,-0.00012899,3.47569,-0.0296329,-9.69366,-0.0313778,-0.138064,-0.000106702,
791,-0.0035972,0.0277888,0.27566,0.0390265,-0.428897,0,0.603583,-0.0105664,0.597844,0.989949,-0.0515253,-0.0960388,-0.0901213,-0.179091,1.22197,0.103888,-0.524772,-0.582042,-0.526926,0.262157,1.2219,1.93422,-0.518327,-0.0345246,-0.313809,0.707538,-0.990379,6.38815,-7.91445e-06,1.28542,-0.034821,1.19043,-0.0822743,-0.142292,3.57271e-05,
792,-0.00156335,0.0281018,-0.093235,0.0394657,-0.346992,0,0.459692,-0.00675965,0.583191,0.988076,-0.0539361,-0.0791758,-0.120533,0.18292,1.22196,0.0894134,-0.526488,-0.414543,-0.532864,0.254701,1.2219,1.80817,-0.516702,-0.442831,-0.0729416,0.41042,-1.51797,8.0669,0.00210962,-1.83521,-0.0323044,5.47757,-0.150565,-0.151845,0.000312297,
793,0.000554433,0.0285126,-0.551423,0.0400422,-0.172726,0,0.156164,0.00700556,0.571279,0.979621,-0.0335854,-0.103647,-0.168739,0.557984,1.22203,-0.0624406,-0.528072,-0.063672,-0.540661,0.247684,1.22191,1.19197,-0.669886,-0.440972,0.91546,-0.918648,-2.02116,5.69516,-0.00196854,-4.23348,-0.0319188,8.52498,-0.171246,-0.14163,-0.000307871,
794,0.00262402,0.028877,-0.682992,0.0405536,0.0817959,0,-0.359488,0.00691159,0.533033,0.971928,-0.0112146,-0.12339,-0.200012,0.533101,1.22198,-0.301601,-0.529705,0.380065,-0.547577,0.240501,1.22191,0.829803,-0.468165,-1.06259,0.815123,-0.463443,-1.10905,-3.10045,-0.000408433,-5.31107,-0.0300579,9.22514,-0.102955,-0.140583,6.07411e-05,
795,0.00406703,0.0289034,-0.660359,0.0405906,0.215062,0,-0.538566,0.00993245,0.484452,0.970886,-0.00609632,-0.114122,-0.210521,0.257407,1.2214,-0.536043,-0.530977,0.582787,-0.548079,0.233491,1.22185,0.477367,-0.216391,-0.202952,0.704377,-0.629414,0.64209,-7.77873,-0.103466,-1.93795,-0.0406405,-1.26514,0.141252,-0.202064,-0.00638262,
796,0.00515522,0.0282906,-0.276671,0.0397307,0.134231,0,-0.424139,0.00949506,0.486719,0.976184,-0.0237776,-0.128832,-0.172923,-0.241746,1.22127,-0.525819,-0.53248,0.426035,-0.536449,0.222641,1.22186,0.904856,-0.0483355,-0.0398695,-1.00102,-0.732781,2.56521,-12.1802,0.134759,1.14922,-0.0190925,-4.97868,0.281473,-0.21929,0.00205337,
797,0.00565208,0.0274753,0.146692,0.0385865,-0.0310935,0,-0.253582,-0.00395807,0.514754,0.982689,-0.033483,-0.127516,-0.130158,-0.60472,1.22239,-0.456962,-0.525954,0.117824,-0.520976,0.21298,1.22191,1.94405,-0.801357,0.944002,0.279542,0.600872,1.18109,1.10238,-0.0147451,1.69965,0.256109,-7.3764,0.0536102,-0.162217,0.000257084,
798,0.00719388,0.0275773,0.130372,0.0387297,-0.25469,0,0.298718,-0.00683094,0.549234,0.9882,-0.0297624,-0.113067,-0.0989436,-0.510932,1.22201,-0.379814,-0.522349,-0.288147,-0.522912,0.206138,1.22191,1.88295,-0.931379,0.430713,0.196958,0.545517,1.34026,2.38628,-0.00233253,1.38825,-0.0317909,-8.85055,-0.0591412,-0.112064,-0.000102552,
799,0.00830573,0.0277854,0.013023,0.0390217,-0.414601,0,0.627091,-0.0098209,0.556482,0.991859,-0.0232952,-0.098788,-0.0769085,-0.370515,1.22197,-0.357491,-0.524038,-0.573077,-0.526861,0.202387,1.2219,1.70425,-0.607983,-0.146765,0.552638,0.625509,-0.0397207,3.22729,6.24936e-06,-0.464591,-0.0393234,0.126636,-0.101252,-0.0336686,-0.000155578,
800,0.0089327,0.028142,-0.239438,0.0395222,-0.341272,0,0.539971,-0.0105027,0.535884,0.993319,-0.00628211,-0.0823589,-0.0805965,-0.210747,1.22197,-0.454925,-0.526041,-0.451291,-0.533628,0.202375,1.2219,1.55611,-0.43014,-0.673436,0.667815,0.830506,-0.351308,3.16365,-1.56809e-06,-3.40927,-0.0400573,4.66995,-0.167861,0.0329638,2.22591e-05,
801,0.00884796,0.0286169,-0.424114,0.0401885,-0.161749,0,0.319192,0.00265251,0.522936,0.990854,-0.00735994,-0.0829117,-0.106209,-0.0996581,1.22203,-0.552355,-0.527865,-0.125986,-0.54264,0.206976,1.22198,0.735907,0.513283,0.162574,-0.656651,-0.4497,-1.88878,1.29784,-0.000452783,0.517169,-0.0408221,8.26707,-0.15858,0.186663,-0.00234651,
802,0.00735355,0.0289856,-0.393728,0.0407059,0.0887745,0,-0.267368,0.00538056,0.517191,0.983684,-0.0182532,-0.0914474,-0.153852,-0.113878,1.22199,-0.530082,-0.529929,0.335301,-0.549637,0.217718,1.22192,0.560789,0.596201,-0.392549,-0.477005,-0.321351,-1.84112,-1.84119,-0.000582118,0.226082,-0.0413432,10.1675,-0.120266,0.242458,-0.000458645,
803,0.00536967,0.0292277,-0.224351,0.0410456,0.239797,0,-0.551202,0.0153442,0.489266,0.97867,-0.0286347,-0.107139,-0.172932,-0.276049,1.22202,-0.504283,-0.53179,0.577533,-0.554232,0.229803,1.22192,0.670641,0.303442,-0.635691,-0.0495815,-1.29523,0.429537,-4.62038,0.000660137,0.798333,-0.0362264,-0.956799,-0.065181,0.237872,4.04847e-05,
804,0.00258721,0.0290342,0.111963,0.0407741,0.152227,0,-0.584378,-0.000587692,0.478845,0.979546,-0.0174916,-0.122081,-0.158994,-0.542097,1.222,-0.429663,-0.530476,0.436467,-0.55056,0.242067,1.22193,1.8246,-0.474879,0.660369,-0.0101967,0.508189,1.19458,-4.89068,-0.000388752,2.04956,0.168973,-4.467,0.303704,0.239808,0.000620501,
805,-0.00131001,0.0281628,0.235493,0.0395514,-0.0253416,0,-0.312403,-0.00454349,0.516941,0.98645,-0.0296516,-0.103459,-0.123829,-0.545962,1.22199,-0.305965,-0.521902,0.118932,-0.534024,0.253966,1.22193,2.2827,-0.859872,0.643345,-0.439379,0.673426,1.69688,1.17564,-0.000204983,2.93363,0.00999823,-8.29603,0.33583,0.237171,-0.000343463,
806,-0.00474855,0.0274981,0.270382,0.0386185,-0.276726,0,0.302927,-0.00901211,0.538083,0.992153,-0.0392019,-0.0837935,-0.0841124,-0.445529,1.22197,-0.168253,-0.523127,-0.34232,-0.521409,0.26538,1.22191,2.24611,-1.00007,0.202042,-0.176876,0.757552,1.60019,2.82829,-0.000225565,2.5775,-0.0255157,-10.1385,0.0116426,0.220507,-0.000135046,
807,-0.00669558,0.0276074,0.165936,0.0387719,-0.413096,0,0.647895,-0.000389795,0.546918,0.993888,-0.0279288,-0.0820702,-0.0683392,-0.258629,1.22204,-0.0911451,-0.524709,-0.579717,-0.523482,0.276113,1.2219,1.59032,-0.832017,0.131647,1.16789,-0.532147,-0.423665,4.63521,-0.000933032,0.526243,-0.0382541,1.04802,-0.0703546,0.207617,-6.48664e-05,
808,-0.00824237,0.0277696,-0.136721,0.0389996,-0.319337,0,0.510157,-0.0140366,0.541819,0.992307,0.00104789,-0.0908835,-0.0840556,-0.00210148,1.22198,-0.139684,-0.52676,-0.411753,-0.526562,0.285303,1.2219,1.5005,-0.484364,-0.160368,0.713685,1.30139,-1.86348,5.62516,-0.00133625,-2.42075,-0.0562809,5.5526,-0.00368889,0.177521,-0.000869276,
809,-0.00977977,0.0278787,-0.509909,0.0391527,-0.132411,0,0.208012,0.00451978,0.539862,0.988797,0.0100563,-0.0753487,-0.128463,0.246979,1.22197,-0.315627,-0.529073,-0.0490763,-0.528632,0.293978,1.222,0.822883,0.270858,0.124245,-0.415079,-0.600676,-1.58199,4.34664,0.000136257,-4.60568,-0.0324463,8.94066,-0.0849081,0.172905,0.000328222,
810,-0.0108172,0.0280374,-0.723977,0.0393754,0.13913,0,-0.395028,0.0080747,0.532233,0.982299,0.00261507,-0.0873709,-0.165676,0.365671,1.22197,-0.550281,-0.53051,0.424866,-0.531644,0.300581,1.22193,0.711085,0.385479,-0.417293,-0.24198,-0.560596,-1.83298,0.445188,6.98714e-05,-1.97767,-0.0257227,10.0183,-0.0327157,0.0978558,-0.00090692,
811,-0.0111329,0.0280359,-0.657414,0.0393732,0.233078,0,-0.611192,0.0126204,0.500913,0.977161,-0.00658442,-0.107054,-0.183446,0.254799,1.22198,-0.533447,-0.531477,0.57924,-0.531614,0.302152,1.22192,1.14636,0.146002,-0.847395,-0.319016,-0.96104,0.313299,-4.83959,-8.54608e-05,1.08924,-0.0152742,-1.78455,0.0301416,-0.0300535,-0.000248852,
812,-0.0108461,0.0276878,-0.328811,0.0388848,0.122503,0,-0.599218,-0.00242547,0.471416,0.979713,-0.0252838,-0.126421,-0.153427,-0.101087,1.22199,-0.442582,-0.530528,0.385769,-0.525009,0.297653,1.22192,2.30991,-0.219796,0.66262,-0.553922,0.681775,1.64967,-9.34528,6.86493e-05,2.19324,0.227243,-5.61415,0.393488,-0.151017,0.000257264,
813,-0.0092133,0.0275322,0.257116,0.0386663,-0.0895651,0,-0.228629,-0.00708718,0.519145,0.987543,-0.0266621,-0.0985821,-0.119706,-0.585583,1.22197,-0.322565,-0.521818,0.00971628,-0.522055,0.288089,1.22192,2.89897,-0.662277,0.793896,-0.0852236,0.874654,0.948314,-4.04725,-0.00035529,2.77198,-0.0206062,-9.50946,-0.0500578,-0.21495,7.57937e-05,
814,-0.00661255,0.0277109,0.329709,0.0389172,-0.385618,0,0.436086,-0.011204,0.545948,0.990894,-0.0350953,-0.0762353,-0.10529,-0.545817,1.22197,-0.203315,-0.52338,-0.495482,-0.525448,0.276607,1.22191,2.69628,-0.9465,0.277217,-0.554473,0.871919,0.618946,2.30467,-5.94525e-05,1.99611,-0.0299024,-10.6939,-0.0816982,-0.252158,-0.000174791,
815,-0.00359622,0.0280139,0.19675,0.0393423,-0.438,0,0.569689,-0.00387818,0.552706,0.989518,-0.027126,-0.0632477,-0.126956,-0.372712,1.22205,-0.173363,-0.525514,-0.557867,-0.531197,0.264131,1.2219,2.02643,-0.598634,0.17661,0.987698,-0.0845688,-1.27789,4.58761,0.000982438,-0.814032,-0.0515993,2.19813,-0.147524,-0.260747,0.000127895,
816,-0.000229168,0.0284297,-0.177238,0.0399259,-0.335072,0,0.367848,-0.0033237,0.548584,0.984725,-0.0013578,-0.0676789,-0.160421,-0.11297,1.22199,-0.292099,-0.528026,-0.347314,-0.539089,0.250888,1.2219,1.89707,-0.460456,-0.341049,0.912639,0.0583141,-1.57223,5.79174,-0.00104396,-3.9103,-0.0480345,6.19251,-0.166815,-0.26862,-1.25613e-05,
817,0.00330699,0.0289065,-0.592009,0.0405949,-0.148618,0,0.0260896,0.00877314,0.54002,0.975388,-0.00378687,-0.0829548,-0.204263,0.137067,1.22197,-0.543686,-0.529747,0.0222592,-0.548136,0.237332,1.22202,1.25523,0.264707,-0.246249,-0.504641,-1.04845,-2.07064,4.22634,6.58458e-05,-4.95938,-0.0256198,8.56937,-0.188972,-0.267082,-0.00220383,
818,0.00639901,0.02929,-0.656023,0.0411331,0.0725703,0,-0.52303,0.0137069,0.515099,0.956956,-0.0132903,-0.110629,-0.267991,0.235814,1.22198,-0.549985,-0.531028,0.445832,-0.555415,0.225185,1.22193,1.37905,0.30704,-0.774409,-0.272181,-1.22707,-2.50094,-0.254998,-2.07179e-05,0.807927,-0.025198,8.358,-0.106804,-0.227014,-0.000870489,
819,0.00863742,0.0293061,-0.538511,0.0411556,0.128174,0,-0.630633,0.0115874,0.47146,0.946243,-0.0430732,-0.126056,-0.294752,0.102733,1.22197,-0.499323,-0.531633,0.553421,-0.55572,0.214092,1.22192,1.44437,-0.038654,-0.859549,-1.0741,-0.860771,0.0214255,-5.01641,0.0029353,1.21645,-0.00816832,-1.6467,0.0786066,-0.209765,-0.000187921,
820,0.00873681,0.0282817,-0.192512,0.0397182,0.0108498,0,-0.507837,0.00120485,0.494384,0.950579,-0.0451853,-0.125947,-0.280169,-0.237841,1.222,-0.432785,-0.524182,0.369716,-0.536279,0.204587,1.22193,1.74266,-0.6604,0.702645,0.353327,0.222676,0.877565,-8.61843,-0.000739845,1.62698,0.210771,-5.80101,0.503868,-0.16584,-0.000145738,
821,0.00870732,0.027472,0.232367,0.0385819,-0.195884,0,-0.0855384,-0.00472048,0.5253,0.96098,-0.0481381,-0.117373,-0.245812,-0.589577,1.22197,-0.352888,-0.522727,-0.00274237,-0.520913,0.197616,1.22192,1.90191,-1.18561,0.58979,-0.775549,0.573352,1.76409,-0.314031,-0.00022536,1.57501,-0.0240292,-9.04062,-0.0246621,-0.101631,0.000187292,
822,0.00958029,0.0276138,0.205318,0.0387809,-0.433782,0,0.520385,-0.0111429,0.545283,0.971794,-0.0524645,-0.0933739,-0.21011,-0.520327,1.22196,-0.312049,-0.523614,-0.458914,-0.523605,0.194482,1.22191,1.72112,-1.24805,0.145082,-0.212162,0.901024,1.54584,2.28125,-6.9884e-05,0.0780596,-0.0150795,-9.21455,-0.0653883,-0.0260451,-0.000116446,
823,0.00980589,0.0278852,-0.0139226,0.0391617,-0.487996,0,0.647109,-0.0100452,0.537601,0.976377,-0.0471239,-0.0693164,-0.199154,-0.371124,1.22197,-0.385048,-0.524705,-0.565698,-0.528754,0.195735,1.2219,1.5131,-0.8415,-0.30729,0.370124,0.660265,-0.141904,3.65886,0.00222941,-2.98766,-0.0253844,2.04824,-0.138726,0.0705609,0.0003261,
824,0.00937992,0.0283031,-0.342961,0.0397481,-0.373234,0,0.508941,-0.000956273,0.530815,0.972369,-0.0218327,-0.0896224,-0.214453,-0.196577,1.22203,-0.55402,-0.526335,-0.347909,-0.536684,0.201546,1.22191,1.11968,-0.618018,-0.254768,1.16226,-0.231205,-1.9503,3.36796,-0.00188577,-0.345028,-0.0388828,6.61492,-0.167768,0.168834,-0.00046256,
825,0.00716396,0.0285515,-0.413466,0.0400967,-0.183328,0,0.00861622,0.00667922,0.531444,0.956566,-0.00243024,-0.0813697,-0.27992,-0.0947478,1.22199,-0.534532,-0.528534,0.0624084,-0.541399,0.214853,1.22195,1.08277,0.363306,0.117413,0.0592061,-0.752739,-2.42012,0.714466,-8.81873e-05,0.342104,-0.03757,9.84384,-0.0719073,0.352447,0.000474575,
826,0.00368711,0.0286572,-0.371474,0.0402451,0.0923908,0,-0.561155,0.0119858,0.524967,0.938061,-0.00272076,-0.101549,-0.331242,-0.135596,1.22198,-0.525728,-0.530315,0.543991,-0.543405,0.233232,1.22193,1.01123,0.356052,-0.388655,0.0518459,-0.918838,-1.64789,-2.32604,-8.95342e-05,0.06414,-0.0325787,7.77983,-0.00932234,0.375463,-0.000316221,
827,-5.31787e-05,0.0285127,-0.187616,0.0400423,0.0898514,0,-0.603074,0.0111307,0.49782,0.934321,-0.02143,-0.122863,-0.333902,-0.317755,1.22197,-0.50762,-0.531354,0.543409,-0.540663,0.250734,1.22193,1.30955,-0.0773305,-0.628395,-1.43917,-0.815041,1.03712,-4.93176,-0.000187318,0.662004,-0.00620428,-2.9129,0.149933,0.339041,2.97903e-05,
828,-0.00434416,0.0278492,0.0949133,0.0391113,-0.0523478,0,-0.493794,-0.00666085,0.484164,0.945055,-0.0517904,-0.116916,-0.300865,-0.561406,1.22198,-0.466206,-0.527447,0.299194,-0.528072,0.266437,1.22192,2.11774,-1.09236,0.584185,0.0465637,1.1121,1.59275,-1.31837,0.000315075,0.872567,0.264568,-6.68141,0.409646,0.29317,1.42502e-05,
829,-0.00766305,0.0274923,0.0997231,0.0386104,-0.27457,0,0.0405426,-0.009939,0.502785,0.960016,-0.0423491,-0.0892928,-0.261919,-0.533598,1.22198,-0.433542,-0.522291,-0.116344,-0.5213,0.279957,1.22191,2.04383,-1.30508,0.122211,0.239569,1.09666,1.92604,1.1081,-0.00024214,0.437318,-0.0285582,-9.91954,-0.0578586,0.245457,-7.83698e-05,
830,-0.00953777,0.0276451,0.00080971,0.0388249,-0.493961,0,0.675161,-0.000729559,0.52122,0.973404,-0.0471841,-0.0832065,-0.208172,-0.463494,1.22203,-0.462684,-0.523633,-0.566548,-0.524199,0.29071,1.22192,1.30064,-1.16972,0.436064,0.0147872,-0.477512,1.55507,1.71126,-0.000660645,-1.55392,-0.0309427,-3.52926,-0.0689633,0.194937,-0.000689223,
831,-0.0110081,0.0277758,-0.166911,0.0390082,-0.454218,0,0.610692,-0.00673375,0.533071,0.976104,-0.0433078,-0.081283,-0.196823,-0.379369,1.22198,-0.547857,-0.525669,-0.509464,-0.526678,0.299239,1.2219,1.44146,-0.759188,0.0172779,0.333599,0.312339,-0.465706,1.6555,-0.000364184,0.162023,-0.0459646,3.83232,-0.0404233,0.14356,7.13719e-05,
832,-0.0117664,0.0279344,-0.199239,0.0392309,-0.295524,0,0.372743,-0.00148031,0.522482,0.973061,-0.027596,-0.0763445,-0.215782,-0.328915,1.222,-0.530855,-0.528141,-0.211343,-0.529689,0.30444,1.2219,1.0389,-0.509957,-0.214324,1.18896,-0.0306846,-0.963756,0.37748,0.00502985,0.214377,-0.0611418,8.05474,-0.073216,0.0635403,4.76693e-05,
833,-0.0116357,0.0281271,-0.176795,0.0395012,-0.0380277,0,-0.150878,0.0105045,0.510252,0.965689,-0.0122529,-0.090889,-0.242968,-0.346755,1.222,-0.525428,-0.530906,0.249768,-0.533345,0.305478,1.222,0.519033,0.0422585,-0.252346,0.036358,-1.03225,-1.38818,-1.07891,-0.000981353,0.0390983,-0.0483501,10.3706,-0.0741287,-0.0204756,-9.90178e-05,
834,-0.0107614,0.0282027,-0.0917522,0.0396073,0.188631,0,-0.577084,0.0172161,0.484909,0.958248,-0.0179747,-0.120199,-0.258824,-0.43206,1.22198,-0.524071,-0.533072,0.597265,-0.53478,0.301754,1.22194,0.741617,-0.361739,-0.72097,-0.0854318,-1.50401,0.693161,-2.33195,-2.85336e-05,0.0112703,-0.0349237,-0.412638,0.0109308,-0.141668,-0.000672937,
835,-0.00963573,0.0277719,0.0517406,0.0390028,0.115658,0,-0.612938,-0.00256287,0.471836,0.962384,-0.035151,-0.126805,-0.237701,-0.547086,1.22198,-0.495299,-0.529172,0.473172,-0.526605,0.292317,1.22192,1.79897,-0.656765,0.545048,-0.111089,0.785947,1.12263,-0.527728,0.000376756,1.02334,0.280849,-4.26544,0.372265,-0.240115,-5.72217e-05,
836,-0.00735806,0.0275117,0.102197,0.0386376,-0.0683605,0,-0.321382,-0.00603687,0.492355,0.972176,-0.0359023,-0.105719,-0.205932,-0.528484,1.22198,-0.425929,-0.521818,0.155057,-0.521666,0.278597,1.22192,2.05951,-0.945402,0.327058,-0.238219,0.891808,1.87746,0.644134,-9.30525e-05,1.72774,-0.0303368,-8.39736,-0.050137,-0.312822,-9.37229e-05,
837,-0.00382051,0.0276426,0.122759,0.0388214,-0.31182,0,0.362703,-0.00471253,0.507351,0.982793,-0.0393808,-0.0881643,-0.15746,-0.479056,1.22202,-0.355675,-0.523383,-0.31158,-0.524152,0.261993,1.22192,1.70171,-1.31189,0.737865,-0.43672,0.263545,2.75132,1.30183,0.00157067,1.03693,-0.0180967,-10.1602,-0.00993562,-0.355177,0.000124326,
838,-0.000250669,0.0276954,0.0324925,0.0388954,-0.440704,0,0.671404,-0.00511516,0.535376,0.98981,-0.0362167,-0.0816814,-0.11087,-0.393218,1.22201,-0.360714,-0.52424,-0.579354,-0.525153,0.24454,1.2219,1.40754,-0.91906,0.347069,0.641751,0.0449081,0.891903,2.12742,-0.000865532,-1.20571,-0.0236672,0.801566,-0.0340656,-0.340923,-0.000166785,
839,0.00328142,0.0278306,-0.212236,0.0390851,-0.329009,0,0.559357,-0.00555478,0.539461,0.992392,-0.0202267,-0.0795045,-0.0918,-0.283528,1.22197,-0.499039,-0.525499,-0.418465,-0.527718,0.228001,1.2219,1.23813,-0.728592,-0.182564,0.730533,0.25945,0.525958,2.25903,-0.000300898,-4.30256,-0.0261417,5.59587,-0.0666019,-0.320073,-1.31807e-05,
840,0.00651306,0.0280334,-0.328904,0.0393698,-0.104737,0,0.19559,0.00527548,0.521729,0.992219,-0.00188795,-0.0764404,-0.0982596,-0.211444,1.22197,-0.553043,-0.526855,-0.0427872,-0.531568,0.213565,1.22196,0.847524,-0.182948,-0.18816,-0.203737,-0.686615,-0.99215,0.633425,0.000103423,0.775433,-0.0196437,9.40186,-0.0931095,-0.260087,0.00656621,
841,0.00915277,0.0282138,-0.280681,0.0396229,0.190298,0,-0.400871,0.0124311,0.505759,0.987159,-0.0149882,-0.100629,-0.123151,-0.240683,1.22197,-0.529104,-0.527662,0.451575,-0.53499,0.201902,1.22197,0.49323,-0.0865153,-0.595029,-0.446639,-1.0656,-0.853474,-1.78356,-7.48414e-05,0.203232,-0.0157875,10.3587,-0.0403126,-0.204074,-0.00210523,
842,0.0110151,0.0281816,-0.10703,0.0395778,0.281269,0,-0.600517,0.011928,0.469923,0.984484,-0.0219934,-0.13047,-0.115263,-0.379631,1.22198,-0.487073,-0.527256,0.575349,-0.53438,0.192271,1.22192,1.092,-0.486379,-0.6319,1.36924,-0.880421,0.247362,-3.74494,0.000280581,1.43024,0.0611015,-1.98842,0.0741548,-0.164046,-0.000828689,
843,0.0111013,0.0274427,0.175156,0.0385407,0.169737,0,-0.609432,-0.0057624,0.486057,0.988331,-0.0052814,-0.120843,-0.0925756,-0.558299,1.22198,-0.381318,-0.521873,0.385129,-0.520357,0.185342,1.22193,2.42913,-0.945903,0.786794,-0.299483,1.08838,1.6128,-0.819464,-0.000171725,2.92762,-0.0156017,-5.68113,0.101858,-0.110963,0.000257697,
844,0.0120123,0.0275584,0.305077,0.0387031,-0.0399991,0,-0.204488,-0.0086268,0.515296,0.994075,-0.0214997,-0.0947757,-0.0486794,-0.523595,1.22197,-0.208488,-0.523241,-0.00170819,-0.522553,0.181787,1.22192,2.70097,-1.12681,0.474359,0.311435,1.05114,1.30236,1.42526,0.000283216,3.9213,-0.0165812,-9.7543,-0.0698037,-0.0243429,-0.000678144,
845,0.0121869,0.0277959,0.357435,0.0390365,-0.335831,0,0.500097,-0.00500035,0.529995,0.996877,-0.012267,-0.0762625,-0.0164119,-0.398522,1.22202,-0.0245806,-0.523899,-0.514678,-0.527061,0.182999,1.22191,2.23843,-1.40703,0.248707,0.88193,0.0955725,1.19365,3.55357,0.000835283,3.4378,-0.0117284,-10.7545,-0.105828,0.073105,2.12203e-05,
846,0.0114321,0.0281256,0.239554,0.0394992,-0.372822,0,0.648087,0.000907572,0.537842,0.996445,0.00677572,-0.0795123,-0.026995,-0.159076,1.22198,0.085225,-0.524547,-0.560473,-0.533318,0.189686,1.22202,1.47488,-0.673441,0.317957,-0.408414,-0.671234,-1.19582,5.99552,-0.000757194,0.937676,-0.00444056,2.73743,-0.14966,0.174964,0.0018613,
847,0.00974439,0.0284386,-0.112358,0.0399383,-0.249433,0,0.424659,-0.00641841,0.544944,0.993974,-0.00106138,-0.0817318,-0.0730431,0.177411,1.22196,0.0645764,-0.525124,-0.3113,-0.539257,0.200909,1.22194,1.38046,-0.441475,-0.0392665,-0.527684,0.472016,-2.42355,7.4512,-2.46883e-05,-1.74241,-0.0174727,7.19443,-0.0880339,0.273239,-0.0014586,
848,0.00715861,0.0287008,-0.526794,0.0403062,-0.0369965,0,-0.0313993,0.00276072,0.539335,0.987372,0.00464597,-0.0798014,-0.136776,0.520201,1.22201,-0.065497,-0.526034,0.116842,-0.544232,0.216192,1.22191,0.910272,-0.554095,-0.209644,0.572202,-0.220078,-2.65163,6.27397,-0.000814968,-3.44891,-0.0198239,9.90828,-0.108857,0.336,-0.000224509,
849,0.00420331,0.0289347,-0.651834,0.0406344,0.231873,0,-0.517981,0.0169021,0.534531,0.978709,0.023289,-0.102928,-0.176045,0.536103,1.22197,-0.242378,-0.527197,0.56975,-0.548671,0.233081,1.22198,0.368453,-0.228276,-0.171121,0.473486,-1.49318,-0.386442,-2.41421,0.000221954,-3.62315,-0.0143545,3.53451,-0.0750334,0.331245,-0.000344135,
850,0.000991976,0.0289296,-0.5896,0.0406273,0.206494,0,-0.512967,0.0101667,0.52441,0.977995,0.00813423,-0.126224,-0.165913,0.298791,1.22197,-0.378262,-0.527657,0.52298,-0.548574,0.249154,1.22194,0.80243,-0.0674574,-0.264438,-1.10234,-0.717811,1.29286,-7.03909,2.6391e-06,-1.82541,-0.00331521,-3.0856,0.07663,0.312305,-0.000496485,
851,-0.00251825,0.0285968,-0.272091,0.0401604,0.0771342,0,-0.371988,-0.000569807,0.504678,0.982463,-0.0301822,-0.135935,-0.124005,-0.152541,1.22197,-0.431661,-0.526973,0.280938,-0.54226,0.263846,1.22192,1.53302,-0.13712,0.0673766,-0.51053,0.350477,2.27749,-10.9774,0.000533867,-0.494206,0.146877,-6.39316,0.239805,0.268083,-0.000249225,
852,-0.00631045,0.0278418,0.154452,0.0391009,-0.113804,0,-0.000703768,-0.00744222,0.521273,0.990464,-0.0324484,-0.112849,-0.0720683,-0.604356,1.22197,-0.448657,-0.521909,-0.0913824,-0.527931,0.276241,1.22192,2.08111,-0.632787,0.243381,-0.0602564,0.816887,1.43161,-0.50281,7.02391e-05,-0.0656342,-0.0328487,-8.57615,0.291089,0.250955,0.000179421,
853,-0.00918564,0.0275005,0.0589746,0.0386218,-0.350654,0,0.533732,-0.0111404,0.52071,0.994207,-0.0387416,-0.0911231,-0.0418097,-0.531358,1.22197,-0.472315,-0.523637,-0.509826,-0.521454,0.287671,1.22191,1.95734,-0.739306,-0.264738,-0.227207,0.849816,1.20491,2.1541,-8.61784e-05,-0.876876,-0.0332502,-8.1669,-0.045474,0.203325,-0.000151401,
854,-0.0108546,0.0276196,-0.125526,0.0387891,-0.376729,0,0.676244,-0.0107001,0.519553,0.99506,-0.0201135,-0.084714,-0.0476891,-0.41609,1.22205,-0.542281,-0.526394,-0.544372,-0.523716,0.297096,1.2219,1.15466,-0.37912,0.087032,0.884913,0.76153,-1.43549,2.4663,-0.0017785,-0.0663309,-0.0673611,2.43368,-0.0323916,0.171038,-0.000183254,
855,-0.0119743,0.0277954,-0.208348,0.0390357,-0.25636,0,0.525683,0.00165506,0.522372,0.992698,0.00369879,-0.0808801,-0.0894211,-0.318583,1.22201,-0.530027,-0.529751,-0.302579,-0.52705,0.304261,1.22196,0.656427,0.308534,0.330695,0.305278,-0.504563,-2.01367,1.43844,-0.00072079,0.188212,-0.0669153,7.14706,-0.0660472,0.160125,-0.00583619,
856,-0.0134224,0.0278339,-0.234388,0.0390898,-0.0343321,0,-0.00307698,0.00489807,0.536805,0.985172,0.0124445,-0.0813919,-0.150519,-0.286383,1.22198,-0.52521,-0.533313,0.138726,-0.527782,0.311869,1.22187,0.541365,0.731838,0.107533,0.262282,-0.459041,-2.40273,-0.143124,-5.42195e-06,0.034816,-0.06962,10.5255,0.00628094,0.135863,0.000780213,
857,-0.0144199,0.0277486,-0.185429,0.0389701,0.235833,0,-0.574931,0.0151647,0.530558,0.974912,0.0195722,-0.0989926,-0.198403,-0.336421,1.22197,-0.52402,-0.536562,0.59866,-0.526163,0.316126,1.22191,0.709317,0.520282,-0.308619,0.0790128,-1.25219,-0.534632,-1.85644,0.000123759,0.0088249,-0.0544947,2.11621,0.0525537,0.0147256,0.00127832,
858,-0.0142262,0.0275486,-0.0205331,0.0386894,0.17955,0,-0.549395,0.0143624,0.507491,0.97297,0.00260088,-0.129496,-0.191191,-0.461313,1.22197,-0.481849,-0.538782,0.512343,-0.522367,0.313396,1.22193,1.13736,0.282194,-0.499312,-1.54943,-1.24057,1.63496,-3.13145,-0.00013756,1.65383,-0.0252826,-3.87556,0.00126205,-0.126408,0.00013412,
859,-0.0123102,0.027588,0.161226,0.0387447,0.0224819,0,-0.458111,-0.0039656,0.508055,0.978123,-0.034792,-0.134508,-0.154833,-0.541499,1.22199,-0.378854,-0.534049,0.234138,-0.523115,0.304124,1.22192,2.37862,-0.323227,0.841643,0.112765,0.718104,0.812576,0.298005,0.000271127,2.34401,0.264236,-7.16017,-0.0109579,-0.234014,-0.000260462,
860,-0.00946125,0.0276261,0.228741,0.0387981,-0.219044,0,0.0619085,-0.0104853,0.550348,0.985328,-0.0323588,-0.109278,-0.12704,-0.497605,1.22197,-0.264744,-0.520879,-0.194109,-0.523837,0.290159,1.22191,2.61998,-0.611558,0.692463,0.00389412,1.08557,1.44911,1.44856,-0.000293286,2.2694,0.0568962,-9.99707,-0.0209388,-0.320931,-0.000108006,
861,-0.00583443,0.0277647,0.189532,0.0389927,-0.432212,0,0.541011,-0.0140307,0.57062,0.991039,-0.0305666,-0.0813991,-0.101401,-0.384969,1.22197,-0.193117,-0.522849,-0.575523,-0.526468,0.273174,1.2219,2.41834,-0.300061,0.10386,0.341381,1.13691,-0.0893935,3.05053,0.000114065,0.637226,-0.0607364,-0.668859,-0.0866625,-0.34946,-0.000312671,
862,-0.00163208,0.0281251,-0.0382793,0.0394985,-0.382867,0,0.480013,-0.011593,0.562675,0.992486,-0.0177825,-0.0527925,-0.108939,-0.201525,1.22197,-0.239824,-0.525873,-0.486905,-0.533308,0.255251,1.2219,2.17131,-0.253306,-0.274964,0.621792,0.927977,-0.507724,4.26917,0.00332053,-2.48326,-0.0613058,3.73627,-0.182285,-0.365696,0.000257442,
863,0.0029201,0.0286854,-0.405116,0.0402846,-0.232154,0,0.368893,0.00328906,0.565685,0.990205,0.0103113,-0.0595159,-0.125877,-0.000854139,1.22205,-0.430608,-0.529193,-0.217349,-0.54394,0.23733,1.222,1.09994,0.00402524,0.169468,0.537855,-0.61875,-0.98551,3.77132,-0.00242247,-5.12187,-0.0602378,7.02614,-0.252129,-0.358371,0.001345,
864,0.00727512,0.0292813,-0.586896,0.0411209,-0.00885266,0,-0.16254,0.00976719,0.562307,0.983585,0.0250948,-0.0766971,-0.161395,0.109541,1.22199,-0.563378,-0.532122,0.193105,-0.55525,0.220712,1.22195,1.05427,0.280476,-0.191001,0.440827,-0.998926,-2.08448,0.673434,-0.000343799,0.754892,-0.0561622,9.37691,-0.201132,-0.302627,0.00101484,
865,0.0107499,0.0296823,-0.507088,0.0416836,0.220398,0,-0.595734,0.0126954,0.543598,0.973638,0.0291618,-0.10317,-0.201333,0.0348777,1.22198,-0.523924,-0.534707,0.580488,-0.562861,0.206797,1.22196,1.02183,0.262219,-0.389083,-0.742809,-0.968952,-0.515257,-3.63084,-0.000359361,0.712893,-0.0386752,1.75647,-0.0764106,-0.269065,0.00126855,
866,0.0131646,0.0297006,-0.211681,0.0417091,0.166285,0,-0.57136,0.0112894,0.515909,0.973027,-0.00447666,-0.118946,-0.197609,-0.235269,1.22198,-0.450199,-0.536239,0.500547,-0.563207,0.194836,1.22194,1.35411,0.160187,-0.710772,-1.6026,-0.877279,1.12522,-7.1465,6.08279e-05,2.22406,-0.02165,-3.80687,0.0557236,-0.211336,-0.000413783,
867,0.0140658,0.0292435,0.251792,0.0410678,0.000239083,0,-0.474413,-0.0111575,0.504493,0.977967,-0.0339864,-0.113594,-0.17182,-0.578926,1.22199,-0.3216,-0.532419,0.220581,-0.554532,0.186294,1.22193,2.77486,-0.711313,0.808547,-0.0420605,1.5823,0.770398,-1.77719,0.000210148,2.77668,0.275583,-7.19312,0.349072,-0.125388,-7.08387e-05,
868,0.0133295,0.0284431,0.330425,0.0399446,-0.2533,0,0.0865808,-0.0136111,0.532436,0.984611,-0.0300679,-0.0754611,-0.154734,-0.529597,1.22198,-0.186291,-0.5214,-0.216364,-0.539341,0.182952,1.22192,2.68733,-0.979972,0.289083,-0.0989924,1.44484,0.900163,2.11743,-0.000232083,2.63404,0.0049917,-10.2639,0.261454,-0.0123308,-0.000101017,
869,0.0118011,0.0278578,0.257914,0.0391233,-0.474388,0,0.625031,-0.00366844,0.552755,0.986876,-0.0138714,-0.068171,-0.145723,-0.367018,1.22205,-0.103145,-0.523297,-0.59855,-0.528235,0.185479,1.22191,1.87769,-0.771654,0.320879,1.28859,-0.15085,-0.984685,4.38758,-0.00151855,0.739182,-0.0495876,-0.142473,0.174771,0.119413,-0.000449275,
870,0.00964603,0.0275532,-0.0466859,0.0386959,-0.418637,0,0.563986,-0.000450147,0.55726,0.981632,0.016935,-0.0759664,-0.174186,-0.105772,1.22198,-0.152492,-0.525727,-0.473422,-0.522455,0.193619,1.22194,1.5374,-0.410697,0.111679,0.354718,-0.418486,-1.60051,6.04931,-0.00084292,-2.68659,-0.0413127,4.75569,-0.00505487,0.196802,0.00534961,
871,0.00748889,0.027603,-0.492914,0.0387658,-0.254061,0,0.238323,0.00260835,0.554684,0.972007,0.0212351,-0.0882029,-0.21673,0.180702,1.22196,-0.359201,-0.527582,-0.138952,-0.5234,0.204884,1.22195,1.27,-0.0854307,-0.316129,0.166129,-0.457277,-1.84008,5.41371,-4.66806e-05,-5.55935,-0.0337804,8.59028,-0.0185107,0.257297,-0.00147856,
872,0.00408617,0.027612,-0.730368,0.0387784,-0.0170594,0,-0.376426,0.0116704,0.548973,0.957556,0.014072,-0.0906146,-0.273273,0.354772,1.22198,-0.574744,-0.529055,0.319415,-0.523571,0.222042,1.22194,1.3267,0.617593,-0.177318,-0.417233,-1.10491,-2.69499,1.59203,0.000197928,0.279421,-0.0239301,9.81425,0.000160048,0.406075,-0.000670037,
873,0.000189125,0.0276102,-0.681389,0.0387759,0.130263,0,-0.661089,0.0160215,0.527698,0.942219,-0.00129913,-0.116662,-0.314024,0.298476,1.22197,-0.533226,-0.530021,0.576719,-0.523537,0.241584,1.22192,1.53302,0.338684,-0.654446,-0.489345,-1.37872,-0.321412,-3.80367,-9.35222e-05,0.7961,-0.0139196,-0.7711,0.000429092,0.369779,-0.000261023,
874,-0.00323647,0.0276054,-0.430191,0.0387691,0.0309753,0,-0.569138,0.0104495,0.490045,0.944279,-0.0432161,-0.131933,-0.298436,-0.0121782,1.22196,-0.47231,-0.530142,0.42082,-0.523445,0.258734,1.22192,1.81788,0.138776,-0.794363,-2.42687,-0.854494,2.32996,-8.58623,-0.000100046,1.62569,0.0144693,-5.39206,0.000557591,0.30912,4.82813e-05,
875,-0.00610581,0.027602,0.101815,0.0387643,-0.166921,0,-0.290338,-0.00996208,0.502773,0.957849,-0.0499648,-0.106101,-0.262244,-0.508308,1.22197,-0.406139,-0.52283,0.0668885,-0.52338,0.273105,1.22191,2.67218,-0.934779,0.48776,0.328683,1.28271,1.67403,-11.2577,-0.000374669,1.24883,0.0906508,-8.8827,-0.00284199,0.25998,-5.16675e-05,
876,-0.00846947,0.0277015,0.194511,0.038904,-0.42961,0,0.398074,-0.0105398,0.516264,0.967221,-0.0423613,-0.0756143,-0.238687,-0.571134,1.22196,-0.374113,-0.523016,-0.418654,-0.525269,0.285844,1.22191,2.22,-1.3825,0.126637,0.129782,0.867674,0.94881,1.71311,0.00237235,0.0143862,-0.0241197,-10.536,-0.0637055,0.234318,7.96656e-05,
877,-0.0102577,0.0279024,0.00257583,0.039186,-0.522176,0,0.638718,-0.00981609,0.525972,0.967314,-0.0166957,-0.0770462,-0.241017,-0.452438,1.22202,-0.449862,-0.525007,-0.582045,-0.529082,0.296586,1.2219,1.67269,-0.783148,0.0274547,1.02991,0.615954,-0.876301,3.03598,-0.00166127,-3.02809,-0.0456354,1.83372,-0.0835096,0.190834,-0.000102131,
878,-0.011222,0.0282254,-0.241062,0.0396392,-0.433093,0,0.483019,0.000819279,0.535367,0.956435,-0.0122528,-0.0793607,-0.280686,-0.303357,1.22198,-0.549258,-0.526773,-0.375555,-0.535211,0.304265,1.222,1.44234,-0.0383425,0.144276,-0.274494,-0.47554,-2.52791,2.93042,-0.00023506,0.398386,-0.0320987,6.38987,-0.155869,0.122432,-0.00191041,
879,-0.0114415,0.0285801,-0.314891,0.0401369,-0.25951,0,-0.0209649,-0.00582596,0.531927,0.933259,-0.0136345,-0.0807279,-0.349751,-0.204275,1.22197,-0.530241,-0.528503,0.0232227,-0.541942,0.308485,1.22192,1.45614,0.287367,-0.214275,-0.474541,0.734234,-3.48726,1.05028,-0.000252012,0.200887,-0.0382906,9.51254,-0.0973225,0.0525665,-0.000984727,
880,-0.0115127,0.0288473,-0.304103,0.0405119,-0.0175215,0,-0.576526,0.0116629,0.51655,0.906297,-0.0230535,-0.086993,-0.412948,-0.211202,1.22198,-0.525237,-0.530086,0.482411,-0.547013,0.311192,1.22192,1.4954,0.524984,-0.500252,-0.456153,-0.940999,-2.29543,-1.3012,-8.5451e-05,0.0355902,-0.0278081,8.87142,-0.113043,0.0254256,8.85186e-05,
881,-0.0107375,0.0290297,-0.190543,0.0407678,0.0090638,0,-0.65235,0.0151871,0.480792,0.894019,-0.0474595,-0.109003,-0.431968,-0.331082,1.22198,-0.523983,-0.53106,0.539986,-0.550475,0.308905,1.22192,1.68491,0.108375,-0.944319,-0.655139,-1.31359,-0.130209,-3.46763,-6.77225e-05,0.0111417,-0.0159693,-2.19213,-0.0248128,-0.100896,-0.000119757,
882,-0.00996717,0.0285933,0.0115333,0.0401554,-0.124208,0,-0.426604,-0.00371467,0.469861,0.904838,-0.0598788,-0.095406,-0.410586,-0.535326,1.22198,-0.523792,-0.52721,0.32263,-0.542192,0.301201,1.22192,1.56798,-1.03228,0.198312,0.40238,0.775973,1.4402,-3.82034,0.0015662,0.00919005,0.126072,-6.55278,0.278637,-0.197006,0.000131316,
883,-0.0091204,0.0277582,0.017949,0.0389835,-0.324698,0,0.119848,-0.00291787,0.496965,0.92394,-0.0565462,-0.0862229,-0.368379,-0.542075,1.22199,-0.524124,-0.522118,-0.067895,-0.526345,0.289609,1.22192,1.38248,-1.38148,0.364415,0.104134,0.288204,2.0805,0.693313,-0.00053689,-0.00350726,-0.0273597,-9.1691,0.305982,-0.264958,-0.000266638,
884,-0.00661575,0.027532,-0.018946,0.0386661,-0.517225,0,0.631571,-0.0053662,0.512317,0.943228,-0.0656459,-0.0786675,-0.315947,-0.505596,1.22199,-0.524544,-0.523658,-0.491703,-0.522053,0.27505,1.22191,1.18321,-1.38923,0.285085,-0.105972,0.163197,2.22873,0.769506,-0.000566555,-0.00371472,-0.0111507,-7.78154,-0.0390983,-0.315586,-0.000346198,
885,-0.00322009,0.0276668,-0.0536137,0.0388553,-0.524939,0,0.658596,-0.00643151,0.521079,0.952232,-0.0548125,-0.0749278,-0.290922,-0.471299,1.22198,-0.524964,-0.524081,-0.533829,-0.524611,0.259192,1.2219,1.23429,-0.971498,-0.0809116,0.646094,0.251087,0.459137,0.603709,-0.000492934,-0.00543229,-0.0129947,2.40346,-0.0687388,-0.326657,4.32517e-06,
886,0.000344862,0.027867,-0.0735081,0.0391362,-0.396436,0,0.467655,-0.0129461,0.512696,0.953481,-0.02963,-0.0763999,-0.290101,-0.451467,1.22199,-0.525108,-0.52518,-0.297338,-0.528409,0.24306,1.2219,1.04868,-0.513338,-0.146021,0.958368,1.28269,-1.03401,0.200678,0.000519019,-0.000867499,-0.0353711,6.96989,-0.048795,-0.306652,-0.000491558,
887,0.00353718,0.0280896,-0.0697546,0.0394487,-0.171166,0,0.0166689,0.00631919,0.520621,0.945261,-0.0140796,-0.0837293,-0.315076,-0.455004,1.22201,-0.524872,-0.526834,0.127836,-0.532634,0.228995,1.22196,0.500619,0.178976,0.0758936,0.392173,-0.643371,-1.19149,-0.339142,-0.00124341,0.00365214,-0.0304427,10.0088,-0.120264,-0.253553,-0.000874022,
888,0.0062749,0.0283172,-0.0399736,0.0397679,0.123376,0,-0.54906,0.0134079,0.512595,0.935418,-0.0106701,-0.104934,-0.337445,-0.484331,1.22198,-0.524326,-0.528206,0.592094,-0.536952,0.217255,1.22193,0.496822,-0.0922195,-0.387383,0.196263,-1.04431,0.103698,-0.84121,-5.79373e-05,0.00536967,-0.0199507,3.37853,-0.0564625,-0.236258,7.17744e-05,
889,0.00851091,0.0283153,0.0275059,0.0397653,0.0900012,0,-0.526859,0.0101688,0.48771,0.940206,-0.0294245,-0.124954,-0.315488,-0.530095,1.22197,-0.502582,-0.528773,0.52361,-0.536916,0.206016,1.22192,0.903669,-0.297223,-0.512993,-1.34105,-0.717433,1.68437,-0.386836,-5.93324e-05,0.860412,0.00098852,-3.62145,0.0650239,-0.209475,5.0593e-05,
890,0.00941057,0.0277599,0.0694175,0.0389859,-0.0579194,0,-0.446743,-0.00683871,0.492566,0.952089,-0.0469228,-0.117369,-0.278477,-0.525633,1.22199,-0.456103,-0.521923,0.262954,-0.526377,0.196617,1.22192,2.0598,-1.13175,0.894996,0.158168,1.09757,1.92645,0.239247,6.96624e-05,0.937656,0.105512,-6.70402,0.372053,-0.173343,0.000165393,
891,0.0103517,0.0275111,0.0799554,0.0386368,-0.265304,0,0.0852569,-0.0093617,0.525203,0.968861,-0.0414831,-0.0904611,-0.226727,-0.501395,1.22197,-0.421269,-0.522724,-0.145428,-0.521657,0.189707,1.22191,2.01752,-1.27637,0.395033,0.111875,0.997112,2.45451,0.726937,-0.000260924,0.460758,-0.0364803,-9.60851,-0.0567449,-0.103062,-0.000129311,
892,0.0113247,0.0277318,0.0048215,0.0389465,-0.475702,0,0.670138,-0.00192909,0.534348,0.982347,-0.0371423,-0.0695031,-0.169659,-0.451552,1.22201,-0.44673,-0.524525,-0.575741,-0.525844,0.186763,1.22191,1.39606,-1.0664,0.291085,1.0606,-0.340314,1.35672,1.24659,0.00515859,-1.44098,-0.0479104,-3.17154,-0.102578,-0.00198523,-0.000156836,
893,0.0113351,0.0280121,-0.160853,0.0393398,-0.42362,0,0.613791,-0.00135169,0.536891,0.985103,-0.00751407,-0.0832203,-0.150299,-0.389649,1.222,-0.551911,-0.527184,-0.508542,-0.531163,0.189175,1.2219,1.41445,-0.757538,-0.195263,1.45147,-0.34358,-0.136354,1.23672,-0.0010318,-0.0752159,-0.0560953,3.98954,-0.107986,0.0992791,4.7045e-05,
894,0.00994234,0.0281806,-0.17301,0.0395763,-0.267847,0,0.377828,0.00101746,0.543917,0.979912,0.0075877,-0.0798963,-0.182568,-0.358154,1.22198,-0.532921,-0.530162,-0.205863,-0.534361,0.197647,1.22201,0.971981,0.227719,0.230773,-0.17048,-0.330034,-1.72676,0.023802,-8.74248e-05,0.286069,-0.0548587,8.15023,-0.0593584,0.22333,-0.000636644,
895,0.00760096,0.0283072,-0.13629,0.0397539,-0.0192934,0,-0.209465,0.00414182,0.542247,0.969793,0.00726826,-0.0860349,-0.228137,-0.388524,1.22197,-0.525667,-0.532892,0.260464,-0.536763,0.210512,1.22193,0.827981,0.317089,-0.298232,-0.0659204,-0.245008,-1.97909,-1.22786,-8.08311e-05,0.0523073,-0.0539028,10.4831,-0.0354138,0.291018,-0.00097428,
896,0.00463478,0.0283494,-0.0502268,0.0398132,0.193739,0,-0.609828,0.0156837,0.521085,0.96047,-0.00357169,-0.103711,-0.25832,-0.473773,1.22198,-0.524042,-0.535151,0.603596,-0.537564,0.22577,1.22195,0.974576,0.0956636,-0.587931,-0.579914,-1.31061,0.154978,-2.18214,9.23302e-05,0.0131294,-0.0350805,-0.602415,-0.00169768,0.300597,-0.000403309,
897,0.00133513,0.0281918,0.0500153,0.039592,0.0979983,0,-0.522427,0.0158723,0.481849,0.959127,-0.0333465,-0.13185,-0.248152,-0.538633,1.22198,-0.488576,-0.53659,0.459724,-0.534572,0.240945,1.22193,1.2919,-0.226109,-0.838188,-1.8692,-1.4775,1.66065,0.210895,-0.000126137,1.37439,-0.00972188,-4.94394,0.140433,0.293867,0.000268607,
898,-0.00274348,0.0274148,0.094267,0.0385016,-0.0823453,0,-0.352115,-0.00620432,0.503449,0.96882,-0.0436685,-0.116364,-0.214338,-0.518033,1.22199,-0.423486,-0.522517,0.143352,-0.519829,0.254585,1.22192,2.35721,-0.809706,0.564757,0.347688,0.90054,1.32258,0.588401,-0.000204936,1.51533,0.28691,-7.99804,0.00511686,0.26702,-0.000219976,
899,-0.00489395,0.0275827,0.106631,0.0387373,-0.320439,0,0.249199,-0.011439,0.521615,0.980248,-0.0415979,-0.0903658,-0.170931,-0.472326,1.22197,-0.365287,-0.522134,-0.30974,-0.523015,0.266854,1.22191,2.33323,-0.993451,0.154379,-0.327101,1.08634,2.31233,1.23557,-0.000204234,0.819402,-0.0518797,-10.1091,-0.0815212,0.224778,-0.000105565,
900,-0.00653703,0.0278677,0.0110057,0.0391372,-0.456708,0,0.659725,0.000544618,0.531176,0.986804,-0.0339546,-0.0856942,-0.13312,-0.393349,1.22206,-0.382343,-0.525171,-0.582281,-0.528423,0.277606,1.2219,1.51585,-0.658299,0.207308,1.24397,-0.648746,0.479672,1.92329,-0.000814248,-1.47473,-0.0725086,0.847156,-0.138555,0.206751,-0.000142856,
901,-0.00803585,0.0281083,-0.234195,0.0394749,-0.36623,0,0.528972,-0.0128969,0.53638,0.98737,-0.00358601,-0.0751619,-0.139421,-0.297231,1.22198,-0.535854,-0.529278,-0.424602,-0.53299,0.287244,1.22189,1.46485,-0.235317,-0.0846968,1.14982,1.14943,-0.93274,1.91968,-0.000574571,-3.72528,-0.0838778,5.46948,-0.0690894,0.173074,0.000149084,
902,-0.00916026,0.0284006,-0.288892,0.039885,-0.181178,0,0.181691,0.00329864,0.544222,0.980364,0.00613317,-0.0751046,-0.18223,-0.24578,1.22198,-0.543137,-0.532993,-0.0603275,-0.538536,0.295457,1.222,1.04671,0.493031,0.115077,-0.080594,-0.462896,-2.08688,0.144312,-0.00018594,0.570316,-0.0702723,9.05371,-0.151765,0.143484,-0.00173634,
903,-0.00961597,0.0287421,-0.231413,0.0403642,0.0801647,0,-0.413596,0.00676738,0.536748,0.969159,0.00694904,-0.0851622,-0.231147,-0.291577,1.22197,-0.527258,-0.536431,0.414265,-0.545016,0.300746,1.22193,0.922315,0.530647,-0.413998,-0.00340223,-0.411642,-1.90924,-1.95846,-8.30255e-05,0.124654,-0.0670036,9.92231,-0.107041,0.068769,-0.000729521,
904,-0.00931425,0.0289596,-0.0777755,0.0406695,0.177852,0,-0.603048,0.0159872,0.512334,0.962049,-0.00875747,-0.109139,-0.249948,-0.430062,1.22198,-0.507995,-0.539176,0.573382,-0.549145,0.301145,1.22196,1.12347,0.347182,-0.67186,-0.604207,-1.37787,0.106925,-3.5643,-6.81279e-07,0.651088,-0.0479289,-1.59439,-0.0573674,-0.0460069,-0.000886242,
905,-0.00865871,0.0288058,0.110297,0.0404536,0.0627562,0,-0.589944,-0.000517525,0.485547,0.962961,-0.0419415,-0.127294,-0.233974,-0.558853,1.22199,-0.448105,-0.538281,0.391946,-0.546225,0.296502,1.22193,2.17208,-0.322897,0.505756,-0.773423,0.455105,1.2224,0.303931,0.000548734,1.50851,0.255225,-5.37675,0.299581,-0.145207,-0.000282721,
906,-0.00836916,0.0279625,0.146435,0.0392702,-0.148613,0,-0.241145,-0.0101811,0.51492,0.971582,-0.0414833,-0.106364,-0.207351,-0.515779,1.22199,-0.368284,-0.52295,0.0262617,-0.530221,0.287635,1.22192,2.70617,-0.820164,0.779947,-0.0205231,1.26881,1.70561,1.25301,-0.000199021,1.64622,0.303749,-9.14808,0.358039,-0.217356,4.07449e-05,
907,-0.00674752,0.0275105,0.112323,0.0386359,-0.405878,0,0.410951,-0.0139198,0.540639,0.98294,-0.0416071,-0.073694,-0.163298,-0.42795,1.22197,-0.315151,-0.522185,-0.464011,-0.521644,0.275522,1.22191,2.55735,-0.914188,0.25061,-0.167775,1.23487,1.99393,2.25234,-0.000229985,0.488786,-0.0487107,-10.4518,-0.0344387,-0.266017,-0.000168225,
908,-0.00377946,0.0277035,-0.0646597,0.0389068,-0.463867,0,0.609647,-0.0041993,0.557001,0.986585,-0.0204662,-0.0695327,-0.146274,-0.298181,1.22204,-0.362931,-0.52534,-0.580384,-0.525307,0.262322,1.2219,1.87791,-0.507793,0.203421,1.2816,-0.0678964,0.0122439,2.94061,-0.00171178,-2.39562,-0.0688506,2.24304,-0.119513,-0.273209,-3.44856e-05,
909,-0.000402026,0.0280469,-0.364053,0.0393886,-0.333338,0,0.391856,-0.0041982,0.554213,0.986362,0.0120447,-0.072749,-0.147149,-0.166583,1.22198,-0.548133,-0.528758,-0.360311,-0.531823,0.24839,1.2219,1.84885,-0.272231,-0.294681,1.37213,0.152043,-0.792822,2.33883,-0.000259036,-1.94937,-0.0682503,6.54119,-0.137079,-0.276966,4.50366e-05,
910,0.00310405,0.0284532,-0.397699,0.0399588,-0.128706,0,0.00432982,0.00650241,0.551532,0.978443,0.0174598,-0.0880496,-0.185988,-0.118413,1.22197,-0.539325,-0.531655,0.0314321,-0.539534,0.234365,1.222,1.29639,0.322958,-0.207267,-0.00365295,-0.762137,-1.80421,-0.399119,-7.69081e-05,0.479582,-0.0559795,9.08476,-0.163569,-0.276163,-0.00233493,
911,0.00584585,0.0286942,-0.305777,0.0402971,0.116973,0,-0.515074,0.00791912,0.539409,0.968143,0.00771264,-0.0851014,-0.235368,-0.210545,1.22197,-0.526426,-0.534414,0.472417,-0.544108,0.222723,1.22194,1.16813,0.72697,-0.266729,-0.91294,-0.494056,-1.63687,-3.26948,0.000367373,0.0981462,-0.0501486,8.58252,-0.0400332,-0.181163,0.00053414,
912,0.0077077,0.0287227,-0.0750012,0.040337,0.172733,0,-0.649591,0.0121842,0.516131,0.963414,-0.0220861,-0.0979075,-0.248517,-0.426562,1.22198,-0.501704,-0.5365,0.564875,-0.544648,0.213629,1.22193,1.51579,0.442712,-0.69365,-1.13317,-0.922161,0.261108,-5.34883,-3.82966e-05,0.895178,-0.0368133,-2.14557,0.0185482,-0.172157,-0.00054152,
913,0.00877703,0.0285464,0.131669,0.0400896,0.0212059,0,-0.449134,-8.96998e-05,0.47996,0.962741,-0.0411691,-0.108081,-0.244446,-0.559896,1.22198,-0.427458,-0.53796,0.342411,-0.541302,0.206712,1.22191,1.5717,-0.551843,-0.442892,1.04838,0.353358,-0.101531,0.677915,0.000173235,2.03065,-0.0202787,-6.71241,0.121399,-0.0994061,-0.000370428,
914,0.00855999,0.0278528,0.160883,0.0391163,-0.193604,0,-0.0886128,-0.00456942,0.511939,0.97374,-0.0257623,-0.0848709,-0.209673,-0.503606,1.22203,-0.341312,-0.530724,-0.0456591,-0.528141,0.201704,1.22193,2.22428,-1.3383,0.849747,0.602099,0.511999,1.86746,1.56413,-0.000312208,1.67551,0.179455,-9.11959,0.297241,-0.0736677,-0.000263886,
915,0.00832721,0.0274962,0.102779,0.0386158,-0.429885,0,0.513471,-0.00833243,0.540878,0.983994,-0.0133496,-0.0741931,-0.16147,-0.397927,1.22198,-0.294784,-0.522335,-0.506773,-0.521373,0.199737,1.22191,2.0772,-1.3931,0.31064,0.543426,0.510145,1.97959,2.65397,-0.000644087,0.19839,0.0613067,-9.323,-0.0462973,-0.00538372,-0.00023806,
916,0.0083094,0.0277052,-0.111273,0.0389092,-0.444812,0,0.628662,-0.00421785,0.550287,0.987264,-0.00130296,-0.0665738,-0.144484,-0.249152,1.22197,-0.360888,-0.523005,-0.550416,-0.525339,0.201664,1.222,1.55747,-0.527389,0.284159,-0.359559,-0.0356639,0.114918,3.28444,-0.00012851,-2.84734,-0.024511,2.47055,-0.115997,0.0663562,0.00204207,
917,0.00792504,0.0280408,-0.41471,0.0393802,-0.306777,0,0.399096,-0.00266484,0.551459,0.986937,-0.00690418,-0.0653155,-0.147112,-0.109269,1.22197,-0.550556,-0.52426,-0.315703,-0.531708,0.206544,1.22194,1.54023,-0.288067,-0.225049,-0.0541294,0.00951659,-0.868748,2.33085,0.000264107,-1.3362,-0.0265662,6.89944,-0.134846,0.136098,-0.00124965,
918,0.00693051,0.0284029,-0.43538,0.0398882,-0.0844734,0,-0.011541,0.00764625,0.535679,0.981309,-0.0102649,-0.0709179,-0.178599,-0.0709423,1.222,-0.537459,-0.525619,0.0940595,-0.538579,0.214718,1.22197,0.968887,0.0819947,-0.236903,0.0815668,-0.839112,-1.3158,-0.766083,0.00247995,0.429895,-0.03378,9.46194,-0.136165,0.185524,-0.000444871,
919,0.00536053,0.0286611,-0.325663,0.0402506,0.19899,0,-0.548613,0.0131192,0.510286,0.974671,-0.00907371,-0.0918404,-0.203713,-0.188033,1.22199,-0.526002,-0.527267,0.553325,-0.543479,0.224868,1.22193,0.849165,0.0722281,-0.702816,-0.0154983,-1.04784,-0.539762,-3.89411,-0.000500768,0.0863217,-0.0289231,7.32036,-0.0632344,0.212078,0.00163108,
920,0.00349798,0.0287092,-0.0489479,0.0403181,0.203553,0,-0.583747,0.0162031,0.471689,0.973199,-0.0267065,-0.129251,-0.188323,-0.438169,1.22198,-0.487156,-0.528127,0.543163,-0.544393,0.234639,1.22195,1.1768,-0.166201,-0.838213,0.288685,-1.43444,0.835593,-6.08183,-4.61988e-06,1.4495,-0.00286567,-3.02927,0.0368857,0.201746,-0.00117322,
921,-0.000102849,0.027761,0.152537,0.0389874,0.0671344,0,-0.54781,-0.00748959,0.497565,0.980234,-0.0224626,-0.113633,-0.160388,-0.551584,1.22199,-0.397847,-0.521112,0.310188,-0.526397,0.244375,1.22193,2.50719,-0.900655,0.88779,0.193124,1.22424,1.49774,0.613856,-3.03619e-05,2.34438,-0.0211218,-6.49265,0.496723,0.190675,-0.000242597,
922,-0.00245444,0.0274581,0.21862,0.0385624,-0.158654,0,-0.0500794,-0.00921669,0.529241,0.989161,-0.0206422,-0.0853971,-0.117651,-0.493843,1.22197,-0.271637,-0.523199,-0.106204,-0.52065,0.253514,1.22191,2.5398,-1.07815,0.373206,-0.0148894,1.01864,1.98676,1.68738,-0.000207309,2.7005,-0.0388365,-10.1328,-0.0878974,0.175824,-0.000170311,
923,-0.00362977,0.0277462,0.200719,0.0389666,-0.41766,0,0.614736,-0.00168444,0.54084,0.994774,-0.0184052,-0.0693512,-0.0726436,-0.371989,1.22203,-0.168507,-0.525054,-0.582434,-0.526116,0.261946,1.22191,1.85301,-1.06049,0.31729,1.09686,-0.376863,0.664088,3.16885,0.00288192,1.46469,-0.0455893,-3.67056,-0.125466,0.174607,-0.000430514,
924,-0.00468236,0.028087,0.00898118,0.039445,-0.375524,0,0.57603,-0.00233524,0.543072,0.994343,0.0124198,-0.0792125,-0.0696651,-0.180488,1.22199,-0.171506,-0.527477,-0.51856,-0.532585,0.270225,1.2219,1.7293,-0.837248,-0.215564,1.26774,-0.233566,-0.212489,4.47662,-0.00108406,-1.57429,-0.0489771,3.8065,-0.132089,0.152045,5.00502e-05,
925,-0.00641996,0.0282535,-0.340284,0.0396786,-0.220913,0,0.387272,-0.00302966,0.556606,0.992377,0.0222782,-0.0726052,-0.0970602,0.0395849,1.22197,-0.314828,-0.530297,-0.234936,-0.535744,0.28041,1.22199,1.11214,0.233548,0.475308,-0.324555,0.134806,-1.54355,4.32382,-2.62452e-05,-4.15492,-0.0539679,7.58638,-0.0368129,0.222278,-0.000639899,
926,-0.00816335,0.0283626,-0.623867,0.0398316,0.018876,0,-0.167133,-0.00130944,0.567419,0.988323,0.0203238,-0.0643061,-0.136634,0.188206,1.22197,-0.543106,-0.532788,0.205595,-0.537814,0.290119,1.22192,0.993334,0.405814,-0.0250101,-0.10273,0.3654,-2.10003,1.65435,0.000167258,-2.12823,-0.0458024,10.0267,-0.0416162,0.1731,-0.000701775,
927,-0.00947448,0.0284584,-0.599291,0.0399661,0.236416,0,-0.617925,0.0108996,0.561145,0.981715,0.0154665,-0.0718452,-0.1756,0.154798,1.22198,-0.537241,-0.534757,0.575626,-0.539632,0.297542,1.22194,1.21864,0.331214,-0.324042,-0.353771,-0.754615,-0.140394,-2.96463,1.85329e-05,0.575721,-0.0315159,0.565647,-0.0386495,0.090691,-0.000153136,
928,-0.00990412,0.0284506,-0.351722,0.0399552,0.172124,0,-0.559514,0.0103526,0.5333,0.981893,0.0027647,-0.0895991,-0.166887,-0.0995694,1.22198,-0.466977,-0.536216,0.474575,-0.539485,0.29963,1.22192,1.43288,0.320954,-0.786478,-0.334056,-0.788912,0.856785,-7.17491,-0.000141948,2.22307,-0.026602,-4.25814,0.0451066,-0.00531062,-0.000223625,
929,-0.0098034,0.0281953,0.183844,0.039597,-1.92297e-05,0,-0.352474,0.000563552,0.486091,0.985829,-0.023344,-0.103995,-0.12954,-0.514196,1.22196,-0.328238,-0.53705,0.166682,-0.53464,0.296881,1.22192,2.16295,0.0929926,-0.599249,-1.91503,0.0979055,2.97583,-9.3949,0.000140258,3.16908,0.0547488,-7.83959,0.211846,-0.116406,0.000370112,
930,-0.00982051,0.0274403,0.35654,0.0385374,-0.234894,0,0.171959,-0.00567311,0.51724,0.991527,-0.0200207,-0.0888961,-0.0925828,-0.562725,1.22203,-0.189808,-0.525219,-0.263487,-0.520312,0.290329,1.22192,2.46254,-0.689491,0.750311,0.70722,0.42887,1.25702,1.66983,-0.00150881,2.63547,0.275153,-9.61462,0.0603443,-0.158173,-0.00028718,
931,-0.00778815,0.027576,0.303139,0.0387279,-0.420105,0,0.566149,-0.00877476,0.540627,0.994155,0.000301456,-0.0789525,-0.0736389,-0.415868,1.22198,-0.102895,-0.521941,-0.585274,-0.522887,0.281321,1.2219,2.26302,-0.407283,0.182166,1.1407,0.48563,-0.440724,4.1888,-0.000396316,0.877701,-0.046348,0.232706,-0.083103,-0.195861,-0.00026647,
932,-0.00503953,0.0278905,0.0202655,0.0391692,-0.359114,0,0.532095,-0.00268291,0.54872,0.992877,0.0129162,-0.074094,-0.092405,-0.155968,1.22196,-0.1357,-0.523932,-0.466768,-0.528855,0.27029,1.222,1.69687,-0.0390554,0.189423,-0.365941,-0.139343,-1.15431,6.19058,-0.000114668,-2.16527,-0.0320354,4.38962,-0.155243,-0.24616,-0.000233285,
933,-0.00174214,0.0283103,-0.426645,0.0397583,-0.193975,0,0.206551,-0.000776713,0.545179,0.989309,0.00836317,-0.0758436,-0.124282,0.149645,1.22196,-0.306143,-0.525475,-0.156047,-0.536822,0.257432,1.22193,1.51825,0.121289,-0.335132,-0.176877,-0.0612563,-1.38414,6.03475,2.46347e-05,-4.63317,-0.0287689,8.0107,-0.162044,-0.267351,-0.00104989,
934,0.00168392,0.0287276,-0.725034,0.0403439,0.0438885,0,-0.224484,0.012489,0.528678,0.983369,0.000384917,-0.087892,-0.158937,0.366172,1.22203,-0.552006,-0.526635,0.272584,-0.544742,0.243905,1.22196,0.823465,0.250388,-0.229716,0.0591123,-1.25166,-1.81998,2.67872,0.00306422,-2.13511,-0.0263152,9.13356,-0.148206,-0.263236,-0.000839721,
935,0.00472051,0.0289784,-0.717724,0.0406958,0.223167,0,-0.602089,0.0165808,0.504873,0.973524,-7.39641e-05,-0.123165,-0.192565,0.364387,1.22201,-0.538548,-0.527825,0.575088,-0.549501,0.23087,1.22193,1.10538,0.0504142,-0.661379,-0.151972,-1.44863,-0.122642,-2.71856,-0.00117541,0.796971,-0.0168407,-0.0810434,-0.0344377,-0.271588,-0.000244884,
936,0.00679277,0.0286875,-0.510344,0.0402877,0.153342,0,-0.634509,-0.00177868,0.477416,0.974207,-0.0323714,-0.132482,-0.179782,0.100311,1.22198,-0.462884,-0.526605,0.461887,-0.543981,0.217912,1.22192,2.04215,-0.211647,0.316741,-0.694938,0.678958,0.896499,-7.78188,0.000666468,1.95971,0.222487,-4.1186,0.34446,-0.256006,-1.99544e-05,
937,0.00737161,0.0276854,0.0241787,0.0388814,-0.035684,0,-0.398145,-0.00757656,0.503871,0.980394,-0.0268743,-0.109071,-0.161892,-0.372026,1.22198,-0.347843,-0.522315,0.151099,-0.524964,0.206197,1.22192,2.78601,-0.481548,0.619288,0.411945,1.07576,1.15895,-11.0949,-0.000508784,2.69349,-0.0291193,-8.2939,0.409579,-0.218903,-3.4639e-05,
938,0.00880826,0.0275345,0.338605,0.0386697,-0.310986,0,0.233076,-0.00921617,0.522864,0.98529,-0.0234148,-0.0874339,-0.144949,-0.574806,1.22196,-0.22229,-0.523422,-0.325405,-0.522101,0.19766,1.22192,2.66549,-0.997777,0.124103,-0.23026,0.799373,0.416844,1.14505,4.76518e-05,2.32343,-0.0154734,-10.749,-0.0528757,-0.126096,-0.000202316,
939,0.00991014,0.0277319,0.284568,0.0389467,-0.471043,0,0.602873,-0.00407246,0.521512,0.984886,-0.0127683,-0.0751395,-0.155532,-0.456669,1.22205,-0.164023,-0.52466,-0.582709,-0.525846,0.193864,1.2219,1.94401,-0.529594,0.034256,0.914914,-0.0857014,-1.35085,3.56112,0.000613757,0.0267247,-0.0351121,1.05197,-0.102166,-0.0305756,0.00274337,
940,0.0103298,0.0280162,-0.0168363,0.0393457,-0.405696,0,0.515597,-0.00280237,0.530066,0.976395,-0.0157885,-0.0813146,-0.199478,-0.230751,1.22199,-0.247588,-0.526033,-0.422159,-0.531242,0.194257,1.22196,1.53009,-0.0497197,-0.0211415,-0.381199,-0.0801555,-2.05878,5.45694,-0.000854583,-3.34122,-0.0260645,5.33066,-0.110581,0.0498207,-0.00181994,
941,0.00998746,0.0283207,-0.474809,0.039773,-0.239161,0,0.205168,0.0046953,0.517637,0.964013,-0.0168122,-0.0838375,-0.251731,0.0322806,1.222,-0.48398,-0.527194,-0.068478,-0.53702,0.198652,1.22191,0.980844,0.145366,-0.235075,0.501698,-0.641498,-2.21897,5.0728,0.00508461,-6.09829,-0.0264524,8.78892,-0.113588,0.1278,-0.000277758,
942,0.00759938,0.0283399,-0.638325,0.0397998,-0.0106252,0,-0.410166,0.00796117,0.522522,0.940311,-0.00874767,-0.0945216,-0.32681,0.194136,1.22203,-0.561206,-0.528713,0.393189,-0.537383,0.210807,1.22186,1.04706,0.57313,-0.0477266,0.223564,-0.578418,-3.41557,1.41668,-0.00174167,0.993187,-0.0298348,9.75079,0.0277704,0.294337,0.00118755,
943,0.00432797,0.028165,-0.579837,0.0395544,0.0757946,0,-0.608073,0.0113525,0.51223,0.921282,-0.0138017,-0.11957,-0.369801,0.145768,1.22198,-0.516449,-0.52973,0.56293,-0.534064,0.225689,1.22192,1.22569,0.267867,-0.286286,-0.9667,-0.822591,-0.408729,-3.31117,-0.000928366,0.796251,-0.00652042,-1.15848,0.148041,0.298038,0.000440397,
944,0.000511413,0.027639,-0.329959,0.0388162,-0.0374798,0,-0.470568,0.00755364,0.489009,0.921806,-0.0522165,-0.124311,-0.363449,-0.122144,1.22197,-0.464926,-0.529761,0.396799,-0.524083,0.24022,1.22192,1.36714,0.0839838,-0.604899,-1.04758,-0.52507,0.851109,-7.36621,0.000134548,1.24901,0.00430924,-5.4701,0.242224,0.288994,-0.000320479,
945,-0.00226505,0.0275496,0.113851,0.0386908,-0.227618,0,-0.190106,-0.00693369,0.503795,0.93461,-0.0578634,-0.102499,-0.335633,-0.541435,1.22197,-0.427088,-0.522344,0.0597329,-0.522386,0.253368,1.22191,2.00584,-0.833714,0.305915,0.0219124,0.905938,1.37094,-7.69122,-0.000348917,0.528067,0.066807,-8.24342,-0.0345012,0.254011,-0.00016103,
946,-0.00453748,0.0277026,0.116057,0.0389055,-0.454367,0,0.466769,-0.00882933,0.509019,0.945372,-0.0510484,-0.0763169,-0.312795,-0.55778,1.22197,-0.441198,-0.522998,-0.376728,-0.52529,0.266118,1.22191,1.54022,-1.08881,-0.0413029,0.0753504,0.700836,1.01041,1.48841,0.00186411,-1.10685,-0.0277313,-9.21329,-0.0739964,0.246142,0.000182747,
947,-0.00667745,0.0278407,-0.0871665,0.0390994,-0.55201,0,0.709931,-0.00293549,0.528061,0.949564,-0.0579911,-0.0772855,-0.298317,-0.466591,1.22202,-0.553979,-0.524457,-0.576892,-0.527911,0.278074,1.22191,1.05776,-0.693511,0.300175,-0.114877,-0.218642,-0.492574,2.20641,-0.00122915,-0.693059,-0.0345363,1.17731,-0.0647171,0.233674,-0.000218131,
948,-0.00843825,0.0280321,-0.160366,0.0393679,-0.468199,0,0.545957,-0.00175231,0.530108,0.940771,-0.0560619,-0.0844752,-0.323529,-0.374552,1.22198,-0.536315,-0.526357,-0.39001,-0.531543,0.288593,1.2219,1.14868,-0.46483,-0.22443,0.19621,-0.176157,-1.50573,1.47821,-0.000398943,0.379146,-0.040786,6.25142,-0.0800499,0.185749,-7.5778e-05,
949,-0.00964873,0.0282277,-0.192646,0.0396424,-0.276619,0,0.0585351,-0.0119911,0.506776,0.925461,-0.0468301,-0.0874393,-0.365627,-0.331594,1.22197,-0.526678,-0.528487,0.0139659,-0.535255,0.296389,1.2219,1.15888,-0.093575,-0.530595,-0.394774,1.47744,-2.70206,0.257613,-0.000959638,0.0700437,-0.0472645,9.82533,-0.0221584,0.142207,-0.000697459,
950,-0.0105069,0.0283398,-0.169465,0.0397997,-0.00369426,0,-0.447692,0.0140667,0.492846,0.904566,-0.0304024,-0.09499,-0.414504,-0.353674,1.22208,-0.52479,-0.531321,0.503414,-0.537381,0.301681,1.22188,0.35489,0.305148,-0.248837,0.871045,-1.21341,-1.7386,-1.13684,-0.00208676,0.0146811,-0.0565488,9.7511,-0.0701191,0.078481,0.000686749,
951,-0.0106192,0.0283154,-0.0827577,0.0397654,0.034214,0,-0.519132,0.0144989,0.479153,0.900022,-0.0482261,-0.126358,-0.414329,-0.440968,1.22199,-0.523916,-0.533247,0.554834,-0.536918,0.302031,1.22193,0.57057,-0.0850371,-0.330429,-1.10369,-1.21474,0.974951,-2.33731,-0.000823973,0.00983781,-0.0249937,-2.21421,0.0935112,-0.0470939,-0.000112642,
952,-0.0107438,0.0276678,0.0164973,0.0388567,-0.0783125,0,-0.381737,0.00163672,0.487916,0.91114,-0.0680258,-0.129003,-0.385427,-0.540453,1.22199,-0.523954,-0.527303,0.362153,-0.524629,0.296963,1.22192,1.08888,-0.807424,0.528278,0.211006,0.162407,1.38338,-0.141644,-5.10155e-05,0.042176,0.233804,-5.51059,0.366623,-0.147119,-0.000178337,
953,-0.00903985,0.0275363,0.00284268,0.0386722,-0.249888,0,0.0129059,-0.00462462,0.519449,0.930338,-0.066623,-0.115423,-0.34163,-0.526754,1.22197,-0.523911,-0.52217,0.029347,-0.522135,0.287255,1.22191,1.27091,-1.16169,0.493807,-0.255005,0.593742,2.55032,0.369391,-0.000325093,-0.00585392,-0.0316761,-7.85088,-0.0416707,-0.238129,5.04954e-05,
954,-0.0061637,0.0276767,-0.0163048,0.0388692,-0.42284,0,0.486941,-0.00835717,0.531921,0.950863,-0.0722798,-0.0959285,-0.285364,-0.508118,1.22197,-0.524425,-0.523586,-0.35123,-0.524799,0.274053,1.2219,1.27405,-1.1577,0.0586787,0.478039,0.668707,2.07224,0.377479,0.000170585,-0.00210673,-0.00961167,-7.36493,-0.0620437,-0.287764,-0.000326616,
955,-0.00281405,0.0279077,-0.0323069,0.0391934,-0.517282,0,0.667824,-0.0142018,0.521147,0.963441,-0.054393,-0.0805448,-0.249671,-0.492413,1.22197,-0.524731,-0.524176,-0.564052,-0.529182,0.259272,1.2219,1.34454,-0.781053,-0.444249,0.810103,1.16926,0.516951,0.255273,-0.000189373,-0.00346858,-0.0198882,0.264703,-0.0983307,-0.29705,-0.000239545,
956,0.000313061,0.0281405,-0.0383265,0.03952,-0.451746,0,0.633961,-0.0060409,0.521232,0.962556,-0.0126866,-0.0731001,-0.260734,-0.486665,1.22207,-0.525011,-0.526222,-0.432883,-0.5336,0.245624,1.22168,0.747873,-0.010876,0.507754,1.16351,0.304361,-1.50451,-0.00914362,-0.00151069,-0.00352594,-0.0486234,4.9042,-0.0585398,-0.220823,-0.0119541,
957,0.00227836,0.0282788,-0.0309365,0.0397141,-0.283147,0,0.241356,0.00171822,0.547328,0.949699,0.00575702,-0.0834798,-0.301779,-0.494014,1.22199,-0.52496,-0.528419,-0.0800098,-0.536224,0.236976,1.22176,0.862931,0.579983,0.593668,0.220142,-0.289702,-2.23585,-0.281614,-0.000852624,0.00136365,-0.0435937,9.13424,-0.0210654,-0.103377,-0.0050023,
958,0.00320166,0.0282975,-0.0113023,0.0397403,-0.0229977,0,-0.383532,0.00569368,0.564252,0.929833,0.0135254,-0.0914704,-0.356175,-0.513276,1.22197,-0.524579,-0.530508,0.409504,-0.536578,0.232506,1.22184,0.757462,0.60957,0.0799558,0.205772,-0.285363,-2.41002,-0.486996,-0.000130265,0.00521396,-0.0396994,10.4348,0.00713402,-0.075982,0.00227031,
959,0.00392648,0.0282217,0.00363496,0.0396339,0.0757568,0,-0.582113,0.0107634,0.556742,0.917536,0.0119645,-0.104127,-0.38359,-0.527579,1.22198,-0.523944,-0.532031,0.577479,-0.53514,0.228202,1.22191,0.936865,0.104961,-0.380363,-0.0875748,-0.736148,-0.346467,0.0639298,2.13426e-05,0.0077742,-0.0242576,-1.63285,0.0479854,-0.0885407,0.00036558,
960,0.00432838,0.0279469,0.0127171,0.0392483,-0.0453922,0,-0.434943,0.00943749,0.531462,0.921217,-0.0156273,-0.113801,-0.371704,-0.523675,1.22197,-0.510958,-0.532639,0.39486,-0.529926,0.223769,1.22193,1.17873,-0.261847,-0.575185,-1.86297,-0.75693,1.90283,0.0776411,-4.6139e-05,0.500075,0.0048923,-5.61092,0.168572,-0.0940986,1.9873e-05,
961,0.0044421,0.0275398,0.020761,0.038677,-0.229648,0,-0.0948141,-0.00710683,0.498219,0.936704,-0.0674416,-0.108917,-0.325843,-0.517652,1.22198,-0.496888,-0.531187,0.043627,-0.5222,0.21962,1.22191,1.65723,-1.00832,0.127109,-0.46239,0.910963,2.44303,0.162811,0.000527302,-0.186288,0.195349,-8.15698,0.015787,-0.0831057,-0.00017325,
962,0.00524259,0.0276109,-0.0260659,0.0387768,-0.421338,0,0.495602,-0.0007574,0.51049,0.957905,-0.0575403,-0.0789006,-0.269966,-0.50637,1.22201,-0.532442,-0.521337,-0.366929,-0.523549,0.216227,1.22191,1.31853,-1.16618,0.448229,0.900607,-0.274496,1.8586,0.25314,0.00367641,-0.0738383,-0.00029007,-8.33497,-0.0374097,-0.0383541,0.000635269,
963,0.00535696,0.0276265,-0.0284979,0.0387987,-0.511501,0,0.675325,-0.00851015,0.527907,0.968158,-0.04522,-0.0769509,-0.233888,-0.498812,1.22199,-0.527318,-0.523362,-0.570378,-0.523845,0.21579,1.2219,1.32243,-0.828825,0.126572,0.566546,0.46823,0.786375,0.0575739,-0.000861361,0.0870303,-0.0502401,0.836242,0.00549298,0.0209905,-0.000167841,
964,0.00501111,0.0276873,-0.0243221,0.038884,-0.412842,0,0.579408,-0.00374759,0.524284,0.971789,-0.0243143,-0.071463,-0.223448,-0.501056,1.22202,-0.525382,-0.526077,-0.406717,-0.524999,0.218061,1.2219,1.02366,-0.557637,-0.12829,1.32918,0.0506433,0.0512164,-0.145921,0.00187744,0.0118969,-0.0632997,5.67006,-0.0464682,0.0689265,4.05731e-06,
965,0.00442527,0.0278449,-0.012649,0.0391052,-0.199481,0,0.213478,0.0052957,0.521557,0.968416,-0.0137432,-0.085,-0.234,-0.512277,1.22199,-0.524927,-0.528887,-0.0240775,-0.52799,0.222386,1.22199,0.561148,0.0705966,-0.159066,0.134189,-0.670374,-0.917035,-0.302912,-0.000763795,0.00439149,-0.0531947,9.59773,-0.0685739,0.107291,-0.00165836,
966,0.00335955,0.0279464,0.00109446,0.0392477,0.106951,0,-0.425929,0.0104938,0.500092,0.960786,-0.0121118,-0.102348,-0.257427,-0.525482,1.22197,-0.524387,-0.531469,0.482975,-0.529916,0.228628,1.22192,0.366887,0.0470308,-0.669784,0.0729404,-0.797739,-1.05259,-0.0302871,-1.68672e-05,0.00627373,-0.0487526,10.6751,-0.00938394,0.14327,0.000175451,
967,0.0020313,0.027855,0.0172057,0.0391194,0.166063,0,-0.54723,0.00830813,0.466748,0.958901,-0.0324374,-0.133586,-0.248218,-0.524137,1.22198,-0.50693,-0.532554,0.555407,-0.528182,0.234491,1.22194,0.821911,-0.350535,-0.261215,-0.182929,-0.458545,0.712852,0.0377283,-5.24046e-05,0.588153,0.119441,-1.83058,0.198139,0.115024,-0.00119236,
968,0.000307683,0.0274693,0.0597193,0.0385782,0.0598089,0,-0.489243,-0.00247872,0.486163,0.96597,-0.0314205,-0.121688,-0.22607,-0.519211,1.22198,-0.459421,-0.521871,0.378225,-0.520863,0.239751,1.22192,1.5827,-0.782409,0.456399,0.173777,0.680729,1.10704,0.158492,-0.000121094,1.44832,0.0284703,-5.38151,-0.0546544,0.102161,-0.000243265,
969,-0.000358552,0.0276124,0.120656,0.0387789,-0.131548,0,-0.103171,-0.00574004,0.501946,0.976237,-0.0343104,-0.102967,-0.18757,-0.50078,1.22197,-0.379534,-0.522997,0.0288068,-0.523578,0.244352,1.22191,1.78489,-1.01287,0.180355,0.240172,0.729332,1.61809,0.580675,-9.61458e-06,1.72876,-0.0247989,-8.58277,-0.0504728,0.0885344,-0.000229986,
970,-0.000992365,0.0277211,0.128728,0.0389315,-0.355692,0,0.520019,-0.00242511,0.513534,0.98585,-0.0304173,-0.0856192,-0.140868,-0.45111,1.22202,-0.321663,-0.52366,-0.40527,-0.525642,0.248489,1.22191,1.4038,-1.27031,0.371611,0.452446,-0.109308,1.95804,1.38409,0.00114015,0.625569,-0.00870226,-8.8128,-0.0360006,0.0831726,0.000276017,
971,-0.00178203,0.0277673,0.00533706,0.0389964,-0.420192,0,0.689016,-0.00394867,0.528389,0.990965,-0.0291617,-0.0814266,-0.102512,-0.360326,1.22201,-0.354989,-0.524201,-0.554845,-0.526518,0.252858,1.22191,1.10967,-1.01285,0.143032,0.398338,-0.0729448,0.968234,2.2402,-0.000821944,-1.93099,-0.0155164,1.25091,-0.0200291,0.0907095,-8.6154e-05,
972,-0.0024798,0.027853,-0.268114,0.0391166,-0.291811,0,0.565553,-0.00118125,0.522601,0.99299,-0.0189941,-0.0824468,-0.0825393,-0.250132,1.22198,-0.524962,-0.525071,-0.368787,-0.528144,0.257113,1.2219,0.861279,-0.853057,-0.285147,0.69441,-0.224626,0.340411,2.16539,0.00114335,-3.94092,-0.0204443,6.15779,-0.0397567,0.0837535,8.96899e-05,
973,-0.0035528,0.0278418,-0.334977,0.0391009,-0.0609779,0,0.159392,0.00495024,0.515576,0.991389,-0.000554489,-0.0824732,-0.101714,-0.192309,1.222,-0.540733,-0.526644,0.0329114,-0.527931,0.2624,1.22195,0.356066,-0.145218,0.106693,0.205394,-0.571223,-1.17659,0.149554,-0.000490032,0.487229,-0.0327279,9.87181,0.0411697,0.140927,0.00175744,
974,-0.00514757,0.0276643,-0.273204,0.0388518,0.25076,0,-0.482827,0.0111321,0.509783,0.986814,0.00348168,-0.10127,-0.126215,-0.246329,1.22198,-0.526653,-0.528191,0.543265,-0.524563,0.268844,1.22193,0.212825,-0.198107,-0.374762,0.152657,-0.815354,-0.524986,-2.29298,-0.000233338,0.113386,-0.0281944,8.67782,0.0927507,0.106142,-0.000508767,
975,-0.00583343,0.027585,-0.0681691,0.0387404,0.272483,0,-0.530771,0.0134187,0.481742,0.986119,-0.00132499,-0.129575,-0.103812,-0.408894,1.22197,-0.477169,-0.529154,0.55051,-0.523057,0.271589,1.22192,0.722868,-0.366477,-0.712828,-0.167013,-1.08722,1.36035,-4.18341,-0.000186737,1.873,-0.0143558,-2.7493,-0.0119534,0.0234427,-0.000274408,
976,-0.00573762,0.0275975,0.205015,0.0387581,0.14586,0,-0.538497,-0.00432954,0.496333,0.989164,-0.0108844,-0.121604,-0.0815351,-0.559565,1.22199,-0.351603,-0.521952,0.335325,-0.523296,0.271218,1.22192,2.1823,-0.499521,0.743228,0.363949,0.863708,0.186895,0.236579,-5.44331e-05,3.2505,0.0965778,-5.96018,-0.00513735,-0.0254708,-0.000210065,
977,-0.00515234,0.027632,0.32564,0.0388065,-0.0826025,0,-0.0965785,-0.00691197,0.524036,0.992834,-0.014246,-0.100195,-0.063545,-0.50536,1.22197,-0.167416,-0.522757,-0.0515947,-0.52395,0.268584,1.22192,2.32544,-0.698983,0.325853,-0.406175,0.791959,1.08831,1.81608,-0.000179578,4.11506,-0.0338224,-9.50667,-0.0211682,-0.0758273,-0.000115145,
978,-0.00410037,0.0277307,0.358818,0.0389449,-0.363671,0,0.543588,-0.00879656,0.527075,0.995629,-0.0290843,-0.0795434,-0.0393697,-0.357191,1.22196,0.0183374,-0.524244,-0.532913,-0.525822,0.264171,1.22191,2.04554,-0.790843,-0.0778822,-0.248354,0.540651,0.594957,4.08495,0.0021838,3.3326,-0.021904,-8.07325,-0.0494635,-0.0951034,-0.000207019,
979,-0.00302177,0.02787,0.207337,0.0391405,-0.384682,0,0.636732,-0.0109956,0.533033,0.994547,-0.00129893,-0.0851778,-0.0601619,-0.0930235,1.22202,0.117364,-0.525486,-0.543452,-0.528467,0.259983,1.2219,1.45792,-0.608315,0.0573113,0.782967,0.798506,-1.78409,6.48099,-0.00208883,0.631233,-0.0363176,2.66901,-0.0272458,-0.0780086,-0.000321312,
980,-0.00211692,0.0280303,-0.18003,0.0393654,-0.265407,0,0.478138,0.00340296,0.53866,0.991025,0.00891752,-0.0820089,-0.105186,0.260859,1.22197,0.0788455,-0.526918,-0.298123,-0.531508,0.256851,1.22198,0.987076,-0.0703666,0.178615,-0.221752,-0.713423,-1.82072,7.66332,-0.000330361,-2.1514,-0.0195067,7.11439,-0.0960064,-0.0476923,-0.000326637,
981,-0.00143216,0.0281662,-0.567748,0.0395561,-0.0442904,0,0.022055,-0.0061315,0.539899,0.984052,0.00631466,-0.0793414,-0.159084,0.570372,1.22197,-0.0738217,-0.528258,0.133739,-0.534087,0.254609,1.22191,0.367575,0.191549,0.079992,0.478334,0.88204,-1.96322,1.33812,0.00175421,-3.96408,-0.0470918,10.1268,-0.000836081,-0.0509716,-0.00112293,
982,-0.000863253,0.0281826,-0.647098,0.0395791,0.23484,0,-0.523608,0.0141928,0.543282,0.978914,0.018998,-0.0889493,-0.182908,0.493651,1.22197,-0.276638,-0.529983,0.581123,-0.534398,0.251898,1.22192,0.264134,0.160534,-0.012163,0.122478,-1.15109,0.424685,-3.6587,0.000102549,-4.15797,-0.019994,2.35095,-0.0253845,-0.0843283,0.00499572,
983,1.95532e-05,0.0281114,-0.561156,0.0394792,0.20822,0,-0.469691,0.0142407,0.530709,0.98045,0.0127241,-0.119868,-0.155521,0.196644,1.22197,-0.437875,-0.530868,0.51405,-0.533048,0.246841,1.22194,0.490153,0.154811,-0.493318,0.0548909,-1.22401,1.56168,-8.18208,-0.000146204,-2.29998,-0.0171709,-3.41085,0.0795676,-0.112081,-0.000768068,
984,0.000657594,0.0277237,-0.20504,0.0389351,0.0921053,0,-0.249776,0.0089838,0.506014,0.985376,-0.0226748,-0.140969,-0.0929944,-0.305599,1.22196,-0.513587,-0.531152,0.265879,-0.52569,0.240231,1.22192,1.01389,0.245251,-0.556514,-1.78033,-0.830537,3.7368,-11.8755,-0.000110986,-0.739445,0.00629074,-6.49939,0.213691,-0.151294,-0.000189044,
985,0.00164609,0.027524,0.0763336,0.0386549,-0.0793766,0,-0.025088,-0.0114848,0.522714,0.991036,-0.0361803,-0.123355,-0.0363614,-0.60376,1.22197,-0.527278,-0.521892,-0.0814429,-0.521902,0.233514,1.22191,2.1393,-0.374918,0.625732,0.242527,1.32023,1.81438,1.48232,-2.0173e-05,0.223682,0.0807253,-7.52469,-0.0428116,-0.119685,-5.72616e-05,
986,0.0031047,0.027738,-0.0123296,0.0389553,-0.278932,0,0.455119,-0.0137815,0.54059,0.995301,-0.0342317,-0.0902886,0.00722653,-0.511601,1.22197,-0.523931,-0.522848,-0.45313,-0.525962,0.228075,1.22191,2.09315,-0.409316,0.0908407,0.247412,1.22887,1.72208,2.08566,-8.16905e-05,0.00417786,-0.0363611,-7.34376,-0.118656,-0.0980863,-5.43307e-05,
987,0.00453757,0.0281588,-0.111553,0.0395458,-0.335881,0,0.644065,-0.00416708,0.541519,0.996839,-0.0150746,-0.0734813,0.026196,-0.412434,1.22204,-0.524453,-0.525178,-0.5609,-0.533948,0.224583,1.22191,1.50732,-0.272053,0.00365375,1.41872,-0.052344,-0.023078,1.87868,-0.000232451,-0.00267363,-0.055577,1.57614,-0.200236,-0.0457525,4.29531e-05,
988,0.00577427,0.0287158,-0.18159,0.0403273,-0.21598,0,0.566414,0.00300463,0.534985,0.996816,0.0155224,-0.0763554,0.0169595,-0.340941,1.22199,-0.524568,-0.527908,-0.3666,-0.544517,0.223272,1.22199,0.837524,0.178871,0.0346828,0.151045,-0.733287,-1.06044,0.990798,-0.000684443,-0.000885351,-0.0463327,6.16735,-0.227495,-0.0126597,0.0047799,
989,0.00608422,0.0291612,-0.196184,0.0409523,0.000851385,0,0.134149,0.00354661,0.536178,0.996289,0.0165813,-0.0805333,-0.0254645,-0.325593,1.22198,-0.524354,-0.530499,0.0343225,-0.552969,0.225632,1.22195,0.577224,0.633055,-0.106066,-0.0896647,-0.398509,-1.83512,-0.370979,3.81084e-05,0.00213079,-0.0526694,9.8754,-0.131481,0.102273,-0.00150654,
990,0.00528801,0.0294418,-0.143197,0.0413461,0.291474,0,-0.497246,0.0119328,0.519686,0.992967,0.0165884,-0.0950778,-0.06857,-0.379591,1.22198,-0.523779,-0.53299,0.540312,-0.558297,0.232096,1.22193,0.490998,0.594736,-0.552951,-0.169215,-0.916041,-1.26128,-1.78089,2.84826e-05,0.00954783,-0.0451205,8.54791,-0.0828762,0.148489,-2.08253e-05,
991,0.00405443,0.0295111,0.0214028,0.0414432,0.298653,0,-0.573234,0.0127132,0.483859,0.99012,0.00109586,-0.12324,-0.0668794,-0.493375,1.22198,-0.471969,-0.534658,0.54908,-0.55961,0.238896,1.22193,1.06443,0.392022,-0.801166,-1.41625,-1.00253,0.963442,-2.75367,-0.000160942,2.05567,-0.0194022,-2.69576,0.0563514,0.139053,2.05558e-05,
992,0.00138358,0.028797,0.203086,0.0404412,0.159449,0,-0.566902,-0.00335203,0.4901,0.991129,-0.0129489,-0.118515,-0.0587283,-0.539239,1.222,-0.333289,-0.525224,0.328757,-0.546058,0.246023,1.22193,2.5279,0.180619,0.600624,0.287685,0.737842,-0.136768,0.387456,5.12277e-05,3.57907,0.304322,-6.20281,0.404455,0.150424,9.19079e-05,
993,-0.00196932,0.0276857,0.335126,0.0388818,-0.0838836,0,-0.121398,-0.00810009,0.523882,0.994276,-0.00893986,-0.0939184,-0.0501385,-0.483426,1.22199,-0.134834,-0.521844,-0.0709858,-0.524969,0.253081,1.22192,2.88066,-0.0437092,0.433611,0.0798605,0.917575,0.533264,1.83616,-0.000316663,4.44082,-0.0480553,-9.86785,0.407706,0.141365,-0.000154134,
994,-0.00358899,0.0275351,0.379169,0.0386705,-0.389581,0,0.529666,-0.00997703,0.531923,0.996709,-0.0103497,-0.0706691,-0.0383396,-0.332556,1.22197,0.066532,-0.524024,-0.574427,-0.522111,0.259886,1.22191,2.53755,-0.164783,0.0139011,0.270541,0.643216,0.0839403,4.17927,0.00319619,3.63176,-0.0445215,-8.33079,-0.0501992,0.13537,-0.000288034,
995,-0.0045274,0.0277613,0.230234,0.0389878,-0.398855,0,0.609784,-9.42147e-05,0.543188,0.994529,0.00426084,-0.0758006,-0.0717546,-0.0588919,1.22201,0.175545,-0.526413,-0.55348,-0.526403,0.266584,1.222,1.70984,0.321352,0.22465,-0.107189,-0.541982,-1.865,6.74064,-0.0014109,0.720754,-0.0421932,3.41267,-0.125197,0.120676,-0.000993941,
996,-0.00503978,0.0280691,-0.17131,0.0394199,-0.266747,0,0.336782,-0.00665156,0.542538,0.988435,0.00551213,-0.0866321,-0.124339,0.312046,1.22197,0.13903,-0.52853,-0.276758,-0.532246,0.271862,1.22192,1.62249,0.545729,-0.144548,-0.391227,0.535015,-2.92854,8.0899,-0.000763804,-2.1414,-0.0515819,7.56561,-0.0736919,0.103806,-0.00146651,
997,-0.00545027,0.0283011,-0.532118,0.0397454,-0.0560049,0,-0.0381438,0.00702212,0.537319,0.97818,0.0143378,-0.0853539,-0.188874,0.578622,1.22205,-0.0144729,-0.531109,0.153064,-0.536648,0.275962,1.22189,0.656067,0.50997,0.0840226,0.78558,-0.703933,-2.03367,-0.297229,-0.000283092,-3.99841,-0.0543653,9.60296,-0.099988,0.0480691,-0.00116445,
998,-0.00611542,0.0283459,-0.594163,0.0398083,0.200629,0,-0.560615,0.00845485,0.542921,0.967618,0.0143215,-0.0963085,-0.232884,0.463883,1.22198,-0.220193,-0.533497,0.58647,-0.537498,0.279694,1.22189,0.680096,0.827542,0.0895836,-0.670512,-0.445388,-0.70181,-4.2133,-0.000513682,-4.24792,-0.0378792,3.07671,0.0507297,0.070302,0.00100927,
999,-0.00675819,0.0281329,-0.49419,0.0395094,0.152555,0,-0.52828,0.00882702,0.536292,0.967112,-0.00575563,-0.105475,-0.231379,0.149423,1.22197,-0.392165,-0.535135,0.518392,-0.533456,0.281048,1.22191,0.951469,0.792052,-0.366444,-0.682788,-0.558891,0.61296,-8.32789,-0.00019425,-2.63532,-0.0303765,-3.65318,0.111664,-0.00796538,5.41524e-05,
