step,action0,action1,action2,action3,action4,action5,state0,state1,state2,state3,state4,state5,state6,state7,state8,state9,state10,state11,state12,state13,state14,state15,state16,
0,0.0614884,-0.0338407,1,0.00212266,-1,0.763808,0.0630394,-0.0518677,-0.0133034,-0.010785,0.0615661,0.0236643,-0.0997345,-0.0495433,0.0991976,0.0146351,0.0922247,0.0411597,0.047769,0.0452996,0.0132324,0.0242512,0.0549715,
1,1,-0.151549,1,0.267942,-1,0.804629,0.046466,-0.0333891,-0.0133926,-0.0414765,0.400526,0.0507772,-0.369706,0.219028,0.120903,-0.555786,0.403751,0.187587,-0.627277,7.95172,0.265227,-6.72308,7.18987,
2,0.65871,-0.999993,1,0.00376837,-1,0.988313,0.00641298,-0.0439929,0.300221,-0.163829,0.576091,0.149898,-0.598484,0.507287,0.809432,-1.06984,-0.782147,8.16428,-1.73257,0.790532,2.36451,-2.29877,4.01437,
3,0.515295,-0.946896,-1,0.0237956,-0.551041,0.284873,-0.052537,-0.0516646,0.563311,-0.393016,0.569912,0.0872462,-0.566205,0.507217,0.0632657,-1.29911,0.257801,2.23739,-4.27176,-0.609448,-3.07747,1.65463,-0.878011,
4,-0.193275,0.947848,-1,0.916812,0.992683,0.283282,-0.112891,0.0251618,0.534407,-0.302992,-0.195737,-0.0882094,-0.367557,0.254893,-0.167007,-1.28405,2.0923,-2.43382,0.163086,-18.6936,-3.09232,4.09693,-6.42395,
5,0.969799,1,1,-0.275705,-1,1,-0.182278,-0.00591187,0.0631869,0.405098,-0.465948,0.0907231,-0.191279,-0.30964,-0.4315,-1.30548,-2.38093,-10.1153,15.2002,2.08891,6.41961,2.1562,-12.7766,
6,1,-0.99979,1,-0.982176,-1,0.729604,-0.233908,-0.0929026,0.0721103,0.736832,0.185011,0.207469,-0.289205,-0.175971,0.565717,-0.53993,-0.956207,6.1515,3.37037,13.5487,-0.187642,-5.14059,9.63757,
7,0.999985,-0.999998,1,-0.769745,-1,0.00345132,-0.232833,-0.0320918,0.565994,-0.101336,0.710845,-0.292895,-0.424943,0.425508,0.31646,-0.131998,2.02372,8.96394,-21.9048,5.89187,-14.2109,-1.39847,11.2034,
8,0.628495,-0.883644,-1,0.634134,0.853278,0.0566281,-0.250053,0.117301,0.808091,-0.491804,0.738924,-0.824791,-0.510277,0.428091,0.676916,-0.546471,2.97467,1.67981,-4.63984,-4.02594,-7.19491,-1.87136,-6.2275,
9,-0.251938,0.993862,-1,0.999409,0.994417,1,-0.255341,0.152438,0.721909,-0.351185,-0.257481,-0.521891,-0.322528,-0.293205,0.88423,0.137002,-0.444796,-3.85278,4.26608,-21.4099,9.48965,2.60875,-18.9229,
10,0.992187,0.999999,1,-0.448125,-1,1,-0.234215,-0.0281027,0.154915,0.554773,-0.415086,0.049408,-0.233819,-0.484538,0.794007,0.393876,-4.64867,-9.72765,21.4815,2.7706,12.6194,3.56804,1.1787,
11,1,-0.999772,1,-0.985165,-1,0.587121,-0.205088,-0.208501,0.184677,0.761445,0.303008,0.266164,-0.178516,0.167145,1.33617,0.748323,-2.89875,6.10491,-4.25206,16.0596,-0.991736,-0.366535,17.4318,
12,0.999408,-0.999977,1,-0.395707,-1,0.00686201,-0.138619,-0.210532,0.609056,0.0326769,0.83601,-0.193783,-0.216865,0.573318,1.33847,1.37,1.61561,7.40856,-16.3609,4.06206,-12.4881,-1.73811,-2.58458,
13,0.600837,-0.690246,-1,0.32642,0.907882,0.11518,-0.0884178,-0.0852912,0.798522,-0.469738,0.694456,-0.617866,-0.484971,0.154263,1.63187,0.814126,2.61688,0.978698,-6.01641,-5.15524,-5.40666,-6.31821,-10.3409,
14,-0.287542,0.999494,-1,0.534789,0.994078,1,-0.0386277,-0.0377971,0.629398,-0.333318,-0.295884,-0.428967,-0.149414,-0.305755,1.5647,1.02553,0.2261,-5.4727,4.48307,-20.7862,8.24178,12.611,-6.21717,
15,0.864449,1,1,-0.0342723,-1,1,-0.0351916,-0.0536649,-0.0524679,0.436838,-0.443149,0.0714043,0.515516,-0.0201985,1.81892,-0.695407,-0.279424,-14.3893,14.1724,1.31069,10.7194,11.5277,11.7217,
16,1,-0.999794,1,-0.723425,-1,1,-0.0797116,0.0244591,-0.136012,0.537913,0.222695,0.607,0.282441,0.573936,2.46249,-0.782795,2.42654,6.11034,-3.91865,15.4392,8.77719,-9.97678,-0.0674879,
17,0.999631,-1,1,-0.256882,-1,0.0081412,-0.0822253,0.18136,0.460134,-0.407576,0.708835,0.382093,-0.119591,0.521723,1.79317,-0.111618,2.56768,11.1564,-19.8019,4.29923,-12.0596,-6.84698,-0.600519,
18,0.549808,0.412507,-1,0.200886,0.861396,0.580551,-0.066,0.223285,0.690773,-0.763167,0.618107,0.380702,-0.212765,0.507126,0.699436,0.449855,0.579893,-0.772451,1.43128,-4.15123,-1.02913,-1.42103,-1.36739,
19,-0.317701,0.99983,-1,0.567051,0.99348,0.224414,-0.0436841,0.163045,0.381879,0.101082,-0.329088,0.230391,0.178955,0.382369,0.115792,0.390455,-1.82372,-6.06735,17.655,-19.8072,-3.70276,10.5162,-3.30884,
20,0.913172,0.999999,1,-0.0469714,-1,0.965397,-0.0408965,0.0999025,-0.104978,0.737,-0.448917,0.198617,0.54543,0.120344,0.403459,-0.171268,-0.892519,-9.27321,6.33271,1.54629,1.76221,4.25509,-5.24381,
21,1,-0.999996,1,-0.525417,-1,0.940269,-0.0485018,0.105145,0.0553186,0.554976,0.243992,0.348298,0.013743,0.268322,1.28712,-0.236182,0.335171,8.67569,-7.08655,16.1929,1.38899,-14.9284,6.66145,
22,0.999513,-0.999998,1,-0.163401,-1,0.00735639,-0.0533222,0.170769,0.591339,-0.375475,0.746615,-0.0403558,-0.507906,0.547193,0.817886,-0.381804,1.33441,8.93881,-18.4578,4.15988,-12.3137,-6.61219,-0.622719,
23,0.555063,0.29632,-1,0.369217,0.893186,0.127603,-0.109317,0.207285,0.744812,-0.700129,0.625669,-0.492799,-0.652457,0.175741,0.557968,-1.45962,0.258467,-0.582635,1.24154,-4.76899,-5.14734,-0.99342,-9.99253,
24,-0.314779,0.998888,-1,0.99255,0.99333,1,-0.191977,0.105185,0.499538,0.104768,-0.325842,-0.310463,-0.0618927,-0.270853,0.678864,-1.80924,-2.8384,-4.84418,16.4256,-19.5829,7.36725,16.2533,-5.94613,
25,0.937999,0.999993,1,-0.318068,-1,1,-0.257549,-0.137229,0.0398492,0.806693,-0.443273,0.12984,-0.0903894,-0.508762,0.751786,-1.10384,-5.39183,-7.95267,10.8241,1.72113,9.88077,-0.676993,3.96057,
26,1,-0.999935,1,-0.992186,-1,0.416149,-0.221049,-0.163885,0.276128,0.688952,0.19816,0.258557,-0.281338,0.209251,1.6946,0.781867,-0.100458,6.9033,-7.30409,16.8615,-2.04084,-3.90174,17.8233,
27,0.999997,-0.99976,1,-0.686662,-1,0.00344278,-0.168511,-0.0700731,0.631646,-0.199181,0.800986,-0.287085,-0.348254,0.548246,1.26588,0.904575,2.96127,5.81629,-16.4305,6.71905,-14.2171,-0.758555,-3.0264,
28,0.588066,0.183554,-1,0.569511,0.92295,0.0725656,-0.153763,0.0815925,0.740435,-0.617908,0.674705,-0.810989,-0.476588,0.134808,1.34632,-0.0131701,2.64357,-0.405063,-2.72869,-5.65903,-6.57154,-3.47155,-9.92027,
29,-0.319798,0.996943,-1,0.982394,0.993874,1,-0.155479,0.0571813,0.548176,0.0230609,-0.331422,-0.386966,-0.0959953,-0.31853,1.75461,-0.130274,-1.49439,-4.20776,14.5718,-20.4368,14.1809,12.9867,-6.02968,
30,0.924927,1,1,-0.196879,-1,1,-0.165446,-0.0557623,0.0229519,0.717469,-0.450065,0.231668,0.0476988,-0.472977,1.72226,-0.321353,-2.67808,-11.3914,8.46718,1.62209,12.6221,3.71518,4.22428,
31,1,-0.999929,1,-0.967023,-1,0.762065,-0.170271,-0.173864,0.0515275,0.601082,0.247379,0.495298,-0.0913098,0.212758,2.12131,0.0441955,-2.15823,6.8245,-6.60818,16.1515,0.0028097,-4.07088,17.9045,
32,0.999889,-0.999997,1,-0.411609,-1,0.00193327,-0.120147,-0.133863,0.544848,-0.0548119,0.765838,-0.0496357,-0.191021,0.527422,1.98644,0.993617,2.14392,8.64851,-16.3168,4.89934,-15.6637,-2.05361,-1.44331,
33,0.603017,-0.915396,-1,0.33043,0.859503,0.0308551,-0.112073,-0.00143726,0.781744,-0.58055,0.697874,-0.660412,-0.452904,0.167855,2.11586,-0.261449,2.51521,1.87434,-4.42636,-4.12107,-8.71892,-6.29545,-9.41045,
34,-0.266124,0.996018,-1,0.939983,0.994053,1,-0.112719,0.0340752,0.678542,-0.389945,-0.272688,-0.524172,-0.173065,-0.30431,2.26145,0.121227,-0.0326003,-4.145,5.07487,-20.742,8.68578,10.9489,-7.13017,
35,0.797426,1,1,-0.108069,-1,1,-0.133721,-0.0468329,0.0506956,0.481359,-0.435791,0.101897,0.104597,-0.350221,2.14174,-0.604304,-3.15035,-13.3365,16.573,1.0915,12.2403,-3.34291,-2.29786,
36,1,-0.999223,1,-0.954286,-1,0.984936,-0.15937,-0.182777,-0.0437879,0.66018,0.242805,0.462873,-0.211491,0.136111,2.87489,-0.291121,-2.36988,5.27979,-2.93133,15.8504,2.23657,-6.15217,14.6093,
37,0.99996,-1,1,-0.423432,-1,0.00245066,-0.112476,-0.150246,0.467782,0.0156156,0.719217,-0.044311,-0.295595,0.562378,3.06139,1.08703,2.05772,10.3642,-15.9193,5.40475,-15.0692,-0.100876,-1.85399,
38,0.594552,-0.981394,-1,0.268775,0.83942,0.0370846,-0.0966879,-0.0253916,0.78687,-0.571245,0.684678,-0.625217,-0.440687,0.176277,3.08739,-0.118629,2.38535,2.8834,-6.49503,-3.8339,-8.25757,-4.3152,-9.87018,
39,-0.263327,0.997882,-1,0.891733,0.993934,1,-0.093697,0.0166523,0.686856,-0.445828,-0.26968,-0.525993,-0.12409,-0.300989,3.10758,0.149211,0.189385,-4.57088,4.50862,-20.5368,7.44338,10.7925,-7.0587,
40,0.777126,1,1,-0.0904414,-1,1,-0.117531,-0.0536193,0.0341928,0.457153,-0.434556,0.104447,0.18953,-0.274504,3.07487,-0.765351,-2.73526,-13.7362,17.2951,1.03807,13.6898,-0.689786,0.957759,
41,1,-0.998911,1,-0.945519,-1,0.99976,-0.153134,-0.151424,-0.0795026,0.65288,0.238175,0.544344,-0.0883015,0.280662,3.7242,-0.474848,-1.4541,5.05856,-2.87511,15.7055,3.77863,-6.32068,14.7227,
42,0.999722,-1,1,-0.372796,-1,0.00231281,-0.118639,-0.0976717,0.435546,-0.0483174,0.720914,0.07916,-0.204429,0.544174,3.69161,0.918951,2.35959,10.0393,-15.7177,4.44134,-15.2144,-1.35496,-1.43269,
43,0.574628,-0.981504,-1,0.346571,0.857957,0.0193342,-0.118722,0.0387335,0.746437,-0.605652,0.654405,-0.556272,-0.423522,0.186326,3.62484,-0.543956,2.59572,2.87817,-5.66057,-4.09688,-9.89114,-5.63841,-9.40462,
44,-0.27511,0.992333,-1,0.969776,0.993587,1,-0.140684,0.08358,0.674432,-0.43759,-0.282384,-0.516738,-0.147478,-0.294946,3.8439,-0.342267,0.159003,-3.73051,5.25872,-19.9718,6.90474,10.2101,-7.47754,
45,0.805938,1,1,-0.140271,-1,1,-0.170319,-0.0185256,0.0628567,0.491143,-0.43596,0.101731,-0.0410771,-0.463366,3.47467,-0.704453,-3.6253,-13.0247,17.3825,1.11533,13.6983,-2.38301,-1.59673,
46,1,-0.999334,1,-0.977775,-1,0.965144,-0.198729,-0.174022,-0.0233904,0.721973,0.238337,0.464808,-0.233301,0.0984859,4.31648,-0.177006,-2.36156,5.39656,0.822437,15.1927,1.75761,-3.5962,16.3843,
47,0.999994,-1,1,-0.627298,-1,0.00257627,-0.15612,-0.149425,0.52164,0.0444424,0.769403,-0.0512499,-0.246442,0.568984,4.27782,0.915843,1.90499,10.6878,-17.0981,6.35044,-14.9439,0.476774,-2.06333,
48,0.607466,-0.942256,-1,0.4966,0.900119,0.0143876,-0.148339,-0.00941517,0.829205,-0.549037,0.704896,-0.707977,-0.393978,0.184584,4.09705,-0.266851,2.98711,2.14005,-6.85061,-4.94076,-10.6321,-4.69949,-9.78513,
49,-0.223132,0.986266,-1,0.971129,0.993307,1,-0.145329,0.0466098,0.757704,-0.35662,-0.22695,-0.534707,-0.13624,-0.317993,4.47611,0.269677,0.510479,-3.32813,6.28233,-19.5488,10.5136,9.68602,-7.72719,
50,0.986937,1,1,-0.26605,-1,1,-0.145981,0.00800979,0.123536,0.520023,-0.476948,0.120497,0.00207967,-0.458484,4.10441,-0.199433,-1.77212,-14.3276,15.8024,2.51227,13.7347,0.176931,0.805519,
51,1,-0.999386,1,-0.952608,-1,0.881945,-0.152688,-0.0722834,0.0148016,0.665608,0.250656,0.442541,-0.178723,0.122896,4.77425,0.0516595,-1.31383,5.43501,-3.58264,16.3815,0.81547,-3.54285,16.7262,
52,0.999291,-0.999999,1,-0.351157,-1,0.00275517,-0.124211,-0.0481848,0.508221,-0.287349,0.748599,-0.0765046,-0.233088,0.576396,4.09763,0.297135,1.09568,9.09325,-21.1872,3.97238,-14.7756,-0.525054,-2.40335,
53,0.602878,-0.957764,-1,0.513814,0.906952,0.0570759,-0.148982,0.0364513,0.810304,-0.571094,0.697656,-0.600688,-0.441857,0.163081,4.26837,-0.884988,1.70098,2.34269,-0.682054,-5.12816,-7.17512,-5.65153,-10.3008,
54,-0.269421,0.995394,-1,0.990534,0.993855,1,-0.176316,0.0558567,0.726639,-0.333498,-0.276239,-0.409516,-0.151424,-0.324146,4.49471,-0.369769,0.0097226,-4.03519,4.42207,-20.4046,9.22477,11.0231,-7.01819,
55,0.790224,1,1,-0.156546,-1,1,-0.198083,-0.0537347,0.0538138,0.48437,-0.435354,0.21878,-0.0845222,-0.519296,3.73912,-0.599262,-3.86078,-14.4917,15.192,1.07203,12.8594,-1.17411,0.114083,
56,1,-0.99977,1,-0.984594,-1,0.647961,-0.200685,-0.175811,0.0300739,0.777387,0.285871,0.470965,-0.21972,0.119717,4.42098,0.271022,-1.8129,6.1033,-2.9931,16.2845,-0.649411,-2.82202,17.6361,
57,0.999995,-0.999999,1,-0.622557,-1,0.00208622,-0.152771,-0.145875,0.548905,-0.0320023,0.833073,-0.109313,-0.230935,0.564978,4.31552,0.951207,2.06022,9.73125,-14.8705,6.42113,-15.4729,-0.00604951,-2.20854,
58,0.578744,-0.888014,-1,0.539068,0.924722,0.0194766,-0.141589,8.12587e-05,0.823656,-0.539371,0.660573,-0.753428,-0.409959,0.172164,4.27398,-0.146041,3.01995,1.6936,-5.93034,-5.72791,-9.87274,-5.22088,-9.91476,
59,-0.294404,0.998745,-1,0.959872,0.993548,1,-0.131367,0.0441018,0.696661,-0.392289,-0.303381,-0.510076,-0.141925,-0.32807,4.58339,0.345544,0.0293092,-4.89695,4.75238,-19.9112,11.9734,10.501,-7.50108,
60,0.863842,1,1,-0.137917,-1,1,-0.14273,-0.035335,0.0142125,0.471774,-0.44166,0.172439,0.0655941,-0.436255,4.36969,-0.589088,-2.84051,-14.3741,16.0754,1.30829,13.844,1.39581,1.57406,
61,1,-0.999748,1,-0.960541,-1,0.98061,-0.167651,-0.147417,-0.0755636,0.620334,0.233381,0.544721,-0.0645199,0.229091,5.06699,-0.252363,-1.82434,6.00094,-3.39045,15.6708,2.10225,-3.87475,17.4675,
62,0.999982,-1,1,-0.49315,-1,0.0022989,-0.125337,-0.101012,0.490417,-0.0798367,0.745732,0.0475901,-0.146919,0.544853,4.85343,0.866065,2.03731,11.1772,-17.1467,5.79843,-15.2295,-1.75783,-1.46877,
63,0.597515,-0.930202,-1,0.421736,0.88716,0.0116398,-0.130625,0.0293459,0.787503,-0.618433,0.689273,-0.629135,-0.403711,0.188796,4.63166,-0.644721,2.63513,1.99437,-4.69823,-4.63254,-11.1634,-6.38833,-9.38162,
64,-0.276173,0.994558,-1,0.981441,0.993929,1,-0.15304,0.0630972,0.691391,-0.40146,-0.283535,-0.549042,-0.164232,-0.305053,4.98038,-0.295022,-0.198946,-3.94453,5.87626,-20.5289,8.7419,9.72478,-7.79801,
65,0.826853,1,1,-0.156154,-1,1,-0.179788,-0.0496299,0.0611684,0.50199,-0.437897,0.157432,-0.02428,-0.456698,4.57432,-0.706207,-3.66122,-13.6025,16.4724,1.17811,15.5365,0.0686167,0.105974,
66,1,-0.999958,1,-0.987976,-1,0.938251,-0.200246,-0.185139,0.0261827,0.784435,0.290456,0.536836,-0.154267,0.14535,5.17205,0.00102324,-1.81059,7.20474,-0.683056,17.1584,1.36419,-3.00904,16.9368,
67,0.999961,-1,1,-0.572921,-1,0.00193011,-0.161689,-0.158563,0.591454,-0.0123109,0.851358,-0.0102882,-0.18111,0.597457,4.74195,0.745657,1.90945,10.7668,-15.6576,5.42372,-15.6678,-0.355511,-3.07691,
68,0.586029,-0.72047,-1,0.598649,0.923839,0.0103757,-0.163291,-0.00443147,0.849419,-0.540125,0.671597,-0.707801,-0.39386,0.164921,4.55272,-0.43635,3.39071,1.03832,-5.86709,-5.69331,-11.4516,-5.96025,-10.5766,
69,-0.295004,0.999308,-1,0.987675,0.993697,1,-0.169711,0.0508581,0.690464,-0.330677,-0.304038,-0.515869,-0.160764,-0.354618,4.96336,0.02337,0.106405,-5.26846,6.19869,-20.1472,11.7533,9.78428,-7.71606,
70,0.870414,1,1,-0.180364,-1,1,-0.183797,-0.0395956,0.0130468,0.5088,-0.442448,0.218237,-0.0470726,-0.520353,4.51234,-0.429037,-3.40753,-14.2646,15.0671,1.33478,14.8326,-1.6869,-0.45785,
71,1,-0.999988,1,-0.980255,-1,0.739169,-0.185769,-0.167498,-0.00357225,0.736931,0.266863,0.534145,-0.174998,0.116664,5.20022,0.403662,-1.77108,8.0048,-1.25298,16.6856,-0.132156,-2.6183,17.8555,
72,0.999996,-1,1,-0.567555,-1,0.0015942,-0.133161,-0.144466,0.583836,-0.0855784,0.831994,-0.0574125,-0.189413,0.577787,4.69519,0.916097,1.71456,10.5105,-16.8608,6.50537,-16.1471,-0.231645,-2.56052,
73,0.594838,-0.778452,-1,0.487105,0.919377,0.0146278,-0.129554,-0.0105894,0.846838,-0.558524,0.68512,-0.736585,-0.398593,0.166584,4.6105,-0.32604,2.88611,1.20612,-4.24063,-5.52708,-10.5906,-5.93463,-10.2478,
74,-0.287271,0.999021,-1,0.958964,0.993817,1,-0.127827,0.0291006,0.698722,-0.32581,-0.295589,-0.546514,-0.155679,-0.341002,4.91542,0.220249,-0.0896036,-5.04106,5.92243,-20.3424,11.1828,9.98934,-7.58619,
75,0.851487,1,1,-0.13373,-1,1,-0.143471,-0.0448844,0.028635,0.498091,-0.440584,0.181594,0.110554,-0.372052,4.73461,-0.47144,-3.04254,-14.2304,15.1739,1.26153,14.4031,-3.06789,-1.70068,
76,1,-0.999669,1,-0.953517,-1,0.956289,-0.159984,-0.178933,-0.0646253,0.619785,0.235534,0.559591,-0.147915,0.158877,5.37544,-0.051496,-2.42337,5.82441,-3.64258,15.7178,1.60978,-4.99484,15.5345,
77,0.999997,-1,1,-0.482841,-1,0.00152189,-0.106065,-0.153751,0.532722,-0.0696628,0.787728,-0.00121122,-0.220686,0.585298,5.08334,0.970569,1.58539,11.6407,-17.312,6.68041,-16.2635,-0.507753,-2.65908,
78,0.605659,-0.917826,-1,0.39012,0.913168,0.0149161,-0.104226,-0.0359273,0.838421,-0.584948,0.702036,-0.682392,-0.409906,0.16545,4.97168,-0.421419,2.49308,1.89294,-4.42031,-5.3172,-10.5416,-5.34835,-10.4144,
79,-0.279606,0.998554,-1,0.932774,0.994,1,-0.109398,-0.00141961,0.711322,-0.384439,-0.287255,-0.566733,-0.137986,-0.339788,5.17119,0.0822681,-0.106746,-4.80312,5.25094,-20.6514,9.25681,10.1871,-7.49181,
80,0.844747,1,1,-0.127426,-1,1,-0.139283,-0.0662183,0.0406455,0.472838,-0.439101,0.151308,0.256123,-0.225225,5.16458,-0.61875,-3.24419,-14.0073,16.4742,1.23752,14.8277,-6.01143,-2.54397,
81,1,-0.99992,1,-0.964123,-1,0.986752,-0.160748,-0.202043,-0.0465273,0.68084,0.248036,0.574599,-0.162114,0.203962,5.89255,0.0317612,-2.00695,6.76227,1.11835,16.7496,2.30214,-7.53413,13.096,
82,0.999999,-1,1,-0.568854,-1,0.00100688,-0.115173,-0.188264,0.580398,-0.0420792,0.852707,-0.00708537,-0.280533,0.574878,5.34206,0.801187,1.43716,12.0296,-16.5691,7.54381,-17.299,-0.424069,-2.31996,
83,0.598122,-0.866798,-1,0.465777,0.925475,0.0088484,-0.117914,-0.0587607,0.887333,-0.534933,0.690218,-0.762152,-0.4173,0.167637,5.24168,-0.435398,2.93466,1.57464,-4.9462,-5.75787,-11.8508,-4.15092,-10.2474,
84,-0.284239,0.99955,-1,0.942895,0.993813,1,-0.116667,-0.00958681,0.730505,-0.361642,-0.292288,-0.595221,-0.125377,-0.341497,5.47458,0.252076,0.116168,-5.55555,4.82931,-20.3355,11.1469,10.3262,-7.59775,
85,0.84092,1,1,-0.123244,-1,1,-0.136117,-0.0753687,0.0212436,0.469805,-0.439698,0.147876,0.14259,-0.360181,5.3754,-0.676332,-2.84165,-14.9891,15.6993,1.22431,14.7598,-2.88435,-1.19743,
86,1,-0.999894,1,-0.956888,-1,0.990397,-0.160089,-0.1843,-0.0793745,0.670267,0.237902,0.56669,-0.132381,0.180338,6.1252,-0.0506883,-1.44852,6.5755,-0.667483,16.031,2.45905,-5.45708,15.5003,
87,0.999996,-1,1,-0.518464,-1,0.0016289,-0.117643,-0.144157,0.550717,-0.0902857,0.815595,0.0301982,-0.217119,0.598365,5.58456,0.735579,1.75735,11.9573,-18.0068,6.5667,-16.0932,-0.620106,-3.08034,
88,0.576085,-0.810403,-1,0.481189,0.919153,0.00979356,-0.127858,-0.0121081,0.853797,-0.59126,0.656584,-0.682479,-0.403379,0.163239,5.32458,-0.670556,2.87303,1.31027,-4.43591,-5.5191,-11.5964,-5.22325,-10.6298,
89,-0.292623,0.999294,-1,0.973355,0.993496,1,-0.146015,0.0316608,0.694566,-0.344546,-0.301432,-0.557523,-0.140932,-0.351558,5.65752,-0.181819,-0.0250077,-5.25899,6.34039,-19.8316,10.1094,9.91274,-7.61635,
90,0.852071,1,1,-0.161753,-1,1,-0.17373,-0.0582203,0.0285873,0.50641,-0.440512,0.218323,0.064746,-0.409145,5.33553,-0.503996,-3.73537,-14.064,15.5623,1.26366,17.0876,-4.79856,-2.87038,
91,1,-0.999992,1,-0.978814,-1,0.854211,-0.176634,-0.195094,0.0215601,0.778104,0.291214,0.614528,-0.178317,0.108413,5.86576,0.473585,-1.87607,8.30412,-0.512311,17.2775,0.602177,-4.0724,15.8063,
92,1,-1,1,-0.707016,-1,0.000911712,-0.118361,-0.184401,0.613163,-0.0914415,0.861815,-0.0178754,-0.20331,0.559768,5.16219,0.956472,1.44175,12.2535,-15.5479,10.0158,-17.5479,0.175538,-1.86076,
93,0.580803,-0.46008,-1,0.494319,0.936791,0.00501522,-0.116234,-0.0442558,0.874921,-0.565427,0.663674,-0.825348,-0.367041,0.182375,4.95355,-0.38471,3.20707,0.496965,-4.55755,-6.27043,-13.2741,-5.1246,-9.74869,
94,-0.307828,0.999632,-1,0.938446,0.993566,1,-0.116371,-0.0162317,0.680032,-0.211824,-0.318144,-0.633132,-0.136118,-0.328874,5.30675,0.218265,-0.62819,-5.64782,8.86534,-19.9405,12.7149,9.21791,-7.95467,
95,0.896396,1,1,-0.148143,-1,1,-0.138127,-0.0796582,0.0178882,0.552215,-0.445042,0.188328,0.266225,-0.230251,5.42999,-0.502608,-2.80847,-13.9273,13.104,1.45357,15.3301,-5.52221,-3.09606,
96,1,-0.999969,1,-0.954709,-1,0.974287,-0.152168,-0.192572,-0.0350925,0.641932,0.24401,0.606992,-0.125327,0.19461,6.08528,0.180718,-1.62084,7.36034,-0.136137,16.6427,1.94263,-7.17077,13.279,
97,0.999993,-1,1,-0.448568,-1,0.000907405,-0.102867,-0.171069,0.575068,-0.0969122,0.829542,0.0127922,-0.249799,0.573856,5.42618,0.853482,1.5176,11.0647,-16.9914,6.31557,-17.5598,-0.809801,-2.28343,
98,0.577017,-0.803189,-1,0.419116,0.923938,0.0127965,-0.105464,-0.0448645,0.860017,-0.565343,0.657979,-0.713341,-0.427175,0.163407,5.41297,-0.462482,2.71551,1.29026,-4.3867,-5.69714,-10.9259,-4.95845,-10.3417,
99,-0.293888,0.999519,-1,0.926344,0.993503,1,-0.110646,-0.00551522,0.692636,-0.338399,-0.302816,-0.571715,-0.135105,-0.341846,5.62228,0.0840007,-0.0777493,-5.50622,5.81964,-19.843,10.0831,10.6162,-7.47996,
100,0.856173,1,1,-0.128499,-1,1,-0.135931,-0.0826873,0.0141768,0.490353,-0.441101,0.147516,0.158712,-0.337773,5.56627,-0.75356,-2.98075,-14.294,15.2427,1.27883,14.8224,-1.85677,-0.175671,
101,1,-0.999974,1,-0.963537,-1,0.99332,-0.161828,-0.187056,-0.0443707,0.701325,0.251448,0.571855,-0.101948,0.222886,6.28134,-0.0572602,-1.16772,7.49093,0.0885743,16.5691,2.62469,-5.60365,15.4814,
102,1,-1,1,-0.618544,-1,0.0015248,-0.126088,-0.145634,0.57816,-0.0960789,0.841339,0.0462176,-0.199887,0.528579,5.61724,0.607042,1.80715,11.8917,-16.543,7.71035,-16.2587,-1.25267,-0.890169,
103,0.590901,-0.718688,-1,0.542294,0.925768,0.0054278,-0.141628,-0.002298,0.853121,-0.573402,0.67905,-0.725196,-0.397226,0.19777,5.31541,-0.774976,3.20725,1.0247,-4.15354,-5.76967,-13.0759,-5.23107,-9.02579,
104,-0.29291,0.998795,-1,0.98527,0.993727,1,-0.16333,0.0440858,0.703737,-0.30212,-0.301746,-0.581268,-0.146527,-0.302762,5.77689,-0.225491,-0.083358,-4.8995,6.84453,-20.1952,11.3222,9.66223,-8.07832,
105,0.86318,1,1,-0.177202,-1,1,-0.184528,-0.0536708,0.0355349,0.528266,-0.441722,0.213234,-0.0399121,-0.498842,5.27889,-0.578609,-3.37173,-14.4332,14.5289,1.30569,16.7637,-0.61136,-0.988796,
106,1,-0.999992,1,-0.987053,-1,0.854273,-0.195107,-0.166934,0.0216053,0.774053,0.294593,0.589997,-0.122791,0.12339,5.84256,0.268802,-1.30292,8.24964,-0.758686,17.3537,0.602627,-2.05977,17.729,
107,1,-1,1,-0.773038,-1,0.00147667,-0.148344,-0.128225,0.605792,-0.112804,0.856407,0.00376772,-0.136734,0.592995,5.11213,0.738023,1.86817,11.971,-16.6301,9.32134,-16.3391,-0.618247,-2.98421,
108,0.588956,-0.443669,-1,0.601552,0.928544,0.00356986,-0.159012,0.0253569,0.850015,-0.589655,0.676066,-0.80171,-0.351561,0.174456,4.74404,-0.70976,3.46459,0.463733,-3.66755,-5.8849,-14.1263,-5.97896,-10.3128,
109,-0.300256,0.998525,-1,0.990258,0.993686,1,-0.177763,0.0567985,0.688272,-0.191882,-0.309801,-0.60737,-0.162517,-0.352084,5.31651,-0.146325,-0.594067,-4.73913,9.56512,-20.1292,13.3059,8.54822,-8.0735,
110,0.878329,1,1,-0.193479,-1,1,-0.192642,-0.0448139,0.0473936,0.594722,-0.443316,0.194776,-0.0783834,-0.520354,4.89749,-0.390597,-3.33609,-14.0098,12.6714,1.36841,15.7374,-2.05659,0.200337,
111,1,-0.999985,1,-0.987329,-1,0.793527,-0.19837,-0.177883,0.0138663,0.732667,0.266702,0.539092,-0.18631,0.134019,5.57446,0.340113,-1.82192,7.84532,-0.720876,17.1418,0.19498,-1.93863,17.9952,
112,0.999999,-1,1,-0.681557,-1,0.00167946,-0.148223,-0.155716,0.599664,-0.0637631,0.861394,-0.0441769,-0.175225,0.592447,5.02187,0.878807,1.74771,10.8986,-16.0906,7.55162,-16.0165,0.0613592,-3.02129,
113,0.576316,-0.508788,-1,0.591703,0.937206,0.00798654,-0.145459,-0.00772104,0.849516,-0.561934,0.656929,-0.773367,-0.372901,0.167352,4.79981,-0.36136,3.27904,0.580687,-5.26184,-6.29177,-12.1077,-5.80166,-10.4145,
114,-0.311193,0.99945,-1,0.975203,0.993523,1,-0.148177,0.0243628,0.668715,-0.244842,-0.321866,-0.550273,-0.151698,-0.352026,5.23451,0.107678,-0.49879,-5.39425,8.37682,-19.8729,12.8967,9.44023,-7.78887,
115,0.899671,1,1,-0.179021,-1,1,-0.165566,-0.0608656,0.0137516,0.550515,-0.446109,0.237745,0.0936756,-0.395931,5.04488,-0.395688,-3.26612,-13.8719,13.6215,1.47049,15.384,-3.66112,-2.27617,
116,1,-0.999991,1,-0.969023,-1,0.802264,-0.16738,-0.191474,-0.00701735,0.704544,0.253398,0.586999,-0.14435,0.135475,5.69534,0.476635,-1.83176,8.16749,-0.402631,16.686,0.250138,-4.48765,15.8359,
117,0.999999,-1,1,-0.54885,-1,0.00104446,-0.109973,-0.176681,0.598162,-0.088335,0.843111,-0.0315831,-0.207567,0.566191,5.05775,0.976265,1.53098,11.1045,-16.2594,7.54456,-17.2072,-0.587484,-2.13022,
118,0.594427,-0.728454,-1,0.419907,0.924639,0.0113195,-0.105184,-0.0459827,0.860553,-0.558031,0.684484,-0.759989,-0.406632,0.16882,5.02088,-0.300472,2.85089,1.05543,-4.21091,-5.7246,-11.2333,-5.58193,-10.0974,
119,-0.290898,0.999382,-1,0.909612,0.993808,1,-0.10095,-0.00962987,0.695623,-0.306595,-0.299547,-0.59429,-0.146682,-0.336578,5.25165,0.291399,-0.213233,-5.3356,6.31616,-20.3267,10.9031,10.162,-7.61566,
120,0.864632,1,1,-0.118537,-1,1,-0.122176,-0.0667728,0.0216713,0.49562,-0.44147,0.157168,0.280192,-0.219222,5.31909,-0.547884,-2.78487,-14.1368,14.8823,1.31141,14.4802,-4.78046,-2.29553,
121,1,-0.999718,1,-0.930795,-1,0.993941,-0.142629,-0.181699,-0.0651639,0.610055,0.234677,0.585038,-0.123313,0.218661,5.93252,-0.125557,-2.03399,5.92585,-3.68209,15.6982,2.66739,-7.64431,13.2254,
122,0.999987,-1,1,-0.399542,-1,0.00123365,-0.0953332,-0.15811,0.526281,-0.0825209,0.788195,0.0322068,-0.261174,0.584203,5.56708,0.900928,1.56103,11.4054,-16.9993,5.97072,-16.7899,-0.92315,-2.62856,
123,0.597909,-0.923273,-1,0.380917,0.920346,0.0162955,-0.0970245,-0.0429324,0.834455,-0.585163,0.689887,-0.655934,-0.43364,0.160155,5.52185,-0.489688,2.39228,1.93932,-4.5466,-5.56199,-10.3199,-4.75975,-10.5157,
124,-0.286099,0.998778,-1,0.924888,0.993875,1,-0.106757,-0.00981402,0.702837,-0.390785,-0.294313,-0.552453,-0.125605,-0.342209,5.69104,-0.0286629,-0.105765,-4.91386,5.1584,-20.4376,8.75849,10.7995,-7.34415,
125,0.860397,1,1,-0.136192,-1,1,-0.142383,-0.0775065,0.032539,0.469587,-0.440367,0.155959,0.271847,-0.217574,5.70482,-0.669925,-3.43804,-13.8349,16.5594,1.29487,15.5326,-6.02099,-2.09704,
126,1,-0.999987,1,-0.970258,-1,0.986847,-0.161907,-0.21,-0.0113199,0.728096,0.273608,0.595041,-0.148127,0.22302,6.33881,0.102462,-1.80772,7.94036,0.731808,17.4217,2.30579,-7.63892,13.1623,
127,0.997685,-1,1,-0.288415,-1,0.000875761,-0.118144,-0.197138,0.621967,-0.0504085,0.837735,0.0026052,-0.27154,0.584662,5.63041,0.72781,1.44192,12.4519,-15.9454,3.38011,-17.6488,-0.567713,-2.66554,
128,0.595895,-0.745002,-1,0.448684,0.912198,0.0239413,-0.12293,-0.0698963,0.915199,-0.529389,0.686758,-0.670294,-0.45535,0.147536,5.60209,-0.406256,2.84033,1.11008,-4.58782,-5.2864,-9.3552,-5.2108,-10.82,
129,-0.279942,0.999903,-1,0.953862,0.993837,1,-0.123672,-0.00913727,0.704533,-0.315997,-0.28762,-0.512202,-0.147227,-0.356068,5.69481,0.148658,0.471627,-6.54242,5.47174,-20.3743,9.69327,11.2801,-7.14069,
130,0.82703,1,1,-0.125305,-1,1,-0.143777,-0.0688351,-0.00659392,0.47952,-0.438683,0.194801,0.136383,-0.363305,5.59137,-0.528169,-3.01146,-14.5608,14.758,1.17867,15.2017,-3.11311,-1.28657,
131,1,-0.999983,1,-0.958447,-1,0.95967,-0.154931,-0.18019,-0.0652376,0.68796,0.254506,0.593433,-0.127416,0.179111,6.2821,0.289294,-1.33732,7.79089,0.418475,16.7281,1.66343,-5.23196,15.5848,
132,0.999996,-1,1,-0.469776,-1,0.0012662,-0.103838,-0.150042,0.570773,-0.13081,0.824749,0.0185124,-0.208076,0.596611,5.56142,0.832303,1.52627,11.7046,-17.9309,6.60469,-16.7246,-0.631869,-3.05116,
133,0.576664,-0.749199,-1,0.432907,0.923045,0.0118358,-0.110109,-0.0268564,0.860597,-0.587185,0.657451,-0.69079,-0.407959,0.15789,5.40369,-0.570107,2.69597,1.10712,-3.60489,-5.66265,-11.1215,-5.57442,-10.7247,
134,-0.294532,0.999471,-1,0.947013,0.993495,1,-0.122247,0.0106975,0.688537,-0.308401,-0.303522,-0.56778,-0.144368,-0.354963,5.66748,-0.0497203,-0.127614,-5.43739,6.66888,-19.8309,9.83704,10.1,-7.51778,
135,0.856952,1,1,-0.14019,-1,1,-0.148117,-0.0728356,0.0230695,0.513033,-0.441098,0.162853,0.111208,-0.369198,5.52754,-0.64544,-3.25383,-14.0581,14.8,1.28176,15.3814,-2.9683,-1.04602,
136,1,-0.999987,1,-0.97193,-1,0.97444,-0.167055,-0.194716,-0.0201833,0.720556,0.264555,0.573935,-0.140214,0.179734,6.21307,0.109313,-1.51398,7.94144,0.443608,17.1211,1.94612,-4.95707,15.6503,
137,0.999999,-1,1,-0.590891,-1,0.00136714,-0.124866,-0.167414,0.602103,-0.0844461,0.860343,0.0120884,-0.210968,0.598406,5.4809,0.691798,1.61995,11.6033,-17.4358,7.31594,-16.5323,-0.524444,-3.10256,
138,0.598127,-0.70923,-1,0.531531,0.929716,0.00715046,-0.134241,-0.026295,0.880207,-0.546976,0.690225,-0.737806,-0.395802,0.162476,5.27502,-0.596917,3.23228,1.00661,-4.11255,-5.93557,-12.3849,-5.27085,-10.6517,
139,-0.290858,0.999431,-1,0.974647,0.993827,1,-0.1439,0.0274946,0.714574,-0.293433,-0.299503,-0.57742,-0.146946,-0.358244,5.6483,0.0299667,0.11894,-5.38589,6.36782,-20.3585,11.4261,9.72795,-7.72048,
140,0.860134,1,1,-0.154982,-1,1,-0.162455,-0.0420148,0.0310606,0.51206,-0.441497,0.212504,0.0696489,-0.414491,5.35544,-0.378128,-3.20678,-14.5459,14.6346,1.29386,16.5857,-4.68054,-2.92163,
141,1,-0.999953,1,-0.970511,-1,0.898653,-0.168961,-0.18028,-0.0498738,0.66985,0.247696,0.610908,-0.169042,0.106492,5.99541,0.336162,-2.18555,7.10364,-0.71052,16.729,0.957523,-3.94143,15.9379,
142,0.999999,-1,1,-0.530639,-1,0.00101696,-0.111217,-0.174858,0.584192,-0.0823051,0.855051,-0.00136456,-0.194284,0.565037,5.35949,0.979026,1.28542,11.887,-17.2206,7.14935,-17.2741,0.146794,-1.98379,
143,0.589675,-0.758302,-1,0.448311,0.930701,0.0101469,-0.108582,-0.0519862,0.871,-0.563659,0.677167,-0.734885,-0.385324,0.175581,5.24788,-0.373509,2.78445,1.14076,-4.36114,-5.97914,-11.5075,-5.76233,-9.97767,
144,-0.29505,0.999522,-1,0.92557,0.993707,1,-0.108528,-0.0154119,0.701359,-0.320189,-0.304089,-0.588734,-0.144845,-0.331348,5.50168,0.211992,-0.210056,-5.5056,6.20352,-20.1628,10.6607,9.6718,-7.75713,
145,0.871596,1,1,-0.132295,-1,1,-0.133635,-0.0767016,0.0178428,0.49161,-0.442186,0.162818,0.265243,-0.2237,5.5632,-0.631602,-2.92654,-14.2805,15.1036,1.33968,14.5363,-4.9299,-2.42909,
146,1,-0.999962,1,-0.958614,-1,0.987343,-0.154935,-0.194548,-0.0549309,0.655701,0.244769,0.580383,-0.129993,0.212193,6.30853,0.0430869,-1.6178,7.24864,0.912756,16.7456,2.32505,-7.47888,13.2157,
147,0.999994,-1,1,-0.480999,-1,0.00105574,-0.11147,-0.16989,0.573202,-0.0823384,0.833359,0.00737317,-0.263695,0.580901,5.67214,0.741557,1.54026,11.5029,-17.4122,6.32749,-17.1802,-0.865809,-2.52329,
148,0.580133,-0.82789,-1,0.464125,0.924106,0.0115008,-0.118537,-0.0411416,0.877179,-0.55644,0.662663,-0.719805,-0.430168,0.161424,5.5874,-0.537008,2.8271,1.38865,-4.61033,-5.70367,-11.1935,-4.64134,-10.4611,
149,-0.290892,0.999626,-1,0.952273,0.993532,1,-0.125528,0.00471564,0.707645,-0.347224,-0.299541,-0.564637,-0.134146,-0.347643,5.82152,0.0576777,0.067505,-5.67264,5.49745,-19.8872,10.5431,10.624,-7.49323,
150,0.847869,1,1,-0.137743,-1,1,-0.149372,-0.0725287,0.0147517,0.484359,-0.440277,0.187177,0.124295,-0.371638,5.64444,-0.608755,-3.28578,-14.5307,15.455,1.24852,15.8519,-3.42896,-1.57025,
151,1,-0.999989,1,-0.968874,-1,0.960868,-0.164121,-0.196519,-0.040355,0.722591,0.260704,0.599832,-0.134197,0.167081,6.32707,0.255865,-1.50121,8.04628,1.07729,16.9974,1.68321,-4.97872,15.6451,
152,1,-1,1,-0.616193,-1,0.00121059,-0.113621,-0.169325,0.591354,-0.0874472,0.846568,0.0180678,-0.203385,0.592684,5.63031,0.843609,1.60691,12.233,-16.4239,8.5114,-16.8372,-0.487584,-2.91439,
153,0.594249,-0.682544,-1,0.471223,0.926892,0.00615328,-0.118358,-0.0318442,0.866081,-0.572197,0.68421,-0.753897,-0.385675,0.166409,5.3916,-0.545605,3.10383,0.932622,-4.19608,-5.81557,-12.7614,-5.24906,-10.4986,
154,-0.293163,0.999282,-1,0.957943,0.993792,1,-0.127254,0.00982101,0.700689,-0.289454,-0.302023,-0.612087,-0.141421,-0.351535,5.74688,0.0448619,-0.197476,-5.23324,7.08251,-20.3014,11.1783,9.49123,-7.76013,
155,0.8656,1,1,-0.144121,-1,1,-0.148448,-0.0685065,0.0346696,0.524475,-0.442024,0.160133,0.100281,-0.380852,5.60699,-0.580282,-3.03488,-14.2599,14.4986,1.31526,15.6094,-3.2257,-1.49711,
156,1,-0.999969,1,-0.974137,-1,0.978849,-0.168365,-0.190311,-0.0381275,0.675368,0.252695,0.577597,-0.144236,0.162123,6.29061,0.0260552,-1.72866,7.37783,-0.153183,17.3196,2.05424,-4.62354,15.7508,
157,0.999949,-1,1,-0.460363,-1,0.00138416,-0.126703,-0.166408,0.591902,-0.0776313,0.848942,0.0180309,-0.202585,0.593393,5.6119,0.700925,1.57697,11.6165,-17.2333,5.28527,-16.5013,-0.361644,-2.91429,
158,0.576875,-0.678606,-1,0.53578,0.930169,0.0120065,-0.135134,-0.0302681,0.87935,-0.555887,0.657767,-0.683042,-0.407563,0.160604,5.42784,-0.568799,3.05934,0.927404,-4.74402,-5.9555,-11.0856,-5.80103,-10.6459,
159,-0.299769,0.999743,-1,0.974324,0.993506,1,-0.147172,0.0204479,0.688133,-0.297839,-0.309266,-0.526327,-0.152696,-0.354996,5.73245,-0.0720447,0.0859693,-5.90314,6.71612,-19.8472,10.7068,10.1337,-7.59713,
160,0.872054,1,1,-0.168998,-1,1,-0.171108,-0.0585519,0.00472311,0.513027,-0.442781,0.236605,0.0703008,-0.416509,5.45184,-0.485146,-3.42019,-14.2613,14.5319,1.34159,16.5209,-3.75573,-2.37004,
161,1,-0.999995,1,-0.975047,-1,0.824125,-0.172634,-0.180066,0.00497417,0.743756,0.280312,0.611695,-0.14878,0.123203,6.0097,0.482616,-1.6161,8.53336,-1.00007,17.0327,0.39259,-3.98255,16.1415,
162,1,-1,1,-0.688105,-1,0.000985116,-0.116165,-0.161712,0.606396,-0.127874,0.846815,-0.014818,-0.189854,0.568083,5.27523,0.89024,1.48226,12.2391,-15.5833,9.77845,-17.3538,-0.306658,-2.17482,
163,0.579075,-0.487408,-1,0.489266,0.932172,0.00529808,-0.119067,-0.0256361,0.866783,-0.57763,0.66107,-0.81291,-0.373031,0.176582,5.05628,-0.501622,3.07871,0.539554,-3.80663,-6.04594,-13.1365,-5.36818,-9.96233,
164,-0.303949,0.999465,-1,0.951756,0.993526,1,-0.125215,-0.00104189,0.681427,-0.210092,-0.313864,-0.628189,-0.143453,-0.33666,5.4311,0.105774,-0.653396,-5.40379,8.84584,-19.8775,12.4581,9.26619,-7.90073,
165,0.880981,1,1,-0.147331,-1,1,-0.144667,-0.0855016,0.0279797,0.56335,-0.443794,0.154837,0.120651,-0.366723,5.4148,-0.616705,-2.87353,-14.0446,12.9497,1.38013,14.8579,-2.38723,-1.25624,
166,1,-0.99997,1,-0.965889,-1,0.980722,-0.164613,-0.190576,-0.0184876,0.689495,0.251943,0.560236,-0.127134,0.176275,6.09853,0.023227,-1.31141,7.41217,-1.0439,16.5662,2.10545,-5.08564,15.6033,
167,0.999999,-1,1,-0.602373,-1,0.00160237,-0.125507,-0.152293,0.585386,-0.0908315,0.843791,0.0171106,-0.210866,0.597253,5.46676,0.665544,1.82426,11.4225,-16.6792,7.46971,-16.1343,-0.797283,-3.05611,
168,0.596923,-0.771385,-1,0.520208,0.923665,0.0071323,-0.136417,-0.00780049,0.860819,-0.554938,0.688354,-0.725922,-0.398634,0.165329,5.23472,-0.648365,3.23613,1.18407,-4.04575,-5.68654,-12.3913,-5.20062,-10.5751,
169,-0.287213,0.998939,-1,0.978694,0.993814,1,-0.149871,0.0475431,0.714846,-0.316532,-0.295526,-0.576769,-0.146565,-0.354155,5.63814,-0.0516159,0.174545,-4.98655,6.02345,-20.3372,11.1053,9.73943,-7.73853,
170,0.850763,1,1,-0.154835,-1,1,-0.166803,-0.0332025,0.0352838,0.509992,-0.440517,0.186277,-0.00953431,-0.488283,5.25149,-0.577025,-2.92563,-14.5993,14.7625,1.25891,16.2303,0.60859,1.06586,
171,1,-0.999929,1,-0.982403,-1,0.958391,-0.18866,-0.149538,-0.0605153,0.666598,0.246557,0.586776,-0.0934784,0.178443,5.93387,-0.0264756,-1.58127,6.83797,-0.250634,16.8444,1.64278,-2.33815,17.9881,
172,0.999999,-1,1,-0.681369,-1,0.00172802,-0.148058,-0.114083,0.562746,-0.095357,0.841558,0.0486282,-0.116378,0.530213,5.33319,0.700181,1.74659,12.0698,-16.7467,7.55688,-15.9451,-1.02809,-0.958602,
173,0.594467,-0.781652,-1,0.595572,0.924839,0.00418897,-0.161051,0.0294578,0.845958,-0.575899,0.684547,-0.728502,-0.358957,0.204069,4.9493,-0.768776,3.28635,1.21215,-4.07297,-5.73254,-13.7254,-6.47569,-8.91245,
174,-0.289436,0.997641,-1,0.991718,0.993758,1,-0.182163,0.0760237,0.720612,-0.320925,-0.297951,-0.588323,-0.171141,-0.302437,5.51975,-0.183175,-0.122625,-4.46756,6.49879,-20.2453,11.7635,8.62479,-8.33849,
175,0.854876,1,1,-0.184834,-1,1,-0.197451,-0.0269986,0.0500642,0.525287,-0.440746,0.214472,-0.111434,-0.526349,4.85852,-0.389415,-3.66344,-14.6358,15.0334,1.27399,16.4508,-2.3645,-0.824955,
176,1,-0.999988,1,-0.988402,-1,0.724845,-0.198832,-0.16941,0.0238567,0.777453,0.299149,0.558416,-0.202968,0.100237,5.48468,0.445887,-1.99943,8.00763,-0.763044,17.4033,-0.215079,-1.44284,17.8095,
177,1,-1,1,-0.775371,-1,0.00145366,-0.144746,-0.157356,0.6034,-0.0907129,0.861928,-0.0516146,-0.168354,0.569806,4.90579,0.896002,1.53701,11.9313,-15.0112,9.60717,-16.3785,0.394042,-2.29894,
178,0.587393,-0.562679,-1,0.575586,0.934807,0.00532935,-0.142974,-0.0133508,0.867978,-0.549645,0.673677,-0.824004,-0.352172,0.18113,4.62962,-0.381471,3.32727,0.682305,-4.54285,-6.17111,-13.1218,-5.67385,-9.84194,
179,-0.301509,0.999335,-1,0.970965,0.993655,1,-0.141297,0.0214459,0.698597,-0.245241,-0.311179,-0.60266,-0.152063,-0.335011,5.07728,0.263954,-0.443282,-5.27139,7.76588,-20.0792,13.4032,8.83122,-8.02115,
180,0.880635,1,1,-0.155948,-1,1,-0.153437,-0.0554002,0.0280631,0.540437,-0.44374,0.19629,0.0916392,-0.389865,4.92197,-0.409944,-2.9458,-14.3875,13.6526,1.37859,14.9919,-3.32175,-2.32284,
181,1,-0.999929,1,-0.96083,-1,0.923912,-0.163916,-0.181062,-0.0482824,0.652246,0.238012,0.571305,-0.148158,0.134749,5.67177,0.2632,-1.80789,6.8343,0.387775,16.0585,1.20176,-4.52734,15.6853,
182,0.999993,-1,1,-0.468253,-1,0.00136097,-0.109195,-0.15678,0.551229,-0.0802923,0.803206,-0.00702144,-0.209267,0.575027,5.14933,0.986234,1.63221,11.0774,-17.21,6.25663,-16.5436,-0.448521,-2.32247,
183,0.590751,-0.838829,-1,0.403673,0.917439,0.0158014,-0.105482,-0.0328403,0.836493,-0.586642,0.678819,-0.688756,-0.41,0.168621,5.06951,-0.370708,2.60044,1.42722,-4.66978,-5.45907,-10.3971,-5.64387,-10.2303,
184,-0.289265,0.999064,-1,0.928836,0.993784,1,-0.109406,0.000204988,0.687155,-0.362703,-0.297764,-0.55708,-0.142367,-0.334343,5.2878,0.0852854,-0.206989,-5.07983,5.89758,-20.2873,9.61198,10.2715,-7.51957,
185,0.857674,1,1,-0.129175,-1,1,-0.136053,-0.0780886,0.0225997,0.488099,-0.44112,0.158456,0.194083,-0.29103,5.20773,-0.721288,-3.09114,-14.0709,15.8265,1.28448,14.6089,-3.28512,-1.36462,
186,1,-0.999921,1,-0.958908,-1,0.988892,-0.161911,-0.200655,-0.0544182,0.676219,0.238757,0.573292,-0.121478,0.209917,5.97065,-0.0243818,-1.60439,6.77187,1.45761,16.0543,2.38932,-6.27054,14.4618,
187,0.999999,-1,1,-0.566703,-1,0.00137076,-0.11806,-0.166158,0.562357,-0.050953,0.817713,0.0235653,-0.23118,0.581764,5.42799,0.795101,1.7794,11.8146,-16.923,7.32318,-16.5257,-0.927597,-2.57144,
188,0.595784,-0.872285,-1,0.447325,0.91119,0.00775354,-0.123231,-0.0263593,0.862613,-0.557897,0.686586,-0.722104,-0.409504,0.168865,5.2454,-0.542114,3.08739,1.59781,-4.84661,-5.25492,-12.1819,-4.9109,-10.3019,
189,-0.279658,0.999102,-1,0.962766,0.993814,1,-0.131143,0.0289892,0.720829,-0.366429,-0.287312,-0.59848,-0.140907,-0.342195,5.54496,0.0594789,0.21021,-5.10802,5.27803,-20.3366,10.3193,9.94375,-7.67686,
190,0.826171,1,1,-0.131517,-1,1,-0.151335,-0.0438685,0.0398224,0.485585,-0.438268,0.165439,0.0833626,-0.391706,5.29973,-0.496143,-3.21618,-14.4919,16.0078,1.17595,16.1423,-4.2422,-2.39822,
191,1,-0.999932,1,-0.973088,-1,0.974487,-0.167859,-0.181476,-0.0630897,0.67397,0.250697,0.590708,-0.170784,0.129087,6.00578,0.127825,-2.05888,6.87012,0.847123,17.2104,1.94719,-4.39758,15.6391,
192,0.999995,-1,1,-0.513587,-1,0.00126074,-0.117622,-0.169885,0.563377,-0.0605962,0.845033,0.0154178,-0.204855,0.577504,5.42782,0.905672,1.40666,11.6804,-17.161,6.49189,-16.7354,0.192446,-2.35512,
193,0.576537,-0.79615,-1,0.478856,0.930477,0.0106524,-0.117535,-0.0435705,0.860363,-0.566655,0.65726,-0.70156,-0.387843,0.172821,5.26488,-0.438485,2.82949,1.26453,-5.1253,-5.96915,-11.3856,-5.5551,-10.1899,
194,-0.287458,0.9992,-1,0.94487,0.993306,1,-0.122614,-0.00164867,0.703039,-0.330386,-0.295793,-0.563021,-0.141616,-0.33704,5.56802,0.100235,-0.034038,-5.17388,6.42704,-19.5479,10.3591,9.69257,-7.72688,
195,0.823578,1,1,-0.123814,-1,1,-0.143365,-0.0728197,0.0333374,0.5074,-0.4381,0.158819,0.117323,-0.361067,5.42196,-0.596279,-2.87984,-14.2456,15.2311,1.16784,14.6696,-2.61495,-1.08578,
196,1,-0.999929,1,-0.970351,-1,0.984464,-0.165239,-0.18745,-0.0595707,0.671189,0.249226,0.563576,-0.136444,0.181966,6.14847,-0.0087079,-1.52613,6.83849,0.64386,17.0833,2.22055,-5.09346,15.5083,
197,0.999991,-1,1,-0.512966,-1,0.00154509,-0.123406,-0.153187,0.559653,-0.0773887,0.836578,0.0177017,-0.211898,0.598165,5.56053,0.736952,1.73578,11.4902,-17.6433,6.17841,-16.2256,-0.555583,-3.08277,
198,0.577634,-0.819516,-1,0.514235,0.927059,0.0104625,-0.131348,-0.0165446,0.861287,-0.568625,0.658904,-0.690599,-0.405294,0.161433,5.36262,-0.595019,3.00078,1.35156,-4.78034,-5.82246,-11.4307,-5.42217,-10.6673,
199,-0.295455,0.999421,-1,0.971893,0.993502,1,-0.14411,0.0334015,0.701397,-0.350037,-0.304532,-0.545496,-0.146068,-0.354994,5.69063,-0.070487,0.104315,-5.38864,5.855,-19.841,10.5341,10.0194,-7.61504,
200,0.86233,1,1,-0.16145,-1,1,-0.168247,-0.0519315,0.0160372,0.497757,-0.441584,0.176134,0.0209606,-0.462242,5.38151,-0.70936,-3.19679,-14.4541,15.4006,1.30236,15.0907,-1.23023,-0.275158,
201,1,-0.999982,1,-0.982239,-1,0.930181,-0.188802,-0.167385,-0.0286608,0.721549,0.257372,0.549439,-0.136332,0.156157,6.10327,0.0300676,-1.45565,7.76118,-0.687585,16.7983,1.27007,-3.46571,17.2012,
202,1,-1,1,-0.705269,-1,0.00175936,-0.151814,-0.133932,0.587806,-0.0842514,0.852303,-0.00544411,-0.180902,0.603453,5.52279,0.615822,1.80396,11.6913,-16.3128,7.77788,-15.9,-0.606631,-3.29606,
203,0.576627,-0.57474,-1,0.636095,0.934123,0.00531486,-0.164735,0.0150648,0.854764,-0.571938,0.657395,-0.768275,-0.375937,0.166734,5.19156,-0.707992,3.34385,0.69958,-4.78544,-6.13788,-13.1286,-5.44773,-10.6017,
204,-0.305884,0.999203,-1,0.991024,0.993488,1,-0.183331,0.0508568,0.687195,-0.258427,-0.315998,-0.558119,-0.153207,-0.360236,5.71992,-0.181405,-0.416457,-5.15707,8.09641,-19.82,13.0998,9.2582,-7.88882,
205,0.886913,1,1,-0.20734,-1,1,-0.201128,-0.0583424,0.0200847,0.554169,-0.444407,0.259586,-0.0739959,-0.530284,5.14094,-0.43331,-3.72324,-14.3319,13.7135,1.40727,16.2961,-2.22773,0.912004,
206,1,-0.999995,1,-0.983624,-1,0.571869,-0.189435,-0.165733,0.0752917,0.78478,0.303725,0.564465,-0.180189,0.15065,5.68964,0.730367,-1.21365,8.58941,-3.58043,17.033,-1.07874,-1.86295,18.3558,
207,0.997259,-0.999994,1,-0.302359,-1,0.00110946,-0.127411,-0.12755,0.593654,-0.210793,0.794134,-0.0697235,-0.170776,0.584001,4.78143,0.955505,1.74443,8.23165,-22.663,3.29556,-17.0558,-0.0991327,-2.92883,
208,0.605479,-0.774617,-1,0.503184,0.929644,0.0440624,-0.125532,-0.00388629,0.864344,-0.57574,0.701752,-0.660577,-0.428464,0.144425,4.96596,-0.32862,2.53435,1.189,-1.86448,-5.93244,-7.82492,-7.11565,-10.7539,
209,-0.287024,0.999336,-1,0.955316,0.993943,1,-0.123666,0.0394976,0.704588,-0.288797,-0.29532,-0.452994,-0.175645,-0.353111,5.16648,0.214004,0.249193,-5.28403,5.99605,-20.5535,10.177,10.8944,-7.02688,
210,0.855642,1,1,-0.127628,-1,1,-0.135209,-0.0161124,0.0229793,0.502561,-0.441073,0.223158,0.119769,-0.362017,4.91949,-0.272585,-2.8323,-14.3506,14.4751,1.27684,14.1806,-2.79553,-1.41927,
211,1,-0.999692,1,-0.928625,-1,0.916426,-0.141355,-0.142157,-0.0705266,0.605068,0.234277,0.578318,-0.129011,0.175329,5.56932,0.159656,-2.30262,5.86667,-3.79652,15.6875,1.12475,-4.95139,15.5446,
212,0.999993,-1,1,-0.387897,-1,0.00151221,-0.0880321,-0.139492,0.503808,-0.105193,0.785024,0.00849835,-0.208069,0.589345,5.29094,1.05615,1.35643,11.2189,-14.8014,6.25531,-16.2795,-0.721267,-2.84046,
213,0.597625,-0.950651,-1,0.30174,0.904459,0.0224122,-0.0828425,-0.0397462,0.800739,-0.588122,0.689445,-0.638249,-0.417162,0.158497,5.29796,-0.369718,2.02415,2.23463,-3.9459,-5.05749,-9.52071,-5.74749,-10.5921,
214,-0.278809,0.997149,-1,0.872568,0.99389,1,-0.0883448,-0.0196291,0.695229,-0.393112,-0.28639,-0.560054,-0.138497,-0.340154,5.40513,0.0567752,-0.31328,-4.36355,4.94747,-20.4625,7.77516,10.4222,-7.26298,
215,0.831921,1,1,-0.105716,-1,1,-0.119526,-0.0966737,0.0444711,0.467934,-0.438455,0.095573,0.273836,-0.206047,5.4243,-0.83138,-3.07295,-13.8872,16.5575,1.19434,13.1384,-3.67504,-0.819464,
216,1,-0.999907,1,-0.959609,-1,0.999172,-0.154366,-0.217516,-0.0444871,0.688471,0.250418,0.524423,-0.136243,0.257022,6.23215,-0.2775,-1.57223,6.66551,1.62777,16.9156,3.40823,-8.25882,13.0849,
217,0.999999,-1,1,-0.587007,-1,0.00146412,-0.124039,-0.182543,0.575659,-0.0300018,0.852343,0.0126019,-0.289205,0.523764,5.69203,0.550324,1.76804,11.9425,-16.6857,7.30023,-16.3605,-1.23597,-0.732658,
218,0.598653,-0.871185,-1,0.526341,0.924956,0.00767989,-0.137194,-0.0401739,0.885368,-0.530856,0.691045,-0.736693,-0.435404,0.192737,5.48668,-0.642159,3.20255,1.59902,-5.20269,-5.73718,-12.2058,-3.93165,-9.05858,
219,-0.283794,0.999472,-1,0.977005,0.993823,1,-0.147218,0.0214167,0.733795,-0.367287,-0.291804,-0.570073,-0.12684,-0.302172,5.80162,0.0102077,0.371626,-5.45307,4.75757,-20.3512,11.2317,10.6693,-7.84035,
220,0.841255,1,1,-0.149744,-1,1,-0.165637,-0.0566248,0.0207528,0.476018,-0.439687,0.198175,0.0194067,-0.465919,5.41431,-0.655353,-3.00543,-15.1224,15.5659,1.22545,16.4194,0.391556,0.319646,
221,1,-0.999969,1,-0.978658,-1,0.955025,-0.183794,-0.151668,-0.0433834,0.729771,0.265561,0.602761,-0.0736464,0.18361,6.04488,0.0899005,-0.979672,7.39176,-0.917373,16.5774,1.59048,-2.67497,17.7346,
222,1,-1,1,-0.76436,-1,0.00168832,-0.142728,-0.103945,0.560587,-0.151962,0.821582,0.0588842,-0.112172,0.530367,5.38223,0.6677,1.87583,12.5029,-15.5078,9.48813,-16.0033,-1.28871,-0.976299,
223,0.581607,-0.694405,-1,0.582383,0.922201,0.00268421,-0.15914,0.0456482,0.838911,-0.589737,0.664888,-0.759971,-0.348171,0.207699,4.90843,-0.867302,3.43199,0.957296,-3.40185,-5.63065,-14.8411,-6.21352,-8.83498,
224,-0.292503,0.996889,-1,0.991667,0.993522,1,-0.185384,0.0899507,0.712072,-0.277368,-0.301302,-0.628534,-0.167191,-0.300775,5.54892,-0.263876,-0.253971,-4.27592,7.55749,-19.8712,12.1343,8.25051,-8.44239,
225,0.850625,1,1,-0.185794,-1,1,-0.200959,-0.0152122,0.0599904,0.554086,-0.440332,0.199965,-0.139888,-0.525155,4.87021,-0.343577,-3.65713,-14.4184,14.353,1.25841,16.7973,-3.3565,0.446764,
226,1,-0.999983,1,-0.990015,-1,0.743445,-0.204845,-0.173149,-0.000639369,0.748511,0.272429,0.554931,-0.231967,0.132174,5.57197,0.431251,-2.28668,7.77396,0.49977,17.3868,-0.107201,-0.966831,17.9804,
227,0.999994,-1,1,-0.60344,-1,0.00148928,-0.14825,-0.167688,0.604632,-0.036808,0.858852,-0.050396,-0.168838,0.586789,5.02927,0.995536,1.49763,11.5473,-16.198,6.33901,-16.3178,0.904075,-2.86627,
228,0.58472,-0.579387,-1,0.551891,0.930692,0.0115902,-0.139757,-0.0305643,0.865294,-0.555511,0.669605,-0.750394,-0.36637,0.166254,4.83614,-0.229924,3.0853,0.712989,-5.37491,-5.97873,-11.1741,-6.20906,-10.3574,
229,-0.302204,0.999652,-1,0.965839,0.993678,1,-0.13551,0.00428937,0.677293,-0.272742,-0.311944,-0.541624,-0.154867,-0.34723,5.17506,0.245391,-0.361699,-5.69934,7.59075,-20.1167,12.1192,9.35296,-7.69285,
230,0.885317,1,1,-0.155891,-1,1,-0.15105,-0.0755402,0.00529768,0.527954,-0.444352,0.205968,0.118326,-0.368168,5.08162,-0.501493,-3.01994,-14.1053,14.0072,1.39984,14.3443,-2.34473,-1.19916,
231,1,-0.999986,1,-0.961005,-1,0.911084,-0.160306,-0.188997,-0.0283225,0.694455,0.2474,0.564121,-0.122025,0.178629,5.79158,0.296137,-1.43396,7.89822,-0.374833,16.4393,1.07238,-5.04897,15.6589,
232,0.999999,-1,1,-0.539856,-1,0.00140052,-0.110844,-0.158445,0.581324,-0.101832,0.828155,-0.0107659,-0.213248,0.591921,5.18157,0.844767,1.71404,11.2581,-16.3619,7.33018,-16.4718,-1.00058,-2.93951,
233,0.59312,-0.773065,-1,0.432758,0.918551,0.0109734,-0.113366,-0.0256232,0.850519,-0.569,0.682465,-0.726005,-0.413761,0.159886,5.06249,-0.471173,2.8706,1.18576,-3.93595,-5.4978,-11.3112,-5.39989,-10.6069,
234,-0.287261,0.999075,-1,0.946296,0.993786,1,-0.119018,0.0154948,0.697897,-0.319982,-0.295578,-0.580091,-0.146271,-0.352586,5.34001,0.0882411,-0.0763045,-5.07623,6.16272,-20.2908,10.4296,10.2063,-7.54014,
235,0.849427,1,1,-0.130006,-1,1,-0.140257,-0.05978,0.0333098,0.504244,-0.440378,0.148136,0.117747,-0.369714,5.20907,-0.604073,-2.99767,-14.1624,15.0813,1.25409,14.7451,-2.97096,-1.20358,
236,1,-0.999921,1,-0.965836,-1,0.986059,-0.163174,-0.18251,-0.052,0.662336,0.245635,0.55737,-0.14614,0.173293,5.95375,-0.0460677,-1.74974,6.76335,0.298155,16.7058,2.27634,-5.15183,15.5785,
237,1,-1,1,-0.609761,-1,0.00160234,-0.123362,-0.157544,0.571232,-0.0721988,0.845763,0.0140615,-0.219865,0.595618,5.38704,0.686283,1.58376,12.1329,-16.3389,7.72696,-16.1344,-0.464358,-2.99476,
238,0.597759,-0.846371,-1,0.51033,0.923289,0.00710839,-0.133576,-0.0231906,0.871039,-0.547745,0.689652,-0.728755,-0.392899,0.16698,5.13103,-0.632854,3.08111,1.47134,-4.34421,-5.67203,-12.3997,-5.00852,-10.5155,
239,-0.284084,0.999117,-1,0.975006,0.993808,1,-0.144598,0.0301017,0.728434,-0.346026,-0.292119,-0.585386,-0.141737,-0.351376,5.4929,0.0121735,0.167326,-5.11328,5.29277,-20.3275,10.9795,9.60234,-7.74893,
240,0.839618,1,1,-0.148689,-1,1,-0.165203,-0.0435991,0.0396514,0.488725,-0.439435,0.198162,0.0631487,-0.413045,5.16504,-0.443635,-3.35496,-14.6986,15.6455,1.21988,16.553,-4.88669,-3.0173,
241,1,-0.999976,1,-0.976464,-1,0.909651,-0.17346,-0.182958,-0.0368342,0.719377,0.267125,0.601902,-0.184571,0.10109,5.82909,0.355854,-1.99578,7.54934,0.53317,17.1812,1.05867,-4.09521,15.7918,
242,0.999999,-1,1,-0.570839,-1,0.00104133,-0.117242,-0.174375,0.585464,-0.0696763,0.858469,-0.00939943,-0.206568,0.561429,5.20747,0.975329,1.39262,11.7551,-16.5946,7.4444,-17.2147,0.338617,-1.85052,
243,0.599016,-0.836588,-1,0.457052,0.927714,0.0092833,-0.113512,-0.0450666,0.877571,-0.540603,0.691612,-0.749999,-0.382823,0.179394,5.09348,-0.332766,2.96437,1.42965,-4.30808,-5.84977,-11.7305,-5.50129,-9.85395,
244,-0.286306,0.999382,-1,0.927634,0.993829,1,-0.108437,0.00487908,0.725242,-0.341653,-0.294538,-0.598952,-0.143528,-0.327645,5.36273,0.338597,0.114307,-5.3448,5.1744,-20.361,10.8536,9.56517,-7.81503,
245,0.849233,1,1,-0.116563,-1,1,-0.125683,-0.0455739,0.0264265,0.475118,-0.440258,0.15952,0.221585,-0.265599,5.29064,-0.518448,-2.66197,-14.8149,15.5264,1.25339,14.9353,-4.72489,-2.7091,
246,1,-0.999563,1,-0.934242,-1,0.992371,-0.145655,-0.157224,-0.0881071,0.610441,0.23248,0.589846,-0.13697,0.18452,5.94578,-0.101378,-1.96383,5.64139,-3.4718,15.6162,2.56537,-6.60151,13.8139,
247,0.999999,-1,1,-0.501258,-1,0.00135886,-0.0983018,-0.13412,0.515247,-0.103494,0.789315,0.0369249,-0.241319,0.577977,5.6149,0.881707,1.50366,12.3722,-15.6782,7.54054,-16.5475,-0.556895,-2.39563,
248,0.595836,-0.911511,-1,0.401241,0.918496,0.0110186,-0.104065,-0.0238473,0.820276,-0.606694,0.686666,-0.681259,-0.404083,0.171821,5.42242,-0.620798,2.3256,1.83691,-4.06479,-5.49588,-11.3009,-4.72977,-10.1934,
249,-0.283431,0.997232,-1,0.948941,0.993787,1,-0.120725,-0.00173017,0.704953,-0.374942,-0.291409,-0.577068,-0.123641,-0.332293,5.70794,-0.144423,-0.376913,-4.37794,5.84916,-20.2928,9.31846,10.0209,-7.59179,
250,0.839057,1,1,-0.136907,-1,1,-0.152176,-0.0972647,0.0548245,0.495836,-0.439156,0.144491,0.122986,-0.347533,5.52795,-0.796601,-3.4125,-14.0262,16.1134,1.21798,15.2841,-2.77527,-0.684783,
251,1,-0.999981,1,-0.978107,-1,0.982821,-0.174875,-0.20843,0.0271259,0.797577,0.293733,0.562297,-0.143518,0.197539,6.12356,0.0134526,-1.20003,7.72742,-0.12992,17.3236,2.1676,-5.37192,15.3434,
252,1,-1,1,-0.775739,-1,0.00142236,-0.137619,-0.166054,0.60657,-0.0780137,0.865402,0.00942236,-0.222313,0.574777,5.44649,0.59808,1.924,12.3888,-16.006,10.1137,-16.433,-0.673172,-2.36673,
253,0.580569,-0.421538,-1,0.616121,0.938571,0.00331581,-0.151947,-0.00652312,0.870638,-0.573112,0.66332,-0.812849,-0.378362,0.181041,5.06035,-0.73566,3.61444,0.432713,-4.8648,-6.36352,-14.3113,-4.47726,-9.94593,
254,-0.310393,0.999453,-1,0.987386,0.99355,1,-0.170896,0.0316411,0.683989,-0.202465,-0.320981,-0.602487,-0.134211,-0.338469,5.583,-0.17427,-0.477644,-5.38719,9.44337,-19.9155,13.6267,9.31706,-8.02365,
255,0.897701,1,1,-0.204756,-1,1,-0.191345,-0.0644617,0.0226879,0.584303,-0.445895,0.219933,-0.0253048,-0.510245,5.24995,-0.587186,-3.08721,-14.2237,12.593,1.46025,16.6137,-0.00194202,0.275634,
256,1,-0.999997,1,-0.988788,-1,0.788339,-0.199055,-0.166356,0.0437073,0.76462,0.298153,0.574959,-0.129888,0.123652,5.76729,0.312855,-1.11296,8.85236,-1.54201,17.4989,0.162637,-2.37374,17.9158,
257,1,-1,1,-0.777159,-1,0.00139425,-0.153737,-0.121311,0.62113,-0.128651,0.859381,-0.021846,-0.15424,0.588476,5.00078,0.682259,1.98348,11.5337,-16.5992,9.08464,-16.4831,-0.733124,-2.89159,
258,0.590346,-0.349047,-1,0.619845,0.928145,0.00411773,-0.166161,0.0353408,0.849307,-0.589725,0.678197,-0.822034,-0.363346,0.172308,4.68315,-0.721234,3.4665,0.317532,-3.26964,-5.86795,-13.7684,-5.76908,-10.2821,
259,-0.300737,0.998538,-1,0.992282,0.993706,1,-0.185292,0.0618384,0.68216,-0.150448,-0.31033,-0.591895,-0.161759,-0.352376,5.2526,-0.167004,-0.684877,-4.73377,10.3145,-20.1604,13.9188,8.89474,-7.99904,
260,0.879444,1,1,-0.199538,-1,1,-0.198129,-0.0403814,0.0458021,0.615091,-0.443493,0.21942,-0.0917779,-0.529185,4.78659,-0.290453,-3.38106,-13.9518,11.9423,1.37331,15.7044,-2.73292,0.779935,
261,1,-0.999987,1,-0.986123,-1,0.687628,-0.197331,-0.180084,0.0152242,0.733355,0.260732,0.541209,-0.202752,0.143809,5.47493,0.51823,-1.90561,7.95714,-0.202886,16.9203,-0.426815,-1.74992,18.1969,
262,0.999999,-1,1,-0.65233,-1,0.00150241,-0.139351,-0.160366,0.602246,-0.0658128,0.852674,-0.0636248,-0.18028,0.588873,4.90928,1.00501,1.70473,10.8492,-16.6069,7.52391,-16.2958,0.232496,-2.99507,
263,0.58481,-0.545609,-1,0.529588,0.932233,0.010354,-0.131129,-0.0192693,0.84798,-0.570663,0.669741,-0.777244,-0.376961,0.163489,4.75151,-0.247827,3.07278,0.644704,-4.92716,-6.04874,-11.4569,-5.85947,-10.4161,
264,-0.304993,0.999409,-1,0.957359,0.993683,1,-0.127907,0.00789809,0.669542,-0.254978,-0.315016,-0.558841,-0.149857,-0.350413,5.11234,0.228493,-0.546559,-5.35012,8.15175,-20.1236,12.4121,9.59925,-7.65109,
265,0.8918,1,1,-0.152003,-1,1,-0.144053,-0.07383,0.0143617,0.542745,-0.44513,0.191722,0.130758,-0.364208,5.04075,-0.528955,-2.91573,-13.913,13.7357,1.43065,14.1421,-2.23817,-0.994359,
266,1,-0.999946,1,-0.954642,-1,0.945949,-0.159592,-0.191237,-0.0390107,0.654457,0.236132,0.558773,-0.117785,0.186443,5.79382,0.147484,-1.59386,7.01194,0.299405,15.8621,1.46199,-5.20027,15.654,
267,0.999994,-1,1,-0.481207,-1,0.00152558,-0.111423,-0.157812,0.558598,-0.0799483,0.802057,0.000834961,-0.214077,0.594054,5.25227,0.862686,1.77545,10.9711,-17.2565,6.33342,-16.2574,-1.0568,-2.99274,
268,0.592853,-0.810291,-1,0.431196,0.918212,0.0137221,-0.113141,-0.026644,0.837761,-0.585378,0.682054,-0.688696,-0.420707,0.158354,5.146,-0.475719,2.75195,1.31141,-4.68539,-5.48591,-10.7508,-5.48933,-10.6666,
269,-0.289683,0.999031,-1,0.951615,0.993821,1,-0.12222,0.0102412,0.686873,-0.352138,-0.298221,-0.552803,-0.144768,-0.351894,5.40107,-0.0177091,-0.157574,-5.05466,6.12894,-20.3483,9.88331,10.4328,-7.45853,
270,0.860627,1,1,-0.142361,-1,1,-0.148817,-0.0751709,0.0273277,0.498733,-0.44138,0.164367,0.121156,-0.36485,5.25903,-0.680404,-3.28304,-13.9433,15.6311,1.29576,14.8825,-2.93192,-1.05601,
271,1,-0.999981,1,-0.971368,-1,0.968131,-0.168918,-0.198995,-0.0188732,0.727711,0.258802,0.561536,-0.14198,0.180482,5.96262,0.0847566,-1.55975,7.72638,0.499322,16.8524,1.81361,-5.25708,15.5474,
272,1,-1,1,-0.620267,-1,0.00142595,-0.127048,-0.170544,0.593871,-0.0624125,0.853353,0.000342789,-0.2226,0.596483,5.34138,0.723116,1.71938,11.5332,-16.5965,7.68171,-16.4267,-0.612875,-3.04626,
273,0.598852,-0.780977,-1,0.519426,0.926199,0.00701741,-0.133797,-0.0260579,0.874838,-0.540239,0.691355,-0.751347,-0.399283,0.163699,5.1455,-0.539961,3.2745,1.21934,-4.53571,-5.78714,-12.432,-5.01856,-10.5942,
274,-0.287114,0.99929,-1,0.971293,0.993839,1,-0.139608,0.0305137,0.721591,-0.325012,-0.295419,-0.586688,-0.143964,-0.356013,5.50751,0.111172,0.186324,-5.24982,5.68615,-20.3776,11.505,9.79989,-7.71295,
275,0.850407,1,1,-0.145363,-1,1,-0.156608,-0.0363233,0.0338395,0.496551,-0.44051,0.198068,0.0767519,-0.409558,5.2262,-0.393564,-3.12927,-14.6489,15.2334,1.25762,16.2315,-4.61992,-2.81177,
276,1,-0.999947,1,-0.970828,-1,0.929614,-0.166446,-0.174286,-0.062376,0.658536,0.247712,0.600821,-0.171922,0.110593,5.92616,0.274404,-2.1338,7.02337,0.508211,17.0261,1.26374,-4.16701,15.8477,
277,0.999995,-1,1,-0.485481,-1,0.00111059,-0.110653,-0.167236,0.562245,-0.0763374,0.836586,0.000853684,-0.201068,0.568185,5.34663,0.987814,1.33261,11.5699,-17.0041,6.44528,-17.0533,0.198043,-2.06743,
278,0.575158,-0.808129,-1,0.435244,0.927548,0.0130448,-0.107377,-0.0477722,0.855255,-0.573019,0.655196,-0.705917,-0.391397,0.173753,5.24992,-0.372706,2.63146,1.30654,-4.7887,-5.84282,-10.8777,-5.74106,-10.0535,
279,-0.297886,0.999502,-1,0.923831,0.993481,1,-0.109655,-0.0148296,0.688773,-0.348946,-0.307198,-0.567599,-0.141715,-0.330703,5.47755,0.136249,-0.249271,-5.48682,5.95239,-19.8084,10.1166,9.87176,-7.65915,
280,0.871692,1,1,-0.137749,-1,1,-0.139172,-0.0840778,0.0111267,0.483547,-0.442035,0.167828,0.26711,-0.219673,5.54005,-0.685506,-3.18835,-14.0207,15.6207,1.34008,14.6464,-4.94944,-2.21459,
281,1,-0.999989,1,-0.962207,-1,0.979411,-0.157709,-0.202014,-0.0261535,0.713,0.258001,0.580074,-0.131433,0.219581,6.23391,0.136013,-1.47121,8.03323,0.528309,16.8462,2.06922,-7.62542,13.1825,
282,0.999999,-1,1,-0.558662,-1,0.000980061,-0.114141,-0.176285,0.602422,-0.087124,0.852527,-0.00391173,-0.270082,0.582568,5.5246,0.701632,1.55876,11.691,-17.3211,7.4359,-17.3667,-0.938681,-2.59636,
283,0.599849,-0.802067,-1,0.480854,0.924849,0.00846586,-0.122986,-0.0423326,0.892093,-0.540587,0.692912,-0.764666,-0.425324,0.16158,5.42786,-0.552203,3.01946,1.29272,-3.8798,-5.73293,-11.9616,-4.36406,-10.4744,
284,-0.2833,0.999534,-1,0.9578,0.993831,1,-0.126746,0.00940903,0.729332,-0.319913,-0.291266,-0.591781,-0.134161,-0.351552,5.70482,0.165785,0.177351,-5.52196,5.43201,-20.3642,11.3488,10.434,-7.5694,
285,0.836802,1,1,-0.12947,-1,1,-0.144712,-0.0543491,0.0289169,0.488422,-0.439351,0.176746,0.114813,-0.38458,5.50917,-0.507666,-2.95974,-14.8596,15.0376,1.21041,15.7528,-3.87837,-2.02201,
286,1,-0.999942,1,-0.96709,-1,0.974687,-0.161619,-0.179337,-0.076354,0.654843,0.24679,0.595811,-0.148029,0.146722,6.24582,0.144675,-1.75371,6.96431,1.17642,17.0248,1.95177,-4.78737,15.7037,
287,0.999995,-1,1,-0.492514,-1,0.00126745,-0.111939,-0.157972,0.558884,-0.0876941,0.834678,0.0227653,-0.203143,0.586082,5.61844,0.866048,1.48936,11.8491,-17.2666,6.48238,-16.7221,-0.174588,-2.65759,
288,0.57453,-0.79697,-1,0.463425,0.927231,0.0109834,-0.115771,-0.0334702,0.854407,-0.582142,0.654259,-0.692091,-0.394555,0.167037,5.44546,-0.533821,2.74012,1.26335,-4.53908,-5.82959,-11.3089,-5.58994,-10.4133,
289,-0.298058,0.999417,-1,0.952925,0.993465,1,-0.126662,0.00354315,0.690007,-0.341275,-0.307386,-0.562378,-0.142181,-0.344174,5.73066,-0.0338783,-0.17518,-5.38255,6.24369,-19.7841,10.1253,9.83977,-7.6452,
290,0.867046,1,1,-0.149719,-1,1,-0.153623,-0.0845718,0.0189311,0.500714,-0.442076,0.176256,0.111923,-0.365774,5.57579,-0.685077,-3.37466,-14.1476,15.3628,1.32106,15.4636,-2.82737,-1.12011,
291,1,-0.999988,1,-0.971091,-1,0.956492,-0.168739,-0.198617,0.00291967,0.753222,0.272055,0.575934,-0.135885,0.179941,6.1915,0.167492,-1.38896,8.03563,-0.859746,16.8312,1.61291,-4.94501,15.6071,
292,0.999998,-1,1,-0.566594,-1,0.00130575,-0.124805,-0.166343,0.602455,-0.0932622,0.850877,0.00533548,-0.210268,0.596614,5.47221,0.725852,1.728,10.9503,-18.076,6.92567,-16.6475,-0.64104,-3.05796,
293,0.581145,-0.572211,-1,0.534885,0.932726,0.00816548,-0.132272,-0.0215179,0.872216,-0.56328,0.66419,-0.735802,-0.402721,0.160835,5.29326,-0.559797,3.22624,0.696973,-4.48452,-6.07163,-12.0521,-5.36869,-10.6615,
294,-0.302825,0.99963,-1,0.972029,0.993581,1,-0.143397,0.0235058,0.683408,-0.254269,-0.312627,-0.561414,-0.146279,-0.358274,5.65708,-0.039558,-0.130323,-5.65437,7.79933,-19.9627,11.6029,9.99364,-7.66103,
295,0.881659,1,1,-0.167868,-1,1,-0.164834,-0.0544509,0.016878,0.540023,-0.44386,0.227253,0.0834609,-0.407064,5.42857,-0.40966,-3.30443,-14.0624,13.8388,1.38317,16.4809,-4.37314,-2.65848,
296,1,-0.999992,1,-0.973408,-1,0.855956,-0.168476,-0.187239,-0.0117639,0.705542,0.265534,0.61177,-0.155638,0.119454,6.03789,0.446114,-1.88702,8.286,-0.188783,17.1957,0.61494,-4.17894,15.9247,
297,0.999999,-1,1,-0.543435,-1,0.000936773,-0.111886,-0.177879,0.609376,-0.0973956,0.861751,-0.0118655,-0.19666,0.566443,5.28408,0.927898,1.3721,11.4622,-16.9436,7.32278,-17.48,-0.168604,-2.07977,
298,0.600077,-0.757299,-1,0.449788,0.928489,0.00956318,-0.110788,-0.0479612,0.885021,-0.539447,0.693267,-0.756115,-0.393707,0.171426,5.22007,-0.36714,2.97587,1.14411,-3.6714,-5.88256,-11.656,-5.77437,-10.0758,
299,-0.287172,0.999515,-1,0.9243,0.993846,1,-0.10674,0.000898282,0.719323,-0.301859,-0.295482,-0.600456,-0.151563,-0.337521,5.47412,0.325858,0.083207,-5.49144,5.75645,-20.3899,10.9437,9.78611,-7.73491,
300,0.855026,1,1,-0.11836,-1,1,-0.12552,-0.0423075,0.0264091,0.487046,-0.44043,0.158175,0.26362,-0.228225,5.51337,-0.463319,-2.64634,-14.5027,14.8555,1.27455,14.7862,-5.46779,-2.7967,
301,1,-0.999597,1,-0.93032,-1,0.992428,-0.142833,-0.153321,-0.078157,0.604585,0.233552,0.588612,-0.140245,0.199303,6.15221,-0.0582033,-1.97955,5.69143,-3.60493,15.6425,2.56878,-7.35622,13.2194,
302,1,-1,1,-0.515054,-1,0.00123477,-0.0968774,-0.137534,0.530569,-0.11794,0.806908,0.028723,-0.262078,0.575845,5.76342,0.819866,1.32851,12.4378,-15.273,7.90969,-16.7876,-0.614884,-2.33898,
303,0.589595,-0.931071,-1,0.354384,0.892682,0.010473,-0.104762,-0.031148,0.838848,-0.580782,0.677045,-0.701899,-0.410707,0.170467,5.60974,-0.629889,2.32394,2.01278,-3.13497,-4.75716,-11.4282,-4.386,-10.1955,
304,-0.271351,0.998113,-1,0.943241,0.993689,1,-0.118046,0.000171005,0.721151,-0.361923,-0.278322,-0.608044,-0.126548,-0.331796,5.83187,-0.0372923,-0.113885,-4.62365,5.12316,-20.1336,9.10854,9.93211,-7.54473,
305,0.784668,1,1,-0.113246,-1,1,-0.144701,-0.0840006,0.0575216,0.483855,-0.435095,0.121565,0.126792,-0.338844,5.69053,-0.749035,-3.15707,-14.3266,15.8824,1.0574,15.5924,-2.38861,-0.33254,
306,1,-0.999949,1,-0.979147,-1,0.997715,-0.173764,-0.197641,-0.0351135,0.74314,0.279473,0.576454,-0.128181,0.213908,6.34871,-0.114515,-1.24861,7.07128,1.21943,17.6248,3.05796,-5.20302,15.3648,
307,0.997941,-1,1,-0.3389,-1,0.001447,-0.138042,-0.154978,0.58711,-0.0660065,0.836404,0.0520542,-0.19733,0.525087,5.63212,0.612275,1.8525,12.1138,-17.7948,3.43875,-16.39,-0.730933,-0.755043,
308,0.572093,-0.689947,-1,0.568623,0.924418,0.0162204,-0.151923,-0.0129722,0.884131,-0.570938,0.650629,-0.619616,-0.427513,0.187946,5.39043,-0.684624,3.11154,0.951149,-4.84828,-5.71592,-10.3314,-6.20853,-9.22028,
309,-0.298025,0.999817,-1,0.987417,0.993445,1,-0.172371,0.0477466,0.682131,-0.30734,-0.307351,-0.474376,-0.162415,-0.304455,5.69292,-0.277699,0.357084,-6.12703,6.86055,-19.755,9.99222,10.5836,-7.75399,
310,0.866114,1,1,-0.186351,-1,1,-0.192563,-0.0467443,-0.011057,0.518544,-0.44224,0.28603,-0.0566551,-0.525931,5.10966,-0.462177,-3.61021,-14.4262,14.4055,1.31731,16.3955,-1.07684,-1.75034,
311,1,-0.999991,1,-0.979282,-1,0.606586,-0.185982,-0.163939,0.0108921,0.755831,0.272868,0.597908,-0.136378,0.0871828,5.65089,0.592336,-1.63862,8.22254,-2.43147,16.4906,-0.881597,-1.80139,17.9222,
312,1,-1,1,-0.729654,-1,0.001202,-0.127098,-0.142606,0.593131,-0.144056,0.831096,-0.0361121,-0.141207,0.556851,5.0153,0.944301,1.62285,11.8306,-14.9866,9.8226,-16.855,-0.542492,-1.94508,
313,0.584452,-0.629882,-1,0.494156,0.924648,0.00533912,-0.127258,-0.00243136,0.853572,-0.571389,0.669198,-0.818281,-0.363176,0.181564,4.80378,-0.456048,3.14587,0.812384,-3.48516,-5.72496,-13.1172,-6.18688,-9.6709,
314,-0.293998,0.998804,-1,0.957668,0.993597,1,-0.129025,0.0289395,0.699952,-0.253735,-0.302937,-0.633031,-0.163496,-0.329328,5.21873,0.223581,-0.465085,-4.89165,7.59783,-19.988,12.5047,8.923,-8.00814,
315,0.857214,1,1,-0.134507,-1,1,-0.141928,-0.0512137,0.04544,0.54009,-0.44115,0.151472,0.0935673,-0.378641,5.09859,-0.464069,-2.89344,-14.2157,13.8878,1.28274,14.8649,-2.71976,-1.9145,
316,1,-0.999502,1,-0.954994,-1,0.983664,-0.161226,-0.176452,-0.0540594,0.616317,0.236316,0.55809,-0.146428,0.149661,5.71482,-0.139871,-2.25587,5.55717,-4.233,15.7346,2.19426,-4.64334,15.5985,
317,0.999997,-1,1,-0.511463,-1,0.00170179,-0.113861,-0.148583,0.545558,-0.0829953,0.811472,0.0188534,-0.209874,0.585541,5.32825,0.837637,1.58539,11.543,-17.3257,6.67229,-15.9834,-0.427866,-2.63292,
318,0.57693,-0.82478,-1,0.446044,0.91804,0.0115484,-0.117779,-0.0242012,0.840386,-0.586045,0.657849,-0.677145,-0.399791,0.170129,5.12147,-0.540366,2.70123,1.36806,-4.66095,-5.4799,-11.1832,-5.39583,-10.3313,
319,-0.292847,0.999161,-1,0.958694,0.993533,1,-0.130517,0.0125296,0.68678,-0.355469,-0.301677,-0.558404,-0.139151,-0.338731,5.41173,-0.0849083,-0.162528,-5.14945,6.07915,-19.8886,9.73987,9.92104,-7.63537,
320,0.855946,1,1,-0.149857,-1,1,-0.15895,-0.0784417,0.0257381,0.498324,-0.440866,0.173329,0.101262,-0.370823,5.23384,-0.680522,-3.49083,-13.948,15.6988,1.27798,15.4528,-3.35293,-1.52492,
321,1,-0.99999,1,-0.976219,-1,0.945285,-0.173738,-0.198974,0.0161039,0.767709,0.284473,0.56812,-0.156883,0.162921,5.8342,0.174337,-1.50854,8.11143,-0.621806,17.1131,1.45319,-4.97319,15.4984,
322,1,-1,1,-0.747857,-1,0.00131958,-0.130573,-0.172719,0.603774,-0.0941756,0.853779,-0.0122696,-0.223028,0.586231,5.20187,0.709703,1.68794,12.0678,-14.6576,9.97422,-16.6211,-0.398058,-2.72148,
323,0.589894,-0.618981,-1,0.547821,0.930981,0.00430134,-0.138145,-0.0226103,0.874331,-0.542964,0.677503,-0.814532,-0.379697,0.173111,4.92808,-0.563938,3.45298,0.79668,-4.45512,-5.99168,-13.659,-4.64531,-10.2616,
324,-0.295881,0.999322,-1,0.973721,0.993686,1,-0.144323,0.0242263,0.708928,-0.262715,-0.305,-0.620432,-0.137652,-0.347626,5.36263,0.119966,-0.163282,-5.2638,7.17714,-20.1296,12.8819,9.33408,-7.90137,
325,0.866861,1,1,-0.156606,-1,1,-0.160896,-0.0473393,0.0347214,0.530587,-0.442195,0.195239,0.0763092,-0.410998,5.14289,-0.411459,-3.04002,-14.4706,14.0801,1.32031,16.0356,-4.68462,-3.02389,
326,1,-0.999946,1,-0.971239,-1,0.918151,-0.171155,-0.179834,-0.0501723,0.66047,0.243822,0.590077,-0.175812,0.103128,5.85903,0.292433,-1.95261,7.01012,0.867856,16.6141,1.14209,-4.22699,15.792,
327,1,-1,1,-0.574598,-1,0.00114074,-0.115348,-0.163202,0.571553,-0.074879,0.835073,-0.0100937,-0.209484,0.56275,5.27543,0.963342,1.48859,11.9578,-16.5439,7.63186,-16.9861,0.109106,-1.8928,
328,0.596723,-0.854097,-1,0.433802,0.919163,0.0095247,-0.113235,-0.0352877,0.867598,-0.556747,0.688042,-0.744985,-0.386673,0.179397,5.12972,-0.384858,2.87359,1.50522,-4.26961,-5.51944,-11.6661,-5.39981,-9.86622,
329,-0.282754,0.999216,-1,0.934478,0.993809,1,-0.11201,0.0103868,0.72099,-0.349708,-0.290673,-0.602415,-0.142484,-0.326459,5.39773,0.254534,0.0355501,-5.1918,5.34374,-20.3293,10.5838,9.5984,-7.78647,
330,0.835726,1,1,-0.114581,-1,1,-0.128293,-0.0585434,0.0334747,0.483918,-0.43919,0.131455,0.130396,-0.34858,5.2968,-0.607996,-2.77966,-14.6663,15.5383,1.20683,14.7115,-2.01989,-0.819347,
331,1,-0.999389,1,-0.947353,-1,0.997133,-0.155386,-0.17232,-0.0845271,0.618579,0.233489,0.563293,-0.119455,0.197132,5.96367,-0.283826,-1.92994,5.42495,-3.52779,15.6301,2.97233,-5.12587,15.4673,
332,0.999997,-1,1,-0.519689,-1,0.00187665,-0.115076,-0.134773,0.53571,-0.096783,0.811445,0.05426,-0.200444,0.563291,5.53511,0.706881,1.65062,12.0647,-17.4323,6.73283,-15.7382,-0.824814,-1.96196,
333,0.57937,-0.845875,-1,0.471367,0.916097,0.00897129,-0.127199,-0.00936515,0.838241,-0.593484,0.661514,-0.658028,-0.397665,0.182416,5.23953,-0.732646,2.75294,1.45696,-4.24795,-5.41333,-11.8162,-5.40864,-9.78098,
334,-0.290086,0.998774,-1,0.976711,0.993556,1,-0.149938,0.0311586,0.695761,-0.355927,-0.29866,-0.559737,-0.141753,-0.321171,5.59579,-0.273635,-0.0774103,-4.90257,6.08576,-19.9243,9.56036,9.73466,-7.80834,
335,0.849382,1,1,-0.167167,-1,1,-0.18105,-0.0675578,0.0346818,0.505787,-0.440145,0.157263,0.00431858,-0.45094,5.27385,-0.806628,-3.47624,-14.0694,15.6162,1.25393,15.4602,-1.54516,-0.737034,
336,1,-0.999969,1,-0.985754,-1,0.929578,-0.199345,-0.169359,0.0341925,0.788094,0.284842,0.535189,-0.161892,0.143034,5.87344,0.0278614,-1.18623,7.41359,-2.04529,16.66,1.26334,-3.44643,16.8054,
337,1,-1,1,-0.800248,-1,0.00177005,-0.164296,-0.12465,0.601638,-0.0897482,0.860546,-0.0202463,-0.197086,0.593536,5.28624,0.556675,2.01096,11.5864,-16.5436,9.00149,-15.8848,-0.377928,-2.9569,
338,0.576478,-0.351234,-1,0.690934,0.938425,0.00410471,-0.179863,0.0340241,0.847773,-0.587413,0.657171,-0.80989,-0.366771,0.175733,4.89085,-0.771939,3.52124,0.321386,-4.70504,-6.35576,-13.7763,-4.9264,-10.2845,
339,-0.314425,0.999082,-1,0.995085,0.993493,1,-0.203761,0.0588733,0.669085,-0.176975,-0.325449,-0.556597,-0.143854,-0.350758,5.50591,-0.312254,-0.761692,-5.04345,10.2871,-19.8272,14.4366,9.1229,-8.00956,
340,0.905148,1,1,-0.242984,-1,1,-0.222375,-0.0624528,0.022609,0.60901,-0.44673,0.228236,-0.136653,-0.537677,4.90424,-0.457926,-3.81862,-13.8524,12.2546,1.5,14.7241,-2.4379,1.08541,
341,1,-0.999976,1,-0.99013,-1,0.500827,-0.217212,-0.19195,0.0656307,0.749488,0.281919,0.483891,-0.234068,0.139301,5.49046,0.41266,-2.12608,7.56752,-4.37581,16.4331,-1.49678,-1.37189,18.2116,
342,0.706171,-1,1,-0.108156,-1,0.00161121,-0.166088,-0.169315,0.645642,-0.0346993,0.830333,-0.126121,-0.20675,0.567475,5.06176,0.853117,1.89154,10.9053,-16.7094,0.879504,-16.1205,0.129026,-2.43115,
343,0.575706,0.801454,-1,0.535197,0.911055,0.121532,-0.153063,-0.0173094,0.828326,-0.511978,0.656016,-0.62085,-0.480666,0.137111,4.98578,0.0782801,3.25701,-1.56929,-4.94708,-5.25074,-5.27081,-7.4049,-10.7243,
344,-0.323401,0.999957,-1,0.983904,0.993816,1,-0.159206,-0.00439269,0.498442,0.220726,-0.33544,-0.322083,-0.166123,-0.324384,5.03474,-0.272282,-0.967665,-6.92321,17.7525,-20.3407,11.0808,12.7568,-5.98992,
345,0.929334,1,1,-0.201772,-1,1,-0.166451,-0.0885086,-0.0590298,0.80283,-0.451265,0.331202,0.0757813,-0.417764,5.20166,-0.0135676,-2.46027,-11.0448,4.91838,1.65348,13.1306,1.02938,0.70129,
346,1,-0.99999,1,-0.948603,-1,0.579523,-0.151839,-0.180055,0.0415976,0.541595,0.243346,0.569723,-0.042227,0.220982,5.48138,0.452156,-1.78725,8.09013,-8.28951,16.1046,-1.03499,-3.75036,17.1792,
347,0.999991,-0.999999,1,-0.39277,-1,0.00122996,-0.0906669,-0.1399,0.587982,-0.181513,0.792547,-0.033255,-0.154886,0.513846,4.91722,0.979166,1.83375,9.49603,-16.3182,6.15882,-16.7974,-2.62244,-1.63592,
348,0.591921,-0.584021,-1,0.355669,0.921825,0.0225132,-0.0890851,-0.017902,0.798583,-0.615353,0.680618,-0.696075,-0.449739,0.153006,5.03564,-0.403465,2.32727,0.706244,-2.75662,-5.61653,-9.50944,-6.89614,-9.34918,
349,-0.299004,0.998218,-1,0.901684,0.993847,1,-0.0977181,-0.0119153,0.64031,-0.248082,-0.308425,-0.54219,-0.169494,-0.316832,5.2312,-0.0295854,-0.811096,-4.63093,8.32775,-20.3915,9.63936,11.2489,-7.07585,
350,0.888644,1,1,-0.135478,-1,1,-0.129562,-0.0930967,0.0315511,0.543157,-0.443988,0.149061,0.290521,-0.192259,5.3315,-0.698349,-3.07122,-12.9172,13.8793,1.41544,13.4345,-3.80864,-1.68322,
351,1,-0.999958,1,-0.957946,-1,0.990466,-0.155085,-0.214014,-0.00494786,0.668548,0.248268,0.54918,-0.11473,0.245911,6.03612,-0.0965238,-1.68209,7.17757,0.527827,16.6584,2.46246,-8.18752,12.8568,
352,1,-1,1,-0.611756,-1,0.00115821,-0.119894,-0.187681,0.601062,-0.0516808,0.8587,-0.00504225,-0.281319,0.560478,5.42387,0.59289,1.66137,11.6044,-16.0345,7.98612,-16.9481,-1.48427,-1.91117,
353,0.601379,-0.830398,-1,0.511166,0.926076,0.00688731,-0.131296,-0.0458473,0.890735,-0.521038,0.695304,-0.778496,-0.434964,0.172894,5.2989,-0.587125,3.21148,1.40847,-4.62338,-5.78213,-12.4789,-4.03618,-9.9501,
354,-0.28289,0.999473,-1,0.967768,0.993851,1,-0.135587,0.0117023,0.736374,-0.339441,-0.29082,-0.594918,-0.132511,-0.335553,5.59957,0.157102,0.260735,-5.44798,4.8974,-20.3985,11.8124,10.6215,-7.6975,
355,0.837081,1,1,-0.137591,-1,1,-0.153784,-0.0513267,0.0302796,0.477863,-0.439334,0.194438,0.104403,-0.395741,5.34801,-0.461887,-3.09473,-14.9745,15.4489,1.21134,16.263,-4.6734,-3.00444,
356,1,-0.999946,1,-0.96512,-1,0.944344,-0.163939,-0.177699,-0.0632227,0.691765,0.252063,0.60734,-0.164058,0.113128,6.02642,0.299048,-1.7968,7.0248,-0.0281146,16.5413,1.44086,-4.64559,15.6252,
357,0.999999,-1,1,-0.541449,-1,0.00110106,-0.109157,-0.162406,0.570209,-0.0923709,0.845383,0.0102062,-0.207241,0.567915,5.40681,0.934705,1.39963,12.1726,-16.9243,7.47124,-17.0749,0.0572035,-2.04707,
358,0.598203,-0.871988,-1,0.43137,0.922783,0.00931074,-0.109854,-0.0384389,0.874984,-0.554356,0.690344,-0.726617,-0.387382,0.176693,5.25412,-0.446297,2.83378,1.59714,-3.79857,-5.65268,-11.7231,-5.46915,-9.99755,
359,-0.282407,0.999254,-1,0.932608,0.993807,1,-0.111069,0.0109936,0.729328,-0.347124,-0.290296,-0.602596,-0.142823,-0.330919,5.51609,0.219868,0.154301,-5.22328,5.13432,-20.3253,10.173,9.58612,-7.77621,
360,0.833846,1,1,-0.113602,-1,1,-0.127844,-0.0536865,0.0361651,0.481564,-0.439018,0.12494,0.124842,-0.351241,5.39772,-0.606124,-2.73286,-14.8013,15.5146,1.20063,14.8205,-2.12503,-0.77191,
361,1,-0.999293,1,-0.947425,-1,0.99783,-0.155625,-0.16564,-0.0884197,0.616746,0.233141,0.562663,-0.123438,0.196638,6.07531,-0.300866,-1.89384,5.32969,-3.51069,15.6123,3.07695,-5.02468,15.5065,
362,0.999998,-1,1,-0.534444,-1,0.00194415,-0.117447,-0.129954,0.531917,-0.095946,0.81508,0.0580681,-0.198606,0.561298,5.66701,0.69003,1.65185,12.0954,-16.7529,6.83092,-15.6497,-0.730416,-1.89829,
363,0.591873,-0.897349,-1,0.470212,0.912309,0.00837354,-0.129789,-0.00289068,0.84161,-0.574456,0.680545,-0.657167,-0.393361,0.184846,5.36863,-0.728593,2.84112,1.7441,-4.07892,-5.2899,-11.9891,-5.41146,-9.70309,
364,-0.281505,0.998306,-1,0.978692,0.993741,1,-0.150757,0.0469879,0.716611,-0.367169,-0.289316,-0.568179,-0.143637,-0.318603,5.73309,-0.217353,0.159347,-4.69547,5.34162,-20.2171,9.41021,9.56581,-7.85441,
365,0.829958,1,1,-0.152152,-1,1,-0.173649,-0.0467754,0.042992,0.493814,-0.438508,0.184217,-0.0150858,-0.462896,5.28799,-0.679046,-3.26925,-14.5042,15.705,1.188,16.6213,0.708668,0.90678,
366,1,-0.999897,1,-0.981697,-1,0.953096,-0.19374,-0.165371,-0.034461,0.732349,0.253688,0.589254,-0.10493,0.174988,5.89358,0.0208623,-1.55656,6.61293,-1.33982,16.2648,1.56175,-2.30558,17.5184,
367,0.999997,-1,1,-0.631751,-1,0.00165663,-0.150103,-0.127677,0.561177,-0.0676171,0.834357,0.0467003,-0.120551,0.526076,5.35544,0.809109,1.89599,11.2123,-17.8184,6.67109,-16.0508,-0.866014,-0.810114,
368,0.574213,-0.68336,-1,0.596799,0.929309,0.00537441,-0.15644,0.0222575,0.833235,-0.591826,0.653785,-0.711007,-0.365824,0.204096,5.02943,-0.637078,3.3078,0.92941,-5.13608,-5.91786,-13.1007,-6.57607,-8.86288,
369,-0.304178,0.998658,-1,0.988611,0.99348,1,-0.175321,0.063035,0.681983,-0.309606,-0.314117,-0.560427,-0.167783,-0.298946,5.56712,-0.198697,-0.312411,-4.8316,7.58399,-19.8073,11.6944,8.96556,-8.26598,
370,0.884037,1,1,-0.198127,-1,1,-0.193777,-0.0481345,0.0281893,0.541052,-0.443928,0.233328,-0.0730589,-0.51982,5.01777,-0.466282,-3.71076,-14.0747,14.6897,1.39395,16.3051,-1.25196,-2.12012,
371,1,-0.999996,1,-0.987594,-1,0.703846,-0.195373,-0.183841,0.0428273,0.781589,0.297823,0.568514,-0.158788,0.0748376,5.58717,0.459026,-1.80523,8.73884,-0.91323,17.478,-0.335074,-1.89106,17.6023,
372,1,-1,1,-0.769488,-1,0.00131718,-0.142307,-0.163827,0.623176,-0.093074,0.866119,-0.0462816,-0.160483,0.555363,4.91361,0.8503,1.67639,11.7288,-15.5707,9.6339,-16.6256,-0.352881,-1.81129,
373,0.581287,-0.30552,-1,0.588664,0.938265,0.00480092,-0.143199,-0.0127174,0.86646,-0.565047,0.664404,-0.835729,-0.364705,0.185799,4.65072,-0.438853,3.41956,0.260669,-4.57919,-6.34724,-13.3836,-5.8055,-9.59022,
374,-0.31211,0.99954,-1,0.975133,0.993579,1,-0.147428,0.0113473,0.669895,-0.155066,-0.322881,-0.59913,-0.155344,-0.328027,5.09742,0.117328,-0.785914,-5.48676,10.1997,-19.9607,13.9059,9.14265,-8.07522,
375,0.901133,1,1,-0.176933,-1,1,-0.162738,-0.0722863,0.0217965,0.595933,-0.446383,0.212462,0.0940811,-0.391881,5.01073,-0.403421,-2.98419,-13.8954,11.986,1.47822,15.1384,-3.43938,-2.62132,
376,1,-0.999988,1,-0.969063,-1,0.864367,-0.167475,-0.187602,-0.000622787,0.695546,0.253758,0.572357,-0.146867,0.126263,5.65981,0.380745,-1.54117,7.97671,-1.02003,16.6817,0.677593,-4.60999,15.6609,
377,0.999999,-1,1,-0.56079,-1,0.00119493,-0.115129,-0.162254,0.591725,-0.100739,0.839387,-0.0262838,-0.214052,0.565604,5.03498,0.8951,1.68847,10.8867,-16.0193,7.4083,-16.8698,-0.596931,-2.05233,
378,0.580303,-0.665239,-1,0.45405,0.925389,0.0113268,-0.114507,-0.0285768,0.842367,-0.574944,0.662919,-0.749358,-0.406382,0.172924,4.94961,-0.40573,2.85205,0.890667,-4.15808,-5.75445,-11.2317,-5.39278,-10.0172,
379,-0.298444,0.99924,-1,0.942248,0.99359,1,-0.118374,0.00158792,0.675772,-0.286597,-0.30781,-0.572835,-0.14236,-0.332611,5.24581,0.101734,-0.371378,-5.19557,7.16554,-19.9765,11.1416,10.1872,-7.65691,
380,0.872286,1,1,-0.139492,-1,1,-0.140695,-0.0798423,0.0219928,0.5234,-0.442747,0.15828,0.137998,-0.353945,5.18132,-0.659297,-2.96647,-13.9051,14.3796,1.34256,14.3191,-2.37576,-1.07054,
381,1,-0.999937,1,-0.961132,-1,0.981038,-0.163938,-0.19633,-0.0416776,0.668989,0.239011,0.55333,-0.125833,0.18695,5.94439,-0.00650385,-1.51113,6.91467,0.792951,16.0888,2.11446,-5.44512,15.4281,
382,0.999999,-1,1,-0.567229,-1,0.00163124,-0.121642,-0.157705,0.565762,-0.063292,0.817393,0.0120676,-0.22092,0.595818,5.3993,0.755975,1.85662,11.4879,-16.9415,7.11608,-16.0896,-0.896198,-3.02014,
383,0.594013,-0.830435,-1,0.465659,0.912784,0.00881579,-0.127943,-0.0164826,0.852741,-0.565548,0.683845,-0.712441,-0.408206,0.163655,5.20093,-0.564016,3.08282,1.39683,-4.71647,-5.30493,-11.86,-5.11797,-10.5837,
384,-0.283208,0.998999,-1,0.970164,0.993804,1,-0.138703,0.0355124,0.708138,-0.352319,-0.291166,-0.578308,-0.143816,-0.351339,5.52777,-0.0175081,0.128476,-5.03364,5.72429,-20.3207,10.426,9.96562,-7.6271,
385,0.837857,1,1,-0.1437,-1,1,-0.160361,-0.0421486,0.0381978,0.495823,-0.439254,0.192653,0.0724727,-0.404108,5.23586,-0.44773,-3.38956,-14.2517,15.77,1.21394,16.5051,-4.62932,-2.71101,
386,1,-0.99995,1,-0.975114,-1,0.937197,-0.17202,-0.18983,-0.0510431,0.681076,0.250302,0.60339,-0.174928,0.115301,5.91499,0.262516,-2.25394,7.07253,1.09912,17.1042,1.35145,-4.12522,15.773,
387,0.999999,-1,1,-0.541155,-1,0.00108426,-0.115404,-0.183804,0.576322,-0.0469136,0.850172,0.00228673,-0.200788,0.569929,5.33016,1.01172,1.3687,11.7427,-16.8513,7.06195,-17.1134,0.251506,-2.12471,
388,0.591701,-0.80921,-1,0.443736,0.927897,0.0098236,-0.109526,-0.0553238,0.867616,-0.553031,0.680279,-0.730449,-0.384383,0.175104,5.22043,-0.306662,2.906,1.31589,-5.0993,-5.85746,-11.5887,-5.62231,-10.0485,
389,-0.292243,0.999482,-1,0.921672,0.993752,1,-0.106373,-0.0115887,0.705535,-0.350141,-0.301017,-0.591658,-0.142213,-0.332824,5.46674,0.26777,-0.0703662,-5.46123,5.62712,-20.2358,10.5086,9.64184,-7.74813,
390,0.866399,1,1,-0.126603,-1,1,-0.129879,-0.0690617,0.0172458,0.478157,-0.441667,0.156863,0.265296,-0.224057,5.52114,-0.616789,-2.86785,-14.3643,15.6673,1.31845,14.481,-4.97143,-2.41034,
391,1,-0.999839,1,-0.946381,-1,0.990721,-0.152199,-0.187193,-0.0690444,0.626733,0.235907,0.578053,-0.132811,0.211939,6.19346,-0.102593,-1.95819,6.29411,-2.3015,15.8743,2.47517,-7.46433,13.2308,
392,0.999999,-1,1,-0.533395,-1,0.00117206,-0.10746,-0.160879,0.561667,-0.0852361,0.824495,0.0150569,-0.265675,0.580841,5.71898,0.757091,1.51008,12.1986,-16.6092,7.44739,-16.9182,-0.844067,-2.51897,
393,0.597342,-0.901326,-1,0.426133,0.912699,0.00923888,-0.115487,-0.0367808,0.874369,-0.5527,0.689004,-0.726711,-0.420689,0.165613,5.57422,-0.577795,2.77785,1.77691,-3.99886,-5.30223,-11.7425,-4.40233,-10.3652,
394,-0.276452,0.999239,-1,0.952114,0.993799,1,-0.12279,0.0121602,0.732785,-0.359943,-0.283836,-0.598078,-0.131318,-0.343238,5.81706,0.090176,0.183983,-5.21376,4.87078,-20.3119,10.1492,10.2414,-7.56959,
395,0.812053,1,1,-0.1203,-1,1,-0.143535,-0.0591401,0.0395786,0.476659,-0.437202,0.154631,0.10991,-0.37317,5.60817,-0.57206,-3.12255,-14.7654,15.8183,1.13303,15.9232,-3.62325,-1.64441,
396,1,-0.999929,1,-0.971657,-1,0.989513,-0.164911,-0.189631,-0.0761043,0.673376,0.250984,0.593054,-0.148713,0.161441,6.34618,0.0617035,-1.78387,6.84264,1.85036,17.3038,2.41709,-4.75539,15.593,
397,0.999999,-1,1,-0.551249,-1,0.00136115,-0.117936,-0.16739,0.567402,-0.0654124,0.853161,0.0344492,-0.200694,0.592515,5.70529,0.827163,1.52091,12.2407,-17.0576,7.07439,-16.5433,-0.119481,-2.87034,
398,0.596436,-0.848645,-1,0.486169,0.927158,0.00773871,-0.122611,-0.0341998,0.873288,-0.552943,0.687597,-0.705257,-0.385062,0.167831,5.47967,-0.537533,3.06045,1.48046,-4.54047,-5.82658,-12.1867,-5.47297,-10.4757,
399,-0.28761,0.999296,-1,0.961546,0.993795,1,-0.130257,0.021405,0.723639,-0.352527,-0.295959,-0.585808,-0.144418,-0.348762,5.80463,0.0724621,0.211357,-5.2624,5.3498,-20.3053,10.3453,9.48203,-7.75599,
400,0.85073,1,1,-0.139229,-1,1,-0.149772,-0.0492099,0.0331117,0.487144,-0.440489,0.175116,0.0832312,-0.389582,5.55309,-0.500798,-3.1423,-14.6914,15.6862,1.25879,16.1165,-3.70137,-1.95164,
401,1,-0.999961,1,-0.972493,-1,0.970109,-0.166088,-0.182836,-0.0628255,0.666494,0.250289,0.595409,-0.152439,0.145566,6.27371,0.145167,-1.9493,7.21904,1.02394,17.3042,1.85287,-4.21789,15.7901,
402,0.999994,-1,1,-0.503601,-1,0.00126814,-0.116988,-0.16894,0.573002,-0.076747,0.848867,0.0208635,-0.192346,0.586546,5.61119,0.854174,1.40086,11.6628,-17.4826,6.37213,-16.7207,-0.0722909,-2.67507,
403,0.579332,-0.777006,-1,0.487206,0.931024,0.0100043,-0.119499,-0.0397836,0.872889,-0.557374,0.661457,-0.698984,-0.390678,0.167101,5.44398,-0.477716,2.9403,1.20167,-4.78333,-5.99365,-11.543,-5.8087,-10.4235,
404,-0.297671,0.999611,-1,0.952505,0.993528,1,-0.125734,0.00744591,0.699753,-0.333437,-0.306962,-0.565249,-0.148184,-0.346678,5.73047,0.0725344,0.0146921,-5.64358,5.96988,-19.8814,10.3988,9.73035,-7.70141,
405,0.868044,1,1,-0.14487,-1,1,-0.148123,-0.0703574,0.0134454,0.495363,-0.442272,0.175809,0.108398,-0.371795,5.57788,-0.610763,-3.18471,-14.4246,15.1975,1.32509,15.3768,-2.82609,-1.27951,
406,1,-0.999989,1,-0.969189,-1,0.964047,-0.164325,-0.18981,-0.0325983,0.712331,0.261129,0.579124,-0.13293,0.173719,6.28342,0.17851,-1.47209,8.09086,0.482591,17.0186,1.73792,-4.80856,15.6829,
407,0.999999,-1,1,-0.557593,-1,0.00134165,-0.119286,-0.161885,0.596387,-0.0994929,0.8496,0.0117675,-0.204382,0.595951,5.53985,0.73014,1.58977,11.5825,-17.7304,7.09768,-16.5795,-0.613681,-3.02284,
408,0.594804,-0.675392,-1,0.505087,0.927676,0.00833542,-0.127928,-0.0263076,0.870623,-0.564757,0.685067,-0.725815,-0.39874,0.162094,5.35089,-0.596532,3.05334,0.917339,-3.94991,-5.84819,-12.0005,-5.45415,-10.6308,
409,-0.292836,0.999412,-1,0.970967,0.993797,1,-0.1397,0.0180865,0.700384,-0.282674,-0.301666,-0.571904,-0.147545,-0.355978,5.69918,-0.0293273,-0.0752163,-5.3615,6.93483,-20.3091,11.0712,9.83165,-7.67544,
410,0.864695,1,1,-0.156155,-1,1,-0.161483,-0.0595585,0.0295806,0.522632,-0.441946,0.204161,0.0826926,-0.39979,5.45839,-0.469038,-3.26913,-14.2662,14.3976,1.31166,16.2754,-4.08239,-2.32736,
411,1,-0.999988,1,-0.975039,-1,0.911574,-0.17012,-0.189689,-0.0178366,0.714823,0.26834,0.601594,-0.157315,0.1305,6.09107,0.339668,-1.77907,8.00517,0.244733,17.2831,1.07711,-4.2824,15.8491,
412,0.999997,-1,1,-0.530227,-1,0.00104957,-0.117277,-0.174281,0.603911,-0.0892942,0.859179,-0.00349508,-0.200053,0.575151,5.34978,0.872375,1.45768,11.5671,-17.2916,6.77337,-17.1949,-0.145039,-2.33468,
413,0.593418,-0.667675,-1,0.483828,0.930875,0.00999787,-0.11864,-0.0422834,0.875548,-0.558519,0.682925,-0.738026,-0.394771,0.169091,5.2364,-0.433871,2.97139,0.900717,-4.16126,-5.98693,-11.5446,-5.7004,-10.2367,
414,-0.295498,0.999576,-1,0.950315,0.993777,1,-0.121752,-0.00110071,0.697008,-0.283168,-0.30458,-0.573867,-0.148244,-0.342033,5.52609,0.140889,-0.137848,-5.57441,6.84938,-20.2763,11.1053,9.86683,-7.70216,
415,0.871648,1,1,-0.139895,-1,1,-0.141388,-0.0736573,0.0186425,0.516379,-0.442755,0.165115,0.124097,-0.364213,5.43825,-0.600913,-2.88375,-14.3545,14.2739,1.3399,14.6918,-2.48305,-1.15256,
416,1,-0.999953,1,-0.962777,-1,0.978882,-0.162303,-0.188893,-0.0555358,0.656569,0.241039,0.564971,-0.125384,0.180985,6.21305,0.0554932,-1.47867,7.10911,1.13245,16.4336,2.05509,-5.06995,15.599,
417,0.999999,-1,1,-0.57713,-1,0.00157158,-0.1189,-0.153613,0.571174,-0.0844542,0.829874,0.0174416,-0.209281,0.598241,5.58828,0.737854,1.72974,11.9637,-16.8147,7.44673,-16.183,-0.792128,-3.09467,
418,0.597092,-0.842417,-1,0.47376,0.916493,0.00781895,-0.127649,-0.0164149,0.866336,-0.558797,0.688616,-0.717531,-0.399979,0.163532,5.35367,-0.612454,3.07896,1.4505,-4.06327,-5.4267,-12.1609,-5.27942,-10.6236,
419,-0.281165,0.999048,-1,0.970137,0.993812,1,-0.13858,0.0388051,0.723222,-0.341977,-0.288946,-0.589462,-0.147346,-0.354178,5.69265,0.0109041,0.222733,-5.06329,5.51022,-20.3343,10.4764,9.72375,-7.68731,
420,0.829775,1,1,-0.138321,-1,1,-0.157726,-0.0334003,0.0431465,0.494166,-0.438604,0.189409,0.0634408,-0.410076,5.37072,-0.398493,-3.29144,-14.5451,15.5985,1.18741,16.7599,-4.67286,-2.80836,
421,1,-0.999948,1,-0.975425,-1,0.948899,-0.168727,-0.178829,-0.0601054,0.669842,0.253462,0.61029,-0.176178,0.109938,6.0429,0.251534,-2.26556,7.035,0.799179,17.4887,1.50198,-3.90918,15.8524,
422,0.99999,-1,1,-0.473436,-1,0.00108278,-0.113289,-0.177677,0.569953,-0.0641783,0.851334,0.0115403,-0.192634,0.570287,5.42454,0.987864,1.24876,11.6687,-17.1276,6.10958,-17.1169,0.391213,-2.11897,
423,0.577441,-0.801119,-1,0.453885,0.931867,0.0122352,-0.109193,-0.0555604,0.870184,-0.556562,0.658616,-0.699081,-0.386701,0.173434,5.31893,-0.341712,2.77188,1.28504,-5.03477,-6.03191,-11.0383,-5.93435,-10.0985,
424,-0.298944,0.999656,-1,0.922925,0.993504,1,-0.10904,-0.0138287,0.69561,-0.34772,-0.30836,-0.566327,-0.14522,-0.333337,5.54353,0.191509,-0.0793401,-5.72612,5.71716,-19.8442,10.1149,9.75702,-7.70059,
425,0.875215,1,1,-0.136313,-1,1,-0.136192,-0.0754963,0.00544332,0.478306,-0.442472,0.168029,0.264557,-0.222417,5.60844,-0.641223,-3.07462,-14.2184,15.5735,1.35495,14.6876,-4.94302,-2.25582,
426,1,-0.999975,1,-0.958955,-1,0.984094,-0.155912,-0.197755,-0.0552303,0.661681,0.243577,0.584271,-0.127852,0.218237,6.34159,0.0827562,-1.70422,7.51088,0.659483,16.6771,2.20825,-7.42203,13.2537,
427,0.999996,-1,1,-0.492267,-1,0.00102238,-0.110555,-0.175963,0.581363,-0.0790064,0.836482,0.00629708,-0.261074,0.58366,5.69826,0.769337,1.49837,11.5984,-17.3239,6.55955,-17.2607,-0.888865,-2.62513,
428,0.579604,-0.783791,-1,0.461047,0.925687,0.0107863,-0.116334,-0.0474885,0.878019,-0.559466,0.661866,-0.729104,-0.428057,0.159814,5.60796,-0.511624,2.83004,1.22368,-4.66719,-5.76641,-11.3543,-4.649,-10.5261,
429,-0.293454,0.999667,-1,0.947827,0.993535,1,-0.122413,-0.00541216,0.701011,-0.333122,-0.302342,-0.571242,-0.133576,-0.350508,5.8414,0.073742,-0.0513253,-5.7443,5.91314,-19.8913,10.7104,10.586,-7.49084,
430,0.855734,1,1,-0.138493,-1,1,-0.146824,-0.0844361,0.0115853,0.491877,-0.441063,0.176589,0.135831,-0.363935,5.72335,-0.668272,-3.20197,-14.4553,15.1501,1.27719,15.4613,-2.96798,-1.12843,
431,1,-0.99999,1,-0.968206,-1,0.970999,-0.164256,-0.200377,-0.0366209,0.725921,0.257483,0.58835,-0.125169,0.183181,6.42131,0.20325,-1.28096,8.14598,1.14871,16.895,1.87118,-5.22645,15.6279,
432,1,-1,1,-0.702539,-1,0.00133536,-0.117897,-0.165881,0.590873,-0.1091,0.835981,0.0189715,-0.207279,0.596713,5.70205,0.738026,1.67858,12.8512,-15.5994,9.95376,-16.5913,-0.717278,-3.06566,
433,0.585872,-0.645007,-1,0.498485,0.925477,0.00406574,-0.127871,-0.0210961,0.877993,-0.566902,0.671357,-0.784798,-0.379966,0.168023,5.35871,-0.651327,3.33495,0.846701,-4.07669,-5.75795,-13.8002,-4.90063,-10.506,
434,-0.293203,0.999382,-1,0.969354,0.993622,1,-0.139825,0.026148,0.707815,-0.268786,-0.302067,-0.637098,-0.140344,-0.354251,5.77112,0.0127471,-0.139288,-5.32557,7.40542,-20.0267,11.8727,9.2152,-7.85914,
435,0.855857,1,1,-0.14997,-1,1,-0.159113,-0.0510476,0.0388557,0.53505,-0.441064,0.17941,0.0681818,-0.409677,5.55069,-0.451042,-3.15488,-14.3779,14.193,1.27765,16.6897,-4.46319,-2.65955,
436,1,-0.99997,1,-0.9775,-1,0.956045,-0.172394,-0.185689,-0.0440193,0.670014,0.252984,0.602449,-0.170008,0.114959,6.22329,0.216081,-1.97926,7.39155,0.833245,17.4651,1.60602,-3.96424,15.8955,
437,0.999997,-1,1,-0.539332,-1,0.00114102,-0.121209,-0.173436,0.593078,-0.0703872,0.860232,0.0111723,-0.194712,0.573571,5.53472,0.87154,1.41258,12.0823,-16.4685,6.69513,-16.9855,0.19053,-2.23209,
438,0.599318,-0.806193,-1,0.48603,0.927067,0.00897702,-0.122649,-0.0410464,0.886094,-0.536948,0.692081,-0.725243,-0.384251,0.174272,5.36593,-0.43503,3.07757,1.30887,-4.25762,-5.82281,-11.8146,-5.75518,-10.1252,
439,-0.28591,0.999511,-1,0.953277,0.993835,1,-0.123259,0.0158326,0.724956,-0.329505,-0.294107,-0.584115,-0.150525,-0.337618,5.66201,0.221173,0.250834,-5.49368,5.35306,-20.3721,10.7028,9.52484,-7.80513,
440,0.846622,1,1,-0.127255,-1,1,-0.138357,-0.0461368,0.0267758,0.486631,-0.440214,0.160183,0.101181,-0.375336,5.48784,-0.493365,-2.83863,-14.8028,15.2022,1.24411,15.2016,-3.00048,-1.6646,
441,1,-0.999561,1,-0.950077,-1,0.984883,-0.157803,-0.168296,-0.0865218,0.60963,0.232624,0.575475,-0.141377,0.160116,6.1393,-0.106819,-2.16745,5.63812,-3.6306,15.6232,2.23474,-4.58319,15.6584,
442,0.999999,-1,1,-0.544531,-1,0.00164522,-0.110343,-0.142101,0.547368,-0.100456,0.822587,0.0315187,-0.201768,0.591406,5.69642,0.803902,1.47186,12.4834,-16.8135,7.44417,-16.0682,-0.391055,-2.83491,
443,0.596632,-0.898172,-1,0.434512,0.912867,0.00874724,-0.117977,-0.020757,0.862778,-0.565425,0.687902,-0.688298,-0.389545,0.16925,5.43176,-0.613179,2.77504,1.752,-3.6896,-5.30758,-11.8796,-5.41813,-10.4249,
444,-0.2778,0.998893,-1,0.961013,0.993793,1,-0.129814,0.0290102,0.728686,-0.356805,-0.285297,-0.593003,-0.143883,-0.343783,5.73143,-0.00188476,0.183066,-4.9696,5.15047,-20.3019,9.54714,9.48772,-7.71645,
445,0.817082,1,1,-0.128039,-1,1,-0.150877,-0.0465084,0.0479403,0.486141,-0.43751,0.157588,0.074179,-0.386915,5.45842,-0.514375,-3.25796,-14.5853,15.8447,1.14798,16.2394,-3.85642,-1.96114,
446,1,-0.999932,1,-0.975829,-1,0.982522,-0.169581,-0.1862,-0.063863,0.67838,0.253689,0.591351,-0.165321,0.143834,6.17622,0.0964006,-2.03306,6.86882,1.48549,17.4673,2.1584,-4.20426,15.6789,
447,0.999996,-1,1,-0.526015,-1,0.00132245,-0.120753,-0.172947,0.570175,-0.0556285,0.854498,0.0241336,-0.196711,0.585393,5.55622,0.873824,1.42322,11.9026,-17.1449,6.51329,-16.6156,0.152427,-2.62335,
448,0.586803,-0.847731,-1,0.461487,0.918297,0.00945109,-0.122353,-0.0433841,0.870437,-0.552867,0.672776,-0.700008,-0.384141,0.170202,5.37471,-0.470942,2.95683,1.47625,-4.51748,-5.48887,-11.6856,-5.66851,-10.3435,
449,-0.285277,0.999405,-1,0.955957,0.993648,1,-0.127155,0.0101457,0.715502,-0.351963,-0.293417,-0.581458,-0.147456,-0.342322,5.6527,0.121667,0.195533,-5.37171,5.33807,-20.0677,10.0728,9.47113,-7.73013,
450,0.835667,1,1,-0.130608,-1,1,-0.146455,-0.06048,0.0284847,0.485228,-0.439138,0.157461,0.0951335,-0.374679,5.4761,-0.556589,-3.04695,-14.5434,15.639,1.20664,15.3944,-3.09473,-1.48973,
451,1,-0.999944,1,-0.970333,-1,0.982897,-0.166014,-0.18571,-0.0674255,0.66812,0.247469,0.574829,-0.146962,0.164105,6.22602,0.0742888,-1.71312,6.99527,1.24661,17.0011,2.16998,-4.60391,15.6273,
452,0.999998,-1,1,-0.542615,-1,0.00148797,-0.119753,-0.159541,0.565934,-0.0729707,0.840304,0.0212807,-0.203014,0.592937,5.61473,0.812454,1.5964,11.9012,-17.1466,6.82867,-16.32,-0.289637,-2.89405,
453,0.58229,-0.772969,-1,0.493921,0.927306,0.00919344,-0.124836,-0.0279515,0.854877,-0.576606,0.665921,-0.701277,-0.39161,0.166614,5.39151,-0.555594,2.9205,1.18343,-4.70586,-5.83272,-11.7549,-5.45688,-10.4972,
454,-0.29654,0.999316,-1,0.966204,0.993603,1,-0.136689,0.0132239,0.693811,-0.334262,-0.305721,-0.563479,-0.142527,-0.348488,5.72699,-0.0513778,-0.129671,-5.27692,6.37587,-19.9969,10.5545,9.72061,-7.69299,
455,0.868391,1,1,-0.158386,-1,1,-0.161997,-0.0731968,0.0242996,0.505838,-0.442222,0.199131,0.0915399,-0.385874,5.49851,-0.577311,-3.44608,-14.167,15.298,1.3265,16.1079,-3.63043,-1.87039,
456,1,-0.999986,1,-0.972572,-1,0.915904,-0.171225,-0.19639,0.00278694,0.748976,0.271504,0.593539,-0.150134,0.149638,6.08331,0.297771,-1.65113,7.90009,-1.03253,16.7965,1.11953,-4.48496,15.7475,
457,0.999999,-1,1,-0.581536,-1,0.00111896,-0.120878,-0.175082,0.609127,-0.0841376,0.863061,-0.00281586,-0.203696,0.582112,5.37517,0.837608,1.58882,11.3921,-17.3875,7.39872,-17.0345,-0.34848,-2.58063,
458,0.600399,-0.737959,-1,0.495349,0.92935,0.00789075,-0.123432,-0.0347049,0.884292,-0.540663,0.693771,-0.754576,-0.394208,0.167466,5.24246,-0.448316,3.20419,1.08675,-3.94931,-5.91962,-12.1379,-5.50866,-10.3497,
459,-0.288439,0.999462,-1,0.954479,0.993854,1,-0.123953,0.0205592,0.720218,-0.299396,-0.296863,-0.592648,-0.150004,-0.34803,5.56527,0.228463,0.175309,-5.42378,5.99544,-20.4028,11.3358,9.73943,-7.74672,
460,0.854428,1,1,-0.129501,-1,1,-0.137703,-0.0390676,0.0298332,0.502628,-0.440983,0.165048,0.10196,-0.384477,5.39044,-0.441625,-2.74902,-14.7053,14.6862,1.27233,15.233,-3.33861,-1.86905,
461,1,-0.99958,1,-0.946615,-1,0.980377,-0.154612,-0.157525,-0.0790422,0.608023,0.23305,0.576457,-0.147702,0.149691,6.03338,-0.0611555,-2.11814,5.66598,-3.84145,15.6462,2.09572,-4.61407,15.7342,
462,0.999983,-1,1,-0.428831,-1,0.0016037,-0.105693,-0.135191,0.518694,-0.0994949,0.78915,0.0287518,-0.203312,0.587562,5.66099,0.914027,1.52965,11.52,-17.3048,5.83554,-16.1322,-0.272333,-2.70101,
463,0.597593,-0.917117,-1,0.420788,0.921439,0.016071,-0.10774,-0.0206159,0.828828,-0.590768,0.689394,-0.638645,-0.402139,0.166585,5.52408,-0.520287,2.43522,1.88558,-4.23756,-5.60215,-10.3546,-5.70062,-10.4292,
464,-0.287031,0.998389,-1,0.949096,0.993864,1,-0.12008,0.0135795,0.703165,-0.384151,-0.295327,-0.538494,-0.139529,-0.339128,5.76352,-0.0774947,-0.0965646,-4.7326,5.33669,-20.4194,8.82012,10.0676,-7.52043,
465,0.855431,1,1,-0.139073,-1,1,-0.147577,-0.0746116,0.0383564,0.483785,-0.440748,0.166537,0.114288,-0.353404,5.5453,-0.674093,-3.42222,-14.1536,16.245,1.27606,15.3961,-2.69479,-0.77128,
466,1,-0.999984,1,-0.973988,-1,0.975413,-0.168314,-0.206053,-0.0164989,0.737285,0.269775,0.57835,-0.131663,0.195891,6.22479,0.0798331,-1.68934,7.82031,0.885257,17.3016,1.96868,-4.95776,15.5063,
467,0.999987,-1,1,-0.507138,-1,0.00130953,-0.126094,-0.182719,0.608254,-0.0557985,0.856205,0.0176679,-0.20399,0.569895,5.51754,0.713073,1.61922,11.9497,-16.8944,5.96266,-16.6402,-0.71263,-2.20304,
468,0.597891,-0.713642,-1,0.51651,0.925763,0.00931815,-0.133277,-0.0406666,0.891881,-0.538269,0.689859,-0.71073,-0.410012,0.170715,5.33437,-0.528548,3.24425,1.02054,-4.64285,-5.76946,-11.7211,-5.68403,-10.1319,
469,-0.288524,0.999685,-1,0.971784,0.993846,1,-0.140106,0.019928,0.711132,-0.30429,-0.296956,-0.559684,-0.15493,-0.339674,5.63471,0.0677677,0.285598,-5.77286,6.12357,-20.3893,10.8612,10.0853,-7.72869,
470,0.854849,1,1,-0.148795,-1,1,-0.158313,-0.0457,0.0191633,0.502887,-0.441024,0.208705,0.0801195,-0.400413,5.38929,-0.390311,-3.16252,-14.531,14.763,1.27389,16.317,-4.27272,-2.87778,
471,1,-0.999968,1,-0.970023,-1,0.918182,-0.165634,-0.180672,-0.0591233,0.660996,0.247436,0.608044,-0.158786,0.115397,6.05541,0.329411,-2.06611,7.35833,-0.0325395,16.9972,1.14241,-4.12027,15.7607,
472,1,-1,1,-0.559174,-1,0.00108175,-0.108793,-0.172034,0.581561,-0.085522,0.853204,0.00396658,-0.19418,0.568424,5.42383,0.964555,1.32347,12.2375,-16.269,7.8106,-17.1192,-0.0188506,-2.09131,
473,0.596636,-0.812835,-1,0.434084,0.927031,0.00865818,-0.107444,-0.0477153,0.874076,-0.554954,0.687908,-0.740855,-0.383685,0.175757,5.27049,-0.401691,2.85463,1.32915,-4.07676,-5.82131,-11.9053,-5.66111,-10.018,
474,-0.287906,0.999368,-1,0.923882,0.9938,1,-0.106948,-0.00410519,0.717712,-0.331816,-0.296282,-0.608651,-0.145306,-0.333108,5.53304,0.247866,-0.0383412,-5.3277,5.62588,-20.3142,10.5111,9.53382,-7.79499,
475,0.855109,1,1,-0.12196,-1,1,-0.129344,-0.0588407,0.0299021,0.482627,-0.440455,0.148725,0.255539,-0.229144,5.56158,-0.556947,-2.86394,-14.4502,15.412,1.27486,14.8514,-5.41492,-2.72806,
476,1,-0.99961,1,-0.942288,-1,0.993538,-0.150944,-0.180519,-0.0734184,0.614779,0.234458,0.582897,-0.144495,0.199712,6.19429,-0.139345,-2.17502,5.71659,-3.4892,15.6692,2.63929,-7.27853,13.2231,
477,0.999999,-1,1,-0.534576,-1,0.00117263,-0.106007,-0.161062,0.562093,-0.0908322,0.837008,0.0217757,-0.265049,0.575902,5.72549,0.750554,1.35349,12.4496,-16.5868,7.57042,-16.917,-0.600594,-2.33679,
478,0.599796,-0.914284,-1,0.433748,0.916973,0.00879783,-0.114807,-0.0421676,0.883431,-0.543657,0.692828,-0.722755,-0.414277,0.169578,5.5584,-0.590005,2.74093,1.87524,-3.73197,-5.44307,-11.8652,-4.39382,-10.2277,
479,-0.275843,0.999303,-1,0.950489,0.993812,1,-0.12153,0.00881162,0.742875,-0.357558,-0.283177,-0.600598,-0.129601,-0.338563,5.80115,0.117398,0.254231,-5.2704,4.59411,-20.3332,10.073,10.0967,-7.63385,
480,0.809827,1,1,-0.117786,-1,1,-0.141318,-0.0581619,0.0405379,0.471848,-0.437045,0.147084,0.109649,-0.370934,5.59464,-0.57751,-3.02728,-14.9738,15.7679,1.12653,15.7759,-3.54225,-1.61941,
481,1,-0.999915,1,-0.970515,-1,0.992127,-0.163833,-0.184501,-0.0832333,0.668258,0.250045,0.587687,-0.14943,0.162624,6.35343,0.0306353,-1.7024,6.72444,1.7954,17.253,2.55111,-4.78675,15.551,
482,0.999999,-1,1,-0.557151,-1,0.00144221,-0.11821,-0.159174,0.560653,-0.0723204,0.848412,0.0364746,-0.202191,0.592669,5.72897,0.801146,1.54695,12.3864,-16.9824,7.15497,-16.3983,-0.119242,-2.87291,
483,0.597888,-0.881427,-1,0.484403,0.924092,0.00762263,-0.12472,-0.0269683,0.874328,-0.551428,0.689853,-0.701122,-0.384203,0.168863,5.47822,-0.578132,3.04885,1.65098,-4.27853,-5.70316,-12.2246,-5.4185,-10.4543,
484,-0.283495,0.99918,-1,0.965406,0.993802,1,-0.133746,0.0316494,0.732811,-0.358312,-0.291479,-0.588,-0.144511,-0.347626,5.80999,0.055708,0.311252,-5.16502,5.06923,-20.3174,10.197,9.41462,-7.77055,
485,0.837483,1,1,-0.136333,-1,1,-0.152191,-0.0367541,0.0396921,0.483521,-0.439262,0.179928,0.068577,-0.399358,5.50176,-0.435875,-3.18476,-14.7961,15.8501,1.21268,16.5399,-4.19527,-2.40697,
486,1,-0.999946,1,-0.973037,-1,0.965048,-0.165848,-0.175614,-0.0676829,0.664172,0.251708,0.605158,-0.164946,0.127252,6.19768,0.18329,-2.13351,7.01708,0.591609,17.4114,1.75586,-3.95035,15.8153,
487,0.999992,-1,1,-0.481061,-1,0.00119468,-0.11383,-0.169958,0.565645,-0.0740036,0.849968,0.021268,-0.188545,0.578854,5.57223,0.924388,1.28684,11.7217,-17.2408,6.19725,-16.8703,0.219488,-2.40455,
488,0.577771,-0.808012,-1,0.467617,0.931566,0.0112413,-0.11334,-0.0468977,0.868476,-0.558577,0.65911,-0.690746,-0.386077,0.170754,5.43084,-0.423702,2.80404,1.30992,-4.84381,-6.01816,-11.2507,-5.9369,-10.2571,
489,-0.29825,0.999595,-1,0.939152,0.993502,1,-0.117355,-0.0032695,0.698578,-0.346761,-0.307597,-0.56432,-0.146746,-0.339336,5.68668,0.113183,-0.0364456,-5.62082,5.71428,-19.8413,10.0754,9.68268,-7.70792,
490,0.869087,1,1,-0.138013,-1,1,-0.140569,-0.0816691,0.0107479,0.487649,-0.442385,0.154835,0.130662,-0.349256,5.60339,-0.712766,-3.06083,-14.4519,15.3795,1.32934,14.7348,-1.83573,-0.455343,
491,1,-0.999988,1,-0.96663,-1,0.985291,-0.162819,-0.190321,-0.0374529,0.712609,0.256707,0.56361,-0.111949,0.208125,6.3461,0.0452643,-1.18888,8.00495,0.596456,16.841,2.24889,-5.23374,15.5476,
492,0.999997,-1,1,-0.55549,-1,0.00146936,-0.12404,-0.149521,0.587048,-0.10737,0.835749,0.0278181,-0.201614,0.527331,5.60279,0.624193,1.75512,11.4203,-18.0749,6.79258,-16.3516,-1.17949,-0.838961,
493,0.57918,-0.63478,-1,0.536198,0.927355,0.00769685,-0.138066,-0.00888865,0.865919,-0.576271,0.661227,-0.713111,-0.409039,0.194135,5.35196,-0.714805,3.12096,0.821701,-4.15348,-5.83475,-12.2003,-5.47399,-9.09702,
494,-0.298673,0.999485,-1,0.981298,0.993542,1,-0.157593,0.0352515,0.687518,-0.272915,-0.308062,-0.557383,-0.149572,-0.304221,5.7469,-0.206033,-0.109511,-5.44522,7.52383,-19.9026,11.1749,10.0507,-7.97074,
495,0.870463,1,1,-0.176312,-1,1,-0.179552,-0.0612574,0.0177196,0.538688,-0.442597,0.220552,-0.00853518,-0.475778,5.3638,-0.627579,-3.24705,-14.2612,13.8433,1.33499,16.531,0.68837,0.214987,
496,1,-0.999995,1,-0.985504,-1,0.875593,-0.191331,-0.164139,0.0201253,0.763137,0.290779,0.595548,-0.0869228,0.163763,5.90755,0.238306,-1.06478,8.53996,-0.986238,17.2962,0.764449,-2.37404,17.7163,
497,1,-1,1,-0.735668,-1,0.00145921,-0.146425,-0.116907,0.604589,-0.129497,0.846489,0.0219707,-0.123334,0.559873,5.13408,0.710124,1.97129,11.5043,-16.969,8.64539,-16.3689,-1.2522,-1.95659,
498,0.592581,-0.483447,-1,0.580221,0.921336,0.00367762,-0.159274,0.0378563,0.839689,-0.593407,0.681635,-0.781516,-0.362451,0.187239,4.79669,-0.76463,3.44531,0.528638,-3.16623,-5.59834,-14.0517,-6.2776,-9.62876,
499,-0.294038,0.99768,-1,0.991516,0.993748,1,-0.181504,0.0728359,0.690672,-0.199272,-0.302981,-0.607468,-0.170171,-0.328701,5.37967,-0.213699,-0.480345,-4.44631,9.27779,-20.2292,12.7347,8.70936,-8.1744,
500,0.864168,1,1,-0.187865,-1,1,-0.195312,-0.0291795,0.0564926,0.592534,-0.44177,0.200594,-0.107532,-0.52269,4.84946,-0.307123,-3.43264,-13.9936,12.9052,1.30957,16.0548,-2.81761,0.342658,
501,1,-0.999982,1,-0.987909,-1,0.756185,-0.198035,-0.174059,0.0123422,0.731445,0.271461,0.543322,-0.213099,0.132907,5.52067,0.408085,-2.08535,7.74914,-0.359658,17.3311,-0.0321803,-1.53911,17.9679,
502,0.999998,-1,1,-0.632771,-1,0.00156913,-0.144226,-0.162516,0.601594,-0.0567201,0.861779,-0.0529233,-0.177131,0.587867,4.97367,0.94301,1.58139,11.1066,-15.9494,6.9588,-16.1869,0.504263,-2.8958,
503,0.588342,-0.733556,-1,0.502339,0.91497,0.01065,-0.138248,-0.0231899,0.861347,-0.54365,0.675126,-0.760149,-0.372979,0.166355,4.81538,-0.280515,3.1202,1.07348,-4.37196,-5.37577,-11.3862,-5.99333,-10.372,
504,-0.285793,0.999295,-1,0.963056,0.993696,1,-0.132659,0.0243632,0.703485,-0.306426,-0.293979,-0.572293,-0.157769,-0.347149,5.14618,0.322075,0.0110618,-5.24924,6.11346,-20.1447,11.6365,9.30348,-7.69445,
505,0.838732,1,1,-0.128698,-1,1,-0.143074,-0.0426435,0.0280222,0.503544,-0.439502,0.177473,0.097292,-0.379771,4.98078,-0.386495,-2.85126,-14.3597,14.8144,1.21688,14.6611,-3.02142,-1.71327,
506,1,-0.99957,1,-0.948743,-1,0.965246,-0.156103,-0.166211,-0.0740406,0.614594,0.234479,0.564792,-0.148963,0.154935,5.61398,0.014038,-2.21252,5.65286,-3.76346,15.6767,1.75945,-4.70369,15.6562,
507,0.999996,-1,1,-0.475642,-1,0.00158554,-0.106024,-0.146374,0.542327,-0.102141,0.816899,0.0102093,-0.212947,0.586569,5.20178,0.873468,1.42573,11.7577,-16.958,6.5644,-16.1608,-0.401977,-2.69036,
508,0.576221,-0.856695,-1,0.41675,0.917844,0.0140645,-0.109077,-0.0324969,0.84186,-0.585906,0.656787,-0.67276,-0.404509,0.166109,5.03938,-0.51644,2.46932,1.51009,-4.14221,-5.47308,-10.689,-5.45767,-10.4216,
509,-0.291111,0.999168,-1,0.943009,0.9935,1,-0.11966,-0.000854793,0.691197,-0.357933,-0.29978,-0.557668,-0.138839,-0.34075,5.2732,-0.0322975,-0.19816,-5.15554,5.76045,-19.8385,9.38143,10.0663,-7.53746,
510,0.849034,1,1,-0.137559,-1,1,-0.148674,-0.0897087,0.0252145,0.490834,-0.44022,0.141619,0.12569,-0.351152,5.17736,-0.795375,-3.29699,-14.0616,15.6957,1.25268,14.4364,-2.45317,-0.649787,
511,1,-0.999976,1,-0.970959,-1,0.980586,-0.171059,-0.198932,-0.00580876,0.75474,0.262202,0.53998,-0.143495,0.195497,5.86111,-0.00442335,-1.25998,7.57874,-0.739396,16.5848,2.1016,-5.55047,15.3668,
512,0.999999,-1,1,-0.635348,-1,0.00162159,-0.134187,-0.157721,0.590747,-0.0667488,0.848356,-2.28366e-05,-0.232912,0.582626,5.28477,0.643398,1.93228,11.2346,-16.8803,7.52259,-16.1044,-0.760592,-2.60643,
513,0.599995,-0.801735,-1,0.544429,0.923601,0.00701092,-0.144477,-0.0073938,0.869297,-0.542751,0.693139,-0.746314,-0.404809,0.171418,5.05788,-0.612931,3.36261,1.29094,-4.34822,-5.68408,-12.4343,-4.81044,-10.2511,
514,-0.284577,0.999036,-1,0.981544,0.993851,1,-0.154204,0.0538847,0.72589,-0.329312,-0.292656,-0.574102,-0.14281,-0.344196,5.46799,0.0267406,0.311691,-5.05191,5.57436,-20.3984,11.6293,9.90605,-7.77537,
515,0.844631,1,1,-0.152726,-1,1,-0.167393,-0.0218979,0.0340169,0.501044,-0.439949,0.191334,-0.0300871,-0.512202,5.01103,-0.46901,-2.97862,-14.8271,15.0633,1.23712,15.9608,-0.902067,-0.442817,
516,1,-0.9999,1,-0.978288,-1,0.929031,-0.184038,-0.147513,-0.0731542,0.658049,0.241592,0.576426,-0.130711,0.130742,5.76646,0.109845,-1.76357,6.60953,0.545216,16.4919,1.25726,-2.2126,18.0078,
517,0.99999,-1,1,-0.549784,-1,0.0018072,-0.135736,-0.118166,0.537928,-0.0882527,0.808691,0.0193018,-0.139914,0.606131,5.25306,0.873678,1.6994,11.4193,-17.5191,6.12589,-15.8328,-0.319792,-3.35787,
518,0.577885,-0.823256,-1,0.516362,0.918678,0.00979371,-0.1397,0.0130638,0.828242,-0.595544,0.659282,-0.680317,-0.372274,0.1638,5.00158,-0.579302,2.84882,1.35938,-4.62253,-5.50227,-11.5963,-6.49724,-10.7043,
519,-0.293642,0.998488,-1,0.979894,0.993543,1,-0.155111,0.0488816,0.690154,-0.353959,-0.302547,-0.547754,-0.16284,-0.356014,5.40788,-0.128561,-0.243549,-4.76575,6.36983,-19.904,10.4464,9.17319,-7.74417,
520,0.859579,1,1,-0.168641,-1,1,-0.177331,-0.0573565,0.0324434,0.510161,-0.441158,0.190467,-0.00382031,-0.464919,5.06596,-0.688462,-3.42178,-14.0491,15.3929,1.29173,15.7431,1.40709,1.78027,
521,1,-0.99999,1,-0.986081,-1,0.91272,-0.193094,-0.175168,0.0232805,0.775473,0.291734,0.562153,-0.106189,0.188016,5.64624,0.130812,-1.36455,8.1575,-0.663313,17.2808,1.0882,-2.85556,17.5923,
522,1,-1,1,-0.790233,-1,0.0016442,-0.152761,-0.137292,0.603128,-0.100589,0.855039,0.00940924,-0.146811,0.527828,4.97583,0.657639,1.88322,11.8061,-15.6423,9.44119,-16.0697,-1.21773,-0.936409,
523,0.57993,-0.395342,-1,0.640116,0.935452,0.00316173,-0.164479,0.0210143,0.851339,-0.574332,0.662358,-0.803479,-0.365631,0.203569,4.59208,-0.705799,3.59026,0.391504,-4.50124,-6.20291,-14.4306,-5.76311,-8.87106,
524,-0.309081,0.998969,-1,0.991248,0.993541,1,-0.183443,0.053415,0.679362,-0.186834,-0.319529,-0.596075,-0.159787,-0.304881,5.18101,-0.17045,-0.629024,-4.97038,9.71747,-19.901,13.7225,8.92606,-8.33812,
525,0.894582,1,1,-0.211145,-1,1,-0.199663,-0.0518398,0.0347789,0.596762,-0.445322,0.214003,-0.0779285,-0.529308,4.75227,-0.406845,-3.44432,-13.9881,12.5163,1.44441,15.8567,-1.99452,-1.75574,
526,1,-0.999995,1,-0.988809,-1,0.697035,-0.19983,-0.176376,0.0544335,0.767993,0.296618,0.54103,-0.186216,0.0752312,5.33401,0.450613,-1.63938,8.60341,-1.66231,17.4372,-0.373682,-2.05681,17.6857,
527,1,-1,1,-0.778309,-1,0.00144059,-0.149092,-0.15091,0.619219,-0.108411,0.860775,-0.0680279,-0.183426,0.554585,4.70892,0.814194,1.77159,11.2759,-14.9835,9.39397,-16.4011,-0.109398,-1.79545,
528,0.585771,-0.418699,-1,0.597885,0.93508,0.00584145,-0.150063,0.000634477,0.860532,-0.554382,0.671203,-0.837608,-0.369905,0.185903,4.47114,-0.418275,3.39758,0.433192,-4.23932,-6.1845,-12.8918,-5.4743,-9.56142,
529,-0.305393,0.999317,-1,0.978502,0.993642,1,-0.151647,0.0304658,0.682461,-0.189027,-0.315457,-0.584258,-0.151269,-0.326137,4.938,0.172187,-0.567627,-5.23914,9.02061,-20.0588,13.9729,9.31472,-8.02038,
530,0.889415,1,1,-0.170103,-1,1,-0.16284,-0.0525536,0.0235834,0.574515,-0.444847,0.203902,0.0340255,-0.454984,4.70348,-0.420213,-2.85322,-14.1978,12.5143,1.41912,14.8625,-1.81685,-1.68212,
531,1,-0.999908,1,-0.963628,-1,0.888132,-0.173853,-0.171464,-0.0421676,0.650152,0.231827,0.558612,-0.135747,0.122352,5.46736,0.259601,-1.60568,6.66735,0.38277,15.4329,0.866651,-3.51627,16.823,
532,0.999999,-1,1,-0.570609,-1,0.00162819,-0.120241,-0.134966,0.552424,-0.0916525,0.793252,-0.0110109,-0.185017,0.581642,4.95397,0.936549,1.81733,11.4114,-17.0371,7.25488,-16.0943,-0.674907,-2.56857,
533,0.599677,-0.810613,-1,0.455839,0.918234,0.010956,-0.120648,-0.0047326,0.824653,-0.602764,0.692643,-0.715865,-0.393961,0.171126,4.76775,-0.487289,2.73475,1.30802,-4.16999,-5.48668,-11.3152,-5.74845,-10.2437,
534,-0.288196,0.997929,-1,0.963034,0.993922,1,-0.130233,0.0239857,0.692582,-0.344575,-0.296598,-0.566859,-0.148479,-0.338696,5.11358,-0.0104441,-0.362384,-4.55856,6.50302,-20.5168,10.5381,9.78302,-7.69088,
535,0.860771,1,1,-0.147949,-1,1,-0.154677,-0.0665734,0.0453382,0.510141,-0.441298,0.167036,0.100187,-0.372748,4.92187,-0.622187,-3.33501,-13.8959,15.5773,1.29631,14.8416,-3.20622,-1.59555,
536,1,-0.999967,1,-0.974059,-1,0.95388,-0.173134,-0.198061,-0.0107713,0.729521,0.259682,0.554329,-0.157659,0.159374,5.62264,0.0944975,-1.79183,7.35915,0.143275,16.8307,1.57333,-5.01247,15.4874,
537,0.999999,-1,1,-0.619403,-1,0.00144636,-0.129676,-0.176914,0.581143,-0.0422106,0.848936,-0.0127475,-0.226221,0.585053,5.12118,0.805531,1.70143,11.1074,-15.6343,7.51146,-16.3911,-0.39507,-2.65778,
538,0.578093,-0.728583,-1,0.524823,0.93165,0.00815801,-0.130237,-0.0327262,0.854285,-0.548072,0.659593,-0.752109,-0.398499,0.169393,4.95927,-0.419073,3.18911,1.05842,-5.66909,-6.02197,-12.0544,-4.98084,-10.3293,
539,-0.301461,0.999427,-1,0.962231,0.993537,1,-0.13356,0.0111872,0.689573,-0.329984,-0.311126,-0.569715,-0.13771,-0.345492,5.30713,0.112695,-0.151149,-5.39052,6.27652,-19.8954,11.7425,9.95745,-7.71852,
540,0.879016,1,1,-0.157098,-1,1,-0.155394,-0.0684123,0.0141837,0.502105,-0.443464,0.195794,0.111634,-0.382905,5.14087,-0.578287,-3.20888,-14.2417,15.1829,1.37142,15.2504,-3.57689,-1.96198,
541,1,-0.999986,1,-0.96827,-1,0.918608,-0.167775,-0.191491,-0.0287224,0.715261,0.25016,0.576764,-0.147218,0.148363,5.84685,0.277261,-1.57533,7.9255,0.382932,16.549,1.14673,-4.93955,15.656,
542,0.999999,-1,1,-0.570546,-1,0.00122239,-0.117619,-0.165241,0.588518,-0.0816842,0.836265,-0.0118829,-0.217687,0.579877,5.21773,0.854647,1.66188,11.4179,-16.876,7.41553,-16.8128,-0.510005,-2.50434,
543,0.59889,-0.8224,-1,0.452361,0.918356,0.00939321,-0.119481,-0.029073,0.871122,-0.549086,0.691414,-0.746088,-0.403185,0.167918,5.09349,-0.443001,3.03359,1.36823,-4.02104,-5.49094,-11.701,-5.29054,-10.3058,
544,-0.28152,0.999243,-1,0.949276,0.993843,1,-0.120407,0.0232863,0.721342,-0.332695,-0.289333,-0.594038,-0.146449,-0.343584,5.37912,0.212926,0.175174,-5.21062,5.44741,-20.3843,10.7984,9.92078,-7.67128,
545,0.832864,1,1,-0.120426,-1,1,-0.135961,-0.0404773,0.0355726,0.489942,-0.438945,0.14871,0.106734,-0.376806,5.21039,-0.498855,-2.83658,-14.6156,15.3283,1.19741,15.0017,-3.29493,-1.72119,
546,1,-0.999396,1,-0.948803,-1,0.98843,-0.156449,-0.162163,-0.0815473,0.618673,0.234114,0.566,-0.15369,0.155301,5.86594,-0.137961,-2.14972,5.43287,-3.57349,15.6472,2.36943,-4.85648,15.5938,
547,0.999987,-1,1,-0.448494,-1,0.0017019,-0.109026,-0.137398,0.512882,-0.0804763,0.787296,0.0286468,-0.212282,0.58849,5.54935,0.91024,1.60139,11.6498,-17.3113,5.95766,-15.9833,-0.221004,-2.72879,
548,0.597035,-0.92148,-1,0.429917,0.920627,0.0153108,-0.111009,-0.0207102,0.825564,-0.595423,0.688528,-0.641045,-0.401183,0.167661,5.38354,-0.526506,2.46241,1.92098,-4.61074,-5.57225,-10.4761,-5.47433,-10.4118,
549,-0.287628,0.998322,-1,0.95516,0.993866,1,-0.124338,0.0125439,0.70127,-0.392895,-0.295979,-0.537105,-0.135358,-0.338255,5.63535,-0.105965,-0.135851,-4.70841,5.41555,-20.4231,8.96175,10.0474,-7.53097,
550,0.857891,1,1,-0.145479,-1,1,-0.15336,-0.0784094,0.0380338,0.484216,-0.440951,0.173048,0.110485,-0.357718,5.40948,-0.692283,-3.50559,-14.0969,16.4078,1.2853,15.4502,-2.98492,-0.999507,
551,1,-0.999967,1,-0.972779,-1,0.963655,-0.172208,-0.209689,-0.0138444,0.741692,0.25816,0.576563,-0.13959,0.186565,6.05742,0.0854219,-1.80558,7.36193,-0.491068,16.7306,1.73097,-4.90354,15.5045,
552,1,-1,1,-0.645416,-1,0.00133935,-0.127534,-0.186922,0.600033,-0.0387783,0.867023,0.0092625,-0.208817,0.595248,5.46372,0.786574,1.67332,11.8164,-16.7763,8.09509,-16.5838,-0.555351,-3.01784,
553,0.601685,-0.789457,-1,0.523523,0.930102,0.00557812,-0.131351,-0.0382095,0.888625,-0.528645,0.695785,-0.76354,-0.39018,0.165391,5.25066,-0.480633,3.44374,1.25117,-4.86647,-5.95256,-13.0074,-5.18002,-10.5455,
554,-0.287493,0.999439,-1,0.964754,0.993868,1,-0.132408,0.0256806,0.731927,-0.330513,-0.295831,-0.607213,-0.147158,-0.356225,5.60824,0.228944,0.295548,-5.40479,5.45543,-20.4261,11.6577,9.54655,-7.79714,
555,0.852834,1,1,-0.136455,-1,1,-0.145861,-0.0331248,0.0318414,0.490649,-0.440788,0.175449,0.0835089,-0.403405,5.37424,-0.403068,-2.86202,-14.9129,15.297,1.26646,15.8621,-4.09623,-2.43621,
556,1,-0.999572,1,-0.952376,-1,0.967427,-0.159785,-0.159966,-0.0843335,0.613241,0.232694,0.58918,-0.163277,0.124216,6.00739,0.0249981,-2.30661,5.65601,-3.6831,15.6329,1.80008,-4.23501,15.8754,
557,1,-1,1,-0.553803,-1,0.00142682,-0.108077,-0.144435,0.548181,-0.102689,0.826907,0.0206558,-0.201474,0.577406,5.57319,0.885163,1.33481,12.4854,-16.1366,7.76557,-16.4252,0.0228491,-2.35712,
558,0.588214,-0.852391,-1,0.431153,0.919575,0.00923146,-0.112141,-0.0292467,0.849691,-0.580114,0.674931,-0.704132,-0.380433,0.176155,5.33148,-0.553518,2.60494,1.49087,-3.93584,-5.53418,-11.7445,-5.40545,-10.1101,
559,-0.287359,0.9989,-1,0.950435,0.99368,1,-0.122783,0.00460005,0.707692,-0.349248,-0.295686,-0.591859,-0.137652,-0.332325,5.63277,0.00044345,-0.204667,-4.97128,5.76469,-20.1196,9.90606,9.42725,-7.76329,
560,0.84478,1,1,-0.135667,-1,1,-0.148385,-0.0826394,0.0385905,0.494276,-0.439837,0.141832,0.109402,-0.357397,5.49409,-0.721813,-3.24873,-14.2985,15.5808,1.23763,15.1429,-2.59782,-0.955166,
561,1,-0.99998,1,-0.974956,-1,0.986485,-0.172073,-0.20251,-0.0238115,0.740296,0.263963,0.561126,-0.140091,0.186318,6.21604,0.0330004,-1.36693,7.68164,1.1794,17.0738,2.29209,-5.04946,15.4539,
562,0.999999,-1,1,-0.610739,-1,0.0015107,-0.132072,-0.165307,0.596575,-0.0684449,0.85739,0.0156488,-0.214325,0.595893,5.50706,0.668003,1.79449,11.6013,-18.021,7.23322,-16.282,-0.57852,-3.01491,
563,0.594212,-0.64604,-1,0.5619,0.931245,0.00668494,-0.142429,-0.0179362,0.871921,-0.564156,0.684152,-0.735696,-0.395355,0.165925,5.25002,-0.634831,3.31313,0.849732,-4.63398,-6.00361,-12.5537,-5.12588,-10.544,
564,-0.296796,0.99943,-1,0.982473,0.993793,1,-0.156657,0.031547,0.699873,-0.283052,-0.306002,-0.564621,-0.143766,-0.354468,5.66621,-0.0906134,-0.0367558,-5.38137,7.24464,-20.3027,11.7675,9.74581,-7.76101,
565,0.876506,1,1,-0.176027,-1,1,-0.175896,-0.0553737,0.0212276,0.532052,-0.44326,0.20805,-0.00298225,-0.48916,5.31985,-0.612542,-3.01269,-14.4621,14.0432,1.36049,16.1745,0.677462,1.05838,
566,1,-0.999972,1,-0.981165,-1,0.908705,-0.191034,-0.154523,-0.0185815,0.719182,0.255407,0.585894,-0.0821936,0.185159,5.93271,0.122699,-1.16255,7.46239,-1.84923,16.3934,1.04968,-2.40752,18.1066,
567,0.999999,-1,1,-0.683553,-1,0.00165041,-0.149256,-0.109796,0.575875,-0.116807,0.8369,0.0353635,-0.11741,0.531101,5.29683,0.717818,1.95742,11.2535,-16.6741,7.53307,-16.0603,-1.34304,-1.0329,
568,0.571385,-0.513752,-1,0.613434,0.930467,0.00455017,-0.161023,0.0403524,0.819793,-0.605531,0.649577,-0.741525,-0.367222,0.200604,4.95331,-0.756382,3.27866,0.577877,-4.15676,-5.96873,-13.518,-6.46869,-8.98096,
569,-0.308819,0.997982,-1,0.991666,0.993423,1,-0.186797,0.0668625,0.665879,-0.232466,-0.319239,-0.566747,-0.168441,-0.30545,5.5512,-0.336178,-0.670305,-4.54595,9.23456,-19.7205,12.4784,8.96586,-8.26201,
570,0.891074,1,1,-0.215917,-1,1,-0.206796,-0.0530813,0.0375269,0.584176,-0.444818,0.24941,-0.0947071,-0.525234,4.95923,-0.418032,-3.82446,-13.7476,13.3609,1.42711,16.4526,-1.94873,-0.7498,
571,1,-0.999979,1,-0.987003,-1,0.603127,-0.202861,-0.189328,0.0598822,0.769366,0.28692,0.562747,-0.179968,0.106991,5.46152,0.485556,-2.09006,7.66764,-3.20033,16.6777,-0.901109,-1.45474,17.9362,
572,0.801386,-1,1,-0.120158,-1,0.0012683,-0.147337,-0.17505,0.635739,-0.0481644,0.827045,-0.061215,-0.161874,0.563359,4.88518,0.947428,1.73393,11.0692,-16.197,1.10248,-16.7204,-0.128842,-2.17682,
573,0.576752,0.213065,-1,0.411062,0.871546,0.0743039,-0.135932,-0.0303797,0.839875,-0.523659,0.657582,-0.608918,-0.459653,0.146344,4.88744,-0.0411122,3.09232,-0.420042,-3.86836,-4.32386,-6.51198,-7.99543,-10.5428,
574,-0.296631,0.999914,-1,0.968494,0.993757,1,-0.137396,0.00696823,0.565991,0.0315265,-0.305822,-0.413942,-0.192859,-0.32961,4.90924,-0.0320654,-0.254169,-6.53082,13.2006,-20.2432,9.27313,11.5534,-6.59765,
575,0.870977,1,1,-0.145769,-1,1,-0.147715,-0.0508036,-0.0175461,0.677228,-0.442864,0.234432,0.12116,-0.338641,5.06743,-0.0561731,-2.4831,-11.7579,8.61375,1.33711,13.7025,-2.49621,-1.4649,
576,1,-0.99993,1,-0.930625,-1,0.863159,-0.140468,-0.147799,7.08694e-05,0.574355,0.24014,0.559574,-0.127533,0.184347,5.49989,0.341395,-1.81544,6.82033,-6.20913,15.9275,0.668471,-5.12118,15.1634,
577,0.999992,-1,1,-0.383413,-1,0.00146993,-0.0873525,-0.134433,0.5423,-0.155285,0.799883,-0.0157783,-0.221512,0.582639,5.07152,0.990032,1.49356,10.0683,-14.1708,6.22285,-16.3506,-1.03023,-2.66914,
578,0.581344,-0.830734,-1,0.327903,0.918783,0.026804,-0.0831911,-0.0294808,0.786917,-0.595309,0.66449,-0.653486,-0.432614,0.156992,5.13008,-0.357185,2.0571,1.3902,-3.44162,-5.50597,-9.07195,-5.61846,-10.5273,
579,-0.295181,0.997684,-1,0.870761,0.993651,1,-0.0895549,-0.0180557,0.656405,-0.348193,-0.304232,-0.534361,-0.134859,-0.338812,5.29128,0.00724826,-0.557622,-4.4867,5.90576,-20.073,8.50834,10.9717,-7.17438,
580,0.871564,1,1,-0.122905,-1,1,-0.124061,-0.10039,0.025192,0.487476,-0.442169,0.126061,0.295203,-0.199179,5.34122,-0.849078,-3.15764,-13.3566,15.6776,1.33955,13.0888,-3.652,-0.780383,
581,1,-0.99994,1,-0.952703,-1,0.995468,-0.155126,-0.218874,-0.0208812,0.691584,0.243562,0.533162,-0.121163,0.264698,6.05511,-0.230412,-1.63509,6.95005,-0.695505,16.133,2.79024,-8.48344,13.0792,
582,0.999999,-1,1,-0.56988,-1,0.00126941,-0.122957,-0.184708,0.588326,-0.0416912,0.840652,0.0015393,-0.289638,0.524518,5.52376,0.558979,1.76829,11.4575,-17.4147,7.0828,-16.7182,-1.56122,-0.77341,
583,0.588475,-0.865863,-1,0.442647,0.890261,0.00855947,-0.136071,-0.0430543,0.882744,-0.545367,0.67533,-0.750298,-0.444934,0.188303,5.38715,-0.647094,3.10054,1.567,-4.25421,-4.70139,-11.934,-4.01391,-9.16795,
584,-0.269801,0.999451,-1,0.974572,0.993671,1,-0.145617,0.0180978,0.728658,-0.348516,-0.27665,-0.597591,-0.137074,-0.303814,5.63498,0.0401893,0.414607,-5.42334,5.0716,-20.1046,10.7268,10.6351,-7.72666,
585,0.774767,1,1,-0.125746,-1,1,-0.164772,-0.0487467,0.0391662,0.483,-0.434597,0.19552,0.0752283,-0.397522,5.33505,-0.368324,-3.32994,-14.5789,15.7226,1.03214,17.1871,-5.43055,-4.00169,
586,1,-0.999958,1,-0.976268,-1,0.941965,-0.169899,-0.185035,-0.0536476,0.720217,0.276401,0.625186,-0.189427,0.0814551,5.91904,0.418328,-1.94431,7.19242,0.60286,17.508,1.41027,-4.25251,15.352,
587,0.999994,-1,1,-0.473158,-1,0.00093254,-0.108585,-0.176309,0.577618,-0.0765734,0.857207,0.00841312,-0.204643,0.551131,5.2691,1.06765,1.34329,12.1615,-16.828,6.36987,-17.4913,0.595906,-1.45686,
588,0.598733,-0.87214,-1,0.412402,0.925983,0.01244,-0.102091,-0.05331,0.882813,-0.546485,0.69117,-0.710025,-0.387084,0.182537,5.17306,-0.282877,2.81133,1.60005,-4.04631,-5.77838,-10.9967,-5.78756,-9.6906,
589,-0.284235,0.99952,-1,0.895039,0.993823,1,-0.095633,0.000513712,0.725838,-0.352082,-0.292284,-0.589196,-0.143571,-0.318115,5.37052,0.357839,0.277575,-5.51172,4.92093,-20.3515,9.7344,9.72393,-7.76471,
590,0.844295,1,1,-0.104123,-1,1,-0.11375,-0.040943,0.0231544,0.466503,-0.439605,0.129418,0.263261,-0.219005,5.39232,-0.515957,-2.5732,-14.6946,15.7444,1.23594,14.1555,-4.90338,-2.52656,
591,1,-0.999568,1,-0.916115,-1,0.997722,-0.134717,-0.145164,-0.0875814,0.612828,0.232969,0.565235,-0.143103,0.20766,6.10099,-0.143477,-1.77448,5.6498,-3.29988,15.6215,3.05907,-7.60447,13.0505,
592,0.99999,-1,1,-0.404232,-1,0.00154902,-0.0948016,-0.127288,0.505588,-0.118883,0.789627,0.0377646,-0.272848,0.5773,5.75392,0.786283,1.4163,11.6208,-15.7897,6.08358,-16.2192,-0.663485,-2.38012,
593,0.599023,-0.963617,-1,0.37543,0.909014,0.0175897,-0.102344,-0.0240297,0.827181,-0.569155,0.691622,-0.631089,-0.429402,0.167294,5.669,-0.604454,2.20311,2.44213,-3.50536,-5.18875,-10.1282,-4.50457,-10.2732,
594,-0.2755,0.997845,-1,0.943954,0.993848,1,-0.116974,0.0112555,0.721777,-0.382291,-0.282806,-0.545539,-0.121646,-0.330545,5.84249,-0.106146,0.0747939,-4.54285,4.55417,-20.3929,8.16852,10.6052,-7.37918,
595,0.814055,1,1,-0.121698,-1,1,-0.144467,-0.0700441,0.0523328,0.472773,-0.437157,0.153688,0.120006,-0.347774,5.5835,-0.647428,-3.36211,-14.3585,16.3039,1.13893,15.7647,-3.28309,-0.966234,
596,1,-0.999964,1,-0.974436,-1,0.988209,-0.166553,-0.201231,-0.0302179,0.733257,0.277581,0.588021,-0.143102,0.191838,6.23755,0.0328597,-1.72597,7.29952,0.933075,17.5557,2.36012,-5.06459,15.3498,
597,0.998153,-1,1,-0.31218,-1,0.00132858,-0.124376,-0.180107,0.599431,-0.0487466,0.838321,0.0301831,-0.206835,0.588135,5.57149,0.732033,1.58388,12.5955,-16.0595,3.49329,-16.604,-0.369269,-2.77039,
598,0.597795,-0.810731,-1,0.474115,0.912458,0.0198456,-0.13095,-0.0468954,0.902079,-0.534241,0.689709,-0.628006,-0.428422,0.155318,5.42045,-0.495571,3.0161,1.32662,-4.57691,-5.2946,-9.82568,-6.20537,-10.7007,
599,-0.278675,0.999818,-1,0.969609,0.993858,1,-0.137486,0.0245562,0.713068,-0.340217,-0.286245,-0.507919,-0.163489,-0.352548,5.58872,0.0452907,0.685312,-6.13889,5.10103,-20.409,9.11933,10.5404,-7.38311,
600,0.824526,1,1,-0.135098,-1,1,-0.156191,-0.0347299,0.00826258,0.47763,-0.438341,0.214639,0.0770219,-0.398448,5.32528,-0.356088,-3.24164,-14.5489,15.3847,1.17079,16.3002,-4.24779,-2.63102,
601,1,-0.999954,1,-0.965322,-1,0.918476,-0.162007,-0.175703,-0.0813829,0.65126,0.244069,0.613527,-0.159734,0.122952,6.02441,0.394182,-2.1282,7.11146,1.01293,16.7631,1.14539,-4.06857,15.7782,
602,0.999993,-1,1,-0.435909,-1,0.00107584,-0.0999628,-0.16903,0.555857,-0.0878317,0.823837,0.00857675,-0.191054,0.571969,5.4144,1.09289,1.27684,11.7455,-17.3387,6.28723,-17.133,0.0768126,-2.21045,
603,0.576185,-0.844944,-1,0.368597,0.921654,0.0148079,-0.0927545,-0.0541185,0.859592,-0.574671,0.656732,-0.686541,-0.395555,0.169343,5.34198,-0.297531,2.53183,1.4577,-4.49354,-5.61014,-10.5599,-6.03436,-10.1931,
604,-0.29264,0.999559,-1,0.87277,0.993497,1,-0.0912035,-0.0173508,0.692222,-0.357563,-0.301451,-0.582694,-0.144754,-0.333281,5.49667,0.221375,-0.116819,-5.56803,5.64181,-19.8336,9.11629,9.94333,-7.56604,
605,0.854048,1,1,-0.109536,-1,1,-0.116415,-0.0833939,0.0108381,0.476715,-0.440673,0.115634,0.273198,-0.213275,5.58174,-0.727053,-2.89295,-14.2238,15.7255,1.27092,13.5777,-3.76366,-1.4546,
606,1,-0.999768,1,-0.936261,-1,0.998675,-0.146311,-0.199682,-0.0727574,0.617526,0.234254,0.546489,-0.124738,0.24008,6.27316,-0.330868,-1.97143,6.05362,-3.35966,15.6944,3.25208,-7.887,13.1976,
607,0.999999,-1,1,-0.536769,-1,0.00152033,-0.10792,-0.163292,0.560623,-0.0766103,0.820994,0.0289307,-0.275599,0.560266,5.83908,0.643123,1.62371,12.4387,-17.0278,7.47457,-16.2661,-1.20586,-1.88221,
608,0.600135,-0.91332,-1,0.432817,0.908291,0.00860364,-0.120637,-0.0352147,0.884278,-0.545822,0.693359,-0.705377,-0.430818,0.176443,5.60965,-0.663466,2.9047,1.86707,-3.96821,-5.16727,-11.9211,-4.20279,-9.8696,
609,-0.272069,0.999342,-1,0.963984,0.993837,1,-0.132017,0.0250619,0.741054,-0.362028,-0.279097,-0.594142,-0.130373,-0.3257,5.86077,0.0105403,0.447762,-5.30946,4.65237,-20.3748,9.77394,10.3926,-7.66113,
610,0.79666,1,1,-0.122797,-1,1,-0.152413,-0.0409878,0.0427919,0.474809,-0.436064,0.17599,0.0819748,-0.391371,5.55336,-0.440206,-3.25572,-14.8441,15.9433,1.0894,17.044,-4.82771,-2.95649,
611,1,-0.999928,1,-0.974329,-1,0.976391,-0.166374,-0.18277,-0.0811035,0.672011,0.25377,0.621557,-0.171713,0.115715,6.23429,0.223566,-2.10335,6.82839,1.60064,17.5575,1.99206,-4.15072,15.5673,
612,0.999998,-1,1,-0.508495,-1,0.00109164,-0.110519,-0.175215,0.565095,-0.0659625,0.856362,0.0308214,-0.191225,0.572138,5.5941,0.991742,1.29699,12.2542,-16.9724,6.82521,-17.0964,0.430203,-2.15928,
613,0.591304,-0.840414,-1,0.444569,0.930111,0.00946985,-0.108004,-0.0515647,0.869543,-0.558837,0.679668,-0.701695,-0.376877,0.176433,5.43335,-0.398401,2.84308,1.44157,-4.65849,-5.95293,-11.6806,-5.78422,-10.0634,
614,-0.292371,0.999431,-1,0.928713,0.993724,1,-0.109876,-0.00499243,0.711931,-0.354472,-0.301157,-0.589033,-0.142323,-0.332247,5.69491,0.175876,0.0275233,-5.40154,5.47194,-20.1897,9.94639,9.43806,-7.79011,
615,0.866775,1,1,-0.132206,-1,1,-0.135539,-0.0621343,0.0236325,0.4774,-0.441444,0.156731,0.248475,-0.229554,5.71601,-0.564163,-3.05481,-14.3075,15.8241,1.31996,15.2792,-5.60438,-2.64957,
616,1,-0.999946,1,-0.958597,-1,0.989819,-0.154474,-0.188397,-0.057306,0.651986,0.24582,0.591925,-0.14455,0.202625,6.41432,0.0484871,-1.92758,7.01738,-0.111295,16.7938,2.4313,-7.10267,13.2541,
617,0.999999,-1,1,-0.520429,-1,0.00100839,-0.109652,-0.176832,0.585571,-0.0848073,0.857437,0.0148702,-0.257675,0.577919,5.7532,0.74226,1.28343,12.1112,-17.0916,7.07832,-17.2953,-0.523659,-2.41137,
618,0.585799,-0.770535,-1,0.477346,0.929566,0.00925353,-0.117885,-0.0559888,0.879047,-0.560514,0.671246,-0.734759,-0.413382,0.166033,5.62501,-0.574775,2.73859,1.17987,-4.25084,-5.92905,-11.7386,-4.58022,-10.3293,
619,-0.283123,0.999358,-1,0.952245,0.993458,1,-0.126229,-0.0182247,0.715648,-0.304978,-0.291074,-0.57804,-0.13115,-0.344336,5.90661,0.0607828,-0.0913262,-5.3098,6.42317,-19.7735,10.8745,10.2008,-7.61463,
620,0.813775,1,1,-0.125105,-1,1,-0.148661,-0.0899746,0.0360573,0.508788,-0.437409,0.170755,0.127517,-0.364422,5.75303,-0.617842,-2.94068,-14.4959,14.7413,1.13811,15.344,-3.00809,-1.19917,
621,1,-0.999977,1,-0.973948,-1,0.978736,-0.167093,-0.196299,-0.0371631,0.725584,0.272362,0.585996,-0.133213,0.179268,6.40408,0.129699,-1.16158,7.58072,0.751959,17.4217,2.05124,-5.17747,15.577,
622,1,-1,1,-0.615475,-1,0.00134577,-0.12246,-0.154044,0.583018,-0.0925345,0.855216,0.0218177,-0.208294,0.59848,5.72143,0.741804,1.84126,12.0351,-16.8865,7.88434,-16.5718,-0.54706,-3.09995,
623,0.595987,-0.764608,-1,0.523159,0.929177,0.006282,-0.132135,-0.00944838,0.865499,-0.569499,0.6869,-0.741505,-0.389215,0.164959,5.46015,-0.64614,3.23215,1.15873,-3.97581,-5.91213,-12.7095,-5.17633,-10.5987,
624,-0.291178,0.998995,-1,0.975147,0.993786,1,-0.145047,0.0423426,0.7166,-0.313735,-0.299853,-0.589256,-0.144169,-0.356032,5.87415,-0.0301851,0.072626,-5.02075,6.38067,-20.2911,11.3733,9.54188,-7.76872,
625,0.860614,1,1,-0.157442,-1,1,-0.164841,-0.0335914,0.0368221,0.515502,-0.441482,0.177024,0.0127119,-0.467045,5.50727,-0.55832,-3.00071,-14.6372,14.9016,1.29571,15.9387,-2.5756,-1.45525,
626,1,-0.999965,1,-0.983284,-1,0.942732,-0.184948,-0.160496,-0.0533623,0.666763,0.250965,0.573247,-0.156439,0.120612,6.24798,0.0443747,-1.80516,7.30405,0.745306,17.3709,1.42004,-3.12707,17.0082,
627,0.999998,-1,1,-0.619114,-1,0.0014919,-0.14317,-0.138021,0.578609,-0.0818696,0.85412,0.00330481,-0.175425,0.589171,5.61694,0.697857,1.57132,11.7206,-17.1322,6.79908,-16.3134,-0.0781325,-2.7728,
628,0.583979,-0.718705,-1,0.589818,0.929596,0.00738596,-0.153667,-0.00229877,0.857761,-0.570073,0.668479,-0.736284,-0.373228,0.171895,5.36062,-0.662784,3.06511,1.02563,-4.44614,-5.93033,-12.3037,-5.79174,-10.3407,
629,-0.297129,0.999133,-1,0.987014,0.993604,1,-0.1692,0.0354952,0.701813,-0.305819,-0.306367,-0.55238,-0.155392,-0.348111,5.8124,-0.108632,-0.251777,-5.11454,6.78666,-19.9988,12.0431,9.22289,-7.88149,
630,0.869567,1,1,-0.184316,-1,1,-0.18841,-0.066752,0.0236892,0.521591,-0.442423,0.237447,-0.0210053,-0.496045,5.35907,-0.596677,-3.39969,-14.5349,14.4385,1.3313,16.4284,0.75336,0.686253,
631,1,-0.999991,1,-0.98195,-1,0.780459,-0.187272,-0.152308,0.0514866,0.77936,0.293855,0.58253,-0.108381,0.152424,5.89231,0.506851,-0.686536,8.1787,-3.2564,16.8771,0.114039,-2.38405,17.927,
632,0.997931,-0.999996,1,-0.32649,-1,0.00132919,-0.132674,-0.0935762,0.577145,-0.217285,0.785827,-0.0110124,-0.142367,0.599951,4.97594,0.853343,2.00725,8.53735,-22.7469,3.43638,-16.6029,-0.970092,-3.29318,
633,0.604094,-0.746601,-1,0.551417,0.930494,0.0273872,-0.13981,0.039235,0.83907,-0.605287,0.699568,-0.633278,-0.423296,0.146535,5.0242,-0.583643,2.69437,1.09466,-1.77942,-5.96991,-9.01797,-7.30087,-10.9731,
634,-0.291099,0.998372,-1,0.982119,0.993931,1,-0.154247,0.0802994,0.696425,-0.282765,-0.299767,-0.452272,-0.182662,-0.36505,5.36798,-0.121755,0.106949,-4.69893,6.86107,-20.5319,10.1771,10.5632,-7.31213,
635,0.867868,1,1,-0.161467,-1,1,-0.165468,-0.00546462,0.0333962,0.531397,-0.442251,0.256724,-0.040983,-0.517627,4.78258,-0.277664,-3.23932,-14.3012,14.2448,1.32438,14.9766,-0.81359,-0.252556,
636,1,-0.999736,1,-0.964377,-1,0.749614,-0.171255,-0.157392,-0.0544582,0.614995,0.23597,0.572446,-0.133454,0.132541,5.3944,0.163751,-2.83781,5.96933,-4.1663,15.7504,-0.0710011,-2.10647,18.1247,
637,0.999997,-1,1,-0.511117,-1,0.00155401,-0.112426,-0.148969,0.546102,-0.0825872,0.804917,-0.0199352,-0.14875,0.59032,5.06082,1.0238,1.37164,11.4603,-17.0313,6.75186,-16.2111,-0.563117,-2.97994,
638,0.590574,-0.857213,-1,0.406016,0.914186,0.0137624,-0.108336,-0.0337406,0.837539,-0.585134,0.678547,-0.701067,-0.389705,0.160414,4.9548,-0.380514,2.48931,1.51283,-4.48492,-5.35006,-10.7434,-6.57919,-10.5365,
639,-0.286237,0.998881,-1,0.932342,0.993763,1,-0.111327,-0.00777144,0.695732,-0.363314,-0.294463,-0.575258,-0.161677,-0.348905,5.17834,0.135618,-0.379668,-4.96396,5.78227,-20.2535,9.79028,9.66931,-7.55362,
640,0.849861,1,1,-0.129176,-1,1,-0.139178,-0.085576,0.0316484,0.482669,-0.439911,0.151809,0.250379,-0.228335,5.2041,-0.689152,-3.27574,-13.9657,15.9857,1.25565,14.0864,-4.78595,-2.11321,
641,1,-0.999974,1,-0.963606,-1,0.982477,-0.159723,-0.210242,-0.0229608,0.726682,0.258583,0.556075,-0.147753,0.213963,5.92733,0.0767664,-1.59787,7.51535,0.675709,16.7956,2.15702,-7.66313,13.2131,
642,1,-1,1,-0.584962,-1,0.00113924,-0.117126,-0.18505,0.589794,-0.0523853,0.851776,-0.0153769,-0.283421,0.579944,5.36266,0.74689,1.654,11.6231,-16.2688,7.69534,-16.9894,-0.810902,-2.50329,
643,0.595575,-0.793388,-1,0.482523,0.927126,0.00896511,-0.121539,-0.0482738,0.87426,-0.546601,0.686262,-0.76585,-0.425914,0.164895,5.24651,-0.469168,3.01552,1.26009,-4.91158,-5.82525,-11.8179,-4.07426,-10.3603,
644,-0.28965,0.999475,-1,0.953753,0.993802,1,-0.123938,-0.00310867,0.712633,-0.33842,-0.298184,-0.582811,-0.125036,-0.345842,5.52146,0.155597,-0.015505,-5.44956,5.62834,-20.3175,11.4869,10.5645,-7.55787,
645,0.8573,1,1,-0.137916,-1,1,-0.145535,-0.0743428,0.0207674,0.488028,-0.441221,0.175691,0.135342,-0.370737,5.38359,-0.628766,-3.01129,-14.6253,15.3168,1.28307,15.2121,-3.45548,-1.61547,
646,1,-0.999981,1,-0.966862,-1,0.967158,-0.163122,-0.187236,-0.0429705,0.708569,0.257504,0.580511,-0.139255,0.164473,6.09281,0.149424,-1.37155,7.69866,0.431095,16.839,1.79496,-5.31615,15.5698,
647,0.999999,-1,1,-0.555621,-1,0.00129297,-0.118408,-0.154981,0.583281,-0.0986859,0.842516,0.00973848,-0.217965,0.5905,5.41059,0.736506,1.66392,11.6846,-17.4586,7.11785,-16.6721,-0.536312,-2.83031,
648,0.598645,-0.828033,-1,0.485984,0.921547,0.00871701,-0.127373,-0.0196919,0.874122,-0.554456,0.691032,-0.726196,-0.401759,0.164669,5.23699,-0.600192,3.04262,1.38977,-3.67299,-5.60618,-11.8883,-5.24516,-10.5123,
649,-0.28248,0.99919,-1,0.968243,0.99382,1,-0.136436,0.0349502,0.726416,-0.329043,-0.290375,-0.5812,-0.14643,-0.351072,5.56756,0.0533801,0.241663,-5.1652,5.50704,-20.3459,10.7364,9.83789,-7.67791,
650,0.834052,1,1,-0.137152,-1,1,-0.154567,-0.0324347,0.0400974,0.494328,-0.439005,0.189913,0.0720152,-0.405436,5.26522,-0.399154,-3.16958,-14.6524,15.3372,1.2013,16.3498,-4.55873,-2.75275,
651,1,-0.999923,1,-0.970792,-1,0.94755,-0.165938,-0.172735,-0.0659594,0.65892,0.248772,0.602521,-0.17382,0.113598,5.95374,0.226152,-2.20488,6.78086,0.304904,17.073,1.4835,-4.10014,15.7906,
652,1,-1,1,-0.569095,-1,0.00115193,-0.111958,-0.1686,0.569167,-0.0752359,0.854129,0.00818151,-0.198977,0.570523,5.37281,0.936529,1.2561,12.3695,-16.1623,7.7647,-16.9617,0.263352,-2.13534,
653,0.597663,-0.866436,-1,0.44779,0.926584,0.00844432,-0.111729,-0.0468611,0.875219,-0.546835,0.689504,-0.734099,-0.377484,0.177388,5.19936,-0.427111,2.83849,1.5696,-4.25292,-5.80288,-11.968,-5.53184,-10.0099,
654,-0.285402,0.999298,-1,0.934171,0.9938,1,-0.111933,-0.000449191,0.728393,-0.352018,-0.293553,-0.605597,-0.142655,-0.332195,5.47002,0.239885,0.0485365,-5.26454,5.06553,-20.3142,10.4536,9.37426,-7.82432,
655,0.848537,1,1,-0.124742,-1,1,-0.134859,-0.0538674,0.0331874,0.471272,-0.439679,0.155614,0.247201,-0.232699,5.46712,-0.527865,-2.97968,-14.5639,15.8267,1.2509,15.2275,-5.95719,-3.01767,
656,1,-0.999553,1,-0.946782,-1,0.990441,-0.154655,-0.18358,-0.0777997,0.617628,0.234576,0.591103,-0.15428,0.189869,6.09223,-0.087796,-2.35128,5.62852,-3.32125,15.6558,2.46123,-7.09419,13.2095,
657,0.999999,-1,1,-0.515077,-1,0.00106947,-0.104169,-0.166247,0.556848,-0.0789262,0.82866,0.0166756,-0.263346,0.571288,5.65349,0.862436,1.34278,12.4182,-16.9956,7.35647,-17.1479,-0.397557,-2.17598,
658,0.599126,-0.924327,-1,0.401724,0.913293,0.00987879,-0.107627,-0.0484682,0.882981,-0.546675,0.691782,-0.721645,-0.413038,0.170776,5.52569,-0.484771,2.68821,1.95886,-3.98623,-5.3212,-11.5746,-4.5036,-10.1494,
659,-0.274591,0.999379,-1,0.929852,0.993814,1,-0.109632,0.00178613,0.740297,-0.366295,-0.281822,-0.605943,-0.129339,-0.334316,5.72231,0.205395,0.247187,-5.34772,4.5648,-20.3369,9.77029,10.1045,-7.60616,
660,0.804716,1,1,-0.106093,-1,1,-0.128855,-0.0595909,0.0360895,0.466297,-0.43678,0.130584,0.162568,-0.321885,5.63665,-0.693452,-2.626,-15.0267,15.7742,1.11185,15.6039,-1.20321,0.496973,
661,1,-0.998662,1,-0.954149,-1,0.999628,-0.1626,-0.160256,-0.111609,0.611366,0.231334,0.601931,-0.0711571,0.254671,6.2526,-0.410184,-1.61633,4.91351,-3.41911,15.5229,3.6537,-5.0591,15.5939,
662,0.999998,-1,1,-0.564186,-1,0.00178758,-0.123839,-0.107035,0.52083,-0.113185,0.807803,0.10771,-0.157411,0.542084,5.79016,0.685463,1.81062,12.6114,-17.745,6.94121,-15.8601,-1.26778,-1.34624,
663,0.596482,-0.921557,-1,0.495826,0.909256,0.00499945,-0.140786,0.0265068,0.843459,-0.587366,0.687668,-0.652384,-0.378447,0.196338,5.38498,-0.877975,3.02719,1.92377,-3.4634,-5.196,-13.282,-5.86447,-9.21325,
664,-0.276336,0.996957,-1,0.987826,0.993775,1,-0.169063,0.0841819,0.736969,-0.363272,-0.283711,-0.595436,-0.155849,-0.305444,5.85661,-0.326205,0.290467,-4.31311,5.51476,-20.2736,9.36199,8.97048,-8.10729,
665,0.811726,1,1,-0.156473,-1,1,-0.187487,-0.0098397,0.0611924,0.506405,-0.437022,0.194708,-0.114246,-0.530726,5.12084,-0.434011,-3.53338,-14.8233,15.8754,1.13207,17.1861,-2.60807,-1.80121,
666,1,-0.999968,1,-0.989355,-1,0.851751,-0.198546,-0.1616,-0.0296147,0.738369,0.281292,0.58263,-0.202823,0.0723584,5.79052,0.257984,-2.23157,7.36482,0.414016,17.7205,0.584309,-1.22599,17.6976,
667,0.996871,-1,1,-0.340482,-1,0.0014449,-0.147742,-0.156071,0.59439,-0.0412149,0.836485,-0.0146773,-0.15217,0.569546,5.24811,0.890842,1.46499,12.4873,-15.3769,3.22928,-16.3936,0.73071,-2.15002,
668,0.581637,-0.72445,-1,0.532916,0.918019,0.0264909,-0.145898,-0.0289602,0.880565,-0.552311,0.664933,-0.63884,-0.395619,0.168424,5.08231,-0.344104,2.8338,1.04592,-5.08865,-5.47916,-9.10142,-7.21306,-10.1883,
669,-0.291245,0.999816,-1,0.976299,0.993628,1,-0.148504,0.0212113,0.683899,-0.322679,-0.299926,-0.469885,-0.174715,-0.333607,5.29698,0.0829729,0.169479,-6.12888,6.16679,-20.0364,10.0838,9.99832,-7.51368,
670,0.855195,1,1,-0.156489,-1,1,-0.166464,-0.0620262,-0.0104349,0.496013,-0.441129,0.21325,0.0536849,-0.417623,5.11576,-0.671975,-2.96604,-14.3269,14.5578,1.27518,14.589,2.58826,2.3423,
671,1,-0.999994,1,-0.976014,-1,0.879151,-0.175881,-0.165528,-0.0125615,0.734537,0.273584,0.550669,-0.104129,0.185081,5.72565,0.264253,-1.1384,8.4687,-0.899909,16.8714,0.792846,-4.04498,16.6489,
672,1,-1,1,-0.710663,-1,0.00156096,-0.131831,-0.124306,0.593638,-0.143864,0.831944,-0.015123,-0.182838,0.559756,5.03945,0.662858,1.78986,12.0678,-16.1468,9.06724,-16.2,-1.38453,-1.96416,
673,0.575165,-0.46191,-1,0.561576,0.928094,0.00527087,-0.145667,0.0154934,0.847752,-0.60013,0.655208,-0.791012,-0.389773,0.181857,4.71362,-0.741429,3.0677,0.490794,-3.48053,-5.86579,-13.1494,-5.37608,-9.72219,
674,-0.304082,0.999024,-1,0.985102,0.993464,1,-0.166338,0.0341005,0.67346,-0.198683,-0.314011,-0.587656,-0.151222,-0.329974,5.19691,-0.211546,-0.773127,-5.00932,9.48673,-19.7835,12.8582,9.54987,-7.96621,
675,0.87976,1,1,-0.191429,-1,1,-0.189677,-0.0749696,0.0355967,0.586168,-0.443494,0.192932,-0.00506941,-0.481168,4.95337,-0.664146,-3.28033,-13.7728,12.564,1.3747,15.8402,0.717461,0.703935,
676,1,-0.999994,1,-0.988871,-1,0.866974,-0.201416,-0.18106,0.0523737,0.784519,0.289471,0.553864,-0.123662,0.147331,5.49752,0.228759,-1.09681,8.46742,-1.2064,17.3185,0.697416,-2.95742,17.5256,
677,1,-1,1,-0.79926,-1,0.00163128,-0.158639,-0.132344,0.61627,-0.104854,0.855758,-0.0182362,-0.167987,0.600039,4.80624,0.685296,2.10917,11.3174,-16.1638,9.29925,-16.0895,-0.922466,-3.23751,
678,0.57612,-0.195854,-1,0.657168,0.93723,0.00372127,-0.168417,0.0329399,0.843734,-0.589486,0.656635,-0.820003,-0.368669,0.169344,4.45235,-0.661443,3.63828,0.101839,-4.45685,-6.29304,-14.0221,-5.43546,-10.4912,
679,-0.316484,0.999087,-1,0.992198,0.993495,1,-0.188004,0.0557748,0.654747,-0.116533,-0.327735,-0.576414,-0.15322,-0.359338,5.03879,-0.223064,-0.880798,-5.03097,11.6285,-19.8309,14.3687,9.12321,-7.96891,
680,0.907938,1,1,-0.22563,-1,1,-0.203777,-0.0518675,0.0292788,0.64218,-0.447212,0.231993,-0.081837,-0.532626,4.64378,-0.327764,-3.43923,-13.5821,11.2767,1.51566,15.4404,-2.75731,0.919783,
681,1,-0.999996,1,-0.988512,-1,0.587187,-0.198977,-0.17879,0.0697592,0.758513,0.295673,0.527729,-0.20326,0.145539,5.21247,0.52624,-1.7565,8.73926,-2.43182,17.423,-0.991364,-2.01841,18.2656,
682,1,-1,1,-0.70801,-1,0.00138361,-0.146529,-0.157229,0.635087,-0.10057,0.871693,-0.0917966,-0.194119,0.580447,4.56737,0.827918,1.71615,10.9088,-15.9726,8.10866,-16.5023,-0.0163929,-2.80538,
683,0.575601,-0.163084,-1,0.605624,0.940608,0.00910829,-0.145848,-0.0119925,0.859662,-0.570851,0.65586,-0.826396,-0.383377,0.163698,4.38884,-0.365016,3.17058,0.062745,-4.44484,-6.47515,-11.7782,-5.55446,-10.2818,
684,-0.31947,0.999688,-1,0.976197,0.993513,1,-0.149696,-0.00181705,0.64348,-0.105422,-0.331057,-0.542662,-0.147531,-0.350426,4.78484,0.0611222,-1.0215,-5.7272,11.3497,-19.8573,14.1468,9.85798,-7.66073,
685,0.914004,1,1,-0.19115,-1,1,-0.16783,-0.089251,0.00469813,0.620415,-0.448321,0.245927,0.120583,-0.384157,4.74411,-0.424032,-3.03154,-13.5174,10.9951,1.55133,14.4867,-3.31428,-2.03905,
686,1,-0.999989,1,-0.96119,-1,0.754556,-0.168109,-0.201458,0.0026856,0.709808,0.229232,0.56802,-0.132648,0.148462,5.42105,0.558185,-1.31074,8.09139,-0.351247,15.6958,-0.0418292,-5.0357,15.7131,
687,0.999999,-1,1,-0.526188,-1,0.0011125,-0.107842,-0.162633,0.587323,-0.0969674,0.803667,-0.0469103,-0.223839,0.564813,4.83112,1.03971,1.94148,10.5028,-16.9013,7.29607,-17.049,-1.04823,-2.13434,
688,0.596348,-0.774716,-1,0.375631,0.912426,0.0147958,-0.100376,-0.0255217,0.8416,-0.579271,0.68746,-0.751968,-0.425969,0.165791,4.83175,-0.256494,2.81302,1.18839,-3.93312,-5.29359,-10.5619,-5.40228,-10.1226,
689,-0.284627,0.998983,-1,0.895519,0.993866,1,-0.0954532,0.0119583,0.689973,-0.323363,-0.29271,-0.587283,-0.145661,-0.334651,5.04427,0.287081,-0.129286,-5.01553,6.28603,-20.4239,10.4187,10.604,-7.46088,
690,0.850734,1,1,-0.108113,-1,1,-0.115996,-0.041712,0.0305997,0.495649,-0.439923,0.145909,0.284191,-0.214391,5.09199,-0.47573,-2.76581,-13.8255,15.2833,1.2588,14.4313,-5.09789,-2.31145,
691,1,-0.999619,1,-0.916386,-1,0.996029,-0.13391,-0.15357,-0.0574793,0.62415,0.236598,0.579589,-0.135188,0.218061,5.71581,-0.0848986,-1.94971,5.73359,-3.54907,15.7325,2.84418,-7.8559,13.0832,
692,0.999989,-1,1,-0.388191,-1,0.00134815,-0.0912128,-0.14326,0.514081,-0.106173,0.791689,0.0365475,-0.272201,0.582009,5.36062,0.8554,1.35694,11.059,-15.6239,6.04227,-16.5674,-0.745205,-2.55244,
693,0.596427,-0.940571,-1,0.361665,0.915436,0.0184843,-0.0945256,-0.0402666,0.813224,-0.578025,0.687582,-0.637433,-0.432049,0.162188,5.34861,-0.522808,2.14218,2.11311,-4.07039,-5.39119,-10.0039,-4.54839,-10.4343,
694,-0.2804,0.997304,-1,0.9229,0.993762,1,-0.106833,-0.0145269,0.702543,-0.383795,-0.288116,-0.544711,-0.119021,-0.336267,5.52361,-0.0789879,-0.175114,-4.39736,5.09899,-20.2522,8.27987,10.766,-7.3027,
695,0.835665,1,1,-0.12772,-1,1,-0.143182,-0.083279,0.0494865,0.473453,-0.438017,0.145805,0.266961,-0.215119,5.49591,-0.676899,-3.39309,-13.6689,16.5325,1.20663,15.1698,-6.14723,-2.09502,
696,1,-0.999972,1,-0.972196,-1,0.988472,-0.164461,-0.214648,-0.00843014,0.736519,0.275538,0.58023,-0.162159,0.220945,6.12405,0.0490931,-1.78573,7.46029,0.809825,17.4307,2.37121,-7.78379,13.0342,
697,0.998829,-1,1,-0.325538,-1,0.00094282,-0.12213,-0.198122,0.612921,-0.0303366,0.840587,-0.00617041,-0.284424,0.581594,5.5091,0.735242,1.5589,12.5134,-15.2718,3.72135,-17.4638,-0.452496,-2.56021,
698,0.594556,-0.784258,-1,0.461731,0.914167,0.0229887,-0.125621,-0.0672197,0.908443,-0.529193,0.684684,-0.680516,-0.453757,0.151089,5.45631,-0.384247,2.88944,1.23327,-5.0414,-5.34942,-9.45702,-4.89698,-10.6989,
699,-0.281199,0.999882,-1,0.955763,0.993813,1,-0.125334,-0.00607727,0.706727,-0.337965,-0.288983,-0.511945,-0.140706,-0.351728,5.56725,0.16313,0.471888,-6.41806,5.18268,-20.3351,9.96487,11.2889,-7.17204,
700,0.830887,1,1,-0.128286,-1,1,-0.145711,-0.0661815,-0.00625801,0.472421,-0.438964,0.200352,0.136821,-0.365272,5.44523,-0.532009,-3.05008,-14.6082,15.1757,1.19099,15.1967,-3.37723,-1.52602,
701,1,-0.999983,1,-0.95895,-1,0.948488,-0.156313,-0.180418,-0.0660844,0.691395,0.252243,0.59351,-0.132513,0.171125,6.1445,0.310422,-1.40068,7.78087,0.47371,16.6338,1.49632,-5.26223,15.5477,
702,0.999998,-1,1,-0.483165,-1,0.00121491,-0.104107,-0.152043,0.572433,-0.123316,0.826318,0.0113173,-0.212065,0.591494,5.44535,0.853489,1.52079,11.8142,-17.7772,6.81148,-16.8282,-0.585876,-2.88332,
703,0.583226,-0.758012,-1,0.426632,0.921521,0.0119001,-0.109391,-0.0303135,0.856448,-0.589876,0.667337,-0.701463,-0.406996,0.160233,5.30498,-0.552631,2.64613,1.13293,-3.56409,-5.60519,-11.1079,-5.48265,-10.6103,
704,-0.292084,0.99934,-1,0.946039,0.993614,1,-0.120499,0.00348356,0.69077,-0.311531,-0.300843,-0.571866,-0.142653,-0.350869,5.56645,-0.0274242,-0.204245,-5.29399,6.63819,-20.014,9.97014,10.0883,-7.52896,
705,0.855377,1,1,-0.138219,-1,1,-0.146683,-0.0805026,0.0272981,0.512054,-0.440932,0.152226,0.119717,-0.361915,5.45654,-0.695366,-3.17888,-14.0646,14.8558,1.27586,14.9465,-2.69751,-0.848638,
706,1,-0.999984,1,-0.972005,-1,0.980571,-0.16845,-0.197266,-0.0203192,0.725668,0.261608,0.560823,-0.138107,0.187764,6.16603,0.0520051,-1.37074,7.80607,0.602425,16.9903,2.10116,-5.21408,15.5559,
707,0.999999,-1,1,-0.606252,-1,0.00146469,-0.128867,-0.162437,0.597894,-0.0804507,0.855582,0.0101472,-0.21822,0.59192,5.4599,0.65134,1.74804,11.5462,-17.5626,7.33873,-16.3595,-0.663418,-2.89797,
708,0.597173,-0.709701,-1,0.546006,0.928651,0.00698445,-0.139951,-0.0176749,0.875399,-0.553026,0.688742,-0.739559,-0.399459,0.166213,5.23222,-0.636022,3.27396,1.00625,-4.24338,-5.8895,-12.4438,-5.09999,-10.4868,
709,-0.291133,0.999354,-1,0.980128,0.993818,1,-0.152148,0.0357886,0.712562,-0.296732,-0.299804,-0.571476,-0.145181,-0.352666,5.63047,-0.0299048,0.103835,-5.30383,6.49425,-20.344,11.6103,9.80869,-7.74912,
710,0.862084,1,1,-0.162401,-1,1,-0.16938,-0.0450575,0.0264522,0.517703,-0.441692,0.193882,-0.00107508,-0.486082,5.28404,-0.594737,-2.91264,-14.6458,14.3279,1.30141,16.0915,0.691089,1.08105,
711,1,-0.999978,1,-0.982726,-1,0.944411,-0.188741,-0.149348,-0.0402902,0.702821,0.258846,0.585876,-0.0813487,0.188532,5.96718,0.0737301,-1.14955,7.59707,-0.0216451,16.9038,1.44172,-2.45926,18.074,
712,0.999997,-1,1,-0.631609,-1,0.0016845,-0.148405,-0.104076,0.572936,-0.124316,0.834814,0.0445564,-0.116061,0.533854,5.24902,0.666668,1.86408,11.3618,-17.8974,6.74527,-16.009,-1.28331,-1.09908,
713,0.593701,-0.719342,-1,0.595566,0.92297,0.00524861,-0.163119,0.0414273,0.841009,-0.584652,0.683362,-0.714176,-0.371896,0.198429,4.92493,-0.794369,3.25625,1.02348,-3.50611,-5.65981,-13.1601,-6.65873,-9.07435,
714,-0.290073,0.997623,-1,0.992812,0.993757,1,-0.186913,0.0866532,0.709133,-0.291586,-0.298646,-0.566562,-0.175811,-0.307798,5.49026,-0.25583,-0.121753,-4.45481,7.10182,-20.2427,11.6243,8.95314,-8.23474,
715,0.856067,1,1,-0.189378,-1,1,-0.20172,-0.0167669,0.0480807,0.540933,-0.440922,0.236031,-0.128643,-0.529146,4.77102,-0.309837,-3.70816,-14.4611,14.528,1.27843,16.4773,-2.87473,0.640455,
716,1,-0.999975,1,-0.986641,-1,0.641468,-0.199206,-0.168998,0.0105329,0.752635,0.278378,0.561457,-0.214201,0.138531,5.4055,0.506688,-2.32643,7.52757,-1.45004,16.8902,-0.685766,-1.04193,18.1637,
717,0.999999,-1,1,-0.645776,-1,0.00140885,-0.140232,-0.166759,0.594253,-0.0544304,0.862414,-0.0572828,-0.162335,0.582709,4.92216,1.04931,1.4712,11.0092,-15.8625,7.36797,-16.457,0.601289,-2.81496,
718,0.576413,-0.606169,-1,0.539761,0.936942,0.00995892,-0.129389,-0.0300871,0.853509,-0.554903,0.657075,-0.774,-0.364729,0.166579,4.77693,-0.191379,3.05547,0.766853,-5.42075,-6.27818,-11.5544,-6.18908,-10.2691,
719,-0.308766,0.999537,-1,0.947346,0.993519,1,-0.122241,-0.000967316,0.674922,-0.28263,-0.319181,-0.56197,-0.153992,-0.346481,5.12341,0.317763,-0.512719,-5.51603,7.39418,-19.8674,12.3853,9.32636,-7.72312,
720,0.89516,1,1,-0.147094,-1,1,-0.137727,-0.0828565,0.00488411,0.523135,-0.445583,0.178623,0.142234,-0.353262,5.0896,-0.605728,-2.86357,-14.1702,14.1532,1.44731,13.7103,-1.4294,-0.526664,
721,1,-0.99994,1,-0.947212,-1,0.967322,-0.1571,-0.194586,-0.0521057,0.653335,0.230779,0.54931,-0.101161,0.205526,5.90108,0.0940422,-1.3829,6.94291,0.859867,15.4479,1.79807,-5.41324,15.6135,
722,0.999999,-1,1,-0.538042,-1,0.00165863,-0.111143,-0.150673,0.557041,-0.0843744,0.795109,0.0148983,-0.210017,0.533582,5.3546,0.806383,1.88704,11.6299,-16.9552,7.27952,-16.0478,-1.53302,-1.05606,
723,0.598069,-0.81815,-1,0.44522,0.918584,0.0100313,-0.117119,-0.0170354,0.836665,-0.593726,0.690135,-0.700507,-0.419924,0.189747,5.15132,-0.581181,2.82218,1.33952,-4.29365,-5.49897,-11.5362,-5.35503,-9.25137,
724,-0.287661,0.998554,-1,0.963234,0.993888,1,-0.130774,0.0205153,0.696342,-0.347747,-0.296015,-0.569646,-0.14412,-0.305043,5.46742,-0.0914355,-0.160363,-4.79339,6.26635,-20.4604,10.1179,10.3339,-7.81238,
725,0.857169,1,1,-0.148809,-1,1,-0.157257,-0.0666693,0.0416731,0.50568,-0.44097,0.178293,0.0985862,-0.369542,5.2405,-0.590421,-3.43182,-13.9756,15.6512,1.28257,15.8636,-3.76108,-2.4658,
726,1,-0.99998,1,-0.975818,-1,0.95132,-0.172846,-0.201929,-0.0108919,0.73536,0.26615,0.584759,-0.15688,0.139165,5.89158,0.190665,-1.83625,7.68394,0.530081,17.1354,1.53603,-4.74626,15.3189,
727,1,-1,1,-0.611996,-1,0.00118906,-0.124902,-0.18477,0.599222,-0.0494002,0.86487,-0.000777483,-0.213029,0.575143,5.26154,0.842188,1.58335,11.5389,-16.367,7.67005,-16.8822,-0.238752,-2.30803,
728,0.595207,-0.694489,-1,0.513417,0.932779,0.00720779,-0.12566,-0.0426783,0.87018,-0.546731,0.685691,-0.759745,-0.390314,0.174152,5.10109,-0.424708,3.21443,0.968899,-5.06283,-6.07413,-12.3649,-5.22189,-10.1298,
729,-0.296615,0.999459,-1,0.958807,0.993811,1,-0.127767,0.00346375,0.702064,-0.306064,-0.305804,-0.58741,-0.141647,-0.33961,5.44188,0.163156,-0.107529,-5.42127,6.5058,-20.3314,11.6998,9.72549,-7.81237,
730,0.876673,1,1,-0.147505,-1,1,-0.146853,-0.0686508,0.0213058,0.508956,-0.443275,0.174913,0.114363,-0.376175,5.31256,-0.572968,-2.93594,-14.4463,14.7387,1.36121,15.0404,-3.10346,-1.71969,
731,1,-0.999961,1,-0.966248,-1,0.964368,-0.164673,-0.186121,-0.0499161,0.666074,0.243357,0.571081,-0.138291,0.158857,6.03123,0.0804244,-1.65628,7.22147,-0.359373,16.604,1.74362,-4.8999,15.6405,
732,0.999999,-1,1,-0.561382,-1,0.00140149,-0.120333,-0.158341,0.580074,-0.0867384,0.843315,0.00754549,-0.210624,0.588699,5.41073,0.740715,1.61508,11.8006,-17.2119,7.09757,-16.4701,-0.57666,-2.76734,
733,0.594688,-0.778956,-1,0.497741,0.924576,0.00877386,-0.128439,-0.0245422,0.866861,-0.563595,0.684888,-0.723814,-0.399772,0.166517,5.21627,-0.590449,2.99334,1.20645,-4.19307,-5.72212,-11.872,-5.33869,-10.4502,
734,-0.288822,0.999271,-1,0.970342,0.993786,1,-0.139107,0.0215119,0.710456,-0.323548,-0.297281,-0.572349,-0.146001,-0.3488,5.55255,-0.0023851,0.00277995,-5.2324,6.07741,-20.291,10.9127,9.84433,-7.70017,
735,0.853504,1,1,-0.150878,-1,1,-0.161193,-0.056432,0.0324904,0.502995,-0.440756,0.197596,0.0819881,-0.397732,5.2915,-0.496664,-3.32738,-14.4111,15.1649,1.26892,16.1374,-4.17532,-2.45029,
736,1,-0.999983,1,-0.974747,-1,0.919422,-0.171336,-0.189984,-0.0269207,0.720937,0.264799,0.595895,-0.164189,0.126476,5.9534,0.318463,-1.82595,7.78496,0.521361,17.1142,1.15502,-4.3747,15.7475,
737,0.999999,-1,1,-0.575981,-1,0.00109155,-0.118168,-0.174655,0.594946,-0.0757127,0.859024,-0.00571163,-0.20604,0.57255,5.27913,0.901801,1.48167,11.6612,-16.996,7.47326,-17.0966,-0.0574927,-2.23742,
738,0.60051,-0.814597,-1,0.47122,0.927267,0.00851759,-0.118042,-0.0407994,0.882883,-0.539265,0.693945,-0.751697,-0.389577,0.173102,5.15196,-0.399827,3.06932,1.34009,-4.08032,-5.83111,-11.9463,-5.48496,-10.12,
739,-0.285284,0.99941,-1,0.941677,0.993847,1,-0.115629,0.0131581,0.727644,-0.32878,-0.293425,-0.598831,-0.147146,-0.33841,5.44079,0.293108,0.189554,-5.3714,5.338,-20.3918,11.0079,9.65211,-7.77926,
740,0.845128,1,1,-0.118463,-1,1,-0.129251,-0.0463261,0.030283,0.486432,-0.440079,0.139802,0.116979,-0.368049,5.30955,-0.526095,-2.66203,-14.8513,15.1862,1.23885,14.6492,-2.67123,-1.37686,
741,1,-0.999482,1,-0.942743,-1,0.993364,-0.151795,-0.157633,-0.0870516,0.610852,0.232617,0.559105,-0.138724,0.170319,5.99914,-0.189488,-1.91893,5.53013,-3.6084,15.6175,2.62762,-5.00041,15.5735,
742,0.999991,-1,1,-0.45655,-1,0.00192948,-0.108182,-0.125721,0.509093,-0.0974388,0.782343,0.0387726,-0.209901,0.595203,5.6724,0.834221,1.67793,11.7367,-16.9786,6.13012,-15.6686,-0.475149,-2.9608,
743,0.598043,-0.919245,-1,0.425111,0.913396,0.014417,-0.114688,-0.00916911,0.815448,-0.603688,0.690094,-0.630611,-0.401839,0.165897,5.46567,-0.630988,2.44403,1.89978,-4.16155,-5.32451,-10.6269,-5.43121,-10.5247,
744,-0.283884,0.997524,-1,0.966723,0.993889,1,-0.134101,0.0233692,0.699361,-0.386139,-0.291902,-0.53786,-0.136355,-0.341582,5.74724,-0.227411,-0.141219,-4.4533,5.57963,-20.4617,8.74759,9.97485,-7.52305,
745,0.847228,1,1,-0.151405,-1,1,-0.164708,-0.0722593,0.0489715,0.49137,-0.439873,0.19214,0.0847534,-0.376208,5.42876,-0.61689,-3.73088,-13.9184,16.3803,1.24625,16.4279,-3.82343,-1.70313,
746,1,-0.999986,1,-0.978729,-1,0.925613,-0.176004,-0.206394,0.0290742,0.791853,0.294061,0.596967,-0.160173,0.15696,5.96949,0.276723,-1.7649,7.90724,-0.209945,17.3238,1.21993,-4.48529,15.5896,
747,1,-1,1,-0.745402,-1,0.00111107,-0.125896,-0.188635,0.610514,-0.0733191,0.86742,-0.00411558,-0.206271,0.58393,5.29986,0.837651,1.58418,12.3113,-15.2707,10.2855,-17.0522,-0.169971,-2.653,
748,0.588002,-0.540787,-1,0.535227,0.936758,0.00385934,-0.128215,-0.0382874,0.881061,-0.547954,0.674607,-0.822907,-0.368881,0.173834,5.03655,-0.469779,3.48838,0.641826,-4.88343,-6.26876,-13.9308,-4.92006,-10.2224,
749,-0.303078,0.99955,-1,0.960302,0.993668,1,-0.130503,0.00474821,0.699474,-0.242761,-0.312905,-0.635304,-0.138478,-0.346964,5.44223,0.19608,-0.322154,-5.52495,7.94217,-20.0996,12.9425,9.12523,-7.94074,
750,0.88484,1,1,-0.151058,-1,1,-0.146524,-0.0669513,0.0252339,0.543152,-0.444288,0.167074,0.104707,-0.387742,5.35921,-0.526269,-2.76601,-14.4378,13.5836,1.39764,15.2545,-3.28162,-1.90821,
751,1,-0.999958,1,-0.966116,-1,0.970398,-0.16418,-0.178967,-0.0477169,0.650319,0.243026,0.571028,-0.143544,0.147784,6.0976,0.0940121,-1.51876,7.17486,0.239867,16.6376,1.85876,-4.69317,15.7627,
752,0.999992,-1,1,-0.502127,-1,0.00145041,-0.119536,-0.147677,0.564888,-0.0966907,0.82406,0.0116464,-0.207078,0.586384,5.47153,0.772707,1.67968,11.1946,-17.4013,6.21414,-16.3841,-0.434645,-2.67392,
753,0.576878,-0.78584,-1,0.483322,0.922256,0.0116213,-0.125942,-0.0147968,0.85288,-0.572629,0.657772,-0.691438,-0.403535,0.166794,5.30835,-0.563942,2.89813,1.22713,-4.41856,-5.63271,-11.1674,-5.55877,-10.4195,
754,-0.294046,0.999348,-1,0.966566,0.993508,1,-0.138068,0.0298975,0.691737,-0.33359,-0.30299,-0.549428,-0.146445,-0.344765,5.62235,-0.0634132,0.000599572,-5.30714,6.1598,-19.8505,10.3158,10.0062,-7.6319,
755,0.856835,1,1,-0.153306,-1,1,-0.162243,-0.053933,0.0233609,0.502859,-0.441039,0.211189,0.0829287,-0.393373,5.35216,-0.489616,-3.51606,-14.0974,15.3286,1.28132,16.4047,-4.113,-2.41383,
756,1,-0.999988,1,-0.974079,-1,0.900517,-0.170335,-0.195312,-0.0206455,0.724271,0.264457,0.607371,-0.157152,0.131306,5.98757,0.37498,-1.97596,8.02184,0.566842,17.1103,0.974191,-4.28228,15.7391,
757,1,-1,1,-0.570447,-1,0.00100931,-0.114631,-0.186295,0.604236,-0.0703324,0.863118,-0.00393815,-0.198856,0.573075,5.28316,0.943893,1.39821,11.6687,-16.9341,7.60712,-17.293,-0.122509,-2.27451,
758,0.601215,-0.788754,-1,0.4547,0.928447,0.00815969,-0.112234,-0.0525674,0.888831,-0.533268,0.695048,-0.75742,-0.389215,0.171202,5.17973,-0.345881,3.09671,1.24752,-4.17016,-5.88077,-12.0539,-5.632,-10.166,
759,-0.28616,0.999531,-1,0.924512,0.993862,1,-0.106693,0.00206095,0.725715,-0.320251,-0.294379,-0.610355,-0.149268,-0.340707,5.44083,0.361212,0.177865,-5.51783,5.43209,-20.4171,10.951,9.64172,-7.76958,
760,0.852731,1,1,-0.116471,-1,1,-0.124324,-0.038583,0.0266772,0.479301,-0.440243,0.15333,0.259906,-0.231954,5.47417,-0.452463,-2.61435,-14.6289,15.2052,1.26608,14.8387,-5.66051,-2.90977,
761,1,-0.999579,1,-0.927551,-1,0.993301,-0.141204,-0.147787,-0.0823468,0.607587,0.233183,0.586972,-0.146649,0.19353,6.12897,-0.0459512,-1.9327,5.66428,-3.49911,15.6304,2.62345,-7.32689,13.2266,
762,0.999986,-1,1,-0.40415,-1,0.00122317,-0.0971299,-0.13615,0.526092,-0.13037,0.806307,0.0298437,-0.264145,0.573611,5.67778,0.78729,1.22198,11.6292,-16.8668,5.9364,-16.8113,-0.488908,-2.25163,
763,0.587183,-0.932874,-1,0.394593,0.914719,0.0162436,-0.104575,-0.0330677,0.850409,-0.566927,0.673356,-0.656331,-0.425127,0.166918,5.61032,-0.585317,2.25694,2.03429,-3.65792,-5.36749,-10.3279,-4.705,-10.2506,
764,-0.281549,0.999067,-1,0.939815,0.993642,1,-0.11646,0.00152325,0.715957,-0.372351,-0.289363,-0.553113,-0.126825,-0.33287,5.7875,-0.0426674,0.00448464,-5.0844,4.75243,-20.0591,8.7824,10.5175,-7.4289,
765,0.823301,1,1,-0.124484,-1,1,-0.144255,-0.0822651,0.0340466,0.472315,-0.437987,0.151192,0.130654,-0.344667,5.60775,-0.723918,-3.35887,-14.4574,15.9907,1.16698,15.3665,-2.80217,-0.734657,
766,1,-0.999979,1,-0.97163,-1,0.988068,-0.167208,-0.206913,-0.0374078,0.742574,0.26371,0.578493,-0.132624,0.200305,6.31877,0.0799506,-1.41684,7.64384,1.6706,17.0622,2.35429,-5.3008,15.3572,
767,0.999998,-1,1,-0.562556,-1,0.00134298,-0.123232,-0.171607,0.58576,-0.0687826,0.845474,0.0284455,-0.209145,0.558432,5.61193,0.754031,1.7402,11.5543,-18.1674,6.94933,-16.577,-0.67632,-1.82352,
768,0.581008,-0.680596,-1,0.520641,0.930437,0.00727549,-0.130131,-0.0267199,0.874954,-0.566012,0.663983,-0.720526,-0.400706,0.180557,5.37656,-0.56815,3.24693,0.929529,-4.92895,-5.9674,-12.3414,-5.33534,-9.77207,
769,-0.299454,0.999614,-1,0.970331,0.993575,1,-0.141447,0.0248635,0.693694,-0.301225,-0.308919,-0.572337,-0.144475,-0.32691,5.73594,-0.0364145,0.0203433,-5.64068,6.98966,-19.9536,11.0997,9.89536,-7.85386,
770,0.873677,1,1,-0.162495,-1,1,-0.163572,-0.0532686,0.0186208,0.520211,-0.442896,0.216553,0.078565,-0.398099,5.48669,-0.435523,-3.37804,-14.2179,14.7057,1.34841,16.7872,-4.41208,-3.05049,
771,1,-0.999992,1,-0.974181,-1,0.888695,-0.168919,-0.188896,-0.0182623,0.712295,0.267344,0.616464,-0.157799,0.112498,6.10053,0.419132,-1.92437,8.24801,0.0565333,17.2696,0.871388,-4.07967,15.7032,
772,0.999998,-1,1,-0.520604,-1,0.000946399,-0.112469,-0.180853,0.609094,-0.0906845,0.860664,-0.0024166,-0.193085,0.56399,5.34061,0.932693,1.34512,11.6277,-17.0441,6.90389,-17.4543,-0.0617447,-1.9625,
773,0.598206,-0.72139,-1,0.451606,0.92882,0.00992581,-0.111042,-0.0511856,0.885404,-0.54344,0.690349,-0.741809,-0.392528,0.173585,5.25941,-0.364789,2.97564,1.03993,-3.92238,-5.89672,-11.5627,-5.87949,-10.0155,
774,-0.289696,0.999603,-1,0.927864,0.993834,1,-0.108494,-0.00317931,0.710686,-0.295123,-0.298234,-0.592531,-0.151421,-0.334365,5.51004,0.279448,0.0430297,-5.61998,6.11513,-20.3706,10.7628,9.78335,-7.75081,
775,0.862516,1,1,-0.124408,-1,1,-0.129108,-0.0494757,0.0214019,0.49337,-0.441142,0.162533,0.261961,-0.227564,5.56798,-0.481813,-2.72521,-14.3499,14.7054,1.30309,14.8733,-5.44281,-2.78041,
776,1,-0.999692,1,-0.93606,-1,0.990375,-0.146457,-0.163905,-0.072687,0.603772,0.233782,0.590364,-0.138015,0.200705,6.18876,-0.0556037,-2.05387,5.86741,-3.69809,15.6639,2.45794,-7.28854,13.231,
777,0.999999,-1,1,-0.482225,-1,0.0011682,-0.0985208,-0.146359,0.534074,-0.099576,0.804427,0.0250426,-0.259205,0.576463,5.80442,0.876225,1.41894,12.0748,-15.8628,7.18096,-16.9265,-0.650659,-2.36081,
778,0.592309,-0.903745,-1,0.38356,0.912062,0.0120379,-0.102954,-0.0359979,0.835627,-0.587564,0.681216,-0.695036,-0.416244,0.167908,5.68647,-0.554938,2.3559,1.78464,-4.0269,-5.28212,-11.0791,-4.54906,-10.2584,
779,-0.282573,0.99854,-1,0.938241,0.993769,1,-0.114404,-0.00946751,0.705641,-0.372305,-0.290476,-0.582773,-0.124364,-0.334888,5.91139,-0.0364397,-0.277376,-4.79345,5.41793,-20.2631,9.39174,10.2755,-7.50181,
780,0.838819,1,1,-0.133502,-1,1,-0.148443,-0.087073,0.0407088,0.478875,-0.43879,0.155129,0.233617,-0.249302,5.86011,-0.738374,-3.39271,-14.0379,16.1854,1.21717,15.6941,-5.44763,-2.2377,
781,1,-0.999936,1,-0.967514,-1,0.986636,-0.168665,-0.207686,-0.0166351,0.743074,0.256327,0.593289,-0.150675,0.203273,6.45889,0.0603961,-1.6305,6.92645,-0.894095,16.3662,2.29775,-6.98357,13.5998,
782,1,-1,1,-0.643373,-1,0.000999623,-0.124477,-0.183131,0.601697,-0.0546068,0.87059,0.0119519,-0.257104,0.582444,5.83041,0.753847,1.62122,12.1065,-16.9714,8.2561,-17.3172,-0.464452,-2.57265,
783,0.602807,-0.819261,-1,0.524729,0.93067,0.00531656,-0.131171,-0.038699,0.899369,-0.529686,0.697545,-0.785906,-0.400247,0.168846,5.64261,-0.529668,3.34752,1.36086,-4.42371,-5.97775,-13.1278,-4.31508,-10.3225,
784,-0.285,0.99948,-1,0.964368,0.993855,1,-0.132184,0.0230106,0.743844,-0.331477,-0.293115,-0.614407,-0.133337,-0.348681,5.99624,0.245907,0.302647,-5.45463,5.21582,-20.4044,11.9829,9.79037,-7.77683,
785,0.843097,1,1,-0.1318,-1,1,-0.14479,-0.0348985,0.0337501,0.485273,-0.43992,0.190508,0.0938069,-0.39951,5.72855,-0.367717,-2.90018,-15.1566,15.288,1.23179,16.5886,-4.30396,-2.58849,
786,1,-0.999449,1,-0.948638,-1,0.969111,-0.156907,-0.165116,-0.095739,0.607667,0.231701,0.619854,-0.150388,0.125873,6.32525,0.0817923,-2.39821,5.48935,-3.68667,15.5874,1.83283,-4.10006,15.8966,
787,0.999999,-1,1,-0.497768,-1,0.00124924,-0.100818,-0.152984,0.55322,-0.109774,0.836883,0.0400943,-0.185058,0.579621,5.80383,0.944366,1.21623,12.5669,-16.9782,7.2903,-16.7584,0.0194493,-2.42442,
788,0.598829,-0.910069,-1,0.396794,0.918062,0.00939656,-0.103055,-0.039129,0.873716,-0.555406,0.691319,-0.684593,-0.380939,0.172857,5.60818,-0.501795,2.67709,1.83949,-3.36211,-5.48069,-11.7001,-5.85573,-10.2255,
789,-0.277824,0.999142,-1,0.926295,0.993805,1,-0.108011,0.0121929,0.735648,-0.353525,-0.285323,-0.608004,-0.146577,-0.336479,5.84762,0.155303,0.25005,-5.13444,4.83204,-20.3228,9.04609,9.35606,-7.75083,
790,0.823309,1,1,-0.113242,-1,1,-0.131107,-0.0384493,0.0466046,0.470916,-0.437362,0.12927,0.228287,-0.236909,5.81257,-0.446527,-3.06412,-14.4517,15.9752,1.167,15.8539,-6.34509,-2.96813,
791,1,-0.999142,1,-0.939824,-1,0.997195,-0.149242,-0.171517,-0.0789543,0.625459,0.235962,0.594888,-0.170871,0.186663,6.42568,-0.0654757,-2.40979,5.20604,-3.22575,15.6537,2.9807,-6.80055,13.23,
792,0.999999,-1,1,-0.496747,-1,0.00119083,-0.0989863,-0.167123,0.540505,-0.0712474,0.828869,0.0375177,-0.258266,0.571391,6.02457,0.942677,1.21379,12.456,-16.0304,7.40675,-16.8784,0.00651851,-2.16785,
793,0.597495,-0.936426,-1,0.372668,0.914345,0.0101654,-0.0983552,-0.0550803,0.868689,-0.545172,0.689242,-0.690938,-0.40217,0.173832,5.87355,-0.422333,2.59071,2.07659,-4.29298,-5.35523,-11.5029,-4.56427,-10.0801,
794,-0.276891,0.999234,-1,0.906826,0.993805,1,-0.0999219,-0.00653722,0.732578,-0.378497,-0.284312,-0.606794,-0.12256,-0.328615,6.05554,0.19621,0.212386,-5.21494,4.42319,-20.3215,8.97601,9.91922,-7.6128,
795,0.820002,1,1,-0.106678,-1,1,-0.124534,-0.0589013,0.0375102,0.457759,-0.43725,0.122176,0.25949,-0.219745,6.06582,-0.569299,-2.97411,-14.5443,16.3209,1.15682,15.4719,-5.61838,-2.24131,
796,1,-0.999218,1,-0.938417,-1,0.998962,-0.148488,-0.18373,-0.0877915,0.623626,0.234821,0.593503,-0.147291,0.216837,6.68541,-0.182416,-2.19643,5.26646,-3.09503,15.6252,3.33443,-7.26713,13.1849,
797,0.999999,-1,1,-0.504554,-1,0.00123138,-0.105089,-0.168267,0.563794,-0.0886288,0.85432,0.0497073,-0.259392,0.583883,6.1465,0.734406,1.23712,12.5477,-17.1172,7.11003,-16.7945,-0.386693,-2.60547,
798,0.599401,-0.900369,-1,0.453103,0.925215,0.0083105,-0.114366,-0.0500512,0.8894,-0.538183,0.692211,-0.693725,-0.408525,0.16692,5.95108,-0.603312,2.80049,1.77415,-3.87424,-5.74748,-12.008,-4.50534,-10.3785,
799,-0.28102,0.999452,-1,0.952186,0.993802,1,-0.122808,0.00598274,0.740433,-0.355958,-0.28879,-0.590228,-0.127997,-0.343698,6.2086,0.0748969,0.34397,-5.42684,4.57927,-20.3174,9.73756,9.99331,-7.63559,
800,0.828152,1,1,-0.125018,-1,1,-0.143013,-0.0605069,0.0340474,0.471358,-0.438533,0.164882,0.104777,-0.373337,5.96542,-0.540231,-3.10048,-15.0164,15.7114,1.18223,16.4685,-3.55195,-1.51291,
801,1,-0.999936,1,-0.966928,-1,0.987991,-0.161257,-0.186521,-0.0766944,0.67517,0.249486,0.610981,-0.137476,0.168026,6.65875,0.109292,-1.7622,6.90727,0.565009,17.0422,2.35111,-4.41083,15.7196,
802,0.999987,-1,1,-0.463537,-1,0.0013012,-0.112893,-0.167423,0.569941,-0.0899909,0.849719,0.0491414,-0.182915,0.597712,5.94648,0.834035,1.40922,11.956,-18.1337,5.97989,-16.6562,-0.158425,-3.04596,
803,0.58117,-0.801107,-1,0.479742,0.930586,0.00950376,-0.117698,-0.0370017,0.884339,-0.55483,0.664228,-0.669912,-0.390739,0.161833,5.74014,-0.531132,3.01939,1.28546,-4.4667,-5.97402,-11.6717,-6.01639,-10.677,
804,-0.294885,0.999667,-1,0.953417,0.99354,1,-0.126292,0.0213339,0.709009,-0.335694,-0.303908,-0.567225,-0.152061,-0.355203,6.02474,0.0377272,0.278966,-5.74491,5.71964,-19.8992,9.73798,9.65382,-7.67572,
805,0.859986,1,1,-0.140175,-1,1,-0.14678,-0.050068,0.016335,0.492597,-0.441459,0.181496,0.0873756,-0.385729,5.80058,-0.498135,-3.19772,-14.5625,15.2896,1.29329,16.2871,-3.31792,-1.59727,
806,1,-0.999979,1,-0.970098,-1,0.970967,-0.161974,-0.183807,-0.0625293,0.658231,0.25018,0.604672,-0.137189,0.159925,6.51127,0.176073,-1.93161,7.61639,1.00914,17.3919,1.8705,-4.13222,15.8852,
807,0.999996,-1,1,-0.499481,-1,0.00126311,-0.113045,-0.172555,0.586143,-0.087743,0.855261,0.0309183,-0.181624,0.59448,5.78027,0.829512,1.32546,11.9091,-17.0485,6.52888,-16.7307,-0.25528,-2.95313,
808,0.57656,-0.674197,-1,0.48118,0.930938,0.00931069,-0.117808,-0.0464093,0.867808,-0.569019,0.657294,-0.696931,-0.3887,0.16281,5.59045,-0.537,2.87856,0.913358,-4.39731,-5.98975,-11.7231,-5.95095,-10.61,
809,-0.301299,0.999618,-1,0.956058,0.993501,1,-0.128694,-0.00759744,0.684374,-0.29221,-0.310947,-0.568792,-0.149665,-0.353441,5.88714,-0.026244,-0.207774,-5.64471,7.01455,-19.8399,10.3895,9.6621,-7.67837,
810,0.87592,1,1,-0.154373,-1,1,-0.154168,-0.0925751,0.0144997,0.51899,-0.443151,0.17648,0.109916,-0.369188,5.77318,-0.66054,-3.23614,-14.115,14.431,1.35796,15.4557,-2.56458,-0.92035,
811,1,-0.999995,1,-0.972121,-1,0.954381,-0.167029,-0.194272,0.0186103,0.761621,0.283575,0.574431,-0.130072,0.184616,6.36733,0.21895,-1.0698,8.53008,-0.765349,17.1519,1.58079,-4.89632,15.7183,
812,1,-1,1,-0.703429,-1,0.00136432,-0.122942,-0.151316,0.611463,-0.117792,0.850697,0.00489506,-0.207795,0.59438,5.61747,0.685312,1.86234,12.0292,-16.2482,9.5645,-16.5375,-0.802215,-3.00744,
813,0.59069,-0.59263,-1,0.474982,0.907266,0.00483838,-0.135253,-0.00353556,0.857759,-0.581896,0.678724,-0.787658,-0.384479,0.167912,5.32626,-0.709189,3.28147,0.732226,-2.84708,-5.13727,-13.3641,-4.96252,-10.4725,
814,-0.283248,0.9987,-1,0.978932,0.993716,1,-0.151445,0.0401904,0.701103,-0.231492,-0.29121,-0.63153,-0.145688,-0.351642,5.75562,-0.0767275,-0.160002,-4.83153,8.06705,-20.1763,11.7826,9.23998,-7.80696,
815,0.826258,1,1,-0.14662,-1,1,-0.168915,-0.03629,0.058207,0.557207,-0.438417,0.19741,0.0409095,-0.427052,5.44802,-0.281102,-3.2054,-14.0361,13.6822,1.17623,17.3685,-5.3756,-3.57075,
816,1,-0.999956,1,-0.981642,-1,0.925657,-0.174473,-0.178853,-0.0348598,0.669059,0.260935,0.619358,-0.194745,0.0789478,6.0232,0.339715,-2.27643,7.14804,0.190117,18.0493,1.2204,-3.53392,15.8932,
817,0.924612,-1,1,-0.139704,-1,0.00097032,-0.116786,-0.179765,0.595361,-0.0592694,0.826157,0.0024038,-0.192244,0.555599,5.38262,1.01113,1.27986,12.3369,-15.3232,1.61991,-17.3918,0.673625,-1.62583,
818,0.583952,-0.629732,-1,0.394116,0.907773,0.0493679,-0.108801,-0.0620008,0.870757,-0.535326,0.668438,-0.591152,-0.431958,0.1635,5.37617,-0.175463,2.60956,0.821614,-4.47017,-5.15203,-7.5395,-7.1012,-10.1712,
819,-0.288346,0.999873,-1,0.919671,0.993726,1,-0.105726,-0.011541,0.65561,-0.28212,-0.296761,-0.462319,-0.165852,-0.320926,5.40931,0.162946,0.257035,-6.35981,6.39428,-20.1924,8.16579,10.9894,-7.06885,
820,0.85004,1,1,-0.117571,-1,1,-0.126487,-0.0729328,-0.019037,0.497811,-0.440825,0.170489,0.186713,-0.287719,5.4661,-0.647047,-2.60963,-13.7827,14.0165,1.2563,13.7468,0.148648,1.11565,
821,1,-0.99984,1,-0.94377,-1,0.995481,-0.152318,-0.167993,-0.0813662,0.586979,0.231562,0.572774,-0.0462969,0.288191,6.07244,-0.27007,-1.53119,6.28712,-3.87111,15.6461,2.79148,-5.7646,15.1978,
822,0.999998,-1,1,-0.523677,-1,0.0018173,-0.111975,-0.114519,0.534947,-0.130078,0.787664,0.0707076,-0.179333,0.550208,5.60389,0.681082,1.8456,12.0462,-17.1646,6.98507,-15.8188,-2.09042,-1.66059,
823,0.598042,-0.860899,-1,0.474946,0.916147,0.00732372,-0.128305,0.0133847,0.824981,-0.608289,0.690093,-0.663259,-0.411057,0.18392,5.31024,-0.844984,2.74471,1.52498,-3.32427,-5.41501,-12.3249,-5.67599,-9.56246,
824,-0.284327,0.996789,-1,0.982592,0.993852,1,-0.156143,0.0501809,0.708034,-0.347408,-0.292383,-0.570351,-0.152752,-0.317685,5.7236,-0.352943,-0.151923,-4.2739,6.23531,-20.3992,9.65017,9.89484,-7.8658,
825,0.845162,1,1,-0.166643,-1,1,-0.18265,-0.0554969,0.05547,0.51481,-0.439772,0.192376,-0.0222724,-0.47223,5.23473,-0.707285,-3.45668,-14.236,15.3829,1.23897,16.7541,0.616008,0.636266,
826,1,-0.999985,1,-0.988808,-1,0.902941,-0.199476,-0.178028,0.0301504,0.794058,0.300611,0.579318,-0.13103,0.143573,5.76994,0.13646,-1.45377,7.88618,-0.384667,17.4679,0.996138,-2.55086,17.3416,
827,1,-1,1,-0.811488,-1,0.00155718,-0.157361,-0.143042,0.605522,-0.0833227,0.866172,0.00442375,-0.152056,0.600345,5.10839,0.689657,1.87989,12.0318,-15.9355,9.67233,-16.206,-0.533692,-3.20998,
828,0.578535,-0.350511,-1,0.664316,0.93956,0.00296209,-0.167823,0.0182596,0.856424,-0.576792,0.660257,-0.81509,-0.350467,0.173095,4.70923,-0.68846,3.67783,0.323126,-4.86909,-6.41704,-14.5941,-5.59865,-10.4309,
829,-0.313849,0.999166,-1,0.991826,0.993516,1,-0.186122,0.0496089,0.676942,-0.176471,-0.324809,-0.595373,-0.155737,-0.357877,5.30996,-0.160068,-0.700231,-5.10575,10.1758,-19.8624,14.183,8.60165,-8.09294,
830,0.904043,1,1,-0.22079,-1,1,-0.202157,-0.0563607,0.0292422,0.605532,-0.446627,0.222061,-0.0844472,-0.528514,4.87241,-0.389301,-3.48382,-14.0202,12.3264,1.49392,15.7092,-2.64499,0.779332,
831,1,-0.999997,1,-0.988914,-1,0.62976,-0.199524,-0.18185,0.0612615,0.774986,0.297188,0.532445,-0.200828,0.143994,5.46573,0.519636,-1.62496,8.92232,-1.63921,17.496,-0.751356,-1.94961,18.1847,
832,1,-1,1,-0.776415,-1,0.00143592,-0.14675,-0.155005,0.630163,-0.107822,0.864879,-0.0821615,-0.189556,0.582989,4.80861,0.82809,1.7795,11.4079,-15.5791,9.49997,-16.4093,0.00356269,-2.85945,
833,0.581079,-0.231337,-1,0.599366,0.937914,0.00633616,-0.147135,-0.00402903,0.864228,-0.567714,0.66409,-0.845995,-0.371119,0.167609,4.56023,-0.402593,3.3554,0.155954,-4.26059,-6.32869,-12.688,-5.3953,-10.2402,
834,-0.313198,0.999571,-1,0.977162,0.993581,1,-0.150312,0.0150761,0.661335,-0.123806,-0.324087,-0.57647,-0.147401,-0.350115,4.99734,0.113264,-0.852305,-5.52452,10.8029,-19.9633,14.2809,9.43303,-7.79263,
835,0.903078,1,1,-0.180225,-1,1,-0.16467,-0.0668429,0.0179614,0.610773,-0.446684,0.236197,0.100073,-0.396735,4.90406,-0.332869,-2.97431,-13.7556,11.4141,1.48866,15.1289,-3.79204,-2.4712,
836,1,-0.999977,1,-0.964344,-1,0.806567,-0.165848,-0.187182,-0.00619667,0.668973,0.244772,0.581062,-0.146541,0.129376,5.51348,0.417681,-1.80924,7.57172,-2.13871,16.2599,0.277653,-4.59877,15.8012,
837,0.999996,-1,1,-0.485838,-1,0.00110171,-0.107974,-0.16671,0.574412,-0.0837189,0.820152,-0.0305738,-0.211503,0.563292,4.99936,1.03711,1.67511,10.5758,-16.3484,6.61103,-17.0734,-0.583837,-2.02298,
838,0.59173,-0.834892,-1,0.379019,0.91468,0.0160179,-0.100008,-0.0371252,0.842304,-0.562747,0.680324,-0.724781,-0.416029,0.168668,5.02519,-0.246272,2.72492,1.41647,-4.3544,-5.3662,-10.3629,-5.6941,-10.0646,
839,-0.285289,0.999094,-1,0.891245,0.993779,1,-0.0947295,0.00260976,0.694818,-0.350395,-0.293431,-0.577886,-0.147208,-0.330973,5.21115,0.293417,-0.0531078,-5.09793,5.4907,-20.2792,9.93829,10.399,-7.49798,
840,0.847771,1,1,-0.107463,-1,1,-0.116275,-0.0530703,0.0243495,0.477652,-0.439785,0.139616,0.280823,-0.212645,5.25161,-0.553636,-2.80143,-14.0404,15.7364,1.24818,14.111,-4.62509,-2.06437,
841,1,-0.999647,1,-0.92306,-1,0.996805,-0.13786,-0.166572,-0.0671139,0.62233,0.235638,0.569898,-0.13051,0.225203,5.90179,-0.15629,-1.95807,5.7831,-3.33596,15.7047,2.93055,-7.86396,13.0976,
842,0.999998,-1,1,-0.465287,-1,0.00138915,-0.0989632,-0.152525,0.543431,-0.106753,0.821552,0.0325271,-0.273629,0.585096,5.46008,0.694311,1.29564,11.8715,-16.2337,6.85195,-16.4923,-0.895549,-2.66377,
843,0.580118,-0.883413,-1,0.420045,0.918132,0.0121977,-0.109857,-0.0435203,0.847994,-0.570689,0.662641,-0.676749,-0.427609,0.162761,5.32655,-0.654659,2.40015,1.65754,-4.02414,-5.4831,-11.046,-4.33203,-10.4635,
844,-0.239559,0.993159,-1,0.938062,0.992715,1,-0.123631,-0.00427577,0.743559,-0.290942,-0.244306,-0.564604,-0.12746,-0.343992,5.63436,-0.010588,0.249986,-3.76608,6.9381,-18.7346,9.21267,10.3621,-7.49119,
845,0.981847,1,1,-0.238382,-1,1,-0.139353,-0.0478337,0.112328,0.536079,-0.472421,0.131546,0.0990501,-0.37221,5.31078,-0.315333,-2.23955,-14.3161,14.8687,2.34648,14.9191,-4.0379,-1.59381,
846,1,-0.99944,1,-0.952021,-1,0.949761,-0.1533,-0.143156,0.00616805,0.645597,0.247179,0.515926,-0.161173,0.16138,5.91509,-0.0525001,-1.68094,5.48852,-3.95557,16.2607,1.51398,-4.59796,15.5644,
847,0.999986,-1,1,-0.486027,-1,0.00191242,-0.120243,-0.122696,0.549605,-0.144804,0.829908,-0.021636,-0.229715,0.585584,5.39269,0.543473,1.46471,10.3211,-17.2039,5.93925,-15.6909,-0.539883,-2.67897,
848,0.581276,-0.885544,-1,0.515404,0.923469,0.0171591,-0.135044,-0.00383425,0.850966,-0.545308,0.664388,-0.675506,-0.419272,0.16489,5.30351,-0.685519,2.62228,1.67699,-3.55711,-5.67897,-10.1904,-5.29542,-10.4217,
849,-0.287792,0.999057,-1,0.97681,0.99352,1,-0.150504,0.0403178,0.713813,-0.349837,-0.296158,-0.510134,-0.145098,-0.343543,5.60074,-0.118604,0.16683,-5.07154,4.75706,-19.8686,10.29,10.4132,-7.51549,
850,0.83847,1,1,-0.153775,-1,1,-0.171488,-0.051009,0.0220476,0.480445,-0.439364,0.223397,0.00362778,-0.479545,5.12698,-0.642414,-3.33625,-14.7433,15.305,1.216,15.8005,0.382666,0.668922,
851,1,-0.999989,1,-0.981833,-1,0.881275,-0.184951,-0.162357,-0.0103585,0.760809,0.283383,0.58832,-0.0935629,0.178503,5.74722,0.21889,-1.21938,8.05427,-0.230189,17.0652,0.810018,-2.78238,17.8481,
852,1,-1,1,-0.724482,-1,0.00144649,-0.139394,-0.1199,0.588484,-0.122124,0.839036,0.019008,-0.133807,0.525217,5.04222,0.723059,1.85642,12.0461,-16.8864,8.85026,-16.3909,-1.2708,-0.861134,
853,0.594479,-0.678004,-1,0.539715,0.913648,0.00396846,-0.152315,0.0268098,0.848324,-0.588891,0.684565,-0.779149,-0.367532,0.201908,4.70287,-0.761549,3.28638,0.917212,-3.12468,-5.33262,-13.8609,-6.13985,-8.87914,
854,-0.284259,0.997656,-1,0.988546,0.993761,1,-0.171293,0.0669822,0.713261,-0.267006,-0.29231,-0.622095,-0.16887,-0.301941,5.23539,-0.120346,-0.272215,-4.45751,7.57632,-20.2507,12.1729,8.77238,-8.26688,
855,0.836163,1,1,-0.165555,-1,1,-0.186044,-0.0304301,0.0618746,0.551062,-0.439032,0.166524,-0.0800074,-0.518487,4.77503,-0.427493,-3.33274,-14.2665,14.0921,1.20828,15.9739,-1.70842,-2.1874,
856,1,-0.999959,1,-0.987224,-1,0.900247,-0.197658,-0.166755,-0.0112448,0.732035,0.268479,0.544945,-0.187086,0.0678216,5.47442,0.218803,-1.87325,7.20735,0.0340256,17.1753,0.971769,-2.04371,17.4163,
857,0.999999,-1,1,-0.669394,-1,0.00176554,-0.149674,-0.145793,0.577298,-0.0544372,0.854746,-0.0228065,-0.173527,0.567525,4.97594,0.871436,1.7101,11.1125,-16.1396,7.27735,-15.8912,0.258073,-2.04063,
858,0.578762,-0.704272,-1,0.5728,0.92909,0.00796259,-0.148385,-0.00256411,0.841772,-0.563487,0.660599,-0.74857,-0.366328,0.186033,4.72697,-0.417342,3.1826,0.989361,-5.13427,-5.90839,-12.1152,-5.79431,-9.77208,
859,-0.300572,0.999019,-1,0.978739,0.993548,1,-0.153143,0.0365579,0.688245,-0.313433,-0.310148,-0.555366,-0.151164,-0.326551,5.1737,0.0843179,-0.264463,-5.03619,6.80052,-19.9121,12.1449,9.19252,-7.99006,
860,0.877724,1,1,-0.170473,-1,1,-0.169576,-0.0567763,0.0233665,0.519989,-0.44322,0.185664,0.0173767,-0.457225,4.93307,-0.616608,-3.06057,-14.146,14.6276,1.36577,15.1514,1.34866,1.28005,
861,1,-0.999975,1,-0.979245,-1,0.943124,-0.18797,-0.165709,-0.0284779,0.716311,0.24492,0.559047,-0.0779258,0.201319,5.65491,0.109518,-1.18308,7.52884,0.182082,16.3098,1.42506,-3.06166,17.5558,
862,0.999999,-1,1,-0.642796,-1,0.00186431,-0.145348,-0.1173,0.569155,-0.093583,0.818494,0.0284136,-0.137423,0.534065,5.04946,0.758827,2.03259,11.0375,-17.1535,7.0615,-15.7548,-1.57852,-1.11667,
863,0.594978,-0.782469,-1,0.543632,0.913886,0.00573612,-0.153493,0.0336698,0.835477,-0.575857,0.685336,-0.721199,-0.386149,0.196971,4.76434,-0.645471,3.31434,1.2149,-4.05634,-5.3403,-12.9374,-6.31662,-9.09802,
864,-0.284362,0.997503,-1,0.987998,0.993801,1,-0.16919,0.0849023,0.710335,-0.323189,-0.292421,-0.5802,-0.171055,-0.306591,5.26934,-0.0974172,0.0221173,-4.4312,6.42059,-20.3154,11.2603,9.2776,-8.14299,
865,0.841762,1,1,-0.164195,-1,1,-0.181645,-0.00986871,0.0513043,0.52355,-0.439526,0.194153,-0.0872898,-0.528935,4.69937,-0.348273,-3.42327,-14.3323,15.1097,1.22719,16.0449,-1.87753,-2.02109,
866,1,-0.999904,1,-0.982187,-1,0.856741,-0.190907,-0.163962,-0.0454466,0.682829,0.245916,0.558672,-0.184612,0.0688652,5.4529,0.275153,-2.3577,6.64667,0.935023,16.6026,0.620711,-1.70595,17.6551,
867,0.999999,-1,1,-0.61893,-1,0.00162964,-0.134613,-0.15368,0.560544,-0.0424867,0.829626,-0.0229233,-0.162079,0.567217,5.00132,1.01998,1.50332,11.6397,-16.8101,7.22831,-16.092,0.300105,-2.06683,
868,0.594506,-0.841484,-1,0.479585,0.918642,0.00947786,-0.127768,-0.0225191,0.853318,-0.558718,0.684606,-0.73378,-0.367344,0.182661,4.79934,-0.30608,2.95362,1.44636,-5.14337,-5.50099,-11.6785,-6.13167,-9.83089,
869,-0.286029,0.999045,-1,0.955439,0.993807,1,-0.125146,0.0200365,0.710604,-0.362047,-0.294236,-0.582786,-0.154953,-0.325934,5.12325,0.259051,-0.103486,-5.06713,5.54237,-20.3256,10.9027,9.15606,-7.8953,
870,0.847948,1,1,-0.130007,-1,1,-0.140851,-0.0581945,0.0314216,0.486846,-0.440196,0.15138,0.106286,-0.363045,4.99009,-0.565302,-3.03345,-14.4452,15.7891,1.2488,14.4276,-2.36937,-1.36069,
871,1,-0.999892,1,-0.961307,-1,0.983895,-0.161608,-0.183316,-0.0625413,0.664332,0.241448,0.550865,-0.139195,0.172199,5.77174,0.00423911,-1.78305,6.56711,0.320673,16.3399,2.20174,-4.98659,15.4515,
872,0.999997,-1,1,-0.528782,-1,0.00170435,-0.118213,-0.157146,0.558993,-0.0738733,0.828319,0.0132149,-0.215648,0.593299,5.22917,0.765571,1.59155,11.7409,-17.3464,6.69683,-15.9797,-0.601177,-2.91288,
873,0.581561,-0.830093,-1,0.464776,0.916387,0.0105462,-0.124875,-0.0290673,0.856461,-0.572366,0.664818,-0.691564,-0.404499,0.165075,5.01573,-0.575206,2.82754,1.39359,-4.48767,-5.42313,-11.4107,-5.2919,-10.5292,
874,-0.288208,0.9993,-1,0.966145,0.993585,1,-0.136818,0.0151465,0.701175,-0.349678,-0.29661,-0.563324,-0.142899,-0.347837,5.30566,-0.0471566,0.00601963,-5.26543,5.81037,-19.9692,10.09,9.94388,-7.6177,
875,0.842934,1,1,-0.147749,-1,1,-0.16263,-0.0678358,0.0281553,0.494733,-0.439689,0.179702,0.0872535,-0.388082,5.08875,-0.602475,-3.41985,-14.204,15.6313,1.23122,15.6478,-3.97313,-2.07258,
876,1,-0.999965,1,-0.972303,-1,0.93356,-0.174515,-0.192618,-0.0163957,0.742366,0.258039,0.57306,-0.171956,0.138259,5.72409,0.229587,-1.70915,7.31145,-1.04794,16.4416,1.30856,-4.69968,15.6075,
877,1,-1,1,-0.6093,-1,0.00128907,-0.124804,-0.170659,0.578433,-0.0609041,0.843403,-0.0113336,-0.221256,0.576166,5.21556,0.906522,1.6879,11.2546,-15.9291,7.62976,-16.6797,-0.0732021,-2.35714,
878,0.577675,-0.731873,-1,0.493361,0.930068,0.00850007,-0.122185,-0.0293189,0.853378,-0.558269,0.658967,-0.752287,-0.391165,0.173847,5.0557,-0.368861,3.11388,1.06489,-5.25292,-5.95107,-11.9515,-5.09368,-10.1305,
879,-0.300387,0.999393,-1,0.948923,0.993528,1,-0.123213,0.0131415,0.688806,-0.325392,-0.309945,-0.580749,-0.136483,-0.337356,5.39193,0.164616,-0.162291,-5.35207,6.41852,-19.8811,11.4335,9.80873,-7.74901,
880,0.875596,1,1,-0.143278,-1,1,-0.143073,-0.0642584,0.0166779,0.50518,-0.443099,0.173066,0.122277,-0.367981,5.26868,-0.589423,-3.03284,-14.2216,15.0831,1.35658,14.9383,-2.94044,-1.47378,
881,1,-0.999954,1,-0.961999,-1,0.970082,-0.162308,-0.18751,-0.0521337,0.661693,0.240561,0.570819,-0.133424,0.169918,6.02259,0.0812512,-1.70542,7.11812,0.700374,16.3457,1.85232,-5.02562,15.5778,
882,0.999994,-1,1,-0.502091,-1,0.00144956,-0.116467,-0.160646,0.563942,-0.0747495,0.819054,0.0124179,-0.210754,0.593056,5.43844,0.814078,1.64236,11.3119,-17.3613,6.37733,-16.3856,-0.631407,-2.91678,
883,0.577668,-0.799598,-1,0.458215,0.91954,0.0112238,-0.120371,-0.0281132,0.855817,-0.569821,0.658955,-0.6945,-0.407946,0.162148,5.28562,-0.511426,2.895,1.27603,-4.83736,-5.53289,-11.2546,-5.48138,-10.5914,
884,-0.292432,0.999441,-1,0.957706,0.993534,1,-0.129689,0.0168367,0.691845,-0.345351,-0.301224,-0.561868,-0.14544,-0.350601,5.56124,-0.00605077,-0.0109116,-5.41049,6.00665,-19.8904,10.1312,10.0807,-7.57325,
885,0.853855,1,1,-0.144689,-1,1,-0.154327,-0.066111,0.01997,0.496796,-0.440763,0.181159,0.101057,-0.379591,5.37584,-0.594986,-3.36757,-14.1292,15.4934,1.27021,15.6744,-3.4585,-1.64745,
886,1,-0.999986,1,-0.972029,-1,0.951521,-0.168915,-0.195521,-0.0265512,0.725001,0.260411,0.583707,-0.14923,0.158005,6.05568,0.226448,-1.67265,7.91769,0.647741,16.947,1.5389,-4.75287,15.6687,
887,0.999999,-1,1,-0.58438,-1,0.00123302,-0.120346,-0.173592,0.597919,-0.0752557,0.854987,0.00284803,-0.209851,0.587677,5.36433,0.818659,1.56799,11.6435,-17.2478,7.47958,-16.7911,-0.357558,-2.74448,
888,0.599953,-0.781258,-1,0.48746,0.926225,0.00775043,-0.123817,-0.0354315,0.882812,-0.541524,0.693073,-0.74533,-0.394379,0.166517,5.19968,-0.474033,3.16507,1.21994,-4.14445,-5.78821,-12.1829,-5.35289,-10.439,
889,-0.285902,0.999426,-1,0.956922,0.993848,1,-0.125868,0.0206363,0.723498,-0.318468,-0.294098,-0.594522,-0.147041,-0.349885,5.51756,0.197143,0.205673,-5.38647,5.66711,-20.3939,11.0777,9.70761,-7.7317,
890,0.846906,1,1,-0.130003,-1,1,-0.141266,-0.0413293,0.0315319,0.495006,-0.440229,0.16186,0.0968989,-0.387085,5.33108,-0.472121,-2.84377,-14.7249,15.0507,1.24511,15.3239,-3.53828,-1.92175,
891,1,-0.999536,1,-0.952215,-1,0.980104,-0.15953,-0.165123,-0.0812314,0.612408,0.233318,0.575113,-0.154892,0.1459,5.97333,-0.0824792,-2.22092,5.60309,-3.70878,15.6432,2.08814,-4.57185,15.7336,
892,0.999999,-1,1,-0.543672,-1,0.00156588,-0.111302,-0.142013,0.545869,-0.0975758,0.821647,0.0228958,-0.207877,0.585619,5.55245,0.825746,1.44909,12.3246,-16.7007,7.36529,-16.1921,-0.193182,-2.63549,
893,0.596835,-0.90766,-1,0.43097,0.912086,0.00944529,-0.117419,-0.021845,0.86122,-0.561972,0.688216,-0.693295,-0.389102,0.171643,5.3182,-0.576453,2.73905,1.81974,-3.75189,-5.28287,-11.6871,-5.35128,-10.304,
894,-0.277072,0.998868,-1,0.957897,0.993796,1,-0.127185,0.0268534,0.72962,-0.360727,-0.284508,-0.590894,-0.1421,-0.33906,5.60494,0.0376766,0.17618,-4.95587,5.00474,-20.3064,9.60529,9.51356,-7.71513,
895,0.814822,1,1,-0.124673,-1,1,-0.14774,-0.0473023,0.0472566,0.482473,-0.43733,0.150636,0.081995,-0.380006,5.35702,-0.537043,-3.18933,-14.6076,15.9041,1.14121,15.8331,-3.65606,-1.81919,
896,1,-0.999914,1,-0.973823,-1,0.985933,-0.168047,-0.183161,-0.0668564,0.67578,0.252029,0.580768,-0.163918,0.150334,6.09263,0.0484648,-1.96501,6.71574,1.28977,17.3034,2.27176,-4.43,15.5851,
897,0.999996,-1,1,-0.529251,-1,0.00141551,-0.121278,-0.166733,0.561333,-0.057591,0.847825,0.0227126,-0.203237,0.586922,5.51068,0.846325,1.47145,11.8065,-17.2303,6.53481,-16.4451,0.0685184,-2.67634,
898,0.578417,-0.82759,-1,0.48194,0.92392,0.00970379,-0.124108,-0.0375565,0.861099,-0.565607,0.660081,-0.696394,-0.386848,0.169888,5.31104,-0.504869,2.90391,1.38499,-4.8429,-5.69644,-11.6194,-5.51524,-10.3614,
899,-0.293133,0.999411,-1,0.960686,0.99352,1,-0.132354,0.0087831,0.70231,-0.353547,-0.301991,-0.567234,-0.142978,-0.342834,5.61123,0.0305015,0.0160087,-5.37892,5.74165,-19.8689,10.2861,9.60082,-7.71483,
900,0.855108,1,1,-0.146669,-1,1,-0.1559,-0.0717633,0.022098,0.491513,-0.440875,0.179304,0.0961757,-0.377512,5.41793,-0.603245,-3.29634,-14.3483,15.6359,1.27485,15.613,-3.31722,-1.6387,
901,1,-0.999986,1,-0.972937,-1,0.951935,-0.170688,-0.196905,-0.0306057,0.729915,0.258958,0.580852,-0.147752,0.159219,6.11381,0.238553,-1.53872,7.92569,0.925459,16.9028,1.54486,-4.66939,15.6397,
902,0.999999,-1,1,-0.572148,-1,0.0012581,-0.121617,-0.168737,0.595878,-0.0805638,0.849238,0.00252292,-0.208289,0.587903,5.40186,0.817464,1.64415,11.5884,-17.929,7.1981,-16.7407,-0.398894,-2.75114,
903,0.593669,-0.675732,-1,0.498926,0.928087,0.00836563,-0.125661,-0.0302153,0.871343,-0.567267,0.683314,-0.738712,-0.395882,0.166236,5.22153,-0.50427,3.09422,0.917488,-4.34733,-5.86551,-11.9914,-5.38519,-10.4453,
904,-0.294171,0.999476,-1,0.964334,0.993788,1,-0.132866,0.0138596,0.69803,-0.289908,-0.303127,-0.577284,-0.144981,-0.349366,5.55768,0.0567415,-0.104873,-5.43761,6.99733,-20.2947,11.2448,9.81578,-7.70454,
905,0.868521,1,1,-0.15013,-1,1,-0.153359,-0.0615786,0.0253457,0.521112,-0.442361,0.187073,0.0985495,-0.386492,5.38416,-0.516114,-3.10238,-14.2665,14.4837,1.32703,15.5739,-3.57897,-1.93274,
906,1,-0.999953,1,-0.965816,-1,0.945099,-0.166795,-0.185932,-0.0381414,0.681448,0.247279,0.583365,-0.149062,0.14751,6.044,0.170083,-1.8287,7.10671,-1.16457,16.3407,1.45074,-4.59672,15.7397,
907,0.999996,-1,1,-0.52027,-1,0.00128755,-0.117513,-0.165777,0.573905,-0.0739789,0.837506,0.00558704,-0.205489,0.583573,5.47793,0.87586,1.57713,11.2942,-17.1222,6.6023,-16.6827,-0.329558,-2.60151,
908,0.582402,-0.803718,-1,0.447105,0.917162,0.0109131,-0.118762,-0.0345996,0.855479,-0.566757,0.66609,-0.71112,-0.399159,0.167062,5.35373,-0.459584,2.87815,1.29183,-4.39432,-5.44952,-11.325,-5.56573,-10.3748,
909,-0.288766,0.999304,-1,0.951492,0.993602,1,-0.124287,0.00973871,0.698303,-0.33781,-0.297219,-0.574548,-0.146721,-0.343386,5.62652,0.0875387,-0.00976748,-5.26636,5.91501,-19.9958,10.2685,9.8705,-7.63455,
910,0.845037,1,1,-0.133264,-1,1,-0.14562,-0.0675345,0.026611,0.496596,-0.439968,0.161499,0.110459,-0.367635,5.47868,-0.593441,-3.11116,-14.2261,15.3653,1.23853,15.1883,-2.88261,-1.27104,
911,1,-0.999951,1,-0.96896,-1,0.980463,-0.165338,-0.191326,-0.0506163,0.678505,0.24848,0.572499,-0.138974,0.17436,6.17335,0.0300849,-1.75989,7.08573,-0.228324,16.8838,2.09813,-4.88576,15.5924,
912,0.999999,-1,1,-0.578397,-1,0.00145005,-0.122367,-0.167317,0.585459,-0.0744492,0.859319,0.0184858,-0.207589,0.596378,5.53627,0.723568,1.55498,12.0404,-17.2213,7.25666,-16.3847,-0.496857,-3.02178,
913,0.597361,-0.78643,-1,0.519524,0.929333,0.00738259,-0.130849,-0.0310887,0.879637,-0.549281,0.689034,-0.724326,-0.394114,0.164513,5.30709,-0.590936,3.13307,1.23532,-4.32592,-5.9189,-12.3048,-5.32581,-10.5868,
914,-0.28939,0.999399,-1,0.971434,0.993807,1,-0.14013,0.0227824,0.721072,-0.325247,-0.2979,-0.578518,-0.146497,-0.354955,5.65863,0.0411325,0.150396,-5.35825,5.7817,-20.3257,11.0358,9.67644,-7.73802,
915,0.855795,1,1,-0.150683,-1,1,-0.15991,-0.0485271,0.0310309,0.497484,-0.441016,0.199551,0.0749389,-0.406014,5.37565,-0.449085,-3.23447,-14.665,15.1954,1.27741,16.3655,-4.34281,-2.59059,
916,1,-0.999978,1,-0.972441,-1,0.920331,-0.168692,-0.180643,-0.0380968,0.704523,0.262943,0.602316,-0.166026,0.119039,6.03751,0.324359,-1.88598,7.59705,0.0401719,17.0294,1.16435,-4.16213,15.858,
917,1,-1,1,-0.57728,-1,0.00110666,-0.115022,-0.169807,0.586636,-0.085905,0.857739,0.000291159,-0.199359,0.57124,5.38725,0.915382,1.39167,11.893,-16.3295,7.70043,-17.0622,0.0585785,-2.18536,
918,0.589317,-0.723885,-1,0.47493,0.931928,0.00847757,-0.115125,-0.0417073,0.863746,-0.563878,0.676619,-0.746644,-0.382171,0.175272,5.22924,-0.43485,2.898,1.04131,-4.34806,-6.03469,-11.9581,-5.5195,-10.0558,
919,-0.297074,0.999379,-1,0.944056,0.993703,1,-0.118413,-0.00563658,0.698587,-0.307284,-0.306307,-0.590681,-0.142099,-0.335142,5.54177,0.145092,-0.261919,-5.33267,6.52954,-20.1559,11.1191,9.56764,-7.79684,
920,0.872638,1,1,-0.1387,-1,1,-0.139733,-0.0827068,0.0226235,0.507318,-0.442875,0.164991,0.15191,-0.334229,5.48242,-0.702065,-2.81801,-14.432,14.6453,1.34403,15.2427,-1.0758,0.140358,
921,1,-0.99996,1,-0.964422,-1,0.992316,-0.164524,-0.179914,-0.0450525,0.687863,0.247464,0.591712,-0.0716738,0.23915,6.15802,-0.0537922,-1.08877,7.20967,-0.548596,16.4,2.56211,-5.08051,15.6656,
922,0.999998,-1,1,-0.577892,-1,0.0015042,-0.12734,-0.134344,0.572593,-0.111848,0.835379,0.0665829,-0.168564,0.536449,5.45295,0.62958,1.83333,11.5607,-17.5839,6.96528,-16.2928,-1.53887,-1.16578,
923,0.577675,-0.647071,-1,0.553782,0.927436,0.00553476,-0.143751,0.00811702,0.839736,-0.595249,0.658967,-0.700469,-0.39444,0.193328,5.15511,-0.826088,3.13811,0.8438,-4.0378,-5.83812,-13.027,-5.7978,-9.21853,
924,-0.30097,0.998749,-1,0.987383,0.993522,1,-0.171264,0.0467029,0.682462,-0.278735,-0.310586,-0.566966,-0.155263,-0.309816,5.64339,-0.3622,-0.288319,-4.86905,7.84279,-19.872,11.1128,9.58026,-8.06449,
925,0.876412,1,1,-0.195826,-1,1,-0.196234,-0.0624629,0.0326012,0.550572,-0.443086,0.221416,-0.0628101,-0.517673,5.11141,-0.58489,-3.65594,-14.0349,14.1591,1.36008,16.4318,-1.57317,-1.90556,
926,1,-0.99999,1,-0.985987,-1,0.725856,-0.195989,-0.166074,0.074466,0.78449,0.304359,0.56157,-0.170355,0.0790886,5.64357,0.475941,-1.14032,8.15937,-3.54717,17.0023,-0.209257,-2.15832,17.5591,
927,1,-1,1,-0.774752,-1,0.00134678,-0.144589,-0.123895,0.616498,-0.146539,0.85593,-0.0478389,-0.173251,0.558243,4.92924,0.786957,1.9505,11.3615,-16.2015,9.60315,-16.5699,-0.257612,-1.89293,
928,0.574745,-0.173981,-1,0.611039,0.937929,0.0052997,-0.151031,0.0278632,0.840785,-0.60191,0.654579,-0.830509,-0.364504,0.186007,4.6299,-0.586781,3.2987,0.0691011,-3.54528,-6.32951,-13.1358,-5.53246,-9.61445,
929,-0.317251,0.99908,-1,0.985317,0.99346,1,-0.166891,0.0380295,0.648483,-0.0958562,-0.328588,-0.57528,-0.148295,-0.327287,5.15787,-0.151399,-1.07039,-5.02033,11.9293,-19.7772,14.1492,9.20808,-8.03967,
930,0.90754,1,1,-0.204253,-1,1,-0.184158,-0.0662721,0.0298827,0.646129,-0.447244,0.215199,-0.00274089,-0.483721,4.98011,-0.494785,-2.99623,-13.4555,10.7078,1.5134,15.51,0.742809,0.55546,
931,1,-0.999989,1,-0.982615,-1,0.820947,-0.192673,-0.178099,0.0224736,0.720508,0.250446,0.555599,-0.110782,0.146604,5.60441,0.315419,-1.28321,8.06516,-0.738347,16.5363,0.371442,-2.78562,17.619,
932,0.999999,-1,1,-0.663372,-1,0.00161893,-0.144604,-0.13552,0.600214,-0.0945358,0.837294,-0.019639,-0.159586,0.596898,4.94857,0.818526,2.02424,10.5351,-16.9423,7.43171,-16.1085,-1.10995,-3.15692,
933,0.595381,-0.641502,-1,0.552221,0.922948,0.00682771,-0.147768,0.0188662,0.843537,-0.567872,0.685961,-0.76446,-0.388625,0.163681,4.75722,-0.504069,3.36283,0.83867,-4.08519,-5.65895,-12.5007,-6.03891,-10.5718,
934,-0.29194,0.998523,-1,0.981932,0.993819,1,-0.155312,0.0632314,0.695944,-0.271762,-0.300686,-0.574498,-0.165523,-0.358468,5.2215,0.0558198,-0.164504,-4.75931,7.38922,-20.3456,12.2356,9.51422,-7.79341,
935,0.864373,1,1,-0.161096,-1,1,-0.166844,-0.022956,0.0409112,0.541077,-0.441821,0.182786,-0.0156978,-0.495476,4.89697,-0.449007,-2.91964,-14.1412,13.9937,1.31039,15.5493,0.72379,0.916524,
936,1,-0.999858,1,-0.976055,-1,0.930514,-0.181954,-0.151468,-0.0451042,0.645453,0.241825,0.554783,-0.130778,0.140151,5.55197,0.0376751,-2.03044,6.38049,-1.65533,16.3146,1.27381,-2.62967,17.7467,
937,0.999997,-1,1,-0.596973,-1,0.00190295,-0.13686,-0.12868,0.558714,-0.086552,0.829908,0.00625419,-0.156863,0.605839,5.06141,0.79269,1.59152,11.4271,-16.995,6.76719,-15.7034,-0.526065,-3.35879,
938,0.586203,-0.789616,-1,0.535354,0.922418,0.008474,-0.14258,0.00272371,0.839362,-0.575209,0.671861,-0.706382,-0.377613,0.163813,4.81585,-0.582078,2.92807,1.23938,-4.45106,-5.63884,-11.9592,-6.11933,-10.696,
939,-0.292205,0.998621,-1,0.981128,0.993664,1,-0.155782,0.0398607,0.699054,-0.334677,-0.300976,-0.556272,-0.159428,-0.357802,5.23321,-0.0675659,-0.22957,-4.82051,6.26593,-20.0945,11.0364,9.27757,-7.76753,
940,0.860049,1,1,-0.169018,-1,1,-0.177487,-0.0587347,0.0345745,0.509806,-0.441253,0.177753,0.0108307,-0.459842,4.95208,-0.714572,-3.21888,-14.2094,15.0481,1.29353,15.4384,1.48738,1.95351,
941,1,-0.99999,1,-0.985995,-1,0.90524,-0.19302,-0.174342,0.0216262,0.771931,0.291105,0.539527,-0.139443,0.158709,5.54474,0.133441,-1.35009,8.13656,-0.619731,17.2658,1.01726,-3.48534,17.1413,
942,1,-1,1,-0.786907,-1,0.00174655,-0.153556,-0.136788,0.602557,-0.0996404,0.853261,-0.0226272,-0.188284,0.601775,4.92722,0.632099,1.8877,11.7624,-15.5231,9.31527,-15.9183,-0.715656,-3.27611,
943,0.581262,-0.459068,-1,0.637092,0.934049,0.00413628,-0.165197,0.0183844,0.855434,-0.569867,0.664367,-0.811502,-0.372324,0.168533,4.57419,-0.676372,3.49062,0.494121,-4.46262,-6.13436,-13.7571,-5.12925,-10.5282,
944,-0.305985,0.999091,-1,0.990722,0.993562,1,-0.18117,0.0509491,0.68507,-0.208796,-0.31611,-0.581994,-0.149375,-0.359424,5.12762,-0.115582,-0.550199,-5.05846,9.05359,-19.9328,13.8612,9.16142,-7.93299,
945,0.888828,1,1,-0.204764,-1,1,-0.197288,-0.0518121,0.0306355,0.579963,-0.444577,0.216302,-0.070814,-0.525969,4.68592,-0.413923,-3.47994,-14.1064,12.9159,1.41632,15.4391,-2.66438,0.746609,
946,1,-0.999995,1,-0.987532,-1,0.673124,-0.19684,-0.1787,0.0465262,0.770068,0.291455,0.5313,-0.201138,0.143921,5.3096,0.473267,-1.6598,8.62058,-1.37341,17.3306,-0.508401,-2.25659,18.1213,
947,1,-1,1,-0.764374,-1,0.00149493,-0.144998,-0.153517,0.617457,-0.105068,0.856241,-0.0770073,-0.195312,0.58598,4.7073,0.835796,1.75338,11.3472,-15.1722,9.33988,-16.3083,0.0481459,-2.92586,
948,0.584876,-0.42908,-1,0.577184,0.933697,0.00665412,-0.144754,-0.00489503,0.86163,-0.557854,0.669842,-0.833619,-0.372516,0.167217,4.47514,-0.389054,3.31657,0.448726,-4.27894,-6.11746,-12.5653,-5.31466,-10.2932,
949,-0.304806,0.999408,-1,0.973951,0.993637,1,-0.14519,0.0235246,0.679628,-0.194607,-0.31481,-0.582672,-0.147073,-0.350626,4.90802,0.188978,-0.577076,-5.33356,8.9694,-20.0506,13.7441,9.4046,-7.78005,
950,0.887323,1,1,-0.164603,-1,1,-0.158584,-0.0540934,0.0243256,0.568601,-0.44457,0.218309,0.0966386,-0.396768,4.76335,-0.355455,-2.97464,-14.0251,12.7456,1.40919,15.0295,-3.86575,-2.45004,
951,1,-0.999931,1,-0.958891,-1,0.867107,-0.16466,-0.182321,-0.0363259,0.649553,0.236005,0.576451,-0.15431,0.128123,5.48151,0.36257,-1.88835,6.85166,0.147162,15.7845,0.698429,-4.59131,15.7569,
952,0.999994,-1,1,-0.45916,-1,0.0012128,-0.10552,-0.16043,0.552378,-0.078758,0.795631,-0.0216241,-0.214826,0.567532,4.98309,1.06667,1.62955,10.8541,-17.0498,6.32682,-16.8326,-0.416861,-2.11425,
953,0.599414,-0.869028,-1,0.369524,0.913505,0.0182427,-0.0979373,-0.0393913,0.831004,-0.587304,0.692232,-0.699095,-0.413797,0.168925,4.97403,-0.288703,2.48885,1.57252,-4.36655,-5.32801,-10.0368,-5.62701,-10.119,
954,-0.283986,0.998734,-1,0.901641,0.993925,1,-0.0970813,-0.00922861,0.692805,-0.368765,-0.292012,-0.56399,-0.141718,-0.329486,5.15087,0.187443,-0.222652,-4.88514,5.62667,-20.5221,9.46708,10.3884,-7.45567,
955,0.852116,1,1,-0.115539,-1,1,-0.123541,-0.0751687,0.0292388,0.478596,-0.440166,0.14056,0.278117,-0.210841,5.18749,-0.668751,-2.97194,-13.9391,16.0648,1.26383,13.8576,-4.51666,-1.87488,
956,1,-0.99967,1,-0.941984,-1,0.994983,-0.149996,-0.198001,-0.0584897,0.631094,0.236911,0.55952,-0.13227,0.230532,5.82645,-0.251462,-2.13845,5.82821,-3.28642,15.7439,2.74797,-7.90882,13.087,
957,0.999998,-1,1,-0.493933,-1,0.001302,-0.107137,-0.168569,0.5506,-0.0633179,0.810504,0.0137038,-0.278932,0.584235,5.45503,0.758858,1.59994,11.7435,-17.2775,6.79646,-16.6547,-0.982343,-2.64513,
958,0.580749,-0.866001,-1,0.427429,0.915764,0.0116217,-0.113745,-0.0440145,0.858667,-0.574179,0.663592,-0.703889,-0.432865,0.162017,5.32143,-0.558487,2.67573,1.56009,-4.96457,-5.40216,-11.1673,-4.25563,-10.4686,
959,-0.242237,0.996011,-1,0.937579,0.992821,1,-0.122436,0.00208306,0.739335,-0.303882,-0.247149,-0.57125,-0.129376,-0.345614,5.61806,0.077866,0.31228,-4.12116,7.1015,-18.8733,9.7777,10.499,-7.48262,
960,0.973189,1,1,-0.213684,-1,1,-0.135846,-0.0394491,0.0999864,0.535135,-0.466818,0.138378,0.104123,-0.375822,5.32565,-0.283789,-2.21647,-14.296,15.0718,2.14929,14.9647,-4.0917,-1.78375,
961,1,-0.999557,1,-0.943719,-1,0.958638,-0.147374,-0.131559,0.00011038,0.647381,0.244491,0.528822,-0.161515,0.154429,5.94729,0.00523005,-1.60261,5.64208,-3.96669,16.1667,1.64672,-4.69558,15.5741,
962,1,-1,1,-0.585651,-1,0.00196944,-0.113118,-0.115279,0.54489,-0.153874,0.832409,-0.00879118,-0.228148,0.583979,5.47525,0.593109,1.43476,11.0742,-14.3541,7.98049,-15.6173,-0.45451,-2.61241,
963,0.571467,-0.802841,-1,0.506175,0.928295,0.0113206,-0.127693,-0.00115125,0.812905,-0.578053,0.649699,-0.704778,-0.39775,0.172472,5.27473,-0.740561,2.48381,1.28563,-3.51403,-5.87433,-11.2331,-4.89357,-10.2336,
964,-0.299825,0.997841,-1,0.975143,0.993395,1,-0.149558,0.0187853,0.683636,-0.327295,-0.309327,-0.540305,-0.131078,-0.337322,5.66652,-0.261104,-0.479956,-4.52698,6.07153,-19.6784,10.8085,9.94652,-7.6731,
965,0.868852,1,1,-0.178353,-1,1,-0.18258,-0.0859567,0.0361907,0.506155,-0.442135,0.229525,0.0737853,-0.404512,5.30456,-0.684279,-3.83721,-13.9356,15.2207,1.32838,16.5318,-3.69759,-2.0997,
966,1,-0.999937,1,-0.978224,-1,0.821796,-0.185721,-0.197544,0.0481026,0.773107,0.275336,0.597052,-0.157561,0.132927,5.76455,0.330252,-1.67728,6.94783,-3.37205,16.3317,0.377073,-4.09915,15.9759,
967,1,-1,1,-0.664349,-1,0.00104125,-0.133976,-0.174509,0.600879,-0.0676641,0.867617,-0.0211465,-0.199126,0.569307,5.20804,0.920759,1.8031,10.7286,-15.8649,8.0388,-17.2149,-0.281635,-2.21358,
968,0.578823,-0.619503,-1,0.549945,0.938788,0.00645991,-0.130477,-0.020815,0.856067,-0.550912,0.660691,-0.797419,-0.384363,0.174844,5.09907,-0.344005,3.38567,0.795676,-5.2201,-6.37518,-12.6395,-5.38944,-10.0094,
969,-0.308014,0.999377,-1,0.956362,0.99353,1,-0.128648,0.0206825,0.687018,-0.280869,-0.318349,-0.587828,-0.146449,-0.33933,5.49897,0.236215,-0.282294,-5.32336,7.28344,-19.8842,12.7584,9.651,-7.85689,
970,0.893,1,1,-0.152118,-1,1,-0.143572,-0.0531332,0.0177638,0.526733,-0.445258,0.197136,0.116527,-0.379381,5.34827,-0.455998,-2.91586,-14.2654,14.2819,1.43655,15.1958,-3.06664,-1.90389,
971,1,-0.999844,1,-0.951559,-1,0.947839,-0.157888,-0.178828,-0.0553505,0.608769,0.234187,0.585213,-0.127659,0.155325,5.94413,0.00483246,-2.28621,6.30927,-4.19435,15.7464,1.48744,-4.68809,15.7541,
972,0.999999,-1,1,-0.514953,-1,0.00136681,-0.106538,-0.156793,0.56375,-0.0961783,0.819576,0.0140417,-0.200111,0.587103,5.47616,0.864338,1.47295,11.838,-16.9927,7.19071,-16.5329,-0.690291,-2.724,
973,0.596454,-0.8731,-1,0.405497,0.911529,0.010245,-0.109918,-0.0329163,0.863625,-0.559194,0.687624,-0.703154,-0.402328,0.165242,5.33296,-0.502838,2.78094,1.60192,-3.83692,-5.26544,-11.4834,-5.62119,-10.458,
974,-0.278221,0.999123,-1,0.941072,0.993808,1,-0.115643,0.0156159,0.720483,-0.350413,-0.285752,-0.5965,-0.149247,-0.34576,5.57521,0.115726,0.144972,-5.1195,5.19562,-20.3275,9.60915,9.82501,-7.62687,
975,0.820113,1,1,-0.116031,-1,1,-0.135508,-0.0555055,0.0400052,0.48423,-0.437811,0.123437,0.108584,-0.364677,5.43707,-0.613189,-2.95746,-14.5064,15.6489,1.15716,14.9239,-2.70876,-1.01354,
976,1,-0.999628,1,-0.959174,-1,0.996136,-0.162005,-0.177905,-0.0764975,0.644733,0.239239,0.556131,-0.146503,0.180095,6.15232,-0.195695,-1.90958,5.75438,-1.44111,16.0725,2.85517,-4.96321,15.547,
977,1,-1,1,-0.616332,-1,0.00186865,-0.122336,-0.147894,0.55422,-0.07399,0.838518,0.0359026,-0.212811,0.599067,5.67773,0.693118,1.60095,12.5879,-16.4006,7.90751,-15.7489,-0.357262,-3.10032,
978,0.595508,-0.854111,-1,0.506663,0.921883,0.00642082,-0.13366,-0.015983,0.862042,-0.563844,0.686158,-0.706304,-0.383216,0.169559,5.3304,-0.6895,3.03121,1.50341,-4.38818,-5.61872,-12.6547,-4.99851,-10.4977,
979,-0.285226,0.998894,-1,0.978463,0.993784,1,-0.149877,0.0350055,0.723587,-0.352882,-0.293362,-0.586616,-0.138143,-0.348979,5.72387,-0.101441,0.104231,-4.96924,5.54871,-20.2874,10.5541,9.34279,-7.79515,
980,0.842508,1,1,-0.157286,-1,1,-0.173507,-0.0461237,0.0428172,0.494632,-0.43966,0.203775,0.0424713,-0.425729,5.33843,-0.47757,-3.4998,-14.5952,15.7673,1.22975,17.1873,-4.79602,-3.0115,
981,1,-0.999976,1,-0.98082,-1,0.896349,-0.181411,-0.187431,-0.0245735,0.735668,0.268677,0.613439,-0.183125,0.0960223,5.95304,0.358349,-2.06065,7.54752,-0.0480506,17.1951,0.937172,-3.60204,16.0189,
982,0.999999,-1,1,-0.59671,-1,0.00101127,-0.124884,-0.180818,0.594253,-0.0573479,0.865387,-0.00368978,-0.191176,0.561679,5.33392,0.990684,1.4188,11.8784,-16.1524,7.41171,-17.2881,0.413501,-1.86457,
983,0.576625,-0.646804,-1,0.499878,0.934302,0.00785987,-0.120193,-0.0456632,0.866415,-0.563101,0.657392,-0.761607,-0.372708,0.180899,5.16968,-0.33804,3.05261,0.851717,-5.07445,-6.14657,-12.1478,-5.65556,-9.82485,
984,-0.304735,0.999602,-1,0.942925,0.993505,1,-0.119566,-0.0100575,0.684649,-0.291236,-0.314731,-0.589432,-0.143685,-0.328323,5.49406,0.208417,-0.355484,-5.61666,7.21658,-19.8455,11.666,9.39827,-7.88285,
985,0.884495,1,1,-0.143903,-1,1,-0.139643,-0.0853513,0.00960729,0.517323,-0.44423,0.189437,0.18035,-0.308285,5.43179,-0.603922,-2.91581,-14.3154,14.3997,1.39605,15.3166,-3.02178,-1.71897,
986,1,-0.99997,1,-0.954445,-1,0.974726,-0.156073,-0.192945,-0.0436517,0.677196,0.242331,0.601007,-0.101858,0.197482,6.08402,0.133549,-1.41601,7.39762,-1.03355,16.2007,1.95268,-5.6767,14.8017,
987,0.999992,-1,1,-0.461584,-1,0.00125172,-0.108468,-0.159778,0.566345,-0.0974206,0.816622,0.035726,-0.203936,0.593026,5.45625,0.845082,1.71716,11.0385,-17.6011,6.19302,-16.7534,-1.02504,-2.93153,
988,0.57799,-0.801552,-1,0.429348,0.918667,0.0107119,-0.112258,-0.0238729,0.854037,-0.570868,0.659439,-0.682359,-0.414911,0.15933,5.34793,-0.518329,2.94912,1.28283,-4.4076,-5.5019,-11.3717,-5.6571,-10.6584,
989,-0.291325,0.999368,-1,0.94701,0.993533,1,-0.121894,0.0265753,0.692599,-0.339027,-0.300014,-0.572925,-0.149155,-0.353272,5.61575,-0.00245314,0.116941,-5.3294,5.99621,-19.888,9.61527,10.1848,-7.54655,
990,0.85004,1,1,-0.134502,-1,1,-0.144911,-0.0504158,0.025239,0.499641,-0.440398,0.160587,0.098881,-0.379367,5.43247,-0.55655,-3.21758,-14.0929,15.4368,1.2563,15.6746,-3.42216,-1.54363,
991,1,-0.999959,1,-0.969599,-1,0.980205,-0.164046,-0.18391,-0.0506164,0.665908,0.2493,0.580532,-0.150811,0.160512,6.13963,0.0523882,-1.97215,7.19645,0.455029,17.1033,2.09092,-4.63897,15.6918,
992,0.999995,-1,1,-0.516148,-1,0.00138212,-0.119281,-0.170267,0.574063,-0.0682516,0.846531,0.020044,-0.204007,0.591963,5.51848,0.795251,1.42746,11.4755,-17.1451,6.44088,-16.505,-0.198145,-2.86217,
993,0.578839,-0.761359,-1,0.498423,0.930305,0.00982508,-0.123486,-0.0399555,0.867011,-0.55538,0.660715,-0.69887,-0.394964,0.1648,5.34623,-0.507497,2.95506,1.15236,-4.99571,-5.96152,-11.5883,-5.55746,-10.529,
994,-0.298391,0.999579,-1,0.960361,0.993534,1,-0.13193,0.00551251,0.694776,-0.331972,-0.307753,-0.55905,-0.144545,-0.350188,5.6464,0.0172314,-0.0380596,-5.59107,6.06342,-19.89,10.5439,9.82905,-7.66579,
995,0.870507,1,1,-0.154,-1,1,-0.156415,-0.075908,0.0131722,0.497559,-0.442515,0.189544,0.103611,-0.379058,5.47195,-0.616995,-3.31453,-14.3148,15.1888,1.33517,15.5889,-3.2421,-1.55255,
996,1,-0.999975,1,-0.966018,-1,0.937136,-0.168389,-0.194208,-0.024569,0.72199,0.246705,0.581838,-0.141875,0.161977,6.11337,0.226613,-1.59777,7.51945,-1.37584,16.2102,1.35073,-4.70209,15.7242,
997,1,-1,1,-0.627374,-1,0.00130317,-0.119268,-0.167402,0.593055,-0.0802187,0.847714,0.00336164,-0.206691,0.588703,5.50378,0.833366,1.66242,11.9079,-16.6529,8.314,-16.6524,-0.523656,-2.79705,
998,0.597087,-0.73772,-1,0.483019,0.925569,0.00656738,-0.123032,-0.0271943,0.870884,-0.558815,0.688607,-0.758651,-0.389826,0.167919,5.28455,-0.505347,3.16978,1.08126,-4.19713,-5.76167,-12.5981,-5.23651,-10.4113,
999,-0.289041,0.999258,-1,0.959359,0.993821,1,-0.128113,0.0212965,0.712655,-0.306416,-0.29752,-0.606724,-0.144239,-0.349177,5.63734,0.130589,-0.0140568,-5.2166,6.3838,-20.3488,11.3171,9.57991,-7.7689,
