step,action0,action1,action2,action3,action4,action5,state0,state1,state2,state3,state4,state5,state6,state7,state8,state9,state10,state11,state12,state13,state14,state15,state16,
0,-0.0230742,-0.018911,0.0549162,-1,0.0205546,-0.00385646,0.0630394,-0.0518677,-0.0133034,-0.010785,0.0615661,0.0236643,-0.0997345,-0.0495433,0.0991976,0.0146351,0.0922247,0.0411597,0.047769,0.0452996,0.0132324,0.0242512,0.0549715,
1,-0.0733743,-0.81697,0.105939,-1,0.0662916,-0.0124377,0.0542289,-0.0296444,-0.0460777,-0.0347834,0.0336316,-0.354374,0.100108,0.0126214,-0.537966,-0.412945,0.759301,-0.847436,-0.62438,-0.755957,-10.0757,4.28538,1.62576,
2,-0.621911,-0.636434,0.0647437,-1,0.637984,-0.121303,0.0221443,0.0519034,-0.0133012,-0.339243,0.0433508,-0.792284,0.137124,0.0543403,-0.229194,-0.89565,1.6887,0.961641,-6.57297,0.517198,-6.54092,-1.82163,0.0648343,
3,-0.6125,-0.0506084,-0.991412,-0.0554499,0.643327,-0.122382,-0.0459229,0.0866849,-0.158079,-0.34226,0.0602346,-0.94494,0.159395,-0.0436164,-0.228518,-1.5827,0.0669655,-4.17623,2.3587,0.0151791,-0.272061,1.29993,-2.7231,
4,-0.0233822,0.924434,-0.0724447,-1,0.0217171,-0.00407457,-0.140696,-0.00405849,-0.315327,-0.011395,-0.381125,-0.443207,0.160556,-0.178752,0.684467,-2.07723,-2.20143,-1.90574,5.79603,-10.3757,13.2225,0.927863,-1.86295,
5,0.591211,-0.0841738,-0.127239,-1,-0.684174,0.130741,-0.195232,-0.0189559,-0.443141,0.365639,-0.438405,-0.280664,-0.0140472,-0.303979,0.316354,-0.555884,0.646333,-0.87579,4.75723,2.06319,-2.04879,-2.24,-0.127932,
6,-0.00339197,-0.488215,0.702615,-1,0.00353303,-0.000662868,-0.177202,0.134279,-0.086551,-0.00185379,-0.373224,-0.536711,-0.24913,-0.0768982,1.20419,0.412715,3.43251,9.87084,-10.2333,3.07854,-5.83603,-5.10101,6.14346,
7,-0.511509,-0.535097,-0.515612,0.273616,0.599253,-0.11357,-0.169686,0.275607,0.147686,-0.317615,0.156277,-0.833975,-0.241889,0.0809373,0.810796,-0.039387,2.07803,1.60332,-2.38488,12.9834,-4.83535,-0.322764,-0.570344,
8,-0.224634,0.779585,-0.581939,0.24703,0.251595,-0.0472173,-0.171082,0.252857,0.0820035,-0.132049,0.0970552,-0.552388,-0.294562,-0.303627,0.797788,0.0287559,-1.59105,-2.6418,4.82768,-7.41674,9.54369,-0.375945,-10.2475,
9,0.578691,0.794884,0.459812,-1,-0.72075,0.138437,-0.18897,0.0877027,-0.10581,0.387166,-0.333458,-0.0231223,-0.261264,-0.530538,0.705438,-0.400104,-4.0579,-3.15375,9.47491,-6.6741,8.62997,-0.428309,0.497073,
10,0.738284,-0.673152,0.563076,-1,-0.907886,0.185258,-0.193283,-0.0564705,0.0136645,0.518137,-0.125656,-0.127895,-0.188567,-0.142912,0.877674,0.360513,-1.32718,3.35951,3.74025,2.58429,-7.60806,1.53466,10.4828,
11,0.0528413,-0.813086,0.651921,-1,-0.0504178,0.00945942,-0.152619,0.0137995,0.354276,0.0264544,0.158742,-0.613911,-0.289214,0.303048,1.64861,0.820163,2.43094,7.00713,-13.8519,6.27963,-9.60491,-3.92262,6.24487,
12,-0.683424,-0.584451,-0.460171,0.059571,0.756278,-0.146169,-0.124728,0.129079,0.389511,-0.40879,0.466095,-0.998058,-0.22786,0.259116,1.16285,0.411693,1.96712,-2.51985,-3.28084,4.18986,-4.54807,3.04655,-4.67784,
13,-0.335631,0.889328,-0.957602,0.0654423,0.346005,-0.0649823,-0.10689,0.132163,0.0265725,-0.181731,0.0412204,-0.612178,0.0879136,-0.149115,1.38153,0.154431,-0.62386,-8.71469,4.96398,-12.0412,12.6987,7.81942,-8.00058,
14,0.539743,0.884412,0.462951,-1,-0.620031,0.117701,-0.136933,0.011833,-0.392214,0.329169,-0.49959,-0.0095926,0.0360658,-0.528455,1.77238,-0.780119,-2.89201,-6.41041,8.71787,-0.0679687,10.8867,-1.03777,0.501061,
15,0.62871,-0.557715,0.172384,-1,-0.726912,0.139758,-0.145247,-0.0510272,-0.225015,0.39086,-0.119474,0.00976719,-0.00381215,-0.118632,1.97934,0.494918,0.336818,4.16826,0.87915,0.132349,-5.93222,-1.12385,11.0074,
16,-0.308527,-0.836754,0.750762,-1,0.301303,-0.0565626,-0.106026,0.0660028,0.20961,-0.158184,-0.0465625,-0.489469,-0.176039,0.329644,2.26894,0.477252,2.6659,8.84405,-12.9973,2.98616,-10.8663,-4.52193,5.98765,
17,-0.700112,-0.734084,-0.303469,0.156833,0.80445,-0.157215,-0.107566,0.180403,0.230949,-0.439688,0.38399,-0.99717,-0.070477,0.245253,1.70312,-0.277493,1.89203,-3.56308,-0.418267,8.55864,-7.175,4.19393,-5.69449,
18,-0.313688,0.900659,-0.389897,0.140659,0.332663,-0.0624674,-0.123566,0.172069,-0.034086,-0.174697,0.162524,-0.621811,0.132419,-0.188204,2.50181,-0.339835,-0.5515,-5.07856,6.88221,-8.58784,13.561,4.32494,-8.24368,
19,0.617327,0.859312,0.2273,-1,-0.768734,0.148954,-0.163027,0.0569139,-0.277594,0.41658,-0.281852,-0.00668714,-0.10331,-0.532455,2.50296,-0.861828,-2.77114,-2.90754,10.1161,-6.42521,10.6114,-4.4945,0.604829,
20,0.68876,-0.627194,0.000874553,-1,-0.845777,0.167457,-0.18643,-0.0210825,0.00438744,0.468338,-0.135924,-0.0404809,-0.206551,-0.130217,2.355,-0.428274,-1.12054,8.80867,-2.47467,6.92953,-6.93165,-0.865634,10.8243,
21,-0.0657452,-0.868285,0.440958,-1,0.0633492,-0.0118856,-0.194626,0.0454439,0.458675,-0.0332395,0.0266429,-0.587527,-0.306299,0.311474,2.61579,-0.294429,2.29926,7.40684,-11.3958,1.8734,-11.6781,-2.79076,5.93585,
22,-0.570496,-0.487294,-0.0805903,0.164211,0.636244,-0.120953,-0.211217,0.18511,0.440621,-0.338263,0.318406,-1.0506,-0.187703,0.238204,2.246,-0.303123,2.50901,-3.78958,-2.36469,5.42128,-3.78065,3.25078,-5.5056,
23,-0.0275913,0.830504,-0.497402,0.178624,0.0300147,-0.00563138,-0.206968,0.196671,0.0946412,-0.0157488,0.248631,-0.64533,-0.199856,-0.187704,2.29088,0.550728,-1.05624,-6.3896,10.7237,-2.37085,11.2806,-5.43053,-8.61669,
24,0.682364,0.875027,-0.157504,-0.0367606,-0.894654,0.181108,-0.195554,0.0924161,-0.0876401,0.506525,-0.18851,-0.000449891,-0.324791,-0.46508,2.61427,0.18493,-2.18666,-1.46186,7.08908,-9.12156,11.4504,0.417412,-2.67586,
25,0.715196,0.371019,0.408138,-1,-0.9075,0.185133,-0.184569,0.0140462,0.148979,0.517788,-0.29552,0.313328,-0.341998,-0.224928,2.75559,0.221724,-1.40226,6.68137,-2.49311,2.09144,2.58197,-0.475746,8.22911,
26,0.379886,-0.926837,0.0961248,-1,-0.3878,0.0728751,-0.165715,-0.0266191,0.374528,0.203804,0.132658,-0.138971,-0.263092,0.223349,1.61548,0.152983,-0.262286,2.4947,-6.19207,9.20853,-14.1093,2.03798,8.04049,
27,-0.391574,-0.90038,-0.073756,-0.118108,0.386835,-0.0726927,-0.163565,0.0698137,0.449793,-0.203294,0.329089,-0.864627,-0.145952,0.331222,1.9352,-0.0776522,2.85467,1.25691,-6.65446,0.440072,-12.0976,0.880819,-1.7445,
28,-0.477526,0.676179,-0.396493,0.12826,0.514272,-0.09699,-0.157881,0.164191,0.279204,-0.271245,0.153227,-0.831014,-0.0864384,-0.020806,2.23035,0.232452,1.33829,-5.56277,0.831607,-4.64731,7.73856,1.50187,-8.43855,
29,0.47926,0.852528,-0.789167,0.0685331,-0.584998,0.110756,-0.173557,0.134277,-0.173249,0.309745,-0.181297,-0.27864,-0.149868,-0.539311,2.19435,-0.521662,-1.56914,-8.95816,11.3991,-6.1342,10.6844,-2.53919,-10.2571,
30,0.680785,0.753434,0.496143,-1,-0.87602,0.175641,-0.195697,0.0596508,-0.111176,0.491232,-0.459914,0.202661,-0.388247,-0.356871,2.978,-0.310712,-1.37423,5.98563,-0.272751,0.327004,7.32984,-3.69406,6.36029,
31,0.550618,-0.880027,0.0557654,-1,-0.625934,0.118882,-0.202319,-0.00921857,0.245002,0.332472,0.0800577,-0.075565,-0.356593,0.0763381,2.02133,-0.324745,-1.29709,6.34786,-3.21689,12.9239,-11.9628,2.88843,9.14318,
32,-0.182898,-0.901458,0.395481,-1,0.176451,-0.0331079,-0.21398,0.0551487,0.503437,-0.0925901,0.300073,-0.758348,-0.223246,0.32376,2.42409,-0.266961,2.58669,4.14633,-8.1549,-0.00567375,-12.2349,0.969097,1.51817,
33,-0.48828,0.0752354,-0.450424,0.175163,0.537933,-0.101564,-0.221317,0.192737,0.396882,-0.284038,0.348628,-1.03175,-0.105396,0.106498,2.41627,-0.00242682,2.33217,-4.436,-0.507453,1.06321,1.6989,1.55767,-6.97822,
34,0.21957,0.882988,-0.635048,0.13255,-0.246492,0.0462586,-0.213639,0.167413,-0.0011996,0.129367,-0.0371421,-0.521477,-0.261949,-0.252736,2.30935,0.310567,-1.90241,-7.81986,10.1763,-8.80234,12.2066,-4.77245,-7.28212,
35,0.682143,0.866865,0.032506,-1,-0.866389,0.172954,-0.212749,0.0367743,-0.117121,0.483716,-0.440503,0.11448,-0.351739,-0.393119,2.91133,-0.011189,-2.65529,1.10445,3.86326,-5.35287,10.3983,0.723167,0.154489,
36,0.705141,-0.736739,0.297023,-1,-0.855215,0.169935,-0.19696,-0.0529855,0.129709,0.47527,-0.244301,-0.0147714,-0.223584,-0.0862247,2.41255,0.434819,-1.05257,5.77939,-0.634206,5.33023,-9.0829,2.7274,8.7786,
37,-0.145664,-0.881888,0.484855,-1,0.137394,-0.0257786,-0.163882,0.0264516,0.443825,-0.0720929,0.115257,-0.613847,-0.240569,0.281145,2.74452,0.526901,2.64787,5.44867,-13.1429,6.91306,-11.9328,-2.58336,4.99745,
38,-0.665154,-0.130261,-0.3161,0.122963,0.747763,-0.144289,-0.14546,0.16065,0.365199,-0.403531,0.419393,-1.02909,-0.152752,0.19347,2.54153,0.355507,1.74062,-4.21184,-2.08233,3.11323,0.0818854,1.51616,-5.65553,
39,0.0169984,0.828657,-0.691747,0.0895542,-0.0178947,0.0033574,-0.137758,0.14426,-0.0570261,0.00938937,0.0710493,-0.515973,-0.00647805,-0.279782,2.53218,-0.00731263,-1.34218,-9.6708,8.54792,-10.1015,10.7042,-3.39837,-15.5864,
40,0.576294,0.876077,0.0341112,-1,-0.690865,0.132132,-0.162511,0.0379941,-0.283407,0.36953,-0.467579,0.109757,-0.110171,-0.526215,3.24858,-0.550021,-2.27198,-0.8245,4.5922,-8.00425,10.6559,-2.16344,0.93175,
41,0.623502,-0.674704,0.246888,-1,-0.725445,0.139443,-0.166188,-0.0387624,-0.0315355,0.389978,-0.264406,0.0460986,-0.127255,-0.145152,2.9045,0.294548,-0.688728,5.68453,1.19245,1.42709,-8.04338,0.25949,10.3202,
42,-0.210338,-0.890628,0.535685,-1,0.202258,-0.0379519,-0.137083,0.0513648,0.333191,-0.106137,-0.0161451,-0.562814,-0.19734,0.291456,3.12017,0.372988,2.64002,6.61601,-12.4904,6.46188,-12.6805,-2.74098,6.05206,
43,-0.674757,-0.484871,-0.191755,0.156212,0.770211,-0.149287,-0.133944,0.180108,0.308534,-0.417513,0.385305,-1.04945,-0.102945,0.228119,2.87068,-0.0567616,1.89534,-3.55791,-1.69529,5.9644,-3.55219,2.33809,-5.3745,
44,-0.164516,0.868739,-0.613268,0.126674,0.17292,-0.0324452,-0.138235,0.164386,-0.0277634,-0.0907367,0.170069,-0.581646,-0.00765794,-0.261531,3.0133,-0.0141498,-1.27584,-7.38264,7.96674,-7.49564,12.2731,-5.107,-15.6809,
45,0.605156,0.879188,0.12363,-1,-0.743768,0.143413,-0.165994,0.0483765,-0.271066,0.401082,-0.357953,0.091252,-0.140242,-0.524603,3.37437,-0.620831,-2.61887,-2.25965,7.59502,-8.93837,11.1066,-1.89974,1.8467,
46,0.659655,-0.653434,0.246554,-1,-0.783433,0.1523,-0.173518,-0.0431809,-0.0075955,0.425941,-0.236434,0.0455711,-0.156158,-0.121189,2.99805,-0.0769919,-1.54087,8.09878,-1.99971,7.48024,-7.62298,0.537157,10.6741,
47,-0.128889,-0.896572,0.34416,-1,0.122087,-0.0229064,-0.1545,0.0305575,0.40215,-0.0640604,0.0556661,-0.556872,-0.221883,0.31499,3.22704,0.174725,2.41608,6.89665,-12.3324,6.14658,-12.7311,-2.70933,5.85584,
48,-0.646453,-0.348038,-0.322673,0.126193,0.723795,-0.139089,-0.156382,0.162329,0.388447,-0.388989,0.33981,-1.0401,-0.14326,0.234832,3.02302,-0.0730824,1.93824,-3.26134,-2.18914,3.18424,-2.21581,1.50645,-5.88445,
49,-0.0862921,0.865496,-0.732162,0.123732,0.0909915,-0.0170719,-0.159219,0.162774,0.0131707,-0.0477436,0.0680037,-0.569278,-0.0507526,-0.275462,2.85645,-0.00484485,-1.09482,-9.23774,6.93743,-8.4904,11.8567,-5.72175,-16.5302,
50,0.575099,0.879317,0.209888,-1,-0.69148,0.13226,-0.188162,0.0428293,-0.286327,0.369889,-0.447832,0.0889506,-0.202982,-0.532128,3.33641,-0.664243,-2.88271,-2.91138,6.34676,-8.28633,10.8409,-2.09614,2.45753,
51,0.700718,-0.699649,0.584848,-1,-0.860733,0.171414,-0.181014,-0.0302198,-0.058747,0.479406,-0.265031,0.00370898,-0.18611,-0.124578,3.15345,0.487385,-0.552515,8.04096,0.254433,7.16327,-8.46444,1.44375,10.5078,
52,-0.250538,-0.892593,0.541019,-1,0.23969,-0.0449809,-0.154948,0.0443633,0.416614,-0.125794,0.26987,-0.581216,-0.243366,0.315708,3.32602,0.238163,2.21238,8.04121,-13.6574,9.40129,-11.9222,-2.95104,6.04686,
53,-0.658901,-0.284704,-0.273043,0.115418,0.737351,-0.142014,-0.155573,0.15641,0.381665,-0.397169,0.524513,-1.03224,-0.118973,0.229205,2.92291,-0.0235197,1.47958,-4.14425,-0.122902,1.01298,-1.0328,2.52275,-6.20639,
54,0.00854836,0.867028,-0.636329,0.0775032,-0.00894655,0.00167855,-0.159341,0.138266,-0.0182338,0.00469427,0.0905614,-0.535839,-0.00707457,-0.280983,2.83007,-0.0252428,-1.35286,-9.18293,7.92071,-10.9012,11.9774,-5.69136,-16.4008,
55,0.66377,0.858981,0.0120939,-1,-0.847592,0.167929,-0.174952,0.0585859,-0.212111,0.469658,-0.423014,0.102606,-0.185615,-0.53714,3.39084,-0.282373,-1.67579,-0.658238,5.78834,-7.62549,10.1774,-3.72714,1.01072,
56,0.644144,-0.724331,0.109556,-1,-0.78859,0.153491,-0.170775,0.0112105,0.0693482,0.429272,-0.209529,-5.4315e-05,-0.24583,-0.134434,2.9749,0.063709,-0.71914,7.77518,-2.90896,7.51825,-8.744,0.140331,11.0341,
57,-0.335016,-0.898851,0.106295,-1,0.327565,-0.0615068,-0.172645,0.0648289,0.450886,-0.172011,0.134328,-0.621243,-0.268588,0.311901,3.08531,-0.145104,2.25584,6.17975,-8.05755,3.68111,-12.6037,-1.63613,5.90257,
58,-0.547309,0.0152015,-0.366439,0.172217,0.609339,-0.11557,-0.182216,0.190316,0.343664,-0.32321,0.224112,-1.05712,-0.0866773,0.211915,2.87035,-0.0872447,1.65456,-5.01381,-0.243075,-0.237033,0.794889,2.95957,-6.56207,
59,0.161074,0.917544,-0.709463,0.119555,-0.176935,0.0331988,-0.191258,0.160753,-0.059362,0.0928443,-0.0498688,-0.494679,-0.149119,-0.379994,2.88244,-0.234132,-1.68829,-8.72707,7.74495,-6.91979,13.8014,-4.65395,-14.5144,
60,0.647591,0.866884,0.0448145,-1,-0.808183,0.158106,-0.219296,0.0358882,-0.203324,0.44218,-0.44987,0.169332,-0.32917,-0.518435,3.38912,-0.436181,-2.54662,1.42255,6.04305,-6.2891,10.3706,-2.50015,3.28373,
61,0.720452,-0.805106,0.715658,-1,-0.889705,0.179617,-0.209272,-0.0368321,0.123306,0.502354,-0.231466,-0.00772938,-0.275624,-0.086933,2.81609,0.254218,-0.959357,7.96237,-1.58681,8.04087,-10.5489,2.77879,10.8985,
62,-0.167839,-0.907098,0.296444,-1,0.160761,-0.0301633,-0.189065,0.045938,0.483948,-0.0843552,0.323015,-0.655619,-0.268718,0.337408,3.23559,0.290546,2.80291,5.67158,-13.4526,9.83154,-12.4409,-2.07217,5.37784,
63,-0.609863,-0.0462977,-0.333658,0.166521,0.687451,-0.131421,-0.18015,0.186548,0.408794,-0.367543,0.472828,-1.05876,-0.151446,0.220608,3.08488,0.257422,1.97437,-3.38672,1.12032,-0.40311,0.994445,1.77132,-6.70052,
64,0.149599,0.898824,-0.698643,0.155038,-0.166497,0.0312398,-0.169057,0.182346,-0.00861396,0.0873657,0.00730744,-0.51155,-0.135251,-0.369806,2.86476,0.203922,-1.07049,-9.77859,8.53509,-10.8267,13.019,-3.33159,-15.1318,
65,0.614059,0.877297,0.0242829,-1,-0.776635,0.150744,-0.180514,0.0818559,-0.22826,0.421588,-0.438065,0.156239,-0.294875,-0.511569,3.46523,-0.25314,-2.23438,-0.874041,4.01189,-0.874384,10.7921,-1.90008,3.75475,
66,0.612037,-0.763809,0.599457,-1,-0.720467,0.138377,-0.173044,-0.014423,0.0381105,0.386996,-0.147434,0.0364058,-0.235465,-0.0799067,2.90201,0.152175,-1.82421,7.47779,-1.94788,7.66359,-9.34614,2.6728,10.634,
67,-0.217814,-0.909007,0.197245,-1,0.207215,-0.0388825,-0.150069,0.038288,0.391702,-0.10874,0.247539,-0.606803,-0.18556,0.323777,3.20542,0.296824,2.17625,5.97711,-11.7563,7.81158,-12.7619,-0.954256,4.9961,
68,-0.622847,-0.0927539,-0.0789491,0.1118,0.689138,-0.131772,-0.145857,0.154507,0.357491,-0.368524,0.361446,-1.03786,-0.0828837,0.209475,3.12763,0.0961591,1.50249,-3.10923,-0.508966,-1.34768,0.244345,0.739761,-6.47164,
69,0.0491585,0.876543,-0.757787,0.058985,-0.0514458,0.00965229,-0.149947,0.129489,-0.0407094,0.0269937,0.0643066,-0.502256,-0.021706,-0.280293,3.03805,-0.172599,-1.51064,-9.46225,8.07413,-6.52052,12.2518,-4.7716,-15.0105,
70,0.602908,0.877579,0.000935444,-1,-0.722738,0.138863,-0.183341,0.016629,-0.260226,0.388355,-0.433675,0.147114,-0.147709,-0.521879,3.56928,-0.670481,-2.53746,-0.744754,4.83473,-8.6897,10.8162,-3.02447,0.269283,
71,0.703567,-0.738682,0.0697821,-1,-0.857835,0.170634,-0.180386,-0.0437904,0.0118087,0.477226,-0.322836,0.0337955,-0.161516,-0.152842,3.20917,0.334923,-0.336753,8.0188,0.453167,5.18818,-9.35429,0.851265,10.5138,
72,-0.22934,-0.898261,0.545549,-1,0.220214,-0.0413233,-0.161981,0.0494137,0.443442,-0.115565,0.00262563,-0.602459,-0.247308,0.302988,3.41058,0.202149,2.91187,6.83993,-12.5808,4.44668,-12.9639,-3.52119,6.41527,
73,-0.665472,-0.0439074,-0.291993,0.170912,0.76233,-0.147516,-0.16082,0.18942,0.358584,-0.41256,0.369179,-1.05441,-0.148636,0.228642,3.21663,0.0494772,1.68077,-4.528,-0.851365,6.12245,0.702705,1.8137,-6.18449,
74,0.089581,0.914205,-0.154974,0.0996699,-0.0959527,0.0180028,-0.165446,0.149685,-0.0821677,0.0503469,0.11023,-0.4851,-0.100107,-0.344638,3.03907,-0.161524,-1.99568,-9.72199,9.27778,-9.13918,14.0882,-2.14974,-14.5558,
75,0.655132,0.836866,0.0381428,-1,-0.810571,0.158679,-0.19142,0.0172664,-0.27262,0.443783,-0.240159,0.177706,-0.206313,-0.500191,3.7082,-0.358992,-2.41243,1.05314,7.11565,-3.97454,10.0252,-1.4642,3.05147,
76,0.693034,-0.774127,0.577406,-1,-0.831812,0.163895,-0.183573,-0.0577252,0.106027,0.458373,-0.171801,0.0346021,-0.183459,-0.0632822,3.13154,0.198515,-1.05833,9.08807,-2.01829,3.93989,-9.64186,1.18033,10.9225,
77,-0.219676,-0.916095,0.429685,-1,0.205692,-0.0385967,-0.16761,0.0191913,0.492881,-0.10794,0.227647,-0.617496,-0.239361,0.348278,3.29112,0.116174,2.61251,5.7715,-12.9202,8.55131,-13.1967,-2.90457,4.97017,
78,-0.626204,-0.0411152,-0.0501532,0.119986,0.695601,-0.133121,-0.166895,0.158891,0.398466,-0.372296,0.478554,-1.06847,-0.145682,0.208155,3.17651,0.117177,1.80786,-4.17308,0.330522,1.7492,1.0579,1.23423,-7.2308,
79,0.110611,0.874703,-0.594009,0.0932166,-0.118715,0.0222737,-0.168393,0.146313,-0.0448654,0.0622911,0.15149,-0.498561,-0.0482036,-0.324696,2.96695,-0.0639375,-1.39102,-10.2565,8.68238,-8.56215,12.4386,-6.38397,-17.3558,
80,0.603811,0.867637,0.012881,-1,-0.734329,0.141359,-0.193486,0.0350995,-0.259058,0.395336,-0.390535,0.154522,-0.242055,-0.506718,3.60812,-0.523748,-2.43552,-0.229286,3.93358,-8.76631,10.5767,-2.16006,3.05719,
81,0.686484,-0.747883,0.413831,-1,-0.834342,0.164532,-0.184196,-0.0343161,0.0313865,0.460154,-0.332292,0.0258623,-0.212717,-0.0983909,3.15848,0.440345,-0.670048,8.06169,0.300871,5.75654,-9.56483,1.83433,10.2879,
82,-0.234645,-0.903231,0.447789,-1,0.224597,-0.0421462,-0.159673,0.0454451,0.442164,-0.117867,0.151569,-0.612328,-0.236652,0.316529,3.34565,0.30386,2.612,6.45171,-12.8047,8.41772,-12.7593,-2.41951,5.44202,
83,-0.658327,-0.0773583,-0.267725,0.145579,0.745042,-0.143692,-0.154345,0.173579,0.362601,-0.401862,0.439024,-1.05022,-0.122047,0.210982,3.13535,0.125975,1.55063,-4.32022,-0.538592,2.37569,0.615453,1.72673,-6.4767,
84,0.0502386,0.893989,-0.634746,0.0775832,-0.052945,0.00993357,-0.159015,0.138365,-0.0747549,0.0277804,0.0650864,-0.48203,-0.0143686,-0.302351,2.9702,-0.139983,-1.96812,-9.96727,8.89494,-9.91721,12.9705,-6.03564,-16.9334,
85,0.695025,0.849984,0.0299516,-1,-0.891429,0.180133,-0.173088,0.0451267,-0.227417,0.503798,-0.415937,0.153769,-0.195356,-0.493697,3.65301,-0.218955,-1.71277,0.880041,5.26568,-7.27904,9.9031,-1.81716,2.74094,
86,0.650817,-0.738919,0.392415,-1,-0.789924,0.153801,-0.163278,-0.00628924,0.114215,0.430138,-0.217788,0.0364537,-0.223773,-0.0686475,3.09569,0.173082,-0.840132,8.33852,-3.44846,7.74775,-9.04679,0.158842,10.8071,
87,-0.36395,-0.91822,0.100236,-1,0.351376,-0.0659953,-0.161019,0.0456253,0.46904,-0.184564,0.251835,-0.612504,-0.252732,0.337599,3.12183,-0.0835809,2.2773,5.15398,-8.30611,6.56415,-13.2437,-1.86719,4.87787,
88,-0.559665,0.0233152,-0.452364,0.144864,0.61735,-0.117166,-0.167979,0.173168,0.330573,-0.327672,0.298744,-1.06955,-0.0817401,0.19125,2.98092,-0.0249203,1.57909,-5.28554,-0.0610388,-2.66474,1.08844,2.56871,-7.32877,
89,0.259625,0.917138,-0.490891,0.123611,-0.294332,0.0552512,-0.168984,0.163046,-0.0336161,0.154517,-0.0719352,-0.495363,-0.113732,-0.37722,3.09907,-0.0148429,-1.00113,-8.06504,8.02091,-8.8602,13.7138,-4.32733,-13.9248,
90,0.634545,0.865913,0.0527705,-1,-0.813473,0.159379,-0.188058,0.0863703,-0.152699,0.44574,-0.401933,0.173572,-0.335754,-0.506355,3.59833,-0.393591,-1.67699,1.2299,3.45697,-3.58039,10.4809,-3.41983,3.23974,
91,0.625758,-0.802343,0.423194,-1,-0.756866,0.146299,-0.188419,0.00980178,0.11592,0.409155,-0.164823,0.0198863,-0.317288,-0.106647,2.81454,-0.00558067,-1.4702,6.49196,-1.88109,7.62136,-10.2827,2.40837,10.0925,
92,-0.231315,-0.91476,0.498757,-1,0.22393,-0.042021,-0.184277,0.0593824,0.447094,-0.117517,0.26091,-0.653034,-0.237542,0.293555,3.07312,-0.0630782,2.17352,5.57098,-11.045,6.79962,-13.0251,-0.079156,5.21045,
93,-0.576953,-0.0372308,-0.0372079,0.155351,0.641978,-0.122109,-0.191586,0.17962,0.375657,-0.341497,0.485135,-1.06462,-0.0838628,0.197148,3.01047,-0.0608354,1.59681,-3.75907,-0.117955,1.66261,1.11243,1.59513,-6.05925,
94,0.141253,0.904453,-0.710743,0.108668,-0.153663,0.0288313,-0.197452,0.154583,-0.0220147,0.0806302,0.16855,-0.492631,-0.146797,-0.358753,2.80952,-0.12238,-1.53662,-9.18389,8.13054,-8.56147,13.7602,-5.14837,-14.5516,
95,0.742578,0.823523,0.161928,-1,-0.971359,0.211847,-0.203745,0.0863826,-0.0940403,0.592537,-0.345616,0.127946,-0.366502,-0.517203,3.27741,0.0165309,-1.26167,1.92069,5.44663,-9.64972,9.33041,-2.9236,2.9897,
96,0.681013,-0.789726,0.422338,-1,-0.87498,0.175347,-0.18478,0.0568871,0.203831,0.490408,-0.211829,-0.0479942,-0.382066,-0.0884765,2.67723,0.361716,-0.334282,6.622,-4.52278,8.02703,-10.1161,1.05222,10.7889,
97,-0.459634,-0.899256,0.425947,-1,0.478928,-0.0902022,-0.173346,0.124406,0.485872,-0.252262,0.285724,-0.689798,-0.336753,0.322733,2.59943,-0.126302,1.80539,4.239,-15.4213,8.08984,-12.1745,0.0327892,5.17376,
98,-0.559515,-0.0695871,-0.43943,0.193348,0.631043,-0.119907,-0.183728,0.204955,0.307893,-0.335338,0.526083,-1.03721,-0.0346542,0.180565,2.3358,-0.126045,1.00431,-5.90937,4.58021,1.28565,0.949867,6.00831,-6.97884,
99,0.244877,0.915469,-0.502035,0.0916866,-0.272655,0.0511751,-0.190796,0.145725,-0.0742503,0.143117,0.0106333,-0.468847,-0.119043,-0.431604,2.47153,-0.0664592,-1.88752,-6.70978,9.78902,-11.6575,13.8642,-4.76872,-13.645,
100,0.678155,0.845768,0.00143362,-1,-0.857246,0.170477,-0.207244,0.0319261,-0.128758,0.476785,-0.432347,0.170188,-0.315023,-0.444279,2.93385,-0.323284,-2.25446,2.27648,3.7333,-4.8845,9.72055,-1.6431,4.7415,
101,0.699273,-0.794075,0.257213,-1,-0.84662,0.167676,-0.199964,-0.0506325,0.148326,0.46895,-0.261495,0.00198487,-0.281019,-0.0193024,2.28718,0.301745,-0.952904,5.81873,-0.514546,4.47975,-10.3667,2.11757,10.0787,
102,-0.16415,-0.895949,0.242451,-1,0.156428,-0.0293503,-0.171972,0.0396257,0.451477,-0.0820816,0.0698831,-0.653923,-0.268808,0.338328,2.71062,0.443905,2.89945,5.27147,-13.4078,6.81708,-12.6612,-1.60468,3.99901,
103,-0.665573,0.00656339,-0.350712,0.156728,0.758086,-0.14657,-0.156532,0.180463,0.368061,-0.409914,0.314237,-1.05775,-0.141477,0.185617,2.54326,0.323509,1.77515,-4.29594,-1.84186,1.76822,0.986066,1.94583,-6.88335,
104,0.112731,0.857217,-0.281288,0.118965,-0.122335,0.0229528,-0.151681,0.160313,-0.0697401,0.0641903,0.0116592,-0.492983,-0.00934532,-0.330766,2.48069,-0.0268635,-1.54706,-10.0593,9.82603,-8.45193,11.4066,-5.60016,-17.238,
105,0.612414,0.851428,0.00458968,-1,-0.75707,0.146345,-0.172435,0.050583,-0.262259,0.409282,-0.297205,0.144688,-0.203014,-0.486376,3.26222,-0.411771,-2.30821,0.401359,3.88003,-3.33108,10.3052,-3.39395,2.93182,
106,0.622644,-0.760923,0.504426,-1,-0.727085,0.139795,-0.174906,-0.0334606,0.0455394,0.390964,-0.205838,0.0132806,-0.191369,-0.0517546,2.8414,0.110632,-1.02554,6.89181,0.312994,1.03638,-9.45746,1.55175,10.6932,
107,-0.209698,-0.897774,0.263305,-1,0.201361,-0.0377835,-0.156582,0.0496583,0.399958,-0.105666,0.112423,-0.622864,-0.204028,0.336328,3.11471,0.192766,2.6535,5.85151,-12.4445,8.11992,-12.6188,-1.96179,4.49784,
108,-0.643585,-0.0615945,-0.343668,0.156399,0.728702,-0.140143,-0.157178,0.180212,0.348746,-0.391937,0.352131,-1.04457,-0.111787,0.198411,3.00231,-0.012858,1.64448,-3.54829,-0.951731,1.34031,0.494359,1.07205,-6.81804,
109,0.10166,0.888969,-0.286157,0.116303,-0.109923,0.020624,-0.164987,0.158778,-0.0430972,0.0576775,0.0166726,-0.486071,-0.043527,-0.322797,2.81535,-0.136379,-1.59992,-9.34393,9.06208,-8.95304,12.6114,-7.17547,-17.3678,
110,0.622371,0.854732,0.00251202,-1,-0.768016,0.148792,-0.192066,0.040087,-0.245448,0.416128,-0.303131,0.164078,-0.253434,-0.50248,3.43885,-0.551982,-2.54296,-0.160064,4.42839,-3.37415,10.3951,-2.00386,3.27992,
111,0.693784,-0.770126,0.508807,-1,-0.844446,0.167112,-0.187172,-0.0382852,0.0613829,0.467374,-0.235835,0.0251425,-0.221746,-0.0842911,2.97329,0.293284,-0.915839,8.29396,-0.252516,3.9152,-9.74336,1.83093,10.4267,
112,-0.212553,-0.905297,0.414462,-1,0.202529,-0.0380029,-0.166216,0.0402372,0.450201,-0.10628,0.157669,-0.620283,-0.244704,0.325915,3.22161,0.248583,2.62342,6.00613,-13.4369,7.96309,-12.8419,-2.3716,5.2363,
113,-0.652266,-0.0590512,-0.0987967,0.144416,0.736643,-0.14186,-0.161462,0.172876,0.374311,-0.396739,0.429507,-1.05482,-0.133139,0.209749,3.05836,0.132276,1.6502,-4.15359,-0.646133,2.11915,0.749734,1.65835,-6.64897,
114,0.100789,0.879315,-0.693277,0.102341,-0.10833,0.0203252,-0.162579,0.151084,-0.0535149,0.0568417,0.140968,-0.489667,-0.029089,-0.313158,2.88127,-0.0304796,-1.62119,-9.93976,9.09825,-8.16026,12.5847,-6.57895,-17.4918,
115,0.615569,0.870475,2.3599e-05,-1,-0.752484,0.145329,-0.185978,0.0325478,-0.253135,0.406441,-0.423581,0.166813,-0.220798,-0.491792,3.51883,-0.490675,-2.5244,-0.00114742,4.14393,-9.46629,10.5799,-2.05442,3.17334,
116,0.67609,-0.747005,0.264311,-1,-0.809922,0.158523,-0.178427,-0.0457468,0.027938,0.443347,-0.312716,0.0403605,-0.188126,-0.0702778,3.0823,0.385721,-0.879072,7.49702,-0.0937391,4.7138,-9.48876,1.71024,10.437,
117,-0.22745,-0.90044,0.481029,-1,0.216474,-0.0406209,-0.149907,0.0386752,0.421367,-0.113601,0.0508814,-0.603244,-0.220148,0.331828,3.29631,0.352766,2.64389,6.56196,-13.3576,7.5283,-12.9231,-2.54729,5.00464,
118,-0.676099,-0.0760113,-0.314103,0.13582,0.765946,-0.148327,-0.143301,0.167827,0.355511,-0.414826,0.410623,-1.0485,-0.121439,0.206723,3.11888,0.126874,1.50492,-4.17974,-1.06304,4.27245,0.541676,1.37189,-6.78827,
119,0.0654423,0.879891,-0.549426,0.0675694,-0.0689079,0.0129286,-0.147685,0.133545,-0.0703243,0.0361562,0.0822386,-0.493165,-0.00329016,-0.306873,3.01737,-0.178935,-1.82237,-9.72721,9.1967,-9.96455,12.4344,-4.57558,-16.1649,
120,0.612974,0.871571,0.0005939,-1,-0.735428,0.141597,-0.17925,0.00953147,-0.278406,0.396002,-0.410831,0.160074,-0.140156,-0.489247,3.6574,-0.626416,-2.64459,-0.218959,4.42011,-6.97274,10.6586,-2.72726,1.52122,
121,0.701401,-0.739349,0.570071,-1,-0.848391,0.168137,-0.174634,-0.0538077,0.0246857,0.470241,-0.343641,0.0381276,-0.146186,-0.0924103,3.27422,0.355368,-0.383345,8.34412,0.311058,5.20952,-9.4295,0.797767,10.48,
122,-0.230524,-0.910673,0.530642,-1,0.219565,-0.0412013,-0.154712,0.0395305,0.443326,-0.115224,0.197386,-0.600008,-0.237945,0.328215,3.46603,0.20692,2.87075,6.54011,-12.9029,9.97622,-12.9962,-3.65435,5.44446,
123,-0.663053,-0.097555,-0.182879,0.150223,0.752705,-0.145377,-0.15507,0.176354,0.366184,-0.406577,0.506805,-1.05577,-0.148786,0.213069,3.33325,0.0402974,1.71136,-3.60573,1.65911,3.79279,0.64114,1.48925,-6.79318,
124,0.127614,0.8863,-0.738043,0.118416,-0.138929,0.0260666,-0.158027,0.159977,-0.0365418,0.0728982,0.143551,-0.492732,-0.0383396,-0.320719,3.07242,0.0129208,-1.45107,-9.49558,9.14836,-10.2836,12.873,-6.71733,-17.8387,
125,0.620855,0.880619,0.00165099,-1,-0.772549,0.149816,-0.179498,0.0530336,-0.227023,0.418992,-0.475028,0.177916,-0.24055,-0.498543,3.65395,-0.453217,-2.29449,-0.0598832,4.06343,-9.75762,10.8094,-2.49487,3.13685,
126,0.645802,-0.761227,0.00131519,-1,-0.763615,0.147804,-0.177502,-0.0370493,0.0335727,0.413364,-0.24961,0.0570966,-0.208955,-0.0774793,3.18094,0.293506,-1.155,6.46982,0.658618,4.23571,-9.59349,1.89006,10.4644,
127,-0.199098,-0.903753,0.434647,-1,0.189425,-0.0355432,-0.152706,0.0384104,0.420209,-0.0994006,-0.00947608,-0.603933,-0.205252,0.324955,3.36658,0.267304,2.51266,6.81153,-12.7195,4.82253,-13.2582,-1.75378,5.01926,
128,-0.662294,-0.0401152,-0.132504,0.134497,0.747126,-0.144149,-0.14931,0.167071,0.370114,-0.40314,0.33502,-1.05196,-0.11182,0.207721,3.25406,0.0779972,1.54194,-3.85187,-1.41918,5.21374,0.634096,0.792539,-6.60322,
129,0.111825,0.881065,-0.0986868,0.0821791,-0.119534,0.0224273,-0.153377,0.140625,-0.0480146,0.0627205,0.164623,-0.493271,-0.0262082,-0.30311,3.09144,-0.114889,-1.64727,-9.76167,9.5237,-6.91425,12.7233,-5.48108,-16.3429,
130,0.625546,0.856636,0.00012958,-1,-0.767364,0.148645,-0.180446,0.0292499,-0.248356,0.415718,-0.165138,0.17118,-0.186604,-0.493708,3.70557,-0.524035,-2.38094,0.00488039,4.12525,-4.52407,10.8671,-3.03723,1.26286,
131,0.680994,-0.774371,0.58829,-1,-0.818321,0.160557,-0.180399,-0.0457114,0.0844981,0.449035,-0.170367,0.0479369,-0.184526,-0.108643,3.17289,0.0871086,-0.998597,8.76293,-0.583642,2.6532,-9.64302,1.31663,10.4427,
132,-0.190292,-0.916101,0.350624,-1,0.180333,-0.0338366,-0.169201,0.0335435,0.460326,-0.0946281,0.182724,-0.610526,-0.230864,0.31544,3.38582,0.0796517,2.75977,5.50027,-12.7263,7.60121,-13.3299,-2.75668,5.58923,
133,-0.633166,-0.0357542,-0.261834,0.150736,0.713254,-0.136841,-0.17166,0.176683,0.38463,-0.3827,0.409839,-1.06214,-0.14695,0.214882,3.33048,0.0177806,1.83381,-3.7814,-0.735799,1.33894,0.897379,1.00553,-6.4739,
134,0.110044,0.903253,-0.161683,0.114561,-0.119117,0.0223491,-0.176547,0.157754,-0.0407092,0.0625017,0.054663,-0.509549,-0.103466,-0.342259,3.22078,-0.196712,-1.39355,-9.71941,8.8237,-9.24929,13.3668,-1.40441,-13.7466,
135,0.630365,0.869859,0.00312724,-1,-0.779271,0.151346,-0.203907,0.0361297,-0.255659,0.423271,-0.254615,0.145039,-0.274787,-0.510214,3.76659,-0.479545,-2.63664,-0.117915,5.01522,-3.07705,11.0628,-2.50976,3.07304,
136,0.710206,-0.775097,0.315968,-1,-0.874501,0.175211,-0.19459,-0.033883,0.11844,0.49003,-0.139378,0.0199923,-0.250159,-0.0942993,3.16478,0.208989,-1.10553,9.07505,-1.78952,4.63226,-9.56775,1.97,10.4687,
137,-0.201064,-0.907399,0.321986,-1,0.189625,-0.0355806,-0.183858,0.0278486,0.517128,-0.0995052,0.173642,-0.623316,-0.262211,0.324802,3.33238,0.100483,2.51948,5.88281,-11.0826,4.81788,-12.8991,-2.23785,5.44218,
138,-0.603656,-0.0062816,-0.186209,0.139181,0.671584,-0.128141,-0.180266,0.16977,0.403808,-0.358368,0.35081,-1.0635,-0.144216,0.213419,3.15933,0.184606,1.9184,-4.89156,-1.08366,1.28978,0.981475,1.6722,-6.65985,
139,0.181062,0.900944,-0.76151,0.128132,-0.200702,0.03766,-0.17266,0.165621,-0.0292687,0.10532,0.0994281,-0.509356,-0.130388,-0.358539,3.05838,0.123167,-1.05449,-9.76419,8.62879,-7.5152,13.3886,-2.92798,-14.344,
140,0.624518,0.870397,0.0331624,-1,-0.789594,0.153724,-0.187272,0.073189,-0.209312,0.429923,-0.448913,0.151518,-0.298433,-0.506593,3.6284,-0.312879,-2.07007,0.399926,3.79585,-9.36791,10.5004,-2.54173,3.18716,
141,0.616443,-0.765516,0.467398,-1,-0.727849,0.13996,-0.18337,-0.0141886,0.0619717,0.391424,-0.197604,0.0206791,-0.257675,-0.0913142,3.033,0.0659762,-1.64668,7.20003,-1.9605,8.20059,-9.53064,2.41596,10.429,
142,-0.191425,-0.90357,0.175593,-1,0.183996,-0.034524,-0.162088,0.0507655,0.396586,-0.0965503,0.176779,-0.625534,-0.208053,0.310058,3.39389,0.283618,2.39745,5.72962,-12.0618,7.47148,-12.7013,-0.784046,5.06256,
143,-0.623759,-0.0625377,-0.0239121,0.146044,0.699593,-0.133957,-0.157503,0.173895,0.359426,-0.374636,0.330482,-1.04199,-0.0950499,0.206488,3.32666,0.105415,1.6305,-3.02864,-0.472856,-0.0729483,0.421214,1.03467,-6.17092,
144,0.0684123,0.898524,-0.490301,0.100362,-0.072981,0.0136928,-0.160422,0.149933,-0.0425289,0.0382934,0.0988755,-0.480702,-0.0409554,-0.291248,3.09808,-0.0429875,-1.68811,-9.66019,8.62632,-5.50775,13.2743,-7.06384,-16.577,
145,0.617388,0.860307,0.0375348,-1,-0.75278,0.145394,-0.186023,0.0275774,-0.259457,0.406624,-0.306459,0.186261,-0.207255,-0.508089,3.65591,-0.537453,-2.61983,-0.466026,4.75414,-6.97376,10.572,-1.41857,1.92284,
146,0.700016,-0.752541,0.636312,-1,-0.847951,0.168022,-0.178567,-0.0505167,0.0519408,0.469919,-0.2768,0.0573676,-0.169952,-0.112447,3.17426,0.381404,-0.896524,8.57831,-0.0594959,4.64175,-9.49391,1.35206,10.3097,
147,-0.231796,-0.918132,0.300316,-1,0.218193,-0.0409437,-0.155937,0.0253264,0.454989,-0.114504,0.229784,-0.595167,-0.229703,0.315754,3.30484,0.221863,2.5236,6.23887,-13.6828,10.225,-13.3041,-3.09297,5.77252,
148,-0.649143,-0.0636439,-0.031321,0.114164,0.724118,-0.139158,-0.153774,0.155748,0.388341,-0.389182,0.447067,-1.05987,-0.13818,0.216911,3.18005,0.107802,1.58627,-3.79649,0.248415,0.0615073,0.762003,1.23156,-6.55667,
149,0.0887239,0.873815,-0.795383,0.0631724,-0.0937077,0.0175816,-0.156405,0.131464,-0.0505505,0.0491689,0.124311,-0.504018,-0.0246968,-0.294957,3.00863,-0.122256,-1.58672,-10.2187,8.72688,-7.69391,12.3251,-4.92747,-16.3742,
150,0.606344,0.879611,0.0262901,-1,-0.728082,0.14001,-0.186402,0.0160557,-0.265338,0.391564,-0.459303,0.152045,-0.163966,-0.521589,3.64064,-0.614188,-2.51516,-0.318778,4.1316,-10.1433,10.8176,-2.71103,0.589346,
151,0.697583,-0.724724,0.0616302,-1,-0.849397,0.1684,-0.180007,-0.0408682,0.0108727,0.470977,-0.330222,0.0342204,-0.163079,-0.141536,3.26731,0.443627,-0.306761,7.99521,0.534767,5.6394,-9.10996,0.561039,10.2896,
152,-0.248289,-0.89924,0.229066,-1,0.238266,-0.0447134,-0.15793,0.0481676,0.444625,-0.125046,0.0230374,-0.597369,-0.249229,0.300976,3.38752,0.216474,2.69935,6.96479,-12.909,5.19964,-12.949,-3.35008,6.18262,
153,-0.654349,-0.0160209,-0.357703,0.157352,0.743259,-0.143302,-0.156181,0.180766,0.368551,-0.400771,0.270041,-1.05381,-0.139982,0.22036,3.17003,0.0757206,1.58548,-4.44788,-0.452544,2.84861,0.65427,1.93652,-6.23885,
154,0.0861591,0.907004,-0.747279,0.0853583,-0.0917016,0.0172052,-0.163642,0.142229,-0.0824814,0.0481163,0.00164238,-0.473857,-0.0237282,-0.298847,2.96165,-0.170442,-2.15449,-10.2578,9.27766,-7.75027,13.3951,-6.67992,-17.6706,
155,0.62472,0.873362,0.0112589,-1,-0.748618,0.144476,-0.194137,-0.00175481,-0.286655,0.404057,-0.469772,0.195343,-0.190326,-0.477328,3.62677,-0.594845,-3.04653,0.206781,4.32514,-7.48439,10.5467,-1.94007,2.8343,
156,0.728074,-0.780015,0.502499,-1,-0.892381,0.180419,-0.17398,-0.0548292,0.046609,0.504599,-0.281264,0.0329787,-0.15432,-0.0510393,3.22525,0.591953,-0.292014,9.17313,-0.826883,7.74094,-10.0978,1.58591,10.6116,
157,-0.360746,-0.91445,0.303262,-1,0.343593,-0.0645276,-0.151975,0.029616,0.491916,-0.180459,0.281491,-0.614446,-0.237302,0.355258,3.29441,0.155154,2.5918,6.78336,-13.1154,8.96656,-12.9471,-3.86824,4.94726,
158,-0.644799,-0.00904261,-0.104701,0.12324,0.720814,-0.138451,-0.151773,0.160689,0.365911,-0.387204,0.431824,-1.07455,-0.118233,0.19774,2.99874,0.103049,1.52751,-5.46174,1.42986,-0.969569,1.2007,2.16671,-7.71782,
159,0.169046,0.881259,-0.705096,0.0695853,-0.182431,0.0342302,-0.155467,0.134573,-0.087197,0.0957288,0.0850703,-0.490953,-0.00411034,-0.336337,3.01749,-0.154144,-1.57703,-9.94694,8.76878,-8.15402,12.4967,-5.61092,-16.7753,
160,0.609193,0.8815,0.00278816,-1,-0.739697,0.142524,-0.183303,0.028597,-0.246236,0.398597,-0.445264,0.171478,-0.204891,-0.483987,3.69073,-0.534204,-2.27406,1.02403,3.38535,-8.62139,10.9347,-3.8662,2.67904,
161,0.66958,-0.7547,0.185196,-1,-0.802265,0.156696,-0.180778,-0.0398962,0.0494232,0.438236,-0.29201,0.0397839,-0.202665,-0.0696431,3.16997,0.244239,-0.82958,7.58241,0.0609795,5.84534,-9.58346,1.28675,10.1851,
162,-0.20978,-0.904841,0.0934751,-1,0.20054,-0.0376296,-0.160942,0.0442059,0.434953,-0.105236,0.0512861,-0.613631,-0.23295,0.322456,3.37041,0.206161,2.70052,6.25472,-12.9697,6.18547,-13.1326,-2.30295,4.86706,
163,-0.648591,0.00766172,-0.212274,0.155269,0.735,-0.141504,-0.159286,0.179517,0.374078,-0.395743,0.244362,-1.05733,-0.129407,0.198819,3.24543,0.0716651,1.67937,-3.83717,-0.662826,1.19549,0.788032,1.3284,-6.67794,
164,0.119355,0.901084,-0.0703542,0.104617,-0.128943,0.0241927,-0.164619,0.152333,-0.0629335,0.0676578,0.0325676,-0.479087,-0.0383857,-0.320397,3.0157,-0.108411,-1.8342,-10.2206,9.55103,-5.79787,13.1986,-6.98763,-17.5051,
165,0.627446,0.851753,0.00647351,-1,-0.769125,0.149042,-0.190151,0.0266756,-0.26885,0.416827,-0.166399,0.191971,-0.231238,-0.492005,3.70191,-0.502599,-2.62353,0.245863,4.03329,-1.98345,10.7033,-1.83065,3.42306,
166,0.685051,-0.7905,0.703067,-1,-0.821502,0.161335,-0.182512,-0.0520677,0.11253,0.451213,-0.10027,0.055588,-0.197806,-0.0686349,3.05409,0.165278,-1.33063,9.14137,-1.84991,2.91131,-9.80537,1.85383,10.4969,
167,-0.184961,-0.921385,0.39637,-1,0.172647,-0.032394,-0.167626,0.015346,0.478588,-0.0905937,0.258187,-0.608769,-0.222475,0.335167,3.27737,0.174756,2.64108,5.17539,-12.1816,7.61357,-13.4071,-2.52087,4.9888,
168,-0.627571,-0.0442004,-0.104551,0.117987,0.696863,-0.133385,-0.164434,0.157818,0.390602,-0.373035,0.449128,-1.06344,-0.143376,0.207715,3.23096,0.145317,1.8355,-4.01564,-1.19647,0.193936,0.941131,0.728012,-6.89819,
169,0.112495,0.875238,-0.0143274,0.101284,-0.121174,0.0227351,-0.163245,0.150511,-0.0340733,0.0635814,0.117394,-0.501239,-0.056858,-0.314264,3.03832,0.0029355,-1.23857,-10.03,8.77536,-8.46499,12.3584,-6.10941,-16.9965,
170,0.603108,0.85075,0.0281338,-1,-0.740779,0.14276,-0.184389,0.0491449,-0.258754,0.399256,-0.169409,0.153404,-0.241834,-0.50142,3.69442,-0.44315,-2.2106,-0.455426,3.99407,-2.83608,10.6621,-2.09605,2.76295,
171,0.654742,-0.761854,0.42162,-1,-0.783703,0.152362,-0.179608,-0.0285418,0.056478,0.426114,-0.132951,0.0389527,-0.212835,-0.105781,3.14948,0.210162,-1.1696,8.61454,-0.490667,2.79076,-9.262,1.84651,10.1233,
172,-0.209094,-0.908455,0.14878,-1,0.198544,-0.0372549,-0.163829,0.0360554,0.451909,-0.104188,0.147457,-0.60458,-0.217286,0.304773,3.28642,0.142581,2.41412,5.99609,-12.1419,5.83023,-13.0296,-1.93103,5.4294,
173,-0.610425,-0.0332824,-0.158468,0.136287,0.67954,-0.129781,-0.163392,0.168125,0.386526,-0.362955,0.297072,-1.05228,-0.118892,0.2084,3.2098,0.0821801,1.77549,-3.58424,0.164245,0.679022,0.581541,0.952103,-6.26324,
174,0.108504,0.891968,-0.691345,0.106907,-0.117032,0.0219579,-0.166281,0.153471,-0.0363516,0.0614078,0.0532058,-0.490519,-0.0578747,-0.296321,2.9808,-0.0501267,-1.4745,-9.98903,8.60391,-6.18331,12.8471,-7.19122,-17.0122,
175,0.615967,0.86773,0.00295266,-1,-0.756625,0.146246,-0.191119,0.0388775,-0.247207,0.409005,-0.407232,0.168814,-0.253116,-0.494296,3.59074,-0.525407,-2.47857,-0.211597,4.30131,-7.95725,10.5297,-1.6658,2.59863,
176,0.679208,-0.753089,0.387863,-1,-0.818158,0.160517,-0.185197,-0.0408063,0.0320963,0.448924,-0.346195,0.0347572,-0.20632,-0.0993885,3.13695,0.371064,-0.871673,7.33549,0.0479761,4.38546,-9.71207,2.06581,10.1832,
177,-0.223228,-0.899737,0.00565648,-1,0.214091,-0.0401736,-0.155073,0.0480598,0.411032,-0.11235,0.0668994,-0.612442,-0.224836,0.311846,3.41976,0.401241,2.73283,6.39283,-13.6597,9.13825,-12.8432,-2.36093,5.41502,
178,-0.676039,-0.0191554,-0.0391886,0.152075,0.770661,-0.149389,-0.147184,0.177528,0.35858,-0.417797,0.253836,-1.04854,-0.119981,0.21016,3.21514,0.14085,1.51146,-3.94358,-1.06245,-0.554455,0.57836,1.50556,-6.34901,
179,0.116936,0.892367,-0.0810247,0.0952824,-0.125778,0.023599,-0.147945,0.1473,-0.0731704,0.0659973,0.0832941,-0.48407,-0.0108432,-0.300957,3.09253,-0.0383825,-1.80996,-10.0461,9.67047,-4.26854,12.9529,-5.66707,-16.7924,
180,0.626254,0.848892,0.0125901,-1,-0.769368,0.149097,-0.170904,0.0307222,-0.263194,0.41698,-0.133534,0.18634,-0.176211,-0.471041,3.79436,-0.465209,-2.36471,0.520125,4.04585,-3.08399,10.7085,-2.25391,2.70105,
181,0.655494,-0.75609,0.142057,-1,-0.770555,0.149365,-0.170214,-0.0529886,0.0733314,0.41773,-0.149762,0.0706725,-0.162121,-0.0561506,3.22866,0.151031,-1.23064,8.44514,-0.366571,1.16971,-9.19101,0.99691,10.2349,
182,-0.183747,-0.914595,0.319756,-1,0.171663,-0.0322094,-0.156251,0.0163539,0.475453,-0.0900774,0.0350776,-0.59052,-0.206737,0.330876,3.27318,0.0600908,2.5153,6.31494,-12.0667,4.7588,-13.6822,-2.58136,4.6735,
183,-0.629269,-0.007226,-0.0549215,0.115393,0.698408,-0.133709,-0.15925,0.156438,0.403799,-0.373941,0.316475,-1.06451,-0.139372,0.19786,3.23892,0.0306162,1.78934,-3.84791,-0.825166,3.98787,0.870489,0.28388,-6.93044,
184,0.108602,0.874018,-0.752529,0.079786,-0.115902,0.0217459,-0.165897,0.139473,-0.0424285,0.060815,0.156494,-0.502211,-0.0585122,-0.315803,3.01563,-0.198138,-1.49171,-10.3837,9.12005,-5.79863,12.4275,-5.63303,-16.4778,
185,0.620185,0.867189,0.0021,-1,-0.756069,0.146122,-0.197031,0.0250751,-0.250827,0.40866,-0.403501,0.148235,-0.234351,-0.499702,3.63158,-0.63004,-2.49008,-0.0479109,4.04199,-10.4496,10.5216,-2.25677,2.55138,
186,0.693834,-0.74435,0.487125,-1,-0.844749,0.167191,-0.190517,-0.0379058,0.0440585,0.467593,-0.325581,0.0212186,-0.221491,-0.10636,3.18304,0.323953,-0.659064,7.94702,-0.65544,6.45405,-9.47412,1.55179,10.165,
187,-0.229233,-0.903595,0.129856,-1,0.220262,-0.0413323,-0.167027,0.0502538,0.438771,-0.115591,0.16878,-0.615484,-0.25197,0.308804,3.4046,0.248782,2.64979,6.36575,-13.9357,9.58631,-12.7262,-2.35662,5.54101,
188,-0.655361,-0.0434101,-0.0224607,0.157571,0.74469,-0.143615,-0.163955,0.180935,0.3777,-0.401646,0.346626,-1.05091,-0.127706,0.210032,3.17208,0.0836066,1.60582,-4.14976,-0.751584,-1.15048,0.639547,1.99029,-6.33167,
189,0.12257,0.90441,-0.419671,0.105539,-0.132563,0.024872,-0.163802,0.152818,-0.0589474,0.0695574,0.105345,-0.500987,-0.0849789,-0.347504,3.07138,-0.058781,-1.62217,-9.92227,8.99263,-5.75834,13.5719,-2.11703,-13.9502,
190,0.627572,0.855238,0.00667799,-1,-0.772758,0.149863,-0.187767,0.032845,-0.252218,0.419124,-0.285611,0.159675,-0.223456,-0.497954,3.68422,-0.494924,-2.55482,0.341009,4.22317,-6.4886,10.464,-1.88354,3.04214,
191,0.691687,-0.752003,0.0223779,-1,-0.836586,0.1651,-0.182802,-0.0456908,0.0785765,0.461743,-0.261577,0.032565,-0.198718,-0.076517,3.18135,0.260425,-0.960105,8.63366,-0.303869,4.29719,-9.4377,1.41602,10.4929,
192,-0.194288,-0.900696,0.20665,-1,0.183363,-0.0344053,-0.166073,0.028635,0.485557,-0.0962183,-0.00358934,-0.612835,-0.241074,0.331661,3.2885,0.141269,2.57378,6.28361,-12.7692,4.6291,-13.0952,-2.67628,5.12448,
193,-0.631535,0.0146372,-0.257687,0.136028,0.706909,-0.135498,-0.163551,0.167939,0.400151,-0.378943,0.260369,-1.06234,-0.147159,0.208524,3.15553,0.138461,1.80698,-4.29925,-0.553151,3.62909,0.89737,1.20996,-6.8344,
194,0.117916,0.887638,-0.136986,0.095596,-0.126882,0.0238062,-0.166278,0.147522,-0.0575088,0.0665767,0.0559682,-0.48963,-0.0464667,-0.315633,2.94084,-0.108164,-1.65674,-10.4993,9.26571,-6.66554,12.6709,-6.3535,-17.3559,
195,0.61578,0.854337,0.000361084,-1,-0.749798,0.144736,-0.192168,0.0270378,-0.274342,0.404784,-0.202566,0.171074,-0.230657,-0.49639,3.65023,-0.515445,-2.55844,0.041183,3.88403,-2.9942,10.6806,-1.98045,3.04743,
196,0.69607,-0.780734,0.406245,-1,-0.849249,0.168362,-0.181302,-0.0366648,0.114533,0.470868,-0.12646,0.0394788,-0.207791,-0.0899322,3.02746,0.23755,-1.00808,9.28714,-1.65068,3.67857,-9.65627,1.75075,10.2941,
197,-0.247615,-0.915155,0.0996129,-1,0.233725,-0.0438605,-0.17099,0.0281892,0.509367,-0.122661,0.197128,-0.615032,-0.239414,0.322576,3.10696,0.043863,2.52087,5.62311,-11.5188,5.49971,-13.2355,-2.64385,5.33701,
198,-0.597134,0.0284023,-0.302742,0.137162,0.662675,-0.126315,-0.171807,0.168608,0.393357,-0.353259,0.287503,-1.07067,-0.132939,0.205333,2.98696,0.111013,1.8579,-4.64762,0.194238,-0.756407,1.10011,1.36954,-6.81608,
199,0.143131,0.893374,-0.187768,0.108518,-0.155762,0.0292253,-0.174936,0.154449,-0.0574736,0.0817321,-0.0295492,-0.485689,-0.0605269,-0.317653,2.82529,-0.0966976,-1.5104,-10.3031,8.66335,-7.36822,12.6653,-7.65574,-17.7773,
200,0.608786,0.854474,0.0168811,-1,-0.744532,0.14358,-0.199512,0.0386662,-0.265068,0.40155,-0.25326,0.171234,-0.27933,-0.502038,3.54206,-0.491849,-2.5005,0.205942,3.755,-1.85005,10.5349,-2.01348,3.34435,
201,0.683108,-0.797394,0.33107,-1,-0.829766,0.163383,-0.189819,-0.0323001,0.109057,0.45694,-0.115248,0.0222531,-0.235666,-0.0954836,2.90078,0.197868,-1.18263,8.96328,-1.55556,4.66905,-10.0148,2.46707,10.2788,
202,-0.230533,-0.910998,0.118628,-1,0.217751,-0.0408608,-0.179711,0.029475,0.513247,-0.114272,0.198411,-0.633365,-0.232382,0.315828,3.00854,0.00296003,2.37843,6.11623,-12.1348,5.46858,-13.01,-2.05965,5.34825,
203,-0.591367,0.0343253,-0.322909,0.132967,0.654201,-0.124587,-0.181753,0.166199,0.417006,-0.348426,0.305779,-1.07181,-0.126227,0.205357,2.84206,0.0931301,1.84706,-4.62722,-0.171387,-0.754002,1.20709,1.1663,-6.61654,
204,0.187183,0.90067,-0.0619023,0.111544,-0.206371,0.0387241,-0.181654,0.156128,-0.0304916,0.108296,-0.0159603,-0.519785,-0.122397,-0.354143,2.79044,-0.0917521,-1.18181,-10.0487,8.57839,-7.83189,13.0365,-2.65643,-13.9559,
205,0.622806,0.850972,0.0168531,-1,-0.775355,0.150453,-0.205041,0.0521668,-0.232378,0.420773,-0.208339,0.130923,-0.310111,-0.504987,3.44919,-0.470013,-2.33384,0.24457,3.59995,-0.888977,10.5542,-2.77553,3.07176,
206,0.681097,-0.78602,0.425531,-1,-0.83374,0.16438,-0.200273,-0.0194606,0.110111,0.45973,-0.101346,-0.00501807,-0.282851,-0.10338,2.86883,0.140644,-1.08964,8.65594,-1.19026,3.68365,-9.70366,2.27366,10.1554,
207,-0.201627,-0.902126,0.0923817,-1,0.192507,-0.0361216,-0.191408,0.042688,0.497921,-0.101018,0.206894,-0.642526,-0.259956,0.304949,3.08037,0.0692194,2.46085,5.60844,-11.2953,5.02034,-12.5431,-1.44258,5.36115,
208,-0.574492,0.00849754,-0.180181,0.158073,0.639598,-0.121629,-0.189464,0.181274,0.404168,-0.340154,0.284163,-1.05949,-0.127808,0.205226,2.92989,0.151529,1.98272,-4.24909,-0.130308,-0.820326,0.913636,1.76544,-6.24386,
209,0.121511,0.906324,-0.615748,0.131164,-0.132836,0.0249233,-0.187201,0.16745,-0.0447987,0.069701,0.0138874,-0.501914,-0.148072,-0.362129,2.77217,-0.0243359,-1.43966,-10.1014,8.16408,-6.14926,13.3972,-4.20684,-14.777,
210,0.614018,0.862101,0.000892032,-1,-0.755485,0.145993,-0.209027,0.0427494,-0.254087,0.408298,-0.38742,0.155474,-0.30468,-0.515212,3.35486,-0.435986,-2.83611,-0.0161824,4.32838,-6.58209,10.3913,-1.85263,3.27167,
211,0.706678,-0.778881,0.676827,-1,-0.867974,0.173391,-0.195267,-0.0350782,0.0868858,0.484936,-0.272641,-0.0051207,-0.236722,-0.089006,2.86684,0.362935,-1.02038,8.78139,-0.902136,6.88161,-10.0466,2.72844,10.6716,
212,-0.250233,-0.905282,0.163807,-1,0.236827,-0.0444431,-0.176305,0.0313062,0.489642,-0.12429,0.310762,-0.63887,-0.243557,0.332338,3.04368,0.153505,2.30479,6.21168,-13.6679,10.8811,-12.3874,-2.37812,5.41465,
213,-0.604868,-0.0454695,-0.0933554,0.117575,0.667439,-0.12729,-0.173478,0.157582,0.408682,-0.355987,0.442584,-1.06074,-0.125906,0.213425,2.8104,0.160519,1.70118,-4.20709,1.13067,-2.18486,0.910036,1.75539,-6.83188,
214,0.121859,0.865714,-0.778273,0.0923908,-0.131077,0.0245932,-0.172322,0.145829,-0.0361805,0.0687778,0.0619845,-0.503557,-0.0401518,-0.307211,2.66309,-0.0292091,-1.31449,-10.3062,8.12281,-8.06052,11.8467,-6.75784,-17.2166,
215,0.594712,0.872287,0.0152848,-1,-0.719306,0.138129,-0.196288,0.0350686,-0.251521,0.386303,-0.472155,0.136535,-0.251012,-0.49592,3.34657,-0.522207,-2.44269,-0.265826,3.82299,-8.8268,10.4995,-2.2287,2.95226,
216,0.685733,-0.743494,0.265149,-1,-0.835901,0.164926,-0.185307,-0.0294014,0.00937156,0.461258,-0.332162,0.00790843,-0.216914,-0.097717,2.96124,0.50872,-0.482994,7.52124,0.533488,5.59439,-9.47679,2.02415,10.0711,
217,-0.246119,-0.889275,0.271119,-1,0.237722,-0.0446111,-0.156961,0.0561893,0.417358,-0.12476,0.0723688,-0.614775,-0.238254,0.310402,3.22341,0.430321,2.75811,6.39089,-12.5028,5.93805,-12.3627,-2.45135,5.37773,
218,-0.657125,-0.0571105,-0.38643,0.165872,0.749614,-0.144696,-0.146378,0.186218,0.336698,-0.40467,0.300877,-1.04061,-0.11662,0.2073,3.00609,0.210478,1.6201,-4.25937,-0.125178,2.45347,0.381183,2.04117,-6.32992,
219,0.0660918,0.89665,-0.0097457,0.104436,-0.0705922,0.0132446,-0.147799,0.152149,-0.0863928,0.03704,-0.0111412,-0.474902,-0.0060164,-0.300587,2.91431,-0.0795779,-1.94077,-9.5722,8.97583,-8.56582,12.8654,-6.06911,-16.9064,
220,0.607348,0.847263,0.00226838,-1,-0.733137,0.141101,-0.173262,0.0222235,-0.293318,0.394615,-0.198399,0.186221,-0.165737,-0.471036,3.61329,-0.517331,-2.70497,-0.0262454,4.49852,-0.436682,10.4657,-1.86739,2.79537,
221,0.677131,-0.75953,0.433675,-1,-0.805115,0.157373,-0.167224,-0.0568216,0.0667919,0.44013,-0.123811,0.0587481,-0.140794,-0.0537886,3.08713,0.215683,-1.19646,9.34754,-1.13469,3.02832,-9.18618,1.05517,10.1997,
222,-0.197801,-0.914966,0.0557103,-1,0.184008,-0.0345262,-0.151165,0.011489,0.467535,-0.0965566,0.144552,-0.588472,-0.211086,0.335058,3.21397,0.160861,2.57663,5.82458,-12.095,5.50445,-13.3803,-3.27644,4.71719,
223,-0.624125,-0.00205405,-0.314552,0.10645,0.68944,-0.131835,-0.149749,0.151687,0.394282,-0.3687,0.25141,-1.05976,-0.149524,0.198967,3.17226,0.123137,1.81591,-3.6735,-0.278329,-0.318728,0.722798,0.517259,-7.02736,
224,0.10725,0.91347,-0.441745,0.0827894,-0.114536,0.0214896,-0.153411,0.140736,-0.0431396,0.060098,-0.0355056,-0.492619,0.00872638,-0.266365,3.23618,-0.279949,-0.998113,-10.0301,8.54001,-6.77047,13.6204,1.21865,-11.4359,
225,0.621663,0.868007,0.0014518,-1,-0.76612,0.148366,-0.185136,0.0387986,-0.267717,0.414936,-0.341273,0.140418,-0.202282,-0.529775,3.74531,-0.640154,-2.21159,-0.249162,4.41987,-4.06348,10.7377,-3.11128,2.5468,
226,0.668217,-0.735363,0.35564,-1,-0.805578,0.157483,-0.186805,-0.0302939,0.0359961,0.440439,-0.261689,0.0379565,-0.227239,-0.120891,3.27922,0.183896,-0.826908,7.95886,-0.342677,3.60516,-9.10785,0.843443,10.5164,
227,-0.207874,-0.906714,0.248676,-1,0.199748,-0.0374807,-0.169266,0.0505124,0.438057,-0.104819,0.0987376,-0.60684,-0.251718,0.30774,3.45166,0.138195,2.55684,6.53082,-12.9225,7.77904,-13.0856,-1.87299,5.72905,
228,-0.634937,-0.0463861,-0.297089,0.158735,0.717969,-0.137844,-0.170589,0.181645,0.385831,-0.385505,0.351184,-1.05255,-0.124954,0.216694,3.31148,0.0187522,1.68197,-3.6015,-0.124207,2.07866,0.626752,1.70394,-6.25082,
229,0.102449,0.915983,-0.596988,0.102357,-0.110158,0.020668,-0.174093,0.151117,-0.0446295,0.0578005,0.0342089,-0.492349,-0.114701,-0.346916,3.03787,-0.104926,-1.74677,-9.93048,8.77501,-8.51397,13.9617,-3.17683,-14.3516,
230,0.627663,0.862364,0.00821422,-1,-0.764862,0.148083,-0.201101,0.0183713,-0.263037,0.414146,-0.415299,0.173382,-0.242553,-0.500677,3.58639,-0.54603,-2.90835,-0.296046,4.46456,-6.63442,10.3164,-1.41423,3.00728,
231,0.722485,-0.771124,0.231679,-1,-0.886975,0.178807,-0.185988,-0.0479924,0.0787958,0.50009,-0.262294,0.0212196,-0.199016,-0.0813989,3.12399,0.436312,-0.732596,9.07848,-1.09009,7.32206,-9.84363,1.79149,10.5138,
232,-0.242313,-0.904455,0.489399,-1,0.228844,-0.0429438,-0.165155,0.0290055,0.497081,-0.120097,0.133914,-0.621898,-0.252107,0.335434,3.29858,0.262204,2.69702,6.14013,-12.3799,5.20521,-12.8707,-3.18985,5.32318,
233,-0.645876,-0.0188185,-0.461709,0.136455,0.725886,-0.139538,-0.157055,0.168172,0.375813,-0.390243,0.403735,-1.06503,-0.145517,0.210456,3.08318,0.240033,1.72575,-5.17248,-0.663125,3.31433,1.02924,1.82017,-6.9722,
234,0.0757742,0.892492,-0.332329,0.0764584,-0.0802111,0.0150493,-0.158089,0.137849,-0.0885066,0.0420871,-0.0050677,-0.482902,-0.018015,-0.315111,2.96946,-0.135324,-1.87809,-10.3094,8.86989,-11.2334,12.6987,-5.51343,-17.0891,
235,0.598002,0.86941,0.0107221,-1,-0.709095,0.135959,-0.186536,0.00641946,-0.311644,0.380235,-0.370472,0.176584,-0.168057,-0.482508,3.6835,-0.539141,-2.83907,-0.171405,4.14163,-3.40779,10.7009,-2.54207,2.41948,
236,0.699955,-0.764863,0.076329,-1,-0.846013,0.167518,-0.171346,-0.0536666,0.0489503,0.468509,-0.256539,0.0367642,-0.147627,-0.0714627,3.22412,0.396873,-0.674606,9.4862,-0.836425,6.31503,-9.69122,1.56962,10.4824,
237,-0.261002,-0.904266,0.0804601,-1,0.245677,-0.0461054,-0.154076,0.0243243,0.490971,-0.128939,0.0579307,-0.607389,-0.221525,0.338373,3.3081,0.162721,2.7106,6.48758,-11.9291,3.76605,-13.085,-3.64375,5.12491,
238,-0.641521,0.0504928,-0.29324,0.132331,0.71899,-0.138061,-0.152074,0.165806,0.377786,-0.386114,0.19772,-1.0677,-0.140628,0.204854,3.10878,0.126557,1.73749,-5.101,-0.534028,0.978463,1.03007,1.21924,-7.16038,
239,0.150815,0.891977,-0.410128,0.0839946,-0.162849,0.0305553,-0.155929,0.141591,-0.0881103,0.0854513,-0.010801,-0.486869,-0.0319045,-0.321736,3.04319,-0.172185,-1.68724,-10.3818,9.37418,-5.79152,12.6595,-5.46406,-16.8885,
240,0.619453,0.874741,0.0170525,-1,-0.757113,0.146354,-0.183741,0.0291742,-0.266679,0.409309,-0.311155,0.181504,-0.205823,-0.484643,3.75379,-0.501978,-2.40384,0.923216,3.6247,-4.33645,11.0757,-3.48758,2.15207,
241,0.682259,-0.778663,0.252465,-1,-0.821519,0.16134,-0.178558,-0.0439516,0.0688885,0.451225,-0.248245,0.049399,-0.197106,-0.0838273,3.22446,0.257481,-0.85829,8.49846,-0.0517841,4.29187,-9.96922,1.72981,10.4269,
242,-0.234707,-0.912646,0.283999,-1,0.222446,-0.0417423,-0.163891,0.0334627,0.476786,-0.116737,0.103324,-0.617142,-0.225917,0.326469,3.3304,0.0710148,2.6099,6.37462,-12.8599,6.61734,-13.377,-2.53147,5.21529,
243,-0.63031,0.00800566,-0.18126,0.141862,0.706949,-0.135506,-0.166529,0.171361,0.393553,-0.378967,0.352901,-1.07075,-0.128901,0.205697,3.21303,0.0406078,1.75216,-4.16213,0.323301,2.57332,1.1144,1.07808,-6.84715,
244,0.138524,0.894481,-0.761753,0.101455,-0.150145,0.0281713,-0.172832,0.150648,-0.0528413,0.0787843,0.0869814,-0.484439,-0.0527533,-0.321873,2.96382,-0.128955,-1.65624,-10.3295,9.24565,-7.54425,13.0567,-7.44218,-17.8087,
245,0.62541,0.872848,0.00330683,-1,-0.767455,0.148666,-0.200041,0.0298265,-0.249256,0.415775,-0.45349,0.180125,-0.26521,-0.501847,3.61037,-0.548247,-2.58386,0.294284,3.83148,-9.18554,10.577,-2.01122,3.43645,
246,0.695188,-0.771524,0.576847,-1,-0.845713,0.16744,-0.187994,-0.0402176,0.0482974,0.468291,-0.31342,0.0322342,-0.225509,-0.0822971,3.14248,0.439672,-0.792056,7.97063,-0.633413,6.32309,-10.0045,2.13062,10.4438,
247,-0.214848,-0.907263,0.194184,-1,0.206045,-0.0386629,-0.157342,0.0480922,0.427779,-0.108125,0.177858,-0.620524,-0.239827,0.327647,3.47133,0.468112,2.84513,6.02446,-13.4374,9.31954,-12.8799,-2.32522,5.21861,
248,-0.675726,-0.0382909,-0.151292,0.157006,0.77173,-0.14963,-0.145658,0.180553,0.355275,-0.418473,0.353827,-1.05187,-0.126915,0.211103,3.29585,0.234113,1.59538,-3.91157,-0.280157,-0.274524,0.706565,1.6777,-6.63938,
249,0.0727002,0.898172,-0.241495,0.0917224,-0.0773583,0.014514,-0.145261,0.145475,-0.0852903,0.0405902,0.0471959,-0.477459,-0.00351938,-0.307223,3.1505,-0.0526957,-1.95714,-10.1448,9.38864,-7.16409,13.1061,-5.33478,-16.8113,
250,0.614261,0.85827,0.0026718,-1,-0.741865,0.142997,-0.170263,0.0172728,-0.296092,0.399919,-0.2537,0.192588,-0.145332,-0.470382,3.85527,-0.507203,-2.62809,0.070545,4.33959,-3.75183,10.6599,-1.76092,2.95018,
251,0.683587,-0.73748,0.555074,-1,-0.814124,0.159536,-0.163156,-0.060246,0.0505233,0.446181,-0.220901,0.0772582,-0.1274,-0.0455874,3.36062,0.348107,-0.976438,9.186,-0.197553,3.34219,-9.02797,0.734271,10.293,
252,-0.236115,-0.922341,0.46723,-1,0.218965,-0.0410888,-0.145137,0.00749069,0.469918,-0.11491,0.21249,-0.572958,-0.209226,0.344368,3.35478,0.120553,2.43032,6.22772,-12.5589,8.73863,-13.5989,-3.41699,4.68453,
253,-0.6369,-0.0839387,-0.178295,0.0839518,0.700538,-0.134156,-0.147343,0.140373,0.389569,-0.375191,0.485472,-1.06126,-0.138535,0.198822,3.29821,0.0446748,1.63297,-3.84628,0.43598,2.30527,0.697762,0.655597,-7.30419,
254,0.0844111,0.926204,-0.30336,0.0613566,-0.0889986,0.016698,-0.154549,0.130371,-0.0317407,0.046698,0.113759,-0.491066,0.0734184,-0.229895,3.57694,-0.428294,-0.608084,-9.41786,7.82354,-9.87614,14.7942,6.76137,-7.0855,
255,0.617052,0.863867,0.00342234,-1,-0.750759,0.144948,-0.186104,0.0249375,-0.272701,0.405376,-0.30691,0.152698,-0.168811,-0.515634,3.80643,-0.726676,-2.11748,-0.849291,4.55265,-5.35134,10.6936,-1.23216,3.94897,
256,0.681616,-0.739392,0.355635,-1,-0.821091,0.161234,-0.180346,-0.0428117,0.0385831,0.450931,-0.255231,0.0794571,-0.199147,-0.125098,3.21127,0.278752,-0.856995,8.5654,-0.902765,4.54889,-9.16698,1.27768,10.6629,
257,-0.224207,-0.917102,0.382575,-1,0.213232,-0.0400123,-0.159723,0.0378441,0.44815,-0.111899,0.111571,-0.580953,-0.228467,0.316744,3.3037,0.182498,2.62268,6.37387,-13.1664,7.35792,-13.5952,-2.27789,5.98584,
258,-0.657299,-0.0615734,-0.33445,0.14645,0.743905,-0.143443,-0.160041,0.174051,0.376639,-0.401166,0.394154,-1.05523,-0.121158,0.225751,3.19559,0.0258385,1.66535,-4.05343,-0.664868,2.66212,0.620682,1.21744,-6.46524,
259,0.113678,0.895688,-0.556218,0.10753,-0.122791,0.0230384,-0.165245,0.153863,-0.0438957,0.0644297,0.0542635,-0.4899,-0.0397477,-0.304722,2.95265,-0.0609446,-1.61977,-9.89868,9.24365,-9.68673,13.0143,-7.22676,-17.8734,
260,0.623283,0.872908,0.0101203,-1,-0.766944,0.148551,-0.189884,0.0353609,-0.252776,0.415454,-0.414751,0.177611,-0.24318,-0.494873,3.59108,-0.509142,-2.51345,-0.161654,4.16538,-6.54434,10.6963,-1.8409,3.2232,
261,0.683423,-0.758781,0.498866,-1,-0.823207,0.161755,-0.18231,-0.04446,0.0425226,0.452387,-0.302301,0.0462269,-0.203746,-0.078387,3.11154,0.35992,-0.975364,7.95511,-0.340065,5.56179,-9.69877,1.93372,10.4119,
262,-0.229395,-0.910416,0.186516,-1,0.217844,-0.0408782,-0.155927,0.0359751,0.436719,-0.114321,0.167025,-0.607008,-0.224341,0.328569,3.31904,0.305354,2.58991,6.40885,-13.5196,9.56078,-13.0725,-2.37519,5.15537,
263,-0.657167,-0.045429,-0.188207,0.132004,0.739598,-0.142503,-0.151001,0.165631,0.377183,-0.398536,0.367606,-1.05494,-0.121279,0.208391,3.16047,0.131994,1.58923,-3.79828,-0.0233661,-0.0395869,0.684468,1.29306,-6.75933,
264,0.0872139,0.885199,-0.0673361,0.0753879,-0.0924959,0.0173542,-0.154047,0.137295,-0.061396,0.048533,0.0427674,-0.494618,-0.0166959,-0.306054,3.00197,-0.134687,-1.71956,-10.1904,9.01453,-7.72165,12.5312,-5.26045,-16.4387,
265,0.608164,0.858757,0.00118252,-1,-0.731326,0.140709,-0.182757,0.0164871,-0.28589,0.39352,-0.195153,0.166385,-0.170656,-0.481219,3.67921,-0.553668,-2.62263,-0.293913,4.17237,-2.03106,10.8496,-2.98295,1.69635,
266,0.695447,-0.77893,0.490672,-1,-0.843601,0.166894,-0.175024,-0.044631,0.0987164,0.466763,-0.11324,0.0410014,-0.172976,-0.0963584,3.11531,0.152285,-0.907329,9.41975,-1.54313,3.46892,-9.57654,1.34237,10.2587,
267,-0.239688,-0.916436,0.406241,-1,0.225745,-0.0423617,-0.168451,0.0257885,0.499291,-0.11847,0.217546,-0.609959,-0.234334,0.319491,3.23687,-0.006122,2.66607,5.59012,-11.2389,5.55357,-13.2455,-3.21634,5.42849,
268,-0.603635,-0.018492,-0.347839,0.139444,0.671637,-0.128152,-0.172442,0.16994,0.383153,-0.358398,0.408443,-1.06897,-0.144752,0.206512,3.15181,0.0389515,1.89152,-4.47587,0.236908,1.84217,1.04633,1.22627,-6.75517,
269,0.117925,0.896609,-0.236097,0.111581,-0.127721,0.0239635,-0.17827,0.156136,-0.0506558,0.0670167,0.0191673,-0.483888,-0.0705997,-0.31753,2.91466,-0.093657,-1.56238,-9.97812,8.54964,-10.0948,12.9526,-8.0344,-17.8517,
270,0.614878,0.856361,0.00131888,-1,-0.753062,0.145456,-0.202749,0.0356998,-0.265922,0.406798,-0.308596,0.174843,-0.284297,-0.504136,3.58937,-0.436582,-2.50676,-0.022825,4.90743,-3.22911,10.4327,-1.78288,3.29101,
271,0.689322,-0.792859,0.635143,-1,-0.837979,0.165453,-0.190664,-0.0363664,0.0982624,0.462733,-0.163781,0.0211362,-0.231206,-0.0936731,2.97932,0.252637,-1.1732,8.93174,-1.72196,5.58649,-10.0485,2.55166,10.3888,
272,-0.206434,-0.911556,0.368056,-1,0.195683,-0.0367178,-0.17254,0.0339854,0.477935,-0.102686,0.262857,-0.629874,-0.232949,0.320262,3.23459,0.218203,2.58314,5.56128,-12.7908,7.92037,-12.8483,-2.21634,5.36129,
273,-0.605593,-0.049862,-0.365229,0.140754,0.674518,-0.128745,-0.167162,0.170709,0.393821,-0.360056,0.45525,-1.05971,-0.133269,0.210901,3.12083,0.196736,1.84069,-3.9928,-0.210999,0.227774,0.909388,1.23514,-6.55318,
274,0.0889088,0.889615,-0.600001,0.11702,-0.0958984,0.0179926,-0.165285,0.159109,-0.0339789,0.0503184,-0.00341975,-0.488515,-0.0563469,-0.305349,2.90257,0.0132411,-1.4083,-10.0526,8.31598,-10.9733,12.5797,-7.10074,-17.3961,
275,0.597882,0.872192,0.0307238,-1,-0.728518,0.140104,-0.187875,0.0424679,-0.271266,0.391826,-0.460151,0.166112,-0.246142,-0.49917,3.5551,-0.486289,-2.5625,-0.82436,4.31969,-5.3079,10.5324,-1.50936,2.93834,
276,0.668206,-0.753823,0.599186,-1,-0.801293,0.156466,-0.177307,-0.0375725,-0.00742816,0.437592,-0.29901,0.0348327,-0.188756,-0.0932352,3.17101,0.496656,-0.845548,7.28482,0.0924233,4.68015,-9.58628,2.25346,10.2941,
277,-0.264305,-0.902972,0.177687,-1,0.253178,-0.0475146,-0.14374,0.0452954,0.394891,-0.13288,0.18608,-0.60217,-0.206258,0.318239,3.41624,0.422445,2.51526,6.88118,-13.7742,10.3747,-12.6451,-2.4267,5.36054,
278,-0.678726,-0.0842089,-0.225764,0.128506,0.767394,-0.148652,-0.136999,0.163655,0.349501,-0.415737,0.368512,-1.04175,-0.100661,0.210048,3.17908,0.110653,1.34552,-3.8815,-0.271778,-1.09314,0.341887,1.49395,-6.51064,
279,0.109806,0.881782,-0.744798,0.0672054,-0.116671,0.0218901,-0.138535,0.133335,-0.0587978,0.0612181,0.0311768,-0.499867,0.00804147,-0.29206,3.13559,-0.087153,-1.6076,-9.50661,9.03283,-8.00502,12.3591,-4.3165,-15.583,
280,0.616422,0.886185,0.0124163,-1,-0.752979,0.145438,-0.167242,0.0308622,-0.244745,0.406747,-0.464091,0.162292,-0.107183,-0.498583,3.87278,-0.694335,-1.83523,0.168321,4.05527,-7.91667,11.0674,0.267702,3.88322,
281,0.646363,-0.692147,0.149552,-1,-0.752535,0.14534,-0.163438,-0.0574043,0.027327,0.406472,-0.250188,0.160295,-0.146276,-0.139908,3.14147,0.422618,-1.10756,6.17052,0.849755,3.03263,-8.29142,0.751783,10.2552,
282,-0.183998,-0.92685,0.442573,-1,0.172079,-0.0322875,-0.130194,0.0176172,0.385902,-0.0902958,0.0154557,-0.515285,-0.177041,0.301426,3.1416,0.4224,2.56234,6.20763,-12.427,5.92756,-14.4548,-2.14592,6.19314,
283,-0.686173,-0.123805,-0.203706,0.10721,0.771586,-0.149598,-0.12403,0.152054,0.347931,-0.418382,0.354388,-1.037,-0.108985,0.232681,3.21438,0.0819497,1.54457,-3.07988,-1.96219,4.60532,-0.0553808,-0.0382211,-6.05982,
284,-0.0168741,0.92373,-0.67839,0.0467747,0.0174034,-0.00326524,-0.133468,0.123846,-0.0573572,-0.00913162,0.11247,-0.489072,0.0846451,-0.191218,3.46705,-0.496838,-1.14453,-9.22473,8.57323,-7.91763,14.6385,6.57788,-7.66979,
285,0.629825,0.867188,0.0675286,-1,-0.757698,0.146484,-0.173175,-0.000788683,-0.300079,0.409672,-0.416714,0.140849,-0.0780709,-0.51356,3.7568,-0.896402,-2.43094,-1.02184,5.55983,-8.79295,10.4817,-0.225289,1.64177,
286,0.707619,-0.678779,0.046922,-1,-0.856355,0.170239,-0.172805,-0.0582749,0.00563201,0.476119,-0.32892,0.0803498,-0.128818,-0.153103,3.3298,0.333195,-0.328134,8.83552,-0.360848,5.81503,-8.30216,-0.515701,10.2846,
287,-0.218513,-0.911047,0.389817,-1,0.206953,-0.0388334,-0.153775,0.0328814,0.450546,-0.108602,-0.000528481,-0.555692,-0.250834,0.300157,3.33532,0.113171,2.69443,6.98906,-13.3261,5.5221,-13.5982,-3.71612,6.47516,
288,-0.663028,-0.0603275,-0.350931,0.14298,0.750526,-0.144897,-0.157075,0.171988,0.385241,-0.405232,0.337368,-1.05195,-0.156038,0.229091,3.19786,-0.0242692,1.65476,-4.15631,-1.0365,4.66401,0.461463,1.55802,-6.21684,
289,0.0979723,0.892897,-0.100172,0.0949883,-0.104927,0.0196866,-0.165285,0.14716,-0.0482673,0.0550558,0.0665699,-0.493278,-0.0389004,-0.297895,2.92686,-0.134217,-1.77549,-10.1279,9.36588,-8.92961,12.9269,-6.61186,-17.9015,
290,0.631203,0.854659,0.00541588,-1,-0.772981,0.149914,-0.19245,0.0222624,-0.270321,0.419266,-0.224175,0.17245,-0.222738,-0.492924,3.62187,-0.474173,-2.50088,-0.0766651,5.30521,-2.86113,10.6272,-2.17808,2.69365,
291,0.694685,-0.776314,0.522161,-1,-0.84134,0.166312,-0.184308,-0.0462939,0.10523,0.465136,-0.131649,0.0407707,-0.203005,-0.0834844,3.02162,0.179989,-1.09844,9.20527,-1.96762,4.01728,-9.57208,1.51402,10.3743,
292,-0.207223,-0.915088,0.285088,-1,0.19501,-0.0365915,-0.17051,0.0252672,0.486402,-0.102332,0.203085,-0.611588,-0.241035,0.325978,3.19751,0.121047,2.60897,5.44813,-12.6267,6.49894,-13.2142,-2.63306,5.22363,
293,-0.608919,-0.0265158,-0.0851883,0.134914,0.677209,-0.1293,-0.168762,0.167303,0.395673,-0.361609,0.384628,-1.06398,-0.144252,0.207578,3.14229,0.142109,1.91343,-3.84136,0.573527,1.28896,0.903475,1.19872,-6.76717,
294,0.128172,0.878795,-0.777547,0.120592,-0.139682,0.0262078,-0.167961,0.161188,-0.0334607,0.0732932,0.111336,-0.494958,-0.0625596,-0.315765,2.92087,0.0190747,-1.26374,-10.061,8.68764,-7.12546,12.4771,-7.22642,-17.6512,
295,0.61074,0.871937,0.00120449,-1,-0.757721,0.146489,-0.188759,0.056954,-0.235499,0.409686,-0.444795,0.160357,-0.275001,-0.504927,3.54705,-0.445563,-2.28573,-0.0527509,3.99457,-9.75269,10.5695,-2.11431,3.12355,
296,0.651549,-0.763539,0.23716,-1,-0.778559,0.151183,-0.184126,-0.0280886,0.028483,0.422816,-0.269447,0.029437,-0.228567,-0.0959953,3.08999,0.31922,-1.06084,6.94194,0.343618,4.57385,-9.70131,2.35584,10.3542,
297,-0.217432,-0.897247,0.217442,-1,0.208927,-0.039204,-0.157374,0.0504325,0.410161,-0.109638,0.0534727,-0.617662,-0.213625,0.313303,3.34875,0.328554,2.54062,6.59847,-13.0287,6.8377,-12.7681,-1.65626,5.2892,
298,-0.659704,-0.0394438,-0.0785146,0.149186,0.74795,-0.14433,-0.151854,0.175769,0.360743,-0.403647,0.298611,-1.04653,-0.104836,0.209755,3.17326,0.106242,1.5252,-3.8518,-0.91848,1.99786,0.53143,1.27829,-6.32297,
299,0.110559,0.889506,-0.120716,0.0963956,-0.1188,0.0222895,-0.15435,0.147873,-0.0582232,0.0623352,0.12052,-0.484749,-0.0212922,-0.298633,3.02292,-0.056947,-1.73846,-9.78448,9.37721,-5.57309,12.9395,-6.27529,-16.7722,
300,0.624436,0.847119,0.00526048,-1,-0.766584,0.14847,-0.178565,0.031204,-0.253658,0.415227,-0.161318,0.181161,-0.197033,-0.479119,3.66463,-0.484622,-2.45173,0.1987,4.19995,-4.01447,10.5707,-2.59464,2.11466,
301,0.676895,-0.781786,0.533244,-1,-0.810596,0.158685,-0.177218,-0.0469315,0.0842347,0.443799,-0.163652,0.0428793,-0.173186,-0.0725294,3.14746,0.112277,-1.02555,8.80588,-0.564852,2.47017,-9.78983,1.56942,10.4896,
302,-0.202051,-0.913221,0.210105,-1,0.191109,-0.0358592,-0.165632,0.0313391,0.46273,-0.100284,0.163165,-0.613988,-0.219572,0.332305,3.35148,0.0811226,2.74499,5.56335,-12.5921,7.10306,-13.2314,-2.90622,5.01668,
303,-0.619154,-0.012436,-0.287774,0.147927,0.694102,-0.132808,-0.167807,0.174982,0.387189,-0.37142,0.34686,-1.06382,-0.144362,0.205473,3.31264,0.0436591,1.89646,-3.57657,0.263718,0.997128,0.915084,0.799758,-6.89168,
304,0.130335,0.897765,-0.714734,0.124911,-0.142384,0.0267149,-0.172124,0.163733,-0.0349686,0.0747112,0.0184613,-0.486146,-0.0724334,-0.325824,3.01804,-0.0491759,-1.44224,-10.051,9.03102,-8.28953,13.0031,-7.69396,-18.0289,
305,0.622476,0.873297,0.0011573,-1,-0.773897,0.150121,-0.195655,0.0505099,-0.242654,0.419846,-0.460356,0.178428,-0.288495,-0.511177,3.63506,-0.476617,-2.47461,-0.0876616,4.1136,-7.4194,10.5729,-2.04006,3.38172,
306,0.677659,-0.778926,0.545506,-1,-0.819099,0.160746,-0.18819,-0.0346877,0.0279791,0.449566,-0.297245,0.0311992,-0.233034,-0.0874946,3.222,0.451676,-0.867805,7.14063,0.719877,4.06622,-10.1208,2.47808,10.5877,
307,-0.240811,-0.905543,0.377745,-1,0.231019,-0.0433523,-0.157954,0.0480367,0.419757,-0.12124,0.174064,-0.623794,-0.225153,0.327052,3.48992,0.374621,2.57243,6.63759,-13.9632,10.0101,-12.8056,-1.90413,5.28947,
308,-0.674656,-0.0693454,-0.283906,0.141735,0.765721,-0.148276,-0.150911,0.171277,0.362471,-0.414685,0.444226,-1.05244,-0.106394,0.21212,3.27328,0.140064,1.4442,-4.03774,-0.378003,1.15004,0.702623,1.60871,-6.63764,
309,0.117905,0.893471,-0.613594,0.0858642,-0.126386,0.0237129,-0.151353,0.142484,-0.0532853,0.066316,0.0614652,-0.488308,-0.00612984,-0.305361,3.11944,-0.0106551,-1.69324,-9.71556,9.29634,-10.0441,12.937,-5.85851,-16.7367,
310,0.623177,0.873941,0.000107922,-1,-0.762981,0.147662,-0.174533,0.028509,-0.250652,0.412967,-0.442064,0.179509,-0.181734,-0.472041,3.75695,-0.480511,-2.3794,0.00132616,4.09162,-7.17823,10.6524,-2.62543,2.58558,
311,0.66622,-0.740913,0.282491,-1,-0.791091,0.154072,-0.171256,-0.0490946,0.0294547,0.430897,-0.281201,0.0576462,-0.16872,-0.0579918,3.31733,0.331714,-0.861667,7.29729,0.322417,4.32962,-9.27394,0.989492,10.192,
312,-0.217847,-0.90894,0.484454,-1,0.206317,-0.038714,-0.146934,0.0328572,0.420252,-0.108268,0.0759511,-0.592624,-0.2177,0.329883,3.47859,0.266454,2.61981,6.49538,-13.0103,7.22402,-13.2648,-2.6503,4.73126,
313,-0.671859,-0.0718367,-0.0679726,0.127418,0.757904,-0.14653,-0.14441,0.163058,0.361114,-0.4098,0.413862,-1.05176,-0.126798,0.198494,3.35654,0.0584248,1.50498,-3.92935,-1.21879,3.89489,0.588656,1.11845,-6.84302,
314,0.110048,0.877776,-0.660366,0.076657,-0.117345,0.0220167,-0.148043,0.137922,-0.0492148,0.0615721,0.190636,-0.497651,-0.0182454,-0.312511,3.22136,-0.0936627,-1.57081,-9.57672,9.35977,-7.66936,12.6714,-4.9114,-16.0868,
315,0.625398,0.879007,0.000113111,-1,-0.768367,0.148871,-0.17491,0.0315099,-0.235146,0.416349,-0.390642,0.167454,-0.173987,-0.48341,3.78391,-0.522623,-2.29989,0.105208,4.17366,-10.0638,11.0014,-3.40425,1.45725,
316,0.657693,-0.750485,0.0988537,-1,-0.775018,0.150376,-0.178111,-0.0517464,0.0367292,0.420559,-0.319877,0.0561922,-0.180328,-0.0957691,3.34469,0.2407,-0.77025,6.28378,1.48473,1.98107,-9.58034,1.19245,10.368,
317,-0.19429,-0.902156,0.509094,-1,0.18576,-0.0348552,-0.153278,0.0443209,0.404668,-0.0974766,-0.0505867,-0.605216,-0.216384,0.31514,3.57632,0.272381,2.85362,6.58026,-13.266,6.93483,-13.3024,-2.39781,5.29414,
318,-0.676605,-0.0517077,-0.27642,0.15829,0.773315,-0.14999,-0.150848,0.181379,0.357211,-0.419478,0.384943,-1.05293,-0.128683,0.209782,3.47584,0.037488,1.61136,-3.68209,-1.48784,6.42005,0.680728,1.01632,-6.41453,
319,0.0529628,0.906635,-0.189285,0.0871847,-0.0560483,0.0105158,-0.16011,0.143172,-0.0694864,0.0294087,0.118795,-0.473215,-0.0294293,-0.308795,3.17996,-0.182336,-2.1325,-9.96571,9.72212,-9.25678,13.7211,-6.4323,-17.321,
320,0.656948,0.849628,5.4734e-05,-1,-0.811753,0.158963,-0.186278,0.0138957,-0.273817,0.444579,-0.239765,0.193973,-0.189257,-0.49184,3.80779,-0.488504,-2.6251,-0.000893093,4.84544,-4.37345,10.4181,-1.31838,3.00047,
321,0.696773,-0.766765,0.505474,-1,-0.835488,0.164821,-0.178626,-0.0623223,0.0983082,0.460965,-0.185688,0.0636591,-0.17053,-0.0610491,3.26227,0.221182,-1.11035,9.41378,-1.94127,4.11984,-9.52225,0.998524,10.7623,
322,-0.218444,-0.923086,0.366785,-1,0.203098,-0.0381097,-0.163199,0.0108129,0.5025,-0.106578,0.210242,-0.600407,-0.232804,0.347881,3.33796,0.0849088,2.57179,5.95063,-12.8668,8.17886,-13.65,-3.01428,4.97011,
323,-0.62585,-0.0233662,-0.383142,0.107589,0.691948,-0.132358,-0.164065,0.152252,0.409983,-0.370162,0.446306,-1.07326,-0.147179,0.207214,3.25882,0.102142,1.8084,-4.11357,0.313323,1.54262,1.11751,0.905424,-7.30316,
324,0.127798,0.882589,-0.40007,0.0825575,-0.13714,0.0257309,-0.166298,0.140876,-0.0346984,0.0719593,0.0118511,-0.505868,-0.0504896,-0.322866,3.02826,-0.0974372,-1.32461,-10.3624,8.74105,-11.0158,12.3345,-5.80554,-16.9267,
325,0.605148,0.873658,0.0346373,-1,-0.735883,0.141695,-0.192836,0.0338868,-0.26546,0.396278,-0.387254,0.15206,-0.236657,-0.505358,3.70511,-0.539281,-2.34654,-0.492727,3.79202,-4.31614,10.8072,-2.49162,2.6001,
326,0.67995,-0.74677,0.377277,-1,-0.825322,0.162277,-0.183864,-0.0306969,0.0290917,0.453848,-0.2794,0.033905,-0.218047,-0.110994,3.24378,0.393978,-0.720261,8.1737,-0.189422,5.58595,-9.38483,1.713,10.1188,
327,-0.251833,-0.905806,0.468708,-1,0.241214,-0.0452671,-0.16169,0.0457492,0.445151,-0.126595,0.154055,-0.605917,-0.235961,0.30582,3.36486,0.200573,2.44086,6.67129,-13.2516,7.9822,-12.8776,-2.16277,5.60804,
328,-0.6497,-0.0824333,-0.226817,0.141051,0.732275,-0.140914,-0.160569,0.170902,0.371124,-0.394093,0.450224,-1.05178,-0.112101,0.209811,3.16446,0.0569984,1.52995,-4.28419,-0.0312806,2.80185,0.604092,1.74964,-6.32482,
329,0.0999237,0.892805,-0.28616,0.0896534,-0.106838,0.0200452,-0.165075,0.144407,-0.0514068,0.0560588,0.10487,-0.486963,-0.0252678,-0.301748,2.96637,-0.0644941,-1.73095,-9.78136,8.8098,-9.73521,13.0355,-7.06076,-17.2572,
330,0.612809,0.860192,0.0160763,-1,-0.741126,0.142836,-0.190492,0.0202926,-0.26481,0.399468,-0.299984,0.177373,-0.21778,-0.483529,3.59263,-0.523585,-2.65783,-0.296762,4.19602,-5.01487,10.5874,-2.03,2.83127,
331,0.689305,-0.764222,0.341523,-1,-0.82889,0.163164,-0.181288,-0.0518752,0.070487,0.456328,-0.221248,0.042416,-0.183959,-0.0756617,3.06456,0.261165,-1.07181,8.55319,-1.2677,5.09712,-9.57293,1.76955,10.2268,
332,-0.212174,-0.909073,0.103449,-1,0.199806,-0.0374918,-0.160608,0.0260773,0.468766,-0.10485,0.128002,-0.606433,-0.224719,0.325744,3.24094,0.204132,2.61576,6.28016,-13.0382,7.01575,-13.1184,-2.81463,5.08801,
333,-0.636633,-0.00624992,-0.267719,0.129012,0.711662,-0.136503,-0.157657,0.163941,0.396865,-0.381755,0.292261,-1.06045,-0.139095,0.204691,3.10775,0.136786,1.77966,-3.92757,0.0385071,0.328856,0.806986,1.00309,-6.77573,
334,0.117161,0.882233,-0.643869,0.092887,-0.125912,0.0236241,-0.15955,0.146088,-0.0517559,0.0660674,0.00262169,-0.498468,-0.0405715,-0.311183,2.92466,-0.107054,-1.51194,-10.4165,9.05597,-7.1113,12.2932,-5.69707,-16.7964,
335,0.614087,0.874446,0.000252183,-1,-0.750101,0.144803,-0.186382,0.0327102,-0.263218,0.40497,-0.417691,0.158631,-0.218426,-0.493203,3.61475,-0.540485,-2.43558,0.00774315,3.9765,-6.59032,10.7451,-2.51011,2.40872,
336,0.677231,-0.738386,0.162035,-1,-0.81512,0.159778,-0.181182,-0.0402347,0.0363939,0.446856,-0.302653,0.0399456,-0.201612,-0.0948991,3.1445,0.318297,-0.876398,8.09338,-0.188525,5.58591,-9.28834,1.37364,10.0938,
337,-0.206682,-0.900949,0.409444,-1,0.196956,-0.0369567,-0.157564,0.0403744,0.434695,-0.103354,0.0205132,-0.603667,-0.234309,0.311132,3.33059,0.289876,2.64268,6.3116,-12.9509,5.84915,-13.0362,-2.39156,5.30925,
338,-0.663139,-0.0485426,-0.0352333,0.144715,0.751213,-0.145048,-0.151961,0.173083,0.363557,-0.405656,0.349865,-1.0506,-0.130192,0.207094,3.1845,0.126103,1.59573,-4.18576,-1.31365,4.34428,0.603642,1.44206,-6.37438,
339,0.106919,0.880291,-0.372665,0.0969184,-0.11482,0.0215428,-0.153307,0.148166,-0.0592264,0.060247,0.192324,-0.488349,-0.0236162,-0.303523,3.04066,-0.0392978,-1.67303,-9.76659,9.43565,-6.26496,12.7745,-5.92648,-16.915,
340,0.623419,0.856093,0.0166957,-1,-0.76681,0.148521,-0.176731,0.0347028,-0.247218,0.415369,-0.255512,0.174643,-0.194799,-0.4782,3.66066,-0.465976,-2.40645,0.264278,4.19022,-7.57692,10.5817,-2.85599,2.15217,
341,0.664646,-0.764582,0.284759,-1,-0.78942,0.153684,-0.175617,-0.0473963,0.0557792,0.42981,-0.274829,0.0418245,-0.178529,-0.0730223,3.19204,0.197124,-0.955048,7.75884,0.244533,2.60441,-9.73953,1.51644,10.4525,
342,-0.206422,-0.905782,0.22559,-1,0.195946,-0.0367671,-0.15759,0.03568,0.442325,-0.102823,0.0497587,-0.614889,-0.215695,0.328605,3.38381,0.163949,2.71181,6.2351,-12.8723,7.33449,-13.1833,-2.61496,4.96903,
343,-0.649296,-0.00721044,-0.318222,0.144194,0.732644,-0.140994,-0.157928,0.172755,0.378231,-0.394317,0.316725,-1.06054,-0.133182,0.203957,3.27139,0.0378712,1.69422,-3.86438,-0.720594,2.39146,0.871373,0.910206,-6.78624,
344,0.123769,0.896489,-0.20612,0.0985548,-0.13352,0.0250516,-0.16428,0.149087,-0.0518362,0.0700597,0.030486,-0.48607,-0.0451567,-0.318994,3.03177,-0.133739,-1.6968,-10.0915,9.4842,-8.14218,12.9805,-6.5729,-17.3323,
345,0.626606,0.860221,1.92462e-05,-1,-0.769217,0.149063,-0.191218,0.0293825,-0.260943,0.416885,-0.258799,0.180466,-0.234868,-0.496908,3.69801,-0.53237,-2.52564,0.0380095,4.00273,-3.03222,10.7108,-2.03654,3.0932,
346,0.699611,-0.77861,0.661191,-1,-0.851472,0.168945,-0.183504,-0.0432298,0.10115,0.4725,-0.164116,0.0491707,-0.211209,-0.0849173,3.10795,0.251123,-1.03919,9.22797,-1.07237,4.54368,-9.71923,1.65114,10.3413,
347,-0.220601,-0.921065,0.0153938,-1,0.207244,-0.0388881,-0.170429,0.0231376,0.489786,-0.108755,0.282881,-0.610846,-0.241291,0.326247,3.28038,0.148375,2.62986,5.35821,-11.2926,7.67223,-13.315,-2.58964,5.26711,
348,-0.587954,0.0107461,-0.21867,0.134177,0.65017,-0.123768,-0.167026,0.166875,0.397261,-0.346136,0.310527,-1.06641,-0.140687,0.207431,3.19715,0.187498,1.92642,-4.09847,-0.532574,-3.51562,1.01209,1.2501,-6.81679,
349,0.0981623,0.897948,-0.498247,0.110251,-0.105788,0.0198482,-0.166639,0.155363,-0.0505489,0.0555079,-0.0424059,-0.485065,-0.0626907,-0.31128,3.00721,-0.0432724,-1.4646,-10.4543,8.34171,-6.85225,12.8326,-7.05438,-17.3129,
350,0.601309,0.865087,0.0209537,-1,-0.731677,0.140785,-0.191045,0.0378386,-0.281153,0.393732,-0.366312,0.175459,-0.249388,-0.50129,3.68012,-0.503382,-2.56592,-0.35251,4.24434,-4.47041,10.5588,-1.54458,2.94671,
351,0.686498,-0.763067,0.0621409,-1,-0.832171,0.163985,-0.179515,-0.0380991,0.0282471,0.458625,-0.284872,0.0381609,-0.195656,-0.0967149,3.22913,0.481058,-0.812388,8.52045,0.198872,4.76356,-9.73714,2.14309,10.2426,
352,-0.244444,-0.899837,0.301657,-1,0.232102,-0.0435557,-0.155203,0.0354263,0.461097,-0.121809,0.0156284,-0.609369,-0.220934,0.318129,3.3672,0.309795,2.60113,6.71544,-12.1648,4.23631,-12.9985,-2.67292,5.44115,
353,-0.656003,-0.00127631,-0.307359,0.135956,0.73917,-0.14241,-0.147956,0.167908,0.365592,-0.398276,0.277123,-1.05827,-0.122269,0.209803,3.1716,0.188317,1.59718,-4.76567,-0.672145,3.72518,0.80605,1.31773,-6.59814,
354,0.131012,0.889033,-0.756424,0.0802447,-0.140567,0.026374,-0.148493,0.139662,-0.0765582,0.0737579,0.0512904,-0.487253,-0.0161089,-0.301211,3.10241,-0.08856,-1.71175,-9.92833,9.37885,-7.47418,12.7158,-5.1786,-16.4216,
355,0.622901,0.877202,0.0461091,-1,-0.762298,0.147509,-0.174454,0.028111,-0.252248,0.41254,-0.458342,0.176709,-0.171512,-0.490365,3.78695,-0.532179,-2.27337,0.646771,3.88409,-8.47487,10.727,-2.33247,1.96806,
356,0.663362,-0.738817,0.490663,-1,-0.787942,0.153341,-0.172873,-0.0462069,0.0347463,0.428852,-0.276935,0.0664673,-0.167045,-0.0933335,3.3035,0.302504,-0.803797,7.11969,0.344278,4.75064,-9.22019,0.881122,10.238,
357,-0.221832,-0.915721,0.155847,-1,0.211073,-0.0396069,-0.149354,0.0384511,0.408316,-0.110765,0.159142,-0.587472,-0.216987,0.315992,3.47421,0.254076,2.668,6.18297,-13.1475,8.87772,-13.3786,-2.6149,5.30691,
358,-0.662066,-0.0514771,-0.25681,0.139317,0.748204,-0.144386,-0.148421,0.169875,0.362148,-0.403803,0.335042,-1.05084,-0.124316,0.208067,3.38202,0.0292967,1.55631,-3.4682,-0.738406,-0.531783,0.53322,1.10788,-6.52719,
359,0.113138,0.898272,-0.688759,0.0909651,-0.121384,0.0227744,-0.153277,0.145075,-0.0461742,0.0636911,0.0170615,-0.491499,-0.0293305,-0.304461,3.17685,-0.0827145,-1.6476,-9.76511,9.27438,-7.70066,13.0222,-5.88014,-16.6583,
360,0.628924,0.88268,0.00125438,-1,-0.77431,0.150215,-0.179734,0.031542,-0.246069,0.420109,-0.439964,0.182398,-0.197222,-0.480066,3.76501,-0.510062,-2.45408,-0.0349231,4.30885,-7.1703,10.9979,-3.08936,1.74889,
361,0.680629,-0.76807,0.474114,-1,-0.815501,0.15987,-0.176019,-0.0494278,0.0327047,0.447115,-0.28788,0.0574,-0.186918,-0.0895378,3.33334,0.335493,-0.817795,7.29303,0.488115,4.12592,-9.85325,1.55435,10.3637,
362,-0.222274,-0.912343,0.20471,-1,0.21156,-0.0396984,-0.150369,0.0388291,0.415277,-0.111021,0.127946,-0.60614,-0.222613,0.322206,3.58852,0.315403,2.77679,6.31643,-13.6394,8.64828,-13.2885,-2.59797,5.30101,
363,-0.677893,-0.0268747,-0.175921,0.14244,0.770271,-0.149301,-0.146332,0.171703,0.361902,-0.417551,0.339438,-1.05647,-0.126627,0.209729,3.44609,0.0834285,1.52997,-3.83857,-1.09581,0.225892,0.764823,1.26322,-6.62422,
364,0.145114,0.897311,-0.420836,0.0958118,-0.157184,0.0294921,-0.147908,0.147604,-0.0531015,0.0824781,0.0725153,-0.488211,-0.0199345,-0.309295,3.27127,-0.0107929,-1.61982,-9.82007,9.78261,-7.08528,13.1412,-5.73361,-16.8566,
365,0.634948,0.868936,0.0160483,-1,-0.790674,0.153975,-0.169804,0.0428148,-0.236869,0.430625,-0.315024,0.189632,-0.19564,-0.475438,3.91213,-0.435725,-2.15471,0.432985,3.93368,-5.7971,10.8496,-2.89885,2.4714,
366,0.622245,-0.735064,0.00288968,-1,-0.719406,0.13815,-0.171665,-0.0456327,0.070694,0.386363,-0.206417,0.0778396,-0.19463,-0.0685492,3.25074,0.00164705,-1.7441,7.77667,-2.02105,5.70272,-8.93832,0.797933,10.002,
367,-0.161313,-0.915752,0.474398,-1,0.151327,-0.028393,-0.153527,0.0206178,0.447473,-0.0794044,0.00188434,-0.592518,-0.205676,0.311842,3.37554,0.134801,2.40381,6.2384,-11.6743,4.65858,-13.8429,-1.56147,4.67516,
368,-0.637938,-0.0304809,-0.0424815,0.11041,0.708447,-0.135823,-0.153803,0.153804,0.390936,-0.379852,0.359422,-1.05995,-0.123797,0.194543,3.38177,0.0522266,1.65293,-3.5563,-1.64585,5.70073,0.792649,0.242374,-6.46664,
369,0.110065,0.873553,-0.573439,0.0710103,-0.117116,0.0219736,-0.15842,0.13516,-0.0288118,0.0614517,0.2116,-0.503239,-0.0485806,-0.299738,3.16374,-0.134915,-1.45012,-9.93755,9.25678,-6.54481,12.5728,-5.30692,-15.8013,
370,0.624481,0.879023,0.0152713,-1,-0.766497,0.14845,-0.187527,0.0309114,-0.234805,0.415173,-0.332535,0.160952,-0.19483,-0.529368,3.70386,-0.553392,-2.32807,-0.261412,4.15239,-9.7272,11.1762,-3.41829,0.605269,
371,0.682335,-0.750584,0.547392,-1,-0.823098,0.161728,-0.187577,-0.0414824,0.0541956,0.452312,-0.327332,0.0458695,-0.20022,-0.149037,3.21951,0.162999,-0.84532,7.78444,-0.185307,4.85006,-9.6046,1.33952,10.7208,
372,-0.202415,-0.910139,0.219623,-1,0.194684,-0.0365302,-0.16634,0.0516456,0.419658,-0.102161,0.129449,-0.610716,-0.238921,0.304585,3.51117,0.24134,2.8587,6.02137,-13.5405,10.2709,-13.1689,-2.50719,6.2884,
373,-0.66003,-0.0473134,-0.174612,0.169865,0.754718,-0.145823,-0.164917,0.188737,0.368724,-0.407823,0.379675,-1.05419,-0.135111,0.230166,3.39069,0.0420876,1.6867,-3.47233,-0.475781,0.777132,0.703954,1.4818,-6.10309,
374,0.085128,0.918883,-0.156377,0.10544,-0.0913113,0.0171319,-0.167928,0.152766,-0.0632237,0.0479115,0.0647314,-0.484444,-0.1109,-0.341251,3.11041,-0.0992622,-1.90704,-9.97819,9.15393,-7.85114,14.2138,-2.70842,-14.5977,
375,0.655401,0.837515,0.018895,-1,-0.813342,0.159347,-0.191968,0.0214128,-0.273478,0.445652,-0.22694,0.182106,-0.218547,-0.500213,3.78032,-0.299434,-2.35753,0.841785,7.81015,-3.19546,10.0836,-1.31125,2.95426,
376,0.684403,-0.780195,0.416235,-1,-0.81711,0.160261,-0.183652,-0.0575881,0.111809,0.448209,-0.13531,0.0381561,-0.184956,-0.0668593,3.14693,0.147731,-1.27615,9.31085,-2.58699,4.15317,-9.67011,1.4154,10.9072,
377,-0.192682,-0.912709,0.0380046,-1,0.180338,-0.0338375,-0.166111,0.0186566,0.489631,-0.0946305,0.150043,-0.616959,-0.230637,0.344939,3.35864,0.167299,2.65601,5.75245,-12.6903,6.69279,-13.2428,-2.76539,4.9941,
378,-0.626508,0.0276787,-0.190761,0.125166,0.697369,-0.133491,-0.162773,0.161751,0.406401,-0.373332,0.270645,-1.06728,-0.148831,0.21007,3.24822,0.164406,1.86637,-4.10765,-0.624961,-0.836837,1.04356,0.904039,-7.10509,
379,0.11784,0.889968,-0.0463089,0.0927594,-0.126658,0.0237639,-0.163726,0.146052,-0.0576352,0.0664586,0.00865497,-0.493134,-0.0507029,-0.318779,3.03965,-0.0905916,-1.53401,-10.764,9.11414,-5.98765,12.6303,-5.94511,-17.1248,
380,0.609338,0.854612,0.000288123,-1,-0.741395,0.142894,-0.188922,0.0312525,-0.285442,0.399632,-0.166876,0.170586,-0.225972,-0.499764,3.76735,-0.497515,-2.45454,-0.0698757,3.82767,-1.37079,10.795,-2.07012,2.81503,
381,0.677856,-0.77811,0.595531,-1,-0.818677,0.160643,-0.179502,-0.0359823,0.0982347,0.449278,-0.0918789,0.0478439,-0.202762,-0.0990517,3.14013,0.208413,-1.13468,9.33361,-1.61028,2.83974,-9.49522,1.76155,10.2429,
382,-0.234426,-0.918649,0.11495,-1,0.220483,-0.0413737,-0.169247,0.0242634,0.488526,-0.115706,0.252814,-0.606034,-0.225038,0.315281,3.26313,0.0894833,2.52725,5.38186,-10.5934,6.16846,-13.2651,-2.44886,5.41823,
383,-0.59515,0.00175936,-0.219005,0.131585,0.658658,-0.125494,-0.168684,0.165404,0.383521,-0.350965,0.30851,-1.06386,-0.127915,0.207335,3.16947,0.115509,1.85757,-4.49506,-0.920253,-2.25035,0.926396,1.0851,-6.60645,
384,0.141176,0.895634,-0.405888,0.115517,-0.154004,0.0288953,-0.169048,0.15828,-0.0437461,0.0808092,4.60362e-05,-0.487576,-0.0673361,-0.308488,3.01598,0.000871981,-1.30892,-9.97521,8.51595,-6.89096,12.8525,-7.59257,-17.4452,
385,0.610929,0.862505,0.00116697,-1,-0.756575,0.146235,-0.189821,0.0542501,-0.246445,0.408975,-0.321701,0.175072,-0.279897,-0.500437,3.66421,-0.430491,-2.25438,0.0787126,3.97184,-4.36892,10.6021,-1.92844,2.94341,
386,0.655585,-0.774836,0.329975,-1,-0.784451,0.152535,-0.183944,-0.0297059,0.0428701,0.426596,-0.249673,0.0373667,-0.225507,-0.100099,3.15032,0.327139,-1.07568,7.45664,0.27987,3.11468,-9.88793,2.47968,10.236,
387,-0.222824,-0.904039,0.423926,-1,0.213189,-0.0400042,-0.159997,0.0451291,0.43183,-0.111876,0.0897902,-0.618992,-0.210476,0.309731,3.35696,0.271577,2.5215,6.40092,-12.9642,7.34823,-12.9803,-1.74537,5.35693,
388,-0.656242,-0.0525465,-0.194244,0.143959,0.741804,-0.142984,-0.155972,0.17263,0.365621,-0.399882,0.401205,-1.05392,-0.106656,0.208478,3.206,0.097455,1.55034,-4.07248,-0.751046,3.34741,0.722198,1.10795,-6.32296,
389,0.113584,0.890121,-0.395842,0.0938932,-0.122013,0.0228924,-0.158812,0.146578,-0.0516786,0.0640213,0.121081,-0.48594,-0.0287132,-0.300422,3.03064,-0.0543618,-1.68356,-9.71353,9.2575,-8.588,12.9673,-6.51323,-16.9067,
390,0.623037,0.862026,0.0012683,-1,-0.763539,0.147787,-0.183135,0.0299406,-0.249507,0.413317,-0.319396,0.179011,-0.211588,-0.479748,3.64488,-0.488982,-2.48315,0.0163416,4.14935,-6.36002,10.5924,-2.51883,2.32785,
391,0.680078,-0.763287,0.257007,-1,-0.81586,0.159957,-0.17949,-0.047228,0.0622022,0.447359,-0.271848,0.0401391,-0.18139,-0.0713792,3.16033,0.215981,-0.965273,8.26789,-0.423337,4.68055,-9.7031,1.59836,10.3566,
392,-0.205367,-0.906213,0.238411,-1,0.194717,-0.0365364,-0.161559,0.0342648,0.456859,-0.102178,0.0681552,-0.613088,-0.22398,0.329261,3.34587,0.167487,2.70139,6.17404,-13.0309,6.66889,-13.1506,-2.78621,4.98939,
393,-0.645183,-0.00743408,-0.0665914,0.144593,0.727314,-0.139845,-0.160622,0.172991,0.384441,-0.391102,0.318769,-1.06126,-0.139868,0.203967,3.22978,0.0773982,1.74215,-3.98999,-0.518523,2.37216,0.875489,1.01854,-6.819,
394,0.105317,0.889537,-0.657329,0.0979363,-0.113111,0.0212222,-0.165764,0.148766,-0.0621733,0.0593502,0.122439,-0.485098,-0.0454191,-0.320086,3.00227,-0.129927,-1.74918,-10.348,9.34903,-5.87503,12.9465,-6.52604,-17.4108,
395,0.623656,0.866634,0.0081187,-1,-0.761197,0.147263,-0.193346,0.0238509,-0.263161,0.411852,-0.376518,0.177111,-0.228787,-0.498906,3.65132,-0.555351,-2.64578,0.23041,4.11321,-8.97673,10.583,-1.78806,3.21375,
396,0.69629,-0.756133,0.376596,-1,-0.842297,0.166558,-0.183674,-0.0493404,0.0540258,0.465824,-0.324012,0.0415327,-0.196624,-0.0789546,3.16663,0.382774,-0.851357,8.28635,-0.611157,5.78806,-9.70845,1.7294,10.4922,
397,-0.21928,-0.906738,0.489745,-1,0.208227,-0.0390726,-0.156903,0.036053,0.447062,-0.109271,0.10421,-0.609772,-0.23441,0.331923,3.37615,0.335622,2.71961,6.13117,-13.7585,8.29254,-13.0706,-2.70268,5.2068,
398,-0.673624,-0.0632878,-0.248923,0.139273,0.763619,-0.147805,-0.149722,0.169823,0.366723,-0.413367,0.446439,-1.05601,-0.133693,0.210713,3.2064,0.162056,1.58048,-4.3518,-1.0325,3.39046,0.763268,1.47411,-6.79983,
399,0.0468561,0.88855,-0.554193,0.0674137,-0.0491667,0.00922467,-0.15363,0.133485,-0.0810163,0.0257979,0.0910075,-0.486047,-0.00877604,-0.309792,3.05201,-0.167558,-1.97303,-10.1647,9.23802,-9.95828,12.8122,-5.02867,-16.6866,
400,0.686128,0.852968,0.0645034,-1,-0.872823,0.17474,-0.170836,0.0366301,-0.2456,0.48871,-0.384049,0.153723,-0.167187,-0.492611,3.74316,-0.2715,-1.83122,0.753113,5.09146,-7.07014,10.0953,-2.33066,2.32869,
401,0.644244,-0.728445,0.536643,-1,-0.771486,0.149575,-0.16493,-0.0190234,0.101137,0.418318,-0.224538,0.0415579,-0.203002,-0.0669001,3.20433,0.0938335,-0.940524,8.47598,-3.22957,7.54835,-8.86562,-0.0918629,10.805,
402,-0.269704,-0.919711,0.199336,-1,0.257408,-0.0483094,-0.160429,0.0405779,0.449394,-0.135103,0.258499,-0.604634,-0.246194,0.336913,3.31555,0.00723595,2.48052,4.75733,-9.35277,6.99348,-13.3089,-2.05512,4.81535,
403,-0.576004,-0.0239735,-0.113403,0.145978,0.638174,-0.121342,-0.164863,0.173825,0.341697,-0.339351,0.350002,-1.05939,-0.112015,0.19782,3.28268,0.000967936,1.71209,-4.18761,-0.509681,-1.57092,0.822167,1.86038,-7.08645,
404,0.108488,0.90666,-0.562456,0.0994986,-0.116674,0.0218907,-0.173569,0.14962,-0.0615301,0.0612198,0.0451715,-0.479229,-0.0750791,-0.337698,3.25076,-0.166469,-1.51438,-8.75523,9.45044,-6.10178,13.5058,-6.58021,-16.2233,
405,0.645099,0.85586,0.0149859,-1,-0.805949,0.157572,-0.199153,0.039466,-0.224153,0.440686,-0.355336,0.174899,-0.281595,-0.498207,3.71548,-0.475557,-2.36842,0.562418,4.74569,-6.5334,10.2764,-2.08287,3.32445,
406,0.688858,-0.779092,0.201515,-1,-0.835078,0.164717,-0.194528,-0.0400083,0.0882854,0.460674,-0.276021,0.0233921,-0.245456,-0.0787898,3.17718,0.237337,-1.02485,7.8172,-0.804361,4.99574,-10.0614,2.03739,10.4882,
407,-0.196968,-0.902132,0.361804,-1,0.187999,-0.0352755,-0.17333,0.0422717,0.468731,-0.098652,0.0587525,-0.635502,-0.248389,0.326792,3.43271,0.229477,2.67564,6.28946,-13.2892,6.99764,-12.9799,-1.95007,5.09168,
408,-0.648023,-0.00845877,-0.0114045,0.154041,0.733863,-0.141258,-0.168255,0.178726,0.390576,-0.395054,0.37269,-1.06369,-0.133002,0.206856,3.2633,0.157647,1.73395,-4.22631,-0.532609,3.71929,1.02776,1.52797,-6.6738,
409,0.104773,0.88505,-0.322114,0.0992308,-0.112574,0.0211214,-0.169493,0.149488,-0.0666869,0.0590686,0.17643,-0.505605,-0.0777656,-0.352703,3.16062,-0.15894,-1.70995,-10.2113,9.26818,-6.44742,12.9186,-2.78915,-14.8766,
410,0.640947,0.856381,0.0074968,-1,-0.791244,0.154108,-0.19501,0.0255656,-0.259167,0.430996,-0.241611,0.151928,-0.230793,-0.49743,3.82147,-0.431052,-2.47753,0.734522,5.32036,-6.76499,10.6325,-2.13404,3.40642,
411,0.69065,-0.755983,0.177887,-1,-0.831976,0.163936,-0.189122,-0.0505388,0.104266,0.458489,-0.218721,0.0299943,-0.213771,-0.0660554,3.23859,0.155152,-1.14951,8.81427,-1.61982,4.21661,-9.39246,1.52988,10.6805,
412,-0.174169,-0.90371,0.330215,-1,0.164064,-0.0307832,-0.172458,0.0259778,0.493939,-0.0860888,0.0553473,-0.615088,-0.244417,0.339324,3.39723,0.141944,2.61827,6.09967,-12.7275,6.08502,-13.0657,-2.40648,4.9613,
413,-0.630121,-0.0194514,-0.324724,0.13643,0.705166,-0.13513,-0.16982,0.168164,0.408282,-0.377914,0.351701,-1.06092,-0.149085,0.20937,3.26794,0.137697,1.8884,-4.18404,-0.610793,3.78324,0.867364,1.14896,-6.92332,
414,0.0998074,0.891519,-0.628598,0.107457,-0.10748,0.0201656,-0.17143,0.153886,-0.0447869,0.0563954,0.0515242,-0.490481,-0.056115,-0.321851,2.97992,-0.0447115,-1.55545,-10.5359,9.05953,-8.924,12.8228,-7.02691,-17.7907,
415,0.612636,0.87108,0.0133105,-1,-0.747464,0.144223,-0.19575,0.0323123,-0.274244,0.403348,-0.431797,0.170641,-0.250001,-0.507466,3.64884,-0.499637,-2.6392,-0.380078,4.11905,-7.24805,10.5772,-1.71219,3.29539,
416,0.695286,-0.760714,0.514323,-1,-0.84642,0.167624,-0.18164,-0.0392777,0.0226757,0.468805,-0.312278,0.0313077,-0.202769,-0.0853955,3.24875,0.555217,-0.649963,8.3677,0.131169,5.40912,-9.76905,2.03265,10.5061,
417,-0.251443,-0.905512,0.103949,-1,0.239914,-0.0450229,-0.15233,0.0410798,0.438501,-0.125912,0.179899,-0.610571,-0.231345,0.330514,3.4831,0.441103,2.72497,6.28227,-12.3869,8.16157,-12.7868,-2.69805,5.32346,
418,-0.657957,-0.0324605,-0.244001,0.143839,0.744028,-0.14347,-0.140975,0.172515,0.353176,-0.401241,0.298252,-1.05217,-0.120933,0.211987,3.31005,0.267908,1.66577,-3.95885,1.18326,-0.389493,0.592351,1.64616,-6.78617,
419,0.122823,0.893267,-0.66572,0.097886,-0.132428,0.0248467,-0.136952,0.148658,-0.0724388,0.0694865,-0.00076208,-0.488016,-0.00558706,-0.303295,3.23424,0.0223766,-1.56558,-9.73569,9.0702,-6.96187,12.7453,-4.93511,-16.2883,
420,0.615027,0.883062,0.0254067,-1,-0.759133,0.146803,-0.158739,0.0463434,-0.252975,0.410565,-0.424667,0.185582,-0.151944,-0.485704,3.93415,-0.481219,-2.00692,0.479854,4.042,-6.71024,11.0595,-1.66287,2.53524,
421,0.615092,-0.715968,0.15837,-1,-0.711915,0.136557,-0.159117,-0.0383007,0.0509246,0.381905,-0.19515,0.111297,-0.147691,-0.0899867,3.25092,0.0376635,-1.65932,7.83495,-1.7339,7.71134,-8.54745,0.990872,10.2332,
422,-0.178715,-0.922406,0.519753,-1,0.167684,-0.0314626,-0.14327,0.0213833,0.414242,-0.0879887,0.0785941,-0.553151,-0.171236,0.315213,3.31639,0.120513,2.38637,5.96227,-11.1984,4.96008,-13.9975,-2.07082,5.20024,
423,-0.637642,-0.0998879,-0.242886,0.111083,0.708216,-0.135774,-0.147433,0.154123,0.366784,-0.379715,0.39653,-1.04633,-0.113893,0.210766,3.39616,-0.0583983,1.63959,-3.12481,-1.49594,4.69696,0.28588,-0.256186,-6.46025,
424,0.0665615,0.8749,-0.353722,0.0729006,-0.0702346,0.0131775,-0.157085,0.136026,-0.0208075,0.0368523,0.121287,-0.51008,-0.0490459,-0.285438,3.22719,-0.243316,-1.36095,-9.29496,8.64928,-8.98411,12.357,-4.38964,-15.1863,
425,0.614672,0.863664,0.037035,-1,-0.748197,0.144384,-0.191267,0.02748,-0.24723,0.403798,-0.304895,0.139792,-0.206172,-0.517866,3.72324,-0.680329,-2.44346,-0.938603,4.70562,-5.87551,10.6925,-2.81932,2.22547,
426,0.708274,-0.749286,0.364638,-1,-0.869556,0.173828,-0.191182,-0.0370108,0.0834125,0.486161,-0.203425,0.0291713,-0.222453,-0.125118,3.19445,0.123235,-0.843058,8.90318,-0.849048,5.89092,-9.21025,0.979797,10.2393,
427,-0.184472,-0.910396,0.237765,-1,0.17506,-0.0328469,-0.183303,0.0351155,0.490147,-0.09186,0.177924,-0.611029,-0.270474,0.305146,3.38272,0.0476805,2.66894,5.92691,-11.4598,5.53122,-13.0393,-2.63576,5.87576,
428,-0.608602,-0.0149408,-0.345694,0.155195,0.682486,-0.130391,-0.18409,0.179433,0.403352,-0.364661,0.329516,-1.05959,-0.157666,0.217591,3.24415,0.0827934,1.93681,-4.24365,-1.05472,0.458601,0.841016,1.73775,-6.24861,
429,0.158703,0.909646,-0.199455,0.136417,-0.175511,0.0329315,-0.180761,0.170613,-0.0250468,0.0920968,0.00872053,-0.502899,-0.153366,-0.361304,3.0009,0.0716668,-1.25065,-9.91493,8.72692,-8.51408,13.5497,-3.73417,-15.0742,
430,0.623489,0.86083,0.00824248,-1,-0.781787,0.151922,-0.196584,0.0619018,-0.237057,0.424883,-0.266594,0.166751,-0.314663,-0.503996,3.58253,-0.317121,-2.43086,-0.116556,3.96754,-2.53787,10.7085,-1.7552,3.65895,
431,0.659985,-0.784381,0.187763,-1,-0.791861,0.154251,-0.186969,-0.0298044,0.0563642,0.431398,-0.190146,0.0250335,-0.241994,-0.0770101,3.08417,0.34861,-1.27004,7.6699,-0.1605,2.70851,-9.92751,2.89446,10.5844,
432,-0.210709,-0.898324,0.47541,-1,0.200216,-0.0375687,-0.162732,0.0368846,0.456742,-0.105065,0.061488,-0.625226,-0.21169,0.328998,3.27825,0.273204,2.38595,6.61915,-12.7509,5.55935,-12.7938,-1.56009,5.0613,
433,-0.647198,-0.0463247,-0.328907,0.128618,0.725454,-0.139445,-0.156569,0.163712,0.381619,-0.389984,0.389916,-1.05431,-0.108454,0.209529,3.10042,0.161098,1.59953,-4.35049,-0.798775,4.58522,0.743518,1.02462,-6.65773,
434,0.11001,0.879745,-0.351545,0.0825572,-0.117562,0.0220574,-0.157403,0.140813,-0.0486225,0.061686,0.0837891,-0.495057,-0.0259392,-0.30227,2.96239,-0.0743521,-1.55864,-9.88302,9.05159,-9.71726,12.4332,-5.7118,-16.4568,
435,0.612222,0.866374,0.0153394,-1,-0.744901,0.143661,-0.18306,0.0289027,-0.258863,0.401775,-0.329688,0.162208,-0.195061,-0.489667,3.60639,-0.508822,-2.42879,-0.218767,4.04435,-5.22362,10.714,-3.00407,1.51711,
436,0.682576,-0.761561,0.17772,-1,-0.823704,0.161877,-0.178107,-0.0411505,0.0465796,0.45273,-0.267103,0.0339589,-0.183991,-0.103585,3.16259,0.269278,-0.736556,8.32627,-0.0393715,4.63418,-9.65246,1.5396,10.3373,
437,-0.235723,-0.903928,0.313151,-1,0.224465,-0.0421215,-0.162479,0.0391402,0.463808,-0.117798,0.067079,-0.61365,-0.229037,0.315666,3.28627,0.0863919,2.59951,6.63891,-12.9569,6.07266,-13.0417,-2.80743,5.52027,
438,-0.638558,-0.0122891,-0.343535,0.146673,0.71917,-0.1381,-0.165021,0.174232,0.385563,-0.386222,0.340022,-1.06224,-0.132136,0.210034,3.11962,0.0190413,1.69251,-4.30787,-0.133565,3.16342,0.895931,1.32015,-6.57385,
439,0.128888,0.895898,-0.709719,0.101359,-0.139368,0.0261489,-0.172339,0.150573,-0.0535623,0.0731285,0.036275,-0.484329,-0.0473969,-0.314396,2.87894,-0.137634,-1.73456,-10.1549,9.23663,-8.85304,12.9709,-7.42594,-17.898,
440,0.625284,0.873398,0.0119308,-1,-0.764652,0.148036,-0.200035,0.0251552,-0.253906,0.414014,-0.465654,0.177695,-0.256649,-0.49743,3.53831,-0.559252,-2.67052,0.165506,3.95643,-7.69055,10.5606,-1.8928,3.44085,
441,0.701246,-0.773133,0.520553,-1,-0.853715,0.169537,-0.187641,-0.0441418,0.0618781,0.474157,-0.268817,0.0315506,-0.218788,-0.0783267,3.04232,0.39166,-0.867915,8.46329,-1.00596,7.67156,-9.9071,2.0446,10.4157,
442,-0.2032,-0.909695,0.446615,-1,0.193504,-0.0363088,-0.161024,0.0395358,0.453269,-0.101542,0.206055,-0.618703,-0.242013,0.329741,3.32742,0.380251,2.77827,6.07146,-13.2487,8.22284,-12.92,-2.51043,5.17379,
443,-0.656621,-0.0652769,-0.0720447,0.147561,0.743349,-0.143321,-0.151447,0.174756,0.372958,-0.400826,0.454158,-1.05481,-0.137428,0.210434,3.18449,0.229657,1.70621,-3.8697,0.205576,2.1509,0.768959,1.48946,-6.71406,
444,0.0880621,0.87783,-0.0434475,0.106372,-0.0945489,0.0177394,-0.148765,0.15323,-0.0568632,0.0496103,0.143799,-0.489324,-0.0217847,-0.309882,3.02363,0.00911655,-1.57153,-9.95239,9.05614,-8.33475,12.5353,-5.58348,-16.9761,
445,0.603129,0.849719,0.0229394,-1,-0.736131,0.141749,-0.17086,0.0404944,-0.273533,0.396429,-0.173577,0.17279,-0.181927,-0.481281,3.69061,-0.449085,-2.43025,-0.282081,4.18633,-3.59905,10.6168,-2.7832,2.21005,
446,0.648201,-0.770275,0.657972,-1,-0.763518,0.147782,-0.168717,-0.0440862,0.0343383,0.413303,-0.179874,0.0460266,-0.159447,-0.0744605,3.24721,0.20276,-1.05691,8.15598,0.31067,1.30675,-9.58108,1.6508,10.4799,
447,-0.230957,-0.913396,0.267842,-1,0.218404,-0.0409834,-0.151907,0.030857,0.431403,-0.114615,0.206568,-0.604354,-0.194697,0.328668,3.40589,0.119075,2.52687,6.25081,-12.7934,9.17562,-13.1125,-2.6424,4.99518,
448,-0.631635,-0.061142,-0.281385,0.124941,0.704013,-0.134887,-0.155622,0.161657,0.378265,-0.377235,0.409464,-1.05591,-0.11979,0.204235,3.32622,-0.0170754,1.66461,-3.37904,0.503538,0.475896,0.670629,0.631997,-6.82165,
449,0.108994,0.891776,-0.238396,0.0872766,-0.116663,0.0218886,-0.162995,0.143207,-0.0320198,0.0612141,0.0265426,-0.497412,-0.0500003,-0.310063,3.08499,-0.146914,-1.47407,-9.78601,8.65932,-9.30376,12.7605,-6.23919,-16.5615,
450,0.613844,0.860674,0.026802,-1,-0.748351,0.144418,-0.192094,0.0302664,-0.25637,0.403893,-0.289755,0.162033,-0.23376,-0.497466,3.69849,-0.597215,-2.45212,-0.545362,4.21858,-3.15395,10.6343,-2.0603,2.4921,
451,0.701754,-0.769408,0.65044,-1,-0.859233,0.171009,-0.185976,-0.0359618,0.0847147,0.478275,-0.169534,0.0375522,-0.216492,-0.111723,3.14376,0.241286,-0.882314,9.04504,-0.861228,5.29367,-9.5317,1.60789,10.0266,
452,-0.231638,-0.917795,0.0540933,-1,0.219491,-0.0411875,-0.173987,0.0332758,0.485119,-0.115186,0.296199,-0.610716,-0.249187,0.306216,3.29828,0.0894941,2.56338,5.74095,-11.8546,7.89955,-13.0879,-2.575,5.65046,
453,-0.569946,-0.014781,-0.228914,0.145646,0.630445,-0.119787,-0.173718,0.17363,0.406363,-0.335002,0.345983,-1.0622,-0.138459,0.208888,3.18993,0.133536,1.93735,-3.84019,0.218951,-3.04724,0.891668,1.52081,-6.42599,
454,0.120078,0.909388,-0.315954,0.126022,-0.130916,0.0245631,-0.171679,0.164284,-0.0265218,0.0686935,-0.0278702,-0.507788,-0.125719,-0.341375,3.09089,-0.0504854,-1.20163,-9.90908,7.8252,-7.54333,13.429,-2.60128,-13.727,
455,0.607217,0.86316,0.00865238,-1,-0.749069,0.144576,-0.195379,0.0518303,-0.255525,0.404335,-0.302479,0.151794,-0.284148,-0.502997,3.64318,-0.484734,-2.58022,-0.52852,4.37182,-2.98996,10.6821,-2.09742,2.80723,
456,0.687406,-0.764154,0.564048,-1,-0.838006,0.16546,-0.187771,-0.0306786,0.0491395,0.462752,-0.215271,0.0203565,-0.234187,-0.102551,3.18028,0.348646,-1.05855,8.49093,-0.0532219,4.23028,-9.55379,2.19226,10.0813,
457,-0.229369,-0.907332,0.371721,-1,0.217319,-0.0407796,-0.167981,0.0331993,0.466816,-0.114045,0.234935,-0.616992,-0.238231,0.308696,3.32988,0.173703,2.27277,6.58299,-13.1357,8.89292,-12.7145,-2.05356,5.4754,
458,-0.620397,-0.078655,-0.0402898,0.116148,0.687084,-0.131345,-0.165953,0.156845,0.400314,-0.367329,0.46329,-1.0545,-0.121071,0.208684,3.14801,0.119446,1.62472,-3.8689,0.782037,1.21348,0.677446,1.52668,-6.36265,
459,0.103448,0.875338,-0.147035,0.0831067,-0.110411,0.0207156,-0.16614,0.141071,-0.0301837,0.0579336,0.145874,-0.501618,-0.0372937,-0.294502,2.94051,-0.0132945,-1.40825,-10.077,8.29448,-8.10141,12.446,-6.51465,-16.6755,
460,0.60274,0.85337,0.00437369,-1,-0.730407,0.140511,-0.18963,0.0311515,-0.259392,0.392965,-0.208959,0.154634,-0.219086,-0.50532,3.58802,-0.471393,-2.33979,-0.524155,4.57549,-4.64137,10.63,-2.31886,1.55435,
461,0.674791,-0.756925,0.676332,-1,-0.814787,0.159697,-0.182447,-0.0337005,0.0790134,0.44663,-0.160539,0.0335833,-0.200108,-0.130806,3.00761,0.180237,-1.0727,8.56583,-1.5303,3.75087,-9.2401,1.49567,9.97933,
462,-0.202531,-0.912226,0.412743,-1,0.192658,-0.0361499,-0.166403,0.0382159,0.447695,-0.101097,0.23528,-0.605425,-0.233269,0.292328,3.2295,0.182289,2.58252,5.43334,-12.4416,8.08393,-12.9654,-2.4657,5.84817,
463,-0.629413,-0.0878312,-0.284639,0.141907,0.705803,-0.135264,-0.164999,0.17142,0.370116,-0.37829,0.453599,-1.05022,-0.134647,0.213823,3.14938,0.0774842,1.71857,-3.71128,-0.267704,1.15054,0.566119,1.31677,-5.97596,
464,0.0639837,0.892718,-0.0651469,0.101984,-0.0682445,0.0128041,-0.168772,0.150817,-0.0433448,0.0358081,0.0432977,-0.488137,-0.0501017,-0.292099,2.89388,-0.0574662,-1.65454,-9.77569,8.45059,-10.2343,12.8506,-7.18729,-17.443,
465,0.634848,0.842382,0.0155062,-1,-0.783213,0.15225,-0.19157,0.0296164,-0.272715,0.425799,-0.235392,0.164451,-0.232564,-0.494564,3.62025,-0.280762,-2.11164,0.23923,8.16132,-1.94588,10.2051,-1.48072,2.69254,
466,0.678874,-0.774021,0.54824,-1,-0.817696,0.160404,-0.18148,-0.0406223,0.0917016,0.448609,-0.117703,0.031618,-0.199739,-0.0885577,2.99581,0.204975,-1.12693,9.15752,-2.26763,4.17536,-9.48007,1.66702,10.4439,
467,-0.218097,-0.911578,0.310621,-1,0.205857,-0.0386277,-0.166058,0.0287978,0.472164,-0.108027,0.211728,-0.612177,-0.230292,0.3235,3.18626,0.162528,2.5623,5.44464,-12.2606,6.31616,-13.001,-2.51343,5.26589,
468,-0.62165,-0.0392752,-0.0756909,0.133433,0.693296,-0.132639,-0.163336,0.166453,0.378113,-0.370949,0.381107,-1.05793,-0.133307,0.208594,3.08784,0.130261,1.79584,-4.22396,-0.453111,0.566189,0.779653,1.24153,-6.67307,
469,0.0971273,0.881794,-0.633871,0.10245,-0.104315,0.0195718,-0.164804,0.151121,-0.0545499,0.0547349,0.106323,-0.490819,-0.0481386,-0.309157,2.92744,-0.0577972,-1.48994,-9.99953,8.61278,-7.01384,12.5805,-6.67656,-17.2215,
470,0.606977,0.865745,0.00308317,-1,-0.740023,0.142595,-0.189493,0.0359145,-0.259833,0.398795,-0.388905,0.162658,-0.236558,-0.498359,3.56269,-0.517237,-2.48749,-0.0656028,4.22564,-8.37458,10.5142,-1.76556,2.90407,
471,0.679923,-0.747354,0.161124,-1,-0.819085,0.160743,-0.182525,-0.0413067,0.0389065,0.449557,-0.329356,0.0333525,-0.197675,-0.0937255,3.08286,0.342974,-0.915262,8.08016,-0.0954114,5.65693,-9.54542,1.90718,10.2749,
472,-0.211391,-0.897726,0.365301,-1,0.201419,-0.0377945,-0.157542,0.0402251,0.437805,-0.105697,0.0149239,-0.610059,-0.224997,0.317443,3.28222,0.308852,2.65452,6.33594,-13.2293,6.38817,-12.9032,-2.52024,5.34821,
473,-0.665122,-0.0412097,-0.271909,0.144692,0.753843,-0.145629,-0.15114,0.17305,0.364627,-0.407281,0.340788,-1.05136,-0.129059,0.210482,3.11537,0.140029,1.59681,-4.2884,-1.24176,3.97988,0.641622,1.32052,-6.47503,
474,0.109917,0.883425,-0.779919,0.0946523,-0.118013,0.0221419,-0.152627,0.146983,-0.0606983,0.0619225,0.0892009,-0.489541,-0.0219452,-0.303958,2.98294,-0.0655968,-1.68338,-9.79049,9.45272,-8.27417,12.5956,-5.64985,-16.8743,
475,0.624331,0.874193,0.00203865,-1,-0.766732,0.148503,-0.177713,0.0317896,-0.247784,0.41532,-0.470488,0.170201,-0.190817,-0.478016,3.61665,-0.501485,-2.45011,0.24437,4.15739,-9.2939,10.5757,-2.95006,2.13102,
476,0.670678,-0.760255,0.51071,-1,-0.800295,0.15623,-0.17491,-0.0463982,0.0279173,0.436933,-0.299938,0.0388791,-0.179602,-0.0736391,3.22232,0.308342,-0.744269,7.06554,0.398406,4.30401,-9.72263,1.42212,10.4335,
477,-0.233621,-0.907398,0.263673,-1,0.223223,-0.0418883,-0.150577,0.043324,0.408364,-0.117146,0.147602,-0.611243,-0.221155,0.328731,3.4778,0.273004,2.72894,6.40621,-13.5821,9.45657,-12.9759,-2.65104,5.00802,
478,-0.671658,-0.0522103,-0.132213,0.144557,0.762542,-0.147564,-0.148812,0.172971,0.35712,-0.412693,0.381261,-1.05242,-0.122912,0.204293,3.31208,0.036406,1.51173,-3.79789,-0.72715,0.467898,0.665198,1.40436,-6.76918,
479,0.132658,0.891486,-0.198311,0.0973588,-0.143342,0.0268946,-0.152734,0.148439,-0.0505605,0.075214,0.101007,-0.488832,-0.0213222,-0.31626,3.14307,-0.0523527,-1.61867,-9.64022,9.49538,-7.44921,12.9668,-6.06517,-16.9653,
480,0.628128,0.861838,0.00873829,-1,-0.777661,0.150978,-0.176411,0.0400359,-0.240363,0.422242,-0.227501,0.18368,-0.20589,-0.481846,3.76224,-0.458846,-2.3011,0.223976,4.03563,-4.24551,10.859,-3.2146,2.32477,
481,0.655369,-0.780125,0.329466,-1,-0.775896,0.150576,-0.176879,-0.0436339,0.067653,0.421117,-0.19291,0.052086,-0.190891,-0.0704725,3.23277,0.101479,-1.15751,7.90195,-0.264384,2.65765,-9.83845,1.69223,10.5589,
482,-0.197483,-0.91174,0.268543,-1,0.187402,-0.0351633,-0.161975,0.0352622,0.447944,-0.0983384,0.0898652,-0.614592,-0.210031,0.33123,3.43578,0.100681,2.67012,6.20476,-12.6232,6.80193,-13.3688,-2.26032,4.9204,
483,-0.635834,-0.00913758,-0.290995,0.145797,0.715331,-0.137282,-0.164835,0.173707,0.388172,-0.383934,0.340722,-1.0633,-0.12866,0.2047,3.36839,0.00540089,1.76726,-3.60063,-0.370477,2.4569,0.925969,0.641735,-6.82968,
484,0.114776,0.901991,-0.437376,0.105184,-0.123895,0.0232455,-0.172605,0.152651,-0.0432676,0.0650089,0.039961,-0.483423,-0.0608661,-0.322355,3.05481,-0.13692,-1.68681,-10.2309,9.31531,-8.30563,13.2633,-7.40946,-17.6978,
485,0.626796,0.863061,0.0107064,-1,-0.768914,0.148994,-0.200379,0.0282617,-0.26191,0.416694,-0.34899,0.183508,-0.262102,-0.507158,3.6871,-0.552392,-2.67605,-0.182513,4.15235,-5.30888,10.5398,-1.77077,3.2415,
486,0.711621,-0.782814,0.101092,-1,-0.871899,0.174481,-0.189365,-0.0427965,0.0958568,0.487986,-0.234841,0.0344788,-0.223776,-0.0913454,3.13563,0.329182,-0.951381,9.17477,-1.09199,6.32487,-10.0237,2.00726,10.4497,
487,-0.220415,-0.908234,0.523644,-1,0.207835,-0.038999,-0.173488,0.0275579,0.511972,-0.109065,0.082988,-0.626351,-0.249363,0.327139,3.28787,0.180694,2.6709,6.17628,-11.6642,3.97419,-13.2082,-2.63449,5.41314,
488,-0.634643,0.0108804,-0.421594,0.140708,0.712299,-0.136638,-0.167478,0.170665,0.389122,-0.382133,0.386605,-1.07242,-0.142932,0.211,3.12012,0.218908,1.8117,-5.134,-0.919724,4.76891,1.24102,1.48215,-6.79812,
489,0.135384,0.891637,-0.0160011,0.103741,-0.146764,0.0275367,-0.16645,0.15186,-0.0643164,0.0770096,0.0474515,-0.483011,-0.0420073,-0.317878,2.95111,-0.0190967,-1.61316,-10.2213,9.28307,-10.6045,12.8159,-6.87731,-17.8335,
490,0.610772,0.856339,0.00155754,-1,-0.746512,0.144014,-0.187441,0.0362401,-0.274126,0.402764,-0.225435,0.18256,-0.238044,-0.491933,3.6696,-0.408838,-2.46392,0.100793,3.6694,-1.50994,10.679,-2.36242,3.17192,
491,0.674774,-0.780888,0.643365,-1,-0.811782,0.15897,-0.176643,-0.0387781,0.0839494,0.444599,-0.131115,0.0454804,-0.20168,-0.0727621,3.09351,0.293861,-1.16274,9.16051,-1.00694,3.79292,-9.67349,1.86614,10.2847,
492,-0.238147,-0.918301,0.233467,-1,0.223431,-0.0419273,-0.161572,0.0212234,0.473915,-0.117255,0.267288,-0.610246,-0.219874,0.327078,3.25195,0.192353,2.51718,5.33927,-10.8415,6.81654,-13.2024,-2.4097,4.98887,
493,-0.613895,-0.0184045,-0.0165706,0.118106,0.679189,-0.129709,-0.15732,0.157902,0.370129,-0.362752,0.362543,-1.06237,-0.123478,0.201163,3.15428,0.168364,1.74006,-4.46649,-0.966424,-1.57889,0.909133,1.0905,-6.84566,
494,0.157541,0.875286,-0.53358,0.103415,-0.171709,0.0322179,-0.153945,0.151619,-0.0423053,0.0901011,0.114696,-0.497946,-0.0458915,-0.309266,3.10559,0.0420723,-1.12256,-9.57753,8.64098,-6.01421,12.3522,-6.01269,-16.4599,
495,0.611713,0.868803,0.00993917,-1,-0.763976,0.147885,-0.172906,0.0655408,-0.217333,0.41359,-0.330608,0.162995,-0.240241,-0.487925,3.70619,-0.38409,-1.88557,0.406828,3.81597,-7.63407,10.7983,-3.42703,1.77459,
496,0.610898,-0.733419,0.478678,-1,-0.718695,0.137999,-0.173049,-0.0142488,0.061979,0.385939,-0.242296,0.0488609,-0.235208,-0.112999,3.04032,0.0395303,-1.58252,7.15143,-1.62309,6.04299,-9.01291,1.26497,9.59655,
497,-0.185284,-0.914075,0.449604,-1,0.176951,-0.0332018,-0.157789,0.0428268,0.401956,-0.0928527,0.161567,-0.605649,-0.214319,0.279135,3.26578,0.176648,2.31561,5.37796,-11.431,7.78162,-13.2819,-0.976588,5.24938,
498,-0.619096,-0.0927457,-0.222015,0.131718,0.689554,-0.131859,-0.157418,0.165562,0.355466,-0.368766,0.440994,-1.04662,-0.103782,0.197642,3.29038,0.0358815,1.5622,-2.95391,-0.734589,2.7588,0.484002,0.909754,-5.70993,
499,0.058238,0.892434,-0.426835,0.0813414,-0.0615486,0.0115478,-0.163531,0.140145,-0.0268304,0.0322947,0.0931821,-0.489172,-0.045845,-0.279706,3.04251,-0.114848,-1.65577,-9.26141,8.41661,-9.49245,12.9849,-6.72008,-16.1153,
500,0.613394,0.865915,0.0758763,-1,-0.740902,0.142787,-0.19338,0.0181323,-0.255946,0.399331,-0.348505,0.170976,-0.194082,-0.535026,3.55118,-0.605276,-2.71324,-1.01342,4.84741,-6.01265,10.6414,-2.18695,0.993559,
501,0.70313,-0.747715,0.0389169,-1,-0.854123,0.169645,-0.186258,-0.048975,0.0529715,0.474459,-0.243067,0.0404332,-0.18,-0.147467,3.08524,0.282952,-0.91242,8.2838,-1.14637,6.23744,-9.29593,0.959686,10.3982,
502,-0.199652,-0.905038,0.106636,-1,0.188869,-0.0354388,-0.165614,0.0315143,0.475455,-0.0991086,0.0364043,-0.604503,-0.249843,0.300657,3.24668,0.179576,2.59046,6.94282,-13.2594,4.80131,-13.186,-3.09889,6.29496,
503,-0.643231,0.0212415,-0.165786,0.13596,0.722257,-0.13876,-0.162886,0.167889,0.410298,-0.388067,0.23319,-1.0626,-0.154724,0.22582,3.06986,0.141572,1.7252,-4.09499,-0.347234,1.97064,0.875342,1.39734,-6.17169,
504,0.124037,0.884484,-0.383172,0.0886648,-0.133291,0.0250086,-0.164975,0.143881,-0.0575839,0.0699395,0.058593,-0.493247,-0.0391183,-0.292236,2.83945,-0.0971006,-1.74498,-10.8059,9.46931,-5.19403,12.5485,-6.12584,-17.5339,
505,0.621379,0.860952,0.0163053,-1,-0.755687,0.146038,-0.191016,0.0207937,-0.270413,0.408423,-0.273205,0.168511,-0.21423,-0.480538,3.55758,-0.502374,-2.64511,0.206912,3.8268,-5.3878,10.693,-2.85613,2.11068,
506,0.685143,-0.774788,0.170768,-1,-0.822858,0.161669,-0.183645,-0.0500405,0.0859258,0.452146,-0.211878,0.0290245,-0.194389,-0.0826871,3.03623,0.170269,-1.04471,8.74047,-1.42451,4.72192,-9.77491,1.8052,10.3536,
507,-0.205804,-0.904412,0.103968,-1,0.194398,-0.0364765,-0.168034,0.0297351,0.486638,-0.102011,0.0651719,-0.622512,-0.230116,0.323598,3.20765,0.106196,2.65983,6.30273,-12.8382,5.62009,-13.0708,-2.6914,5.15837,
508,-0.627018,0.0311515,-0.115091,0.142221,0.702746,-0.13462,-0.167836,0.171582,0.404672,-0.376489,0.256723,-1.0668,-0.142566,0.205207,3.06292,0.100585,1.86528,-4.20037,-0.122589,1.53919,1.03304,1.03118,-6.72936,
509,0.132776,0.885344,-0.701059,0.108981,-0.144155,0.0270472,-0.171701,0.15471,-0.0582752,0.0756407,0.0744844,-0.488052,-0.0566974,-0.319336,2.83493,-0.11433,-1.60645,-10.6691,9.32479,-5.15268,12.6304,-7.13088,-17.8096,
510,0.621703,0.867329,0.0364052,-1,-0.76411,0.147915,-0.197741,0.0350252,-0.257007,0.413675,-0.392575,0.169567,-0.264315,-0.502856,3.53489,-0.523124,-2.55269,0.436789,3.8161,-8.56459,10.5595,-1.9943,3.37361,
511,0.695613,-0.765094,0.346948,-1,-0.848079,0.168056,-0.187323,-0.0373553,0.0479517,0.470013,-0.334856,0.0257099,-0.224227,-0.0833915,3.07958,0.469062,-0.67521,8.03801,0.140119,5.74437,-9.92936,2.04159,10.4323,
512,-0.237121,-0.903351,0.279054,-1,0.2268,-0.0425599,-0.161491,0.0444879,0.453316,-0.119024,0.125532,-0.622688,-0.241747,0.327397,3.29091,0.33887,2.68694,6.33755,-12.9713,7.80575,-12.8419,-2.37771,5.24003,
513,-0.647193,-0.0277149,-0.394052,0.151265,0.731928,-0.140839,-0.153293,0.17701,0.370518,-0.393884,0.363178,-1.05712,-0.124612,0.208622,3.09108,0.206523,1.6454,-4.33709,-0.289839,1.47857,0.828449,1.74608,-6.73229,
514,0.0866778,0.895271,-0.461807,0.0942783,-0.0925852,0.017371,-0.154383,0.14681,-0.0718218,0.0485799,-0.0158157,-0.480865,-0.0167925,-0.30992,2.95065,-0.0957573,-1.83451,-10.103,9.00847,-9.69283,12.7897,-5.98782,-17.0127,
515,0.609691,0.867413,0.000958117,-1,-0.735376,0.141585,-0.181417,0.019248,-0.287597,0.39597,-0.395097,0.181262,-0.181246,-0.478647,3.6406,-0.534748,-2.72407,-0.133622,4.26279,-4.44176,10.5549,-2.4728,2.51452,
516,0.694687,-0.764086,0.316277,-1,-0.837266,0.165272,-0.172353,-0.053269,0.0285758,0.462226,-0.317676,0.0391504,-0.154557,-0.0631936,3.24052,0.419639,-0.612652,8.5551,0.22134,4.69566,-9.85655,1.56819,10.5134,
517,-0.25334,-0.905915,0.547477,-1,0.239948,-0.0450293,-0.150281,0.0320948,0.455302,-0.12593,0.0987414,-0.609487,-0.220668,0.341216,3.39564,0.231368,2.73549,6.57837,-13.0951,7.32987,-13.0459,-3.40834,4.9749,
518,-0.67013,-0.0489126,-0.0947917,0.133182,0.757199,-0.146373,-0.148219,0.166296,0.362964,-0.409362,0.447795,-1.06167,-0.134518,0.20425,3.20085,0.0786055,1.55605,-4.67392,-0.574975,4.18188,0.895226,1.33653,-7.13735,
519,0.0915711,0.881139,-0.0668549,0.0671782,-0.096916,0.0181835,-0.154441,0.133397,-0.0808714,0.0508523,0.174225,-0.488445,-0.0148466,-0.321596,3.091,-0.197656,-1.83602,-9.97388,9.25066,-8.64068,12.7546,-5.05744,-16.6663,
520,0.633167,0.857662,0.0237286,-1,-0.772312,0.149762,-0.183171,0.0151663,-0.274559,0.418842,-0.181389,0.172487,-0.16888,-0.485295,3.77148,-0.445253,-2.3482,0.625887,5.44075,-4.27999,10.8534,-3.32366,1.94458,
521,0.679653,-0.774137,0.387675,-1,-0.809776,0.158488,-0.178839,-0.0562439,0.0969489,0.443249,-0.150833,0.0508896,-0.184577,-0.0849896,3.16582,0.0914221,-1.12069,9.04124,-1.72149,3.2629,-9.58023,1.07574,10.5095,
522,-0.198552,-0.916764,0.508875,-1,0.186274,-0.0349517,-0.166316,0.0215422,0.487304,-0.0977465,0.140508,-0.611694,-0.232569,0.32612,3.31782,0.0512494,2.66417,5.97969,-12.5716,6.70362,-13.4912,-2.66506,5.19697,
523,-0.63187,-0.0293488,-0.303194,0.129529,0.705559,-0.135213,-0.168937,0.164226,0.399735,-0.378146,0.453087,-1.0698,-0.145311,0.207202,3.24151,0.0435184,1.83077,-4.08073,-0.2805,3.96525,1.08498,0.924085,-6.78917,
524,0.109909,0.888094,-0.742102,0.0985161,-0.118191,0.0221754,-0.174572,0.14908,-0.0405447,0.062016,0.084206,-0.493199,-0.0597475,-0.319789,2.94707,-0.116228,-1.52662,-10.284,9.03702,-10.5621,12.773,-7.14292,-17.7845,
525,0.614757,0.87343,0.0121954,-1,-0.749083,0.144579,-0.202067,0.0288323,-0.262547,0.404343,-0.485067,0.163577,-0.262021,-0.507824,3.58248,-0.557277,-2.63741,-0.446651,4.01873,-7.65822,10.5027,-1.98057,3.17897,
526,0.69616,-0.767035,0.658416,-1,-0.849556,0.168442,-0.188484,-0.0363914,0.0415131,0.471093,-0.270851,0.0198045,-0.224259,-0.0955809,3.13671,0.426912,-0.778793,8.50688,-0.926708,7.95102,-9.7803,2.10688,10.3817,
527,-0.217584,-0.908411,0.0461147,-1,0.208495,-0.039123,-0.160886,0.0470575,0.444994,-0.109412,0.269392,-0.619666,-0.243058,0.320442,3.4203,0.380655,2.69736,6.36249,-13.3181,9.61948,-12.6667,-2.39566,5.42898,
528,-0.645619,-0.0478968,-0.197847,0.152812,0.730302,-0.140488,-0.15214,0.177956,0.378872,-0.392902,0.33223,-1.05176,-0.129308,0.213376,3.28439,0.242467,1.79682,-3.07167,2.96743,-1.27967,0.556636,1.59171,-6.51507,
529,0.185515,0.884756,-0.274353,0.141845,-0.207143,0.0388692,-0.143725,0.173732,-0.0188083,0.108702,0.0185053,-0.498414,-0.0318918,-0.305738,3.08287,0.229408,-1.06468,-9.57754,9.1536,-6.88905,12.4418,-6.50623,-17.2622,
530,0.620236,0.865351,0.0095897,-1,-0.794011,0.154753,-0.154355,0.0950609,-0.202441,0.432801,-0.264084,0.177842,-0.246407,-0.477387,3.75626,-0.252784,-1.63481,0.257855,3.64548,-3.43364,10.8731,-3.38742,2.56984,
531,0.600669,-0.753868,0.115964,-1,-0.724744,0.139293,-0.147203,0.0270294,0.0757671,0.389558,-0.15539,0.0652902,-0.242258,-0.0823568,3.07519,0.193183,-1.3543,7.12139,-1.95429,4.56234,-9.16177,1.39618,9.79573,
532,-0.385449,-0.914737,0.433808,-1,0.376475,-0.070734,-0.14304,0.0566821,0.424868,-0.197816,0.114239,-0.597561,-0.202898,0.302113,2.98956,-0.189984,1.61125,5.89093,-10.0431,4.52404,-13.4572,-0.669537,4.89943,
533,-0.547845,-0.041175,-0.291453,0.119637,0.596462,-0.113018,-0.15762,0.158799,0.32786,-0.316071,0.389157,-1.06258,-0.0334154,0.180561,2.97278,-0.183816,1.23884,-4.22061,2.08479,4.212,0.786978,1.76867,-6.69081,
534,0.161569,0.899032,-0.377924,0.0501734,-0.172813,0.0324251,-0.174744,0.125552,-0.034794,0.0906806,0.077645,-0.479035,-0.0367125,-0.298744,2.95012,-0.345496,-1.63497,-8.1874,7.48167,-9.33804,13.2353,-8.18085,-15.5668,
535,0.711434,0.83698,0.03947,-1,-0.922578,0.190211,-0.196934,0.0583522,-0.114698,0.531996,-0.280842,0.153282,-0.29041,-0.527549,3.40796,-0.342325,-1.26587,1.53672,4.88152,-4.97047,9.90779,-3.79025,1.48928,
536,0.66789,-0.790331,0.434661,-1,-0.833546,0.164331,-0.19584,0.0198734,0.180046,0.459593,-0.164897,-0.00214103,-0.34707,-0.142109,2.66834,0.0299264,-0.62257,6.76113,-3.42015,5.42327,-9.99179,0.156491,10.2417,
537,-0.346441,-0.913778,0.383122,-1,0.344624,-0.0647219,-0.196928,0.0850172,0.477,-0.181002,0.247551,-0.67198,-0.325444,0.282518,2.89644,-0.105183,2.4894,4.83664,-8.85521,6.69838,-13.0117,-0.487155,5.77259,
538,-0.528243,-0.0500878,-0.37991,0.196478,0.592681,-0.112271,-0.200796,0.207271,0.339635,-0.313981,0.427292,-1.02714,-0.0950813,0.185849,2.77015,0.0415923,1.87999,-4.85731,2.62743,2.17652,0.822743,4.68405,-6.0376,
539,0.174549,0.903505,-0.327558,0.157726,-0.195836,0.0367465,-0.198385,0.184335,-0.0418187,0.102766,0.0155533,-0.514733,-0.197084,-0.43237,2.76345,0.0215554,-1.47897,-7.85921,7.04972,-10.7583,13.2641,-2.95355,-13.1416,
540,0.614713,0.861261,0.00204104,-1,-0.762553,0.147566,-0.214163,0.0535968,-0.186376,0.412699,-0.349146,0.13231,-0.364644,-0.460278,3.26192,-0.342893,-2.95919,0.594619,4.22309,-3.54536,10.4771,-1.29149,3.98751,
541,0.717884,-0.784802,0.47315,-1,-0.883969,0.177926,-0.201945,-0.0396867,0.129054,0.497623,-0.198793,-0.0235351,-0.262792,-0.0500455,2.67881,0.305135,-1.31314,7.83283,-0.659195,6.18347,-9.96277,3.53285,9.91528,
542,-0.174475,-0.892973,0.15318,-1,0.163664,-0.0307081,-0.182741,0.0209717,0.502453,-0.0858789,0.246673,-0.642717,-0.245943,0.329122,2.95193,0.231933,2.35094,5.92719,-13.0342,7.9262,-12.0076,-2.19244,4.67343,
543,-0.603592,-0.0453878,-0.0963076,0.110747,0.664111,-0.126608,-0.174138,0.153962,0.42354,-0.35408,0.371216,-1.05101,-0.146237,0.199301,2.71447,0.267207,1.88134,-4.27714,-0.517181,-1.43405,0.695666,1.42701,-6.68255,
544,0.0869398,0.846011,-0.709653,0.100014,-0.093081,0.017464,-0.168423,0.149805,-0.0342949,0.04884,0.0635539,-0.512555,-0.0475913,-0.307185,2.58229,0.01209,-1.17222,-10.5981,8.14713,-6.88414,11.1973,-5.88777,-16.7211,
545,0.582982,0.864499,0.015209,-1,-0.703811,0.134844,-0.190573,0.0419653,-0.267896,0.377116,-0.424321,0.113242,-0.237276,-0.496812,3.30506,-0.489149,-2.41426,-0.565396,4.01485,-8.3001,10.3635,-2.19208,2.71031,
546,0.667288,-0.723296,0.576401,-1,-0.807173,0.157864,-0.181592,-0.0248396,0.000503074,0.441504,-0.312986,-0.00253695,-0.207013,-0.103178,2.94278,0.416084,-0.633714,7.79131,0.271396,5.39583,-9.0319,1.88172,10.0208,
547,-0.253103,-0.891988,0.511873,-1,0.243895,-0.0457708,-0.156896,0.053061,0.411579,-0.128003,0.203806,-0.608193,-0.228576,0.304265,3.12352,0.257306,2.37331,6.73657,-13.3248,10.1509,-12.0917,-2.2821,5.41924,
548,-0.656457,-0.15334,-0.107521,0.137648,0.740273,-0.14265,-0.155612,0.168925,0.353201,-0.398948,0.507467,-1.03314,-0.106662,0.207063,2.84713,0.0140151,1.40166,-4.14134,-0.388107,1.71319,0.140546,2.00184,-6.18764,
549,0.0825374,0.867004,-0.554043,0.0911381,-0.0879763,0.0165062,-0.160082,0.14514,-0.0402405,0.0461615,0.16248,-0.498788,-0.0140086,-0.295705,2.74213,-0.0624582,-1.54374,-9.1852,8.40409,-9.58915,12.1884,-6.48385,-16.7789,
550,0.604939,0.864153,0.0026285,-1,-0.732918,0.141053,-0.186017,0.0290888,-0.240701,0.394482,-0.38573,0.146031,-0.206807,-0.491158,3.32938,-0.562743,-2.50541,-0.407881,4.40375,-8.43243,10.4677,-2.24754,2.28719,
551,0.688906,-0.730398,0.561777,-1,-0.833232,0.164252,-0.182154,-0.0433168,0.0355366,0.459372,-0.332482,0.0266484,-0.188103,-0.096502,2.88871,0.305133,-0.757391,7.72784,0.100648,5.55049,-9.2236,1.36955,10.0967,
552,-0.166968,-0.901323,0.00187523,-1,0.160129,-0.0300447,-0.155667,0.0474524,0.409411,-0.0840236,0.138068,-0.602773,-0.239562,0.311999,3.22021,0.418622,2.91613,5.96896,-12.9916,9.25249,-12.7081,-2.86755,5.36555,
553,-0.667683,-0.0584444,-0.279564,0.161546,0.762365,-0.147524,-0.147024,0.183435,0.361385,-0.412582,0.264614,-1.04008,-0.149808,0.212771,3.11631,0.184311,1.77636,-2.88909,0.615458,-0.571906,0.261465,1.37184,-6.2487,
554,0.106399,0.883139,-0.771743,0.128536,-0.115766,0.0217203,-0.144921,0.165706,-0.044003,0.0607434,-0.0214272,-0.49517,-0.0284664,-0.301663,2.90882,0.0428673,-1.49281,-9.73996,9.43005,-6.572,12.2589,-5.63518,-17.1733,
555,0.623857,0.872225,0.00462526,-1,-0.780742,0.151682,-0.165251,0.0588287,-0.238656,0.424213,-0.459931,0.165613,-0.200471,-0.48089,3.57058,-0.428545,-2.25661,0.0721064,4.39578,-7.25875,10.5343,-2.92932,2.19923,
556,0.621184,-0.758822,0.66994,-1,-0.728188,0.140033,-0.167904,-0.0273405,0.0516443,0.391627,-0.19871,0.0396552,-0.183641,-0.0692741,3.05338,-0.0845229,-1.53996,7.73024,-2.0347,8.09061,-9.39229,1.61232,10.5785,
557,-0.209664,-0.91272,0.0064501,-1,0.20037,-0.0375976,-0.154485,0.0438446,0.388921,-0.105146,0.239134,-0.608852,-0.194275,0.327798,3.39303,0.122191,2.5407,5.62592,-11.9738,9.07729,-12.9801,-1.97965,4.80438,
558,-0.621032,-0.0470276,-0.0136646,0.144197,0.695498,-0.1331,-0.158808,0.172767,0.359577,-0.372236,0.30521,-1.0463,-0.110729,0.202813,3.3506,-0.0659428,1.64247,-2.89417,-0.758747,-3.19809,0.48373,0.719318,-6.67894,
559,0.0930877,0.901322,-0.72537,0.104388,-0.0999696,0.0187565,-0.167956,0.152165,-0.0361809,0.0524546,0.0538156,-0.483818,-0.0595889,-0.311468,3.09789,-0.136849,-1.6136,-9.6959,8.70777,-4.77013,13.2722,-7.36027,-17.0197,
560,0.627002,0.862881,0.00990719,-1,-0.770695,0.149396,-0.196816,0.0308488,-0.242673,0.417818,-0.394795,0.177636,-0.256081,-0.500385,3.63479,-0.58896,-2.64012,-0.211403,4.65376,-8.32601,10.3961,-1.77003,2.81488,
561,0.712145,-0.766759,0.378223,-1,-0.87217,0.174557,-0.189308,-0.0438694,0.0554957,0.488199,-0.331629,0.0299889,-0.216074,-0.0937727,3.18751,0.414931,-0.698836,8.18466,0.0679996,5.77188,-9.95542,1.82865,10.3048,
562,-0.233933,-0.907438,0.371958,-1,0.222531,-0.0417583,-0.166436,0.0379345,0.469386,-0.116782,0.151945,-0.62168,-0.250826,0.322156,3.37324,0.232584,2.60856,6.63473,-13.7473,8.84479,-12.9651,-2.67834,5.44977,
563,-0.654925,-0.0360595,-0.0377583,0.138799,0.738546,-0.142274,-0.162469,0.169555,0.389961,-0.397896,0.429731,-1.06322,-0.135684,0.210484,3.15721,0.141015,1.61484,-4.34361,0.109968,2.08595,0.954715,1.77037,-6.67282,
564,0.101135,0.885289,-0.374127,0.0839237,-0.107926,0.0202493,-0.164621,0.14154,-0.0655548,0.0566294,0.151811,-0.487374,-0.0226749,-0.31219,2.95415,-0.0769921,-1.80319,-10.4363,9.15264,-7.59801,12.8557,-6.38279,-17.4309,
565,0.622669,0.859818,0.01211,-1,-0.755826,0.146068,-0.189492,0.0171726,-0.274468,0.40851,-0.2909,0.175822,-0.202235,-0.484765,3.64501,-0.427062,-2.53455,0.29393,4.98175,-6.95802,10.6017,-2.74977,2.57887,
566,0.686675,-0.769614,0.66252,-1,-0.823306,0.161779,-0.180333,-0.0537096,0.0748671,0.452455,-0.25307,0.0348095,-0.18065,-0.0672699,3.13364,0.238918,-0.973641,8.67965,-1.26058,4.75435,-9.7833,1.70803,10.5933,
567,-0.232986,-0.911845,0.46845,-1,0.220323,-0.0413436,-0.159173,0.0308121,0.452107,-0.115622,0.214718,-0.615359,-0.224852,0.337882,3.36589,0.221917,2.71128,5.85999,-13.3525,10.2832,-13.0062,-2.86631,4.98616,
568,-0.651766,-0.0765564,-0.277298,0.133208,0.732769,-0.141021,-0.156971,0.166315,0.370499,-0.394392,0.505196,-1.05946,-0.132474,0.205751,3.23676,0.0933895,1.68775,-3.97188,0.333148,1.9599,0.823814,1.27045,-6.99193,
569,0.0896745,0.887136,-0.357952,0.0905768,-0.0957091,0.0179571,-0.160465,0.144929,-0.0525842,0.0502191,0.0707358,-0.492873,-0.0318482,-0.319651,3.03086,-0.0905796,-1.58245,-9.83619,8.79898,-11.141,12.6934,-6.08088,-17.0695,
570,0.605981,0.868429,0.0065491,-1,-0.733281,0.141132,-0.187073,0.0266046,-0.273386,0.394702,-0.359187,0.16743,-0.20909,-0.497147,3.66735,-0.542354,-2.55536,-0.459369,4.22458,-4.96655,10.6993,-2.1218,2.82566,
571,0.687247,-0.745762,0.181857,-1,-0.829565,0.163332,-0.178048,-0.0447508,0.0335258,0.456799,-0.288517,0.04566,-0.183439,-0.0874036,3.20593,0.38759,-0.827286,8.40871,-0.272828,4.99249,-9.39179,1.57439,10.3035,
572,-0.22424,-0.901988,0.402886,-1,0.212921,-0.0399538,-0.153164,0.0359025,0.44218,-0.111736,0.0281344,-0.598253,-0.226545,0.323469,3.36609,0.300772,2.64579,6.38646,-13.1674,5.76542,-13.063,-2.77971,5.3072,
573,-0.667385,-0.0462257,-0.0241816,0.138085,0.754938,-0.145872,-0.147305,0.16914,0.362603,-0.407959,0.348159,-1.05218,-0.130477,0.210151,3.2065,0.1351,1.58085,-4.40725,-1.12725,4.13245,0.619121,1.35886,-6.65295,
574,0.102094,0.878791,-0.253482,0.08462,-0.108999,0.0204506,-0.149062,0.141856,-0.0699357,0.0571924,0.189402,-0.490293,-0.0167058,-0.305625,3.10453,-0.0827463,-1.70151,-9.85187,9.37048,-6.14436,12.7071,-5.19515,-16.584,
575,0.618304,0.855494,0.0120067,-1,-0.75464,0.145806,-0.174588,0.0281745,-0.259345,0.407775,-0.208885,0.172458,-0.172843,-0.477468,3.74396,-0.500651,-2.40415,0.314361,4.13549,-6.4684,10.7,-2.92029,1.98273,
576,0.66608,-0.76282,0.317766,-1,-0.790475,0.153929,-0.174836,-0.0497315,0.068961,0.430495,-0.222694,0.0469999,-0.164641,-0.0746185,3.22692,0.0834465,-1.05254,8.45876,-0.559456,3.1719,-9.54742,1.32324,10.4428,
577,-0.198519,-0.910201,0.317583,-1,0.187683,-0.0352161,-0.16239,0.0307707,0.460974,-0.098486,0.0862261,-0.608164,-0.214352,0.328598,3.38366,0.0496414,2.69483,6.15837,-12.5785,6.9779,-13.2993,-2.84162,5.01034,
578,-0.63284,-0.0207351,-0.213621,0.142844,0.710549,-0.136267,-0.166922,0.171947,0.391847,-0.381096,0.363907,-1.06304,-0.141453,0.204598,3.30655,-0.0174644,1.80813,-3.77387,-0.361181,2.99008,0.892551,0.690118,-6.82221,
579,0.107576,0.895254,-0.223269,0.106042,-0.115976,0.0217598,-0.1754,0.153126,-0.0439379,0.0608538,0.0842234,-0.486577,-0.0664096,-0.323852,2.99581,-0.151534,-1.64772,-10.2675,9.17585,-8.05067,13.083,-7.41482,-17.858,
580,0.643615,0.849196,0.0202428,-1,-0.800308,0.156233,-0.2015,0.0337783,-0.257929,0.436941,-0.249997,0.173643,-0.272309,-0.510597,3.67385,-0.423807,-2.37032,0.318065,5.6672,-4.09092,10.3741,-2.078,3.22133,
581,0.68618,-0.787302,0.493376,-1,-0.829997,0.16344,-0.193603,-0.0408998,0.0991286,0.457101,-0.170626,0.0257472,-0.239509,-0.086833,3.09332,0.194849,-1.16338,8.85288,-1.95767,4.35537,-9.9376,1.99136,10.6623,
582,-0.213492,-0.911239,0.0333933,-1,0.202275,-0.0379553,-0.176046,0.0333835,0.486208,-0.106146,0.194556,-0.631243,-0.244241,0.328252,3.31445,0.157967,2.55779,5.98087,-12.9485,7.8477,-13.034,-1.98107,5.25497,
583,-0.620563,0.0217464,-0.222653,0.14071,0.693891,-0.132764,-0.173174,0.170673,0.406499,-0.371297,0.30164,-1.0666,-0.130103,0.209932,3.14315,0.148547,1.8027,-4.25319,-0.424978,-1.81872,1.08315,1.4187,-6.75245,
584,0.151213,0.888283,-0.555366,0.111675,-0.165114,0.0309804,-0.172667,0.15622,-0.04568,0.0866402,-0.00228824,-0.505554,-0.0766532,-0.337935,3.01041,-0.0710231,-1.383,-10.4168,9.00157,-6.77241,12.5268,-5.03739,-16.2016,
585,0.619551,0.871819,0.00894768,-1,-0.766143,0.148371,-0.195969,0.0453017,-0.248106,0.41495,-0.379347,0.152831,-0.274965,-0.501036,3.693,-0.467516,-2.40912,0.279598,3.75741,-5.7203,10.7625,-2.43543,3.34383,
586,0.680953,-0.758095,0.367457,-1,-0.826512,0.162572,-0.188878,-0.0315913,0.0623635,0.454673,-0.285365,0.023456,-0.241111,-0.0851604,3.18336,0.316303,-0.975977,8.19157,-0.196706,5.56919,-9.63402,2.08337,10.3136,
587,-0.205039,-0.901173,0.197738,-1,0.196012,-0.0367795,-0.165993,0.0442356,0.44356,-0.102858,0.107908,-0.62032,-0.240461,0.320136,3.41522,0.301664,2.59394,5.87843,-13.0497,7.29541,-12.7899,-1.89227,5.18108,
588,-0.650366,-0.0312954,-0.262433,0.149622,0.735658,-0.141647,-0.158873,0.176028,0.36981,-0.396142,0.317056,-1.05082,-0.123627,0.208133,3.24789,0.164527,1.64724,-4.18944,-1.17485,0.779021,0.658745,1.61267,-6.48958,
589,0.142836,0.895219,-0.0606924,0.1181,-0.15605,0.0292793,-0.156237,0.159736,-0.044905,0.0818831,0.0446189,-0.485633,-0.0319734,-0.309371,3.0803,0.0924574,-1.48565,-9.76759,9.34497,-7.53785,12.965,-6.91253,-17.3927,
590,0.622179,0.853597,0.00679106,-1,-0.776477,0.150708,-0.17274,0.0561701,-0.242714,0.421488,-0.188092,0.188168,-0.23146,-0.480897,3.7439,-0.337465,-2.18122,0.13657,3.93042,-1.96732,10.6991,-2.75035,2.73949,
591,0.609173,-0.763925,0.198019,-1,-0.704226,0.134932,-0.170304,-0.0348788,0.0675672,0.37736,-0.117409,0.0605815,-0.203563,-0.0678472,3.08828,0.0659411,-1.77393,7.93143,-1.98011,3.02701,-9.26015,1.49817,10.1095,
592,-0.175405,-0.91375,0.415979,-1,0.164729,-0.0309081,-0.153347,0.022393,0.444164,-0.0864381,0.0678053,-0.604365,-0.191684,0.313688,3.24588,0.150558,2.31361,6.06276,-11.424,4.63229,-13.5405,-1.35986,4.64662,
593,-0.624534,-0.0326506,-0.23151,0.106492,0.689996,-0.131951,-0.152786,0.15174,0.385833,-0.369024,0.35537,-1.05791,-0.112166,0.194797,3.24498,0.0743037,1.65148,-3.49902,-1.10968,4.21607,0.761253,0.140097,-6.47617,
594,0.0931719,0.875143,-0.730764,0.062416,-0.0984697,0.018475,-0.158062,0.131096,-0.0326,0.0516676,0.100045,-0.504232,-0.0449559,-0.293489,3.07257,-0.197182,-1.45861,-9.8384,8.83364,-8.14553,12.3037,-4.87386,-15.3434,
595,0.615137,0.888085,0.00276557,-1,-0.746385,0.143986,-0.190949,0.0228022,-0.247844,0.402686,-0.444703,0.153166,-0.180701,-0.531281,3.61136,-0.621078,-2.47414,-0.519082,4.30805,-9.03107,11.2053,-3.66761,0.557329,
596,0.706195,-0.753349,0.186648,-1,-0.864131,0.172336,-0.184874,-0.0404832,0.0257717,0.481986,-0.318119,0.0409831,-0.203329,-0.160897,3.20686,0.395282,-0.444612,7.97612,0.433647,5.52618,-9.63352,1.12832,10.5847,
597,-0.23152,-0.905142,0.339779,-1,0.22222,-0.0416999,-0.162954,0.0488908,0.446168,-0.116619,0.0559759,-0.610475,-0.257047,0.30018,3.42954,0.280789,2.86132,6.59883,-12.7261,5.42091,-13.1336,-2.84694,6.54022,
598,-0.662691,-0.0114684,-0.344973,0.16687,0.757324,-0.146401,-0.157806,0.186786,0.363215,-0.409439,0.320113,-1.0586,-0.138399,0.23104,3.23815,0.135638,1.6591,-4.44801,-0.771999,3.22164,0.843731,1.98236,-6.10111,
599,0.0841279,0.915099,-0.70095,0.0899501,-0.0896616,0.0168224,-0.161489,0.144566,-0.0904156,0.0470459,0.0223062,-0.490386,-0.0704896,-0.330166,3.15429,-0.215379,-2.02873,-9.98153,9.27339,-8.58978,13.8782,-1.36667,-14.0956,
600,0.629398,0.870614,0.00668033,-1,-0.758728,0.146713,-0.192775,0.0022934,-0.287508,0.410313,-0.462219,0.173119,-0.181773,-0.493686,3.77485,-0.62306,-2.98432,0.344776,4.45406,-7.39147,10.468,-1.33265,2.94326,
601,0.726346,-0.753121,0.517472,-1,-0.889491,0.179553,-0.17635,-0.0549582,0.0623757,0.502176,-0.268292,0.037349,-0.161901,-0.0697929,3.32373,0.506464,-0.474469,9.39454,-0.979286,7.817,-9.48051,1.03346,10.5694,
602,-0.322884,-0.916123,0.468115,-1,0.304193,-0.0571064,-0.157449,0.0209182,0.496541,-0.159705,0.286389,-0.601876,-0.248635,0.345297,3.39085,0.171194,2.58764,6.20423,-11.7955,8.19908,-13.0239,-3.71653,5.2139,
603,-0.618469,-0.0551515,-0.114218,0.117906,0.685027,-0.130918,-0.154272,0.15776,0.367174,-0.366134,0.488977,-1.06874,-0.130958,0.204141,3.20491,0.183794,1.7422,-4.852,2.10817,1.56911,0.964916,2.05443,-7.41604,
604,0.142673,0.880065,-0.163636,0.090798,-0.154145,0.0289219,-0.152428,0.145045,-0.061413,0.0808834,0.124412,-0.495549,-0.0234221,-0.322971,3.15237,-0.00122818,-1.27484,-9.54962,8.19744,-9.35178,12.5653,-5.90083,-16.7229,
605,0.592864,0.867793,0.00384259,-1,-0.724398,0.139218,-0.174249,0.0502116,-0.2492,0.38935,-0.243649,0.172534,-0.211941,-0.485404,3.77561,-0.426921,-2.11314,0.171269,3.73696,-4.2944,11.0207,-3.71026,2.00194,
606,0.6252,-0.776393,0.198521,-1,-0.731218,0.140686,-0.174496,-0.0336139,0.0411229,0.393455,-0.197074,0.0492177,-0.19214,-0.0938196,3.22283,0.112472,-1.2194,7.23775,0.194433,2.16646,-9.76685,2.18295,10.31,
607,-0.206154,-0.906208,0.269697,-1,0.196807,-0.0369288,-0.158453,0.0425639,0.428336,-0.103276,0.0430182,-0.613264,-0.186293,0.311251,3.4012,0.101255,2.56594,6.48209,-12.3373,5.80694,-13.2242,-1.85128,5.17859,
608,-0.636851,-0.0168003,-0.104861,0.149556,0.717776,-0.137803,-0.162488,0.176004,0.376844,-0.385391,0.307396,-1.05683,-0.109244,0.205554,3.32318,-0.0424228,1.69292,-3.60975,-0.657527,3.11654,0.758519,0.380152,-6.39164,
609,0.111266,0.900042,-0.444066,0.103955,-0.119946,0.0225047,-0.172309,0.151934,-0.0476325,0.062937,0.121557,-0.480206,-0.0617479,-0.308993,3.03784,-0.163604,-1.75617,-10.0355,9.32207,-6.02809,13.4114,-7.6639,-17.4714,
610,0.637655,0.853798,0.00420748,-1,-0.786511,0.15301,-0.200672,0.0270376,-0.249636,0.427925,-0.295315,0.184994,-0.263853,-0.501024,3.65309,-0.52638,-2.57035,0.259637,4.96104,-7.03316,10.3878,-1.69398,2.95203,
611,0.699847,-0.784098,0.5894,-1,-0.848409,0.168142,-0.19405,-0.0492311,0.103561,0.470254,-0.238739,0.0328224,-0.22332,-0.0911886,3.07186,0.197412,-1.12385,8.50637,-1.53451,4.84502,-10.0648,2.06173,10.4703,
612,-0.197613,-0.911406,0.4429,-1,0.187453,-0.0351729,-0.172419,0.0347937,0.465488,-0.0983651,0.186006,-0.627351,-0.243209,0.323967,3.38593,0.263982,2.77309,5.70527,-13.4428,9.52826,-13.068,-2.41381,5.35163,
613,-0.649935,-0.051497,-0.00379763,0.146867,0.734263,-0.141344,-0.166518,0.174339,0.384297,-0.395296,0.478718,-1.06274,-0.140807,0.212063,3.2609,0.172703,1.77796,-3.94335,-0.108596,2.29562,0.966159,1.38593,-6.61349,
614,0.0896472,0.886826,-0.322472,0.109352,-0.096404,0.0180875,-0.166017,0.1549,-0.0551469,0.0505837,0.177907,-0.484823,-0.0407611,-0.315227,3.00172,0.0175358,-1.64508,-10.2512,9.13927,-8.1673,12.9961,-7.0346,-17.9027,
615,0.610645,0.859641,0.013039,-1,-0.744527,0.143579,-0.187135,0.0330008,-0.273809,0.401547,-0.272696,0.180639,-0.228166,-0.496875,3.65642,-0.441394,-2.59502,-0.228622,4.16137,-6.80214,10.6498,-1.47805,3.511,
616,0.676892,-0.75803,0.695111,-1,-0.809335,0.158382,-0.176305,-0.0490503,0.051837,0.442952,-0.257755,0.0516934,-0.179747,-0.070082,3.14552,0.354719,-1.15422,8.60357,-0.705245,4.26634,-9.55064,2.00222,10.5313,
617,-0.236503,-0.915557,0.24879,-1,0.222168,-0.0416901,-0.15159,0.0227681,0.44794,-0.116591,0.241641,-0.598315,-0.207502,0.336341,3.29121,0.265335,2.45976,6.14963,-13.238,10.775,-13.1257,-2.61279,5.06017,
618,-0.640726,-0.0754687,-0.0056019,0.10585,0.710903,-0.136342,-0.148073,0.151355,0.382343,-0.381305,0.438436,-1.05522,-0.120636,0.208486,3.18053,0.128874,1.62189,-3.61822,0.719736,-0.354343,0.630523,0.889579,-6.95512,
619,0.0956584,0.875115,-0.502585,0.0687404,-0.101381,0.0190212,-0.149144,0.134055,-0.042571,0.053195,0.126583,-0.506937,-0.0146047,-0.294143,3.09813,-0.11891,-1.28363,-9.88318,8.41914,-7.25383,12.3807,-3.48108,-14.912,
620,0.602213,0.867655,0.014569,-1,-0.73144,0.140734,-0.178436,0.0346488,-0.257397,0.393589,-0.336918,0.144203,-0.172138,-0.524632,3.69384,-0.606953,-2.17294,-0.383922,4.2148,-7.52786,10.7381,-3.01482,1.88593,
621,0.661376,-0.72108,0.170471,-1,-0.790638,0.153967,-0.180587,-0.035924,0.0174472,0.430602,-0.320177,0.0460088,-0.19051,-0.129127,3.246,0.253417,-0.684077,7.35394,0.904348,2.88163,-9.01229,0.760082,10.3699,
622,-0.201258,-0.901058,0.25183,-1,0.193358,-0.0362814,-0.159956,0.0502921,0.41533,-0.101465,-0.00685838,-0.596436,-0.233821,0.30157,3.40378,0.202453,2.66286,6.57938,-12.9602,6.77911,-13.1218,-2.33519,5.85071,
623,-0.657726,-0.0422052,-0.19345,0.160299,0.74867,-0.144488,-0.159809,0.182636,0.367355,-0.404089,0.296753,-1.04762,-0.128872,0.21855,3.26689,0.00769393,1.59744,-3.75167,-1.30625,3.33402,0.501373,1.42371,-6.10357,
624,0.126048,0.889104,-0.224694,0.110393,-0.136706,0.0256494,-0.1645,0.155437,-0.0437925,0.0717315,0.104378,-0.510738,-0.0813577,-0.332764,3.18127,-0.163971,-1.56991,-9.44171,9.37546,-6.65486,12.8749,-2.47648,-14.5421,
625,0.635714,0.859451,0.00898317,-1,-0.788791,0.153538,-0.191274,0.0370544,-0.231068,0.429402,-0.221686,0.147616,-0.242776,-0.493424,3.75825,-0.53578,-2.52588,0.255323,4.23681,-4.55151,10.7946,-2.25581,2.97962,
626,0.696083,-0.758581,0.0224407,-1,-0.845005,0.167257,-0.19048,-0.0440712,0.099615,0.467778,-0.186455,0.0315872,-0.225963,-0.0811706,3.20466,0.128876,-1.12166,8.57506,-0.679198,3.66108,-9.35107,1.50784,10.3463,
627,-0.145764,-0.902277,0.342795,-1,0.137562,-0.02581,-0.178366,0.0270895,0.501458,-0.0721806,0.0122152,-0.614303,-0.252984,0.324769,3.35305,0.0884518,2.60921,6.25656,-12.29,3.6289,-13.1236,-2.33142,5.1567,
628,-0.622067,-0.00230942,-0.0240668,0.142327,0.696309,-0.133269,-0.176832,0.171636,0.419043,-0.372711,0.303807,-1.06095,-0.159197,0.210312,3.24342,0.127996,1.95314,-4.14832,-1.10259,4.78216,0.876306,1.09889,-6.60359,
629,0.096503,0.882994,-0.230862,0.11617,-0.104226,0.0195551,-0.178527,0.158717,-0.0451072,0.054688,0.177103,-0.491709,-0.0752298,-0.322548,2.94109,-0.0507826,-1.56651,-10.7614,9.18779,-5.34872,12.8371,-7.11205,-17.8815,
630,0.636506,0.845722,0.0196643,-1,-0.791823,0.154242,-0.199434,0.0401289,-0.263482,0.431373,-0.182646,0.164345,-0.279543,-0.500399,3.63878,-0.347415,-2.42427,0.288219,5.30085,-5.95495,10.4641,-1.83067,3.63593,
631,0.674077,-0.779221,0.479995,-1,-0.809606,0.158447,-0.18959,-0.0404578,0.0919845,0.443134,-0.181499,0.0234358,-0.232351,-0.0701448,3.07094,0.223694,-1.27764,8.80656,-1.82087,3.19893,-9.78431,2.30512,10.6652,
632,-0.205143,-0.904675,0.433179,-1,0.19437,-0.0364713,-0.167607,0.0334333,0.466489,-0.101996,0.14041,-0.625378,-0.228461,0.334583,3.31786,0.261475,2.56441,5.81512,-12.8672,7.85713,-12.8622,-1.91843,4.97193,
633,-0.638937,-0.0564079,-0.137044,0.135634,0.716517,-0.137534,-0.161343,0.167715,0.380609,-0.38464,0.436838,-1.0568,-0.123577,0.208012,3.18419,0.177983,1.74468,-4.12448,-0.202037,3.07494,0.795415,1.22858,-6.8013,
634,0.0825211,0.883323,-0.692189,0.0963384,-0.0881423,0.0165374,-0.161559,0.147892,-0.0553201,0.0462487,0.129572,-0.489503,-0.0351227,-0.311922,2.99399,-0.0414392,-1.58416,-10.0491,8.80409,-8.70884,12.7103,-6.36113,-17.0393,
635,0.607169,0.871422,0.00751231,-1,-0.736236,0.141772,-0.186298,0.0284052,-0.269088,0.396492,-0.435292,0.167759,-0.212409,-0.493969,3.62406,-0.521594,-2.56634,-0.284088,4.26917,-9.23474,10.5793,-1.6897,2.95633,
636,0.687726,-0.74522,0.368507,-1,-0.830877,0.16366,-0.175711,-0.0439056,0.0215327,0.457717,-0.305517,0.043043,-0.177132,-0.0829496,3.19791,0.462621,-0.729093,8.23823,0.0718049,5.73505,-9.43159,1.65088,10.326,
637,-0.254626,-0.907057,0.570244,-1,0.241428,-0.0453074,-0.150893,0.0333527,0.445479,-0.126707,0.148129,-0.596861,-0.221895,0.327069,3.30857,0.246683,2.48095,6.79275,-13.2904,8.23794,-12.9572,-2.85878,5.2686,
638,-0.668563,-0.094361,-0.230129,0.119849,0.751406,-0.145091,-0.148641,0.158836,0.367019,-0.405775,0.485951,-1.05254,-0.120906,0.208482,3.09632,0.069289,1.45286,-4.50856,-0.588594,3.39325,0.606079,1.45662,-6.7886,
639,0.133197,0.868,-0.234837,0.075809,-0.142751,0.0267838,-0.150674,0.137499,-0.0432743,0.074904,0.143431,-0.505336,-0.0121992,-0.306794,3.01964,-0.0622888,-1.40524,-9.43753,9.02275,-10.4445,12.1679,-5.04525,-16.3172,
640,0.611658,0.86441,0.00264593,-1,-0.749147,0.144593,-0.175476,0.0383587,-0.235409,0.404383,-0.282719,0.150416,-0.187124,-0.485993,3.64923,-0.500305,-2.14086,-0.0389304,3.83429,-5.16727,10.7846,-3.64408,1.49469,
641,0.650347,-0.754314,0.551557,-1,-0.772683,0.149846,-0.178552,-0.0346601,0.0455278,0.419077,-0.242103,0.033939,-0.191466,-0.098996,3.17656,0.0931294,-0.863513,7.35913,0.254991,2.90219,-9.42728,1.38104,10.3038,
642,-0.210927,-0.908038,0.099021,-1,0.202579,-0.0380123,-0.164467,0.0498908,0.418661,-0.106306,0.164354,-0.611191,-0.218844,0.310773,3.39759,0.0874654,2.67947,6.11274,-12.806,9.14787,-12.9587,-2.25737,5.30544,
643,-0.626798,-0.0434463,-0.222319,0.163326,0.708662,-0.135868,-0.169631,0.184581,0.376392,-0.379979,0.330204,-1.05123,-0.123411,0.207115,3.30488,-0.0630051,1.76044,-3.15885,0.179245,-0.451864,0.590122,1.11098,-6.37232,
644,0.111267,0.915419,-0.719483,0.117488,-0.12063,0.022633,-0.175933,0.159478,-0.0388766,0.0632959,0.0164181,-0.493277,-0.133077,-0.356579,3.0291,-0.140629,-1.61046,-9.73998,8.7031,-7.27918,13.8785,-3.43064,-14.3464,
645,0.630876,0.866978,0.00361172,-1,-0.77766,0.150978,-0.203598,0.0316653,-0.247021,0.422242,-0.444726,0.17217,-0.275862,-0.506706,3.53224,-0.547222,-2.84613,-0.158179,4.53945,-7.46862,10.3895,-1.67504,3.09919,
646,0.711195,-0.777222,0.519874,-1,-0.869891,0.173921,-0.192797,-0.0451094,0.0748028,0.486421,-0.260577,0.0170599,-0.224918,-0.0864156,3.0628,0.339629,-0.990921,8.62892,-1.1745,7.42568,-9.97346,2.15423,10.5402,
647,-0.181271,-0.90626,0.161684,-1,0.172007,-0.032274,-0.168388,0.0349515,0.467945,-0.090258,0.206644,-0.627737,-0.250765,0.330019,3.38423,0.353144,2.73931,6.05062,-13.2806,8.15938,-12.7448,-2.61587,5.33666,
648,-0.660054,-0.0188988,-0.275026,0.14079,0.745933,-0.143887,-0.158742,0.170707,0.390214,-0.402408,0.338717,-1.05621,-0.149712,0.215769,3.17689,0.232454,1.7011,-4.19336,-1.03108,-1.16379,0.833415,1.55898,-6.64814,
649,0.115106,0.888424,-0.438657,0.101352,-0.124062,0.023277,-0.155148,0.150536,-0.0574578,0.0650967,-0.00092426,-0.491504,-0.0260078,-0.308931,2.99658,0.0336687,-1.59899,-10.4582,9.3653,-7.96263,12.5367,-5.71649,-17.3023,
650,0.614893,0.867161,0.000191791,-1,-0.753859,0.145633,-0.175502,0.0371065,-0.272627,0.407291,-0.35398,0.173368,-0.194823,-0.480894,3.71774,-0.407404,-2.40841,-0.00453494,3.97206,-4.62121,10.6694,-2.7906,2.48551,
651,0.651563,-0.761341,0.0335906,-1,-0.769407,0.149106,-0.170725,-0.0437187,0.029522,0.417005,-0.269362,0.0430033,-0.168244,-0.0630115,3.29123,0.285279,-0.928767,7.71332,0.169875,3.3168,-9.65451,1.7039,10.5827,
652,-0.231665,-0.899708,0.366405,-1,0.219947,-0.041273,-0.150626,0.0356381,0.438708,-0.115425,-0.0218085,-0.608751,-0.199696,0.336232,3.41994,0.16626,2.57745,6.75784,-12.6724,5.18288,-13.1025,-2.56814,4.83153,
653,-0.654058,-0.0163863,-0.249697,0.135951,0.736587,-0.141848,-0.151217,0.167906,0.368733,-0.396706,0.314012,-1.05772,-0.118598,0.202698,3.2768,0.0221177,1.59039,-4.27464,-0.90851,4.85858,0.781917,0.819178,-6.9659,
654,0.146862,0.888623,-0.627382,0.0900943,-0.158793,0.0297941,-0.157235,0.14467,-0.0513769,0.0833227,0.11055,-0.490064,-0.0360867,-0.31826,3.12269,-0.131195,-1.58645,-9.70015,9.52021,-7.60503,12.8728,-5.97169,-16.717,
655,0.632882,0.879537,0.02564,-1,-0.78391,0.15241,-0.184179,0.0368569,-0.227966,0.426248,-0.395441,0.179418,-0.223691,-0.488704,3.70847,-0.509791,-2.31958,0.461234,3.89926,-8.32822,11.0077,-3.35811,2.06504,
656,0.674408,-0.769519,0.481838,-1,-0.809153,0.158338,-0.183959,-0.0421861,0.0570091,0.44283,-0.321458,0.0467293,-0.208484,-0.0851312,3.22209,0.220216,-0.856659,7.15529,0.364725,4.47214,-9.98473,1.78568,10.5213,
657,-0.212566,-0.91097,0.107753,-1,0.203743,-0.0382308,-0.162814,0.0474266,0.424684,-0.106917,0.135154,-0.618127,-0.226575,0.325815,3.48594,0.224762,2.79758,6.14165,-13.4867,9.76291,-13.1952,-2.24933,5.20632,
658,-0.653975,-0.0165377,-0.0144793,0.161586,0.744063,-0.143477,-0.161985,0.18344,0.374152,-0.401262,0.331292,-1.05875,-0.125431,0.20942,3.36785,0.0446853,1.68728,-3.48515,-0.18978,-0.209079,0.83216,1.23368,-6.66882,
659,0.104505,0.894877,-0.0626933,0.104925,-0.112539,0.0211149,-0.167599,0.152538,-0.0629544,0.0590503,0.0997572,-0.502971,-0.0807576,-0.351318,3.22576,-0.207079,-1.74903,-10.0442,9.30171,-5.44638,13.1118,-3.23411,-15.0796,
660,0.662937,0.846247,0.0117582,-1,-0.830992,0.163689,-0.194118,0.030359,-0.253425,0.457798,-0.135997,0.160899,-0.238907,-0.500239,3.9522,-0.313477,-2.09519,1.52983,8.22781,-2.54992,10.618,-2.30954,3.24757,
661,0.698655,-0.781447,0.506309,-1,-0.853393,0.169452,-0.186971,-0.0370559,0.146448,0.473918,-0.100865,0.034249,-0.235209,-0.0707217,3.22409,0.137161,-1.059,9.27838,-2.46939,2.50367,-9.59714,1.26191,10.7358,
662,-0.228247,-0.91738,0.00106491,-1,0.214991,-0.0403425,-0.180666,0.0261709,0.520257,-0.112823,0.226081,-0.623036,-0.26165,0.34014,3.34548,0.00958738,2.5665,5.25029,-10.7269,6.16048,-13.2728,-2.28146,5.04686,
663,-0.580242,0.0489447,-0.379281,0.141745,0.642389,-0.122192,-0.181106,0.171276,0.401171,-0.341729,0.26694,-1.07276,-0.139668,0.205401,3.2229,0.130493,1.95397,-4.80789,-0.849836,-2.68505,1.22137,1.66235,-7.11415,
664,0.180115,0.918549,-0.7155,0.122064,-0.199083,0.037356,-0.178305,0.162161,-0.0430383,0.10447,-0.0779241,-0.49982,-0.139574,-0.374069,3.11046,-0.00445845,-1.23757,-10.0256,8.4595,-7.61033,13.7756,-3.32234,-14.3704,
665,0.624243,0.87483,0.0116163,-1,-0.781021,0.151746,-0.198284,0.0581482,-0.236029,0.424392,-0.448445,0.171111,-0.308689,-0.512852,3.69435,-0.379048,-2.33018,0.233142,3.82341,-3.31874,10.6666,-2.49034,3.35951,
666,0.665502,-0.781399,0.548687,-1,-0.803511,0.156992,-0.18973,-0.0259132,0.0453013,0.439063,-0.263451,0.0232741,-0.254685,-0.0885653,3.21955,0.405453,-1.01595,7.08654,0.232433,4.54543,-10.0763,2.55784,10.5242,
667,-0.231366,-0.904437,0.135578,-1,0.222373,-0.0417285,-0.16113,0.0505423,0.417391,-0.116699,0.181818,-0.630045,-0.22754,0.321739,3.51128,0.382357,2.52171,6.17082,-13.4691,9.09347,-12.7285,-1.45073,5.22182,
668,-0.658609,-0.0351121,-0.0298444,0.146193,0.745601,-0.143814,-0.152532,0.17395,0.361094,-0.402205,0.337687,-1.05084,-0.101675,0.209641,3.31955,0.175703,1.49478,-3.92984,-0.66693,-1.22279,0.686487,1.63714,-6.50054,
669,0.131773,0.896099,-0.724798,0.0988967,-0.142437,0.0267249,-0.150327,0.149198,-0.056487,0.0747392,0.100367,-0.482732,-0.0134469,-0.302086,3.18783,0.0569346,-1.63563,-9.81324,9.28902,-5.64483,13.1683,-6.33535,-16.7535,
670,0.628059,0.871826,0.0085723,-1,-0.778014,0.151059,-0.16994,0.04089,-0.236409,0.422468,-0.402634,0.191261,-0.196073,-0.470769,3.81053,-0.415661,-2.22439,0.450047,4.07051,-9.1631,10.6927,-2.38552,2.70468,
671,0.624613,-0.739565,0.273292,-1,-0.721166,0.138526,-0.170437,-0.0493056,0.0600971,0.387414,-0.259415,0.0733324,-0.174648,-0.0583274,3.19246,0.00964067,-1.70347,7.58349,-1.9045,7.6052,-9.18278,1.34335,10.2091,
672,-0.183687,-0.913976,0.160114,-1,0.173492,-0.0325527,-0.146112,0.0294052,0.407033,-0.0910373,0.0640129,-0.593458,-0.189639,0.323343,3.43369,0.270391,2.60916,5.91103,-12.2772,7.48004,-13.5638,-1.93409,4.5894,
673,-0.654839,-0.0301048,-0.0907675,0.126037,0.734869,-0.141476,-0.14369,0.162299,0.364897,-0.395663,0.290464,-1.05227,-0.116744,0.196725,3.42263,0.0614712,1.61631,-3.17511,-1.22222,1.40225,0.590068,0.279993,-6.65287,
674,0.0864247,0.887029,-0.71147,0.0718714,-0.0915236,0.0171718,-0.1495,0.135575,-0.0518904,0.0480229,0.0946077,-0.495604,-0.0329477,-0.302605,3.24697,-0.182816,-1.65612,-9.88835,9.30141,-5.49759,12.7591,-4.69846,-15.5775,
675,0.6263,0.883394,0.00307618,-1,-0.764887,0.148089,-0.181434,0.0225161,-0.254007,0.414161,-0.394436,0.171955,-0.159643,-0.529216,3.81611,-0.61088,-2.45418,-0.0722643,4.45851,-8.92385,11.164,-2.98108,0.672808,
676,0.689696,-0.745405,0.371997,-1,-0.830435,0.16355,-0.182335,-0.0503887,0.0304519,0.457408,-0.356628,0.0590867,-0.164693,-0.136421,3.39794,0.285943,-0.548641,7.40716,0.87981,3.46777,-9.58799,0.948203,10.9039,
677,-0.21286,-0.910373,0.338162,-1,0.204042,-0.0382868,-0.15994,0.0475268,0.424099,-0.107074,0.069992,-0.599722,-0.233054,0.318424,3.60349,0.220393,2.89043,6.54269,-13.8896,9.29042,-13.356,-3.09345,6.18967,
678,-0.67861,-0.0437626,-0.281239,0.164528,0.777907,-0.151034,-0.160218,0.185246,0.369749,-0.422399,0.390272,-1.05729,-0.141351,0.231077,3.4517,-0.000376328,1.59564,-3.88456,-1.09581,2.50307,0.767351,1.3764,-6.44027,
679,0.141925,0.896428,-0.0764024,0.113705,-0.154737,0.029033,-0.16468,0.157314,-0.0459549,0.0811941,0.0809796,-0.509226,-0.0800636,-0.342527,3.34891,-0.151501,-1.56338,-9.53748,9.69706,-9.10365,13.1261,-1.83714,-14.7272,
680,0.638237,0.866245,0.0130856,-1,-0.794779,0.154933,-0.190071,0.0401993,-0.236766,0.433304,-0.212105,0.157955,-0.243631,-0.503941,3.94129,-0.495607,-2.48586,0.257435,4.00169,-2.65452,11.0588,-2.42819,3.2052,
681,0.693565,-0.765087,0.435005,-1,-0.841568,0.166371,-0.187632,-0.0426213,0.0988876,0.465299,-0.149277,0.0454947,-0.227985,-0.0793318,3.36993,0.180865,-1.16459,8.77739,-0.466256,3.39029,-9.37882,1.46396,10.5152,
682,-0.186918,-0.916451,0.033354,-1,0.175271,-0.0328866,-0.175778,0.0208025,0.50004,-0.0919711,0.200579,-0.607814,-0.248074,0.331019,3.45835,0.039109,2.3967,6.15632,-12.5007,7.09466,-13.2965,-2.14563,5.18447,
683,-0.601841,0.00574025,-0.321641,0.119095,0.663958,-0.126577,-0.177502,0.158417,0.431084,-0.353993,0.300574,-1.06461,-0.143013,0.210432,3.33029,0.0858197,1.85482,-3.95473,-0.574099,-1.65879,0.938041,1.14455,-6.82413,
684,0.148704,0.896128,-0.545308,0.108292,-0.162039,0.0304032,-0.177997,0.154317,-0.0165591,0.0850261,-0.0341395,-0.498865,-0.0711357,-0.315497,3.02239,0.0200866,-1.26141,-10.7334,8.76012,-7.61808,12.7743,-7.68105,-17.7387,
685,0.61583,0.871359,0.0297974,-1,-0.761289,0.147284,-0.19893,0.0478314,-0.251124,0.411909,-0.395538,0.166374,-0.293322,-0.505752,3.69391,-0.434516,-2.35305,-0.416817,3.80178,-5.0045,10.6969,-2.2005,3.11359,
686,0.679104,-0.770078,0.379263,-1,-0.826503,0.16257,-0.187796,-0.0261693,0.0443841,0.454667,-0.274402,0.0262859,-0.244643,-0.0993523,3.21877,0.424028,-0.902303,8.19234,-0.174675,5.90303,-9.85675,2.3756,10.219,
687,-0.255053,-0.905979,0.336459,-1,0.243898,-0.0457712,-0.164916,0.0436262,0.458128,-0.128005,0.172375,-0.622699,-0.233483,0.312439,3.36098,0.222826,2.36023,6.62249,-13.1435,8.03491,-12.8321,-1.77277,5.41825,
688,-0.632144,-0.0479354,-0.164971,0.135119,0.707466,-0.135615,-0.161475,0.16744,0.382382,-0.379272,0.412361,-1.05807,-0.105403,0.207186,3.17045,0.132727,1.57775,-4.14389,0.828863,1.8394,0.796802,1.6452,-6.47002,
689,0.116657,0.890791,-0.67052,0.0874777,-0.12509,0.0234697,-0.163031,0.143291,-0.0501691,0.0656358,0.0942691,-0.487746,-0.0263734,-0.301046,2.99095,-0.0431947,-1.63917,-9.97575,8.69729,-8.40848,12.9171,-6.83647,-16.8971,
690,0.613254,0.871879,0.00265359,-1,-0.74442,0.143556,-0.187885,0.024915,-0.253979,0.401481,-0.429826,0.17629,-0.218235,-0.479594,3.60882,-0.511501,-2.55887,-0.0784631,4.05309,-8.41352,10.6127,-2.49045,2.42834,
691,0.694384,-0.756948,0.344367,-1,-0.841743,0.166416,-0.178578,-0.0447185,0.0353258,0.465425,-0.306545,0.0363844,-0.184939,-0.0752487,3.18513,0.436701,-0.650694,8.07561,0.204378,5.52636,-9.67325,1.59957,10.1412,
692,-0.233575,-0.905736,0.258717,-1,0.222232,-0.0417021,-0.15446,0.0381691,0.44587,-0.116625,0.123035,-0.608402,-0.232612,0.324816,3.38971,0.320168,2.75559,6.34456,-12.5646,6.92215,-12.9655,-2.95784,5.07905,
693,-0.658636,-0.0266368,-0.335072,0.14388,0.744961,-0.143674,-0.148165,0.172573,0.362473,-0.401812,0.330546,-1.0555,-0.133779,0.20304,3.21471,0.160258,1.62667,-4.26833,-0.40832,1.37082,0.740356,1.50099,-6.75197,
694,0.0801841,0.89617,-0.638673,0.0789315,-0.0850316,0.0159537,-0.151719,0.139042,-0.0814766,0.0446164,-0.00203983,-0.482954,-0.0155525,-0.310806,3.07906,-0.153372,-1.90947,-10.1122,9.13939,-8.55878,12.8705,-5.27349,-16.5948,
695,0.614705,0.876549,0.00169176,-1,-0.738435,0.14225,-0.181526,0.00977882,-0.288592,0.397828,-0.441853,0.181104,-0.16126,-0.477489,3.74602,-0.574671,-2.75708,0.0603773,4.32878,-6.37212,10.7519,-2.54677,2.19892,
696,0.705227,-0.757999,0.588417,-1,-0.85242,0.169195,-0.171853,-0.0580605,0.0237843,0.473199,-0.329269,0.0469971,-0.146445,-0.0681708,3.35209,0.470596,-0.448386,8.51934,0.373368,5.0316,-9.76291,1.25192,10.4809,
697,-0.243611,-0.912631,0.0252685,-1,0.230948,-0.0433389,-0.146872,0.0335497,0.441092,-0.121202,0.196323,-0.601089,-0.227855,0.340213,3.58109,0.35242,2.9621,6.26124,-12.4671,9.08944,-13.102,-3.68721,5.08461,
698,-0.686168,-0.000585578,-0.187258,0.144984,0.782125,-0.152,-0.140716,0.173196,0.35536,-0.4251,0.273578,-1.05874,-0.142893,0.207362,3.36253,0.129741,1.58611,-4.50567,-1.13784,-2.81022,0.801636,1.46371,-7.08267,
699,0.123471,0.900174,-0.598977,0.0875745,-0.132615,0.0248819,-0.142602,0.143397,-0.0929523,0.069585,-0.00849709,-0.484401,-0.00859518,-0.321985,3.28083,-0.090873,-1.8085,-10.2599,9.72874,-5.93653,13.0352,-4.79562,-16.779,
700,0.62579,0.875599,0.0168386,-1,-0.767708,0.148723,-0.168073,0.0291324,-0.27287,0.415934,-0.38562,0.191622,-0.159606,-0.476325,3.99646,-0.494663,-2.31652,0.831073,3.95557,-6.07646,10.8853,-2.6315,2.82497,
701,0.64668,-0.734888,0.535717,-1,-0.753435,0.145539,-0.16896,-0.0567834,0.0490158,0.407029,-0.276564,0.083793,-0.158242,-0.0536881,3.47605,0.284187,-1.02458,6.99157,1.01352,1.97893,-9.1429,0.702612,10.2984,
702,-0.197725,-0.91887,0.457559,-1,0.186466,-0.0349877,-0.141785,0.0277643,0.400308,-0.0978472,0.12079,-0.580987,-0.202481,0.332495,3.6366,0.332295,2.70779,5.84328,-12.8371,9.81554,-13.6677,-2.41391,4.62713,
703,-0.680442,-0.0928082,-0.211877,0.122273,0.767968,-0.148781,-0.138017,0.160189,0.350225,-0.416098,0.452953,-1.05039,-0.123085,0.199489,3.6064,0.061674,1.50944,-3.38377,-1.451,2.64469,0.519672,0.657104,-6.85188,
704,0.0857935,0.912916,-0.488408,0.0844138,-0.0912522,0.0171208,-0.143734,0.14146,-0.0380413,0.0478804,0.120461,-0.487991,0.0621915,-0.249046,3.80288,-0.328043,-0.930465,-8.97935,8.96251,-9.62681,14.0493,3.74687,-9.64397,
705,0.63321,0.876755,0.0123655,-1,-0.785004,0.152662,-0.171525,0.0378381,-0.248613,0.426953,-0.37083,0.17787,-0.163243,-0.524867,4.04062,-0.593362,-2.10502,-0.435187,4.66323,-7.09504,10.9738,-2.58943,2.64412,
706,0.644812,-0.729053,0.113646,-1,-0.757916,0.146532,-0.17578,-0.0439144,0.0428659,0.409808,-0.261822,0.0889433,-0.186262,-0.106317,3.4884,0.087817,-1.24941,7.69769,-0.49797,5.07018,-8.98764,0.643679,10.7563,
707,-0.179737,-0.917227,0.293199,-1,0.170496,-0.0319904,-0.15704,0.0345254,0.432358,-0.0894649,0.0178644,-0.582213,-0.21544,0.320797,3.60094,0.135316,2.58041,6.51277,-12.4213,6.17921,-13.8777,-1.95841,5.53563,
708,-0.648104,-0.0282412,-0.152047,0.140267,0.729916,-0.140405,-0.159651,0.170397,0.387788,-0.392669,0.316191,-1.05736,-0.125763,0.219256,3.57374,-0.0134968,1.67343,-3.37043,-1.12275,3.70633,0.683265,0.595804,-6.52099,
709,0.106328,0.904533,-0.179009,0.094908,-0.114081,0.0214041,-0.167115,0.147129,-0.0363997,0.0598591,0.119476,-0.485765,-0.0549475,-0.30467,3.23539,-0.101682,-1.73003,-10.1835,9.48171,-6.61935,13.6195,-7.02436,-17.3848,
710,0.632126,0.854277,0.00839889,-1,-0.775662,0.150523,-0.193872,0.0242853,-0.26027,0.420968,-0.201783,0.191134,-0.237227,-0.496852,3.83638,-0.539456,-2.60271,-0.324475,4.26115,-4.49243,10.6809,-1.51063,2.86371,
711,0.70727,-0.787732,0.316705,-1,-0.86526,0.172644,-0.182772,-0.0416763,0.117845,0.482849,-0.146486,0.0529374,-0.206354,-0.0944111,3.21985,0.260822,-1.0193,9.12403,-1.92799,3.77124,-9.87643,1.77702,10.3498,
712,-0.238141,-0.91741,0.405466,-1,0.224275,-0.0420858,-0.170789,0.0257641,0.51315,-0.117698,0.157594,-0.613656,-0.241673,0.324334,3.33335,0.0899671,2.63292,5.80036,-11.4017,5.02376,-13.4768,-2.78701,5.46544,
713,-0.622373,0.0137124,-0.20974,0.137839,0.695446,-0.133089,-0.16957,0.168988,0.38715,-0.372206,0.3793,-1.07456,-0.139041,0.209403,3.20405,0.135611,1.80175,-5.07355,-0.847669,2.19999,1.24418,1.33844,-6.83143,
714,0.17487,0.891611,-0.0645024,0.11529,-0.192436,0.0361083,-0.169069,0.158221,-0.0502091,0.100981,0.102446,-0.484823,-0.0567149,-0.321046,3.04599,0.0319758,-1.38361,-10.007,9.19538,-8.33891,12.9765,-7.55914,-18.0215,
715,0.618134,0.857678,0.0100068,-1,-0.770076,0.149257,-0.186985,0.0568915,-0.238774,0.417427,-0.193004,0.187011,-0.279656,-0.49799,3.72275,-0.358478,-2.14899,0.448752,3.46307,-3.05864,10.8197,-2.3804,3.45936,
716,0.638013,-0.788096,0.531651,-1,-0.754318,0.145734,-0.181313,-0.030566,0.0705419,0.407575,-0.157118,0.050878,-0.231531,-0.0794722,3.10494,0.223783,-1.38575,7.87412,-0.346871,2.33264,-9.91629,2.45809,10.3769,
717,-0.213586,-0.914633,0.384932,-1,0.202795,-0.0380528,-0.160769,0.0359486,0.439392,-0.106419,0.17694,-0.617651,-0.19994,0.319845,3.30329,0.220027,2.44938,5.88518,-12.3959,7.93029,-13.2667,-1.34895,4.98839,
718,-0.632447,-0.0524391,-0.125059,0.131146,0.706768,-0.135468,-0.158358,0.165167,0.374134,-0.37886,0.42671,-1.05813,-0.101593,0.20371,3.24352,0.095904,1.65236,-3.60456,-0.0980776,2.00319,0.800086,0.667631,-6.55724,
719,0.0924223,0.887255,-0.724314,0.0872736,-0.0985679,0.0184935,-0.162005,0.143183,-0.0441135,0.0517191,0.115052,-0.490716,-0.0412838,-0.302424,3.04212,-0.102516,-1.57497,-9.82553,8.77322,-8.31655,12.8287,-6.39786,-16.4934,
720,0.615332,0.871236,0.0247156,-1,-0.748306,0.144408,-0.189752,0.025687,-0.254096,0.403865,-0.442997,0.166556,-0.217612,-0.495843,3.63163,-0.581321,-2.52636,-0.312932,4.3215,-9.25701,10.5491,-1.74612,2.32421,
721,0.699013,-0.74786,0.412177,-1,-0.851049,0.168834,-0.181052,-0.0422065,0.0288941,0.472189,-0.308153,0.0402873,-0.189522,-0.103695,3.20823,0.4516,-0.588065,8.07529,0.169508,5.82168,-9.49232,1.48348,10.1496,
722,-0.233531,-0.907076,0.314558,-1,0.222785,-0.041806,-0.156134,0.0414071,0.437018,-0.116915,0.146264,-0.601385,-0.238698,0.313788,3.43389,0.361697,2.80323,6.21222,-12.3017,7.06608,-12.9637,-2.94262,5.5605,
723,-0.647295,-0.052261,-0.292659,0.152677,0.732488,-0.14096,-0.14783,0.177883,0.357318,-0.394222,0.362257,-1.05122,-0.134313,0.211704,3.29318,0.204525,1.71074,-3.95234,0.085605,1.78577,0.607714,1.62878,-6.47542,
724,0.0870344,0.897107,-0.728022,0.106293,-0.0934203,0.0175276,-0.14715,0.153155,-0.0644539,0.0490181,0.030046,-0.481481,-0.0236976,-0.301564,3.13616,-0.0131997,-1.69478,-9.73763,8.93621,-8.7175,13.0071,-5.88776,-16.8973,
725,0.613312,0.87549,0.00506264,-1,-0.750101,0.144803,-0.171096,0.0350637,-0.266519,0.40497,-0.470603,0.187896,-0.180248,-0.476262,3.7621,-0.490224,-2.51552,-0.0774046,4.44458,-7.72426,10.6243,-2.3689,2.25422,
726,0.651701,-0.767414,0.193073,-1,-0.763641,0.14781,-0.170776,-0.0538357,0.01596,0.413381,-0.263615,0.0560165,-0.144091,-0.0625061,3.38442,0.317205,-0.839634,6.41541,1.34353,2.19531,-9.76697,1.66046,10.5564,
727,-0.224422,-0.902358,0.529475,-1,0.213807,-0.0401203,-0.143119,0.0399451,0.396449,-0.112201,0.00518806,-0.600956,-0.188899,0.336648,3.6197,0.305503,2.79194,6.83691,-13.3697,6.84284,-13.1481,-2.88641,4.84041,
728,-0.683805,-0.0667315,-0.274989,0.143802,0.778608,-0.151194,-0.140868,0.17251,0.348666,-0.422847,0.402787,-1.05111,-0.120389,0.204761,3.49573,0.0261905,1.5111,-3.79616,-1.13411,5.56069,0.600752,0.710371,-6.9161,
729,0.0502961,0.90014,-0.721929,0.0624714,-0.0527151,0.00989042,-0.150985,0.13117,-0.0760118,0.0276597,0.108913,-0.481324,-0.0168254,-0.313579,3.29141,-0.253473,-2.08342,-9.79531,9.50923,-9.52471,13.3787,-4.92318,-16.2212,
730,0.643918,0.885638,0.000336957,-1,-0.78298,0.152196,-0.183525,0.00197948,-0.273897,0.425649,-0.458917,0.187877,-0.144286,-0.481419,3.85205,-0.582524,-2.76664,-0.00812393,4.79032,-9.04054,11.0606,-2.73473,1.57958,
731,0.723271,-0.756173,0.587258,-1,-0.877308,0.176007,-0.172601,-0.0677118,0.0420397,0.492254,-0.324647,0.0694871,-0.160903,-0.089629,3.42748,0.493911,-0.52182,8.70469,-0.0546679,5.68739,-9.71117,0.685151,10.4721,
732,-0.232925,-0.921912,0.0415618,-1,0.218456,-0.0409932,-0.14641,0.020941,0.456345,-0.114642,0.211271,-0.595098,-0.248198,0.332756,3.64114,0.378504,2.94171,6.15173,-12.5269,9.05953,-13.5771,-3.56735,5.47365,
733,-0.673534,0.00931038,-0.0667506,0.127011,0.760006,-0.146998,-0.137646,0.16278,0.370628,-0.411109,0.293838,-1.06685,-0.15219,0.21367,3.50974,0.23702,1.69928,-3.95653,0.37887,-1.88803,0.949633,1.51082,-6.95334,
734,0.119781,0.894024,-0.116058,0.0741055,-0.127883,0.0239938,-0.136316,0.136651,-0.0846494,0.0671016,0.0413062,-0.491695,0.00380023,-0.302016,3.43651,-0.0934301,-1.6164,-10.4025,9.50468,-5.18914,12.9022,-3.1496,-15.6887,
735,0.613586,0.864579,0.0192741,-1,-0.750116,0.144806,-0.162844,0.0342594,-0.283686,0.40498,-0.174867,0.186676,-0.125895,-0.518128,4.16472,-0.533478,-2.03508,0.473063,3.80901,-2.65601,11.11,-2.51749,2.13747,
736,0.621143,-0.729865,0.186914,-1,-0.717486,0.137741,-0.165393,-0.0458257,0.0514195,0.385218,-0.142617,0.109249,-0.147366,-0.109348,3.53776,0.115674,-1.29626,8.15174,-0.150067,1.25688,-8.65056,0.415538,10.561,
737,-0.185076,-0.924951,0.288996,-1,0.173368,-0.0325294,-0.151947,0.0195651,0.452369,-0.0909722,0.0644312,-0.561885,-0.186562,0.31487,3.4826,0.0177751,2.40596,6.31128,-11.5581,5.20072,-14.1929,-2.16371,5.54147,
738,-0.622376,-0.033946,-0.225904,0.116386,0.689697,-0.131889,-0.159241,0.156947,0.39861,-0.36885,0.318306,-1.05968,-0.12221,0.216493,3.53216,-0.070183,1.74933,-3.28797,-0.739078,3.2378,0.638951,-0.163615,-6.51496,
739,0.0972731,0.898478,-0.233066,0.0796578,-0.103547,0.0194276,-0.169402,0.139362,-0.0257385,0.0543315,0.0765657,-0.498361,-0.072919,-0.295757,3.20767,-0.194946,-1.54191,-10.1724,8.88903,-7.31151,13.2066,-6.4678,-16.5514,
740,0.64915,0.850855,7.57441e-05,-1,-0.806539,0.157713,-0.198308,0.0281609,-0.249966,0.44108,-0.237473,0.165593,-0.24973,-0.50274,3.83042,-0.474094,-2.17852,0.0440395,6.21353,-3.96906,10.4642,-2.08973,2.30675,
741,0.687655,-0.774455,0.630673,-1,-0.832627,0.164099,-0.194295,-0.040702,0.0966524,0.458946,-0.170074,0.0343103,-0.234661,-0.109241,3.23712,0.128511,-1.05385,8.78581,-1.99434,3.9557,-9.64404,1.5441,10.3414,
742,-0.21007,-0.915279,0.117566,-1,0.199786,-0.0374879,-0.17887,0.0379546,0.475051,-0.104839,0.232804,-0.62068,-0.251507,0.310307,3.46138,0.115508,2.61669,5.86217,-13.0573,9.06068,-13.1367,-2.04768,5.56332,
743,-0.622493,-0.0122274,-0.106654,0.150139,0.699101,-0.133854,-0.178939,0.176338,0.402278,-0.374347,0.363322,-1.0631,-0.133161,0.211091,3.3091,0.0784923,1.80722,-4.047,-0.532984,-1.89365,0.966245,1.55489,-6.39847,
744,0.155545,0.910593,-0.673645,0.120041,-0.170639,0.0320172,-0.176643,0.160948,-0.0360622,0.0895397,0.065392,-0.49973,-0.132187,-0.359034,3.08321,0.0317147,-1.37211,-10.1503,8.80911,-6.77371,13.7652,-3.45172,-14.5776,
745,0.627705,0.867263,0.0148147,-1,-0.782307,0.152041,-0.195811,0.0498092,-0.236307,0.425217,-0.410317,0.171551,-0.286542,-0.506735,3.64646,-0.389708,-2.45729,0.168868,3.97494,-8.02705,10.5037,-1.97402,3.24584,
746,0.672912,-0.769063,0.399734,-1,-0.810455,0.158651,-0.187273,-0.0356287,0.0460899,0.443705,-0.3306,0.0254703,-0.228528,-0.0809949,3.20092,0.421511,-0.933215,7.25554,0.44254,4.18717,-10.0021,2.41138,10.6263,
747,-0.225172,-0.900165,0.461816,-1,0.215589,-0.0404547,-0.157863,0.0459623,0.424805,-0.113136,0.0990875,-0.625556,-0.223741,0.329807,3.45849,0.387367,2.61179,6.26665,-13.5719,9.03789,-12.7685,-1.95298,5.16025,
748,-0.675513,-0.0684226,-0.360111,0.143293,0.767326,-0.148637,-0.149131,0.172202,0.354846,-0.415694,0.440347,-1.05135,-0.112111,0.210992,3.26125,0.165736,1.47561,-4.24972,-1.05102,3.09556,0.699101,1.51735,-6.66155,
749,0.120656,0.890692,-0.168018,0.0913572,-0.129693,0.0243336,-0.148284,0.145283,-0.0537262,0.0680517,0.0697311,-0.487838,-0.00836217,-0.306652,3.13767,0.00999082,-1.63581,-9.48201,9.40798,-10.8207,12.8407,-5.63466,-16.6872,
750,0.62084,0.860752,0.00147081,-1,-0.763397,0.147755,-0.169578,0.0363567,-0.251827,0.413228,-0.279959,0.178976,-0.179946,-0.472212,3.7912,-0.438796,-2.25729,-0.0324763,4.04458,-3.2074,10.6661,-2.65548,2.56287,
751,0.637983,-0.74319,0.301507,-1,-0.74385,0.143431,-0.169724,-0.0483831,0.046215,0.401132,-0.196869,0.065096,-0.170806,-0.0611989,3.28547,0.222879,-1.1408,7.14318,0.460577,1.39878,-9.06891,0.899616,10.0977,
752,-0.192815,-0.911848,0.484987,-1,0.181808,-0.0341134,-0.147772,0.0275348,0.422094,-0.0954021,0.0686095,-0.589649,-0.20376,0.321593,3.41966,0.218779,2.53656,6.27648,-12.3631,6.75054,-13.437,-2.19954,4.66031,
753,-0.658423,-0.0726848,-0.0744668,0.119491,0.737839,-0.14212,-0.146821,0.158679,0.368484,-0.397466,0.407665,-1.05145,-0.122753,0.196281,3.3615,0.0377231,1.57252,-3.61973,-1.38082,4.23536,0.562412,0.61784,-6.65273,
754,0.0977285,0.875223,-0.325054,0.0746483,-0.103848,0.0194842,-0.151581,0.136924,-0.0384638,0.0544898,0.188433,-0.501758,-0.0322561,-0.305533,3.19066,-0.122252,-1.49574,-9.60912,9.1771,-7.6261,12.5672,-4.99534,-15.8301,
755,0.619357,0.870703,0.0116693,-1,-0.758436,0.146648,-0.180159,0.031861,-0.24337,0.410131,-0.258983,0.162066,-0.174549,-0.521297,3.7557,-0.557339,-2.29421,-0.289295,4.28026,-6.96318,11.0807,-3.13288,0.383159,
756,0.671464,-0.753108,0.35711,-1,-0.804607,0.157252,-0.182313,-0.0413739,0.0547796,0.439792,-0.251323,0.0515219,-0.178815,-0.147145,3.25706,0.0849876,-0.932666,7.99221,-0.391685,3.69261,-9.42986,1.18922,10.6298,
757,-0.194997,-0.910231,0.394459,-1,0.186602,-0.0350133,-0.167419,0.0454096,0.439046,-0.0979186,0.0852075,-0.603873,-0.226947,0.302806,3.46989,0.0997814,2.76714,6.26936,-12.9693,7.67133,-13.3039,-2.69286,6.22622,
758,-0.648373,-0.0477951,-0.172827,0.163711,0.737257,-0.141994,-0.17111,0.184766,0.380754,-0.397112,0.398522,-1.05736,-0.139533,0.227673,3.37419,-0.0359463,1.73865,-3.67442,-0.728156,3.38855,0.756347,1.0686,-6.12672,
759,0.0984123,0.913607,-0.167867,0.10811,-0.105974,0.019883,-0.176777,0.154238,-0.0505487,0.0556051,0.119014,-0.489876,-0.132026,-0.34585,3.07234,-0.137184,-1.77686,-9.93374,9.10018,-8.32368,14.0819,-3.03382,-14.7233,
760,0.664335,0.839571,0.00119665,-1,-0.834927,0.164679,-0.198993,0.0332612,-0.246402,0.460568,-0.21356,0.170688,-0.262948,-0.505808,3.63913,-0.377262,-2.53562,0.306914,4.98827,-4.12208,10.1846,-1.59965,3.03819,
761,0.69213,-0.780706,0.63722,-1,-0.837141,0.165241,-0.190961,-0.0460317,0.107933,0.462138,-0.179406,0.0212249,-0.225325,-0.0717806,3.13065,0.225377,-1.10018,8.94829,-1.75379,3.34769,-9.81175,1.63448,10.8624,
762,-0.212698,-0.912928,0.228305,-1,0.200439,-0.0376106,-0.173974,0.0269045,0.489977,-0.105182,0.237454,-0.629953,-0.249069,0.341061,3.31892,0.155909,2.53552,5.54392,-13.3394,8.83355,-12.9962,-2.27835,5.06597,
763,-0.621201,-0.0189365,-0.209904,0.128746,0.691431,-0.13225,-0.170547,0.163765,0.400906,-0.369861,0.408621,-1.06596,-0.138065,0.209412,3.18161,0.163768,1.79809,-4.20282,-0.0825686,-0.602992,1.04292,1.49887,-7.00853,
764,0.112723,0.889509,-0.501393,0.0990015,-0.121317,0.0227619,-0.17039,0.149332,-0.0470266,0.0636564,0.036825,-0.491415,-0.0461068,-0.319797,2.95686,-0.0218419,-1.49231,-10.4393,8.71045,-8.65493,12.6935,-6.96706,-17.5782,
765,0.606242,0.868318,0.00879022,-1,-0.737052,0.141949,-0.193462,0.0327075,-0.271647,0.396988,-0.381514,0.168264,-0.244616,-0.500856,3.63722,-0.479327,-2.52221,-0.282879,3.98,-5.84367,10.6283,-1.8518,3.30953,
766,0.682653,-0.755188,0.247505,-1,-0.824528,0.162081,-0.181306,-0.039967,0.0354571,0.453299,-0.308686,0.0353302,-0.201821,-0.0852018,3.16766,0.438624,-0.858859,8.30993,-0.299909,5.41656,-9.6432,2.08431,10.3743,
767,-0.232277,-0.89903,0.486916,-1,0.221489,-0.0415626,-0.153048,0.0408886,0.433401,-0.116235,0.0433685,-0.609003,-0.223192,0.324783,3.37399,0.384561,2.66035,6.1953,-13.2231,6.44521,-12.8796,-2.47753,5.25497,
768,-0.672863,-0.0627133,-0.32255,0.142226,0.763466,-0.147771,-0.14379,0.171575,0.348544,-0.413271,0.392989,-1.05006,-0.120141,0.209957,3.20156,0.184961,1.53694,-4.47997,-1.05205,4.54393,0.60703,1.47569,-6.63314,
769,0.0656406,0.889415,-0.22582,0.07231,-0.0692385,0.0129906,-0.146113,0.135796,-0.0825156,0.0363297,0.0772329,-0.48442,-0.00306161,-0.302087,3.11289,-0.131476,-1.90534,-9.72236,9.19364,-9.77775,12.8083,-4.84546,-16.2967,
770,0.610055,0.859411,0.00239775,-1,-0.730998,0.140638,-0.175079,0.0102489,-0.291108,0.393322,-0.284342,0.175519,-0.132349,-0.492338,3.79111,-0.590599,-2.58865,-0.116545,4.37609,-3.97075,10.6074,-1.81894,1.90013,
771,0.687293,-0.73215,0.171763,-1,-0.821785,0.161405,-0.170141,-0.0580518,0.064233,0.451408,-0.209157,0.0671565,-0.132986,-0.0938989,3.2552,0.217255,-0.960612,9.27387,-0.987704,4.81535,-8.8905,0.496248,10.2493,
772,-0.192251,-0.913195,0.147063,-1,0.179764,-0.0337297,-0.154828,0.0175175,0.473465,-0.094329,0.0524419,-0.579291,-0.224364,0.320958,3.31877,0.12323,2.66241,6.03619,-12.2915,4.54285,-13.5559,-3.50877,5.41114,
773,-0.633999,0.000294145,-0.225342,0.124059,0.70686,-0.135487,-0.154982,0.161153,0.394333,-0.378914,0.245615,-1.06057,-0.158386,0.211066,3.27356,0.0867575,1.83152,-3.87648,-0.543503,2.11264,0.72643,0.717394,-6.70177,
774,0.106546,0.8862,-0.343398,0.0860869,-0.113928,0.0213754,-0.159371,0.142598,-0.0537826,0.0597788,0.0390373,-0.498065,-0.0525023,-0.305975,3.06049,-0.15005,-1.57141,-10.3972,9.13112,-5.99008,12.5614,-5.37417,-16.742,
775,0.616201,0.865818,0.00316727,-1,-0.750401,0.144869,-0.187991,0.026856,-0.270664,0.405155,-0.273997,0.164044,-0.211656,-0.49575,3.72421,-0.558626,-2.50106,-0.0693176,4.09049,-4.58734,10.8601,-2.42939,1.98996,
776,0.696057,-0.754488,0.52854,-1,-0.846221,0.167572,-0.182601,-0.0418926,0.0883605,0.46866,-0.194916,0.0460301,-0.200848,-0.108771,3.15507,0.216323,-0.98687,9.23356,-0.883972,4.90731,-9.29121,1.19738,9.9976,
777,-0.205208,-0.917011,0.261783,-1,0.193047,-0.036223,-0.170741,0.0248466,0.483682,-0.101302,0.22159,-0.603076,-0.246197,0.306124,3.30763,0.13446,2.63028,5.45199,-11.0964,6.6759,-13.2655,-2.72735,5.56762,
778,-0.612403,-0.0242055,-0.310013,0.134547,0.681618,-0.130211,-0.168363,0.167111,0.386041,-0.364158,0.364393,-1.06117,-0.146856,0.208831,3.21182,0.139255,1.84596,-4.32075,-1.20269,-0.407876,0.863226,1.34984,-6.37594,
779,0.0986151,0.896657,-0.114944,0.106858,-0.106137,0.0199136,-0.169162,0.153488,-0.0478408,0.0556906,-0.00105482,-0.487051,-0.0590761,-0.304442,2.99361,-0.0196743,-1.51938,-10.1498,8.60032,-8.84042,12.8954,-7.21593,-17.5571,
780,0.604385,0.855219,0.0399891,-1,-0.73537,0.141584,-0.191666,0.0352629,-0.279885,0.395967,-0.241789,0.174708,-0.247314,-0.497997,3.66795,-0.464174,-2.55857,-0.475488,4.19538,-1.59733,10.5935,-1.45133,2.99924,
781,0.67945,-0.778843,0.702443,-1,-0.819853,0.160931,-0.179322,-0.038621,0.0681861,0.450082,-0.127169,0.0414116,-0.197022,-0.0954919,3.12171,0.315736,-1.14353,9.10195,-1.27388,4.43495,-9.61558,2.20107,10.2466,
782,-0.262419,-0.918306,0.437986,-1,0.246623,-0.0462832,-0.162961,0.0223798,0.478305,-0.129436,0.317343,-0.606158,-0.214472,0.317919,3.20201,0.0910604,2.26974,6.1582,-12.8109,8.69949,-13.0537,-2.44863,5.41655,
783,-0.610665,-0.0802362,-0.218912,0.102635,0.671152,-0.128052,-0.164664,0.149702,0.392753,-0.35812,0.510287,-1.0612,-0.114816,0.207436,3.07417,0.0656604,1.65405,-4.11527,0.988484,0.339644,0.806553,1.09227,-6.67857,
784,0.107299,0.874816,-0.0621355,0.0731411,-0.114193,0.0214252,-0.167793,0.136192,-0.0319664,0.059918,0.0696769,-0.507001,-0.0440491,-0.299512,2.90991,-0.101296,-1.30623,-9.85779,7.955,-10.5806,12.202,-6.20577,-16.4001,
785,0.616582,0.851341,0.00295222,-1,-0.75484,0.14585,-0.192992,0.0337536,-0.256061,0.407898,-0.234202,0.139884,-0.232748,-0.503996,3.60009,-0.409587,-1.98899,-0.0780305,6.02585,-2.25958,10.4895,-2.61739,1.89846,
786,0.66366,-0.757965,0.10757,-1,-0.797752,0.15563,-0.188652,-0.0304138,0.0721673,0.435256,-0.142383,0.0237092,-0.224501,-0.124307,3.00924,0.128163,-1.02549,8.48014,-1.57439,3.73586,-9.2082,1.51908,10.0745,
787,-0.203695,-0.902105,0.310389,-1,0.19434,-0.0364656,-0.176532,0.0418114,0.482251,-0.10198,0.0654541,-0.615675,-0.23855,0.293956,3.121,0.0281424,2.46377,6.51169,-12.2437,4.10924,-12.959,-1.94707,5.68752,
788,-0.611013,-0.0144291,-0.153602,0.153172,0.685049,-0.130922,-0.179389,0.178227,0.403044,-0.366147,0.314239,-1.05854,-0.128485,0.20949,2.97716,0.0324611,1.83838,-4.21113,-0.269753,3.57423,0.799952,1.28894,-6.06696,
789,0.114986,0.900424,-0.493739,0.110534,-0.124402,0.0233407,-0.18332,0.155578,-0.0475375,0.0652751,0.107346,-0.505651,-0.133722,-0.350432,2.78697,-0.150401,-1.60896,-10.1033,8.65958,-6.66181,13.3875,-3.44982,-14.5277,
790,0.689129,0.842702,0.0729354,-1,-0.887725,0.179029,-0.199568,0.0564022,-0.200858,0.50071,-0.294398,0.137059,-0.303477,-0.501879,3.37971,-0.252281,-2.04888,0.975911,4.85862,-6.99562,10.0396,-2.10259,3.13679,
791,0.653552,-0.768592,0.681778,-1,-0.78823,0.153408,-0.193762,-0.0172807,0.125517,0.429038,-0.197702,-0.00347264,-0.286158,-0.0751569,2.79417,0.0721403,-1.25611,7.86166,-3.2265,5.98603,-9.59718,1.66216,10.7833,
792,-0.190599,-0.904515,0.244605,-1,0.183057,-0.0343477,-0.179525,0.0497861,0.43976,-0.0960574,0.244848,-0.642957,-0.258928,0.327701,3.16277,0.240626,2.59116,4.5523,-11.3128,8.24111,-12.5458,-1.00036,4.8774,
793,-0.606099,-0.0513072,-0.113431,0.161362,0.681058,-0.130095,-0.17291,0.183324,0.354512,-0.363834,0.38782,-1.0486,-0.117269,0.205166,3.07692,0.171228,1.80132,-3.84539,-1.15947,-1.03345,0.692936,1.98267,-6.54301,
794,0.0996957,0.905296,-0.341602,0.126358,-0.108224,0.0203051,-0.168856,0.164589,-0.0467292,0.0567857,0.0748227,-0.493812,-0.116453,-0.360031,2.96552,0.0369033,-1.43698,-9.22322,8.27651,-7.40713,13.5255,-3.52579,-14.3555,
795,0.615397,0.855732,0.00364734,-1,-0.760469,0.147101,-0.187663,0.0476585,-0.246565,0.411398,-0.286785,0.167302,-0.258707,-0.492929,3.48697,-0.392876,-2.57337,-0.149818,4.62514,-5.05568,10.4768,-1.34574,3.60912,
796,0.671503,-0.764259,0.0568055,-1,-0.803237,0.156926,-0.179816,-0.0438077,0.0449523,0.438881,-0.254088,0.0330948,-0.196621,-0.0657353,3.01995,0.356992,-1.14237,7.58539,0.0982611,2.62665,-9.67104,2.34534,10.5554,
797,-0.204224,-0.894065,0.240206,-1,0.193075,-0.0362282,-0.153873,0.0307886,0.446454,-0.101316,-0.0257969,-0.611243,-0.209501,0.336395,3.20993,0.305892,2.5259,6.69735,-12.9992,5.23604,-12.8584,-2.39299,4.9408,
798,-0.65913,-0.0150814,-0.0389351,0.12502,0.740262,-0.142647,-0.147193,0.161687,0.379039,-0.398941,0.265381,-1.05212,-0.125404,0.208587,3.03321,0.160315,1.605,-4.27918,-1.20345,3.73915,0.648762,0.918461,-6.8428,
799,0.123478,0.86185,-0.712408,0.0792396,-0.132197,0.0248034,-0.147665,0.139171,-0.0604372,0.0693657,0.160279,-0.501802,-0.0195088,-0.30556,2.97173,-0.112974,-1.50882,-10.034,9.43173,-4.73248,12.0011,-4.43906,-16.0905,
800,0.620581,0.869447,0.0236329,-1,-0.763048,0.147677,-0.174695,0.0365096,-0.23769,0.413009,-0.369269,0.149588,-0.171839,-0.503735,3.63192,-0.542891,-2.16316,0.551193,3.89915,-10.1924,10.7059,-3.31961,0.950737,
801,0.643053,-0.742118,0.545552,-1,-0.757639,0.146471,-0.18145,-0.0393562,0.0422068,0.409635,-0.315677,0.0365899,-0.181278,-0.118097,3.19513,0.133513,-0.674559,6.15552,1.17741,1.76795,-9.40036,1.01607,10.5227,
802,-0.201441,-0.90357,0.22371,-1,0.19545,-0.0366739,-0.159135,0.0623909,0.375569,-0.102563,0.0906546,-0.61099,-0.219385,0.306419,3.50858,0.26131,2.95336,5.86433,-13.186,10.3589,-12.9551,-2.32366,5.60149,
803,-0.67122,-0.0665618,-0.236813,0.18323,0.774092,-0.150166,-0.159264,0.197758,0.337749,-0.419971,0.359532,-1.04404,-0.122888,0.215323,3.40016,-0.0426085,1.61103,-3.28516,-1.31988,0.924706,0.472312,1.35124,-6.14362,
804,0.107647,0.917912,-0.46928,0.125797,-0.11703,0.0219574,-0.163626,0.16425,-0.0543608,0.0614065,0.0587854,-0.480583,-0.11509,-0.354468,3.14966,-0.0718137,-1.78914,-9.22516,9.42592,-8.0546,14.1413,-3.14242,-14.6347,
805,0.641357,0.861541,0.00676982,-1,-0.798086,0.155709,-0.186943,0.0366507,-0.241852,0.435475,-0.351049,0.191891,-0.24136,-0.490979,3.66305,-0.462805,-2.70465,0.185335,4.60951,-5.87991,10.4811,-1.11768,3.68321,
806,0.693022,-0.76981,0.588601,-1,-0.832315,0.164021,-0.180592,-0.0568399,0.0618385,0.458726,-0.293199,0.0514844,-0.187004,-0.0523252,3.19562,0.380821,-1.04103,7.71393,0.365922,3.26707,-9.90683,1.92443,10.765,
807,-0.207803,-0.912786,0.211422,-1,0.19547,-0.0366777,-0.15271,0.0247355,0.4418,-0.102574,0.171901,-0.607911,-0.220746,0.351069,3.42886,0.352596,2.67636,6.159,-13.7029,10.3776,-13.1824,-2.74237,4.83481,
808,-0.666372,-0.0437897,-0.30904,0.1183,0.748056,-0.144353,-0.145439,0.157969,0.381833,-0.403712,0.391427,-1.05793,-0.135359,0.209611,3.29658,0.180686,1.6173,-3.70224,-0.314304,0.0104115,0.770584,1.01803,-7.18006,
809,0.0831766,0.88711,-0.712932,0.0633391,-0.0877542,0.0164646,-0.14662,0.13155,-0.0583543,0.046045,0.00150963,-0.500314,-0.00603333,-0.306947,3.16867,-0.147765,-1.58665,-10.2417,9.08098,-9.2677,12.4889,-3.32421,-15.4419,
810,0.61161,0.875241,0.029344,-1,-0.738159,0.14219,-0.177312,0.0185269,-0.282835,0.39766,-0.467793,0.155527,-0.144346,-0.512796,3.84197,-0.629837,-2.36581,-0.450519,4.23122,-5.75035,10.6234,-2.41457,2.78159,
811,0.672639,-0.721156,0.405955,-1,-0.803915,0.157088,-0.173311,-0.0459387,0.00241828,0.439332,-0.301969,0.0551948,-0.163952,-0.0931037,3.43164,0.365309,-0.581097,7.75239,-0.0752346,5.13909,-8.95941,0.551361,10.5995,
812,-0.243903,-0.909285,0.491554,-1,0.232944,-0.0437139,-0.148319,0.042509,0.412349,-0.122251,0.124605,-0.584276,-0.229018,0.326907,3.56991,0.247294,2.62224,6.75487,-13.4015,8.54988,-13.1393,-2.79483,5.40504,
813,-0.675497,-0.102049,-0.280639,0.13924,0.766117,-0.148365,-0.148106,0.169801,0.355465,-0.414933,0.449469,-1.04673,-0.121866,0.21349,3.39707,-0.000557409,1.45448,-3.99505,-0.807222,2.97057,0.426403,1.59815,-6.71631,
814,0.112169,0.895346,-0.713482,0.0885657,-0.120207,0.0225537,-0.153359,0.143868,-0.0437297,0.063074,0.10326,-0.491447,-0.0174102,-0.309498,3.20797,-0.0512762,-1.64761,-9.40695,9.21414,-10.1932,13.1431,-6.0667,-16.922,
815,0.626821,0.882871,0.00942158,-1,-0.770505,0.149353,-0.178734,0.0310553,-0.237979,0.417698,-0.472684,0.182761,-0.194827,-0.480809,3.7613,-0.503582,-2.43478,-0.142143,4.28043,-8.80402,10.9063,-3.0912,2.11146,
816,0.678101,-0.767325,0.290351,-1,-0.812013,0.159026,-0.1753,-0.0480188,0.027402,0.444754,-0.28925,0.0539423,-0.180742,-0.0755926,3.35147,0.328252,-0.775076,7.08446,0.470183,4.72431,-9.84126,1.56704,10.4935,
817,-0.223577,-0.907714,0.402217,-1,0.213236,-0.040013,-0.150589,0.0412828,0.415773,-0.111901,0.0713269,-0.606201,-0.219501,0.331648,3.5989,0.290646,2.78752,6.53779,-13.4883,7.07119,-13.2163,-2.6877,5.09888,
818,-0.679439,-0.0419545,-0.11728,0.147538,0.773849,-0.150111,-0.147495,0.174743,0.35724,-0.419816,0.375567,-1.05545,-0.12659,0.208174,3.45447,0.0619066,1.53712,-3.99612,-1.12447,3.18202,0.739221,1.23921,-6.81259,
819,0.12189,0.896531,-0.597802,0.0933683,-0.131164,0.0246096,-0.151478,0.146359,-0.0609321,0.0688236,0.147618,-0.483243,-0.0210312,-0.316704,3.26756,-0.0607142,-1.75836,-9.76156,9.7585,-7.39493,13.3269,-5.90459,-17.0183,
820,0.63473,0.874529,0.000101874,-1,-0.784433,0.15253,-0.176027,0.0321729,-0.242827,0.426585,-0.372728,0.194523,-0.192169,-0.480988,3.85965,-0.474138,-2.39926,0.394142,4.1236,-8.75933,10.8835,-2.87665,2.46257,
821,0.658979,-0.767948,0.516671,-1,-0.775031,0.150379,-0.176839,-0.055382,0.051205,0.420567,-0.31709,0.0625661,-0.171429,-0.0589739,3.39991,0.260286,-0.880165,6.69112,1.23636,1.83129,-9.93766,1.53603,10.6959,
822,-0.208399,-0.911449,0.120389,-1,0.198954,-0.0373318,-0.148924,0.0425881,0.395928,-0.104403,0.0826345,-0.608298,-0.204628,0.340867,3.68566,0.356802,2.95165,5.94232,-13.5258,10.2651,-13.3748,-2.5383,4.78637,
823,-0.685437,-0.0207922,-0.00651472,0.155413,0.784285,-0.152496,-0.144622,0.17956,0.349122,-0.426489,0.316988,-1.05538,-0.123896,0.205685,3.5873,0.0611283,1.56585,-3.52743,-1.33704,0.085303,0.751721,0.877981,-6.96187,
824,0.119078,0.904058,-0.102435,0.101081,-0.12845,0.0241003,-0.148497,0.150432,-0.0675446,0.0673994,0.122971,-0.478341,-0.0246504,-0.322925,3.38528,-0.0547035,-1.81017,-9.88119,9.98804,-5.1227,13.6067,-5.84821,-16.9952,
825,0.636171,0.858938,0.0212744,-1,-0.788904,0.153564,-0.172094,0.0358627,-0.255946,0.429475,-0.147178,0.2081,-0.187446,-0.48216,4.00428,-0.441551,-2.37728,0.461583,4.17275,-3.93376,10.9973,-2.6917,2.57857,
826,0.650752,-0.786113,0.465841,-1,-0.762939,0.147653,-0.172105,-0.0523253,0.0791683,0.412941,-0.149448,0.0755759,-0.162926,-0.0540015,3.42351,0.0710949,-1.34615,8.43142,-0.751902,1.91615,-9.84747,1.54998,10.7986,
827,-0.197822,-0.922497,0.367195,-1,0.185617,-0.0348283,-0.159188,0.0217175,0.463875,-0.0974014,0.155745,-0.603303,-0.193487,0.346318,3.56272,0.0437225,2.62991,6.01117,-12.4308,7.5659,-13.7758,-2.52557,4.72501,
828,-0.630599,-0.0197927,-0.144967,0.126614,0.703099,-0.134694,-0.164574,0.162571,0.397474,-0.376697,0.413929,-1.07006,-0.131387,0.204469,3.5535,-0.0230199,1.78468,-3.54579,-0.223084,2.32885,1.05133,0.104212,-7.20405,
829,0.117057,0.898017,-0.687057,0.0926965,-0.125793,0.0236017,-0.172437,0.146047,-0.034769,0.0660049,0.111566,-0.491059,-0.0704097,-0.326974,3.22927,-0.143278,-1.5276,-10.2846,9.11014,-8.25975,13.2884,-6.85459,-17.2259,
830,0.62444,0.872301,0.0155882,-1,-0.765175,0.148154,-0.201167,0.0286497,-0.253637,0.414342,-0.429663,0.1783,-0.263866,-0.507499,3.79873,-0.571991,-2.58108,-0.307928,4.10103,-8.89682,10.6288,-2.05698,3.09096,
831,0.70676,-0.777898,0.665957,-1,-0.866113,0.172878,-0.190108,-0.0386458,0.0748817,0.483503,-0.247888,0.0336534,-0.231002,-0.0983294,3.27989,0.35373,-0.870642,8.85429,-0.995279,7.56165,-9.95096,2.00524,10.351,
832,-0.235182,-0.918481,0.290409,-1,0.2228,-0.0418088,-0.172217,0.0329313,0.486005,-0.116923,0.326286,-0.621395,-0.249044,0.320695,3.46378,0.174763,2.54149,6.23422,-12.4778,9.72046,-13.0369,-2.38911,5.50712,
833,-0.596041,-0.0442431,-0.180097,0.135099,0.66072,-0.125915,-0.169315,0.167403,0.404576,-0.352142,0.469823,-1.06467,-0.132501,0.21127,3.32828,0.172242,1.8133,-3.73044,1.43259,-0.75817,1.00356,1.55477,-6.6687,
834,0.146578,0.891967,-0.725143,0.124478,-0.160728,0.0301571,-0.165179,0.163389,-0.0147313,0.0843379,0.0598607,-0.490976,-0.0593288,-0.308816,3.08105,0.129521,-1.1658,-9.99035,8.31271,-9.37096,12.8667,-7.70155,-17.5988,
835,0.60617,0.881089,0.0222441,-1,-0.75433,0.145737,-0.182054,0.0648452,-0.23056,0.407582,-0.473338,0.178971,-0.277014,-0.496567,3.68769,-0.384878,-2.16148,-0.440737,3.87819,-8.20764,10.8332,-1.9271,3.17322,
836,0.616508,-0.765818,0.464411,-1,-0.719211,0.138109,-0.177926,-0.0295832,0.0273486,0.386247,-0.202696,0.0563968,-0.218761,-0.0937151,3.11746,0.14677,-1.70694,7.2536,-1.12282,7.89681,-9.55216,2.67632,10.2282,
837,-0.215274,-0.909578,0.443894,-1,0.206023,-0.0386588,-0.147057,0.0455453,0.377978,-0.108114,0.153207,-0.604098,-0.179379,0.307482,3.44919,0.395065,2.47861,6.28076,-12.7242,8.10529,-13.07,-1.192,5.16079,
838,-0.670326,-0.102604,-0.100825,0.134132,0.757755,-0.146497,-0.140921,0.166889,0.341248,-0.409707,0.426547,-1.0413,-0.0848911,0.207128,3.35925,0.0880247,1.43706,-3.34572,-1.06301,2.15437,0.352071,0.638216,-6.18539,
839,0.0674751,0.887295,-0.611417,0.0734249,-0.0712252,0.0133633,-0.144539,0.136284,-0.0513064,0.0373721,0.140801,-0.491866,-0.0131254,-0.28525,3.22533,-0.0984696,-1.6945,-9.29736,9.02578,-8.09451,12.9062,-5.10756,-15.5402,
840,0.620032,0.872832,0.0251197,-1,-0.754617,0.1458,-0.173615,0.0229178,-0.252533,0.40776,-0.388188,0.172367,-0.137897,-0.521623,3.79944,-0.620474,-2.33608,-0.330003,4.63861,-8.66608,10.7735,-1.61579,1.36556,
841,0.677761,-0.715334,0.518596,-1,-0.809022,0.158307,-0.173974,-0.052077,0.0248203,0.442742,-0.335119,0.0807286,-0.142781,-0.133125,3.32493,0.307744,-0.719699,7.35836,0.621343,3.90479,-8.9517,0.49428,10.5361,
842,-0.202923,-0.916818,0.357474,-1,0.193019,-0.0362176,-0.148869,0.0381411,0.403071,-0.101287,0.123892,-0.57188,-0.220671,0.31062,3.4891,0.289133,2.78034,6.1965,-13.4425,9.93989,-13.5431,-3.12829,6.08402,
843,-0.680148,-0.0929699,-0.137725,0.143067,0.773463,-0.150023,-0.147431,0.172039,0.358804,-0.419571,0.418642,-1.04741,-0.138825,0.227478,3.40714,0.0156559,1.52831,-3.43238,-1.3164,1.61933,0.414433,1.08021,-6.29272,
844,0.0841296,0.89277,-0.331172,0.0902743,-0.0896724,0.0168245,-0.152518,0.144698,-0.0456344,0.0470515,0.122418,-0.492359,-0.0283249,-0.294062,3.17253,-0.0676549,-1.73163,-9.69052,9.40341,-8.23198,13.0856,-5.64981,-17.0395,
845,0.625748,0.866353,0.0168079,-1,-0.765875,0.148311,-0.178627,0.0259556,-0.258169,0.414781,-0.286425,0.17965,-0.179655,-0.483369,3.75717,-0.512755,-2.55507,-0.347748,4.48767,-5.79443,10.8422,-2.6985,1.65352,
846,0.686588,-0.765311,0.364267,-1,-0.823214,0.161757,-0.17506,-0.0536145,0.0580289,0.452392,-0.242243,0.0546337,-0.168657,-0.0897974,3.28181,0.210301,-0.991776,8.5623,-0.474315,4.36366,-9.65838,1.35937,10.448,
847,-0.197125,-0.912108,0.31918,-1,0.185903,-0.034882,-0.157005,0.0277756,0.452592,-0.0975515,0.0979135,-0.604216,-0.223911,0.325696,3.48749,0.193296,2.76297,6.03413,-12.9727,6.72037,-13.3645,-3.01443,5.33742,
848,-0.65372,-0.0212755,-0.115761,0.136758,0.736361,-0.141799,-0.155392,0.168359,0.381032,-0.396568,0.355361,-1.06157,-0.146548,0.211967,3.40328,0.0865575,1.73724,-3.87813,-0.739771,2.51574,0.862147,0.920381,-6.71111,
849,0.0959783,0.893856,-0.372176,0.0889577,-0.102507,0.0192326,-0.159901,0.144078,-0.0606086,0.0537862,0.114342,-0.487133,-0.0420886,-0.311192,3.15813,-0.113085,-1.73744,-10.2906,9.36654,-6.99537,13.1095,-5.96085,-17.1533,
850,0.620698,0.867665,0.00255338,-1,-0.755108,0.145909,-0.187079,0.0217997,-0.274275,0.408065,-0.286343,0.184243,-0.204093,-0.492489,3.78567,-0.521412,-2.63249,-0.0576314,4.19116,-6.16864,10.8893,-2.35003,2.31283,
851,0.701008,-0.75432,0.679977,-1,-0.848777,0.168238,-0.179439,-0.0519951,0.0903538,0.470522,-0.222035,0.0575401,-0.184844,-0.0876666,3.21113,0.26943,-1.08721,9.31925,-0.933133,5.24647,-9.36796,1.13077,10.1601,
852,-0.230335,-0.924724,0.0102394,-1,0.214372,-0.0402262,-0.165274,0.0118465,0.495286,-0.112497,0.300939,-0.598323,-0.238856,0.321491,3.25216,0.0519793,2.35326,5.97104,-12.9665,10.1451,-13.4801,-2.85228,5.32308,
853,-0.591687,-0.0139229,-0.338324,0.0959719,0.645437,-0.122808,-0.167366,0.146306,0.424307,-0.343453,0.374119,-1.06956,-0.142606,0.205431,3.17257,0.101376,1.79077,-3.54426,1.2333,-2.98927,0.983602,1.08372,-6.81754,
854,0.158317,0.8786,-0.643381,0.0878012,-0.171525,0.0321835,-0.166973,0.143457,-0.00813667,0.090005,-0.0591314,-0.515137,-0.0595706,-0.304504,2.95227,-0.0263864,-1.04638,-10.3444,8.24172,-8.97134,11.9685,-6.07933,-16.5357,
855,0.605221,0.880037,0.0166436,-1,-0.744681,0.143613,-0.190667,0.0498641,-0.235926,0.401641,-0.455492,0.138839,-0.261683,-0.498689,3.62075,-0.503192,-2.08616,-0.549687,3.68046,-4.80426,10.8459,-2.78237,2.11554,
856,0.656691,-0.747128,0.390072,-1,-0.791346,0.154131,-0.187648,-0.0210878,0.0108075,0.431063,-0.278118,0.0267169,-0.238435,-0.124016,3.18973,0.34642,-0.711323,6.7179,0.732551,4.28917,-9.3882,2.00674,9.89197,
857,-0.229047,-0.898597,0.100421,-1,0.222402,-0.0417341,-0.161995,0.0631345,0.39671,-0.116714,0.11406,-0.610119,-0.22886,0.289121,3.43222,0.301552,2.57604,6.60244,-13.3398,7.9464,-12.6517,-1.57997,5.6672,
858,-0.658317,-0.0559241,-0.294718,0.167856,0.751845,-0.145188,-0.158799,0.187537,0.355511,-0.406046,0.284416,-1.04018,-0.101431,0.209478,3.23082,0.0451883,1.52079,-3.71821,-0.74737,-0.297185,0.342736,1.75116,-5.85405,
859,0.123684,0.916508,-0.754326,0.109961,-0.134042,0.0251495,-0.159418,0.15518,-0.05308,0.0703335,-0.00113486,-0.489414,-0.090134,-0.334143,3.06927,-0.0283695,-1.71282,-9.4565,9.05349,-7.15953,13.8868,-2.88675,-13.8608,
860,0.636407,0.86714,0.0189802,-1,-0.788589,0.153491,-0.182575,0.0345732,-0.238464,0.429271,-0.46052,0.179147,-0.217842,-0.493289,3.63592,-0.488633,-2.52682,0.283735,4.4338,-7.46174,10.3474,-1.46084,2.804,
861,0.681158,-0.757061,0.449414,-1,-0.816746,0.160173,-0.17793,-0.0488532,0.0442014,0.447961,-0.284323,0.0463878,-0.18298,-0.0751275,3.20155,0.359929,-0.87595,7.14592,0.179038,4.47019,-9.60941,1.44864,10.5308,
862,-0.217132,-0.908828,0.388653,-1,0.206099,-0.0386731,-0.151328,0.0355575,0.421606,-0.108154,0.135691,-0.604386,-0.225113,0.332832,3.43894,0.328415,2.68102,6.27488,-13.5076,8.63067,-13.0833,-2.68961,5.10348,
863,-0.675221,-0.0662358,-0.275522,0.132701,0.763876,-0.147862,-0.145864,0.166023,0.361807,-0.413527,0.414575,-1.05218,-0.130069,0.209455,3.29025,0.114857,1.52048,-3.92579,-1.04798,1.86153,0.6407,1.32319,-6.8044,
864,0.122476,0.883128,-0.675607,0.0865859,-0.131462,0.0246655,-0.146509,0.142854,-0.046599,0.0689798,0.0770165,-0.497428,-0.0145554,-0.30944,3.15537,-0.0307059,-1.52068,-9.5951,9.40549,-9.46977,12.5477,-4.99666,-16.4641,
865,0.624505,0.878491,0.000657752,-1,-0.770976,0.14946,-0.170348,0.038955,-0.237174,0.417996,-0.451991,0.166451,-0.178814,-0.477503,3.77168,-0.479568,-2.20698,0.0504917,4.08943,-8.03349,10.7961,-3.31124,1.92893,
866,0.640657,-0.756504,0.243074,-1,-0.752427,0.145316,-0.173584,-0.041392,0.0411659,0.406406,-0.233593,0.049643,-0.177322,-0.0748661,3.31806,0.0942971,-1.01392,7.0203,0.234429,4.93641,-9.44727,1.31092,10.452,
867,-0.201489,-0.908265,0.203587,-1,0.192369,-0.0360958,-0.157421,0.0426484,0.418973,-0.100946,0.0824261,-0.605149,-0.205438,0.324729,3.51584,0.104361,2.66793,6.46162,-12.5851,6.56926,-13.2114,-2.26487,4.93372,
868,-0.640332,-0.0271944,-0.115288,0.152643,0.723272,-0.138977,-0.162029,0.177877,0.377139,-0.388675,0.303274,-1.05396,-0.122899,0.203701,3.43742,-0.0564624,1.71456,-3.33825,-0.490529,1.82688,0.654039,0.722328,-6.6729,
869,0.0961352,0.905778,-0.72452,0.10614,-0.103387,0.0193976,-0.172454,0.153159,-0.0476441,0.0542477,0.0904342,-0.478945,-0.0592973,-0.319644,3.10968,-0.159635,-1.80961,-10.1468,9.27543,-5.95704,13.5951,-7.68807,-17.7028,
870,0.632279,0.866613,0.00498069,-1,-0.774718,0.150308,-0.201996,0.0221295,-0.25769,0.420368,-0.409045,0.19144,-0.257892,-0.506004,3.68634,-0.590199,-2.81939,-0.0758907,4.43667,-8.96774,10.4843,-1.55697,3.22186,
871,0.724412,-0.783308,0.360543,-1,-0.890547,0.179868,-0.188832,-0.0472093,0.0877308,0.503058,-0.268401,0.035485,-0.215819,-0.0868839,3.16878,0.414613,-0.80968,9.07735,-1.02319,7.66426,-10.1346,1.941,10.5088,
872,-0.237558,-0.912738,0.324165,-1,0.224312,-0.0420928,-0.168513,0.0289157,0.49649,-0.117717,0.18616,-0.624615,-0.253606,0.333042,3.37333,0.266128,2.73449,5.91731,-12.354,6.35559,-13.1378,-2.90478,5.41219,
873,-0.638475,0.00783947,-0.00728876,0.139855,0.717089,-0.137656,-0.16019,0.170152,0.382872,-0.384981,0.373597,-1.0702,-0.143301,0.211861,3.19029,0.25572,1.76596,-4.90604,-0.624598,0.839879,1.17498,1.72512,-6.92933,
874,0.0849992,0.891554,-0.534382,0.0854395,-0.090451,0.0169705,-0.15952,0.142308,-0.0914927,0.0474601,0.12488,-0.477976,-0.0254683,-0.315136,3.06082,-0.0810928,-1.86213,-10.6202,9.0015,-6.3492,13.0401,-6.02033,-17.3299,
875,0.604452,0.867571,0.00501173,-1,-0.72339,0.139002,-0.185486,0.0131988,-0.298569,0.388746,-0.339409,0.189099,-0.182481,-0.483506,3.74147,-0.49426,-2.78234,0.263788,4.07761,-7.94304,10.7276,-2.41501,2.56652,
876,0.701474,-0.770803,0.102823,-1,-0.84583,0.167471,-0.17419,-0.0584045,0.077625,0.468376,-0.284724,0.0451622,-0.151165,-0.0663565,3.21202,0.309796,-0.893791,9.51242,-0.606513,6.17874,-9.90326,1.74834,10.5771,
877,-0.237478,-0.910003,0.527682,-1,0.221955,-0.0416501,-0.159757,0.0167006,0.509423,-0.116479,0.0723238,-0.612038,-0.218211,0.343083,3.24854,0.0538378,2.60052,6.46705,-12.8278,5.76328,-13.33,-3.52973,5.06738,
878,-0.641632,-0.00482668,-0.120235,0.118161,0.715286,-0.137273,-0.161555,0.157901,0.398966,-0.383908,0.425438,-1.07513,-0.147446,0.206009,3.09745,0.0725053,1.74131,-4.90382,-0.2625,5.10646,1.21878,0.849901,-7.2471,
879,0.139377,0.869838,-0.229804,0.0784561,-0.149755,0.0280979,-0.166521,0.138855,-0.0598577,0.0785792,0.178219,-0.498524,-0.0451983,-0.325981,2.94678,-0.17041,-1.51373,-10.3231,9.22604,-8.50213,12.337,-5.68524,-17.129,
880,0.620146,0.858937,0.00477352,-1,-0.758478,0.146657,-0.194062,0.0295465,-0.255657,0.410157,-0.244547,0.155863,-0.233289,-0.50273,3.64636,-0.479027,-2.22931,0.537736,4.5136,-6.02185,10.7095,-2.98557,2.56518,
881,0.67173,-0.762088,0.285142,-1,-0.806444,0.15769,-0.190504,-0.0390267,0.0956974,0.441017,-0.197623,0.0310603,-0.228478,-0.101326,3.01796,0.101425,-1.14438,8.47086,-1.46698,4.26368,-9.45776,1.50577,10.2201,
882,-0.181099,-0.905996,0.0810016,-1,0.172457,-0.0323584,-0.174315,0.0392461,0.467394,-0.090494,0.0831992,-0.619768,-0.242727,0.307942,3.2348,0.148647,2.64376,5.88982,-12.6121,6.41265,-13.0956,-1.96275,5.34987,
883,-0.622783,0.00788748,-0.0812169,0.15486,0.700869,-0.134225,-0.172562,0.179258,0.397994,-0.375385,0.263854,-1.05935,-0.137004,0.207626,3.12906,0.107908,1.86389,-3.78441,-0.508752,0.902872,0.847868,1.236,-6.30312,
884,0.114641,0.906798,-0.595972,0.11223,-0.124106,0.0232852,-0.173241,0.156502,-0.0536148,0.0651196,0.0786428,-0.501848,-0.120078,-0.350848,2.9484,-0.102806,-1.5998,-10.2614,8.95446,-4.92212,13.6111,-2.5639,-14.1147,
885,0.628479,0.858014,0.00624243,-1,-0.773431,0.150016,-0.199188,0.0313074,-0.258123,0.419551,-0.345721,0.156478,-0.255844,-0.503218,3.54521,-0.517122,-2.74852,0.202003,4.32862,-7.67144,10.3771,-1.81963,3.02902,
886,0.705078,-0.762619,0.722798,-1,-0.859074,0.170967,-0.1919,-0.0460808,0.0990655,0.478156,-0.270587,0.0143841,-0.218961,-0.0842295,3.0196,0.227402,-1.05812,9.00699,-1.1216,6.33477,-9.68518,1.83145,10.5039,
887,-0.151918,-0.910044,0.377414,-1,0.14387,-0.0269936,-0.172579,0.0315721,0.476909,-0.0754909,0.266433,-0.624893,-0.252631,0.328565,3.31647,0.277734,2.74988,5.56621,-12.7971,10.3036,-12.759,-2.6534,5.25363,
888,-0.637699,-0.0745386,-0.077725,0.140551,0.716272,-0.137482,-0.165572,0.170573,0.397518,-0.384494,0.481967,-1.05403,-0.161001,0.214966,3.1919,0.197163,1.8354,-3.59135,-0.15775,0.551507,0.77095,1.31983,-6.58946,
889,0.0789129,0.875968,-0.615936,0.116572,-0.0849283,0.0159343,-0.162335,0.158882,-0.0347308,0.0445622,0.122404,-0.495064,-0.0495537,-0.309824,2.92823,0.06052,-1.41515,-10.2623,8.75525,-8.76559,12.4008,-6.39575,-17.6204,
890,0.601648,0.871278,0.0420352,-1,-0.735432,0.141598,-0.182695,0.0437346,-0.267303,0.396005,-0.406847,0.160257,-0.226967,-0.500881,3.5782,-0.448533,-2.50443,-0.670621,4.27965,-8.39723,10.6599,-1.52692,3.11524,
891,0.66188,-0.738152,0.243753,-1,-0.788394,0.153446,-0.174683,-0.0411851,-0.000258657,0.429144,-0.339447,0.0430814,-0.178324,-0.0846412,3.1808,0.467993,-0.867661,7.22917,0.748346,3.85963,-9.39359,2.0075,10.479,
892,-0.231482,-0.895864,0.204464,-1,0.220786,-0.0414305,-0.142562,0.0412079,0.396622,-0.115865,0.0139858,-0.595607,-0.201733,0.326546,3.38514,0.431119,2.60555,6.61922,-13.3003,7.39543,-12.8217,-2.48555,5.23689,
893,-0.677755,-0.0603176,-0.363153,0.133548,0.767513,-0.148679,-0.134135,0.16651,0.345142,-0.415811,0.286951,-1.04076,-0.111096,0.212573,3.21331,0.139558,1.44797,-3.89164,-1.00962,2.37412,0.311193,1.15998,-6.61077,
894,0.0489425,0.892993,-0.127672,0.0504443,-0.0510666,0.00958115,-0.139727,0.12565,-0.0825785,0.0267948,-0.0026695,-0.48974,0.0116875,-0.287185,3.16948,-0.251131,-1.93161,-9.75413,9.13647,-8.07372,12.7276,-3.1255,-14.9706,
895,0.612173,0.857236,0.00436724,-1,-0.729122,0.140234,-0.174847,0.000601255,-0.301765,0.39219,-0.233778,0.168378,-0.0961221,-0.511046,3.83752,-0.706298,-2.56575,-0.281941,4.56072,-1.70823,10.6842,-2.03204,1.6579,
896,0.686567,-0.728612,0.240261,-1,-0.820119,0.160996,-0.172054,-0.0587634,0.0691612,0.450264,-0.150153,0.0745343,-0.12889,-0.115168,3.27849,0.122298,-0.922837,9.45418,-1.6061,3.97939,-8.64905,-0.0308383,10.4438,
897,-0.185334,-0.918243,0.461379,-1,0.173424,-0.0325399,-0.161207,0.0182971,0.482147,-0.0910017,0.0903443,-0.572575,-0.232089,0.316649,3.32234,0.0257011,2.6803,6.05923,-12.1245,4.50141,-13.7218,-3.53623,5.77648,
898,-0.631659,-0.0435804,-0.0176486,0.130258,0.705471,-0.135194,-0.165468,0.164616,0.398435,-0.378095,0.380596,-1.06154,-0.163197,0.218918,3.29412,0.00722909,1.86553,-3.95597,-0.77529,4.36582,0.739883,0.774916,-6.58163,
899,0.0819148,0.88288,-0.786717,0.0977121,-0.0875321,0.0164229,-0.172401,0.148618,-0.045763,0.0459285,0.188519,-0.494718,-0.0676873,-0.308716,2.99902,-0.137791,-1.59101,-10.3646,8.96302,-6.64385,12.8663,-6.72514,-17.7303,
900,0.656209,0.857766,0.0156492,-1,-0.825968,0.162437,-0.195213,0.0418523,-0.234059,0.454296,-0.403979,0.153126,-0.26205,-0.50666,3.60587,-0.422091,-2.26472,0.252191,4.67975,-11.2417,10.1939,-2.16983,2.91643,
901,0.664339,-0.756107,0.253745,-1,-0.795087,0.155005,-0.192014,-0.0369261,0.0553926,0.433506,-0.321524,0.0176032,-0.239766,-0.0840542,3.21554,0.338908,-0.731266,6.52633,0.293872,2.55329,-9.70049,1.60261,10.7004,
902,-0.217131,-0.893189,0.490426,-1,0.209832,-0.039374,-0.162338,0.0574364,0.412017,-0.110114,0.0110046,-0.628709,-0.242854,0.325947,3.50749,0.383556,2.76261,6.25101,-13.4589,8.21462,-12.7117,-1.69267,5.12067,
903,-0.675351,-0.0652708,-0.0551249,0.16795,0.774652,-0.150293,-0.153813,0.187536,0.344537,-0.420326,0.41363,-1.04833,-0.113292,0.209136,3.31354,0.145973,1.54214,-4.18228,-1.20518,4.98739,0.646441,1.93479,-6.5482,
904,0.0547068,0.890413,-0.474844,0.0910772,-0.0580015,0.0108823,-0.157296,0.145197,-0.0865621,0.0304335,0.190894,-0.493689,-0.0458448,-0.343784,3.2649,-0.199609,-1.98845,-9.57408,9.29084,-7.71633,13.1857,-2.57017,-14.6587,
905,0.634929,0.859851,0.021991,-1,-0.772647,0.149838,-0.186219,0.0104918,-0.271712,0.419054,-0.316854,0.163382,-0.174292,-0.489415,3.85524,-0.56431,-2.78722,0.362,4.82314,-8.35676,10.5255,-1.57901,3.31269,
906,0.711153,-0.739443,0.621873,-1,-0.857846,0.170637,-0.181289,-0.0660286,0.0999641,0.477234,-0.266535,0.0460997,-0.165656,-0.0562093,3.30381,0.181211,-1.04069,9.27763,-1.23878,6.04337,-9.20153,0.908447,10.6597,
907,-0.191884,-0.918918,0.484016,-1,0.17813,-0.033423,-0.167056,0.00895508,0.49565,-0.0934713,0.255457,-0.597339,-0.243431,0.349001,3.39987,0.0725287,2.56854,5.81294,-13.3297,10.2824,-13.2726,-3.31948,4.92595,
908,-0.629269,-0.0862749,-0.120168,0.101565,0.694876,-0.13297,-0.168768,0.149128,0.413374,-0.371873,0.539452,-1.06297,-0.162312,0.208879,3.30512,0.068109,1.81995,-3.84671,0.167827,1.73586,0.842048,1.08313,-7.23061,
909,0.0894792,0.870715,-0.544896,0.0845628,-0.0952759,0.0178758,-0.170638,0.141883,-0.0248195,0.0499917,0.139317,-0.511838,-0.0553167,-0.322493,3.02329,-0.0486565,-1.25267,-10.3395,8.39804,-10.2524,12.2543,-5.9586,-17.1047,
910,0.602281,0.867005,0.00487781,-1,-0.731318,0.140707,-0.195431,0.0342171,-0.263664,0.393515,-0.398989,0.136721,-0.241415,-0.506159,3.64657,-0.516032,-2.41003,-0.834097,4.20022,-7.96182,10.5286,-2.31636,2.94657,
911,0.68792,-0.737307,0.460925,-1,-0.838806,0.165664,-0.185697,-0.030804,0.0201868,0.463322,-0.333759,0.0141021,-0.21825,-0.101146,3.24878,0.455469,-0.559017,8.19011,0.290698,5.66005,-9.36015,1.73408,10.225,
912,-0.231033,-0.898337,0.249413,-1,0.222058,-0.0416695,-0.160623,0.0505847,0.432484,-0.116534,0.155752,-0.61164,-0.244185,0.313234,3.48513,0.371694,2.7157,6.27001,-12.1,7.95934,-12.5169,-2.43582,5.4607,
913,-0.644125,-0.073084,-0.322088,0.159716,0.730414,-0.140512,-0.151929,0.182274,0.353452,-0.392969,0.349497,-1.04434,-0.124096,0.211082,3.32383,0.211638,1.75001,-3.67334,1.41378,1.76609,0.384148,1.87413,-6.37452,
914,0.119662,0.899764,-0.730376,0.128834,-0.130607,0.024505,-0.148263,0.165891,-0.0472108,0.0685312,0.0189376,-0.482864,-0.0270787,-0.303001,3.13571,0.1252,-1.48157,-9.38161,8.86311,-8.66509,13.0967,-6.87585,-17.2825,
915,0.617424,0.876425,0.0024389,-1,-0.771036,0.149473,-0.165152,0.0608685,-0.236028,0.418034,-0.471768,0.193434,-0.21656,-0.476866,3.74015,-0.367545,-2.21844,0.0410883,4.33215,-7.50886,10.6564,-2.48649,2.64799,
916,0.621002,-0.741579,0.564093,-1,-0.72653,0.139676,-0.161642,-0.0297118,0.0479466,0.39063,-0.199242,0.0718885,-0.188873,-0.0681244,3.14511,0.119439,-1.76718,7.63156,-1.88489,8.28513,-9.0441,1.33103,10.0007,
917,-0.205361,-0.922998,0.233847,-1,0.192423,-0.0361059,-0.144112,0.0200958,0.411196,-0.100974,0.25604,-0.586972,-0.191067,0.315084,3.31714,0.176261,2.17398,5.79876,-11.5954,8.05736,-13.5091,-1.66142,4.73468,
918,-0.611169,-0.0767487,-0.182803,0.085102,0.667651,-0.127333,-0.144529,0.140957,0.37585,-0.356109,0.391746,-1.05031,-0.106383,0.196,3.34954,0.0534004,1.53854,-2.75918,-0.0736234,-0.691601,0.47825,0.347292,-6.54127,
919,0.0752524,0.927736,-0.366707,0.0582657,-0.0791086,0.0148424,-0.151149,0.128937,-0.0115518,0.0415085,0.0424025,-0.490156,0.0616101,-0.207692,3.59356,-0.399852,-0.636242,-9.06112,7.60625,-8.00231,14.6809,5.7657,-6.87026,
920,0.623432,0.861297,0.00284829,-1,-0.761587,0.14735,-0.182781,0.0252268,-0.255741,0.412095,-0.311857,0.150175,-0.167895,-0.495744,3.79048,-0.736722,-2.09091,-1.11389,4.89826,-4.66599,10.5898,-1.01257,2.93182,
921,0.692144,-0.737688,0.0361633,-1,-0.839559,0.165856,-0.179791,-0.0419195,0.0419995,0.46386,-0.244652,0.077051,-0.192114,-0.133155,3.22869,0.265096,-0.71418,8.55498,-0.417617,4.4567,-9.10236,1.13031,10.2592,
922,-0.221796,-0.912615,0.0158648,-1,0.210822,-0.0395597,-0.16438,0.0372054,0.47127,-0.110633,0.0204907,-0.580209,-0.235726,0.304534,3.25435,0.062996,2.59404,6.82268,-12.85,4.60061,-13.6189,-2.58035,6.08238,
923,-0.633757,0.0195314,-0.132461,0.151863,0.714355,-0.137075,-0.1684,0.177359,0.402161,-0.383354,0.190236,-1.06087,-0.132479,0.22159,3.13488,0.00131801,1.80199,-4.02583,-0.0877979,1.4736,0.733107,1.16521,-6.32667,
924,0.131257,0.906423,-0.639209,0.103259,-0.142116,0.0266646,-0.175,0.151566,-0.0600097,0.0745707,0.0531892,-0.508348,-0.103831,-0.339605,3.01266,-0.242589,-1.64199,-10.3605,9.131,-4.08159,13.5176,-1.98948,-14.0251,
925,0.647748,0.864118,0.00242203,-1,-0.80289,0.156844,-0.204852,0.0258556,-0.24964,0.43865,-0.355267,0.153444,-0.263495,-0.502626,3.63419,-0.500576,-2.5186,1.00356,5.6134,-7.73101,10.5579,-2.29754,2.93234,
926,0.709,-0.762006,0.48689,-1,-0.865365,0.172673,-0.199542,-0.0466162,0.11036,0.48293,-0.284153,0.0157298,-0.242032,-0.0859419,3.06725,0.178118,-0.998818,8.6677,-1.49446,6.03825,-9.71253,1.7062,10.5263,
927,-0.186392,-0.906527,0.237164,-1,0.176959,-0.0332034,-0.18122,0.0356828,0.484994,-0.0928571,0.174195,-0.62993,-0.265553,0.327316,3.31951,0.19396,2.69786,5.77702,-13.4183,9.33469,-12.8539,-2.28278,5.27768,
928,-0.627951,-0.0306975,-0.253389,0.150255,0.706266,-0.135362,-0.176677,0.176388,0.405217,-0.378563,0.402329,-1.0611,-0.148801,0.211611,3.16157,0.170249,1.88422,-3.93488,0.0850382,0.858227,0.919629,1.72543,-6.66159,
929,0.116362,0.905833,-0.797744,0.116781,-0.126264,0.0236901,-0.172932,0.159103,-0.0418354,0.0662522,0.0415451,-0.507296,-0.115754,-0.362251,2.95549,0.0060148,-1.43855,-10.1937,8.70833,-8.98019,13.4541,-2.52105,-14.3996,
930,0.618624,0.869888,0.0161423,-1,-0.761744,0.147386,-0.194759,0.040107,-0.260573,0.412194,-0.467613,0.151937,-0.254335,-0.508127,3.56431,-0.444021,-2.63841,-0.444491,4.22072,-5.29511,10.4251,-1.96456,3.30395,
931,0.686744,-0.753017,0.636467,-1,-0.834006,0.164447,-0.182712,-0.0356584,0.0284998,0.459917,-0.288856,0.0157771,-0.211995,-0.0778493,3.18184,0.462818,-0.809121,8.13063,-0.271513,6.2652,-9.53952,1.90674,10.6112,
932,-0.248961,-0.903161,0.354786,-1,0.237622,-0.0445923,-0.154597,0.0415606,0.428311,-0.124708,0.234066,-0.614105,-0.23562,0.333695,3.40937,0.353382,2.47568,6.37215,-13.6002,9.95569,-12.5122,-2.40166,5.17828,
933,-0.660085,-0.0978119,-0.218242,0.126424,0.741917,-0.143008,-0.147821,0.162468,0.360884,-0.39995,0.45322,-1.04562,-0.115985,0.210741,3.18432,0.150647,1.46143,-4.06729,0.0789076,0.138026,0.475717,1.88399,-6.79253,
934,0.077393,0.883644,-0.721772,0.0670608,-0.0816662,0.0153223,-0.148882,0.133294,-0.0596317,0.0428506,0.0603402,-0.495692,-0.000449793,-0.301606,3.08055,-0.0759495,-1.67083,-9.71221,8.57927,-9.56493,12.5196,-4.98144,-16.1163,
935,0.604531,0.877864,0.0229871,-1,-0.72539,0.139431,-0.177033,0.0165932,-0.269978,0.389945,-0.475517,0.161966,-0.140867,-0.510815,3.72465,-0.603976,-2.44496,-0.351554,4.34752,-8.16842,10.7003,-2.03226,1.3279,
936,0.677826,-0.71341,0.416486,-1,-0.81047,0.158655,-0.172405,-0.0498307,0.00599658,0.443715,-0.305362,0.0610007,-0.143367,-0.124606,3.29221,0.370773,-0.659825,7.71498,0.00345953,5.8232,-8.82806,0.514007,10.2382,
937,-0.232104,-0.911431,0.192147,-1,0.220537,-0.0413839,-0.146821,0.0365831,0.413665,-0.115735,0.139279,-0.576407,-0.224062,0.305699,3.42243,0.258884,2.60294,6.73089,-13.4184,8.6949,-13.2072,-3.17159,5.88552,
938,-0.66878,-0.0697778,-0.0939201,0.130661,0.754687,-0.145816,-0.145994,0.164865,0.368265,-0.407804,0.340908,-1.04673,-0.13232,0.217911,3.26592,0.0251476,1.487,-3.70995,-0.752319,0.0492634,0.387911,1.34532,-6.30312,
939,0.124909,0.882879,-0.398474,0.0857413,-0.134102,0.0251609,-0.149321,0.142383,-0.0421268,0.0703653,0.10223,-0.5009,-0.0218228,-0.292652,3.11008,-0.0541116,-1.53244,-9.73912,9.24357,-6.31112,12.6119,-5.32497,-16.531,
940,0.623992,0.866388,0.0056183,-1,-0.769853,0.149206,-0.174613,0.0384809,-0.236438,0.417287,-0.285008,0.166285,-0.178949,-0.516263,3.7547,-0.534044,-2.14192,0.079687,4.07477,-6.15794,10.8476,-2.47198,1.18611,
941,0.645435,-0.733941,0.0471687,-1,-0.760538,0.147116,-0.17867,-0.0412384,0.0499883,0.411441,-0.250078,0.0667857,-0.183127,-0.133898,3.22584,0.161267,-1.00015,6.84884,0.551607,1.52024,-9.04602,0.766024,10.2865,
942,-0.177711,-0.907969,0.299582,-1,0.169372,-0.0317795,-0.159936,0.0401818,0.428817,-0.088875,-0.036138,-0.591989,-0.218393,0.295531,3.35306,0.152027,2.62937,6.43744,-12.4608,5.44417,-13.5449,-2.15714,5.86452,
943,-0.64984,-0.0224931,-0.0177203,0.150432,0.735202,-0.141548,-0.161037,0.176523,0.379424,-0.395865,0.289262,-1.05425,-0.130978,0.217955,3.29385,0.00572245,1.67379,-3.6091,-1.54062,4.51532,0.654022,0.777096,-6.00664,
944,0.120634,0.890927,-0.577416,0.10996,-0.130641,0.0245114,-0.166864,0.155155,-0.0394657,0.0685488,0.188839,-0.485576,-0.0556642,-0.296397,3.01308,-0.0666727,-1.68145,-9.98399,9.66002,-4.9516,13.2017,-7.29354,-17.7044,
945,0.63845,0.8612,0.000943315,-1,-0.793286,0.154584,-0.191051,0.0368392,-0.231819,0.432328,-0.312611,0.181529,-0.252856,-0.492748,3.61015,-0.495812,-2.47931,0.228911,4.1976,-9.44662,10.5842,-1.65523,2.99778,
946,0.683907,-0.760853,0.243092,-1,-0.822403,0.161557,-0.186507,-0.047229,0.0665176,0.451833,-0.336193,0.0448681,-0.211141,-0.080264,3.10388,0.298305,-1.01204,7.56979,-0.2178,3.46517,-9.84337,1.9147,10.4417,
947,-0.197167,-0.902161,0.455592,-1,0.187884,-0.0352538,-0.159277,0.0402999,0.434553,-0.0985912,-0.000825587,-0.615582,-0.229888,0.32699,3.36979,0.361429,2.79765,6.1012,-13.4343,7.94032,-13.1564,-2.32086,5.14876,
948,-0.676492,-0.0423296,-0.0256779,0.150809,0.770877,-0.149438,-0.150845,0.176734,0.362121,-0.417933,0.396457,-1.05612,-0.131489,0.209716,3.23116,0.170322,1.61207,-4.1574,-1.4587,4.94691,0.798685,1.2868,-6.64463,
949,0.0630491,0.885334,-0.786014,0.0846602,-0.0667823,0.0125297,-0.153676,0.141897,-0.0803023,0.0350409,0.199546,-0.480733,-0.0155219,-0.310545,3.06253,-0.119976,-1.96969,-10.1145,9.61571,-7.11187,12.9985,-5.50637,-16.9889,
950,0.62278,0.871088,0.000203997,-1,-0.752065,0.145236,-0.182005,0.0101165,-0.277733,0.406182,-0.430635,0.181624,-0.161578,-0.480275,3.67919,-0.554587,-2.80768,0.152544,4.41321,-11.4656,10.581,-2.39497,2.35971,
951,0.70737,-0.757624,0.539668,-1,-0.854381,0.169714,-0.171611,-0.0609453,0.0308954,0.47465,-0.334264,0.0448829,-0.149635,-0.0648976,3.29603,0.471412,-0.522326,8.523,0.206184,5.19553,-9.77001,1.13277,10.5804,
952,-0.233438,-0.912348,0.380856,-1,0.220387,-0.0413557,-0.14611,0.0288271,0.448975,-0.115656,0.181568,-0.604409,-0.232656,0.343811,3.52049,0.355092,2.91641,6.3491,-12.5783,9.00482,-13.1307,-3.65738,5.03984,
953,-0.694238,-0.0392019,-0.33983,0.134097,0.789814,-0.153775,-0.139184,0.166809,0.356364,-0.430066,0.408295,-1.06039,-0.147138,0.208079,3.30517,0.148079,1.54441,-4.64481,-1.26526,0.717307,0.862116,1.4779,-7.13141,
954,0.144224,0.884857,-0.152447,0.0866801,-0.155633,0.029201,-0.138541,0.142938,-0.0697508,0.081664,0.0370055,-0.495957,-0.00410203,-0.3217,3.2442,-0.0342516,-1.53752,-9.75655,9.75799,-9.94773,12.5003,-4.25946,-16.5914,
955,0.621162,0.866731,0.00271524,-1,-0.768424,0.148884,-0.160918,0.0445291,-0.253652,0.416385,-0.26858,0.172409,-0.161642,-0.475802,3.96473,-0.447298,-1.98973,0.47498,3.69303,-2.55333,10.9087,-3.16063,2.62196,
956,0.605453,-0.731904,0.63523,-1,-0.697325,0.133482,-0.164499,-0.036429,0.0649566,0.373306,-0.145824,0.0789927,-0.179077,-0.0657375,3.30099,-0.055655,-1.60255,8.0231,-1.84269,4.53529,-8.69882,0.672695,10.1276,
957,-0.176564,-0.923171,0.198663,-1,0.166621,-0.0312632,-0.150587,0.0282151,0.403305,-0.0874311,0.207665,-0.57982,-0.192442,0.316321,3.4799,0.120313,2.45606,5.33897,-11.479,8.34529,-13.6628,-1.60177,4.64089,
958,-0.617835,-0.0779629,-0.13114,0.122414,0.685413,-0.130998,-0.154369,0.160293,0.368798,-0.366359,0.365482,-1.04693,-0.113304,0.196508,3.55261,-0.0396775,1.70812,-2.60851,-0.807552,-0.444784,0.388539,0.225134,-6.50593,
959,0.0605381,0.898834,-0.634782,0.0858773,-0.0641199,0.0120302,-0.162851,0.142461,-0.0228997,0.0336439,0.059915,-0.494935,-0.062768,-0.300118,3.25806,-0.150263,-1.51096,-9.65305,8.43432,-7.07415,13.174,-6.39362,-15.991,
960,0.617777,0.87006,0.0754921,-1,-0.751514,0.145115,-0.193937,0.0241151,-0.257592,0.405842,-0.39599,0.169776,-0.222566,-0.510725,3.75446,-0.6346,-2.63046,-0.968037,4.88733,-7.46661,10.6479,-1.76669,2.14812,
961,0.703328,-0.752348,0.621914,-1,-0.856326,0.170231,-0.186322,-0.0457239,0.0350271,0.476097,-0.285185,0.0437413,-0.195982,-0.119187,3.3101,0.357112,-0.801439,8.21307,-0.768701,6.73879,-9.51491,1.58512,10.3012,
962,-0.242985,-0.914635,0.251737,-1,0.230825,-0.0433158,-0.162791,0.0360341,0.449782,-0.121138,0.257728,-0.601724,-0.240302,0.311341,3.4874,0.20983,2.5231,6.76612,-14.0724,10.5553,-13.0277,-2.76041,5.87143,
963,-0.641258,-0.0734721,-0.227901,0.130624,0.718173,-0.137887,-0.161753,0.164836,0.395966,-0.385627,0.444956,-1.05645,-0.130002,0.217787,3.31588,0.0871402,1.63876,-3.55704,1.30348,-0.319434,0.668064,1.58134,-6.4402,
964,0.124547,0.892002,-0.206134,0.0978411,-0.134339,0.0252053,-0.162567,0.148647,-0.0277494,0.0704894,0.0439559,-0.49813,-0.0357471,-0.300025,3.04579,0.0231035,-1.44802,-10.1024,8.71577,-9.35613,12.8214,-6.75385,-17.2719,
965,0.610296,0.864477,0.0450707,-1,-0.747009,0.144123,-0.184239,0.0385994,-0.256549,0.403068,-0.275418,0.172423,-0.230534,-0.486497,3.69378,-0.453248,-2.39271,-0.548274,3.98448,-3.20573,10.8086,-2.53548,2.43128,
966,0.675674,-0.752223,0.421586,-1,-0.813703,0.159434,-0.176435,-0.038123,0.047137,0.445896,-0.188785,0.0510377,-0.2047,-0.0913001,3.19158,0.358202,-1.06204,8.45221,-0.192114,4.26479,-9.22665,1.36119,9.8158,
967,-0.230842,-0.91484,0.108771,-1,0.217135,-0.0407451,-0.156646,0.0244669,0.463028,-0.113948,0.188811,-0.597346,-0.230137,0.306399,3.26841,0.171576,2.2938,6.50288,-12.4997,7.06722,-13.2429,-2.23196,5.22678,
968,-0.616164,-0.0244729,-0.0633075,0.105851,0.67902,-0.129674,-0.155029,0.151395,0.40048,-0.362655,0.315975,-1.0587,-0.122887,0.200138,3.15148,0.127829,1.64558,-3.6849,0.578315,-0.415387,0.716052,1.17825,-6.45435,
969,0.123778,0.873054,-0.496144,0.0703658,-0.13209,0.0247833,-0.155986,0.134838,-0.0364095,0.0693094,0.077158,-0.507274,-0.0338347,-0.29255,3.01027,-0.0949927,-1.36294,-10.1998,8.52455,-5.57213,12.1579,-5.25789,-15.7959,
970,0.606565,0.869458,0.00746769,-1,-0.737828,0.142118,-0.18392,0.033144,-0.247772,0.397459,-0.316917,0.14996,-0.188485,-0.532219,3.65715,-0.572488,-2.22079,-0.181726,3.94189,-6.67851,10.8629,-3.07908,0.886173,
971,0.675974,-0.716385,0.509113,-1,-0.81637,0.160081,-0.183226,-0.0344402,0.0510333,0.447706,-0.275057,0.0476113,-0.208643,-0.161905,3.12112,0.237179,-0.907971,8.15994,0.0310477,4.74408,-8.79182,0.288038,9.80796,
972,-0.175076,-0.913239,0.0809278,-1,0.167048,-0.0313432,-0.162981,0.041469,0.429083,-0.0876549,0.147878,-0.596102,-0.258804,0.272715,3.31125,0.25399,2.5814,5.80026,-12.7082,8.34595,-13.2774,-2.26397,6.27627,
973,-0.644662,-0.0376001,-0.0991776,0.141907,0.725872,-0.139535,-0.159216,0.171439,0.380024,-0.390235,0.300532,-1.04953,-0.144244,0.218781,3.21578,0.107543,1.59632,-3.39622,-1.23509,-0.892732,0.55352,1.63562,-5.53245,
974,0.120873,0.889724,-0.011414,0.103963,-0.130578,0.0244996,-0.15893,0.151822,-0.0327298,0.0685159,0.0708102,-0.492348,-0.0386366,-0.277992,2.97911,0.044904,-1.57644,-9.98717,9.24719,-5.58639,12.8025,-6.64917,-17.2571,
975,0.622149,0.852715,0.000141093,-1,-0.768312,0.148859,-0.17913,0.0413029,-0.248038,0.416314,-0.128592,0.177565,-0.207333,-0.512424,3.65818,-0.439878,-2.28213,-0.207792,4.08115,-2.1033,10.8459,-1.62141,1.80817,
976,0.650494,-0.759232,0.674374,-1,-0.768166,0.148826,-0.176548,-0.0427606,0.067353,0.416223,-0.1233,0.0689376,-0.179068,-0.120467,3.0635,0.155005,-1.34366,8.28233,-0.903634,1.43698,-9.17844,1.38915,10.3804,
977,-0.193388,-0.919397,0.127973,-1,0.182486,-0.0342407,-0.156633,0.0284468,0.430407,-0.0957581,0.201139,-0.588219,-0.204687,0.306206,3.25913,0.218779,2.55078,5.67312,-12.4632,8.47375,-13.4608,-2.2574,5.72529,
978,-0.630265,-0.0530555,-0.0709569,0.127671,0.702956,-0.134664,-0.155049,0.163179,0.380804,-0.376612,0.34119,-1.05209,-0.125486,0.218005,3.24413,0.0810795,1.73725,-3.11211,-0.263664,-0.857491,0.537571,0.548332,-6.23974,
979,0.084203,0.884358,-0.508415,0.0931232,-0.0898499,0.0168577,-0.158151,0.146133,-0.0366333,0.0471446,0.0710905,-0.498801,-0.0503892,-0.287766,3.02141,-0.0878638,-1.47577,-10.0031,8.71515,-6.06975,12.5801,-5.89894,-16.5275,
980,0.611506,0.871703,0.0345329,-1,-0.74696,0.144112,-0.185903,0.0348256,-0.258933,0.403039,-0.32971,0.165559,-0.198081,-0.528103,3.61155,-0.548037,-2.47993,-0.503689,4.47721,-6.6169,10.9069,-2.84733,0.662319,
981,0.686392,-0.762382,0.448339,-1,-0.831424,0.163797,-0.182055,-0.0390729,0.0421303,0.458101,-0.276529,0.0410501,-0.186382,-0.150765,3.16397,0.253293,-0.825187,8.34993,-0.105324,5.00756,-9.69781,1.55606,10.6647,
982,-0.209725,-0.908567,0.00976077,-1,0.200771,-0.0376729,-0.162204,0.0459237,0.436296,-0.105357,0.124976,-0.611219,-0.232234,0.304611,3.41021,0.229147,2.77043,6.11047,-13.3106,7.74553,-13.1015,-2.82732,6.34686,
983,-0.6543,0.00189186,-0.133375,0.158607,0.743563,-0.143368,-0.160464,0.181522,0.375464,-0.400957,0.254891,-1.05653,-0.138559,0.230446,3.26506,0.0673025,1.66206,-3.81587,-0.676994,-1.07259,0.768109,1.34906,-6.14631,
984,0.13004,0.90415,-0.470591,0.112005,-0.141261,0.0265042,-0.164052,0.156301,-0.0606536,0.0741221,0.0338591,-0.47978,-0.0452866,-0.299027,3.02244,-0.0379276,-1.80276,-10.2885,9.58996,-5.11385,13.3491,-7.0689,-18.0222,
985,0.632545,0.865394,0.0196273,-1,-0.781367,0.151826,-0.186764,0.0332829,-0.256005,0.424614,-0.310288,0.19647,-0.236692,-0.487758,3.69987,-0.458772,-2.54001,0.445597,4.02918,-5.70031,10.7371,-1.61442,3.34975,
986,0.686125,-0.769888,0.0149004,-1,-0.824344,0.162035,-0.178513,-0.0503662,0.0748436,0.453172,-0.252235,0.0613716,-0.19209,-0.0635386,3.14841,0.329369,-1.12802,8.5287,-0.518541,4.69206,-9.7868,1.83939,10.4664,
987,-0.197149,-0.908421,0.0813223,-1,0.185172,-0.0347448,-0.156812,0.0229129,0.474643,-0.0971678,-0.0136169,-0.60555,-0.22011,0.33778,3.28037,0.255978,2.65315,6.18966,-12.5953,4.10429,-13.5016,-2.59347,4.93482,
988,-0.650694,0.0475163,-0.0860195,0.127356,0.729722,-0.140363,-0.150795,0.162992,0.389025,-0.392552,0.190666,-1.06603,-0.138447,0.206373,3.18506,0.191546,1.73909,-4.27549,-0.920894,2.41625,0.982773,0.755878,-6.99172,
989,0.132223,0.879606,-0.745664,0.0780207,-0.141793,0.0266039,-0.151773,0.138596,-0.0747508,0.074401,0.0904756,-0.493843,-0.0300094,-0.312983,3.07377,-0.141528,-1.6561,-10.5418,9.67336,-3.76904,12.4474,-4.69805,-16.4007,
990,0.626393,0.878565,0.0164098,-1,-0.767916,0.14877,-0.179394,0.0276811,-0.255634,0.416065,-0.383655,0.16915,-0.183653,-0.480427,3.75037,-0.512899,-2.36826,0.787584,3.8055,-9.34137,11.0052,-3.45681,1.70439,
991,0.673403,-0.753232,0.228747,-1,-0.803067,0.156886,-0.17763,-0.0495649,0.0453663,0.438768,-0.345254,0.0505738,-0.189836,-0.0907837,3.27935,0.293003,-0.737427,7.35417,0.714399,3.61567,-9.7122,1.27975,10.3273,
992,-0.211024,-0.906079,0.052585,-1,0.201137,-0.0377416,-0.154692,0.0406359,0.426961,-0.105549,0.0163772,-0.610876,-0.227461,0.318371,3.47983,0.259152,2.8052,6.25567,-13.3041,7.66005,-13.2961,-2.49551,5.25456,
993,-0.668004,0.0159791,-0.122096,0.151478,0.759716,-0.146933,-0.151956,0.177158,0.367835,-0.410928,0.238707,-1.05892,-0.130687,0.207283,3.34268,0.0695987,1.61285,-3.93499,-1.19795,0.988696,0.845017,1.24538,-6.55704,
994,0.152147,0.898852,-0.717308,0.10533,-0.165732,0.0310963,-0.155179,0.15269,-0.0615823,0.0869645,0.07744,-0.482324,-0.0306259,-0.313597,3.14802,-0.0476379,-1.7162,-10.0851,9.98663,-4.82592,13.2264,-6.4531,-17.3825,
995,0.641915,0.874203,0.0478513,-1,-0.801728,0.156569,-0.178075,0.0415561,-0.232504,0.43788,-0.391714,0.195706,-0.221404,-0.481179,3.78614,-0.439458,-2.30555,0.835214,3.89637,-8.73632,10.8142,-2.97068,2.67216,
996,0.651091,-0.775937,0.279946,-1,-0.767668,0.148714,-0.178772,-0.0453107,0.0706047,0.415909,-0.279939,0.0552078,-0.19514,-0.0556931,3.26991,0.16088,-1.1038,7.03994,0.233543,4.42037,-10.0023,1.72858,10.6708,
997,-0.199523,-0.911637,0.223657,-1,0.190015,-0.0356539,-0.158974,0.0395936,0.431177,-0.0997102,0.0730253,-0.618313,-0.207906,0.339445,3.49598,0.192632,2.75271,6.05105,-12.8557,7.66285,-13.4129,-2.11495,4.67953,
998,-0.651008,-0.00232639,-0.283006,0.151538,0.737073,-0.141954,-0.15879,0.177185,0.374273,-0.397001,0.32634,-1.06283,-0.123381,0.20208,3.43051,0.0407024,1.70091,-3.56752,-0.648827,2.02797,0.943373,0.693936,-6.97813,
999,0.108491,0.906349,-0.658849,0.099439,-0.116674,0.0218907,-0.166043,0.149581,-0.0563476,0.0612199,0.032328,-0.478236,-0.0470057,-0.325979,3.14659,-0.144551,-1.83314,-10.1745,9.56548,-7.96909,13.4526,-6.88286,-17.4248,
