step,action0,action1,action2,action3,action4,action5,state0,state1,state2,state3,state4,state5,state6,state7,state8,state9,state10,state11,state12,state13,state14,state15,state16,
0,-0.0372686,0.00931919,0.136515,0.0832234,-0.995904,-0.0581966,0.0630394,-0.0518677,-0.0133034,-0.010785,0.0615661,0.0236643,-0.0997345,-0.0495433,0.0991976,0.0146351,0.0922247,0.0411597,0.047769,0.0452996,0.0132324,0.0242512,0.0549715,
1,-0.0132769,0.0803645,0.0991146,0.282269,-0.98326,-0.0175728,0.0436177,-0.03223,-0.0246165,-0.00384098,0.066747,0.0841175,-0.368377,-0.0149752,0.0849025,-0.615293,0.496697,-0.28197,0.146085,0.0918724,1.13902,-6.69889,0.742924,
2,0.109948,-0.0466856,0.185585,-0.193686,-1,-0.00409134,-0.0017914,-0.0185889,-0.01941,0.0319031,0.0518784,0.157744,-0.607431,-0.0034869,0.180956,-1.06804,0.115881,0.353631,0.812533,-0.354673,1.28814,-2.68728,-0.160951,
3,-0.0438292,-0.253513,0.367881,-0.684495,-0.293602,-0.0049977,-0.060478,-0.010283,0.0291975,-0.0126853,0.0754213,0.00346107,-0.557259,-0.00425935,-0.0710877,-1.32184,0.181324,1.07422,-1.26753,0.738966,-4.70949,2.38768,0.0596702,
4,-0.0808412,0.257175,0.0395131,0.770865,-0.851805,-0.0129005,-0.109259,0.0663481,-0.0187001,-0.0234246,0.0478745,-0.434379,-0.20794,-0.0109941,-0.0658226,-0.933519,2.21122,-1.20438,-1.06989,0.282891,-8.78527,7.32201,-0.123538,
5,0.400363,0.0607171,0.244298,-0.449495,-1,-0.123993,-0.181543,0.118206,-0.0129026,0.12089,0.012772,-0.102498,-0.439388,-0.10514,1.09376,-1.66036,0.315679,0.637281,3.94653,-0.54897,11.3125,-13.8159,-6.76389,
6,0.409972,-0.5055,0.988218,-0.987988,0.280364,-0.359965,-0.249933,0.177241,0.111209,0.124069,0.0297746,0.0367646,-0.749711,-0.294799,0.647319,-1.15342,1.2261,2.96787,-1.69307,1.33386,-2.21034,-4.04184,-3.28656,
7,-0.350347,-0.431312,0.620509,-0.88384,0.970918,-0.658678,-0.253324,0.218588,0.223544,-0.104675,0.382956,-0.485911,-0.583018,-0.502456,-0.377493,0.473602,0.23024,1.70578,-5.00218,8.23234,-11.7772,6.8785,-1.20467,
8,-0.27859,0.549716,0.00444823,-1,-0.783512,-0.586719,-0.216934,0.197138,0.0993355,-0.0822219,0.537317,-0.932418,0.106395,-0.455635,-0.832824,0.835162,-0.915899,-3.38902,2.65097,0.348401,-5.55616,14.2371,2.33946,
9,0.764781,0.63461,0.0037874,-1,-1,-0.303585,-0.207482,0.135519,-0.10146,0.270017,0.127527,-0.812564,0.0114076,-0.251339,-0.33336,-0.0908405,-1.17516,-3.54985,6.3399,-9.80686,5.67921,-9.14201,4.03363,
10,0.841033,-0.918365,1,-1,-1,-0.0870413,-0.221197,0.0882071,0.115461,0.317895,-0.184698,-0.523178,-0.509315,-0.0739964,0.424405,-0.447353,-0.863358,7.25064,-1.04108,-2.39448,3.95558,-8.33682,2.49961,
11,-0.627102,-0.865643,1,-0.99995,0.986332,-0.00622834,-0.225382,0.122483,0.501073,-0.204175,0.266109,-0.559513,-0.68532,-0.00530816,0.481053,-0.00484813,1.33215,6.14747,-11.5977,12.0552,-3.24027,-0.345659,0.494595,
12,-0.81846,0.968123,8.47569e-06,1,0.945139,-0.0813586,-0.209231,0.224529,0.211355,-0.302383,0.745325,-0.914297,0.0542718,-0.0691872,-0.775754,0.327638,2.20589,-9.65209,1.88565,5.95447,-6.75454,19.2119,-1.43376,
13,0.980357,0.964015,2.74219e-05,-1,-1,-0.602333,-0.204038,0.0520115,-0.314599,0.495536,0.270915,-0.412018,-0.00921439,-0.465936,0.319919,-0.129731,-5.59352,-8.47795,15.5965,-13.7379,19.6256,-1.89499,-6.68404,
14,0.998034,-0.988995,1,-1,-1,-0.599572,-0.192566,-0.0971584,0.0154322,0.605721,-0.301135,0.06789,-0.172408,-0.464121,0.915921,0.506873,-1.66554,12.1155,-1.91641,-7.48939,2.25253,-3.36532,3.36728,
15,-0.415864,-0.926162,1,-0.999998,0.990411,-0.294699,-0.124099,-0.0261994,0.531223,-0.126029,-0.00837595,-0.271841,-0.350685,-0.244368,0.88055,1.36736,2.41686,7.85551,-19.243,14.4071,-11.2019,-3.4343,4.13786,
16,-0.980344,0.9703,1.12207e-05,1,0.977067,-0.159499,-0.0597833,0.130442,0.293313,-0.495496,0.664196,-1.00405,0.124862,-0.134807,-0.245737,1.05464,2.9958,-9.37154,-1.04541,9.28502,-12.1617,13.2324,0.986197,
17,0.934218,0.994912,1.00748e-06,-1,-1,-0.193989,-0.048769,0.0459864,-0.344305,0.406011,0.297534,-0.358417,0.339044,-0.163318,1.53855,-0.383304,-3.16147,-11.7818,19.0603,-12.532,23.0742,1.35208,-0.767562,
18,0.993024,-0.984767,1,-1,-1,-0.159455,-0.0509583,0.0429806,-0.103834,0.552626,-0.249244,0.260809,0.0153341,-0.13477,1.83144,0.208458,1.08458,12.1561,-3.70622,-6.39864,4.4177,-7.20289,2.41128,
19,-0.916164,-0.968067,1,-1,0.990994,0.0464649,-0.0289314,0.147622,0.531101,-0.384089,0.23656,-0.0739333,-0.270103,0.0395721,0.983507,0.125483,2.00356,9.81969,-19.7269,14.869,-12.6467,-4.76963,3.18324,
20,-0.989068,0.993641,2.51199e-07,1,0.926533,0.0790101,-0.0412249,0.278455,0.183452,-0.529653,0.77948,-0.989217,0.160291,0.0671985,-0.735791,-0.675683,2.69959,-13.1708,4.49147,5.12087,-16.2568,12.3733,-0.953709,
21,0.969231,0.991086,2.68007e-06,-1,-1,-0.316133,-0.119296,0.131874,-0.501439,0.465675,0.23958,-0.505522,0.0807588,-0.261127,1.23382,-1.89183,-5.51712,-10.8034,19.0244,-14.6041,20.6789,-6.72911,-8.66394,
22,0.99397,-0.996963,1,-1,-1,-0.540637,-0.182707,0.00269881,-0.0771761,0.559562,-0.300641,0.0225178,-0.30682,-0.424706,2.02372,-1.07932,-1.58508,15.8529,-4.40299,-5.03663,3.14087,-5.66577,0.831374,
23,-0.349178,-0.930168,1,-1,0.98053,-0.363176,-0.196549,0.0633385,0.576295,-0.104302,-0.0418602,-0.310542,-0.471638,-0.297234,2.17991,0.0155525,2.74303,9.05474,-14.2396,10.0857,-11.4304,-2.04701,2.97016,
24,-0.964103,0.9776,1.53669e-05,1,0.982726,-0.255597,-0.193198,0.232018,0.372371,-0.454563,0.640729,-1.02908,0.103271,-0.213331,0.891703,-0.0645107,3.32057,-9.05707,-1.99039,10.7136,-11.7515,15.1995,1.03549,
25,0.957423,0.996416,5.00079e-07,-1,-1,-0.547665,-0.208145,0.0836465,-0.284506,0.441705,0.329972,-0.463149,-0.0564767,-0.429477,1.61964,-0.563315,-5.76194,-12.4823,19.2519,-11.9109,20.434,-5.90532,-6.10255,
26,0.999834,-0.989243,1,-1,-1,-0.59051,-0.217788,-0.0806684,-0.0312256,0.675919,-0.20878,0.051844,-0.286968,-0.458144,2.45882,0.19224,-1.77268,13.4395,-0.0787879,-6.32185,2.35473,-3.20497,2.39658,
27,-0.238152,-0.937286,1,-1,0.988752,-0.334676,-0.172348,-0.0306663,0.595011,-0.0699006,0.137163,-0.293062,-0.399837,-0.275471,2.41011,0.891367,2.03184,9.48783,-19.0347,13.2967,-11.2957,-1.82418,3.69614,
28,-0.972737,0.972703,3.07552e-05,0.999999,0.964663,-0.204527,-0.126475,0.12129,0.427341,-0.474077,0.722067,-1.01572,0.137052,-0.17196,1.20211,0.741897,3.08666,-8.36323,-2.10442,7.45642,-12.0425,14.058,1.12857,
29,0.944009,0.998452,1.31524e-07,-1,-1,-0.362305,-0.124329,0.0440998,-0.241421,0.419749,0.290772,-0.398127,0.216599,-0.296574,2.22692,-0.365697,-3.79369,-13.8179,19.8446,-13.1394,18.5668,-11.8881,-11.5868,
30,0.997929,-0.95768,1,-1,-1,-0.636634,-0.127117,-0.0428251,-0.0984789,0.603824,-0.258398,0.0704816,-0.309006,-0.488282,2.95183,0.212116,-0.795607,10.8176,-3.2065,-6.32811,1.56905,-7.74615,0.726401,
31,-0.737215,-0.854619,1,-0.999998,0.950985,-0.442518,-0.0978532,-0.00291373,0.502857,-0.255232,0.14387,-0.337904,-0.502821,-0.355938,3.01909,0.878282,2.27078,8.05761,-12.9068,6.30905,-12.5889,-2.0057,3.12523,
32,-0.923839,0.993027,2.3091e-06,1,0.965754,-0.309814,-0.0633907,0.129524,0.208708,-0.392955,0.615541,-1.06289,0.0856843,-0.256205,1.70625,0.499883,2.48281,-10.9524,1.84023,7.5764,-11.1436,15.4648,1.38039,
33,0.963114,0.995646,4.7877e-06,-1,-1,-0.27745,-0.0751034,0.0129769,-0.384046,0.452556,0.257281,-0.297716,0.383821,-0.230749,3.83946,-0.84548,-3.37562,-10.2232,16.6806,-11.6744,24.2893,2.99525,0.669814,
34,0.989611,-0.979021,1,-1,-1,-0.348094,-0.0864016,-0.0367828,-0.070836,0.532386,-0.243639,0.268034,-0.0472538,-0.285761,3.81959,0.00199563,-0.0386011,13.0916,-4.2725,-5.64899,3.05501,-7.52996,2.62705,
35,-0.912472,-0.922926,1,-1,0.990897,-0.10342,-0.0787488,0.012961,0.56277,-0.380028,0.255204,-0.142094,-0.31748,-0.08783,2.90315,-0.236622,1.10425,9.42798,-18.8819,14.7886,-13.9859,-4.11419,3.79241,
36,-0.927463,0.996325,5.15902e-07,1,0.931424,-0.0227532,-0.105044,0.136173,0.22956,-0.397362,0.81772,-1.06465,0.142808,-0.0193885,1.59108,-0.79079,2.86998,-12.4511,5.54941,5.30704,-15.6651,12.7946,-0.106946,
37,0.990675,0.995162,4.23136e-06,-1,-1,-0.297335,-0.169556,0.00658661,-0.369266,0.538071,0.266922,-0.363231,0.133303,-0.246439,3.41049,-1.5364,-4.60691,-10.3468,17.603,-14.9123,19.3613,-12.3004,-13.2908,
38,0.999615,-0.985116,1,-1,-1,-0.655718,-0.214356,-0.091474,-0.0129661,0.655772,-0.313379,0.0676371,-0.354278,-0.500561,4.05372,-0.390307,-0.496777,14.0418,0.112129,-7.77173,0.321692,-6.88936,-0.0990206,
39,-0.263193,-0.867914,1,-1,0.990862,-0.50121,-0.19733,0.0104617,0.606611,-0.0775061,0.0475928,-0.385657,-0.526345,-0.39757,4.08341,0.306376,2.8433,9.16156,-19.2516,14.7599,-13.0622,-1.48049,2.89029,
40,-0.967539,0.985322,2.94041e-05,0.999999,0.975554,-0.366347,-0.184365,0.171593,0.440525,-0.461868,0.769737,-1.09417,0.094402,-0.299633,2.80706,0.15386,3.05711,-8.40816,-0.714853,8.98957,-10.6344,16.0779,1.51636,
41,0.97068,0.9989,1.91582e-07,-1,-1,-0.719378,-0.195887,0.0618621,-0.224114,0.469059,0.331913,-0.408179,0.0631317,-0.540922,3.58757,-0.5594,-4.38841,-13.4417,19.5087,-13.9765,22.3549,-5.39464,-6.83078,
42,0.998901,-0.935054,1,-1,-1,-0.562861,-0.209837,-0.0602795,-0.0707447,0.62552,-0.261015,0.105365,-0.306801,-0.439724,4.14462,-0.0284185,-1.4643,10.8409,-3.90472,-7.0069,2.04974,-4.58007,3.66163,
43,-0.326777,-0.893518,1,-1,0.989481,-0.272409,-0.164454,0.016462,0.521245,-0.0972053,0.0560484,-0.287607,-0.428012,-0.226748,4.23245,0.892226,2.41599,9.78533,-18.577,13.7526,-12.2764,-1.34639,3.8471,
44,-0.97407,0.981837,5.31965e-05,0.999997,0.975092,-0.152334,-0.13141,0.155454,0.386829,-0.477481,0.739987,-1.02951,0.145378,-0.128844,2.95648,0.437571,2.73116,-7.8153,-0.559432,8.90475,-12.0509,14.6213,0.868253,
45,0.967929,0.998595,4.61656e-07,-1,-1,-0.421074,-0.139696,0.0491832,-0.233702,0.462734,0.32174,-0.393224,0.14751,-0.340348,4.0039,-0.511662,-4.19283,-12.5622,19.9663,-13.4258,20.2814,-8.19305,-8.97155,
46,0.999234,-0.931579,1,-1,-1,-0.567025,-0.151722,-0.0416881,-0.0469859,0.63665,-0.249863,0.127238,-0.22699,-0.442516,4.59041,-0.00506264,-0.774844,11.0911,-3.59957,-6.72035,2.43203,-5.63592,1.85578,
47,-0.67078,-0.802701,1,-0.999999,0.978227,-0.325944,-0.13438,0.00396756,0.532325,-0.223176,0.17553,-0.25403,-0.40094,-0.268734,4.49636,0.563282,2.39895,8.54777,-11.9823,9.53191,-12.4471,-2.64803,3.60953,
48,-0.889619,0.995635,2.75974e-06,1,0.957526,-0.199583,-0.11452,0.159671,0.251731,-0.357232,0.679337,-1.04165,0.122153,-0.16791,3.16583,0.209626,3.17526,-10.7742,1.61514,6.78882,-12.9517,13.9545,1.04055,
49,0.975059,0.997218,3.52973e-06,-1,-1,-0.456093,-0.13144,0.0556772,-0.33665,0.480091,0.262682,-0.367335,0.12245,-0.365702,4.65833,-0.617454,-4.1345,-10.5281,16.9733,-12.5805,21.3641,-7.59186,-8.59035,
50,0.994664,-0.957099,1,-1,-1,-0.576407,-0.145029,-0.0177599,-0.0436877,0.565195,-0.254063,0.161106,-0.203314,-0.448784,5.08889,-0.0913557,-0.55417,12.5516,-4.17683,-5.65059,2.3549,-4.71474,2.19491,
51,-0.785055,-0.794369,1,-0.999999,0.982801,-0.312615,-0.137651,0.0279003,0.560709,-0.281613,0.209315,-0.230842,-0.361062,-0.258389,4.73924,0.226215,2.16535,8.64776,-12.3975,10.737,-12.7668,-2.67509,3.89605,
52,-0.885617,0.997738,7.49227e-07,1,0.948252,-0.176146,-0.135592,0.179671,0.22756,-0.353587,0.709904,-1.04961,0.139867,-0.148609,3.32934,-0.17392,3.14454,-12.078,3.02889,6.13587,-13.5341,13.3172,1.08165,
53,0.980065,0.997323,3.25314e-06,-1,-1,-0.488162,-0.16656,0.0546428,-0.381266,0.494609,0.255247,-0.328873,0.0479232,-0.388444,4.66163,-0.724445,-4.89327,-10.6097,16.5328,-13.1774,23.0635,-10.1942,-10.323,
54,0.991732,-0.970088,1,-1,-1,-0.645826,-0.179184,-0.0586573,-0.0591679,0.544229,-0.270968,0.195199,-0.278689,-0.494208,5.00387,-0.0109909,-1.48685,13.2841,-4.61938,-5.54635,1.29509,-3.65302,2.5073,
55,-0.580106,-0.864258,1,-1,0.990382,-0.363781,-0.143248,-0.00159405,0.570346,-0.185102,0.107539,-0.265228,-0.378374,-0.297691,4.71348,0.582726,1.96126,9.61779,-17.6289,14.3854,-13.8032,-1.37796,4.03912,
56,-0.950511,0.995199,4.05855e-06,1,0.967241,-0.208232,-0.125462,0.139947,0.33297,-0.429853,0.770298,-1.0812,0.162012,-0.174991,3.38027,0.135724,2.89903,-10.3885,1.17513,7.74932,-13.0094,13.651,1.38641,
57,0.973658,0.99876,6.46115e-07,-1,-1,-0.366757,-0.148528,0.0243327,-0.299903,0.476416,0.301335,-0.350452,0.194077,-0.299943,4.74235,-0.777046,-4.49965,-12.2261,18.7176,-14.1262,20.7381,-12.0468,-11.4635,
58,0.99746,-0.944809,1,-1,-1,-0.626885,-0.166052,-0.0829104,-0.0635232,0.59618,-0.272846,0.144053,-0.289638,-0.481968,5.24245,-0.0785277,-1.27318,12.114,-4.10651,-6.36591,1.29779,-6.68019,0.944857,
59,-0.379852,-0.850928,1,-1,0.987182,-0.420431,-0.134053,-0.0229567,0.551774,-0.114176,0.0799161,-0.309601,-0.465636,-0.339877,5.22835,0.729275,2.38149,9.82245,-15.4592,12.4513,-13.6984,-1.9191,3.33255,
60,-0.95446,0.991998,2.03427e-05,0.999999,0.970964,-0.283121,-0.106788,0.120886,0.375439,-0.436467,0.705096,-1.08445,0.116399,-0.23524,3.97577,0.366074,2.7751,-8.77657,-0.688066,8.239,-11.9672,15.1304,1.36838,
61,0.963634,0.999156,4.14034e-07,-1,-1,-0.392465,-0.118418,0.012146,-0.248014,0.453607,0.301339,-0.348226,0.252854,-0.319229,5.22369,-0.632151,-4.14318,-12.6711,19.0637,-12.8702,21.3288,-8.96223,-9.35319,
62,0.997721,-0.892883,1,-1,-1,-0.535264,-0.13529,-0.0722185,-0.0709363,0.600278,-0.250309,0.200197,-0.173099,-0.421046,5.6718,-0.0743188,-0.683908,10.96,-3.79741,-6.49447,2.55341,-6.53598,2.04294,
63,-0.546467,-0.81681,1,-1,0.984742,-0.286773,-0.114132,-0.0114928,0.520334,-0.17216,0.14644,-0.21258,-0.381465,-0.238125,5.47122,0.518481,2.41904,9.53184,-13.5948,11.4052,-13.4978,-3.06917,3.75673,
64,-0.922451,0.994895,9.11002e-06,1,0.96134,-0.163508,-0.101016,0.143407,0.305596,-0.391306,0.702493,-1.05289,0.130152,-0.138137,4.19658,0.0373341,3.16864,-9.57992,0.655115,7.1227,-13.8392,13.7611,0.898679,
65,0.97374,0.998623,1.48907e-06,-1,-1,-0.348147,-0.126287,0.0440527,-0.280252,0.476628,0.278973,-0.344742,0.183546,-0.285801,5.4757,-0.682219,-4.27558,-11.3911,18.2602,-12.7992,21.596,-11.7145,-11.5396,
66,0.997775,-0.919088,1,-1,-1,-0.605874,-0.142462,-0.0488226,-0.0411283,0.601179,-0.251386,0.172627,-0.271527,-0.468261,5.87958,-0.0711116,-0.989407,11.7748,-3.88424,-5.95337,1.55657,-6.13413,0.985643,
67,-0.589543,-0.832387,1,-1,0.988473,-0.39258,-0.126786,-0.0114327,0.567187,-0.188833,0.200473,-0.276687,-0.42968,-0.319315,5.61616,0.287542,1.77859,9.8644,-14.3129,13.1342,-13.7813,-1.83407,3.4811,
68,-0.926505,0.996717,3.64854e-06,1,0.947308,-0.252399,-0.122306,0.118492,0.321655,-0.396182,0.74774,-1.08718,0.135274,-0.210767,4.2595,-0.101503,2.65932,-10.495,1.13893,6.07921,-12.7641,14.5527,1.34272,
69,0.987641,0.998656,1.57053e-06,-1,-1,-0.399179,-0.14944,0.00481171,-0.268802,0.522924,0.306654,-0.343371,0.199057,-0.324218,5.60474,-0.708117,-4.39326,-11.3379,18.345,-13.5423,21.8256,-12.0391,-11.2368,
70,0.998965,-0.919368,1,-1,-1,-0.643165,-0.165764,-0.0912457,-0.0197699,0.627441,-0.255341,0.180464,-0.271948,-0.492495,5.96377,-0.0772623,-1.04771,11.8522,-4.47946,-6.37395,1.5816,-6.36999,1.19992,
71,-0.367223,-0.803107,1,-1,0.989153,-0.417828,-0.139283,-0.0308399,0.583091,-0.110088,0.155082,-0.277049,-0.440556,-0.33797,5.77519,0.538671,2.29603,9.60858,-15.9628,13.5421,-14.0647,-1.93276,3.54399,
72,-0.947976,0.994757,1.25579e-05,1,0.956497,-0.270411,-0.122316,0.115896,0.382505,-0.425806,0.737997,-1.08585,0.129552,-0.225158,4.5143,0.140527,2.87338,-9.25894,-0.35971,6.70624,-12.6199,14.7651,1.44601,
73,0.966249,0.999358,3.31915e-07,-1,-1,-0.402876,-0.142796,0.0047663,-0.251329,0.459063,0.281997,-0.345879,0.215333,-0.326957,5.67848,-0.703224,-4.46876,-12.8922,18.8869,-13.3698,21.6557,-11.3541,-10.8509,
74,0.997395,-0.877686,1,-1,-1,-0.62399,-0.161427,-0.104383,-0.0770016,0.595207,-0.264821,0.18852,-0.246086,-0.480088,6.12613,-0.0864657,-1.27049,11.0274,-3.89809,-6.14614,1.87962,-6.41628,1.41518,
75,-0.386818,-0.858821,1,-1,0.991074,-0.39122,-0.129171,-0.0415392,0.565158,-0.116446,0.176232,-0.262738,-0.426735,-0.318302,5.8532,0.482268,1.9445,10.4665,-17.8848,14.9349,-13.9962,-2.09976,3.65111,
76,-0.954611,0.993389,2.16497e-05,0.999999,0.953752,-0.245878,-0.117835,0.0917385,0.409198,-0.436727,0.793402,-1.08227,0.133675,-0.205528,4.55877,0.0328296,2.75406,-8.7143,0.0791749,6.49964,-13.0383,14.5592,1.36653,
77,0.970098,0.999412,4.28778e-07,-1,-1,-0.247909,-0.144377,-0.0065351,-0.21445,0.467685,0.293272,-0.32703,0.335556,-0.207161,6.22378,-1.13582,-3.07078,-12.6361,18.4664,-14.3243,24.0571,1.64973,0.016905,
78,0.998407,-0.842184,1,-1,-1,-0.456391,-0.161919,-0.108472,-0.0663087,0.613181,-0.274637,0.277529,-0.18316,-0.365915,6.04747,-0.0382885,-1.08685,10.3638,-4.00671,-6.30135,2.69704,-7.24546,1.34905,
79,-0.366608,-0.841265,1,-1,0.990805,-0.248427,-0.127065,-0.0449171,0.548525,-0.109889,0.180961,-0.185604,-0.386695,-0.207577,5.69163,0.587371,2.06733,10.0562,-16.9951,14.7144,-14.8783,-2.51498,3.49083,
80,-0.953279,0.992452,2.76124e-05,0.999999,0.949615,-0.141598,-0.114275,0.0983228,0.392499,-0.434446,0.778097,-1.0758,0.149471,-0.119885,4.50093,-0.00208265,2.97821,-8.47102,-0.354386,6.22046,-14.4668,14.0008,0.692805,
81,0.96845,0.999304,6.0547e-07,-1,-1,-0.207073,-0.141913,0.00269724,-0.211593,0.463901,0.284519,-0.332645,0.307648,-0.174043,6.19474,-1.12984,-3.06209,-12.291,18.5507,-14.0058,23.8993,1.12578,-0.957883,
82,0.998649,-0.843355,1,-1,-1,-0.432379,-0.159718,-0.0967613,-0.0571378,0.618772,-0.269379,0.271441,-0.196387,-0.348592,6.01382,-0.0511051,-1.03493,10.3537,-3.81632,-6.11369,2.66146,-6.86326,1.07662,
83,-0.293287,-0.823267,1,-1,0.989113,-0.239692,-0.125465,-0.0328283,0.531429,-0.0867541,0.142386,-0.186751,-0.384729,-0.200543,5.77232,0.719624,2.37375,9.86661,-15.4655,13.5166,-14.7293,-2.39537,3.32919,
84,-0.953319,0.99061,4.99556e-05,0.999997,0.958527,-0.140099,-0.105401,0.118289,0.391091,-0.434514,0.730309,-1.06441,0.151709,-0.118633,4.63852,0.13563,3.05368,-7.87816,-1.16677,6.87201,-14.2511,13.9593,0.627605,
85,0.966714,0.999286,4.50233e-07,-1,-1,-0.326011,-0.124421,0.0188958,-0.206385,0.460067,0.287446,-0.358561,0.196825,-0.268786,5.76742,-0.662205,-4.07553,-12.5873,19.4133,-13.0847,21.301,-10.4888,-10.4662,
86,0.998965,-0.836336,1,-1,-1,-0.532675,-0.144938,-0.0710087,-0.0504964,0.627441,-0.252513,0.175482,-0.236512,-0.419278,6.22028,-0.149981,-0.834998,10.42,-3.55108,-6.16433,2.12672,-6.09952,1.30744,
87,-0.41478,-0.804826,1,-1,0.987569,-0.318942,-0.128729,-0.0189798,0.531862,-0.125668,0.180219,-0.2456,-0.408654,-0.263309,6.07209,0.388563,2.20436,9.87495,-13.2635,12.6445,-13.36,-2.29322,3.44777,
88,-0.914296,0.993935,2.24233e-05,0.999999,0.952157,-0.198995,-0.119415,0.126492,0.360419,-0.382018,0.729396,-1.05601,0.13428,-0.167428,4.82988,0.00148284,3.00822,-8.67919,-0.225796,6.38778,-13.18,14.2163,0.996655,
89,0.97144,0.999123,7.37441e-07,-1,-1,-0.373593,-0.143509,0.0270478,-0.230278,0.470881,0.276682,-0.33608,0.184959,-0.3051,5.81987,-0.552431,-4.48418,-12.0939,18.3809,-13.1229,22.7959,-12.8572,-11.7686,
90,0.997933,-0.859676,1,-1,-1,-0.63899,-0.156937,-0.0843633,-0.0509065,0.603897,-0.257785,0.210489,-0.278979,-0.489803,6.16676,0.012263,-1.38562,10.7397,-3.81387,-5.98273,1.62123,-5.87275,1.03614,
91,-0.319879,-0.827069,1,-1,0.989321,-0.416949,-0.123828,-0.0394192,0.552394,-0.0950377,0.164452,-0.259912,-0.42307,-0.337325,5.98012,0.657889,1.98017,10.0903,-15.2615,13.6486,-14.3412,-1.56414,3.58659,
92,-0.947292,0.9927,3.24268e-05,0.999999,0.954212,-0.264838,-0.103355,0.0935709,0.399475,-0.424739,0.740715,-1.0804,0.147513,-0.220718,4.78448,0.19866,2.67666,-8.31031,-0.911071,6.53299,-12.8911,14.5269,1.5129,
93,0.961859,0.99943,4.75152e-07,-1,-1,-0.255097,-0.123142,-0.0092951,-0.213608,0.450065,0.282042,-0.324918,0.338986,-0.212931,6.42737,-1.01344,-3.20067,-12.5334,18.283,-13.3963,24.0965,1.37748,0.166848,
94,0.99768,-0.8091,1,-1,-1,-0.393412,-0.144929,-0.0967614,-0.0726457,0.599612,-0.262191,0.264142,-0.139254,-0.319934,6.37885,-0.147182,-0.765364,10.1818,-3.76618,-6.15708,2.89462,-7.18239,1.89726,
95,-0.34383,-0.822062,1,-1,0.989391,-0.175935,-0.118852,-0.0262592,0.523017,-0.102599,0.158772,-0.170297,-0.363257,-0.148435,6.08106,0.505753,2.36647,10.1052,-15.2688,13.6935,-14.3176,-3.17339,3.48735,
96,-0.94924,0.992357,3.93024e-05,0.999998,0.954895,-0.0875146,-0.109949,0.125686,0.377966,-0.427807,0.738053,-1.05419,0.144918,-0.0743968,4.89559,-0.0920076,3.11821,-8.11801,-0.762767,6.58341,-14.6376,13.6073,0.28901,
97,0.970128,0.999265,5.27293e-07,-1,-1,-0.309784,-0.138235,0.0235945,-0.215618,0.467757,0.283669,-0.343121,0.165875,-0.256182,5.88295,-0.649096,-4.50997,-12.4293,19.3922,-13.1918,22.8158,-12.2269,-11.5549,
98,0.998923,-0.847342,1,-1,-1,-0.565695,-0.156809,-0.0874049,-0.0491221,0.626175,-0.255903,0.20877,-0.271356,-0.441625,6.25738,-0.0806144,-1.31179,10.6158,-3.69598,-6.09312,1.79755,-5.48442,0.92777,
99,-0.281999,-0.823136,1,-1,0.989571,-0.360414,-0.128625,-0.038936,0.553564,-0.0832705,0.172559,-0.248256,-0.409212,-0.29514,6.06416,0.553233,2.03414,10.1058,-15.6052,13.8121,-14.0995,-1.61475,3.45734,
100,-0.951307,0.992252,3.95443e-05,0.999998,0.951283,-0.226726,-0.11375,0.0964662,0.409445,-0.431155,0.743506,-1.06931,0.152148,-0.190052,4.86659,0.0749097,2.73291,-8.11187,-1.14562,6.32877,-13.0666,14.3071,1.25211,
101,0.960404,0.999481,4.00089e-07,-1,-1,-0.239001,-0.140272,-0.0014389,-0.207029,0.447248,0.279718,-0.327811,0.331262,-0.199985,6.46658,-1.14606,-3.12512,-12.7054,18.4597,-13.4126,23.88,1.15628,-0.172894,
102,0.997976,-0.808241,1,-1,-1,-0.427759,-0.15827,-0.10923,-0.0736363,0.604674,-0.262242,0.292605,-0.175104,-0.34523,6.26759,-0.0424151,-1.20199,10.0791,-3.71273,-6.12324,2.88272,-6.95531,1.48847,
103,-0.338443,-0.84223,1,-1,0.990792,-0.217839,-0.123801,-0.0529353,0.543993,-0.10089,0.19965,-0.167965,-0.36994,-0.182828,5.8784,0.571893,1.92212,10.2249,-16.4133,14.7039,-14.8902,-2.46139,3.5145,
104,-0.948358,0.991462,4.35618e-05,0.999998,0.952282,-0.116138,-0.112609,0.0867138,0.401906,-0.426406,0.782352,-1.06816,0.1593,-0.098541,4.72558,-0.0399746,2.97831,-8.01511,-0.0301528,6.39629,-14.7587,13.7294,0.560491,
105,0.973654,0.999304,6.99911e-07,-1,-1,-0.196485,-0.139756,-0.0033052,-0.187249,0.476405,0.291646,-0.339364,0.29845,-0.165368,6.37025,-1.07963,-2.90625,-12.1461,18.5681,-13.9994,23.6109,0.804218,-1.22746,
106,0.999183,-0.810263,1,-1,-1,-0.411427,-0.157212,-0.0937283,-0.0412437,0.634754,-0.264754,0.268356,-0.195663,-0.333268,6.1807,-0.0615129,-0.840482,10.033,-3.83173,-6.20344,2.79804,-6.69327,1.10566,
107,-0.30971,-0.804051,1,-1,0.989923,-0.221198,-0.127659,-0.0294964,0.535993,-0.0918569,0.1742,-0.179499,-0.378534,-0.185562,5.86926,0.56895,2.24583,9.6979,-15.9037,14.0526,-14.537,-2.33066,3.30316,
108,-0.952726,0.991999,3.71351e-05,0.999998,0.949393,-0.126109,-0.115696,0.115953,0.381407,-0.433513,0.744823,-1.05631,0.157181,-0.106916,4.7052,-0.0431113,2.94467,-8.17473,-0.871172,6.20646,-14.3213,13.9052,0.545823,
109,0.967463,0.999281,4.54368e-07,-1,-1,-0.323611,-0.143273,0.00760922,-0.220653,0.461702,0.277766,-0.345889,0.182512,-0.266929,5.75981,-0.719876,-4.52678,-12.5781,19.3574,-13.328,22.2851,-11.7905,-10.994,
110,0.998675,-0.854448,1,-1,-1,-0.55465,-0.164745,-0.105693,-0.0563983,0.619442,-0.260676,0.198122,-0.260989,-0.434198,6.15522,-0.142145,-1.35056,10.6441,-3.67163,-6.00009,1.84419,-5.80827,1.12431,
111,-0.308856,-0.844777,1,-1,0.990881,-0.345817,-0.137674,-0.0514725,0.570299,-0.0915906,0.202549,-0.254555,-0.415765,-0.28402,5.90128,0.426216,1.92235,10.2824,-16.8821,14.7761,-14.0008,-1.80069,3.4654,
112,-0.944857,0.992139,3.4668e-05,0.999999,0.944089,-0.217686,-0.127679,0.0856595,0.431213,-0.421017,0.79298,-1.07664,0.143337,-0.182704,4.66884,0.01724,2.87862,-8.24347,-0.667926,5.89672,-13.172,14.3574,1.14425,
113,0.974013,0.999429,2.63557e-07,-1,-1,-0.36855,-0.148918,-0.0115053,-0.186763,0.477332,0.293528,-0.358411,0.200649,-0.301298,5.70886,-0.683021,-4.02418,-13.1228,19.1508,-14.1402,21.339,-11.1697,-10.5128,
114,0.998959,-0.811623,1,-1,-1,-0.578064,-0.171273,-0.104368,-0.0561755,0.627252,-0.270559,0.177363,-0.249869,-0.449888,6.16565,-0.184863,-0.928756,10.0379,-3.8968,-6.28149,2.08132,-6.21925,1.37166,
115,-0.319348,-0.833036,1,-1,0.991349,-0.356757,-0.147244,-0.0329682,0.55706,-0.0948712,0.198606,-0.255692,-0.423498,-0.292363,5.88825,0.311364,2.05628,10.0983,-17.9773,15.1716,-13.6301,-2.02523,3.54545,
116,-0.938106,0.991144,4.43952e-05,0.999998,0.946519,-0.224732,-0.142284,0.107399,0.430265,-0.411279,0.814498,-1.066,0.134616,-0.188434,4.65143,-0.0700699,2.95992,-7.99616,-0.22222,6.03292,-13.1206,14.4926,1.18751,
117,0.975061,0.999373,2.59994e-07,-1,-1,-0.396581,-0.166334,0.0131062,-0.182837,0.480096,0.29293,-0.34815,0.17694,-0.32229,5.44779,-0.543244,-4.3604,-13.1364,19.1986,-14.4783,22.36,-13.8295,-12.3779,
118,0.999019,-0.827672,1,-1,-1,-0.654619,-0.181468,-0.102254,-0.055288,0.629126,-0.276278,0.188427,-0.316403,-0.499856,5.86989,-0.00917241,-1.47369,10.0076,-3.89904,-6.25109,1.44651,-6.20842,2.03787,
119,-0.227107,-0.849832,1,-1,0.991308,-0.400833,-0.142626,-0.0454273,0.560073,-0.0665692,0.176276,-0.285673,-0.455469,-0.325444,5.69668,0.652259,1.90551,10.1918,-17.8404,15.1363,-14.2242,-1.07386,3.70081,
120,-0.951497,0.987239,8.97738e-05,0.999993,0.955533,-0.252408,-0.121773,0.0816099,0.454974,-0.431468,0.800006,-1.08175,0.143878,-0.210774,4.53212,0.241974,2.61309,-7.292,-0.756952,6.63149,-12.4263,15.0568,1.42782,
121,0.967898,0.999471,2.84294e-07,-1,-1,-0.246974,-0.135934,-0.00804789,-0.157335,0.462665,0.301413,-0.334926,0.349507,-0.206409,6.00293,-0.886018,-2.81093,-13.047,18.6345,-14.3084,23.8209,1.3553,0.100108,
122,0.999,-0.766747,1,-1,-1,-0.431126,-0.151642,-0.0921348,-0.0609473,0.628542,-0.269679,0.248123,-0.172797,-0.347681,5.94992,-0.0294422,-0.715387,9.33792,-3.74373,-6.45371,2.75751,-7.6821,1.47866,
123,-0.372908,-0.830065,1,-1,0.990244,-0.224729,-0.123698,-0.0300586,0.510975,-0.111924,0.176342,-0.191541,-0.392785,-0.188431,5.64644,0.475646,2.01678,9.85655,-16.0992,14.2832,-14.3149,-2.75256,3.41404,
124,-0.93742,0.989743,5.41316e-05,0.999997,0.955291,-0.127871,-0.116358,0.104193,0.374949,-0.410332,0.774033,-1.05733,0.141871,-0.108394,4.50092,-0.0987455,2.81488,-7.79787,0.0480732,6.61315,-14.1808,14.1021,0.530049,
125,0.97662,0.999,8.11221e-07,-1,-1,-0.324593,-0.143853,-0.00185105,-0.197692,0.484366,0.293384,-0.357335,0.189554,-0.267689,5.58919,-0.734642,-4.25303,-11.9985,19.0398,-13.8032,21.4089,-11.1595,-10.9375,
126,0.999275,-0.85028,1,-1,-1,-0.554971,-0.167613,-0.10283,-0.0260894,0.638301,-0.260244,0.171113,-0.257465,-0.434415,5.98282,-0.227011,-1.10566,10.4351,-3.73401,-6.15924,1.89794,-6.16016,1.10537,
127,-0.182731,-0.804445,1,-1,0.989082,-0.349716,-0.144374,-0.0374018,0.554338,-0.0533106,0.15024,-0.264193,-0.428917,-0.286999,5.89186,0.525167,2.46407,9.72143,-15.3484,13.4975,-13.6226,-2.13518,3.36248,
128,-0.948662,0.988928,7.79472e-05,0.999994,0.956463,-0.226487,-0.128348,0.111773,0.430748,-0.426888,0.730157,-1.06009,0.130304,-0.189858,4.73917,0.123616,2.93865,-7.43326,-1.78057,6.70356,-12.6834,14.5973,1.111,
129,0.962329,0.999446,2.19426e-07,-1,-1,-0.386414,-0.1468,0.0175797,-0.184995,0.450991,0.28687,-0.351224,0.200133,-0.314716,5.56837,-0.539418,-4.26374,-13.306,19.4671,-13.0306,21.8365,-12.4126,-11.5029,
130,0.998758,-0.811171,1,-1,-1,-0.641589,-0.16243,-0.0911752,-0.0673178,0.621575,-0.253566,0.186346,-0.27497,-0.49148,6.02047,-0.0242898,-1.27598,9.91224,-3.5062,-6.24085,1.78852,-6.32159,1.10574,
131,-0.213411,-0.84342,1,-1,0.988887,-0.419381,-0.128822,-0.0379885,0.528152,-0.0624568,0.149808,-0.265728,-0.436204,-0.339108,5.93722,0.696733,2.12745,10.2914,-15.1192,13.3777,-13.9188,-1.76507,3.53845,
132,-0.953229,0.987502,0.000105646,0.999991,0.957386,-0.270562,-0.105939,0.0950064,0.428137,-0.434361,0.729807,-1.06462,0.137831,-0.225279,4.78465,0.255132,2.65375,-7.1292,-1.81784,6.77738,-12.6424,14.7746,1.48812,
133,0.957508,0.999467,3.60467e-07,-1,-1,-0.257485,-0.1229,0.00186447,-0.176238,0.441858,0.287632,-0.332898,0.345782,-0.214843,6.27408,-0.958681,-2.97278,-12.8096,18.7124,-13.1063,23.625,1.45868,0.210894,
134,0.998584,-0.766706,1,-1,-1,-0.407814,-0.142089,-0.0842182,-0.067131,0.617203,-0.252993,0.255839,-0.150278,-0.330605,6.22555,-0.0964407,-0.726966,9.56505,-3.46734,-6.26079,2.91339,-7.43561,1.78713,
135,-0.358238,-0.79937,1,-1,0.986836,-0.191699,-0.119325,-0.027691,0.498318,-0.107199,0.166795,-0.174093,-0.37208,-0.161435,6.01998,0.55462,2.33167,9.76506,-12.5172,12.2856,-14.1729,-3.07368,3.46121,
136,-0.909102,0.990822,5.91297e-05,0.999996,0.955204,-0.100957,-0.105801,0.124882,0.362657,-0.376423,0.716939,-1.04828,0.1412,-0.0857524,4.90348,0.0391573,3.19988,-7.70956,-0.757716,6.60657,-14.5182,13.7019,0.361216,
137,0.972609,0.998986,1.10368e-06,-1,-1,-0.313859,-0.126037,0.0354817,-0.193182,0.473758,0.281444,-0.350125,0.173095,-0.259358,5.92344,-0.49614,-4.07918,-11.6906,18.5353,-12.7952,22.2329,-11.7527,-11.2689,
138,0.998954,-0.818573,1,-1,-1,-0.557411,-0.14014,-0.055793,-0.0259068,0.627111,-0.2456,0.192979,-0.264081,-0.436059,6.27213,-0.0347707,-0.9387,10.2163,-3.54377,-5.99756,1.90006,-5.68044,1.01316,
139,-0.569157,-0.784213,1,-1,0.988663,-0.347767,-0.125328,-0.026045,0.532178,-0.180831,0.22529,-0.247362,-0.404778,-0.28551,6.06676,0.355193,1.82056,9.626,-10.9032,13.2446,-13.6106,-1.76457,3.4629,
140,-0.853571,0.996011,8.70765e-06,1,0.939569,-0.217988,-0.117537,0.110856,0.317499,-0.327159,0.755153,-1.06802,0.146319,-0.18295,4.79633,-0.00651202,2.96007,-9.62509,1.06991,5.66532,-13.2894,14.1136,1.16401,
141,0.977734,0.998638,2.32815e-06,-1,-1,-0.37248,-0.140125,0.00880945,-0.244575,0.487549,0.266275,-0.336111,0.191171,-0.304262,6.04634,-0.578005,-4.28563,-10.9442,17.0313,-13.6643,22.4683,-11.9264,-10.8399,
142,0.996909,-0.863226,1,-1,-1,-0.593813,-0.155195,-0.0899434,-0.0300944,0.588481,-0.267648,0.206145,-0.256517,-0.460326,6.31977,-0.0688504,-1.17055,10.9262,-3.98071,-5.68973,1.77551,-5.85142,1.33886,
143,-0.343136,-0.79515,1,-1,0.989652,-0.367299,-0.127719,-0.0359953,0.562102,-0.102379,0.170417,-0.252211,-0.412502,-0.300353,6.07996,0.54584,2.16154,9.76395,-14.9927,13.8666,-14.1712,-1.90805,3.59959,
144,-0.936257,0.99406,2.22077e-05,0.999999,0.952283,-0.228439,-0.112124,0.106857,0.387106,-0.408745,0.745507,-1.07725,0.143208,-0.191442,4.8735,0.104148,2.87447,-8.68885,-0.5402,6.39642,-13.0742,14.3144,1.27529,
145,0.967976,0.999371,4.30913e-07,-1,-1,-0.360392,-0.13278,0.00121318,-0.225626,0.462837,0.280453,-0.346654,0.21709,-0.295123,6.05099,-0.712269,-4.20005,-12.6311,18.6532,-13.4302,21.9049,-10.0016,-9.60204,
146,0.997738,-0.829917,1,-1,-1,-0.520782,-0.155398,-0.0919263,-0.0656697,0.600566,-0.264,0.206991,-0.20334,-0.411121,6.45891,-0.189937,-0.914612,10.5253,-3.86183,-6.09411,2.38159,-5.96778,1.79808,
147,-0.304557,-0.821236,1,-1,0.989371,-0.287415,-0.132099,-0.0235309,0.538665,-0.0902513,0.155701,-0.219045,-0.385578,-0.238632,6.24722,0.469758,2.39955,10.2313,-15.0504,13.6806,-13.7015,-2.57969,3.64496,
148,-0.946012,0.992448,4.2718e-05,0.999998,0.955998,-0.167042,-0.121168,0.128675,0.399895,-0.422767,0.73835,-1.05351,0.14131,-0.14107,5.02808,-0.00253777,3.10497,-8.03467,-1.01598,6.6673,-13.6701,13.8961,0.906119,
149,0.968212,0.999393,3.42836e-07,-1,-1,-0.355598,-0.144911,0.0323408,-0.207687,0.463365,0.285945,-0.337764,0.171561,-0.291481,5.86828,-0.511607,-4.52148,-12.8598,19.371,-13.1975,23.1644,-13.245,-11.9613,
150,0.998714,-0.831982,1,-1,-1,-0.630753,-0.157361,-0.0828535,-0.0610082,0.620421,-0.257118,0.218574,-0.288194,-0.484476,6.25072,0.0583225,-1.42582,10.3825,-3.72131,-6.19053,1.65602,-5.61111,0.916162,
151,-0.288311,-0.836309,1,-1,0.989628,-0.414312,-0.121987,-0.0415015,0.545098,-0.0852162,0.170804,-0.253364,-0.418155,-0.335389,6.06449,0.684985,1.86997,10.291,-15.4584,13.85,-14.3678,-1.32882,3.56588,
152,-0.952064,0.991736,4.60742e-05,0.999998,0.952073,-0.262157,-0.101164,0.0860626,0.410633,-0.432407,0.744438,-1.07553,0.156008,-0.218578,4.8803,0.194561,2.58579,-7.95904,-1.183,6.38205,-12.9644,14.4846,1.52885,
153,0.960406,0.99948,4.054e-07,-1,-1,-0.253171,-0.121002,-0.0193497,-0.202498,0.447252,0.281314,-0.326723,0.336848,-0.211386,6.48002,-1.00767,-3.26958,-12.6922,18.4886,-13.418,23.9989,1.11777,0.127648,
154,0.9979,-0.785449,1,-1,-1,-0.370107,-0.145969,-0.105283,-0.0737183,0.603319,-0.262498,0.258674,-0.129102,-0.302472,6.47458,-0.215202,-0.71727,9.97678,-3.70622,-6.1498,2.96814,-7.13694,2.04363,
155,-0.277665,-0.818898,1,-1,0.989308,-0.152409,-0.122259,-0.0296518,0.519307,-0.0819377,0.155025,-0.166912,-0.358354,-0.128906,6.20235,0.47864,2.50296,10.163,-14.9576,13.6402,-14.135,-3.34265,3.4497,
156,-0.947631,0.990657,6.91807e-05,0.999995,0.955558,-0.0713766,-0.114102,0.127702,0.398204,-0.425267,0.734894,-1.04631,0.142894,-0.0607292,5.04641,-0.0987429,3.23303,-7.55257,-1.25509,6.63342,-14.6692,13.5163,0.142797,
157,0.96924,0.999333,4.22444e-07,-1,-1,-0.309103,-0.141112,0.0350976,-0.191274,0.465696,0.286405,-0.342503,0.153849,-0.255651,5.87205,-0.538289,-4.43873,-12.651,19.5855,-13.062,23.2002,-13.1233,-12.1594,
158,0.999183,-0.818526,1,-1,-1,-0.594012,-0.156069,-0.0759464,-0.0479773,0.634741,-0.251948,0.214557,-0.29267,-0.460457,6.24122,0.00019041,-1.33006,10.1902,-3.58699,-6.15765,1.69118,-5.3463,0.71101,
159,-0.299898,-0.810179,1,-1,0.98716,-0.391217,-0.128808,-0.0426214,0.531671,-0.0888034,0.17483,-0.249036,-0.411784,-0.3183,6.14538,0.67472,2.05316,10.0027,-12.1158,12.4404,-14.1331,-1.32678,3.43532,
160,-0.902566,0.991061,6.16592e-05,0.999996,0.953862,-0.250415,-0.105035,0.0999787,0.402113,-0.369691,0.724101,-1.06837,0.153607,-0.209175,5.02458,0.308744,3.001,-7.66767,-1.21004,6.50756,-13.1002,14.2589,1.38296,
161,0.964569,0.999311,8.25526e-07,-1,-1,-0.251154,-0.11675,0.0237427,-0.17372,0.455524,0.281381,-0.334172,0.330502,-0.209768,6.59666,-0.820901,-2.56307,-11.981,17.4998,-13.0332,23.6393,1.13635,0.0035416,
162,0.99811,-0.738321,1,-1,-1,-0.416056,-0.127478,-0.0465483,-0.0490632,0.607149,-0.251343,0.268503,-0.164234,-0.33667,6.45181,0.0454312,-0.463284,9.46549,-3.55459,-6.10297,2.96765,-7.05148,1.67127,
163,-0.721025,-0.740897,1,-1,0.990767,-0.198052,-0.110836,-0.0111103,0.490895,-0.246999,0.230661,-0.163949,-0.358261,-0.166654,5.80896,0.0248513,0.945997,8.9596,-17.8004,14.6838,-14.192,-2.33817,3.62761,
164,-0.825276,0.996335,6.19341e-06,1,0.93075,-0.0975775,-0.123202,0.102454,0.284587,-0.306924,0.839316,-1.05442,0.163743,-0.0829004,4.60869,-0.496203,2.66491,-9.96581,3.20073,5.28024,-14.999,13.5731,0.495044,
165,0.989155,0.997616,7.11283e-06,-1,-1,-0.308637,-0.164944,-0.0184201,-0.238604,0.530083,0.278142,-0.332557,0.156816,-0.255287,5.9157,-0.798336,-4.75315,-9.82739,16.7051,-15.0791,23.177,-12.7292,-11.2494,
166,0.999739,-0.959423,1,-1,-1,-0.554924,-0.187493,-0.132741,0.0359445,0.665543,-0.263988,0.209958,-0.288153,-0.434383,6.18249,-0.0170676,-0.915618,13.5788,1.1497,-3.7516,1.34485,-5.67764,0.885093,
167,-0.23766,-0.703319,1,-0.999999,0.990217,-0.357257,-0.162821,-0.0696426,0.642797,-0.0697519,0.243292,-0.271537,-0.427944,-0.292742,5.76265,0.43712,2.3255,8.57765,-18.3143,14.2631,-14.6052,-1.54017,3.35376,
168,-0.920673,0.99471,1.35738e-05,1,0.919988,-0.231501,-0.149883,0.0887619,0.440322,-0.389225,0.798223,-1.09962,0.140405,-0.193922,4.58492,0.0856719,3.17028,-9.18115,-0.24132,4.89858,-12.8807,14.4813,1.1462,
169,0.990368,0.999253,4.17297e-07,-1,-1,-0.403123,-0.159918,0.0168671,-0.156854,0.536384,0.32295,-0.36202,0.167829,-0.327139,5.55595,-0.28309,-3.49179,-12.6632,18.9244,-14.1102,21.6841,-13.7096,-12.2344,
170,0.999784,-0.815458,1,-1,-1,-0.65227,-0.163295,-0.0484174,-0.015064,0.67002,-0.256728,0.163048,-0.327149,-0.498349,5.99221,0.183027,-0.434885,9.94428,-4.37216,-6.68732,1.54964,-6.28903,2.2212,
171,-0.591873,-0.794219,1,-1,0.989339,-0.390418,-0.138945,-7.99987e-06,0.530739,-0.189762,0.211914,-0.283816,-0.455159,-0.317705,5.82154,0.492477,1.98511,9.53954,-12.6593,13.6599,-13.4935,-1.03321,3.69326,
172,-0.890824,0.996063,6.6716e-06,1,0.942723,-0.244889,-0.123842,0.134455,0.304661,-0.358348,0.757116,-1.07168,0.142011,-0.204731,4.5083,0.130796,2.77764,-9.89143,1.33185,5.82394,-12.4639,15.0184,1.38207,
173,0.976379,0.998661,1.74883e-06,-1,-1,-0.390002,-0.143464,0.0228211,-0.278547,0.483694,0.267189,-0.329774,0.210974,-0.317394,5.74603,-0.518667,-4.59798,-11.2303,17.4842,-13.7533,22.5861,-12.6686,-11.449,
174,0.996469,-0.905098,1,-1,-1,-0.638465,-0.151892,-0.0885277,-0.0445732,0.583078,-0.271984,0.208857,-0.267162,-0.489464,6.05952,0.0939878,-1.42239,11.5588,-4.09562,-5.73079,1.55635,-6.28144,1.20466,
175,-0.399109,-0.820189,1,-1,0.989212,-0.40997,-0.115123,-0.0445423,0.564668,-0.120477,0.150121,-0.266367,-0.428267,-0.332195,5.83875,0.740346,1.99983,9.88003,-15.1971,13.5792,-14.479,-1.80418,3.61602,
176,-0.942567,0.994526,1.49467e-05,1,0.958275,-0.259923,-0.0903787,0.0910287,0.375518,-0.417623,0.739138,-1.09228,0.139516,-0.216794,4.61082,0.287169,2.70807,-9.0848,-0.279121,6.85072,-12.871,14.5739,1.45717,
177,0.96455,0.999335,6.31989e-07,-1,-1,-0.25381,-0.1055,-0.0167979,-0.240484,0.455484,0.28453,-0.319724,0.341394,-0.211898,6.36667,-0.919006,-3.29403,-12.2482,17.9784,-13.4651,24.3902,1.69346,0.152403,
178,0.996442,-0.833319,1,-1,-1,-0.307145,-0.129485,-0.0798951,-0.0774472,0.582754,-0.265436,0.285191,-0.059369,-0.254122,6.39557,-0.217648,-0.203729,10.5212,-4.05537,-6.21412,3.52884,-6.56367,2.68307,
179,-0.556936,-0.787847,1,-1,0.986999,-0.0688849,-0.114694,-0.00235292,0.505171,-0.176131,0.162739,-0.110413,-0.297402,-0.058616,6.01873,0.364012,2.64504,9.62791,-13.2004,12.3628,-13.7402,-4.00687,3.63142,
180,-0.910988,0.995647,1.00973e-05,1,0.956553,0.00178669,-0.113237,0.170708,0.295002,-0.378429,0.720693,-1.0243,0.153657,0.00152274,4.74419,-0.258295,3.68011,-9.47703,0.896533,6.71066,-15.8343,12.4845,-0.260051,
181,0.980135,0.998612,1.72013e-06,-1,-1,-0.359817,-0.141167,0.0725083,-0.280636,0.494831,0.277906,-0.321776,0.0140021,-0.294686,5.62958,-0.527967,-4.43595,-11.2469,17.973,-13.0456,24.0725,-10.3641,-10.2742,
182,0.997653,-0.914783,1,-1,-1,-0.564094,-0.151442,-0.0216137,-0.0406101,0.599189,-0.25714,0.229026,-0.270435,-0.440551,5.94217,0.0590303,-1.0118,11.7082,-4.25227,-5.95458,1.46468,-2.60088,1.41083,
183,-0.719088,-0.797528,1,-1,0.987306,-0.328088,-0.133669,0.00541515,0.551622,-0.246034,0.217107,-0.222931,-0.330845,-0.270391,5.6255,0.401988,1.86092,9.41715,-11.6864,12.512,-13.6819,-1.25668,3.80661,
184,-0.871809,0.997621,1.83267e-06,1,0.944223,-0.184346,-0.125442,0.151116,0.268244,-0.341649,0.743378,-1.06451,0.182729,-0.15538,4.27956,-0.0476772,3.15602,-11.1835,2.35593,5.90401,-13.8002,12.7998,1.24919,
185,0.98117,0.99822,2.82103e-06,-1,-1,-0.434082,-0.147433,0.0330243,-0.323475,0.498174,0.262986,-0.322972,0.0769197,-0.34983,5.57093,-0.576138,-4.57062,-10.7522,16.6069,-13.6349,23.7533,-9.17077,-8.37301,
186,0.993826,-0.933088,1,-1,-1,-0.543368,-0.158743,-0.0631017,-0.0504882,0.558454,-0.274381,0.236321,-0.216748,-0.426562,5.84786,0.00439265,-1.07521,12.1797,-4.5767,-5.68235,1.94418,-3.28918,2.28095,
187,-0.542273,-0.810649,1,-1,0.988739,-0.279716,-0.12849,-0.0035675,0.556903,-0.170583,0.136013,-0.204356,-0.325752,-0.232545,5.50374,0.592027,2.28962,9.47896,-15.4412,13.2895,-13.7961,-2.03885,3.99911,
188,-0.943242,0.996261,4.58862e-06,1,0.961363,-0.143341,-0.113541,0.151201,0.312348,-0.418613,0.731967,-1.05584,0.173327,-0.121342,4.19222,0.0264832,3.15793,-10.2657,0.806882,7.12491,-13.9903,12.8319,1.02896,
189,0.971769,0.998906,8.80174e-07,-1,-1,-0.3327,-0.140974,0.0433082,-0.305819,0.471683,0.282489,-0.333317,0.16341,-0.273949,5.44832,-0.680482,-4.65918,-11.9169,18.5921,-13.3876,22.5295,-12.9271,-11.7408,
190,0.997,-0.931726,1,-1,-1,-0.602077,-0.154027,-0.0672368,-0.0639667,0.58968,-0.265017,0.193842,-0.295709,-0.465769,5.8512,0.0332127,-1.36003,12.1369,-4.06288,-6.06506,1.30864,-5.72187,0.839255,
191,-0.484646,-0.846557,1,-1,0.98903,-0.397095,-0.122721,-0.0251711,0.566715,-0.149617,0.146442,-0.27987,-0.431421,-0.322672,5.63388,0.589298,1.8592,10.0889,-15.945,13.4654,-14.245,-1.38207,3.43565,
192,-0.953061,0.995549,7.50219e-06,1,0.959695,-0.256007,-0.105584,0.10358,0.354605,-0.434077,0.739147,-1.09326,0.145954,-0.21366,4.32522,0.124435,2.55999,-9.7741,0.272335,6.97292,-12.631,14.6202,1.38521,
193,0.978107,0.999103,1.03288e-06,-1,-1,-0.253506,-0.127894,-0.00520881,-0.254242,0.488642,0.308993,-0.318763,0.343479,-0.211655,6.16888,-1.03127,-3.21461,-11.7569,18.2783,-13.4943,24.3826,1.5335,0.105531,
194,0.998546,-0.89292,1,-1,-1,-0.420658,-0.145522,-0.0855149,-0.0462967,0.616315,-0.25588,0.257699,-0.154539,-0.340044,6.08733,-0.0692566,-0.628581,11.3038,-4.24912,-6.53074,2.59541,-7.44383,1.66038,
195,-0.497633,-0.791882,1,-1,0.986288,-0.207391,-0.123037,-0.0231861,0.542301,-0.154234,0.158153,-0.187533,-0.378946,-0.174303,5.82648,0.559713,2.53584,9.51609,-13.1204,12.0355,-14.4828,-3.15432,3.43449,
196,-0.908283,0.995362,1.04821e-05,1,0.958377,-0.11529,-0.10786,0.144114,0.330192,-0.375561,0.716033,-1.07436,0.132352,-0.0978275,4.62125,0.0843343,3.46005,-9.43962,0.438214,6.85931,-14.526,13.7046,0.395526,
197,0.976062,0.998863,1.29012e-06,-1,-1,-0.337738,-0.126499,0.0537645,-0.249277,0.482814,0.280385,-0.343421,0.164158,-0.277826,5.80916,-0.47341,-4.16811,-11.5346,18.1841,-12.9456,22.5242,-12.3877,-12.1809,
198,0.998165,-0.883684,1,-1,-1,-0.623111,-0.13534,-0.0354316,-0.0376565,0.608201,-0.252608,0.195813,-0.281501,-0.479517,6.17626,0.0818607,-0.925865,11.1857,-3.91395,-5.99285,1.66012,-5.62929,0.803767,
199,-0.68718,-0.811404,1,-1,0.989083,-0.40949,-0.116705,-0.00922967,0.548874,-0.230694,0.227201,-0.258987,-0.413013,-0.331841,5.88328,0.356496,1.60321,9.80196,-12.319,13.4979,-13.8752,-1.48971,3.54271,
200,-0.884378,0.997415,2.69158e-06,1,0.939304,-0.259653,-0.11003,0.117204,0.289558,-0.352477,0.762214,-1.08316,0.150117,-0.216578,4.52483,-0.0533077,2.70203,-10.7992,2.10857,5.65254,-13.1288,14.2821,1.47865,
201,0.978547,0.99867,2.16188e-06,-1,-1,-0.385107,-0.138329,-0.00564226,-0.301,0.489948,0.263402,-0.333739,0.20912,-0.313739,6.01943,-0.81294,-4.55493,-11.0183,17.015,-13.9213,22.0945,-10.82,-10.0447,
202,0.995257,-0.90954,1,-1,-1,-0.567628,-0.160312,-0.110493,-0.0466053,0.570467,-0.277157,0.203232,-0.22835,-0.44292,6.32896,-0.202711,-1.26714,11.8911,-4.30309,-5.65534,1.88895,-6.04628,1.66039,
203,-0.403289,-0.819899,1,-1,0.991285,-0.334184,-0.133227,-0.0424494,0.590075,-0.121856,0.170554,-0.252014,-0.408128,-0.275092,5.98175,0.402316,2.15801,9.99422,-17.4957,15.1158,-14.1856,-2.31088,3.65516,
204,-0.931553,0.994422,1.72119e-05,1,0.961519,-0.203587,-0.124958,0.10554,0.405482,-0.402527,0.808534,-1.08822,0.13425,-0.171191,4.73185,-0.00925586,3.09793,-8.94369,1.1204,7.13963,-13.3465,14.1344,1.08089,
205,0.982029,0.999293,4.40973e-07,-1,-1,-0.376038,-0.145101,0.0123135,-0.20448,0.50105,0.309536,-0.35246,0.184216,-0.306939,5.76788,-0.551056,-4.07779,-12.6081,18.8422,-14.4828,22.0012,-12.2313,-11.5983,
206,0.999093,-0.842168,1,-1,-1,-0.636253,-0.159565,-0.0786731,-0.0422414,0.631565,-0.27185,0.186775,-0.276001,-0.488035,6.19048,-0.0254516,-0.926352,10.4816,-4.20457,-6.50362,1.84115,-6.02519,1.04892,
207,-0.438638,-0.823183,1,-1,0.990733,-0.415067,-0.13541,-0.0272887,0.553159,-0.13369,0.191033,-0.260345,-0.426921,-0.335944,5.91048,0.378896,1.83664,9.97955,-16.4126,14.6564,-13.8594,-1.62192,3.57578,
208,-0.928009,0.994209,1.73413e-05,1,0.949413,-0.264872,-0.127801,0.103802,0.379927,-0.398039,0.792225,-1.0739,0.142949,-0.220746,4.64166,-0.0316294,2.75496,-8.9362,0.474057,6.20775,-12.9965,14.5715,1.48626,
209,0.975437,0.99922,5.33902e-07,-1,-1,-0.397776,-0.15314,-0.00638335,-0.227208,0.481109,0.286827,-0.344734,0.203849,-0.323178,5.74113,-0.69915,-4.46216,-12.4168,18.5258,-14.2385,21.9982,-11.9451,-10.7926,
210,0.99816,-0.860292,1,-1,-1,-0.618895,-0.173298,-0.117794,-0.0533936,0.6081,-0.27508,0.193551,-0.260456,-0.476773,6.1277,-0.133137,-1.35664,10.7178,-4.03186,-6.12666,1.80489,-6.23809,1.37144,
211,-0.246885,-0.837725,1,-1,0.991231,-0.390852,-0.139015,-0.0489396,0.572396,-0.0725442,0.165458,-0.265243,-0.431004,-0.318028,5.9023,0.57522,2.19168,10.1777,-17.6591,15.0689,-14.1454,-1.93493,3.59473,
212,-0.957519,0.990525,5.34245e-05,0.999997,0.957406,-0.247866,-0.122789,0.0911448,0.441337,-0.441878,0.784482,-1.07939,0.135605,-0.207126,4.69591,0.127807,2.82434,-7.81102,-0.651387,6.77901,-12.8483,14.63,1.35284,
213,0.970084,0.999487,2.26508e-07,-1,-1,-0.34941,-0.140549,-0.00553571,-0.182126,0.467652,0.299415,-0.352346,0.243778,-0.286766,5.81303,-0.711373,-3.77904,-13.2743,19.3877,-14.0185,21.9609,-7.89544,-7.85307,
214,0.998823,-0.784584,1,-1,-1,-0.439907,-0.16711,-0.0749027,-0.0658749,0.623329,-0.268343,0.223556,-0.143763,-0.354051,6.24678,-0.278356,-0.331894,9.77884,-3.92343,-6.44082,3.07319,-5.88547,2.37566,
215,-0.344216,-0.812805,1,-1,0.989681,-0.195586,-0.150163,0.0143143,0.514423,-0.102722,0.156464,-0.170433,-0.344424,-0.16463,5.99085,0.309611,2.64378,9.90876,-15.7919,13.886,-13.2806,-3.15911,3.74867,
216,-0.95399,0.992053,3.76649e-05,0.999998,0.954543,-0.0919923,-0.149066,0.174344,0.366242,-0.435658,0.738716,-1.02213,0.150088,-0.0781826,4.74013,-0.249831,3.25232,-8.16056,-0.697335,6.55725,-14.414,13.3099,0.492358,
217,0.971558,0.999145,4.90539e-07,-1,-1,-0.477924,-0.175386,0.0563416,-0.254656,0.471169,0.282452,-0.363426,-0.0181461,-0.381233,5.39437,-0.712572,-4.68777,-12.5015,18.9524,-13.3099,22.6295,-6.67438,-7.79492,
218,0.998025,-0.895099,1,-1,-1,-0.570489,-0.198331,-0.0563057,-0.0634249,0.605565,-0.262189,0.178343,-0.22318,-0.444835,5.89629,-0.215199,-1.24518,11.1935,-4.0017,-6.11472,2.10002,-2.22776,2.37133,
219,-0.417629,-0.845808,1,-1,0.990983,-0.300728,-0.174296,0.0134138,0.566598,-0.126618,0.176657,-0.221973,-0.320378,-0.249101,5.61029,0.331989,2.16336,10.0579,-18.2905,14.8595,-12.7092,-2.05864,4.05136,
220,-0.956937,0.994113,1.29477e-05,1,0.952407,-0.157493,-0.16946,0.162431,0.385098,-0.440828,0.793308,-1.03277,0.172277,-0.133139,4.2438,-0.132796,3.14037,-9.22838,0.249469,6.40495,-13.637,12.7455,1.1513,
221,0.975846,0.999195,3.06228e-07,-1,-1,-0.505536,-0.191205,0.0413574,-0.268593,0.482221,0.292296,-0.344291,-0.0082872,-0.400579,4.98192,-0.660382,-4.68347,-12.9727,18.7721,-14.3429,22.9868,-6.5872,-7.19019,
222,0.998966,-0.955146,1,-1,-1,-0.587783,-0.207452,-0.0667032,-0.0654041,0.627466,-0.27076,0.194412,-0.223197,-0.45634,5.53815,0.0796758,-0.77314,12.823,-1.06429,-5.25719,1.79502,-2.42747,2.45249,
223,-0.472192,-0.858203,1,-1,0.990328,-0.310187,-0.174604,0.0115651,0.578778,-0.145241,0.17974,-0.22224,-0.321357,-0.256496,5.21909,0.534944,2.41186,9.93274,-18.1799,14.3451,-13.0085,-2.08294,4.10165,
224,-0.967035,0.995142,5.98184e-06,1,0.950069,-0.162957,-0.159918,0.171988,0.361226,-0.460764,0.771802,-1.04471,0.1704,-0.137679,3.81883,0.044849,3.28405,-10.0006,0.32,6.24944,-13.6897,12.7363,1.19921,
225,0.983363,0.998889,5.00893e-07,-1,-1,-0.486444,-0.172576,0.0609601,-0.283837,0.505731,0.308487,-0.340316,0.00753704,-0.387238,4.72534,-0.473635,-4.31741,-12.4807,19.1292,-13.9919,23.267,-6.07124,-6.71127,
226,0.998668,-0.941973,1,-1,-1,-0.605491,-0.178034,-0.0286619,-0.0590848,0.61925,-0.268941,0.186121,-0.241643,-0.46801,5.17744,0.155694,-0.796658,11.9477,-4.60304,-6.53163,1.67675,-2.73417,2.18229,
227,-0.613564,-0.823183,1,-1,0.984708,-0.335147,-0.148064,0.0289286,0.540837,-0.198549,0.134718,-0.231532,-0.334639,-0.275833,4.99421,0.678042,2.4245,9.22306,-14.402,11.3925,-12.9938,-1.9275,4.0041,
228,-0.933721,0.995988,3.43705e-06,1,0.963555,-0.185239,-0.125441,0.187204,0.281118,-0.405354,0.700901,-1.04349,0.165997,-0.156116,3.65499,0.213661,3.21899,-10.5547,1.1792,7.34015,-13.3851,12.898,1.29061,
229,0.97328,0.99837,1.27463e-06,-1,-1,-0.45783,-0.140491,0.0730342,-0.338113,0.47545,0.278153,-0.336306,0.0752528,-0.366945,4.8416,-0.486465,-4.61426,-11.5466,17.9376,-12.9333,22.8425,-9.4606,-9.27033,
230,0.995201,-0.954652,1,-1,-1,-0.61358,-0.144664,-0.0256579,-0.0682283,0.569954,-0.260473,0.200872,-0.244759,-0.473305,5.26371,0.1765,-1.07268,12.572,-4.2975,-6.02089,1.73488,-3.81121,1.9284,
231,-0.769164,-0.807672,1,-1,0.981566,-0.350484,-0.121775,-0.00228319,0.552568,-0.272468,0.194336,-0.233669,-0.352569,-0.287585,4.97977,0.590935,1.93486,9.00867,-11.2929,10.3681,-13.4794,-1.87713,3.94059,
232,-0.869985,0.997522,1.17245e-06,1,0.953874,-0.199635,-0.10338,0.144251,0.243311,-0.340139,0.703002,-1.06631,0.159186,-0.167952,3.62966,0.162124,3.11658,-11.6302,2.69569,6.50838,-13.5844,13.1244,1.32076,
233,0.979352,0.997621,4.23246e-06,-1,-1,-0.354803,-0.123139,0.0400167,-0.340694,0.492387,0.261646,-0.343126,0.187442,-0.290876,5.29308,-0.671172,-4.09167,-10.3465,16.6261,-13.023,20.8921,-11.0153,-10.7648,
234,0.994686,-0.950285,1,-1,-1,-0.579192,-0.135908,-0.0388335,-0.0369567,0.565383,-0.261395,0.154724,-0.26153,-0.450638,5.68306,-0.0520481,-0.784458,12.7124,-4.27716,-5.58275,1.50537,-6.25691,1.20283,
235,-0.753618,-0.784263,1,-1,0.98496,-0.36227,-0.127093,-0.00692101,0.574567,-0.263904,0.215754,-0.285426,-0.428692,-0.296547,5.4194,0.265836,1.94416,9.0921,-11.0748,11.488,-13.5048,-2.14271,3.44784,
236,-0.846779,0.997967,1.07025e-06,1,0.947268,-0.233353,-0.12083,0.13689,0.263488,-0.322078,0.728567,-1.09217,0.122768,-0.195421,4.04376,-0.0182788,3.00578,-11.7214,2.83283,6.07683,-12.7557,14.3689,1.14258,
237,0.980898,0.997984,3.59941e-06,-1,-1,-0.401346,-0.146012,0.0251855,-0.322777,0.497282,0.261044,-0.331261,0.19021,-0.325824,5.53612,-0.656989,-4.51373,-10.5085,16.3886,-13.425,22.1619,-12.5075,-12.0855,
238,0.994281,-0.937156,1,-1,-1,-0.659031,-0.158823,-0.0791945,-0.0393152,0.562023,-0.269047,0.188092,-0.282214,-0.502682,5.84406,-0.023,-1.34688,12.3183,-4.35376,-5.59814,1.32409,-6.23646,1.68863,
239,-0.436679,-0.815884,1,-1,0.988364,-0.411966,-0.12807,-0.0298649,0.573957,-0.133026,0.131196,-0.286159,-0.440689,-0.333664,5.65609,0.648744,2.15705,9.67234,-14.875,13.0721,-14.3083,-1.73033,3.68177,
240,-0.936904,0.995125,9.80321e-06,1,0.962905,-0.261263,-0.105453,0.113061,0.363313,-0.409626,0.72832,-1.09705,0.132607,-0.217864,4.40771,0.267063,2.83066,-9.50658,-0.00796251,7.27434,-12.5366,14.7152,1.44369,
241,0.965218,0.999243,7.30655e-07,-1,-1,-0.253356,-0.123094,0.0112403,-0.255315,0.456877,0.288002,-0.317047,0.349243,-0.211535,6.19831,-0.993841,-3.13935,-12.1031,17.7437,-13.3484,24.4935,1.96224,0.20381,
242,0.996576,-0.872657,1,-1,-1,-0.430889,-0.138693,-0.0743652,-0.073584,0.584339,-0.261759,0.266636,-0.150449,-0.347509,6.11754,-0.0193671,-0.76427,10.9264,-3.97841,-6.25261,2.66563,-7.42454,1.62408,
243,-0.528891,-0.807948,1,-1,0.985914,-0.214672,-0.112971,-0.0198251,0.520512,-0.1656,0.15367,-0.180785,-0.372647,-0.180248,5.85498,0.617325,2.35052,9.73473,-12.7635,11.8739,-14.5566,-3.10124,3.50211,
244,-0.907463,0.995072,1.22884e-05,1,0.959836,-0.117132,-0.0965068,0.138291,0.319426,-0.374703,0.713046,-1.07196,0.137857,-0.0993763,4.65257,0.0992746,3.30781,-9.28063,0.560213,6.98536,-14.6341,13.6325,0.473528,
245,0.976744,0.998768,1.73297e-06,-1,-1,-0.323785,-0.115258,0.042803,-0.248854,0.484715,0.28184,-0.348865,0.178257,-0.267063,5.955,-0.561988,-4.05721,-11.2395,18.0901,-12.9045,21.9317,-10.9538,-11.1431,
246,0.998291,-0.878897,1,-1,-1,-0.559592,-0.12899,-0.0386264,-0.0286944,0.61072,-0.250035,0.186748,-0.247847,-0.437527,6.32391,-0.0396478,-0.736042,11.2139,-3.88585,-5.982,1.93712,-5.74056,1.12262,
247,-0.703813,-0.817958,1,-1,0.990706,-0.343897,-0.118071,-0.00521155,0.554338,-0.238565,0.240483,-0.247393,-0.399709,-0.28255,5.93839,0.113596,1.53359,9.93266,-13.4788,14.6357,-13.543,-1.93139,3.54745,
248,-0.904305,0.997739,2.002e-06,1,0.930931,-0.211092,-0.124808,0.11679,0.286142,-0.37145,0.783251,-1.07425,0.14797,-0.177327,4.52156,-0.348764,2.60063,-11.0951,2.35327,5.28741,-13.3418,14.1057,1.17918,
249,0.997826,0.997516,7.39263e-06,-1,-1,-0.383151,-0.154987,0.0161205,-0.245708,0.602032,0.347177,-0.338502,0.164205,-0.312275,5.854,-0.50553,-4.12006,-9.78881,18.2832,-13.9967,22.8417,-13.6659,-11.8879,
250,0.999905,-0.917859,1,-1,-1,-0.663362,-0.161618,-0.0571691,0.0477757,0.687852,-0.241186,0.192082,-0.315108,-0.505452,6.08207,0.0939025,-0.612125,11.9076,-5.11711,-6.8198,1.28951,-5.90808,0.861075,
251,-0.646351,-0.769614,1,-1,0.990364,-0.446625,-0.143535,-0.0143881,0.599554,-0.21238,0.233347,-0.282921,-0.441695,-0.358901,5.76059,0.360394,2.01347,9.21218,-12.8909,14.3718,-14.2084,-1.23894,3.49608,
252,-0.878222,0.997906,1.5459e-06,1,0.934187,-0.29165,-0.132786,0.133434,0.304672,-0.347078,0.777513,-1.10297,0.140884,-0.24197,4.41144,0.0582895,3.04543,-11.3537,2.05109,5.42116,-12.7531,14.6965,1.57675,
253,0.977815,0.998789,1.41895e-06,-1,-1,-0.432215,-0.154338,0.021851,-0.305702,0.487786,0.261891,-0.326247,0.190942,-0.348473,5.75798,-0.571306,-4.63706,-11.4394,16.9691,-14.204,22.9445,-13.33,-11.9673,
254,0.994255,-0.917416,1,-1,-1,-0.655259,-0.16349,-0.0910454,-0.0616967,0.561807,-0.284902,0.212262,-0.289948,-0.500267,6.07523,0.0908922,-1.50461,11.8897,-4.37466,-5.67151,1.35732,-6.10584,2.63531,
255,-0.479436,-0.846493,1,-1,0.991398,-0.373076,-0.123201,-0.0407668,0.581229,-0.14778,0.167292,-0.276355,-0.434739,-0.30471,5.74397,0.635581,1.75307,10.1788,-17.5245,15.2154,-14.6236,-1.30907,3.94492,
256,-0.931396,0.99472,1.24927e-05,1,0.962401,-0.222254,-0.103844,0.0894791,0.388748,-0.402325,0.813791,-1.1047,0.146101,-0.186421,4.48959,0.217974,2.76064,-9.26414,1.54637,7.22442,-12.9033,14.6052,1.3408,
257,0.980027,0.999214,8.18986e-07,-1,-1,-0.234182,-0.117933,-0.00822016,-0.216898,0.49449,0.309444,-0.325056,0.338603,-0.196092,6.23805,-0.855931,-2.94026,-11.989,17.7828,-14.7354,24.3988,1.56156,-0.146795,
258,0.998433,-0.840403,1,-1,-1,-0.397806,-0.134742,-0.0721932,-0.047541,0.613743,-0.27677,0.247181,-0.143471,-0.3232,6.22123,-0.0788879,-0.309876,10.4806,-4.32247,-6.5136,2.77152,-7.34882,1.64287,
259,-0.583496,-0.802746,1,-1,0.989646,-0.188276,-0.117528,-0.0067293,0.527372,-0.186437,0.186634,-0.180022,-0.369607,-0.158618,5.84444,0.298417,2.19683,9.66131,-14.5728,13.8624,-14.0807,-3.18023,3.42354,
260,-0.9277,0.996261,6.13915e-06,1,0.948812,-0.0995143,-0.118641,0.139982,0.298859,-0.397655,0.751956,-1.06026,0.140244,-0.0845352,4.54448,-0.289987,3.03085,-9.97461,1.26102,6.17023,-14.5448,13.6796,0.328665,
261,0.977117,0.998759,1.44169e-06,-1,-1,-0.332089,-0.157178,0.0222544,-0.291134,0.485773,0.272255,-0.324549,0.153531,-0.273478,5.71201,-0.7574,-5.03341,-11.4235,18.3503,-13.6188,23.6906,-13.6262,-12.6781,
262,0.99751,-0.922143,1,-1,-1,-0.640673,-0.174842,-0.107955,-0.0458471,0.596938,-0.268882,0.222962,-0.303267,-0.490889,5.99831,-0.0535878,-1.79532,11.9604,-4.13467,-5.82184,1.2421,-5.39899,0.631594,
263,-0.306222,-0.837914,1,-1,0.991006,-0.436809,-0.135919,-0.0572067,0.594928,-0.0907697,0.159669,-0.275197,-0.428478,-0.351807,5.74336,0.672508,1.94731,10.0493,-17.8001,14.8789,-14.8304,-1.17988,3.49194,
264,-0.953504,0.992916,2.47577e-05,0.999999,0.957656,-0.282637,-0.114437,0.0796337,0.433582,-0.434829,0.786764,-1.10317,0.151446,-0.234857,4.53765,0.240776,2.7876,-8.58015,-0.403543,6.79945,-12.8079,14.5463,1.57342,
265,0.967112,0.999496,2.90734e-07,-1,-1,-0.26592,-0.129104,-0.017934,-0.199128,0.460931,0.297528,-0.326411,0.339468,-0.221581,6.16183,-0.913444,-3.04683,-13.0246,18.4639,-14.202,24.4011,1.45479,0.314537,
266,0.99814,-0.806487,1,-1,-1,-0.420709,-0.149073,-0.0957402,-0.0770435,0.60772,-0.273148,0.249252,-0.151417,-0.340081,6.16992,-0.11043,-0.571078,9.97642,-3.9662,-6.43096,2.75331,-7.39115,1.77193,
267,-0.361427,-0.828713,1,-1,0.98939,-0.204593,-0.121226,-0.016532,0.512547,-0.108222,0.140832,-0.185078,-0.378448,-0.172015,5.92228,0.540464,2.49671,10.0654,-15.5095,13.6933,-14.2115,-3.12136,3.47512,
268,-0.953175,0.991755,4.04225e-05,0.999998,0.959028,-0.110686,-0.110411,0.136516,0.368742,-0.43427,0.734104,-1.05502,0.138543,-0.0939531,4.72807,-0.0491028,3.08944,-8.0899,-0.656259,6.91475,-14.3144,13.848,0.428565,
269,0.970306,0.999176,5.88813e-07,-1,-1,-0.326176,-0.137537,0.0337175,-0.222606,0.468174,0.287797,-0.343155,0.171581,-0.268913,5.71279,-0.628149,-4.52911,-12.3189,19.5137,-13.1484,22.6441,-12.4512,-11.8429,
270,0.999023,-0.866476,1,-1,-1,-0.595966,-0.154232,-0.0775354,-0.0460041,0.629253,-0.253722,0.201694,-0.278792,-0.461746,6.09999,-0.0411421,-1.31809,10.8011,-3.66935,-6.14734,1.67681,-5.71785,0.866841,
271,-0.357302,-0.807419,1,-1,0.987185,-0.387791,-0.129052,-0.0409491,0.546942,-0.106899,0.173165,-0.257156,-0.418268,-0.315744,5.97862,0.599209,2.03918,9.83016,-13.239,12.4526,-14.0482,-1.6237,3.45651,
272,-0.916192,0.993169,2.84042e-05,0.999999,0.954109,-0.248427,-0.109354,0.0995075,0.382788,-0.384121,0.724308,-1.07378,0.144729,-0.207577,4.80063,0.213854,2.89878,-8.44275,-0.695598,6.52546,-12.9745,14.3694,1.34587,
273,0.964878,0.99928,8.17514e-07,-1,-1,-0.25007,-0.1274,0.0112084,-0.209722,0.456166,0.278586,-0.32711,0.334743,-0.208898,6.46925,-0.961447,-2.85203,-11.9908,17.5583,-13.1208,23.9082,1.40797,0.0169354,
274,0.997502,-0.808576,1,-1,-1,-0.428748,-0.140761,-0.0739832,-0.0588598,0.596811,-0.256168,0.276194,-0.165938,-0.345951,6.29924,0.0128788,-0.77114,10.1094,-3.73236,-6.06688,2.84342,-7.10757,1.58615,
275,-0.461816,-0.795738,1,-1,0.98763,-0.213739,-0.113989,-0.0235932,0.513716,-0.141634,0.179339,-0.169566,-0.367752,-0.179487,6.0003,0.593908,2.15837,9.70517,-12.8546,12.6759,-14.5392,-2.71764,3.51772,
276,-0.907349,0.994084,2.12492e-05,0.999999,0.952182,-0.113852,-0.0995189,0.125433,0.334751,-0.374585,0.728933,-1.06021,0.1513,-0.0966173,4.83117,0.0436516,3.14932,-8.73297,0.110246,6.38947,-14.6955,13.64,0.521309,
277,0.975045,0.998901,1.47581e-06,-1,-1,-0.312554,-0.120851,0.0268271,-0.229535,0.480054,0.276453,-0.347673,0.180674,-0.258341,6.06379,-0.595412,-4.14491,-11.4001,18.1689,-13.1109,22.1174,-10.9439,-10.6515,
278,0.998388,-0.852307,1,-1,-1,-0.52654,-0.137524,-0.0620156,-0.0298996,0.612754,-0.254378,0.195148,-0.242157,-0.415078,6.41022,-0.0940845,-0.882196,10.8202,-3.78967,-5.89211,2.02014,-5.65723,1.24281,
279,-0.560305,-0.806833,1,-1,0.990371,-0.313187,-0.124166,-0.0236085,0.554707,-0.17742,0.228035,-0.239105,-0.394863,-0.258834,6.04252,0.16903,1.64299,9.87556,-14.7135,14.3775,-13.656,-1.95876,3.51746,
280,-0.896227,0.996167,7.62669e-06,1,0.94391,-0.189836,-0.127794,0.104497,0.337859,-0.363457,0.796359,-1.06875,0.14858,-0.159903,4.74183,-0.261708,2.78883,-9.75764,1.76181,5.88699,-13.4764,13.9828,1.01407,
281,0.981783,0.99891,1.25091e-06,-1,-1,-0.364649,-0.162047,-0.00957787,-0.249979,0.500216,0.280338,-0.331842,0.177361,-0.298349,5.88406,-0.738801,-4.71516,-11.5654,17.7698,-14.3445,23.0459,-12.8758,-11.5059,
282,0.999286,-0.941118,1,-1,-1,-0.619548,-0.180599,-0.124367,-0.021803,0.638734,-0.266021,0.214534,-0.28222,-0.477198,6.24293,0.0546097,-1.04057,12.7944,-0.444599,-4.77566,1.44916,-5.90048,1.02801,
283,-0.317147,-0.817779,1,-1,0.991214,-0.403177,-0.147981,-0.0616927,0.617413,-0.0941817,0.226208,-0.266767,-0.428611,-0.327179,5.89611,0.549091,2.18798,9.89539,-17.3147,15.0542,-14.5678,-1.58654,3.53077,
284,-0.948982,0.994683,1.43841e-05,1,0.935285,-0.258214,-0.130674,0.0901563,0.430261,-0.427396,0.796469,-1.10009,0.141471,-0.215426,4.64154,0.167149,3.0891,-9.12317,-0.325294,5.46854,-13.0323,14.5269,1.40405,
285,0.985955,0.999368,3.45206e-07,-1,-1,-0.398028,-0.140972,0.00755705,-0.183927,0.515686,0.316722,-0.364194,0.194416,-0.323364,5.76814,-0.444809,-3.55863,-12.8529,19.3665,-14.17,21.1523,-11.6708,-10.8427,
286,0.999653,-0.828608,1,-1,-1,-0.626231,-0.150807,-0.0550955,-0.0312777,0.658413,-0.262205,0.16414,-0.269211,-0.481544,6.24945,0.0517356,-0.295899,10.334,-4.26474,-6.61059,1.99309,-6.32665,1.27222,
287,-0.620735,-0.796391,1,-1,0.989507,-0.39802,-0.133634,0.000249626,0.531334,-0.201515,0.211969,-0.260163,-0.428909,-0.323358,6.03484,0.339247,2.0963,9.74148,-12.6906,13.7696,-13.2607,-1.87901,3.56036,
288,-0.8907,0.99666,5.34375e-06,1,0.942945,-0.253959,-0.126724,0.141598,0.300043,-0.358233,0.760216,-1.06353,0.134568,-0.212018,4.67607,-0.0380751,2.94951,-10.1134,1.60447,5.8356,-12.9769,14.5672,1.38635,
289,0.978606,0.998701,1.80385e-06,-1,-1,-0.433646,-0.152942,0.0325346,-0.285479,0.490124,0.267986,-0.333328,0.166688,-0.349513,5.86412,-0.607758,-4.59447,-11.1994,17.4493,-13.8099,23.0878,-12.4644,-11.3616,
290,0.996484,-0.906542,1,-1,-1,-0.649716,-0.165813,-0.0760302,-0.0449368,0.583251,-0.27335,0.213645,-0.277595,-0.496709,6.17076,0.00644948,-1.36767,11.6858,-4.22014,-5.74627,1.58634,-5.57232,2.2228,
291,-0.38408,-0.81704,1,-1,0.989244,-0.380328,-0.132901,-0.0276877,0.568375,-0.115552,0.148464,-0.257944,-0.414946,-0.310161,5.95457,0.674591,2.1228,9.93392,-15.0664,13.5993,-14.3704,-1.5493,3.87587,
292,-0.941152,0.994649,1.56403e-05,1,0.958565,-0.228212,-0.110392,0.115889,0.381653,-0.415574,0.739126,-1.08585,0.149153,-0.191257,4.726,0.245709,2.89885,-9.03944,-0.39056,6.87524,-13.0308,14.3377,1.39791,
293,0.967764,0.999358,4.21843e-07,-1,-1,-0.356177,-0.125216,0.00834273,-0.238764,0.462368,0.286055,-0.347025,0.222534,-0.291921,5.96873,-0.636478,-4.19295,-12.6524,18.6883,-13.3812,21.7891,-9.8292,-9.56984,
294,0.997536,-0.849166,1,-1,-1,-0.514758,-0.143114,-0.0821777,-0.0693311,0.597336,-0.262789,0.20489,-0.198703,-0.406968,6.39597,-0.0939693,-0.85144,10.7587,-3.91541,-6.20377,2.40527,-6.05533,1.80777,
295,-0.456877,-0.803137,1,-1,0.988038,-0.280721,-0.121741,-0.0262268,0.531984,-0.139928,0.168725,-0.216504,-0.382153,-0.233341,6.15485,0.442676,2.1812,9.92241,-14.1394,12.8916,-13.5875,-2.6082,3.65365,
296,-0.925744,0.99507,1.49308e-05,1,0.954622,-0.16132,-0.112952,0.118904,0.344513,-0.395252,0.730931,-1.05384,0.141739,-0.13632,4.88753,-0.0512231,2.99904,-9.08587,0.164907,6.56308,-13.746,13.826,0.877221,
297,0.972605,0.999126,8.46729e-07,-1,-1,-0.341585,-0.140264,0.0133586,-0.250428,0.473748,0.278275,-0.335263,0.182642,-0.280779,5.99709,-0.646765,-4.55629,-11.9557,18.4785,-13.1972,22.8018,-12.0476,-11.1557,
298,0.997836,-0.873829,1,-1,-1,-0.577021,-0.156592,-0.0964075,-0.0514216,0.602206,-0.259456,0.214397,-0.259087,-0.449193,6.33362,-0.0474574,-1.32251,11.1264,-3.92239,-5.99786,1.77443,-5.65938,1.17661,
299,-0.297629,-0.821772,1,-1,0.989201,-0.359391,-0.125296,-0.0444046,0.560282,-0.0880992,0.157229,-0.247303,-0.407758,-0.294364,6.13383,0.645868,2.18768,10.1449,-15.0671,13.5721,-14.2481,-1.83164,3.54259,
300,-0.944933,0.992967,3.39568e-05,0.999999,0.956055,-0.223888,-0.105013,0.100656,0.409451,-0.421132,0.73814,-1.07673,0.146633,-0.187748,4.93922,0.19961,2.94265,-8.2642,-1.05594,6.67169,-13.1939,14.2289,1.23959,
301,0.962343,0.999477,4.35787e-07,-1,-1,-0.238666,-0.124201,0.0118771,-0.204458,0.451018,0.284763,-0.329469,0.329136,-0.199715,6.55338,-1.00026,-2.905,-12.6199,18.3079,-13.336,23.9308,1.3676,-0.192559,
302,0.997996,-0.792983,1,-1,-1,-0.415978,-0.139424,-0.074682,-0.0711116,0.605021,-0.259698,0.280405,-0.161977,-0.336613,6.42804,-0.0053104,-0.755351,10.0257,-3.7462,-6.21306,2.95109,-6.93776,1.57654,
303,-0.444426,-0.804292,1,-1,0.987853,-0.202675,-0.113092,-0.023652,0.508039,-0.135659,0.175969,-0.160658,-0.359639,-0.170444,6.13372,0.583117,2.15624,9.91922,-12.8799,12.7924,-14.4669,-2.70577,3.51092,
304,-0.911428,0.99374,2.6747e-05,0.999999,0.952942,-0.104839,-0.0996076,0.125608,0.342594,-0.378901,0.730124,-1.05395,0.155626,-0.0890264,4.95966,0.0186849,3.17839,-8.50287,-0.0786712,6.4421,-14.8469,13.5246,0.47759,
305,0.974753,0.998981,1.31952e-06,-1,-1,-0.307735,-0.121819,0.0291298,-0.221428,0.479276,0.278508,-0.345873,0.175283,-0.254583,6.12648,-0.570203,-4.17701,-11.512,18.345,-13.1006,22.4244,-11.2739,-10.6982,
306,0.998579,-0.840728,1,-1,-1,-0.524153,-0.137703,-0.0617716,-0.0301722,0.617079,-0.253462,0.202735,-0.247512,-0.413439,6.46376,-0.0701842,-0.922226,10.6857,-3.76116,-5.93614,2.00632,-5.51803,1.21073,
307,-0.55594,-0.80203,1,-1,0.990252,-0.311861,-0.123499,-0.0269787,0.550732,-0.175751,0.231094,-0.235398,-0.39168,-0.257802,6.12278,0.213268,1.64486,9.88233,-13.7793,14.2891,-13.7093,-1.84448,3.51172,
308,-0.904729,0.996541,6.443e-06,1,0.936391,-0.188147,-0.125191,0.101244,0.328944,-0.371883,0.776406,-1.068,0.153357,-0.158512,4.80934,-0.242675,2.74497,-9.9263,1.21647,5.51744,-13.4994,13.9692,1.02783,
309,0.996394,0.998205,4.08313e-06,-1,-1,-0.36401,-0.150188,0.0104295,-0.202166,0.582205,0.344842,-0.345448,0.167213,-0.297865,5.99594,-0.428599,-3.89665,-10.3824,18.5268,-13.7919,22.653,-13.1958,-11.4563,
310,0.99992,-0.874206,1,-1,-1,-0.622702,-0.156693,-0.0573422,0.0406301,0.691265,-0.238029,0.19195,-0.30135,-0.479251,6.24954,0.0966488,-0.467388,11.064,-4.75874,-6.84174,1.54943,-5.83456,0.960985,
311,-0.620819,-0.775364,1,-1,0.991181,-0.407816,-0.138159,-0.00877779,0.57975,-0.20155,0.237934,-0.268769,-0.430831,-0.330607,5.90696,0.313379,1.96204,9.39536,-13.6209,15.0257,-13.9775,-1.32925,3.49264,
312,-0.895401,0.997578,2.3879e-06,1,0.929479,-0.262147,-0.131886,0.132498,0.307402,-0.362664,0.786844,-1.0885,0.145696,-0.218571,4.55266,-0.0581717,2.91131,-10.9189,1.8441,5.23071,-12.9166,14.5804,1.43537,
313,0.977167,0.998882,1.24473e-06,-1,-1,-0.413684,-0.159596,0.0153264,-0.302066,0.485915,0.261301,-0.321056,0.184943,-0.334928,5.8113,-0.639944,-4.86936,-11.5704,17.3456,-14.3162,23.4203,-13.6365,-12.0373,
314,0.994911,-0.915765,1,-1,-1,-0.650397,-0.171716,-0.109209,-0.0626681,0.567332,-0.286856,0.225164,-0.292715,-0.497147,6.1058,0.0486798,-1.73087,11.8698,-4.3497,-5.65878,1.30516,-5.89998,2.26465,
315,-0.416612,-0.845889,1,-1,0.991377,-0.383045,-0.13121,-0.059563,0.60605,-0.126279,0.204905,-0.274089,-0.43214,-0.312197,5.75164,0.614802,1.73867,10.1759,-17.4213,15.1965,-14.86,-1.23917,3.87048,
316,-0.943934,0.99529,9.65435e-06,1,0.943918,-0.23148,-0.111446,0.0759729,0.412409,-0.419637,0.807073,-1.11286,0.148687,-0.193905,4.48031,0.221162,2.83412,-9.52188,0.212853,5.88743,-13.02,14.5901,1.38766,
317,0.968605,0.999463,3.52528e-07,-1,-1,-0.238423,-0.127046,-0.0268338,-0.227191,0.46425,0.283245,-0.320426,0.333172,-0.199519,6.22655,-0.932734,-3.17389,-12.8319,17.9302,-14.6073,24.7297,1.48198,-0.0482745,
318,0.996829,-0.830151,1,-1,-1,-0.396045,-0.148357,-0.104047,-0.0853352,0.587453,-0.286186,0.254818,-0.140273,-0.321892,6.23924,-0.139887,-0.575463,10.3472,-4.18549,-6.17269,2.76272,-7.16101,1.71364,
319,-0.366089,-0.829972,1,-1,0.98901,-0.185716,-0.119268,-0.0185544,0.512279,-0.109722,0.1175,-0.179499,-0.36795,-0.15651,6.00199,0.608919,2.72512,10.1488,-15.0056,13.4527,-14.2372,-3.28464,3.41502,
320,-0.949049,0.991881,4.19315e-05,0.999998,0.964091,-0.0984804,-0.104718,0.146611,0.370501,-0.427502,0.72646,-1.05616,0.13749,-0.0836626,4.81337,0.0353491,3.35007,-8.05325,-0.674192,7.39569,-14.5042,13.618,0.30334,
321,0.971808,0.999167,6.33457e-07,-1,-1,-0.325848,-0.126701,0.0567971,-0.215436,0.471777,0.295249,-0.345272,0.163004,-0.26866,5.77394,-0.496502,-4.26139,-12.2459,19.5027,-13.014,22.7023,-12.6799,-12.1572,
322,0.999194,-0.857264,1,-1,-1,-0.610793,-0.137977,-0.0397433,-0.0408004,0.635161,-0.24863,0.200404,-0.286602,-0.471483,6.17262,0.0615183,-1.01986,10.7045,-3.65599,-6.27179,1.6827,-5.60731,0.758925,
323,-0.627146,-0.816908,1,-1,0.988995,-0.401602,-0.118534,-0.0152318,0.539387,-0.204194,0.221807,-0.255856,-0.413372,-0.326013,5.93741,0.396941,1.61971,9.91802,-12.2155,13.444,-13.8981,-1.39232,3.50249,
324,-0.888017,0.996692,4.97824e-06,1,0.94089,-0.255119,-0.109891,0.111407,0.307468,-0.355762,0.758945,-1.07915,0.152451,-0.212948,4.61584,-0.0108143,2.71838,-10.1842,1.47298,5.73023,-13.1478,14.2996,1.44335,
325,0.976579,0.998792,1.8542e-06,-1,-1,-0.36625,-0.136154,-0.00596941,-0.278201,0.484252,0.26595,-0.334135,0.223926,-0.299559,6.08834,-0.807568,-4.33017,-11.1718,17.1752,-13.8149,22.3055,-9.43782,-8.82601,
326,0.995679,-0.885874,1,-1,-1,-0.488903,-0.160961,-0.0965716,-0.0476072,0.574546,-0.27411,0.223575,-0.180152,-0.388965,6.38941,-0.266844,-0.921369,11.4058,-4.22444,-5.72707,2.4208,-5.79722,2.1231,
327,-0.477436,-0.809829,1,-1,0.991344,-0.247699,-0.141743,-0.0239459,0.577111,-0.147078,0.195117,-0.209055,-0.368611,-0.206992,5.94516,0.21034,2.13759,9.83297,-17.6676,15.1675,-13.9439,-2.73712,3.74458,
328,-0.923315,0.995508,1.00352e-05,1,0.94962,-0.134151,-0.143585,0.129638,0.380237,-0.39233,0.818732,-1.07089,0.142686,-0.113657,4.65327,-0.234108,3.29466,-9.48319,1.1867,6.22081,-14.2299,13.5255,0.697809,
329,0.982882,0.999181,4.91078e-07,-1,-1,-0.437946,-0.168769,0.0218058,-0.237932,0.504013,0.294058,-0.3365,0.0490836,-0.352631,5.50923,-0.59701,-4.46346,-12.5004,18.2586,-14.6939,23.6342,-9.71743,-9.509,
330,0.997991,-0.879299,1,-1,-1,-0.603148,-0.185453,-0.0811493,-0.0579688,0.60494,-0.283531,0.226004,-0.246008,-0.466472,5.87909,-0.0685541,-1.14943,10.8544,-4.547,-6.27901,1.92655,-3.10573,1.86784,
331,-0.406574,-0.839891,1,-1,0.991365,-0.346173,-0.151715,-0.0081954,0.560212,-0.122942,0.162813,-0.216418,-0.341633,-0.284292,5.56075,0.528737,2.23022,9.92771,-18.0746,15.1858,-13.7236,-1.62883,3.97188,
332,-0.946981,0.992505,2.31237e-05,0.999999,0.962277,-0.193538,-0.139693,0.142143,0.388279,-0.424256,0.805301,-1.05228,0.175259,-0.162948,4.30511,0.0117495,3.18025,-8.64843,0.942517,7.21231,-13.7594,13.0832,1.35094,
333,0.982168,0.999079,4.73621e-07,-1,-1,-0.451815,-0.156386,0.0411183,-0.224763,0.501526,0.309617,-0.347684,0.0722416,-0.362634,5.15508,-0.467234,-4.21762,-12.5366,19.0201,-14.4388,22.8733,-9.60188,-8.80392,
334,0.998994,-0.888966,1,-1,-1,-0.5877,-0.167061,-0.0482656,-0.0475441,0.628335,-0.272681,0.204699,-0.245074,-0.456285,5.58495,0.0461345,-0.824578,10.8052,-4.33583,-6.52256,2.02266,-3.67777,2.03298,
335,-0.516325,-0.803291,1,-1,0.986132,-0.328221,-0.13993,0.00864569,0.527308,-0.160986,0.144152,-0.219093,-0.35133,-0.270494,5.41484,0.643388,2.42939,9.31334,-13.7548,11.9672,-13.325,-1.83013,3.9026,
336,-0.923008,0.994736,9.39105e-06,1,0.960916,-0.184194,-0.119785,0.166201,0.309595,-0.391965,0.710032,-1.04206,0.165225,-0.155254,4.15215,0.170291,3.23332,-9.54953,0.468288,7.08321,-13.5683,13.2438,1.23543,
337,0.973722,0.998631,1.19357e-06,-1,-1,-0.440019,-0.134044,0.0594638,-0.289874,0.476582,0.280038,-0.335371,0.088851,-0.354132,5.22486,-0.456015,-4.38894,-11.6123,18.002,-12.9612,23.0275,-9.01223,-8.65269,
338,0.996591,-0.924758,1,-1,-1,-0.563129,-0.141044,-0.0310345,-0.0574857,0.584518,-0.257511,0.215606,-0.219986,-0.439904,5.60641,0.110495,-0.881891,11.7145,-4.14983,-6.04897,2.01088,-3.73129,2.16954,
339,-0.747013,-0.800004,1,-1,0.98493,-0.298413,-0.120429,0.00190778,0.540372,-0.260369,0.204095,-0.209985,-0.333571,-0.247286,5.28609,0.492378,1.98154,9.16684,-11.8895,11.4767,-13.3951,-2.07372,3.98108,
340,-0.87935,0.997458,1.58604e-06,1,0.949228,-0.158549,-0.108759,0.148946,0.246879,-0.348053,0.72174,-1.05348,0.166176,-0.134017,3.92819,0.0033895,3.14195,-11.3281,2.57529,6.19609,-13.9757,12.8842,1.10095,
341,0.979903,0.997834,3.87799e-06,-1,-1,-0.338933,-0.135338,0.0440418,-0.334256,0.494099,0.261144,-0.333366,0.165851,-0.278744,5.43575,-0.663086,-4.39613,-10.434,16.9367,-13.2828,22.0041,-12.4479,-11.4865,
342,0.995406,-0.94663,1,-1,-1,-0.597609,-0.147255,-0.050713,-0.0367717,0.571879,-0.265874,0.178454,-0.290536,-0.462829,5.77744,-0.00403918,-1.12348,12.6311,-4.27721,-5.56935,1.2643,-5.85002,0.917314,
343,-0.590196,-0.797696,1,-1,0.985841,-0.389993,-0.126754,-0.0153073,0.574626,-0.189093,0.168365,-0.286854,-0.433147,-0.317388,5.56215,0.488801,1.99957,9.36687,-12.9453,11.843,-14.0312,-1.61743,3.41199,
344,-0.89754,0.996888,3.26968e-06,1,0.957616,-0.253664,-0.110324,0.127184,0.313246,-0.364726,0.719895,-1.09657,0.134482,-0.211782,4.26865,0.164138,2.90389,-10.6046,1.21346,6.79615,-12.6114,14.5053,1.29943,
345,0.973887,0.998832,1.26975e-06,-1,-1,-0.393485,-0.129361,0.0141535,-0.293116,0.477006,0.27517,-0.343064,0.217496,-0.319989,5.71866,-0.703885,-4.31166,-11.5505,17.3681,-13.216,21.406,-10.7211,-10.6927,
346,0.995502,-0.910678,1,-1,-1,-0.605807,-0.146614,-0.0807922,-0.0572941,0.572796,-0.263166,0.182311,-0.233473,-0.468217,6.1123,-0.105264,-1.04311,11.7412,-4.13133,-5.94289,1.88417,-6.42313,1.47207,
347,-0.465384,-0.824147,1,-1,0.98891,-0.37233,-0.122075,-0.022406,0.559164,-0.14287,0.147198,-0.260342,-0.419918,-0.304148,5.87962,0.473878,2.17688,9.96718,-15.3762,13.392,-13.8527,-2.38427,3.63016,
348,-0.94373,0.995501,9.44475e-06,1,0.959335,-0.232917,-0.109922,0.119945,0.354023,-0.419334,0.736724,-1.07943,0.129014,-0.195068,4.57565,0.0348872,2.84652,-9.54383,0.227667,6.94138,-13.0053,14.4165,1.26609,
349,0.969885,0.999235,5.48639e-07,-1,-1,-0.378003,-0.135622,0.00460596,-0.267627,0.467188,0.284229,-0.342876,0.210044,-0.308415,5.82451,-0.788548,-4.53115,-12.3896,18.6805,-13.3921,21.8081,-10.8828,-10.6628,
350,0.997356,-0.890655,1,-1,-1,-0.589045,-0.157407,-0.102967,-0.0668078,0.594635,-0.263973,0.193783,-0.234753,-0.457175,6.23882,-0.158955,-1.23705,11.3805,-3.9888,-6.13984,1.93315,-6.21032,1.44715,
351,-0.406843,-0.847989,1,-1,0.990781,-0.35953,-0.132178,-0.0446457,0.57452,-0.123032,0.185527,-0.253374,-0.414121,-0.294469,5.94877,0.377327,1.96938,10.3711,-16.9064,14.6946,-13.9635,-2.23719,3.63013,
352,-0.944004,0.994492,1.56634e-05,1,0.950398,-0.222915,-0.124648,0.0957646,0.403738,-0.419741,0.789367,-1.08246,0.134433,-0.186958,4.65144,-0.0327482,2.93874,-9.03796,0.0504178,6.27064,-13.2979,14.3112,1.21656,
353,0.97259,0.999398,3.08642e-07,-1,-1,-0.376342,-0.149805,-0.00996352,-0.224593,0.473711,0.28772,-0.349959,0.196109,-0.307168,5.76025,-0.745979,-4.3431,-12.9649,18.9218,-14.1833,21.7786,-11.4644,-10.9051,
354,0.998202,-0.851429,1,-1,-1,-0.602276,-0.172372,-0.115484,-0.0668477,0.60892,-0.275584,0.188316,-0.254214,-0.465899,6.19456,-0.173749,-1.20305,10.6281,-4.01776,-6.19523,1.93032,-6.09901,1.30111,
355,-0.261007,-0.846471,1,-1,0.991239,-0.379391,-0.140546,-0.0407529,0.564944,-0.076839,0.163762,-0.259915,-0.425037,-0.309458,5.97142,0.514218,2.256,10.3663,-17.7138,15.0762,-13.9277,-2.01288,3.56324,
356,-0.94486,0.987787,0.000101956,0.999991,0.970248,-0.240496,-0.127271,0.10259,0.446525,-0.421022,0.805506,-1.07191,0.134851,-0.201192,4.80314,0.0904342,2.98164,-7.16475,0.975084,8.13777,-12.9335,14.4416,1.27981,
357,0.985008,0.999315,3.6555e-07,-1,-1,-0.393985,-0.140261,0.0233834,-0.141373,0.511898,0.333718,-0.366284,0.19585,-0.32036,5.62647,-0.372099,-3.63745,-12.7956,19.6361,-14.2497,21.2812,-12.297,-11.3707,
358,0.999835,-0.784291,1,-1,-1,-0.647628,-0.149704,-0.0497678,-0.0161713,0.676137,-0.255168,0.163664,-0.283851,-0.495368,6.09178,0.0586413,-0.527203,9.64755,-3.9678,-6.86748,1.91363,-6.46951,1.07992,
359,-0.549459,-0.79423,1,-1,0.989844,-0.424549,-0.131103,-0.00424099,0.524058,-0.17329,0.211697,-0.267654,-0.439439,-0.342889,5.90177,0.359747,1.88136,9.60591,-12.8898,13.9977,-13.3638,-1.66753,3.52616,
360,-0.897048,0.99548,9.73684e-06,1,0.941597,-0.274793,-0.123413,0.124489,0.314821,-0.364249,0.761042,-1.06237,0.136813,-0.228641,4.59986,-0.0296971,2.66782,-9.51337,0.974366,5.76582,-12.7115,14.7982,1.50268,
361,0.975179,0.998767,1.51351e-06,-1,-1,-0.406518,-0.150553,0.00771709,-0.266936,0.480411,0.268148,-0.330761,0.206353,-0.329649,5.78894,-0.665418,-4.72045,-11.3749,17.6709,-13.7835,22.5732,-12.4163,-11.0874,
362,0.996806,-0.895591,1,-1,-1,-0.639049,-0.166789,-0.112073,-0.0445186,0.58717,-0.271746,0.208834,-0.263801,-0.489841,6.09278,-0.0597654,-1.58272,11.3666,-4.01915,-5.75219,1.57983,-6.19635,1.34055,
363,-0.328313,-0.831597,1,-1,0.991157,-0.406676,-0.130429,-0.0562206,0.584773,-0.0976889,0.172285,-0.268669,-0.428861,-0.329766,5.81156,0.604298,1.96743,10.0145,-17.5723,15.0053,-14.5318,-1.81994,3.65694,
364,-0.936394,0.992189,3.29206e-05,0.999999,0.959867,-0.257024,-0.111986,0.0813314,0.430056,-0.40893,0.805464,-1.09576,0.137401,-0.214474,4.62302,0.202887,2.87092,-8.29519,0.361125,6.9882,-12.9616,14.5167,1.42586,
365,0.975563,0.999389,4.67226e-07,-1,-1,-0.254567,-0.125672,-0.00457712,-0.177866,0.48145,0.307166,-0.333262,0.334763,-0.212505,6.22561,-0.853209,-2.71071,-12.5502,18.127,-14.4786,24.057,1.6531,0.0986497,
366,0.998859,-0.787337,1,-1,-1,-0.433136,-0.141478,-0.0718765,-0.0519206,0.624316,-0.271581,0.244246,-0.164561,-0.349143,6.18507,-0.0501771,-0.375913,9.75938,-4.03413,-6.5178,2.76808,-7.40769,1.5535,
367,-0.477296,-0.791189,1,-1,0.988608,-0.221552,-0.120253,-0.00621284,0.507856,-0.147029,0.172762,-0.185952,-0.381814,-0.185849,5.90944,0.436424,2.29728,9.57647,-13.8546,13.212,-14.095,-2.92253,3.45275,
368,-0.920527,0.994148,1.86114e-05,1,0.952733,-0.123757,-0.113403,0.141605,0.322728,-0.389056,0.734858,-1.05365,0.14047,-0.104942,4.69952,-0.113685,3.04126,-8.86552,0.356873,6.42747,-14.2903,13.8889,0.523904,
369,0.975294,0.998817,1.36592e-06,-1,-1,-0.336588,-0.142986,0.0345197,-0.248922,0.480721,0.276888,-0.333445,0.167294,-0.276942,5.77458,-0.610434,-4.68394,-11.4775,18.4856,-13.2261,23.1629,-13.035,-12.102,
370,0.998337,-0.889452,1,-1,-1,-0.617992,-0.157393,-0.0821206,-0.0354835,0.611689,-0.257768,0.213539,-0.288257,-0.476184,6.0853,-0.00634831,-1.49381,11.2285,-3.86519,-5.90535,1.49148,-5.60596,0.823754,
371,-0.340824,-0.817149,1,-1,0.989409,-0.408188,-0.12593,-0.0420348,0.568605,-0.101645,0.169565,-0.26342,-0.421452,-0.330881,5.87405,0.623313,1.91904,9.86887,-15.5963,13.7053,-14.4515,-1.41351,3.5052,
372,-0.947781,0.9938,2.05547e-05,0.999999,0.952766,-0.260685,-0.107091,0.0900417,0.392636,-0.425501,0.743169,-1.08636,0.150948,-0.217403,4.66615,0.159964,2.64184,-8.7662,-0.678705,6.4298,-12.8484,14.487,1.46647,
373,0.961633,0.999421,4.65085e-07,-1,-1,-0.253933,-0.129183,-0.0184586,-0.229166,0.449622,0.279288,-0.320987,0.338678,-0.211998,6.36112,-1.06392,-3.33922,-12.5548,18.1689,-13.4819,24.3012,1.35429,0.138324,
374,0.99709,-0.831415,1,-1,-1,-0.396547,-0.152564,-0.111827,-0.0790842,0.590881,-0.265883,0.266406,-0.140716,-0.322265,6.30494,-0.172299,-0.895562,10.4193,-3.85618,-6.12012,2.81525,-7.17557,1.86612,
375,-0.402751,-0.839854,1,-1,0.99064,-0.180219,-0.125896,-0.0402949,0.543295,-0.121678,0.187655,-0.175399,-0.365823,-0.151975,5.93002,0.408632,2.17863,10.232,-16.4897,14.5838,-14.4258,-3.1274,3.49439,
376,-0.949941,0.993344,2.48697e-05,0.999999,0.953919,-0.0909738,-0.122198,0.108181,0.379981,-0.428931,0.775614,-1.06558,0.144074,-0.0773217,4.70835,-0.185137,3.1117,-8.57564,0.328838,6.51167,-14.6929,13.6073,0.296737,
377,0.977199,0.999213,5.45588e-07,-1,-1,-0.317004,-0.152779,0.00499502,-0.21862,0.486007,0.290608,-0.346451,0.160771,-0.261803,5.74076,-0.696807,-4.47331,-12.3952,19.3609,-13.8484,22.5948,-12.4514,-11.8261,
378,0.999155,-0.864641,1,-1,-1,-0.58793,-0.172518,-0.103779,-0.0423208,0.633711,-0.265171,0.197751,-0.284147,-0.456437,6.11719,-0.10956,-1.27414,10.7834,-3.94519,-6.16668,1.69465,-5.57755,0.815051,
379,-0.314909,-0.830849,1,-1,0.990788,-0.386045,-0.144614,-0.0473039,0.579208,-0.0934809,0.204242,-0.262256,-0.423185,-0.31444,5.88463,0.468857,2.03206,10.0642,-16.471,14.7009,-14.072,-1.51966,3.42457,
380,-0.94438,0.992911,2.72229e-05,0.999999,0.945002,-0.248545,-0.131988,0.0934844,0.421335,-0.420301,0.784905,-1.07951,0.145716,-0.207672,4.65068,0.0676779,2.90491,-8.48523,-0.493229,5.94683,-12.9664,14.4756,1.32943,
381,0.986974,0.99923,4.90897e-07,-1,-1,-0.394397,-0.146895,0.00813119,-0.16988,0.519974,0.325922,-0.361852,0.193388,-0.320667,5.67128,-0.449138,-3.70875,-12.5008,19.4332,-13.9297,21.3527,-12.2223,-11.03,
382,0.999788,-0.826743,1,-1,-1,-0.632865,-0.157452,-0.0637836,-0.0152376,0.670464,-0.252652,0.16589,-0.28196,-0.485844,6.11125,0.0372632,-0.500566,10.194,-4.14677,-6.7282,1.84861,-6.39032,1.1727,
383,-0.563059,-0.782981,1,-1,0.988639,-0.408998,-0.139534,-0.014509,0.535783,-0.178477,0.209464,-0.268234,-0.437642,-0.331478,5.96051,0.426432,2.15983,9.52433,-11.6774,13.2303,-13.4109,-1.77743,3.5032,
384,-0.86985,0.995937,8.12965e-06,1,0.944611,-0.265178,-0.126656,0.13202,0.31678,-0.340027,0.750453,-1.06873,0.131454,-0.22099,4.66424,0.107324,3.06761,-9.69377,1.08293,5.92524,-12.8441,14.6671,1.40386,
385,0.977359,0.998659,1.86061e-06,-1,-1,-0.414715,-0.144616,0.034914,-0.255795,0.486467,0.269289,-0.33196,0.192341,-0.335686,5.81651,-0.421936,-4.36496,-11.1684,17.3446,-13.5924,22.774,-13.2203,-11.9341,
386,0.997022,-0.88522,1,-1,-1,-0.651545,-0.150399,-0.0676824,-0.0369948,0.58997,-0.26699,0.207506,-0.28775,-0.497884,6.11514,0.142889,-1.27234,11.1661,-4.01095,-5.76417,1.46033,-6.1352,2.15514,
387,-0.475367,-0.797499,1,-1,0.987191,-0.385261,-0.119136,-0.0361078,0.551036,-0.146352,0.175097,-0.267196,-0.429307,-0.313854,5.93929,0.721787,1.96531,9.67587,-12.3589,12.4557,-14.3416,-1.47562,3.81125,
388,-0.89288,0.995231,1.22138e-05,1,0.954892,-0.235591,-0.0928215,0.10424,0.349098,-0.360271,0.728899,-1.09002,0.142882,-0.197231,4.73253,0.361233,2.91762,-9.28673,0.249844,6.58318,-12.9181,14.5132,1.37891,
389,0.970024,0.999065,1.52969e-06,-1,-1,-0.240414,-0.10275,0.011791,-0.233724,0.467512,0.277677,-0.321129,0.338278,-0.201125,6.53548,-0.792987,-2.88694,-11.3642,16.9218,-13.2931,24.2765,1.58594,-0.0338266,
390,0.9965,-0.826938,1,-1,-1,-0.376703,-0.117774,-0.0469736,-0.0521809,0.583439,-0.260266,0.254865,-0.124142,-0.307439,6.49569,-0.0609654,-0.231365,10.5141,-3.94555,-6.00479,2.88978,-7.14795,1.89928,
391,-0.816285,-0.745495,1,-1,0.991034,-0.157375,-0.109183,-0.00175806,0.511402,-0.300957,0.234173,-0.165173,-0.346327,-0.13304,5.76873,-0.181587,1.04584,8.97129,-18.6792,14.9017,-13.9318,-3.00945,3.59363,
392,-0.821357,0.997589,2.30851e-06,1,0.928229,-0.0703333,-0.129028,0.122929,0.263416,-0.304299,0.840509,-1.05915,0.150594,-0.0598444,4.52287,-0.637961,2.88363,-10.9527,4.35293,5.18327,-15.1617,13.2933,0.204933,
393,0.991829,0.997309,8.33658e-06,-1,-1,-0.320896,-0.176325,0.00486789,-0.269381,0.544828,0.275168,-0.320567,0.124463,-0.264825,5.78779,-0.768627,-4.96809,-9.66864,16.5781,-15.1338,24.2199,-14.7194,-13.0928,
394,0.99965,-0.969216,1,-1,-1,-0.655,-0.194605,-0.117899,0.0326856,0.658231,-0.268135,0.223889,-0.339875,-0.500101,6.01875,0.0801964,-1.18568,14.0582,0.499173,-3.77055,0.819779,-5.34383,0.30997,
395,-0.244714,-0.729356,1,-0.999999,0.990209,-0.464142,-0.16447,-0.0677461,0.649889,-0.0718864,0.23262,-0.291025,-0.444792,-0.371453,5.63763,0.559836,2.14066,8.70837,-17.7527,14.2573,-15.1054,-0.77052,3.36948,
396,-0.918436,0.994462,1.3875e-05,1,0.930459,-0.308688,-0.144164,0.0844864,0.446197,-0.386653,0.798363,-1.1155,0.149686,-0.255327,4.49021,0.255721,3.06712,-9.15921,-0.282743,5.26878,-12.53,14.7501,1.63952,
397,0.970555,0.999502,1.80159e-07,-1,-1,-0.426388,-0.153242,-0.00805478,-0.196613,0.468761,0.274934,-0.360097,0.206722,-0.344231,5.61047,-0.5398,-3.85905,-13.5032,18.2295,-14.2907,21.0718,-11.7002,-10.7037,
398,0.99737,-0.805271,1,-1,-1,-0.645567,-0.169062,-0.0979496,-0.0798327,0.594837,-0.281684,0.169488,-0.263023,-0.494042,6.10339,-0.0585614,-0.924139,9.90633,-4.00642,-6.03051,1.99765,-6.45651,1.42853,
399,-0.344412,-0.855834,1,-1,0.99137,-0.411372,-0.136477,-0.0237115,0.540652,-0.102784,0.177331,-0.267725,-0.438153,-0.333227,5.87246,0.483451,2.0737,10.4332,-17.4055,15.1909,-13.6131,-1.90786,3.63015,
400,-0.937687,0.987966,8.88071e-05,0.999993,0.9699,-0.262461,-0.124873,0.108677,0.416959,-0.4107,0.814654,-1.06495,0.132415,-0.218821,4.67513,0.0631388,2.79319,-7.30282,1.73844,8.08979,-12.7222,14.6868,1.4294,
401,0.987635,0.999084,6.53609e-07,-1,-1,-0.402485,-0.140209,0.0222647,-0.154048,0.522896,0.333842,-0.363928,0.205236,-0.326668,5.56028,-0.412882,-3.74675,-12.2145,19.3732,-14.4276,21.1552,-12.1584,-11.1736,
402,0.999844,-0.815116,1,-1,-1,-0.646775,-0.150433,-0.0539071,-0.00275224,0.677406,-0.256593,0.160454,-0.27991,-0.494819,5.99774,0.0340715,-0.597175,9.94439,-4.06211,-6.80063,1.84321,-6.66076,1.15905,
403,-0.558865,-0.784512,1,-1,0.989478,-0.421387,-0.132891,-0.00962303,0.536053,-0.176868,0.211755,-0.273782,-0.444043,-0.340577,5.81991,0.374887,1.95812,9.4256,-12.5601,13.7506,-13.4239,-1.81386,3.52014,
404,-0.886915,0.995831,7.63588e-06,1,0.942273,-0.273907,-0.123373,0.124391,0.312971,-0.354759,0.757806,-1.06905,0.130351,-0.227938,4.5204,0.0205343,2.76812,-9.75643,1.0918,5.8005,-12.6591,14.8303,1.46115,
405,0.97567,0.998704,1.63789e-06,-1,-1,-0.408914,-0.147602,0.011883,-0.268844,0.481741,0.267641,-0.333504,0.20632,-0.331416,5.75173,-0.629224,-4.5824,-11.2959,17.4546,-13.7512,22.3355,-12.2844,-11.2058,
406,0.996559,-0.896992,1,-1,-1,-0.647191,-0.162297,-0.101004,-0.0438406,0.584141,-0.271356,0.201622,-0.264016,-0.495087,6.06731,-0.0383189,-1.44918,11.3767,-4.03554,-5.742,1.5925,-6.25614,1.30822,
407,-0.419485,-0.83112,1,-1,0.991254,-0.414191,-0.129505,-0.0490968,0.583103,-0.127238,0.188122,-0.270794,-0.429996,-0.3353,5.73891,0.495488,1.79559,9.94777,-17.7282,15.0887,-14.4099,-1.80141,3.67059,
408,-0.926833,0.994087,1.60825e-05,1,0.952008,-0.262248,-0.115414,0.0856738,0.409219,-0.396585,0.817817,-1.09825,0.13637,-0.218652,4.49491,0.126172,2.86301,-9.01156,0.63313,6.37757,-13.0348,14.541,1.46225,
409,0.974937,0.999323,5.68783e-07,-1,-1,-0.256621,-0.134038,-0.00622788,-0.203283,0.479765,0.296113,-0.327523,0.333723,-0.214151,6.18993,-0.961141,-2.86808,-12.3535,17.6992,-14.7604,24.2612,1.68236,0.155756,
410,0.998097,-0.821698,1,-1,-1,-0.448556,-0.150927,-0.0870029,-0.0589017,0.606895,-0.280994,0.256875,-0.173471,-0.360291,6.08705,-0.0611696,-0.684584,10.1053,-4.13881,-6.31947,2.66999,-7.33045,1.47419,
411,-0.40206,-0.81765,1,-1,0.989866,-0.237822,-0.121983,-0.016579,0.523163,-0.12145,0.150992,-0.190137,-0.38637,-0.199033,5.79626,0.546402,2.31286,9.81125,-15.6989,14.0128,-14.4798,-2.77351,3.47257,
412,-0.95112,0.993099,2.45064e-05,0.999999,0.9565,-0.134966,-0.111132,0.129493,0.354024,-0.430847,0.742151,-1.06378,0.143545,-0.114339,4.59449,-0.0557809,2.93839,-8.59036,-0.258595,6.70652,-14.2144,14.0008,0.623047,
413,0.970726,0.99912,6.82723e-07,-1,-1,-0.33186,-0.139652,0.0167258,-0.241619,0.469168,0.283804,-0.343572,0.183838,-0.273302,5.71845,-0.733564,-4.61458,-12.171,19.2229,-13.3534,22.3129,-11.7442,-11.266,
414,0.998632,-0.882117,1,-1,-1,-0.574202,-0.160137,-0.0970479,-0.0490062,0.618368,-0.259435,0.197158,-0.261109,-0.447314,6.10297,-0.125619,-1.36505,11.0941,-3.7721,-6.06838,1.76673,-5.87033,1.08049,
415,-0.256584,-0.826107,1,-1,0.988887,-0.363189,-0.131325,-0.0433909,0.558806,-0.0754913,0.146196,-0.257432,-0.418363,-0.297243,5.96654,0.623404,2.25635,10.0658,-15.2898,13.3778,-14.0504,-1.92944,3.46078,
416,-0.949868,0.991459,4.57173e-05,0.999998,0.958425,-0.231012,-0.111481,0.101552,0.419084,-0.428812,0.731158,-1.07313,0.139587,-0.193527,4.7833,0.195102,2.90336,-7.96681,-1.38843,6.86337,-12.9437,14.4067,1.22014,
417,0.959755,0.999477,3.6908e-07,-1,-1,-0.24234,-0.131457,0.0138071,-0.197206,0.446015,0.287296,-0.330529,0.335468,-0.202679,6.35266,-1.02611,-2.88305,-12.786,18.4972,-13.2018,23.8343,1.514,-0.122341,
418,0.998219,-0.799163,1,-1,-1,-0.440831,-0.145674,-0.0797696,-0.072604,0.60927,-0.256284,0.279028,-0.175145,-0.354719,6.20442,0.0243089,-0.904465,9.91483,-3.64241,-6.26987,2.8534,-7.15411,1.41869,
419,-0.396187,-0.808975,1,-1,0.986544,-0.229956,-0.115571,-0.0311595,0.503684,-0.119516,0.161474,-0.170609,-0.372885,-0.192671,5.97862,0.717276,2.2417,9.84978,-12.4084,12.1506,-14.6221,-2.60657,3.48998,
420,-0.908728,0.991911,4.31837e-05,0.999998,0.957097,-0.126971,-0.0945728,0.120811,0.356014,-0.376029,0.71553,-1.05879,0.151081,-0.10764,4.85871,0.185026,3.21335,-8.02383,-0.549386,6.75403,-14.6414,13.7142,0.606093,
421,0.970125,0.999001,1.79559e-06,-1,-1,-0.200936,-0.11276,0.0432193,-0.197907,0.46775,0.28187,-0.337802,0.303331,-0.16902,6.55373,-0.914439,-2.62172,-11.204,17.6464,-12.9002,23.4512,1.04428,-1.1197,
422,0.998631,-0.804424,1,-1,-1,-0.403233,-0.123136,-0.0286203,-0.0286398,0.618331,-0.246426,0.269043,-0.179867,-0.327221,6.36525,0.0512128,-0.486747,10.112,-3.59865,-6.01931,2.8923,-6.66088,1.24615,
423,-0.761765,-0.725174,1,-0.999999,0.990734,-0.203516,-0.106149,0.00755635,0.514659,-0.268348,0.237815,-0.168824,-0.358758,-0.171133,5.65758,0.0225069,0.953595,8.68602,-19.0712,14.6576,-14.311,-2.12421,3.48627,
424,-0.819515,0.996833,4.01231e-06,1,0.922147,-0.105377,-0.120467,0.115739,0.267425,-0.303078,0.843207,-1.05706,0.168203,-0.0894802,4.46969,-0.536765,2.55951,-10.3999,4.75083,4.96886,-14.8321,13.5446,0.50406,
425,0.993232,0.997046,1.05913e-05,-1,-1,-0.316596,-0.163589,-0.00766609,-0.250033,0.554087,0.27476,-0.330281,0.152838,-0.261486,5.8303,-0.797076,-4.75139,-9.42925,16.5429,-15.1071,23.2281,-13.0895,-11.437,
426,0.998668,-0.902522,1,-1,-1,-0.571984,-0.187484,-0.126447,0.0242183,0.619254,-0.283314,0.208792,-0.296765,-0.445834,5.97947,-0.263616,-1.6376,11.4312,-4.64821,-5.57586,1.33,-5.42904,0.888947,
427,-0.204559,-0.709571,1,-0.999999,0.990102,-0.373597,-0.163493,-0.0677,0.640474,-0.059809,0.236636,-0.277953,-0.431937,-0.305103,5.69438,0.422326,2.23884,8.57585,-16.485,14.1794,-14.6141,-1.42574,3.36381,
428,-0.903111,0.992765,2.72936e-05,0.999999,0.946698,-0.24336,-0.150371,0.0852868,0.443343,-0.37024,0.790491,-1.09763,0.141193,-0.2035,4.59969,0.10331,3.08384,-8.48264,0.378203,6.04337,-12.641,14.4984,1.21294,
429,0.978858,0.999364,2.87847e-07,-1,-1,-0.404917,-0.162881,0.000811692,-0.169144,0.490883,0.290466,-0.358244,0.187409,-0.328466,5.53001,-0.419526,-3.86738,-13.0346,18.3062,-14.0612,21.6185,-13.0071,-11.9029,
430,0.998778,-0.797785,1,-1,-1,-0.659763,-0.173982,-0.0909361,-0.0496049,0.622093,-0.269222,0.172491,-0.299205,-0.503151,5.96465,0.0323895,-1.00141,9.70024,-4.02036,-6.23196,1.71475,-6.35769,1.64395,
431,-0.219683,-0.824852,1,-1,0.989309,-0.418103,-0.138502,-0.0271887,0.528261,-0.0643379,0.14502,-0.276931,-0.451327,-0.338172,5.89068,0.734228,2.29931,9.98592,-15.0503,13.6412,-13.7671,-1.48192,3.60659,
432,-0.949037,0.98778,9.67381e-05,0.999992,0.957987,-0.268735,-0.112741,0.111331,0.419123,-0.427483,0.732364,-1.06223,0.136653,-0.223824,4.73799,0.319615,2.73167,-7.21728,-1.6561,6.82673,-12.377,15.0272,1.48329,
433,0.962416,0.999403,2.99394e-07,-1,-1,-0.384741,-0.124027,0.0133271,-0.185107,0.451162,0.28893,-0.360239,0.235601,-0.313466,5.74666,-0.56067,-3.96458,-12.9953,19.3139,-13.1017,20.7655,-10.359,-9.88778,
434,0.998808,-0.798017,1,-1,-1,-0.562201,-0.141392,-0.0766078,-0.0588727,0.622903,-0.252874,0.170399,-0.223335,-0.439281,6.22794,-0.0910276,-0.84076,9.92041,-3.44976,-6.23594,2.23096,-6.76065,1.65434,
435,-0.381587,-0.80792,1,-1,0.987475,-0.330077,-0.121899,-0.025736,0.516868,-0.11474,0.176021,-0.246823,-0.417663,-0.271926,6.10425,0.456887,2.15457,9.94017,-12.9419,12.5971,-13.324,-2.53026,3.57098,
436,-0.912217,0.992508,3.74661e-05,0.999998,0.95321,-0.204344,-0.10955,0.114673,0.367853,-0.379751,0.72664,-1.05306,0.126989,-0.171811,4.89063,0.0651067,2.90324,-8.16586,-0.519313,6.46099,-13.1102,14.3943,1.05515,
437,0.970605,0.999132,7.95853e-07,-1,-1,-0.361568,-0.130746,0.0161115,-0.212406,0.468881,0.27885,-0.346036,0.202899,-0.296015,5.94128,-0.590817,-4.22581,-12.0176,18.3606,-13.0475,21.9392,-11.2954,-10.7284,
438,0.998258,-0.831735,1,-1,-1,-0.577026,-0.147984,-0.0826968,-0.0433956,0.610043,-0.254036,0.195249,-0.243844,-0.449197,6.31025,-0.0913341,-1.08953,10.4282,-3.68768,-6.00223,1.9735,-6.09127,1.35985,
439,-0.375781,-0.791076,1,-1,0.988276,-0.351765,-0.12663,-0.0377167,0.541292,-0.112855,0.185679,-0.245861,-0.409762,-0.288562,6.11648,0.453903,2.01937,9.74609,-13.8163,13.0228,-13.8026,-2.09533,3.57807,
440,-0.919012,0.993869,2.45578e-05,0.999999,0.949497,-0.21784,-0.115588,0.0990957,0.37048,-0.387309,0.734988,-1.06477,0.140425,-0.18283,4.91164,0.0190358,2.80681,-8.58826,-0.382258,6.213,-13.1414,14.2771,1.19809,
441,0.969623,0.999243,6.59655e-07,-1,-1,-0.357994,-0.13964,-0.00768127,-0.224377,0.466579,0.275213,-0.345632,0.210873,-0.293303,6.07417,-0.727453,-4.27997,-12.2053,18.2979,-13.2303,21.869,-10.4582,-9.9091,
442,0.997724,-0.832676,1,-1,-1,-0.534535,-0.162809,-0.107134,-0.0540748,0.60034,-0.260149,0.200797,-0.219219,-0.420549,6.44332,-0.21021,-1.07992,10.5514,-3.80012,-5.966,2.18858,-6.02118,1.64739,
443,-0.336394,-0.822177,1,-1,0.991179,-0.30682,-0.139522,-0.0397957,0.57077,-0.100241,0.208391,-0.236236,-0.399135,-0.253868,6.09584,0.298859,2.04055,10.119,-17.5906,15.0243,-13.8644,-2.34028,3.61822,
444,-0.926882,0.992273,3.98256e-05,0.999998,0.952407,-0.183737,-0.136546,0.102756,0.427044,-0.396645,0.819886,-1.06907,0.138664,-0.154878,4.88226,-0.114008,3.05779,-8.10478,0.618362,6.40495,-13.5487,14.0342,0.963771,
445,0.98152,0.999341,3.57936e-07,-1,-1,-0.371961,-0.15982,0.0136496,-0.173045,0.499334,0.302395,-0.349057,0.166212,-0.303871,5.7001,-0.485091,-4.19094,-12.8167,18.9983,-14.5446,22.6136,-13.5826,-12.2397,
446,0.999322,-0.80798,1,-1,-1,-0.665609,-0.173062,-0.0896589,-0.0395123,0.640271,-0.273099,0.196311,-0.308263,-0.506887,6.09268,0.0124866,-1.21546,9.93138,-4.0773,-6.37746,1.61732,-5.82277,0.780849,
447,-0.193539,-0.818858,1,-1,0.98978,-0.453585,-0.138504,-0.0353608,0.542741,-0.0565229,0.153369,-0.269003,-0.439809,-0.363904,5.98368,0.714822,2.17409,9.98197,-15.2471,13.9532,-14.1457,-1.24255,3.48409,
448,-0.949808,0.988453,9.37411e-05,0.999992,0.955593,-0.296612,-0.114171,0.100816,0.431436,-0.428716,0.739156,-1.06865,0.147384,-0.245872,4.85062,0.284333,2.70147,-7.24876,-1.7767,6.63611,-12.5452,14.8449,1.64455,
449,0.957789,0.999494,3.40041e-07,-1,-1,-0.269208,-0.129849,0.0109381,-0.175962,0.442369,0.286906,-0.33197,0.349033,-0.224201,6.33852,-0.942331,-2.89259,-12.868,18.5856,-13.279,23.7156,1.29497,0.418991,
450,0.998463,-0.762333,1,-1,-1,-0.433976,-0.143833,-0.0811815,-0.0697286,0.614406,-0.256433,0.27292,-0.164918,-0.349753,6.22438,0.0198271,-0.87034,9.51808,-3.51332,-6.25466,2.9216,-7.3933,1.7211,
451,-0.361301,-0.804471,1,-1,0.98706,-0.214046,-0.114604,-0.0324774,0.49663,-0.108182,0.166841,-0.169807,-0.373522,-0.179737,6.00042,0.681087,2.18443,9.81138,-12.4488,12.392,-14.4836,-2.75672,3.53848,
452,-0.909486,0.990693,6.07694e-05,0.999996,0.95519,-0.113931,-0.0956163,0.114793,0.362521,-0.376829,0.718974,-1.05278,0.149039,-0.0966845,4.89969,0.140615,3.11066,-7.6822,-0.778198,6.60555,-14.5909,13.7578,0.524452,
453,0.969116,0.999029,1.69255e-06,-1,-1,-0.194175,-0.115874,0.0348459,-0.187836,0.465411,0.280962,-0.339467,0.303182,-0.163471,6.55619,-0.948983,-2.67629,-11.2631,17.7126,-12.9264,23.3187,1.00125,-1.23259,
454,0.998738,-0.789779,1,-1,-1,-0.394431,-0.128279,-0.0421964,-0.0274156,0.62104,-0.24646,0.269222,-0.178624,-0.320693,6.35573,0.0102812,-0.590295,9.9285,-3.527,-6.00183,2.92998,-6.65369,1.24005,
455,-0.747331,-0.722104,1,-0.999999,0.990715,-0.196541,-0.113183,-0.0103367,0.511044,-0.260539,0.23741,-0.167369,-0.357307,-0.165414,5.65008,-0.0168342,0.880941,8.65166,-18.9994,14.6423,-14.2939,-2.1203,3.46438,
456,-0.81474,0.996912,3.75011e-06,1,0.899069,-0.101755,-0.126028,0.105873,0.281029,-0.299951,0.837892,-1.06047,0.166618,-0.086426,4.45519,-0.504019,2.719,-10.4675,3.71699,4.33769,-14.9911,13.5223,0.456261,
457,0.989895,0.997511,7.20794e-06,-1,-1,-0.315256,-0.168154,-0.013483,-0.249258,0.53386,0.261232,-0.330368,0.144146,-0.260445,5.81755,-0.819604,-4.69675,-9.81411,16.4095,-15.0354,23.1809,-13.1598,-11.4433,
458,0.999653,-0.963304,1,-1,-1,-0.573076,-0.190972,-0.1253,0.0316997,0.658451,-0.269191,0.206177,-0.30385,-0.446563,6.09207,-0.0176397,-0.880414,13.7282,1.07308,-3.53135,1.16969,-5.57899,0.79307,
459,-0.258098,-0.711158,1,-0.999999,0.990095,-0.377026,-0.16653,-0.0613817,0.641374,-0.0759524,0.237419,-0.280855,-0.434676,-0.307682,5.69099,0.433855,2.33416,8.58705,-18.219,14.1744,-14.6219,-1.33913,3.34148,
460,-0.92096,0.994782,1.23634e-05,1,0.924754,-0.246743,-0.153203,0.096864,0.434619,-0.389558,0.796342,-1.10275,0.141112,-0.206223,4.50822,0.100106,3.16032,-9.27455,-0.130714,5.05763,-12.7073,14.5802,1.23488,
461,0.983913,0.999338,2.9906e-07,-1,-1,-0.414078,-0.16576,0.0149656,-0.183332,0.507741,0.299903,-0.354554,0.173004,-0.335217,5.47043,-0.371192,-3.86418,-12.9964,18.7068,-14.1612,21.9579,-13.9315,-12.434,
462,0.999233,-0.834601,1,-1,-1,-0.657694,-0.172218,-0.0722431,-0.0440051,0.63663,-0.268546,0.17374,-0.326687,-0.501827,5.91062,0.14344,-0.910698,10.1392,-4.23738,-6.36976,1.45532,-6.32163,2.59813,
463,-0.366854,-0.827338,1,-1,0.989948,-0.383061,-0.136082,-0.0147039,0.541194,-0.109969,0.166935,-0.286835,-0.460253,-0.312209,5.76433,0.671843,2.02875,9.91583,-16.1743,14.0699,-13.8812,-0.975788,3.78374,
464,-0.955418,0.992864,2.46248e-05,0.999999,0.952721,-0.23626,-0.114631,0.112665,0.376322,-0.438131,0.747336,-1.07346,0.145185,-0.197772,4.51165,0.209962,2.48806,-8.58554,-0.486668,6.42669,-12.2466,15.2034,1.38204,
465,0.964791,0.999314,3.97481e-07,-1,-1,-0.362272,-0.134314,-0.0086439,-0.244682,0.455985,0.279328,-0.34767,0.242149,-0.296549,5.7214,-0.757417,-4.49709,-12.7119,19.0739,-13.502,21.2089,-10.315,-9.96256,
466,0.997789,-0.87165,1,-1,-1,-0.540666,-0.155942,-0.118379,-0.0698719,0.601421,-0.266039,0.186053,-0.214394,-0.424726,6.16325,-0.156173,-1.249,10.9458,-3.77948,-6.05775,2.11509,-6.71695,1.63667,
467,-0.345159,-0.850091,1,-1,0.991089,-0.314993,-0.126181,-0.0511968,0.566361,-0.103022,0.176037,-0.251946,-0.417828,-0.26024,5.88644,0.447184,2.0629,10.3526,-17.9004,14.948,-13.8403,-2.57151,3.55968,
468,-0.953973,0.992671,2.83882e-05,0.999999,0.95365,-0.193737,-0.116831,0.0871695,0.419061,-0.435629,0.793036,-1.07597,0.127362,-0.163111,4.61281,-0.0101917,2.85544,-8.44332,-0.158722,6.49228,-13.2465,14.3967,0.966361,
469,0.969313,0.999439,3.92598e-07,-1,-1,-0.227142,-0.144785,-0.00450004,-0.202567,0.465863,0.29326,-0.331173,0.327731,-0.19039,6.2385,-1.1554,-2.94161,-12.7243,18.5364,-14.284,23.8613,1.69425,-0.438428,
470,0.998611,-0.828084,1,-1,-1,-0.457247,-0.162257,-0.105546,-0.0650151,0.617856,-0.273131,0.277895,-0.191638,-0.366528,6.04041,-0.0370415,-1.06907,10.1541,-3.93124,-6.30339,2.72397,-7.13876,1.13257,
471,-0.272529,-0.822566,1,-1,0.989467,-0.257206,-0.125111,-0.0393294,0.526653,-0.0803617,0.137762,-0.183893,-0.3878,-0.21462,5.79746,0.748786,2.33883,9.87787,-15.9291,13.7434,-14.8469,-2.43448,3.41944,
472,-0.958263,0.989895,6.05571e-05,0.999996,0.958975,-0.149909,-0.104898,0.107683,0.394773,-0.443236,0.731788,-1.06419,0.151707,-0.126823,4.67647,0.124559,2.94648,-7.6857,-1.27279,6.91021,-14.2553,14.0562,0.74516,
473,0.962584,0.99933,6.04124e-07,-1,-1,-0.20958,-0.128018,0.0147739,-0.198905,0.451496,0.288025,-0.335358,0.314791,-0.176092,6.2904,-1.05054,-3.01293,-12.2933,18.8804,-13.1713,23.6346,1.07947,-0.890073,
474,0.998896,-0.819283,1,-1,-1,-0.406965,-0.144901,-0.0768605,-0.0542987,0.625384,-0.252669,0.266859,-0.177453,-0.329979,6.16007,-0.0397211,-0.840584,10.1332,-3.5352,-6.20058,2.81908,-6.92253,1.29864,
475,-0.412877,-0.801029,1,-1,0.987373,-0.208433,-0.119621,-0.0259783,0.518622,-0.125035,0.1764,-0.175325,-0.371911,-0.175155,5.90474,0.585151,2.21793,9.69008,-13.2117,12.5456,-14.4099,-2.61422,3.3516,
476,-0.916529,0.993156,2.72705e-05,0.999999,0.952625,-0.11569,-0.104917,0.124602,0.349741,-0.384498,0.724781,-1.0569,0.150814,-0.0981635,4.7461,0.0509687,3.15768,-8.48349,-0.303475,6.41999,-14.5367,13.7013,0.459074,
477,0.972693,0.998995,1.06535e-06,-1,-1,-0.318914,-0.126275,0.0279755,-0.222555,0.473967,0.276951,-0.348645,0.179414,-0.263287,5.90461,-0.587715,-4.16372,-11.726,18.4309,-13.0138,22.0635,-11.3561,-10.9514,
478,0.998492,-0.851282,1,-1,-1,-0.547539,-0.142656,-0.0643778,-0.036179,0.615057,-0.25307,0.191321,-0.254075,-0.429391,6.27206,-0.077747,-0.953339,10.6898,-3.70947,-5.93025,1.92556,-5.74777,1.13823,
479,-0.462824,-0.795825,1,-1,0.988295,-0.33635,-0.124227,-0.0207547,0.544509,-0.141983,0.194907,-0.247252,-0.40603,-0.276759,6.05536,0.398848,2.00986,9.75167,-13.4028,13.0333,-13.6932,-1.93706,3.4677,
480,-0.910268,0.995251,1.28056e-05,1,0.947745,-0.209752,-0.114972,0.118816,0.347421,-0.37766,0.740187,-1.06665,0.143532,-0.176233,4.80096,-0.00828449,2.89621,-9.23941,0.237734,6.10523,-13.1923,14.1769,1.10863,
481,0.972344,0.999102,8.63084e-07,-1,-1,-0.368526,-0.140319,0.0109049,-0.2478,0.473099,0.272139,-0.336529,0.194589,-0.301279,5.94794,-0.661283,-4.506,-11.9365,18.0504,-13.3707,22.5287,-11.9187,-10.9524,
482,0.997238,-0.868176,1,-1,-1,-0.594216,-0.158134,-0.0988961,-0.0537747,0.592929,-0.26433,0.209634,-0.254518,-0.460592,6.29053,-0.0870923,-1.34211,10.9884,-3.94039,-5.89299,1.80366,-5.88705,1.31043,
483,-0.284035,-0.819182,1,-1,0.989189,-0.36887,-0.127261,-0.0444645,0.55531,-0.0838974,0.149952,-0.250242,-0.412572,-0.301539,6.11118,0.63967,2.22202,10.0915,-15.0596,13.5646,-14.2098,-1.94169,3.59018,
484,-0.94505,0.992368,4.02588e-05,0.999998,0.957602,-0.22999,-0.107321,0.100077,0.410571,-0.421307,0.735706,-1.07548,0.142588,-0.192699,4.92826,0.19339,2.91395,-8.09396,-1.14069,6.79503,-13.1072,14.3173,1.2811,
485,0.962158,0.999467,4.45234e-07,-1,-1,-0.240774,-0.126736,0.0113488,-0.199991,0.450653,0.28679,-0.330218,0.331981,-0.201415,6.52682,-1.0041,-2.89369,-12.5984,18.3457,-13.2862,23.8794,1.45313,-0.134098,
486,0.998155,-0.791174,1,-1,-1,-0.422858,-0.141371,-0.0775843,-0.068557,0.608,-0.257704,0.281067,-0.164818,-0.341653,6.38327,0.00716367,-0.805705,9.9675,-3.70363,-6.2441,2.9452,-7.00418,1.54611,
487,-0.422004,-0.803513,1,-1,0.98762,-0.209592,-0.113801,-0.027675,0.507989,-0.128081,0.173806,-0.162189,-0.36274,-0.176103,6.10344,0.62339,2.17223,9.88459,-12.7289,12.6711,-14.5183,-2.68274,3.51196,
488,-0.909993,0.993181,3.19961e-05,0.999999,0.953545,-0.110201,-0.0980601,0.122261,0.348989,-0.377367,0.72719,-1.05485,0.154738,-0.0935442,4.94953,0.068184,3.18911,-8.32368,-0.267813,6.4848,-14.8085,13.5722,0.512697,
489,0.974046,0.999,1.27508e-06,-1,-1,-0.30745,-0.117906,0.0285963,-0.21305,0.477419,0.279326,-0.350754,0.181283,-0.25436,6.13645,-0.566959,-4.01967,-11.5463,18.3312,-13.0393,22.0289,-10.7723,-10.4347,
490,0.998658,-0.828384,1,-1,-1,-0.512162,-0.13456,-0.0551074,-0.0286917,0.618994,-0.251586,0.193781,-0.237897,-0.405173,6.49227,-0.0965176,-0.763133,10.5314,-3.69908,-5.94993,2.11214,-5.63729,1.29281,
491,-0.607792,-0.783573,1,-1,0.989469,-0.298749,-0.124058,-0.0187906,0.53691,-0.196184,0.229116,-0.233633,-0.389649,-0.24755,6.22432,0.229958,1.86163,9.74883,-11.3189,13.7447,-13.44,-2.0788,3.48393,
492,-0.859294,0.996795,5.8939e-06,1,0.937437,-0.180469,-0.123143,0.121052,0.308671,-0.331567,0.765154,-1.06302,0.146398,-0.152181,4.90418,-0.156845,3.03409,-10.0154,1.47359,5.56487,-13.5957,13.8688,0.931115,
493,0.979463,0.998661,2.27039e-06,-1,-1,-0.365461,-0.152281,0.0167167,-0.2601,0.49273,0.265686,-0.323582,0.167501,-0.298963,6.06062,-0.569519,-4.62769,-10.9693,17.1267,-13.8437,23.6517,-13.4586,-11.9491,
494,0.996692,-0.880789,1,-1,-1,-0.638775,-0.165053,-0.0978101,-0.034579,0.58575,-0.27235,0.230932,-0.288539,-0.489664,6.28912,0.00847249,-1.52903,11.2218,-4.1372,-5.68475,1.45756,-5.43497,0.973013,
495,-0.407017,-0.813114,1,-1,0.991427,-0.418299,-0.131089,-0.0527051,0.589876,-0.123089,0.207827,-0.259798,-0.415943,-0.338315,5.90174,0.50702,1.6897,9.83917,-17.5813,15.2408,-14.7902,-1.23751,3.63781,
496,-0.91557,0.994413,1.67682e-05,1,0.946779,-0.263222,-0.117262,0.0811533,0.414975,-0.383428,0.829125,-1.10156,0.154628,-0.219429,4.69586,0.11739,2.89465,-8.96981,0.744548,6.04807,-13.2496,14.3047,1.52783,
497,0.97659,0.999355,5.98658e-07,-1,-1,-0.257126,-0.134812,-0.00822171,-0.191954,0.484284,0.293823,-0.328836,0.325582,-0.214555,6.38113,-0.92396,-2.80239,-12.3024,17.483,-14.9231,24.3026,1.25224,0.132732,
498,0.99811,-0.792294,1,-1,-1,-0.439676,-0.150715,-0.0868696,-0.0554536,0.607152,-0.283732,0.264768,-0.176117,-0.353884,6.25353,-0.0472256,-0.65295,9.87351,-4.17708,-6.26995,2.75619,-7.09275,1.54069,
499,-0.395862,-0.809123,1,-1,0.99034,-0.227156,-0.122571,-0.0192123,0.522459,-0.119409,0.166165,-0.181074,-0.378467,-0.190401,5.91881,0.505982,2.20764,9.80226,-15.605,14.3538,-14.4824,-2.62555,3.49965,
500,-0.948313,0.993296,2.54982e-05,0.999999,0.952158,-0.124791,-0.11432,0.12349,0.354739,-0.426336,0.750462,-1.05906,0.151248,-0.10581,4.71984,-0.116503,2.89856,-8.55068,-0.248691,6.38782,-14.3524,13.9009,0.597198,
501,0.971064,0.999146,6.90612e-07,-1,-1,-0.324133,-0.145259,0.00892639,-0.238905,0.469975,0.28029,-0.339827,0.178944,-0.267333,5.81252,-0.742452,-4.71773,-12.1595,19.1542,-13.4757,22.6918,-12.0368,-11.2176,
502,0.998562,-0.875599,1,-1,-1,-0.56421,-0.16631,-0.110645,-0.0492997,0.616676,-0.262483,0.20763,-0.264141,-0.440629,6.16793,-0.131844,-1.49441,11.0226,-3.79585,-6.00556,1.74813,-5.70117,1.07738,
503,-0.307236,-0.834334,1,-1,0.991162,-0.355145,-0.135679,-0.055407,0.581972,-0.0910855,0.193118,-0.256271,-0.415035,-0.291136,5.87241,0.47075,1.90836,10.1038,-18.0504,15.0096,-14.2684,-1.71635,3.49073,
504,-0.936198,0.991908,3.68145e-05,0.999998,0.950162,-0.223701,-0.123568,0.08344,0.445014,-0.408665,0.81659,-1.08527,0.144395,-0.187596,4.66447,0.0774069,2.96192,-8.1834,-0.173078,6.25539,-13.2396,14.3009,1.18679,
505,0.97203,0.999469,3.44508e-07,-1,-1,-0.241178,-0.144138,0.00316416,-0.170957,0.472323,0.296907,-0.335634,0.324461,-0.201742,6.22542,-0.996268,-2.64478,-12.8549,18.1336,-14.6382,23.8899,1.34455,-0.207267,
506,0.998717,-0.778301,1,-1,-1,-0.47242,-0.157453,-0.0862337,-0.0612134,0.620507,-0.277222,0.271353,-0.204578,-0.377337,6.042,0.0295513,-0.8637,9.53923,-3.95337,-6.36421,2.72038,-7.16866,1.13075,
507,-0.310698,-0.822711,1,-1,0.989816,-0.270013,-0.122027,-0.0237258,0.51304,-0.0921651,0.152464,-0.187088,-0.393201,-0.224842,5.78011,0.691367,2.18645,9.86551,-15.4665,13.9781,-14.7286,-2.22529,3.44431,
508,-0.952855,0.990001,5.78416e-05,0.999997,0.955652,-0.158372,-0.104336,0.115766,0.379587,-0.43373,0.739217,-1.06026,0.154523,-0.133869,4.64897,0.0772955,2.81778,-7.73158,-1.02057,6.64065,-14.1451,14.1707,0.828194,
509,0.96678,0.999222,5.90535e-07,-1,-1,-0.308349,-0.127361,0.00785036,-0.208473,0.46021,0.284779,-0.35119,0.223367,-0.255062,5.86829,-0.783833,-4.09915,-12.316,19.2429,-13.2461,21.8343,-8.49766,-8.54689,
510,0.998745,-0.828453,1,-1,-1,-0.423701,-0.155393,-0.0751216,-0.0492498,0.621215,-0.256097,0.211572,-0.163697,-0.342269,6.26654,-0.311977,-0.635993,10.346,-3.63897,-6.11196,2.771,-5.78571,2.05014,
511,-0.379558,-0.784334,1,-1,0.986689,-0.196584,-0.14481,-0.00875757,0.523789,-0.11408,0.167936,-0.188959,-0.354808,-0.165449,6.09218,0.340241,2.62651,9.64836,-12.5303,12.217,-13.284,-3.06325,3.54194,
512,-0.902502,0.993066,3.1727e-05,0.999999,0.955218,-0.101803,-0.138404,0.160038,0.361035,-0.369626,0.71784,-1.03473,0.141366,-0.0864662,4.89469,-0.0752631,3.5338,-8.33212,-0.492028,6.60765,-14.2538,13.3143,0.406013,
513,0.975486,0.999048,6.87351e-07,-1,-1,-0.449502,-0.155766,0.0674844,-0.224263,0.481241,0.280816,-0.322226,0.023453,-0.360972,5.51918,-0.349201,-4.29045,-12.1642,18.1062,-12.8852,23.776,-10.8246,-10.7155,
514,0.997917,-0.865973,1,-1,-1,-0.648907,-0.161239,-0.0322128,-0.052249,0.603613,-0.253533,0.225332,-0.282751,-0.49619,5.85634,0.166941,-1.14569,10.5912,-4.00272,-6.09916,1.37938,-2.97244,2.21172,
515,-0.539192,-0.814921,1,-1,0.987447,-0.369961,-0.130241,0.00426772,0.52861,-0.169429,0.179799,-0.232531,-0.34899,-0.302363,5.63164,0.635118,1.91235,9.6396,-13.7379,12.5829,-13.7857,-1.09837,4.07704,
516,-0.921985,0.995354,8.5725e-06,1,0.952616,-0.206631,-0.111878,0.141082,0.313417,-0.390758,0.729487,-1.05757,0.182708,-0.173682,4.37286,0.129624,2.85845,-9.64073,0.655395,6.4194,-13.3664,13.2158,1.50842,
517,0.972219,0.99883,1.2138e-06,-1,-1,-0.348083,-0.134065,0.0291094,-0.281737,0.472789,0.271987,-0.337365,0.189424,-0.285752,5.66081,-0.65469,-4.49885,-11.5955,18.0881,-13.2746,22.0241,-11.8136,-10.4111,
518,0.996982,-0.909897,1,-1,-1,-0.554675,-0.148701,-0.0761923,-0.0522087,0.589444,-0.263187,0.191261,-0.261885,-0.434215,6.03984,-0.0278832,-1.24808,11.6614,-3.95616,-5.85465,1.62987,-5.9769,1.32515,
519,-0.472304,-0.833074,1,-1,0.989561,-0.338271,-0.121855,-0.0309513,0.566378,-0.145281,0.170119,-0.265172,-0.419525,-0.278235,5.77764,0.482297,1.8786,10.0075,-15.8801,13.8052,-14.029,-1.84597,3.49283,
520,-0.940098,0.994729,1.27765e-05,1,0.966775,-0.211289,-0.110227,0.100164,0.360239,-0.41407,0.760736,-1.08465,0.140993,-0.177488,4.52122,0.0303146,2.69466,-9.24169,1.73397,7.69384,-12.8953,14.3529,1.09325,
521,0.97973,0.999098,1.15864e-06,-1,-1,-0.234598,-0.1362,-0.000816459,-0.238211,0.49356,0.305679,-0.323729,0.336303,-0.196428,6.29471,-1.08431,-3.04153,-11.642,17.9887,-13.8214,24.111,1.59341,-0.290058,
522,0.99868,-0.87733,1,-1,-1,-0.438911,-0.150894,-0.0901393,-0.0390606,0.619564,-0.26057,0.274886,-0.174189,-0.35333,6.10027,-0.00697916,-0.838103,10.9993,-4.24248,-6.44534,2.67601,-7.24244,1.35246,
523,-0.498076,-0.818262,1,-1,0.990352,-0.232334,-0.123452,-0.0345151,0.557891,-0.154393,0.191666,-0.182522,-0.379819,-0.194597,5.66611,0.455177,1.96638,9.71188,-16.5713,14.3631,-14.8119,-2.63589,3.47306,
524,-0.933635,0.995275,9.33529e-06,1,0.948634,-0.130236,-0.116462,0.109423,0.351335,-0.40524,0.783004,-1.07976,0.148178,-0.110377,4.43142,-0.110643,3.03939,-9.55549,0.851491,6.15925,-14.6315,13.8433,0.592696,
525,0.977205,0.999058,7.91819e-07,-1,-1,-0.329956,-0.145142,-0.0015338,-0.250108,0.486023,0.282245,-0.348954,0.178263,-0.271834,5.7185,-0.788424,-4.4121,-12.0227,18.5408,-14.1068,21.9072,-11.3064,-11.112,
526,0.998238,-0.887251,1,-1,-1,-0.566721,-0.16806,-0.10471,-0.0471537,0.609653,-0.273642,0.185155,-0.258093,-0.442313,6.10782,-0.197548,-1.17032,11.2014,-4.08224,-6.00705,1.83892,-5.83353,1.10266,
527,-0.371461,-0.830351,1,-1,0.99131,-0.357611,-0.142272,-0.0369998,0.579439,-0.111456,0.181456,-0.262449,-0.42021,-0.293012,5.81638,0.36799,2.09029,10.0009,-18.1172,15.1373,-13.895,-1.9229,3.46756,
528,-0.938174,0.993331,2.19018e-05,0.999999,0.95297,-0.227553,-0.134607,0.107386,0.419085,-0.411373,0.813179,-1.08038,0.136597,-0.190723,4.54953,-0.0133831,3.03075,-8.70272,0.288193,6.44406,-13.1061,14.3797,1.17323,
529,0.976662,0.999355,2.89622e-07,-1,-1,-0.39462,-0.156674,0.0120331,-0.202933,0.484484,0.297822,-0.350879,0.184511,-0.320833,5.50129,-0.586969,-4.24426,-13.0285,19.0096,-14.5446,21.9789,-12.9742,-11.9351,
530,0.9988,-0.846654,1,-1,-1,-0.666028,-0.172766,-0.0928598,-0.0575616,0.622689,-0.277507,0.182802,-0.295471,-0.507154,5.94616,-0.0399651,-1.23173,10.3482,-4.04639,-6.33932,1.62433,-6.20781,1.15823,
531,-0.329255,-0.832249,1,-1,0.990592,-0.440273,-0.139856,-0.0348155,0.550044,-0.097986,0.162925,-0.277583,-0.446088,-0.354315,5.76718,0.55974,1.95681,9.98711,-17.2766,14.5457,-14.0095,-1.42696,3.56985,
532,-0.942914,0.991195,4.0481e-05,0.999998,0.955932,-0.285392,-0.123088,0.096506,0.413502,-0.418131,0.783098,-1.07732,0.139175,-0.237035,4.55509,0.154517,2.69125,-8.08846,-0.376266,6.66219,-12.597,14.9027,1.57364,
533,0.971314,0.999346,3.39946e-07,-1,-1,-0.392817,-0.14021,-0.00820274,-0.198078,0.470577,0.295325,-0.355706,0.232089,-0.319491,5.66002,-0.663861,-4.07418,-12.8683,18.97,-14.0385,21.2277,-10.1252,-9.55052,
534,0.99862,-0.82453,1,-1,-1,-0.552609,-0.161614,-0.0999744,-0.0570413,0.618067,-0.268722,0.186624,-0.211779,-0.432821,6.10454,-0.173707,-0.88314,10.1581,-3.84888,-6.31412,2.35426,-6.48064,1.82624,
535,-0.244905,-0.822108,1,-1,0.989052,-0.315646,-0.135577,-0.0261912,0.530685,-0.0719443,0.136011,-0.234979,-0.407372,-0.260748,5.9746,0.562182,2.54709,10.0179,-15.1392,13.4786,-13.5524,-2.64097,3.62617,
536,-0.949943,0.989446,7.34419e-05,0.999995,0.960047,-0.190998,-0.119409,0.126969,0.410482,-0.428933,0.728309,-1.05059,0.130591,-0.160858,4.79442,0.109269,3.05881,-7.4928,-1.4812,7.00416,-13.2638,14.2673,1.01098,
537,0.965435,0.999361,3.16793e-07,-1,-1,-0.365601,-0.138595,0.0351135,-0.193209,0.457333,0.290838,-0.348379,0.188125,-0.299069,5.63651,-0.496841,-4.27613,-12.9388,19.5551,-13.0084,22.1567,-12.5702,-11.6823,
538,0.998996,-0.826651,1,-1,-1,-0.629186,-0.151459,-0.070238,-0.0571499,0.628389,-0.251066,0.191957,-0.279828,-0.483461,6.07095,0.0325241,-1.20213,10.1595,-3.52507,-6.26843,1.73502,-6.08856,0.997615,
539,-0.363106,-0.819325,1,-1,0.986886,-0.410877,-0.12375,-0.0333241,0.525057,-0.108762,0.170162,-0.261177,-0.427664,-0.332863,5.98409,0.656989,2.01532,9.98851,-12.6793,12.309,-13.9038,-1.65766,3.51564,
540,-0.911883,0.991958,4.10157e-05,0.999998,0.95532,-0.264307,-0.101059,0.103459,0.379669,-0.379391,0.721531,-1.06905,0.140551,-0.220295,4.81186,0.28243,2.83863,-8.07534,-0.763704,6.61538,-12.8605,14.5426,1.44898,
541,0.965476,0.999213,9.80073e-07,-1,-1,-0.256211,-0.115658,0.0158197,-0.200302,0.457419,0.280359,-0.328734,0.339706,-0.213823,6.45301,-0.887646,-2.80993,-11.8094,17.5415,-13.0483,23.7698,1.4647,0.15232,
542,0.997799,-0.794651,1,-1,-1,-0.409691,-0.130316,-0.0584527,-0.050924,0.601575,-0.253129,0.260961,-0.1503,-0.331989,6.34744,-0.0320822,-0.535877,9.97886,-3.65736,-6.07283,2.88151,-7.25786,1.77691,
543,-0.626453,-0.779457,1,-1,0.988476,-0.190756,-0.113926,-0.0145396,0.507997,-0.203903,0.216782,-0.170229,-0.362878,-0.160659,6.00852,0.357007,1.96686,9.52443,-11.4694,13.136,-14.1443,-2.95542,3.52056,
544,-0.867086,0.996221,7.47788e-06,1,0.941894,-0.09706,-0.111212,0.128746,0.284115,-0.337768,0.749191,-1.05758,0.147374,-0.0824634,4.75505,-0.18055,3.10694,-9.77734,1.58646,5.781,-14.7788,13.538,0.378853,
545,0.981233,0.99828,3.79691e-06,-1,-1,-0.316856,-0.141329,0.0228697,-0.262162,0.49838,0.266392,-0.331116,0.158552,-0.261689,6.02153,-0.608598,-4.5434,-10.4551,17.2956,-13.5357,23.2579,-12.5949,-11.6902,
546,0.997642,-0.891585,1,-1,-1,-0.578542,-0.155974,-0.0839536,-0.0168678,0.598999,-0.263978,0.21715,-0.278115,-0.450206,6.25296,-0.048021,-1.34189,11.4119,-4.06283,-5.63375,1.57072,-5.3232,0.913891,
547,-0.372616,-0.788108,1,-1,0.989793,-0.370891,-0.128494,-0.0391689,0.578929,-0.111829,0.181363,-0.25489,-0.408859,-0.303064,5.97525,0.53219,2.00361,9.59503,-15.4249,13.9619,-14.4036,-1.51423,3.4897,
548,-0.938169,0.995117,1.31057e-05,1,0.949066,-0.233221,-0.113985,0.0992202,0.378916,-0.411367,0.750045,-1.08519,0.15309,-0.195314,4.75502,0.0702974,2.77619,-9.21624,-0.253376,6.186,-13.0422,14.252,1.29874,
549,0.964313,0.99939,5.84301e-07,-1,-1,-0.242324,-0.140629,-0.004286,-0.241092,0.454995,0.275266,-0.320075,0.330828,-0.202665,6.49876,-1.14965,-3.2322,-12.3266,17.8301,-13.6325,24.3117,1.28314,-0.0967805,
550,0.996712,-0.846275,1,-1,-1,-0.430655,-0.158156,-0.111016,-0.0762181,0.58599,-0.269283,0.296758,-0.170041,-0.347339,6.28974,-0.0368577,-1.20774,10.6261,-3.96061,-6.03159,2.797,-6.88884,1.52171,
551,-0.371941,-0.845362,1,-1,0.991174,-0.218858,-0.120176,-0.046313,0.555002,-0.111611,0.183244,-0.170403,-0.368116,-0.183658,5.85719,0.609315,2.02243,10.2549,-17.5173,15.0204,-15.047,-2.54738,3.54137,
552,-0.951872,0.992305,3.36791e-05,0.999999,0.960111,-0.116154,-0.108199,0.0961069,0.397189,-0.432087,0.794709,-1.07574,0.157701,-0.0985543,4.69032,-0.0257433,3.02396,-8.27241,0.799321,7.00996,-14.7676,13.6587,0.557342,
553,0.978984,0.999247,8.24144e-07,-1,-1,-0.197669,-0.133876,0.00759738,-0.190881,0.491264,0.305048,-0.339583,0.298467,-0.16634,6.3596,-1.04259,-2.82906,-11.9827,18.6756,-14.2369,23.6907,0.935517,-1.23375,
554,0.999436,-0.824706,1,-1,-1,-0.418571,-0.149199,-0.0748558,-0.0317269,0.645474,-0.264555,0.265408,-0.196319,-0.338515,6.18775,-0.0221843,-0.666863,10.2292,-3.99854,-6.39904,2.77861,-6.72919,1.06552,
555,-0.434384,-0.783939,1,-1,0.988579,-0.22719,-0.124619,-0.0187714,0.530558,-0.132249,0.181195,-0.179249,-0.37751,-0.190429,5.8931,0.540584,2.25284,9.47951,-13.8557,13.1954,-14.437,-2.35484,3.31054,
556,-0.919343,0.994287,1.77804e-05,1,0.950188,-0.130761,-0.112096,0.13256,0.340439,-0.387689,0.736205,-1.05859,0.154068,-0.110817,4.70765,-0.00111759,3.13851,-8.91119,0.0431628,6.25704,-14.4291,13.8124,0.56409,
557,0.973458,0.998981,1.03883e-06,-1,-1,-0.333975,-0.13634,0.0313716,-0.240373,0.475903,0.27482,-0.339937,0.173503,-0.274931,5.83696,-0.582663,-4.42385,-11.7512,18.4221,-13.2468,22.687,-12.3931,-11.4887,
558,0.998175,-0.873109,1,-1,-1,-0.587322,-0.150608,-0.073232,-0.0426176,0.608392,-0.259348,0.204842,-0.274175,-0.456035,6.18357,-0.0144226,-1.23033,10.9893,-3.83631,-5.89931,1.69535,-5.6651,1.00255,
559,-0.412905,-0.800847,1,-1,0.986823,-0.374527,-0.125787,-0.0363055,0.546509,-0.125044,0.172752,-0.253967,-0.413304,-0.305803,6.04033,0.620447,2.11887,9.79979,-12.2467,12.2791,-14.0731,-1.6842,3.48424,
560,-0.896016,0.994209,2.06117e-05,0.999999,0.955246,-0.237783,-0.104167,0.111316,0.368313,-0.363254,0.724052,-1.07721,0.143801,-0.199002,4.85067,0.269215,3.0867,-8.76343,-0.288639,6.60978,-13.1332,14.2346,1.282,
561,0.96833,0.999163,1.23105e-06,-1,-1,-0.246218,-0.118802,0.0315142,-0.212824,0.46363,0.279187,-0.32741,0.330686,-0.205801,6.56614,-0.887681,-2.63777,-11.5814,17.1496,-13.1472,23.9307,1.47345,-0.0735503,
562,0.997397,-0.808546,1,-1,-1,-0.435033,-0.127757,-0.0428816,-0.0496118,0.595233,-0.255503,0.278788,-0.169387,-0.35052,6.37852,0.0892493,-0.568481,10.1745,-3.78769,-6.04432,2.85803,-7.00729,1.51073,
563,-0.687824,-0.806387,1,-1,0.990492,-0.218945,-0.106456,-0.00558307,0.514767,-0.230994,0.230269,-0.165721,-0.361436,-0.183729,5.91128,0.32621,1.55189,9.76163,-13.2771,14.4687,-14.4449,-2.48181,3.58491,
564,-0.904528,0.997026,3.88969e-06,1,0.93397,-0.113164,-0.10852,0.117562,0.269202,-0.371677,0.774155,-1.06275,0.162893,-0.0960388,4.59927,-0.327424,2.67794,-10.431,2.15813,5.41197,-14.817,13.6341,0.606975,
565,0.980319,0.998478,2.98797e-06,-1,-1,-0.307269,-0.148981,-0.0153264,-0.303458,0.495416,0.262137,-0.328444,0.17585,-0.254219,6.05492,-0.924006,-4.9768,-10.6947,17.5191,-14.0534,23.0038,-11.3974,-10.5155,
566,0.999002,-0.961627,1,-1,-1,-0.515404,-0.172845,-0.132685,-0.0160337,0.628575,-0.266162,0.217626,-0.247649,-0.407414,6.38367,-0.0399998,-1.00397,13.8695,0.0519664,-4.41821,1.60495,-5.64818,1.2308,
567,-0.341338,-0.811575,1,-1,0.991481,-0.308007,-0.147527,-0.069689,0.640825,-0.101808,0.236329,-0.252239,-0.404473,-0.254796,5.92085,0.375249,2.18823,9.83516,-17.7509,15.2895,-14.4705,-2.01637,3.44393,
568,-0.944536,0.995837,8.35622e-06,1,0.92819,-0.190947,-0.138156,0.090136,0.434429,-0.420536,0.811746,-1.1022,0.140214,-0.160816,4.63325,0.0147921,3.31109,-9.66628,-0.163635,5.18184,-13.4973,14.0629,0.92356,
569,0.992077,0.999284,4.21597e-07,-1,-1,-0.380133,-0.151375,0.019323,-0.171102,0.546368,0.338146,-0.363097,0.15872,-0.310014,5.6817,-0.35073,-3.44227,-12.653,19.493,-14.3791,21.7629,-13.2522,-12.1598,
570,0.999886,-0.835029,1,-1,-1,-0.671696,-0.15649,-0.0363095,-0.0116477,0.683992,-0.257168,0.165397,-0.316968,-0.510768,6.13596,0.151107,-0.18209,10.3314,-4.52586,-6.91742,1.66239,-5.98146,0.844439,
571,-0.761401,-0.739723,1,-0.999999,0.991154,-0.454726,-0.138359,0.0136429,0.532037,-0.268147,0.222332,-0.277321,-0.44185,-0.364723,5.58866,0.0230951,1.16483,8.76636,-20.4023,15.0029,-13.5586,-0.824743,3.58516,
572,-0.847184,0.997242,2.54049e-06,1,0.88403,-0.29477,-0.143898,0.130233,0.292133,-0.322376,0.837359,-1.07667,0.148963,-0.244424,4.28246,-0.284539,2.5561,-10.8569,4.03784,4.03061,-12.8265,14.8317,1.66888,
573,0.989301,0.998048,3.85773e-06,-1,-1,-0.494428,-0.178391,0.00485357,-0.281699,0.53081,0.25501,-0.355331,0.121717,-0.392835,5.70449,-0.898206,-4.46138,-10.4392,16.355,-15.0951,22.1037,-9.71722,-8.61752,
574,0.999253,-0.966652,1,-1,-1,-0.622305,-0.205123,-0.0886916,0.00391219,0.637423,-0.279305,0.178792,-0.247693,-0.478992,6.13111,-0.13265,-0.440292,13.9733,0.444748,-3.7438,1.83936,-5.07508,2.05746,
575,-0.389318,-0.736414,1,-1,0.990031,-0.363,-0.189088,-0.00794521,0.628218,-0.117263,0.21911,-0.256086,-0.399312,-0.2971,5.69974,0.242542,2.54195,8.82629,-18.2801,14.1285,-13.6686,-2.13153,3.82598,
576,-0.913847,0.995843,6.98145e-06,1,0.941507,-0.218975,-0.183986,0.161554,0.399362,-0.381526,0.806384,-1.07726,0.136384,-0.183754,4.41949,-0.0571798,3.48475,-9.84603,1.01916,5.76128,-13.2323,13.9579,1.26266,
577,0.981357,0.999217,3.26246e-07,-1,-1,-0.597322,-0.196217,0.0557082,-0.253362,0.498789,0.283806,-0.350154,-0.0245934,-0.46264,5.13217,-0.452841,-4.31101,-12.9094,17.6433,-14.537,23.5805,-6.5459,-7.53464,
578,0.996283,-0.893969,1,-1,-1,-0.586342,-0.20734,-0.0412087,-0.0794407,0.58094,-0.28726,0.202669,-0.229916,-0.455386,5.59446,0.0160365,-0.994176,10.9196,-4.70611,-6.18492,2.01925,-1.85819,3.64845,
579,-0.498446,-0.859712,1,-1,0.991128,-0.265653,-0.170023,0.0406842,0.540189,-0.154526,0.139007,-0.210233,-0.307243,-0.221369,5.32901,0.598126,2.36096,10.0487,-17.9468,14.9813,-12.8983,-1.7558,4.4142,
580,-0.974173,0.994904,7.19072e-06,1,0.958341,-0.117284,-0.15525,0.189963,0.329893,-0.477748,0.758717,-1.02762,0.187357,-0.0995042,3.91479,-0.00378633,3.00005,-9.8165,0.358627,6.85631,-13.6565,12.6098,1.09366,
581,0.978009,0.998835,5.65945e-07,-1,-1,-0.483318,-0.172895,0.0568676,-0.315331,0.488354,0.302897,-0.336118,-0.0134486,-0.385038,4.74695,-0.554416,-4.98018,-12.3586,19.3328,-13.8534,22.6538,-8.01371,-8.47802,
582,0.998015,-0.953254,1,-1,-1,-0.611504,-0.179618,-0.0633132,-0.0661245,0.605379,-0.269352,0.183005,-0.25426,-0.471948,5.23202,0.148506,-1.43266,12.4779,-4.41862,-6.43058,1.41621,-2.53275,2.08251,
583,-0.44687,-0.848602,1,-1,0.987559,-0.346959,-0.138889,-0.00867938,0.554328,-0.136494,0.0929925,-0.248066,-0.343062,-0.284893,5.09443,0.856784,2.32253,9.6753,-16.0035,12.6396,-13.177,-1.79941,3.95358,
584,-0.959567,0.993886,9.70768e-06,1,0.968865,-0.196217,-0.108785,0.141902,0.345355,-0.445661,0.710984,-1.05094,0.166837,-0.165148,3.79471,0.353519,3.00978,-9.51637,-0.226518,7.95207,-13.057,13.078,1.33261,
585,0.964042,0.999031,5.08509e-07,-1,-1,-0.344391,-0.123897,0.0384751,-0.286096,0.454439,0.293568,-0.352354,0.200264,-0.282929,5.10541,-0.666411,-4.18927,-12.4656,19.1179,-13.0446,20.5151,-10.7537,-10.4175,
586,0.99759,-0.926315,1,-1,-1,-0.553762,-0.137998,-0.0513492,-0.0711867,0.598177,-0.255775,0.149613,-0.254001,-0.433599,5.63005,-0.0126338,-0.859203,11.7815,-3.77157,-6.29733,1.66949,-6.49828,1.26557,
587,-0.633792,-0.865882,1,-1,0.98838,-0.341375,-0.120136,-0.00943264,0.554499,-0.206998,0.188523,-0.280359,-0.432456,-0.280618,5.3854,0.304312,1.7603,10.2007,-14.8277,13.0811,-13.3475,-2.15436,3.41624,
588,-0.923811,0.995441,6.27958e-06,1,0.969621,-0.218576,-0.115463,0.117592,0.318408,-0.392921,0.762795,-1.08,0.126104,-0.183429,4.04623,-0.0716043,2.69981,-9.95199,3.46743,8.05205,-12.6908,14.4857,1.04352,
589,0.988536,0.998431,1.83466e-06,-1,-1,-0.382305,-0.142247,0.00644138,-0.267141,0.527071,0.311948,-0.351535,0.209304,-0.311642,5.38385,-0.745873,-4.22198,-11.1824,18.2742,-13.8229,20.9935,-11.3051,-11.3259,
590,0.999089,-0.925137,1,-1,-1,-0.630104,-0.160743,-0.0815906,-0.0127512,0.631435,-0.257507,0.157917,-0.262562,-0.484056,5.78075,-0.140233,-0.876488,11.8699,-4.47922,-6.42133,1.63688,-6.69961,1.13525,
591,-0.49811,-0.825495,1,-1,0.990352,-0.409858,-0.144357,-0.0264428,0.593365,-0.154405,0.195833,-0.285809,-0.446054,-0.332112,5.48577,0.241845,1.98102,9.66043,-16.6874,14.3633,-13.7598,-2.11209,3.50595,
592,-0.927403,0.995742,5.90332e-06,1,0.948509,-0.267628,-0.139834,0.115479,0.371449,-0.397288,0.792638,-1.09184,0.120658,-0.222942,4.15267,-0.0611509,2.92958,-10.0138,0.889991,6.15155,-12.7072,14.7899,1.36688,
593,0.975144,0.999148,4.45672e-07,-1,-1,-0.423307,-0.167144,0.00472476,-0.259318,0.480318,0.283283,-0.342773,0.191772,-0.341981,5.28703,-0.72975,-4.62567,-12.5975,18.3342,-14.3386,21.9551,-13.1143,-12.279,
594,0.999085,-0.951181,1,-1,-1,-0.658893,-0.183731,-0.110488,-0.0518196,0.631292,-0.270392,0.178262,-0.303704,-0.502594,5.78588,0.121895,-1.02772,12.838,-0.330403,-5.04283,1.2035,-6.71994,2.60137,
595,-0.354446,-0.854366,1,-1,0.99065,-0.383342,-0.14627,-0.0463737,0.59723,-0.105985,0.187938,-0.298359,-0.463524,-0.312419,5.54943,0.646153,2.13113,10.1426,-17.8253,14.5914,-14.2259,-1.43242,3.79382,
596,-0.95955,0.993761,1.4773e-05,1,0.948122,-0.238631,-0.123547,0.0964196,0.420596,-0.445629,0.782504,-1.10055,0.130218,-0.199687,4.24954,0.283157,2.85985,-9.09649,-0.402822,6.128,-12.4059,15.13,1.31929,
597,0.982539,0.999299,3.35992e-07,-1,-1,-0.370812,-0.131836,0.00289977,-0.201938,0.502806,0.317862,-0.360335,0.228898,-0.303004,5.46211,-0.493694,-3.6916,-12.88,19.5059,-14.0131,21.1232,-10.0761,-10.0586,
598,0.999471,-0.859792,1,-1,-1,-0.55371,-0.143451,-0.0608572,-0.0412842,0.647298,-0.261218,0.18058,-0.213884,-0.433564,5.94398,0.0176244,-0.264132,10.5577,-4.23054,-6.66738,2.40904,-6.47124,1.62756,
599,-0.65738,-0.791401,1,-1,0.987562,-0.320256,-0.126877,-0.00106219,0.527048,-0.217198,0.200248,-0.229756,-0.400276,-0.264328,5.71189,0.382489,2.30557,9.41585,-12.5691,12.6412,-13.2359,-2.57134,3.61643,
600,-0.889507,0.996712,3.98266e-06,1,0.948025,-0.193726,-0.119134,0.150847,0.277142,-0.357129,0.738091,-1.05526,0.131653,-0.163102,4.36149,-0.0442898,3.15918,-10.4073,1.87305,6.12211,-13.5629,14.0667,1.03424,
601,0.980235,0.998312,2.7266e-06,-1,-1,-0.448875,-0.142948,0.0410593,-0.306176,0.495148,0.267329,-0.344844,0.105732,-0.360521,5.66939,-0.668781,-4.30464,-10.7862,17.1221,-13.4834,22.6969,-8.09326,-8.43691,
602,0.995869,-0.922936,1,-1,-1,-0.558159,-0.16065,-0.0413394,-0.0411148,0.576482,-0.268168,0.206655,-0.197475,-0.436563,6.01812,-0.146148,-0.734188,12,-4.38435,-5.72722,2.28502,-3.97229,2.31962,
603,-0.596006,-0.781188,1,-1,0.986569,-0.290035,-0.146445,0.0156405,0.554623,-0.191416,0.169757,-0.204884,-0.335049,-0.240698,5.72004,0.36004,2.4082,9.30561,-13.1226,12.162,-13.2629,-2.52199,3.98919,
604,-0.900437,0.996918,3.5501e-06,1,0.956037,-0.153668,-0.138616,0.180168,0.295796,-0.367566,0.722699,-1.04751,0.156285,-0.129954,4.39331,-0.0610499,3.43868,-10.5223,1.31039,6.67028,-14.0497,12.9234,1.03248,
605,0.978428,0.998591,1.62479e-06,-1,-1,-0.498035,-0.16164,0.0717645,-0.310515,0.489593,0.274081,-0.358992,0.0146881,-0.395356,5.52048,-0.628429,-4.44909,-11.3039,17.3379,-13.2407,22.841,-8.52193,-8.93276,
606,0.99573,-0.927561,1,-1,-1,-0.641934,-0.177141,-0.022436,-0.0538574,0.57506,-0.264378,0.182156,-0.252685,-0.491702,5.94727,-0.0903624,-0.984044,12.0821,-4.3485,-5.91027,1.93231,-2.92976,2.06237,
607,-0.586891,-0.803407,1,-1,0.986936,-0.369854,-0.159837,0.0257853,0.558448,-0.18778,0.169078,-0.232591,-0.345098,-0.302282,5.69089,0.380848,2.16177,9.54268,-13.8393,12.3327,-13.0283,-1.77174,4.01812,
608,-0.917328,0.996872,3.48789e-06,1,0.956066,-0.210392,-0.150171,0.177439,0.304363,-0.385396,0.725769,-1.04748,0.166503,-0.176756,4.33335,-0.0216898,3.15999,-10.54,1.14094,6.67255,-13.4362,13.1054,1.45622,
609,0.974704,0.99879,1.03421e-06,-1,-1,-0.507984,-0.169244,0.0507961,-0.326923,0.479146,0.274144,-0.325994,0.031396,-0.402278,5.37768,-0.632997,-4.68713,-11.7557,17.2771,-13.3586,23.6808,-5.61406,-6.21411,
610,0.993351,-0.935532,1,-1,-1,-0.574649,-0.182732,-0.0554089,-0.0780463,0.554937,-0.270642,0.216228,-0.196024,-0.447612,5.74835,-0.0228225,-1.20192,12.1817,-4.49897,-5.99782,1.90316,-2.60769,2.68191,
611,-0.570524,-0.857599,1,-1,0.990917,-0.28802,-0.149565,0.0125223,0.562547,-0.181361,0.148949,-0.208981,-0.308258,-0.239109,5.36869,0.489846,2.08841,10.0462,-17.848,14.8051,-13.3031,-2.31221,4.21791,
612,-0.94505,0.995394,6.22169e-06,1,0.965108,-0.142001,-0.139238,0.16093,0.339667,-0.421308,0.797599,-1.04969,0.172242,-0.120222,4.00762,-0.0309346,3.18047,-9.96125,2.01423,7.50464,-14.047,12.4755,1.10354,
613,0.983878,0.99879,7.63956e-07,-1,-1,-0.428975,-0.159998,0.0483736,-0.281166,0.507612,0.307963,-0.338148,0.0520216,-0.346116,5.01026,-0.531937,-4.54582,-12.0585,18.6253,-14.4598,23.1151,-9.79011,-9.40412,
614,0.998258,-0.932544,1,-1,-1,-0.594382,-0.169107,-0.0517752,-0.0509481,0.610044,-0.276083,0.205786,-0.257875,-0.460702,5.42282,0.0855248,-1.07782,11.8105,-4.58297,-6.47439,1.72203,-3.42732,1.78625,
615,-0.562089,-0.838868,1,-1,0.988742,-0.343742,-0.139294,-0.00171537,0.560105,-0.178104,0.155738,-0.232575,-0.354806,-0.282431,5.12719,0.558776,2.03954,9.5546,-16.0851,13.2911,-13.5598,-1.59764,3.87113,
616,-0.940631,0.995294,5.57663e-06,1,0.964803,-0.196224,-0.124756,0.140691,0.318875,-0.414828,0.753463,-1.05866,0.169284,-0.165153,3.8183,0.0510521,2.95746,-10.0707,1.74376,7.47146,-13.4219,13.2786,1.30103,
617,0.978934,0.998646,1.04258e-06,-1,-1,-0.362756,-0.149833,0.0324458,-0.290809,0.491112,0.295358,-0.343687,0.178746,-0.296915,5.09,-0.677398,-4.47872,-11.7476,18.6039,-13.7296,21.5051,-12.7803,-11.6073,
618,0.99817,-0.937907,1,-1,-1,-0.630347,-0.163081,-0.0716563,-0.0448802,0.608306,-0.264804,0.161919,-0.302893,-0.484213,5.52509,0.00528685,-1.23015,12.0821,-4.1671,-6.21903,1.21946,-6.32858,0.876762,
619,-0.444112,-0.83526,1,-1,0.988542,-0.424122,-0.132237,-0.0206669,0.56813,-0.135552,0.129673,-0.302759,-0.457945,-0.342576,5.39244,0.620064,2.06704,9.72091,-16.1228,13.1738,-13.9522,-1.54296,3.37759,
620,-0.954387,0.994664,9.23654e-06,1,0.962793,-0.281594,-0.111678,0.112107,0.358237,-0.43634,0.728762,-1.09077,0.130106,-0.234032,4.09593,0.208241,2.56394,-9.56612,0.00442612,7.26313,-12.1108,15.052,1.43835,
621,0.970647,0.999127,7.26737e-07,-1,-1,-0.285715,-0.132226,0.000484001,-0.262441,0.468979,0.299788,-0.319305,0.339746,-0.23729,5.81512,-0.986774,-3.48324,-12.1085,18.3571,-13.3428,24.0405,-0.0458599,-1.3192,
622,0.997683,-0.900694,1,-1,-1,-0.449086,-0.15121,-0.0856088,-0.0649227,0.599665,-0.258312,0.250095,-0.152272,-0.360673,5.83861,-0.0894042,-0.747155,11.2722,-4.09737,-6.42912,2.54981,-7.4637,1.7705,
623,-0.467466,-0.831628,1,-1,0.98862,-0.227335,-0.123046,-0.0132538,0.53915,-0.143594,0.135492,-0.19579,-0.383486,-0.190546,5.55947,0.551398,2.42339,9.80682,-16.0636,13.2189,-14.4535,-3.18183,3.54087,
624,-0.955549,0.994525,1.16605e-05,1,0.961082,-0.126266,-0.111208,0.139747,0.339447,-0.438362,0.728413,-1.07316,0.133617,-0.107048,4.30964,-0.031211,3.05568,-9.33308,0.164114,7.09864,-14.2448,13.8861,0.542036,
625,0.971015,0.999047,6.9294e-07,-1,-1,-0.334753,-0.139507,0.0257831,-0.269633,0.469858,0.285246,-0.343618,0.178522,-0.27553,5.5246,-0.756721,-4.65016,-12.1561,19.1943,-13.201,22.1177,-11.8014,-11.7588,
626,0.998311,-0.91109,1,-1,-1,-0.60056,-0.158777,-0.0868867,-0.0551064,0.611147,-0.258307,0.1876,-0.269577,-0.464771,5.93858,-0.09756,-1.34541,11.6083,-3.87724,-6.10715,1.62202,-5.93132,0.922056,
627,-0.340507,-0.834968,1,-1,0.988621,-0.39177,-0.130019,-0.0349239,0.562375,-0.101544,0.139672,-0.269305,-0.426706,-0.318712,5.79681,0.604584,2.1777,10.0505,-15.6069,13.2196,-14.0207,-1.86588,3.45074,
628,-0.952305,0.993214,2.29445e-05,0.999999,0.960437,-0.25288,-0.110958,0.106401,0.394717,-0.432808,0.729581,-1.07978,0.136818,-0.211153,4.55939,0.178473,2.81185,-8.65621,-0.811431,7.03938,-12.7592,14.5348,1.34026,
629,0.961084,0.9994,4.49659e-07,-1,-1,-0.252432,-0.133193,0.00853067,-0.228272,0.448554,0.286981,-0.323655,0.341826,-0.210794,6.22434,-1.08074,-3.10812,-12.5886,18.3786,-13.2644,24.0957,1.64626,0.044449,
630,0.997652,-0.847197,1,-1,-1,-0.4444,-0.149537,-0.089339,-0.0761306,0.59916,-0.259231,0.276506,-0.168394,-0.357297,6.09377,-0.0139341,-0.995309,10.4785,-3.78578,-6.25735,2.72565,-7.28861,1.5005,
631,-0.380948,-0.837561,1,-1,0.988999,-0.231548,-0.115302,-0.0282632,0.525661,-0.114532,0.148101,-0.180062,-0.378446,-0.19396,5.80995,0.678515,2.22236,10.0991,-15.5223,13.4465,-14.764,-2.74602,3.51067,
632,-0.953846,0.992588,2.94591e-05,0.999999,0.957983,-0.127986,-0.0984066,0.117374,0.36848,-0.435412,0.733014,-1.06857,0.148285,-0.10849,4.62782,0.0634726,2.97106,-8.40629,-0.583517,6.82639,-14.4741,13.8679,0.610632,
633,0.965999,0.999236,8.38732e-07,-1,-1,-0.200579,-0.125013,0.019403,-0.225591,0.458529,0.284416,-0.331308,0.308605,-0.168726,6.34253,-1.11698,-3.12978,-11.9652,18.5818,-13.2572,23.809,1.18854,-1.08204,
634,0.99854,-0.850426,1,-1,-1,-0.402667,-0.143244,-0.0745315,-0.0532206,0.616175,-0.256152,0.272852,-0.174467,-0.326802,6.19947,-0.0665114,-0.89795,10.6163,-3.71553,-6.11855,2.79373,-6.74973,1.25823,
635,-0.450242,-0.799517,1,-1,0.987223,-0.205312,-0.119342,-0.0255993,0.528759,-0.137648,0.174661,-0.172579,-0.365906,-0.172603,5.92137,0.567824,2.22866,9.68542,-13.1014,12.4711,-14.5027,-2.63662,3.35209,
636,-0.91249,0.994334,1.79588e-05,1,0.95361,-0.113015,-0.105271,0.128545,0.342168,-0.380046,0.72496,-1.06199,0.151917,-0.0959133,4.74163,0.0405137,3.24654,-8.90121,-0.00742081,6.48941,-14.6706,13.5735,0.441128,
637,0.973967,0.998969,1.14976e-06,-1,-1,-0.321287,-0.126798,0.0325619,-0.233463,0.477214,0.277136,-0.346004,0.173093,-0.265128,5.92941,-0.57344,-4.19112,-11.6497,18.2891,-13.0518,22.2973,-11.6255,-11.1724,
638,0.998284,-0.861521,1,-1,-1,-0.559843,-0.141761,-0.0596762,-0.0376812,0.610586,-0.254488,0.195989,-0.260156,-0.437696,6.28906,-0.0464784,-0.963139,10.8718,-3.80364,-5.93565,1.86683,-5.63081,1.07843,
639,-0.497169,-0.799801,1,-1,0.988555,-0.348128,-0.122465,-0.0181864,0.54804,-0.154069,0.197716,-0.247713,-0.405286,-0.285786,6.04471,0.395997,1.93403,9.79069,-13.6089,13.1812,-13.7899,-1.81021,3.49104,
640,-0.912719,0.995825,9.40472e-06,1,0.946965,-0.217011,-0.113748,0.118762,0.339115,-0.380295,0.744233,-1.07046,0.14688,-0.182154,4.76901,-0.0249776,2.84497,-9.54808,0.511319,6.05896,-13.2068,14.1712,1.18031,
641,0.972838,0.999091,9.08653e-07,-1,-1,-0.369576,-0.140487,0.00600446,-0.260382,0.474331,0.271027,-0.335156,0.197421,-0.302072,5.97746,-0.711232,-4.57649,-11.8851,17.9821,-13.475,22.5224,-11.7048,-10.745,
642,0.996885,-0.878403,1,-1,-1,-0.585152,-0.159752,-0.105556,-0.0561932,0.588171,-0.267233,0.21112,-0.248227,-0.454597,6.31757,-0.115681,-1.37488,11.1992,-4.01679,-5.87072,1.8275,-5.88793,1.389,
643,-0.380671,-0.833073,1,-1,0.991229,-0.3584,-0.12983,-0.0481163,0.579787,-0.114442,0.19192,-0.251232,-0.410437,-0.293611,5.97657,0.437494,1.90321,10.1717,-17.6536,15.0676,-14.2897,-1.92462,3.63462,
644,-0.94029,0.993956,2.04649e-05,0.999999,0.952319,-0.220628,-0.120685,0.0885492,0.412929,-0.414342,0.807015,-1.08668,0.14352,-0.185098,4.72849,-0.00502844,2.8771,-8.77058,0.452681,6.39889,-13.3102,14.2443,1.23223,
645,0.974037,0.99941,4.96423e-07,-1,-1,-0.238019,-0.146821,-0.00251291,-0.202419,0.477395,0.294835,-0.329923,0.324748,-0.199193,6.39089,-1.10565,-2.88886,-12.4896,18.0996,-14.5363,24.0558,1.41912,-0.222119,
646,0.998496,-0.820711,1,-1,-1,-0.463614,-0.161459,-0.101716,-0.0589231,0.615162,-0.276809,0.28759,-0.19661,-0.371076,6.15428,0.0135634,-1.05674,10.1475,-4.09396,-6.30969,2.75366,-6.99971,1.1978,
647,-0.259583,-0.821931,1,-1,0.989344,-0.258988,-0.122787,-0.0384056,0.528331,-0.0764048,0.136196,-0.178326,-0.383969,-0.216046,5.90055,0.819462,2.38953,9.95442,-15.035,13.6633,-14.9809,-2.32427,3.46411,
648,-0.949844,0.989613,7.13744e-05,0.999995,0.959748,-0.149355,-0.0979352,0.114628,0.403207,-0.428774,0.731146,-1.06593,0.154842,-0.126361,4.80226,0.233994,3.1152,-7.52135,-1.42874,6.97762,-14.4138,13.9649,0.767611,
649,0.963479,0.999348,6.15073e-07,-1,-1,-0.209685,-0.114595,0.0321167,-0.18393,0.453293,0.290492,-0.339058,0.311116,-0.176178,6.38442,-0.918833,-2.7681,-12.2753,18.7044,-13.1344,23.5627,1.01776,-0.906532,
650,0.998964,-0.786199,1,-1,-1,-0.398871,-0.128488,-0.0433685,-0.0506828,0.627419,-0.250642,0.259732,-0.172737,-0.32399,6.30138,0.00391265,-0.509282,9.84235,-3.504,-6.24332,2.90253,-6.86336,1.35512,
651,-0.750042,-0.759686,1,-1,0.990799,-0.196767,-0.113775,-0.00798295,0.501423,-0.261983,0.23022,-0.171115,-0.361039,-0.165599,5.63963,-0.0368872,0.899191,9.00781,-19.1608,14.709,-14.1217,-2.25289,3.48634,
652,-0.83329,0.99667,4.41788e-06,1,0.932829,-0.102413,-0.125248,0.111651,0.28308,-0.312417,0.837013,-1.05838,0.160773,-0.086981,4.45342,-0.46606,2.78761,-10.3036,3.39538,5.3642,-14.9378,13.5675,0.442549,
653,0.989367,0.99763,6.17332e-06,-1,-1,-0.321957,-0.165943,-0.00554773,-0.251125,0.531145,0.278426,-0.331957,0.151449,-0.265647,5.76058,-0.769662,-4.72629,-9.96905,16.7716,-15.0636,23.1808,-13.2623,-11.8455,
654,0.998187,-0.899956,1,-1,-1,-0.59569,-0.188567,-0.125593,0.00524613,0.608633,-0.28436,0.206803,-0.30196,-0.461565,5.94422,-0.224092,-1.65852,11.3423,-4.39544,-5.70857,1.31445,-5.45522,0.784667,
655,-0.243121,-0.775301,1,-1,0.99127,-0.397296,-0.161257,-0.0655673,0.638977,-0.0714039,0.240952,-0.282306,-0.435859,-0.322822,5.61125,0.413568,2.09879,9.15052,-17.4127,15.1027,-14.6547,-1.32274,3.39317,
656,-0.920111,0.99316,2.12382e-05,0.999999,0.930047,-0.259979,-0.14789,0.0860273,0.459298,-0.388573,0.821761,-1.10527,0.141036,-0.216838,4.44501,0.134653,3.14411,-8.73349,-0.388893,5.2527,-12.776,14.5755,1.32951,
657,0.97221,0.999492,1.61616e-07,-1,-1,-0.410451,-0.160955,-0.000295211,-0.178588,0.472768,0.280916,-0.361334,0.187837,-0.332549,5.42537,-0.528087,-3.86936,-13.6118,18.4841,-14.6442,21.2555,-12.6313,-11.6032,
658,0.998094,-0.798299,1,-1,-1,-0.661367,-0.177134,-0.0946342,-0.0740587,0.606852,-0.284824,0.165045,-0.293339,-0.504177,5.91989,-0.059343,-1.04039,9.66948,-3.96562,-6.10616,1.77303,-6.36961,1.46538,
659,-0.292662,-0.857723,1,-1,0.991374,-0.426809,-0.142912,-0.0231245,0.538666,-0.0865608,0.16972,-0.281532,-0.452433,-0.344538,5.74434,0.535783,2.05769,10.3584,-17.4687,15.194,-13.6768,-1.50632,3.59656,
660,-0.960337,0.989004,6.33094e-05,0.999996,0.956266,-0.27514,-0.128726,0.104529,0.419558,-0.44712,0.784805,-1.06688,0.13671,-0.228917,4.50537,0.0840163,2.56137,-7.64126,-0.493815,6.68812,-12.3902,15.052,1.51825,
661,0.975738,0.999306,3.32087e-07,-1,-1,-0.399815,-0.14881,-0.00127179,-0.186359,0.481926,0.307373,-0.35759,0.221311,-0.32469,5.4732,-0.634166,-4.2271,-12.8917,19.7534,-13.9886,21.117,-11.6176,-10.6541,
662,0.999469,-0.841706,1,-1,-1,-0.616636,-0.167421,-0.103471,-0.0412518,0.647181,-0.261886,0.168794,-0.25921,-0.4753,5.93559,-0.101739,-1.10475,10.2642,-3.79941,-6.46841,1.8826,-6.7688,1.36938,
663,-0.190685,-0.823252,1,-1,0.989119,-0.390919,-0.137675,-0.0395171,0.5455,-0.0556735,0.142974,-0.270677,-0.444123,-0.318078,5.86686,0.644704,2.38413,9.94447,-15.5601,13.5206,-13.7096,-2.159,3.50618,
664,-0.954224,0.988164,8.76211e-05,0.999993,0.958299,-0.253143,-0.116201,0.10369,0.43138,-0.436059,0.729595,-1.06355,0.124938,-0.211364,4.70299,0.232249,2.80687,-7.31627,-1.81944,6.85276,-12.5533,14.8822,1.31348,
665,0.961025,0.999461,2.27389e-07,-1,-1,-0.383156,-0.131033,0.00635922,-0.184061,0.44844,0.289118,-0.360913,0.226248,-0.312279,5.68438,-0.620162,-4.01599,-13.2704,19.4943,-13.0464,20.8296,-10.4353,-10.2098,
666,0.998809,-0.79876,1,-1,-1,-0.575509,-0.151137,-0.0873003,-0.065554,0.622949,-0.25276,0.170212,-0.228673,-0.448185,6.17616,-0.137633,-0.912521,9.88663,-3.45742,-6.26852,2.20107,-6.63832,1.55092,
667,-0.329274,-0.836781,1,-1,0.989775,-0.345748,-0.129356,-0.0284006,0.529612,-0.0979918,0.180867,-0.250448,-0.420405,-0.283967,5.98482,0.371818,2.01982,10.2321,-15.8419,13.9502,-13.4015,-2.39239,3.58615,
668,-0.930325,0.986505,0.000133231,0.999986,0.976923,-0.214983,-0.123284,0.102266,0.402003,-0.400953,0.77831,-1.0536,0.130453,-0.180502,4.86122,-0.0547345,2.779,-6.8972,2.82204,9.25567,-12.9127,14.3456,1.11463,
669,0.99224,0.998815,1.26422e-06,-1,-1,-0.379077,-0.141707,0.0198948,-0.137087,0.547403,0.351089,-0.363268,0.193956,-0.309222,5.67625,-0.364493,-3.66715,-11.5548,19.4087,-13.7009,21.4584,-12.4125,-11.4286,
670,0.999961,-0.807357,1,-1,-1,-0.635933,-0.149847,-0.048508,0.0285725,0.704295,-0.233995,0.163512,-0.288075,-0.487828,6.05111,0.0654078,-0.430547,9.88922,-4.12419,-7.0239,1.78547,-6.49009,1.01032,
671,-0.697039,-0.681327,1,-0.999998,0.990666,-0.417454,-0.134849,-0.00536731,0.538346,-0.235328,0.228231,-0.275614,-0.440736,-0.337696,5.50388,-0.00540563,1.13834,8.17931,-20.4614,14.6036,-13.6183,-1.30944,3.57777,
672,-0.810843,0.996778,3.50401e-06,1,0.833738,-0.269121,-0.141707,0.110001,0.303963,-0.297439,0.832549,-1.07753,0.139311,-0.224131,4.2597,-0.305368,2.52061,-10.5354,3.752,3.32103,-12.8479,14.7977,1.47806,
673,0.98828,0.997891,4.06512e-06,-1,-1,-0.406868,-0.176422,-0.00753527,-0.250686,0.525861,0.242906,-0.326722,0.161065,-0.329907,5.56369,-0.760098,-4.58007,-10.3868,16.1866,-14.9237,22.6814,-13.8795,-11.4751,
674,0.999799,-0.956949,1,-1,-1,-0.664989,-0.193576,-0.111852,0.0281953,0.671607,-0.263847,0.191983,-0.323472,-0.506491,5.8559,0.0496236,-0.887068,13.1771,-0.931108,-3.76604,0.840336,-6.10762,1.129,
675,-0.286675,-0.738285,1,-0.999999,0.989817,-0.443448,-0.164937,-0.0491031,0.627343,-0.0847115,0.226011,-0.302908,-0.460127,-0.35661,5.57326,0.53236,2.29835,8.7398,-17.9788,13.9787,-14.6146,-1.18486,3.49415,
676,-0.912273,0.99373,1.69779e-05,1,0.938563,-0.292578,-0.145762,0.104215,0.433021,-0.379812,0.802393,-1.10734,0.133271,-0.2427,4.40501,0.250225,3.09279,-8.95738,0.262072,5.61729,-12.2973,14.9806,1.52177,
677,0.975743,0.999368,2.59558e-07,-1,-1,-0.429837,-0.154119,0.0163105,-0.193362,0.481939,0.282449,-0.357714,0.200197,-0.346744,5.42425,-0.412738,-3.90519,-13.1381,18.2896,-14.3378,21.3305,-12.7844,-11.7375,
678,0.998186,-0.827278,1,-1,-1,-0.651243,-0.163421,-0.0759476,-0.0631848,0.608608,-0.278432,0.166984,-0.293764,-0.49769,5.90189,0.0762081,-1.00855,10.0286,-4.03543,-6.10452,1.68937,-6.63769,2.48997,
679,-0.351298,-0.837074,1,-1,0.989494,-0.379481,-0.12802,-0.0174873,0.525587,-0.104979,0.144465,-0.280877,-0.453646,-0.309525,5.79445,0.694418,2.10554,10.0792,-15.4616,13.7614,-13.7028,-1.52106,3.77873,
680,-0.951651,0.991508,3.75609e-05,0.999998,0.958737,-0.234673,-0.105281,0.112594,0.380473,-0.431723,0.737687,-1.06763,0.135693,-0.196489,4.56071,0.246261,2.56462,-8.16333,-0.732453,6.88981,-12.3732,15.0713,1.34011,
681,0.962756,0.999293,5.75697e-07,-1,-1,-0.262239,-0.124675,0.00679776,-0.22587,0.451838,0.286243,-0.327752,0.330772,-0.218644,6.08953,-0.947598,-3.44888,-12.3415,18.5517,-13.3667,23.4535,-0.935258,-2.10835,
682,0.997866,-0.84476,1,-1,-1,-0.40634,-0.145035,-0.081208,-0.0670333,0.602735,-0.260286,0.257159,-0.141366,-0.329517,6.13622,-0.121148,-0.766483,10.4761,-3.75449,-6.19977,2.8591,-7.13897,1.86422,
683,-0.43835,-0.799153,1,-1,0.985788,-0.186698,-0.122843,-0.0224679,0.514912,-0.133593,0.15333,-0.173129,-0.363095,-0.157318,5.92102,0.583619,2.49839,9.68073,-12.4662,11.8207,-14.1984,-3.24155,3.49262,
684,-0.905047,0.993391,2.5456e-05,0.999999,0.959366,-0.0963537,-0.107121,0.141518,0.342655,-0.372208,0.709489,-1.05582,0.138335,-0.081867,4.7555,0.0899953,3.43593,-8.55234,-0.16272,6.94404,-14.6806,13.4786,0.323681,
685,0.974973,0.998858,1.32736e-06,-1,-1,-0.322461,-0.124975,0.0566508,-0.220116,0.47986,0.283158,-0.345996,0.160167,-0.266038,5.83325,-0.415401,-4.07579,-11.5061,18.3576,-12.7472,22.514,-12.456,-12.0118,
686,0.998717,-0.857154,1,-1,-1,-0.601059,-0.13315,-0.0310285,-0.027973,0.62051,-0.245814,0.194536,-0.284143,-0.465099,6.18691,0.0908065,-0.889462,10.7144,-3.7069,-6.02647,1.688,-5.57048,0.78853,
687,-0.786994,-0.763563,1,-1,0.990833,-0.391154,-0.117548,-0.0121404,0.536025,-0.282759,0.241161,-0.258499,-0.408934,-0.318253,5.57273,-0.0398813,0.631443,8.99293,-19.4184,14.7369,-13.8829,-1.05979,3.60701,
688,-0.810609,0.997302,2.54856e-06,1,0.858354,-0.245102,-0.12441,0.0960864,0.295704,-0.297289,0.834484,-1.08507,0.156812,-0.204903,4.34501,-0.301724,2.52992,-10.8538,4.08921,3.62212,-13.3756,14.2231,1.41897,
689,0.989225,0.997901,5.19902e-06,-1,-1,-0.370357,-0.158769,-0.0233085,-0.256773,0.53043,0.247879,-0.334309,0.179676,-0.302661,5.87428,-0.876996,-4.28902,-10.1408,15.9903,-15.0081,22.1281,-11.3139,-9.70647,
690,0.998899,-0.944721,1,-1,-1,-0.545361,-0.185811,-0.115352,0.00849322,0.625466,-0.281468,0.19604,-0.252469,-0.427915,6.18084,-0.189031,-0.631354,12.8852,-0.741786,-4.02572,1.62644,-5.8674,1.5582,
691,-0.366285,-0.77596,1,-1,0.991465,-0.322935,-0.167384,-0.0349346,0.621398,-0.109785,0.227961,-0.262149,-0.416775,-0.266405,5.79877,0.266191,2.50483,9.31257,-17.4291,15.275,-14.133,-2.08368,3.51574,
692,-0.935826,0.995311,1.00185e-05,1,0.942775,-0.201097,-0.162965,0.130036,0.404229,-0.408162,0.805611,-1.09152,0.133206,-0.169151,4.53711,-0.0896234,3.32959,-9.48486,0.800505,5.82664,-13.1164,14.2591,0.988297,
693,0.981268,0.999327,2.69788e-07,-1,-1,-0.514747,-0.181211,0.0264065,-0.236543,0.498496,0.288515,-0.342116,0.0483269,-0.40696,5.30371,-0.485083,-4.41489,-13.0994,18.5565,-14.4313,23.5666,-10.4742,-10.2566,
694,0.997963,-0.884164,1,-1,-1,-0.602539,-0.191729,-0.0774051,-0.0723182,0.604427,-0.282357,0.217548,-0.273825,-0.466072,5.7163,0.0742735,-1.17546,10.8156,-4.54811,-6.24645,1.79363,-3.38926,3.65114,
695,-0.408718,-0.857598,1,-1,0.991152,-0.286745,-0.149355,-0.00394451,0.550678,-0.123653,0.149014,-0.229638,-0.360284,-0.238103,5.45948,0.707182,2.23225,10.1212,-18.0954,15.0012,-13.6887,-1.20973,4.26987,
696,-0.963611,0.992275,2.2383e-05,0.999999,0.96592,-0.141275,-0.129558,0.140515,0.376469,-0.453561,0.782269,-1.05268,0.178512,-0.119616,4.18507,0.140483,2.97205,-8.68099,0.918174,7.59511,-13.3801,13.4355,1.11073,
697,0.97962,0.999052,5.0624e-07,-1,-1,-0.392026,-0.14392,0.0298109,-0.242387,0.493219,0.30951,-0.349109,0.10689,-0.318903,5.1577,-0.48596,-4.36085,-12.47,19.4244,-14.0827,22.7168,-8.67734,-8.30063,
698,0.998998,-0.90424,1,-1,-1,-0.501959,-0.153944,-0.0608528,-0.0497792,0.628479,-0.267049,0.209576,-0.208857,-0.398091,5.59287,0.0621139,-0.79553,11.1528,-4.26512,-6.52664,2.32779,-4.01618,2.1674,
699,-0.542961,-0.80501,1,-1,0.986056,-0.253237,-0.126409,-0.00297718,0.532778,-0.170841,0.147923,-0.201663,-0.338457,-0.211439,5.36367,0.639686,2.41907,9.29237,-14.0963,11.9346,-13.2304,-2.29168,3.81053,
700,-0.92734,0.995353,6.67755e-06,1,0.960147,-0.131745,-0.107689,0.155602,0.300825,-0.39721,0.710634,-1.03729,0.162106,-0.111642,4.06972,0.123238,3.2633,-9.89054,0.685475,7.01317,-13.9302,13.0426,0.832312,
701,0.973122,0.998607,1.47106e-06,-1,-1,-0.380369,-0.129443,0.0564613,-0.299474,0.475047,0.277095,-0.364402,0.124733,-0.310191,5.43107,-0.729859,-4.04614,-11.4033,18.0581,-13.012,21.2384,-8.60834,-9.07892,
702,0.997016,-0.926106,1,-1,-1,-0.529519,-0.149284,-0.0179229,-0.0496417,0.589897,-0.257361,0.159141,-0.225511,-0.417119,5.90463,-0.181126,-0.541258,12.0017,-4.01942,-5.92826,2.16349,-4.87623,1.80238,
703,-0.741933,-0.80146,1,-1,0.986852,-0.293422,-0.145712,0.0280672,0.554933,-0.257691,0.216204,-0.24043,-0.374955,-0.243364,5.60689,0.103087,2.06598,9.44943,-12.311,12.2928,-12.7944,-2.3692,3.65133,
704,-0.882372,0.997836,1.36891e-06,1,0.944804,-0.170948,-0.149114,0.176237,0.261799,-0.350696,0.739606,-1.05496,0.141797,-0.144307,4.17716,-0.255786,3.13666,-11.4753,2.65124,5.93589,-13.46,13.564,0.930691,
705,0.981346,0.998145,2.85887e-06,-1,-1,-0.501188,-0.180439,0.0493309,-0.348634,0.498753,0.26173,-0.34631,0.0338217,-0.397554,5.47724,-0.853615,-4.64603,-10.7389,16.4734,-13.6387,23.1789,-5.7481,-6.98285,
706,0.993151,-0.94755,1,-1,-1,-0.636245,-0.202219,-0.0580901,-0.0549889,0.553511,-0.275908,0.188247,-0.233041,-0.48803,5.79317,-0.222582,-1.29152,12.6831,-4.62491,-5.65616,1.86011,-3.14323,2.14632,
707,-0.512928,-0.823743,1,-1,0.990063,-0.364402,-0.178234,0.0138159,0.606483,-0.15975,0.186422,-0.240602,-0.349999,-0.298162,5.43684,0.328762,2.23722,9.59611,-17.0944,14.1514,-13.3493,-2.08435,4.03686,
708,-0.938531,0.996282,4.13013e-06,1,0.956221,-0.207585,-0.170586,0.171625,0.358005,-0.411869,0.785569,-1.06579,0.157213,-0.174462,4.07966,-0.0458507,3.29065,-10.371,1.42374,6.68458,-13.4861,13.1322,1.38696,
709,0.979699,0.999034,4.50153e-07,-1,-1,-0.545917,-0.187203,0.0500855,-0.298205,0.493462,0.290898,-0.338231,-0.00224256,-0.428292,4.96608,-0.567908,-4.63216,-12.5875,17.9687,-14.3096,23.6901,-6.10137,-6.91844,
710,0.995864,-0.932768,1,-1,-1,-0.615058,-0.198798,-0.0575222,-0.0816749,0.576429,-0.283055,0.203767,-0.225888,-0.47427,5.403,0.0286564,-1.20776,11.8016,-4.70577,-6.29538,1.82748,-2.32318,2.97781,
711,-0.511728,-0.86342,1,-1,0.990847,-0.312965,-0.157896,0.0212667,0.548843,-0.159314,0.114345,-0.221139,-0.319974,-0.258661,5.15164,0.672596,2.32626,9.96511,-18.2806,14.748,-13.1527,-1.93395,4.28364,
712,-0.970847,0.994676,7.00766e-06,1,0.965746,-0.157844,-0.139726,0.169846,0.333922,-0.469456,0.761464,-1.04165,0.177169,-0.13343,3.76743,0.0801449,2.99617,-9.84229,0.780374,7.57549,-13.5622,12.7695,1.27105,
713,0.972412,0.998921,4.95795e-07,-1,-1,-0.431623,-0.160968,0.0437914,-0.309959,0.473268,0.297285,-0.334111,0.0713623,-0.348043,4.79112,-0.609249,-4.93538,-12.4909,19.3075,-13.9121,23.0355,-9.67783,-9.25125,
714,0.997395,-0.947411,1,-1,-1,-0.588274,-0.170734,-0.0746751,-0.076442,0.5952,-0.272691,0.207747,-0.249263,-0.456665,5.23021,0.106115,-1.41521,12.2124,-4.27287,-6.36274,1.68076,-3.73838,1.86077,
715,-0.429355,-0.854578,1,-1,0.987188,-0.337824,-0.129007,-0.0179258,0.542321,-0.130551,0.0808439,-0.236915,-0.361314,-0.277892,5.09042,0.903596,2.38538,9.76706,-15.6937,12.4542,-13.6925,-1.83765,3.83265,
716,-0.958866,0.992816,1.43209e-05,1,0.970637,-0.194607,-0.0976073,0.13436,0.350186,-0.444351,0.704752,-1.05859,0.161573,-0.163826,3.83727,0.378383,3.04423,-9.12757,-0.425385,8.1922,-13.2917,13.412,1.24939,
717,0.964808,0.999013,5.66972e-07,-1,-1,-0.340608,-0.110532,0.0341507,-0.269314,0.456021,0.298025,-0.358208,0.212405,-0.28003,5.19039,-0.676013,-3.94313,-12.3567,19.1701,-12.9029,20.2674,-9.74139,-9.96269,
718,0.998094,-0.915014,1,-1,-1,-0.526438,-0.127025,-0.0418545,-0.0621707,0.606846,-0.250295,0.149237,-0.226831,-0.415008,5.71004,-0.0786052,-0.546785,11.5228,-3.70324,-6.35727,1.98724,-6.55264,1.46052,
719,-0.721815,-0.820827,1,-1,0.986137,-0.308846,-0.117215,0.00376134,0.542903,-0.247394,0.206464,-0.263104,-0.416783,-0.25545,5.47446,0.22185,1.9927,9.58779,-12.9061,11.9695,-13.0622,-2.55412,3.44169,
720,-0.899876,0.997332,1.97347e-06,1,0.948065,-0.193279,-0.116326,0.141787,0.268067,-0.367011,0.731089,-1.06874,0.122837,-0.162734,4.0651,-0.170296,2.85788,-11.1095,2.36061,6.12451,-13.0266,14.2823,0.905467,
721,0.978338,0.998331,2.1955e-06,-1,-1,-0.378791,-0.15133,0.0219668,-0.330679,0.489326,0.263144,-0.326541,0.184641,-0.309007,5.43714,-0.800716,-4.86957,-11.0029,17.3317,-13.4121,22.5449,-12.864,-12.3074,
722,0.995299,-0.94497,1,-1,-1,-0.667818,-0.168993,-0.0982624,-0.0497951,0.57086,-0.269679,0.196661,-0.288308,-0.508297,5.76087,-0.0856262,-1.62665,12.5486,-4.3111,-5.66265,1.20635,-6.09691,0.951794,
723,-0.410766,-0.844936,1,-1,0.990757,-0.448385,-0.133464,-0.0430662,0.590553,-0.124333,0.139075,-0.291562,-0.443301,-0.360168,5.51821,0.597417,1.97036,9.96854,-17.6245,14.6762,-14.5654,-1.57227,3.56009,
724,-0.951589,0.99437,1.17831e-05,1,0.961695,-0.291507,-0.114579,0.0932516,0.399229,-0.43162,0.779456,-1.10742,0.135821,-0.241858,4.24819,0.198041,2.74296,-9.32263,0.185285,7.15633,-12.5539,14.7724,1.58486,
725,0.968214,0.999358,4.27781e-07,-1,-1,-0.269498,-0.133353,-0.0119521,-0.234629,0.46337,0.298587,-0.319555,0.348732,-0.224432,5.98515,-1.00992,-3.20335,-12.6384,18.2052,-14.1905,24.6035,1.91156,0.429584,
726,0.997513,-0.863752,1,-1,-1,-0.444945,-0.152983,-0.0996187,-0.0770483,0.596983,-0.273835,0.254179,-0.156604,-0.35769,5.94481,-0.0946591,-0.791939,10.6257,-4.07912,-6.43073,2.58194,-7.57803,1.64758,
727,-0.36869,-0.836818,1,-1,0.988554,-0.229173,-0.120939,-0.0225369,0.521487,-0.110561,0.113605,-0.194929,-0.387606,-0.192037,5.73556,0.679309,2.6063,10.0268,-15.3312,13.1808,-14.5237,-3.14058,3.47968,
728,-0.95314,0.991719,3.54989e-05,0.999999,0.964973,-0.130098,-0.102507,0.136622,0.370534,-0.434211,0.72129,-1.06925,0.13259,-0.110262,4.55912,0.11707,3.19115,-8.21979,-0.687599,7.48997,-14.2234,13.9438,0.535699,
729,0.969993,0.999156,6.01524e-07,-1,-1,-0.332251,-0.122071,0.039117,-0.222568,0.467441,0.294896,-0.35488,0.186039,-0.273603,5.67609,-0.611621,-4.15217,-12.2976,19.4376,-12.9748,21.5961,-11.1465,-11.3165,
730,0.999061,-0.866111,1,-1,-1,-0.577543,-0.138644,-0.0517277,-0.0438101,0.630504,-0.248477,0.176898,-0.255462,-0.449541,6.12119,-0.0650327,-0.869702,10.8122,-3.63039,-6.26869,1.9114,-6.03837,1.05436,
731,-0.619112,-0.802357,1,-1,0.987527,-0.363652,-0.125552,-0.0179715,0.53832,-0.200841,0.213944,-0.255856,-0.413579,-0.297594,5.94227,0.340232,1.92527,9.73731,-11.3376,12.6233,-13.4604,-2.03368,3.47583,
732,-0.867623,0.996564,5.42621e-06,1,0.945104,-0.230826,-0.117835,0.12273,0.306671,-0.338205,0.744039,-1.0715,0.135572,-0.193376,4.61936,-0.00335529,3.00869,-10.0981,1.41062,5.95253,-13.1866,14.2323,1.21085,
733,0.978104,0.998608,2.15463e-06,-1,-1,-0.387593,-0.141329,0.0189414,-0.268178,0.488633,0.267422,-0.334003,0.1901,-0.315596,5.89526,-0.589526,-4.38766,-11.0217,17.1437,-13.5205,22.497,-12.2622,-11.3355,
734,0.996573,-0.892049,1,-1,-1,-0.632362,-0.154774,-0.082502,-0.0367626,0.584308,-0.266695,0.203787,-0.266811,-0.485518,6.19237,-0.0251365,-1.22878,11.3718,-4.09013,-5.72904,1.62848,-5.94143,1.21445,
735,-0.400329,-0.807353,1,-1,0.989435,-0.404187,-0.125557,-0.0322089,0.566055,-0.120879,0.163812,-0.261988,-0.421068,-0.327927,5.9532,0.572859,2.07662,9.80834,-15.2319,13.7221,-14.2726,-1.79593,3.62011,
736,-0.939837,0.99491,1.38579e-05,1,0.954692,-0.255041,-0.108587,0.107035,0.372808,-0.413701,0.743755,-1.08536,0.141916,-0.212885,4.71241,0.131509,2.78807,-9.16043,-0.173502,6.56828,-12.9283,14.4533,1.44214,
737,0.965162,0.999345,6.59896e-07,-1,-1,-0.251182,-0.132511,0.00472727,-0.243004,0.456759,0.280345,-0.320306,0.337896,-0.20979,6.46063,-1.10116,-3.18186,-12.205,17.8956,-13.5401,24.2753,1.58287,0.103046,
738,0.996998,-0.85143,1,-1,-1,-0.431364,-0.149016,-0.0946034,-0.0720278,0.589654,-0.265986,0.288766,-0.161188,-0.347854,6.28935,-0.0236161,-1.04396,10.7064,-3.94862,-6.10927,2.80832,-7.05215,1.60801,
739,-0.36864,-0.828241,1,-1,0.989159,-0.215437,-0.11446,-0.0338933,0.533141,-0.110545,0.147413,-0.169078,-0.366701,-0.180872,5.97356,0.700898,2.27506,10.1011,-15.1559,13.5457,-14.8632,-2.77655,3.54303,
740,-0.948566,0.993064,2.94016e-05,0.999999,0.958131,-0.114101,-0.0962718,0.117656,0.374813,-0.426736,0.734946,-1.06856,0.152341,-0.0968268,4.8018,0.0917553,3.12366,-8.40824,-0.640042,6.8387,-14.7317,13.6588,0.537957,
741,0.966916,0.999287,8.27062e-07,-1,-1,-0.195353,-0.120585,0.0273983,-0.217495,0.460504,0.285786,-0.334194,0.301421,-0.164438,6.50642,-1.06462,-2.96472,-11.9792,18.4791,-13.2772,23.7474,1.08875,-1.22492,
742,0.998588,-0.830524,1,-1,-1,-0.399584,-0.136265,-0.0595933,-0.0519466,0.617303,-0.255848,0.277358,-0.176505,-0.324519,6.3554,-0.0197741,-0.756654,10.4484,-3.72766,-6.14672,2.88763,-6.55823,1.23331,
743,-0.62084,-0.785694,1,-1,0.987952,-0.201051,-0.117571,-0.0231461,0.519896,-0.201559,0.212898,-0.163756,-0.356046,-0.169114,6.03076,0.460066,1.99153,9.61314,-11.0113,12.8452,-14.3592,-2.48908,3.38322,
744,-0.86045,0.996395,6.87729e-06,1,0.944298,-0.107514,-0.109157,0.126928,0.293421,-0.332472,0.745392,-1.06085,0.158444,-0.0912809,4.77904,-0.0584451,3.29358,-9.86107,1.44311,5.90809,-14.9563,13.3888,0.440628,
745,0.98092,0.998377,3.51816e-06,-1,-1,-0.321095,-0.133065,0.0308622,-0.255234,0.497355,0.268121,-0.335956,0.160041,-0.264979,6.0833,-0.523499,-4.25042,-10.5314,17.2061,-13.4769,22.9633,-12.3276,-11.4125,
746,0.997636,-0.880136,1,-1,-1,-0.570779,-0.144642,-0.0611844,-0.0179976,0.598905,-0.262487,0.21027,-0.273376,-0.445029,6.33921,0.0026094,-1.03355,11.2505,-4.04129,-5.67562,1.68357,-5.34684,1.00063,
747,-0.513808,-0.778193,1,-1,0.988833,-0.359469,-0.123356,-0.0231094,0.563084,-0.16007,0.202592,-0.24933,-0.403377,-0.294423,6.05247,0.443235,1.93032,9.54668,-13.2856,13.3455,-14.106,-1.57353,3.50634,
748,-0.899216,0.996474,6.61935e-06,1,0.945383,-0.224195,-0.111908,0.116983,0.334098,-0.366362,0.748734,-1.08047,0.151987,-0.187998,4.79169,0.034365,2.91161,-9.89929,0.776622,5.96814,-13.2302,14.1102,1.24378,
749,0.974097,0.999059,1.06677e-06,-1,-1,-0.370733,-0.135187,0.00645535,-0.263806,0.477551,0.269702,-0.336643,0.199663,-0.302945,6.08095,-0.67857,-4.43004,-11.7247,17.6247,-13.5864,22.3863,-11.3507,-10.4863,
750,0.996408,-0.874425,1,-1,-1,-0.57381,-0.153254,-0.0967121,-0.0549619,0.582363,-0.269619,0.209577,-0.239438,-0.447052,6.41943,-0.104882,-1.2099,11.2083,-4.08085,-5.83854,1.92912,-5.8696,1.48625,
751,-0.324116,-0.817037,1,-1,0.989172,-0.344265,-0.12469,-0.0387293,0.55679,-0.0963683,0.147386,-0.242877,-0.404049,-0.282832,6.20947,0.601146,2.30968,10.1443,-14.6951,13.5539,-14.1208,-2.15109,3.61792,
752,-0.939206,0.993499,3.00898e-05,0.999999,0.958604,-0.210916,-0.106213,0.112196,0.400786,-0.412812,0.736744,-1.07462,0.140735,-0.177184,5.00185,0.170188,3.07079,-8.38511,-0.850987,6.87851,-13.3189,14.1468,1.16382,
753,0.967896,0.999424,3.76581e-07,-1,-1,-0.354543,-0.122767,0.017499,-0.210581,0.46266,0.288468,-0.35117,0.210519,-0.290678,6.1212,-0.614362,-3.97846,-12.7659,18.8938,-13.2513,21.8044,-10.1071,-9.8492,
754,0.998291,-0.807685,1,-1,-1,-0.527077,-0.141919,-0.0650105,-0.0624553,0.610717,-0.257909,0.201265,-0.209792,-0.415446,6.55491,-0.123742,-0.686459,10.3093,-3.78172,-6.2411,2.39675,-5.92415,1.68911,
755,-0.455979,-0.803339,1,-1,0.988509,-0.294777,-0.125641,-0.0107751,0.523496,-0.139619,0.186255,-0.217019,-0.383107,-0.24443,6.32613,0.34465,2.14753,10.0663,-13.1959,13.1546,-13.4683,-2.44311,3.64701,
756,-0.911443,0.994841,1.90488e-05,1,0.950163,-0.171718,-0.12018,0.134556,0.34889,-0.378916,0.74013,-1.05005,0.144212,-0.144945,5.06196,-0.0958323,3.05907,-8.84229,0.12567,6.25549,-13.7459,13.8342,0.954626,
757,0.974203,0.999106,8.9652e-07,-1,-1,-0.360446,-0.147926,0.0332042,-0.23559,0.477828,0.276243,-0.326572,0.165893,-0.295164,6.00583,-0.517104,-4.69308,-11.8985,18.3579,-13.298,23.8032,-13.7207,-12.16,
758,0.997981,-0.860679,1,-1,-1,-0.643752,-0.159028,-0.0866532,-0.0470996,0.604755,-0.260851,0.234491,-0.293701,-0.492873,6.29824,0.0750043,-1.58152,10.8651,-3.92139,-5.95514,1.49467,-5.4169,0.890642,
759,-0.291356,-0.823901,1,-1,0.989545,-0.425007,-0.121824,-0.0491796,0.560353,-0.0861569,0.167988,-0.253553,-0.414763,-0.343223,6.08756,0.746389,1.90314,10.1355,-15.0605,13.7951,-14.7188,-1.21653,3.6001,
760,-0.944901,0.992668,3.6799e-05,0.999998,0.953147,-0.268317,-0.0973031,0.0838202,0.41232,-0.421084,0.743927,-1.08659,0.158846,-0.223492,4.92602,0.278911,2.70561,-8.18382,-1.10912,6.45654,-13.0408,14.3859,1.5823,
761,0.961552,0.999489,4.12208e-07,-1,-1,-0.25667,-0.111685,-0.0178747,-0.201416,0.449463,0.2826,-0.326477,0.334266,-0.214191,6.5461,-0.89885,-3.17575,-12.6755,18.2652,-13.4233,24.1713,1.14868,0.178583,
762,0.997562,-0.768975,1,-1,-1,-0.346578,-0.135481,-0.0890617,-0.0756771,0.597745,-0.263068,0.261716,-0.106133,-0.284602,6.58406,-0.205959,-0.401903,9.88521,-3.79024,-6.18796,3.17101,-6.911,2.29331,
763,-0.416042,-0.786988,1,-1,0.987269,-0.120523,-0.119566,-0.0190148,0.498421,-0.126089,0.166159,-0.146382,-0.335356,-0.102227,6.31391,0.406442,2.56082,9.86174,-12.3078,12.494,-13.8042,-3.56955,3.51016,
764,-0.900231,0.99314,3.77528e-05,0.999998,0.95552,-0.0440737,-0.11392,0.147326,0.346324,-0.367362,0.722169,-1.03385,0.145386,-0.0375384,5.13387,-0.12825,3.5325,-8.15823,-0.23849,6.63056,-15.1156,13.0758,-0.0172689,
765,0.977974,0.998953,1.17179e-06,-1,-1,-0.365148,-0.133782,0.0539452,-0.2162,0.488251,0.282647,-0.325003,0.0472947,-0.298726,5.91326,-0.420958,-4.16424,-11.6308,18.0898,-12.9293,23.7732,-9.3149,-9.22147,
766,0.99841,-0.842545,1,-1,-1,-0.515721,-0.144494,-0.0324079,-0.0347466,0.61325,-0.251012,0.236042,-0.228223,-0.407633,6.21647,0.0338788,-0.812055,10.5088,-3.99357,-6.06719,1.89358,-2.8297,1.86357,
767,-0.664173,-0.789608,1,-1,0.989111,-0.269263,-0.127216,0.0034935,0.528309,-0.220211,0.224176,-0.19591,-0.311011,-0.224245,5.87293,0.337205,1.85771,9.52792,-12.1534,13.5157,-13.409,-1.72171,3.89794,
768,-0.881533,0.997042,3.65414e-06,1,0.938638,-0.136797,-0.124386,0.145491,0.276182,-0.349958,0.758194,-1.04306,0.185365,-0.115872,4.53779,-0.183381,3.09544,-10.4934,1.89748,5.62083,-14.1759,12.5697,0.993496,
769,0.980495,0.998394,2.48886e-06,-1,-1,-0.39899,-0.152103,0.0262073,-0.307541,0.49598,0.262817,-0.314935,0.0643392,-0.324078,5.69084,-0.640853,-4.67371,-10.8775,16.927,-13.8188,23.9079,-9.47615,-8.47617,
770,0.99493,-0.923214,1,-1,-1,-0.51629,-0.166793,-0.0784068,-0.0480383,0.567498,-0.276503,0.241487,-0.225633,-0.408026,5.94758,-0.0484699,-1.25053,11.95,-4.47229,-5.66642,1.75543,-3.08365,2.14509,
771,-0.516089,-0.81236,1,-1,0.990353,-0.264506,-0.136731,-0.0193299,0.570765,-0.1609,0.163634,-0.209378,-0.325939,-0.220454,5.55013,0.484127,2.08052,9.53917,-17.0501,14.3638,-13.9312,-1.83798,3.91684,
772,-0.936684,0.995866,6.03921e-06,1,0.956479,-0.135093,-0.127134,0.130962,0.344014,-0.409325,0.779899,-1.06307,0.176492,-0.114446,4.25833,-0.0567149,3.16089,-9.99102,1.07964,6.70488,-14.0321,12.7982,0.927092,
773,0.976819,0.999007,6.94009e-07,-1,-1,-0.334226,-0.155052,0.0274547,-0.272823,0.484928,0.288681,-0.337873,0.153923,-0.275125,5.41904,-0.657946,-4.55564,-12.1546,18.6127,-14.1308,22.5581,-13.4323,-12.0456,
774,0.997876,-0.914836,1,-1,-1,-0.620292,-0.169088,-0.0831926,-0.0569568,0.602898,-0.274747,0.190479,-0.311892,-0.477682,5.81547,0.0103586,-1.37561,11.6051,-4.16244,-6.14538,1.277,-5.67587,0.702976,
775,-0.338054,-0.838729,1,-1,0.988573,-0.420403,-0.133228,-0.0305832,0.558243,-0.100767,0.117881,-0.285009,-0.441762,-0.339857,5.71689,0.771544,2.23989,10.0394,-15.297,13.192,-14.2361,-1.2696,3.36822,
776,-0.950462,0.992612,2.64031e-05,0.999999,0.964726,-0.277096,-0.105249,0.112482,0.39562,-0.429774,0.724969,-1.08701,0.142186,-0.230468,4.50394,0.36901,2.83274,-8.51581,-0.878755,7.46314,-12.4533,14.7671,1.45602,
777,0.961308,0.99937,4.7135e-07,-1,-1,-0.262832,-0.118094,0.018026,-0.223089,0.448989,0.293644,-0.323183,0.351907,-0.219117,6.15354,-0.905211,-2.99091,-12.5414,18.3602,-13.1981,24.1979,1.67197,0.295245,
778,0.997751,-0.839557,1,-1,-1,-0.426578,-0.132467,-0.0603384,-0.0739712,0.600778,-0.25628,0.25767,-0.150379,-0.344369,6.12764,0.00650966,-0.58301,10.3908,-3.75769,-6.37148,2.73314,-7.53955,1.72264,
779,-0.659621,-0.793285,1,-1,0.986071,-0.20705,-0.113213,-0.0162012,0.507129,-0.218188,0.198133,-0.179556,-0.371734,-0.174025,5.85741,0.48314,2.12902,9.55813,-11.1541,11.9411,-14.259,-3.07027,3.51595,
780,-0.866213,0.996291,6.32293e-06,1,0.950224,-0.110793,-0.103744,0.13418,0.276833,-0.337061,0.727004,-1.06675,0.138669,-0.0940433,4.60174,-0.0306139,3.23297,-9.94511,1.75805,6.25942,-14.6876,13.6149,0.437495,
781,0.981828,0.998124,4.41979e-06,-1,-1,-0.323595,-0.126967,0.0346279,-0.26787,0.500367,0.269682,-0.339453,0.168938,-0.266916,5.97539,-0.556273,-4.22425,-10.3032,17.2246,-13.1843,22.4693,-11.6917,-11.4646,
782,0.997759,-0.898086,1,-1,-1,-0.574615,-0.139221,-0.0538252,-0.0123453,0.600908,-0.256468,0.197418,-0.263048,-0.447589,6.25197,-0.0222837,-0.947278,11.5538,-4.06198,-5.68343,1.71403,-5.58201,1.0101,
783,-0.666107,-0.771563,1,-1,0.98848,-0.36099,-0.125838,-0.025555,0.564582,-0.221076,0.230079,-0.254001,-0.403766,-0.295577,5.97064,0.334752,1.86961,9.40657,-10.7427,13.138,-13.8524,-1.83025,3.50496,
784,-0.836316,0.997569,2.60533e-06,1,0.939367,-0.226651,-0.117988,0.11904,0.295333,-0.314537,0.758163,-1.08566,0.142969,-0.189991,4.64845,0.00506508,3.11244,-10.8317,2.05128,5.65554,-13.3416,14.023,1.21411,
785,0.980573,0.998441,3.10304e-06,-1,-1,-0.384565,-0.139486,0.016935,-0.275959,0.496229,0.26354,-0.332594,0.184602,-0.313334,6.03665,-0.561845,-4.27876,-10.6569,16.5273,-13.8231,22.6054,-12.1538,-11.2317,
786,0.995689,-0.890781,1,-1,-1,-0.623986,-0.151861,-0.0779155,-0.0328219,0.574639,-0.272879,0.207362,-0.263645,-0.480085,6.30546,-0.0193811,-1.12241,11.4382,-4.22124,-5.63103,1.67229,-5.77185,1.25196,
787,-0.447617,-0.796465,1,-1,0.989811,-0.394639,-0.124269,-0.0265706,0.568195,-0.136749,0.171902,-0.256712,-0.414006,-0.320847,6.01494,0.514828,2.04503,9.72595,-15.2525,13.9747,-14.2605,-1.78376,3.64394,
788,-0.935681,0.995839,9.18883e-06,1,0.952487,-0.246374,-0.110609,0.112339,0.35666,-0.407966,0.750403,-1.08506,0.145294,-0.205926,4.74973,0.0572309,2.78885,-9.5713,0.279662,6.41046,-13.0435,14.3393,1.41614,
789,0.970185,0.999281,5.84613e-07,-1,-1,-0.366801,-0.134836,-0.00413808,-0.261889,0.46789,0.278249,-0.33936,0.222092,-0.299976,6.06596,-0.798718,-4.41673,-12.3261,18.3587,-13.6167,22.1899,-9.73201,-9.32986,
790,0.996775,-0.869421,1,-1,-1,-0.512439,-0.158974,-0.102381,-0.0691842,0.586772,-0.269777,0.218379,-0.190897,-0.405365,6.4463,-0.216798,-1.02251,11.1392,-4.07922,-6.04289,2.39513,-5.89468,1.94821,
791,-0.428101,-0.833604,1,-1,0.991275,-0.273941,-0.135482,-0.0317807,0.569071,-0.130129,0.190181,-0.215074,-0.377508,-0.227965,6.05359,0.293972,2.08429,10.2429,-17.7551,15.1074,-13.9116,-2.61644,3.72947,
792,-0.945248,0.994934,1.41337e-05,1,0.949118,-0.153808,-0.134434,0.114491,0.392228,-0.421607,0.802399,-1.06859,0.143562,-0.130071,4.74881,-0.195677,3.08955,-9.14073,0.496511,6.18925,-14.0129,13.7324,0.847797,
793,0.976579,0.999336,3.59023e-07,-1,-1,-0.356086,-0.165771,0.0104033,-0.229703,0.484252,0.289085,-0.336539,0.156191,-0.291852,5.68629,-0.655109,-4.6954,-12.8137,19.1406,-14.3672,23.2426,-13.8194,-12.4787,
794,0.998575,-0.870626,1,-1,-1,-0.659184,-0.182572,-0.11266,-0.0607642,0.616994,-0.277996,0.212736,-0.310544,-0.50278,6.06095,-0.0251324,-1.61509,10.8428,-4.12932,-6.18873,1.41352,-5.54591,0.696812,
795,-0.279343,-0.837672,1,-1,0.991098,-0.45194,-0.144257,-0.0568182,0.588312,-0.0824534,0.201917,-0.27404,-0.436804,-0.362724,5.80604,0.604464,1.87042,10.0975,-17.9652,14.9556,-14.5651,-1.06727,3.50578,
796,-0.949354,0.992122,3.27862e-05,0.999999,0.942879,-0.294059,-0.124777,0.0787515,0.447816,-0.427988,0.801851,-1.0942,0.150292,-0.243866,4.59548,0.215242,2.81053,-8.29928,-0.767068,5.83208,-12.8143,14.7211,1.63999,
797,0.964613,0.999542,2.3769e-07,-1,-1,-0.269866,-0.140786,-0.0128661,-0.186048,0.455616,0.284983,-0.328628,0.338563,-0.224725,6.16968,-0.944674,-2.92875,-13.2261,18.3567,-14.3984,24.2285,1.30475,0.411357,
798,0.998028,-0.784978,1,-1,-1,-0.447835,-0.1576,-0.101721,-0.0815642,0.605612,-0.279265,0.261734,-0.175101,-0.359772,6.09852,-0.0350772,-0.825589,9.66093,-3.89234,-6.21712,2.72298,-7.36475,1.60055,
799,-0.261001,-0.835545,1,-1,0.989023,-0.233368,-0.121781,-0.0279763,0.503859,-0.0768372,0.125088,-0.187053,-0.387169,-0.195434,5.90522,0.754605,2.51625,10.1484,-14.8503,13.4611,-14.5193,-2.75915,3.48217,
800,-0.951551,0.987513,0.000106595,0.99999,0.962213,-0.131688,-0.100013,0.125375,0.4,-0.431557,0.72502,-1.0568,0.143122,-0.111594,4.79799,0.18016,3.10098,-7.12025,-1.51512,7.20617,-14.2164,14.0001,0.599127,
801,0.96713,0.999272,4.89949e-07,-1,-1,-0.321399,-0.115734,0.0339924,-0.180906,0.46097,0.294682,-0.361835,0.195118,-0.265215,5.81999,-0.552548,-3.91323,-12.5027,19.5812,-12.9251,21.2755,-10.5934,-10.596,
802,0.999348,-0.804987,1,-1,-1,-0.53434,-0.132993,-0.0493744,-0.0386375,0.641398,-0.245164,0.17296,-0.240121,-0.420416,6.27149,-0.0926255,-0.698229,10.0416,-3.39452,-6.26545,2.15488,-6.10679,1.24526,
803,-0.580119,-0.803986,1,-1,0.989388,-0.320954,-0.121852,-0.00984093,0.524342,-0.185107,0.223861,-0.244656,-0.405805,-0.26487,6.04421,0.211235,1.79972,9.84154,-12.42,13.6915,-13.197,-2.14944,3.46768,
804,-0.890621,0.99603,8.07692e-06,1,0.938386,-0.198666,-0.122327,0.120417,0.311842,-0.358159,0.760509,-1.05656,0.139872,-0.167158,4.71775,-0.198725,2.77594,-9.70028,1.14133,5.60894,-13.2576,14.1984,1.02908,
805,0.976582,0.998759,1.63839e-06,-1,-1,-0.370515,-0.156159,0.00483887,-0.26823,0.48426,0.265442,-0.325526,0.181941,-0.30278,5.86732,-0.717231,-4.83939,-11.2956,17.5864,-13.7569,23.2161,-12.9906,-11.6401,
806,0.996755,-0.895613,1,-1,-1,-0.629226,-0.174743,-0.120757,-0.0430086,0.586529,-0.271995,0.221482,-0.278754,-0.483487,6.13247,-0.0982683,-1.72225,11.3999,-4.0761,-5.7034,1.45901,-5.73935,1.0811,
807,-0.302494,-0.813884,1,-1,0.990457,-0.409178,-0.141606,-0.0676893,0.617898,-0.0896096,0.232777,-0.268339,-0.425797,-0.331611,5.79912,0.516586,1.92128,9.7644,-16.8996,14.4426,-14.7444,-1.54861,3.58936,
808,-0.927707,0.993535,2.1629e-05,0.999999,0.941682,-0.260403,-0.12535,0.0754214,0.44208,-0.397664,0.805296,-1.10396,0.142912,-0.217177,4.61659,0.174112,3.00563,-8.71525,0.015372,5.77018,-13.0389,14.4317,1.43604,
809,0.971672,0.99948,3.32275e-07,-1,-1,-0.256525,-0.140322,-0.00728657,-0.182294,0.471447,0.285689,-0.3304,0.327431,-0.214075,6.23884,-0.898979,-2.68793,-12.8911,17.777,-14.4515,24.3026,1.49416,0.138567,
810,0.998072,-0.781685,1,-1,-1,-0.462666,-0.154043,-0.0870681,-0.0698697,0.606438,-0.278941,0.261966,-0.187512,-0.3704,6.12235,0.0115685,-0.670768,9.64333,-4.05018,-6.20107,2.68889,-7.21476,1.36133,
811,-0.356172,-0.823807,1,-1,0.98974,-0.253355,-0.120624,-0.0166953,0.508956,-0.106537,0.151106,-0.188077,-0.388304,-0.211534,5.85701,0.638808,2.29643,9.94388,-15.3751,13.9258,-14.5174,-2.51704,3.48114,
812,-0.950904,0.991263,4.45543e-05,0.999998,0.956375,-0.145489,-0.105373,0.127325,0.366691,-0.430494,0.739357,-1.05869,0.148914,-0.123135,4.69164,0.0337462,2.91157,-7.99258,-0.678103,6.69665,-14.1798,14.0563,0.72867,
813,0.969536,0.999162,6.56677e-07,-1,-1,-0.32874,-0.129621,0.0193701,-0.220304,0.466378,0.284996,-0.349756,0.193442,-0.270895,5.79959,-0.690244,-4.38463,-12.2099,19.3154,-13.2522,21.8877,-11.1005,-10.6664,
814,0.998923,-0.856661,1,-1,-1,-0.543907,-0.150042,-0.0842347,-0.0438906,0.626174,-0.25568,0.18968,-0.245817,-0.426928,6.20271,-0.138114,-1.13612,10.7194,-3.63483,-6.08223,1.96466,-5.99219,1.25847,
815,-0.358972,-0.796271,1,-1,0.987702,-0.330005,-0.13019,-0.0386612,0.546691,-0.107434,0.177478,-0.247985,-0.410071,-0.271871,6.04959,0.463824,2.12522,9.75223,-13.7259,12.7133,-13.7088,-2.12113,3.464,
816,-0.920164,0.993575,2.57828e-05,0.999999,0.952214,-0.206214,-0.11776,0.103839,0.37771,-0.388635,0.728356,-1.06405,0.138194,-0.173341,4.84592,0.0555124,2.92211,-8.53958,-0.569373,6.39164,-13.1236,14.2492,1.06136,
817,0.968946,0.999253,5.66512e-07,-1,-1,-0.363491,-0.139524,0.00212441,-0.220817,0.465025,0.277391,-0.345355,0.200934,-0.297472,5.92777,-0.634934,-4.29506,-12.3575,18.4268,-13.104,21.9967,-11.3769,-10.7017,
818,0.997877,-0.837682,1,-1,-1,-0.578034,-0.157989,-0.100474,-0.0560522,0.602922,-0.25754,0.19726,-0.245389,-0.449868,6.30692,-0.105931,-1.1638,10.5112,-3.7586,-6.01935,1.96712,-6.04214,1.36879,
819,-0.245545,-0.823262,1,-1,0.989021,-0.354008,-0.128958,-0.040342,0.544622,-0.0721381,0.153163,-0.247806,-0.413069,-0.290271,6.15272,0.613304,2.32067,10.1806,-14.8053,13.4595,-13.9171,-2.12487,3.55865,
820,-0.944704,0.990763,6.39116e-05,0.999996,0.956768,-0.220874,-0.109831,0.106754,0.420941,-0.420787,0.733418,-1.06523,0.138223,-0.185299,4.98065,0.183299,2.97245,-7.63179,-1.46809,6.72769,-13.1043,14.3315,1.19597,
821,0.964745,0.999463,2.91871e-07,-1,-1,-0.360185,-0.125713,0.0137417,-0.187839,0.455889,0.287475,-0.355608,0.214041,-0.294966,5.99777,-0.599203,-3.94476,-13.0207,19.1908,-13.1173,21.4942,-10.266,-9.88355,
822,0.998674,-0.782505,1,-1,-1,-0.536065,-0.145421,-0.0719438,-0.0619002,0.619416,-0.254541,0.191332,-0.21723,-0.421592,6.44982,-0.133924,-0.748941,9.92294,-3.59309,-6.23177,2.35899,-6.12667,1.64892,
823,-0.381952,-0.803343,1,-1,0.987963,-0.305605,-0.128325,-0.0180848,0.515541,-0.114859,0.180626,-0.225615,-0.394044,-0.252918,6.28476,0.395997,2.20151,10.0322,-12.7828,12.8515,-13.3907,-2.42802,3.60495,
824,-0.908851,0.99293,3.83476e-05,0.999998,0.951697,-0.182391,-0.119548,0.127428,0.368852,-0.376158,0.732042,-1.04698,0.139527,-0.153767,5.0726,-0.0159522,3.05028,-8.1426,-0.493462,6.35649,-13.5192,14.0116,0.984854,
825,0.972172,0.99915,7.7647e-07,-1,-1,-0.362446,-0.142944,0.0325335,-0.208477,0.472672,0.278758,-0.334763,0.175259,-0.29668,5.96461,-0.4684,-4.45404,-12.0423,18.4632,-13.0997,23.2245,-13.2279,-11.8224,
826,0.998402,-0.830104,1,-1,-1,-0.630455,-0.154007,-0.0788447,-0.0431036,0.613078,-0.255043,0.220851,-0.285059,-0.484283,6.2823,0.0608618,-1.39182,10.3821,-3.73414,-6.00523,1.63926,-5.63334,0.987933,
827,-0.368259,-0.822026,1,-1,0.990247,-0.409996,-0.122847,-0.0443976,0.554012,-0.110422,0.200707,-0.252615,-0.415159,-0.332214,6.0021,0.541547,1.62772,10.0395,-15.7605,14.2852,-14.4205,-1.30607,3.61354,
828,-0.905397,0.990645,6.09386e-05,0.999996,0.966948,-0.257488,-0.108829,0.0781961,0.405135,-0.372567,0.803888,-1.08005,0.155802,-0.214845,4.88931,0.110225,2.67953,-7.67942,1.91189,7.71432,-13.067,14.2846,1.48751,
829,0.986421,0.99907,1.43571e-06,-1,-1,-0.25484,-0.123777,-0.00461027,-0.149323,0.517618,0.323937,-0.339828,0.330409,-0.212725,6.47266,-0.791574,-2.50471,-11.4276,17.6613,-14.3586,23.5862,1.10315,0.0276646,
830,0.999579,-0.754997,1,-1,-1,-0.416132,-0.136619,-0.0616201,-0.00363283,0.653464,-0.257586,0.244887,-0.168565,-0.336726,6.34014,-0.0282445,-0.176641,9.53808,-4.14418,-6.66678,2.87286,-7.32118,1.65294,
831,-0.603066,-0.763992,1,-1,0.991249,-0.203418,-0.122392,-0.0045325,0.51822,-0.194263,0.224728,-0.180856,-0.376954,-0.171053,5.89858,0.172668,1.87353,9.26646,-14.0819,15.0848,-13.974,-2.72867,3.46696,
832,-0.899297,0.996094,7.28484e-06,1,0.944861,-0.108424,-0.130298,0.1268,0.283566,-0.366442,0.785464,-1.05196,0.14922,-0.0920478,4.63628,-0.424333,2.77675,-9.8035,2.39111,5.93902,-14.3686,13.8473,0.447848,
833,0.987945,0.998184,3.5425e-06,-1,-1,-0.351168,-0.170949,0.00854853,-0.267826,0.524304,0.287777,-0.332159,0.13905,-0.288107,5.79339,-0.745184,-4.86166,-10.5245,17.9064,-14.1314,23.6396,-13.3557,-12.1388,
834,0.998774,-0.915066,1,-1,-1,-0.638748,-0.189899,-0.111821,-0.00620104,0.621983,-0.267995,0.215796,-0.306028,-0.489647,6.01389,-0.118428,-1.60785,11.775,-4.39809,-5.95284,1.33505,-5.22045,0.785125,
835,-0.292836,-0.789651,1,-1,0.991127,-0.430377,-0.159295,-0.057157,0.627499,-0.0866146,0.223365,-0.273583,-0.428218,-0.347137,5.69022,0.479494,1.98732,9.37757,-17.869,14.9798,-14.6942,-1.1655,3.5111,
836,-0.935465,0.994278,1.47635e-05,1,0.933527,-0.278091,-0.143983,0.0895135,0.441069,-0.407675,0.809996,-1.10308,0.149365,-0.231257,4.47837,0.143346,3.02231,-9.09714,-0.38527,5.39327,-12.9081,14.5131,1.53814,
837,0.987061,0.999324,3.32775e-07,-1,-1,-0.414232,-0.154129,0.00637308,-0.169155,0.520355,0.322371,-0.365723,0.188365,-0.33533,5.54608,-0.409892,-3.60281,-12.8896,19.0859,-14.3976,21.1264,-12.4784,-11.1837,
838,0.999653,-0.822457,1,-1,-1,-0.658954,-0.163244,-0.064178,-0.0279759,0.658473,-0.263984,0.157195,-0.293381,-0.502633,6.0228,0.0639097,-0.500229,10.0625,-4.2812,-6.70288,1.80545,-6.43608,1.23314,
839,-0.439721,-0.795621,1,-1,0.988676,-0.431502,-0.13843,-0.00289848,0.533388,-0.134058,0.177139,-0.276214,-0.449436,-0.347955,5.88639,0.516278,2.23476,9.60973,-14.2212,13.2522,-13.4195,-1.62881,3.52131,
840,-0.923978,0.994253,1.67665e-05,1,0.951808,-0.281465,-0.122279,0.137341,0.346118,-0.393121,0.737661,-1.06256,0.132398,-0.23393,4.62112,0.136377,2.80756,-8.96991,0.120209,6.36402,-12.4825,14.9553,1.51522,
841,0.970924,0.999062,7.68529e-07,-1,-1,-0.414598,-0.142502,0.0292669,-0.25232,0.469641,0.275713,-0.335026,0.210701,-0.335599,5.6919,-0.541487,-4.58735,-12.0526,18.4007,-13.3313,22.4294,-12.6159,-11.398,
842,0.997535,-0.885285,1,-1,-1,-0.656871,-0.153437,-0.0851018,-0.0558206,0.59733,-0.262914,0.204544,-0.268969,-0.5013,6.06399,0.0645356,-1.4372,11.1252,-3.88195,-5.95631,1.60486,-6.34903,1.40561,
843,-0.363456,-0.833728,1,-1,0.989158,-0.417857,-0.117633,-0.0418532,0.555073,-0.108875,0.153973,-0.266245,-0.430782,-0.337991,5.87963,0.715083,1.95165,10.1011,-15.37,13.5452,-14.3643,-1.77517,3.68011,
844,-0.94843,0.993476,2.28151e-05,0.999999,0.957249,-0.263553,-0.0943499,0.0896246,0.388026,-0.426521,0.738404,-1.08654,0.139951,-0.219693,4.6574,0.256362,2.63172,-8.66187,-0.62076,6.76624,-12.8235,14.6462,1.50913,
845,0.96273,0.999385,5.27966e-07,-1,-1,-0.253927,-0.111301,-0.0190694,-0.22802,0.451787,0.284205,-0.321843,0.342798,-0.211993,6.3574,-0.957772,-3.32185,-12.428,18.2239,-13.4059,24.2565,1.61681,0.181396,
846,0.997259,-0.82591,1,-1,-1,-0.363006,-0.136175,-0.0946119,-0.0752054,0.593238,-0.263181,0.252097,-0.108454,-0.297105,6.39897,-0.22363,-0.499278,10.4201,-3.86331,-6.19647,2.96954,-7.21964,2.13721,
847,-0.483512,-0.814989,1,-1,0.989425,-0.141298,-0.119903,-0.0227487,0.523394,-0.149216,0.177401,-0.164286,-0.349811,-0.119635,6.02867,0.258122,2.26761,9.96826,-15.4889,13.7158,-13.9343,-3.60143,3.49724,
848,-0.934506,0.994049,2.11682e-05,0.999999,0.965758,-0.0612889,-0.124266,0.126511,0.336076,-0.406393,0.757734,-1.04887,0.14046,-0.0521695,4.81057,-0.349781,3.15202,-8.73679,1.9576,7.57677,-14.783,13.3029,0.0688504,
849,0.986372,0.998759,1.47224e-06,-1,-1,-0.31838,-0.160451,0.0269828,-0.228606,0.51741,0.306356,-0.334063,0.13758,-0.262872,5.73829,-0.58269,-4.64325,-11.4025,19.1333,-13.5214,23.731,-14.3548,-13.2171,
850,0.999555,-0.892548,1,-1,-1,-0.65629,-0.172902,-0.0852274,-0.00987325,0.651942,-0.251664,0.215086,-0.328798,-0.500927,6.01734,0.0425629,-1.40112,11.238,-4.17257,-6.34277,1.22794,-5.33967,0.345238,
851,-0.292109,-0.801255,1,-1,0.989746,-0.462412,-0.139667,-0.0421264,0.584005,-0.0863899,0.17942,-0.275561,-0.436589,-0.370219,5.81849,0.657951,1.98835,9.62162,-16.1775,13.9297,-14.6314,-0.865748,3.399,
852,-0.951507,0.993531,2.1843e-05,0.999999,0.948907,-0.304171,-0.118353,0.0918333,0.406035,-0.431484,0.747059,-1.09061,0.156268,-0.251797,4.62715,0.210759,2.63314,-8.70541,-0.887525,6.17608,-12.5491,14.7578,1.68723,
853,0.989392,0.999098,1.16934e-06,-1,-1,-0.276416,-0.12949,0.0120764,-0.16553,0.531272,0.344867,-0.337182,0.338465,-0.229929,6.30339,-0.737654,-2.38109,-11.6329,18.8106,-13.3516,23.7957,1.03958,0.43722,
854,0.999892,-0.82292,1,-1,-1,-0.460922,-0.133082,-0.0378198,0.00313629,0.68516,-0.233551,0.247938,-0.192462,-0.369156,6.16465,0.189177,0.02077,10.1858,-4.25486,-7.0389,2.65838,-7.58547,1.51044,
855,-0.744467,-0.702416,1,-0.999999,0.990608,-0.246185,-0.109847,0.023404,0.529727,-0.259023,0.22643,-0.195195,-0.394738,-0.205774,5.50319,0.159846,1.44053,8.35564,-20.3788,14.5587,-14.3843,-2.25656,3.5593,
856,-0.859053,0.996957,3.07324e-06,1,0.941764,-0.137804,-0.1202,0.135708,0.264096,-0.331379,0.846974,-1.06656,0.151128,-0.116714,4.25296,-0.464427,2.46996,-10.6666,5.14973,5.77433,-14.2259,14.1411,0.696688,
857,0.993629,0.997242,7.56137e-06,-1,-1,-0.342122,-0.161862,0.00600196,-0.274348,0.556972,0.288642,-0.329608,0.168607,-0.281191,5.60432,-0.782861,-4.92159,-9.76624,17.0313,-15.231,23.0926,-13.2845,-12.0337,
858,0.99876,-0.926772,1,-1,-1,-0.623608,-0.182316,-0.118086,0.0149916,0.621621,-0.284217,0.204305,-0.299999,-0.47984,5.80885,-0.176724,-1.72792,11.9432,-4.81078,-5.83966,1.22883,-5.81299,0.798754,
859,-0.243798,-0.77545,1,-1,0.991381,-0.41949,-0.150176,-0.0621704,0.617896,-0.0716087,0.16297,-0.287021,-0.442395,-0.339188,5.56722,0.581197,2.15014,9.1158,-17.9112,15.2004,-14.7228,-1.41495,3.42915,
860,-0.929184,0.992129,2.82612e-05,0.999999,0.955998,-0.275543,-0.130184,0.0850568,0.449568,-0.39951,0.804843,-1.10444,0.137898,-0.229236,4.41797,0.247453,2.98873,-8.4478,-0.381298,6.66729,-12.599,14.7217,1.42907,
861,0.96985,0.999451,2.95593e-07,-1,-1,-0.274078,-0.142125,0.0044853,-0.174845,0.467105,0.300836,-0.333266,0.33285,-0.228073,5.95515,-0.83363,-2.69402,-13.0081,17.941,-14.4905,24.0666,0.816454,-0.484315,
862,0.998234,-0.787865,1,-1,-1,-0.49305,-0.154059,-0.0748853,-0.069887,0.609571,-0.275487,0.252503,-0.194662,-0.391871,5.88703,0.0461564,-0.66588,9.51939,-3.95354,-6.47191,2.61536,-7.45754,1.30413,
863,-0.414537,-0.801152,1,-1,0.986503,-0.280293,-0.123137,-0.0150005,0.491453,-0.125587,0.140885,-0.1964,-0.397773,-0.233002,5.71844,0.719418,2.37368,9.53777,-12.9922,12.132,-14.4379,-2.53456,3.49315,
864,-0.915997,0.991212,4.17577e-05,0.999998,0.961081,-0.16652,-0.101708,0.134528,0.337602,-0.383903,0.708843,-1.05925,0.141053,-0.140637,4.59776,0.194328,3.06097,-8.05741,-0.327915,7.09849,-14.033,14.1286,0.843351,
865,0.9731,0.998776,1.48683e-06,-1,-1,-0.341234,-0.117067,0.038233,-0.217998,0.474993,0.285639,-0.354953,0.199069,-0.28051,5.78746,-0.527438,-3.99505,-11.3926,18.4648,-12.7511,21.3401,-10.7679,-10.6379,
866,0.998834,-0.85776,1,-1,-1,-0.555498,-0.130942,-0.0450907,-0.022708,0.623635,-0.243888,0.172937,-0.24341,-0.43477,6.1737,-0.046614,-0.755302,10.7135,-3.58386,-6.03879,1.97679,-6.21349,1.28604,
867,-0.651216,-0.809353,1,-1,0.99,-0.336856,-0.119094,-0.00961133,0.546533,-0.214494,0.235925,-0.254899,-0.41164,-0.277148,5.86743,0.182664,1.66191,9.76276,-12.9995,14.1066,-13.3959,-2.13063,3.51612,
868,-0.896903,0.99711,3.34684e-06,1,0.933376,-0.209157,-0.121081,0.116233,0.296351,-0.364109,0.772002,-1.07094,0.13789,-0.175747,4.49255,-0.235184,2.66235,-10.5813,1.82116,5.38696,-13.1583,14.2843,1.10371,
869,0.977141,0.998729,1.65755e-06,-1,-1,-0.371409,-0.15796,-0.0106281,-0.300385,0.485841,0.261199,-0.325823,0.189626,-0.303454,5.81813,-0.864239,-4.9519,-11.2839,17.3565,-14.0482,22.8409,-12.2535,-11.2383,
870,0.999084,-0.951637,1,-1,-1,-0.612055,-0.177121,-0.127253,-0.0298548,0.631256,-0.269927,0.211919,-0.26697,-0.472308,6.16539,0.0304113,-1.11798,13.1723,-1.46218,-5.04239,1.36703,-6.04906,1.1701,
871,-0.336203,-0.822403,1,-1,0.991287,-0.391156,-0.14291,-0.0615527,0.616004,-0.10018,0.19602,-0.26942,-0.426562,-0.318255,5.82984,0.562747,2.20223,9.9024,-18.1127,15.1179,-14.5835,-1.82322,3.56413,
872,-0.952242,0.994818,1.2716e-05,1,0.944627,-0.248886,-0.125313,0.0906396,0.429328,-0.432703,0.798404,-1.10409,0.136777,-0.207946,4.56063,0.172749,3.08855,-9.24643,-0.252497,5.92613,-13.052,14.4794,1.34136,
873,0.966813,0.999532,2.38031e-07,-1,-1,-0.28162,-0.143264,0.000325371,-0.218693,0.460281,0.283163,-0.33053,0.3019,-0.234053,6.11364,-0.922661,-3.15992,-13.2246,18.4617,-14.4038,23.9048,-1.20355,-2.3553,
874,0.997462,-0.827408,1,-1,-1,-0.478965,-0.159957,-0.0835091,-0.089517,0.596203,-0.282641,0.265351,-0.182114,-0.381968,6.13477,-0.0262699,-0.710047,10.2226,-4.10933,-6.20116,2.72629,-6.72598,1.50686,
875,-0.383168,-0.84065,1,-1,0.989212,-0.259363,-0.125653,-0.00819751,0.51045,-0.115255,0.127909,-0.181753,-0.375309,-0.216346,5.89382,0.691078,2.47656,10.214,-15.3335,13.579,-14.4566,-2.57806,3.59033,
876,-0.953603,0.991966,3.71652e-05,0.999998,0.962088,-0.14551,-0.107385,0.146032,0.365414,-0.434997,0.730881,-1.05763,0.150975,-0.123153,4.69498,0.0989205,3.13933,-8.17392,-0.596759,7.19399,-14.3746,13.7997,0.789749,
877,0.97054,0.999158,6.30384e-07,-1,-1,-0.337052,-0.12816,0.0460777,-0.225351,0.468727,0.291504,-0.346055,0.178533,-0.277299,5.73897,-0.546854,-4.36954,-12.2507,19.4885,-13.1203,22.3549,-12.1252,-11.3521,
878,0.999041,-0.867328,1,-1,-1,-0.585033,-0.141023,-0.055526,-0.0444666,0.629849,-0.25213,0.195666,-0.271238,-0.454518,6.14923,0.0272728,-1.10976,10.8568,-3.66853,-6.20524,1.76082,-5.82883,1.03415,
879,-0.590328,-0.806997,1,-1,0.987928,-0.370291,-0.121911,-0.0307694,0.542919,-0.189145,0.214969,-0.254574,-0.412591,-0.302611,5.95662,0.447455,1.75418,9.8067,-11.5948,12.8325,-13.8145,-1.68751,3.50322,
880,-0.873158,0.996357,6.39607e-06,1,0.944432,-0.233512,-0.109719,0.103941,0.318838,-0.342775,0.748512,-1.07809,0.144707,-0.19555,4.66369,0.078829,2.89931,-9.93361,1.15252,5.91541,-13.2124,14.2362,1.27164,
881,0.974034,0.998811,2.6535e-06,-1,-1,-0.243698,-0.133595,0.00944874,-0.255732,0.477388,0.267634,-0.31828,0.328108,-0.203772,6.56601,-1.04084,-2.93683,-10.8134,16.4241,-13.6776,24.1769,1.41068,-0.100195,
882,0.996018,-0.865605,1,-1,-1,-0.43846,-0.1457,-0.0803448,-0.0428873,0.578043,-0.268303,0.290866,-0.173823,-0.353003,6.28143,0.0233588,-0.934286,10.9357,-4.07298,-5.7665,2.71156,-6.90286,1.47208,
883,-0.537989,-0.806183,1,-1,0.99042,-0.225128,-0.117387,-0.0323891,0.551422,-0.168979,0.200623,-0.172102,-0.366731,-0.188755,5.79359,0.462147,1.805,9.66192,-15.8501,14.4145,-14.9501,-2.48534,3.56182,
884,-0.929436,0.99606,6.94995e-06,1,0.945171,-0.119792,-0.111852,0.104388,0.329119,-0.399826,0.777807,-1.07838,0.159007,-0.101612,4.55587,-0.165366,2.89821,-9.85056,1.12856,5.95625,-14.7819,13.6676,0.608114,
885,0.975692,0.99902,1.37068e-06,-1,-1,-0.239906,-0.146436,-0.00830758,-0.265079,0.4818,0.275436,-0.331787,0.255399,-0.200716,6.27636,-1.12353,-3.77838,-11.474,17.8284,-14.1061,23.3614,-3.37965,-4.64292,
886,0.99728,-0.884178,1,-1,-1,-0.416502,-0.171739,-0.106229,-0.0513066,0.593532,-0.275902,0.273007,-0.17681,-0.336998,6.23991,-0.232569,-1.02046,11.2482,-4.22071,-5.90804,2.77628,-5.81687,1.53962,
887,-0.374056,-0.820315,1,-1,0.991249,-0.207827,-0.143349,-0.0273284,0.572314,-0.112296,0.171941,-0.174436,-0.354773,-0.17466,5.82077,0.447171,2.36599,9.86687,-17.8341,15.085,-14.5167,-2.55007,3.49595,
888,-0.954634,0.993934,1.83124e-05,1,0.955944,-0.109247,-0.13716,0.130624,0.389964,-0.436767,0.787688,-1.06461,0.158576,-0.0927407,4.58424,-0.142906,3.27657,-8.88171,0.335489,6.66313,-14.6672,13.4047,0.496538,
889,0.978201,0.999267,3.86166e-07,-1,-1,-0.404856,-0.16157,0.0221868,-0.232365,0.488918,0.295564,-0.348302,0.0708137,-0.328421,5.51219,-0.650487,-4.41356,-12.7408,19.171,-14.1185,23.1173,-9.01496,-8.9702,
890,0.998689,-0.876852,1,-1,-1,-0.545444,-0.180908,-0.0758882,-0.0591319,0.619787,-0.272338,0.213675,-0.227437,-0.427971,5.93442,-0.118692,-0.97564,10.8534,-4.25679,-6.32257,2.19543,-3.46476,1.97404,
891,-0.344906,-0.820716,1,-1,0.98918,-0.29628,-0.152014,-0.00210088,0.540132,-0.102942,0.132849,-0.20742,-0.339962,-0.245611,5.74642,0.586828,2.55009,9.81085,-16.118,13.5588,-13.3646,-2.00374,3.85652,
892,-0.958057,0.992765,2.49635e-05,0.999999,0.960499,-0.161165,-0.13647,0.156778,0.372631,-0.442858,0.730107,-1.03535,0.169642,-0.136191,4.49159,0.0488693,3.20542,-8.57188,-0.748156,7.04501,-13.7239,13.1368,1.09056,
893,0.968365,0.999237,3.42425e-07,-1,-1,-0.442641,-0.154982,0.0475717,-0.254882,0.46371,0.287484,-0.329275,0.0647143,-0.356027,5.26047,-0.503639,-4.61107,-12.861,19.2214,-13.1861,23.3656,-9.94908,-9.32766,
894,0.997809,-0.899948,1,-1,-1,-0.600491,-0.164793,-0.062423,-0.0768798,0.601747,-0.260791,0.222867,-0.248357,-0.464726,5.67596,0.104473,-1.25585,11.1207,-4.00565,-6.2625,1.73348,-3.45667,1.90011,
895,-0.453105,-0.850209,1,-1,0.988588,-0.342885,-0.127127,-0.00863629,0.533601,-0.13863,0.134401,-0.223095,-0.348075,-0.281775,5.46433,0.735507,2.13544,10.0059,-16.0501,13.2003,-13.7308,-1.65724,3.9401,
896,-0.959405,0.993862,1.34866e-05,1,0.961411,-0.192151,-0.105841,0.132584,0.344838,-0.445356,0.728072,-1.053,0.173779,-0.161807,4.18265,0.155957,2.86237,-9.18759,-0.115005,7.12943,-13.5135,13.2602,1.34174,
897,0.966502,0.999103,5.84546e-07,-1,-1,-0.337936,-0.129106,0.0205775,-0.274164,0.459607,0.284476,-0.348859,0.199561,-0.277978,5.47954,-0.790651,-4.37886,-12.3262,19.1582,-13.2504,21.0706,-10.7165,-10.0944,
898,0.997937,-0.910359,1,-1,-1,-0.531146,-0.150007,-0.0786732,-0.0638831,0.603965,-0.260269,0.167755,-0.245187,-0.418232,5.94752,-0.144765,-1.0453,11.597,-3.79141,-6.10916,1.78942,-6.27717,1.38592,
899,-0.458468,-0.845291,1,-1,0.98932,-0.318557,-0.128631,-0.0225222,0.559538,-0.140477,0.160155,-0.267931,-0.423448,-0.26301,5.73552,0.379208,2.05624,10.1534,-16.2113,13.6476,-13.5896,-2.21874,3.42104,
900,-0.932851,0.992221,3.01448e-05,0.999999,0.978414,-0.201146,-0.121104,0.114647,0.371396,-0.404212,0.772538,-1.0749,0.12929,-0.169191,4.5274,-0.0157831,2.89451,-8.38328,3.62088,9.57357,-12.8008,14.2982,0.929715,
901,0.992798,0.998663,1.47351e-06,-1,-1,-0.380274,-0.139744,0.0261037,-0.190084,0.551075,0.349975,-0.358948,0.193667,-0.31012,5.54281,-0.436586,-3.79215,-11.4016,19.1647,-13.7719,21.4052,-12.3542,-11.8582,
902,0.999899,-0.874257,1,-1,-1,-0.656325,-0.147698,-0.0430195,0.0175296,0.686497,-0.239356,0.161135,-0.289001,-0.500949,5.93694,0.0738498,-0.456407,10.8068,-4.40019,-7.02152,1.65825,-6.5333,0.903792,
903,-0.767374,-0.72665,1,-0.999999,0.990877,-0.438342,-0.133434,-0.00225461,0.555334,-0.271464,0.229692,-0.283125,-0.44405,-0.352918,5.35054,-0.0389486,1.0733,8.44616,-20.6659,14.7722,-13.7035,-1.33571,3.58646,
904,-0.827068,0.997518,1.70511e-06,1,0.890203,-0.284902,-0.139242,0.117144,0.293591,-0.308138,0.837754,-1.08878,0.135358,-0.236648,4.07994,-0.271472,2.61311,-11.2557,4.14814,4.14914,-12.8389,14.8089,1.55072,
905,0.988846,0.997887,3.76516e-06,-1,-1,-0.424173,-0.172908,-0.003001,-0.277831,0.528564,0.255969,-0.329823,0.176979,-0.342614,5.46521,-0.760016,-4.65092,-10.4635,16.2731,-15.1249,22.4478,-13.5697,-11.8086,
906,0.999254,-0.96981,1,-1,-1,-0.651479,-0.190168,-0.114143,0.0040604,0.637465,-0.28039,0.187645,-0.314391,-0.497842,5.82708,0.110997,-0.892348,13.9432,0.717756,-3.85773,0.922219,-6.4853,2.3641,
907,-0.330123,-0.76597,1,-1,0.990031,-0.386042,-0.159361,-0.0523354,0.633407,-0.0982598,0.212531,-0.30517,-0.46323,-0.314438,5.4695,0.54013,2.20416,8.93304,-18.2518,14.1286,-14.5945,-1.28084,3.73509,
908,-0.926423,0.994673,1.04935e-05,1,0.941595,-0.243248,-0.139375,0.0995397,0.42463,-0.396082,0.798682,-1.11274,0.130307,-0.20341,4.25489,0.259275,3.05386,-9.43854,0.210854,5.76571,-12.3344,15.0364,1.30105,
909,0.972966,0.999396,2.30139e-07,-1,-1,-0.3948,-0.14963,0.00404662,-0.21711,0.474655,0.281725,-0.358405,0.208924,-0.320967,5.39567,-0.534794,-3.99346,-13.2584,18.3896,-14.3518,21.0364,-11.8938,-11.557,
910,0.997606,-0.851463,1,-1,-1,-0.653156,-0.163084,-0.0891492,-0.0749274,0.598427,-0.281132,0.164924,-0.269843,-0.498918,5.89813,-0.00528344,-0.988063,10.3839,-4.08117,-6.1184,1.84873,-6.60733,1.10301,
911,-0.32439,-0.844379,1,-1,0.988769,-0.430995,-0.128255,-0.0214177,0.523952,-0.0964543,0.116767,-0.27547,-0.446223,-0.347586,5.82771,0.738598,2.39936,10.2156,-15.0727,13.3072,-13.6493,-1.9998,3.50671,
912,-0.950849,0.990531,4.9473e-05,0.999997,0.964623,-0.282224,-0.102563,0.122217,0.391877,-0.430405,0.724714,-1.06615,0.126362,-0.234531,4.60473,0.321007,2.83888,-7.88786,-1.02272,7.45207,-12.5232,14.8966,1.4936,
913,0.965519,0.999298,4.2257e-07,-1,-1,-0.390234,-0.114744,0.0234812,-0.213199,0.45751,0.295308,-0.355531,0.239623,-0.317567,5.73571,-0.595577,-3.94006,-12.6507,19.2184,-13.0673,21.0159,-9.52295,-9.42755,
914,0.998625,-0.83904,1,-1,-1,-0.542378,-0.132324,-0.0564665,-0.057029,0.618193,-0.251708,0.183509,-0.197041,-0.42589,6.20229,-0.098739,-0.608061,10.4448,-3.6258,-6.33444,2.41837,-6.56628,1.89901,
915,-0.631462,-0.796415,1,-1,0.987431,-0.299513,-0.121023,-0.0117505,0.520613,-0.206012,0.208598,-0.226674,-0.392888,-0.248149,5.98803,0.289582,2.0623,9.70312,-11.4937,12.5748,-13.2412,-2.77249,3.68841,
916,-0.870896,0.996428,6.10393e-06,1,0.946366,-0.175935,-0.117595,0.132746,0.29344,-0.340891,0.740492,-1.05622,0.130865,-0.148435,4.65916,-0.113711,3.08759,-9.98036,1.5517,6.0241,-13.6949,13.9314,0.939369,
917,0.979595,0.99844,2.67205e-06,-1,-1,-0.364094,-0.145787,0.0304431,-0.27162,0.493141,0.267946,-0.328011,0.169426,-0.297929,5.85364,-0.565699,-4.55838,-10.8064,17.3111,-13.4301,23.157,-13.1958,-12.1477,
918,0.997102,-0.901677,1,-1,-1,-0.647987,-0.157274,-0.0785347,-0.0296999,0.59105,-0.264071,0.214164,-0.290586,-0.495598,6.1174,0.0282404,-1.40146,11.5252,-4.09366,-5.71255,1.39547,-5.64657,0.884485,
919,-0.399211,-0.806926,1,-1,0.989487,-0.430417,-0.125469,-0.0365893,0.573699,-0.120511,0.169215,-0.267974,-0.42421,-0.347166,5.87153,0.620207,1.93855,9.73556,-15.3923,13.7566,-14.5422,-1.39831,3.56829,
920,-0.941248,0.995031,1.24104e-05,1,0.953254,-0.275005,-0.106377,0.097531,0.374291,-0.415711,0.745553,-1.09284,0.149507,-0.228809,4.64291,0.170009,2.67794,-9.27075,-0.174084,6.4641,-12.8099,14.5127,1.56683,
921,0.96423,0.999358,6.04302e-07,-1,-1,-0.260124,-0.128147,-0.0121395,-0.246348,0.454825,0.278671,-0.317541,0.340645,-0.216954,6.40741,-1.05919,-3.34491,-12.293,17.8702,-13.5792,24.4713,1.46888,0.267916,
922,0.996535,-0.850142,1,-1,-1,-0.405138,-0.149466,-0.104923,-0.0776218,0.58385,-0.268335,0.272299,-0.140843,-0.32863,6.32822,-0.131841,-0.898381,10.7181,-3.9776,-6.09365,2.78969,-7.15703,1.87815,
923,-0.333025,-0.828306,1,-1,0.988709,-0.185997,-0.118839,-0.0319559,0.528368,-0.0991757,0.130145,-0.173067,-0.364462,-0.156741,6.06242,0.655987,2.5707,10.1754,-14.8021,13.2715,-14.5618,-3.20122,3.50569,
924,-0.946569,0.992058,4.29363e-05,0.999998,0.961938,-0.0951414,-0.101687,0.131092,0.386825,-0.423621,0.726414,-1.06359,0.141703,-0.0808432,4.90041,0.0898023,3.34285,-8.02957,-0.930451,7.17951,-14.686,13.5635,0.329243,
925,0.970427,0.999285,5.19981e-07,-1,-1,-0.313102,-0.120554,0.0416288,-0.204283,0.46846,0.292553,-0.352614,0.171329,-0.258768,5.9363,-0.528459,-4.07263,-12.4433,19.3716,-13.0005,22.1879,-11.4941,-11.3365,
926,0.999109,-0.829105,1,-1,-1,-0.558953,-0.134901,-0.0463453,-0.0447854,0.632098,-0.249332,0.193104,-0.259027,-0.437098,6.35716,-0.0171171,-0.818374,10.4299,-3.63549,-6.24875,1.99072,-5.61775,1.00943,
927,-0.612955,-0.808736,1,-1,0.989315,-0.348148,-0.11985,-0.0131006,0.530103,-0.198299,0.22256,-0.241696,-0.399932,-0.285802,6.11182,0.299772,1.73886,9.95672,-12.0761,13.6449,-13.5329,-1.77071,3.49665,
928,-0.884044,0.99656,6.2172e-06,1,0.939951,-0.216012,-0.116292,0.118193,0.308427,-0.352179,0.761645,-1.06517,0.149914,-0.181341,4.78084,-0.116228,2.83293,-9.96197,1.39405,5.68386,-13.3867,14.0818,1.19394,
929,0.977784,0.998765,1.85976e-06,-1,-1,-0.371292,-0.145906,0.00481376,-0.270884,0.487694,0.266571,-0.32894,0.188715,-0.303366,6.0345,-0.692925,-4.63794,-11.1688,17.3804,-13.8056,22.9317,-12.236,-10.9343,
930,0.996578,-0.88959,1,-1,-1,-0.596311,-0.163751,-0.108286,-0.0412127,0.584359,-0.272549,0.218771,-0.259585,-0.461974,6.30823,-0.0989451,-1.45335,11.4154,-4.139,-5.71614,1.67734,-5.73608,1.3206,
931,-0.363899,-0.818643,1,-1,0.991316,-0.37049,-0.131933,-0.051425,0.589519,-0.109017,0.188414,-0.255128,-0.412401,-0.302761,5.96157,0.491511,1.95548,9.96086,-17.5484,15.143,-14.5111,-1.76061,3.63186,
932,-0.919106,0.993024,2.91468e-05,0.999999,0.960201,-0.22989,-0.119225,0.0897646,0.4252,-0.387417,0.82434,-1.09281,0.144419,-0.192617,4.77607,0.0955652,3.02405,-8.41695,1.13368,7.01801,-13.2779,14.1996,1.27377,
933,0.981349,0.999321,6.74065e-07,-1,-1,-0.244009,-0.136468,0.0145504,-0.168496,0.498765,0.312775,-0.337099,0.324197,-0.204023,6.39056,-0.895359,-2.43431,-12.1837,17.7846,-14.7884,23.9031,1.44843,-0.163693,
934,0.999175,-0.780257,1,-1,-1,-0.475527,-0.144633,-0.0598985,-0.0358418,0.634461,-0.272806,0.271684,-0.203176,-0.379538,6.17767,0.111402,-0.561172,9.67301,-4.164,-6.56173,2.77449,-7.14102,1.1431,
935,-0.590272,-0.7692,1,-1,0.988565,-0.268538,-0.119692,-0.0174274,0.506064,-0.189123,0.199567,-0.17992,-0.384358,-0.223668,5.88003,0.567004,2.0212,9.30636,-11.3861,13.1874,-14.5356,-2.20793,3.48475,
936,-0.864593,0.995552,1.00163e-05,1,0.947103,-0.155608,-0.106261,0.12657,0.289327,-0.335758,0.744984,-1.0637,0.154537,-0.13157,4.67708,0.0378773,3.08545,-9.48507,1.29792,6.06709,-14.4927,13.9142,0.817757,
937,0.980155,0.998255,3.96659e-06,-1,-1,-0.336295,-0.126825,0.025137,-0.251295,0.494895,0.270875,-0.341813,0.185129,-0.276717,6.03512,-0.545482,-4.17525,-10.4114,17.2455,-13.4772,22.2309,-11.3776,-10.7123,
938,0.997819,-0.879217,1,-1,-1,-0.55303,-0.139919,-0.063318,-0.0126629,0.601928,-0.260587,0.196128,-0.25045,-0.433105,6.31244,-0.0438964,-0.935769,11.2106,-3.95081,-5.69937,1.84886,-5.78719,1.27365,
939,-0.531596,-0.778581,1,-1,0.989309,-0.334967,-0.12228,-0.0222505,0.565468,-0.166601,0.210967,-0.249216,-0.404822,-0.275695,5.99825,0.340192,1.90361,9.50622,-13.7445,13.6411,-13.8667,-1.96862,3.52958,
940,-0.905495,0.996702,5.32367e-06,1,0.941862,-0.206514,-0.11619,0.115091,0.327516,-0.372668,0.75519,-1.07701,0.143761,-0.173587,4.7048,-0.0807021,2.83628,-10.1171,0.962332,5.77938,-13.2289,14.1528,1.10914,
941,0.974013,0.999038,1.02943e-06,-1,-1,-0.365628,-0.145394,-0.00192759,-0.276585,0.477332,0.266787,-0.332174,0.193733,-0.299089,5.98042,-0.76118,-4.67562,-11.7603,17.6791,-13.7124,22.6466,-11.74,-10.8883,
942,0.996035,-0.890925,1,-1,-1,-0.587329,-0.165928,-0.117336,-0.0592326,0.578224,-0.27351,0.214038,-0.249163,-0.456039,6.30414,-0.141563,-1.47041,11.4402,-4.13839,-5.78787,1.77761,-5.80725,1.34633,
943,-0.331796,-0.830957,1,-1,0.99121,-0.36259,-0.131853,-0.051801,0.581333,-0.0987875,0.167637,-0.253239,-0.411358,-0.296789,6.00533,0.540679,2.10643,10.1654,-17.6511,15.051,-14.3693,-1.95056,3.61528,
944,-0.932911,0.992176,3.85988e-05,0.999998,0.963207,-0.225005,-0.11729,0.0927642,0.432334,-0.40429,0.811408,-1.08736,0.141067,-0.188655,4.8115,0.122454,3.05438,-8.13607,0.695633,7.30469,-13.2731,14.1983,1.22947,
945,0.979157,0.999382,5.47476e-07,-1,-1,-0.241872,-0.134218,0.0195369,-0.166179,0.491792,0.315309,-0.338741,0.325164,-0.202301,6.38668,-0.899106,-2.41356,-12.3917,18.1634,-14.5539,23.7804,1.50623,-0.206897,
946,0.999295,-0.777567,1,-1,-1,-0.474795,-0.14182,-0.0546054,-0.0394525,0.639134,-0.268232,0.271632,-0.202481,-0.37902,6.18912,0.130429,-0.533719,9.65257,-4.05965,-6.62754,2.80757,-7.15548,1.12881,
947,-0.598619,-0.783673,1,-1,0.989197,-0.268286,-0.116227,-0.0119138,0.505723,-0.192466,0.203964,-0.178463,-0.383833,-0.223467,5.86339,0.532479,1.90956,9.45197,-12.1761,13.5694,-14.5119,-2.17806,3.49258,
948,-0.884436,0.995686,9.06106e-06,1,0.944873,-0.154611,-0.10538,0.125621,0.288137,-0.352529,0.751823,-1.06221,0.156987,-0.13074,4.63661,-0.0303078,2.94179,-9.58531,1.33748,5.93968,-14.491,13.9479,0.831111,
949,0.979278,0.9984,3.22109e-06,-1,-1,-0.332225,-0.130596,0.0151689,-0.264151,0.492162,0.269393,-0.339696,0.188183,-0.273583,6.01329,-0.655827,-4.37712,-10.6196,17.4703,-13.6087,22.2794,-11.2121,-10.5205,
950,0.997628,-0.890678,1,-1,-1,-0.539937,-0.147645,-0.0822532,-0.0210631,0.598788,-0.264831,0.199462,-0.244795,-0.42423,6.29983,-0.111584,-1.10421,11.4314,-4.00759,-5.69026,1.85779,-5.78863,1.33251,
951,-0.452485,-0.769512,1,-1,0.988768,-0.322813,-0.128655,-0.037334,0.571418,-0.138417,0.192307,-0.247825,-0.403848,-0.266311,6.01944,0.387157,2.02899,9.42479,-14.367,13.3062,-13.9481,-2.06654,3.51128,
952,-0.916549,0.996107,8.03469e-06,1,0.947385,-0.19845,-0.120772,0.10373,0.348238,-0.384521,0.743025,-1.07607,0.142259,-0.16698,4.76386,-0.0532904,2.86759,-9.70552,0.395106,6.08372,-13.2066,14.1396,1.04186,
953,0.971613,0.999182,7.23714e-07,-1,-1,-0.360837,-0.14834,-0.0102297,-0.261691,0.471302,0.271203,-0.336031,0.195598,-0.29546,5.98057,-0.743721,-4.60943,-12.1127,18.0269,-13.4637,22.4873,-11.5788,-10.8514,
954,0.996604,-0.877389,1,-1,-1,-0.580859,-0.168819,-0.124116,-0.0632252,0.584675,-0.268062,0.210626,-0.246295,-0.451747,6.32162,-0.136588,-1.41673,11.1832,-4.03604,-5.90185,1.85311,-5.84956,1.34601,
955,-0.314525,-0.810453,1,-1,0.989838,-0.357884,-0.138149,-0.0592332,0.598489,-0.0933608,0.21912,-0.251752,-0.412442,-0.293219,6.00715,0.477593,2.11317,9.89209,-16.65,13.9933,-14.2621,-2.02346,3.59087,
956,-0.932832,0.993714,2.3613e-05,0.999999,0.946659,-0.222612,-0.125116,0.0883334,0.426137,-0.404186,0.785919,-1.08559,0.138814,-0.186712,4.79757,0.0862169,3.07222,-8.62749,0.0709548,6.04108,-13.2613,14.2335,1.20268,
957,0.975066,0.999445,2.88841e-07,-1,-1,-0.367348,-0.14221,-0.00258987,-0.194813,0.480109,0.28665,-0.356087,0.20188,-0.300389,5.89535,-0.612746,-3.85462,-13.0312,18.7231,-14.0359,21.5998,-10.6107,-10.1823,
958,0.998555,-0.803073,1,-1,-1,-0.557909,-0.161758,-0.0829938,-0.0601115,0.616511,-0.271755,0.190629,-0.229148,-0.436395,6.34369,-0.137394,-0.667997,10.0775,-4.02877,-6.18417,2.30482,-5.97023,1.55198,
959,-0.325412,-0.816552,1,-1,0.989842,-0.329046,-0.138338,-0.00945181,0.530495,-0.0967756,0.162033,-0.232011,-0.401077,-0.271131,6.14474,0.437887,2.37981,10.0845,-15.4736,13.996,-13.5144,-2.26735,3.60833,
960,-0.948969,0.992407,3.90802e-05,0.999998,0.953792,-0.199477,-0.128939,0.1375,0.386681,-0.427374,0.743888,-1.04948,0.141746,-0.167823,4.90606,-0.0375236,2.95844,-8.12368,-0.792251,6.50249,-13.3169,14.1901,1.11202,
961,0.969444,0.99933,4.28621e-07,-1,-1,-0.436067,-0.153648,0.0279621,-0.225901,0.466164,0.283253,-0.357376,0.121929,-0.35127,5.87526,-0.753237,-4.32658,-12.6365,18.9822,-13.3587,22.3443,-7.87068,-7.95652,
962,0.998213,-0.842229,1,-1,-1,-0.525028,-0.180132,-0.0670285,-0.0626503,0.609156,-0.261702,0.203461,-0.188513,-0.41404,6.32499,-0.280756,-0.886105,10.5936,-3.89627,-6.13985,2.57498,-4.23403,2.42597,
963,-0.300411,-0.820066,1,-1,0.98919,-0.262594,-0.160938,0.00745233,0.539215,-0.0889624,0.151707,-0.197411,-0.339083,-0.218927,6.13043,0.405869,2.57366,10.1192,-15.2571,13.565,-13.115,-2.63309,3.92678,
964,-0.949781,0.992363,3.87792e-05,0.999998,0.956633,-0.135493,-0.152234,0.169774,0.394864,-0.428673,0.734587,-1.0287,0.157439,-0.11478,4.88133,-0.0607149,3.3366,-8.13141,-1.09393,6.717,-13.9791,13.1213,0.897553,
965,0.969879,0.999332,3.1233e-07,-1,-1,-0.495341,-0.168751,0.0593679,-0.237316,0.467173,0.285997,-0.349168,-0.0104578,-0.393474,5.50191,-0.546858,-4.45989,-12.953,18.8486,-13.2266,22.8092,-6.42994,-7.33999,
966,0.997718,-0.867982,1,-1,-1,-0.561606,-0.185417,-0.0433775,-0.0747238,0.600238,-0.261311,0.196377,-0.203715,-0.438881,6.00397,-0.0842952,-1.04286,10.7484,-4.04101,-6.2471,2.11,-2.06263,2.62919,
967,-0.410369,-0.83673,1,-1,0.98897,-0.279458,-0.15844,0.0234683,0.531188,-0.124201,0.144505,-0.202599,-0.299594,-0.232341,5.81007,0.527501,2.3948,10.087,-15.698,13.4286,-12.7106,-2.26458,4.15886,
968,-0.955366,0.993793,1.77963e-05,1,0.958786,-0.136271,-0.144935,0.178478,0.35583,-0.43804,0.732738,-1.01932,0.178103,-0.115431,4.48883,0.0121891,3.19908,-8.9103,-0.395563,6.89397,-13.8204,12.4324,1.09798,
969,0.968748,0.999129,4.60322e-07,-1,-1,-0.458577,-0.16236,0.0616979,-0.284591,0.464573,0.283394,-0.361219,0.0119437,-0.36748,5.2671,-0.580679,-4.65539,-12.5651,18.7434,-13.3332,22.8507,-6.3976,-6.81369,
970,0.996723,-0.914132,1,-1,-1,-0.504226,-0.177521,-0.0423938,-0.0793961,0.586134,-0.265756,0.193031,-0.195991,-0.399669,5.78177,-0.0571945,-1.04842,11.5584,-4.13887,-6.17615,2.37607,-2.39197,2.71127,
971,-0.498953,-0.842032,1,-1,0.988533,-0.232656,-0.149417,0.0233612,0.53683,-0.154707,0.128758,-0.197368,-0.30197,-0.194857,5.5437,0.554392,2.36658,9.94559,-15.9575,13.1689,-12.6416,-2.36486,4.04594,
972,-0.956939,0.99514,7.98064e-06,1,0.962571,-0.105811,-0.135098,0.178109,0.326162,-0.44083,0.727238,-1.01968,0.175415,-0.0898462,4.16656,0.0140556,3.18595,-9.71227,0.251908,7.2412,-13.9482,12.4757,0.821709,
973,0.968814,0.99895,6.39332e-07,-1,-1,-0.399244,-0.155915,0.0591333,-0.317318,0.464724,0.284465,-0.351626,0.0512889,-0.324266,5.1707,-0.688331,-4.60681,-12.2366,18.532,-13.3535,23.0973,-5.38653,-6.15751,
974,0.996005,-0.938352,1,-1,-1,-0.50071,-0.171342,-0.0454208,-0.0813458,0.577903,-0.266929,0.184934,-0.214147,-0.397221,5.61969,-0.0489477,-1.10232,12.1764,-4.19872,-6.17203,2.08791,-3.30197,2.19507,
975,-0.528229,-0.847795,1,-1,0.988099,-0.253397,-0.143017,0.0165927,0.544524,-0.165355,0.115612,-0.221687,-0.335251,-0.211568,5.39598,0.561918,2.29971,9.91169,-15.9528,12.9251,-12.9409,-2.27986,3.80344,
976,-0.956461,0.995467,6.09263e-06,1,0.965453,-0.132219,-0.127839,0.167135,0.321682,-0.439975,0.722084,-1.04008,0.162735,-0.112039,4.02478,0.044991,3.05989,-9.98221,0.476015,7.54273,-13.5928,12.9915,0.831085,
977,0.970236,0.998938,6.03661e-07,-1,-1,-0.417729,-0.150373,0.0432935,-0.3147,0.46801,0.288378,-0.328488,0.0776883,-0.337897,5.07169,-0.629481,-4.88995,-12.294,18.7157,-13.2423,23.2608,-9.20538,-9.16725,
978,0.996178,-0.940936,1,-1,-1,-0.565571,-0.162021,-0.0717866,-0.0795895,0.579776,-0.26415,0.220804,-0.228618,-0.441542,5.47983,0.0591759,-1.35987,12.1574,-4.2497,-6.25252,1.81398,-3.5957,1.95904,
979,-0.467929,-0.851245,1,-1,0.987447,-0.312342,-0.12431,-0.0161196,0.542986,-0.143755,0.0994745,-0.221194,-0.343863,-0.258176,5.27316,0.792838,2.31111,9.86448,-15.5662,12.5827,-13.7255,-2.01736,3.89137,
980,-0.955703,0.994076,1.07007e-05,1,0.968115,-0.172498,-0.0991801,0.13575,0.340636,-0.438632,0.711893,-1.05676,0.165686,-0.14559,3.99645,0.24423,3.07738,-9.41898,-0.0900401,7.85654,-13.641,13.1254,1.15276,
981,0.967056,0.999016,6.42952e-07,-1,-1,-0.332184,-0.117938,0.0332166,-0.277985,0.460808,0.293144,-0.35423,0.197815,-0.273552,5.34833,-0.734347,-4.10168,-12.231,19.0384,-13.023,20.6579,-10.3344,-10.3108,
982,0.99794,-0.916904,1,-1,-1,-0.535199,-0.136389,-0.0505656,-0.0612633,0.60403,-0.253973,0.155102,-0.242549,-0.421002,5.84528,-0.110961,-0.727748,11.6858,-3.79047,-6.26077,1.83654,-6.33464,1.3054,
983,-0.689157,-0.801964,1,-1,0.984564,-0.322234,-0.127088,-0.0109382,0.546147,-0.231616,0.200712,-0.267517,-0.419252,-0.265862,5.68678,0.312396,2.13063,9.52156,-11.07,11.3387,-13.2146,-2.38697,3.39439,
984,-0.860024,0.997161,2.80635e-06,1,0.951402,-0.205358,-0.119498,0.138942,0.283529,-0.332138,0.721561,-1.07517,0.121992,-0.172641,4.32657,0.00721095,3.1646,-10.7574,2.02415,6.33672,-13.0479,14.2337,0.948084,
985,0.979863,0.998253,2.85833e-06,-1,-1,-0.390215,-0.142618,0.0390076,-0.293353,0.493977,0.267203,-0.33127,0.180558,-0.317553,5.6363,-0.535655,-4.40945,-10.7391,16.9378,-13.1972,22.5711,-13.0646,-12.4578,
986,0.99615,-0.920754,1,-1,-1,-0.660113,-0.151344,-0.061654,-0.0347626,0.579469,-0.261823,0.196848,-0.29361,-0.503375,5.93976,0.073043,-1.25367,11.8718,-4.1829,-5.71781,1.31529,-6.06074,1.7022,
987,-0.519759,-0.796681,1,-1,0.986152,-0.410392,-0.12447,-0.029194,0.563615,-0.162241,0.169684,-0.278821,-0.434904,-0.332505,5.76355,0.646739,2.01741,9.52098,-12.3423,11.9762,-14.2995,-1.49746,3.69902,
988,-0.890063,0.995976,7.12271e-06,1,0.957025,-0.258565,-0.100544,0.114654,0.336536,-0.357642,0.721307,-1.09626,0.137901,-0.215707,4.52974,0.323843,2.96792,-9.826,0.594472,6.74822,-12.7465,14.5602,1.45267,
989,0.970453,0.998968,1.68726e-06,-1,-1,-0.252549,-0.113236,0.0217935,-0.252861,0.46852,0.277093,-0.317276,0.342695,-0.210887,6.39161,-0.86287,-2.88905,-11.2662,16.7382,-13.2254,24.4498,1.80866,0.167298,
990,0.995911,-0.860584,1,-1,-1,-0.419833,-0.125278,-0.0475235,-0.0549949,0.576913,-0.260129,0.264295,-0.146293,-0.339439,6.28489,0.014811,-0.477543,10.8525,-4.0185,-6.00049,2.71451,-7.2717,1.69764,
991,-0.724304,-0.789511,1,-1,0.988526,-0.200791,-0.108316,-0.00345038,0.524114,-0.248642,0.218023,-0.174957,-0.362297,-0.1689,5.87535,0.332252,1.91287,9.52879,-12.1451,13.1644,-14.3197,-3.0243,3.54765,
992,-0.878069,0.997425,2.75046e-06,1,0.94221,-0.103707,-0.107576,0.137995,0.259097,-0.346945,0.752085,-1.06997,0.1458,-0.0880722,4.56156,-0.233114,3.04275,-10.7775,2.5607,5.79725,-14.7955,13.5119,0.431269,
993,0.983105,0.998159,4.24931e-06,-1,-1,-0.321684,-0.141353,0.0217012,-0.30312,0.504802,0.264173,-0.327404,0.159345,-0.265436,5.97686,-0.71452,-4.72522,-10.3425,17.1483,-13.6835,23.2757,-12.379,-11.7111,
994,0.996797,-0.921938,1,-1,-1,-0.583529,-0.157959,-0.0890666,-0.0240302,0.587051,-0.269693,0.21786,-0.273715,-0.45352,6.21874,-0.0843109,-1.42732,12.1364,-4.32686,-5.5925,1.52151,-5.32102,0.939438,
995,-0.366259,-0.795066,1,-1,0.989254,-0.373944,-0.130039,-0.0422553,0.586674,-0.109777,0.156427,-0.25713,-0.408593,-0.305364,5.96727,0.585293,2.15727,9.66991,-15.0231,13.606,-14.4774,-1.63995,3.49738,
996,-0.935496,0.995141,1.29487e-05,1,0.956535,-0.235967,-0.111641,0.105439,0.386319,-0.407718,0.740463,-1.09061,0.148554,-0.197535,4.75346,0.166131,2.97357,-9.2283,-0.388516,6.70923,-13.0846,14.1938,1.29441,
997,0.964513,0.999401,5.53885e-07,-1,-1,-0.245026,-0.132926,0.011564,-0.234533,0.455409,0.282834,-0.32237,0.331035,-0.204842,6.48332,-1.05146,-3.01041,-12.3801,17.8285,-13.4803,24.3173,1.48613,-0.0740806,
998,0.996959,-0.837972,1,-1,-1,-0.442561,-0.146558,-0.0831435,-0.0755349,0.589133,-0.264611,0.291067,-0.172216,-0.35597,6.30356,0.0359171,-0.958283,10.5126,-3.93979,-6.17876,2.80358,-6.94399,1.46051,
999,-0.429897,-0.831491,1,-1,0.989634,-0.229186,-0.111973,-0.0264033,0.528787,-0.130734,0.164246,-0.168228,-0.367211,-0.192047,5.94449,0.648046,2.0654,10.1228,-15.5078,13.854,-14.8657,-2.53702,3.55575,
