step,action0,action1,action2,action3,action4,action5,state0,state1,state2,state3,state4,state5,state6,state7,state8,state9,state10,state11,state12,state13,state14,state15,state16,
0,0,0.169058,0.000595108,-1,-0.375703,0.0236599,0.0630394,-0.0518677,-0.0133034,-0.010785,0.0615661,0.0236643,-0.0997345,-0.0495433,0.0991976,0.0146351,0.0922247,0.0411597,0.047769,0.0452996,0.0132324,0.0242512,0.0549715,
1,0.0305324,-0.414528,-0.00168527,-1,-0.672421,-0.318967,0.0493167,-0.0304255,-0.0547702,0.0305419,0.00780318,-0.330497,-0.0302367,0.0324928,-0.525953,-0.531267,0.750021,-0.921485,0.923146,-1.34276,-9.7408,0.999412,2.07866,
2,0,-0.413679,0.00866325,-1,0.100905,-0.64288,0.00850229,0.0512774,-0.00455528,-0.157009,-0.0234591,-0.763068,-0.200298,-0.000125808,-0.0753828,-1.0612,1.72784,1.68454,-4.4742,-0.105811,-6.96135,-5.36428,-2.3328,
3,0,-0.0887828,0.013049,-1,0.755872,-0.733214,-0.0568047,0.0841224,0.0552659,-0.236505,-0.000865978,-0.935644,-0.192652,-0.287946,0.143965,-1.44794,-0.0521772,0.750656,0.321141,0.614299,-0.540395,2.61947,-6.58893,
4,0.00460889,0.999999,-0.000254315,1,-0.14236,-0.693437,-0.124719,0.0630335,0.0181872,0.00460892,-0.098328,-0.854547,0.195252,-0.529024,0.384941,-1.20377,-0.150903,-0.946457,5.19809,-2.68227,2.54552,8.69626,-1.15585,
5,0.477375,1,-0.0286581,-1,0.887099,0.0726396,-0.209627,-0.0242195,0.0444525,0.519579,-0.0775815,0.0727678,-0.111218,-0.545096,1.38028,-1.90453,-2.20889,1.10259,9.68861,2.50965,20.174,-18.9674,-8.61835,
6,0.628571,-0.414265,-0.0407462,-1,-0.637324,0.147901,-0.257981,-0.143693,0.198824,0.739051,0.00342304,0.148993,-0.0986624,-0.470231,-0.124843,-0.175623,-2.63295,3.78715,2.84192,0.698913,-7.81716,7.37682,1.8164,
7,0.373554,-0.414561,-0.0216553,-1,-0.983564,-0.425401,-0.234962,-0.0935612,0.436219,0.392548,0.0350178,-0.454268,-0.0198249,-0.0800336,0.384708,0.583002,2.94332,3.69189,-12.0723,0.319137,-13.0653,-2.39094,9.85687,
8,0,-0.412534,0.00809108,-1,-0.267509,-0.749665,-0.212622,0.121482,0.449851,-0.146638,0.0527842,-0.97219,-0.411787,0.119807,0.75432,0.26345,4.22226,-1.22453,-9.01524,0.492446,-7.46708,-8.99646,-0.343048,
9,0,1,0.0140229,1,0.920773,-0.736227,-0.200201,0.253749,0.206808,-0.254161,0.0544927,-0.94219,-0.497056,-0.242562,0.556389,0.164976,1.89388,-6.46572,0.964886,-0.495831,3.90238,2.8945,-9.47539,
10,0.385712,1,-0.0224385,-1,-0.547376,-0.12973,-0.209665,0.122743,-0.0614658,0.406752,-0.00711432,-0.130465,-0.309929,-0.554764,1.37245,-0.238326,-4.91298,-2.89401,14.6527,-0.996577,14.9895,-3.38743,1.11468,
11,0.591319,-0.412541,-0.0374784,-1,-0.975073,-0.0552272,-0.210179,-0.0616682,0.0481904,0.679692,-0.0462143,-0.0552834,-0.200328,-0.224885,0.877588,0.110864,-2.89987,4.3252,0.343703,-0.267192,-5.73778,4.14329,8.67409,
12,0.22873,-0.413952,-0.0128473,-1,-0.912428,-0.47611,-0.180953,-0.0467613,0.359783,0.232849,-0.0717637,-0.517942,-0.240161,0.164092,1.45481,0.713961,1.97106,5.68927,-11.2422,-0.0113284,-10.1056,-3.79121,5.69006,
13,0,-0.410742,0.0102178,-1,0.679325,-0.733566,-0.157532,0.0862209,0.410213,-0.185186,0.0473882,-0.936406,-0.475431,0.0808888,1.33309,0.301923,2.54249,-1.66146,-5.34014,2.3729,-5.81448,-4.45483,-5.67535,
14,0,0.999925,0.0104424,1,0.933773,-0.756121,-0.140799,0.145574,0.172944,-0.189257,0.0867069,-0.987096,-0.104479,-0.411356,1.09116,0.328785,0.447904,-5.11425,2.58002,-0.0559678,2.21598,11.9297,-9.93451,
15,0.415008,1,-0.0243624,-1,0.150478,-0.09114,-0.151858,-0.00501893,-0.00259542,0.441646,0.0142197,-0.0913936,0.182699,-0.567634,2.21282,-0.366996,-4.62015,-1.8751,13.6504,-1.37226,17.6875,-11.1898,-2.57519,
16,0.59482,-0.411682,-0.0377758,-1,-0.976412,0.0655733,-0.155142,-0.179799,0.0957432,0.685093,-0.0425115,0.0656675,0.105415,-0.275424,1.3984,0.128332,-2.88189,3.4676,-0.0148644,-0.563792,-5.19687,3.01441,8.81484,
17,0.264341,-0.414379,-0.0149392,-1,-0.964598,-0.381827,-0.121971,-0.147734,0.356615,0.27077,-0.0605794,-0.402197,-0.132691,0.203401,1.73149,0.848591,2.64248,4.91762,-10.2223,0.169272,-11.2613,-8.39964,7.93133,
18,0,-0.411526,0.0106506,-1,0.636793,-0.741283,-0.0966904,0.0214024,0.400401,-0.193031,0.0449174,-0.953322,-0.536768,0.182849,1.77431,0.294917,3.13932,-1.30145,-6.62283,1.86188,-8.83659,-6.52672,-5.3212,
19,0,1,0.011812,1,0.970136,-0.745465,-0.076814,0.0773511,0.187742,-0.214081,0.0728451,-0.96267,-0.204467,-0.382305,1.50063,0.365532,0.229437,-5.41127,1.7553,-0.413331,2.96337,12.6072,-11.8903,
20,0.384653,1,-0.02237,-1,-0.829712,-0.0240324,-0.0916083,-0.0670632,-0.0165514,0.405509,0.00216953,-0.024037,0.403892,-0.509069,3.33537,-1.00943,-2.80652,-2.37875,12.7032,-1.2665,22.0604,11.7247,3.86609,
21,0.548162,0.996625,-0.0339569,1,-0.984958,0.420309,-0.14424,-0.0876038,0.0127203,0.615751,-0.0562273,0.448067,0.390448,-0.0602513,2.09344,-0.667354,0.17505,2.47653,-0.399355,-0.685864,1.79417,-6.35336,9.89907,
22,0.462053,1,-0.0275745,1,-0.941264,0.603717,-0.198909,-0.0586668,0.233658,0.499919,-0.0481879,0.698976,-0.355209,0.38784,2.15433,-1.35403,0.587564,4.33264,-2.35643,0.741125,4.5473,-14.8686,6.61882,
23,0.44576,1,-0.0264433,1,-0.566049,0.643667,-0.265836,-0.0546707,0.335631,0.479396,0.0144199,0.76441,-0.750938,0.533508,1.75092,-0.96272,-0.638197,1.36081,1.63816,1.83204,5.99186,-5.28984,1.34437,
24,0.541614,-0.138302,-0.0334439,-1,0.00202041,0.619406,-0.267153,-0.130082,0.350907,0.606437,0.101035,0.724041,-0.572209,0.487423,1.09717,0.268996,-1.65043,-0.0390565,2.30959,1.18915,-0.706387,6.05852,-1.74297,
25,0.353,-0.414518,-0.0203495,-1,-0.220324,0.17322,-0.164155,-0.187754,0.440878,0.368867,0.207402,0.174985,0.0687367,0.519836,0.015971,2.60837,-0.0551976,1.1674,-7.38864,1.34844,-16.0297,14.9834,-0.591602,
26,0,-0.413451,0.00540424,-1,0.713588,-0.561178,-0.0541695,-0.0570524,0.345931,-0.0979415,0.152234,-0.634551,0.328997,0.305482,-0.434081,1.75075,3.707,-3.1508,-9.60865,-3.17494,-14.1789,-2.52124,-6.03953,
27,0,0.704945,0.0166406,-1,0.972495,-0.783026,0.00485771,0.0857597,0.112571,-0.301617,-0.00216602,-1.05314,0.193476,-0.236432,0.390058,1.00265,1.26372,-4.06862,0.0277543,-2.51181,0.780665,-4.71733,-12.1118,
28,0.197316,1,-0.0110317,1,-0.584169,-0.682566,0.0297282,0.0454403,-0.128677,0.199938,-0.0587725,-0.833903,0.228738,-0.54036,0.747225,0.30709,-1.58451,-3.15373,11.0435,-0.0921586,5.56576,3.50413,1.38691,
29,0.545437,1,-0.0337427,-1,-0.82113,0.226195,0.0286446,-0.0625303,0.0416272,0.611862,-0.0227304,0.230176,-0.19731,-0.381864,2.28343,-0.427025,-1.24163,5.42703,4.64972,1.32476,24.8199,-9.00879,3.73786,
30,0.52825,-0.414191,-0.0324125,-1,-0.991116,0.390713,0.0170523,-0.0617995,0.247843,0.587715,0.00122501,0.412642,-0.146868,0.0976755,0.404012,0.00552968,0.294419,2.79158,-2.43855,0.0342702,-8.09127,4.17755,11.2295,
31,0,-0.414413,0.00288224,-1,-0.900724,-0.324348,0.0218745,0.0590344,0.320523,-0.0522346,0.012357,-0.336498,-0.122176,0.535133,-0.295422,-0.251812,3.43877,0.575247,-14.8818,0.180709,-16.8207,-2.76371,5.34938,
32,0,-0.413057,0.0210567,-1,0.958705,-0.767472,-0.036915,0.227224,0.152559,-0.381693,0.0305372,-1.01415,-0.376947,0.201853,-0.0292089,-1.66696,2.64636,-4.62122,-0.666445,-0.0703225,-9.28629,-5.87905,-11.1077,
33,0,1,0.0116384,1,0.984709,-0.738754,-0.116292,0.221885,-0.0132913,-0.210936,0.00810259,-0.94773,-0.0528429,-0.544785,0.473225,-1.60621,-1.03558,-2.30355,3.49696,-0.464286,3.89828,12.5174,-13.5504,
34,0.458966,1,-0.0273585,-1,-0.600092,-0.112288,-0.214821,-0.00714322,-0.0325271,0.496,-0.0516527,-0.112763,0.0273981,-0.585649,1.71896,-1.70864,-5.51283,1.15751,17.9849,-3.5859,16.6527,-9.5507,1.49061,
35,0.681619,-0.412418,-0.0458678,-1,-0.981278,0.0185631,-0.275186,-0.171167,0.22661,0.832131,-0.0688804,0.0185653,-0.213155,-0.21206,1.07904,-0.688684,-1.463,6.40205,-0.0976587,1.76987,-5.6963,-2.1329,9.41526,
36,0.378853,-0.41306,-0.0219956,-1,-0.910738,-0.479588,-0.279431,-0.0794555,0.532913,0.39872,0.056941,-0.522449,-0.382225,0.196512,1.74659,0.119604,3.5726,4.64915,-10.5889,2.12106,-12.4036,-4.07589,5.77973,
37,0,-0.410723,0.00725309,-1,0.773189,-0.769805,-0.274507,0.14042,0.535026,-0.13145,0.147746,-1.01985,-0.535042,0.0818121,1.70756,0.069881,4.30734,-2.068,-7.99216,0.683861,-6.3288,-2.26133,-6.53441,
38,0,-0.0319149,0.0103646,-1,0.582305,-0.757241,-0.250102,0.260625,0.235504,-0.187845,0.102177,-0.989715,-0.204608,-0.400888,0.473582,1.2712,0.225832,-8.12553,2.1729,-1.99681,-0.390086,-0.61309,-4.99857,
39,0.0590583,1,-0.00326256,1,-0.589325,-0.695057,-0.191116,0.226327,-0.0370192,0.0591271,0.0335998,-0.857673,0.0368103,-0.510417,0.846001,1.14305,-1.22925,-3.66389,2.63945,-1.88038,3.39229,5.9872,1.41075,
40,0.425844,1,-0.025088,-1,-0.515441,0.117255,-0.16487,0.0499653,-0.0361951,0.45481,-0.0429732,0.117797,-0.319937,-0.447297,2.29969,0.0987671,-3.62151,1.84778,7.74238,-0.648345,24.0084,-8.47259,0.898237,
41,0.520759,-0.414108,-0.0318432,-1,-0.983963,0.278745,-0.143912,-0.08391,0.121897,0.577381,-0.0453638,0.286321,-0.158519,-0.0837969,0.836103,0.651763,-2.37146,3.41225,-0.209085,0.409377,-7.82564,7.31975,9.75729,
42,0.0532802,-0.414501,-0.00294272,-1,-0.948931,-0.360183,-0.105698,-0.0666802,0.304014,0.0533307,-0.0211198,-0.377096,-0.0795939,0.381755,0.669981,0.825331,2.49992,3.21864,-6.64139,-1.35399,-14.5539,-3.05298,6.99924,
43,0,-0.412818,0.0113855,-1,0.862579,-0.754815,-0.0927732,0.0939002,0.252091,-0.206351,0.00503379,-0.984054,-0.403429,0.243875,0.928376,-0.0254952,2.99306,-2.6011,-2.93148,1.0254,-8.84186,-7.25288,-8.0576,
44,0,1,0.00977203,1,0.985234,-0.746914,-0.0862354,0.129417,0.105164,-0.177105,0.0365335,-0.965938,-0.114158,-0.439336,1.06846,0.143748,-0.210467,-3.03443,1.38004,0.192277,3.52551,11.9541,-13.6251,
45,0.392277,1,-0.0228651,-1,-0.812045,-0.0137557,-0.113416,-0.0270582,0.0113499,0.414488,0.00698772,-0.0137566,0.403016,-0.480912,2.7382,-1.25351,-2.94608,-0.536985,12.3117,-0.462992,22.2809,10.0344,3.60517,
46,0.578567,-0.378728,-0.0364109,-1,-0.977395,0.303223,-0.142228,-0.155757,0.0956765,0.660306,-0.0244926,0.313065,0.0457863,-0.331774,1.10331,-0.335761,-1.82651,2.47418,0.282229,-0.497689,-2.65318,-6.86471,8.91842,
47,0.223041,-0.413686,-0.0125166,-1,-0.988121,-0.28974,-0.128951,-0.0995881,0.315953,0.226855,-0.0495986,-0.298282,-0.292377,0.244571,1.09784,0.366173,2.90045,4.34159,-10.7622,-0.144129,-16.4492,-6.32093,10.5619,
48,0,-0.411641,0.0113289,-1,0.586698,-0.778496,-0.132416,0.0812705,0.362528,-0.205324,0.0268543,-1.04154,-0.531953,0.289342,1.47269,-0.320388,3.23178,-0.736306,-5.68705,1.67985,-10.7259,-3.67652,-4.96165,
49,0,1,0.00993632,1,0.984893,-0.73709,-0.137341,0.125138,0.205974,-0.180083,0.0723457,-0.944078,-0.169093,-0.342974,1.40533,-0.110786,0.444701,-4.30645,3.26602,0.508456,3.33331,12.7571,-13.5409,
50,0.434678,1,-0.0256856,-1,0.21768,-0.0782585,-0.168988,-0.0127175,0.0405689,0.46565,0.0290791,-0.0784189,0.188927,-0.575307,2.32243,-0.679529,-4.47327,-2.01487,13.8293,-0.935366,16.2159,-11.7666,-2.90847,
51,0.609151,-0.413203,-0.0390133,-1,-0.977039,0.0204812,-0.186863,-0.183884,0.119183,0.707571,-0.0282922,0.020484,0.102146,-0.277796,1.56402,-0.174982,-2.8024,2.97833,-0.213342,-0.815836,-5.98725,3.07254,8.88502,
52,0.323011,-0.414322,-0.0184821,-1,-0.957228,-0.41902,-0.162996,-0.131598,0.392582,0.335005,-0.0225545,-0.446502,-0.151276,0.185806,2.13414,0.631755,2.94503,5.16553,-11.4166,1.00453,-10.8886,-8.72447,7.49168,
53,0,-0.411236,0.0100236,-1,0.660933,-0.747312,-0.144473,0.0523115,0.454971,-0.181666,0.0830839,-0.966839,-0.556015,0.149686,2.1374,0.202541,3.43918,-1.04786,-7.50452,1.34963,-8.14071,-6.33479,-5.48008,
54,0,1,0.0121904,1,0.963673,-0.746325,-0.127931,0.129585,0.214191,-0.220941,0.0769867,-0.964607,-0.196438,-0.401849,1.75293,0.298513,0.68391,-6.26916,1.68331,-1.02597,2.98193,13.2748,-11.4013,
55,0.389758,1,-0.0227011,-1,0.169731,-0.0773319,-0.144198,-0.0141007,-0.0308841,0.411514,-0.00798075,-0.0774866,0.211373,-0.571161,2.92486,-0.518228,-4.59874,-3.15073,14.0116,-1.31002,17.0445,-9.56492,-2.66938,
56,0.583167,-0.411085,-0.0367932,-1,-0.979547,0.0723926,-0.155385,-0.191144,0.0459486,0.667249,-0.0530059,0.0725195,0.162305,-0.267242,2.2083,-0.0295779,-2.92731,3.66748,0.156106,-0.297952,-5.04993,2.95828,9.1552,
57,0.272233,-0.414424,-0.0154082,-1,-0.96559,-0.367962,-0.125019,-0.147208,0.369621,0.279274,-0.0176417,-0.386064,-0.115123,0.22134,2.47489,0.683491,2.70939,6.0429,-11.628,1.6149,-11.2434,-9.28636,8.00945,
58,0,-0.411453,0.0112003,-1,0.665454,-0.744093,-0.110151,0.026483,0.436695,-0.202994,0.08688,-0.959588,-0.546433,0.195424,2.44165,0.0759529,3.25372,-1.23557,-6.45976,1.11207,-9.49611,-6.77514,-5.53346,
59,0,1,0.0113462,1,0.974236,-0.747909,-0.098706,0.0859431,0.210078,-0.205639,0.0726487,-0.968194,-0.208486,-0.388568,2.14134,0.218483,0.310428,-5.87219,2.04187,-1.06534,3.07307,12.9459,-12.2423,
60,0.389171,1,-0.0226629,-1,-0.84694,-0.0266787,-0.121581,-0.0532842,-0.0159305,0.410822,-0.00814354,-0.026685,0.413192,-0.511405,3.98372,-1.19247,-2.68068,-2.81953,12.4972,-1.24158,22.0966,11.8871,4.14518,
61,0.566449,-0.357961,-0.035418,-1,-0.981105,0.291395,-0.150967,-0.169512,0.0254622,0.642278,-0.054912,0.30009,0.0568714,-0.330296,2.51987,-0.363586,-1.5904,2.70531,-0.186742,-0.462351,-2.20537,-7.29384,9.34626,
62,0.223852,-0.413623,-0.0125637,-1,-0.987865,-0.284173,-0.135731,-0.0953905,0.329262,0.227708,-0.0089124,-0.292215,-0.302585,0.252437,2.45111,0.319067,3.03279,5.9346,-11.4174,1.50744,-16.2203,-6.60215,10.5182,
63,0,-0.411567,0.011941,-1,0.604719,-0.778597,-0.145322,0.0870853,0.407821,-0.216421,0.0798913,-1.0418,-0.538936,0.292708,2.64458,-0.455123,3.2979,-0.762525,-5.44637,0.907014,-11.0313,-3.43708,-5.06465,
64,0,1,0.00868903,1,0.985584,-0.738714,-0.154798,0.137956,0.233695,-0.157476,0.0817678,-0.947643,-0.162435,-0.346214,2.59353,-0.151597,0.735213,-4.39232,4.95417,0.353415,3.17802,12.9583,-13.6431,
65,0.472672,1,-0.0283234,-1,-0.659647,-0.158364,-0.181322,0.00632504,0.0663397,0.513506,0.035201,-0.159708,0.0326255,-0.571941,3.49873,-0.634922,-4.00563,-1.8584,13.2418,-0.959056,16.263,-7.00794,1.96948,
66,0.612781,-0.403248,-0.0393322,-1,-0.980931,0.030887,-0.206376,-0.113082,0.12896,0.713363,-0.0301736,0.0308969,-0.161527,-0.193615,2.77557,-0.38486,-1.58277,2.45063,-0.997765,-1.03156,-3.81769,-1.91575,9.33879,
67,0.241089,-0.41338,-0.0135689,-1,-0.917294,-0.424856,-0.202274,-0.0493353,0.40666,0.24593,0.02709,-0.453603,-0.339013,0.216603,3.06826,0.173508,2.81871,6.06117,-11.0408,2.3829,-11.977,-4.35367,5.86604,
68,0,-0.411548,0.0100949,-1,0.742857,-0.752279,-0.207187,0.123066,0.454001,-0.182958,0.126622,-0.978185,-0.513313,0.115288,2.89285,-0.244642,3.30579,-1.85345,-5.35563,0.578551,-7.40738,-2.75078,-6.26195,
69,0,1,0.008738,1,0.952215,-0.747364,-0.210697,0.210869,0.218732,-0.158363,0.0924663,-0.966957,-0.0756533,-0.427567,2.75562,-0.059184,1.15697,-5.46372,2.46633,-1.18948,2.85651,13.5122,-10.726,
70,0.446328,1,-0.0264824,-1,0.183386,-0.166368,-0.202348,0.00156181,0.0274751,0.480105,0.00364617,-0.167929,-0.0439553,-0.54104,3.51736,0.140114,-5.98375,-1.69634,12.8742,-1.31063,19.1739,-3.25719,-2.73737,
71,0.627879,-0.402304,-0.0406833,-1,-0.966505,0.0490799,-0.185208,-0.227465,0.150812,0.737907,-0.00995489,0.0491193,0.197782,-0.289921,2.86029,0.593523,-3.42942,5.83735,4.09451,2.756,-3.74749,7.26176,7.97173,
72,0.318591,-0.414533,-0.0182104,-1,-0.968088,-0.316327,-0.135291,-0.218589,0.493492,0.330078,0.157705,-0.32756,-0.00895215,0.184303,2.7216,1.02565,2.11931,5.56976,-11.5877,2.97852,-9.64776,-9.56791,8.28936,
73,0,-0.411811,0.00853817,-1,0.506308,-0.717685,-0.0987177,-0.0371729,0.498064,-0.154742,0.183734,-0.902854,-0.516315,0.211303,2.504,0.546993,3.8202,-2.6357,-7.32149,-1.92561,-10.8736,-8.48222,-4.30478,
74,0,1,0.0121654,1,0.974417,-0.762928,-0.0651991,0.0556033,0.210799,-0.220489,0.0436109,-1.00318,-0.285954,-0.337494,2.28303,0.693781,0.629081,-6.68151,1.13186,-2.68312,3.66938,10.3232,-12.2593,
75,0.366797,1,-0.0212235,-1,-0.780955,-0.0204395,-0.0608875,-0.0839026,-0.0510795,0.384718,-0.0464853,-0.0204423,0.350945,-0.503578,4.19223,-0.635818,-2.82089,-3.2924,12.5757,-0.769139,22.4322,13.9516,3.19761,
76,0.522885,0.998579,-0.0320041,1,-0.996654,0.406231,-0.115303,-0.0629921,-0.0554225,0.580302,-0.0695336,0.431089,0.562358,0.068548,3.00671,-0.980413,1.6169,2.17875,-0.763585,-0.10554,1.90637,-2.26599,13.5312,
77,0.434155,1,-0.0256501,1,-0.916221,0.645702,-0.18833,0.0374911,0.185382,0.465005,-0.0471575,0.767892,-0.206514,0.55458,2.9656,-1.75461,1.97385,4.97791,-2.11319,0.867473,6.60605,-16.9334,5.71481,
78,0.388334,-0.266024,-0.0226086,-1,-0.150373,0.639341,-0.208794,0.0624541,0.302867,0.409837,0.00892507,0.757058,-0.289138,0.543402,2.03456,0.496366,-0.32784,0.369004,-0.136508,0.890127,-1.28204,5.94786,-1.03276,
79,0,-0.412905,0.00125333,-1,-0.304882,0.305527,-0.119144,0.0702038,0.268465,-0.0227139,0.038819,0.315605,0.400668,0.52728,1.28653,2.20691,0.528593,-1.61166,-10.8282,0.167512,-11.0729,14.6675,-0.264689,
80,0,-0.408428,0.0211487,-1,-0.330631,-0.0955531,-0.0158458,0.109841,0.0343316,-0.383361,0.0389763,-0.0958455,0.661349,0.5204,0.329555,1.86625,0.605146,-5.79329,-3.82864,-0.425972,-5.72911,-1.72032,-0.191915,
81,0,-0.413309,0.0224142,-1,0.804706,-0.347221,0.053297,0.135602,-0.227486,-0.40631,-0.00745896,-0.362281,0.207538,0.312601,0.275746,1.01103,0.696837,-4.09273,0.767106,-1.14057,-6.42054,-11.536,-7.14705,
82,0,-0.414176,0.0183259,-1,0.9342,-0.662683,0.0881585,0.154572,-0.256244,-0.332173,-0.0478678,-0.797583,0.139428,-0.187515,1.11734,0.522488,0.0377728,1.83807,1.84048,-0.361576,-7.87194,2.85313,-9.9179,
83,0,0.27092,0.0120562,-1,-0.0677245,-0.740457,0.102952,0.110126,-0.0441686,-0.218509,-0.0201523,-0.95149,0.347311,-0.533979,1.78051,0.135961,-1.49648,5.15071,2.44082,1.11392,0.172745,3.44556,-1.51761,
84,0.126731,1,-0.00703052,1,-0.752627,-0.626989,0.0813796,0.0125312,0.121509,0.127416,0.0370107,-0.736439,0.113692,-0.431279,1.71407,-0.696697,-1.82525,2.3635,7.0298,1.10267,4.84277,-7.01503,2.87771,
85,0.52573,1,-0.0322203,-1,-0.612822,0.188932,0.0274044,-0.125966,0.248377,0.584226,0.0596435,0.191229,-0.51998,-0.312883,2.39514,-1.32169,-2.2782,1.37738,7.40006,0.26587,21.9964,-9.99851,1.64315,
86,0.588698,-0.413321,-0.0372569,-1,-0.965474,0.208163,-0.0239718,-0.194591,0.235667,0.675671,0.00886497,0.21125,-0.346017,-0.000796858,0.698619,-0.851709,-1.02355,-0.715232,-1.43297,-1.41198,-10.6434,8.52857,7.92761,
87,0.0572886,-0.414359,-0.00316458,-1,-0.855263,-0.46626,-0.0642466,-0.118503,0.298197,0.0573514,-0.0313926,-0.505281,-0.141915,0.329849,0.922458,-0.755716,3.37621,2.78125,-8.8646,-1.37023,-14.1777,-0.468337,4.37171,
88,0,-0.41203,0.0105571,-1,0.88549,-0.765675,-0.115946,0.0832456,0.259744,-0.191335,-0.013653,-1.00979,-0.367411,0.117923,1.29568,-1.23013,3.70083,-2.22734,-2.90024,1.34468,-6.0798,-5.93453,-8.52216,
89,0,1,0.00798734,1,0.964352,-0.743994,-0.169437,0.179219,0.123878,-0.144758,0.0475449,-0.959366,-0.0552795,-0.494985,1.39766,-1.02325,1.35584,-2.5355,2.32343,0.906226,3.14811,11.9057,-11.4756,
90,0.450973,1,-0.026803,-1,-0.655237,-0.233617,-0.228526,0.027337,0.0657579,0.485921,0.0329058,-0.238012,-0.0991581,-0.543403,2.34034,-1.14369,-4.88019,0.822318,13.209,-0.293373,17.2728,-4.75106,1.93204,
91,0.640135,-0.401175,-0.0418113,-1,-0.960907,-0.0432397,-0.278948,-0.132405,0.212564,0.758403,0.019494,-0.0432667,-0.229752,-0.255479,1.53923,-0.831651,-2.012,4.54609,3.68193,1.67364,-3.66811,-0.67219,7.61371,
92,0.38637,-0.413237,-0.0224812,-1,-0.908786,-0.456183,-0.290934,-0.0712696,0.502954,0.407526,0.125226,-0.49248,-0.358049,0.111182,2.01379,-0.0568338,2.91358,4.86236,-10.9048,1.70504,-10.9158,-3.57455,5.69785,
93,0,-0.411205,0.00478961,-1,0.590576,-0.746518,-0.292993,0.131558,0.546666,-0.0868024,0.182578,-0.965043,-0.516822,0.0566048,1.96106,-0.0647422,4.19382,-1.40453,-7.90404,-0.232148,-6.71181,-2.58985,-4.84117,
94,0,0.999614,0.00697098,1,0.631802,-0.748949,-0.256559,0.229311,0.295812,-0.126337,0.128622,-0.970557,-0.147612,-0.356047,0.896009,1.9513,-0.819465,-5.74131,4.54612,-0.382712,2.056,5.33738,-5.34684,
95,0.45992,1,-0.0274252,-1,-0.166576,-0.0880555,-0.176978,0.00553157,0.0686152,0.497209,0.0317912,-0.0882842,-0.0487826,-0.538393,1.97978,1.35954,-5.68951,-3.07281,12.0829,-1.94024,19.7467,-3.41257,-1.03246,
96,0.582459,-0.405878,-0.0367341,-1,-0.978771,0.132784,-0.102033,-0.217555,0.0934419,0.666176,-0.0557739,0.133573,0.10678,-0.23645,1.17789,1.62915,-3.83146,2.29128,-1.31309,-1.06952,-4.0704,5.1615,9.07076,
97,0.150236,-0.414529,-0.0083528,-1,-0.96967,-0.307801,-0.0043829,-0.252349,0.33936,0.151382,-0.0173215,-0.318114,-0.0550163,0.260583,1.03776,1.95198,1.13098,5.09222,-10.9124,1.72323,-11.319,-7.56072,8.2987,
98,0,-0.412248,0.0135689,-1,0.640687,-0.722848,0.0631992,-0.151923,0.329357,-0.24593,0.0664029,-0.913584,-0.472663,0.246945,1.04701,1.01951,1.86505,-2.54142,-4.42174,0.832323,-10.2912,-7.31857,-5.39962,
99,0,1,0.0112747,1,0.980754,-0.759492,0.115893,-0.167174,0.129881,-0.204343,0.0513286,-0.995013,-0.197474,-0.350208,1.01164,1.06926,-1.50832,-4.12125,2.37355,-0.860113,3.64372,10.8053,-12.9769,
100,0.397011,1,-0.0231742,-1,-0.793411,-0.0113921,0.156512,-0.40605,0.00164405,0.420095,-0.00829659,-0.0113926,0.357838,-0.515752,2.89345,0.401918,-4.82654,-0.796115,12.6119,-0.723182,22.7,11.4173,3.35281,
101,0.555729,0.970233,-0.0345563,1,-0.996531,0.414924,0.150186,-0.504725,0.0512148,0.626633,-0.045037,0.441545,0.486675,0.0517445,1.49317,-0.1671,-0.921954,1.98473,-0.472896,-0.476195,1.43474,-2.87776,13.444,
102,0.457347,1,-0.0272456,1,-0.918289,0.62295,0.123284,-0.521521,0.235843,0.493951,-0.0422463,0.729812,-0.255975,0.540231,1.55713,-0.810676,-0.213986,3.58133,-2.77281,0.464207,5.55486,-16.2327,5.79698,
103,0.424781,-0.379464,-0.0250164,-1,0.442291,0.571414,0.0709749,-0.548531,0.29851,0.453511,-0.00312074,0.649619,-0.659727,0.418657,1.12173,-1.26719,-0.677781,0.151184,0.493896,0.721084,-2.81179,-4.25233,-4.04964,
104,0.321409,-0.414565,-0.0183835,-1,0.158339,-0.272883,0.0686849,-0.457972,0.291026,0.333217,-0.0145518,-0.279976,0.0123359,0.249157,0.307304,0.146771,3.6667,-0.567503,-7.07979,-0.0361018,-22.3092,18.4187,-2.53633,
105,0,-0.412951,0.00885664,-1,0.758891,-0.78221,0.0618255,-0.204966,0.279005,-0.160514,0.0121027,-1.05104,0.388254,-0.0315291,1.25812,-0.362634,4.93993,0.147788,-9.11439,0.546839,-8.97571,-1.17724,-6.55444,
106,0,1,0.0145086,1,0.854868,-0.731338,0.0363751,-0.0544337,0.184525,-0.262964,0.0373504,-0.931599,0.190582,-0.469934,1.56344,-0.731324,2.53958,-3.64927,1.18482,0.180043,3.96865,-1.86191,-7.94331,
107,0.376947,1,-0.0218731,-1,-0.706252,0.0295064,-0.0306056,-0.0673133,0.0109599,0.396497,0.011211,0.029515,0.144267,-0.487336,2.96671,-1.91888,-0.256639,-2.14106,13.8383,-0.354552,22.7574,3.2624,2.38637,
108,0.567376,1,-0.0354933,-1,-0.916331,0.419526,-0.122906,0.0313562,0.0594017,0.643645,-0.0238195,0.447116,0.190296,-0.0508326,2.02616,-0.528067,0.731548,4.65654,-0.0692447,-0.355224,6.75233,-8.93417,5.68973,
109,0.454157,-0.412162,-0.0270237,-1,-0.997182,0.364694,-0.110417,0.0591035,0.279369,0.489926,-0.0292075,0.38229,-0.036586,0.540466,1.06226,0.722818,0.286083,3.07227,-3.43329,0.158774,-5.34383,-1.99362,14.0141,
110,0,-0.414465,0.00578665,-1,-0.118573,0.021815,-0.0312542,0.127763,0.323255,-0.104872,0.0175954,0.0218185,-0.0919476,0.512843,0.0918899,1.7344,1.83553,-0.797655,-12.9352,0.938455,-10.4214,-2.68195,-1.17699,
111,0,-0.414551,0.0212726,-1,0.861661,-0.595639,0.0215832,0.222976,0.070426,-0.385606,0.0434896,-0.686361,-0.038112,0.207535,-0.523829,0.456728,1.73438,-6.31815,-0.980114,-0.281797,-13.4191,1.68084,-8.09417,
112,0,0.523487,0.0154489,-1,0.954729,-0.772901,0.0214528,0.238918,-0.130353,-0.280011,-0.00733775,-1.02749,0.245822,-0.347986,0.65336,-0.155253,-0.894123,-1.53388,3.00378,-1.15126,0.526033,4.70176,-10.8874,
113,0.157208,1,-0.00874681,1,-0.596711,-0.657017,-0.00823621,0.125439,-0.136007,0.158523,-0.0391003,-0.787547,0.444871,-0.509518,1.23355,-0.800526,-2.5776,1.816,8.80266,0.066242,5.99654,3.33213,1.48134,
114,0.523476,1,-0.0320489,-1,-0.792371,0.256996,-0.0785892,-0.0239532,0.138591,0.581116,0.00393847,0.26289,-0.16924,-0.357832,2.2221,-1.85387,-2.11848,5.69886,5.925,1.47272,24.1379,-13.6135,3.35702,
115,0.557082,-0.413839,-0.0346642,-1,-0.987866,0.373336,-0.149358,-0.0759081,0.287207,0.628592,0.0231126,0.392294,-0.259486,0.0880173,0.280253,-1.07539,-0.735093,1.14756,-1.39291,-0.258685,-9.6031,2.93782,10.4947,
116,0.124916,-0.412798,-0.00692879,-1,-0.89978,-0.226948,-0.155672,-0.048426,0.340313,0.125572,-0.0181343,-0.23097,-0.41425,0.515268,-0.234533,0.745924,2.10518,1.39907,-2.46099,-3.65816,-13.5177,-6.01923,5.33728,
117,0,-0.411714,0.00702381,-1,0.933288,-0.730295,-0.132345,0.102936,0.250259,-0.127295,-0.0354492,-0.92936,-0.525538,0.252188,-0.0563474,0.268943,2.97641,-2.68357,-4.93518,1.07551,-11.0788,-0.579961,-9.8864,
118,0,1,0.0109885,1,0.984772,-0.751444,-0.113361,0.140876,0.104695,-0.199154,0.0281502,-0.976263,0.0198292,-0.47006,0.205396,0.337518,-0.221495,-2.96501,0.0254533,0.879259,2.76782,15.1893,-13.5504,
119,0.377319,1,-0.021897,-1,0.255679,-0.0631727,-0.130623,-0.0358014,0.0028549,0.39693,0.0151419,-0.063257,0.300701,-0.55717,1.34785,-0.507655,-5.14558,-0.716269,13.9149,-0.333314,19.0024,-11.7374,-3.10367,
120,0.591695,-0.411127,-0.0375102,-1,-0.978569,0.122418,-0.141541,-0.235272,0.114998,0.68027,-0.0159395,0.123036,0.197017,-0.264181,0.313491,-0.011648,-3.35924,3.22011,0.865958,-0.459676,-5.10464,2.55529,9.05181,
121,0.338715,-0.414465,-0.0194546,-1,-0.971148,-0.33822,-0.101839,-0.198959,0.331774,0.35264,-0.100088,-0.352081,-0.0972124,0.238314,0.755775,1.03478,2.85531,3.8445,-11.0049,-0.886661,-11.7195,-9.60851,8.41604,
122,0,-0.411487,0.0110673,-1,0.655868,-0.738115,-0.0658261,-0.0159668,0.385463,-0.200583,-0.00164341,-0.946326,-0.544395,0.222519,1.00478,0.47722,3.32735,-0.376812,-8.42816,2.54765,-9.83618,-7.03501,-5.48939,
123,0,1,0.0131921,1,0.977996,-0.747018,-0.0383511,0.0378813,0.201376,-0.2391,0.0744484,-0.966173,-0.213934,-0.374354,0.696628,0.504723,0.119468,-5.17832,2.20951,0.409745,2.93243,12.8265,-12.6296,
124,0.390756,1,-0.022766,-1,-0.83532,-0.0289679,-0.0435103,-0.112656,-0.00106588,0.412692,0.0194192,-0.028976,0.406382,-0.512175,2.53446,-0.781182,-2.92726,-2.36579,13.2067,-1.25014,22.0108,11.8925,3.95375,
125,0.55433,0.99891,-0.0344449,1,-0.996691,0.406628,-0.102167,-0.0996028,0.00273555,0.62461,-0.0542377,0.431565,0.502483,0.0744905,1.26092,-1.05013,1.45685,1.75979,-0.703774,-1.11935,1.93864,-3.91424,13.5556,
126,0.451858,1,-0.0268642,1,-0.906451,0.632422,-0.177185,-0.00408005,0.211524,0.487032,-0.0596943,0.745442,-0.262125,0.551311,1.27343,-1.78097,1.91079,4.31657,-2.76074,0.626616,6.08391,-16.1857,5.4467,
127,0.398288,-0.078391,-0.0232579,-1,-0.245312,0.630274,-0.21449,0.0181442,0.3083,0.421613,0.000213027,0.74187,-0.496889,0.532998,0.406892,0.068648,-0.630712,0.42744,-0.150868,1.1306,-0.51829,1.13971,-0.553957,
128,0.0930727,-0.414561,-0.0051505,-1,-0.313852,0.314395,-0.126713,-0.0408076,0.291683,0.0933429,0.0511507,0.325415,0.0168991,0.523523,-0.576079,2.41769,-1.03789,-0.443236,-5.89008,1.33187,-12.0757,13.419,-0.205121,
129,0,-0.413426,0.0102634,-1,0.407987,-0.371585,-0.0174579,-0.00338419,0.134559,-0.186011,0.0854643,-0.390261,0.332676,0.413825,-1.5185,1.707,1.65243,-4.51713,-5.64544,-0.813815,-14.014,-0.347558,-3.91309,
130,0,-0.413712,0.0174501,-1,0.951818,-0.730382,0.0302805,0.0738784,-0.0685322,-0.316293,0.00175305,-0.929546,0.222317,-0.0472,-0.760076,0.571466,1.10149,-3.01205,-0.49349,-1.81661,-7.27685,-3.5046,-10.7453,
131,0,1,0.0135698,1,0.876364,-0.752466,0.0526963,0.0532347,-0.0941298,-0.245946,-0.0425505,-0.978615,0.217245,-0.569361,0.0780668,0.409874,-1.29695,1.03077,1.9347,-0.0995004,2.77104,1.68234,-8.37977,
132,0.389823,1,-0.0227054,-1,-0.740196,0.00197366,0.0502641,-0.171741,0.0219828,0.411592,-0.0125932,0.00197366,0.19139,-0.477143,1.57046,-0.486437,-4.72307,3.95913,13.7611,1.4427,23.5286,1.97141,2.72948,
133,0.595176,-0.315154,-0.0378061,-1,-0.992457,0.35981,0.0176096,-0.280847,0.201446,0.685644,0.0270045,0.376667,0.219526,0.00388028,-0.233296,-0.536279,-1.11584,2.39899,0.888634,0.244969,-1.66454,-1.03116,11.6058,
134,0.0749554,-0.414517,-0.0041437,-1,-0.953025,-0.125464,0.00461883,-0.22514,0.32117,0.0750963,0.0167829,-0.126128,-0.0693509,0.517936,-1.12696,-0.483854,2.20094,1.70774,-15.8433,-0.379087,-14.3112,-7.97476,7.21502,
135,0,-0.412398,0.0120554,-1,0.906468,-0.724322,-0.0298294,-0.0170531,0.204764,-0.218495,-0.0532995,-0.916678,-0.458805,0.293598,-0.594219,-0.972729,4.20611,-3.23681,-3.15728,-0.182405,-14.1245,-6.60454,-9.05891,
136,0,1,0.0101382,1,0.990286,-0.751993,-0.0659232,0.0513733,0.0871771,-0.183743,-0.00259664,-0.977526,-0.120911,-0.453374,-0.180226,-0.671025,0.28117,-2.18163,1.62969,1.2791,2.97424,12.9983,-14.6418,
137,0.399744,1,-0.0233533,-1,-0.845216,-0.0377027,-0.129075,-0.0797165,0.0328814,0.423344,0.0214058,-0.0377206,0.420688,-0.483945,1.55079,-1.94579,-2.36407,0.176461,12.538,0.366908,22.1514,10.1115,4.11675,
138,0.595324,-0.402636,-0.0378187,-1,-0.977249,0.230851,-0.192164,-0.191823,0.131051,0.685873,0.00120172,0.235088,-0.0697012,-0.354108,-0.234219,-1.07677,-1.44331,2.36554,0.515582,-0.648056,-3.74541,-8.53589,8.91008,
139,0.354455,-0.412858,-0.0204412,-1,-0.983645,-0.375444,-0.194915,-0.0774365,0.32878,0.37053,-0.103534,-0.394746,-0.407229,0.191949,0.447545,0.182666,4.03745,4.0748,-11.4218,-0.970542,-16.1332,-5.42285,9.79492,
140,0,-0.4111,0.0111938,-1,0.592264,-0.782085,-0.197553,0.143153,0.405556,-0.202876,-0.0220398,-1.05072,-0.570123,0.216694,0.854886,-0.243444,3.83389,0.0913084,-8.6155,2.54504,-8.34986,-2.06187,-4.97294,
141,0,1,0.0127402,1,0.973036,-0.735457,-0.203346,0.228949,0.223603,-0.230908,0.078298,-0.940512,-0.123491,-0.362223,0.628415,-0.203758,1.18554,-5.38405,2.65112,1.06655,3.37596,14.0071,-12.126,
142,0.440671,1,-0.0260942,-1,-0.522059,-0.246964,-0.211815,0.0147477,0.0522813,0.473063,0.040263,-0.252177,0.017729,-0.512958,1.94699,-0.25269,-6.02921,-0.778867,14.1352,-0.989149,19.5184,2.88848,0.943113,
143,0.643683,-0.362399,-0.0421434,-1,-0.942395,0.00243317,-0.217339,-0.20736,0.173513,0.764437,0.00184229,0.00243318,-0.044056,-0.338232,1.20366,0.0940942,-3.14549,4.89126,4.09581,1.45334,-2.28485,-0.734867,6.64456,
144,0.400685,-0.413829,-0.0234151,-1,-0.957073,-0.385346,-0.180217,-0.191813,0.470767,0.424464,0.0763174,-0.406322,-0.265925,0.0776782,1.52748,0.941881,2.1581,4.82793,-10.6483,1.22946,-10.8654,-5.96469,7.54319,
145,0,-0.411478,0.00555481,-1,0.346587,-0.734558,-0.13581,-0.0195718,0.513969,-0.100671,0.133429,-0.938556,-0.538002,0.117916,1.50077,0.810251,3.56377,-1.31013,-8.85996,0.0329184,-8.45438,-4.34015,-3.34669,
146,0,1,0.0130094,1,0.938226,-0.754506,-0.0919026,0.0854384,0.236384,-0.235786,0.0708918,-0.983335,-0.240291,-0.334151,1.10474,0.821685,1.17089,-7.02805,0.207524,-1.82576,3.25939,10.2649,-10.0837,
147,0.349673,1,-0.0201402,-1,-0.701272,-0.0184016,-0.0873146,-0.0247405,-0.0550768,0.365072,-0.0268982,-0.0184037,0.352727,-0.505689,2.96852,-0.696552,-2.24693,-3.98534,12.85,-1.36975,22.445,12.7569,2.34159,
148,0.538144,0.0320718,-0.0331741,-1,-0.950433,0.381913,-0.104234,-0.0741302,-0.0406793,0.601539,-0.068822,0.402298,0.268216,-0.328431,1.73221,0.0836012,-0.55555,2.8596,0.0855994,-0.243931,-0.245369,-5.53804,6.98978,
149,0.115786,-0.414417,-0.00641762,-1,-0.992497,-0.106634,-0.0859404,-0.0274806,0.212154,0.116308,-0.0390133,-0.107041,-0.120555,0.247815,1.01407,0.105147,1.61284,4.46789,-11.4958,0.966693,-15.2978,-8.15512,11.6225,
150,0,-0.412249,0.0128129,-1,0.281387,-0.734809,-0.118563,0.102756,0.252521,-0.232226,0.0318262,-0.939101,-0.474338,0.386346,1.354,-1.00396,2.79656,-0.277205,-1.40402,1.0644,-14.507,-5.85835,-3.17844,
151,0,1,0.00647205,1,0.990887,-0.750599,-0.159192,0.126155,0.204853,-0.117294,0.0580548,-0.974326,-0.303752,-0.24283,1.72648,-0.702673,-0.173059,-1.62868,3.56399,0.336413,3.63685,8.09013,-14.7645,
152,0.470661,1,-0.0281808,-1,0.251939,-0.107964,-0.208334,-0.0414923,0.133464,0.51092,0.0406463,-0.108386,0.0535452,-0.56461,2.33503,-1.04551,-4.77087,-1.07707,13.1758,-0.272921,14.3569,-8.83612,-3.06803,
153,0.668948,-0.413713,-0.0445864,-1,-0.968795,-0.0688831,-0.244383,-0.218158,0.235493,0.808837,0.0581796,-0.0689923,0.086662,-0.294918,1.6166,-0.491468,-2.4709,4.08268,2.85711,1.94376,-6.46754,4.69138,8.17483,
154,0.419971,-0.414305,-0.0246937,-1,-0.941031,-0.458356,-0.242284,-0.156519,0.516645,0.447656,0.152461,-0.495228,-0.147733,0.128645,2.29669,0.210832,3.14228,4.85638,-11.2576,1.37336,-9.51221,-8.96503,6.79972,
155,0,-0.410942,0.00508629,-1,0.618841,-0.745169,-0.232448,0.0609759,0.562743,-0.0921792,0.1838,-0.962004,-0.570873,0.0939221,2.24674,0.171195,4.43447,-1.3824,-8.89816,-0.938151,-7.53454,-6.57146,-5.03998,
156,0,0.999994,0.0111491,1,0.944728,-0.750415,-0.211382,0.211737,0.274125,-0.202066,0.0875289,-0.973905,-0.216278,-0.410405,1.76555,0.429079,2.30378,-7.57431,0.323216,-2.51755,2.41901,13.3315,-10.3417,
157,0.395615,1,-0.0230829,-1,-0.589098,-0.255504,-0.20376,0.0762742,-0.0273676,0.41844,-0.0305355,-0.261292,-0.129014,-0.554422,2.88163,0.0987722,-5.09633,-3.4502,13.7622,-1.44321,17.0825,-4.36307,1.4085,
158,0.57952,-0.375273,-0.0364898,-1,-0.96761,-0.0211767,-0.196251,-0.10726,0.0367453,0.66174,-0.0636706,-0.0211799,-0.155486,-0.237673,2.40346,0.237755,-2.88054,3.4721,-0.0278844,0.0417995,-2.56857,1.16255,8.03407,
159,0.23638,-0.413796,-0.0132934,-1,-0.92517,-0.403344,-0.157737,-0.0945673,0.385299,0.240936,0.0295626,-0.427636,-0.270823,0.15231,2.60594,0.81695,1.76496,6.64506,-11.2246,2.40086,-10.4017,-4.12735,6.10144,
160,0,-0.411921,0.0100225,-1,0.57371,-0.726721,-0.132167,0.036967,0.445084,-0.181645,0.124118,-0.921743,-0.48412,0.109756,2.33587,0.32781,2.64053,-1.90222,-5.48311,0.353438,-7.68155,-3.8016,-4.8076,
161,0,1,0.0103404,1,0.940774,-0.754257,-0.113034,0.097017,0.193373,-0.187407,0.0724493,-0.982758,-0.137254,-0.374624,2.13573,0.373761,0.345636,-5.73314,1.77697,-1.57976,2.83865,11.0596,-10.2051,
162,0.39078,1,-0.0227676,-1,-0.760177,-0.0250763,-0.127112,-0.0401128,-0.0180838,0.412721,-0.0168124,-0.0250816,0.371678,-0.501036,3.94231,-0.987611,-2.67958,-2.54332,12.2031,-1.21892,22.7094,10.1746,2.9493,
163,0.562921,-0.366962,-0.0351328,-1,-0.980717,0.295456,-0.147935,-0.1516,0.0282881,0.637099,-0.0565357,0.304533,0.0634141,-0.336449,2.47993,-0.180613,-1.53792,2.741,-0.19326,-0.297688,-2.37487,-5.82506,9.29705,
164,0.193625,-0.413838,-0.01082,-1,-0.989038,-0.271746,-0.127609,-0.0854429,0.307525,0.196101,-0.0342648,-0.278748,-0.265924,0.253731,2.36445,0.452164,2.95569,5.67515,-10.8536,1.10494,-15.8831,-6.58222,10.7515,
165,0,-0.411723,0.012599,-1,0.576337,-0.771031,-0.133201,0.0918026,0.371819,-0.228347,0.0584494,-1.02286,-0.524732,0.306311,2.55505,-0.410567,3.18844,-0.94719,-5.0554,1.25803,-11.1823,-4.01308,-4.88018,
166,0,1,0.0102798,1,0.986296,-0.738078,-0.143358,0.132385,0.202461,-0.186308,0.0672393,-0.946243,-0.178309,-0.33234,2.47979,-0.242407,0.237251,-4.8723,2.31814,-0.534078,3.24701,12.4846,-13.7785,
167,0.45342,1,-0.0269725,-1,0.199622,-0.0821706,-0.176518,-0.00544676,0.0500008,0.488997,0.0275949,-0.0823563,0.179585,-0.573381,3.46218,-0.692763,-4.38295,-1.67354,13.9085,-0.720247,16.2163,-11.1916,-2.81685,
168,0.617493,-0.412947,-0.0397495,-1,-0.975549,0.0234271,-0.193975,-0.168652,0.137867,0.720943,-0.0230679,0.0234314,0.100103,-0.281921,2.691,-0.153846,-2.62687,2.98806,-0.497977,-0.766463,-5.79875,2.99753,8.73639,
169,0.285807,-0.414322,-0.0162202,-1,-0.957815,-0.419218,-0.179234,-0.122642,0.451389,0.293995,0.0876683,-0.446743,-0.151917,0.181519,2.99519,0.324977,2.69479,5.96198,-11.5932,2.81072,-11.1324,-8.65221,7.5701,
170,0,-0.411285,0.00906119,-1,0.660528,-0.756916,-0.175581,0.0587119,0.496058,-0.164221,0.162626,-0.988954,-0.556074,0.148895,2.88527,-0.0459633,3.53951,-1.87185,-6.13501,-0.406747,-8.5596,-6.37621,-5.4419,
171,0,1,0.00916344,1,0.965615,-0.749584,-0.165308,0.147981,0.23742,-0.166074,0.0834974,-0.972004,-0.206233,-0.407671,2.58448,0.247315,1.08641,-6.29389,2.1063,-1.85765,3.2984,13.1482,-11.5262,
172,0.420065,1,-0.0247,-1,-0.624633,-0.159938,-0.17689,0.0134179,-0.00843833,0.447771,-0.0157509,-0.161323,0.0266536,-0.563814,3.68542,-0.435227,-4.30697,-3.02832,13.0463,-1.32303,16.6803,-6.2282,1.67865,
173,0.579599,-0.398823,-0.0364964,-1,-0.980328,0.0483408,-0.193235,-0.128993,0.052765,0.661859,-0.0582089,0.0483785,-0.125036,-0.195212,3.03146,-0.213664,-2.10431,3.17277,-0.446974,-0.255784,-3.47604,-1.20768,9.25036,
174,0.236002,-0.413604,-0.0132714,-1,-0.926625,-0.405086,-0.176731,-0.0767902,0.399341,0.240536,0.0513898,-0.429719,-0.305209,0.223566,3.19958,0.345137,2.50918,6.68313,-11.7104,2.80642,-12.0365,-4.7137,6.16037,
175,0,-0.411736,0.0104273,-1,0.731668,-0.750809,-0.175384,0.0841963,0.461801,-0.188982,0.14021,-0.974806,-0.508513,0.133747,3.00105,-0.138863,3.11358,-1.79752,-5.22353,0.058063,-8.0084,-3.31783,-6.13763,
176,0,1,0.00866685,1,0.958543,-0.747873,-0.173003,0.159159,0.223293,-0.157074,0.0850775,-0.96811,-0.0944148,-0.41915,2.83412,0.0701987,0.880853,-5.63132,2.56285,-1.44305,2.92725,13.1936,-11.0736,
177,0.432637,1,-0.0255471,-1,-0.569202,-0.136578,-0.190976,0.0177975,0.00678751,0.463137,-0.00533019,-0.137437,0.0212151,-0.552968,3.77191,-0.447539,-4.52424,-2.62775,13.0122,-1.27744,17.9001,-9.22887,1.26381,
178,0.586487,-0.406315,-0.037071,-1,-0.978177,0.0736953,-0.205065,-0.139048,0.0730775,0.672294,-0.0526914,0.0738291,-0.163857,-0.202206,3.02272,-0.13565,-2.45924,3.09536,-0.566274,-0.397924,-4.14228,-0.664561,9.00047,
179,0.257633,-0.413596,-0.0145421,-1,-0.932371,-0.41622,-0.18396,-0.0952022,0.431871,0.263571,0.0941786,-0.443111,-0.30665,0.219108,3.19086,0.416674,2.38795,6.53599,-11.7679,3.00613,-12.6693,-4.02977,6.38793,
180,0,-0.411807,0.00950131,-1,0.732867,-0.760283,-0.176965,0.0665872,0.489044,-0.172198,0.165821,-0.996886,-0.499707,0.134228,3.03434,0.00693621,3.18498,-1.86504,-5.41359,-0.512214,-7.89305,-3.41114,-6.12706,
181,0,1,0.00862022,1,0.960034,-0.749136,-0.165899,0.145666,0.235181,-0.156229,0.0831588,-0.970982,-0.0953145,-0.422189,2.827,0.244721,0.965564,-6.05318,2.26628,-1.83821,3.30149,13.0709,-11.1586,
182,0.423202,1,-0.0249103,-1,-0.547394,-0.13824,-0.178162,0.0112265,-0.00349952,0.451586,-0.015022,-0.139131,0.0462365,-0.548602,3.87044,-0.41544,-4.28308,-3.0163,12.8634,-1.29711,17.6605,-8.12175,1.11132,
183,0.578404,-0.402848,-0.0363974,-1,-0.9784,0.0795376,-0.191791,-0.133141,0.0534416,0.660061,-0.0579534,0.079706,-0.118918,-0.199823,3.15011,-0.13233,-2.20416,3.09011,-0.510416,-0.281791,-3.77162,-0.684701,9.02321,
184,0.233799,-0.413726,-0.0131427,-1,-0.936048,-0.39652,-0.171778,-0.0840049,0.402794,0.238204,0.0623898,-0.419513,-0.285365,0.227172,3.27229,0.396219,2.48225,6.73825,-11.7519,2.99101,-12.4782,-4.6669,6.50524,
185,0,-0.411841,0.0105977,-1,0.724089,-0.754535,-0.169158,0.0774276,0.463255,-0.192071,0.144945,-0.983401,-0.502584,0.147848,3.09781,-0.12193,3.12091,-1.84351,-5.19245,-0.172095,-8.30564,-3.71081,-6.05888,
186,0,1,0.00866439,1,0.963205,-0.748491,-0.165404,0.149102,0.223973,-0.157029,0.0814602,-0.969514,-0.106597,-0.414325,2.93844,0.104605,0.803886,-5.63585,2.71229,-1.47899,3.15697,12.9563,-11.366,
187,0.431948,1,-0.0255004,-1,-0.582512,-0.1374,-0.182828,0.00688936,0.00632379,0.462289,-0.00766416,-0.138275,0.0387637,-0.554557,3.94252,-0.489682,-4.42515,-2.62891,12.9399,-1.21554,17.7225,-7.99752,1.35961,
188,0.584655,-0.403466,-0.0369175,-1,-0.979731,0.0796818,-0.200139,-0.142288,0.0708424,0.669506,-0.0525462,0.0798511,-0.132383,-0.195078,3.19086,-0.209649,-2.27878,3.0459,-0.583082,-0.371945,-3.82942,-0.893893,9.17984,
189,0.252241,-0.413654,-0.014224,-1,-0.933259,-0.402164,-0.183035,-0.0915873,0.427148,0.257805,0.093633,-0.426228,-0.297413,0.231538,3.31702,0.331418,2.51252,6.57756,-11.8148,3.09209,-12.6217,-4.50371,6.4172,
190,0,-0.411814,0.00976894,-1,0.74129,-0.758294,-0.181357,0.0757468,0.484452,-0.177049,0.165001,-0.992189,-0.504604,0.144312,3.1521,-0.111896,3.28532,-1.85785,-5.34199,-0.544475,-8.2595,-3.53715,-6.21976,
191,0,1,0.00847306,1,0.963196,-0.749774,-0.175818,0.157553,0.235935,-0.153561,0.0831623,-0.972438,-0.0986338,-0.421742,2.97217,0.143139,1.01943,-5.90999,2.45875,-1.76863,3.23257,13.1828,-11.3604,
192,0.429165,1,-0.025312,-1,-0.555505,-0.132008,-0.190498,0.0219903,0.00196308,0.458872,-0.0126692,-0.132783,0.0187776,-0.553846,3.89423,-0.38288,-4.44027,-2.99272,12.9181,-1.26299,18.0577,-9.29632,1.16739,
193,0.581903,-0.406249,-0.0366878,-1,-0.978526,0.0813955,-0.201266,-0.132397,0.0594969,0.665335,-0.0563892,0.0815759,-0.157728,-0.203912,3.16219,-0.0632298,-2.43176,3.09599,-0.588401,-0.315232,-4.13157,-0.42252,9.03801,
194,0.248637,-0.413664,-0.0140118,-1,-0.936424,-0.40934,-0.176773,-0.0907195,0.414231,0.253959,0.0691272,-0.434818,-0.295687,0.223621,3.32324,0.49315,2.37891,6.89705,-11.6798,3.25651,-12.6811,-4.06976,6.52829,
195,0,-0.411869,0.0102616,-1,0.728809,-0.758336,-0.168324,0.0672462,0.47866,-0.185979,0.15464,-0.992288,-0.495718,0.143101,3.15002,0.0101399,3.07475,-1.81321,-5.39844,-0.227603,-8.01357,-3.5744,-6.09407,
196,0,1,0.00883743,1,0.962202,-0.748619,-0.157926,0.138414,0.229695,-0.160165,0.0831383,-0.969806,-0.0990389,-0.417296,2.95153,0.229422,0.792382,-5.92791,2.5282,-1.67804,3.27997,12.9234,-11.2977,
197,0.425564,1,-0.0250692,-1,-0.560587,-0.138947,-0.171548,-0.0014567,-0.00102469,0.454467,-0.0120124,-0.139852,0.0650048,-0.548879,4.05661,-0.481643,-4.27188,-2.82863,12.8784,-1.28619,17.5778,-7.05325,1.2029,
198,0.579756,-0.399257,-0.0365094,-1,-0.979692,0.0860943,-0.189353,-0.14174,0.0590933,0.662095,-0.0562851,0.0863079,-0.0908326,-0.19243,3.31804,-0.224124,-2.08882,3.05175,-0.541145,-0.32343,-3.49908,-0.953888,9.1737,
199,0.238737,-0.413763,-0.0134313,-1,-0.936206,-0.384286,-0.1738,-0.0865367,0.407991,0.243435,0.0704508,-0.405078,-0.278911,0.238501,3.40065,0.306251,2.60864,6.71996,-11.741,3.12155,-12.4864,-5.09836,6.51516,
200,0,-0.41182,0.0104975,-1,0.734523,-0.753995,-0.175745,0.0824698,0.4676,-0.190255,0.150584,-0.98215,-0.50814,0.155985,3.22472,-0.213994,3.28102,-1.82599,-5.25692,-0.287182,-8.66348,-3.80426,-6.16253,
201,0,1,0.00852813,1,0.965867,-0.749552,-0.175804,0.160432,0.229577,-0.15456,0.0825343,-0.971931,-0.108981,-0.415566,3.07982,0.0373722,0.932098,-5.60992,2.82716,-1.49023,3.12976,13.1106,-11.5476,
202,0.435747,1,-0.0257583,-1,-0.568001,-0.131549,-0.194189,0.019934,0.00931685,0.466969,-0.00712834,-0.132315,0.00814903,-0.553404,3.95646,-0.428244,-4.54645,-2.75215,12.9922,-1.21324,18.1243,-9.36151,1.25531,
203,0.58677,-0.406918,-0.0370948,-1,-0.978462,0.0796654,-0.206992,-0.138787,0.0716903,0.672726,-0.0526587,0.0798346,-0.168849,-0.202002,3.20586,-0.104774,-2.50839,3.07047,-0.646689,-0.384875,-4.22302,-0.40368,9.03223,
204,0.256846,-0.413625,-0.0144956,-1,-0.933997,-0.415604,-0.185117,-0.0970321,0.438323,0.262728,0.106718,-0.442366,-0.302117,0.222228,3.34448,0.421125,2.35018,6.59712,-11.8107,3.0635,-12.7606,-3.91607,6.45354,
205,0,-0.411851,0.0094102,-1,0.736142,-0.761427,-0.177953,0.0645535,0.493969,-0.170547,0.172257,-0.999602,-0.496427,0.137723,3.18362,0.0134391,3.19828,-1.9443,-5.37405,-0.72753,-7.94876,-3.50164,-6.15698,
206,0,1,0.0084909,1,0.961397,-0.749538,-0.166081,0.144265,0.237123,-0.153885,0.0821594,-0.971899,-0.0962022,-0.422489,2.97736,0.263728,0.978405,-6.12523,2.2095,-1.94481,3.35134,13.0255,-11.2429,
207,0.422377,1,-0.024855,-1,-0.548489,-0.134755,-0.177345,0.0104855,-0.00489301,0.450582,-0.0171257,-0.13558,0.0481664,-0.550219,4.01923,-0.397192,-4.2652,-3.09154,12.8,-1.28485,17.8168,-7.97717,1.11886,
208,0.576459,-0.402264,-0.0362366,-1,-0.979205,0.0875568,-0.190172,-0.132846,0.0496044,0.657142,-0.058932,0.0877815,-0.111987,-0.198015,3.29356,-0.114369,-2.1871,3.07788,-0.528239,-0.260702,-3.72126,-0.632175,9.11518,
209,0.22805,-0.41376,-0.0128077,-1,-0.938192,-0.390701,-0.169998,-0.0839361,0.403263,0.232132,0.0692679,-0.412627,-0.279566,0.234063,3.37921,0.385897,2.46687,6.80145,-11.7755,3.07364,-12.5536,-4.73084,6.59027,
210,0,-0.41187,0.0106661,-1,0.728854,-0.754692,-0.168501,0.0774119,0.462468,-0.193311,0.147841,-0.983767,-0.501581,0.154923,3.20208,-0.148507,3.12608,-1.88506,-5.0457,-0.290621,-8.47186,-3.80752,-6.10807,
211,0,1,0.00855763,1,0.965323,-0.748845,-0.165731,0.148182,0.223792,-0.155094,0.0797835,-0.970321,-0.108054,-0.413757,3.05092,0.087632,0.778106,-5.63805,2.64595,-1.565,3.18275,12.9559,-11.5113,
212,0.43471,1,-0.0256878,-1,-0.577077,-0.135494,-0.183208,0.00569231,0.00899237,0.465689,-0.00732358,-0.136332,0.0378967,-0.553477,4.04562,-0.481939,-4.42412,-2.59327,12.9147,-1.16946,17.8302,-7.96694,1.32026,
213,0.585484,-0.403433,-0.0369869,-1,-0.979731,0.08338,-0.200066,-0.143116,0.0733426,0.670766,-0.0515347,0.083574,-0.128627,-0.194848,3.2854,-0.199127,-2.2717,3.02081,-0.628539,-0.379351,-3.82542,-0.79533,9.1801,
214,0.252127,-0.413682,-0.0142172,-1,-0.934385,-0.399358,-0.182939,-0.0928992,0.429681,0.257683,0.0977068,-0.422885,-0.292867,0.233503,3.39295,0.328783,2.51257,6.61404,-11.8604,3.19146,-12.6544,-4.54292,6.46147,
215,0,-0.411832,0.00978325,-1,0.741509,-0.758478,-0.181583,0.0751868,0.486285,-0.177309,0.168156,-0.992623,-0.503939,0.147302,3.22555,-0.119331,3.30634,-1.88582,-5.32715,-0.617129,-8.3523,-3.61741,-6.22051,
216,0,1,0.00846408,1,0.964112,-0.749995,-0.176215,0.15743,0.236642,-0.153399,0.0826663,-0.972944,-0.100783,-0.421123,3.04571,0.140144,1.02111,-5.96023,2.39273,-1.85557,3.2523,13.1618,-11.4219,
217,0.429642,1,-0.0253443,-1,-0.555668,-0.130406,-0.190716,0.0219615,0.00179134,0.459458,-0.0133604,-0.131153,0.0170412,-0.553827,3.96219,-0.37485,-4.44264,-3.01405,12.9119,-1.25192,18.1339,-9.28624,1.16853,
218,0.581742,-0.406272,-0.0366744,-1,-0.978697,0.0842328,-0.201025,-0.132526,0.0588674,0.665091,-0.0565512,0.0844329,-0.15704,-0.203232,3.22766,-0.0525674,-2.4355,3.09804,-0.605821,-0.307603,-4.13408,-0.36857,9.0574,
219,0.246865,-0.413677,-0.0139077,-1,-0.937037,-0.407975,-0.176381,-0.0913835,0.416273,0.252071,0.0740059,-0.43318,-0.293611,0.22564,3.373,0.489106,2.36428,6.93878,-11.7019,3.32901,-12.7171,-4.06383,6.55386,
220,0,-0.411886,0.0102545,-1,0.730578,-0.758707,-0.168279,0.0664185,0.479993,-0.185851,0.157569,-0.993161,-0.494877,0.145102,3.19678,0.00343563,3.07801,-1.84508,-5.33914,-0.308227,-8.06546,-3.61128,-6.11113,
221,0,1,0.00873792,1,0.962919,-0.748808,-0.157977,0.137575,0.230429,-0.158362,0.082903,-0.970235,-0.0995993,-0.417415,3.00173,0.230184,0.794532,-5.93181,2.54275,-1.71258,3.29863,12.9119,-11.3444,
222,0.425846,1,-0.0250882,-1,-0.557045,-0.138123,-0.17144,-0.00214551,-0.000778668,0.454812,-0.0127101,-0.139012,0.0650878,-0.548166,4.10347,-0.477527,-4.26749,-2.84667,12.8444,-1.28062,17.6217,-7.01909,1.17812,
223,0.579252,-0.399088,-0.0364676,-1,-0.979678,0.0879526,-0.189079,-0.14229,0.0584728,0.661337,-0.0565356,0.0881804,-0.0879443,-0.192312,3.3633,-0.220611,-2.08825,3.04197,-0.554086,-0.315638,-3.48773,-0.900679,9.17199,
224,0.238051,-0.413779,-0.0133911,-1,-0.936801,-0.382534,-0.173471,-0.0870291,0.408622,0.242707,0.0728507,-0.403024,-0.276222,0.239487,3.43596,0.303922,2.609,6.74606,-11.746,3.17034,-12.4951,-5.13197,6.53892,
225,0,-0.411828,0.0105117,-1,0.734282,-0.753954,-0.175696,0.082271,0.468081,-0.190512,0.152041,-0.982056,-0.507881,0.157653,3.25806,-0.220653,3.28977,-1.83592,-5.23481,-0.32984,-8.71722,-3.85019,-6.15961,
226,0,1,0.00850316,1,0.966327,-0.749654,-0.175987,0.160354,0.229909,-0.154107,0.0821868,-0.972164,-0.110337,-0.415078,3.11511,0.0339379,0.933559,-5.61282,2.83516,-1.51053,3.13481,13.0944,-11.5807,
227,0.436017,1,-0.0257767,-1,-0.569429,-0.130941,-0.194404,0.0198361,0.00944675,0.467302,-0.00747704,-0.131698,0.00720423,-0.55372,3.98749,-0.42684,-4.54842,-2.76063,12.9841,-1.2054,18.1565,-9.3498,1.26546,
228,0.58667,-0.406913,-0.0370864,-1,-0.978596,0.0808738,-0.207138,-0.138964,0.0714857,0.672573,-0.0526867,0.0810508,-0.168967,-0.201588,3.23563,-0.10306,-2.51064,3.06763,-0.65525,-0.380988,-4.22232,-0.389213,9.04749,
229,0.256484,-0.413628,-0.0144742,-1,-0.934189,-0.415243,-0.185431,-0.0974695,0.440049,0.262341,0.110157,-0.441931,-0.301677,0.223271,3.36485,0.415565,2.3455,6.60467,-11.8035,3.06877,-12.7822,-3.90917,6.46214,
230,0,-0.411857,0.00936813,-1,0.737527,-0.761733,-0.178511,0.0642915,0.495076,-0.169785,0.173786,-1.00033,-0.496192,0.13847,3.20326,0.00991173,3.2061,-1.96565,-5.3617,-0.785532,-7.96893,-3.5111,-6.17059,
231,0,1,0.00823696,1,0.961825,-0.749711,-0.166541,0.144745,0.239117,-0.149282,0.0837554,-0.972295,-0.0964139,-0.422872,3.01453,0.278061,1.02802,-5.94961,2.69291,-1.71446,3.3517,12.9998,-11.2694,
232,0.430902,1,-0.0254295,-1,-0.550306,-0.136677,-0.176151,0.0157294,0.00418767,0.461004,-0.0118512,-0.137538,0.0452014,-0.551715,4.03176,-0.349215,-4.14168,-2.99307,12.7728,-1.27382,17.7872,-8.08341,1.13138,
233,0.580455,-0.402301,-0.0365674,-1,-0.979088,0.0847884,-0.186422,-0.12029,0.0580455,0.663149,-0.0568169,0.0849925,-0.117251,-0.199696,3.30636,-0.0615079,-2.03547,2.99347,-0.641043,-0.34722,-3.72534,-0.642209,9.10232,
234,0.208409,-0.413756,-0.01167,-1,-0.938479,-0.39044,-0.166736,-0.0734103,0.392651,0.211508,0.0585034,-0.412319,-0.280231,0.232345,3.39701,0.375694,2.40453,6.73238,-11.543,3.0902,-12.449,-4.62905,6.59423,
235,0,-0.411888,0.0108607,-1,0.722744,-0.752392,-0.166542,0.0830143,0.446993,-0.196838,0.141661,-0.978445,-0.499007,0.155059,3.21404,-0.183316,3.01861,-1.96224,-4.70354,-0.148112,-8.39539,-3.78025,-6.0585,
236,0,1,0.00823503,1,0.964818,-0.748081,-0.165894,0.149272,0.216265,-0.149247,0.0808283,-0.968583,-0.107946,-0.410834,3.09743,0.0515373,0.710962,-5.3136,2.86558,-1.37918,3.09877,12.8354,-11.479,
237,0.436477,1,-0.025808,-1,-0.604604,-0.134415,-0.18488,0.00353657,0.0134982,0.467871,-0.00530398,-0.135234,0.037185,-0.559074,4.07271,-0.505754,-4.47446,-2.39967,12.8423,-1.17129,17.8575,-7.89648,1.52387,
238,0.586175,-0.403548,-0.0370449,-1,-0.98097,0.0850236,-0.203209,-0.146925,0.0796689,0.671819,-0.0501696,0.0852293,-0.136846,-0.190674,3.29269,-0.232545,-2.29863,2.95838,-0.627615,-0.39816,-3.83798,-1.0182,9.33425,
239,0.258717,-0.413626,-0.0146062,-1,-0.93276,-0.402774,-0.187776,-0.0959067,0.439719,0.264733,0.112997,-0.426955,-0.301972,0.23872,3.38899,0.296076,2.52921,6.44296,-11.7532,3.04088,-12.7738,-4.43772,6.40843,
240,0,-0.411812,0.00934409,-1,0.754779,-0.760691,-0.186877,0.0746745,0.492904,-0.169349,0.17389,-0.997854,-0.505291,0.146156,3.23447,-0.113983,3.37107,-1.91999,-5.43606,-0.838771,-8.29828,-3.47359,-6.35979,
241,0,1,0.00803666,1,0.964548,-0.750709,-0.180452,0.161621,0.243097,-0.145652,0.0853683,-0.974579,-0.0944399,-0.426285,3.07653,0.179171,1.17367,-5.73341,3.0394,-1.51755,3.28202,13.2806,-11.449,
242,0.441036,1,-0.0261192,-1,-0.568072,-0.132023,-0.191595,0.0362874,0.0150311,0.473516,-0.00578976,-0.132798,0.00938892,-0.561988,3.93235,-0.268888,-4.24045,-2.96922,12.8797,-1.24428,18.1749,-9.95299,1.25594,
243,0.587135,-0.406913,-0.0371255,-1,-0.979141,0.0808525,-0.19604,-0.107348,0.0680436,0.673283,-0.0540334,0.0810294,-0.180649,-0.207722,3.20397,0.0727566,-2.22375,2.95823,-0.760631,-0.440511,-4.22812,-0.462796,9.10973,
244,0.216429,-0.413626,-0.0121333,-1,-0.938095,-0.412117,-0.169616,-0.071584,0.387551,0.219906,0.027836,-0.438158,-0.301985,0.223263,3.39382,0.576303,2.31593,6.73433,-10.7334,2.62393,-12.6285,-3.69158,6.5752,
245,0,-0.41188,0.0106643,-1,0.723024,-0.75492,-0.158488,0.0778418,0.442014,-0.193278,0.119197,-0.984297,-0.489192,0.144553,3.24232,0.0449464,2.86099,-1.82943,-4.8176,0.515986,-7.72311,-3.45896,-6.06527,
246,0,1,0.00873641,1,0.961587,-0.746298,-0.148272,0.13724,0.207545,-0.158334,0.0807356,-0.964548,-0.0933082,-0.412577,3.1217,0.245103,0.627572,-5.07834,3.7326,-0.67994,3.17885,12.7035,-11.267,
247,0.445596,1,-0.0264321,-1,-0.5987,-0.138933,-0.159872,-0.00162358,0.0219543,0.479192,0.00802472,-0.139837,0.081098,-0.555525,4.23154,-0.44215,-4.05004,-1.98748,12.9174,-1.13347,17.483,-6.29102,1.47963,
248,0.592379,-0.396557,-0.0375682,-1,-0.981689,0.0895217,-0.175898,-0.123108,0.0943959,0.681324,-0.0441851,0.089762,-0.0813428,-0.183556,3.43643,-0.191084,-1.65152,2.84831,-0.721434,-0.606215,-3.33616,-1.4922,9.43018,
249,0.191185,-0.413747,-0.0106802,-1,-0.935578,-0.376982,-0.165973,-0.067404,0.392561,0.193567,0.0485163,-0.396537,-0.281687,0.251973,3.44838,0.181776,2.54787,5.98813,-11.9907,2.49124,-12.4591,-5.18463,6.47973,
250,0,-0.411818,0.0107339,-1,0.747538,-0.751605,-0.174892,0.0977634,0.434327,-0.19454,0.139071,-0.976633,-0.508958,0.16272,3.29441,-0.365747,3.18566,-2.0651,-4.31543,0.079478,-8.74215,-3.71951,-6.32819,
251,0,1,0.00755804,1,0.967545,-0.74922,-0.182236,0.171052,0.215878,-0.136977,0.0868338,-0.971175,-0.104215,-0.416962,3.21898,-0.0999293,0.845993,-5.10187,2.39959,-1.52765,3.02562,13.2208,-11.6765,
252,0.435184,1,-0.0257201,-1,-0.560244,-0.122586,-0.205165,0.0226409,0.0150577,0.466275,-0.00673195,-0.123206,-0.0158947,-0.552035,3.97272,-0.459655,-4.79244,-2.52904,12.7754,-1.27544,18.722,-10.035,1.20069,
253,0.612326,-0.408732,-0.0392921,-1,-0.97777,0.0896873,-0.217667,-0.146335,0.101818,0.712635,-0.0234554,0.0899289,-0.188385,-0.203537,3.26498,0.0203822,-2.37634,5.37001,3.65848,2.55578,-4.51832,-0.129077,8.96015,
254,0.278089,-0.41364,-0.0157577,-1,-0.935522,-0.420493,-0.195663,-0.111997,0.471197,0.285609,0.139696,-0.448291,-0.299811,0.223021,3.31164,0.432029,2.28724,6.61922,-11.8699,3.01514,-12.9949,-3.59104,6.53831,
255,0,-0.411902,0.00855341,-1,0.742964,-0.766086,-0.185784,0.0535951,0.521574,-0.155018,0.191536,-1.01078,-0.491825,0.138546,3.15352,0.0984396,3.3472,-2.12078,-5.69127,-1.17226,-7.97385,-3.60142,-6.20465,
256,0,1,0.00866087,1,0.961912,-0.748166,-0.167832,0.141916,0.247755,-0.156965,0.0822666,-0.968777,-0.0959012,-0.426397,2.88677,0.364197,1.17532,-6.87088,1.19035,-2.61999,3.18699,13.1671,-11.2711,
257,0.427602,1,-0.0252065,-1,-0.558116,-0.141009,-0.172812,0.0233064,-0.00442243,0.456958,-0.0158011,-0.141955,0.0490609,-0.55726,3.98318,-0.270824,-3.94365,-3.24173,12.8538,-1.27585,17.6466,-8.05329,1.18561,
258,0.578647,-0.401011,-0.0364175,-1,-0.979613,0.0818761,-0.179165,-0.102228,0.0475259,0.660426,-0.0592265,0.0820598,-0.118651,-0.201815,3.29065,0.0199707,-1.82162,3.08487,-0.634119,-0.304581,-3.6251,-0.788646,9.16315,
259,0.170894,-0.413747,-0.0095228,-1,-0.939693,-0.388813,-0.158531,-0.0556789,0.369259,0.172588,0.0296326,-0.410401,-0.281756,0.23268,3.34671,0.384875,2.32775,6.47011,-11.8491,2.38835,-12.3439,-4.55829,6.62763,
260,0,-0.411899,0.0116172,-1,0.716379,-0.748992,-0.159403,0.0931559,0.415785,-0.210552,0.118613,-0.970656,-0.496786,0.157357,3.16412,-0.228768,2.81882,-2.1546,-4.21834,0.202554,-8.29198,-3.7145,-6.01909,
261,0,1,0.0081161,1,0.964534,-0.746591,-0.162081,0.149002,0.196864,-0.147092,0.0784956,-0.965209,-0.106436,-0.406562,3.10029,-0.0171996,0.498557,-4.88935,2.93659,-1.08866,3.01123,12.7354,-11.4666,
262,0.44027,1,-0.0260668,-1,-0.63733,-0.133611,-0.184184,-0.00431584,0.0196111,0.472565,0.000689968,-0.134414,0.0467152,-0.56561,4.0978,-0.575771,-4.55097,-1.90407,12.8209,-1.10045,17.7889,-7.42173,1.78044,
263,0.589402,-0.402954,-0.0373164,-1,-0.982618,0.0867049,-0.206459,-0.155577,0.0952892,0.67675,-0.045036,0.0869231,-0.1347,-0.183671,3.27764,-0.319474,-2.28537,2.90876,-0.612264,-0.458506,-3.78434,-1.42824,9.55659,
264,0.270248,-0.413568,-0.01529,-1,-0.930091,-0.404642,-0.195832,-0.102509,0.458975,0.277131,0.137764,-0.429187,-0.311253,0.2475,3.34177,0.203406,2.59255,6.30306,-11.6027,3.09046,-12.9225,-4.5242,6.3269,
265,0,-0.411763,0.00863987,-1,0.774063,-0.764166,-0.197794,0.07429,0.507429,-0.156585,0.188206,-1.00615,-0.510566,0.145484,3.19815,-0.147218,3.52534,-1.97618,-5.56785,-1.16433,-8.35009,-3.33137,-6.57024,
266,0,1,0.00801771,1,0.965171,-0.751127,-0.191571,0.169779,0.25146,-0.145308,0.0857288,-0.975535,-0.0877219,-0.434544,3.01232,0.16566,1.34278,-6.11798,2.27891,-1.99211,3.24819,13.6441,-11.4886,
267,0.431496,1,-0.0254697,-1,-0.589198,-0.176372,-0.200766,0.0348336,0.00104403,0.461733,-0.0166568,-0.178236,-0.064665,-0.538118,3.95238,-0.338399,-4.27417,-3.01267,12.4872,-1.31912,19.5198,-3.64731,1.40855,
268,0.577692,-0.393464,-0.0363385,-1,-0.968459,0.0716188,-0.211616,-0.111487,0.0530569,0.658991,-0.0600954,0.0717417,-0.139122,-0.261527,3.19224,-0.0925577,-2.21931,3.01424,-0.700302,-0.285131,-3.1849,0.721302,8.10033,
269,0.234588,-0.413857,-0.0131888,-1,-0.953459,-0.380803,-0.189264,-0.0636732,0.40322,0.23904,0.0663259,-0.400998,-0.261853,0.17341,3.27917,0.44226,2.44713,6.77882,-11.7447,3.21506,-11.9996,-4.19762,7.29156,
270,0,-0.411993,0.0108031,-1,0.574847,-0.74331,-0.185288,0.0994513,0.45981,-0.195795,0.14936,-0.957836,-0.489759,0.156267,3.05166,-0.115893,3.20896,-1.93967,-5.24778,-0.26529,-8.48993,-4.19255,-4.80388,
271,0,1,0.00925959,1,0.959236,-0.745887,-0.183315,0.178273,0.216111,-0.167817,0.0771393,-0.963619,-0.157518,-0.368588,2.91663,0.0488036,0.919137,-5.83959,2.27457,-1.80924,2.90719,11.444,-11.118,
272,0.43941,1,-0.026008,-1,-0.624779,-0.132401,-0.199027,0.0368436,0.00501905,0.471499,-0.00610788,-0.133183,-0.0379697,-0.565184,3.80566,-0.365719,-4.56688,-2.45038,13.2147,-1.10092,17.7703,-8.51858,1.67976,
273,0.591984,-0.408009,-0.0375347,-1,-0.980382,0.0640686,-0.2082,-0.120577,0.0816323,0.680714,-0.0488292,0.0641564,-0.19466,-0.197527,3.07039,-0.03579,-2.4451,3.23951,-0.64741,-0.366178,-4.39866,-0.283932,9.2606,
274,0.244184,-0.41357,-0.0137503,-1,-0.928901,-0.426539,-0.185287,-0.0850079,0.430594,0.249218,0.0820332,-0.455659,-0.310806,0.224377,3.24674,0.458058,2.24281,6.64401,-11.7239,3.12239,-12.5574,-3.56403,6.26227,
275,0,-0.411827,0.0096218,-1,0.748179,-0.759687,-0.17641,0.0688719,0.484486,-0.174382,0.164067,-0.995474,-0.491049,0.130589,3.06996,0.0447752,3.03655,-1.9909,-5.09003,-0.283799,-7.58194,-3.31775,-6.29414,
276,0,1,0.00837791,1,0.959167,-0.748522,-0.163808,0.142537,0.229933,-0.151837,0.0866028,-0.969584,-0.0842374,-0.426852,2.86963,0.273655,0.866641,-5.99334,2.2259,-1.84296,3.24351,13.0562,-11.1081,
277,0.423519,1,-0.0249316,-1,-0.552943,-0.136951,-0.175294,0.00629688,-0.00253756,0.451972,-0.0138684,-0.137817,0.0645683,-0.554518,3.95948,-0.426431,-4.23813,-2.89311,12.7486,-1.36107,17.7115,-7.5963,1.1496,
278,0.577043,-0.400514,-0.0362849,-1,-0.980084,0.0882774,-0.19004,-0.133941,0.055075,0.658018,-0.0586258,0.0885078,-0.0992719,-0.197558,3.22119,-0.157914,-2.10988,3.03938,-0.520866,-0.298562,-3.58582,-0.901416,9.22068,
279,0.22941,-0.413755,-0.0128869,-1,-0.93888,-0.38648,-0.171827,-0.0814788,0.401612,0.233566,0.0654752,-0.407655,-0.280312,0.237846,3.30618,0.353448,2.53921,6.66784,-11.7542,3.01359,-12.5397,-4.94411,6.61686,
280,0,-0.411835,0.0106953,-1,0.731773,-0.754062,-0.171891,0.0829971,0.459365,-0.193841,0.145269,-0.982305,-0.505918,0.158105,3.1364,-0.182168,3.17707,-1.86446,-5.12393,-0.245937,-8.56652,-3.79155,-6.14072,
281,0,1,0.00854868,1,0.966161,-0.749002,-0.170775,0.155575,0.223797,-0.154932,0.080606,-0.970678,-0.108342,-0.413601,2.99828,0.0579841,0.819505,-5.52721,2.80856,-1.44702,3.15329,13.0499,-11.5712,
282,0.435127,1,-0.0257162,-1,-0.577323,-0.13443,-0.189146,0.0121782,0.00977792,0.466204,-0.00666397,-0.135249,0.0244794,-0.554346,3.9359,-0.466112,-4.51973,-2.60137,12.9614,-1.17905,17.9123,-8.63334,1.32205,
283,0.586586,-0.405421,-0.0370794,-1,-0.979215,0.0793131,-0.204587,-0.143145,0.0748185,0.672446,-0.0513095,0.0794801,-0.150233,-0.19811,3.17818,-0.166309,-2.41717,3.04568,-0.620086,-0.382903,-4.03158,-0.685854,9.11921,
284,0.258922,-0.413631,-0.0146183,-1,-0.933185,-0.409829,-0.185411,-0.096824,0.436533,0.264953,0.104359,-0.435406,-0.301071,0.22708,3.31123,0.373848,2.4416,6.50154,-11.7784,2.99179,-12.7064,-4.22898,6.42172,
285,0,-0.411821,0.00942303,-1,0.740812,-0.760396,-0.180613,0.0688709,0.491698,-0.17078,0.169736,-0.997154,-0.501657,0.140168,3.15502,-0.0366226,3.27107,-1.90119,-5.44132,-0.688415,-8.09485,-3.50405,-6.20838,
286,0,1,0.00858872,1,0.962174,-0.749798,-0.171186,0.151095,0.237285,-0.155658,0.0817086,-0.972493,-0.0967099,-0.42325,2.95115,0.213468,1.01522,-6.12798,2.0956,-1.97123,3.30755,13.1619,-11.2927,
287,0.425437,1,-0.0250606,-1,-0.55503,-0.133551,-0.183622,0.0179424,-0.00209964,0.454312,-0.0150307,-0.134353,0.0349101,-0.554438,3.94361,-0.380795,-4.32236,-3.06138,12.89,-1.25816,17.9343,-8.65657,1.16409,
288,0.579383,-0.404351,-0.0364784,-1,-0.979215,0.0848777,-0.194907,-0.129141,0.0537156,0.661533,-0.057491,0.0850824,-0.135684,-0.201467,3.21696,-0.0771259,-2.2722,3.09221,-0.553625,-0.288198,-3.91437,-0.575882,9.11673,
289,0.231873,-0.413707,-0.0130304,-1,-0.93783,-0.39989,-0.172792,-0.0840531,0.407414,0.236168,0.0698111,-0.423518,-0.288599,0.229846,3.33038,0.428633,2.40134,6.80875,-11.7839,3.08404,-12.6243,-4.37918,6.57879,
290,0,-0.411874,0.0105186,-1,0.729561,-0.756432,-0.168512,0.0743476,0.467019,-0.190638,0.149918,-0.987822,-0.4985,0.150016,3.15581,-0.084315,3.07394,-1.88967,-5.07674,-0.265294,-8.23533,-3.67504,-6.11157,
291,0,1,0.00858017,1,0.964043,-0.748626,-0.162651,0.144051,0.22469,-0.155503,0.0809689,-0.969822,-0.102991,-0.415345,2.99037,0.145559,0.762841,-5.72128,2.58739,-1.60011,3.2308,12.9398,-11.4222,
292,0.431541,1,-0.0254727,-1,-0.569015,-0.13697,-0.178517,0.00209948,0.00572589,0.461788,-0.00884086,-0.137836,0.0501006,-0.551255,4.03267,-0.481835,-4.36561,-2.64731,12.8747,-1.21133,17.7073,-7.57664,1.26247,
293,0.583262,-0.401911,-0.0368011,-1,-0.979656,0.0839966,-0.195798,-0.143377,0.0690133,0.667392,-0.0530913,0.084195,-0.112143,-0.193946,3.27855,-0.211048,-2.19956,3.02598,-0.594986,-0.360072,-3.69293,-0.869982,9.17054,
294,0.251488,-0.413717,-0.0141796,-1,-0.935056,-0.39303,-0.178746,-0.0910157,0.416708,0.257001,0.0745491,-0.415378,-0.286936,0.235251,3.39393,0.347744,2.58793,6.75062,-11.6664,3.27785,-12.5717,-4.80081,6.47722,
295,0,-0.411825,0.0102183,-1,0.737921,-0.75625,-0.17767,0.0779174,0.478223,-0.185195,0.157114,-0.987396,-0.505926,0.150699,3.21989,-0.141326,3.29171,-1.79677,-5.46848,-0.318409,-8.468,-3.69048,-6.1893,
296,0,1,0.00870488,1,0.964691,-0.749685,-0.174051,0.157702,0.23371,-0.157763,0.0838489,-0.972234,-0.103932,-0.418415,3.04654,0.103854,0.963076,-5.83458,2.62252,-1.65977,3.19024,13.1448,-11.463,
297,0.431299,1,-0.0254564,-1,-0.554805,-0.131533,-0.190235,0.0190001,0.00366151,0.461492,-0.0102928,-0.132299,0.0166838,-0.55054,3.96055,-0.407607,-4.49654,-2.90683,12.9958,-1.26365,18.0938,-9.17088,1.16253,
298,0.584058,-0.406261,-0.0368676,-1,-0.978192,0.0821274,-0.202153,-0.137499,0.0637709,0.6686,-0.0552561,0.0823128,-0.155348,-0.202074,3.22087,-0.0864004,-2.46567,3.10549,-0.608844,-0.345085,-4.1321,-0.369061,9.00094,
299,0.248155,-0.413672,-0.0139835,-1,-0.935482,-0.409618,-0.179448,-0.0951452,0.429345,0.253446,0.0983294,-0.435152,-0.294496,0.223569,3.35051,0.430141,2.34749,6.71295,-11.8305,3.16609,-12.709,-4.09722,6.50317,
300,0,-0.411871,0.00976198,-1,0.73142,-0.759834,-0.173,0.0649411,0.486572,-0.176923,0.16772,-0.995821,-0.49666,0.141879,3.18236,-0.0138705,3.15457,-1.93024,-5.22893,-0.629031,-8.08159,-3.61473,-6.11419,
301,0,1,0.00846439,1,0.962358,-0.74926,-0.162775,0.141045,0.233661,-0.153404,0.0814446,-0.971265,-0.100727,-0.419568,2.98924,0.234222,0.905863,-5.98634,2.41264,-1.83421,3.32271,12.9518,-11.3062,
302,0.425086,1,-0.025037,-1,-0.548548,-0.137114,-0.175387,0.00487723,-0.00167613,0.453883,-0.0153445,-0.137983,0.0518933,-0.547274,4.04698,-0.434361,-4.26817,-2.9578,12.7928,-1.257,17.7044,-7.60323,1.11925,
303,0.578078,-0.401307,-0.0363704,-1,-0.978902,0.0852376,-0.190412,-0.137423,0.0552125,0.659571,-0.0572965,0.0854449,-0.103458,-0.196196,3.31531,-0.163796,-2.15281,3.05413,-0.550738,-0.279776,-3.64465,-0.684958,9.08049,
304,0.234239,-0.413768,-0.0131684,-1,-0.936904,-0.388797,-0.172275,-0.085764,0.406799,0.23867,0.0714738,-0.410382,-0.278157,0.233553,3.40158,0.351325,2.53243,6.77346,-11.7551,3.1302,-12.4964,-4.88611,6.54162,
305,0,-0.411851,0.0105584,-1,0.728447,-0.754305,-0.172164,0.0793114,0.466177,-0.191359,0.150452,-0.982869,-0.504142,0.153754,3.22263,-0.173366,3.2046,-1.86128,-5.15716,-0.311973,-8.53972,-3.82777,-6.10083,
306,0,1,0.00855826,1,0.965084,-0.749117,-0.170448,0.153997,0.226791,-0.155106,0.0810234,-0.97094,-0.109676,-0.41425,3.07172,0.0690874,0.861668,-5.64757,2.72429,-1.54798,3.15579,12.9933,-11.4933,
307,0.434103,1,-0.0256466,-1,-0.577267,-0.133249,-0.188258,0.0125144,0.00771803,0.464941,-0.00815828,-0.134046,0.0233923,-0.554319,4.01187,-0.456978,-4.48441,-2.69539,12.9474,-1.19537,17.9758,-8.58925,1.32161,
308,0.585374,-0.405199,-0.0369777,-1,-0.979396,0.0824657,-0.203268,-0.141147,0.070846,0.6706,-0.0525898,0.0826534,-0.148164,-0.197396,3.25717,-0.156065,-2.38729,3.05426,-0.626623,-0.369089,-4.00638,-0.630025,9.13992,
309,0.253125,-0.413651,-0.014276,-1,-0.934191,-0.406819,-0.183651,-0.0941766,0.432701,0.258749,0.102188,-0.431793,-0.297901,0.229491,3.38228,0.37337,2.43835,6.61004,-11.8014,3.1517,-12.7124,-4.23558,6.45647,
310,0,-0.411846,0.00963833,-1,0.740698,-0.759813,-0.179624,0.070659,0.4887,-0.174682,0.169759,-0.995774,-0.500231,0.143356,3.21774,-0.0592051,3.24928,-1.91315,-5.33006,-0.680728,-8.15999,-3.54874,-6.20977,
311,0,1,0.00852123,1,0.963006,-0.74975,-0.171375,0.151227,0.23594,-0.154435,0.0815588,-0.972384,-0.0976308,-0.422013,3.02298,0.191858,0.982324,-6.07379,2.17166,-1.96907,3.29832,13.1179,-11.3478,
312,0.427761,1,-0.0252172,-1,-0.553044,-0.132049,-0.184323,0.0167033,-7.85152e-05,0.457152,-0.014318,-0.132825,0.032511,-0.552816,4.00282,-0.382143,-4.34843,-3.00708,12.8781,-1.24334,18.0041,-8.66757,1.15029,
313,0.580308,-0.404577,-0.0365552,-1,-0.979088,0.0866678,-0.195582,-0.131548,0.0566608,0.662927,-0.0568137,0.0868858,-0.135442,-0.200708,3.26861,-0.0760244,-2.29578,3.08349,-0.58625,-0.296728,-3.93696,-0.506056,9.10226,
314,0.23506,-0.413717,-0.0132163,-1,-0.937859,-0.39947,-0.173367,-0.086858,0.411441,0.239538,0.0743638,-0.423018,-0.286847,0.23049,3.37588,0.42981,2.40367,6.8309,-11.7793,3.17752,-12.6547,-4.37874,6.58291,
315,0,-0.411883,0.0104361,-1,0.730711,-0.756998,-0.168896,0.0724689,0.470851,-0.189143,0.153686,-0.989147,-0.498064,0.15049,3.2006,-0.0778236,3.10036,-1.8969,-5.11207,-0.328619,-8.27072,-3.70944,-6.12023,
316,0,1,0.00861554,1,0.964319,-0.748848,-0.162531,0.143296,0.226302,-0.156144,0.0806824,-0.970327,-0.103602,-0.415846,3.0285,0.154762,0.779309,-5.80824,2.49144,-1.70174,3.25504,12.9429,-11.4404,
317,0.431971,1,-0.0255019,-1,-0.5642,-0.136422,-0.177746,0.00264025,0.00537883,0.462318,-0.0094623,-0.137278,0.0499229,-0.550307,4.07402,-0.468342,-4.33794,-2.6827,12.8798,-1.20472,17.7393,-7.56268,1.22834,
318,0.583254,-0.401777,-0.0368004,-1,-0.979542,0.0853401,-0.19429,-0.141391,0.068026,0.66738,-0.0533418,0.0855482,-0.109518,-0.194212,3.32162,-0.194779,-2.17144,3.02992,-0.610955,-0.354212,-3.68181,-0.807851,9.15686,
319,0.244847,-0.413735,-0.0137893,-1,-0.935728,-0.391443,-0.17738,-0.0894498,0.416972,0.249924,0.0783856,-0.413503,-0.283924,0.235681,3.41643,0.334582,2.56255,6.7326,-11.7382,3.25351,-12.5681,-4.82177,6.50325,
320,0,-0.411836,0.0102576,-1,0.736529,-0.756059,-0.177188,0.0785824,0.475874,-0.185907,0.157994,-0.98695,-0.505288,0.152219,3.24044,-0.160379,3.27814,-1.85254,-5.30207,-0.375289,-8.51297,-3.74233,-6.17661,
321,0,1,0.0085212,1,0.96511,-0.749664,-0.174366,0.157579,0.232405,-0.154434,0.0833891,-0.972189,-0.10581,-0.417645,3.08034,0.0930098,0.956699,-5.74733,2.73178,-1.61496,3.1921,13.0998,-11.4928,
322,0.433116,1,-0.0255796,-1,-0.557246,-0.131311,-0.190748,0.0188635,0.00582892,0.463726,-0.00974406,-0.132074,0.0148559,-0.550948,3.98417,-0.406759,-4.49129,-2.85675,12.9516,-1.24577,18.1037,-9.15651,1.17955,
323,0.584471,-0.406318,-0.0369021,-1,-0.978285,0.0821732,-0.202661,-0.137218,0.0661628,0.669227,-0.0546057,0.0823589,-0.156618,-0.201773,3.24012,-0.0871053,-2.45722,3.08231,-0.631785,-0.352432,-4.13972,-0.362342,9.01163,
324,0.248302,-0.41367,-0.0139921,-1,-0.935362,-0.409865,-0.180193,-0.0949578,0.430645,0.253602,0.0999585,-0.435449,-0.294817,0.223969,3.36702,0.42557,2.34934,6.71872,-11.8244,3.21554,-12.7167,-4.07952,6.49952,
325,0,-0.411873,0.00973977,-1,0.732419,-0.760013,-0.173928,0.0653728,0.487479,-0.176521,0.169289,-0.996245,-0.496439,0.141852,3.19745,-0.016506,3.16178,-1.94123,-5.22303,-0.654418,-8.08012,-3.61009,-6.12376,
326,0,1,0.00846641,1,0.962387,-0.749324,-0.16377,0.141909,0.233932,-0.153441,0.081408,-0.971411,-0.100279,-0.419917,3.00213,0.231421,0.90996,-6.02763,2.31788,-1.90161,3.32781,12.9625,-11.308,
327,0.425058,1,-0.0250351,-1,-0.547621,-0.13612,-0.176303,0.00578639,-0.00205327,0.45385,-0.0157749,-0.13697,0.0498439,-0.547374,4.05365,-0.426961,-4.28023,-2.9726,12.7961,-1.25628,17.7503,-7.70759,1.11288,
328,0.578001,-0.401706,-0.036364,-1,-0.978895,0.086063,-0.190831,-0.137408,0.0547599,0.659456,-0.0574742,0.0862765,-0.105839,-0.196509,3.32132,-0.152376,-2.17419,3.06226,-0.553308,-0.273456,-3.67561,-0.645144,9.07969,
329,0.234687,-0.413768,-0.0131946,-1,-0.937148,-0.389427,-0.172076,-0.0865137,0.407328,0.239144,0.0720018,-0.411125,-0.27812,0.233553,3.40806,0.362891,2.51974,6.79638,-11.7565,3.15763,-12.518,-4.84494,6.55166,
330,0,-0.411857,0.0105573,-1,0.728731,-0.754612,-0.171411,0.0780343,0.467049,-0.191339,0.151144,-0.983581,-0.503403,0.153873,3.22883,-0.161944,3.19535,-1.86276,-5.16162,-0.321057,-8.5278,-3.83105,-6.10303,
331,0,1,0.00858509,1,0.965143,-0.74912,-0.16913,0.152232,0.226876,-0.155592,0.0808224,-0.970947,-0.109427,-0.414331,3.07424,0.0791897,0.848783,-5.67911,2.68464,-1.57976,3.17028,12.9852,-11.4974,
332,0.43387,1,-0.0256308,-1,-0.575621,-0.133683,-0.186647,0.0108365,0.00738722,0.464655,-0.00839241,-0.134488,0.0273408,-0.553771,4.03035,-0.460505,-4.46301,-2.69516,12.9422,-1.19338,17.9464,-8.41704,1.30975,
333,0.585128,-0.40471,-0.0369571,-1,-0.979451,0.0832115,-0.201984,-0.141338,0.0704211,0.670226,-0.0526602,0.0834043,-0.141956,-0.196792,3.27575,-0.163737,-2.35344,3.05066,-0.62644,-0.366592,-3.95248,-0.654298,9.14637,
334,0.251204,-0.413665,-0.0141629,-1,-0.934485,-0.404231,-0.182947,-0.0934906,0.431417,0.256698,0.101651,-0.428696,-0.295569,0.230715,3.39274,0.360207,2.45256,6.60629,-11.8302,3.14855,-12.694,-4.3267,6.46661,
335,0,-0.411846,0.00969549,-1,0.740376,-0.759326,-0.179788,0.0719727,0.487185,-0.175718,0.169232,-0.994622,-0.501046,0.144952,3.22709,-0.0792461,3.25996,-1.91621,-5.29736,-0.679384,-8.22584,-3.58341,-6.20765,
336,0,1,0.00848635,1,0.963434,-0.749793,-0.172503,0.152652,0.235577,-0.153802,0.0814449,-0.972483,-0.0990459,-0.421439,3.03844,0.174565,0.985443,-6.03307,2.22584,-1.94245,3.28501,13.1179,-11.3765,
337,0.428646,1,-0.025277,-1,-0.553032,-0.131568,-0.185941,0.0176593,0.000803377,0.458237,-0.0139665,-0.132335,0.0281412,-0.552501,4.00114,-0.381197,-4.37543,-2.99216,12.8825,-1.23608,18.0394,-8.81085,1.15021,
338,0.580856,-0.405057,-0.0366007,-1,-0.978914,0.0860287,-0.197003,-0.13228,0.0579448,0.663754,-0.0564744,0.0862419,-0.140551,-0.201195,3.2654,-0.0712021,-2.33288,3.08531,-0.595212,-0.300204,-3.98851,-0.457254,9.08217,
339,0.238546,-0.41371,-0.0134201,-1,-0.937556,-0.401592,-0.17424,-0.088487,0.41341,0.243232,0.0751115,-0.425545,-0.288154,0.229126,3.38073,0.44304,2.39465,6.86291,-11.7678,3.23905,-12.6702,-4.30496,6.57229,
340,0,-0.411885,0.0103737,-1,0.730623,-0.757509,-0.168927,0.0706334,0.474048,-0.188011,0.155751,-0.990344,-0.497261,0.148985,3.20432,-0.0581833,3.10023,-1.88262,-5.16696,-0.331927,-8.22565,-3.69214,-6.11664,
341,0,1,0.00864353,1,0.963958,-0.748883,-0.161563,0.141834,0.227818,-0.156651,0.081369,-0.970406,-0.102848,-0.416343,3.02492,0.173901,0.788446,-5.8554,2.48877,-1.72709,3.26879,12.9345,-11.4151,
342,0.430429,1,-0.0253975,-1,-0.561787,-0.13678,-0.176285,0.00162525,0.00370898,0.460423,-0.0105229,-0.137643,0.0531969,-0.54967,4.08355,-0.468732,-4.31878,-2.73586,12.8701,-1.22622,17.7156,-7.44131,1.21133,
343,0.582176,-0.401194,-0.0367105,-1,-0.979545,0.0860514,-0.192993,-0.141438,0.0652747,0.665747,-0.0543116,0.0862647,-0.104359,-0.193875,3.33501,-0.198802,-2.1516,3.03425,-0.598839,-0.341389,-3.6363,-0.817209,9.1569,
344,0.24281,-0.413747,-0.0136698,-1,-0.936064,-0.389235,-0.176309,-0.0887421,0.414793,0.247759,0.0770559,-0.410898,-0.281771,0.236502,3.42374,0.328344,2.57194,6.74099,-11.7437,3.2355,-12.5494,-4.89433,6.51467,
345,0,-0.411836,0.010331,-1,0.735663,-0.755516,-0.176681,0.0794825,0.473803,-0.187237,0.156486,-0.985685,-0.50577,0.153615,3.24681,-0.174898,3.27855,-1.85106,-5.27797,-0.365805,-8.56328,-3.77338,-6.16927,
346,0,1,0.00851521,1,0.965418,-0.749645,-0.174619,0.158115,0.23163,-0.154325,0.0830098,-0.972144,-0.107079,-0.41689,3.0913,0.0786302,0.948214,-5.71209,2.7615,-1.58798,3.17827,13.092,-11.5148,
347,0.433865,1,-0.0256304,-1,-0.56066,-0.131211,-0.191507,0.0188816,0.00672616,0.464648,-0.00918897,-0.131972,0.013303,-0.55168,3.9887,-0.41264,-4.50442,-2.82899,12.9578,-1.23426,18.1148,-9.17975,1.20345,
348,0.585003,-0.406426,-0.0369466,-1,-0.9784,0.0820154,-0.203688,-0.137752,0.0675575,0.670035,-0.0540975,0.0822,-0.15908,-0.201559,3.24232,-0.092555,-2.46738,3.0782,-0.638119,-0.35935,-4.15426,-0.37427,9.02482,
349,0.250113,-0.41366,-0.0140987,-1,-0.935115,-0.410812,-0.181284,-0.0951538,0.431932,0.255533,0.101356,-0.436588,-0.296391,0.224052,3.37343,0.424541,2.35326,6.67059,-11.8377,3.17268,-12.7267,-4.04459,6.49104,
350,0,-0.411869,0.00968006,-1,0.733608,-0.760211,-0.174837,0.0655998,0.488312,-0.175438,0.169702,-0.996715,-0.496427,0.141287,3.20709,-0.0108982,3.17142,-1.9393,-5.25962,-0.672471,-8.05475,-3.58595,-6.13539,
351,0,1,0.00851126,1,0.962241,-0.749349,-0.164402,0.142773,0.234144,-0.154254,0.081098,-0.971468,-0.0991909,-0.420419,3.00807,0.234915,0.918661,-6.06853,2.22823,-1.94625,3.33023,12.9833,-11.2984,
352,0.424899,1,-0.0250244,-1,-0.547043,-0.135348,-0.176648,0.0070568,-0.00251433,0.453655,-0.0159127,-0.136184,0.0488051,-0.547676,4.05653,-0.417302,-4.28118,-2.985,12.8115,-1.25143,17.7861,-7.7979,1.10891,
353,0.578069,-0.401981,-0.0363696,-1,-0.978923,0.0868171,-0.190566,-0.136325,0.054312,0.659557,-0.0574761,0.0870362,-0.107691,-0.196805,3.32397,-0.138489,-2.17999,3.07065,-0.551964,-0.272008,-3.69766,-0.624267,9.08288,
354,0.232644,-0.413768,-0.0130754,-1,-0.937432,-0.389827,-0.17142,-0.0862824,0.407303,0.236983,0.0727,-0.411596,-0.278128,0.233709,3.40749,0.368209,2.49971,6.78942,-11.7658,3.13425,-12.5345,-4.80898,6.56287,
355,0,-0.411863,0.0105614,-1,0.728901,-0.754784,-0.170521,0.0773759,0.46619,-0.191413,0.150879,-0.98398,-0.502735,0.154162,3.22936,-0.157247,3.17852,-1.88084,-5.11512,-0.331272,-8.51665,-3.83281,-6.10549,
356,0,1,0.00857993,1,0.965222,-0.749071,-0.168011,0.150708,0.225918,-0.155498,0.0801891,-0.970834,-0.109217,-0.414302,3.07451,0.0828443,0.828109,-5.69121,2.61917,-1.61133,3.1815,12.9767,-11.5033,
357,0.434524,1,-0.0256752,-1,-0.574733,-0.134163,-0.185346,0.00938713,0.00805274,0.465461,-0.00803671,-0.134977,0.0305556,-0.553407,4.0446,-0.463353,-4.44023,-2.65961,12.9348,-1.17851,17.9137,-8.27038,1.30337,
358,0.585419,-0.404311,-0.0369814,-1,-0.979494,0.0834176,-0.200941,-0.141121,0.0716022,0.670667,-0.0521612,0.0836119,-0.137127,-0.196301,3.28806,-0.170097,-2.31521,3.04138,-0.633137,-0.371218,-3.91079,-0.682986,9.15169,
359,0.251458,-0.413676,-0.0141779,-1,-0.934629,-0.402095,-0.182473,-0.0931344,0.429858,0.256969,0.0973711,-0.426145,-0.293713,0.231679,3.40031,0.354119,2.47071,6.66758,-11.8644,3.22622,-12.6795,-4.40298,6.47089,
360,0,-0.411847,0.00979064,-1,0.74016,-0.75893,-0.179877,0.0729084,0.487065,-0.177443,0.168592,-0.993688,-0.501656,0.146157,3.23121,-0.0936755,3.26824,-1.89502,-5.30164,-0.608819,-8.28077,-3.6086,-6.20545,
361,0,1,0.00845908,1,0.96377,-0.749853,-0.173303,0.153668,0.236319,-0.153308,0.0827822,-0.97262,-0.100084,-0.420986,3.04708,0.16325,0.992946,-5.98175,2.38419,-1.86811,3.27187,13.1129,-11.3988,
362,0.428683,1,-0.0252795,-1,-0.552961,-0.131353,-0.187253,0.0179876,0.000945635,0.458282,-0.0138519,-0.132117,0.0251651,-0.55219,3.99454,-0.385232,-4.4051,-3.00965,12.8811,-1.26031,18.0631,-8.90854,1.14972,
363,0.5808,-0.405349,-0.036596,-1,-0.978776,0.0855839,-0.198452,-0.133863,0.0577428,0.663669,-0.0569296,0.0857937,-0.143998,-0.201523,3.25965,-0.0736397,-2.37479,3.08727,-0.598075,-0.301873,-4.02135,-0.422205,9.06637,
364,0.243741,-0.413704,-0.0137243,-1,-0.937312,-0.402986,-0.175084,-0.0904572,0.414104,0.248748,0.0734993,-0.427209,-0.289131,0.228084,3.38802,0.460775,2.40109,6.91865,-11.7211,3.31436,-12.6796,-4.25935,6.56311,
365,0,-0.411886,0.0103452,-1,0.730413,-0.757791,-0.168771,0.0689525,0.477087,-0.187494,0.156521,-0.991006,-0.496812,0.147881,3.2103,-0.036981,3.10608,-1.8492,-5.2892,-0.312514,-8.19404,-3.6772,-6.1119,
366,0,1,0.00868679,1,0.963685,-0.748922,-0.160396,0.140688,0.229785,-0.157435,0.0825489,-0.970496,-0.102274,-0.4166,3.02591,0.194926,0.805916,-5.86305,2.61283,-1.67466,3.27231,12.925,-11.3958,
367,0.427934,1,-0.0252289,-1,-0.560836,-0.137111,-0.174807,0.000517181,0.00138252,0.457365,-0.0117397,-0.13798,0.0567408,-0.549319,4.09354,-0.474159,-4.31219,-2.81033,12.8618,-1.26145,17.699,-7.3118,1.20465,
368,0.58063,-0.400512,-0.0365819,-1,-0.979631,0.0871672,-0.19197,-0.142324,0.0613819,0.663413,-0.0556698,0.087389,-0.0992802,-0.193264,3.34962,-0.208791,-2.14739,3.03963,-0.575289,-0.327292,-3.58566,-0.838707,9.16663,
369,0.242929,-0.413758,-0.0136767,-1,-0.936405,-0.386844,-0.175409,-0.0888383,0.412204,0.247884,0.0745419,-0.408083,-0.27991,0.237784,3.43617,0.326066,2.58648,6.78636,-11.7376,3.25882,-12.5391,-4.96649,6.52605,
370,0,-0.411836,0.0104002,-1,0.735524,-0.755048,-0.176192,0.079752,0.473189,-0.188491,0.155622,-0.984595,-0.506285,0.155237,3.2572,-0.1865,3.28257,-1.82051,-5.2971,-0.336485,-8.6207,-3.7983,-6.16833,
371,0,1,0.00854141,1,0.965803,-0.749704,-0.17473,0.158203,0.23207,-0.1548,0.0831841,-0.97228,-0.107989,-0.416266,3.10178,0.0669165,0.942275,-5.70344,2.78174,-1.57885,3.16457,13.0934,-11.542,
372,0.434413,1,-0.0256677,-1,-0.563108,-0.131353,-0.192057,0.0185966,0.00747121,0.465324,-0.00875786,-0.132116,0.0124922,-0.552202,3.99528,-0.419063,-4.5137,-2.82644,12.9706,-1.2337,18.1239,-9.18858,1.22067,
373,0.585428,-0.40644,-0.0369822,-1,-0.97848,0.0819991,-0.20456,-0.13841,0.0681815,0.670681,-0.0539223,0.0821836,-0.160516,-0.201411,3.24842,-0.0990325,-2.47399,3.07243,-0.645685,-0.366121,-4.15668,-0.385475,9.03386,
374,0.251951,-0.413654,-0.0142069,-1,-0.934962,-0.411249,-0.182239,-0.0953915,0.43298,0.257495,0.102053,-0.437114,-0.297448,0.224149,3.38275,0.424096,2.36258,6.66933,-11.8193,3.18266,-12.7338,-4.02643,6.48601,
375,0,-0.411867,0.00965183,-1,0.734354,-0.760355,-0.175705,0.0658803,0.489435,-0.174927,0.170219,-0.997057,-0.496478,0.141006,3.21643,-0.00804085,3.18248,-1.93568,-5.29801,-0.682072,-8.0444,-3.56911,-6.14221,
376,0,1,0.00854979,1,0.962169,-0.749394,-0.165119,0.143693,0.234632,-0.154952,0.0810918,-0.971572,-0.098505,-0.42071,3.01432,0.236415,0.928266,-6.10476,2.17025,-1.98008,3.33209,12.9984,-11.2935,
377,0.425036,1,-0.0250336,-1,-0.547171,-0.13468,-0.177141,0.0083796,-0.00272175,0.453822,-0.0158798,-0.135503,0.0472784,-0.548063,4.05793,-0.408048,-4.28288,-2.99846,12.8265,-1.25097,17.8195,-7.89429,1.10979,
378,0.578251,-0.402278,-0.0363847,-1,-0.97895,0.0873467,-0.190467,-0.135227,0.0540554,0.659831,-0.0575138,0.0875698,-0.11021,-0.197098,3.32561,-0.125025,-2.18655,3.07751,-0.555572,-0.273491,-3.72211,-0.604803,9.08595,
379,0.230818,-0.413766,-0.0129689,-1,-0.937626,-0.390481,-0.170928,-0.0860451,0.407416,0.235054,0.0733398,-0.412367,-0.278488,0.23373,3.40691,0.373823,2.47968,6.78461,-11.7745,3.11758,-12.5504,-4.76397,6.57067,
380,0,-0.411869,0.0105601,-1,0.729132,-0.754984,-0.169763,0.0767185,0.465598,-0.191389,0.150851,-0.984446,-0.502011,0.154222,3.22944,-0.151612,3.16195,-1.89733,-5.06989,-0.338701,-8.49903,-3.8287,-6.10835,
381,0,1,0.00859397,1,0.965231,-0.749018,-0.166985,0.149237,0.224957,-0.155753,0.0794795,-0.970715,-0.108787,-0.414347,3.07236,0.0862419,0.805899,-5.72538,2.50596,-1.67271,3.19338,12.9717,-11.5044,
382,0.436628,1,-0.0258183,-1,-0.573551,-0.134904,-0.183873,0.00868091,0.00992711,0.468057,-0.00685484,-0.135731,0.033243,-0.553008,4.05755,-0.458335,-4.39875,-2.60102,12.9397,-1.15476,17.8732,-8.14846,1.29492,
383,0.586604,-0.403947,-0.0370808,-1,-0.979467,0.0829967,-0.199261,-0.138981,0.0743969,0.672473,-0.0511432,0.083188,-0.133215,-0.196107,3.29905,-0.166523,-2.25171,3.02655,-0.657672,-0.388148,-3.87444,-0.710328,9.14885,
384,0.249628,-0.413686,-0.0140701,-1,-0.934743,-0.400295,-0.181025,-0.0906532,0.424023,0.255016,0.083376,-0.424,-0.292099,0.232084,3.41385,0.363254,2.50287,6.75261,-11.742,3.33205,-12.642,-4.46976,6.47075,
385,0,-0.411848,0.0100328,-1,0.738632,-0.758002,-0.178638,0.0753133,0.482928,-0.181832,0.16356,-0.991501,-0.501861,0.147078,3.23745,-0.105581,3.25127,-1.87247,-5.32933,-0.413979,-8.30121,-3.62294,-6.1928,
386,0,1,0.00854072,1,0.96385,-0.74964,-0.172996,0.154622,0.23443,-0.154788,0.0843798,-0.972133,-0.100719,-0.419906,3.0583,0.143747,0.961305,-5.91585,2.49668,-1.78262,3.24498,13.0965,-11.405,
387,0.429829,1,-0.0253569,-1,-0.551908,-0.13095,-0.187715,0.0171023,0.00192576,0.459686,-0.0122036,-0.131706,0.0234403,-0.550492,3.99795,-0.395311,-4.44361,-2.95037,12.9144,-1.28364,18.0767,-8.93147,1.14243,
388,0.581959,-0.405595,-0.0366925,-1,-0.978518,0.0851463,-0.199303,-0.136551,0.0604638,0.66542,-0.0565641,0.085353,-0.145054,-0.201048,3.25877,-0.0813145,-2.40869,3.09462,-0.605186,-0.321483,-4.04937,-0.394382,9.03722,
389,0.246837,-0.413702,-0.0139061,-1,-0.936682,-0.404175,-0.176284,-0.093506,0.420319,0.252042,0.0830936,-0.428629,-0.289457,0.227145,3.38444,0.447697,2.38737,6.85522,-11.7993,3.29886,-12.6939,-4.24528,6.54293,
390,0,-0.411883,0.0101337,-1,0.731141,-0.758531,-0.170039,0.0666847,0.481659,-0.183661,0.161555,-0.992748,-0.497045,0.146388,3.21065,-0.0312054,3.13592,-1.86695,-5.2843,-0.431254,-8.19344,-3.68092,-6.11553,
391,0,1,0.00864617,1,0.963446,-0.749145,-0.161069,0.14033,0.231879,-0.156699,0.0820644,-0.971004,-0.102471,-0.417692,3.0194,0.206805,0.843353,-5.94326,2.49279,-1.77349,3.29441,12.9416,-11.3788,
392,0.427101,1,-0.0251727,-1,-0.554953,-0.137291,-0.174862,0.00186255,0.000282799,0.456345,-0.0131545,-0.138163,0.0550736,-0.548279,4.0863,-0.460869,-4.28965,-2.87465,12.8476,-1.25711,17.7007,-7.39536,1.16355,
393,0.579865,-0.400692,-0.0365185,-1,-0.979313,0.0865028,-0.191305,-0.140373,0.0589935,0.66226,-0.0562764,0.0867195,-0.0997304,-0.194476,3.34789,-0.193427,-2.14037,3.04614,-0.571592,-0.309218,-3.59862,-0.768914,9.12878,
394,0.239079,-0.413766,-0.0134513,-1,-0.936698,-0.387059,-0.174333,-0.0873259,0.410401,0.243797,0.0740194,-0.408337,-0.278511,0.236139,3.43155,0.330942,2.56924,6.78071,-11.7527,3.20723,-12.5156,-4.95194,6.53618,
395,0,-0.411842,0.0104679,-1,0.732269,-0.75464,-0.175033,0.0801629,0.470325,-0.189718,0.153694,-0.983647,-0.505546,0.154961,3.25179,-0.186955,3.25823,-1.84495,-5.23149,-0.337887,-8.60405,-3.82185,-6.13679,
396,0,1,0.00852596,1,0.965592,-0.749488,-0.173723,0.157406,0.229969,-0.15452,0.0823033,-0.971786,-0.109185,-0.415242,3.10064,0.0636134,0.917504,-5.66987,2.7824,-1.55627,3.15757,13.048,-11.5278,
397,0.434486,1,-0.0256726,-1,-0.5699,-0.131615,-0.191312,0.0170492,0.00765343,0.465413,-0.00851397,-0.132383,0.0146217,-0.553376,4.00401,-0.430503,-4.51176,-2.77697,12.96,-1.2173,18.0904,-9.02659,1.26879,
398,0.585459,-0.406175,-0.0369848,-1,-0.978869,0.082304,-0.204553,-0.139301,0.0693314,0.670729,-0.0533849,0.0824906,-0.158492,-0.199942,3.25358,-0.115786,-2.45521,3.06772,-0.64132,-0.36749,-4.12283,-0.464382,9.07834,
399,0.252771,-0.413648,-0.0142552,-1,-0.934609,-0.410545,-0.18311,-0.0954272,0.434208,0.258371,0.103876,-0.436267,-0.29843,0.226119,3.38253,0.40717,2.3799,6.64928,-11.8151,3.16803,-12.7434,-4.064,6.47347,
400,0,-0.411861,0.00960128,-1,0.737595,-0.760518,-0.177298,0.0668972,0.49034,-0.17401,0.171077,-0.997444,-0.497455,0.141509,3.21709,-0.0210006,3.20503,-1.93641,-5.30906,-0.706293,-8.06945,-3.55053,-6.17544,
401,0,1,0.00852049,1,0.96244,-0.749577,-0.167205,0.145828,0.235608,-0.154421,0.0813278,-0.97199,-0.0975555,-0.42165,3.01567,0.227162,0.950498,-6.11542,2.13663,-1.99979,3.33077,13.0465,-11.3107,
402,0.425801,1,-0.0250851,-1,-0.54892,-0.133798,-0.179315,0.0112296,-0.00192447,0.454757,-0.0155368,-0.134605,0.0434619,-0.550177,4.04133,-0.397011,-4.29241,-3.01435,12.8347,-1.25088,17.8819,-8.13364,1.12181,
403,0.57869,-0.402961,-0.0364211,-1,-0.979098,0.0876025,-0.191865,-0.133273,0.0543467,0.660492,-0.0574577,0.0878276,-0.117505,-0.198425,3.30895,-0.106886,-2.21007,3.07487,-0.566865,-0.280268,-3.78106,-0.580461,9.10312,
404,0.230486,-0.413753,-0.0129496,-1,-0.938002,-0.392809,-0.171509,-0.0853986,0.407972,0.234702,0.0735974,-0.415117,-0.280836,0.233189,3.39545,0.389434,2.4539,6.79112,-11.783,3.11938,-12.5846,-4.64904,6.58607,
405,0,-0.411875,0.0105483,-1,0.729636,-0.75551,-0.169492,0.0760983,0.466076,-0.191176,0.15121,-0.985669,-0.500772,0.153737,3.21879,-0.133191,3.13773,-1.9053,-5.05207,-0.337487,-8.43605,-3.79577,-6.11313,
406,0,1,0.00859995,1,0.9651,-0.748937,-0.16584,0.147722,0.224625,-0.155861,0.0794303,-0.97053,-0.107277,-0.41456,3.05853,0.102176,0.787409,-5.74946,2.46312,-1.69751,3.21182,12.963,-11.4953,
407,0.436755,1,-0.0258269,-1,-0.571767,-0.135435,-0.182145,0.0073126,0.00997684,0.468214,-0.00673644,-0.136273,0.0376055,-0.552421,4.06119,-0.456296,-4.37264,-2.58586,12.9298,-1.15409,17.8295,-7.99204,1.28215,
408,0.586534,-0.40344,-0.0370749,-1,-0.979489,0.0832256,-0.197566,-0.138601,0.0746249,0.672365,-0.0510699,0.0834185,-0.12738,-0.195602,3.30269,-0.168412,-2.21244,3.02082,-0.660182,-0.390222,-3.82574,-0.746889,9.15149,
409,0.245874,-0.413697,-0.0138495,-1,-0.934888,-0.39827,-0.179904,-0.0894814,0.422908,0.251017,0.0836567,-0.421591,-0.290303,0.232916,3.40741,0.349221,2.51028,6.69558,-11.7539,3.25649,-12.6192,-4.55578,6.47544,
410,0,-0.411844,0.0100742,-1,0.738122,-0.757491,-0.178315,0.0767883,0.479523,-0.182581,0.161533,-0.990301,-0.502794,0.148161,3.2334,-0.123626,3.25434,-1.89863,-5.26179,-0.422422,-8.34635,-3.6497,-6.19031,
411,0,1,0.00846457,1,0.964128,-0.749581,-0.173578,0.155882,0.232794,-0.153408,0.0837803,-0.971999,-0.101985,-0.419444,3.06617,0.129153,0.963139,-5.81858,2.62128,-1.6897,3.23128,13.0933,-11.4246,
412,0.43097,1,-0.0254341,-1,-0.552565,-0.130836,-0.188748,0.0180488,0.00338816,0.461087,-0.0113549,-0.13159,0.0202697,-0.550427,3.99031,-0.395791,-4.45855,-2.90158,12.9085,-1.26621,18.0885,-9.02957,1.14699,
413,0.582678,-0.405929,-0.0367524,-1,-0.978388,0.0840674,-0.200261,-0.136459,0.0627951,0.666507,-0.0557603,0.0842663,-0.149162,-0.201449,3.248,-0.0796092,-2.42695,3.08839,-0.611707,-0.331185,-4.08959,-0.371813,9.02283,
414,0.248384,-0.413693,-0.013997,-1,-0.93629,-0.406146,-0.177179,-0.0940964,0.422316,0.25369,0.0849504,-0.430987,-0.290946,0.225882,3.37849,0.449799,2.37698,6.83539,-11.796,3.2991,-12.6998,-4.18755,6.5291,
415,0,-0.411881,0.0100506,-1,0.731116,-0.758906,-0.170556,0.0659185,0.48326,-0.182155,0.162858,-0.993629,-0.496634,0.144843,3.20627,-0.0204247,3.13643,-1.87014,-5.29804,-0.448248,-8.14797,-3.66072,-6.1139,
416,0,1,0.00862199,1,0.963057,-0.749149,-0.160999,0.140038,0.232607,-0.156261,0.0824369,-0.971013,-0.101777,-0.418226,3.01276,0.218932,0.857298,-5.95484,2.49972,-1.77632,3.30164,12.9385,-11.3526,
417,0.426262,1,-0.0251162,-1,-0.553022,-0.137398,-0.1744,0.00210124,-0.000491998,0.45532,-0.0137216,-0.138273,0.0557082,-0.547878,4.08185,-0.45609,-4.27909,-2.90352,12.8348,-1.26858,17.6922,-7.38918,1.15014,
418,0.579232,-0.400589,-0.036466,-1,-0.979241,0.0864886,-0.190637,-0.139783,0.0575429,0.661307,-0.05679,0.0867052,-0.098594,-0.194654,3.34573,-0.189347,-2.13495,3.04701,-0.563607,-0.30222,-3.59108,-0.759098,9.12021,
419,0.237351,-0.41377,-0.0133502,-1,-0.936836,-0.386621,-0.173562,-0.0867595,0.409021,0.241965,0.0731541,-0.407822,-0.277733,0.235957,3.42757,0.331878,2.56501,6.77667,-11.7551,3.18179,-12.5053,-4.96552,6.54056,
420,0,-0.411843,0.0105062,-1,0.731296,-0.754386,-0.174326,0.0803373,0.468713,-0.190413,0.152511,-0.983056,-0.505477,0.155204,3.248,-0.189755,3.24828,-1.84919,-5.20686,-0.330429,-8.6091,-3.83315,-6.12806,
421,0,1,0.00852722,1,0.9656,-0.74941,-0.173218,0.156979,0.229036,-0.154543,0.0819083,-0.971608,-0.109699,-0.414815,3.09873,0.0594035,0.904165,-5.65196,2.77868,-1.54531,3.15227,13.036,-11.5288,
422,0.434613,1,-0.0256812,-1,-0.572526,-0.131864,-0.191038,0.0162077,0.00794603,0.46557,-0.00828031,-0.132636,0.0156915,-0.553826,4.0065,-0.437723,-4.51222,-2.75161,12.9591,-1.20898,18.0736,-8.95574,1.28754,
423,0.585599,-0.406049,-0.0369965,-1,-0.979011,0.0822862,-0.204715,-0.139896,0.070075,0.670941,-0.0530605,0.0824727,-0.157507,-0.199386,3.25434,-0.125453,-2.44745,3.06384,-0.639639,-0.369683,-4.10711,-0.499676,9.09483,
424,0.253707,-0.413645,-0.0143104,-1,-0.934417,-0.410329,-0.1838,-0.0956244,0.435239,0.259371,0.105142,-0.436007,-0.298926,0.226799,3.38012,0.397749,2.38951,6.62289,-11.8234,3.12905,-12.7474,-4.08327,6.46701,
425,0,-0.411856,0.00955612,-1,0.738904,-0.760629,-0.178326,0.067398,0.491085,-0.173192,0.171438,-0.997706,-0.498034,0.141571,3.21609,-0.0264447,3.22037,-1.93769,-5.3273,-0.722982,-8.07995,-3.54237,-6.18864,
426,0,1,0.00850191,1,0.962524,-0.749679,-0.168412,0.147145,0.236287,-0.154084,0.081491,-0.972222,-0.0972325,-0.42211,3.01559,0.224461,0.96874,-6.114,2.14622,-1.99181,3.33015,13.0684,-11.3159,
427,0.425614,1,-0.0250725,-1,-0.550614,-0.133251,-0.180567,0.0128771,-0.00205101,0.454528,-0.0156558,-0.134048,0.0411961,-0.551487,4.03015,-0.391513,-4.30222,-3.03611,12.8362,-1.25464,17.9171,-8.26814,1.13349,
428,0.578577,-0.403331,-0.0364117,-1,-0.979214,0.0878186,-0.192733,-0.132461,0.0537337,0.660321,-0.0576469,0.0880454,-0.121859,-0.199059,3.29844,-0.0978699,-2.23071,3.07661,-0.565763,-0.27976,-3.81464,-0.570014,9.11656,
429,0.231126,-0.413744,-0.0129869,-1,-0.938187,-0.394174,-0.171798,-0.0853276,0.407951,0.235379,0.0730971,-0.416732,-0.282349,0.233022,3.38989,0.401432,2.44094,6.81014,-11.7832,3.13102,-12.6068,-4.58109,6.59348,
430,0,-0.411878,0.0105486,-1,0.730218,-0.755823,-0.16916,0.0754462,0.466694,-0.191181,0.151282,-0.9864,-0.500043,0.153467,3.2135,-0.12023,3.12311,-1.89939,-5.06375,-0.328797,-8.39862,-3.77314,-6.11861,
431,0,1,0.00859325,1,0.965044,-0.748905,-0.164891,0.146548,0.22493,-0.15574,0.0798018,-0.970457,-0.106229,-0.414752,3.05202,0.114741,0.780704,-5.74379,2.50991,-1.67363,3.22071,12.9571,-11.4913,
432,0.434953,1,-0.0257043,-1,-0.570163,-0.135576,-0.181102,0.00551209,0.00841637,0.46599,-0.00770625,-0.136416,0.0413767,-0.551916,4.06524,-0.464534,-4.37585,-2.61583,12.9108,-1.17083,17.8099,-7.86043,1.27068,
433,0.585332,-0.402979,-0.0369742,-1,-0.979553,0.0841492,-0.197114,-0.140598,0.0724237,0.670536,-0.0518299,0.0843487,-0.122067,-0.195018,3.30774,-0.18171,-2.21588,3.02385,-0.640136,-0.376744,-3.7836,-0.769279,9.15877,
434,0.248244,-0.413707,-0.0139887,-1,-0.935125,-0.396213,-0.179553,-0.0905315,0.421342,0.25354,0.0814474,-0.419149,-0.288584,0.234008,3.41379,0.349544,2.534,6.73804,-11.7367,3.30359,-12.6124,-4.63786,6.48332,
435,0,-0.411841,0.0101186,-1,0.738275,-0.757205,-0.178151,0.0766476,0.480243,-0.183387,0.161426,-0.989632,-0.503659,0.149443,3.23802,-0.129707,3.26937,-1.8609,-5.33101,-0.400319,-8.40188,-3.67414,-6.19132,
436,0,1,0.00852885,1,0.964472,-0.749692,-0.173723,0.156091,0.233885,-0.154573,0.084076,-0.972252,-0.102893,-0.419096,3.06756,0.122608,0.966215,-5.8369,2.62725,-1.6987,3.22262,13.1066,-11.4478,
437,0.431092,1,-0.0254424,-1,-0.552929,-0.131111,-0.189144,0.0181484,0.00347309,0.461238,-0.0112954,-0.13187,0.0192934,-0.550412,3.98891,-0.398909,-4.46644,-2.92003,12.9304,-1.27025,18.0928,-9.05758,1.14951,
438,0.582953,-0.405968,-0.0367753,-1,-0.978331,0.0837225,-0.200783,-0.136802,0.0625988,0.666923,-0.0558504,0.0839189,-0.150434,-0.201628,3.24841,-0.0817744,-2.43585,3.09074,-0.615258,-0.332742,-4.09463,-0.365449,9.01646,
439,0.246635,-0.413689,-0.0138942,-1,-0.936137,-0.4069,-0.177982,-0.0942431,0.425768,0.251827,0.0932237,-0.43189,-0.291677,0.225311,3.37171,0.434232,2.35917,6.753,-11.8824,3.20682,-12.7046,-4.16361,6.52578,
440,0,-0.411879,0.00992304,-1,0.731196,-0.759254,-0.17178,0.0658544,0.484263,-0.179842,0.165634,-0.994452,-0.496705,0.144183,3.20233,-0.0245975,3.14728,-1.90993,-5.21886,-0.562036,-8.14121,-3.6551,-6.11387,
441,0,1,0.00855739,1,0.962924,-0.749213,-0.162242,0.140822,0.232481,-0.15509,0.081103,-0.97116,-0.101789,-0.418638,3.00897,0.218338,0.872515,-5.99158,2.37229,-1.85538,3.31353,12.9461,-11.3439,
442,0.426697,1,-0.0251455,-1,-0.551506,-0.136959,-0.175328,0.00376425,-0.000382383,0.455851,-0.0142447,-0.137825,0.0525639,-0.54775,4.07114,-0.442629,-4.27474,-2.90492,12.824,-1.24207,17.7113,-7.5273,1.13965,
443,0.579309,-0.401152,-0.0364723,-1,-0.979086,0.0858665,-0.190755,-0.138254,0.0577747,0.661422,-0.0564627,0.0860785,-0.102468,-0.195452,3.33531,-0.171938,-2.14161,3.05229,-0.56867,-0.293983,-3.63279,-0.713259,9.10208,
444,0.235195,-0.413767,-0.0132243,-1,-0.936819,-0.388248,-0.173156,-0.0862018,0.409109,0.239682,0.073898,-0.409736,-0.278325,0.234711,3.41725,0.340251,2.54198,6.75945,-11.7623,3.14874,-12.5082,-4.90335,6.53999,
445,0,-0.411848,0.0105058,-1,0.730299,-0.754539,-0.173465,0.0797649,0.467673,-0.190406,0.152105,-0.983412,-0.504576,0.154248,3.23839,-0.179987,3.22628,-1.87203,-5.15746,-0.340574,-8.56392,-3.82636,-6.11863,
446,0,1,0.00853093,1,0.96531,-0.749266,-0.171939,0.155486,0.227653,-0.15461,0.081207,-0.971279,-0.109403,-0.414784,3.0882,0.066085,0.882849,-5.66241,2.71261,-1.56927,3.16153,13.0167,-11.5088,
447,0.434264,1,-0.0256575,-1,-0.573149,-0.132258,-0.189634,0.0144378,0.00758446,0.46514,-0.00842661,-0.133037,0.0194858,-0.553724,4.01275,-0.444574,-4.49759,-2.72281,12.9485,-1.19826,18.0328,-8.78193,1.29201,
448,0.585368,-0.405674,-0.0369772,-1,-0.979152,0.0826397,-0.203813,-0.140475,0.0703356,0.67059,-0.0528249,0.0828286,-0.152316,-0.198527,3.2588,-0.1372,-2.41879,3.06244,-0.632143,-0.366053,-4.061,-0.546333,9.11128,
449,0.252944,-0.413652,-0.0142654,-1,-0.934452,-0.408368,-0.183378,-0.0949281,0.433667,0.258556,0.10347,-0.433651,-0.297718,0.228089,3.38405,0.388114,2.41205,6.6267,-11.8059,3.16148,-12.7291,-4.16529,6.4671,
450,0,-0.411853,0.00961644,-1,0.739379,-0.76018,-0.178571,0.0688492,0.489569,-0.174285,0.170584,-0.996641,-0.499006,0.142689,3.21924,-0.0423485,3.23127,-1.92695,-5.3198,-0.701357,-8.12541,-3.55748,-6.19499,
451,0,1,0.0085185,1,0.962817,-0.749693,-0.169485,0.14873,0.235833,-0.154385,0.0813674,-0.972254,-0.0978169,-0.421869,3.02139,0.207968,0.968423,-6.09642,2.14799,-1.98958,3.31565,13.086,-11.3354,
452,0.426929,1,-0.0251611,-1,-0.551215,-0.132833,-0.182031,0.014245,-0.000875253,0.456135,-0.0149015,-0.133623,0.037507,-0.55171,4.02227,-0.388474,-4.32116,-3.01058,12.8577,-1.24488,17.9495,-8.41909,1.13764,
453,0.579582,-0.403857,-0.036495,-1,-0.979112,0.087177,-0.193857,-0.13219,0.0556208,0.661834,-0.0570849,0.0873989,-0.127132,-0.199679,3.28885,-0.0896509,-2.25443,3.07886,-0.578617,-0.288978,-3.86427,-0.539176,9.10486,
454,0.23265,-0.413734,-0.0130757,-1,-0.937971,-0.396339,-0.172515,-0.0860336,0.409865,0.236989,0.0742009,-0.419298,-0.28401,0.231823,3.38573,0.410508,2.42612,6.81036,-11.7833,3.14777,-12.6229,-4.50341,6.58623,
455,0,-0.41188,0.0104896,-1,0.730258,-0.756307,-0.169217,0.0742714,0.468503,-0.190112,0.152528,-0.98753,-0.499297,0.152096,3.20985,-0.104229,3.11723,-1.90367,-5.07726,-0.335547,-8.34837,-3.75056,-6.11751,
456,0,1,0.00860606,1,0.96471,-0.748887,-0.164142,0.145432,0.225402,-0.155972,0.0800099,-0.970416,-0.105319,-0.415231,3.04352,0.129677,0.781941,-5.78178,2.4703,-1.70412,3.23537,12.9523,-11.4677,
457,0.434377,1,-0.0256652,-1,-0.567698,-0.135901,-0.179846,0.00490009,0.00765136,0.465279,-0.00812648,-0.136747,0.0440142,-0.55129,4.06864,-0.461629,-4.35415,-2.63295,12.9035,-1.17867,17.7838,-7.76864,1.25313,
458,0.584878,-0.402612,-0.0369362,-1,-0.979515,0.084373,-0.195798,-0.139996,0.0713408,0.669846,-0.0522008,0.0845741,-0.118016,-0.194878,3.31304,-0.181043,-2.19024,3.02565,-0.635896,-0.371789,-3.75135,-0.776971,9.15405,
459,0.245099,-0.413717,-0.013804,-1,-0.935341,-0.394703,-0.178523,-0.08945,0.419912,0.250192,0.0811228,-0.417359,-0.286903,0.234378,3.41189,0.341425,2.53635,6.71063,-11.7468,3.25084,-12.5931,-4.69488,6.49054,
460,0,-0.41184,0.0101692,-1,0.7373,-0.756753,-0.177665,0.0777078,0.477475,-0.184304,0.159637,-0.988573,-0.504086,0.150304,3.2371,-0.142801,3.26622,-1.87838,-5.27774,-0.401423,-8.43365,-3.6995,-6.18337,
461,0,1,0.00848838,1,0.964655,-0.74962,-0.173923,0.156712,0.232469,-0.153839,0.0835082,-0.972087,-0.104024,-0.418512,3.07421,0.110556,0.959368,-5.77701,2.68438,-1.64666,3.21163,13.0959,-11.461,
462,0.432159,1,-0.0255147,-1,-0.554211,-0.131111,-0.189704,0.0184164,0.0047308,0.462549,-0.0104767,-0.13187,0.0174145,-0.550374,3.98764,-0.401039,-4.47517,-2.87466,12.9296,-1.25403,18.0946,-9.09374,1.15842,
463,0.583646,-0.406138,-0.0368332,-1,-0.978275,0.0829766,-0.2014,-0.136893,0.0646993,0.667975,-0.0551039,0.0831679,-0.152768,-0.201646,3.24427,-0.0830417,-2.44233,3.08508,-0.622579,-0.342619,-4.11605,-0.359929,9.01037,
464,0.248293,-0.413683,-0.0139916,-1,-0.935791,-0.408008,-0.178669,-0.0946944,0.426957,0.253593,0.0934333,-0.433219,-0.292675,0.224703,3.37136,0.435354,2.35849,6.75602,-11.868,3.23223,-12.7071,-4.13353,6.51325,
465,0,-0.411877,0.00987992,-1,0.731482,-0.759465,-0.172259,0.0654897,0.485563,-0.179061,0.166407,-0.994949,-0.496532,0.143218,3.20214,-0.0186692,3.15088,-1.90607,-5.2441,-0.557552,-8.11584,-3.64,-6.1157,
466,0,1,0.00852783,1,0.962696,-0.749239,-0.162389,0.140934,0.233375,-0.154554,0.0818866,-0.971217,-0.101249,-0.419056,3.00859,0.226309,0.88835,-5.98039,2.43936,-1.82489,3.31491,12.9454,-11.3285,
467,0.425769,1,-0.025083,-1,-0.550023,-0.136863,-0.1753,0.0040859,-0.00112998,0.454718,-0.0147342,-0.137727,0.0524878,-0.547477,4.06743,-0.440151,-4.2761,-2.93875,12.8116,-1.26132,17.7179,-7.55129,1.12941,
468,0.578626,-0.40117,-0.0364157,-1,-0.979028,0.0860623,-0.190616,-0.138294,0.0562059,0.660395,-0.0571122,0.0862757,-0.10235,-0.195651,3.33356,-0.169576,-2.15158,3.05273,-0.56003,-0.288305,-3.63414,-0.696856,9.09519,
469,0.235394,-0.413769,-0.0132358,-1,-0.936956,-0.388113,-0.172729,-0.0863888,0.408101,0.239892,0.0727405,-0.409576,-0.277875,0.234532,3.41712,0.346339,2.53989,6.77984,-11.7577,3.15982,-12.5075,-4.90279,6.54463,
470,0,-0.411851,0.0105325,-1,0.729691,-0.754451,-0.172827,0.0793131,0.467484,-0.19089,0.151668,-0.983208,-0.504376,0.154394,3.2378,-0.176841,3.21951,-1.86116,-5.17069,-0.327952,-8.56492,-3.83294,-6.11252,
471,0,1,0.00854763,1,0.965321,-0.749239,-0.171189,0.154649,0.227668,-0.154913,0.081256,-0.971218,-0.109649,-0.414512,3.08669,0.0682192,0.875001,-5.66,2.72861,-1.56088,3.15993,13.0064,-11.5096,
472,0.434154,1,-0.02565,-1,-0.574696,-0.132699,-0.188915,0.0134518,0.00760802,0.465004,-0.00838511,-0.133486,0.0214349,-0.553921,4.01835,-0.45021,-4.49027,-2.71915,12.948,-1.19956,18.011,-8.68405,1.3031,
473,0.585307,-0.405418,-0.0369721,-1,-0.979265,0.0828096,-0.203483,-0.140823,0.0702874,0.670497,-0.052831,0.0829997,-0.149907,-0.197982,3.26443,-0.145943,-2.40315,3.05761,-0.631085,-0.367002,-4.03104,-0.5805,9.12447,
474,0.252833,-0.413654,-0.0142589,-1,-0.934419,-0.407349,-0.183442,-0.0945734,0.433211,0.258437,0.103106,-0.432428,-0.297451,0.228883,3.38808,0.380468,2.42461,6.62339,-11.8062,3.16091,-12.7219,-4.20368,6.46548,
475,0,-0.411851,0.00963201,-1,0.739913,-0.759984,-0.179067,0.069737,0.489157,-0.174567,0.170308,-0.996178,-0.499558,0.143253,3.22299,-0.0518415,3.24071,-1.92236,-5.32093,-0.696936,-8.14999,-3.5592,-6.20101,
476,0,1,0.00851598,1,0.962976,-0.749732,-0.17044,0.149944,0.235895,-0.154339,0.0814025,-0.972343,-0.0979294,-0.42184,3.02696,0.199214,0.974733,-6.08638,2.15738,-1.98334,3.30764,13.0986,-11.3458,
477,0.427473,1,-0.0251978,-1,-0.551978,-0.13238,-0.183183,0.0154335,-0.000383498,0.4568,-0.0145953,-0.133161,0.0347988,-0.552132,4.01677,-0.384756,-4.33495,-3.00773,12.8671,-1.24242,17.9801,-8.54228,1.14292,
478,0.579986,-0.404231,-0.0365285,-1,-0.979086,0.0870036,-0.194693,-0.13191,0.056245,0.662442,-0.056913,0.0872241,-0.131251,-0.200148,3.28274,-0.0821668,-2.27514,3.08073,-0.584545,-0.293161,-3.90128,-0.517028,9.1019,
479,0.233764,-0.413727,-0.0131407,-1,-0.937915,-0.397859,-0.172914,-0.0865243,0.410843,0.238167,0.0746225,-0.421103,-0.285273,0.231175,3.38391,0.419832,2.41407,6.82093,-11.7823,3.1653,-12.6395,-4.44094,6.58472,
480,0,-0.411882,0.01046,-1,0.730481,-0.756667,-0.169045,0.073298,0.469753,-0.189575,0.153278,-0.988372,-0.498628,0.151323,3.20822,-0.0912416,3.10942,-1.9028,-5.0908,-0.337043,-8.3118,-3.73276,-6.11877,
481,0,1,0.00861129,1,0.964527,-0.748873,-0.163326,0.14431,0.225827,-0.156067,0.0802592,-0.970385,-0.104528,-0.415542,3.03881,0.142066,0.780315,-5.80018,2.46885,-1.71163,3.24632,12.9467,-11.4549,
482,0.433397,1,-0.0255986,-1,-0.565835,-0.136143,-0.178741,0.00383218,0.00667292,0.464071,-0.00872267,-0.136993,0.0469033,-0.550776,4.07445,-0.463724,-4.34274,-2.65434,12.8924,-1.18902,17.7628,-7.66434,1.23991,
483,0.584179,-0.402199,-0.0368777,-1,-0.979525,0.0848921,-0.194918,-0.14042,0.0699034,0.668783,-0.052689,0.085097,-0.113705,-0.194551,3.32025,-0.186389,-2.17633,3.02706,-0.626504,-0.364122,-3.71629,-0.790032,9.15511,
484,0.244246,-0.413727,-0.013754,-1,-0.935557,-0.393022,-0.177877,-0.0892112,0.418574,0.249285,0.0802205,-0.415369,-0.285296,0.235054,3.41525,0.336164,2.5472,6.71301,-11.7465,3.2421,-12.5801,-4.75814,6.49787,
485,0,-0.411839,0.010213,-1,0.736859,-0.756393,-0.17744,0.0783184,0.476292,-0.185098,0.158731,-0.98773,-0.504649,0.151319,3.24013,-0.153298,3.27119,-1.87373,-5.27312,-0.395093,-8.47427,-3.72316,-6.17973,
486,0,1,0.0084894,1,0.964899,-0.749631,-0.174234,0.157265,0.232155,-0.153858,0.083316,-0.972112,-0.104999,-0.418052,3.08011,0.100552,0.957482,-5.75365,2.71146,-1.62634,3.20209,13.0955,-11.4781,
487,0.432765,1,-0.0255557,-1,-0.555657,-0.131099,-0.190335,0.0187258,0.00541532,0.463294,-0.0100534,-0.131858,0.015771,-0.550611,3.98718,-0.403259,-4.48468,-2.85911,12.9375,-1.24686,18.103,-9.13561,1.16847,
488,0.584104,-0.406269,-0.0368714,-1,-0.978268,0.082573,-0.202094,-0.13706,0.0656903,0.668669,-0.0547577,0.0827615,-0.155042,-0.201724,3.24283,-0.0841202,-2.45185,3.08321,-0.628051,-0.348027,-4.133,-0.355962,9.00969,
489,0.248141,-0.413676,-0.0139827,-1,-0.935563,-0.409101,-0.179473,-0.094914,0.429108,0.253431,0.0972961,-0.434531,-0.293784,0.224271,3.36908,0.429977,2.3506,6.72098,-11.8712,3.2063,-12.7144,-4.10003,6.5061,
490,0,-0.411875,0.00979808,-1,0.732007,-0.7598,-0.173118,0.0653066,0.486646,-0.177578,0.168179,-0.995741,-0.496419,0.142441,3.20034,-0.0168229,3.15637,-1.92791,-5.22865,-0.615702,-8.09534,-3.62515,-6.1202,
491,0,1,0.00846185,1,0.962541,-0.74929,-0.163036,0.141369,0.233826,-0.153358,0.0818141,-0.971334,-0.100773,-0.419563,3.0081,0.231825,0.905353,-5.98146,2.43951,-1.83586,3.32219,12.9493,-11.3181,
492,0.425454,1,-0.0250618,-1,-0.548269,-0.136589,-0.175664,0.00507372,-0.00142831,0.454333,-0.0152895,-0.137448,0.0511668,-0.547282,4.06119,-0.431864,-4.2738,-2.95864,12.7937,-1.2617,17.7318,-7.62786,1.11733,
493,0.578201,-0.401413,-0.0363805,-1,-0.978928,0.0859792,-0.190518,-0.137534,0.0553982,0.659755,-0.0573773,0.086192,-0.103874,-0.196156,3.32846,-0.159746,-2.1598,3.05317,-0.558033,-0.280847,-3.65272,-0.666165,9.08352,
494,0.234294,-0.41377,-0.0131716,-1,-0.937075,-0.388681,-0.172226,-0.0861827,0.40747,0.238728,0.0724702,-0.410245,-0.277775,0.233915,3.41239,0.353429,2.5273,6.78154,-11.7577,3.14958,-12.5087,-4.87602,6.54885,
495,0,-0.411854,0.0105488,-1,0.728841,-0.754455,-0.172018,0.078811,0.466731,-0.191185,0.151196,-0.983217,-0.503847,0.154147,3.23329,-0.171123,3.20475,-1.86621,-5.15135,-0.326613,-8.54701,-3.83553,-6.10441,
496,0,1,0.00855903,1,0.965218,-0.749156,-0.170153,0.153443,0.226949,-0.15512,0.080893,-0.971028,-0.10972,-0.414294,3.08133,0.0718267,0.858947,-5.66343,2.6998,-1.57024,3.16333,12.9912,-11.5026,
497,0.434137,1,-0.0256488,-1,-0.576131,-0.133184,-0.187832,0.0120691,0.00767259,0.464983,-0.00830181,-0.13398,0.0243024,-0.554039,4.02517,-0.4563,-4.47727,-2.69829,12.9439,-1.19296,17.9775,-8.54475,1.31342,
498,0.585295,-0.405073,-0.036971,-1,-0.9794,0.0829914,-0.202839,-0.141134,0.0706734,0.670478,-0.0526189,0.0831827,-0.146203,-0.197255,3.27022,-0.156083,-2.37741,3.0526,-0.629227,-0.367643,-3.99211,-0.624856,9.14041,
499,0.25231,-0.413658,-0.014228,-1,-0.934397,-0.405838,-0.183268,-0.0938961,0.432012,0.257878,0.10172,-0.430618,-0.296809,0.22994,3.39314,0.371621,2.44229,6.60934,-11.8119,3.15544,-12.7073,-4.26209,6.46375,
500,0,-0.411848,0.00967233,-1,0.740396,-0.759607,-0.17944,0.0710686,0.487908,-0.175298,0.169421,-0.995285,-0.500317,0.144082,3.22823,-0.0646311,3.2506,-1.91484,-5.31948,-0.678907,-8.18322,-3.56552,-6.20724,
501,0,1,0.00851853,1,0.963189,-0.749743,-0.171478,0.151495,0.235591,-0.154386,0.0814143,-0.972368,-0.0982123,-0.421675,3.0358,0.186649,0.979267,-6.05724,2.19546,-1.95763,3.29392,13.112,-11.3601,
502,0.427987,1,-0.0252325,-1,-0.552599,-0.131768,-0.184587,0.0166363,0.000105211,0.45743,-0.014249,-0.132539,0.0314941,-0.552381,4.0113,-0.382836,-4.35847,-2.99847,12.8799,-1.23931,18.0187,-8.68572,1.14722,
503,0.580455,-0.404679,-0.0365674,-1,-0.979025,0.0868109,-0.195846,-0.132164,0.0570944,0.663148,-0.0566772,0.08703,-0.136017,-0.20062,3.27587,-0.0758433,-2.30724,3.08497,-0.588465,-0.296938,-3.94758,-0.4866,9.09494,
504,0.236289,-0.413718,-0.0132882,-1,-0.937789,-0.399704,-0.173529,-0.0876888,0.412288,0.24084,0.0750312,-0.423297,-0.286694,0.230345,3.3838,0.432275,2.40284,6.84373,-11.7749,3.2041,-12.6606,-4.37021,6.58074,
505,0,-0.411885,0.0104129,-1,0.730833,-0.757155,-0.16889,0.0717549,0.472054,-0.188722,0.154587,-0.989514,-0.497892,0.150294,3.20811,-0.0736494,3.10455,-1.89308,-5.13116,-0.336961,-8.27048,-3.71319,-6.12048,
506,0,1,0.00861992,1,0.964301,-0.748894,-0.162281,0.142834,0.226956,-0.156223,0.0808785,-0.970432,-0.103637,-0.416005,3.03398,0.159729,0.784798,-5.82351,2.49456,-1.71109,3.26004,12.9409,-11.4389,
507,0.431472,1,-0.0254681,-1,-0.563084,-0.136437,-0.177371,0.00235699,0.0048427,0.461703,-0.0098754,-0.137294,0.0506512,-0.550051,4.0821,-0.468357,-4.33283,-2.70421,12.8758,-1.21114,17.7394,-7.53038,1.22047,
508,0.582872,-0.401615,-0.0367686,-1,-0.979534,0.0857371,-0.193955,-0.141453,0.067018,0.666802,-0.0536867,0.0859481,-0.107929,-0.194149,3.3309,-0.195684,-2.16733,3.03093,-0.607903,-0.349364,-3.66892,-0.801434,9.15583,
509,0.244318,-0.41374,-0.0137582,-1,-0.935897,-0.390676,-0.177085,-0.0893137,0.416411,0.249361,0.0782082,-0.412597,-0.283033,0.235965,3.42327,0.332949,2.565,6.74257,-11.7407,3.25791,-12.564,-4.84305,6.50938,
510,0,-0.411837,0.0102803,-1,0.7362,-0.755909,-0.177069,0.0787886,0.475487,-0.186318,0.157812,-0.9866,-0.505348,0.152772,3.24652,-0.164925,3.27902,-1.85162,-5.29483,-0.376168,-8.53212,-3.75605,-6.17348,
511,0,1,0.00851545,1,0.965242,-0.749673,-0.17447,0.157707,0.232333,-0.15433,0.0833173,-0.972209,-0.106318,-0.417364,3.08773,0.0889784,0.955032,-5.73858,2.74464,-1.60928,3.18869,13.0944,-11.5021,
512,0.433398,1,-0.0255987,-1,-0.558426,-0.131232,-0.190977,0.0188798,0.00613472,0.464073,-0.00960677,-0.131993,0.0142929,-0.5512,3.98919,-0.40782,-4.49434,-2.85142,12.9521,-1.24286,18.1102,-9.16147,1.1878,
513,0.584615,-0.406344,-0.0369142,-1,-0.978334,0.0822624,-0.202937,-0.13732,0.066515,0.669446,-0.0544898,0.0824487,-0.157345,-0.201665,3.2445,-0.0880276,-2.45943,3.08021,-0.635509,-0.354456,-4.1432,-0.364219,9.01716,
514,0.248482,-0.413667,-0.0140027,-1,-0.935313,-0.410091,-0.180523,-0.0950224,0.43134,0.253794,0.101154,-0.43572,-0.29521,0.224116,3.37079,0.423753,2.34861,6.71078,-11.821,3.21233,-12.722,-4.06846,6.49817,
515,0,-0.411873,0.00971517,-1,0.73293,-0.760123,-0.174286,0.0653987,0.487881,-0.176075,0.169814,-0.996506,-0.496392,0.141782,3.20151,-0.0162256,3.16497,-1.94629,-5.22332,-0.672273,-8.07627,-3.60445,-6.12872,
516,0,1,0.00846984,1,0.962384,-0.749352,-0.164083,0.142153,0.234022,-0.153503,0.0812095,-0.971475,-0.0999796,-0.420112,3.00493,0.231654,0.912293,-6.04887,2.26632,-1.93314,3.33078,12.9697,-11.3078,
517,0.425174,1,-0.0250429,-1,-0.547254,-0.135847,-0.176507,0.00624223,-0.00208129,0.45399,-0.0158596,-0.136692,0.0492998,-0.547477,4.05545,-0.422902,-4.27913,-2.97554,12.7985,-1.25208,17.7635,-7.74344,1.11035,
518,0.57806,-0.40182,-0.0363689,-1,-0.978896,0.086285,-0.190784,-0.13695,0.0547356,0.659545,-0.0574364,0.0865,-0.106604,-0.196675,3.32297,-0.146774,-2.17503,3.06432,-0.555505,-0.272394,-3.68472,-0.634285,9.07976,
519,0.233827,-0.413768,-0.0131444,-1,-0.937257,-0.389614,-0.171886,-0.0863505,0.407409,0.238234,0.0724318,-0.411345,-0.278101,0.233536,3.40825,0.364655,2.51241,6.79206,-11.7611,3.14897,-12.5232,-4.83051,6.556,
520,0,-0.411859,0.0105594,-1,0.728691,-0.754672,-0.171142,0.0778782,0.466696,-0.191377,0.151091,-0.98372,-0.503138,0.153947,3.22931,-0.160316,3.18939,-1.87175,-5.14186,-0.327704,-8.52267,-3.83229,-6.10291,
521,0,1,0.00858193,1,0.96516,-0.749096,-0.168784,0.151772,0.226457,-0.155535,0.0805585,-0.970892,-0.109384,-0.414299,3.07487,0.0803419,0.841408,-5.68246,2.66091,-1.5904,3.17449,12.9809,-11.4987,
522,0.434072,1,-0.0256444,-1,-0.575538,-0.133781,-0.18624,0.010368,0.00757378,0.464903,-0.00828736,-0.134588,0.028345,-0.553694,4.03546,-0.461323,-4.45634,-2.68198,12.9393,-1.1876,17.9368,-8.36908,1.30916,
523,0.585213,-0.40459,-0.0369642,-1,-0.979478,0.0833289,-0.201654,-0.1413,0.070829,0.670354,-0.0524798,0.0835226,-0.14045,-0.196587,3.28003,-0.165667,-2.34171,3.04816,-0.628295,-0.367826,-3.93977,-0.664399,9.14969,
524,0.250433,-0.413668,-0.0141175,-1,-0.934502,-0.403705,-0.182945,-0.0934687,0.432016,0.255874,0.102858,-0.428067,-0.29506,0.231087,3.39173,0.352975,2.45364,6.62383,-11.8184,3.17618,-12.6933,-4.35057,6.46773,
525,0,-0.411847,0.00968698,-1,0.74067,-0.759376,-0.18018,0.0721533,0.487537,-0.175564,0.170089,-0.994739,-0.501302,0.145272,3.22413,-0.086801,3.26502,-1.92663,-5.27376,-0.697655,-8.24607,-3.59169,-6.21047,
526,0,1,0.00845046,1,0.96356,-0.749864,-0.173178,0.153071,0.235858,-0.153152,0.081519,-0.972644,-0.0993982,-0.421528,3.0363,0.169486,0.989922,-6.04032,2.20104,-1.96566,3.28714,13.1232,-11.3848,
527,0.429419,1,-0.0253292,-1,-0.553786,-0.131614,-0.186649,0.0184362,0.00155141,0.459184,-0.0137205,-0.132382,0.026537,-0.553033,3.99427,-0.377571,-4.37299,-2.98851,12.8792,-1.23351,18.0442,-8.87524,1.15545,
528,0.581192,-0.405216,-0.0366286,-1,-0.97891,0.0854874,-0.197475,-0.131458,0.0586199,0.66426,-0.0563315,0.0856965,-0.143091,-0.201656,3.25886,-0.0660908,-2.33318,3.08087,-0.605703,-0.304111,-4.00648,-0.450466,9.0818,
529,0.238044,-0.413704,-0.0133907,-1,-0.937507,-0.402566,-0.174579,-0.0879546,0.413787,0.2427,0.0754946,-0.426707,-0.28912,0.228552,3.37565,0.445338,2.38738,6.85288,-11.7731,3.22984,-12.6718,-4.26702,6.57063,
530,0,-0.411885,0.0103658,-1,0.730413,-0.757609,-0.169086,0.0708093,0.473916,-0.187868,0.15579,-0.990578,-0.496919,0.148416,3.19935,-0.0538704,3.09355,-1.892,-5.15194,-0.335193,-8.19798,-3.67773,-6.11459,
531,0,1,0.00863284,1,0.963785,-0.748827,-0.161531,0.141857,0.227475,-0.156457,0.0813325,-0.970279,-0.102365,-0.416414,3.02037,0.177502,0.786585,-5.85278,2.48743,-1.72508,3.27113,12.9295,-11.4035,
532,0.430152,1,-0.0253787,-1,-0.561936,-0.136669,-0.176152,0.00155804,0.00339052,0.460083,-0.010679,-0.137529,0.0536329,-0.549675,4.08059,-0.467921,-4.31939,-2.73406,12.8643,-1.22729,17.7124,-7.43252,1.21238,
533,0.581975,-0.401179,-0.0366938,-1,-0.97957,0.0861605,-0.192831,-0.141555,0.0650648,0.665444,-0.0543823,0.0863747,-0.104006,-0.193745,3.33179,-0.198391,-2.15275,3.03657,-0.594777,-0.338662,-3.63505,-0.823514,9.15986,
534,0.242805,-0.413747,-0.0136694,-1,-0.936063,-0.389149,-0.176098,-0.0888665,0.414497,0.247752,0.0766912,-0.410797,-0.281741,0.236691,3.4207,0.329553,2.5721,6.74003,-11.7401,3.23257,-12.5508,-4.89964,6.5144,
535,0,-0.411835,0.010336,-1,0.7359,-0.755513,-0.176426,0.0793163,0.473603,-0.187328,0.156241,-0.985676,-0.505837,0.153703,3.24421,-0.174259,3.27698,-1.84837,-5.28121,-0.36156,-8.56489,-3.7733,-6.17192,
536,0,1,0.00852363,1,0.965447,-0.749642,-0.174344,0.157818,0.231542,-0.154478,0.0829546,-0.972138,-0.107021,-0.416937,3.08837,0.0788519,0.944887,-5.71168,2.75853,-1.58709,3.1787,13.0953,-11.5169,
537,0.433788,1,-0.0256251,-1,-0.560141,-0.131387,-0.191269,0.0185095,0.00671547,0.464553,-0.0091789,-0.132151,0.0140742,-0.551541,3.98846,-0.415085,-4.50269,-2.82611,12.9587,-1.23346,18.1066,-9.15072,1.19981,
538,0.584997,-0.406357,-0.0369461,-1,-0.97839,0.0819791,-0.203601,-0.137968,0.0675886,0.670026,-0.0540642,0.0821635,-0.157978,-0.201524,3.24202,-0.0958652,-2.46339,3.0773,-0.636455,-0.359286,-4.1451,-0.379423,9.0236,
539,0.250269,-0.413662,-0.0141079,-1,-0.935128,-0.410462,-0.181315,-0.0950898,0.431735,0.2557,0.101067,-0.436167,-0.29609,0.224089,3.37331,0.422502,2.35872,6.66623,-11.8377,3.16861,-12.7213,-4.06245,6.49138,
540,0,-0.411868,0.00968583,-1,0.7334,-0.760112,-0.174982,0.0659004,0.488139,-0.175543,0.169482,-0.996481,-0.496667,0.141413,3.20712,-0.0135242,3.17547,-1.93621,-5.26551,-0.668486,-8.06314,-3.59052,-6.13339,
541,0,1,0.00851586,1,0.962266,-0.749351,-0.164684,0.143215,0.234148,-0.154337,0.081113,-0.971474,-0.0994439,-0.420313,3.00871,0.232353,0.921591,-6.06261,2.23985,-1.93795,3.32667,12.9846,-11.3,
542,0.424951,1,-0.0250279,-1,-0.547371,-0.135231,-0.177003,0.00743356,-0.00248077,0.453719,-0.0158542,-0.136064,0.0477879,-0.547707,4.05327,-0.416424,-4.28764,-2.98542,12.8159,-1.25132,17.7939,-7.83597,1.11116,
543,0.578162,-0.402135,-0.0363773,-1,-0.978898,0.0866682,-0.190837,-0.136363,0.0544124,0.659697,-0.0574471,0.0868862,-0.109096,-0.196911,3.32071,-0.136479,-2.1891,3.07268,-0.551963,-0.272614,-3.71024,-0.616097,9.08004,
544,0.233272,-0.413765,-0.013112,-1,-0.937359,-0.390392,-0.171524,-0.0865895,0.407589,0.237647,0.0726657,-0.412262,-0.278574,0.233427,3.40637,0.372058,2.49607,6.796,-11.7638,3.14249,-12.5391,-4.78834,6.56019,
545,0,-0.411864,0.0105508,-1,0.728967,-0.754904,-0.170395,0.0769139,0.466731,-0.191221,0.151117,-0.984259,-0.502518,0.153799,3.22822,-0.1521,3.17596,-1.87794,-5.12565,-0.329148,-8.50322,-3.82618,-6.10571,
546,0,1,0.00858518,1,0.965135,-0.749067,-0.167634,0.150208,0.226155,-0.155594,0.0803345,-0.970825,-0.108933,-0.414437,3.07192,0.0876822,0.827941,-5.69818,2.62251,-1.61151,3.18476,12.9749,-11.4971,
547,0.43413,1,-0.0256484,-1,-0.573927,-0.134326,-0.184866,0.00892647,0.00768218,0.464975,-0.00824406,-0.135143,0.0317917,-0.553182,4.04641,-0.464675,-4.43509,-2.66879,12.9313,-1.18346,17.9036,-8.22478,1.29758,
548,0.585152,-0.404155,-0.0369591,-1,-0.979493,0.0835883,-0.20058,-0.141284,0.0710201,0.670262,-0.0523628,0.0837838,-0.135276,-0.196183,3.29057,-0.172847,-2.3087,3.04145,-0.629308,-0.368704,-3.89496,-0.688815,9.15147,
549,0.251054,-0.413681,-0.0141541,-1,-0.934715,-0.401388,-0.182236,-0.0929788,0.429317,0.256538,0.0970454,-0.425302,-0.293045,0.23192,3.40122,0.351298,2.47564,6.66643,-11.8658,3.21996,-12.673,-4.43041,6.47375,
550,0,-0.411847,0.00980807,-1,0.739915,-0.758771,-0.179843,0.073245,0.486547,-0.177759,0.168215,-0.993313,-0.501919,0.146559,3.23199,-0.098595,3.27088,-1.89329,-5.29776,-0.6064,-8.2979,-3.61854,-6.20329,
551,0,1,0.00844939,1,0.963871,-0.749857,-0.173516,0.154022,0.236231,-0.153132,0.082769,-0.972628,-0.10053,-0.420785,3.04994,0.159142,0.994544,-5.96246,2.41911,-1.84676,3.2671,13.1113,-11.4056,
552,0.428799,1,-0.0252873,-1,-0.552857,-0.131307,-0.187613,0.0181659,0.00112199,0.458424,-0.0137693,-0.13207,0.024085,-0.551989,3.99266,-0.385861,-4.41315,-3.00688,12.8818,-1.25928,18.0689,-8.94068,1.149,
553,0.580891,-0.405455,-0.0366037,-1,-0.97871,0.0853116,-0.198815,-0.13419,0.0579936,0.663807,-0.0568614,0.0855194,-0.145196,-0.201627,3.25755,-0.0736105,-2.38574,3.08768,-0.598584,-0.302619,-4.03355,-0.40988,9.05882,
554,0.245014,-0.413702,-0.013799,-1,-0.937187,-0.403526,-0.175307,-0.0909722,0.414453,0.250102,0.0733054,-0.427854,-0.289459,0.227642,3.38956,0.465308,2.40156,6.92643,-11.702,3.32314,-12.6809,-4.24343,6.55843,
555,0,-0.411885,0.0103296,-1,0.730252,-0.757869,-0.1687,0.0684891,0.477717,-0.187212,0.156486,-0.991188,-0.496658,0.147406,3.21208,-0.0305247,3.10725,-1.84457,-5.32114,-0.310843,-8.18066,-3.67237,-6.1097,
556,0,1,0.00871272,1,0.963552,-0.748915,-0.160029,0.140352,0.230021,-0.157905,0.0825947,-0.97048,-0.102087,-0.416693,3.02554,0.200249,0.807955,-5.87703,2.60642,-1.67641,3.27405,12.9235,-11.3868,
557,0.427486,1,-0.0251987,-1,-0.560589,-0.137191,-0.174304,0.000300288,0.000864893,0.456816,-0.0119127,-0.138062,0.0577345,-0.549223,4.09743,-0.474413,-4.30648,-2.82115,12.8645,-1.26495,17.6928,-7.27435,1.20291,
558,0.580408,-0.400327,-0.0365635,-1,-0.979654,0.0874179,-0.191513,-0.142197,0.0607177,0.663078,-0.0558411,0.0876416,-0.0978725,-0.19309,3.35432,-0.209823,-2.13983,3.04228,-0.570692,-0.325444,-3.57239,-0.845956,9.16929,
559,0.24205,-0.413761,-0.0136252,-1,-0.936488,-0.386215,-0.175075,-0.0885416,0.411685,0.246951,0.074382,-0.407343,-0.279389,0.238138,3.43838,0.322858,2.58767,6.78358,-11.7397,3.2453,-12.5351,-4.98579,6.52888,
560,0,-0.411836,0.0104164,-1,0.735472,-0.754907,-0.176073,0.0800674,0.472432,-0.188784,0.155086,-0.984268,-0.506422,0.155665,3.25955,-0.191571,3.2822,-1.82408,-5.28386,-0.336651,-8.63479,-3.80556,-6.16842,
561,0,1,0.00852639,1,0.965905,-0.749701,-0.174862,0.158408,0.23178,-0.154528,0.0830694,-0.972272,-0.108272,-0.416108,3.10638,0.0624687,0.940593,-5.68662,2.79686,-1.56463,3.16077,13.0921,-11.5494,
562,0.434734,1,-0.0256894,-1,-0.563776,-0.131294,-0.192327,0.0186963,0.00788847,0.465719,-0.00850726,-0.132057,0.0118836,-0.552362,3.99684,-0.419982,-4.51697,-2.8157,12.9698,-1.22978,18.1293,-9.205,1.22538,
563,0.585615,-0.406492,-0.0369979,-1,-0.978494,0.0819237,-0.204862,-0.138462,0.0687358,0.670966,-0.0537283,0.0821077,-0.161401,-0.201425,3.24905,-0.0996098,-2.47705,3.06958,-0.64853,-0.369506,-4.16358,-0.384783,9.03547,
564,0.252371,-0.413651,-0.0142316,-1,-0.934895,-0.411625,-0.182601,-0.095562,0.433755,0.257944,0.102975,-0.437566,-0.297852,0.224083,3.38294,0.422906,2.36113,6.66749,-11.8184,3.1856,-12.7391,-4.01397,6.48402,
565,0,-0.411866,0.00962598,-1,0.734684,-0.760502,-0.176056,0.0657692,0.490095,-0.174458,0.170829,-0.997404,-0.496423,0.140783,3.21667,-0.00681452,3.18521,-1.9391,-5.30189,-0.694352,-8.03797,-3.56362,-6.14509,
566,0,1,0.00854424,1,0.96213,-0.749428,-0.165369,0.143823,0.234951,-0.154852,0.0811589,-0.971648,-0.0982704,-0.420916,3.01342,0.238202,0.932779,-6.11903,2.14513,-1.99716,3.33575,13.0028,-11.2908,
567,0.425074,1,-0.0250362,-1,-0.547183,-0.134589,-0.177267,0.00878676,-0.00272442,0.453868,-0.015929,-0.135411,0.0469962,-0.548305,4.05638,-0.40474,-4.27924,-3.00577,12.8256,-1.25213,17.8247,-7.91775,1.10987,
568,0.578227,-0.402329,-0.0363828,-1,-0.978969,0.0874143,-0.190407,-0.134687,0.0538623,0.659796,-0.0575842,0.087638,-0.1108,-0.197265,3.32455,-0.12095,-2.18463,3.07709,-0.557283,-0.273429,-3.72637,-0.601691,9.08817,
569,0.22988,-0.413765,-0.0129143,-1,-0.937715,-0.390609,-0.170777,-0.0856752,0.40718,0.234063,0.0733785,-0.412519,-0.278591,0.23372,3.40496,0.37477,2.47425,6.78076,-11.7776,3.10847,-12.5522,-4.75297,6.57404,
570,0,-0.41187,0.0105678,-1,0.729056,-0.754984,-0.169589,0.0767922,0.465083,-0.191529,0.150668,-0.984446,-0.501831,0.15429,3.22753,-0.151347,3.15592,-1.90333,-5.04996,-0.339567,-8.49376,-3.82729,-6.10799,
571,0,1,0.00859971,1,0.965231,-0.748987,-0.166815,0.149004,0.224467,-0.155857,0.0791931,-0.970643,-0.108691,-0.414277,3.07011,0.085327,0.79724,-5.73408,2.46306,-1.69317,3.19514,12.9701,-11.5046,
572,0.437863,1,-0.0259025,-1,-0.573861,-0.135191,-0.183541,0.00880678,0.0110662,0.469584,-0.00610096,-0.136023,0.0335437,-0.553045,4.05873,-0.454504,-4.38302,-2.56952,12.9457,-1.14297,17.8592,-8.13051,1.29717,
573,0.587348,-0.403901,-0.0371434,-1,-0.979456,0.0825555,-0.198718,-0.137754,0.0760574,0.673608,-0.0505656,0.0827439,-0.133029,-0.196117,3.29922,-0.162277,-2.2271,3.01939,-0.671522,-0.398802,-3.86997,-0.722035,9.14775,
574,0.246562,-0.413685,-0.0138899,-1,-0.934653,-0.400347,-0.180828,-0.0894246,0.424505,0.251749,0.0849285,-0.424062,-0.292214,0.231955,3.40801,0.353901,2.49605,6.69742,-11.7577,3.26841,-12.6335,-4.47138,6.4677,
575,0,-0.411846,0.0100233,-1,0.738386,-0.757899,-0.178827,0.0763421,0.480933,-0.18166,0.162734,-0.991261,-0.501951,0.146916,3.2338,-0.112906,3.24774,-1.90638,-5.25797,-0.432055,-8.29536,-3.62175,-6.1919,
576,0,1,0.00846104,1,0.963803,-0.749563,-0.173537,0.155523,0.233124,-0.153344,0.0839798,-0.971957,-0.10084,-0.4199,3.06288,0.138936,0.964675,-5.85458,2.56276,-1.72845,3.24188,13.0899,-11.4023,
577,0.430167,1,-0.0253798,-1,-0.552244,-0.130528,-0.188382,0.0178702,0.00243143,0.460102,-0.0119582,-0.131277,0.0215918,-0.550606,3.99282,-0.3928,-4.45287,-2.92287,12.8988,-1.27462,18.0911,-9.0033,1.14476,
578,0.582063,-0.405837,-0.0367011,-1,-0.978487,0.0848543,-0.199781,-0.136412,0.0614656,0.665577,-0.0562171,0.0850589,-0.147604,-0.201267,3.25123,-0.077315,-2.42323,3.09261,-0.604786,-0.323313,-4.07818,-0.378615,9.0338,
579,0.247106,-0.413697,-0.0139219,-1,-0.936547,-0.405388,-0.176627,-0.0938737,0.421724,0.252329,0.0854686,-0.43008,-0.290296,0.226646,3.37793,0.448819,2.37536,6.82572,-11.8122,3.27542,-12.7045,-4.20648,6.53872,
580,0,-0.411882,0.0100739,-1,0.731485,-0.758831,-0.170129,0.0660452,0.482259,-0.182576,0.162324,-0.993453,-0.496738,0.145657,3.2068,-0.0239454,3.1334,-1.87547,-5.27447,-0.459943,-8.16589,-3.67097,-6.11856,
581,0,1,0.00864119,1,0.963279,-0.74914,-0.160763,0.139769,0.231886,-0.156609,0.0817161,-0.970993,-0.101984,-0.418086,3.01346,0.214053,0.844334,-5.96216,2.4453,-1.79762,3.3038,12.9439,-11.3677,
582,0.426784,1,-0.0251514,-1,-0.552932,-0.137468,-0.174283,0.00163905,-3.88932e-05,0.455958,-0.0134334,-0.138344,0.0562597,-0.547831,4.08626,-0.458689,-4.27749,-2.87923,12.8418,-1.25255,17.6865,-7.35917,1.14952,
583,0.579639,-0.40052,-0.0364997,-1,-0.979251,0.0864404,-0.190653,-0.139957,0.058569,0.661919,-0.0563032,0.0866567,-0.0977564,-0.19456,3.34854,-0.192205,-2.12717,3.04647,-0.567637,-0.305346,-3.58601,-0.766208,9.12144,
584,0.237337,-0.413771,-0.0133494,-1,-0.936804,-0.386418,-0.17382,-0.0867212,0.409671,0.24195,0.0739671,-0.407583,-0.277579,0.236067,3.42873,0.326865,2.5691,6.76335,-11.7574,3.17539,-12.5029,-4.9798,6.53981,
585,0,-0.411841,0.010491,-1,0.731432,-0.754395,-0.174785,0.0806981,0.468835,-0.190137,0.152784,-0.983077,-0.505736,0.15526,3.24945,-0.193289,3.25559,-1.85564,-5.20242,-0.340741,-8.61688,-3.83641,-6.12936,
586,0,1,0.00851557,1,0.965631,-0.749437,-0.173817,0.157686,0.229091,-0.154332,0.0818745,-0.97167,-0.109866,-0.414884,3.10122,0.0569524,0.911438,-5.65025,2.77807,-1.54618,3.15214,13.0411,-11.5309,
587,0.434711,1,-0.0256879,-1,-0.572241,-0.131561,-0.191649,0.0170225,0.00795313,0.465691,-0.00830795,-0.132328,0.013956,-0.553866,4.0027,-0.433862,-4.51859,-2.75557,12.9603,-1.20793,18.0899,-9.03047,1.28551,
588,0.585658,-0.406234,-0.0370015,-1,-0.978956,0.0821103,-0.205056,-0.139601,0.0700999,0.671031,-0.0530573,0.0822956,-0.159785,-0.199727,3.25068,-0.119354,-2.45994,3.06722,-0.640787,-0.369124,-4.13057,-0.478335,9.08852,
589,0.253951,-0.413642,-0.0143247,-1,-0.93439,-0.411243,-0.183879,-0.0959006,0.435742,0.259631,0.105582,-0.437107,-0.29943,0.22627,3.37756,0.403089,2.37953,6.62165,-11.8243,3.11964,-12.7549,-4.04759,6.46638,
590,0,-0.411857,0.00953502,-1,0.738777,-0.760814,-0.17807,0.0667284,0.491542,-0.172809,0.171656,-0.998145,-0.497593,0.141068,3.21401,-0.0187837,3.21378,-1.94142,-5.32963,-0.728118,-8.05765,-3.53603,-6.18689,
591,0,1,0.00849571,1,0.962393,-0.749659,-0.167773,0.146311,0.236369,-0.153972,0.0815361,-0.972177,-0.0969351,-0.422238,3.01264,0.232202,0.967162,-6.11605,2.1565,-1.98618,3.3362,13.0605,-11.3073,
592,0.424929,1,-0.0250264,-1,-0.550304,-0.133486,-0.179781,0.0120578,-0.00263529,0.453692,-0.0160275,-0.134287,0.0433035,-0.551385,4.03447,-0.394464,-4.29352,-3.04567,12.8257,-1.25918,17.8994,-8.18248,1.13135,
593,0.578076,-0.403029,-0.0363702,-1,-0.979274,0.0881684,-0.192198,-0.132741,0.0528582,0.659568,-0.0579047,0.0883979,-0.118894,-0.198715,3.30337,-0.103708,-2.2187,3.07526,-0.558475,-0.274927,-3.78723,-0.588504,9.12355,
594,0.230644,-0.413749,-0.0129588,-1,-0.938299,-0.392984,-0.171517,-0.0850353,0.407034,0.234869,0.0725125,-0.415325,-0.281465,0.233691,3.39231,0.39616,2.45063,6.81064,-11.7818,3.12512,-12.5984,-4.62553,6.5973,
595,0,-0.411876,0.0105761,-1,0.730258,-0.755574,-0.169242,0.0760916,0.465921,-0.19168,0.150704,-0.98582,-0.500508,0.154211,3.21569,-0.128862,3.12839,-1.89503,-5.06325,-0.324923,-8.427,-3.7853,-6.11966,
596,0,1,0.00858297,1,0.965232,-0.748928,-0.1654,0.147276,0.224869,-0.155553,0.0798121,-0.970508,-0.10673,-0.414519,3.05695,0.107153,0.783262,-5.72005,2.54622,-1.64984,3.21252,12.9606,-11.5045,
597,0.434901,1,-0.0257008,-1,-0.571377,-0.135306,-0.18192,0.0058717,0.00850842,0.465925,-0.00769138,-0.136141,0.0397593,-0.552245,4.06222,-0.466763,-4.3926,-2.61696,12.9128,-1.17075,17.8288,-7.92099,1.27934,
598,0.585356,-0.403204,-0.0369762,-1,-0.979572,0.0841309,-0.197999,-0.141258,0.0725006,0.670572,-0.0518124,0.0843303,-0.124475,-0.19512,3.30409,-0.18272,-2.23794,3.02481,-0.638425,-0.376498,-3.80388,-0.760519,9.16105,
599,0.250932,-0.413702,-0.0141469,-1,-0.935028,-0.397073,-0.180138,-0.0914791,0.421874,0.256408,0.080951,-0.420169,-0.289506,0.233795,3.4168,0.358248,2.53544,6.76712,-11.713,3.34281,-12.6247,-4.60455,6.48001,
600,0,-0.411842,0.0100957,-1,0.738802,-0.757452,-0.178234,0.0757789,0.482035,-0.182973,0.162103,-0.99021,-0.50338,0.148984,3.24045,-0.11869,3.27155,-1.84333,-5.39033,-0.393796,-8.38287,-3.65987,-6.19536,
601,0,1,0.00860464,1,0.964356,-0.749729,-0.173279,0.155418,0.234674,-0.155946,0.0841924,-0.972337,-0.102182,-0.419381,3.06221,0.130319,0.963797,-5.90175,2.53205,-1.75754,3.22983,13.1167,-11.4394,
602,0.430318,1,-0.02539,-1,-0.552407,-0.131149,-0.188479,0.0175976,0.0024516,0.460287,-0.0117474,-0.131908,0.0213181,-0.550445,3.99379,-0.399571,-4.45922,-2.9462,12.943,-1.27663,18.0875,-8.99859,1.14589,
603,0.582614,-0.405773,-0.036747,-1,-0.978411,0.0844221,-0.200195,-0.13689,0.0612604,0.66641,-0.0562205,0.0846235,-0.147864,-0.201391,3.25491,-0.0832657,-2.42539,3.0977,-0.60882,-0.327425,-4.07083,-0.379601,9.02527,
604,0.246072,-0.413694,-0.0138611,-1,-0.936391,-0.40566,-0.177442,-0.0939793,0.42454,0.251227,0.0917135,-0.430406,-0.290725,0.226103,3.37599,0.433485,2.36621,6.7716,-11.8831,3.21237,-12.7017,-4.20022,6.53473,
605,0,-0.411881,0.00997516,-1,0.731223,-0.759026,-0.171441,0.0662559,0.483427,-0.180787,0.164698,-0.993913,-0.496968,0.14516,3.20583,-0.0306197,3.1475,-1.90387,-5.21665,-0.543287,-8.16994,-3.66823,-6.11485,
606,0,1,0.00860773,1,0.963159,-0.749214,-0.162245,0.140917,0.231944,-0.156002,0.0806457,-0.97116,-0.102198,-0.418296,3.01116,0.209898,0.859324,-6.01581,2.29899,-1.89414,3.31013,12.9524,-11.3596,
607,0.428776,1,-0.0252857,-1,-0.552636,-0.137206,-0.175323,0.00419627,0.00131717,0.458396,-0.0130152,-0.138077,0.0519212,-0.547991,4.07511,-0.438535,-4.2611,-2.8604,12.8487,-1.22329,17.706,-7.53804,1.14747,
608,0.580706,-0.401224,-0.0365882,-1,-0.979078,0.085286,-0.190459,-0.136701,0.0604576,0.663527,-0.0555476,0.0854937,-0.103658,-0.195546,3.33763,-0.165611,-2.11565,3.04773,-0.592619,-0.311279,-3.63842,-0.722581,9.1015,
609,0.231668,-0.413763,-0.0130184,-1,-0.936672,-0.388765,-0.173279,-0.0849341,0.410385,0.235951,0.0762798,-0.410344,-0.27893,0.234427,3.41286,0.328546,2.5283,6.70498,-11.7775,3.10235,-12.5032,-4.88379,6.53514,
610,0,-0.411848,0.0104652,-1,0.730281,-0.754604,-0.174059,0.0806612,0.466445,-0.18967,0.152647,-0.983563,-0.504461,0.153822,3.23459,-0.187761,3.22256,-1.91199,-5.06051,-0.365161,-8.55109,-3.81857,-6.11947,
611,0,1,0.00853887,1,0.965166,-0.749211,-0.172885,0.156271,0.225904,-0.154754,0.0799355,-0.971153,-0.109155,-0.414945,3.08291,0.0557042,0.869229,-5.72436,2.47128,-1.70041,3.16802,13.0271,-11.4994,
612,0.438725,1,-0.0259613,-1,-0.57265,-0.132389,-0.190053,0.016849,0.0112795,0.47065,-0.00606386,-0.133171,0.0161564,-0.553776,4.00691,-0.421638,-4.45709,-2.62273,12.9766,-1.15173,18.027,-8.91493,1.28849,
613,0.588126,-0.40604,-0.0372088,-1,-0.978942,0.0807367,-0.202798,-0.135449,0.076075,0.674797,-0.0508124,0.0809128,-0.157218,-0.199518,3.24962,-0.106393,-2.36291,3.0505,-0.681554,-0.398383,-4.10588,-0.52541,9.08765,
614,0.251419,-0.413649,-0.0141756,-1,-0.934324,-0.40953,-0.181675,-0.0922652,0.427431,0.256927,0.084575,-0.435046,-0.298181,0.22656,3.38656,0.421355,2.40948,6.78708,-11.7414,3.36479,-12.7048,-4.09832,6.45744,
615,0,-0.411862,0.00990968,-1,0.736911,-0.759611,-0.175903,0.0694796,0.486681,-0.1796,0.165893,-0.995296,-0.497293,0.141788,3.21107,-0.0305682,3.17563,-1.8932,-5.32734,-0.411341,-8.06505,-3.53771,-6.1714,
616,0,1,0.00858776,1,0.962355,-0.74932,-0.166693,0.146468,0.234202,-0.15564,0.0846337,-0.971403,-0.0970488,-0.420922,3.01468,0.209702,0.915035,-6.02612,2.35634,-1.8728,3.30018,13.0297,-11.3058,
617,0.426601,1,-0.025139,-1,-0.547948,-0.133646,-0.179727,0.00963602,-0.00118778,0.455734,-0.0139014,-0.13445,0.0434071,-0.5488,4.03461,-0.413664,-4.33501,-2.96696,12.8581,-1.30759,17.8828,-8.12171,1.11512,
618,0.579494,-0.403104,-0.0364877,-1,-0.978914,0.0872731,-0.193063,-0.136902,0.0564434,0.661701,-0.0577673,0.0874957,-0.117166,-0.197944,3.29893,-0.123203,-2.24872,3.07944,-0.572399,-0.299967,-3.79345,-0.575126,9.08211,
619,0.238015,-0.413751,-0.013389,-1,-0.93749,-0.393348,-0.172629,-0.0887461,0.410186,0.242669,0.0723672,-0.415755,-0.281073,0.232578,3.39731,0.398113,2.47823,6.82718,-11.7592,3.22013,-12.5922,-4.66734,6.56729,
620,0,-0.411869,0.010483,-1,0.730138,-0.755889,-0.169969,0.0741772,0.47072,-0.189992,0.153333,-0.986555,-0.501342,0.152685,3.22034,-0.118028,3.16775,-1.86013,-5.20575,-0.313774,-8.43857,-3.79339,-6.11443,
621,0,1,0.00866896,1,0.964926,-0.749113,-0.165516,0.147351,0.227686,-0.157112,0.0810177,-0.970931,-0.107255,-0.415207,3.05194,0.118714,0.822262,-5.7868,2.55684,-1.67719,3.21816,12.9783,-11.4818,
622,0.432952,1,-0.0255684,-1,-0.568083,-0.135408,-0.181785,0.00682436,0.00616116,0.463524,-0.00905422,-0.136245,0.038935,-0.551663,4.05626,-0.463656,-4.38982,-2.70926,12.9296,-1.2035,17.8369,-7.96881,1.25584,
623,0.584351,-0.403216,-0.0368921,-1,-0.97941,0.0841683,-0.197675,-0.140668,0.0687168,0.669044,-0.053183,0.0843679,-0.124506,-0.195764,3.3051,-0.17786,-2.24927,3.04342,-0.622131,-0.359619,-3.805,-0.717542,9.14137,
624,0.250341,-0.413708,-0.0141121,-1,-0.935317,-0.396826,-0.17936,-0.0911057,0.419748,0.255776,0.0784349,-0.419876,-0.2885,0.233071,3.42082,0.367516,2.53043,6.80652,-11.7053,3.33769,-12.6133,-4.59872,6.48951,
625,0,-0.411847,0.0101608,-1,0.736907,-0.757134,-0.177181,0.0755685,0.480986,-0.184151,0.160409,-0.989465,-0.502863,0.149164,3.24299,-0.115575,3.25687,-1.83248,-5.39776,-0.363996,-8.38076,-3.67487,-6.17625,
626,0,1,0.00863788,1,0.964302,-0.749623,-0.172191,0.154396,0.234095,-0.156549,0.0840518,-0.972094,-0.102844,-0.418602,3.06428,0.130335,0.946073,-5.89433,2.54541,-1.73656,3.22267,13.0889,-11.4359,
627,0.430392,1,-0.025395,-1,-0.553582,-0.131621,-0.187497,0.0160441,0.00257495,0.460378,-0.0113638,-0.13239,0.0232516,-0.549885,4.00466,-0.407452,-4.45601,-2.92636,12.9469,-1.27414,18.0592,-8.86727,1.15403,
628,0.582744,-0.405497,-0.0367579,-1,-0.978441,0.0844586,-0.199721,-0.137905,0.0617973,0.666607,-0.0559929,0.0846603,-0.144643,-0.200498,3.26477,-0.0947705,-2.41036,3.0951,-0.60815,-0.33274,-4.03817,-0.408632,9.02871,
629,0.246349,-0.413698,-0.0138774,-1,-0.936152,-0.404537,-0.177524,-0.0942171,0.424883,0.251522,0.0923622,-0.429062,-0.290093,0.226793,3.38257,0.422408,2.38075,6.75965,-11.8842,3.20929,-12.6912,-4.25218,6.52569,
630,0,-0.411878,0.00996379,-1,0.731802,-0.758868,-0.172062,0.0668367,0.483536,-0.180581,0.164981,-0.993542,-0.497676,0.145483,3.21222,-0.0414569,3.16429,-1.90397,-5.22273,-0.553643,-8.20219,-3.676,-6.12076,
631,0,1,0.00857794,1,0.963289,-0.749294,-0.163338,0.142229,0.232411,-0.155462,0.0808701,-0.971344,-0.102576,-0.418437,3.02062,0.202133,0.876865,-5.99302,2.34942,-1.86827,3.30226,12.9646,-11.3681,
632,0.428223,1,-0.0252484,-1,-0.55208,-0.136524,-0.17673,0.00531656,0.000883702,0.457719,-0.0134287,-0.137382,0.0487,-0.548064,4.0693,-0.437405,-4.28649,-2.88484,12.8468,-1.22963,17.7495,-7.68039,1.14362,
633,0.580385,-0.401757,-0.0365616,-1,-0.978997,0.0854277,-0.191696,-0.137392,0.0596015,0.663043,-0.0558694,0.0856365,-0.107726,-0.196113,3.33204,-0.161048,-2.15711,3.05348,-0.586163,-0.305297,-3.68,-0.676932,9.09203,
634,0.235311,-0.413759,-0.013231,-1,-0.936702,-0.390224,-0.173755,-0.0863469,0.410973,0.239805,0.0755523,-0.412065,-0.279756,0.233652,3.41628,0.346516,2.5233,6.7517,-11.7706,3.15249,-12.5243,-4.82313,6.53676,
635,0,-0.411853,0.0104546,-1,0.730236,-0.75498,-0.173577,0.0789919,0.468809,-0.189477,0.15327,-0.984437,-0.503695,0.153125,3.23777,-0.167738,3.21766,-1.88803,-5.13867,-0.355321,-8.51739,-3.80777,-6.11704,
636,0,1,0.00853222,1,0.965031,-0.749229,-0.171425,0.154599,0.227584,-0.154634,0.081113,-0.971195,-0.108602,-0.415147,3.08403,0.0771177,0.878931,-5.69948,2.64278,-1.61231,3.17667,13.0087,-11.4892,
637,0.434075,1,-0.0256447,-1,-0.571341,-0.132304,-0.18867,0.0139288,0.00716126,0.464907,-0.00865649,-0.133084,0.021484,-0.553249,4.01868,-0.440564,-4.47982,-2.72424,12.9408,-1.19845,18.0166,-8.70853,1.27907,
638,0.585133,-0.40548,-0.0369575,-1,-0.979143,0.0830189,-0.2027,-0.139937,0.0699255,0.670233,-0.0529381,0.0832104,-0.149097,-0.198324,3.26504,-0.134538,-2.39647,3.06348,-0.63142,-0.363232,-4.03778,-0.550606,9.11018,
639,0.250611,-0.413662,-0.014128,-1,-0.934678,-0.406978,-0.182392,-0.0942657,0.432223,0.256065,0.102438,-0.431984,-0.296151,0.228625,3.38544,0.384031,2.41198,6.62928,-11.8301,3.1634,-12.7167,-4.2099,6.47459,
640,0,-0.411856,0.00967442,-1,0.738809,-0.759846,-0.177983,0.0693603,0.487923,-0.175336,0.169919,-0.995851,-0.499205,0.143598,3.21968,-0.0525844,3.22635,-1.93226,-5.27539,-0.690431,-8.15809,-3.58054,-6.19037,
641,0,1,0.00848519,1,0.963047,-0.74966,-0.169423,0.148729,0.235104,-0.153781,0.0812511,-0.972179,-0.0987243,-0.421401,3.02659,0.198932,0.959755,-6.0567,2.2017,-1.96144,3.30837,13.0753,-11.3509,
642,0.427351,1,-0.0251896,-1,-0.550511,-0.132943,-0.182325,0.0136734,-0.000327443,0.456652,-0.0147305,-0.133735,0.0366901,-0.55104,4.02366,-0.393873,-4.333,-2.98879,12.8516,-1.24012,17.9464,-8.41497,1.13278,
643,0.57979,-0.403928,-0.0365122,-1,-0.978989,0.0866978,-0.194428,-0.133375,0.0565874,0.662147,-0.0568404,0.086916,-0.127314,-0.199632,3.28876,-0.0957714,-2.26654,3.07662,-0.581432,-0.289624,-3.87106,-0.5247,9.09067,
644,0.235296,-0.413734,-0.0132301,-1,-0.937721,-0.396714,-0.173113,-0.087086,0.410872,0.239789,0.0744166,-0.419743,-0.28403,0.231243,3.38959,0.412227,2.43493,6.82388,-11.7729,3.18449,-12.62,-4.50627,6.57698,
645,0,-0.411878,0.0104595,-1,0.73003,-0.756415,-0.169634,0.0737619,0.470282,-0.189566,0.153515,-0.987782,-0.499434,0.151461,3.21306,-0.0995386,3.12931,-1.89,-5.12886,-0.33703,-8.34503,-3.75126,-6.11369,
646,0,1,0.00861068,1,0.964573,-0.748944,-0.164298,0.145636,0.226618,-0.156056,0.0806537,-0.970545,-0.10545,-0.415421,3.04499,0.135812,0.800156,-5.78341,2.53427,-1.68098,3.23523,12.9512,-11.4577,
647,0.432401,1,-0.0255311,-1,-0.567184,-0.135588,-0.180062,0.00485969,0.00574159,0.462846,-0.00935375,-0.136428,0.0438129,-0.551211,4.06681,-0.464964,-4.37062,-2.69155,12.8962,-1.20094,17.7991,-7.78382,1.24946,
648,0.583675,-0.40262,-0.0368356,-1,-0.979531,0.0850177,-0.196218,-0.141314,0.0684121,0.668019,-0.0532292,0.0852234,-0.117906,-0.194842,3.31398,-0.185078,-2.21951,3.03676,-0.615383,-0.355215,-3.75199,-0.761444,9.15563,
649,0.248338,-0.413719,-0.0139943,-1,-0.935508,-0.394407,-0.178444,-0.0907542,0.418607,0.253641,0.0785324,-0.417008,-0.286536,0.234628,3.42011,0.354392,2.54432,6.78224,-11.7212,3.31928,-12.6009,-4.6965,6.49599,
650,0,-0.411843,0.0101991,-1,0.73742,-0.756766,-0.177094,0.0765172,0.479277,-0.184846,0.15996,-0.988603,-0.503921,0.150685,3.24277,-0.134246,3.26671,-1.8348,-5.35903,-0.369747,-8.44319,-3.70367,-6.18311,
651,0,1,0.00856809,1,0.964751,-0.749685,-0.172969,0.155447,0.233869,-0.155284,0.0840596,-0.972236,-0.103979,-0.418369,3.07252,0.116795,0.954368,-5.82018,2.6727,-1.6702,3.21163,13.0965,-11.467,
652,0.431596,1,-0.0254765,-1,-0.554002,-0.131704,-0.188678,0.0170993,0.00414171,0.461856,-0.0107535,-0.132474,0.0202217,-0.550143,3.99718,-0.407135,-4.46577,-2.9047,12.9421,-1.26694,18.0738,-8.97511,1.15696,
653,0.583386,-0.405784,-0.0368115,-1,-0.978332,0.0834733,-0.200799,-0.137502,0.0634574,0.667581,-0.0555494,0.083668,-0.148777,-0.201174,3.25623,-0.0922824,-2.42534,3.08451,-0.620645,-0.340682,-4.07244,-0.385335,9.01667,
654,0.247086,-0.413689,-0.0139207,-1,-0.935919,-0.406353,-0.178511,-0.0943217,0.426675,0.252307,0.0945821,-0.431236,-0.291572,0.225502,3.3776,0.423728,2.36989,6.73922,-11.8864,3.20383,-12.6957,-4.19223,6.51798,
655,0,-0.411877,0.00989357,-1,0.73142,-0.75919,-0.17276,0.0664912,0.484835,-0.179308,0.1664,-0.9943,-0.49722,0.144163,3.2077,-0.0328734,3.16337,-1.91403,-5.22387,-0.581535,-8.15938,-3.65597,-6.11569,
656,0,1,0.00849708,1,0.962957,-0.749291,-0.163541,0.142343,0.233236,-0.153997,0.0815794,-0.971336,-0.102043,-0.418773,3.01851,0.214627,0.897269,-5.95818,2.46166,-1.81369,3.30649,12.9509,-11.3457,
657,0.426407,1,-0.0251259,-1,-0.551416,-0.136306,-0.176726,0.00543518,-0.000536278,0.455497,-0.0145552,-0.13716,0.0488354,-0.547934,4.06266,-0.436162,-4.29417,-2.93221,12.8149,-1.252,17.7543,-7.69089,1.13903,
658,0.579007,-0.401743,-0.0364473,-1,-0.979,0.0858373,-0.191704,-0.138133,0.0569868,0.660968,-0.0568407,0.0860491,-0.107411,-0.196089,3.32765,-0.161663,-2.17853,3.05428,-0.566817,-0.290276,-3.6788,-0.666934,9.09209,
659,0.237074,-0.413761,-0.013334,-1,-0.936829,-0.389985,-0.173293,-0.087129,0.409354,0.241672,0.0733398,-0.411783,-0.279404,0.233806,3.41673,0.357724,2.52669,6.79842,-11.7531,3.19148,-12.528,-4.82701,6.54056,
660,0,-0.411855,0.0104929,-1,0.730158,-0.754913,-0.1727,0.0780587,0.469318,-0.190171,0.152871,-0.98428,-0.503561,0.153407,3.23722,-0.161014,3.21177,-1.85651,-5.19196,-0.330745,-8.52134,-3.81127,-6.11581,
661,0,1,0.00856245,1,0.965099,-0.74924,-0.170268,0.153303,0.22836,-0.155182,0.0815646,-0.971219,-0.108628,-0.414974,3.08118,0.0832134,0.873817,-5.69355,2.70973,-1.58415,3.17352,13.0025,-11.4936,
662,0.433428,1,-0.0256007,-1,-0.571786,-0.133037,-0.187545,0.012412,0.00679937,0.46411,-0.00889211,-0.13383,0.0247066,-0.553167,4.02541,-0.449615,-4.47143,-2.74105,12.9393,-1.20973,17.9871,-8.56857,1.28224,
663,0.58474,-0.405056,-0.0369246,-1,-0.979234,0.0833613,-0.202197,-0.140778,0.0689734,0.669635,-0.0532932,0.0835552,-0.144792,-0.197746,3.27324,-0.148338,-2.37988,3.05743,-0.625951,-0.36114,-3.98982,-0.588368,9.12062,
664,0.250955,-0.413667,-0.0141482,-1,-0.934753,-0.405189,-0.182288,-0.0938052,0.430741,0.256432,0.100699,-0.429841,-0.295244,0.229518,3.39416,0.376955,2.4352,6.62108,-11.8252,3.15114,-12.6998,-4.27701,6.47628,
665,0,-0.411853,0.00972019,-1,0.738757,-0.759382,-0.178355,0.0706966,0.486808,-0.176166,0.168636,-0.994753,-0.500055,0.144552,3.22869,-0.0643519,3.23994,-1.91562,-5.2981,-0.6687,-8.1971,-3.59133,-6.19078,
666,0,1,0.00850864,1,0.963269,-0.749671,-0.170432,0.150419,0.234983,-0.154206,0.0812319,-0.972203,-0.0992829,-0.421001,3.03884,0.186922,0.967129,-6.0259,2.25934,-1.92115,3.29179,13.0848,-11.3657,
667,0.427553,1,-0.0252032,-1,-0.550791,-0.132248,-0.183714,0.0148715,-0.000186563,0.456899,-0.014482,-0.133027,0.0329342,-0.55087,4.01989,-0.391959,-4.36271,-2.9884,12.8698,-1.23816,17.9896,-8.56647,1.13471,
668,0.580158,-0.404428,-0.0365427,-1,-0.978867,0.0865384,-0.195554,-0.134028,0.0570411,0.662701,-0.0566863,0.0867554,-0.132269,-0.199996,3.28403,-0.0890801,-2.30699,3.085,-0.581561,-0.292171,-3.92106,-0.483846,9.0767,
669,0.238439,-0.413727,-0.0134138,-1,-0.937523,-0.398636,-0.173582,-0.0888081,0.412339,0.243118,0.0746281,-0.422026,-0.285305,0.230273,3.39258,0.427363,2.42215,6.86138,-11.7619,3.23909,-12.6423,-4.43228,6.57019,
670,0,-0.411882,0.0104069,-1,0.730309,-0.756946,-0.169212,0.0716062,0.473187,-0.188614,0.155201,-0.989025,-0.498572,0.150285,3.2154,-0.079381,3.12407,-1.87294,-5.17918,-0.33278,-8.30422,-3.73381,-6.11412,
671,0,1,0.00864776,1,0.964308,-0.74898,-0.162859,0.143523,0.227986,-0.156728,0.0812213,-0.970628,-0.104579,-0.415922,3.03928,0.154908,0.800886,-5.8364,2.50879,-1.71556,3.25132,12.9455,-11.4389,
672,0.431398,1,-0.0254631,-1,-0.564035,-0.136334,-0.17809,0.00330873,0.00466136,0.461613,-0.0100241,-0.137188,0.0483562,-0.550359,4.07965,-0.466774,-4.34003,-2.72924,12.8888,-1.21744,17.7586,-7.60961,1.22717,
673,0.582927,-0.401872,-0.0367732,-1,-0.979512,0.085548,-0.19452,-0.141079,0.0664286,0.666885,-0.0539256,0.0857576,-0.110931,-0.194461,3.33026,-0.191719,-2.18099,3.03517,-0.609309,-0.348148,-3.68957,-0.781851,9.15311,
674,0.244907,-0.413735,-0.0137927,-1,-0.935853,-0.391617,-0.177348,-0.0893904,0.416584,0.249988,0.0779874,-0.413708,-0.28387,0.235484,3.426,0.339212,2.55701,6.76472,-11.7433,3.27657,-12.5715,-4.79666,6.50781,
675,0,-0.411841,0.0102748,-1,0.736143,-0.756066,-0.177005,0.078303,0.476328,-0.186219,0.158291,-0.986968,-0.504764,0.152276,3.24808,-0.157818,3.27194,-1.84653,-5.30079,-0.369775,-8.5079,-3.74313,-6.17218,
676,0,1,0.00851872,1,0.965107,-0.749659,-0.174062,0.157066,0.232697,-0.154389,0.0835945,-0.972175,-0.105768,-0.417456,3.08698,0.0954423,0.952781,-5.75321,2.74103,-1.61839,3.19246,13.0866,-11.4924,
677,0.43317,1,-0.0255832,-1,-0.558101,-0.131356,-0.190373,0.0183318,0.00587308,0.463792,-0.00975451,-0.132119,0.015807,-0.551051,3.9941,-0.40776,-4.48591,-2.8606,12.9469,-1.24957,18.1008,-9.10464,1.18552,
678,0.584377,-0.406188,-0.0368943,-1,-0.97837,0.0826416,-0.202391,-0.137345,0.0659841,0.669085,-0.0547174,0.0828305,-0.155218,-0.201394,3.25,-0.0895702,-2.44804,3.07854,-0.635122,-0.353294,-4.12301,-0.375542,9.02119,
679,0.248001,-0.413672,-0.0139745,-1,-0.935438,-0.409082,-0.18006,-0.0947948,0.430283,0.253282,0.0996393,-0.434509,-0.2944,0.224668,3.37445,0.422678,2.3548,6.72073,-11.8356,3.21901,-12.7172,-4.09939,6.50218,
680,0,-0.411874,0.00976111,-1,0.732856,-0.75991,-0.174007,0.0657659,0.48718,-0.176907,0.169157,-0.996003,-0.496606,0.142452,3.20455,-0.0216335,3.16555,-1.94046,-5.22003,-0.652219,-8.09951,-3.61518,-6.12855,
681,0,1,0.00845994,1,0.962566,-0.749351,-0.164095,0.142349,0.233929,-0.153324,0.0814386,-0.971472,-0.10039,-0.419854,3.01099,0.227103,0.911341,-6.01618,2.34099,-1.89168,3.32483,12.9661,-11.3197,
682,0.425306,1,-0.0250518,-1,-0.547719,-0.135815,-0.176749,0.00610521,-0.00181942,0.454151,-0.015673,-0.136659,0.0488468,-0.54747,4.0572,-0.4262,-4.28777,-2.97077,12.7978,-1.25541,17.7691,-7.74968,1.11355,
683,0.578135,-0.401868,-0.0363751,-1,-0.978894,0.0862867,-0.191192,-0.137545,0.0550234,0.659657,-0.0574173,0.0865018,-0.107097,-0.196615,3.32409,-0.150193,-2.18435,3.06214,-0.556711,-0.274905,-3.68861,-0.632149,9.07964,
684,0.23544,-0.413767,-0.0132385,-1,-0.937184,-0.38981,-0.172267,-0.0869342,0.407897,0.239941,0.0724105,-0.411576,-0.278343,0.233494,3.41185,0.366445,2.51631,6.80653,-11.7551,3.17647,-12.5276,-4.82525,6.55348,
685,0,-0.411859,0.0105427,-1,0.728968,-0.754784,-0.171396,0.0775382,0.467886,-0.191075,0.151778,-0.98398,-0.503147,0.15378,3.23246,-0.157193,3.19509,-1.86039,-5.17143,-0.325352,-8.52119,-3.82885,-6.10476,
686,0,1,0.00859286,1,0.965139,-0.749144,-0.168861,0.151771,0.227253,-0.155733,0.0809174,-0.971001,-0.109223,-0.414456,3.07588,0.0839503,0.849025,-5.69553,2.67246,-1.59413,3.17619,12.9843,-11.497,
687,0.433714,1,-0.0256201,-1,-0.574549,-0.133752,-0.18621,0.0105331,0.00716662,0.464462,-0.00856397,-0.134558,0.0282881,-0.553507,4.03585,-0.459556,-4.45588,-2.7047,12.9404,-1.1962,17.9418,-8.38081,1.30204,
688,0.584975,-0.404584,-0.0369443,-1,-0.979439,0.0834796,-0.20153,-0.141234,0.0699755,0.669993,-0.0528147,0.0836743,-0.140284,-0.196726,3.28192,-0.16353,-2.34485,3.05036,-0.626598,-0.364878,-3.93913,-0.653157,9.14489,
689,0.250179,-0.41367,-0.0141025,-1,-0.934611,-0.403549,-0.182672,-0.0934262,0.431508,0.255603,0.102429,-0.427881,-0.294716,0.230974,3.39368,0.355513,2.45169,6.62317,-11.8257,3.1645,-12.6916,-4.35055,6.47147,
690,0,-0.411848,0.00970209,-1,0.740203,-0.75929,-0.179822,0.0720538,0.487137,-0.175838,0.169651,-0.994537,-0.50118,0.14541,3.22634,-0.0857223,3.26146,-1.92469,-5.27234,-0.692937,-8.24769,-3.59722,-6.20585,
691,0,1,0.00845464,1,0.963576,-0.749832,-0.172798,0.152741,0.235635,-0.153228,0.0814171,-0.972572,-0.099617,-0.421309,3.03918,0.170099,0.985805,-6.02995,2.22277,-1.9503,3.28567,13.115,-11.386,
692,0.429164,1,-0.0253119,-1,-0.55308,-0.13168,-0.186318,0.0178306,0.00133795,0.458871,-0.013818,-0.132449,0.0271126,-0.552488,3.99897,-0.38056,-4.37566,-2.98651,12.8774,-1.23297,18.0384,-8.83548,1.15055,
693,0.581055,-0.405137,-0.0366172,-1,-0.978863,0.0855731,-0.197332,-0.132164,0.0584889,0.664054,-0.0563451,0.0857829,-0.141694,-0.201399,3.26324,-0.0702835,-2.33449,3.08191,-0.60197,-0.302312,-3.99745,-0.44834,9.07636,
694,0.238811,-0.413708,-0.0134356,-1,-0.937451,-0.402114,-0.17453,-0.0884445,0.413803,0.243513,0.0753869,-0.426168,-0.288536,0.228642,3.37991,0.44403,2.39348,6.8614,-11.7683,3.24401,-12.6678,-4.28926,6.56841,
695,0,-0.411885,0.0103638,-1,0.730332,-0.757555,-0.169121,0.0706414,0.474369,-0.187832,0.156056,-0.990452,-0.49713,0.148524,3.20312,-0.0557049,3.10016,-1.88445,-5.16882,-0.334409,-8.21245,-3.68665,-6.11337,
696,0,1,0.00864419,1,0.963824,-0.748866,-0.161641,0.141948,0.22787,-0.156663,0.0814305,-0.970367,-0.102713,-0.41639,3.02317,0.176052,0.791114,-5.86015,2.48726,-1.73058,3.26924,12.9314,-11.406,
697,0.430221,1,-0.0253834,-1,-0.562034,-0.13669,-0.176291,0.00178588,0.00342062,0.460167,-0.0106894,-0.137551,0.0530694,-0.549723,4.08174,-0.467407,-4.31928,-2.74152,12.8691,-1.2286,17.7169,-7.44897,1.21307,
698,0.58204,-0.401224,-0.0366992,-1,-0.979558,0.0861082,-0.192927,-0.141353,0.0649463,0.665542,-0.0544328,0.086322,-0.104628,-0.193844,3.33355,-0.197263,-2.15361,3.03691,-0.596713,-0.338972,-3.63855,-0.817231,9.15836,
699,0.242664,-0.413747,-0.0136612,-1,-0.936067,-0.38931,-0.176157,-0.0887517,0.414571,0.247603,0.0768089,-0.410987,-0.281855,0.236557,3.42254,0.329998,2.56986,6.74315,-11.743,3.23373,-12.5512,-4.88955,6.51462,
700,0,-0.411836,0.0103361,-1,0.735775,-0.755526,-0.176462,0.0793315,0.473658,-0.187329,0.15632,-0.985707,-0.505688,0.153619,3.24571,-0.173697,3.27537,-1.85031,-5.27637,-0.362666,-8.56043,-3.77168,-6.17057,
701,0,1,0.00851808,1,0.96542,-0.749634,-0.174351,0.1578,0.231531,-0.154377,0.0829775,-0.972119,-0.106965,-0.416913,3.08999,0.0794603,0.944678,-5.71167,2.75985,-1.58727,3.17897,13.0917,-11.5149,
702,0.433803,1,-0.0256262,-1,-0.56037,-0.131332,-0.191246,0.0185001,0.00671302,0.464572,-0.00918458,-0.132095,0.0140952,-0.551581,3.99012,-0.414559,-4.50211,-2.82609,12.9567,-1.23394,18.108,-9.14814,1.20142,
703,0.584969,-0.406352,-0.0369437,-1,-0.978408,0.0820836,-0.203555,-0.137941,0.0675695,0.669983,-0.0540816,0.0822687,-0.15795,-0.201458,3.24355,-0.0954068,-2.4627,3.07696,-0.637064,-0.359344,-4.14453,-0.38056,9.02563,
704,0.25012,-0.413662,-0.0140991,-1,-0.935139,-0.410411,-0.181278,-0.0950978,0.431789,0.255541,0.101245,-0.436106,-0.29607,0.224216,3.37401,0.422115,2.35797,6.66775,-11.8377,3.17074,-12.7231,-4.06237,6.49184,
705,0,-0.411868,0.00968536,-1,0.733561,-0.760133,-0.17497,0.0658712,0.488152,-0.175534,0.169578,-0.99653,-0.496649,0.141492,3.20771,-0.0140143,3.17526,-1.9378,-5.26167,-0.671503,-8.06506,-3.59079,-6.13505,
706,0,1,0.00851132,1,0.962297,-0.74936,-0.164686,0.143168,0.234154,-0.154255,0.0810947,-0.971493,-0.099417,-0.420347,3.00942,0.232139,0.921175,-6.06322,2.23687,-1.94077,3.32759,12.9855,-11.302,
707,0.425006,1,-0.0250316,-1,-0.547278,-0.135228,-0.177005,0.00740787,-0.00241911,0.453786,-0.0158521,-0.136062,0.0478563,-0.547733,4.05413,-0.416433,-4.28675,-2.98477,12.8146,-1.2507,17.7944,-7.83438,1.11052,
708,0.578169,-0.402125,-0.0363779,-1,-0.978903,0.0867046,-0.190842,-0.136335,0.0544563,0.659708,-0.0574344,0.0869229,-0.108988,-0.19693,3.32148,-0.136544,-2.18801,3.07185,-0.552849,-0.272703,-3.70944,-0.615875,9.08057,
709,0.233196,-0.413766,-0.0131076,-1,-0.937384,-0.390336,-0.171546,-0.0865342,0.407604,0.237567,0.0727417,-0.412197,-0.278518,0.233455,3.40681,0.371618,2.49642,6.79507,-11.7644,3.14228,-12.539,-4.78982,6.56118,
710,0,-0.411864,0.0105515,-1,0.728949,-0.754897,-0.170442,0.0769908,0.466692,-0.191235,0.151133,-0.984243,-0.502531,0.153856,3.22865,-0.152642,3.17641,-1.87876,-5.12391,-0.330428,-8.50465,-3.82721,-6.10556,
711,0,1,0.00858445,1,0.965149,-0.749068,-0.167706,0.150298,0.226127,-0.15558,0.080308,-0.970828,-0.108973,-0.414414,3.07251,0.0871949,0.828078,-5.69811,2.62091,-1.61273,3.18469,12.9749,-11.4981,
712,0.43419,1,-0.0256525,-1,-0.574065,-0.134283,-0.18494,0.00901728,0.0077241,0.465049,-0.00822531,-0.135099,0.0315829,-0.55322,4.04632,-0.464155,-4.43582,-2.66777,12.9318,-1.18265,17.9056,-8.23247,1.29857,
713,0.585188,-0.404181,-0.0369621,-1,-0.979495,0.0835808,-0.200617,-0.141238,0.0710932,0.670317,-0.0523374,0.0837763,-0.135579,-0.196196,3.29038,-0.172054,-2.30972,3.04165,-0.630018,-0.368918,-3.89765,-0.687616,9.15171,
714,0.251171,-0.41368,-0.0141609,-1,-0.934707,-0.401483,-0.182235,-0.0930144,0.429315,0.256662,0.0968689,-0.425416,-0.293131,0.231902,3.40145,0.352392,2.47494,6.67059,-11.8635,3.22537,-12.6743,-4.42591,6.47346,
715,0,-0.411847,0.00980932,-1,0.739958,-0.75879,-0.179789,0.0731595,0.486622,-0.177781,0.168207,-0.993357,-0.501857,0.146517,3.23213,-0.0975109,3.26985,-1.89223,-5.29971,-0.603098,-8.29529,-3.61711,-6.20369,
716,0,1,0.00845086,1,0.963861,-0.749855,-0.173411,0.153897,0.236266,-0.153159,0.0828262,-0.972623,-0.100454,-0.420806,3.04985,0.160126,0.993946,-5.96292,2.42249,-1.84542,3.26763,13.1107,-11.405,
717,0.428747,1,-0.0252838,-1,-0.552817,-0.131342,-0.18749,0.0180408,0.00107888,0.45836,-0.0137831,-0.132105,0.0244341,-0.551985,3.99364,-0.386315,-4.4117,-3.00783,12.8811,-1.26064,18.0668,-8.9276,1.14873,
718,0.58085,-0.405416,-0.0366002,-1,-0.978722,0.0853879,-0.198729,-0.134215,0.0579113,0.663744,-0.0568978,0.0855964,-0.144728,-0.201575,3.25859,-0.0744353,-2.38346,3.08719,-0.598229,-0.302554,-4.02907,-0.413009,9.06016,
719,0.244883,-0.413703,-0.0137914,-1,-0.937212,-0.40333,-0.175268,-0.0909107,0.414353,0.249963,0.0732773,-0.42762,-0.289318,0.227761,3.38998,0.464219,2.40285,6.92576,-11.7035,3.32235,-12.6799,-4.25033,6.55934,
720,0,-0.411885,0.0103334,-1,0.730271,-0.757836,-0.168731,0.0686039,0.477602,-0.187281,0.156446,-0.991112,-0.496731,0.147539,3.21245,-0.0321134,3.10815,-1.8445,-5.3188,-0.310762,-8.18559,-3.67442,-6.11,
721,0,1,0.00871,1,0.963588,-0.74892,-0.160135,0.140482,0.230005,-0.157856,0.0825894,-0.970492,-0.102171,-0.416658,3.02636,0.198892,0.808313,-5.87403,2.60976,-1.67465,3.27308,12.9243,-11.3892,
722,0.427578,1,-0.0252049,-1,-0.560733,-0.137152,-0.174445,0.000409745,0.000965414,0.456929,-0.0118671,-0.138022,0.0574012,-0.549268,4.09682,-0.474191,-4.30832,-2.81973,12.8651,-1.2643,17.6959,-7.28685,1.20392,
723,0.580466,-0.400384,-0.0365683,-1,-0.979651,0.0873814,-0.19163,-0.142199,0.0608415,0.663165,-0.0558066,0.0876048,-0.0983432,-0.193133,3.35357,-0.209256,-2.1423,3.04203,-0.571679,-0.326027,-3.57646,-0.843542,9.16897,
724,0.242248,-0.41376,-0.0136368,-1,-0.936471,-0.386395,-0.175149,-0.0886203,0.411827,0.24716,0.0744431,-0.407556,-0.279545,0.238061,3.43822,0.323851,2.58667,6.7851,-11.7394,3.24885,-12.5369,-4.97892,6.52833,
725,0,-0.411836,0.0104119,-1,0.735516,-0.754952,-0.176083,0.079955,0.472637,-0.188703,0.155232,-0.984372,-0.506357,0.155561,3.25935,-0.190088,3.2818,-1.82343,-5.28637,-0.336804,-8.63069,-3.80334,-6.1687,
726,0,1,0.00852853,1,0.965882,-0.749702,-0.174798,0.158305,0.231861,-0.154567,0.0831061,-0.972275,-0.108175,-0.416156,3.10563,0.0638614,0.94078,-5.69062,2.7939,-1.56784,3.16203,13.0921,-11.5477,
727,0.434657,1,-0.0256842,-1,-0.56353,-0.131318,-0.19222,0.0186263,0.00779645,0.465624,-0.00856654,-0.13208,0.0121387,-0.552301,3.99713,-0.419791,-4.51549,-2.81835,12.9693,-1.23091,18.1275,-9.19681,1.22365,
728,0.585559,-0.406468,-0.0369932,-1,-0.97849,0.0819708,-0.204752,-0.138452,0.0685924,0.670881,-0.0537803,0.0821552,-0.16101,-0.201409,3.24955,-0.0996247,-2.47538,3.06983,-0.64797,-0.368778,-4.16044,-0.385196,9.03509,
729,0.25222,-0.413652,-0.0142227,-1,-0.934924,-0.411451,-0.18248,-0.0954845,0.433469,0.257783,0.102641,-0.437356,-0.297676,0.22413,3.38358,0.42313,2.36215,6.66785,-11.8186,3.18562,-12.737,-4.01955,6.48492,
730,0,-0.411866,0.00963607,-1,0.734566,-0.760441,-0.175952,0.065848,0.489841,-0.174641,0.170616,-0.997261,-0.496452,0.14089,3.21728,-0.00755174,3.18464,-1.93784,-5.3007,-0.690083,-8.04122,-3.56605,-6.14407,
731,0,1,0.00854692,1,0.962151,-0.749417,-0.165316,0.143828,0.234831,-0.1549,0.0811293,-0.971623,-0.09837,-0.420833,3.01448,0.237241,0.931292,-6.11407,2.1532,-1.99179,3.3342,13.0014,-11.2922,
732,0.425091,1,-0.0250373,-1,-0.547193,-0.134589,-0.177261,0.00868995,-0.00270383,0.453889,-0.0159003,-0.13541,0.0469731,-0.548218,4.05722,-0.405628,-4.28112,-3.00282,12.8265,-1.25144,17.8246,-7.91411,1.10994,
733,0.578258,-0.40233,-0.0363853,-1,-0.97896,0.0874019,-0.190446,-0.134867,0.0539659,0.659842,-0.0575484,0.0876254,-0.110741,-0.197214,3.32516,-0.121919,-2.18611,3.07742,-0.557042,-0.273586,-3.72642,-0.601319,9.08715,
734,0.230219,-0.413765,-0.012934,-1,-0.937683,-0.390615,-0.17083,-0.0858357,0.407321,0.234421,0.0734243,-0.412525,-0.27858,0.233709,3.40589,0.374765,2.47544,6.78226,-11.7766,3.11217,-12.5524,-4.75444,6.57284,
735,0,-0.41187,0.0105635,-1,0.7291,-0.755,-0.16963,0.0767115,0.465307,-0.191452,0.150774,-0.984484,-0.501861,0.154244,3.22847,-0.150964,3.15769,-1.90164,-5.0565,-0.339908,-8.49454,-3.8275,-6.10826,
736,0,1,0.00859895,1,0.965227,-0.748998,-0.16683,0.149018,0.224634,-0.155843,0.0792757,-0.970668,-0.1087,-0.414316,3.07095,0.0860441,0.799791,-5.73337,2.47342,-1.68894,3.19521,12.9706,-11.5042,
737,0.4375,1,-0.0258777,-1,-0.573632,-0.135119,-0.183585,0.00874296,0.0107217,0.469135,-0.00632961,-0.13595,0.0335557,-0.553001,4.05903,-0.455499,-4.38656,-2.57918,12.9438,-1.14644,17.8626,-8.13182,1.29551,
738,0.587125,-0.4039,-0.0371246,-1,-0.979456,0.0827033,-0.19882,-0.138077,0.0755493,0.673268,-0.0507406,0.0828926,-0.132899,-0.196112,3.29986,-0.163457,-2.23296,3.02143,-0.667611,-0.395634,-3.86986,-0.718366,9.14773,
739,0.247307,-0.413686,-0.0139337,-1,-0.934692,-0.400259,-0.180847,-0.0897261,0.424342,0.252542,0.0845279,-0.423957,-0.29209,0.232009,3.40998,0.356146,2.49817,6.71176,-11.7536,3.2838,-12.6352,-4.47346,6.46908,
740,0,-0.411847,0.0100282,-1,0.738404,-0.757909,-0.17876,0.0761074,0.481369,-0.181749,0.162861,-0.991283,-0.501942,0.147007,3.23525,-0.111383,3.24882,-1.89817,-5.27653,-0.428015,-8.29858,-3.62355,-6.19172,
741,0,1,0.0084841,1,0.963825,-0.749581,-0.1734,0.15531,0.233404,-0.153761,0.0840298,-0.971998,-0.100864,-0.419871,3.06224,0.139666,0.963159,-5.87113,2.54173,-1.74351,3.24246,13.0914,-11.4037,
742,0.430012,1,-0.0253693,-1,-0.552169,-0.130596,-0.188239,0.0176262,0.0022213,0.459911,-0.0120609,-0.131346,0.0220223,-0.550551,3.99465,-0.393951,-4.4523,-2.93008,12.9033,-1.27632,18.0887,-8.98482,1.14424,
743,0.582009,-0.405782,-0.0366966,-1,-0.978495,0.0849689,-0.199711,-0.136596,0.0611611,0.665495,-0.056307,0.0851743,-0.146953,-0.201183,3.25356,-0.0788382,-2.42159,3.09417,-0.603877,-0.322138,-4.07149,-0.381671,9.03473,
744,0.24651,-0.413698,-0.0138869,-1,-0.936564,-0.405167,-0.176683,-0.0938668,0.422367,0.251694,0.0874249,-0.429815,-0.290136,0.226771,3.37735,0.443657,2.37341,6.80535,-11.8373,3.24994,-12.7045,-4.21463,6.53984,
745,0,-0.411882,0.0100522,-1,0.731568,-0.75885,-0.170384,0.0661744,0.482247,-0.182184,0.162775,-0.993498,-0.496886,0.145781,3.20714,-0.0273071,3.13763,-1.88426,-5.25171,-0.486526,-8.17421,-3.67469,-6.11943,
746,0,1,0.00865334,1,0.963313,-0.74916,-0.161148,0.140067,0.231572,-0.156829,0.0810054,-0.971037,-0.10213,-0.418113,3.01253,0.210359,0.843114,-5.99287,2.35462,-1.85132,3.30626,12.951,-11.3701,
747,0.428061,1,-0.0252375,-1,-0.552742,-0.137474,-0.174503,0.00250543,0.000869657,0.45752,-0.012974,-0.13835,0.0549316,-0.547859,4.0847,-0.451052,-4.26639,-2.85609,12.8531,-1.23316,17.689,-7.41072,1.14821,
748,0.580439,-0.400744,-0.0365661,-1,-0.979182,0.0858972,-0.190394,-0.138403,0.0600765,0.663124,-0.0557012,0.0861094,-0.0995563,-0.194913,3.34637,-0.181857,-2.11274,3.04662,-0.582442,-0.311434,-3.60234,-0.754485,9.11356,
749,0.234209,-0.413769,-0.0131667,-1,-0.936736,-0.387198,-0.173628,-0.0856709,0.410309,0.238638,0.0755734,-0.408499,-0.277994,0.235456,3.42212,0.322643,2.55247,6.71997,-11.7727,3.12541,-12.4995,-4.94976,6.5376,
750,0,-0.411843,0.0104725,-1,0.730929,-0.754442,-0.174729,0.0811,0.4674,-0.189802,0.15264,-0.983186,-0.505362,0.15473,3.24386,-0.195022,3.24463,-1.88933,-5.12359,-0.358225,-8.59468,-3.83178,-6.12536,
751,0,1,0.00851147,1,0.965456,-0.749338,-0.173862,0.157623,0.227446,-0.154257,0.080929,-0.971445,-0.109723,-0.414902,3.09582,0.0527083,0.895563,-5.67238,2.64302,-1.60529,3.15815,13.0373,-11.5192,
752,0.435528,1,-0.0257434,-1,-0.57264,-0.131394,-0.191656,0.0169825,0.00852904,0.466699,-0.00788577,-0.132158,0.0138672,-0.553933,4.00215,-0.431845,-4.51246,-2.71093,12.9623,-1.18644,18.0826,-9.02565,1.28837,
753,0.586211,-0.406293,-0.0370478,-1,-0.978973,0.0818451,-0.20492,-0.139103,0.0717712,0.671873,-0.0523552,0.0820285,-0.160006,-0.199649,3.24733,-0.116491,-2.44726,3.06837,-0.645932,-0.37292,-4.1379,-0.484668,9.09065,
754,0.253168,-0.413641,-0.0142786,-1,-0.934331,-0.411229,-0.183525,-0.0951115,0.434402,0.258795,0.103211,-0.437089,-0.299543,0.226284,3.38145,0.40752,2.38346,6.62919,-11.8139,3.17708,-12.7442,-4.04558,6.46308,
755,0,-0.411857,0.00959621,-1,0.738574,-0.760575,-0.17762,0.0672945,0.490198,-0.173918,0.171066,-0.997577,-0.497463,0.141045,3.21701,-0.0186795,3.20547,-1.93572,-5.31694,-0.693594,-8.04815,-3.53139,-6.18591,
756,0,1,0.00853369,1,0.962321,-0.749554,-0.16745,0.146321,0.235429,-0.15466,0.0814875,-0.971936,-0.0966788,-0.422047,3.01531,0.228133,0.952402,-6.11486,2.13351,-2.00126,3.32947,13.0593,-11.303,
757,0.425636,1,-0.025074,-1,-0.549672,-0.133406,-0.179535,0.0117403,-0.00213823,0.454555,-0.0155948,-0.134206,0.0435743,-0.550863,4.03952,-0.395359,-4.29489,-3.01497,12.8389,-1.25431,17.8983,-8.16663,1.12699,
758,0.578657,-0.403038,-0.0364183,-1,-0.979214,0.0881403,-0.191962,-0.132912,0.0541838,0.660441,-0.0575405,0.0883696,-0.118265,-0.198519,3.30647,-0.103797,-2.21374,3.07721,-0.564472,-0.279111,-3.78795,-0.587333,9.11667,
759,0.230232,-0.413751,-0.0129348,-1,-0.938193,-0.392914,-0.171474,-0.0852705,0.407868,0.234435,0.0735102,-0.415242,-0.281169,0.233639,3.39294,0.391767,2.44926,6.79128,-11.7834,3.11701,-12.5971,-4.63531,6.59367,
760,0,-0.411876,0.01055,-1,0.730286,-0.755629,-0.169353,0.0759933,0.465968,-0.191206,0.151135,-0.985949,-0.500631,0.154086,3.21702,-0.13114,3.13287,-1.90567,-5.04658,-0.336023,-8.43281,-3.79115,-6.11991,
761,0,1,0.00859704,1,0.96521,-0.748944,-0.165592,0.147355,0.224568,-0.155808,0.0794121,-0.970545,-0.106935,-0.414642,3.05663,0.104241,0.781859,-5.74974,2.45713,-1.69957,3.21662,12.9667,-11.5031,
762,0.436915,1,-0.0258379,-1,-0.570515,-0.135592,-0.181817,0.00693263,0.0102123,0.468412,-0.00660413,-0.136432,0.038597,-0.552124,4.06247,-0.456398,-4.36761,-2.57994,12.9276,-1.15288,17.8209,-7.96032,1.27321,
763,0.5866,-0.403329,-0.0370805,-1,-0.979453,0.0832197,-0.197268,-0.138637,0.0748801,0.672466,-0.0509856,0.0834126,-0.125866,-0.195624,3.30376,-0.169298,-2.20462,3.0174,-0.662098,-0.392222,-3.8154,-0.748606,9.14726,
764,0.245278,-0.4137,-0.0138145,-1,-0.934946,-0.397791,-0.179743,-0.0893235,0.422801,0.250383,0.0838221,-0.421022,-0.289707,0.232912,3.40643,0.346059,2.5129,6.68369,-11.7566,3.24474,-12.6121,-4.57857,6.4776,
765,0,-0.411843,0.0100798,-1,0.737695,-0.757371,-0.17833,0.0770916,0.47898,-0.182684,0.161297,-0.990021,-0.503034,0.148368,3.23271,-0.127509,3.25693,-1.90352,-5.25087,-0.425771,-8.35837,-3.65949,-6.18626,
766,0,1,0.00845322,1,0.964173,-0.749574,-0.173783,0.156232,0.232532,-0.153202,0.0836633,-0.971982,-0.102465,-0.419266,3.06751,0.125943,0.964841,-5.80321,2.64013,-1.67651,3.2283,13.0908,-11.4278,
767,0.431319,1,-0.0254577,-1,-0.552898,-0.130836,-0.189017,0.0184111,0.00375018,0.461516,-0.0111448,-0.13159,0.0192068,-0.55039,3.98785,-0.394631,-4.46105,-2.89183,12.9096,-1.26217,18.0903,-9.05928,1.1493,
768,0.582908,-0.406023,-0.0367715,-1,-0.978344,0.0836916,-0.200438,-0.13625,0.0633595,0.666856,-0.0555728,0.0838878,-0.150504,-0.201555,3.24517,-0.0776232,-2.43032,3.08766,-0.614594,-0.333706,-4.10131,-0.364861,9.01793,
769,0.249215,-0.413691,-0.0140459,-1,-0.936175,-0.406666,-0.177181,-0.094186,0.421549,0.254576,0.0821576,-0.43161,-0.291333,0.225508,3.37984,0.45679,2.37844,6.86666,-11.7652,3.34201,-12.6983,-4.16997,6.52404,
770,0,-0.411882,0.0100725,-1,0.730948,-0.75892,-0.170296,0.0656113,0.483706,-0.182551,0.162824,-0.993663,-0.496362,0.144428,3.20528,-0.015687,3.13063,-1.85549,-5.32202,-0.406557,-8.13292,-3.6529,-6.11178,
771,0,1,0.00864477,1,0.962926,-0.749129,-0.160556,0.139517,0.232955,-0.156674,0.0831419,-0.970967,-0.101459,-0.418249,3.00936,0.222076,0.853192,-5.96269,2.51127,-1.77743,3.30062,12.9343,-11.3438,
772,0.426179,1,-0.0251106,-1,-0.553106,-0.13768,-0.173913,0.00155375,-0.000557053,0.455218,-0.0136422,-0.13856,0.0570382,-0.547824,4.08353,-0.45861,-4.27296,-2.90859,12.8374,-1.28192,17.6784,-7.33687,1.15072,
773,0.579189,-0.40034,-0.0364624,-1,-0.979269,0.0865533,-0.190329,-0.139889,0.0573066,0.661241,-0.0570323,0.0867704,-0.0969476,-0.194444,3.34818,-0.193347,-2.12467,3.04488,-0.564136,-0.303807,-3.57316,-0.775456,9.12346,
774,0.236946,-0.413772,-0.0133265,-1,-0.936852,-0.385955,-0.173468,-0.0864742,0.408621,0.241536,0.0728236,-0.407038,-0.277381,0.23627,3.42848,0.327493,2.5712,6.77155,-11.758,3.17506,-12.4985,-4.99052,6.54093,
775,0,-0.411841,0.0105206,-1,0.731251,-0.754224,-0.17449,0.0808697,0.468189,-0.190673,0.152157,-0.982681,-0.505783,0.155542,3.24879,-0.195594,3.25229,-1.84948,-5.20286,-0.327243,-8.62424,-3.83735,-6.12803,
776,0,1,0.00852281,1,0.965675,-0.749416,-0.173674,0.157618,0.228887,-0.154463,0.0818824,-0.971621,-0.109942,-0.41468,3.10125,0.0538659,0.906317,-5.64063,2.78885,-1.53667,3.14688,13.0392,-11.5342,
777,0.434892,1,-0.0257002,-1,-0.573436,-0.131669,-0.191649,0.0167659,0.00822419,0.465914,-0.00809693,-0.132438,0.0141985,-0.55409,4.00317,-0.436944,-4.5202,-2.74644,12.9633,-1.20682,18.0865,-9.01569,1.29407,
778,0.585815,-0.406204,-0.0370146,-1,-0.979008,0.0820799,-0.205226,-0.139835,0.0705017,0.67127,-0.0529304,0.082265,-0.159829,-0.19955,3.25053,-0.123021,-2.45848,3.06475,-0.642047,-0.37189,-4.12691,-0.492397,9.09455,
779,0.254527,-0.413639,-0.0143587,-1,-0.934296,-0.411306,-0.184255,-0.0960431,0.436343,0.260247,0.106222,-0.437182,-0.29982,0.226461,3.37652,0.399767,2.38276,6.61011,-11.8239,3.10171,-12.7582,-4.04888,6.46328,
780,0,-0.411856,0.00950922,-1,0.739311,-0.760895,-0.178535,0.0668624,0.491992,-0.172342,0.171839,-0.998337,-0.497779,0.140995,3.21369,-0.0197567,3.2202,-1.94229,-5.34051,-0.73596,-8.05815,-3.52995,-6.19215,
781,0,1,0.00847905,1,0.962407,-0.749703,-0.168242,0.146836,0.236765,-0.15367,0.0817006,-0.972277,-0.096723,-0.422458,3.0134,0.233044,0.977799,-6.10637,2.18906,-1.96706,3.33641,13.0675,-11.308,
782,0.424493,1,-0.0249971,-1,-0.551109,-0.133216,-0.180259,0.0126765,-0.00297494,0.45316,-0.0162705,-0.134012,0.0425618,-0.551968,4.03008,-0.392845,-4.29929,-3.06263,12.8217,-1.26432,17.9152,-8.2331,1.13691,
783,0.577778,-0.403156,-0.0363456,-1,-0.979343,0.0884202,-0.19257,-0.132613,0.0521221,0.65912,-0.0581454,0.0886517,-0.12047,-0.198915,3.29953,-0.101117,-2.23064,3.07626,-0.554127,-0.272158,-3.79877,-0.585712,9.13155,
784,0.23135,-0.413746,-0.0129999,-1,-0.938409,-0.393413,-0.171599,-0.0851642,0.406768,0.235616,0.0719312,-0.415831,-0.282022,0.233777,3.39126,0.402537,2.44723,6.828,-11.7785,3.13839,-12.6092,-4.60077,6.60154,
785,0,-0.411878,0.0105827,-1,0.730628,-0.755696,-0.169023,0.0757078,0.466345,-0.191799,0.150691,-0.986104,-0.500228,0.154239,3.2146,-0.122919,3.12272,-1.88596,-5.08024,-0.317219,-8.41493,-3.77656,-6.12312,
786,0,1,0.00858289,1,0.965251,-0.748927,-0.1649,0.14667,0.22524,-0.155552,0.0801138,-0.970508,-0.106286,-0.414586,3.05515,0.113085,0.781094,-5.71371,2.58605,-1.62926,3.2155,12.9586,-11.5056,
787,0.433923,1,-0.0256343,-1,-0.570602,-0.135412,-0.181417,0.00491354,0.007721,0.464719,-0.00817169,-0.136249,0.0416674,-0.551998,4.06503,-0.471876,-4.39552,-2.63677,12.9041,-1.18153,17.8202,-7.85371,1.27379,
788,0.584719,-0.402954,-0.0369228,-1,-0.979605,0.0846317,-0.197848,-0.142396,0.0712469,0.669603,-0.0522524,0.0848347,-0.121772,-0.194826,3.30766,-0.190524,-2.24138,3.02541,-0.627908,-0.370183,-3.78134,-0.771665,9.16483,
789,0.252694,-0.413707,-0.0142506,-1,-0.935149,-0.395971,-0.180009,-0.0920661,0.420891,0.258288,0.0793189,-0.418861,-0.288643,0.234354,3.42348,0.360999,2.55256,6.78732,-11.6714,3.35085,-12.6198,-4.64782,6.48391,
790,0,-0.41184,0.0101226,-1,0.738772,-0.757223,-0.17803,0.0758557,0.481885,-0.18346,0.160792,-0.989673,-0.503855,0.149657,3.24757,-0.118728,3.28137,-1.82624,-5.45682,-0.381746,-8.40817,-3.67162,-6.19517,
791,0,1,0.00870065,1,0.964497,-0.749748,-0.173152,0.155658,0.234621,-0.157686,0.0837434,-0.972379,-0.102566,-0.419111,3.06559,0.126404,0.958729,-5.93737,2.45919,-1.78439,3.22451,13.1289,-11.4491,
792,0.43067,1,-0.0254138,-1,-0.552666,-0.131099,-0.188406,0.0177951,0.00251474,0.460719,-0.0112835,-0.131858,0.0209578,-0.550334,3.99907,-0.399174,-4.46067,-2.93852,12.9738,-1.2667,18.0944,-9.00761,1.14768,
793,0.58319,-0.405804,-0.0367951,-1,-0.978392,0.0844612,-0.200035,-0.136597,0.0618277,0.667283,-0.0558469,0.0846629,-0.148308,-0.201321,3.25993,-0.0808259,-2.42175,3.10444,-0.611536,-0.334183,-4.07457,-0.377846,9.02314,
794,0.248933,-0.413696,-0.0140293,-1,-0.936402,-0.405397,-0.176889,-0.0941605,0.421081,0.254275,0.081345,-0.43009,-0.29051,0.226189,3.39186,0.454162,2.38472,6.89179,-11.7792,3.34687,-12.6967,-4.19992,6.53254,
795,0,-0.411884,0.0101096,-1,0.730861,-0.75875,-0.170267,0.0659013,0.483663,-0.183225,0.162507,-0.993262,-0.496556,0.145352,3.21532,-0.0223282,3.13545,-1.85462,-5.32012,-0.396399,-8.16582,-3.66413,-6.11091,
796,0,1,0.00864645,1,0.963169,-0.749168,-0.160844,0.139841,0.233054,-0.156704,0.0832232,-0.971057,-0.10193,-0.417916,3.02063,0.216061,0.852836,-5.96136,2.52261,-1.77318,3.29727,12.9333,-11.3599,
797,0.426582,1,-0.0251377,-1,-0.554467,-0.137405,-0.174365,0.00174709,-0.000264336,0.455711,-0.0134073,-0.13828,0.0559691,-0.54814,4.09034,-0.458736,-4.27986,-2.90637,12.8412,-1.28164,17.6963,-7.36807,1.16017,
798,0.5794,-0.400483,-0.0364798,-1,-0.979322,0.0868357,-0.190749,-0.140049,0.0576589,0.661558,-0.0569553,0.087055,-0.0984236,-0.194363,3.35423,-0.192323,-2.13218,3.04484,-0.570423,-0.307704,-3.58349,-0.771267,9.12966,
799,0.237711,-0.413769,-0.0133713,-1,-0.936839,-0.386322,-0.173783,-0.0868294,0.409359,0.242347,0.0734103,-0.40747,-0.277872,0.236457,3.43509,0.329632,2.56905,6.78325,-11.7583,3.19776,-12.5104,-4.96778,6.54093,
800,0,-0.411843,0.0105042,-1,0.731927,-0.754426,-0.174663,0.0805111,0.469172,-0.190376,0.152963,-0.98315,-0.505536,0.155491,3.25493,-0.192,3.25373,-1.84823,-5.21097,-0.333576,-8.61826,-3.83022,-6.13421,
801,0,1,0.00851999,1,0.965698,-0.749457,-0.173635,0.157399,0.229393,-0.154412,0.0820762,-0.971714,-0.10951,-0.414924,3.10603,0.0581676,0.909759,-5.6535,2.78867,-1.54708,3.15271,13.042,-11.5356,
802,0.434756,1,-0.0256909,-1,-0.571602,-0.131554,-0.191436,0.0167314,0.0080104,0.465746,-0.00830008,-0.132321,0.0146036,-0.553708,4.00882,-0.434276,-4.51606,-2.76014,12.9597,-1.2114,18.0926,-9.01178,1.28094,
803,0.585634,-0.406169,-0.0369995,-1,-0.978955,0.0824409,-0.20488,-0.139719,0.0699743,0.670995,-0.0531443,0.0826284,-0.158759,-0.199661,3.2568,-0.120117,-2.45619,3.06501,-0.643102,-0.369884,-4.12215,-0.477688,9.08836,
804,0.253686,-0.413645,-0.0143091,-1,-0.934501,-0.41073,-0.183739,-0.0958538,0.435556,0.259349,0.105554,-0.436489,-0.298916,0.226497,3.38238,0.401851,2.38212,6.62595,-11.8265,3.1298,-12.754,-4.06171,6.47045,
805,0,-0.411859,0.00954901,-1,0.738642,-0.760744,-0.178045,0.0668877,0.491353,-0.173063,0.171686,-0.997978,-0.497666,0.141443,3.21841,-0.0216743,3.2157,-1.94211,-5.32577,-0.730083,-8.07105,-3.54407,-6.18562,
806,0,1,0.0084962,1,0.962494,-0.749669,-0.16789,0.146463,0.236303,-0.153981,0.0814688,-0.972199,-0.0972387,-0.422085,3.01764,0.229475,0.966266,-6.11475,2.15579,-1.98956,3.33524,13.059,-11.3139,
807,0.425179,1,-0.0250433,-1,-0.550184,-0.133383,-0.179949,0.0121486,-0.00244235,0.453997,-0.0159476,-0.134182,0.0426598,-0.551236,4.0374,-0.393854,-4.29657,-3.04159,12.828,-1.25661,17.9056,-8.19823,1.13052,
808,0.578228,-0.403103,-0.0363828,-1,-0.979241,0.0881436,-0.19231,-0.132818,0.053167,0.659797,-0.057812,0.0883729,-0.119454,-0.198732,3.30591,-0.102406,-2.22226,3.07566,-0.561568,-0.27584,-3.79387,-0.579121,9.11975,
809,0.230862,-0.413749,-0.0129715,-1,-0.938258,-0.393205,-0.171578,-0.0852576,0.407448,0.235099,0.0729187,-0.415586,-0.281504,0.233541,3.39488,0.397102,2.44849,6.81201,-11.782,3.13097,-12.6005,-4.61691,6.59596,
810,0,-0.411877,0.0105656,-1,0.730245,-0.755646,-0.169229,0.0758385,0.466277,-0.19149,0.151033,-0.985986,-0.50038,0.154047,3.21819,-0.126937,3.12868,-1.89682,-5.06378,-0.329617,-8.4232,-3.78536,-6.11923,
811,0,1,0.00858792,1,0.965196,-0.748933,-0.165282,0.147067,0.224942,-0.155643,0.0797654,-0.97052,-0.106693,-0.414586,3.0584,0.108917,0.783324,-5.73147,2.5281,-1.66317,3.21526,12.9595,-11.5019,
812,0.435086,1,-0.0257133,-1,-0.570954,-0.135359,-0.181688,0.00587513,0.00860092,0.466153,-0.00764144,-0.136195,0.0400319,-0.552143,4.06566,-0.465037,-4.38564,-2.61567,12.9136,-1.16911,17.8259,-7.90777,1.27632,
813,0.58544,-0.403151,-0.0369833,-1,-0.979561,0.084161,-0.197681,-0.140832,0.0726094,0.6707,-0.0517674,0.0843605,-0.123909,-0.19512,3.30767,-0.180972,-2.22895,3.02407,-0.641452,-0.377522,-3.7991,-0.759557,9.15978,
814,0.249541,-0.413704,-0.014065,-1,-0.935078,-0.396841,-0.179936,-0.0910388,0.421885,0.254923,0.0815691,-0.419894,-0.289181,0.233845,3.41657,0.353973,2.5315,6.75588,-11.7336,3.33239,-12.6217,-4.61074,6.48193,
815,0,-0.411843,0.0100999,-1,0.738624,-0.757408,-0.178277,0.0760724,0.481532,-0.183047,0.162349,-0.990107,-0.503379,0.149139,3.23996,-0.123723,3.26944,-1.85231,-5.35154,-0.39972,-8.38931,-3.66542,-6.19391,
816,0,1,0.00854339,1,0.964412,-0.749727,-0.173531,0.155643,0.23457,-0.154836,0.0843669,-0.972331,-0.102462,-0.419306,3.06611,0.128341,0.968161,-5.86306,2.60613,-1.7224,3.22794,13.1083,-11.4433,
817,0.43072,1,-0.0254172,-1,-0.552569,-0.131181,-0.188777,0.0178892,0.00303685,0.46078,-0.0116209,-0.131942,0.0204009,-0.550466,3.99191,-0.398293,-4.45973,-2.93908,12.9293,-1.27763,18.0891,-9.02506,1.14701,
818,0.582667,-0.405847,-0.0367514,-1,-0.978376,0.0841015,-0.200424,-0.136704,0.0617383,0.66649,-0.0561733,0.0843006,-0.148986,-0.201545,3.25265,-0.0820228,-2.42853,3.09111,-0.613813,-0.329131,-4.07985,-0.37216,9.02132,
819,0.246274,-0.413692,-0.013873,-1,-0.936309,-0.406136,-0.17762,-0.093958,0.424754,0.251443,0.0918714,-0.430975,-0.291085,0.225742,3.37496,0.434865,2.36374,6.77027,-11.8796,3.21825,-12.7015,-4.18413,6.53171,
820,0,-0.411881,0.00996505,-1,0.731063,-0.759075,-0.171512,0.0661674,0.483621,-0.180604,0.164912,-0.99403,-0.496808,0.144788,3.20483,-0.0280216,3.14575,-1.90396,-5.21846,-0.544435,-8.15738,-3.66292,-6.11304,
821,0,1,0.00859725,1,0.963055,-0.749199,-0.162189,0.140855,0.232062,-0.155812,0.0808101,-0.971128,-0.102034,-0.418355,3.01032,0.212756,0.861881,-6.00927,2.32048,-1.88344,3.31037,12.9483,-11.3527,
822,0.428068,1,-0.025238,-1,-0.552627,-0.137117,-0.175276,0.00395987,0.000712128,0.457529,-0.0134297,-0.137986,0.0523,-0.547971,4.07452,-0.440431,-4.26598,-2.874,12.8416,-1.22983,17.7069,-7.52604,1.14741,
823,0.580245,-0.401173,-0.03655,-1,-0.979104,0.0855441,-0.190542,-0.137296,0.0595744,0.662832,-0.0558548,0.0857537,-0.103124,-0.195422,3.33747,-0.168433,-2.12367,3.04973,-0.584433,-0.30532,-3.63451,-0.724136,9.10438,
824,0.232944,-0.413764,-0.0130929,-1,-0.936712,-0.38852,-0.173246,-0.0853824,0.409985,0.2373,0.0754813,-0.410056,-0.278766,0.234659,3.41483,0.332097,2.53401,6.7213,-11.7743,3.11493,-12.5058,-4.8925,6.53642,
825,0,-0.411848,0.0104794,-1,0.730472,-0.754583,-0.17388,0.0803966,0.466841,-0.189926,0.152381,-0.983513,-0.504547,0.154025,3.23662,-0.185427,3.22482,-1.89837,-5.09542,-0.356809,-8.55701,-3.82031,-6.1211,
826,0,1,0.00852979,1,0.965239,-0.749235,-0.172599,0.156083,0.226551,-0.15459,0.0804359,-0.971208,-0.109188,-0.41493,3.08621,0.0593712,0.875811,-5.69438,2.57523,-1.64186,3.16543,13.0248,-11.5043,
827,0.436194,1,-0.0257888,-1,-0.572525,-0.132073,-0.190108,0.0156664,0.00908996,0.467521,-0.00748606,-0.132849,0.017445,-0.553698,4.00913,-0.433811,-4.48472,-2.67508,12.9607,-1.17413,18.0389,-8.86928,1.28756,
828,0.586579,-0.405927,-0.0370787,-1,-0.979038,0.0818369,-0.203588,-0.138426,0.0729435,0.672434,-0.0518851,0.0820203,-0.155173,-0.199077,3.25309,-0.122025,-2.40163,3.06072,-0.652507,-0.378097,-4.09156,-0.526888,9.09838,
829,0.25301,-0.413651,-0.0142693,-1,-0.934413,-0.409044,-0.182835,-0.0945173,0.432375,0.258626,0.0979194,-0.434462,-0.297864,0.227314,3.38207,0.40082,2.39935,6.70476,-11.8568,3.26496,-12.7277,-4.12278,6.46463,
830,0,-0.41186,0.0097067,-1,0.738439,-0.76014,-0.177566,0.0682719,0.489918,-0.175921,0.170207,-0.996546,-0.498082,0.142222,3.2135,-0.0349302,3.20949,-1.91029,-5.30682,-0.602396,-8.1033,-3.55227,-6.18473,
831,0,1,0.00850778,1,0.96265,-0.749602,-0.168206,0.147163,0.236075,-0.154191,0.0829337,-0.972045,-0.0975889,-0.421608,3.01554,0.214563,0.95451,-6.07229,2.26819,-1.94277,3.31506,13.0564,-11.3242,
832,0.426269,1,-0.0251166,-1,-0.549596,-0.133491,-0.180828,0.0119739,-0.00144443,0.455328,-0.0151073,-0.134293,0.0407958,-0.550565,4.02669,-0.399764,-4.31951,-3.01918,12.8402,-1.27763,17.9098,-8.25812,1.12647,
833,0.57896,-0.403372,-0.0364434,-1,-0.979052,0.0872465,-0.193406,-0.134218,0.0547632,0.660897,-0.0578077,0.0874688,-0.121695,-0.198964,3.2944,-0.106698,-2.24708,3.07602,-0.573945,-0.285975,-3.81826,-0.55959,9.0978,
834,0.23482,-0.413744,-0.0132024,-1,-0.937867,-0.394493,-0.172465,-0.0868162,0.409032,0.239285,0.0725688,-0.41711,-0.282385,0.232301,3.39201,0.405081,2.45488,6.82898,-11.7726,3.18202,-12.6023,-4.59116,6.58147,
835,0,-0.411875,0.0105211,-1,0.729841,-0.755923,-0.169541,0.0747266,0.468936,-0.190683,0.152318,-0.986632,-0.500322,0.152705,3.21475,-0.113465,3.13915,-1.87855,-5.14013,-0.319345,-8.39741,-3.77305,-6.11286,
836,0,1,0.00862347,1,0.96487,-0.74897,-0.164928,0.146698,0.226397,-0.156287,0.0806154,-0.970605,-0.106408,-0.414937,3.04998,0.122085,0.801027,-5.75553,2.57341,-1.65354,3.22028,12.9584,-11.4785,
837,0.432908,1,-0.0255654,-1,-0.569821,-0.1354,-0.181171,0.00552471,0.00634233,0.46347,-0.00894053,-0.136236,0.0413657,-0.551865,4.06137,-0.468066,-4.38966,-2.68,12.9101,-1.19669,17.8199,-7.86942,1.26821,
838,0.584158,-0.402948,-0.0368759,-1,-0.97957,0.0846849,-0.197397,-0.141699,0.0693052,0.668751,-0.0529431,0.0848882,-0.12185,-0.194979,3.30747,-0.185914,-2.24144,3.03711,-0.619225,-0.36026,-3.78087,-0.758653,9.16041,
839,0.251246,-0.413709,-0.0141654,-1,-0.935268,-0.395858,-0.179368,-0.0915434,0.419686,0.256742,0.0783249,-0.418727,-0.288279,0.234231,3.42223,0.363298,2.54504,6.79853,-11.6845,3.33953,-12.6156,-4.64217,6.48757,
840,0,-0.411843,0.0101587,-1,0.738197,-0.757083,-0.177395,0.0758306,0.480939,-0.184113,0.160114,-0.989346,-0.503552,0.149808,3.24557,-0.12006,3.2693,-1.82578,-5.42788,-0.367395,-8.4066,-3.67637,-6.1899,
841,0,1,0.00867268,1,0.96451,-0.749691,-0.172619,0.155032,0.234227,-0.157179,0.0838331,-0.972249,-0.102758,-0.418832,3.06605,0.125364,0.94968,-5.90628,2.51279,-1.74967,3.22103,13.1137,-11.4502,
842,0.430634,1,-0.0254114,-1,-0.55284,-0.131398,-0.188029,0.0167708,0.00273736,0.460675,-0.0111761,-0.132162,0.0221334,-0.550042,4.00221,-0.405548,-4.46132,-2.92693,12.9627,-1.26848,18.0779,-8.93789,1.14889,
843,0.583077,-0.405657,-0.0367857,-1,-0.978398,0.0844145,-0.200066,-0.137531,0.0620913,0.667113,-0.0558094,0.0846159,-0.146407,-0.200955,3.2622,-0.0900489,-2.41842,3.09854,-0.610138,-0.335364,-4.05687,-0.39192,9.0239,
844,0.247118,-0.413696,-0.0139226,-1,-0.93624,-0.405121,-0.17763,-0.0943602,0.424916,0.252341,0.0913015,-0.429761,-0.290393,0.226357,3.38295,0.429051,2.37604,6.78511,-11.8731,3.23723,-12.6972,-4.2255,6.52912,
845,0,-0.41188,0.00997028,-1,0.731455,-0.758973,-0.171842,0.0663967,0.484077,-0.180699,0.164931,-0.993788,-0.497295,0.145251,3.21195,-0.0348432,3.15833,-1.89829,-5.23758,-0.534702,-8.18684,-3.67229,-6.1167,
846,0,1,0.00858027,1,0.963218,-0.749276,-0.16281,0.14159,0.232727,-0.155504,0.0813256,-0.971303,-0.102423,-0.418379,3.01926,0.208379,0.874705,-5.99176,2.38092,-1.8516,3.30547,12.9548,-11.3632,
847,0.427467,1,-0.0251974,-1,-0.552393,-0.136687,-0.176143,0.00447374,0.000246405,0.456794,-0.0137217,-0.137548,0.0504611,-0.548031,4.07338,-0.441444,-4.28461,-2.9001,12.8392,-1.24219,17.7361,-7.60479,1.14579,
848,0.579866,-0.401457,-0.0365185,-1,-0.979073,0.0858245,-0.191409,-0.13809,0.0585754,0.662261,-0.0562719,0.0860362,-0.10533,-0.195697,3.33695,-0.167812,-2.15339,3.05294,-0.5787,-0.301885,-3.65633,-0.696154,9.10065,
849,0.235941,-0.413762,-0.0132678,-1,-0.936766,-0.389216,-0.173606,-0.0865214,0.410235,0.240471,0.0746939,-0.410876,-0.279157,0.234348,3.42076,0.344427,2.53443,6.76603,-11.7658,3.16556,-12.5205,-4.85988,6.53874,
850,0,-0.411851,0.0104779,-1,0.730566,-0.754814,-0.173618,0.079237,0.468786,-0.189901,0.152983,-0.98405,-0.504106,0.153764,3.24167,-0.172684,3.22438,-1.87552,-5.16148,-0.347445,-8.54256,-3.81506,-6.12045,
851,0,1,0.00852814,1,0.965208,-0.749276,-0.171705,0.155036,0.228035,-0.15456,0.0813862,-0.971303,-0.108877,-0.415036,3.08952,0.073574,0.885154,-5.68026,2.70242,-1.58353,3.16981,13.0138,-11.5015,
852,0.433907,1,-0.0256332,-1,-0.571644,-0.132204,-0.189139,0.0141934,0.00711778,0.464699,-0.00874369,-0.132982,0.0205324,-0.553369,4.01804,-0.442138,-4.49012,-2.73687,12.942,-1.20397,18.0306,-8.74917,1.28122,
853,0.585039,-0.405568,-0.0369496,-1,-0.979134,0.0830603,-0.203227,-0.140353,0.0695778,0.67009,-0.0531058,0.0832521,-0.150448,-0.198462,3.26485,-0.135437,-2.41161,3.06362,-0.630339,-0.362348,-4.04822,-0.541268,9.10904,
854,0.251995,-0.413659,-0.0142095,-1,-0.93466,-0.407453,-0.182662,-0.0945563,0.432186,0.257542,0.101842,-0.432554,-0.296666,0.228383,3.39033,0.390284,2.41525,6.63014,-11.8078,3.16543,-12.7209,-4.19028,6.47386,
855,0,-0.411856,0.0096711,-1,0.738785,-0.759887,-0.177906,0.0691398,0.488217,-0.175276,0.169561,-0.995947,-0.499035,0.14334,3.22538,-0.0455069,3.22668,-1.92224,-5.31055,-0.682087,-8.14275,-3.57271,-6.18986,
856,0,1,0.00852865,1,0.962955,-0.749636,-0.169052,0.148543,0.235173,-0.154569,0.0811977,-0.972123,-0.0983652,-0.421415,3.03003,0.203788,0.959046,-6.06868,2.19421,-1.9607,3.30903,13.0758,-11.3448,
857,0.426917,1,-0.0251603,-1,-0.550273,-0.132817,-0.181828,0.0134506,-0.000852137,0.456121,-0.014842,-0.133607,0.0376785,-0.550877,4.03065,-0.393742,-4.33108,-2.99599,12.8597,-1.24151,17.9483,-8.38264,1.13114,
858,0.579651,-0.403817,-0.0365007,-1,-0.979022,0.0872253,-0.193938,-0.133424,0.0560507,0.661937,-0.0569359,0.0874475,-0.125913,-0.199353,3.29585,-0.0957884,-2.26224,3.08057,-0.576441,-0.288416,-3.86027,-0.529854,9.09444,
859,0.234551,-0.413738,-0.0131866,-1,-0.937825,-0.396046,-0.172699,-0.0870897,0.410574,0.239,0.0745015,-0.41895,-0.283416,0.23177,3.39368,0.409811,2.43444,6.82309,-11.7752,3.17598,-12.6212,-4.52457,6.58093,
860,0,-0.411879,0.0104687,-1,0.730252,-0.756348,-0.169395,0.0737586,0.4698,-0.189732,0.153268,-0.987624,-0.499524,0.151994,3.21739,-0.10361,3.12924,-1.89317,-5.11507,-0.339703,-8.36243,-3.76043,-6.11637,
861,0,1,0.00860665,1,0.964722,-0.74896,-0.164245,0.145499,0.226392,-0.155983,0.0804364,-0.970583,-0.105704,-0.415342,3.05014,0.132143,0.795985,-5.78225,2.51747,-1.68807,3.23506,12.9529,-11.4682,
862,0.433037,1,-0.0255742,-1,-0.567062,-0.135665,-0.180054,0.00481725,0.00639557,0.463629,-0.00899013,-0.136507,0.0436993,-0.551189,4.07196,-0.464786,-4.36593,-2.67626,12.8982,-1.19349,17.7991,-7.77944,1.2486,
863,0.584045,-0.402614,-0.0368665,-1,-0.979517,0.0849209,-0.196191,-0.140994,0.0692693,0.66858,-0.0529175,0.0851259,-0.117868,-0.19489,3.31823,-0.184666,-2.21127,3.03216,-0.62263,-0.360419,-3.75144,-0.759882,9.15412,
864,0.247499,-0.41372,-0.013945,-1,-0.935501,-0.394409,-0.178596,-0.0904112,0.41919,0.252747,0.0796238,-0.417011,-0.286476,0.234557,3.42141,0.349421,2.54208,6.76799,-11.7364,3.3128,-12.5993,-4.69644,6.49615,
865,0,-0.411843,0.0101872,-1,0.737329,-0.756789,-0.177466,0.0768754,0.479189,-0.18463,0.160468,-0.988656,-0.503933,0.150654,3.24398,-0.138144,3.26852,-1.84564,-5.33079,-0.382179,-8.445,-3.70568,-6.18222,
866,0,1,0.00852882,1,0.964755,-0.749694,-0.17349,0.155958,0.233823,-0.154572,0.0841092,-0.972256,-0.10412,-0.418388,3.07609,0.114836,0.960007,-5.80592,2.69283,-1.66356,3.21184,13.0935,-11.4673,
867,0.432032,1,-0.025506,-1,-0.554186,-0.131515,-0.189166,0.0178047,0.00457775,0.462392,-0.0106293,-0.132282,0.0187197,-0.550264,3.99471,-0.402733,-4.4669,-2.90045,12.9359,-1.26565,18.0842,-9.0335,1.15824,
868,0.583533,-0.405936,-0.0368237,-1,-0.978298,0.0832288,-0.201013,-0.136974,0.0638883,0.667803,-0.0554703,0.0834218,-0.150804,-0.201431,3.2535,-0.0863851,-2.43044,3.08221,-0.626198,-0.342426,-4.09101,-0.371264,9.01285,
869,0.248076,-0.413687,-0.0139789,-1,-0.935887,-0.406978,-0.178418,-0.0943826,0.42603,0.253362,0.0920846,-0.431984,-0.291996,0.22512,3.37915,0.433477,2.3672,6.77775,-11.8649,3.2503,-12.6988,-4.16278,6.51628,
870,0,-0.411879,0.00992393,-1,0.731187,-0.75921,-0.172235,0.0660371,0.485063,-0.179859,0.165806,-0.994348,-0.496742,0.143821,3.20831,-0.0248568,3.15375,-1.9002,-5.24689,-0.540314,-8.13898,-3.64822,-6.11308,
871,0,1,0.00854683,1,0.962827,-0.749238,-0.162705,0.141439,0.233226,-0.154898,0.0818955,-0.971217,-0.101625,-0.41872,3.01544,0.21921,0.8854,-5.97899,2.43819,-1.82428,3.30778,12.9449,-11.3371,
872,0.426204,1,-0.0251122,-1,-0.551682,-0.136598,-0.175818,0.00436309,-0.00081518,0.455248,-0.0144349,-0.137457,0.0513107,-0.547852,4.0701,-0.440705,-4.2852,-2.93038,12.8216,-1.25922,17.7339,-7.58876,1.14087,
873,0.578965,-0.401347,-0.0364439,-1,-0.979082,0.0861968,-0.191108,-0.138459,0.0567933,0.660905,-0.0569428,0.0864113,-0.10419,-0.195582,3.33523,-0.168609,-2.16051,3.05435,-0.565095,-0.292377,-3.64778,-0.696128,9.10153,
874,0.23637,-0.413765,-0.0132929,-1,-0.936885,-0.388698,-0.173108,-0.0867989,0.408945,0.240926,0.0732362,-0.410265,-0.278627,0.234627,3.42038,0.349033,2.53733,6.78818,-11.7572,3.1785,-12.5199,-4.87559,6.54246,
875,0,-0.411852,0.0105101,-1,0.730458,-0.754687,-0.173008,0.0788855,0.468551,-0.190483,0.15242,-0.983757,-0.504144,0.154168,3.24093,-0.171835,3.22065,-1.8593,-5.18293,-0.33181,-8.55331,-3.82171,-6.11954,
876,0,1,0.00854745,1,0.965301,-0.749276,-0.171091,0.154379,0.228197,-0.15491,0.0814882,-0.971301,-0.109075,-0.414838,3.0881,0.0737505,0.87897,-5.67404,2.72812,-1.5698,3.16631,13.0112,-11.5079,
877,0.433886,1,-0.0256318,-1,-0.572376,-0.132649,-0.188621,0.0133789,0.00727369,0.464674,-0.00862889,-0.133436,0.0220738,-0.553431,4.0215,-0.447758,-4.48551,-2.73484,12.9444,-1.20557,18.0134,-8.6761,1.28646,
878,0.585066,-0.405363,-0.0369519,-1,-0.979191,0.083092,-0.203072,-0.140727,0.0696218,0.670131,-0.05309,0.083284,-0.148511,-0.198146,3.26849,-0.143429,-2.40052,3.05863,-0.630244,-0.36437,-4.02451,-0.565286,9.1157,
879,0.252153,-0.41366,-0.0142188,-1,-0.934629,-0.406707,-0.182878,-0.094382,0.43217,0.257711,0.101977,-0.431659,-0.296428,0.22882,3.39228,0.383129,2.42552,6.62739,-11.8081,3.16381,-12.7145,-4.22181,6.47267,
880,0,-0.411853,0.00967181,-1,0.73901,-0.759763,-0.17849,0.0698225,0.488211,-0.175289,0.169583,-0.995654,-0.499522,0.143682,3.227,-0.0531353,3.23665,-1.91966,-5.31453,-0.684088,-8.16256,-3.57526,-6.19225,
881,0,1,0.00852454,1,0.963053,-0.749681,-0.169985,0.149649,0.235397,-0.154494,0.0812561,-0.972226,-0.0985724,-0.421386,3.03265,0.197115,0.967251,-6.06665,2.19303,-1.96151,3.30341,13.0855,-11.3511,
882,0.427368,1,-0.0251907,-1,-0.550897,-0.132462,-0.182874,0.0146507,-0.000476594,0.456672,-0.0146179,-0.133245,0.0350127,-0.551204,4.02334,-0.389067,-4.34199,-2.99785,12.8677,-1.24012,17.9732,-8.49944,1.13544,
883,0.579978,-0.404171,-0.0365278,-1,-0.978977,0.0869128,-0.19463,-0.133003,0.056468,0.66243,-0.0568297,0.0871326,-0.129866,-0.199825,3.28855,-0.0876406,-2.28036,3.08286,-0.581696,-0.291653,-3.89513,-0.507487,9.08927,
884,0.235226,-0.413731,-0.013226,-1,-0.937746,-0.397531,-0.172958,-0.0874202,0.41129,0.239714,0.0747548,-0.420713,-0.284606,0.231034,3.39032,0.418806,2.42159,6.83142,-11.7751,3.18716,-12.6338,-4.4644,6.5783,
885,0,-0.411882,0.0104458,-1,0.730275,-0.756647,-0.169117,0.0728644,0.470698,-0.189318,0.153802,-0.988324,-0.498856,0.151177,3.21411,-0.0915419,3.11946,-1.89399,-5.12104,-0.339329,-8.32534,-3.74329,-6.11586,
886,0,1,0.00861492,1,0.964512,-0.748927,-0.163384,0.144349,0.226566,-0.156133,0.080567,-0.970506,-0.104972,-0.415591,3.04388,0.143049,0.791335,-5.80111,2.50285,-1.70036,3.24447,12.9461,-11.4536,
887,0.432469,1,-0.0255357,-1,-0.565701,-0.136021,-0.178902,0.00380532,0.00580312,0.46293,-0.00932011,-0.136869,0.0465568,-0.550771,4.07705,-0.466406,-4.3505,-2.68528,12.89,-1.19943,17.7729,-7.67183,1.23895,
888,0.583616,-0.402198,-0.0368306,-1,-0.979535,0.0852285,-0.195232,-0.141053,0.0684483,0.667929,-0.0531897,0.0854358,-0.113776,-0.194549,3.32429,-0.189416,-2.19027,3.03153,-0.617363,-0.356309,-3.71624,-0.77932,9.15605,
889,0.245918,-0.413728,-0.0138521,-1,-0.935649,-0.392862,-0.177995,-0.0897978,0.418093,0.251064,0.0791993,-0.415179,-0.285104,0.235178,3.42243,0.341241,2.55146,6.75324,-11.7394,3.28449,-12.5842,-4.75677,6.50105,
890,0,-0.411841,0.010225,-1,0.736919,-0.756416,-0.177385,0.077832,0.477487,-0.185316,0.15928,-0.987784,-0.504528,0.151529,3.24545,-0.150373,3.273,-1.85129,-5.31004,-0.381816,-8.48062,-3.72563,-6.17935,
891,0,1,0.00851634,1,0.964958,-0.749681,-0.174033,0.156861,0.2331,-0.154346,0.0837425,-0.972227,-0.104998,-0.417981,3.08203,0.10319,0.958565,-5.7739,2.71624,-1.63793,3.20177,13.0943,-11.4818,
892,0.432676,1,-0.0255497,-1,-0.555713,-0.1313,-0.190063,0.0184143,0.00529391,0.463184,-0.0101552,-0.132062,0.0164519,-0.550579,3.99178,-0.403871,-4.48039,-2.87778,12.9421,-1.25516,18.0995,-9.1056,1.16886,
893,0.584025,-0.40616,-0.0368648,-1,-0.978286,0.0827843,-0.201887,-0.137105,0.0651127,0.668549,-0.0550189,0.0829742,-0.154037,-0.201602,3.24887,-0.0855187,-2.44599,3.08182,-0.630607,-0.347983,-4.11918,-0.361702,9.0117,
894,0.247792,-0.413678,-0.0139622,-1,-0.935634,-0.408535,-0.179329,-0.0947378,0.428736,0.253059,0.0970295,-0.433851,-0.293428,0.224534,3.37363,0.428372,2.35377,6.72726,-11.8772,3.2087,-12.7111,-4.114,6.50852,
895,0,-0.411876,0.00981761,-1,0.73189,-0.759681,-0.173117,0.0655871,0.486362,-0.177931,0.167996,-0.99546,-0.496511,0.142804,3.20417,-0.0204397,3.1579,-1.92765,-5.22371,-0.613577,-8.10864,-3.62967,-6.11924,
896,0,1,0.00845726,1,0.962631,-0.749294,-0.163218,0.141641,0.233761,-0.153275,0.0818079,-0.971344,-0.100985,-0.419394,3.01329,0.228584,0.905609,-5.97228,2.45792,-1.82691,3.31881,12.9475,-11.324,
897,0.42576,1,-0.0250824,-1,-0.548895,-0.136463,-0.175926,0.00528767,-0.00114772,0.454707,-0.0151238,-0.137319,0.050434,-0.5474,4.06308,-0.431341,-4.27742,-2.95359,12.7953,-1.26002,17.7406,-7.65119,1.12164,
898,0.578374,-0.401515,-0.0363949,-1,-0.978937,0.086005,-0.190726,-0.137511,0.0557713,0.660015,-0.0572752,0.086218,-0.104888,-0.19616,3.3298,-0.158449,-2.1639,3.05243,-0.561814,-0.283213,-3.66071,-0.662402,9.08458,
899,0.234565,-0.413768,-0.0131875,-1,-0.937037,-0.389015,-0.172377,-0.086335,0.407912,0.239015,0.0728596,-0.410639,-0.278111,0.233877,3.41415,0.354602,2.52459,6.78301,-11.7577,3.15627,-12.5141,-4.86063,6.54767,
900,0,-0.411855,0.0105362,-1,0.729102,-0.754568,-0.172074,0.0785942,0.467149,-0.190957,0.151563,-0.983479,-0.503688,0.15399,3.23508,-0.168685,3.20437,-1.86741,-5.15226,-0.330517,-8.53995,-3.83074,-6.10675,
901,0,1,0.00855726,1,0.965192,-0.749165,-0.170074,0.153265,0.227108,-0.155087,0.080945,-0.97105,-0.109473,-0.414435,3.08237,0.0744265,0.859918,-5.67043,2.69371,-1.57691,3.16668,12.9919,-11.5007,
902,0.434023,1,-0.0256411,-1,-0.575148,-0.133156,-0.187658,0.0119836,0.00752861,0.464843,-0.00841609,-0.133951,0.0246783,-0.553823,4.02754,-0.45527,-4.47432,-2.70359,12.9415,-1.19467,17.9778,-8.53542,1.30635,
903,0.585184,-0.405037,-0.0369618,-1,-0.979374,0.0831477,-0.20262,-0.141084,0.070411,0.670311,-0.0527133,0.0833401,-0.145425,-0.197292,3.27284,-0.155168,-2.37487,3.05283,-0.628795,-0.366321,-3.98791,-0.619217,9.13734,
904,0.251876,-0.413661,-0.0142025,-1,-0.934492,-0.405507,-0.183043,-0.0938337,0.431743,0.257415,0.101619,-0.430222,-0.296301,0.229979,3.39442,0.371245,2.44194,6.61008,-11.8178,3.15418,-12.7051,-4.27233,6.46714,
905,0,-0.411849,0.00968393,-1,0.740097,-0.759538,-0.179278,0.0711047,0.48761,-0.175509,0.169302,-0.995121,-0.500333,0.144311,3.22936,-0.0663648,3.24981,-1.91612,-5.31194,-0.679034,-8.19162,-3.57375,-6.20432,
906,0,1,0.0085131,1,0.963245,-0.749737,-0.171404,0.151425,0.235453,-0.154287,0.0813517,-0.972355,-0.0985375,-0.421517,3.03784,0.18521,0.977375,-6.04983,2.207,-1.95189,3.29295,13.1073,-11.3639,
907,0.428027,1,-0.0252352,-1,-0.552279,-0.131808,-0.184574,0.016432,0.000160454,0.457478,-0.0142532,-0.132579,0.0313528,-0.552105,4.01292,-0.384062,-4.36086,-2.99493,12.8785,-1.2379,18.0167,-8.6774,1.145,
908,0.580468,-0.404678,-0.0365685,-1,-0.978984,0.0867093,-0.195902,-0.132491,0.0572309,0.663168,-0.0566356,0.0869276,-0.13581,-0.200562,3.27726,-0.0774066,-2.30956,3.08494,-0.58858,-0.296511,-3.94743,-0.481659,9.09021,
909,0.236831,-0.413719,-0.0133198,-1,-0.937723,-0.399699,-0.173604,-0.0879692,0.41248,0.241414,0.0750973,-0.42329,-0.286555,0.230219,3.38572,0.432304,2.40502,6.8479,-11.7724,3.21336,-12.6587,-4.37439,6.57824,
910,0,-0.411885,0.0104069,-1,0.730725,-0.757159,-0.168951,0.0716106,0.472444,-0.188613,0.154838,-0.989524,-0.497934,0.150173,3.20973,-0.0731959,3.10764,-1.88991,-5.14155,-0.337733,-8.27235,-3.71548,-6.11903,
911,0,1,0.00862346,1,0.964274,-0.748909,-0.162312,0.142854,0.227214,-0.156287,0.0809832,-0.970466,-0.103745,-0.416027,3.035,0.160419,0.788382,-5.82695,2.50051,-1.71123,3.25965,12.9404,-11.4369,
912,0.431268,1,-0.0254543,-1,-0.56308,-0.136416,-0.177399,0.00241802,0.0046253,0.461453,-0.0100239,-0.137272,0.0505092,-0.550058,4.08257,-0.468387,-4.3337,-2.71317,12.876,-1.21412,17.7418,-7.53438,1.22044,
913,0.582748,-0.401618,-0.0367582,-1,-0.979535,0.0858011,-0.193985,-0.141488,0.0666364,0.666614,-0.0538233,0.0860125,-0.10803,-0.19416,3.33191,-0.195667,-2.16972,3.03222,-0.606248,-0.347523,-3.66918,-0.798477,9.15587,
914,0.244472,-0.41374,-0.0137672,-1,-0.93592,-0.390657,-0.177063,-0.0893649,0.416257,0.249525,0.0779911,-0.412575,-0.283001,0.235978,3.42471,0.334062,2.56491,6.75024,-11.7403,3.26416,-12.5647,-4.84105,6.51015,
915,0,-0.411838,0.0102848,-1,0.736179,-0.755905,-0.177013,0.0787038,0.475616,-0.186399,0.157856,-0.986591,-0.505288,0.152814,3.24758,-0.164403,3.27827,-1.84819,-5.29834,-0.373242,-8.53255,-3.75638,-6.17316,
916,0,1,0.00851863,1,0.965251,-0.749677,-0.174391,0.157586,0.232445,-0.154387,0.0833799,-0.972216,-0.10631,-0.417335,3.08834,0.0894057,0.954291,-5.74065,2.74673,-1.61012,3.18851,13.093,-11.5026,
917,0.433403,1,-0.025599,-1,-0.558516,-0.131278,-0.19089,0.0187559,0.00614527,0.464079,-0.00960384,-0.13204,0.0145312,-0.551203,3.99064,-0.408272,-4.49317,-2.85303,12.9522,-1.24399,18.1087,-9.1502,1.18843,
918,0.584607,-0.406313,-0.0369135,-1,-0.978345,0.0823232,-0.202885,-0.137356,0.0664642,0.669433,-0.0545183,0.08251,-0.157012,-0.201606,3.24606,-0.0888018,-2.45739,3.07943,-0.636122,-0.354728,-4.13918,-0.367096,9.01841,
919,0.248422,-0.413668,-0.0139992,-1,-0.935325,-0.409928,-0.180511,-0.0949808,0.431283,0.25373,0.101127,-0.435525,-0.295121,0.224221,3.37191,0.422922,2.34999,6.71176,-11.8215,3.21367,-12.7213,-4.07346,6.49859,
920,0,-0.411873,0.00971879,-1,0.732962,-0.760097,-0.174329,0.0654994,0.487828,-0.17614,0.169797,-0.996444,-0.496445,0.141886,3.20247,-0.017472,3.16603,-1.94627,-5.22255,-0.672305,-8.08037,-3.60559,-6.1291,
921,0,1,0.00846856,1,0.962413,-0.749357,-0.164185,0.142281,0.234024,-0.15348,0.081211,-0.971487,-0.100028,-0.420088,3.00622,0.230564,0.912873,-6.04715,2.26918,-1.93198,3.32996,12.9704,-11.3097,
922,0.425236,1,-0.0250471,-1,-0.54733,-0.135784,-0.176635,0.00635293,-0.0020284,0.454067,-0.0158344,-0.136628,0.0489807,-0.547503,4.05539,-0.422557,-4.28102,-2.97517,12.7992,-1.25176,17.7674,-7.75621,1.11087,
923,0.5781,-0.40187,-0.0363722,-1,-0.978892,0.0862883,-0.190882,-0.13696,0.0548044,0.659604,-0.0574197,0.0865034,-0.107034,-0.196712,3.3228,-0.146032,-2.17772,3.06454,-0.55628,-0.272726,-3.68876,-0.631095,9.07933,
924,0.234006,-0.413768,-0.0131548,-1,-0.93725,-0.389768,-0.171932,-0.0864439,0.40754,0.238424,0.0724978,-0.411526,-0.278214,0.233479,3.40853,0.365765,2.51125,6.79414,-11.7608,3.15256,-12.5253,-4.82399,6.55583,
925,0,-0.41186,0.0105558,-1,0.728733,-0.754716,-0.171122,0.0777447,0.466885,-0.191311,0.151215,-0.983823,-0.503062,0.153871,3.22958,-0.158817,3.18885,-1.8713,-5.14432,-0.328189,-8.51928,-3.83078,-6.10319,
926,0,1,0.00858382,1,0.965144,-0.749097,-0.168688,0.151634,0.22653,-0.155569,0.0805847,-0.970895,-0.109305,-0.414339,3.07464,0.081776,0.841313,-5.68598,2.65903,-1.59289,3.1759,12.9804,-11.4976,
927,0.434,1,-0.0256396,-1,-0.575262,-0.133813,-0.186102,0.0102604,0.00749113,0.464815,-0.00834046,-0.13462,0.0286683,-0.553622,4.0365,-0.461309,-4.45443,-2.68427,12.9385,-1.18853,17.9345,-8.35706,1.30716,
928,0.585157,-0.40455,-0.0369595,-1,-0.979476,0.0833915,-0.201526,-0.141296,0.0706947,0.670269,-0.0525256,0.0835856,-0.139932,-0.19656,3.28124,-0.165956,-2.33931,3.04817,-0.627837,-0.367215,-3.93554,-0.665153,9.14944,
929,0.25024,-0.41367,-0.0141062,-1,-0.934534,-0.403491,-0.182851,-0.0934274,0.431889,0.255669,0.102767,-0.427812,-0.294829,0.231163,3.39222,0.352237,2.45455,6.6293,-11.8154,3.18248,-12.6918,-4.35827,6.46885,
930,0,-0.411847,0.00969383,-1,0.740597,-0.759341,-0.180153,0.0722147,0.487443,-0.175688,0.170068,-0.994656,-0.501352,0.145405,3.22419,-0.0883914,3.26529,-1.92687,-5.27001,-0.696834,-8.2518,-3.59516,-6.20978,
931,0,1,0.00844616,1,0.963596,-0.749868,-0.173225,0.153113,0.235847,-0.153074,0.0815348,-0.972652,-0.0995439,-0.421469,3.03683,0.168193,0.989686,-6.037,2.20712,-1.96335,3.28639,13.1223,-11.3872,
932,0.429491,1,-0.0253341,-1,-0.553724,-0.131625,-0.186739,0.018433,0.00162943,0.459273,-0.013696,-0.132394,0.0262882,-0.552969,3.99388,-0.377911,-4.37462,-2.98736,12.8788,-1.2334,18.0446,-8.88067,1.15502,
933,0.581225,-0.405237,-0.0366314,-1,-0.978891,0.0853944,-0.197578,-0.131562,0.0587189,0.664311,-0.0563148,0.0856029,-0.143323,-0.201684,3.25844,-0.0663647,-2.33533,3.0807,-0.606555,-0.304348,-4.00888,-0.447403,9.0796,
934,0.238362,-0.413704,-0.0134093,-1,-0.937472,-0.402686,-0.174661,-0.0880761,0.413908,0.243036,0.0754956,-0.42685,-0.289183,0.228429,3.37593,0.446018,2.38773,6.8554,-11.772,3.23516,-12.6716,-4.26413,6.56933,
935,0,-0.411885,0.0103619,-1,0.730355,-0.75763,-0.169122,0.0707144,0.474163,-0.187797,0.155944,-0.990627,-0.496895,0.148292,3.19945,-0.0527852,3.09431,-1.8902,-5.15757,-0.334718,-8.19557,-3.67687,-6.11378,
936,0,1,0.00863649,1,0.963752,-0.74883,-0.161513,0.141824,0.227605,-0.156524,0.0813946,-0.970286,-0.102345,-0.416438,3.0199,0.17851,0.787895,-5.85659,2.48727,-1.72721,3.27145,12.9291,-11.4012,
937,0.430062,1,-0.0253727,-1,-0.5619,-0.136683,-0.176105,0.00156786,0.00327973,0.459973,-0.010745,-0.137544,0.0536961,-0.549665,4.08052,-0.467697,-4.31861,-2.7382,12.8646,-1.22893,17.7117,-7.43049,1.21212,
938,0.58192,-0.401162,-0.0366892,-1,-0.97957,0.0861797,-0.192776,-0.141516,0.064883,0.665361,-0.0544502,0.086394,-0.103911,-0.193739,3.33205,-0.198219,-2.15225,3.03721,-0.594163,-0.337874,-3.63379,-0.823624,9.15988,
939,0.242678,-0.413748,-0.013662,-1,-0.936075,-0.389092,-0.176035,-0.0888185,0.414369,0.247617,0.0765897,-0.41073,-0.281691,0.236711,3.42081,0.329603,2.57193,6.74087,-11.7406,3.23122,-12.5502,-4.90072,6.51476,
940,0,-0.411836,0.0103401,-1,0.73586,-0.755491,-0.176373,0.0793374,0.473489,-0.187401,0.156145,-0.985625,-0.50583,0.153744,3.24427,-0.174605,3.27625,-1.84838,-5.27946,-0.360473,-8.56579,-3.77389,-6.1716,
941,0,1,0.00852356,1,0.965454,-0.749638,-0.174313,0.157792,0.231485,-0.154477,0.0829354,-0.972128,-0.107045,-0.416906,3.08859,0.0784191,0.943892,-5.71015,2.7593,-1.58584,3.17817,13.0946,-11.5174,
942,0.433807,1,-0.0256265,-1,-0.560284,-0.131397,-0.191259,0.0184491,0.00674641,0.464577,-0.0091546,-0.132161,0.0141369,-0.551564,3.98886,-0.41562,-4.50291,-2.82437,12.9587,-1.23299,18.1061,-9.1466,1.20081,
943,0.585011,-0.40635,-0.0369473,-1,-0.978398,0.0819894,-0.203622,-0.138022,0.0676481,0.670047,-0.0540415,0.0821739,-0.157913,-0.20149,3.24228,-0.0965367,-2.4631,3.07697,-0.63652,-0.359577,-4.14419,-0.381306,9.02456,
944,0.25037,-0.413662,-0.0141138,-1,-0.935121,-0.410433,-0.181348,-0.0950825,0.431712,0.255807,0.100986,-0.436132,-0.296115,0.22413,3.37389,0.422386,2.35993,6.66461,-11.8376,3.16796,-12.7211,-4.06368,6.49109,
945,0,-0.411868,0.00968649,-1,0.733452,-0.760103,-0.175019,0.0659575,0.488124,-0.175555,0.169437,-0.996458,-0.496697,0.141428,3.20782,-0.0136415,3.17628,-1.93526,-5.26836,-0.667365,-8.0635,-3.58999,-6.13394,
946,0,1,0.0085191,1,0.96227,-0.749352,-0.164731,0.143303,0.23415,-0.154396,0.0811144,-0.971476,-0.0994182,-0.420319,3.00939,0.232111,0.922086,-6.06252,2.24038,-1.93724,3.32616,12.9858,-11.3002,
947,0.424948,1,-0.0250277,-1,-0.54739,-0.135178,-0.177054,0.00751277,-0.00249547,0.453716,-0.0158467,-0.136011,0.0476575,-0.547725,4.05334,-0.416108,-4.28871,-2.9858,12.8172,-1.25134,17.7966,-7.84324,1.11129,
948,0.578176,-0.40216,-0.0363785,-1,-0.978899,0.0867058,-0.190863,-0.13635,0.054409,0.659719,-0.0574455,0.0869241,-0.109298,-0.196927,3.32072,-0.135867,-2.19058,3.07324,-0.551873,-0.27271,-3.71235,-0.614524,9.08012,
949,0.23331,-0.413765,-0.0131142,-1,-0.937366,-0.390454,-0.171518,-0.0866368,0.407636,0.237687,0.0726947,-0.412336,-0.278614,0.233422,3.40649,0.372684,2.49506,6.79696,-11.7638,3.14341,-12.5406,-4.78503,6.56051,
950,0,-0.411864,0.0105493,-1,0.729004,-0.754927,-0.170354,0.0768275,0.466794,-0.191194,0.151157,-0.984314,-0.502472,0.153787,3.22839,-0.151347,3.17531,-1.87796,-5.12589,-0.329356,-8.50186,-3.82569,-6.10604,
951,0,1,0.00858578,1,0.965135,-0.749067,-0.167555,0.150096,0.226172,-0.155604,0.0803353,-0.970826,-0.108895,-0.414454,3.07186,0.0884077,0.827355,-5.69985,2.62057,-1.61302,3.18567,12.9747,-11.4971,
952,0.434113,1,-0.0256473,-1,-0.573757,-0.13436,-0.184766,0.00882922,0.007667,0.464954,-0.00825605,-0.135178,0.0320379,-0.553135,4.04732,-0.464827,-4.43357,-2.66903,12.9307,-1.18359,17.9016,-8.21486,1.29636,
953,0.585133,-0.404122,-0.0369575,-1,-0.979493,0.0836197,-0.200496,-0.141284,0.0709873,0.670233,-0.052372,0.0838154,-0.134889,-0.19616,3.29151,-0.173259,-2.30654,3.04108,-0.629268,-0.368607,-3.8917,-0.689924,9.15139,
954,0.251198,-0.413682,-0.0141625,-1,-0.934736,-0.401206,-0.182166,-0.0929547,0.429044,0.256691,0.0964183,-0.425085,-0.292875,0.23198,3.40237,0.351782,2.47784,6.67599,-11.8603,3.23105,-12.6714,-4.43665,6.47434,
955,0,-0.411847,0.00982009,-1,0.739837,-0.758719,-0.179783,0.073305,0.486484,-0.177976,0.168009,-0.99319,-0.501953,0.146666,3.23279,-0.0992144,3.27096,-1.88931,-5.30204,-0.596533,-8.30172,-3.62076,-6.20252,
956,0,1,0.00844935,1,0.963896,-0.749856,-0.173495,0.154055,0.236299,-0.153132,0.0829156,-0.972626,-0.100621,-0.420715,3.05122,0.158692,0.994947,-5.95484,2.44269,-1.83424,3.26522,13.1096,-11.4073,
957,0.428811,1,-0.0252881,-1,-0.55276,-0.131329,-0.187626,0.0181311,0.00115863,0.458439,-0.0137199,-0.132092,0.023975,-0.55188,3.9929,-0.386371,-4.41495,-3.00775,12.8821,-1.26191,18.0693,-8.94151,1.14833,
958,0.580899,-0.405459,-0.0366043,-1,-0.978691,0.085275,-0.198855,-0.13433,0.0580002,0.663818,-0.0568965,0.0854826,-0.145235,-0.201614,3.25787,-0.0741607,-2.3879,3.08735,-0.598912,-0.303395,-4.03403,-0.407602,9.05659,
959,0.245333,-0.413702,-0.0138177,-1,-0.937158,-0.403552,-0.175332,-0.0911197,0.414494,0.25044,0.073206,-0.427884,-0.289446,0.227569,3.39059,0.466053,2.40247,6.92871,-11.6972,3.32589,-12.6804,-4.24332,6.55733,
960,0,-0.411885,0.0103272,-1,0.730185,-0.757867,-0.168677,0.0683923,0.477845,-0.187168,0.156454,-0.991185,-0.496654,0.147339,3.21313,-0.0295275,3.10823,-1.84299,-5.3297,-0.309929,-8.18013,-3.67252,-6.1089,
961,0,1,0.00872117,1,0.963531,-0.748916,-0.159963,0.140302,0.230076,-0.158058,0.0825946,-0.970482,-0.102098,-0.416692,3.02606,0.200915,0.808456,-5.88106,2.60251,-1.67792,3.27397,12.9234,-11.3853,
962,0.427387,1,-0.025192,-1,-0.560656,-0.137192,-0.174225,0.000266524,0.000743562,0.456695,-0.0119497,-0.138063,0.0578736,-0.549229,4.09868,-0.474616,-4.30584,-2.82369,12.8661,-1.2655,17.6926,-7.26817,1.20338,
963,0.580371,-0.400296,-0.0365604,-1,-0.979663,0.0874902,-0.191449,-0.142186,0.0605722,0.663021,-0.0558741,0.0877145,-0.0976752,-0.193044,3.35571,-0.210108,-2.13881,3.04315,-0.569655,-0.325039,-3.5702,-0.847429,9.17043,
964,0.241938,-0.413761,-0.0136186,-1,-0.936503,-0.386105,-0.175032,-0.0885042,0.411613,0.246831,0.0743664,-0.407214,-0.279318,0.23823,3.43935,0.322303,2.58788,6.7844,-11.7402,3.24432,-12.5351,-4.98835,6.52943,
965,0,-0.411836,0.0104188,-1,0.735515,-0.754891,-0.176067,0.0801111,0.472357,-0.188828,0.155035,-0.98423,-0.506436,0.155753,3.26048,-0.192448,3.28227,-1.82431,-5.28193,-0.336687,-8.63743,-3.80649,-6.16893,
966,0,1,0.0085233,1,0.965929,-0.749704,-0.174897,0.158442,0.23177,-0.154472,0.0830683,-0.972279,-0.108298,-0.416093,3.10764,0.0617699,0.940535,-5.68434,2.79969,-1.56266,3.1603,13.0922,-11.5511,
967,0.434795,1,-0.0256936,-1,-0.563801,-0.131274,-0.192381,0.0187218,0.00796461,0.465795,-0.00846628,-0.132036,0.0117624,-0.552373,3.99744,-0.419964,-4.51747,-2.81469,12.9695,-1.22943,18.131,-9.20931,1.22556,
968,0.585644,-0.406502,-0.0370003,-1,-0.978492,0.0819284,-0.20491,-0.138465,0.0688124,0.67101,-0.0537054,0.0821125,-0.161553,-0.201439,3.24953,-0.099479,-2.47771,3.069,-0.649286,-0.370133,-4.16497,-0.38353,9.03534,
969,0.252422,-0.413651,-0.0142346,-1,-0.934892,-0.411681,-0.182651,-0.0955946,0.433884,0.257998,0.103141,-0.437634,-0.297891,0.224064,3.38327,0.422846,2.36069,6.6674,-11.8186,3.18628,-12.7401,-4.01165,6.48403,
970,0,-0.411866,0.00962223,-1,0.734711,-0.760526,-0.176099,0.0657387,0.490201,-0.17439,0.170935,-0.997461,-0.496401,0.140756,3.21699,-0.00653397,3.18552,-1.93992,-5.30223,-0.696755,-8.0371,-3.56322,-6.14527,
971,0,1,0.00854301,1,0.962126,-0.749432,-0.165391,0.143824,0.234998,-0.154829,0.0811652,-0.971659,-0.0982498,-0.420939,3.01359,0.238593,0.933382,-6.12106,2.14204,-1.99961,3.33648,13.0029,-11.2905,
972,0.425065,1,-0.0250356,-1,-0.547186,-0.134574,-0.177269,0.00882342,-0.00273933,0.453858,-0.0159494,-0.135396,0.0469861,-0.548332,4.05657,-0.404317,-4.27864,-3.00706,12.8251,-1.25231,17.8254,-7.91904,1.10989,
973,0.578211,-0.40233,-0.0363814,-1,-0.978974,0.0874406,-0.190387,-0.134625,0.0538138,0.659771,-0.0576003,0.0876644,-0.11082,-0.197275,3.32481,-0.12048,-2.18422,3.07702,-0.557423,-0.273237,-3.72643,-0.601365,9.08866,
974,0.229745,-0.413765,-0.0129064,-1,-0.93773,-0.390599,-0.170748,-0.0856276,0.407137,0.233921,0.0733878,-0.412506,-0.278579,0.233741,3.405,0.374808,2.47367,6.78051,-11.7779,3.10751,-12.5523,-4.75232,6.5746,
975,0,-0.41187,0.0105693,-1,0.729055,-0.75498,-0.169564,0.0768066,0.465008,-0.191556,0.150644,-0.984437,-0.501811,0.154319,3.22756,-0.151477,3.15523,-1.90408,-5.04719,-0.339854,-8.49379,-3.82748,-6.10805,
976,0,1,0.00860046,1,0.965237,-0.748984,-0.166799,0.148978,0.224403,-0.15587,0.0791513,-0.970637,-0.108688,-0.414265,3.07012,0.085055,0.796061,-5.7352,2.45716,-1.69603,3.19529,12.97,-11.505,
977,0.438057,1,-0.0259157,-1,-0.573902,-0.135228,-0.183503,0.00883635,0.0112481,0.469824,-0.00598297,-0.136061,0.0335549,-0.553052,4.05909,-0.453898,-4.38078,-2.56488,12.9466,-1.14116,17.8576,-8.12902,1.29747,
978,0.587465,-0.403897,-0.0371532,-1,-0.979454,0.0824934,-0.198645,-0.137567,0.0763128,0.673787,-0.0504768,0.0826813,-0.133036,-0.196124,3.29942,-0.161568,-2.2236,3.01824,-0.673747,-0.40049,-3.86963,-0.723282,9.1475,
979,0.246099,-0.413685,-0.0138627,-1,-0.934641,-0.400364,-0.180804,-0.0892471,0.424582,0.251256,0.085164,-0.424082,-0.292233,0.231931,3.4073,0.352529,2.49481,6.68975,-11.7602,3.26017,-12.6323,-4.471,6.46732,
980,0,-0.411846,0.0100212,-1,0.73835,-0.757889,-0.178863,0.076481,0.480677,-0.181621,0.162678,-0.991237,-0.501954,0.14689,3.23332,-0.114004,3.24715,-1.91112,-5.24652,-0.434581,-8.29448,-3.62159,-6.19173,
981,0,1,0.00844663,1,0.963796,-0.749554,-0.173622,0.155646,0.232969,-0.153082,0.0839561,-0.971936,-0.100858,-0.419901,3.06368,0.138372,0.965562,-5.84447,2.57612,-1.71951,3.24145,13.0885,-11.402,
982,0.430312,1,-0.0253896,-1,-0.552294,-0.130497,-0.188467,0.0180263,0.0026087,0.46028,-0.01187,-0.131246,0.021291,-0.550627,3.99203,-0.39194,-4.45281,-2.918,12.8962,-1.27346,18.0924,-9.01464,1.14511,
983,0.582122,-0.405871,-0.036706,-1,-0.978478,0.0847663,-0.199813,-0.136266,0.0617,0.665666,-0.05615,0.0849702,-0.148026,-0.201319,3.25012,-0.0762055,-2.42365,3.0913,-0.606039,-0.324439,-4.08229,-0.37639,9.03284,
984,0.247552,-0.413697,-0.0139481,-1,-0.936536,-0.405518,-0.176566,-0.0938856,0.42109,0.252803,0.0835714,-0.430235,-0.290373,0.226562,3.37895,0.453023,2.37746,6.85004,-11.7871,3.30697,-12.704,-4.20163,6.53779,
985,0,-0.411883,0.0100947,-1,0.731414,-0.758817,-0.169938,0.0659233,0.482411,-0.182955,0.162162,-0.993421,-0.496616,0.145582,3.20621,-0.0219385,3.12986,-1.86654,-5.29169,-0.433924,-8.16129,-3.66853,-6.11771,
986,0,1,0.00863779,1,0.963256,-0.749135,-0.160495,0.139502,0.232191,-0.156547,0.0822982,-0.970981,-0.101886,-0.418057,3.01301,0.216246,0.844134,-5.95008,2.49498,-1.77598,3.30195,12.9392,-11.366,
987,0.426506,1,-0.0251326,-1,-0.553082,-0.137632,-0.174044,0.00123211,-0.000178702,0.455618,-0.0134932,-0.138511,0.0570669,-0.547818,4.08708,-0.461572,-4.27756,-2.88746,12.8376,-1.26455,17.6798,-7.32574,1.15056,
988,0.579424,-0.400357,-0.0364818,-1,-0.979277,0.0865522,-0.190609,-0.140352,0.0581377,0.661595,-0.056579,0.0867693,-0.0967224,-0.194406,3.34995,-0.196513,-2.12661,3.04391,-0.565475,-0.304916,-3.57435,-0.775861,9.1244,
989,0.237929,-0.413772,-0.013384,-1,-0.93682,-0.385977,-0.173852,-0.086841,0.409327,0.242578,0.0734118,-0.407064,-0.277373,0.236307,3.43071,0.32602,2.57547,6.77243,-11.7541,3.18737,-12.5004,-4.99623,6.54018,
990,0,-0.41184,0.0104998,-1,0.731497,-0.754313,-0.174895,0.0808243,0.469013,-0.190296,0.152772,-0.982888,-0.505943,0.155498,3.25098,-0.195341,3.2598,-1.84639,-5.21841,-0.333973,-8.62791,-3.8386,-6.12989,
991,0,1,0.00852379,1,0.96569,-0.749463,-0.17403,0.157965,0.229406,-0.154481,0.0820401,-0.971728,-0.109979,-0.414815,3.10254,0.0550576,0.914623,-5.64952,2.79135,-1.542,3.14859,13.0444,-11.535,
992,0.434853,1,-0.0256975,-1,-0.572622,-0.131549,-0.19191,0.0173401,0.00809401,0.465865,-0.00821624,-0.132316,0.0132574,-0.553984,4.00113,-0.433071,-4.52112,-2.76027,12.9652,-1.21007,18.0958,-9.06058,1.28824,
993,0.585775,-0.406292,-0.0370113,-1,-0.978946,0.081994,-0.205248,-0.139461,0.0701377,0.67121,-0.0530778,0.0821785,-0.160904,-0.199842,3.24953,-0.1177,-2.46405,3.06712,-0.643158,-0.37077,-4.13823,-0.474689,9.08737,
994,0.254114,-0.413639,-0.0143343,-1,-0.934352,-0.411629,-0.183992,-0.0959523,0.435972,0.259806,0.105728,-0.43757,-0.299826,0.226066,3.37722,0.404806,2.37606,6.62276,-11.8257,3.11836,-12.7577,-4.03042,6.46511,
995,0,-0.411858,0.00952642,-1,0.738773,-0.760885,-0.178065,0.0665393,0.491797,-0.172654,0.171794,-0.998313,-0.497414,0.140833,3.21364,-0.016009,3.21163,-1.94247,-5.33119,-0.729202,-8.04772,-3.52993,-6.18663,
996,0,1,0.00849086,1,0.962329,-0.749654,-0.167629,0.146104,0.236464,-0.153884,0.081618,-0.972164,-0.0967121,-0.422302,3.01209,0.235121,0.96798,-6.11579,2.16556,-1.98207,3.33787,13.0579,-11.3031,
997,0.424643,1,-0.0250072,-1,-0.550254,-0.133504,-0.179578,0.011863,-0.00288784,0.453343,-0.016189,-0.134306,0.0438916,-0.551382,4.03558,-0.394985,-4.2916,-3.05164,12.8213,-1.26224,17.8964,-8.16278,1.13101,
998,0.577861,-0.402949,-0.0363524,-1,-0.979297,0.0883421,-0.192051,-0.13284,0.0524494,0.659245,-0.058043,0.088573,-0.118136,-0.198613,3.30475,-0.104998,-2.21675,3.07512,-0.555657,-0.272887,-3.78013,-0.593463,9.12626,
999,0.230573,-0.41375,-0.0129546,-1,-0.938348,-0.392648,-0.1714,-0.0849954,0.406694,0.234795,0.0722413,-0.414926,-0.281228,0.233921,3.39316,0.395547,2.4531,6.81343,-11.7809,3.1254,-12.5975,-4.63653,6.59902,
